cik,filingDate,issuerTradingSymbol,reportingOwnerName,reportingOwnerRelationship,accessionNumber,transactionDate,transactionCode,transactionShares,transactionPricePerShare,sharesOwnedFollowingTransaction,directOrIndirectOwnership,transactionType,securityTitle,underlyingSecurityTitle,underlyingSecurityShares,exercisePrice,expirationDate
1037868,2015-12-23,AME,McClain Gretchen W,,0001127602-15-034824,2015-12-23,J,40,55.963,587,D,,,,,,
1037868,2015-12-31,AME,MANDOS ROBERT R,,0001127602-15-035127,2015-12-31,J,807,54.584,21981,D,,,,,,
1037868,2015-12-31,AME,ZAPICO DAVID A,,0001127602-15-035130,2015-12-31,J,1319,54.584,44244,D,,,,,,
1037868,2015-12-31,AME,Oscher Ronald J,,0001127602-15-035129,2015-12-31,J,787,54.584,3252,D,,,,,,
1037868,2015-12-31,AME,Marecic Thomas C,,0001127602-15-035128,2015-12-31,J,280,54.584,6518,D,,,,,,
1037868,2015-12-31,AME,Burke William Joseph,,0001127602-15-035122,2015-12-10,G,100,0.0,49129,D,,,,,,
1037868,2015-12-31,AME,McClain Gretchen W,,0001127602-15-035131,2015-12-31,J,3,54.584,590,D,,,,,,
1037868,2015-12-31,AME,HERMANCE FRANK S,,0001127602-15-035125,2015-12-31,J,4762,54.584,374602,D,,,,,,
1037868,2015-12-31,AME,Hardin John Wesley,,0001127602-15-035124,2015-12-31,J,1240,54.584,17446,D,,,,,,
1037868,2015-12-31,AME,EGINTON WILLIAM D,,0001127602-15-035123,2015-12-31,J,405,54.584,19626,D,,,,,,
1037868,2015-12-31,AME,Burke William Joseph,,0001127602-15-035122,2015-12-31,J,301,54.584,8488,D,,,,,,
1037868,2015-12-31,AME,Jones Timothy N,,0001127602-15-035126,2015-12-31,J,619,54.584,26390,D,,,,,,
1037868,2016-02-04,AME,HERMANCE FRANK S,,0001127602-16-039537,2016-02-03,J,3650,54.584,378252,D,,,,,,
1037868,2016-02-04,AME,Marecic Thomas C,,0001127602-16-039449,2016-02-03,J,347,54.584,6865,D,,,,,,
1037868,2016-02-04,AME,Jones Timothy N,,0001127602-16-039446,2016-02-03,J,527,54.584,26917,D,,,,,,
1037868,2016-02-04,AME,ZAPICO DAVID A,,0001127602-16-039442,2016-02-03,J,1358,54.584,45602,D,,,,,,
1037868,2016-02-04,AME,MANDOS ROBERT R,,0001127602-16-039441,2016-02-03,J,811,54.584,22792,D,,,,,,
1037868,2016-02-04,AME,EGINTON WILLIAM D,,0001127602-16-039435,2016-02-03,J,558,54.584,20184,D,,,,,,
1037868,2016-02-04,AME,Burke William Joseph,,0001127602-16-039432,2016-02-03,J,445,54.584,8933,D,,,,,,
1037868,2016-02-10,AME,KLEIN CHARLES D,,0001127602-16-040402,2016-02-10,M,8820,14.5378,153231,D,,,,,,
1037868,2016-02-10,AME,KLEIN CHARLES D,,0001127602-16-040402,2016-02-10,S,16402,45.8984,144411,D,,,,,,
1037868,2016-02-18,AME,HERMANCE FRANK S,,0001127602-16-042145,2016-02-17,M,38462,14.5378,2138958,D,,,,,,
1037868,2016-02-18,AME,HERMANCE FRANK S,,0001127602-16-042145,2016-02-17,S,24000,46.0098,2114958,D,,,,,,
1037868,2016-02-23,AME,Kohlhagen Steven W,,0001127602-16-042922,2016-02-22,S,1000,46.407,63548,D,,,,,,
1037868,2016-02-25,AME,Kohlhagen Steven W,,0001127602-16-043317,2016-02-24,S,1000,45.07,62548,D,,,,,,
1037868,2016-02-29,AME,Kohlhagen Steven W,,0001127602-16-043853,2016-02-26,S,1000,46.435,61548,D,,,,,,
1037868,2016-03-02,AME,Kohlhagen Steven W,,0001127602-16-044509,2016-03-01,S,1000,46.771,60548,D,,,,,,
1037868,2016-03-03,AME,Kohlhagen Steven W,,0001127602-16-044802,2016-03-02,S,1000,47.66,59548,D,,,,,,
1037868,2016-03-07,AME,Kohlhagen Steven W,,0001127602-16-045237,2016-03-04,S,1000,48.36,58548,D,,,,,,
1037868,2016-03-08,AME,Kohlhagen Steven W,,0001127602-16-045487,2016-03-07,S,1000,48.15,57548,D,,,,,,
1037868,2016-03-10,AME,Kohlhagen Steven W,,0001127602-16-045921,2016-03-09,S,1000,47.817,56548,D,,,,,,
1037868,2016-03-14,AME,Kohlhagen Steven W,,0001127602-16-046233,2016-03-11,S,1500,47.77,55048,D,,,,,,
1037868,2016-03-15,AME,Hardin John Wesley,,0001127602-16-046339,2016-03-15,J,291,0.0,46701,D,,,,,,
1037868,2016-03-15,AME,WILLIAMS DENNIS K,,0001127602-16-046327,2016-03-14,M,8820,14.5378,29057,D,,,,,,
1037868,2016-03-15,AME,WILLIAMS DENNIS K,,0001127602-16-046327,2016-03-14,S,8820,48.4638,20237,D,,,,,,
1037868,2016-03-23,AME,McClain Gretchen W,,0001127602-16-047237,2016-03-23,J,196,46.05,786,D,,,,,,
1037868,2016-04-06,AME,KLEIN CHARLES D,,0001127602-16-048935,2016-04-05,G,20000,0.0,124411,D,,,,,,
1037868,2016-04-06,AME,KLEIN CHARLES D,,0001127602-16-048935,2016-04-05,S,20000,48.9044,0,I,,,,,,
1037868,2016-05-04,AME,Marecic Thomas C,,0001127602-16-051068,2016-05-02,J,7,0.0,2860,I,,,,,,
1037868,2016-05-04,AME,Marecic Thomas C,,0001127602-16-051068,2016-05-02,F,1265,48.46,17416,D,,,,,,
1037868,2016-05-04,AME,MANDOS ROBERT R,,0001127602-16-051062,2016-05-02,F,636,48.46,103358,D,,,,,,
1037868,2016-05-04,AME,Oscher Ronald J,,0001127602-16-051076,2016-05-02,F,1571,48.46,16045,D,,,,,,
1037868,2016-05-04,AME,Jones Timothy N,,0001127602-16-051057,2016-03-07,G,3480,0.0,48807,D,,,,,,
1037868,2016-05-04,AME,Oscher Ronald J,,0001127602-16-051076,2016-05-02,J,3,0.0,859,I,,,,,,
1037868,2016-05-04,AME,ZAPICO DAVID A,,0001127602-16-051079,2016-05-02,F,2681,48.46,115989,D,,,,,,
1037868,2016-05-04,AME,Hardin John Wesley,,0001127602-16-051045,2016-05-02,F,2655,48.46,44046,D,,,,,,
1037868,2016-05-04,AME,EGINTON WILLIAM D,,0001127602-16-051037,2016-05-02,F,1405,48.46,35328,D,,,,,,
1037868,2016-05-04,AME,Burke William Joseph,,0001127602-16-051029,2016-05-02,F,1384,48.46,47745,D,,,,,,
1037868,2016-05-04,AME,EGINTON WILLIAM D,,0001127602-16-051037,2016-05-02,J,13,0.0,4903,I,,,,,,
1037868,2016-05-04,AME,HERMANCE FRANK S,,0001127602-16-051046,2016-05-02,F,6036,48.46,2108922,D,,,,,,
1037868,2016-05-04,AME,Hardin John Wesley,,0001127602-16-051045,2016-05-02,J,1,0.0,493,I,,,,,,
1037868,2016-05-04,AME,Jones Timothy N,,0001127602-16-051057,2016-05-02,F,665,48.46,48142,D,,,,,,
1037868,2016-05-05,AME,Kohlhagen Steven W,,0001127602-16-051189,2016-05-04,A,1260,46.96,56308,D,,,,,,
1037868,2016-05-05,AME,MALONE JAMES R,,0001127602-16-051190,2016-05-04,A,1260,46.96,4900,D,,,,,,
1037868,2016-05-05,AME,McClain Gretchen W,,0001127602-16-051191,2016-05-04,A,1260,46.96,3200,D,,,,,,
1037868,2016-05-05,AME,VARET ELIZEBETH R,,0001127602-16-051192,2016-05-04,A,1260,46.96,123840,D,,,,,,
1037868,2016-05-05,AME,EGINTON WILLIAM D,,0001127602-16-051228,2016-05-04,A,4364,46.96,39692,D,,,,,,
1037868,2016-05-05,AME,Hardin John Wesley,,0001127602-16-051229,2016-05-04,A,7100,46.96,51146,D,,,,,,
1037868,2016-05-05,AME,Conti Anthony James,,0001127602-16-051188,2016-05-04,A,1260,46.96,10368,D,,,,,,
1037868,2016-05-05,AME,ZAPICO DAVID A,,0001127602-16-051248,2016-05-04,A,31450,46.96,147438,D,,,,,,
1037868,2016-05-05,AME,WILLIAMS DENNIS K,,0001127602-16-051193,2016-05-04,A,1260,46.96,21497,D,,,,,,
1037868,2016-05-05,AME,CHANDY RUBY R,,0001127602-16-051187,2016-05-04,A,1260,46.96,4900,D,,,,,,
1037868,2016-05-05,AME,Burke William Joseph,,0001127602-16-051227,2016-05-04,A,11570,46.96,59315,D,,,,,,
1037868,2016-05-05,AME,HERMANCE FRANK S,,0001127602-16-051230,2016-05-04,A,21180,46.96,2130102,D,,,,,,
1037868,2016-05-05,AME,Jones Timothy N,,0001127602-16-051232,2016-05-04,A,7500,46.96,55642,D,,,,,,
1037868,2016-05-05,AME,Marecic Thomas C,,0001127602-16-051233,2016-05-04,A,5610,46.96,23026,D,,,,,,
1037868,2016-05-05,AME,Oscher Ronald J,,0001127602-16-051234,2016-05-04,A,6160,46.96,22205,D,,,,,,
1037868,2016-05-10,AME,Jones Timothy N,,0001127602-16-051601,2016-05-06,F,466,46.74,55176,D,,,,,,
1037868,2016-05-10,AME,MALONE JAMES R,,0001127602-16-051655,2016-05-10,M,1014,29.8267,5914,D,,,,,,
1037868,2016-05-10,AME,MANDOS ROBERT R,,0001127602-16-051600,2016-05-06,F,827,46.74,102531,D,,,,,,
1037868,2016-05-10,AME,HERMANCE FRANK S,,0001127602-16-051598,2016-05-06,F,4275,46.74,2125827,D,,,,,,
1037868,2016-05-10,AME,MALONE JAMES R,,0001127602-16-051655,2016-05-10,S,6363,46.7648,4900,D,,,,,,
1037868,2016-05-11,AME,Jones Timothy N,,0001127602-16-051794,2016-05-09,F,1037,46.31,54139,D,,,,,,
1037868,2016-05-11,AME,HERMANCE FRANK S,,0001127602-16-051792,2016-05-09,F,8521,46.31,2117306,D,,,,,,
1037868,2016-05-11,AME,MANDOS ROBERT R,,0001127602-16-051791,2016-05-09,F,1741,46.31,100790,D,,,,,,
1037868,2016-05-18,AME,MALONE JAMES R,,0001127602-16-052683,2016-05-17,S,1100,46.9312,3800,D,,,,,,
1037868,2016-05-31,AME,MALONE JAMES R,,0001127602-16-053927,2016-05-27,S,1350,47.8349,2450,D,,,,,,
1037868,2016-06-22,AME,McClain Gretchen W,,0001127602-16-056027,2016-06-22,J,189,47.579,975,D,,,,,,
1037868,2016-07-01,AME,Hardin John Wesley,,0001127602-16-056853,2016-06-30,S,3000,46.0245,48146,D,,,,,,
1037868,2016-07-07,AME,Marecic Thomas C,,0001127602-16-057745,2016-07-06,J,7,0.0,2867,I,,,,,,
1037868,2016-07-07,AME,Marecic Thomas C,,0001127602-16-057745,2016-07-06,M,6500,19.5867,29526,D,,,,,,
1037868,2016-07-07,AME,Marecic Thomas C,,0001127602-16-057745,2016-07-06,S,6500,44.8935,23026,D,,,,,,
1037868,2016-08-18,AME,VARET ELIZEBETH R,,0001127602-16-060589,2016-08-16,J,4000,0.0,159445,I,,,,,,
1037868,2016-08-19,AME,Kohlhagen Steven W,,0001127602-16-060715,2016-08-19,S,2050,48.95,54258,D,,,,,,
1037868,2016-08-25,AME,Hardin John Wesley,,0001127602-16-061142,2016-08-24,S,2775,49.6966,45371,D,,,,,,
1037868,2016-08-25,AME,Hardin John Wesley,,0001127602-16-061142,2016-08-24,J,2,0.0,495,I,,,,,,
1037868,2016-08-29,AME,Hardin John Wesley,,0001127602-16-061353,2016-08-26,M,35725,19.5867,81096,D,,,,,,
1037868,2016-08-29,AME,Hardin John Wesley,,0001127602-16-061353,2016-08-26,S,24500,49.5932,56596,D,,,,,,
1037868,2016-09-21,AME,McClain Gretchen W,,0001127602-16-062945,2016-09-21,J,182,49.395,1157,D,,,,,,
1037868,2016-12-19,AME,VARET ELIZEBETH R,,0001127602-16-070411,2016-12-16,S,4000,49.2183,155445,I,,,,,,
1037868,2016-12-21,AME,McClain Gretchen W,,0001127602-16-070657,2016-12-21,J,191,47.298,1348,D,,,,,,
1037868,2017-01-03,AME,MONTGOMERY THOMAS M,,0001127602-17-000143,2016-12-31,J,46,49.902,839,D,,,,,,
1037868,2017-01-03,AME,McClain Gretchen W,,0001127602-17-000157,2016-12-31,J,6,49.902,1354,D,,,,,,
1037868,2017-01-03,AME,ZAPICO DAVID A,,0001127602-17-000155,2016-12-31,J,2009,49.902,47611,D,,,,,,
1037868,2017-01-03,AME,Oscher Ronald J,,0001127602-17-000145,2016-12-31,J,761,49.902,4013,D,,,,,,
1037868,2017-01-03,AME,MONTGOMERY THOMAS M,,0001127602-17-000143,2016-12-23,G,39,0.0,21582,D,,,,,,
1037868,2017-01-03,AME,Marecic Thomas C,,0001127602-17-000136,2016-12-31,J,372,49.902,7237,D,,,,,,
1037868,2017-01-03,AME,Jones Timothy N,,0001127602-17-000132,2016-12-31,J,733,49.902,27650,D,,,,,,
1037868,2017-01-03,AME,HERMANCE FRANK S,,0001127602-17-000123,2016-12-31,J,5426,49.902,383678,D,,,,,,
1037868,2017-01-03,AME,EGINTON WILLIAM D,,0001127602-17-000105,2016-12-31,J,497,49.902,20681,D,,,,,,
1037868,2017-01-03,AME,Burke William Joseph,,0001127602-17-000086,2016-12-14,G,40,0.0,59275,D,,,,,,
1037868,2017-01-03,AME,Burke William Joseph,,0001127602-17-000086,2016-12-30,G,105,0.0,59170,D,,,,,,
1037868,2017-01-03,AME,Burke William Joseph,,0001127602-17-000086,2016-12-31,J,522,49.902,9455,D,,,,,,
1037868,2017-01-03,AME,Hardin John Wesley,,0001127602-17-000111,2016-12-31,J,1316,49.902,18762,D,,,,,,
1037868,2017-01-26,AME,McClain Gretchen W,,0001127602-17-002426,2017-01-25,I,308,52.4,1046,D,,,,,,
1037868,2017-02-13,AME,Marecic Thomas C,,0001127602-17-005420,2017-02-10,J,341,49.902,7578,D,,,,,,
1037868,2017-02-13,AME,Marecic Thomas C,,0001127602-17-005420,2017-02-10,M,5433,19.5867,28459,D,,,,,,
1037868,2017-02-13,AME,Marecic Thomas C,,0001127602-17-005420,2017-02-10,S,5433,53.475,23026,D,,,,,,
1037868,2017-02-13,AME,MONTGOMERY THOMAS M,,0001127602-17-005315,2017-02-10,J,241,49.902,1080,D,,,,,,
1037868,2017-02-13,AME,Jones Timothy N,,0001127602-17-005313,2017-02-10,J,362,49.902,28012,D,,,,,,
1037868,2017-02-13,AME,Burke William Joseph,,0001127602-17-005310,2017-02-10,J,461,49.902,9916,D,,,,,,
1037868,2017-02-14,AME,HERMANCE FRANK S,,0001127602-17-006007,2017-02-10,J,2751,49.902,386429,D,,,,,,
1037868,2017-02-14,AME,HERMANCE FRANK S,,0001127602-17-006007,2017-02-13,M,335790,19.5867,2411096,D,,,,,,
1037868,2017-02-14,AME,HERMANCE FRANK S,,0001127602-17-006007,2017-02-13,S,335790,53.6602,2075306,D,,,,,,
1037868,2017-02-14,AME,ZAPICO DAVID A,,0001127602-17-005997,2017-02-10,J,1531,49.902,49142,D,,,,,,
1037868,2017-02-14,AME,EGINTON WILLIAM D,,0001127602-17-005665,2017-02-10,J,406,49.902,21087,D,,,,,,
1037868,2017-02-15,AME,ZAPICO DAVID A,,0001127602-17-006277,2017-02-14,M,30000,19.5867,177438,D,,,,,,
1037868,2017-02-15,AME,ZAPICO DAVID A,,0001127602-17-006277,2017-02-14,S,30000,53.3744,147438,D,,,,,,
1037868,2017-02-22,AME,WILLIAMS DENNIS K,,0001127602-17-007683,2017-02-22,M,7582,19.5867,29079,D,,,,,,
1037868,2017-02-22,AME,WILLIAMS DENNIS K,,0001127602-17-007683,2017-02-22,S,7582,55.0675,21497,D,,,,,,
1037868,2017-02-23,AME,Burke William Joseph,,0001127602-17-007982,2017-02-22,M,11475,29.8267,70645,D,,,,,,
1037868,2017-02-23,AME,Burke William Joseph,,0001127602-17-007982,2017-02-22,S,11475,55.2614,59170,D,,,,,,
1037868,2017-02-24,AME,VARET ELIZEBETH R,,0001127602-17-008108,2017-02-23,J,4000,0.0,151445,I,,,,,,
1037868,2017-03-22,AME,McClain Gretchen W,,0001127602-17-012592,2017-03-22,J,164,54.478,1210,D,,,,,,
1037868,2017-03-30,AME,Jones Timothy N,,0001127602-17-013270,2017-03-29,S,10000,54.2005,44139,D,,,,,,
1037868,2017-05-05,AME,Conti Anthony James,,0001127602-17-017067,2017-05-05,M,4756,19.6222,15124,D,,,,,,
1037868,2017-05-05,AME,MONTGOMERY THOMAS M,,0001127602-17-017068,2017-05-05,S,6864,60.5246,21582,D,,,,,,
1037868,2017-05-05,AME,MONTGOMERY THOMAS M,,0001127602-17-017068,2017-05-05,M,6864,34.0467,28446,D,,,,,,
1037868,2017-05-05,AME,Conti Anthony James,,0001127602-17-017067,2017-05-05,S,4756,60.42,10368,D,,,,,,
1037868,2017-05-05,AME,EGINTON WILLIAM D,,0001127602-17-017063,2017-05-04,S,14598,60.0,39692,D,,,,,,
1037868,2017-05-05,AME,EGINTON WILLIAM D,,0001127602-17-017063,2017-05-04,M,14598,29.8267,54290,D,,,,,,
1037868,2017-05-08,AME,HERMANCE FRANK S,,0001127602-17-017153,2017-05-04,F,2388,60.39,2072918,D,,,,,,
1037868,2017-05-08,AME,Jones Timothy N,,0001127602-17-017152,2017-05-04,F,591,60.39,43548,D,,,,,,
1037868,2017-05-08,AME,Marecic Thomas C,,0001127602-17-017151,2017-05-04,F,448,60.39,22578,D,,,,,,
1037868,2017-05-08,AME,Burke William Joseph,,0001127602-17-017150,2017-05-04,F,911,60.39,55251,D,,,,,,
1037868,2017-05-10,AME,ZAPICO DAVID A,,0001127602-17-017524,2017-05-08,F,6895,59.93,140543,D,,,,,,
1037868,2017-05-10,AME,Marecic Thomas C,,0001127602-17-017520,2017-05-08,F,2716,59.93,19862,D,,,,,,
1037868,2017-05-10,AME,Oscher Ronald J,,0001127602-17-017522,2017-05-08,F,1359,59.93,20846,D,,,,,,
1037868,2017-05-10,AME,MONTGOMERY THOMAS M,,0001127602-17-017521,2017-05-08,F,535,59.93,21047,D,,,,,,
1037868,2017-05-10,AME,MALONE JAMES R,,0001127602-17-017556,2017-05-09,M,394,30.74,2844,D,,,,,,
1037868,2017-05-10,AME,MALONE JAMES R,,0001127602-17-017556,2017-05-09,S,5278,59.79,2450,D,,,,,,
1037868,2017-05-10,AME,Burke William Joseph,,0001127602-17-017511,2017-05-08,F,2990,59.93,52261,D,,,,,,
1037868,2017-05-10,AME,CIAMPITTI TONY J,,0001127602-17-017512,2017-05-08,F,875,59.93,22113,D,,,,,,
1037868,2017-05-10,AME,HERMANCE FRANK S,,0001127602-17-017515,2017-05-08,F,12796,59.93,2060122,D,,,,,,
1037868,2017-05-10,AME,Hardin John Wesley,,0001127602-17-017514,2017-05-08,F,2148,59.93,54448,D,,,,,,
1037868,2017-05-10,AME,EGINTON WILLIAM D,,0001127602-17-017513,2017-05-08,F,1234,59.93,38458,D,,,,,,
1037868,2017-05-10,AME,Jones Timothy N,,0001127602-17-017518,2017-05-08,F,1503,59.93,42045,D,,,,,,
1037868,2017-05-11,AME,CHANDY RUBY R,,0001127602-17-017689,2017-05-09,A,3040,60.3,7940,D,,,,,,
1037868,2017-05-11,AME,WILLIAMS DENNIS K,,0001127602-17-017698,2017-05-09,A,3040,60.3,24537,D,,,,,,
1037868,2017-05-11,AME,VARET ELIZEBETH R,,0001127602-17-017697,2017-05-09,A,3040,60.3,126880,D,,,,,,
1037868,2017-05-11,AME,McClain Gretchen W,,0001127602-17-017693,2017-05-09,A,3040,60.3,6548,D,,,,,,
1037868,2017-05-11,AME,MALONE JAMES R,,0001127602-17-017692,2017-05-09,A,3040,60.3,5490,D,,,,,,
1037868,2017-05-11,AME,Kohlhagen Steven W,,0001127602-17-017691,2017-05-09,A,3040,60.3,57298,D,,,,,,
1037868,2017-05-11,AME,Jones Timothy N,,0001127602-17-017679,2017-05-09,A,7980,60.3,50025,D,,,,,,
1037868,2017-05-11,AME,Marecic Thomas C,,0001127602-17-017680,2017-05-09,A,6190,60.3,26052,D,,,,,,
1037868,2017-05-11,AME,AMATO THOMAS A,,0001127602-17-017688,2017-05-09,A,3580,60.3,3580,D,,,,,,
1037868,2017-05-11,AME,Oscher Ronald J,,0001127602-17-017682,2017-05-09,A,5970,60.3,26816,D,,,,,,
1037868,2017-05-11,AME,Conti Anthony James,,0001127602-17-017690,2017-05-09,A,3040,60.3,13408,D,,,,,,
1037868,2017-05-11,AME,ZAPICO DAVID A,,0001127602-17-017683,2017-05-09,A,34040,60.3,174583,D,,,,,,
1037868,2017-05-11,AME,Hardin John Wesley,,0001127602-17-017678,2017-05-09,A,7850,60.3,62298,D,,,,,,
1037868,2017-05-11,AME,EGINTON WILLIAM D,,0001127602-17-017677,2017-05-09,A,4228,60.3,42686,D,,,,,,
1037868,2017-05-11,AME,CIAMPITTI TONY J,,0001127602-17-017676,2017-05-09,A,7090,60.3,29203,D,,,,,,
1037868,2017-05-11,AME,Burke William Joseph,,0001127602-17-017675,2017-05-09,A,11470,60.3,63731,D,,,,,,
1037868,2017-05-11,AME,MONTGOMERY THOMAS M,,0001127602-17-017681,2017-05-09,A,2200,60.3,23247,D,,,,,,
1037868,2017-05-15,AME,MALONE JAMES R,,0001127602-17-018059,2017-05-12,S,1190,59.65,4300,D,,,,,,
1037868,2017-05-19,AME,Oscher Ronald J,,0001127602-17-018826,2017-05-19,M,5315,29.8267,32131,D,,,,,,
1037868,2017-05-19,AME,Oscher Ronald J,,0001127602-17-018826,2017-05-19,S,5315,60.05,26816,D,,,,,,
1037868,2017-06-05,AME,VARET ELIZEBETH R,,0001127602-17-020591,2017-06-05,S,3000,61.9612,123880,D,,,,,,
1037868,2017-06-05,AME,Jones Timothy N,,0001127602-17-020499,2017-06-02,S,10000,61.912,40025,D,,,,,,
1037868,2017-06-05,AME,Jones Timothy N,,0001127602-17-020499,2017-06-02,M,29955,34.0467,69980,D,,,,,,
1037868,2017-06-09,AME,VARET ELIZEBETH R,,0001127602-17-021066,2017-06-09,S,3000,62.6556,120880,D,,,,,,
1037868,2017-06-21,AME,McClain Gretchen W,,0001127602-17-021967,2017-06-21,J,149,60.458,1359,D,,,,,,
1037868,2017-07-11,AME,HERMANCE FRANK S,,0001127602-17-023473,2017-07-07,F,19621,61.56,2040501,D,,,,,,
1037868,2017-08-07,AME,MONTGOMERY THOMAS M,,0001127602-17-025140,2017-08-07,S,1500,64.4932,21747,D,,,,,,
1037868,2017-08-07,AME,Hardin John Wesley,,0001127602-17-025127,2017-08-04,S,2600,64.51,59698,D,,,,,,
1037868,2017-08-15,AME,VARET ELIZEBETH R,,0001127602-17-025671,2017-08-15,S,3000,63.24,117880,D,,,,,,
1037868,2017-09-20,AME,Marecic Thomas C,,0001127602-17-027824,2017-09-19,M,12315,29.8267,38367,D,,,,,,
1037868,2017-09-20,AME,Marecic Thomas C,,0001127602-17-027824,2017-09-19,S,12315,66.3593,26052,D,,,,,,
1037868,2017-09-20,AME,McClain Gretchen W,,0001127602-17-027823,2017-09-20,J,144,62.663,1503,D,,,,,,
1037868,2017-09-21,AME,HERMANCE FRANK S,,0001127602-17-027892,2017-09-20,M,150840,29.8267,2191341,D,,,,,,
1037868,2017-09-21,AME,HERMANCE FRANK S,,0001127602-17-027892,2017-09-20,S,150840,66.3807,2040501,D,,,,,,
1037868,2017-10-04,AME,VARET ELIZEBETH R,,0001127602-17-029204,2017-10-03,S,3000,66.3041,114880,D,,,,,,
1037868,2017-11-17,AME,MONTGOMERY THOMAS M,,0001127602-17-032700,2017-11-16,S,1800,70.35,19947,D,,,,,,
1037868,2017-11-30,AME,VARET ELIZEBETH R,,0001127602-17-033556,2017-11-29,M,3050,29.8267,117930,D,,,,,,
1037868,2017-11-30,AME,VARET ELIZEBETH R,,0001127602-17-033556,2017-11-29,S,3050,71.831,114880,D,,,,,,
1037868,2017-12-11,AME,ZAPICO DAVID A,,0001127602-17-034412,2017-12-11,M,25965,29.8267,200548,D,,,,,,
1037868,2017-12-11,AME,ZAPICO DAVID A,,0001127602-17-034412,2017-12-11,S,25965,71.7727,174583,D,,,,,,
1037868,2017-12-21,AME,McClain Gretchen W,,0001127602-17-035318,2017-12-20,J,127,70.884,1630,D,,,,,,
1037868,2018-01-02,AME,MONTGOMERY THOMAS M,,0001127602-18-000055,2017-12-27,G,111,0.0,19836,D,,,,,,
1037868,2018-01-02,AME,Marecic Thomas C,,0001127602-18-000054,2017-12-31,J,302,71.582,7880,D,,,,,,
1037868,2018-01-02,AME,ZAPICO DAVID A,,0001127602-18-000057,2017-12-31,J,1754,71.582,50896,D,,,,,,
1037868,2018-01-02,AME,EGINTON WILLIAM D,,0001127602-18-000078,2017-12-31,J,379,71.582,21466,D,,,,,,
1037868,2018-01-02,AME,MONTGOMERY THOMAS M,,0001127602-18-000055,2017-12-31,J,94,71.582,1174,D,,,,,,
1037868,2018-01-02,AME,Oscher Ronald J,,0001127602-18-000056,2017-12-31,J,618,71.582,4631,D,,,,,,
1037868,2018-01-02,AME,McClain Gretchen W,,0001127602-18-000043,2017-12-31,J,6,71.582,1636,D,,,,,,
1037868,2018-01-02,AME,CIAMPITTI TONY J,,0001127602-18-000050,2017-12-31,J,452,71.582,4178,D,,,,,,
1037868,2018-01-02,AME,Burke William Joseph,,0001127602-18-000049,2017-12-31,J,504,71.582,10420,D,,,,,,
1037868,2018-01-02,AME,Hardin John Wesley,,0001127602-18-000051,2017-12-31,J,1,0.0,498,I,,,,,,
1037868,2018-01-02,AME,Jones Timothy N,,0001127602-18-000052,2017-12-31,J,541,71.582,28553,D,,,,,,
1037868,2018-01-02,AME,Burke William Joseph,,0001127602-18-000049,2017-11-20,G,135,0.0,63596,D,,,,,,
1037868,2018-01-18,AME,McClain Gretchen W,,0001127602-18-002001,2018-01-17,I,310,76.03,1326,D,,,,,,
1037868,2018-02-06,AME,EGINTON WILLIAM D,,0001127602-18-004320,2018-02-05,J,9,0.0,4955,I,,,,,,
1037868,2018-02-06,AME,EGINTON WILLIAM D,,0001127602-18-004320,2018-02-05,M,16368,34.0467,59054,D,,,,,,
1037868,2018-02-06,AME,EGINTON WILLIAM D,,0001127602-18-004320,2018-02-05,S,16368,77.0,42686,D,,,,,,
1037868,2018-02-07,AME,VARET ELIZEBETH R,,0001127602-18-004460,2018-02-07,M,4725,34.0467,119605,D,,,,,,
1037868,2018-02-07,AME,VARET ELIZEBETH R,,0001127602-18-004460,2018-02-07,S,6295,74.722,114880,D,,,,,,
1037868,2018-02-12,AME,ZAPICO DAVID A,,0001127602-18-005167,2018-02-09,J,4217,71.582,55113,D,,,,,,
1037868,2018-02-12,AME,MONTGOMERY THOMAS M,,0001127602-18-005166,2018-02-09,J,578,71.582,1752,D,,,,,,
1037868,2018-02-12,AME,Marecic Thomas C,,0001127602-18-005164,2018-02-09,J,943,71.582,8823,D,,,,,,
1037868,2018-02-12,AME,Jones Timothy N,,0001127602-18-005163,2018-02-09,J,862,71.582,29415,D,,,,,,
1037868,2018-02-12,AME,EGINTON WILLIAM D,,0001127602-18-005162,2018-02-09,J,740,71.582,22206,D,,,,,,
1037868,2018-02-12,AME,Burke William Joseph,,0001127602-18-005159,2018-02-09,J,1331,71.582,11751,D,,,,,,
1037868,2018-02-15,AME,Oscher Ronald J,,0001127602-18-006490,2018-02-15,S,14976,75.1289,26816,D,,,,,,
1037868,2018-02-15,AME,Oscher Ronald J,,0001127602-18-006490,2018-02-15,M,14976,34.0467,41792,D,,,,,,
1037868,2018-02-15,AME,VARET ELIZEBETH R,,0001127602-18-006387,2018-02-15,S,3000,75.85,111880,D,,,,,,
1037868,2018-02-21,AME,Kohlhagen Steven W,,0001127602-18-007569,2018-02-21,S,3000,76.4528,54298,D,,,,,,
1037868,2018-02-22,AME,WILLIAMS DENNIS K,,0001127602-18-007749,2018-02-22,M,4050,29.8267,28587,D,,,,,,
1037868,2018-02-22,AME,WILLIAMS DENNIS K,,0001127602-18-007749,2018-02-22,S,4050,76.4621,24537,D,,,,,,
1037868,2018-02-27,AME,Hardin John Wesley,,0001127602-18-008645,2018-02-26,M,25965,29.8267,85663,D,,,,,,
1037868,2018-02-27,AME,Hardin John Wesley,,0001127602-18-008645,2018-02-26,S,25965,78.5,59698,D,,,,,,
1037868,2018-02-27,AME,Hardin John Wesley,,0001127602-18-008645,2018-02-26,J,1,0.0,499,I,,,,,,
1037868,2018-03-12,AME,Conti Anthony James,,0001127602-18-011170,2018-03-09,M,4050,29.8267,17458,D,,,,,,
1037868,2018-03-12,AME,Conti Anthony James,,0001127602-18-011170,2018-03-09,S,4050,78.1421,13408,D,,,,,,
1037868,2018-03-12,AME,Kohlhagen Steven W,,0001127602-18-011168,2018-03-09,S,5000,78.31,49298,D,,,,,,
1037868,2018-03-15,AME,VARET ELIZEBETH R,,0001127602-18-011699,2018-03-15,S,3000,78.025,148445,I,,,,,,
1037868,2018-03-16,AME,VARET ELIZEBETH R,,0001127602-18-011884,2018-03-16,S,3000,77.9,145445,I,,,,,,
1037868,2018-03-16,AME,Kohlhagen Steven W,,0001127602-18-011886,2018-03-16,S,5000,78.6397,44298,D,,,,,,
1037868,2018-03-19,AME,Kohlhagen Steven W,,0001127602-18-012129,2018-03-19,M,4050,29.8267,48348,D,,,,,,
1037868,2018-03-21,AME,McClain Gretchen W,,0001127602-18-012382,2018-03-21,J,88,76.422,1414,D,,,,,,
1037868,2018-05-08,AME,Marecic Thomas C,,0001127602-18-016637,2018-05-07,F,320,72.8,25326,D,,,,,,
1037868,2018-05-08,AME,Burke William Joseph,,0001127602-18-016634,2018-05-04,F,824,71.5,62772,D,,,,,,
1037868,2018-05-08,AME,MONTGOMERY THOMAS M,,0001127602-18-016638,2018-05-04,F,321,71.5,19515,D,,,,,,
1037868,2018-05-08,AME,MONTGOMERY THOMAS M,,0001127602-18-016638,2018-05-07,F,333,72.8,19182,D,,,,,,
1037868,2018-05-08,AME,Marecic Thomas C,,0001127602-18-016637,2018-05-04,F,406,71.5,25646,D,,,,,,
1037868,2018-05-08,AME,Jones Timothy N,,0001127602-18-016635,2018-05-04,F,535,71.5,39490,D,,,,,,
1037868,2018-05-08,AME,Jones Timothy N,,0001127602-18-016635,2018-05-07,F,421,72.8,39069,D,,,,,,
1037868,2018-05-08,AME,Marecic Thomas C,,0001127602-18-016637,2018-05-08,J,11,0.0,2902,I,,,,,,
1037868,2018-05-08,AME,MONTGOMERY THOMAS M,,0001127602-18-016638,2018-05-08,J,12,0.0,3295,I,,,,,,
1037868,2018-05-08,AME,Burke William Joseph,,0001127602-18-016634,2018-05-07,F,268,72.8,62504,D,,,,,,
1037868,2018-05-09,AME,Conti Anthony James,,0001127602-18-016762,2018-05-08,A,1930,73.45,15338,D,,,,,,
1037868,2018-05-09,AME,Kohlhagen Steven W,,0001127602-18-016765,2018-05-08,A,1930,73.45,50278,D,,,,,,
1037868,2018-05-09,AME,McClain Gretchen W,,0001127602-18-016769,2018-05-08,A,1930,73.45,8788,D,,,,,,
1037868,2018-05-09,AME,VARET ELIZEBETH R,,0001127602-18-016771,2018-05-08,A,1930,73.45,113810,D,,,,,,
1037868,2018-05-09,AME,CIAMPITTI TONY J,,0001127602-18-016794,2018-05-08,F,769,73.45,28434,D,,,,,,
1037868,2018-05-09,AME,CIAMPITTI TONY J,,0001127602-18-016794,2018-05-08,J,15,0.0,2643,I,,,,,,
1037868,2018-05-09,AME,CHANDY RUBY R,,0001127602-18-016760,2018-05-08,A,1930,73.45,9870,D,,,,,,
1037868,2018-05-09,AME,ZAPICO DAVID A,,0001127602-18-016797,2018-05-08,F,5578,73.45,169005,D,,,,,,
1037868,2018-05-09,AME,WILLIAMS DENNIS K,,0001127602-18-016773,2018-05-08,A,1930,73.45,26467,D,,,,,,
1037868,2018-05-09,AME,AMATO THOMAS A,,0001127602-18-016758,2018-05-08,A,1930,73.45,5510,D,,,,,,
1037868,2018-05-09,AME,CIAMPITTI TONY J,,0001127602-18-016794,2018-05-08,A,3600,73.45,32034,D,,,,,,
1037868,2018-05-09,AME,Hardin John Wesley,,0001127602-18-016795,2018-05-08,A,4310,73.45,61499,D,,,,,,
1037868,2018-05-09,AME,Hardin John Wesley,,0001127602-18-016795,2018-05-08,J,2,0.0,501,I,,,,,,
1037868,2018-05-09,AME,Hardin John Wesley,,0001127602-18-016795,2018-05-08,F,2509,73.45,57189,D,,,,,,
1037868,2018-05-09,AME,ZAPICO DAVID A,,0001127602-18-016797,2018-05-08,A,22880,73.45,191885,D,,,,,,
1037868,2018-05-10,AME,EGINTON WILLIAM D,,0001127602-18-016981,2018-05-08,F,1071,73.45,41615,D,,,,,,
1037868,2018-05-10,AME,Oscher Ronald J,,0001127602-18-016980,2018-05-08,F,1509,73.45,25307,D,,,,,,
1037868,2018-05-10,AME,Oscher Ronald J,,0001127602-18-016980,2018-05-08,J,5,0.0,872,I,,,,,,
1037868,2018-05-10,AME,Burke William Joseph,,0001127602-18-016978,2018-05-08,F,388,73.45,62116,D,,,,,,
1037868,2018-05-10,AME,EGINTON WILLIAM D,,0001127602-18-016981,2018-05-08,J,18,0.0,4973,I,,,,,,
1037868,2018-05-10,AME,Burke William Joseph,,0001127602-18-016978,2018-05-09,F,1247,74.8,68389,D,,,,,,
1037868,2018-05-10,AME,EGINTON WILLIAM D,,0001127602-18-016981,2018-05-08,A,2355,73.45,43970,D,,,,,,
1037868,2018-05-10,AME,Burke William Joseph,,0001127602-18-016978,2018-05-08,A,7520,73.45,69636,D,,,,,,
1037868,2018-05-10,AME,Oscher Ronald J,,0001127602-18-016980,2018-05-08,A,3600,73.45,28907,D,,,,,,
1037868,2018-05-10,AME,Jones Timothy N,,0001127602-18-016977,2018-05-08,F,453,73.45,38616,D,,,,,,
1037868,2018-05-10,AME,Jones Timothy N,,0001127602-18-016977,2018-05-08,A,4130,73.45,42746,D,,,,,,
1037868,2018-05-10,AME,MONTGOMERY THOMAS M,,0001127602-18-016970,2018-05-09,F,152,74.8,20105,D,,,,,,
1037868,2018-05-10,AME,MONTGOMERY THOMAS M,,0001127602-18-016970,2018-05-08,F,452,73.45,18730,D,,,,,,
1037868,2018-05-10,AME,MONTGOMERY THOMAS M,,0001127602-18-016970,2018-05-08,A,1527,73.45,20257,D,,,,,,
1037868,2018-05-10,AME,Jones Timothy N,,0001127602-18-016977,2018-05-09,F,569,74.8,42177,D,,,,,,
1037868,2018-05-10,AME,Marecic Thomas C,,0001127602-18-016974,2018-05-08,A,3600,73.45,28669,D,,,,,,
1037868,2018-05-10,AME,Marecic Thomas C,,0001127602-18-016974,2018-05-08,F,257,73.45,25069,D,,,,,,
1037868,2018-05-10,AME,Marecic Thomas C,,0001127602-18-016974,2018-05-09,F,447,74.8,28222,D,,,,,,
1037868,2018-06-11,AME,VARET ELIZEBETH R,,0001127602-18-020635,2018-06-08,S,2000,75.56,143445,I,,,,,,
1037868,2018-06-26,AME,McClain Gretchen W,,0001127602-18-021903,2018-06-26,J,90,75.01,1504,D,,,,,,
1037868,2018-07-06,AME,VARET ELIZEBETH R,,0001127602-18-022917,2018-07-05,S,3000,72.0674,140445,I,,,,,,
1037868,2018-07-27,AME,VARET ELIZEBETH R,,0001127602-18-023951,2018-07-26,S,2000,76.7045,138445,I,,,,,,
1037868,2018-08-02,AME,VARET ELIZEBETH R,,0001127602-18-024441,2018-07-31,S,2000,76.95,136445,I,,,,,,
1037868,2018-08-07,AME,VARET ELIZEBETH R,,0001127602-18-024840,2018-08-07,S,3000,76.95,133445,I,,,,,,
1037868,2018-08-27,AME,VARET ELIZEBETH R,,0001127602-18-026278,2018-08-27,S,3000,77.0,107810,D,,,,,,
1037868,2018-08-29,AME,McClain Gretchen W,,0001127602-18-026454,2018-08-27,S,2720,77.0467,6068,D,,,,,,
1037868,2018-08-30,AME,VARET ELIZEBETH R,,0001127602-18-026497,2018-08-29,S,3000,77.2601,104810,D,,,,,,
1037868,2018-09-07,AME,VARET ELIZEBETH R,,0001127602-18-027113,2018-09-07,S,1500,78.0983,134945,I,,,,,,
1037868,2018-09-07,AME,McClain Gretchen W,,0001127602-18-027108,2018-09-07,S,1920,78.5501,4148,D,,,,,,
1037868,2018-09-12,AME,Burke William Joseph,,0001127602-18-027465,2018-09-11,S,15600,80.0,68289,D,,,,,,
1037868,2018-09-12,AME,Burke William Joseph,,0001127602-18-027465,2018-09-11,M,15600,34.0467,83889,D,,,,,,
1037868,2018-09-12,AME,Burke William Joseph,,0001127602-18-027465,2018-06-08,G,100,0.0,68289,D,,,,,,
1037868,2018-09-13,AME,McClain Gretchen W,,0001127602-18-027502,2018-09-13,M,3870,52.27,8018,D,,,,,,
1037868,2018-09-13,AME,McClain Gretchen W,,0001127602-18-027502,2018-09-13,S,3870,80.0,4148,D,,,,,,
1037868,2018-09-14,AME,VARET ELIZEBETH R,,0001127602-18-027623,2018-09-13,J,5500,0.0,129445,I,,,,,,
1037868,2018-09-14,AME,VARET ELIZEBETH R,,0001127602-18-027623,2018-09-14,S,5300,80.51,2150,I,,,,,,
1037868,2018-09-19,AME,Hardin John Wesley,,0001127602-18-028063,2018-09-18,M,8517,34.0467,70016,D,,,,,,
1037868,2018-09-19,AME,Hardin John Wesley,,0001127602-18-028063,2018-09-18,S,8517,81.5047,61499,D,,,,,,
1037868,2018-09-19,AME,Hardin John Wesley,,0001127602-18-028063,2018-09-19,M,21438,34.0467,82937,D,,,,,,
1037868,2018-09-19,AME,Hardin John Wesley,,0001127602-18-028063,2018-09-19,S,21438,81.569,61499,D,,,,,,
1037868,2018-09-25,AME,McClain Gretchen W,,0001127602-18-028308,2018-09-25,J,88,76.686,1592,D,,,,,,
1037868,2018-11-13,AME,AMATO THOMAS A,,0001127602-18-032847,2018-11-12,P,2000,73.1449,7510,D,,,,,,
1037868,2018-12-20,AME,McClain Gretchen W,,0001127602-18-036949,2018-12-19,J,99,67.9,1691,D,,,,,,
1037868,2019-01-03,AME,EGINTON WILLIAM D,,0001127602-19-000718,2018-12-31,J,165,0.0,22371,D,,,,,,
1037868,2019-01-03,AME,McClain Gretchen W,,0001127602-19-000714,2018-12-31,J,11,0.0,1702,D,,,,,,
1037868,2019-01-15,AME,Burke William Joseph,,0001127602-19-001986,2019-01-15,J,87,0.0,11838,D,,,,,,
1037868,2019-01-15,AME,MONTGOMERY THOMAS M,,0001127602-19-001985,2018-12-28,G,114,0.0,19991,D,,,,,,
1037868,2019-01-15,AME,Burke William Joseph,,0001127602-19-001986,2018-11-26,G,30,0.0,68259,D,,,,,,
1037868,2019-01-15,AME,Burke William Joseph,,0001127602-19-001986,2018-11-27,G,100,0.0,68159,D,,,,,,
1037868,2019-01-15,AME,MONTGOMERY THOMAS M,,0001127602-19-001985,2019-01-15,J,29,0.0,3324,I,,,,,,
1037868,2019-01-16,AME,McClain Gretchen W,,0001127602-19-002136,2019-01-14,I,313,70.21,1389,D,,,,,,
1037868,2019-02-12,AME,VARET ELIZEBETH R,,0001127602-19-005211,2018-09-13,S,2000,80.75,0,I,,,,,,
1037868,2019-02-12,AME,VARET ELIZEBETH R,,0001127602-19-005211,2018-09-07,S,4050,78.65,2000,I,,,,,,
1037868,2019-02-12,AME,VARET ELIZEBETH R,,0001127602-19-005211,2018-09-10,S,1950,78.38,200,I,,,,,,
1037868,2019-02-14,AME,Marecic Thomas C,,0001127602-19-006033,2019-02-13,J,25,0.0,2927,I,,,,,,
1037868,2019-02-14,AME,Marecic Thomas C,,0001127602-19-006033,2019-02-13,S,14097,79.0,28222,D,,,,,,
1037868,2019-02-14,AME,Marecic Thomas C,,0001127602-19-006033,2019-02-13,M,14097,34.0467,42319,D,,,,,,
1037868,2019-02-19,AME,VARET ELIZEBETH R,,0001127602-19-006468,2019-02-15,M,5190,41.74,110000,D,,,,,,
1037868,2019-02-19,AME,VARET ELIZEBETH R,,0001127602-19-006468,2019-02-15,S,5190,78.884,104810,D,,,,,,
1037868,2019-02-20,AME,ZAPICO DAVID A,,0001127602-19-007153,2019-02-19,J,409,0.0,55522,D,,,,,,
1037868,2019-02-20,AME,ZAPICO DAVID A,,0001127602-19-007153,2019-02-19,S,31200,78.7993,191885,D,,,,,,
1037868,2019-02-20,AME,ZAPICO DAVID A,,0001127602-19-007153,2019-02-19,M,31200,34.0467,223085,D,,,,,,
1037868,2019-02-21,AME,VARET ELIZEBETH R,,0001127602-19-007535,2019-02-20,M,3740,53.13,108550,D,,,,,,
1037868,2019-02-21,AME,VARET ELIZEBETH R,,0001127602-19-007535,2019-02-20,S,3740,79.7742,104810,D,,,,,,
1037868,2019-02-25,AME,MONTGOMERY THOMAS M,,0001127602-19-007991,2019-02-25,S,3536,79.95,19991,D,,,,,,
1037868,2019-02-25,AME,MONTGOMERY THOMAS M,,0001127602-19-007991,2019-02-25,M,3536,41.74,23527,D,,,,,,
1037868,2019-02-25,AME,MONTGOMERY THOMAS M,,0001127602-19-007991,2019-02-21,M,200,41.74,20191,D,,,,,,
1037868,2019-02-25,AME,MONTGOMERY THOMAS M,,0001127602-19-007991,2019-02-21,S,200,79.95,19991,D,,,,,,
1037868,2019-03-01,AME,VARET ELIZEBETH R,,0001127602-19-009182,2019-02-28,S,2000,79.75,102810,D,,,,,,
1037868,2019-03-05,AME,EGINTON WILLIAM D,,0001127602-19-009718,2019-03-01,S,15546,80.0,43970,D,,,,,,
1037868,2019-03-05,AME,EGINTON WILLIAM D,,0001127602-19-009718,2019-03-01,J,9,0.0,5017,I,,,,,,
1037868,2019-03-05,AME,EGINTON WILLIAM D,,0001127602-19-009718,2019-03-01,M,15546,41.74,59516,D,,,,,,
1037868,2019-03-07,AME,WILLIAMS DENNIS K,,0001127602-19-010343,2019-03-06,S,4725,79.4117,26467,D,,,,,,
1037868,2019-03-07,AME,WILLIAMS DENNIS K,,0001127602-19-010343,2019-03-06,M,4725,34.0467,31192,D,,,,,,
1037868,2019-03-12,AME,VARET ELIZEBETH R,,0001127602-19-011012,2019-03-11,S,2845,79.77,124600,I,,,,,,
1037868,2019-03-12,AME,VARET ELIZEBETH R,,0001127602-19-011012,2019-03-12,S,1155,80.443,123445,I,,,,,,
1037868,2019-03-12,AME,Oscher Ronald J,,0001127602-19-010925,2019-03-11,M,13990,41.74,42897,D,,,,,,
1037868,2019-03-12,AME,Oscher Ronald J,,0001127602-19-010925,2019-03-11,S,13990,80.0436,28907,D,,,,,,
1037868,2019-03-12,AME,Oscher Ronald J,,0001127602-19-010925,2019-03-11,J,7,0.0,879,I,,,,,,
1037868,2019-03-13,AME,MONTGOMERY THOMAS M,,0001127602-19-011227,2019-03-13,M,3000,41.74,22991,D,,,,,,
1037868,2019-03-13,AME,MONTGOMERY THOMAS M,,0001127602-19-011227,2019-03-13,S,3000,81.0,19991,D,,,,,,
1037868,2019-03-13,AME,Conti Anthony James,,0001127602-19-011130,2019-03-12,M,4725,34.0467,20063,D,,,,,,
1037868,2019-03-13,AME,Conti Anthony James,,0001127602-19-011130,2019-03-12,S,4725,80.1708,15338,D,,,,,,
1037868,2019-03-20,AME,Kohlhagen Steven W,,0001127602-19-012466,2019-03-19,M,4725,34.0467,55003,D,,,,,,
1037868,2019-03-20,AME,Kohlhagen Steven W,,0001127602-19-012466,2019-03-19,S,3494,81.78,53079,D,,,,,,
1037868,2019-03-27,AME,McClain Gretchen W,,0001127602-19-013297,2019-03-26,J,47,80.65,1436,D,,,,,,
1037868,2019-03-29,AME,Jones Timothy N,,0001127602-19-013596,2019-03-28,S,5000,82.2,37177,D,,,,,,
1037868,2019-04-01,AME,Marecic Thomas C,,0001127602-19-013617,2019-03-29,J,880,77.91,10083,D,,,,,,
1037868,2019-04-01,AME,Marecic Thomas C,,0001127602-19-013617,2019-03-29,S,3500,83.0,21722,D,,,,,,
1037868,2019-05-02,AME,WILLIAMS DENNIS K,,0001127602-19-016932,2019-05-02,S,1570,87.0,26467,D,,,,,,
1037868,2019-05-02,AME,WILLIAMS DENNIS K,,0001127602-19-016932,2019-05-02,M,1570,30.74,28037,D,,,,,,
1037868,2019-05-07,AME,Jones Timothy N,,0001127602-19-017620,2019-05-06,J,270,0.0,29685,D,,,,,,
1037868,2019-05-07,AME,Jones Timothy N,,0001127602-19-017620,2019-05-06,F,957,86.52,36220,D,,,,,,
1037868,2019-05-07,AME,ZAPICO DAVID A,,0001127602-19-017625,2019-05-06,F,5659,86.52,186226,D,,,,,,
1037868,2019-05-07,AME,ZAPICO DAVID A,,0001127602-19-017625,2019-05-06,J,93,0.0,55615,D,,,,,,
1037868,2019-05-07,AME,Oscher Ronald J,,0001127602-19-017624,2019-05-06,J,8,0.0,4673,D,,,,,,
1037868,2019-05-07,AME,MONTGOMERY THOMAS M,,0001127602-19-017623,2019-05-06,F,273,86.52,19718,D,,,,,,
1037868,2019-05-07,AME,MONTGOMERY THOMAS M,,0001127602-19-017623,2019-05-06,J,3,0.0,1768,D,,,,,,
1037868,2019-05-07,AME,Marecic Thomas C,,0001127602-19-017622,2019-05-06,J,17,0.0,10100,D,,,,,,
1037868,2019-05-07,AME,Marecic Thomas C,,0001127602-19-017622,2019-05-06,F,1101,86.52,20621,D,,,,,,
1037868,2019-05-07,AME,CIAMPITTI TONY J,,0001127602-19-017613,2019-05-07,J,40,0.0,4218,D,,,,,,
1037868,2019-05-07,AME,Oscher Ronald J,,0001127602-19-017624,2019-05-06,F,2061,86.52,26846,D,,,,,,
1037868,2019-05-07,AME,Hardin John Wesley,,0001127602-19-017618,2019-05-06,F,1590,86.52,59909,D,,,,,,
1037868,2019-05-07,AME,Hardin John Wesley,,0001127602-19-017618,2019-05-06,J,182,0.0,19798,D,,,,,,
1037868,2019-05-07,AME,EGINTON WILLIAM D,,0001127602-19-017614,2019-05-07,J,14,0.0,8398,D,,,,,,
1037868,2019-05-07,AME,EGINTON WILLIAM D,,0001127602-19-017614,2019-05-06,F,1124,86.52,42846,D,,,,,,
1037868,2019-05-07,AME,CIAMPITTI TONY J,,0001127602-19-017613,2019-05-06,F,888,86.52,31146,D,,,,,,
1037868,2019-05-07,AME,Burke William Joseph,,0001127602-19-017610,2019-03-06,G,130,0.0,68029,D,,,,,,
1037868,2019-05-07,AME,Burke William Joseph,,0001127602-19-017610,2019-05-06,F,1093,86.52,66936,D,,,,,,
1037868,2019-05-07,AME,Burke William Joseph,,0001127602-19-017610,2019-05-07,J,20,0.0,11858,D,,,,,,
1037868,2019-05-10,AME,Burke William Joseph,,0001127602-19-018132,2019-05-08,F,714,85.49,66222,D,,,,,,
1037868,2019-05-10,AME,MONTGOMERY THOMAS M,,0001127602-19-018144,2019-05-09,F,152,85.45,20817,D,,,,,,
1037868,2019-05-10,AME,Marecic Thomas C,,0001127602-19-018139,2019-05-09,A,2610,85.45,22704,D,,,,,,
1037868,2019-05-10,AME,Oscher Ronald J,,0001127602-19-018147,2019-05-09,A,2610,85.45,28946,D,,,,,,
1037868,2019-05-10,AME,Jones Timothy N,,0001127602-19-018135,2019-05-09,A,2790,85.45,38618,D,,,,,,
1037868,2019-05-10,AME,Burke William Joseph,,0001127602-19-018132,2019-05-08,G,100,0.0,66122,D,,,,,,
1037868,2019-05-10,AME,Burke William Joseph,,0001127602-19-018132,2019-05-09,F,817,85.45,70405,D,,,,,,
1037868,2019-05-10,AME,MONTGOMERY THOMAS M,,0001127602-19-018144,2019-05-09,A,1391,85.45,20969,D,,,,,,
1037868,2019-05-10,AME,Jones Timothy N,,0001127602-19-018135,2019-05-08,F,392,85.49,35828,D,,,,,,
1037868,2019-05-10,AME,Marecic Thomas C,,0001127602-19-018139,2019-05-09,F,680,85.45,22024,D,,,,,,
1037868,2019-05-10,AME,Marecic Thomas C,,0001127602-19-018139,2019-05-08,F,527,85.49,20094,D,,,,,,
1037868,2019-05-10,AME,MONTGOMERY THOMAS M,,0001127602-19-018144,2019-05-08,F,140,85.49,19578,D,,,,,,
1037868,2019-05-10,AME,Jones Timothy N,,0001127602-19-018135,2019-05-09,F,608,85.45,38010,D,,,,,,
1037868,2019-05-10,AME,Burke William Joseph,,0001127602-19-018132,2019-05-09,A,5100,85.45,71222,D,,,,,,
1037868,2019-05-10,AME,Oscher Ronald J,,0001127602-19-018147,2019-05-08,F,510,85.49,26336,D,,,,,,
1037868,2019-05-10,AME,WILLIAMS DENNIS K,,0001127602-19-018045,2019-05-09,A,1860,85.45,28327,D,,,,,,
1037868,2019-05-10,AME,Conti Anthony James,,0001127602-19-018041,2019-05-09,A,1860,85.45,17198,D,,,,,,
1037868,2019-05-10,AME,McClain Gretchen W,,0001127602-19-018043,2019-05-09,A,1860,85.45,10961,D,,,,,,
1037868,2019-05-10,AME,Kohlhagen Steven W,,0001127602-19-018042,2019-05-09,A,1860,85.45,54939,D,,,,,,
1037868,2019-05-10,AME,ZAPICO DAVID A,,0001127602-19-018037,2019-05-08,F,3240,85.49,182986,D,,,,,,
1037868,2019-05-10,AME,EGINTON WILLIAM D,,0001127602-19-018034,2019-05-09,A,2254,85.45,44856,D,,,,,,
1037868,2019-05-10,AME,CIAMPITTI TONY J,,0001127602-19-018033,2019-05-08,F,330,85.49,30835,D,,,,,,
1037868,2019-05-10,AME,Hardin John Wesley,,0001127602-19-018035,2019-05-08,F,465,85.49,59444,D,,,,,,
1037868,2019-05-10,AME,McClain Gretchen W,,0001127602-19-018043,2019-05-09,J,2,0.0,1438,D,,,,,,
1037868,2019-05-10,AME,CIAMPITTI TONY J,,0001127602-19-018033,2019-05-09,A,2610,85.45,33445,D,,,,,,
1037868,2019-05-10,AME,CHANDY RUBY R,,0001127602-19-018040,2019-05-09,A,1860,85.45,11730,D,,,,,,
1037868,2019-05-10,AME,EGINTON WILLIAM D,,0001127602-19-018034,2019-05-08,F,244,85.49,42602,D,,,,,,
1037868,2019-05-10,AME,Hardin John Wesley,,0001127602-19-018035,2019-05-09,A,2990,85.45,62434,D,,,,,,
1037868,2019-05-10,AME,VARET ELIZEBETH R,,0001127602-19-018044,2019-05-09,A,1860,85.45,104670,D,,,,,,
1037868,2019-05-10,AME,ZAPICO DAVID A,,0001127602-19-018037,2019-05-09,A,16480,85.45,199466,D,,,,,,
1037868,2019-05-13,AME,AMATO THOMAS A,,0001127602-19-018296,2019-05-09,A,1860,85.45,9370,D,,,,,,
1037868,2019-05-13,AME,AMATO THOMAS A,,0001127602-19-018296,2019-05-13,S,1790,83.565,7580,D,,,,,,
1037868,2019-06-11,AME,ZAPICO DAVID A,,0001127602-19-021384,2019-06-11,S,58760,86.35,199466,D,,,,,,
1037868,2019-06-11,AME,ZAPICO DAVID A,,0001127602-19-021384,2019-06-11,M,58760,41.7,258226,D,,,,,,
1037868,2019-06-13,AME,VARET ELIZEBETH R,,0001127602-19-021574,2019-06-13,S,3000,85.8,101670,D,,,,,,
1037868,2019-06-17,AME,VARET ELIZEBETH R,,0001127602-19-021840,2019-06-17,S,2000,84.9,99670,D,,,,,,
1037868,2019-06-19,AME,Burke William Joseph,,0001127602-19-022235,2019-06-18,S,16322,86.5061,70405,D,,,,,,
1037868,2019-06-19,AME,Burke William Joseph,,0001127602-19-022235,2019-06-18,M,16322,41.7,86727,D,,,,,,
1037868,2019-06-21,AME,Hardin John Wesley,,0001127602-19-022541,2019-06-20,M,26220,41.74,88654,D,,,,,,
1037868,2019-06-21,AME,CIAMPITTI TONY J,,0001127602-19-022539,2019-06-20,S,2756,87.0,33445,D,,,,,,
1037868,2019-06-21,AME,CIAMPITTI TONY J,,0001127602-19-022539,2019-06-20,M,2756,41.74,36201,D,,,,,,
1037868,2019-06-21,AME,Hardin John Wesley,,0001127602-19-022541,2019-06-20,S,26220,87.0,67395,D,,,,,,
1037868,2019-06-21,AME,Jones Timothy N,,0001127602-19-022542,2019-06-20,S,26220,88.6,38010,D,,,,,,
1037868,2019-06-21,AME,Jones Timothy N,,0001127602-19-022542,2019-06-20,M,26220,41.74,64230,D,,,,,,
1037868,2019-06-21,AME,Conti Anthony James,,0001127602-19-022544,2019-06-20,S,1570,87.7929,15628,D,,,,,,
1037868,2019-06-21,AME,Conti Anthony James,,0001127602-19-022544,2019-06-20,M,1570,30.74,17198,D,,,,,,
1037868,2019-06-26,AME,McClain Gretchen W,,0001127602-19-022854,2019-06-25,J,42,87.56,1480,D,,,,,,
1037868,2019-06-28,AME,MONTGOMERY THOMAS M,,0001127602-19-023013,2019-06-27,S,5602,88.5,20817,D,,,,,,
1037868,2019-06-28,AME,MONTGOMERY THOMAS M,,0001127602-19-023013,2019-06-27,M,5602,53.13,26419,D,,,,,,
1037868,2019-08-02,AME,Carpenter Tod E.,,0001127602-19-025887,2019-08-01,A,1570,88.32,1570,D,,,,,,
1037868,2019-08-19,AME,VARET ELIZEBETH R,,0001127602-19-026903,2019-08-16,D,2000,84.84,116445,I,,,,,,
1037868,2019-08-19,AME,VARET ELIZEBETH R,,0001127602-19-026903,2019-08-15,D,5000,84.467,118445,I,,,,,,
1037868,2019-08-26,AME,VARET ELIZEBETH R,,0001127602-19-027353,2019-08-23,D,2000,84.2,97670,D,,,,,,
1037868,2019-08-29,AME,VARET ELIZEBETH R,,0001127602-19-027562,2019-08-29,S,2000,85.19,95670,D,,,,,,
1037868,2019-09-16,AME,VARET ELIZEBETH R,,0001127602-19-028483,2019-09-13,J,10000,0.0,106445,I,,,,,,
1037868,2019-09-25,AME,McClain Gretchen W,,0001127602-19-029110,2019-09-24,J,45,89.88,1525,D,,,,,,
1037868,2019-11-05,AME,Jones Timothy N,,0001127602-19-031781,2019-11-04,S,46017,95.4359,38010,D,,,,,,
1037868,2019-11-05,AME,Jones Timothy N,,0001127602-19-031781,2019-11-04,M,21620,0.0,59630,D,,,,,,
1037868,2019-11-05,AME,Jones Timothy N,,0001127602-19-031781,2019-11-04,J,94,0.0,30977,D,,,,,,
1037868,2019-11-05,AME,Marecic Thomas C,,0001127602-19-031783,2019-11-04,J,31,0.0,10131,D,,,,,,
1037868,2019-11-05,AME,Marecic Thomas C,,0001127602-19-031783,2019-11-04,S,13990,95.015,22024,D,,,,,,
1037868,2019-11-05,AME,Marecic Thomas C,,0001127602-19-031783,2019-11-04,M,13990,0.0,36014,D,,,,,,
1037868,2019-11-06,AME,VARET ELIZEBETH R,,0001127602-19-031982,2019-11-05,S,3000,96.2,90670,D,,,,,,
1037868,2019-11-07,AME,Oscher Ronald J,,0001127602-19-032223,2019-11-05,M,12100,53.13,41046,D,,,,,,
1037868,2019-11-07,AME,MONTGOMERY THOMAS M,,0001127602-19-032228,2019-11-06,M,7036,52.27,27853,D,,,,,,
1037868,2019-11-07,AME,Hardin John Wesley,,0001127602-19-032224,2019-11-05,S,19650,96.09,62434,D,,,,,,
1037868,2019-11-07,AME,EGINTON WILLIAM D,,0001127602-19-032222,2019-11-05,S,13270,96.0792,44856,D,,,,,,
1037868,2019-11-07,AME,EGINTON WILLIAM D,,0001127602-19-032222,2019-11-05,J,68,0.0,22476,D,,,,,,
1037868,2019-11-07,AME,MONTGOMERY THOMAS M,,0001127602-19-032228,2019-11-06,J,5,0.0,1773,D,,,,,,
1037868,2019-11-07,AME,CIAMPITTI TONY J,,0001127602-19-032231,2019-11-07,J,16,0.0,5266,D,,,,,,
1037868,2019-11-07,AME,EGINTON WILLIAM D,,0001127602-19-032222,2019-11-05,M,13270,53.13,58126,D,,,,,,
1037868,2019-11-07,AME,Hardin John Wesley,,0001127602-19-032224,2019-11-05,J,64,0.0,21332,D,,,,,,
1037868,2019-11-07,AME,CIAMPITTI TONY J,,0001127602-19-032231,2019-11-07,S,9534,97.14,33445,D,,,,,,
1037868,2019-11-07,AME,CIAMPITTI TONY J,,0001127602-19-032231,2019-11-07,M,9534,53.13,42979,D,,,,,,
1037868,2019-11-07,AME,Hardin John Wesley,,0001127602-19-032224,2019-11-05,M,19650,0.0,82084,D,,,,,,
1037868,2019-11-07,AME,Oscher Ronald J,,0001127602-19-032223,2019-11-05,S,12100,96.3748,28946,D,,,,,,
1037868,2019-11-07,AME,MONTGOMERY THOMAS M,,0001127602-19-032228,2019-11-06,S,7036,96.1,20817,D,,,,,,
1037868,2019-11-07,AME,Oscher Ronald J,,0001127602-19-032223,2019-11-05,J,14,0.0,4687,D,,,,,,
1037868,2019-11-08,AME,Burke William Joseph,,0001127602-19-032387,2019-11-06,G,25,0.0,70274,D,,,,,,
1037868,2019-11-08,AME,VARET ELIZEBETH R,,0001127602-19-032332,2019-11-08,S,1000,96.5,89670,D,,,,,,
1037868,2019-11-08,AME,ZAPICO DAVID A,,0001127602-19-032385,2019-11-07,F,13360,96.2,186106,D,,,,,,
1037868,2019-11-08,AME,Burke William Joseph,,0001127602-19-032387,2019-11-05,G,105,0.0,70299,D,,,,,,
1037868,2019-11-08,AME,ZAPICO DAVID A,,0001127602-19-032385,2019-11-07,J,169,0.0,55784,D,,,,,,
1037868,2019-11-08,AME,Burke William Joseph,,0001127602-19-032359,2019-11-07,F,1258,96.2,69147,D,,,,,,
1037868,2019-11-08,AME,Burke William Joseph,,0001127602-19-032387,2019-10-21,G,1,0.0,70404,D,,,,,,
1037868,2019-11-08,AME,CIAMPITTI TONY J,,0001127602-19-032364,2019-11-07,F,1482,96.2,31963,D,,,,,,
1037868,2019-11-08,AME,MONTGOMERY THOMAS M,,0001127602-19-032353,2019-11-07,F,249,96.2,20568,D,,,,,,
1037868,2019-11-08,AME,Burke William Joseph,,0001127602-19-032387,2019-11-08,J,36,0.0,11894,D,,,,,,
1037868,2019-11-08,AME,Marecic Thomas C,,0001127602-19-032381,2019-11-07,F,616,96.2,21408,D,,,,,,
1037868,2019-11-08,AME,Jones Timothy N,,0001127602-19-032380,2019-11-07,F,816,96.2,37194,D,,,,,,
1037868,2019-11-08,AME,Hardin John Wesley,,0001127602-19-032379,2019-11-07,F,3088,96.2,59346,D,,,,,,
1037868,2019-11-08,AME,EGINTON WILLIAM D,,0001127602-19-032378,2019-11-07,F,1854,96.2,43002,D,,,,,,
1037868,2019-11-12,AME,Oscher Ronald J,,0001127602-19-032423,2019-11-07,F,2617,96.2,26329,D,,,,,,
1037868,2019-11-12,AME,VARET ELIZEBETH R,,0001127602-19-032549,2019-11-12,S,2000,96.5658,87670,D,,,,,,
1037868,2019-11-19,AME,VARET ELIZEBETH R,,0001127602-19-033317,2019-11-19,S,2000,98.41,85670,D,,,,,,
1037868,2019-11-20,AME,Burke William Joseph,,0001127602-19-033367,2019-11-19,M,12510,53.13,81526,D,,,,,,
1037868,2019-11-20,AME,Burke William Joseph,,0001127602-19-033367,2019-11-19,S,12510,98.5119,69016,D,,,,,,
1037868,2019-12-03,AME,McClain Gretchen W,,0001127602-19-034111,2019-12-02,S,1060,98.4257,9901,D,,,,,,
1037868,2019-12-20,AME,McClain Gretchen W,,0001127602-19-035669,2019-12-20,J,38,99.56,1563,D,,,,,,
1037868,2019-12-20,AME,VARET ELIZEBETH R,,0001127602-19-035676,2019-12-20,S,2000,99.9,83670,D,,,,,,
1037868,2019-12-23,AME,Oscher Ronald J,,0001127602-19-035747,2019-12-20,S,5000,99.7325,26329,D,,,,,,
1037868,2019-12-23,AME,Oscher Ronald J,,0001127602-19-035747,2019-12-20,J,7,0.0,4694,D,,,,,,
1037868,2019-12-23,AME,Oscher Ronald J,,0001127602-19-035747,2019-12-20,M,5000,52.27,31329,D,,,,,,
1037868,2019-12-30,AME,CHANDY RUBY R,,0001127602-19-035912,2019-12-27,M,5190,41.74,16920,D,,,,,,
1037868,2019-12-30,AME,CHANDY RUBY R,,0001127602-19-035912,2019-12-27,S,3376,99.9809,13544,D,,,,,,
1037868,2020-01-15,AME,Hardin John Wesley,,0001127602-20-001660,2019-06-20,S,4961,87.0048,54385,D,,,,,,
1037868,2020-01-15,AME,Hardin John Wesley,,0001127602-20-001660,2020-01-15,J,30,0.0,21362,D,,,,,,
1037868,2020-02-13,AME,VARET ELIZEBETH R,,0001127602-20-005295,2020-02-12,S,2000,101.8151,81670,D,,,,,,
1037868,2020-02-14,AME,Hardin John Wesley,,0001127602-20-005545,2020-02-13,J,886,101.44,22248,D,,,,,,
1037868,2020-02-14,AME,Jones Timothy N,,0001127602-20-005541,2020-02-13,J,768,101.44,31745,D,,,,,,
1037868,2020-02-14,AME,Oscher Ronald J,,0001127602-20-005543,2020-02-13,J,11,101.44,4705,D,,,,,,
1037868,2020-02-14,AME,Marecic Thomas C,,0001127602-20-005691,2020-02-13,J,638,101.44,10769,D,,,,,,
1037868,2020-02-14,AME,Burke William Joseph,,0001127602-20-005449,2019-12-23,G,1,0.0,68960,D,,,,,,
1037868,2020-02-14,AME,ZAPICO DAVID A,,0001127602-20-005513,2020-02-13,J,1996,101.44,57780,D,,,,,,
1037868,2020-02-14,AME,Burke William Joseph,,0001127602-20-005449,2020-02-13,J,294,101.44,12188,D,,,,,,
1037868,2020-02-14,AME,Burke William Joseph,,0001127602-20-005449,2019-12-12,G,55,0.0,68961,D,,,,,,
1037868,2020-02-18,AME,EGINTON WILLIAM D,,0001127602-20-006092,2020-02-13,J,5,101.44,22481,D,,,,,,
1037868,2020-02-18,AME,CIAMPITTI TONY J,,0001127602-20-005846,2020-02-13,J,847,101.44,6113,D,,,,,,
1037868,2020-02-19,AME,WILLIAMS DENNIS K,,0001127602-20-006411,2020-02-18,M,5190,41.74,33517,I,,,,,,
1037868,2020-02-19,AME,WILLIAMS DENNIS K,,0001127602-20-006411,2020-02-18,S,5190,101.1392,28327,I,,,,,,
1037868,2020-02-25,AME,VARET ELIZEBETH R,,0001127602-20-007566,2020-02-24,S,2000,95.4,65500,I,,,,,,
1037868,2020-02-27,AME,VARET ELIZEBETH R,,0001127602-20-008131,2020-02-26,S,2000,95.5248,63500,I,,,,,,
1037868,2020-03-19,AME,MONTGOMERY THOMAS M,,0001127602-20-011388,2020-03-18,I,1411,65.65,3193,D,,,,,,
1037868,2020-03-19,AME,Burke William Joseph,,0001127602-20-011384,2020-03-18,I,3189,65.65,3189,D,,,,,,
1037868,2020-03-19,AME,ZAPICO DAVID A,,0001127602-20-011382,2020-03-18,I,15628,65.65,15628,D,,,,,,
1037868,2020-03-20,AME,WILLIAMS DENNIS K,,0001127602-20-011697,2020-03-20,A,2130,63.37,30457,I,,,,,,
1037868,2020-03-20,AME,VARET ELIZEBETH R,,0001127602-20-011695,2020-03-20,A,2130,63.37,83800,D,,,,,,
1037868,2020-03-20,AME,EGINTON WILLIAM D,,0001127602-20-011705,2020-03-20,A,2701,63.37,45703,D,,,,,,
1037868,2020-03-20,AME,CIAMPITTI TONY J,,0001127602-20-011703,2020-03-20,A,3170,63.37,35133,D,,,,,,
1037868,2020-03-20,AME,Burke William Joseph,,0001127602-20-011701,2020-03-20,A,6070,63.37,75030,D,,,,,,
1037868,2020-03-20,AME,ZAPICO DAVID A,,0001127602-20-011699,2020-03-20,A,21940,63.37,208046,D,,,,,,
1037868,2020-03-20,AME,Conti Anthony James,,0001127602-20-011642,2020-03-20,A,2130,72.951,19328,D,,,,,,
1037868,2020-03-20,AME,CHANDY RUBY R,,0001127602-20-011635,2020-03-20,A,2130,72.951,15674,D,,,,,,
1037868,2020-03-20,AME,Carpenter Tod E.,,0001127602-20-011631,2020-03-20,A,2130,72.951,3700,D,,,,,,
1037868,2020-03-20,AME,McClain Gretchen W,,0001127602-20-011693,2020-03-20,A,2130,63.37,12031,D,,,,,,
1037868,2020-03-20,AME,Kohlhagen Steven W,,0001127602-20-011691,2020-03-20,A,2130,63.37,57069,D,,,,,,
1037868,2020-03-20,AME,AMATO THOMAS A,,0001127602-20-011689,2020-03-20,A,2130,63.37,9710,D,,,,,,
1037868,2020-03-23,AME,MONTGOMERY THOMAS M,,0001127602-20-011720,2020-03-20,A,1645,63.37,22190,D,,,,,,
1037868,2020-03-23,AME,Jones Timothy N,,0001127602-20-011716,2020-03-20,A,3290,63.37,40484,D,,,,,,
1037868,2020-03-23,AME,Oscher Ronald J,,0001127602-20-011722,2020-03-20,A,3170,63.37,29499,D,,,,,,
1037868,2020-03-23,AME,Hardin John Wesley,,0001127602-20-011714,2020-03-20,A,3560,63.37,57945,D,,,,,,
1037868,2020-03-23,AME,Marecic Thomas C,,0001127602-20-011718,2020-03-20,A,3170,63.37,24578,D,,,,,,
1037868,2020-03-27,AME,VARET ELIZEBETH R,,0001127602-20-012087,2020-03-24,J,200,0.0,0,I,,,,,,
1037868,2020-05-06,AME,Conti Anthony James,,0001127602-20-015663,2020-05-06,M,5190,41.74,24518,D,,,,,,
1037868,2020-05-06,AME,Conti Anthony James,,0001127602-20-015663,2020-05-06,S,1000,81.526,23518,D,,,,,,
1037868,2020-05-06,AME,Kohlhagen Steven W,,0001127602-20-015648,2020-05-06,M,5190,41.74,62259,D,,,,,,
1037868,2020-05-11,AME,Marecic Thomas C,,0001127602-20-016176,2020-05-11,F,699,83.24,23532,D,,,,,,
1037868,2020-05-11,AME,MONTGOMERY THOMAS M,,0001127602-20-016127,2020-05-11,F,280,83.24,21770,D,,,,,,
1037868,2020-05-11,AME,Hardin John Wesley,,0001127602-20-016152,2020-05-08,F,410,84.32,57535,D,,,,,,
1037868,2020-05-11,AME,Oscher Ronald J,,0001127602-20-016187,2020-05-11,F,273,83.42,28849,D,,,,,,
1037868,2020-05-11,AME,Marecic Thomas C,,0001127602-20-016176,2020-05-08,F,347,84.32,24231,D,,,,,,
1037868,2020-05-11,AME,Jones Timothy N,,0001127602-20-016160,2020-05-08,J,67,0.0,31903,D,,,,,,
1037868,2020-05-11,AME,Jones Timothy N,,0001127602-20-016160,2020-05-08,F,393,84.32,40091,D,,,,,,
1037868,2020-05-11,AME,CIAMPITTI TONY J,,0001127602-20-016129,2020-05-08,F,330,84.32,34803,D,,,,,,
1037868,2020-05-11,AME,Hardin John Wesley,,0001127602-20-016152,2020-05-11,F,2127,83.24,55408,D,,,,,,
1037868,2020-05-11,AME,Oscher Ronald J,,0001127602-20-016187,2020-05-08,J,9,0.0,4728,D,,,,,,
1037868,2020-05-11,AME,CIAMPITTI TONY J,,0001127602-20-016129,2020-05-08,J,12,0.0,6144,D,,,,,,
1037868,2020-05-11,AME,Jones Timothy N,,0001127602-20-016160,2020-05-11,F,834,83.24,39257,D,,,,,,
1037868,2020-05-11,AME,EGINTON WILLIAM D,,0001127602-20-016147,2020-05-08,F,216,84.32,45487,D,,,,,,
1037868,2020-05-11,AME,EGINTON WILLIAM D,,0001127602-20-016147,2020-05-08,J,12,0.0,5055,I,,,,,,
1037868,2020-05-11,AME,Oscher Ronald J,,0001127602-20-016187,2020-05-08,F,377,84.32,29122,D,,,,,,
1037868,2020-05-11,AME,MONTGOMERY THOMAS M,,0001127602-20-016127,2020-05-08,F,140,84.32,22050,D,,,,,,
1037868,2020-05-11,AME,EGINTON WILLIAM D,,0001127602-20-016147,2020-05-11,F,1079,83.24,44408,D,,,,,,
1037868,2020-05-11,AME,Hardin John Wesley,,0001127602-20-016152,2020-05-08,J,1,0.0,509,I,,,,,,
1037868,2020-05-11,AME,CIAMPITTI TONY J,,0001127602-20-016129,2020-05-11,F,240,83.24,34563,D,,,,,,
1037868,2020-05-11,AME,MONTGOMERY THOMAS M,,0001127602-20-016127,2020-05-08,J,3,0.0,3190,D,,,,,,
1037868,2020-05-11,AME,Marecic Thomas C,,0001127602-20-016176,2020-05-08,J,22,0.0,10822,D,,,,,,
1037868,2020-05-12,AME,Burke William Joseph,,0001127602-20-016201,2020-05-11,G,260,0.0,72436,D,,,,,,
1037868,2020-05-12,AME,Burke William Joseph,,0001127602-20-016201,2020-05-11,F,1620,83.24,72696,D,,,,,,
1037868,2020-05-12,AME,Burke William Joseph,,0001127602-20-016201,2020-05-08,F,714,84.32,74316,D,,,,,,
1037868,2020-05-12,AME,ZAPICO DAVID A,,0001127602-20-016204,2020-05-11,F,12537,83.24,193413,D,,,,,,
1037868,2020-05-12,AME,ZAPICO DAVID A,,0001127602-20-016204,2020-05-08,F,2096,84.32,205950,D,,,,,,
1037868,2020-05-13,AME,AMATO THOMAS A,,0001127602-20-016455,2020-05-13,S,965,79.59,8745,D,,,,,,
1037868,2020-06-04,AME,Jones Timothy N,,0001127602-20-018845,2020-06-03,S,25730,94.8832,39257,D,,,,,,
1037868,2020-06-04,AME,Kohlhagen Steven W,,0001127602-20-018834,2020-06-03,S,3200,94.9152,59059,D,,,,,,
1037868,2020-06-04,AME,Jones Timothy N,,0001127602-20-018845,2020-06-03,M,25730,52.27,64987,D,,,,,,
1037868,2020-08-06,AME,Oscher Ronald J,,0001127602-20-023076,2020-08-05,M,8000,52.27,36849,D,,,,,,
1037868,2020-08-06,AME,Oscher Ronald J,,0001127602-20-023076,2020-08-05,S,8000,96.1861,28849,D,,,,,,
1037868,2020-08-10,AME,McClain Gretchen W,,0001127602-20-023192,2020-08-07,M,1290,52.27,13321,D,,,,,,
1037868,2020-08-10,AME,VARET ELIZEBETH R,,0001127602-20-023194,2020-08-07,J,10000,0.0,96445,I,,,,,,
1037868,2020-08-10,AME,McClain Gretchen W,,0001127602-20-023192,2020-08-07,S,1290,98.1062,12031,D,,,,,,
1037868,2020-08-11,AME,EGINTON WILLIAM D,,0001127602-20-023404,2020-08-11,M,10000,52.27,54408,D,,,,,,
1037868,2020-08-11,AME,EGINTON WILLIAM D,,0001127602-20-023404,2020-08-11,S,10000,101.1122,44408,D,,,,,,
1037868,2020-08-11,AME,Marecic Thomas C,,0001127602-20-023399,2020-08-11,M,12100,53.13,35632,D,,,,,,
1037868,2020-08-11,AME,Marecic Thomas C,,0001127602-20-023399,2020-08-11,S,12100,100.6904,23532,D,,,,,,
1037868,2020-08-11,AME,MONTGOMERY THOMAS M,,0001127602-20-023393,2020-08-11,M,2000,46.96,23770,D,,,,,,
1037868,2020-08-11,AME,MONTGOMERY THOMAS M,,0001127602-20-023393,2020-08-11,S,2000,101.5,21770,D,,,,,,
1037868,2020-08-14,AME,ZAPICO DAVID A,,0001127602-20-023624,2020-08-14,M,44740,53.13,238153,D,,,,,,
1037868,2020-08-14,AME,ZAPICO DAVID A,,0001127602-20-023624,2020-08-14,S,44740,100.8727,193413,D,,,,,,
1037868,2020-08-14,AME,CHANDY RUBY R,,0001127602-20-023622,2020-08-13,M,3740,53.13,19414,D,,,,,,
1037868,2020-08-14,AME,CHANDY RUBY R,,0001127602-20-023622,2020-08-13,S,2678,100.95,16736,D,,,,,,
1037868,2020-08-17,AME,Oscher Ronald J,,0001127602-20-023682,2020-08-17,M,8110,52.27,36959,D,,,,,,
1037868,2020-08-17,AME,Oscher Ronald J,,0001127602-20-023682,2020-08-17,S,8110,101.5706,28849,D,,,,,,
1037868,2020-08-19,AME,VARET ELIZEBETH R,,0001127602-20-023899,2020-08-19,S,5000,101.2045,58500,I,,,,,,
1037868,2020-08-21,AME,VARET ELIZABETH R,,0001127602-20-024012,2020-08-19,S,8000,101.21,50500,I,,,,,,
1037868,2020-08-21,AME,VARET ELIZABETH R,,0001127602-20-024012,2020-08-20,S,7000,100.45,43500,I,,,,,,
1037868,2020-08-26,AME,Jones Timothy N,,0001127602-20-024282,2020-08-25,S,3573,101.52,37757,D,,,,,,
1037868,2020-08-26,AME,Jones Timothy N,,0001127602-20-024282,2020-08-25,M,2073,46.96,41330,D,,,,,,
1037868,2020-08-28,AME,Jones Timothy N,,0001127602-20-024409,2020-08-28,S,4160,101.3,36257,D,,,,,,
1037868,2020-08-28,AME,Jones Timothy N,,0001127602-20-024409,2020-08-28,M,4160,46.96,40417,D,,,,,,
1037868,2020-08-28,AME,Jones Timothy N,,0001127602-20-024409,2020-08-27,M,1900,46.96,39657,D,,,,,,
1037868,2020-08-28,AME,Jones Timothy N,,0001127602-20-024409,2020-08-27,S,3400,101.52,36257,D,,,,,,
1037868,2020-09-02,AME,Burke William Joseph,,0001127602-20-024602,2020-09-01,M,16418,52.27,88854,D,,,,,,
1037868,2020-09-02,AME,Burke William Joseph,,0001127602-20-024602,2020-09-01,S,16418,102.0493,72436,D,,,,,,
1037868,2020-09-18,AME,Kohlhagen Steven W,,0001127602-20-025402,2020-09-17,M,3740,53.13,62799,D,,,,,,
1037868,2020-09-18,AME,Kohlhagen Steven W,,0001127602-20-025402,2020-09-17,S,3740,102.3666,59059,D,,,,,,
1037868,2020-11-10,AME,WILLIAMS DENNIS K,,0001127602-20-028612,2020-11-09,S,3740,116.6843,30457,I,,,,,,
1037868,2020-11-10,AME,WILLIAMS DENNIS K,,0001127602-20-028612,2020-11-09,M,3740,53.13,34197,I,,,,,,
1037868,2020-11-10,AME,Jones Timothy N,,0001127602-20-028635,2020-11-09,S,100,115.77,53527,D,,,,,,
1037868,2020-11-10,AME,Jones Timothy N,,0001127602-20-028635,2020-11-09,M,17370,60.3,53627,D,,,,,,
1037868,2020-11-12,AME,Conti Anthony James,,0001127602-20-028771,2020-11-11,M,3000,53.13,26518,D,,,,,,
1037868,2020-11-12,AME,Conti Anthony James,,0001127602-20-028771,2020-11-11,S,3000,116.7517,23518,D,,,,,,
1037868,2020-12-10,AME,EGINTON WILLIAM D,,0001127602-20-031128,2020-12-09,S,7824,118.5397,44408,D,,,,,,
1037868,2020-12-10,AME,EGINTON WILLIAM D,,0001127602-20-031128,2020-12-09,M,7824,52.27,52232,D,,,,,,
1037868,2020-12-16,AME,CIAMPITTI TONY J,,0001127602-20-031565,2020-12-15,M,14072,52.27,48635,D,,,,,,
1037868,2020-12-16,AME,CIAMPITTI TONY J,,0001127602-20-031565,2020-12-15,S,14072,118.0,34563,D,,,,,,
1037868,2020-12-16,AME,ZAPICO DAVID A,,0001127602-20-031561,2020-12-15,M,58040,52.27,251453,D,,,,,,
1037868,2020-12-16,AME,ZAPICO DAVID A,,0001127602-20-031561,2020-12-15,S,58040,117.722,193413,D,,,,,,
1037868,2020-12-22,AME,Burke William Joseph,,0001127602-20-032154,2020-11-23,G,65,0.0,72369,D,,,,,,
1037868,2020-12-22,AME,Burke William Joseph,,0001127602-20-032154,2020-11-27,G,65,0.0,72304,D,,,,,,
1037868,2020-12-22,AME,Burke William Joseph,,0001127602-20-032154,2020-12-18,S,238,118.51,72259,D,,,,,,
1037868,2020-12-22,AME,Burke William Joseph,,0001127602-20-032154,2020-12-03,G,45,0.0,72259,D,,,,,,
1037868,2020-12-22,AME,Burke William Joseph,,0001127602-20-032154,2020-12-18,M,238,46.96,72497,D,,,,,,
1037868,2020-12-22,AME,Burke William Joseph,,0001127602-20-032154,2020-10-07,G,2,0.0,72434,D,,,,,,
1037868,2020-12-22,AME,Burke William Joseph,,0001127602-20-032154,2020-12-21,M,1722,46.96,73981,D,,,,,,
1037868,2020-12-22,AME,Burke William Joseph,,0001127602-20-032154,2020-12-21,S,1722,118.5369,72259,D,,,,,,
1037868,2020-12-22,AME,Hardin John Wesley,,0001127602-20-032147,2020-12-21,S,1100,118.5346,55408,D,,,,,,
1037868,2020-12-22,AME,Hardin John Wesley,,0001127602-20-032147,2020-12-18,M,2700,52.27,58108,D,,,,,,
1037868,2020-12-22,AME,Hardin John Wesley,,0001127602-20-032147,2020-12-18,S,2700,118.5039,55408,D,,,,,,
1037868,2020-12-22,AME,Hardin John Wesley,,0001127602-20-032147,2020-12-21,M,1100,52.27,56508,D,,,,,,
1037868,2020-12-28,AME,Burke William Joseph,,0001127602-20-032327,2020-12-23,S,18259,118.6041,72259,D,,,,,,
1037868,2020-12-28,AME,Burke William Joseph,,0001127602-20-032327,2020-12-23,M,18259,46.96,90518,D,,,,,,
1037868,2020-12-28,AME,Burke William Joseph,,0001127602-20-032327,2020-12-22,S,4781,118.5227,72259,D,,,,,,
1037868,2020-12-28,AME,Burke William Joseph,,0001127602-20-032327,2020-12-22,M,4781,46.96,77040,D,,,,,,
1037868,2020-12-28,AME,Hardin John Wesley,,0001127602-20-032329,2020-12-22,M,20530,52.27,75938,D,,,,,,
1037868,2020-12-28,AME,MONTGOMERY THOMAS M,,0001127602-20-032358,2020-12-28,S,6130,120.2462,20770,D,,,,,,
1037868,2020-12-28,AME,MONTGOMERY THOMAS M,,0001127602-20-032358,2020-12-28,M,6130,46.96,26900,D,,,,,,
1037868,2020-12-28,AME,Hardin John Wesley,,0001127602-20-032329,2020-12-22,S,20530,118.149,55408,D,,,,,,
1037868,2021-01-13,AME,Jones Timothy N,,0001127602-21-001643,2021-01-12,F,626,124.12,32896,D,,,,,,
1037868,2021-01-13,AME,Burke William Joseph,,0001127602-21-001639,2021-01-12,J,8,124.12,3190,D,,,,,,
1037868,2021-01-13,AME,Jones Timothy N,,0001127602-21-001643,2021-01-12,J,79,124.12,31982,D,,,,,,
1037868,2021-01-13,AME,Marecic Thomas C,,0001127602-21-001637,2021-01-12,J,8,124.12,2957,I,,,,,,
1037868,2021-01-13,AME,ZAPICO DAVID A,,0001127602-21-001641,2021-01-12,F,2464,124.12,190949,D,,,,,,
1037868,2021-01-13,AME,Burke William Joseph,,0001127602-21-001639,2021-01-12,F,874,124.12,71385,D,,,,,,
1037868,2021-01-13,AME,Marecic Thomas C,,0001127602-21-001637,2021-01-12,F,505,124.12,23027,D,,,,,,
1037868,2021-01-13,AME,ZAPICO DAVID A,,0001127602-21-001641,2021-01-12,J,143,124.12,58210,D,,,,,,
1037868,2021-01-13,AME,Oscher Ronald J,,0001127602-21-001635,2021-01-12,F,1929,124.12,26920,D,,,,,,
1037868,2021-01-13,AME,EGINTON WILLIAM D,,0001127602-21-001629,2021-01-12,J,12,124.12,5068,I,,,,,,
1037868,2021-01-13,AME,Oscher Ronald J,,0001127602-21-001635,2021-01-12,J,2,124.12,888,I,,,,,,
1037868,2021-01-13,AME,Hardin John Wesley,,0001127602-21-001631,2021-01-12,F,616,124.12,54792,D,,,,,,
1037868,2021-01-13,AME,Hardin John Wesley,,0001127602-21-001631,2021-01-12,J,1,124.12,510,I,,,,,,
1037868,2021-01-13,AME,EGINTON WILLIAM D,,0001127602-21-001629,2021-01-12,F,347,124.12,44061,D,,,,,,
1037868,2021-01-13,AME,MONTGOMERY THOMAS M,,0001127602-21-001606,2021-01-12,F,181,124.12,20589,D,,,,,,
1037868,2021-01-13,AME,MONTGOMERY THOMAS M,,0001127602-21-001606,2021-01-12,J,8,124.12,3358,I,,,,,,
1037868,2021-01-14,AME,CIAMPITTI TONY J,,0001127602-21-001645,2021-01-12,J,15,124.12,6159,D,,,,,,
1037868,2021-01-14,AME,CIAMPITTI TONY J,,0001127602-21-001645,2021-01-12,F,2006,124.12,32557,D,,,,,,
1037868,2021-01-15,AME,McClain Gretchen W,,0001127602-21-001765,2021-01-14,J,9,120.72,1576,D,,,,,,
1037868,2021-01-15,AME,McClain Gretchen W,,0001127602-21-001765,2021-01-14,I,56,120.72,1520,D,,,,,,
1037868,2021-01-15,AME,VARET ELIZABETH R,,0001127602-21-001753,2020-09-08,S,2800,97.9304,93645,I,,,,,,
1037868,2021-02-16,AME,Jones Timothy N,,0001127602-21-005930,2021-02-12,J,549,121.75,32531,D,,,,,,
1037868,2021-02-16,AME,Marecic Thomas C,,0001127602-21-005925,2021-02-12,J,405,121.75,11254,D,,,,,,
1037868,2021-02-16,AME,CIAMPITTI TONY J,,0001127602-21-005920,2021-02-12,J,635,121.75,6794,D,,,,,,
1037868,2021-02-19,AME,Hardin John Wesley,,0001127602-21-006815,2021-02-18,A,3917,0.0,58709,D,,,,,,
1037868,2021-02-19,AME,ZAPICO DAVID A,,0001127602-21-006825,2021-02-18,A,20722,0.0,211671,D,,,,,,
1037868,2021-02-19,AME,Burke William Joseph,,0001127602-21-006820,2021-02-18,A,6823,0.0,78208,D,,,,,,
1037868,2021-02-19,AME,Hardin John Wesley,,0001127602-21-006815,2021-02-18,F,1116,118.95,57593,D,,,,,,
1037868,2021-02-19,AME,CIAMPITTI TONY J,,0001127602-21-006809,2021-02-18,A,3268,0.0,35825,D,,,,,,
1037868,2021-02-19,AME,MONTGOMERY THOMAS M,,0001127602-21-006831,2021-02-18,A,1387,0.0,21976,D,,,,,,
1037868,2021-02-19,AME,MONTGOMERY THOMAS M,,0001127602-21-006831,2021-02-18,F,382,118.95,21594,D,,,,,,
1037868,2021-02-19,AME,ZAPICO DAVID A,,0001127602-21-006825,2021-02-18,F,8803,118.95,202868,D,,,,,,
1037868,2021-02-19,AME,Burke William Joseph,,0001127602-21-006820,2021-02-18,F,2582,118.95,75626,D,,,,,,
1037868,2021-02-19,AME,Marecic Thomas C,,0001127602-21-006770,2021-02-18,F,944,118.95,25351,D,,,,,,
1037868,2021-02-19,AME,EGINTON WILLIAM D,,0001127602-21-006764,2021-02-18,A,2138,0.0,46199,D,,,,,,
1037868,2021-02-19,AME,EGINTON WILLIAM D,,0001127602-21-006764,2021-02-18,F,588,118.95,45611,D,,,,,,
1037868,2021-02-19,AME,Jones Timothy N,,0001127602-21-006799,2021-02-18,A,3737,0.0,36633,D,,,,,,
1037868,2021-02-19,AME,CIAMPITTI TONY J,,0001127602-21-006809,2021-02-18,F,1237,118.95,34588,D,,,,,,
1037868,2021-02-19,AME,Jones Timothy N,,0001127602-21-006799,2021-02-18,F,1065,118.95,35568,D,,,,,,
1037868,2021-02-19,AME,Marecic Thomas C,,0001127602-21-006770,2021-02-18,A,3268,0.0,26295,D,,,,,,
1037868,2021-02-19,AME,Oscher Ronald J,,0001127602-21-006776,2021-02-18,A,3268,0.0,30188,D,,,,,,
1037868,2021-02-19,AME,Oscher Ronald J,,0001127602-21-006776,2021-02-18,F,1508,118.95,28680,D,,,,,,
1037868,2021-03-12,AME,Marecic Thomas C,,0001127602-21-010431,2021-03-11,A,2360,121.91,27711,D,,,,,,
1037868,2021-03-12,AME,Carpenter Tod E.,,0001127602-21-010469,2021-03-11,A,1280,121.91,4980,D,,,,,,
1037868,2021-03-12,AME,ZAPICO DAVID A,,0001127602-21-010451,2021-03-11,A,15230,121.91,218098,D,,,,,,
1037868,2021-03-12,AME,CIAMPITTI TONY J,,0001127602-21-010428,2021-03-11,A,2360,121.91,36948,D,,,,,,
1037868,2021-03-12,AME,Jones Timothy N,,0001127602-21-010448,2021-03-11,A,2450,121.91,38018,D,,,,,,
1037868,2021-03-12,AME,EGINTON WILLIAM D,,0001127602-21-010434,2021-03-11,A,2065,121.91,47676,D,,,,,,
1037868,2021-03-12,AME,Hardin John Wesley,,0001127602-21-010453,2021-03-11,A,2640,121.91,60233,D,,,,,,
1037868,2021-03-12,AME,Burke William Joseph,,0001127602-21-010442,2021-03-11,A,4180,121.91,79806,D,,,,,,
1037868,2021-03-12,AME,Conti Anthony James,,0001127602-21-010393,2021-03-11,A,1280,121.91,24798,D,,,,,,
1037868,2021-03-12,AME,CHANDY RUBY R,,0001127602-21-010404,2021-03-11,A,1280,121.91,18016,D,,,,,,
1037868,2021-03-12,AME,McClain Gretchen W,,0001127602-21-010402,2021-03-11,A,1280,121.91,13367,D,,,,,,
1037868,2021-03-12,AME,MONTGOMERY THOMAS M,,0001127602-21-010389,2021-03-11,A,1328,121.91,22922,D,,,,,,
1037868,2021-03-12,AME,Oberton Karleen Marie,,0001127602-21-010401,2021-03-11,A,1390,121.91,1390,D,,,,,,
1037868,2021-03-12,AME,Oscher Ronald J,,0001127602-21-010424,2021-03-11,A,2360,121.91,31040,D,,,,,,
1037868,2021-03-12,AME,AMATO THOMAS A,,0001127602-21-010407,2021-03-11,A,1280,121.91,10025,D,,,,,,
1037868,2021-03-12,AME,Kohlhagen Steven W,,0001127602-21-010406,2021-03-11,A,1280,121.91,60339,D,,,,,,
1037868,2021-03-16,AME,Hardin John Wesley,,0001127602-21-010843,2021-03-16,S,4148,124.0,56085,D,,,,,,
1037868,2021-03-23,AME,Marecic Thomas C,,0001127602-21-011761,2021-03-22,F,305,122.89,27406,D,,,,,,
1037868,2021-03-23,AME,Jones Timothy N,,0001127602-21-011838,2021-03-22,F,441,122.89,37577,D,,,,,,
1037868,2021-03-23,AME,Hardin John Wesley,,0001127602-21-011837,2021-03-22,F,378,122.89,55707,D,,,,,,
1037868,2021-03-23,AME,EGINTON WILLIAM D,,0001127602-21-011835,2021-03-22,F,248,122.89,47428,D,,,,,,
1037868,2021-03-23,AME,CIAMPITTI TONY J,,0001127602-21-011834,2021-03-22,F,449,122.89,36499,D,,,,,,
1037868,2021-03-23,AME,Burke William Joseph,,0001127602-21-011833,2021-03-22,F,880,122.89,78926,D,,,,,,
1037868,2021-03-23,AME,ZAPICO DAVID A,,0001127602-21-011762,2021-03-22,F,3107,122.89,214991,D,,,,,,
1037868,2021-03-23,AME,MONTGOMERY THOMAS M,,0001127602-21-011760,2021-03-22,F,151,122.89,22771,D,,,,,,
1037868,2021-03-23,AME,Oscher Ronald J,,0001127602-21-011759,2021-03-22,F,490,122.89,30550,D,,,,,,
1037868,2021-03-25,AME,Conti Anthony James,,0001127602-21-012029,2021-03-25,M,740,53.13,25538,D,,,,,,
1037868,2021-03-25,AME,Conti Anthony James,,0001127602-21-012029,2021-03-25,S,740,121.4301,24798,D,,,,,,
1037868,2021-03-29,AME,Marecic Thomas C,,0001127602-21-012158,2021-03-26,S,6315,125.16,40331,D,,,,,,
1037868,2021-03-29,AME,Marecic Thomas C,,0001127602-21-012158,2021-03-26,M,19240,52.27,46646,D,,,,,,
1037868,2021-03-30,AME,Oscher Ronald J,,0001127602-21-012284,2021-03-29,M,13000,46.96,43550,D,,,,,,
1037868,2021-03-30,AME,Oscher Ronald J,,0001127602-21-012284,2021-03-29,S,13000,126.7742,30550,D,,,,,,
1037868,2021-05-05,AME,AMATO THOMAS A,,0001127602-21-015505,2021-05-05,S,1130,136.5873,8895,D,,,,,,
1037868,2021-05-11,AME,MONTGOMERY THOMAS M,,0001127602-21-016290,2021-03-29,G,25,0.0,22746,D,,,,,,
1037868,2021-05-11,AME,ZAPICO DAVID A,,0001127602-21-016293,2021-05-10,F,5574,137.09,209417,D,,,,,,
1037868,2021-05-11,AME,Burke William Joseph,,0001127602-21-016291,2021-05-10,G,240,0.0,76855,D,,,,,,
1037868,2021-05-11,AME,Oscher Ronald J,,0001127602-21-016292,2021-05-10,F,961,137.09,29589,D,,,,,,
1037868,2021-05-11,AME,Burke William Joseph,,0001127602-21-016291,2021-05-10,F,1831,137.09,77095,D,,,,,,
1037868,2021-05-11,AME,CIAMPITTI TONY J,,0001127602-21-016285,2021-05-10,F,880,137.09,35619,D,,,,,,
1037868,2021-05-11,AME,Hardin John Wesley,,0001127602-21-016287,2021-05-10,F,1059,137.09,54648,D,,,,,,
1037868,2021-05-11,AME,EGINTON WILLIAM D,,0001127602-21-016286,2021-05-10,F,423,137.09,47005,D,,,,,,
1037868,2021-05-11,AME,Marecic Thomas C,,0001127602-21-016289,2021-05-10,F,909,137.09,26497,D,,,,,,
1037868,2021-05-11,AME,MONTGOMERY THOMAS M,,0001127602-21-016290,2021-05-10,F,268,137.09,22478,D,,,,,,
1037868,2021-05-11,AME,Jones Timothy N,,0001127602-21-016288,2021-05-10,F,1004,137.09,36573,D,,,,,,
1037868,2021-05-17,AME,CIAMPITTI TONY J,,0001127602-21-017011,2021-05-14,M,15626,46.96,51245,D,,,,,,
1037868,2021-05-17,AME,CIAMPITTI TONY J,,0001127602-21-017011,2021-05-14,S,15626,134.4766,35619,D,,,,,,
1037868,2021-05-27,AME,Kohlhagen Steven W,,0001127602-21-018118,2021-05-26,G,1900,0.0,58439,D,,,,,,
1037868,2021-06-04,AME,Oscher Ronald J,,0001127602-21-019243,2021-06-03,M,13680,46.96,43269,D,,,,,,
1037868,2021-06-04,AME,Oscher Ronald J,,0001127602-21-019243,2021-06-03,S,39650,136.7583,29589,D,,,,,,
1037868,2021-06-09,AME,Burke William Joseph,,0001127602-21-019540,2021-06-07,M,2700,46.96,79555,D,,,,,,
1037868,2021-06-09,AME,Burke William Joseph,,0001127602-21-019540,2021-06-07,S,2700,138.0354,76855,D,,,,,,
1037868,2021-07-01,AME,Hardin John Wesley,,0001127602-21-021022,2021-06-30,M,3000,46.96,57648,D,,,,,,
1037868,2021-07-01,AME,Hardin John Wesley,,0001127602-21-021022,2021-06-30,S,3000,133.4358,54648,D,,,,,,
1037868,2021-08-31,AME,Jones Timothy N,,0001127602-21-024576,2021-08-30,M,17370,60.3,53943,D,,,,,,
1037868,2021-08-31,AME,Jones Timothy N,,0001127602-21-024576,2021-08-30,S,40936,137.5781,36573,D,,,,,,
1037868,2021-09-08,AME,Kohlhagen Steven W,,0001127602-21-025017,2021-09-08,M,5160,52.27,63599,D,,,,,,
1037868,2021-09-08,AME,Kohlhagen Steven W,,0001127602-21-025017,2021-09-08,S,5160,132.2803,58439,D,,,,,,
1037868,2021-11-04,AME,Burke William Joseph,,0001127602-21-028401,2021-11-03,M,22480,46.96,99333,D,,,,,,
1037868,2021-11-04,AME,Burke William Joseph,,0001127602-21-028401,2021-11-03,S,22480,140.0445,76853,D,,,,,,
1037868,2021-11-04,AME,Burke William Joseph,,0001127602-21-028401,2021-11-03,J,58,0.0,12337,D,,,,,,
1037868,2021-11-04,AME,Hardin John Wesley,,0001127602-21-028383,2021-11-03,M,27750,46.96,82398,D,,,,,,
1037868,2021-11-04,AME,Burke William Joseph,,0001127602-21-028401,2021-10-04,G,2,0.0,76853,D,,,,,,
1037868,2021-11-04,AME,Hardin John Wesley,,0001127602-21-028383,2021-11-03,J,2,0.0,512,I,,,,,,
1037868,2021-11-04,AME,EGINTON WILLIAM D,,0001127602-21-028380,2021-11-03,J,106,0.0,22754,D,,,,,,
1037868,2021-11-04,AME,Hardin John Wesley,,0001127602-21-028383,2021-11-03,S,27750,140.0,54648,D,,,,,,
1037868,2021-11-04,AME,EGINTON WILLIAM D,,0001127602-21-028380,2021-11-03,M,8922,49.96,55927,D,,,,,,
1037868,2021-11-04,AME,EGINTON WILLIAM D,,0001127602-21-028380,2021-11-03,S,27337,139.8191,47005,D,,,,,,
1037868,2021-11-05,AME,CHANDY RUBY R,,0001127602-21-028457,2021-11-04,M,5160,52.27,23176,D,,,,,,
1037868,2021-11-05,AME,CHANDY RUBY R,,0001127602-21-028457,2021-11-04,S,1930,140.3109,21246,D,,,,,,
1037868,2021-11-12,AME,ZAPICO DAVID A,,0001127602-21-029040,2021-11-12,S,12400,138.85,266820,D,,,,,,
1037868,2021-11-12,AME,ZAPICO DAVID A,,0001127602-21-029040,2021-11-12,M,69803,46.96,279220,D,,,,,,
1037868,2021-11-12,AME,ZAPICO DAVID A,,0001127602-21-029040,2021-11-11,J,273,0.0,58483,D,,,,,,
1037868,2021-11-12,AME,ZAPICO DAVID A,,0001127602-21-029040,2021-11-11,M,41567,46.96,250984,D,,,,,,
1037868,2021-11-12,AME,ZAPICO DAVID A,,0001127602-21-029040,2021-11-11,S,41567,138.8882,209417,D,,,,,,
1037868,2021-11-16,AME,Marecic Thomas C,,0001127602-21-029363,2021-11-16,M,20224,49.96,46721,D,,,,,,
1037868,2021-11-16,AME,Marecic Thomas C,,0001127602-21-029363,2021-11-16,S,20224,140.8224,26497,D,,,,,,
1037868,2021-11-16,AME,Marecic Thomas C,,0001127602-21-029363,2021-11-15,J,53,0.0,11307,D,,,,,,
1037868,2021-11-16,AME,Marecic Thomas C,,0001127602-21-029363,2021-11-15,M,4086,46.96,30583,D,,,,,,
1037868,2021-11-16,AME,Marecic Thomas C,,0001127602-21-029363,2021-11-15,S,4086,140.5159,26497,D,,,,,,
1037868,2021-11-17,AME,MONTGOMERY THOMAS M,,0001127602-21-029415,2021-11-16,J,8,0.0,3366,I,,,,,,
1037868,2021-11-17,AME,MONTGOMERY THOMAS M,,0001127602-21-029415,2021-11-16,S,5000,142.1155,17478,D,,,,,,
1037868,2021-11-17,AME,CHANDY RUBY R,,0001127602-21-029418,2021-11-16,S,1802,141.895,24884,D,,,,,,
1037868,2021-11-17,AME,CHANDY RUBY R,,0001127602-21-029418,2021-11-16,M,5440,46.96,26686,D,,,,,,
1037868,2021-11-29,AME,Kohlhagen Steven W,,0001127602-21-029780,2021-11-22,G,1765,0.0,56674,D,,,,,,
1037868,2021-12-02,AME,Kohlhagen Steven W,,0001127602-21-030039,2021-12-01,S,1500,139.2917,55174,D,,,,,,
1037868,2021-12-02,AME,Kohlhagen Steven W,,0001127602-21-030039,2021-12-02,S,1500,137.7486,53674,D,,,,,,
1037868,2022-01-12,AME,McClain Gretchen W,,0001127602-22-001381,2022-01-11,J,9,142.58,1529,D,,,,,,
1037868,2022-01-12,AME,McClain Gretchen W,,0001127602-22-001381,2022-01-11,I,57,142.58,13424,D,,,,,,
1037868,2022-02-15,AME,CIAMPITTI TONY J,,0001127602-22-005038,2022-02-11,J,486,130.81,7280,D,,,,,,
1037868,2022-02-15,AME,Marecic Thomas C,,0001127602-22-005053,2022-02-11,J,869,130.81,12176,D,,,,,,
1037868,2022-02-24,AME,ZAPICO DAVID A,,0001127602-22-006455,2022-02-22,J,80,0.0,58563,D,,,,,,
1037868,2022-02-24,AME,CIAMPITTI TONY J,,0001127602-22-006434,2022-02-22,A,6230,0.0,41849,D,,,,,,
1037868,2022-02-24,AME,Oscher Ronald J,,0001127602-22-006453,2022-02-22,F,2077,127.44,33742,D,,,,,,
1037868,2022-02-24,AME,Hermance David F.,,0001127602-22-006446,2022-02-22,F,368,127.44,31513,D,,,,,,
1037868,2022-02-24,AME,ZAPICO DAVID A,,0001127602-22-006455,2022-02-22,A,59047,0.0,268464,D,,,,,,
1037868,2022-02-24,AME,ZAPICO DAVID A,,0001127602-22-006455,2022-02-22,F,23907,127.44,244557,D,,,,,,
1037868,2022-02-24,AME,Oscher Ronald J,,0001127602-22-006453,2022-02-22,J,28,0.0,4768,D,,,,,,
1037868,2022-02-24,AME,Oscher Ronald J,,0001127602-22-006453,2022-02-22,A,6230,0.0,35819,D,,,,,,
1037868,2022-02-24,AME,Hermance David F.,,0001127602-22-006446,2022-02-22,A,1291,0.0,31881,D,,,,,,
1037868,2022-02-24,AME,MONTGOMERY THOMAS M,,0001127602-22-006451,2022-02-22,A,1246,0.0,18724,D,,,,,,
1037868,2022-02-24,AME,Hardin John Wesley,,0001127602-22-006443,2022-02-22,A,7141,0.0,61789,D,,,,,,
1037868,2022-02-24,AME,MONTGOMERY THOMAS M,,0001127602-22-006451,2022-02-22,J,8,0.0,3374,I,,,,,,
1037868,2022-02-24,AME,EGINTON WILLIAM D,,0001127602-22-006438,2022-02-22,A,2020,0.0,49025,D,,,,,,
1037868,2022-02-24,AME,MONTGOMERY THOMAS M,,0001127602-22-006451,2022-02-22,F,343,127.44,18381,D,,,,,,
1037868,2022-02-24,AME,Burke William Joseph,,0001127602-22-006432,2022-02-22,J,4,0.0,3209,D,,,,,,
1037868,2022-02-24,AME,Marecic Thomas C,,0001127602-22-006457,2022-02-22,F,2304,127.44,30423,D,,,,,,
1037868,2022-02-24,AME,EGINTON WILLIAM D,,0001127602-22-006438,2022-02-22,F,556,127.44,48469,D,,,,,,
1037868,2022-02-24,AME,Marecic Thomas C,,0001127602-22-006457,2022-02-22,A,6230,0.0,32727,D,,,,,,
1037868,2022-02-24,AME,EGINTON WILLIAM D,,0001127602-22-006438,2022-02-22,J,31,0.0,22785,D,,,,,,
1037868,2022-02-24,AME,Hardin John Wesley,,0001127602-22-006443,2022-02-22,J,1,0.0,513,I,,,,,,
1037868,2022-02-24,AME,CIAMPITTI TONY J,,0001127602-22-006434,2022-02-22,F,2050,127.44,39799,D,,,,,,
1037868,2022-02-24,AME,Burke William Joseph,,0001127602-22-006432,2022-02-22,A,18249,0.0,94982,D,,,,,,
1037868,2022-02-24,AME,Burke William Joseph,,0001127602-22-006432,2022-02-22,F,7935,127.44,87047,D,,,,,,
1037868,2022-02-24,AME,Hardin John Wesley,,0001127602-22-006443,2022-02-22,F,2824,127.44,58965,D,,,,,,
1037868,2022-02-24,AME,Speranza Emanuela,,0001127602-22-006427,2022-02-22,A,732,0.0,17778,D,,,,,,
1037868,2022-02-28,AME,Kohlhagen Steven W,,0001127602-22-007022,2022-02-28,S,2000,128.6562,49674,D,,,,,,
1037868,2022-02-28,AME,Kohlhagen Steven W,,0001127602-22-007022,2022-02-25,S,2000,129.9114,51674,D,,,,,,
1037868,2022-03-14,AME,MONTGOMERY THOMAS M,,0001127602-22-009104,2022-03-11,F,122,126.34,18259,D,,,,,,
1037868,2022-03-14,AME,Hermance David F.,,0001127602-22-009096,2022-03-11,F,94,126.34,31419,D,,,,,,
1037868,2022-03-14,AME,Marecic Thomas C,,0001127602-22-009102,2022-03-11,F,345,126.34,30078,D,,,,,,
1037868,2022-03-14,AME,Oscher Ronald J,,0001127602-22-009108,2022-03-11,F,310,126.34,33432,D,,,,,,
1037868,2022-03-14,AME,Hardin John Wesley,,0001127602-22-009093,2022-03-11,F,383,126.34,58582,D,,,,,,
1037868,2022-03-14,AME,EGINTON WILLIAM D,,0001127602-22-009089,2022-03-11,J,5,0.0,5096,I,,,,,,
1037868,2022-03-14,AME,Burke William Joseph,,0001127602-22-009081,2022-03-11,F,606,126.34,86441,D,,,,,,
1037868,2022-03-14,AME,CIAMPITTI TONY J,,0001127602-22-009085,2022-03-11,F,310,126.34,39489,D,,,,,,
1037868,2022-03-14,AME,EGINTON WILLIAM D,,0001127602-22-009089,2022-03-11,F,190,126.34,48279,D,,,,,,
1037868,2022-03-14,AME,ZAPICO DAVID A,,0001127602-22-009112,2022-03-11,F,2157,126.34,242400,D,,,,,,
1037868,2022-03-21,AME,Seavers Dean,,0001127602-22-010039,2022-03-21,A,1380,134.69,1380,D,,,,,,
1037868,2022-03-21,AME,McClain Gretchen W,,0001127602-22-010036,2022-03-21,A,1280,134.69,14704,D,,,,,,
1037868,2022-03-21,AME,Conti Anthony James,,0001127602-22-010033,2022-03-21,A,1280,134.69,26078,D,,,,,,
1037868,2022-03-21,AME,AMATO THOMAS A,,0001127602-22-010031,2022-03-21,A,1280,134.69,10175,D,,,,,,
1037868,2022-03-21,AME,Kohlhagen Steven W,,0001127602-22-010035,2022-03-21,A,1280,134.69,50954,D,,,,,,
1037868,2022-03-21,AME,Oberton Karleen Marie,,0001127602-22-010038,2022-03-21,A,1280,134.69,2670,D,,,,,,
1037868,2022-03-21,AME,Carpenter Tod E.,,0001127602-22-010032,2022-03-21,A,1280,134.69,6260,D,,,,,,
1037868,2022-03-22,AME,Speranza Emanuela,,0001127602-22-010182,2022-03-21,M,1564,0.0,19342,D,,,,,,
1037868,2022-03-22,AME,Burke William Joseph,,0001127602-22-010140,2022-03-21,F,880,134.69,91091,D,,,,,,
1037868,2022-03-22,AME,ZAPICO DAVID A,,0001127602-22-010156,2022-03-21,F,3107,134.69,254213,D,,,,,,
1037868,2022-03-22,AME,CIAMPITTI TONY J,,0001127602-22-010142,2022-03-21,F,416,134.69,41463,D,,,,,,
1037868,2022-03-22,AME,Oscher Ronald J,,0001127602-22-010154,2022-03-21,F,416,134.69,35406,D,,,,,,
1037868,2022-03-22,AME,EGINTON WILLIAM D,,0001127602-22-010144,2022-03-21,F,248,134.69,49987,D,,,,,,
1037868,2022-03-22,AME,MONTGOMERY THOMAS M,,0001127602-22-010152,2022-03-21,F,151,134.69,19235,D,,,,,,
1037868,2022-03-22,AME,Hardin John Wesley,,0001127602-22-010146,2022-03-21,F,468,134.69,60634,D,,,,,,
1037868,2022-03-22,AME,Marecic Thomas C,,0001127602-22-010150,2022-03-21,F,464,134.69,32004,D,,,,,,
1037868,2022-03-22,AME,Marecic Thomas C,,0001127602-22-010150,2022-03-21,A,2390,134.69,32468,D,,,,,,
1037868,2022-03-22,AME,MONTGOMERY THOMAS M,,0001127602-22-010152,2022-03-21,A,1127,134.69,19386,D,,,,,,
1037868,2022-03-22,AME,EGINTON WILLIAM D,,0001127602-22-010144,2022-03-21,A,1956,134.69,50235,D,,,,,,
1037868,2022-03-22,AME,Oscher Ronald J,,0001127602-22-010154,2022-03-21,A,2390,134.69,35822,D,,,,,,
1037868,2022-03-22,AME,CIAMPITTI TONY J,,0001127602-22-010142,2022-03-21,A,2390,134.69,41879,D,,,,,,
1037868,2022-03-22,AME,ZAPICO DAVID A,,0001127602-22-010156,2022-03-21,A,14920,134.69,257320,D,,,,,,
1037868,2022-03-22,AME,Burke William Joseph,,0001127602-22-010140,2022-03-21,A,5530,134.69,91971,D,,,,,,
1037868,2022-03-22,AME,Hermance David F.,,0001127602-22-010148,2022-03-21,A,2240,134.69,33659,D,,,,,,
1037868,2022-03-22,AME,Hardin John Wesley,,0001127602-22-010146,2022-03-21,A,2520,134.69,61102,D,,,,,,
1037868,2022-03-22,AME,Hermance David F.,,0001127602-22-010148,2022-03-21,F,157,134.69,33502,D,,,,,,
1037868,2022-03-24,AME,McClain Gretchen W,,0001127602-22-010290,2022-03-23,A,245,132.55,1717,D,,,,,,
1037868,2022-03-28,AME,AMATO THOMAS A,,0001127602-22-010448,2022-03-28,S,615,133.0307,9560,D,,,,,,
1037868,2022-03-28,AME,Conti Anthony James,,0001127602-22-010446,2022-03-25,M,5160,52.27,31238,D,,,,,,
1037868,2022-03-28,AME,Conti Anthony James,,0001127602-22-010446,2022-03-25,S,5160,133.3694,26078,D,,,,,,
1037868,2022-05-05,AME,Speranza Emanuela,,0001127602-22-013450,2022-05-04,M,4251,53.37,23593,D,,,,,,
1037868,2022-05-10,AME,Marecic Thomas C,,0001127602-22-013958,2022-05-09,F,382,121.84,31622,D,,,,,,
1037868,2022-05-10,AME,Hardin John Wesley,,0001127602-22-013966,2022-05-09,F,393,121.84,60241,D,,,,,,
1037868,2022-05-10,AME,EGINTON WILLIAM D,,0001127602-22-013968,2022-05-09,F,207,121.84,49780,D,,,,,,
1037868,2022-05-10,AME,Oscher Ronald J,,0001127602-22-013962,2022-05-09,F,343,121.84,35063,D,,,,,,
1037868,2022-05-10,AME,CIAMPITTI TONY J,,0001127602-22-013964,2022-05-09,F,343,121.84,41120,D,,,,,,
1037868,2022-05-10,AME,Hermance David F.,,0001127602-22-013971,2022-05-09,F,137,121.84,33365,D,,,,,,
1037868,2022-05-10,AME,MONTGOMERY THOMAS M,,0001127602-22-013970,2022-05-09,F,128,121.84,19107,D,,,,,,
1037868,2022-05-10,AME,Burke William Joseph,,0001127602-22-013969,2022-05-09,F,740,121.84,90351,D,,,,,,
1037868,2022-05-10,AME,ZAPICO DAVID A,,0001127602-22-013972,2022-05-09,F,2334,121.84,251879,D,,,,,,
1037868,2022-05-10,AME,Speranza Emanuela,,0001127602-22-014014,2022-05-09,M,272,121.84,23865,D,,,,,,
1037868,2022-06-27,AME,McClain Gretchen W,,0001127602-22-018170,2022-06-24,A,286,113.5,2003,D,,,,,,
1037868,2022-06-27,AME,McClain Gretchen W,,0001127602-22-018170,2022-06-24,J,3,0.0,2006,D,,,,,,
1037868,2022-08-05,AME,Stefany Suzanne,,0001127602-22-020528,2022-08-04,A,810,125.38,810,D,,,,,,
1037868,2022-08-11,AME,Kohlhagen Steven W,,0001127602-22-020800,2022-08-10,S,3000,126.8129,45964,D,,,,,,
1037868,2022-08-11,AME,Kohlhagen Steven W,,0001127602-22-020800,2022-08-08,G,1990,0.0,48964,D,,,,,,
1037868,2022-09-09,AME,Kohlhagen Steven W,,0001127602-22-022239,2022-09-08,S,2900,123.72,43064,D,,,,,,
1037868,2022-09-26,AME,McClain Gretchen W,,0001127602-22-022947,2022-09-23,A,284,114.43,2290,D,,,,,,
1037868,2022-09-26,AME,McClain Gretchen W,,0001127602-22-022947,2022-09-23,J,3,0.0,2293,D,,,,,,
1037868,2022-11-03,AME,Hermance David F.,,0001127602-22-024900,2022-11-02,M,11816,131.91,45181,D,,,,,,
1037868,2022-11-03,AME,Hermance David F.,,0001127602-22-024900,2022-11-02,S,9916,132.045,35265,D,,,,,,
1037868,2022-11-08,AME,Speranza Emanuela,,0001127602-22-025099,2022-11-05,M,724,134.6,24589,D,,,,,,
1037868,2022-11-08,AME,Hermance David F.,,0001127602-22-025102,2022-11-05,F,127,134.6,33238,D,,,,,,
1037868,2022-11-14,AME,Kohlhagen Steven W,,0001127602-22-025442,2022-11-10,S,602,139.67,42262,D,,,,,,
1037868,2022-11-14,AME,Hardin John Wesley,,0001127602-22-025444,2022-11-10,M,34170,60.3,94411,D,,,,,,
1037868,2022-11-14,AME,Burke William Joseph,,0001127602-22-025450,2022-11-11,S,6271,140.7722,90029,D,,,,,,
1037868,2022-11-14,AME,Burke William Joseph,,0001127602-22-025450,2022-11-11,M,6271,60.3,96300,D,,,,,,
1037868,2022-11-14,AME,Burke William Joseph,,0001127602-22-025450,2022-11-10,S,43679,140.6057,90029,D,,,,,,
1037868,2022-11-14,AME,Hardin John Wesley,,0001127602-22-025444,2022-11-10,S,34170,140.3275,60241,D,,,,,,
1037868,2022-11-14,AME,Burke William Joseph,,0001127602-22-025450,2022-08-10,G,320,0.0,90029,D,,,,,,
1037868,2022-11-14,AME,Burke William Joseph,,0001127602-22-025450,2022-06-30,G,2,0.0,90349,D,,,,,,
1037868,2022-11-14,AME,ZAPICO DAVID A,,0001127602-22-025478,2022-11-11,S,106630,139.18,275249,D,,,,,,
1037868,2022-11-14,AME,ZAPICO DAVID A,,0001127602-22-025478,2022-11-11,M,130000,60.3,381879,D,,,,,,
1037868,2022-11-14,AME,MONTGOMERY THOMAS M,,0001127602-22-025499,2022-11-10,S,2000,140.2675,19107,D,,,,,,
1037868,2022-11-14,AME,Burke William Joseph,,0001127602-22-025450,2022-11-10,M,43679,60.3,133708,D,,,,,,
1037868,2022-11-14,AME,MONTGOMERY THOMAS M,,0001127602-22-025499,2022-11-10,M,2000,46.96,21107,D,,,,,,
1037868,2022-11-22,AME,Marecic Thomas C,,0001127602-22-026232,2022-11-21,M,2318,60.3,33940,D,,,,,,
1037868,2022-11-22,AME,Marecic Thomas C,,0001127602-22-026232,2022-11-21,S,2318,141.0056,31622,D,,,,,,
1037868,2022-11-23,AME,Marecic Thomas C,,0001127602-22-026296,2022-11-22,S,7682,141.062,31622,D,,,,,,
1037868,2022-11-23,AME,Marecic Thomas C,,0001127602-22-026296,2022-11-22,M,7682,60.3,39304,D,,,,,,
1037868,2022-11-28,AME,Marecic Thomas C,,0001127602-22-026410,2022-11-23,S,10000,142.054,31622,D,,,,,,
1037868,2022-11-28,AME,Marecic Thomas C,,0001127602-22-026410,2022-11-23,M,10000,60.3,41622,D,,,,,,
1037868,2022-12-05,AME,MONTGOMERY THOMAS M,,0001127602-22-026878,2022-12-02,M,9581,60.3,28688,D,,,,,,
1037868,2022-12-05,AME,MONTGOMERY THOMAS M,,0001127602-22-026878,2022-12-02,S,4581,143.73,24107,D,,,,,,
1037868,2022-12-05,AME,Marecic Thomas C,,0001127602-22-026869,2022-12-02,M,6870,60.3,38492,D,,,,,,
1037868,2022-12-05,AME,Marecic Thomas C,,0001127602-22-026869,2022-12-02,S,6870,145.0057,31622,D,,,,,,
1037868,2022-12-08,AME,Kohlhagen Steven W,,0001127602-22-027078,2022-12-08,S,2700,140.9292,37464,D,,,,,,
1037868,2022-12-08,AME,Kohlhagen Steven W,,0001127602-22-027078,2022-12-08,G,1790,0.0,35674,D,,,,,,
1037868,2022-12-14,AME,Marecic Thomas C,,0001127602-22-027446,2022-12-13,M,100,60.3,31722,D,,,,,,
1037868,2022-12-14,AME,Marecic Thomas C,,0001127602-22-027446,2022-12-13,S,100,145.3,31622,D,,,,,,
1037868,2022-12-16,AME,Burke William Joseph,,0001127602-22-027653,2022-09-30,G,100,0.0,89927,D,,,,,,
1037868,2022-12-16,AME,Burke William Joseph,,0001127602-22-027653,2022-12-14,G,80,0.0,89847,D,,,,,,
1037868,2022-12-16,AME,Burke William Joseph,,0001127602-22-027653,2022-09-29,G,2,0.0,90027,D,,,,,,
1037868,2022-12-19,AME,McClain Gretchen W,,0001127602-22-027815,2022-12-16,J,4,0.0,2535,D,,,,,,
1037868,2022-12-19,AME,McClain Gretchen W,,0001127602-22-027815,2022-12-16,A,238,136.77,2531,D,,,,,,
1037868,2022-12-28,AME,McClain Gretchen W,,0001127602-22-028321,2022-12-28,S,2720,140.62,14704,D,,,,,,
1037868,2022-12-28,AME,McClain Gretchen W,,0001127602-22-028321,2022-12-28,M,2720,46.96,17424,D,,,,,,
1037868,2023-01-18,AME,McClain Gretchen W,,0001127602-23-001630,2023-01-17,J,3,0.0,2538,D,,,,,,
1037868,2023-01-18,AME,McClain Gretchen W,,0001127602-23-001630,2023-01-17,I,57,144.63,2478,D,,,,,,
1037868,2023-02-13,AME,CIAMPITTI TONY J,,0001127602-23-004838,2023-02-10,J,799,144.69,8121,D,,,,,,
1037868,2023-02-13,AME,Marecic Thomas C,,0001127602-23-004835,2023-02-10,J,620,144.69,12811,D,,,,,,
1037868,2023-02-16,AME,Oscher Ronald J,,0001127602-23-005522,2023-02-15,S,6500,145.2773,28563,D,,,,,,
1037868,2023-02-16,AME,Oscher Ronald J,,0001127602-23-005522,2023-02-15,J,35,0.0,4803,D,,,,,,
1037868,2023-02-22,AME,Burke William Joseph,,0001127602-23-006442,2023-02-21,F,6813,143.0,100376,D,,,,,,
1037868,2023-02-22,AME,ZAPICO DAVID A,,0001127602-23-006444,2023-02-21,J,420,0.0,58983,D,,,,,,
1037868,2023-02-22,AME,CIAMPITTI TONY J,,0001127602-23-006453,2023-02-21,F,1937,143.0,45226,D,,,,,,
1037868,2023-02-22,AME,Marecic Thomas C,,0001127602-23-006476,2023-02-21,F,2043,143.0,35622,D,,,,,,
1037868,2023-02-22,AME,Hermance David F.,,0001127602-23-006490,2023-02-21,J,7,0.0,974,D,,,,,,
1037868,2023-02-22,AME,MONTGOMERY THOMAS M,,0001127602-23-006447,2023-02-21,F,324,143.0,19959,D,,,,,,
1037868,2023-02-22,AME,Oscher Ronald J,,0001127602-23-006451,2023-02-21,F,1912,143.0,32694,D,,,,,,
1037868,2023-02-22,AME,Marecic Thomas C,,0001127602-23-006476,2023-02-21,A,6043,0.0,37665,D,,,,,,
1037868,2023-02-22,AME,Speranza Emanuela,,0001127602-23-006433,2023-02-21,A,839,0.0,25428,D,,,,,,
1037868,2023-02-22,AME,MONTGOMERY THOMAS M,,0001127602-23-006447,2023-02-21,A,1176,0.0,20283,D,,,,,,
1037868,2023-02-22,AME,Hermance David F.,,0001127602-23-006490,2023-02-21,F,336,143.0,34078,D,,,,,,
1037868,2023-02-22,AME,EGINTON WILLIAM D,,0001127602-23-006439,2023-02-21,F,531,143.0,51180,D,,,,,,
1037868,2023-02-22,AME,Oscher Ronald J,,0001127602-23-006451,2023-02-21,A,6043,0.0,34606,D,,,,,,
1037868,2023-02-22,AME,EGINTON WILLIAM D,,0001127602-23-006439,2023-02-21,A,1931,0.0,51711,D,,,,,,
1037868,2023-02-22,AME,MONTGOMERY THOMAS M,,0001127602-23-006447,2023-02-21,J,23,0.0,3241,D,,,,,,
1037868,2023-02-22,AME,CIAMPITTI TONY J,,0001127602-23-006453,2023-02-21,A,6043,0.0,47163,D,,,,,,
1037868,2023-02-22,AME,Burke William Joseph,,0001127602-23-006442,2023-02-21,J,88,0.0,12442,D,,,,,,
1037868,2023-02-22,AME,ZAPICO DAVID A,,0001127602-23-006444,2023-02-21,A,62669,0.0,314548,D,,,,,,
1037868,2023-02-22,AME,Hardin John Wesley,,0001127602-23-006437,2023-02-21,A,6786,0.0,67027,D,,,,,,
1037868,2023-02-22,AME,Hermance David F.,,0001127602-23-006490,2023-02-21,A,1176,0.0,34414,D,,,,,,
1037868,2023-02-22,AME,EGINTON WILLIAM D,,0001127602-23-006439,2023-02-21,J,164,0.0,22949,D,,,,,,
1037868,2023-02-22,AME,ZAPICO DAVID A,,0001127602-23-006444,2023-02-21,F,26629,143.0,287919,D,,,,,,
1037868,2023-02-22,AME,Hardin John Wesley,,0001127602-23-006437,2023-02-21,F,2127,143.0,64900,D,,,,,,
1037868,2023-02-22,AME,Hardin John Wesley,,0001127602-23-006437,2023-02-21,J,4,0.0,517,I,,,,,,
1037868,2023-02-22,AME,Burke William Joseph,,0001127602-23-006442,2023-02-21,A,17342,0.0,107189,D,,,,,,
1037868,2023-03-06,AME,Conti Anthony James,,0001127602-23-009050,2023-03-03,M,2000,46.96,28078,D,,,,,,
1037868,2023-03-06,AME,Conti Anthony James,,0001127602-23-009050,2023-03-03,S,2000,143.6085,26078,D,,,,,,
1037868,2023-03-06,AME,Kohlhagen Steven W,,0001127602-23-009068,2023-03-06,M,5440,46.96,41114,D,,,,,,
1037868,2023-03-06,AME,Kohlhagen Steven W,,0001127602-23-009068,2023-03-06,S,5440,144.5456,35674,D,,,,,,
1037868,2023-03-14,AME,AMATO THOMAS A,,0001127602-23-010090,2023-03-14,S,780,137.5378,8780,D,,,,,,
1037868,2023-03-14,AME,EGINTON WILLIAM D,,0001127602-23-010080,2023-03-13,F,190,135.35,50990,D,,,,,,
1037868,2023-03-14,AME,Hardin John Wesley,,0001127602-23-010077,2023-03-13,F,347,135.35,64553,D,,,,,,
1037868,2023-03-14,AME,Hermance David F.,,0001127602-23-010075,2023-03-13,F,94,135.35,33984,D,,,,,,
1037868,2023-03-14,AME,Burke William Joseph,,0001127602-23-010089,2023-03-13,F,606,135.35,99770,D,,,,,,
1037868,2023-03-14,AME,CIAMPITTI TONY J,,0001127602-23-010083,2023-03-13,F,310,135.35,44916,D,,,,,,
1037868,2023-03-14,AME,ZAPICO DAVID A,,0001127602-23-010060,2023-03-13,F,2158,135.35,285761,D,,,,,,
1037868,2023-03-14,AME,Marecic Thomas C,,0001127602-23-010073,2023-03-13,F,343,135.35,35279,D,,,,,,
1037868,2023-03-14,AME,MONTGOMERY THOMAS M,,0001127602-23-010068,2023-03-13,F,122,135.35,19837,D,,,,,,
1037868,2023-03-14,AME,Oscher Ronald J,,0001127602-23-010063,2023-03-13,F,310,135.35,32384,D,,,,,,
1037868,2023-03-14,AME,Speranza Emanuela,,0001127602-23-010057,2023-03-13,M,470,135.35,25898,D,,,,,,
1037868,2023-03-14,AME,Speranza Emanuela,,0001127602-23-010057,2023-03-13,F,212,135.35,25686,D,,,,,,
1037868,2023-03-22,AME,ZAPICO DAVID A,,0001127602-23-011021,2023-03-21,F,2114,140.07,280539,D,,,,,,
1037868,2023-03-22,AME,Speranza Emanuela,,0001127602-23-011019,2023-03-20,M,783,0.0,26469,D,,,,,,
1037868,2023-03-22,AME,Oscher Ronald J,,0001127602-23-011017,2023-03-21,F,314,140.07,31654,D,,,,,,
1037868,2023-03-22,AME,Oscher Ronald J,,0001127602-23-011017,2023-03-20,F,416,138.54,31968,D,,,,,,
1037868,2023-03-22,AME,Conti Anthony James,,0001127602-23-011023,2023-03-21,M,3440,46.96,29518,D,,,,,,
1037868,2023-03-22,AME,Speranza Emanuela,,0001127602-23-011019,2023-03-20,F,353,138.54,26116,D,,,,,,
1037868,2023-03-22,AME,Marecic Thomas C,,0001127602-23-011013,2023-03-20,F,460,138.54,34819,D,,,,,,
1037868,2023-03-22,AME,ZAPICO DAVID A,,0001127602-23-011021,2023-03-20,F,3108,138.54,282653,D,,,,,,
1037868,2023-03-22,AME,Conti Anthony James,,0001127602-23-011023,2023-03-21,S,3440,139.5689,26078,D,,,,,,
1037868,2023-03-22,AME,MONTGOMERY THOMAS M,,0001127602-23-011015,2023-03-21,F,104,140.07,19582,D,,,,,,
1037868,2023-03-22,AME,MONTGOMERY THOMAS M,,0001127602-23-011015,2023-03-20,F,151,138.54,19686,D,,,,,,
1037868,2023-03-22,AME,Marecic Thomas C,,0001127602-23-011013,2023-03-21,F,347,140.07,34472,D,,,,,,
1037868,2023-03-22,AME,EGINTON WILLIAM D,,0001127602-23-011007,2023-03-21,F,180,140.07,50562,D,,,,,,
1037868,2023-03-22,AME,Hermance David F.,,0001127602-23-011011,2023-03-21,F,213,140.07,33614,D,,,,,,
1037868,2023-03-22,AME,Hardin John Wesley,,0001127602-23-011009,2023-03-20,F,468,138.54,64085,D,,,,,,
1037868,2023-03-22,AME,Hardin John Wesley,,0001127602-23-011009,2023-03-21,F,331,140.07,63754,D,,,,,,
1037868,2023-03-22,AME,CIAMPITTI TONY J,,0001127602-23-011005,2023-03-20,F,416,138.54,44500,D,,,,,,
1037868,2023-03-22,AME,Hermance David F.,,0001127602-23-011011,2023-03-20,F,157,138.54,33827,D,,,,,,
1037868,2023-03-22,AME,CIAMPITTI TONY J,,0001127602-23-011005,2023-03-21,F,314,140.07,44186,D,,,,,,
1037868,2023-03-22,AME,Burke William Joseph,,0001127602-23-011003,2023-03-20,F,881,138.54,98889,D,,,,,,
1037868,2023-03-22,AME,EGINTON WILLIAM D,,0001127602-23-011007,2023-03-20,F,248,138.54,50742,D,,,,,,
1037868,2023-03-22,AME,Burke William Joseph,,0001127602-23-011003,2023-03-21,F,802,140.07,98087,D,,,,,,
1037868,2023-03-23,AME,CIAMPITTI TONY J,,0001127602-23-011136,2023-03-22,A,2020,138.46,46206,D,,,,,,
1037868,2023-03-23,AME,Conti Anthony James,,0001127602-23-011086,2023-03-22,A,1210,138.46,27288,D,,,,,,
1037868,2023-03-23,AME,Oscher Ronald J,,0001127602-23-011162,2023-03-22,A,2020,138.46,33674,D,,,,,,
1037868,2023-03-23,AME,Oberton Karleen Marie,,0001127602-23-011084,2023-03-22,A,1210,138.46,3880,D,,,,,,
1037868,2023-03-23,AME,Kohlhagen Steven W,,0001127602-23-011081,2023-03-22,A,1210,138.46,36884,D,,,,,,
1037868,2023-03-23,AME,EGINTON WILLIAM D,,0001127602-23-011138,2023-03-22,A,1603,138.46,52165,D,,,,,,
1037868,2023-03-23,AME,AMATO THOMAS A,,0001127602-23-011083,2023-03-22,A,1210,138.46,9990,D,,,,,,
1037868,2023-03-23,AME,Stefany Suzanne,,0001127602-23-011080,2023-03-22,A,1210,138.46,2020,D,,,,,,
1037868,2023-03-23,AME,ZAPICO DAVID A,,0001127602-23-011166,2023-03-22,A,15940,138.46,296479,D,,,,,,
1037868,2023-03-23,AME,MONTGOMERY THOMAS M,,0001127602-23-011156,2023-03-22,A,948,138.46,20530,D,,,,,,
1037868,2023-03-23,AME,Hardin John Wesley,,0001127602-23-011142,2023-03-22,A,2120,138.46,65874,D,,,,,,
1037868,2023-03-23,AME,McClain Gretchen W,,0001127602-23-011127,2023-03-22,A,1210,138.46,15971,D,,,,,,
1037868,2023-03-23,AME,Marecic Thomas C,,0001127602-23-011150,2023-03-22,A,2020,138.46,36492,D,,,,,,
1037868,2023-03-23,AME,Carpenter Tod E.,,0001127602-23-011082,2023-03-22,A,1210,138.46,7470,D,,,,,,
1037868,2023-03-23,AME,Hermance David F.,,0001127602-23-011145,2023-03-22,A,1950,138.46,35564,D,,,,,,
1037868,2023-03-23,AME,Seavers Dean,,0001127602-23-011079,2023-03-22,A,1210,138.46,2590,D,,,,,,
1037868,2023-03-23,AME,Burke William Joseph,,0001127602-23-011134,2023-03-22,A,4200,138.46,102287,D,,,,,,
1037868,2023-05-16,AME,Speranza Emanuela,,0001127602-23-015727,2023-05-15,S,3085,145.3499,27775,D,,,,,,
1037868,2023-05-16,AME,Kohlhagen Steven W,,0001127602-23-015724,2023-05-15,S,1720,146.0765,35164,D,,,,,,
1037868,2023-05-16,AME,Speranza Emanuela,,0001127602-23-015727,2023-05-15,M,4744,47.93,30860,D,,,,,,
1037868,2023-05-17,AME,Burke William Joseph,,0001549620-23-000001,2023-05-16,G,350,0.0,101937,D,,,,,,
1037868,2023-06-07,AME,Kohlhagen Steven W,,0001127602-23-018135,2023-06-06,S,1690,149.0407,33474,D,,,,,,
1037868,2023-06-23,AME,McClain Gretchen W,,0001127602-23-019318,2023-06-22,A,208,156.03,2924,D,,,,,,
1037868,2023-06-23,AME,McClain Gretchen W,,0001127602-23-019318,2023-06-22,J,4,0.0,2928,D,,,,,,
1037868,2023-08-09,AME,Kohlhagen Steven W,,0001127602-23-022242,2023-08-09,S,1565,160.3684,31909,D,,,,,,
1037868,2023-09-01,AME,Burke William Joseph,,0001127602-23-023555,2023-08-31,M,33930,73.45,135867,D,,,,,,
1037868,2023-09-01,AME,Burke William Joseph,,0001127602-23-023555,2023-08-31,S,33930,160.2903,101937,D,,,,,,
1037868,2023-09-14,AME,Kohlhagen Steven W,,0001127602-23-024164,2023-09-14,S,1645,152.7381,30264,D,,,,,,
1037868,2023-09-22,AME,McClain Gretchen W,,0001127602-23-024651,2023-09-21,A,215,151.03,3143,D,,,,,,
1037868,2023-09-22,AME,McClain Gretchen W,,0001127602-23-024651,2023-09-21,J,4,0.0,3147,D,,,,,,
1037868,2023-11-07,AME,Hermance David F.,,0001127602-23-026949,2023-11-05,F,84,143.46,35480,D,,,,,,
1037868,2023-11-07,AME,Speranza Emanuela,,0001127602-23-026947,2023-11-05,M,362,0.0,28137,D,,,,,,
1037868,2023-11-07,AME,Speranza Emanuela,,0001127602-23-026947,2023-11-05,F,163,143.46,27974,D,,,,,,
1037868,2023-11-15,AME,Kohlhagen Steven W,,0001127602-23-027413,2023-11-14,S,810,155.0909,29454,D,,,,,,
1037868,2023-12-15,AME,Burke William Joseph,,0001127602-23-029687,2023-12-13,G,226,0.0,101711,D,,,,,,
1037868,2023-12-15,AME,Burke William Joseph,,0001127602-23-029687,2023-12-14,G,2,0.0,101709,D,,,,,,
1037868,2023-12-15,AME,ZAPICO DAVID A,,0001127602-23-029684,2023-12-13,M,18270,60.3,314749,D,,,,,,
1037868,2023-12-15,AME,ZAPICO DAVID A,,0001127602-23-029684,2023-12-13,S,12000,160.97,360355,D,,,,,,
1037868,2024-02-12,AME,Oscher Ronald J,,0001127602-24-004435,2024-02-09,M,16210,73.45,49884,D,,,,,,
1037868,2024-02-12,AME,Oscher Ronald J,,0001127602-24-004435,2024-02-09,S,16210,168.2124,33674,D,,,,,,
1037868,2024-02-14,AME,Burke William Joseph,,0001127602-24-004996,2024-02-12,M,5973,85.45,107682,D,,,,,,
1037868,2024-02-14,AME,CIAMPITTI TONY J,,0001127602-24-005011,2024-02-12,J,559,168.42,8732,D,,,,,,
1037868,2024-02-14,AME,Marecic Thomas C,,0001127602-24-005001,2024-02-12,J,16,0.0,3010,I,,,,,,
1037868,2024-02-14,AME,Burke William Joseph,,0001127602-24-004996,2024-02-14,M,17437,85.45,119146,D,,,,,,
1037868,2024-02-14,AME,Burke William Joseph,,0001127602-24-004996,2024-02-12,S,5973,168.9023,101709,D,,,,,,
1037868,2024-02-14,AME,Burke William Joseph,,0001127602-24-004996,2024-02-14,S,17437,168.515,101709,D,,,,,,
1037868,2024-02-14,AME,Burke William Joseph,,0001127602-24-004996,2024-02-12,J,21,0.0,3253,D,,,,,,
1037868,2024-02-15,AME,Marecic Thomas C,,0001127602-24-005197,2024-02-14,M,16210,73.45,52702,D,,,,,,
1037868,2024-02-15,AME,Marecic Thomas C,,0001127602-24-005197,2024-02-14,S,16210,171.9591,36492,D,,,,,,
1037868,2024-02-16,AME,Speranza Emanuela,,0001127602-24-005341,2024-02-15,M,4380,60.8,32354,D,,,,,,
1037868,2024-02-16,AME,Speranza Emanuela,,0001127602-24-005341,2024-02-15,S,2909,171.733,29445,D,,,,,,
1037868,2024-02-23,AME,Oscher Ronald J,,0001127602-24-006712,2024-02-22,F,1631,178.21,36186,D,,,,,,
1037868,2024-02-23,AME,Marecic Thomas C,,0001127602-24-006700,2024-02-22,F,1802,178.21,38833,D,,,,,,
1037868,2024-02-23,AME,ZAPICO DAVID A,,0001127602-24-006707,2024-02-22,A,40055,0.0,336534,D,,,,,,
1037868,2024-02-23,AME,Oscher Ronald J,,0001127602-24-006712,2024-02-22,J,5,0.0,904,I,,,,,,
1037868,2024-02-23,AME,ZAPICO DAVID A,,0001127602-24-006707,2024-02-22,J,383,0.0,59366,D,,,,,,
1037868,2024-02-23,AME,Oscher Ronald J,,0001127602-24-006712,2024-02-22,A,4143,0.0,37817,D,,,,,,
1037868,2024-02-23,AME,Burke William Joseph,,0001127602-24-006671,2024-02-22,F,4782,178.21,107921,D,,,,,,
1037868,2024-02-23,AME,CIAMPITTI TONY J,,0001127602-24-006660,2024-02-22,A,4143,0.0,50349,D,,,,,,
1037868,2024-02-23,AME,Burke William Joseph,,0001127602-24-006671,2024-02-22,A,10994,0.0,112703,D,,,,,,
1037868,2024-02-23,AME,Marecic Thomas C,,0001127602-24-006700,2024-02-22,A,4143,0.0,40635,D,,,,,,
1037868,2024-02-23,AME,CIAMPITTI TONY J,,0001127602-24-006660,2024-02-22,F,1250,178.21,49099,D,,,,,,
1037868,2024-02-23,AME,ZAPICO DAVID A,,0001127602-24-006707,2024-02-22,F,17020,178.21,319514,D,,,,,,
1037868,2024-02-23,AME,MONTGOMERY THOMAS M,,0001127602-24-006552,2024-02-22,A,874,0.0,21368,D,,,,,,
1037868,2024-02-23,AME,Hermance David F.,,0001127602-24-006620,2024-02-22,A,650,0.0,36130,D,,,,,,
1037868,2024-02-23,AME,MONTGOMERY THOMAS M,,0001127602-24-006552,2024-02-21,G,36,0.0,20494,D,,,,,,
1037868,2024-02-23,AME,MONTGOMERY THOMAS M,,0001127602-24-006552,2024-02-22,F,241,178.21,21127,D,,,,,,
1037868,2024-02-23,AME,Speranza Emanuela,,0001127602-24-006560,2024-02-22,F,210,178.21,29700,D,,,,,,
1037868,2024-02-23,AME,Speranza Emanuela,,0001127602-24-006560,2024-02-22,A,465,0.0,29910,D,,,,,,
1037868,2024-02-23,AME,Hardin John Wesley,,0001127602-24-006592,2024-02-22,J,2,0.0,519,I,,,,,,
1037868,2024-02-23,AME,Hermance David F.,,0001127602-24-006620,2024-02-22,J,6,0.0,980,D,,,,,,
1037868,2024-02-23,AME,Hardin John Wesley,,0001127602-24-006592,2024-02-22,A,4629,0.0,70503,D,,,,,,
1037868,2024-02-23,AME,MONTGOMERY THOMAS M,,0001127602-24-006552,2024-02-22,J,18,0.0,3419,I,,,,,,
1037868,2024-02-23,AME,Hermance David F.,,0001127602-24-006620,2024-02-22,F,186,178.21,35944,D,,,,,,
1037868,2024-02-23,AME,Hardin John Wesley,,0001127602-24-006592,2024-02-22,F,1495,178.21,69008,D,,,,,,
1037868,2024-03-12,AME,Oscher Ronald J,,0001127602-24-009734,2024-03-11,F,310,180.86,35876,D,,,,,,
1037868,2024-03-12,AME,Speranza Emanuela,,0001127602-24-009732,2024-03-11,M,235,0.0,29935,D,,,,,,
1037868,2024-03-12,AME,Hermance David F.,,0001127602-24-009748,2024-03-11,F,94,180.86,35850,D,,,,,,
1037868,2024-03-12,AME,Marecic Thomas C,,0001127602-24-009745,2024-03-11,F,343,180.86,38490,D,,,,,,
1037868,2024-03-12,AME,MONTGOMERY THOMAS M,,0001127602-24-009739,2024-03-11,F,122,180.86,21005,D,,,,,,
1037868,2024-03-12,AME,Hardin John Wesley,,0001127602-24-009722,2024-03-11,F,347,180.86,68661,D,,,,,,
1037868,2024-03-12,AME,CIAMPITTI TONY J,,0001127602-24-009726,2024-03-11,F,310,180.86,48789,D,,,,,,
1037868,2024-03-12,AME,Speranza Emanuela,,0001127602-24-009732,2024-03-11,F,106,180.86,29829,D,,,,,,
1037868,2024-03-12,AME,ZAPICO DAVID A,,0001127602-24-009717,2024-03-11,F,2158,180.86,317356,D,,,,,,
1037868,2024-03-12,AME,Burke William Joseph,,0001127602-24-009730,2024-03-11,F,607,180.86,107314,D,,,,,,
1037868,2024-03-13,AME,Kohlhagen Steven W,,0001127602-24-009979,2024-03-12,S,1400,180.5943,28054,D,,,,,,
1037868,2024-03-20,AME,McClain Gretchen W,,0001127602-24-010772,2024-03-19,A,1030,181.93,17001,D,,,,,,
1037868,2024-03-20,AME,Oberton Karleen Marie,,0001127602-24-010778,2024-03-19,A,1030,181.93,4910,D,,,,,,
1037868,2024-03-20,AME,AMATO THOMAS A,,0001127602-24-010755,2024-03-19,A,1030,181.93,11020,D,,,,,,
1037868,2024-03-20,AME,Hermance David F.,,0001127602-24-010807,2024-03-19,A,1280,181.93,37130,D,,,,,,
1037868,2024-03-20,AME,Marecic Thomas C,,0001127602-24-010805,2024-03-19,A,1280,181.93,39770,D,,,,,,
1037868,2024-03-20,AME,Oscher Ronald J,,0001127602-24-010799,2024-03-19,A,1280,181.93,37156,D,,,,,,
1037868,2024-03-20,AME,Kohlhagen Steven W,,0001127602-24-010767,2024-03-19,A,1030,181.93,29084,D,,,,,,
1037868,2024-03-20,AME,MONTGOMERY THOMAS M,,0001127602-24-010803,2024-03-19,A,538,181.93,21543,D,,,,,,
1037868,2024-03-20,AME,Seavers Dean,,0001127602-24-010758,2024-03-19,A,1030,181.93,3620,D,,,,,,
1037868,2024-03-20,AME,Conti Anthony James,,0001127602-24-010762,2024-03-19,A,1030,181.93,28318,D,,,,,,
1037868,2024-03-20,AME,ZAPICO DAVID A,,0001127602-24-010813,2024-03-19,A,10760,181.93,328116,D,,,,,,
1037868,2024-03-20,AME,Carpenter Tod E.,,0001127602-24-010760,2024-03-19,A,1030,181.93,8500,D,,,,,,
1037868,2024-03-20,AME,Stefany Suzanne,,0001127602-24-010776,2024-03-19,A,1030,181.93,3050,D,,,,,,
1037868,2024-03-20,AME,Hardin John Wesley,,0001127602-24-010810,2024-03-19,A,1350,181.93,70011,D,,,,,,
1037868,2024-03-20,AME,CIAMPITTI TONY J,,0001127602-24-010815,2024-03-19,A,1280,181.93,50069,D,,,,,,
1037868,2024-03-25,AME,MONTGOMERY THOMAS M,,0001127602-24-011086,2024-03-21,M,6891,73.45,28434,D,,,,,,
1037868,2024-03-25,AME,Burke William Joseph,,0001127602-24-011079,2024-03-21,F,802,184.91,106512,D,,,,,,
1037868,2024-03-25,AME,ZAPICO DAVID A,,0001127602-24-011075,2024-03-22,F,2258,183.15,323744,D,,,,,,
1037868,2024-03-25,AME,Burke William Joseph,,0001127602-24-011079,2024-03-21,S,27400,185.0502,106512,D,,,,,,
1037868,2024-03-25,AME,MONTGOMERY THOMAS M,,0001127602-24-011086,2024-03-21,S,6891,185.3803,21543,D,,,,,,
1037868,2024-03-25,AME,Burke William Joseph,,0001127602-24-011079,2024-03-21,M,27400,63.37,133912,D,,,,,,
1037868,2024-03-25,AME,Burke William Joseph,,0001127602-24-011079,2024-03-22,F,609,183.15,105903,D,,,,,,
1037868,2024-03-25,AME,MONTGOMERY THOMAS M,,0001127602-24-011086,2024-03-22,F,135,183.15,21304,D,,,,,,
1037868,2024-03-25,AME,CIAMPITTI TONY J,,0001127602-24-011082,2024-03-21,F,314,184.91,49755,D,,,,,,
1037868,2024-03-25,AME,CIAMPITTI TONY J,,0001127602-24-011082,2024-03-22,F,265,183.15,49490,D,,,,,,
1037868,2024-03-25,AME,ZAPICO DAVID A,,0001127602-24-011075,2024-03-21,F,2114,184.91,326002,D,,,,,,
1037868,2024-03-25,AME,MONTGOMERY THOMAS M,,0001127602-24-011086,2024-03-21,F,104,184.91,21439,D,,,,,,
1037868,2024-03-25,AME,Hardin John Wesley,,0001127602-24-011061,2024-03-21,F,331,184.91,69680,D,,,,,,
1037868,2024-03-25,AME,Hardin John Wesley,,0001127602-24-011061,2024-03-22,F,278,183.15,69402,D,,,,,,
1037868,2024-03-25,AME,Speranza Emanuela,,0001127602-24-011069,2024-03-21,M,806,0.0,30635,D,,,,,,
1037868,2024-03-25,AME,Speranza Emanuela,,0001127602-24-011069,2024-03-22,M,343,0.0,30615,D,,,,,,
1037868,2024-03-25,AME,Marecic Thomas C,,0001127602-24-011072,2024-03-21,F,347,184.91,39423,D,,,,,,
1037868,2024-03-25,AME,Marecic Thomas C,,0001127602-24-011072,2024-03-22,F,293,183.15,39130,D,,,,,,
1037868,2024-03-25,AME,Oscher Ronald J,,0001127602-24-011065,2024-03-22,F,265,183.15,36577,D,,,,,,
1037868,2024-03-25,AME,Hermance David F.,,0001127602-24-011064,2024-03-22,F,186,183.15,36731,D,,,,,,
1037868,2024-03-25,AME,Speranza Emanuela,,0001127602-24-011069,2024-03-21,F,363,184.91,30272,D,,,,,,
1037868,2024-03-25,AME,Speranza Emanuela,,0001127602-24-011069,2024-03-22,F,155,183.15,30460,D,,,,,,
1037868,2024-03-25,AME,Hermance David F.,,0001127602-24-011064,2024-03-21,F,213,184.91,36917,D,,,,,,
1037868,2024-03-25,AME,Oscher Ronald J,,0001127602-24-011065,2024-03-21,F,314,184.91,36842,D,,,,,,
1037868,2024-03-26,AME,AMATO THOMAS A,,0001127602-24-011179,2024-03-26,S,780,182.0,10240,D,,,,,,
1037868,2024-03-27,AME,Kohlhagen Steven W,,0001127602-24-011266,2024-03-26,S,443,181.86,28641,D,,,,,,
1037868,2024-05-16,AME,Kohlhagen Steven W,,0001127602-24-015543,2024-05-15,S,1470,170.2012,26249,D,,,,,,
1037868,2024-06-13,AME,Kohlhagen Steven W,,0001127602-24-018558,2024-06-12,S,1440,173.9334,24809,D,,,,,,
1037868,2024-09-26,AME,Kohlhagen Steven W,,0001127602-24-024484,2024-09-25,S,963,171.3135,23846,D,,,,,,
1037868,2024-11-12,AME,Hermance David F.,,0001127602-24-026888,2024-11-08,M,6243,73.45,42974,D,,,,,,
1037868,2024-11-12,AME,Hermance David F.,,0001127602-24-026888,2024-11-08,S,6243,190.9865,36731,D,,,,,,
1037868,2024-11-13,AME,Hardin John Wesley,,0001127602-24-027222,2024-11-13,M,19450,73.45,88852,D,,,,,,
1037868,2024-11-13,AME,Hardin John Wesley,,0001127602-24-027222,2024-11-13,S,19450,196.2275,69402,D,,,,,,
1037868,2024-11-25,AME,CIAMPITTI TONY J,,0001127602-24-027984,2024-11-22,S,16210,197.0098,49490,D,,,,,,
1037868,2024-11-25,AME,CIAMPITTI TONY J,,0001127602-24-027984,2024-11-22,M,16210,73.45,65700,D,,,,,,
1037868,2024-11-26,AME,ZAPICO DAVID A,,0001127602-24-028100,2024-11-25,M,45644,73.45,369388,D,,,,,,
1037868,2024-11-26,AME,ZAPICO DAVID A,,0001127602-24-028100,2024-11-25,S,60060,196.66,362328,D,,,,,,
1037868,2024-11-26,AME,ZAPICO DAVID A,,0001127602-24-028100,2024-11-26,M,22720,85.45,346464,D,,,,,,
1037868,2024-11-26,AME,ZAPICO DAVID A,,0001127602-24-028100,2024-11-26,S,10626,195.94,335838,D,,,,,,
1037868,2024-11-27,AME,Speranza Emanuela,,0001127602-24-028157,2024-11-26,M,3745,83.81,34205,D,,,,,,
1037868,2024-11-27,AME,Speranza Emanuela,,0001127602-24-028157,2024-11-26,S,1600,195.54,35607,D,,,,,,
1037868,2025-02-21,AME,ZAPICO DAVID A,,0001127602-25-006147,2025-02-20,A,32824,0.0,356568,D,,,,,,
1037868,2025-02-21,AME,Oscher Ronald J,,0001127602-25-006151,2025-02-20,J,6,0.0,910,I,,,,,,
1037868,2025-02-21,AME,ZAPICO DAVID A,,0001127602-25-006147,2025-02-20,J,102,0.0,16047,D,,,,,,
1037868,2025-02-21,AME,Marecic Thomas C,,0001127602-25-006153,2025-02-20,F,997,188.78,41632,D,,,,,,
1037868,2025-02-21,AME,Oscher Ronald J,,0001127602-25-006151,2025-02-20,A,3499,0.0,40076,D,,,,,,
1037868,2025-02-21,AME,ZAPICO DAVID A,,0001127602-25-006147,2025-02-20,F,13947,188.78,342621,D,,,,,,
1037868,2025-02-21,AME,Oscher Ronald J,,0001127602-25-006151,2025-02-20,F,853,188.78,39223,D,,,,,,
1037868,2025-02-21,AME,CIAMPITTI TONY J,,0001127602-25-006149,2025-02-20,F,886,188.78,52103,D,,,,,,
1037868,2025-02-21,AME,CIAMPITTI TONY J,,0001127602-25-006149,2025-02-20,J,56,0.0,8841,D,,,,,,
1037868,2025-02-21,AME,Marecic Thomas C,,0001127602-25-006153,2025-02-20,A,3499,0.0,42629,D,,,,,,
1037868,2025-02-21,AME,Marecic Thomas C,,0001127602-25-006153,2025-02-20,J,19,0.0,3029,I,,,,,,
1037868,2025-02-21,AME,ZAPICO DAVID A,,0001127602-25-006147,2025-02-20,D,16047,188.78,0,D,,,,,,
1037868,2025-02-21,AME,CIAMPITTI TONY J,,0001127602-25-006149,2025-02-20,A,3499,0.0,52989,D,,,,,,
1037868,2025-02-21,AME,Hermance David F.,,0001127602-25-006141,2025-02-20,J,3,0.0,481,I,,,,,,
1037868,2025-02-21,AME,MONTGOMERY THOMAS M,,0001127602-25-006145,2025-02-20,F,171,188.78,21754,D,,,,,,
1037868,2025-02-21,AME,Speranza Emanuela,,0001127602-25-006137,2025-02-20,A,1772,0.0,32232,D,,,,,,
1037868,2025-02-21,AME,Puri Dalip,,0001127602-25-006139,2025-02-20,A,531,0.0,5006,D,,,,,,
1037868,2025-02-21,AME,MONTGOMERY THOMAS M,,0001127602-25-006145,2025-02-20,J,22,0.0,3441,I,,,,,,
1037868,2025-02-21,AME,MONTGOMERY THOMAS M,,0001127602-25-006145,2025-02-20,A,621,0.0,21925,D,,,,,,
1037868,2025-02-21,AME,Puri Dalip,,0001127602-25-006139,2025-02-20,F,146,188.78,4860,D,,,,,,
1037868,2025-02-21,AME,Speranza Emanuela,,0001127602-25-006137,2025-02-20,F,798,188.78,31434,D,,,,,,
1037868,2025-02-21,AME,Hardin John Wesley,,0001127602-25-006143,2025-02-20,A,3686,0.0,73088,D,,,,,,
1037868,2025-02-21,AME,Hermance David F.,,0001127602-25-006141,2025-02-20,A,3290,0.0,40021,D,,,,,,
1037868,2025-02-21,AME,Hermance David F.,,0001127602-25-006141,2025-02-20,F,938,188.78,39083,D,,,,,,
1037868,2025-02-21,AME,Hardin John Wesley,,0001127602-25-006143,2025-02-20,F,998,188.78,72090,D,,,,,,
1037868,2025-02-21,AME,Hardin John Wesley,,0001127602-25-006143,2025-02-20,J,4,0.0,523,I,,,,,,
1037868,2025-02-25,AME,CIAMPITTI TONY J,,0001127602-25-006495,2025-02-21,J,561,186.19,9402,D,,,,,,
1037868,2025-03-04,AME,Kohlhagen Steven W,,0001127602-25-007617,2025-03-03,S,1320,189.415,22029,D,,,,,,
1037868,2025-03-18,AME,AMATO THOMAS A,,0001127602-25-009807,2025-03-18,A,1030,176.08,11270,D,,,,,,
1037868,2025-03-18,AME,Conti Anthony James,,0001127602-25-009816,2025-03-18,A,1030,176.08,29348,D,,,,,,
1037868,2025-03-18,AME,McClain Gretchen W,,0001127602-25-009814,2025-03-18,A,1030,176.08,18031,D,,,,,,
1037868,2025-03-18,AME,Seavers Dean,,0001127602-25-009823,2025-03-18,A,1030,176.08,4650,D,,,,,,
1037868,2025-03-18,AME,Oberton Karleen Marie,,0001127602-25-009820,2025-03-18,A,1030,176.08,5940,D,,,,,,
1037868,2025-03-18,AME,Stefany Suzanne,,0001127602-25-009825,2025-03-18,A,1030,176.08,4080,D,,,,,,
1037868,2025-03-19,AME,Carpenter Tod E.,,0001127602-25-009905,2025-03-18,A,1030,176.08,9530,D,,,,,,
1037868,2025-03-20,AME,Hardin John Wesley,,0001127602-25-010074,2025-03-19,F,178,177.07,73712,D,,,,,,
1037868,2025-03-20,AME,MONTGOMERY THOMAS M,,0001127602-25-010065,2025-03-18,A,603,176.08,22357,D,,,,,,
1037868,2025-03-20,AME,ZAPICO DAVID A,,0001127602-25-010078,2025-03-19,F,1524,177.07,353327,D,,,,,,
1037868,2025-03-20,AME,CIAMPITTI TONY J,,0001127602-25-010076,2025-03-18,A,1740,176.08,53843,D,,,,,,
1037868,2025-03-20,AME,CIAMPITTI TONY J,,0001127602-25-010076,2025-03-19,F,168,177.07,53675,D,,,,,,
1037868,2025-03-20,AME,Speranza Emanuela,,0001127602-25-010082,2025-03-19,F,104,177.07,31330,D,,,,,,
1037868,2025-03-20,AME,Oscher Ronald J,,0001127602-25-010080,2025-03-19,F,158,177.07,40805,D,,,,,,
1037868,2025-03-20,AME,Hardin John Wesley,,0001127602-25-010074,2025-03-18,A,1800,176.08,73890,D,,,,,,
1037868,2025-03-20,AME,MONTGOMERY THOMAS M,,0001127602-25-010065,2025-03-19,F,50,177.07,22307,D,,,,,,
1037868,2025-03-20,AME,Marecic Thomas C,,0001127602-25-010070,2025-03-18,A,1740,176.08,43372,D,,,,,,
1037868,2025-03-20,AME,Puri Dalip,,0001127602-25-010063,2025-03-18,A,3650,176.08,8510,D,,,,,,
1037868,2025-03-20,AME,Marecic Thomas C,,0001127602-25-010070,2025-03-19,F,143,177.07,43229,D,,,,,,
1037868,2025-03-20,AME,Hermance David F.,,0001127602-25-010068,2025-03-18,A,1710,176.08,40793,D,,,,,,
1037868,2025-03-20,AME,Hermance David F.,,0001127602-25-010068,2025-03-19,F,122,177.07,40671,D,,,,,,
1037868,2025-03-20,AME,Oscher Ronald J,,0001127602-25-010080,2025-03-18,A,1740,176.08,40963,D,,,,,,
1037868,2025-03-20,AME,Puri Dalip,,0001127602-25-010063,2025-03-19,F,237,177.07,8273,D,,,,,,
1037868,2025-03-20,AME,ZAPICO DAVID A,,0001127602-25-010078,2025-03-18,A,12230,176.08,354851,D,,,,,,
1037868,2025-03-24,AME,Speranza Emanuela,,0001127602-25-010280,2025-03-21,F,182,174.52,31148,D,,,,,,
1037868,2025-03-24,AME,Speranza Emanuela,,0001127602-25-010280,2025-03-22,F,155,174.52,30993,D,,,,,,
1037868,2025-03-24,AME,Puri Dalip,,0001127602-25-010276,2025-03-21,F,89,174.52,8184,D,,,,,,
1037868,2025-03-24,AME,Puri Dalip,,0001127602-25-010276,2025-03-22,F,67,174.52,8117,D,,,,,,
1037868,2025-03-24,AME,Hermance David F.,,0001127602-25-010273,2025-03-22,F,283,174.52,40165,D,,,,,,
1037868,2025-03-24,AME,Hardin John Wesley,,0001127602-25-010271,2025-03-21,F,331,174.52,73381,D,,,,,,
1037868,2025-03-24,AME,Hardin John Wesley,,0001127602-25-010271,2025-03-22,F,279,174.52,73102,D,,,,,,
1037868,2025-03-24,AME,ZAPICO DAVID A,,0001127602-25-010269,2025-03-21,F,2114,174.52,351213,D,,,,,,
1037868,2025-03-24,AME,Hermance David F.,,0001127602-25-010273,2025-03-21,F,223,174.52,40448,D,,,,,,
1037868,2025-03-24,AME,Oscher Ronald J,,0001127602-25-010263,2025-03-22,F,265,174.52,40226,D,,,,,,
1037868,2025-03-24,AME,Oscher Ronald J,,0001127602-25-010263,2025-03-21,F,314,174.52,40491,D,,,,,,
1037868,2025-03-24,AME,Marecic Thomas C,,0001127602-25-010267,2025-03-22,F,293,174.52,42589,D,,,,,,
1037868,2025-03-24,AME,MONTGOMERY THOMAS M,,0001127602-25-010265,2025-03-21,F,104,174.52,22203,D,,,,,,
1037868,2025-03-24,AME,MONTGOMERY THOMAS M,,0001127602-25-010265,2025-03-22,F,87,174.52,22116,D,,,,,,
1037868,2025-03-24,AME,ZAPICO DAVID A,,0001127602-25-010269,2025-03-22,F,2258,174.52,348955,D,,,,,,
1037868,2025-03-24,AME,CIAMPITTI TONY J,,0001127602-25-010259,2025-03-21,F,314,174.52,53361,D,,,,,,
1037868,2025-03-24,AME,Marecic Thomas C,,0001127602-25-010267,2025-03-21,F,347,174.52,42882,D,,,,,,
1037868,2025-03-24,AME,CIAMPITTI TONY J,,0001127602-25-010259,2025-03-22,F,265,174.52,53096,D,,,,,,
1037868,2025-03-28,AME,AMATO THOMAS A,,0001127602-25-010567,2025-03-27,S,710,176.64,10560,D,,,,,,
1037868,2025-08-26,AME,ZAPICO DAVID A,,0001037868-25-000069,2025-08-22,J,210,0.0,59955,D,,,,,,
1037868,2025-08-26,AME,ZAPICO DAVID A,,0001037868-25-000069,2025-08-22,D,35973,186.95,23982,D,,,,,,
1037868,2025-09-12,AME,Hardin John Wesley,,0001037868-25-000072,2025-09-11,S,7867,188.03,65235,D,,,,,,
1037868,2025-09-12,AME,Hardin John Wesley,,0001037868-25-000072,2025-09-12,J,80,0.0,23084,D,,,,,,
1037868,2025-11-03,AME,Oscher Ronald J,,0001037868-25-000080,2025-10-31,M,14310,63.37,54536,D,,,,,,
1037868,2025-11-03,AME,Oscher Ronald J,,0001037868-25-000080,2025-10-31,S,26290,200.0459,40226,D,,,,,,
1037868,2025-11-13,AME,Speranza Emanuela,,0001037868-25-000084,2025-11-12,S,2700,200.0,28293,D,,,,,,
1037868,2025-11-26,AME,ZAPICO DAVID A,,0001037868-25-000088,2025-11-25,M,88000,63.37,436955,D,,,,,,
1037868,2025-11-26,AME,ZAPICO DAVID A,,0001037868-25-000088,2025-11-25,S,7432,194.89,429523,D,,,,,,
1037868,2025-12-12,AME,ZAPICO DAVID A,,0001037868-25-000092,2025-12-12,G,3514,0.0,345441,D,,,,,,
1037868,2025-12-12,AME,ZAPICO DAVID A,,0001037868-25-000092,2025-12-12,S,28390,201.76,0,I,,,,,,
1037868,2025-12-16,AME,Marecic Thomas C,,0001037868-25-000097,2025-12-15,M,14310,63.37,56899,D,,,,,,
1037868,2025-12-16,AME,Marecic Thomas C,,0001037868-25-000097,2025-12-15,S,14310,202.1131,42589,D,,,,,,
1037868,2025-12-23,AME,MONTGOMERY THOMAS M,,0001037868-25-000103,2025-12-22,M,6388,85.45,28504,D,,,,,,
1037868,2025-12-23,AME,MONTGOMERY THOMAS M,,0001037868-25-000103,2025-12-22,S,6388,205.0548,22116,D,,,,,,
1037868,2025-12-29,AME,MONTGOMERY THOMAS M,,0001037868-25-000105,2025-12-26,G,19,0.0,22097,D,,,,,,
1037868,2025-12-31,AME,Oberton Karleen Marie,,0001037868-25-000110,2025-12-30,G,1250,0.0,4690,D,,,,,,
1037868,2026-02-19,AME,CIAMPITTI TONY J,,0001037868-26-000044,2026-02-17,F,733,233.33,55118,D,,,,,,
1037868,2026-02-19,AME,Hardin John Wesley,,0001037868-26-000043,2026-02-17,A,2887,0.0,68122,D,,,,,,
1037868,2026-02-19,AME,CIAMPITTI TONY J,,0001037868-26-000044,2026-02-17,A,2755,0.0,55851,D,,,,,,
1037868,2026-02-19,AME,CIAMPITTI TONY J,,0001037868-26-000044,2026-02-17,J,63,0.0,9465,D,,,,,,
1037868,2026-02-19,AME,Puri Dalip,,0001037868-26-000045,2026-02-17,A,373,0.0,8490,D,,,,,,
1037868,2026-02-19,AME,Puri Dalip,,0001037868-26-000045,2026-02-17,F,103,233.33,8387,D,,,,,,
1037868,2026-02-19,AME,Speranza Emanuela,,0001037868-26-000046,2026-02-17,F,630,233.33,30039,D,,,,,,
1037868,2026-02-19,AME,Hardin John Wesley,,0001037868-26-000043,2026-02-17,F,929,233.33,67193,D,,,,,,
1037868,2026-02-19,AME,Amodei Robert,,0001037868-26-000047,2026-02-17,F,96,233.33,43930,D,,,,,,
1037868,2026-02-19,AME,Hardin John Wesley,,0001037868-26-000043,2026-02-17,J,75,0.0,23159,D,,,,,,
1037868,2026-02-19,AME,Amodei Robert,,0001037868-26-000047,2026-02-17,A,279,0.0,44026,D,,,,,,
1037868,2026-02-19,AME,Speranza Emanuela,,0001037868-26-000046,2026-02-17,A,1399,0.0,30669,D,,,,,,
1037868,2026-02-19,AME,Hermance David F.,,0001037868-26-000041,2026-02-17,A,2652,0.0,42817,D,,,,,,
1037868,2026-02-19,AME,Marecic Thomas C,,0001037868-26-000042,2026-02-17,J,91,0.0,13644,D,,,,,,
1037868,2026-02-19,AME,Marecic Thomas C,,0001037868-26-000042,2026-02-17,F,798,233.33,44546,D,,,,,,
1037868,2026-02-19,AME,ZAPICO DAVID A,,0001037868-26-000039,2026-02-17,F,12797,233.33,336773,D,,,,,,
1037868,2026-02-19,AME,Marecic Thomas C,,0001037868-26-000042,2026-02-17,A,2755,0.0,45344,D,,,,,,
1037868,2026-02-19,AME,Oscher Ronald J,,0001037868-26-000040,2026-02-17,F,776,233.33,42205,D,,,,,,
1037868,2026-02-19,AME,Oscher Ronald J,,0001037868-26-000040,2026-02-17,J,32,0.0,4897,D,,,,,,
1037868,2026-02-19,AME,Oscher Ronald J,,0001037868-26-000040,2026-02-17,A,2755,0.0,42981,D,,,,,,
1037868,2026-02-19,AME,Hermance David F.,,0001037868-26-000041,2026-02-17,F,831,233.33,41986,D,,,,,,
1037868,2026-02-19,AME,Hermance David F.,,0001037868-26-000041,2026-02-17,J,6,0.0,993,D,,,,,,
1037868,2026-02-19,AME,ZAPICO DAVID A,,0001037868-26-000039,2026-02-17,J,76,0.0,24058,D,,,,,,
1037868,2026-02-19,AME,ZAPICO DAVID A,,0001037868-26-000039,2026-02-17,A,32519,0.0,349570,D,,,,,,
1037868,2026-02-23,AME,AMATO THOMAS A,,0001037868-26-000050,2026-02-19,J,6500,0.0,4060,D,,,,,,
1037868,2026-03-18,AME,Seavers Dean,,0001037868-26-000080,2026-03-18,A,950,212.77,5600,D,,,,,,
1037868,2026-03-18,AME,Oberton Karleen Marie,,0001037868-26-000085,2026-03-18,A,950,212.77,5640,D,,,,,,
1037868,2026-03-18,AME,Stefany Suzanne,,0001037868-26-000081,2026-03-18,A,950,212.77,5030,D,,,,,,
1037868,2026-03-18,AME,AMATO THOMAS A,,0001037868-26-000084,2026-03-18,A,950,212.77,5010,D,,,,,,
1037868,2026-03-18,AME,McClain Gretchen W,,0001037868-26-000077,2026-03-18,A,950,212.77,18981,D,,,,,,
1037868,2026-03-18,AME,Carpenter Tod E.,,0001037868-26-000078,2026-03-18,A,950,212.77,10480,D,,,,,,
1037868,2026-03-18,AME,McClain Gretchen W,,0001037868-26-000077,2026-03-18,J,52,0.0,3199,D,,,,,,
1037868,2026-03-18,AME,Conti Anthony James,,0001037868-26-000079,2026-03-18,A,950,212.77,30298,D,,,,,,
1037868,2026-03-19,AME,Oscher Ronald J,,0001037868-26-000108,2026-03-18,A,1300,212.77,43505,D,,,,,,
1037868,2026-03-19,AME,ZAPICO DAVID A,,0001037868-26-000110,2026-03-18,A,11930,212.77,348703,D,,,,,,
1037868,2026-03-19,AME,ZAPICO DAVID A,,0001037868-26-000110,2026-03-18,F,1604,212.77,347099,D,,,,,,
1037868,2026-03-19,AME,Speranza Emanuela,,0001037868-26-000113,2026-03-18,M,296,0.0,30335,D,,,,,,
1037868,2026-03-19,AME,Puri Dalip,,0001037868-26-000104,2026-03-18,A,3780,212.77,12167,D,,,,,,
1037868,2026-03-19,AME,Oscher Ronald J,,0001037868-26-000108,2026-03-18,F,229,212.77,43276,D,,,,,,
1037868,2026-03-19,AME,Marecic Thomas C,,0001037868-26-000106,2026-03-18,A,1240,212.77,45786,D,,,,,,
1037868,2026-03-19,AME,Marecic Thomas C,,0001037868-26-000106,2026-03-18,F,253,212.77,45533,D,,,,,,
1037868,2026-03-19,AME,Speranza Emanuela,,0001037868-26-000113,2026-03-18,F,134,212.77,30201,D,,,,,,
1037868,2026-03-19,AME,Puri Dalip,,0001037868-26-000104,2026-03-18,F,335,212.77,11832,D,,,,,,
1037868,2026-03-19,AME,Hardin John Wesley,,0001037868-26-000100,2026-03-18,A,1360,212.77,68553,D,,,,,,
1037868,2026-03-19,AME,Hardin John Wesley,,0001037868-26-000100,2026-03-18,F,237,212.77,68316,D,,,,,,
1037868,2026-03-19,AME,Amodei Robert,,0001037868-26-000098,2026-03-18,F,69,212.77,44221,D,,,,,,
1037868,2026-03-19,AME,Hermance David F.,,0001037868-26-000102,2026-03-18,F,248,212.77,42978,D,,,,,,
1037868,2026-03-19,AME,Amodei Robert,,0001037868-26-000098,2026-03-18,A,360,212.77,44290,D,,,,,,
1037868,2026-03-19,AME,CIAMPITTI TONY J,,0001037868-26-000096,2026-03-18,F,229,212.77,56189,D,,,,,,
1037868,2026-03-19,AME,Hermance David F.,,0001037868-26-000102,2026-03-18,A,1240,212.77,43226,D,,,,,,
1037868,2026-03-19,AME,CIAMPITTI TONY J,,0001037868-26-000096,2026-03-18,A,1300,212.77,56418,D,,,,,,
1037868,2026-03-23,AME,Speranza Emanuela,,0001037868-26-000133,2026-03-19,F,104,211.5,30327,D,,,,,,
1037868,2026-03-23,AME,CIAMPITTI TONY J,,0001037868-26-000127,2026-03-19,F,169,211.5,56020,D,,,,,,
1037868,2026-03-23,AME,CIAMPITTI TONY J,,0001037868-26-000127,2026-03-22,F,266,209.37,55754,D,,,,,,
1037868,2026-03-23,AME,Speranza Emanuela,,0001037868-26-000133,2026-03-22,F,155,209.37,30516,D,,,,,,
1037868,2026-03-23,AME,Amodei Robert,,0001037868-26-000126,2026-03-22,F,63,209.37,44110,D,,,,,,
1037868,2026-03-23,AME,ZAPICO DAVID A,,0001037868-26-000129,2026-03-22,F,2092,209.37,343595,D,,,,,,
1037868,2026-03-23,AME,ZAPICO DAVID A,,0001037868-26-000129,2026-03-19,F,1412,211.5,345687,D,,,,,,
1037868,2026-03-23,AME,Amodei Robert,,0001037868-26-000126,2026-03-19,F,48,211.5,44173,D,,,,,,
1037868,2026-03-23,AME,Speranza Emanuela,,0001037868-26-000133,2026-03-22,M,344,0.0,30671,D,,,,,,
1037868,2026-03-23,AME,Speranza Emanuela,,0001037868-26-000133,2026-03-19,M,230,0.0,30431,D,,,,,,
1037868,2026-03-23,AME,Hardin John Wesley,,0001037868-26-000125,2026-03-19,F,178,211.5,68138,D,,,,,,
1037868,2026-03-23,AME,Marecic Thomas C,,0001037868-26-000123,2026-03-19,F,186,211.5,45347,D,,,,,,
1037868,2026-03-23,AME,Marecic Thomas C,,0001037868-26-000123,2026-03-22,F,294,209.37,45053,D,,,,,,
1037868,2026-03-23,AME,Oscher Ronald J,,0001037868-26-000122,2026-03-19,F,169,211.5,43107,D,,,,,,
1037868,2026-03-23,AME,Oscher Ronald J,,0001037868-26-000122,2026-03-22,F,266,209.37,42841,D,,,,,,
1037868,2026-03-23,AME,Puri Dalip,,0001037868-26-000121,2026-03-22,F,67,209.37,11528,D,,,,,,
1037868,2026-03-23,AME,Puri Dalip,,0001037868-26-000121,2026-03-19,F,237,211.5,11595,D,,,,,,
1037868,2026-03-23,AME,Hardin John Wesley,,0001037868-26-000125,2026-03-22,F,279,209.37,67859,D,,,,,,
1037868,2026-03-23,AME,Hermance David F.,,0001037868-26-000124,2026-03-19,F,186,211.5,42792,D,,,,,,
1037868,2026-03-23,AME,Hermance David F.,,0001037868-26-000124,2026-03-22,F,283,209.37,42509,D,,,,,,
1037868,2026-03-25,AME,AMATO THOMAS A,,0001037868-26-000136,2026-03-24,S,530,216.78,4480,D,,,,,,
1037868,2026-03-25,AME,AMATO THOMAS A,,0001037868-26-000136,2026-03-24,J,500,0.0,3980,D,,,,,,
1037868,2026-05-08,AME,Stanage Nick L,,0001037868-26-000154,2026-05-07,A,760,234.73,760,D,non_derivative,Common Stock,,,,
1037868,2026-05-08,AME,Stanage Nick L,,0001037868-26-000154,2026-05-07,A,760,234.73,760,D,,,,,,
1037868,2026-05-28,AME,Oscher Ronald J,,0001037868-26-000165,2026-05-27,J,39954,0.0,2887,D,non_derivative,Common Stock,,,,
1037868,2026-08-10,AME,Hermance David F.,,0001037868-26-000181,2026-08-07,M,6608,0.0,0,D,derivative,Stock Option,Common Stock,6608.0,85.45,2029-05-09
1037868,2026-08-10,AME,Hermance David F.,,0001037868-26-000181,2026-08-07,M,6608,85.45,49117,D,non_derivative,Common Stock,,,,
1037868,2026-08-10,AME,Hermance David F.,,0001037868-26-000181,2026-08-07,S,6608,254.0,42509,D,non_derivative,Common Stock,,,,
1037868,2026-08-12,AME,Stanage Nick L,,0001037868-26-000188,2026-08-11,P,4000,255.85,4760,D,non_derivative,Common Stock,,,,
