cik,filingDate,issuerTradingSymbol,reportingOwnerName,reportingOwnerRelationship,accessionNumber,transactionDate,transactionCode,transactionShares,transactionPricePerShare,sharesOwnedFollowingTransaction,directOrIndirectOwnership,transactionType,securityTitle,underlyingSecurityTitle,underlyingSecurityShares,exercisePrice,expirationDate
896159,2017-03-02,CB,Lupica John J,,0001209191-17-016458,2017-02-28,F,1263.0,138.17,189973.2,D,,,,,,
896159,2017-03-02,CB,Lupica John J,,0001209191-17-016458,2017-03-01,M,8972.0,60.28,198945.2,D,,,,,,
896159,2017-03-02,CB,Lupica John J,,0001209191-17-016458,2017-03-01,S,8972.0,138.67,207549.2,D,,,,,,
896159,2017-03-02,CB,MEDINI PAUL BENNETT,,0001209191-17-016456,2017-02-28,F,520.0,138.17,86595.035,D,,,,,,
896159,2017-03-02,CB,Keogh John W,,0001209191-17-016451,2017-02-28,F,2163.0,138.17,243147.0,D,,,,,,
896159,2017-03-02,CB,GREENBERG EVAN G,,0001209191-17-016447,2017-02-28,F,5016.0,138.17,1438117.0,D,,,,,,
896159,2017-03-02,CB,BOROUGHS TIMOTHY ALAN,,0001209191-17-016442,2017-02-28,F,1684.0,138.17,185628.0,D,,,,,,
896159,2017-03-02,CB,BANCROFT PHILIP V,,0001209191-17-016438,2017-02-28,F,976.0,138.17,330050.0,D,,,,,,
896159,2017-03-02,CB,Andrade Juan C,,0001209191-17-016433,2017-02-28,F,1043.0,138.17,108309.0,D,,,,,,
896159,2017-03-08,CB,Lupica John J,,0001209191-17-019114,2017-03-07,M,1658.0,60.28,193207.2,D,,,,,,
896159,2017-03-15,CB,BOROUGHS TIMOTHY ALAN,,0001209191-17-020776,2017-03-15,M,19480.0,38.51,205108.0,D,,,,,,
896159,2017-03-15,CB,BOROUGHS TIMOTHY ALAN,,0001209191-17-020776,2017-03-15,S,16884.0,137.49,188224.0,D,,,,,,
896159,2017-05-22,CB,Wayland Joseph F,,0001209191-17-034184,2017-05-18,F,2662.0,138.56,71183.354,D,,,,,,
896159,2017-05-22,CB,Keogh John W,,0001209191-17-034177,2017-05-18,F,14181.0,138.56,237778.0,D,,,,,,
896159,2017-05-22,CB,BOROUGHS TIMOTHY ALAN,,0001209191-17-034175,2017-05-18,F,3074.0,138.56,182554.0,D,,,,,,
896159,2017-05-22,CB,BANCROFT PHILIP V,,0001209191-17-034172,2017-05-18,A,5290.0,,335340.0,D,,,,,,
896159,2017-05-22,CB,BANCROFT PHILIP V,,0001209191-17-034172,2017-05-18,F,7418.0,138.56,327922.0,D,,,,,,
896159,2017-05-22,CB,Andrade Juan C,,0001209191-17-034170,2017-05-18,F,3037.0,138.56,105822.0,D,,,,,,
896159,2017-05-22,CB,Lupica John J,,0001209191-17-034182,2017-05-18,F,9430.0,138.56,191124.2,D,,,,,,
896159,2017-05-22,CB,SIDWELL DAVID H,,0001209191-17-034160,2017-05-18,A,1227.0,,8613.0,D,,,,,,
896159,2017-05-22,CB,Keogh John W,,0001209191-17-034177,2017-05-18,A,8812.0,,251959.0,D,,,,,,
896159,2017-05-22,CB,SCULLY ROBERT W,,0001209191-17-034158,2017-05-18,A,2093.0,,7872.0,D,,,,,,
896159,2017-05-22,CB,Steimer Olivier,,0001209191-17-034164,2017-05-18,A,1227.0,,18798.21,D,,,,,,
896159,2017-05-22,CB,Steimer Olivier,,0001209191-17-034164,2017-05-18,F,87.0,138.56,18782.62,D,,,,,,
896159,2017-05-22,CB,Lupica John J,,0001209191-17-034182,2017-05-18,A,5362.0,,200554.2,D,,,,,,
896159,2017-05-22,CB,SIDWELL DAVID H,,0001209191-17-034160,2017-05-18,F,321.0,138.56,8292.0,D,,,,,,
896159,2017-05-22,CB,KRUMP PAUL J,,0001209191-17-034179,2017-05-18,F,1102.0,138.56,93426.0,D,,,,,,
896159,2017-05-22,CB,GREENBERG EVAN G,,0001209191-17-034168,2017-05-18,A,39964.0,,1478081.0,D,,,,,,
896159,2017-05-22,CB,GREENBERG EVAN G,,0001209191-17-034168,2017-05-18,F,57699.0,138.56,1420382.0,D,,,,,,
896159,2017-05-22,CB,ZIMMERMAN JAMES M,,0001209191-17-034166,2017-05-18,A,1227.0,,5780.0,D,,,,,,
896159,2017-05-22,CB,ZIMMERMAN JAMES M,,0001209191-17-034166,2017-05-18,F,321.0,138.56,5459.0,D,,,,,,
896159,2017-05-22,CB,SCULLY ROBERT W,,0001209191-17-034158,2017-05-18,F,521.0,138.56,7351.0,D,,,,,,
896159,2017-05-22,CB,Shasta Theodore,,0001209191-17-034156,2017-05-18,A,1227.0,,10819.0,D,,,,,,
896159,2017-05-22,CB,Shasta Theodore,,0001209191-17-034156,2017-05-18,F,321.0,138.56,10498.0,D,,,,,,
896159,2017-05-22,CB,Shanks Eugene B. JR,,0001209191-17-034154,2017-05-18,A,1227.0,,8832.0,D,,,,,,
896159,2017-05-22,CB,MULLIN LEO F,,0001209191-17-034147,2017-05-18,F,321.0,138.56,19908.2,D,,,,,,
896159,2017-05-22,CB,Ross Kimberly A.,,0001209191-17-034152,2017-05-18,A,2093.0,,7883.336,D,,,,,,
896159,2017-05-22,CB,HERNANDEZ ROBERT M,,0001209191-17-034144,2017-05-18,F,321.0,138.56,26671.344,D,,,,,,
896159,2017-05-22,CB,EDWARDSON JOHN A,,0001209191-17-034141,2017-05-18,A,2093.0,,7872.0,D,,,,,,
896159,2017-05-22,CB,EDWARDSON JOHN A,,0001209191-17-034141,2017-05-18,F,521.0,138.56,7351.0,D,,,,,,
896159,2017-05-22,CB,CONNORS MICHAEL P,,0001209191-17-034138,2017-05-18,A,1227.0,,11742.0,D,,,,,,
896159,2017-05-22,CB,BURKE SHEILA P,,0001209191-17-034128,2017-05-18,A,1227.0,,2707.0,D,,,,,,
896159,2017-05-22,CB,MULLIN LEO F,,0001209191-17-034147,2017-05-18,A,1227.0,,20113.67,D,,,,,,
896159,2017-05-22,CB,ATIEH MICHAEL G,,0001209191-17-034126,2017-05-18,A,1227.0,,39847.24,D,,,,,,
896159,2017-05-22,CB,HERNANDEZ ROBERT M,,0001209191-17-034144,2017-05-18,A,1227.0,,26475.074,D,,,,,,
896159,2017-05-22,CB,CASH JAMES I,,0001209191-17-034131,2017-05-18,F,321.0,138.56,2188.0,D,,,,,,
896159,2017-05-22,CB,Shanks Eugene B. JR,,0001209191-17-034154,2017-05-18,F,321.0,138.56,8511.0,D,,,,,,
896159,2017-05-22,CB,BURKE SHEILA P,,0001209191-17-034128,2017-05-18,F,321.0,138.56,2386.0,D,,,,,,
896159,2017-05-22,CB,Ross Kimberly A.,,0001209191-17-034152,2017-05-18,F,521.0,138.56,7362.336,D,,,,,,
896159,2017-05-22,CB,ATIEH MICHAEL G,,0001209191-17-034126,2017-05-18,F,321.0,138.56,39870.14,D,,,,,,
896159,2017-05-22,CB,CONNORS MICHAEL P,,0001209191-17-034138,2017-05-18,F,321.0,138.56,11421.0,D,,,,,,
896159,2017-05-22,CB,CIRILLO MARY A,,0001209191-17-034135,2017-05-18,A,2237.0,,35099.91,D,,,,,,
896159,2017-05-22,CB,CIRILLO MARY A,,0001209191-17-034135,2017-05-18,F,545.0,138.56,34849.67,D,,,,,,
896159,2017-05-22,CB,CASH JAMES I,,0001209191-17-034131,2017-05-18,A,1227.0,,2509.0,D,,,,,,
896159,2017-06-01,CB,KRUMP PAUL J,,0001209191-17-036635,2017-05-30,S,14563.0,141.84,78863.0,D,,,,,,
896159,2017-06-08,CB,GREENBERG EVAN G,,0001209191-17-038459,2017-06-06,S,60000.0,144.74,1360382.0,D,,,,,,
896159,2017-06-14,CB,GREENBERG EVAN G,,0001209191-17-039745,2017-06-12,S,6902.0,145.39,57649.0,I,,,,,,
896159,2017-06-19,CB,Keogh John W,,0001209191-17-040734,2017-06-15,M,19082.0,60.28,256860.0,D,,,,,,
896159,2017-06-19,CB,Keogh John W,,0001209191-17-040734,2017-06-15,S,19082.0,147.26,237778.0,D,,,,,,
896159,2017-06-19,CB,Keogh John W,,0001209191-17-040734,2017-06-15,F,326.0,146.83,238216.0,D,,,,,,
896159,2017-06-20,CB,Keogh John W,,0001209191-17-041016,2017-06-16,S,5200.0,147.05,234103.0,D,,,,,,
896159,2017-08-01,CB,BOROUGHS TIMOTHY ALAN,,0001209191-17-046852,2017-07-31,M,15555.0,60.28,198109.0,D,,,,,,
896159,2017-08-01,CB,BOROUGHS TIMOTHY ALAN,,0001209191-17-046852,2017-07-31,S,15555.0,146.52,182554.0,D,,,,,,
896159,2017-08-08,CB,Andrade Juan C,,0001209191-17-048038,2017-08-07,S,5000.0,149.71,100822.0,D,,,,,,
896159,2017-08-11,CB,BANCROFT PHILIP V,,0001209191-17-048501,2017-08-09,M,16638.0,85.39,344560.0,D,,,,,,
896159,2017-08-11,CB,BANCROFT PHILIP V,,0001209191-17-048501,2017-08-09,S,7124.0,148.86,337436.0,D,,,,,,
896159,2017-08-17,CB,Wayland Joseph F,,0001209191-17-049333,2017-08-15,F,2647.0,147.97,68536.354,D,,,,,,
896159,2017-10-23,CB,Lupica John J,,0001209191-17-057701,2017-10-19,S,16674.0,152.02,174621.2,D,,,,,,
896159,2017-11-13,CB,MEDINI PAUL BENNETT,,0001209191-17-060171,2017-11-09,M,5180.0,60.28,91775.035,D,,,,,,
896159,2017-11-13,CB,MEDINI PAUL BENNETT,,0001209191-17-060171,2017-11-09,S,5180.0,150.48,86595.035,D,,,,,,
896159,2017-11-14,CB,RINGSTED SEAN,,0001209191-17-060559,2017-11-10,M,9850.0,60.28,171667.0,D,,,,,,
896159,2017-11-14,CB,RINGSTED SEAN,,0001209191-17-060559,2017-11-10,S,9850.0,151.4,161817.0,D,,,,,,
896159,2017-12-05,CB,BOROUGHS TIMOTHY ALAN,,0001209191-17-063713,2017-12-01,M,18611.0,50.37,201165.0,D,,,,,,
896159,2017-12-05,CB,BOROUGHS TIMOTHY ALAN,,0001209191-17-063713,2017-12-01,S,14026.0,150.93,187139.0,D,,,,,,
896159,2017-12-22,CB,GREENBERG EVAN G,,0001209191-17-066923,2017-12-20,M,16022.0,60.28,1367229.0,D,,,,,,
896159,2017-12-22,CB,GREENBERG EVAN G,,0001209191-17-066923,2017-12-20,S,14364.0,147.2,1352865.0,D,,,,,,
896159,2017-12-22,CB,GREENBERG EVAN G,,0001209191-17-066923,2017-12-21,M,114618.0,60.28,1467483.0,D,,,,,,
896159,2017-12-22,CB,GREENBERG EVAN G,,0001209191-17-066923,2017-12-21,S,81397.0,145.27,1386086.0,D,,,,,,
896159,2018-02-23,CB,Andrade Juan C,,0001209191-18-012813,2018-02-21,M,9373.0,73.35,110195.0,D,,,,,,
896159,2018-02-23,CB,Andrade Juan C,,0001209191-18-012813,2018-02-21,S,9373.0,146.06,100822.0,D,,,,,,
896159,2018-02-26,CB,BOROUGHS TIMOTHY ALAN,,0001209191-18-013526,2018-02-22,A,3955.0,0.0,186509.0,D,,,,,,
896159,2018-02-26,CB,RINGSTED SEAN,,0001209191-18-013536,2018-02-22,A,3029.0,0.0,159846.0,D,,,,,,
896159,2018-02-26,CB,GREENBERG EVAN G,,0001209191-18-013527,2018-02-22,A,15464.0,0.0,1401550.0,D,,,,,,
896159,2018-02-26,CB,Wayland Joseph F,,0001209191-18-013537,2018-02-22,A,3472.0,0.0,72008.354,D,,,,,,
896159,2018-02-26,CB,MEDINI PAUL BENNETT,,0001209191-18-013534,2018-02-22,A,2081.0,0.0,88676.035,D,,,,,,
896159,2018-02-26,CB,Keogh John W,,0001209191-18-013529,2018-02-22,A,7133.0,0.0,240292.0,D,,,,,,
896159,2018-02-26,CB,BANCROFT PHILIP V,,0001209191-18-013525,2018-02-22,A,4718.0,0.0,332640.0,D,,,,,,
896159,2018-02-26,CB,KRUMP PAUL J,,0001209191-18-013531,2018-02-22,A,4726.0,0.0,83760.0,D,,,,,,
896159,2018-02-26,CB,Lupica John J,,0001209191-18-013533,2018-02-22,A,6424.0,0.0,181045.2,D,,,,,,
896159,2018-02-26,CB,Andrade Juan C,,0001209191-18-013523,2018-02-22,A,4292.0,0.0,105114.0,D,,,,,,
896159,2018-02-27,CB,Wayland Joseph F,,0001209191-18-013868,2018-02-23,F,328.0,144.01,80275.354,D,,,,,,
896159,2018-02-27,CB,Wayland Joseph F,,0001209191-18-013868,2018-02-25,F,643.0,144.01,79632.354,D,,,,,,
896159,2018-02-27,CB,MEDINI PAUL BENNETT,,0001209191-18-013858,2018-02-23,F,404.0,144.01,89494.035,D,,,,,,
896159,2018-02-27,CB,MEDINI PAUL BENNETT,,0001209191-18-013858,2018-02-25,F,759.0,144.01,88735.035,D,,,,,,
896159,2018-02-27,CB,Lupica John J,,0001209191-18-013854,2018-02-23,F,518.0,144.01,196426.2,D,,,,,,
896159,2018-02-27,CB,Lupica John J,,0001209191-18-013854,2018-02-25,F,744.0,144.01,195682.2,D,,,,,,
896159,2018-02-27,CB,GREENBERG EVAN G,,0001209191-18-013852,2018-02-23,F,1350.0,144.01,1476748.0,D,,,,,,
896159,2018-02-27,CB,GREENBERG EVAN G,,0001209191-18-013852,2018-02-25,F,1877.0,144.01,1474871.0,D,,,,,,
896159,2018-02-27,CB,Keogh John W,,0001209191-18-013848,2018-02-23,F,661.0,144.01,262477.0,D,,,,,,
896159,2018-02-27,CB,Keogh John W,,0001209191-18-013848,2018-02-25,F,736.0,144.01,261741.0,D,,,,,,
896159,2018-02-27,CB,BANCROFT PHILIP V,,0001209191-18-013845,2018-02-23,F,403.0,144.01,343914.0,D,,,,,,
896159,2018-02-27,CB,BANCROFT PHILIP V,,0001209191-18-013845,2018-02-25,F,531.0,144.01,343383.0,D,,,,,,
896159,2018-02-27,CB,KRUMP PAUL J,,0001209191-18-013822,2018-02-23,F,650.0,144.01,94809.0,D,,,,,,
896159,2018-02-27,CB,KRUMP PAUL J,,0001209191-18-013822,2018-02-25,F,11549.0,144.01,83260.0,D,,,,,,
896159,2018-02-27,CB,BOROUGHS TIMOTHY ALAN,,0001209191-18-013813,2018-02-23,F,375.0,144.01,195922.0,D,,,,,,
896159,2018-02-27,CB,BOROUGHS TIMOTHY ALAN,,0001209191-18-013813,2018-02-25,F,543.0,144.01,195379.0,D,,,,,,
896159,2018-02-27,CB,Andrade Juan C,,0001209191-18-013807,2018-02-23,F,408.0,144.01,115329.0,D,,,,,,
896159,2018-02-27,CB,Andrade Juan C,,0001209191-18-013807,2018-02-25,F,532.0,144.01,114797.0,D,,,,,,
896159,2018-02-28,CB,Wayland Joseph F,,0001209191-18-014395,2018-02-26,F,467.0,146.14,79165.354,D,,,,,,
896159,2018-02-28,CB,MEDINI PAUL BENNETT,,0001209191-18-014393,2018-02-26,F,432.0,146.14,88303.035,D,,,,,,
896159,2018-02-28,CB,Lupica John J,,0001209191-18-014391,2018-02-26,F,724.0,146.14,194958.2,D,,,,,,
896159,2018-02-28,CB,GREENBERG EVAN G,,0001209191-18-014389,2018-02-26,F,2316.0,146.14,1472555.0,D,,,,,,
896159,2018-02-28,CB,Keogh John W,,0001209191-18-014387,2018-02-26,F,724.0,146.14,261017.0,D,,,,,,
896159,2018-02-28,CB,BOROUGHS TIMOTHY ALAN,,0001209191-18-014384,2018-02-26,F,514.0,146.14,194865.0,D,,,,,,
896159,2018-02-28,CB,BANCROFT PHILIP V,,0001209191-18-014382,2018-02-26,F,489.0,146.14,342894.0,D,,,,,,
896159,2018-02-28,CB,Andrade Juan C,,0001209191-18-014380,2018-02-26,F,472.0,146.14,114325.0,D,,,,,,
896159,2018-03-01,CB,Wayland Joseph F,,0001209191-18-014944,2018-02-27,F,297.0,144.19,78868.354,D,,,,,,
896159,2018-03-01,CB,MEDINI PAUL BENNETT,,0001209191-18-014931,2018-02-27,F,512.0,144.19,87791.035,D,,,,,,
896159,2018-03-01,CB,Lupica John J,,0001209191-18-014929,2018-02-27,F,1164.0,144.19,193794.2,D,,,,,,
896159,2018-03-01,CB,GREENBERG EVAN G,,0001209191-18-014925,2018-02-27,F,2645.0,144.19,1469910.0,D,,,,,,
896159,2018-03-01,CB,Keogh John W,,0001209191-18-014923,2018-02-27,F,1087.0,144.19,259930.0,D,,,,,,
896159,2018-03-01,CB,BOROUGHS TIMOTHY ALAN,,0001209191-18-014921,2018-02-27,F,610.0,144.19,194255.0,D,,,,,,
896159,2018-03-01,CB,BANCROFT PHILIP V,,0001209191-18-014917,2018-02-27,F,559.0,144.19,342335.0,D,,,,,,
896159,2018-03-01,CB,Andrade Juan C,,0001209191-18-014913,2018-02-27,F,707.0,144.19,113618.0,D,,,,,,
896159,2018-03-16,CB,BANCROFT PHILIP V,,0001209191-18-020223,2018-03-15,S,55675.0,140.94,286660.0,D,,,,,,
896159,2018-05-21,CB,Wayland Joseph F,,0001209191-18-031946,2018-05-17,F,4145.0,134.45,74723.354,D,,,,,,
896159,2018-05-21,CB,Lupica John J,,0001209191-18-031940,2018-05-17,F,9528.0,134.45,184266.2,D,,,,,,
896159,2018-05-21,CB,KRUMP PAUL J,,0001209191-18-031935,2018-05-17,F,1047.0,134.45,109088.0,D,,,,,,
896159,2018-05-21,CB,Keogh John W,,0001209191-18-031926,2018-05-17,F,15033.0,134.45,247298.0,D,,,,,,
896159,2018-05-21,CB,Keogh John W,,0001209191-18-031926,2018-05-14,G,358.0,0.0,32834.0,I,,,,,,
896159,2018-05-21,CB,GREENBERG EVAN G,,0001209191-18-031922,2018-05-17,F,53268.0,134.45,1416642.0,D,,,,,,
896159,2018-05-21,CB,BOROUGHS TIMOTHY ALAN,,0001209191-18-031915,2018-05-17,F,6432.0,134.45,187823.0,D,,,,,,
896159,2018-05-21,CB,BANCROFT PHILIP V,,0001209191-18-031910,2017-05-17,F,6395.0,134.45,280265.0,D,,,,,,
896159,2018-05-21,CB,Andrade Juan C,,0001209191-18-031906,2018-05-17,F,5730.0,134.45,107888.0,D,,,,,,
896159,2018-05-21,CB,Steimer Olivier,,0001209191-18-031792,2018-05-17,A,1264.0,,20046.62,D,,,,,,
896159,2018-05-21,CB,Steimer Olivier,,0001209191-18-031792,2018-05-17,F,83.0,134.45,20029.62,D,,,,,,
896159,2018-05-21,CB,SIDWELL DAVID H,,0001209191-18-031790,2018-05-17,A,1264.0,,9556.0,D,,,,,,
896159,2018-05-21,CB,SIDWELL DAVID H,,0001209191-18-031790,2018-05-17,F,307.0,134.45,9249.0,D,,,,,,
896159,2018-05-21,CB,Shasta Theodore,,0001209191-18-031787,2018-05-17,A,1264.0,,11762.0,D,,,,,,
896159,2018-05-21,CB,ZIMMERMAN JAMES M,,0001209191-18-031796,2018-05-17,A,1264.0,,6723.0,D,,,,,,
896159,2018-05-21,CB,ZIMMERMAN JAMES M,,0001209191-18-031796,2018-05-17,F,307.0,134.45,6416.0,D,,,,,,
896159,2018-05-21,CB,Shasta Theodore,,0001209191-18-031787,2018-05-17,F,307.0,134.45,11455.0,D,,,,,,
896159,2018-05-21,CB,Shanks Eugene B. JR,,0001209191-18-031784,2018-05-17,A,1264.0,,9775.0,D,,,,,,
896159,2018-05-21,CB,Shanks Eugene B. JR,,0001209191-18-031784,2018-05-17,F,307.0,134.45,9468.0,D,,,,,,
896159,2018-05-21,CB,SCULLY ROBERT W,,0001209191-18-031782,2018-05-17,A,2417.0,,9768.0,D,,,,,,
896159,2018-05-21,CB,SCULLY ROBERT W,,0001209191-18-031782,2018-05-17,F,524.0,134.45,9244.0,D,,,,,,
896159,2018-05-21,CB,Ross Kimberly A.,,0001209191-18-031780,2018-05-17,A,1264.0,,8647.236,D,,,,,,
896159,2018-05-21,CB,Ross Kimberly A.,,0001209191-18-031780,2018-05-17,F,524.0,134.45,8123.236,D,,,,,,
896159,2018-05-21,CB,MULLIN LEO F,,0001209191-18-031778,2018-05-17,F,307.0,134.45,19707.99,D,,,,,,
896159,2018-05-21,CB,HERNANDEZ ROBERT M,,0001209191-18-031776,2018-05-17,A,1264.0,,26974.344,D,,,,,,
896159,2018-05-21,CB,HERNANDEZ ROBERT M,,0001209191-18-031776,2018-05-17,F,307.0,134.45,27145.474,D,,,,,,
896159,2018-05-21,CB,EDWARDSON JOHN A,,0001209191-18-031774,2018-05-17,A,2157.0,,9508.0,D,,,,,,
896159,2018-05-21,CB,EDWARDSON JOHN A,,0001209191-18-031774,2018-05-17,F,524.0,134.45,8984.0,D,,,,,,
896159,2018-05-21,CB,CONNORS MICHAEL P,,0001209191-18-031768,2018-05-17,A,1264.0,,12685.0,D,,,,,,
896159,2018-05-21,CB,CONNORS MICHAEL P,,0001209191-18-031768,2018-05-17,F,307.0,134.45,12378.0,D,,,,,,
896159,2018-05-21,CB,CASH JAMES I,,0001209191-18-031749,2018-05-17,A,1264.0,,3452.0,D,,,,,,
896159,2018-05-21,CB,CASH JAMES I,,0001209191-18-031749,2018-05-17,F,307.0,134.45,3145.0,D,,,,,,
896159,2018-05-21,CB,BURKE SHEILA P,,0001209191-18-031746,2018-05-17,A,1264.0,,3650.0,D,,,,,,
896159,2018-05-21,CB,BURKE SHEILA P,,0001209191-18-031746,2018-05-17,F,307.0,134.45,3343.0,D,,,,,,
896159,2018-05-21,CB,ATIEH MICHAEL G,,0001209191-18-031741,2018-05-17,A,1264.0,,41134.14,D,,,,,,
896159,2018-05-21,CB,CIRILLO MARY A,,0001209191-18-031755,2018-05-17,A,2306.0,,37155.67,D,,,,,,
896159,2018-05-21,CB,CIRILLO MARY A,,0001209191-18-031755,2018-05-17,F,560.0,134.45,36868.12,D,,,,,,
896159,2018-05-21,CB,ATIEH MICHAEL G,,0001209191-18-031741,2018-05-17,F,307.0,134.45,41481.48,D,,,,,,
896159,2018-06-06,CB,ATIEH MICHAEL G,,0001209191-18-035980,2018-06-04,S,920.0,130.858,40561.48,D,,,,,,
896159,2018-06-11,CB,KRUMP PAUL J,,0001209191-18-036898,2017-06-30,P,67.0,145.1902,67.0,I,,,,,,
896159,2018-06-11,CB,KRUMP PAUL J,,0001209191-18-036898,2017-11-28,S,2.0,150.9314,65.0,I,,,,,,
896159,2018-06-11,CB,KRUMP PAUL J,,0001209191-18-036898,2017-12-21,P,28.0,145.3375,61.0,I,,,,,,
896159,2018-06-11,CB,KRUMP PAUL J,,0001209191-18-036898,2017-06-23,P,3.0,145.0671,3.0,I,,,,,,
896159,2018-06-11,CB,KRUMP PAUL J,,0001209191-18-036898,2017-07-24,P,4.0,147.119,7.0,I,,,,,,
896159,2018-06-11,CB,KRUMP PAUL J,,0001209191-18-036898,2018-03-23,S,7.0,135.6632,0.0,I,,,,,,
896159,2018-08-01,CB,KRUMP PAUL J,,0001209191-18-044663,2018-07-31,S,65.0,140.04,0.0,I,,,,,,
896159,2018-09-10,CB,Wayland Joseph F,,0001209191-18-050205,2018-09-04,A,1102.0,0.0,75825.354,D,,,,,,
896159,2018-09-21,CB,GREENBERG EVAN G,,0001209191-18-051929,2018-09-19,M,166684.0,38.51,1583326.0,D,,,,,,
896159,2018-09-21,CB,GREENBERG EVAN G,,0001209191-18-051929,2018-09-19,S,166684.0,140.12,1416642.0,D,,,,,,
896159,2018-09-24,CB,BOROUGHS TIMOTHY ALAN,,0001209191-18-052024,2018-09-20,M,14971.0,62.64,202794.0,D,,,,,,
896159,2018-09-24,CB,BOROUGHS TIMOTHY ALAN,,0001209191-18-052024,2018-09-20,S,14971.0,139.37,187823.0,D,,,,,,
896159,2018-10-12,CB,Keogh John W,,0001209191-18-054883,2018-05-09,P,74.0,132.51,247372.0,D,,,,,,
896159,2018-11-21,CB,Andrade Juan C,,0001209191-18-059655,2018-11-20,S,40.0,132.95,107848.0,D,,,,,,
896159,2018-11-21,CB,Andrade Juan C,,0001209191-18-059655,2018-11-20,G,560.0,0.0,107288.0,D,,,,,,
896159,2018-11-30,CB,ATIEH MICHAEL G,,0001209191-18-060351,2018-11-28,S,1200.0,133.27,39748.8,D,,,,,,
896159,2018-12-04,CB,Keogh John W,,0001209191-18-060801,2018-11-30,G,3760.0,0.0,220726.0,D,,,,,,
896159,2018-12-04,CB,Keogh John W,,0001209191-18-060801,2018-12-03,G,542.0,0.0,53376.0,I,,,,,,
896159,2018-12-19,CB,KRUMP PAUL J,,0001209191-18-063442,2018-12-17,M,15404.0,0.0,124492.0,D,,,,,,
896159,2018-12-19,CB,KRUMP PAUL J,,0001209191-18-063442,2018-12-17,F,8103.0,127.63,116389.0,D,,,,,,
896159,2018-12-28,CB,GREENBERG EVAN G,,0001209191-18-064244,2016-12-21,G,240.0,0.0,1372862.0,D,,,,,,
896159,2019-02-08,CB,GREENBERG EVAN G,,0001209191-19-008429,2019-02-07,M,2596.0,38.51,1375458.0,D,,,,,,
896159,2019-02-11,CB,BANCROFT PHILIP V,,0001209191-19-008865,2019-02-08,M,2596.0,38.51,282861.0,D,,,,,,
896159,2019-02-22,CB,MEDINI PAUL BENNETT,,0001209191-19-012418,2019-02-20,M,7310.0,38.51,95101.035,D,,,,,,
896159,2019-02-22,CB,MEDINI PAUL BENNETT,,0001209191-19-012418,2019-02-20,S,2437.0,133.94,92664.035,D,,,,,,
896159,2019-02-26,CB,Wayland Joseph F,,0001209191-19-013315,2019-02-22,F,353.0,134.51,75472.354,D,,,,,,
896159,2019-02-26,CB,Wayland Joseph F,,0001209191-19-013315,2019-02-23,F,366.0,134.51,75106.354,D,,,,,,
896159,2019-02-26,CB,MEDINI PAUL BENNETT,,0001209191-19-013313,2019-02-22,F,355.0,134.51,92309.035,D,,,,,,
896159,2019-02-26,CB,MEDINI PAUL BENNETT,,0001209191-19-013313,2019-02-23,F,406.0,134.51,91903.035,D,,,,,,
896159,2019-02-26,CB,Lupica John J,,0001209191-19-013311,2019-02-22,F,443.0,134.51,183823.2,D,,,,,,
896159,2019-02-26,CB,Lupica John J,,0001209191-19-013311,2019-02-23,F,500.0,134.51,183323.2,D,,,,,,
896159,2019-02-26,CB,KRUMP PAUL J,,0001209191-19-013309,2019-02-22,F,379.0,134.51,118363.0,D,,,,,,
896159,2019-02-26,CB,KRUMP PAUL J,,0001209191-19-013309,2019-02-23,F,424.0,134.51,117939.0,D,,,,,,
896159,2019-02-26,CB,Keogh John W,,0001209191-19-013307,2019-02-22,F,592.0,134.51,220134.0,D,,,,,,
896159,2019-02-26,CB,Keogh John W,,0001209191-19-013307,2019-02-23,F,665.0,134.51,219469.0,D,,,,,,
896159,2019-02-26,CB,GREENBERG EVAN G,,0001209191-19-013305,2019-02-22,F,1312.0,134.51,1374146.0,D,,,,,,
896159,2019-02-26,CB,GREENBERG EVAN G,,0001209191-19-013305,2019-02-23,F,1448.0,134.51,1372698.0,D,,,,,,
896159,2019-02-26,CB,BOROUGHS TIMOTHY ALAN,,0001209191-19-013303,2019-02-22,F,336.0,134.51,187487.0,D,,,,,,
896159,2019-02-26,CB,BOROUGHS TIMOTHY ALAN,,0001209191-19-013303,2019-02-23,F,376.0,134.51,187111.0,D,,,,,,
896159,2019-02-26,CB,BANCROFT PHILIP V,,0001209191-19-013301,2019-02-22,F,325.0,134.51,282536.0,D,,,,,,
896159,2019-02-26,CB,BANCROFT PHILIP V,,0001209191-19-013301,2019-02-23,F,404.0,134.51,282132.0,D,,,,,,
896159,2019-02-26,CB,Andrade Juan C,,0001209191-19-013299,2019-02-22,F,361.0,134.51,106927.0,D,,,,,,
896159,2019-02-26,CB,Andrade Juan C,,0001209191-19-013299,2019-02-23,F,408.0,134.51,106519.0,D,,,,,,
896159,2019-02-27,CB,Wayland Joseph F,,0001209191-19-013938,2019-02-25,F,507.0,135.37,74599.354,D,,,,,,
896159,2019-02-27,CB,MEDINI PAUL BENNETT,,0001209191-19-013927,2019-02-25,F,759.0,135.37,91144.035,D,,,,,,
896159,2019-02-27,CB,Lupica John J,,0001209191-19-013925,2019-02-25,F,714.0,135.37,182609.2,D,,,,,,
896159,2019-02-27,CB,Keogh John W,,0001209191-19-013923,2019-02-25,F,736.0,135.37,218733.0,D,,,,,,
896159,2019-02-27,CB,GREENBERG EVAN G,,0001209191-19-013919,2019-02-25,F,2288.0,135.37,1370410.0,D,,,,,,
896159,2019-02-27,CB,BOROUGHS TIMOTHY ALAN,,0001209191-19-013917,2019-02-25,F,543.0,135.37,186568.0,D,,,,,,
896159,2019-02-27,CB,BANCROFT PHILIP V,,0001209191-19-013915,2019-02-25,F,535.0,135.37,281597.0,D,,,,,,
896159,2019-02-27,CB,Andrade Juan C,,0001209191-19-013913,2019-02-25,F,532.0,135.37,105987.0,D,,,,,,
896159,2019-02-28,CB,Lupica John J,,0001209191-19-014351,2019-02-26,F,852.0,135.17,181757.2,D,,,,,,
896159,2019-02-28,CB,Keogh John W,,0001209191-19-014349,2019-02-26,F,853.0,135.17,217880.0,D,,,,,,
896159,2019-02-28,CB,Wayland Joseph F,,0001209191-19-014355,2019-02-26,F,468.0,135.17,74131.354,D,,,,,,
896159,2019-02-28,CB,MEDINI PAUL BENNETT,,0001209191-19-014353,2019-02-26,F,432.0,135.17,90712.035,D,,,,,,
896159,2019-02-28,CB,BANCROFT PHILIP V,,0001209191-19-014343,2019-02-26,F,490.0,135.17,281107.0,D,,,,,,
896159,2019-02-28,CB,Andrade Juan C,,0001209191-19-014341,2019-02-26,F,472.0,135.17,105515.0,D,,,,,,
896159,2019-02-28,CB,GREENBERG EVAN G,,0001209191-19-014347,2019-02-26,F,2316.0,135.17,1368094.0,D,,,,,,
896159,2019-02-28,CB,BOROUGHS TIMOTHY ALAN,,0001209191-19-014345,2019-02-26,F,514.0,135.17,186054.0,D,,,,,,
896159,2019-03-04,CB,Wayland Joseph F,,0001209191-19-015460,2019-02-28,A,3933.0,0.0,78064.354,D,,,,,,
896159,2019-03-04,CB,RINGSTED SEAN,,0001209191-19-015457,2019-02-28,A,3357.0,0.0,170699.0,D,,,,,,
896159,2019-03-04,CB,MEDINI PAUL BENNETT,,0001209191-19-015454,2019-02-28,A,3697.0,0.0,94409.035,D,,,,,,
896159,2019-03-04,CB,Lupica John J,,0001209191-19-015451,2019-02-28,A,7282.0,0.0,189039.2,D,,,,,,
896159,2019-03-04,CB,KRUMP PAUL J,,0001209191-19-015448,2019-02-28,A,5326.0,0.0,123265.0,D,,,,,,
896159,2019-03-04,CB,Keogh John W,,0001209191-19-015446,2019-02-28,A,8146.0,0.0,226026.0,D,,,,,,
896159,2019-03-04,CB,GREENBERG EVAN G,,0001209191-19-015443,2019-02-28,A,17224.0,0.0,1385318.0,D,,,,,,
896159,2019-03-04,CB,BOROUGHS TIMOTHY ALAN,,0001209191-19-015439,2019-02-28,A,4392.0,0.0,190446.0,D,,,,,,
896159,2019-03-04,CB,BANCROFT PHILIP V,,0001209191-19-015436,2019-02-28,A,5232.0,0.0,286339.0,D,,,,,,
896159,2019-03-04,CB,Andrade Juan C,,0001209191-19-015433,2019-02-28,A,5138.0,0.0,110653.0,D,,,,,,
896159,2019-03-15,CB,Lupica John J,,0001209191-19-019617,2019-03-13,S,17879.0,134.95,192265.2,D,,,,,,
896159,2019-05-02,CB,KRUMP PAUL J,,0001209191-19-026934,2019-04-30,S,3450.0,145.0,139160.0,D,,,,,,
896159,2019-05-13,CB,ATIEH MICHAEL G,,0001209191-19-029204,2019-05-09,S,1659.0,141.87,38466.74,D,,,,,,
896159,2019-05-20,CB,Wayland Joseph F,,0001209191-19-031384,2019-05-16,F,4674.0,145.62,83123.354,D,,,,,,
896159,2019-05-20,CB,Lupica John J,,0001209191-19-031382,2019-05-16,F,7828.0,145.62,184437.2,D,,,,,,
896159,2019-05-20,CB,KRUMP PAUL J,,0001209191-19-031380,2019-05-16,F,1045.0,145.62,138115.0,D,,,,,,
896159,2019-05-20,CB,SCULLY ROBERT W,,0001209191-19-031294,2019-05-16,F,605.0,145.62,10973.0,D,,,,,,
896159,2019-05-20,CB,CONNORS MICHAEL P,,0001209191-19-031289,2019-05-16,F,316.0,145.62,13298.0,D,,,,,,
896159,2019-05-20,CB,BURKE SHEILA P,,0001209191-19-031286,2019-05-16,A,1236.0,,4579.0,D,,,,,,
896159,2019-05-20,CB,CASH JAMES I,,0001209191-19-031287,2019-05-16,F,316.0,145.62,4065.0,D,,,,,,
896159,2019-05-20,CB,BANCROFT PHILIP V,,0001209191-19-031371,2019-05-16,F,5296.0,145.62,293992.0,D,,,,,,
896159,2019-05-20,CB,Shasta Theodore,,0001209191-19-031296,2019-05-16,A,1236.0,,12691.0,D,,,,,,
896159,2019-05-20,CB,Shasta Theodore,,0001209191-19-031296,2019-05-16,F,316.0,145.62,12375.0,D,,,,,,
896159,2019-05-20,CB,BOROUGHS TIMOTHY ALAN,,0001209191-19-031373,2019-05-16,F,5001.0,145.62,196315.0,D,,,,,,
896159,2019-05-20,CB,Shanks Eugene B. JR,,0001209191-19-031295,2019-05-16,F,316.0,145.62,10388.0,D,,,,,,
896159,2019-05-20,CB,CIRILLO MARY A,,0001209191-19-031288,2019-05-16,A,2231.0,,39417.36,D,,,,,,
896159,2019-05-20,CB,CIRILLO MARY A,,0001209191-19-031288,2019-05-16,F,577.0,145.62,38840.36,D,,,,,,
896159,2019-05-20,CB,CASH JAMES I,,0001209191-19-031287,2019-05-16,A,1236.0,,4381.0,D,,,,,,
896159,2019-05-20,CB,BURKE SHEILA P,,0001209191-19-031286,2019-05-16,F,316.0,145.62,4263.0,D,,,,,,
896159,2019-05-20,CB,HERNANDEZ ROBERT M,,0001209191-19-031292,2019-05-16,F,316.0,145.62,27703.924,D,,,,,,
896159,2019-05-20,CB,GREENBERG EVAN G,,0001209191-19-031375,2019-05-16,F,41408.0,145.62,1429169.0,D,,,,,,
896159,2019-05-20,CB,Steimer Olivier,,0001209191-19-031298,2019-05-16,F,86.0,145.62,21256.71,D,,,,,,
896159,2019-05-20,CB,Ross Kimberly A.,,0001209191-19-031293,2019-05-16,A,1236.0,,9359.236,D,,,,,,
896159,2019-05-20,CB,Ross Kimberly A.,,0001209191-19-031293,2019-05-16,F,316.0,145.62,9043.236,D,,,,,,
896159,2019-05-20,CB,HERNANDEZ ROBERT M,,0001209191-19-031292,2019-05-16,A,1236.0,,28019.924,D,,,,,,
896159,2019-05-20,CB,Shanks Eugene B. JR,,0001209191-19-031295,2019-05-16,A,1236.0,,10704.0,D,,,,,,
896159,2019-05-20,CB,Keogh John W,,0001209191-19-031378,2019-05-16,F,12070.0,145.62,240046.0,D,,,,,,
896159,2019-05-20,CB,Andrade Juan C,,0001209191-19-031368,2019-05-16,F,4891.0,145.62,118479.0,D,,,,,,
896159,2019-05-20,CB,SIDWELL DAVID H,,0001209191-19-031297,2019-05-16,A,1236.0,,10485.0,D,,,,,,
896159,2019-05-20,CB,SIDWELL DAVID H,,0001209191-19-031297,2019-05-16,F,316.0,145.62,10169.0,D,,,,,,
896159,2019-05-20,CB,ATIEH MICHAEL G,,0001209191-19-031285,2019-05-16,A,1236.0,,39702.74,D,,,,,,
896159,2019-05-20,CB,ATIEH MICHAEL G,,0001209191-19-031285,2019-05-16,F,316.0,145.62,39386.74,D,,,,,,
896159,2019-05-20,CB,EDWARDSON JOHN A,,0001209191-19-031290,2019-05-16,A,2094.0,,11078.0,D,,,,,,
896159,2019-05-20,CB,CONNORS MICHAEL P,,0001209191-19-031289,2019-05-16,A,1236.0,,13614.0,D,,,,,,
896159,2019-05-20,CB,EDWARDSON JOHN A,,0001209191-19-031290,2019-05-16,F,540.0,145.62,10538.0,D,,,,,,
896159,2019-05-20,CB,SCULLY ROBERT W,,0001209191-19-031294,2019-05-16,A,2334.0,,11578.0,D,,,,,,
896159,2019-05-20,CB,ZIMMERMAN JAMES M,,0001209191-19-031299,2019-05-16,F,316.0,145.62,6100.0,D,,,,,,
896159,2019-05-20,CB,Steimer Olivier,,0001209191-19-031298,2019-05-16,A,1236.0,,21342.71,D,,,,,,
896159,2019-05-28,CB,Lupica John J,,0001209191-19-032919,2019-05-23,S,10400.0,146.37,174037.2,D,,,,,,
896159,2019-06-03,CB,MEDINI PAUL BENNETT,,0001209191-19-033785,2019-05-30,S,2750.0,145.52,91659.035,D,,,,,,
896159,2019-06-03,CB,Andrade Juan C,,0001209191-19-033784,2019-05-30,S,5000.0,145.22,113479.0,D,,,,,,
896159,2019-06-04,CB,RINGSTED SEAN,,0001209191-19-034119,2019-05-31,M,13648.0,50.37,192655.0,D,,,,,,
896159,2019-06-04,CB,RINGSTED SEAN,,0001209191-19-034119,2019-05-31,S,13648.0,145.56,179007.0,D,,,,,,
896159,2019-06-05,CB,KRUMP PAUL J,,0001209191-19-034693,2019-06-04,S,10250.0,147.41,127865.0,D,,,,,,
896159,2019-06-10,CB,BOROUGHS TIMOTHY ALAN,,0001209191-19-035695,2019-06-06,S,25000.0,148.64,171315.0,D,,,,,,
896159,2019-06-10,CB,BANCROFT PHILIP V,,0001209191-19-035693,2019-06-06,S,50000.0,148.77,243992.0,D,,,,,,
896159,2019-06-12,CB,KRUMP PAUL J,,0001209191-19-036308,2019-06-10,S,4000.0,150.0,123865.0,D,,,,,,
896159,2019-06-19,CB,GREENBERG EVAN G,,0001209191-19-038095,2019-06-17,J,426439.0,0.0,1002730.0,D,,,,,,
896159,2019-06-19,CB,GREENBERG EVAN G,,0001209191-19-038095,2019-06-18,J,4857.0,0.0,997873.0,D,,,,,,
896159,2019-06-19,CB,GREENBERG EVAN G,,0001209191-19-038095,2019-06-19,G,2632.0,0.0,995241.0,D,,,,,,
896159,2019-06-19,CB,GREENBERG EVAN G,,0001209191-19-038095,2019-06-19,S,215648.0,148.84,215648.0,I,,,,,,
896159,2019-08-01,CB,MEDINI PAUL BENNETT,,0001209191-19-043944,2019-07-31,S,2125.0,153.72,89534.035,D,,,,,,
896159,2019-08-09,CB,KRUMP PAUL J,,0001209191-19-045255,2019-08-07,S,5000.0,155.0,118865.0,D,,,,,,
896159,2019-08-13,CB,KRUMP PAUL J,,0001209191-19-045686,2019-08-09,S,6000.0,160.0,112865.0,D,,,,,,
896159,2019-08-15,CB,Lupica John J,,0001209191-19-046037,2019-08-13,S,6000.0,158.15,168037.2,D,,,,,,
896159,2019-09-04,CB,Ortega Juan Luis,,0001209191-19-048150,2019-09-03,A,1893.0,0.0,20415.0,D,,,,,,
896159,2019-09-06,CB,Wayland Joseph F,,0001209191-19-048690,2019-09-04,F,144.0,159.85,82979.354,D,,,,,,
896159,2019-09-23,CB,Wayland Joseph F,,0001209191-19-050428,2019-09-20,S,5778.0,157.99,77201.354,D,,,,,,
896159,2019-11-04,CB,BOROUGHS TIMOTHY ALAN,,0001209191-19-054801,2019-10-31,M,14060.0,73.35,185375.0,D,,,,,,
896159,2019-11-04,CB,BOROUGHS TIMOTHY ALAN,,0001209191-19-054801,2019-10-31,S,12297.0,151.17,173078.0,D,,,,,,
896159,2019-11-13,CB,ATIEH MICHAEL G,,0001209191-19-056292,2019-11-11,S,1500.0,151.12,38231.82,D,,,,,,
896159,2019-11-18,CB,KRUMP PAUL J,,0001209191-19-056860,2019-11-14,M,11750.0,139.01,124615.0,D,,,,,,
896159,2019-11-18,CB,KRUMP PAUL J,,0001209191-19-056860,2019-11-14,S,10312.0,151.99,114303.0,D,,,,,,
896159,2019-12-16,CB,Keogh John W,,0001209191-19-060675,2019-12-03,G,1758.66,0.0,232927.34,D,,,,,,
896159,2019-12-16,CB,GREENBERG EVAN G,,0001209191-19-060545,2019-12-12,M,159820.0,50.37,1155061.0,D,,,,,,
896159,2019-12-16,CB,GREENBERG EVAN G,,0001209191-19-060545,2019-12-12,S,157835.0,153.49,997226.0,D,,,,,,
896159,2019-12-19,CB,BOROUGHS TIMOTHY ALAN,,0001209191-19-061249,2019-12-17,S,1700.0,155.39,3260.0,I,,,,,,
896159,2019-12-20,CB,Keogh John W,,0001209191-19-061434,2019-12-18,S,25974.0,155.41,203436.0,D,,,,,,
896159,2020-02-06,CB,KRUMP PAUL J,,0001209191-20-007106,2020-02-05,S,7000.0,165.0,107303.0,D,,,,,,
896159,2020-02-10,CB,BANCROFT PHILIP V,,0001209191-20-007803,2020-02-06,M,1985.0,50.37,245977.0,D,,,,,,
896159,2020-02-11,CB,MEDINI PAUL BENNETT,,0001209191-20-008200,2020-02-07,M,6210.0,50.37,95904.035,D,,,,,,
896159,2020-02-11,CB,MEDINI PAUL BENNETT,,0001209191-20-008200,2020-02-07,S,3982.0,163.41,91922.035,D,,,,,,
896159,2020-02-25,CB,MEDINI PAUL BENNETT,,0001209191-20-012354,2020-02-23,F,174.0,163.75,91596.035,D,,,,,,
896159,2020-02-25,CB,Lupica John J,,0001209191-20-012352,2020-02-22,F,471.0,163.75,167566.2,D,,,,,,
896159,2020-02-25,CB,Wayland Joseph F,,0001209191-20-012358,2020-02-22,F,343.0,163.75,76136.354,D,,,,,,
896159,2020-02-25,CB,Wayland Joseph F,,0001209191-20-012358,2020-02-23,F,369.0,163.75,75767.354,D,,,,,,
896159,2020-02-25,CB,Ortega Juan Luis,,0001209191-20-012356,2020-02-22,F,325.0,163.75,20090.0,D,,,,,,
896159,2020-02-25,CB,Ortega Juan Luis,,0001209191-20-012356,2020-02-23,F,340.0,163.75,19750.0,D,,,,,,
896159,2020-02-25,CB,MEDINI PAUL BENNETT,,0001209191-20-012354,2020-02-22,F,152.0,163.75,91770.035,D,,,,,,
896159,2020-02-25,CB,Lupica John J,,0001209191-20-012352,2020-02-23,F,530.0,163.75,167036.2,D,,,,,,
896159,2020-02-25,CB,KRUMP PAUL J,,0001209191-20-012350,2020-02-22,F,397.0,163.75,106906.0,D,,,,,,
896159,2020-02-25,CB,KRUMP PAUL J,,0001209191-20-012350,2020-02-23,F,424.0,163.75,106482.0,D,,,,,,
896159,2020-02-25,CB,GREENBERG EVAN G,,0001209191-20-012345,2020-02-23,F,1641.0,163.75,994272.0,D,,,,,,
896159,2020-02-25,CB,BOROUGHS TIMOTHY ALAN,,0001209191-20-012343,2020-02-22,F,338.0,163.75,167627.0,D,,,,,,
896159,2020-02-25,CB,GREENBERG EVAN G,,0001209191-20-012345,2020-02-22,F,1313.0,163.75,995913.0,D,,,,,,
896159,2020-02-25,CB,BOROUGHS TIMOTHY ALAN,,0001209191-20-012343,2020-02-23,F,376.0,163.75,167251.0,D,,,,,,
896159,2020-02-25,CB,BANCROFT PHILIP V,,0001209191-20-012341,2020-02-22,F,327.0,163.75,245650.0,D,,,,,,
896159,2020-02-25,CB,BANCROFT PHILIP V,,0001209191-20-012341,2020-02-23,F,391.0,163.75,245259.0,D,,,,,,
896159,2020-02-25,CB,Keogh John W,,0001209191-20-012348,2020-02-22,F,596.0,163.75,202740.0,D,,,,,,
896159,2020-02-25,CB,Keogh John W,,0001209191-20-012348,2020-02-23,F,664.0,163.75,202076.0,D,,,,,,
896159,2020-02-27,CB,Wayland Joseph F,,0001209191-20-013336,2020-02-25,F,514.0,157.21,75253.354,D,,,,,,
896159,2020-02-27,CB,Ortega Juan Luis,,0001209191-20-013334,2020-02-25,F,642.0,157.21,19108.0,D,,,,,,
896159,2020-02-27,CB,MEDINI PAUL BENNETT,,0001209191-20-013332,2020-02-25,F,326.0,157.21,91270.035,D,,,,,,
896159,2020-02-27,CB,Lupica John J,,0001209191-20-013330,2020-02-25,F,756.0,157.21,166280.2,D,,,,,,
896159,2020-02-27,CB,Keogh John W,,0001209191-20-013328,2020-02-25,F,736.0,157.21,201340.0,D,,,,,,
896159,2020-02-27,CB,GREENBERG EVAN G,,0001209191-20-013326,2020-02-25,F,2288.0,157.21,991984.0,D,,,,,,
896159,2020-02-27,CB,BOROUGHS TIMOTHY ALAN,,0001209191-20-013324,2020-02-25,F,543.0,157.21,166708.0,D,,,,,,
896159,2020-02-27,CB,BANCROFT PHILIP V,,0001209191-20-013322,2020-02-25,F,535.0,157.21,244724.0,D,,,,,,
896159,2020-03-02,CB,Ortega Juan Luis,,0001209191-20-014666,2020-02-27,A,2399.0,0.0,21507.0,D,,,,,,
896159,2020-03-02,CB,MEDINI PAUL BENNETT,,0001209191-20-014663,2020-02-27,A,3298.0,0.0,94568.035,D,,,,,,
896159,2020-03-02,CB,Wayland Joseph F,,0001209191-20-014675,2020-02-27,A,3998.0,0.0,79251.354,D,,,,,,
896159,2020-03-02,CB,RINGSTED SEAN,,0001209191-20-014670,2020-02-27,A,3348.0,0.0,182355.0,D,,,,,,
896159,2020-03-02,CB,Lupica John J,,0001209191-20-014648,2020-02-27,A,7055.0,0.0,173335.2,D,,,,,,
896159,2020-03-02,CB,KRUMP PAUL J,,0001209191-20-014628,2020-02-27,A,5696.0,0.0,112178.0,D,,,,,,
896159,2020-03-02,CB,BOROUGHS TIMOTHY ALAN,,0001209191-20-014606,2020-02-27,A,4080.0,0.0,170788.0,D,,,,,,
896159,2020-03-02,CB,BANCROFT PHILIP V,,0001209191-20-014599,2020-02-27,A,4827.0,0.0,249551.0,D,,,,,,
896159,2020-03-02,CB,Keogh John W,,0001209191-20-014622,2020-02-27,A,8834.0,0.0,210174.0,D,,,,,,
896159,2020-03-02,CB,GREENBERG EVAN G,,0001209191-20-014612,2020-02-27,A,16863.0,0.0,1008847.0,D,,,,,,
896159,2020-03-03,CB,GREENBERG EVAN G,,0001209191-20-014966,2020-02-28,F,2109.0,145.03,1090208.0,D,,,,,,
896159,2020-03-03,CB,Lupica John J,,0001209191-20-014979,2020-02-28,F,766.0,145.03,190031.2,D,,,,,,
896159,2020-03-03,CB,BOROUGHS TIMOTHY ALAN,,0001209191-20-014964,2020-02-28,F,373.0,145.03,180511.0,D,,,,,,
896159,2020-03-03,CB,Keogh John W,,0001209191-20-014968,2020-02-28,F,906.0,145.03,237562.0,D,,,,,,
896159,2020-03-03,CB,MEDINI PAUL BENNETT,,0001209191-20-014984,2020-02-28,F,207.0,145.03,94361.035,D,,,,,,
896159,2020-03-03,CB,Ortega Juan Luis,,0001209191-20-014990,2020-02-28,F,374.0,145.03,27070.0,D,,,,,,
896159,2020-03-03,CB,BANCROFT PHILIP V,,0001209191-20-014961,2020-02-28,F,445.0,145.03,261052.0,D,,,,,,
896159,2020-03-03,CB,KRUMP PAUL J,,0001209191-20-014974,2020-02-28,F,456.0,145.03,125820.0,D,,,,,,
896159,2020-03-03,CB,Wayland Joseph F,,0001209191-20-014995,2020-02-28,F,380.0,145.03,88764.354,D,,,,,,
896159,2020-03-09,CB,KRUMP PAUL J,,0001209191-20-017118,2020-03-05,M,719.0,139.01,126539.0,D,,,,,,
896159,2020-03-17,CB,Shasta Theodore,,0001209191-20-019440,2020-03-13,P,2000.0,116.53,14375.0,D,,,,,,
896159,2020-03-19,CB,Shasta Theodore,,0001209191-20-020171,2020-03-17,P,2000.0,99.74,16375.0,D,,,,,,
896159,2020-05-05,CB,SCULLY ROBERT W,,0001209191-20-026964,2020-05-01,P,9750.0,102.4,20723.0,D,,,,,,
896159,2020-05-21,CB,RINGSTED SEAN,,0001209191-20-031355,2020-05-19,D,750.0,0.0,189891.0,D,,,,,,
896159,2020-05-21,CB,Lupica John J,,0001209191-20-031352,2020-05-19,F,20255.0,102.03,168165.2,D,,,,,,
896159,2020-05-21,CB,GREENBERG EVAN G,,0001209191-20-031368,2020-05-18,G,148310.0,0.0,941898.0,D,,,,,,
896159,2020-05-21,CB,GREENBERG EVAN G,,0001209191-20-031368,2020-05-19,D,7138.0,0.0,833020.0,D,,,,,,
896159,2020-05-21,CB,GREENBERG EVAN G,,0001209191-20-031368,2020-05-19,F,105712.0,102.03,727308.0,D,,,,,,
896159,2020-05-21,CB,Wayland Joseph F,,0001209191-20-031361,2020-05-19,D,871.0,0.0,87893.354,D,,,,,,
896159,2020-05-21,CB,Lupica John J,,0001209191-20-031352,2020-05-19,D,1611.0,0.0,188420.2,D,,,,,,
896159,2020-05-21,CB,Wayland Joseph F,,0001209191-20-031361,2020-05-19,F,12064.0,102.03,75829.354,D,,,,,,
896159,2020-05-21,CB,KRUMP PAUL J,,0001209191-20-031348,2020-05-19,D,1185.0,0.0,125354.0,D,,,,,,
896159,2020-05-21,CB,Keogh John W,,0001209191-20-031344,2020-05-19,F,38092.0,102.03,197155.0,D,,,,,,
896159,2020-05-21,CB,BOROUGHS TIMOTHY ALAN,,0001209191-20-031340,2020-05-19,D,991.0,0.0,179520.0,D,,,,,,
896159,2020-05-21,CB,BOROUGHS TIMOTHY ALAN,,0001209191-20-031340,2020-05-19,F,11376.0,102.03,168144.0,D,,,,,,
896159,2020-05-21,CB,BANCROFT PHILIP V,,0001209191-20-031334,2020-05-19,D,1209.0,0.0,259843.0,D,,,,,,
896159,2020-05-21,CB,BANCROFT PHILIP V,,0001209191-20-031334,2020-05-19,F,13341.0,102.03,246502.0,D,,,,,,
896159,2020-05-21,CB,KRUMP PAUL J,,0001209191-20-031348,2020-05-19,F,11083.0,102.03,114271.0,D,,,,,,
896159,2020-05-21,CB,Keogh John W,,0001209191-20-031344,2020-05-19,D,2315.0,0.0,235247.0,D,,,,,,
896159,2020-05-22,CB,TOWNSEND FRANCES F,,0001209191-20-031617,2020-05-20,A,1721.0,,1721.0,D,,,,,,
896159,2020-05-22,CB,Steimer Olivier,,0001209191-20-031615,2020-05-20,A,1721.0,,23052.61,D,,,,,,
896159,2020-05-22,CB,Steimer Olivier,,0001209191-20-031615,2020-05-20,F,85.0,104.61,22967.61,D,,,,,,
896159,2020-05-22,CB,SIDWELL DAVID H,,0001209191-20-031613,2020-05-20,A,1721.0,,11890.0,D,,,,,,
896159,2020-05-22,CB,SIDWELL DAVID H,,0001209191-20-031613,2020-05-20,F,309.0,104.61,11581.0,D,,,,,,
896159,2020-05-22,CB,Shanks Eugene B. JR,,0001209191-20-031609,2020-05-20,A,1721.0,,12109.0,D,,,,,,
896159,2020-05-22,CB,Shasta Theodore,,0001209191-20-031611,2020-05-20,A,1721.0,,18096.0,D,,,,,,
896159,2020-05-22,CB,SCULLY ROBERT W,,0001209191-20-031606,2020-05-20,A,3251.0,,23974.0,D,,,,,,
896159,2020-05-22,CB,Shasta Theodore,,0001209191-20-031611,2020-05-20,F,309.0,104.61,17787.0,D,,,,,,
896159,2020-05-22,CB,Shanks Eugene B. JR,,0001209191-20-031609,2020-05-20,F,309.0,104.61,11800.0,D,,,,,,
896159,2020-05-22,CB,SCULLY ROBERT W,,0001209191-20-031606,2020-05-20,F,584.0,104.61,23390.0,D,,,,,,
896159,2020-05-22,CB,Ross Kimberly A.,,0001209191-20-031602,2020-05-20,F,309.0,104.61,8734.236,D,,,,,,
896159,2020-05-22,CB,HUGIN ROBERT J,,0001209191-20-031598,2020-05-20,A,2916.0,,12916.0,D,,,,,,
896159,2020-05-22,CB,HERNANDEZ ROBERT M,,0001209191-20-031596,2020-05-20,F,309.0,104.61,27937.484,D,,,,,,
896159,2020-05-22,CB,EDWARDSON JOHN A,,0001209191-20-031593,2020-05-20,A,2916.0,,13454.0,D,,,,,,
896159,2020-05-22,CB,EDWARDSON JOHN A,,0001209191-20-031593,2020-05-20,F,524.0,104.61,12930.0,D,,,,,,
896159,2020-05-22,CB,CONNORS MICHAEL P,,0001209191-20-031591,2020-05-20,A,1721.0,,15019.0,D,,,,,,
896159,2020-05-22,CB,CONNORS MICHAEL P,,0001209191-20-031591,2020-05-20,F,309.0,104.61,14710.0,D,,,,,,
896159,2020-05-22,CB,CIRILLO MARY A,,0001209191-20-031587,2020-05-20,A,3107.0,,42256.54,D,,,,,,
896159,2020-05-22,CB,CIRILLO MARY A,,0001209191-20-031587,2020-05-20,F,558.0,104.61,41698.54,D,,,,,,
896159,2020-05-22,CB,ATIEH MICHAEL G,,0001209191-20-031579,2020-05-20,F,309.0,104.61,40041.26,D,,,,,,
896159,2020-05-22,CB,BURKE SHEILA P,,0001209191-20-031582,2020-05-20,F,309.0,104.61,5675.0,D,,,,,,
896159,2020-05-22,CB,CASH JAMES I,,0001209191-20-031584,2020-05-20,A,1721.0,,5786.0,D,,,,,,
896159,2020-05-22,CB,BURKE SHEILA P,,0001209191-20-031582,2020-05-20,A,1721.0,,5984.0,D,,,,,,
896159,2020-05-22,CB,ATIEH MICHAEL G,,0001209191-20-031579,2020-05-20,A,1721.0,,40350.26,D,,,,,,
896159,2020-05-22,CB,CASH JAMES I,,0001209191-20-031584,2020-05-20,F,309.0,104.61,5477.0,D,,,,,,
896159,2020-06-09,CB,GREENBERG EVAN G,,0001209191-20-035187,2020-06-05,G,2807.0,0.0,145503.0,I,,,,,,
896159,2020-08-25,CB,Lupica John J,,0001209191-20-048189,2020-08-21,M,1596.0,62.64,169761.2,D,,,,,,
896159,2020-09-08,CB,Wayland Joseph F,,0001209191-20-049694,2020-09-04,F,143.0,125.56,75686.354,D,,,,,,
896159,2020-09-21,CB,Shasta Theodore,,0001209191-20-051246,2020-09-18,S,914.0,116.96,16873.0,D,,,,,,
896159,2020-11-04,CB,GREENBERG EVAN G,,0001209191-20-056828,2020-06-05,G,46830.0,0.0,680478.0,D,,,,,,
896159,2020-11-04,CB,GREENBERG EVAN G,,0001209191-20-056828,2020-11-02,J,25443.0,0.0,23321.0,I,,,,,,
896159,2020-11-05,CB,Lupica John J,,0001209191-20-057082,2020-11-03,M,6044.0,62.64,175965.2,D,,,,,,
896159,2020-11-05,CB,Lupica John J,,0001209191-20-057082,2020-11-03,S,6044.0,138.0,169921.2,D,,,,,,
896159,2020-11-13,CB,RINGSTED SEAN,,0001209191-20-058211,2020-11-11,M,11478.0,62.64,201369.0,D,,,,,,
896159,2020-11-13,CB,RINGSTED SEAN,,0001209191-20-058211,2020-11-11,S,11478.0,148.09,189891.0,D,,,,,,
896159,2020-11-13,CB,GREENBERG EVAN G,,0001209191-20-058208,2020-11-10,M,134100.0,62.64,814578.0,D,,,,,,
896159,2020-11-13,CB,GREENBERG EVAN G,,0001209191-20-058208,2020-11-10,S,26199.0,148.12,788379.0,D,,,,,,
896159,2020-11-18,CB,Shasta Theodore,,0001209191-20-058965,2020-11-16,S,948.0,151.87,15738.0,D,,,,,,
896159,2020-12-09,CB,BOROUGHS TIMOTHY ALAN,,0001209191-20-062412,2020-12-07,M,17321.0,85.39,185465.0,D,,,,,,
896159,2020-12-09,CB,BOROUGHS TIMOTHY ALAN,,0001209191-20-062412,2020-12-07,S,17321.0,152.45,168144.0,D,,,,,,
896159,2020-12-17,CB,Keogh John W,,0001209191-20-063941,2020-12-15,M,23432.0,73.35,220587.0,D,,,,,,
896159,2020-12-17,CB,Keogh John W,,0001209191-20-063941,2020-12-15,S,7813.0,151.96,212774.0,D,,,,,,
896159,2021-02-08,CB,KRUMP PAUL J,,0001209191-21-008408,2021-02-04,S,6250.0,160.06,108021.0,D,,,,,,
896159,2021-02-09,CB,KRUMP PAUL J,,0001209191-21-008678,2021-02-05,S,500.0,165.02,107521.0,D,,,,,,
896159,2021-02-10,CB,KRUMP PAUL J,,0001209191-21-009145,2021-02-08,S,5600.0,165.05,101921.0,D,,,,,,
896159,2021-02-10,CB,BANCROFT PHILIP V,,0001209191-21-009143,2021-02-08,M,1596.0,62.64,248098.0,D,,,,,,
896159,2021-02-11,CB,Lupica John J,,0001209191-21-009512,2020-11-24,G,43000.0,0.0,126921.2,D,,,,,,
896159,2021-02-11,CB,Lupica John J,,0001209191-21-009512,2021-02-09,G,10000.0,0.0,116921.2,D,,,,,,
896159,2021-02-12,CB,ATIEH MICHAEL G,,0001209191-21-009982,2021-02-10,S,1000.0,165.36,39041.26,D,,,,,,
896159,2021-02-24,CB,Wayland Joseph F,,0001209191-21-013719,2021-02-22,F,343.0,168.56,75343.354,D,,,,,,
896159,2021-02-24,CB,Ortega Juan Luis,,0001209191-21-013718,2021-02-22,F,325.0,168.56,26882.93,D,,,,,,
896159,2021-02-24,CB,Lupica John J,,0001209191-21-013717,2021-02-22,F,452.0,168.56,116469.2,D,,,,,,
896159,2021-02-24,CB,KRUMP PAUL J,,0001209191-21-013716,2021-02-22,F,387.0,168.56,101534.0,D,,,,,,
896159,2021-02-24,CB,KRUMP PAUL J,,0001209191-21-013716,2021-02-23,S,5400.0,170.55,96134.0,D,,,,,,
896159,2021-02-24,CB,Keogh John W,,0001209191-21-013715,2021-02-22,F,593.0,168.56,186512.0,D,,,,,,
896159,2021-02-24,CB,HAGAN ANNMARIE T,,0001209191-21-013714,2021-02-22,F,141.0,168.56,8175.0,D,,,,,,
896159,2021-02-24,CB,BOROUGHS TIMOTHY ALAN,,0001209191-21-013713,2021-02-22,F,339.0,168.56,167805.0,D,,,,,,
896159,2021-02-24,CB,BANCROFT PHILIP V,,0001209191-21-013712,2021-02-22,F,501.0,168.56,247597.0,D,,,,,,
896159,2021-02-24,CB,GREENBERG EVAN G,,0001209191-21-013711,2021-02-22,F,2009.0,168.56,680065.0,D,,,,,,
896159,2021-02-25,CB,Wayland Joseph F,,0001209191-21-014226,2021-02-23,F,419.0,168.75,74924.354,D,,,,,,
896159,2021-02-25,CB,Ortega Juan Luis,,0001209191-21-014225,2021-02-23,F,340.0,168.75,26542.93,D,,,,,,
896159,2021-02-25,CB,Lupica John J,,0001209191-21-014223,2021-02-23,F,509.0,168.75,115960.2,D,,,,,,
896159,2021-02-25,CB,KRUMP PAUL J,,0001209191-21-014222,2021-02-23,F,424.0,168.75,95210.0,D,,,,,,
896159,2021-02-25,CB,Keogh John W,,0001209191-21-014221,2021-02-23,F,666.0,168.75,185846.0,D,,,,,,
896159,2021-02-25,CB,HAGAN ANNMARIE T,,0001209191-21-014216,2021-02-23,F,123.0,168.75,8052.0,D,,,,,,
896159,2021-02-25,CB,BOROUGHS TIMOTHY ALAN,,0001209191-21-014209,2021-02-23,F,376.0,168.75,167429.0,D,,,,,,
896159,2021-02-25,CB,BANCROFT PHILIP V,,0001209191-21-014206,2021-02-23,F,559.0,168.75,247038.0,D,,,,,,
896159,2021-02-25,CB,GREENBERG EVAN G,,0001209191-21-014197,2021-02-23,F,2068.0,168.75,677997.0,D,,,,,,
896159,2021-03-01,CB,Wayland Joseph F,,0001209191-21-015370,2021-02-25,A,2274.0,0.0,77198.354,D,,,,,,
896159,2021-03-01,CB,RINGSTED SEAN,,0001209191-21-015353,2021-02-25,A,1905.0,0.0,191796.0,D,,,,,,
896159,2021-03-01,CB,Ortega Juan Luis,,0001209191-21-015352,2021-02-25,A,1592.0,0.0,28134.93,D,,,,,,
896159,2021-03-01,CB,Lupica John J,,0001209191-21-015351,2021-02-25,A,16052.0,0.0,132012.2,D,,,,,,
896159,2021-03-01,CB,KRUMP PAUL J,,0001209191-21-015349,2021-02-25,A,3240.0,0.0,98450.0,D,,,,,,
896159,2021-03-01,CB,Keogh John W,,0001209191-21-015336,2021-02-25,A,23645.0,0.0,209491.0,D,,,,,,
896159,2021-03-01,CB,HAGAN ANNMARIE T,,0001209191-21-015327,2021-02-25,A,2047.0,0.0,10099.0,D,,,,,,
896159,2021-03-01,CB,BOROUGHS TIMOTHY ALAN,,0001209191-21-015316,2021-02-25,A,2321.0,0.0,169750.0,D,,,,,,
896159,2021-03-01,CB,BANCROFT PHILIP V,,0001209191-21-015311,2021-02-25,A,2471.0,0.0,249509.0,D,,,,,,
896159,2021-03-01,CB,GREENBERG EVAN G,,0001209191-21-015307,2021-02-25,A,61386.0,0.0,739383.0,D,,,,,,
896159,2021-03-02,CB,KRUMP PAUL J,,0001209191-21-015716,2021-02-28,F,456.0,162.58,113545.0,D,,,,,,
896159,2021-03-02,CB,Ortega Juan Luis,,0001209191-21-015714,2021-02-27,F,204.0,162.58,35809.93,D,,,,,,
896159,2021-03-02,CB,Ortega Juan Luis,,0001209191-21-015714,2021-02-28,F,374.0,162.58,35435.93,D,,,,,,
896159,2021-03-02,CB,Wayland Joseph F,,0001209191-21-015715,2021-02-28,F,380.0,162.58,87683.354,D,,,,,,
896159,2021-03-02,CB,Lupica John J,,0001209191-21-015713,2021-02-27,F,500.0,162.58,141946.2,D,,,,,,
896159,2021-03-02,CB,Lupica John J,,0001209191-21-015713,2021-02-28,F,679.0,162.58,141267.2,D,,,,,,
896159,2021-03-02,CB,Wayland Joseph F,,0001209191-21-015715,2021-02-27,F,390.0,162.58,88063.354,D,,,,,,
896159,2021-03-02,CB,KRUMP PAUL J,,0001209191-21-015716,2021-02-27,F,487.0,162.58,114001.0,D,,,,,,
896159,2021-03-02,CB,Keogh John W,,0001209191-21-015712,2021-02-27,F,696.0,162.58,224164.0,D,,,,,,
896159,2021-03-02,CB,Keogh John W,,0001209191-21-015712,2021-02-28,F,922.0,162.58,223242.0,D,,,,,,
896159,2021-03-02,CB,HAGAN ANNMARIE T,,0001209191-21-015710,2021-02-27,F,141.0,162.58,9958.0,D,,,,,,
896159,2021-03-02,CB,BANCROFT PHILIP V,,0001209191-21-015700,2021-02-27,F,592.0,162.58,261148.0,D,,,,,,
896159,2021-03-02,CB,HAGAN ANNMARIE T,,0001209191-21-015710,2021-02-28,F,138.0,162.58,9820.0,D,,,,,,
896159,2021-03-02,CB,GREENBERG EVAN G,,0001209191-21-015697,2021-02-28,F,2238.0,162.58,774854.0,D,,,,,,
896159,2021-03-02,CB,GREENBERG EVAN G,,0001209191-21-015697,2021-02-27,F,2192.0,162.58,777092.0,D,,,,,,
896159,2021-03-02,CB,BOROUGHS TIMOTHY ALAN,,0001209191-21-015705,2021-02-27,F,347.0,162.58,180889.0,D,,,,,,
896159,2021-03-02,CB,BOROUGHS TIMOTHY ALAN,,0001209191-21-015705,2021-02-28,F,373.0,162.58,180516.0,D,,,,,,
896159,2021-03-02,CB,BANCROFT PHILIP V,,0001209191-21-015700,2021-02-28,F,641.0,162.58,260507.0,D,,,,,,
896159,2021-03-17,CB,Lupica John J,,0001209191-21-021232,2021-03-15,M,4337.0,63.42,145604.2,D,,,,,,
896159,2021-03-17,CB,Lupica John J,,0001209191-21-021232,2021-03-15,S,4337.0,175.03,141267.2,D,,,,,,
896159,2021-05-10,CB,KRUMP PAUL J,,0001209191-21-031122,2021-05-06,M,5157.0,139.01,118702.0,D,,,,,,
896159,2021-05-10,CB,KRUMP PAUL J,,0001209191-21-031122,2021-05-06,S,5157.0,172.25,113545.0,D,,,,,,
896159,2021-05-12,CB,Wayland Joseph F,,0001209191-21-031933,2021-05-10,S,4000.0,175.66,83683.354,D,,,,,,
896159,2021-05-14,CB,RINGSTED SEAN,,0001209191-21-032549,2021-05-12,M,9799.0,73.35,211021.0,D,,,,,,
896159,2021-05-14,CB,RINGSTED SEAN,,0001209191-21-032549,2021-05-12,S,9799.0,166.54,201222.0,D,,,,,,
896159,2021-05-17,CB,BOROUGHS TIMOTHY ALAN,,0001209191-21-033014,2021-05-13,S,2450.0,168.76,2335.0,I,,,,,,
896159,2021-05-21,CB,KRUMP PAUL J,,0001209191-21-034798,2021-05-19,F,5916.0,166.1,108327.0,D,,,,,,
896159,2021-05-21,CB,Wayland Joseph F,,0001209191-21-034846,2021-05-19,F,4441.0,166.1,79242.354,D,,,,,,
896159,2021-05-21,CB,Lupica John J,,0001209191-21-034799,2021-05-19,F,6878.0,166.1,135752.2,D,,,,,,
896159,2021-05-21,CB,BOROUGHS TIMOTHY ALAN,,0001209191-21-034796,2021-05-19,F,4794.0,166.1,174197.0,D,,,,,,
896159,2021-05-21,CB,Keogh John W,,0001209191-21-034797,2021-05-19,F,10872.0,166.1,212370.0,D,,,,,,
896159,2021-05-21,CB,BANCROFT PHILIP V,,0001209191-21-034792,2021-05-19,F,4836.0,166.1,255671.0,D,,,,,,
896159,2021-05-21,CB,GREENBERG EVAN G,,0001209191-21-034845,2021-05-19,F,39004.0,166.1,735850.0,D,,,,,,
896159,2021-05-24,CB,Shasta Theodore,,0001209191-21-035258,2021-05-20,A,1083.0,,16821.0,D,,,,,,
896159,2021-05-24,CB,Steimer Olivier,,0001209191-21-035262,2021-05-20,F,119.0,166.16,24012.95,D,,,,,,
896159,2021-05-24,CB,TOWNSEND FRANCES F,,0001209191-21-035266,2021-05-20,A,1083.0,,2804.0,D,,,,,,
896159,2021-05-24,CB,Shanks Eugene B. JR,,0001209191-21-035255,2021-05-20,F,431.0,166.16,12452.0,D,,,,,,
896159,2021-05-24,CB,SCULLY ROBERT W,,0001209191-21-035244,2021-05-20,A,2047.0,,25437.0,D,,,,,,
896159,2021-05-24,CB,Shasta Theodore,,0001209191-21-035258,2021-05-20,F,431.0,166.16,16390.0,D,,,,,,
896159,2021-05-24,CB,SCULLY ROBERT W,,0001209191-21-035244,2021-05-20,F,813.0,166.16,24624.0,D,,,,,,
896159,2021-05-24,CB,TOWNSEND FRANCES F,,0001209191-21-035266,2021-05-20,F,431.0,166.16,2373.0,D,,,,,,
896159,2021-05-24,CB,Steimer Olivier,,0001209191-21-035262,2021-05-20,A,1083.0,,24131.95,D,,,,,,
896159,2021-05-24,CB,Shanks Eugene B. JR,,0001209191-21-035255,2021-05-20,A,1083.0,,12883.0,D,,,,,,
896159,2021-05-24,CB,SIDWELL DAVID H,,0001209191-21-035259,2021-05-20,A,1083.0,,12664.0,D,,,,,,
896159,2021-05-24,CB,SIDWELL DAVID H,,0001209191-21-035259,2021-05-20,F,431.0,166.16,12233.0,D,,,,,,
896159,2021-05-24,CB,CASH JAMES I,,0001209191-21-035236,2021-05-20,F,431.0,166.16,5046.0,D,,,,,,
896159,2021-05-24,CB,BURKE SHEILA P,,0001209191-21-035235,2021-05-20,A,1083.0,,6758.0,D,,,,,,
896159,2021-05-24,CB,BURKE SHEILA P,,0001209191-21-035235,2021-05-20,F,431.0,166.16,6327.0,D,,,,,,
896159,2021-05-24,CB,CIRILLO MARY A,,0001209191-21-035237,2021-05-20,A,1956.0,,43990.32,D,,,,,,
896159,2021-05-24,CB,ATIEH MICHAEL G,,0001209191-21-035233,2021-05-20,F,431.0,166.16,40499.7,D,,,,,,
896159,2021-05-24,CB,TELLEZ LUIS,,0001209191-21-035231,2021-05-20,A,1083.0,,1083.0,D,,,,,,
896159,2021-05-24,CB,EDWARDSON JOHN A,,0001209191-21-035242,2021-05-20,F,729.0,166.16,12201.0,D,,,,,,
896159,2021-05-24,CB,CIRILLO MARY A,,0001209191-21-035237,2021-05-20,F,777.0,166.16,43213.32,D,,,,,,
896159,2021-05-24,CB,CONNORS MICHAEL P,,0001209191-21-035240,2021-05-20,A,1083.0,,15793.0,D,,,,,,
896159,2021-05-24,CB,CONNORS MICHAEL P,,0001209191-21-035240,2021-05-20,F,431.0,166.16,15362.0,D,,,,,,
896159,2021-05-24,CB,HUGIN ROBERT J,,0001209191-21-035243,2021-05-20,A,1836.0,,14752.0,D,,,,,,
896159,2021-05-24,CB,ATIEH MICHAEL G,,0001209191-21-035233,2021-05-20,A,1083.0,,40930.7,D,,,,,,
896159,2021-06-03,CB,Shasta Theodore,,0001209191-21-037500,2021-06-01,S,290.0,171.46,16100.0,D,,,,,,
896159,2021-07-06,CB,Lupica John J,,0001209191-21-045233,2021-07-01,A,6180.0,0.0,141932.2,D,,,,,,
896159,2021-08-03,CB,GREENBERG EVAN G,,0001209191-21-049192,2021-07-29,G,350.0,0.0,735500.0,D,,,,,,
896159,2021-08-03,CB,GREENBERG EVAN G,,0001209191-21-049192,2021-07-30,G,1985.0,0.0,733515.0,D,,,,,,
896159,2021-08-13,CB,Ortega Juan Luis,,0001209191-21-051351,2021-08-11,S,3650.0,180.92,31785.93,D,,,,,,
896159,2021-08-13,CB,Lupica John J,,0001209191-21-051315,2021-08-11,M,10140.0,73.35,152072.2,D,,,,,,
896159,2021-08-13,CB,Lupica John J,,0001209191-21-051315,2021-08-11,S,10140.0,180.0,141932.2,D,,,,,,
896159,2021-08-20,CB,ATIEH MICHAEL G,,0001209191-21-052701,2021-08-18,S,2944.0,186.2,37555.7,D,,,,,,
896159,2021-08-25,CB,GREENBERG EVAN G,,0001209191-21-053309,2021-08-23,M,71472.0,73.35,803391.0,D,,,,,,
896159,2021-08-25,CB,GREENBERG EVAN G,,0001209191-21-053309,2021-08-23,S,69908.0,186.22,733483.0,D,,,,,,
896159,2021-08-25,CB,GREENBERG EVAN G,,0001209191-21-053309,2021-08-24,M,45433.0,73.35,778715.0,D,,,,,,
896159,2021-08-25,CB,GREENBERG EVAN G,,0001209191-21-053309,2021-08-24,S,45433.0,185.91,733282.0,D,,,,,,
896159,2021-08-25,CB,GREENBERG EVAN G,,0001209191-21-053306,2020-11-16,G,1596.0,0.0,731919.0,D,,,,,,
896159,2021-08-25,CB,BOROUGHS TIMOTHY ALAN,,0001209191-21-053271,2021-08-23,S,30000.0,186.61,144197.0,D,,,,,,
896159,2021-09-01,CB,GREENBERG EVAN G,,0001209191-21-054204,2021-08-30,S,7177.0,185.14,726105.0,D,,,,,,
896159,2021-09-02,CB,GREENBERG EVAN G,,0001209191-21-054354,2021-08-31,S,30145.0,185.03,695960.0,D,,,,,,
896159,2021-09-08,CB,Wayland Joseph F,,0001209191-21-055106,2021-09-04,F,154.0,183.46,79088.354,D,,,,,,
896159,2021-09-08,CB,Wayland Joseph F,,0001209191-21-055106,2021-09-07,S,5277.0,181.92,73811.354,D,,,,,,
896159,2021-11-02,CB,KRUMP PAUL J,,0001209191-21-062283,2021-10-29,S,30925.0,196.97,77402.0,D,,,,,,
896159,2021-11-12,CB,GREENBERG EVAN G,,0001209191-21-064022,2021-11-10,S,15385.0,195.01,680575.0,D,,,,,,
896159,2021-12-07,CB,Keogh John W,,0001209191-21-068286,2021-12-03,M,28494.0,85.39,240864.0,D,,,,,,
896159,2021-12-07,CB,Keogh John W,,0001209191-21-068286,2021-12-03,S,28494.0,181.23,212370.0,D,,,,,,
896159,2021-12-07,CB,Keogh John W,,0001209191-21-068286,2021-12-03,F,327.0,180.93,213214.0,D,,,,,,
896159,2021-12-07,CB,Keogh John W,,0001209191-21-068286,2021-12-03,G,1700.0,0.0,211289.0,D,,,,,,
896159,2022-01-11,CB,Lupica John J,,0001209191-22-002789,2022-01-07,M,16882.0,85.39,158971.2,D,,,,,,
896159,2022-01-11,CB,Lupica John J,,0001209191-22-002789,2022-01-07,S,16882.0,200.0,142089.2,D,,,,,,
896159,2022-01-11,CB,Lupica John J,,0001209191-22-002789,2022-01-10,M,1171.0,85.39,143260.2,D,,,,,,
896159,2022-02-10,CB,HAGAN ANNMARIE T,,0001209191-22-008290,2022-02-08,M,610.0,114.78,10430.0,D,,,,,,
896159,2022-02-10,CB,HAGAN ANNMARIE T,,0001209191-22-008290,2022-02-08,S,610.0,205.97,9820.0,D,,,,,,
896159,2022-02-24,CB,Wayland Joseph F,,0001209191-22-012562,2022-02-22,F,441.0,203.09,73370.354,D,,,,,,
896159,2022-02-24,CB,Ortega Juan Luis,,0001209191-22-012561,2022-02-22,F,348.0,203.09,31437.93,D,,,,,,
896159,2022-02-24,CB,Lupica John J,,0001209191-22-012559,2022-02-22,F,704.0,203.09,142556.2,D,,,,,,
896159,2022-02-24,CB,Lupica John J,,0001209191-22-012559,2022-02-23,S,901.0,204.39,141655.2,D,,,,,,
896159,2022-02-24,CB,KRUMP PAUL J,,0001209191-22-012557,2022-02-22,F,392.0,203.09,77010.0,D,,,,,,
896159,2022-02-24,CB,Keogh John W,,0001209191-22-012556,2022-01-13,G,1899.0,0.0,42335.0,I,,,,,,
896159,2022-02-24,CB,Keogh John W,,0001209191-22-012556,2022-02-22,F,631.0,203.09,235210.0,D,,,,,,
896159,2022-02-24,CB,HAGAN ANNMARIE T,,0001209191-22-012555,2022-02-22,F,158.0,203.09,9662.0,D,,,,,,
896159,2022-02-24,CB,GREENBERG EVAN G,,0001209191-22-012554,2022-02-22,F,2089.0,203.09,678486.0,D,,,,,,
896159,2022-02-24,CB,BOROUGHS TIMOTHY ALAN,,0001209191-22-012553,2022-02-22,F,360.0,203.09,53747.0,D,,,,,,
896159,2022-02-28,CB,Wayland Joseph F,,0001209191-22-013730,2022-02-24,A,2261.0,0.0,75631.354,D,,,,,,
896159,2022-02-28,CB,RINGSTED SEAN,,0001209191-22-013729,2022-02-24,A,1979.0,0.0,203201.0,D,,,,,,
896159,2022-02-28,CB,Ortega Juan Luis,,0001209191-22-013728,2022-02-24,A,1979.0,0.0,33416.93,D,,,,,,
896159,2022-02-28,CB,Lupica John J,,0001209191-22-013727,2022-02-24,A,18842.0,0.0,160497.2,D,,,,,,
896159,2022-02-28,CB,KRUMP PAUL J,,0001209191-22-013726,2022-02-24,A,2921.0,0.0,79931.0,D,,,,,,
896159,2022-02-28,CB,Keogh John W,,0001209191-22-013719,2022-02-24,A,26378.0,0.0,261588.0,D,,,,,,
896159,2022-02-28,CB,HAGAN ANNMARIE T,,0001209191-22-013708,2022-02-24,A,1885.0,0.0,11547.0,D,,,,,,
896159,2022-02-28,CB,Enns Peter C.,,0001209191-22-013700,2022-02-24,A,2261.0,0.0,28397.0,D,,,,,,
896159,2022-02-28,CB,BOROUGHS TIMOTHY ALAN,,0001209191-22-013696,2022-02-24,A,2167.0,0.0,55914.0,D,,,,,,
896159,2022-02-28,CB,GREENBERG EVAN G,,0001209191-22-013690,2022-02-24,A,58409.0,0.0,736895.0,D,,,,,,
896159,2022-03-01,CB,GREENBERG EVAN G,,0001209191-22-013905,2022-02-28,F,2328.0,203.64,770254.0,D,,,,,,
896159,2022-03-01,CB,GREENBERG EVAN G,,0001209191-22-013905,2022-02-27,F,2279.0,207.02,772582.0,D,,,,,,
896159,2022-03-01,CB,BOROUGHS TIMOTHY ALAN,,0001209191-22-013908,2022-02-28,F,396.0,203.64,65667.0,D,,,,,,
896159,2022-03-01,CB,Wayland Joseph F,,0001209191-22-013901,2022-02-28,F,489.0,203.64,85548.354,D,,,,,,
896159,2022-03-01,CB,Wayland Joseph F,,0001209191-22-013901,2022-02-27,F,500.0,207.02,86037.354,D,,,,,,
896159,2022-03-01,CB,BOROUGHS TIMOTHY ALAN,,0001209191-22-013908,2022-02-25,F,210.0,207.02,66431.0,D,,,,,,
896159,2022-03-01,CB,KRUMP PAUL J,,0001209191-22-013913,2022-02-27,F,494.0,207.02,93647.0,D,,,,,,
896159,2022-03-01,CB,KRUMP PAUL J,,0001209191-22-013913,2022-02-28,F,462.0,203.64,93185.0,D,,,,,,
896159,2022-03-01,CB,Keogh John W,,0001209191-22-013912,2022-02-27,F,730.0,207.02,278004.0,D,,,,,,
896159,2022-03-01,CB,HAGAN ANNMARIE T,,0001209191-22-013911,2022-02-28,F,158.0,203.64,11066.0,D,,,,,,
896159,2022-03-01,CB,Ortega Juan Luis,,0001209191-22-013902,2022-02-25,F,144.0,207.02,43066.93,D,,,,,,
896159,2022-03-01,CB,Keogh John W,,0001209191-22-013912,2022-02-28,F,841.0,203.64,277163.0,D,,,,,,
896159,2022-03-01,CB,Ortega Juan Luis,,0001209191-22-013902,2022-02-27,F,223.0,207.02,42843.93,D,,,,,,
896159,2022-03-01,CB,KRUMP PAUL J,,0001209191-22-013913,2022-02-25,F,247.0,207.02,94141.0,D,,,,,,
896159,2022-03-01,CB,Ortega Juan Luis,,0001209191-22-013902,2022-02-28,F,397.0,203.64,42446.93,D,,,,,,
896159,2022-03-01,CB,BOROUGHS TIMOTHY ALAN,,0001209191-22-013908,2022-02-27,F,368.0,207.02,66063.0,D,,,,,,
896159,2022-03-01,CB,Wayland Joseph F,,0001209191-22-013901,2022-02-25,F,286.0,207.02,86537.354,D,,,,,,
896159,2022-03-01,CB,Lupica John J,,0001209191-22-013914,2022-02-28,F,805.0,203.64,171165.2,D,,,,,,
896159,2022-03-01,CB,Lupica John J,,0001209191-22-013914,2022-02-27,F,774.0,207.02,171970.2,D,,,,,,
896159,2022-03-01,CB,HAGAN ANNMARIE T,,0001209191-22-013911,2022-02-27,F,160.0,207.02,11224.0,D,,,,,,
896159,2022-03-01,CB,HAGAN ANNMARIE T,,0001209191-22-013911,2022-02-25,F,163.0,207.02,11384.0,D,,,,,,
896159,2022-03-11,CB,Shasta Theodore,,0001209191-22-018100,2022-03-09,S,461.0,204.88,15639.0,D,,,,,,
896159,2022-03-14,CB,KRUMP PAUL J,,0001209191-22-018385,2022-03-10,M,5917.0,133.9,99102.0,D,,,,,,
896159,2022-03-14,CB,KRUMP PAUL J,,0001209191-22-018385,2022-03-10,S,5170.0,201.49,93932.0,D,,,,,,
896159,2022-03-24,CB,Lupica John J,,0001209191-22-020841,2022-03-22,M,22436.0,96.76,193601.2,D,,,,,,
896159,2022-03-24,CB,Lupica John J,,0001209191-22-020841,2022-03-22,S,22436.0,215.0,171165.2,D,,,,,,
896159,2022-03-30,CB,Lupica John J,,0001209191-22-021584,2022-03-28,M,1033.0,96.76,172198.2,D,,,,,,
896159,2022-04-05,CB,Enns Peter C.,,0001209191-22-022765,2022-04-01,F,1736.0,216.55,37853.0,D,,,,,,
896159,2022-05-09,CB,BOROUGHS TIMOTHY ALAN,,0001209191-22-027703,2022-05-05,M,15933.0,96.76,81600.0,D,,,,,,
896159,2022-05-09,CB,BOROUGHS TIMOTHY ALAN,,0001209191-22-027703,2022-05-05,S,15933.0,211.83,65667.0,D,,,,,,
896159,2022-05-20,CB,BOROUGHS TIMOTHY ALAN,,0001209191-22-030853,2022-05-18,F,5550.0,207.31,60117.0,D,,,,,,
896159,2022-05-20,CB,KRUMP PAUL J,,0001209191-22-030851,2022-05-18,F,9893.0,207.31,84039.0,D,,,,,,
896159,2022-05-20,CB,Wayland Joseph F,,0001209191-22-030848,2022-05-18,F,5267.0,207.31,80281.354,D,,,,,,
896159,2022-05-20,CB,Lupica John J,,0001209191-22-030850,2022-05-18,F,9101.0,207.31,163097.2,D,,,,,,
896159,2022-05-20,CB,Keogh John W,,0001209191-22-030849,2022-05-18,F,12463.0,207.31,264700.0,D,,,,,,
896159,2022-05-20,CB,Lupica John J,,0001209191-22-030850,2022-05-19,S,12004.0,205.41,151093.2,D,,,,,,
896159,2022-05-20,CB,GREENBERG EVAN G,,0001209191-22-030847,2022-04-04,G,3755.0,0.0,766499.0,D,,,,,,
896159,2022-05-20,CB,GREENBERG EVAN G,,0001209191-22-030847,2022-05-18,F,45092.0,207.31,721407.0,D,,,,,,
896159,2022-05-23,CB,TOWNSEND FRANCES F,,0001209191-22-031295,2022-05-19,A,932.0,,3305.0,D,,,,,,
896159,2022-05-23,CB,TOWNSEND FRANCES F,,0001209191-22-031295,2022-05-19,F,271.0,203.88,3034.0,D,,,,,,
896159,2022-05-23,CB,TELLEZ LUIS,,0001209191-22-031294,2022-05-19,A,932.0,,2015.0,D,,,,,,
896159,2022-05-23,CB,TELLEZ LUIS,,0001209191-22-031294,2022-05-19,F,271.0,203.88,1744.0,D,,,,,,
896159,2022-05-23,CB,Steimer Olivier,,0001209191-22-031292,2022-05-19,A,932.0,,25007.79,D,,,,,,
896159,2022-05-23,CB,Steimer Olivier,,0001209191-22-031292,2022-05-19,F,58.0,203.88,24949.79,D,,,,,,
896159,2022-05-23,CB,SIDWELL DAVID H,,0001209191-22-031291,2022-05-19,A,932.0,,13165.0,D,,,,,,
896159,2022-05-23,CB,SIDWELL DAVID H,,0001209191-22-031291,2022-05-19,F,271.0,203.88,12894.0,D,,,,,,
896159,2022-05-23,CB,Shasta Theodore,,0001209191-22-031289,2022-05-19,A,932.0,,16571.0,D,,,,,,
896159,2022-05-23,CB,Shasta Theodore,,0001209191-22-031289,2022-05-19,F,271.0,203.88,16300.0,D,,,,,,
896159,2022-05-23,CB,Bonanno Kathleen,,0001209191-22-031271,2022-05-19,A,932.0,,932.0,D,,,,,,
896159,2022-05-23,CB,SCULLY ROBERT W,,0001209191-22-031283,2022-05-19,F,512.0,203.88,16128.0,D,,,,,,
896159,2022-05-23,CB,SCULLY ROBERT W,,0001209191-22-031283,2022-05-19,A,1766.0,,16640.0,D,,,,,,
896159,2022-05-23,CB,HUGIN ROBERT J,,0001209191-22-031281,2022-05-19,A,1594.0,,16346.0,D,,,,,,
896159,2022-05-23,CB,CONNORS MICHAEL P,,0001209191-22-031278,2022-05-19,A,932.0,,16294.0,D,,,,,,
896159,2022-05-23,CB,CONNORS MICHAEL P,,0001209191-22-031278,2022-05-19,F,271.0,203.88,16023.0,D,,,,,,
896159,2022-05-23,CB,CIRILLO MARY A,,0001209191-22-031276,2022-05-19,A,1692.0,,45164.69,D,,,,,,
896159,2022-05-23,CB,CIRILLO MARY A,,0001209191-22-031276,2022-05-19,F,489.0,0.0,44675.69,D,,,,,,
896159,2022-05-23,CB,BURKE SHEILA P,,0001209191-22-031273,2022-05-19,A,932.0,,7259.0,D,,,,,,
896159,2022-05-23,CB,BURKE SHEILA P,,0001209191-22-031273,2022-05-19,F,271.0,203.88,6988.0,D,,,,,,
896159,2022-05-23,CB,ATIEH MICHAEL G,,0001209191-22-031272,2022-05-19,A,932.0,,39110.59,D,,,,,,
896159,2022-05-23,CB,ATIEH MICHAEL G,,0001209191-22-031272,2022-05-19,F,271.0,203.88,38839.59,D,,,,,,
896159,2022-05-23,CB,ATIEH MICHAEL G,,0001209191-22-031272,2022-05-20,S,500.0,203.49,38339.59,D,,,,,,
896159,2022-05-23,CB,Shanks Eugene B. JR,,0001209191-22-031286,2022-05-19,F,271.0,203.88,12181.0,D,,,,,,
896159,2022-05-27,CB,GREENBERG EVAN G,,0001209191-22-032392,2022-05-25,S,31131.0,208.06,690276.0,D,,,,,,
896159,2022-05-31,CB,Keogh John W,,0001209191-22-032725,2022-05-26,S,34464.0,208.21,230236.0,D,,,,,,
896159,2022-05-31,CB,Keogh John W,,0001209191-22-032725,2022-05-26,M,30101.0,96.76,260337.0,D,,,,,,
896159,2022-06-01,CB,Shasta Theodore,,0001209191-22-033049,2022-05-27,S,812.0,209.18,15488.0,D,,,,,,
896159,2022-07-06,CB,Lupica John J,,0001209191-22-040993,2022-07-01,F,667.0,197.92,150426.2,D,,,,,,
896159,2022-08-10,CB,GREENBERG EVAN G,,0001209191-22-045131,2022-06-06,G,52934.0,0.0,620463.0,D,,,,,,
896159,2022-08-10,CB,GREENBERG EVAN G,,0001209191-22-045131,2022-08-08,M,1171.0,85.39,621634.0,D,,,,,,
896159,2022-09-06,CB,Wayland Joseph F,,0001209191-22-048638,2022-09-01,A,1041.0,0.0,81322.354,D,,,,,,
896159,2022-09-07,CB,Wayland Joseph F,,0001209191-22-048980,2022-09-04,F,148.0,190.88,81174.354,D,,,,,,
896159,2022-09-07,CB,Ortega Juan Luis,,0001209191-22-048979,2022-09-03,F,967.0,190.88,41479.93,D,,,,,,
896159,2022-09-13,CB,GREENBERG EVAN G,,0001209191-22-049632,2022-08-17,G,1171.0,0.0,620463.0,D,,,,,,
896159,2022-09-13,CB,GREENBERG EVAN G,,0001209191-22-049632,2022-09-09,S,25792.0,193.86,594671.0,D,,,,,,
896159,2022-09-13,CB,GREENBERG EVAN G,,0001209191-22-049632,2022-08-11,G,16121.0,0.0,0.0,I,,,,,,
896159,2022-10-31,CB,GREENBERG EVAN G,,0001209191-22-054880,2022-10-27,S,24049.0,207.91,570622.0,D,,,,,,
896159,2022-11-01,CB,Ortega Juan Luis,,0001209191-22-054983,2022-10-28,S,1950.0,211.53,39529.93,D,,,,,,
896159,2022-11-01,CB,RINGSTED SEAN,,0001209191-22-054978,2022-10-28,M,12686.0,85.39,225681.0,D,,,,,,
896159,2022-11-01,CB,RINGSTED SEAN,,0001209191-22-054978,2022-10-28,S,12686.0,210.37,212995.0,D,,,,,,
896159,2022-11-10,CB,BOROUGHS TIMOTHY ALAN,,0001209191-22-056326,2022-11-08,S,15000.0,209.51,45117.0,D,,,,,,
896159,2022-12-02,CB,Lupica John J,,0001209191-22-059280,2022-11-30,S,13467.0,218.01,137086.2,D,,,,,,
896159,2022-12-02,CB,Lupica John J,,0001209191-22-059280,2022-12-01,S,7949.0,222.0,123553.2,D,,,,,,
896159,2022-12-16,CB,GREENBERG EVAN G,,0001209191-22-061559,2022-12-14,G,1140.0,0.0,569482.0,D,,,,,,
896159,2023-01-24,CB,CIRILLO MARY A,,0001209191-23-004507,2022-06-17,W,30.0,0.0,30.0,I,,,,,,
896159,2023-01-24,CB,CIRILLO MARY A,,0001209191-23-004507,2023-01-18,W,30.0,0.0,0.0,I,,,,,,
896159,2023-02-27,CB,Enns Peter C.,,0001209191-23-013266,2023-02-23,A,12465.0,0.0,50318.0,D,,,,,,
896159,2023-02-27,CB,BOROUGHS TIMOTHY ALAN,,0001209191-23-013276,2023-02-23,A,2068.0,0.0,47185.0,D,,,,,,
896159,2023-02-27,CB,Ortega Juan Luis,,0001209191-23-013262,2023-02-23,A,2054.0,0.0,41583.93,D,,,,,,
896159,2023-02-27,CB,Wayland Joseph F,,0001209191-23-013255,2023-02-23,A,11985.0,0.0,93159.354,D,,,,,,
896159,2023-02-27,CB,RINGSTED SEAN,,0001209191-23-013271,2023-02-23,A,1933.0,0.0,214928.0,D,,,,,,
896159,2023-02-27,CB,HAGAN ANNMARIE T,,0001209191-23-013211,2023-02-23,A,1798.0,0.0,12984.0,D,,,,,,
896159,2023-02-27,CB,Lupica John J,,0001209191-23-013247,2023-02-23,A,23970.0,0.0,147523.2,D,,,,,,
896159,2023-02-27,CB,Johns Bryce L.,,0001209191-23-013217,2023-02-23,A,1618.0,0.0,10853.0,D,,,,,,
896159,2023-02-27,CB,Keogh John W,,0001209191-23-013233,2023-02-23,A,33558.0,0.0,263794.0,D,,,,,,
896159,2023-02-27,CB,GREENBERG EVAN G,,0001209191-23-013225,2023-02-23,A,75024.0,0.0,644506.0,D,,,,,,
896159,2023-02-28,CB,BOROUGHS TIMOTHY ALAN,,0001209191-23-013563,2023-02-25,F,210.0,210.91,57006.0,D,,,,,,
896159,2023-02-28,CB,BOROUGHS TIMOTHY ALAN,,0001209191-23-013563,2023-02-24,F,204.0,210.91,57216.0,D,,,,,,
896159,2023-02-28,CB,Enns Peter C.,,0001209191-23-013562,2023-02-24,F,192.0,210.91,62591.0,D,,,,,,
896159,2023-02-28,CB,Wayland Joseph F,,0001209191-23-013560,2023-02-24,F,313.0,210.91,104831.354,D,,,,,,
896159,2023-02-28,CB,HAGAN ANNMARIE T,,0001209191-23-013559,2023-02-25,F,160.0,210.91,12646.0,D,,,,,,
896159,2023-02-28,CB,Ortega Juan Luis,,0001209191-23-013561,2023-02-24,F,178.0,210.91,53729.93,D,,,,,,
896159,2023-02-28,CB,Wayland Joseph F,,0001209191-23-013560,2023-02-25,F,304.0,210.91,104527.354,D,,,,,,
896159,2023-02-28,CB,Ortega Juan Luis,,0001209191-23-013561,2023-02-25,F,144.0,210.91,53585.93,D,,,,,,
896159,2023-02-28,CB,HAGAN ANNMARIE T,,0001209191-23-013559,2023-02-24,F,178.0,210.91,12806.0,D,,,,,,
896159,2023-03-01,CB,HAGAN ANNMARIE T,,0001209191-23-013986,2023-02-27,F,162.0,211.68,12484.0,D,,,,,,
896159,2023-03-01,CB,BOROUGHS TIMOTHY ALAN,,0001209191-23-013992,2023-02-27,F,368.0,211.68,56638.0,D,,,,,,
896159,2023-03-01,CB,Wayland Joseph F,,0001209191-23-013990,2023-02-27,F,526.0,211.68,104001.354,D,,,,,,
896159,2023-03-01,CB,Ortega Juan Luis,,0001209191-23-013991,2023-02-27,F,217.0,211.68,53368.93,D,,,,,,
896159,2023-03-01,CB,Keogh John W,,0001209191-23-013988,2023-02-27,F,735.0,211.68,296617.0,D,,,,,,
896159,2023-03-01,CB,Lupica John J,,0001209191-23-013989,2023-02-27,F,495.0,211.68,170998.2,D,,,,,,
896159,2023-03-01,CB,GREENBERG EVAN G,,0001209191-23-013987,2023-02-27,F,2278.0,211.68,717252.0,D,,,,,,
896159,2023-03-02,CB,Lupica John J,,0001209191-23-014516,2023-02-28,F,513.0,211.02,170485.2,D,,,,,,
896159,2023-03-02,CB,Ortega Juan Luis,,0001209191-23-014518,2023-02-28,F,397.0,211.02,52971.93,D,,,,,,
896159,2023-03-02,CB,Wayland Joseph F,,0001209191-23-014517,2023-02-28,F,515.0,211.02,103486.354,D,,,,,,
896159,2023-03-02,CB,GREENBERG EVAN G,,0001209191-23-014511,2023-02-28,F,2328.0,211.02,714924.0,D,,,,,,
896159,2023-03-02,CB,BOROUGHS TIMOTHY ALAN,,0001209191-23-014519,2023-02-28,F,396.0,211.02,56242.0,D,,,,,,
896159,2023-03-02,CB,Keogh John W,,0001209191-23-014515,2023-02-28,S,23871.0,212.18,272062.0,D,,,,,,
896159,2023-03-02,CB,Keogh John W,,0001209191-23-014515,2023-03-01,G,1862.0,0.0,20554.0,I,,,,,,
896159,2023-03-02,CB,HAGAN ANNMARIE T,,0001209191-23-014504,2023-02-28,F,159.0,211.02,12325.0,D,,,,,,
896159,2023-03-02,CB,Keogh John W,,0001209191-23-014515,2023-02-28,F,684.0,211.02,295933.0,D,,,,,,
896159,2023-03-14,CB,GREENBERG EVAN G,,0001209191-23-018324,2023-03-10,G,1978.0,0.0,712946.0,D,,,,,,
896159,2023-03-22,CB,Shasta Theodore,,0001209191-23-020429,2023-03-20,S,1000.0,189.73,14488.0,D,,,,,,
896159,2023-04-04,CB,Enns Peter C.,,0001209191-23-022506,2023-04-01,F,1735.0,194.18,60856.0,D,,,,,,
896159,2023-05-19,CB,Ortega Juan Luis,,0001209191-23-030891,2023-05-17,F,3032.0,198.93,49939.93,D,,,,,,
896159,2023-05-19,CB,TOWNSEND FRANCES F,,0001209191-23-030884,2023-05-17,A,955.0,,3989.0,D,,,,,,
896159,2023-05-19,CB,TELLEZ LUIS,,0001209191-23-030883,2023-05-17,F,233.0,198.93,1511.0,D,,,,,,
896159,2023-05-19,CB,HUGIN ROBERT J,,0001209191-23-030878,2023-05-17,A,1634.0,,17980.0,D,,,,,,
896159,2023-05-19,CB,Steimer Olivier,,0001209191-23-030882,2023-05-17,A,955.0,,25967.5,D,,,,,,
896159,2023-05-19,CB,Steimer Olivier,,0001209191-23-030882,2023-05-17,F,50.0,198.93,25917.5,D,,,,,,
896159,2023-05-19,CB,CORBAT MICHAEL,,0001209191-23-030877,2023-05-17,A,955.0,,955.0,D,,,,,,
896159,2023-05-19,CB,SIDWELL DAVID H,,0001209191-23-030881,2023-05-17,F,233.0,198.93,13616.0,D,,,,,,
896159,2023-05-19,CB,Wayland Joseph F,,0001209191-23-030895,2023-05-17,F,5381.0,198.93,98105.354,D,,,,,,
896159,2023-05-19,CB,ATIEH MICHAEL G,,0001209191-23-030871,2023-05-17,F,233.0,198.93,39683.23,D,,,,,,
896159,2023-05-19,CB,ATIEH MICHAEL G,,0001209191-23-030871,2023-05-17,A,955.0,,39916.23,D,,,,,,
896159,2023-05-19,CB,Lupica John J,,0001209191-23-030893,2023-05-17,F,7484.0,198.93,163001.2,D,,,,,,
896159,2023-05-19,CB,Bonanno Kathleen,,0001209191-23-030872,2023-05-17,A,955.0,,1887.0,D,,,,,,
896159,2023-05-19,CB,BOROUGHS TIMOTHY ALAN,,0001209191-23-030886,2023-05-17,F,5155.0,198.93,51087.0,D,,,,,,
896159,2023-05-19,CB,Bonanno Kathleen,,0001209191-23-030872,2023-05-17,F,233.0,198.93,1654.0,D,,,,,,
896159,2023-05-19,CB,GREENBERG EVAN G,,0001209191-23-030887,2023-05-17,F,44151.0,198.93,668795.0,D,,,,,,
896159,2023-05-19,CB,Keogh John W,,0001209191-23-030889,2023-05-17,F,13449.0,198.93,274734.0,D,,,,,,
896159,2023-05-19,CB,Shasta Theodore,,0001209191-23-030880,2023-05-17,F,233.0,198.93,15210.0,D,,,,,,
896159,2023-05-19,CB,SIDWELL DAVID H,,0001209191-23-030881,2023-05-17,A,955.0,,13849.0,D,,,,,,
896159,2023-05-19,CB,Shasta Theodore,,0001209191-23-030880,2023-05-17,A,955.0,,15443.0,D,,,,,,
896159,2023-05-19,CB,SCULLY ROBERT W,,0001209191-23-030879,2023-05-17,A,1810.0,,17938.0,D,,,,,,
896159,2023-05-19,CB,Buese Nancy,,0001209191-23-030873,2023-05-17,A,955.0,,967.0,D,,,,,,
896159,2023-05-19,CB,SCULLY ROBERT W,,0001209191-23-030879,2023-05-17,F,442.0,198.93,17496.0,D,,,,,,
896159,2023-05-19,CB,TOWNSEND FRANCES F,,0001209191-23-030884,2023-05-17,F,233.0,198.93,3756.0,D,,,,,,
896159,2023-05-19,CB,CONNORS MICHAEL P,,0001209191-23-030876,2023-05-17,F,233.0,198.93,16745.0,D,,,,,,
896159,2023-05-19,CB,CIRILLO MARY A,,0001209191-23-030875,2023-05-17,F,423.0,198.93,44541.53,D,,,,,,
896159,2023-05-19,CB,BURKE SHEILA P,,0001209191-23-030874,2023-05-17,A,955.0,,7943.0,D,,,,,,
896159,2023-05-19,CB,CONNORS MICHAEL P,,0001209191-23-030876,2023-05-17,A,955.0,,16978.0,D,,,,,,
896159,2023-05-19,CB,BURKE SHEILA P,,0001209191-23-030874,2023-05-17,F,233.0,198.93,7710.0,D,,,,,,
896159,2023-07-05,CB,Lupica John J,,0001209191-23-040853,2023-07-01,F,667.0,192.56,162334.2,D,,,,,,
896159,2023-07-31,CB,Lupica John J,,0001209191-23-043746,2023-07-27,S,8398.0,211.74,154049.2,D,,,,,,
896159,2023-07-31,CB,HAGAN ANNMARIE T,,0001209191-23-043745,2023-07-27,M,2028.0,118.39,14421.0,D,,,,,,
896159,2023-07-31,CB,HAGAN ANNMARIE T,,0001209191-23-043745,2023-07-27,S,1187.0,211.81,13234.0,D,,,,,,
896159,2023-08-03,CB,BOROUGHS TIMOTHY ALAN,,0001209191-23-044479,2023-08-01,G,1500.0,0.0,590.0,I,,,,,,
896159,2023-08-03,CB,BOROUGHS TIMOTHY ALAN,,0001209191-23-044479,2023-08-01,S,1500.0,205.41,2335.0,I,,,,,,
896159,2023-08-14,CB,ATIEH MICHAEL G,,0001209191-23-045534,2023-07-28,S,750.0,208.39,38933.23,D,,,,,,
896159,2023-08-16,CB,Shasta Theodore,,0001209191-23-045953,2023-08-14,S,699.0,201.94,14511.0,D,,,,,,
896159,2023-08-28,CB,Keogh John W,,0001209191-23-047486,2023-08-24,S,10000.0,201.01,265184.0,D,,,,,,
896159,2023-08-28,CB,Keogh John W,,0001209191-23-047486,2023-08-24,M,1033.0,96.76,275767.0,D,,,,,,
896159,2023-08-28,CB,Keogh John W,,0001209191-23-047486,2023-08-24,F,583.0,201.13,275184.0,D,,,,,,
896159,2023-09-05,CB,Wayland Joseph F,,0001209191-23-048207,2023-09-01,F,143.0,203.29,97962.354,D,,,,,,
896159,2023-09-21,CB,Wayland Joseph F,,0001209191-23-050241,2023-09-19,M,6890.0,96.76,104852.354,D,,,,,,
896159,2023-09-21,CB,Wayland Joseph F,,0001209191-23-050241,2023-09-19,S,3791.0,213.79,101061.354,D,,,,,,
896159,2023-11-08,CB,Lupica John J,,0001209191-23-054651,2023-11-06,S,8589.0,218.26,145460.2,D,,,,,,
896159,2023-11-09,CB,Ortega Juan Luis,,0001209191-23-054789,2023-11-08,M,1508.0,96.76,51447.93,D,,,,,,
896159,2023-11-09,CB,Ortega Juan Luis,,0001209191-23-054789,2023-11-08,S,1508.0,218.63,49939.93,D,,,,,,
896159,2023-11-13,CB,GREENBERG EVAN G,,0001209191-23-054916,2023-11-09,G,1480.0,0.0,667315.0,D,,,,,,
896159,2023-12-08,CB,Keogh John W,,0001209191-23-057831,2023-12-06,G,1430.0,0.0,263754.0,D,,,,,,
896159,2023-12-14,CB,SCULLY ROBERT W,,0001209191-23-058688,2023-12-12,G,23765.0,0.0,3435.0,I,,,,,,
896159,2024-02-02,CB,HAGAN ANNMARIE T,isOfficer,0001213900-24-009351,2024-02-01,S,7180.0,245.04,6105.0,D,,,,,,
896159,2024-02-06,CB,GREENBERG EVAN G,"isDirector,isOfficer",0001213900-24-010648,2024-02-02,M,1033.0,96.76,668348.0,D,,,,,,
896159,2024-02-06,CB,GREENBERG EVAN G,"isDirector,isOfficer",0001213900-24-010648,2024-02-06,S,58730.0,248.37,609618.0,D,,,,,,
896159,2024-02-27,CB,Ortega Juan Luis,isOfficer,0001213900-24-017176,2024-02-23,F,186.0,256.01,49753.93,D,,,,,,
896159,2024-02-27,CB,BOROUGHS TIMOTHY ALAN,isOfficer,0001213900-24-017168,2024-02-25,F,210.0,256.01,50486.0,D,,,,,,
896159,2024-02-27,CB,HAGAN ANNMARIE T,isOfficer,0001213900-24-017174,2024-02-25,F,160.0,256.01,5631.0,D,,,,,,
896159,2024-02-27,CB,HAGAN ANNMARIE T,isOfficer,0001213900-24-017174,2024-02-24,F,149.0,256.01,5791.0,D,,,,,,
896159,2024-02-27,CB,BOROUGHS TIMOTHY ALAN,isOfficer,0001213900-24-017168,2024-02-23,F,195.0,256.01,50892.0,D,,,,,,
896159,2024-02-27,CB,O'Brien Frances D.,isOfficer,0001213900-24-017169,2024-02-25,F,121.0,256.01,42769.0,D,,,,,,
896159,2024-02-27,CB,Enns Peter C.,isOfficer,0001213900-24-017173,2024-02-24,F,193.0,256.01,60663.0,D,,,,,,
896159,2024-02-27,CB,Wayland Joseph F,isOfficer,0001213900-24-017170,2024-02-24,F,313.0,256.01,93002.354,D,,,,,,
896159,2024-02-27,CB,Wayland Joseph F,isOfficer,0001213900-24-017170,2024-02-25,F,303.0,256.01,92699.354,D,,,,,,
896159,2024-02-27,CB,Ortega Juan Luis,isOfficer,0001213900-24-017176,2024-02-24,F,179.0,256.01,49574.93,D,,,,,,
896159,2024-02-27,CB,O'Brien Frances D.,isOfficer,0001213900-24-017169,2024-02-24,F,118.0,256.01,42890.0,D,,,,,,
896159,2024-02-27,CB,HAGAN ANNMARIE T,isOfficer,0001213900-24-017174,2024-02-23,F,165.0,256.01,5940.0,D,,,,,,
896159,2024-02-27,CB,Ortega Juan Luis,isOfficer,0001213900-24-017176,2024-02-25,F,144.0,256.01,49430.93,D,,,,,,
896159,2024-02-27,CB,O'Brien Frances D.,isOfficer,0001213900-24-017169,2024-02-23,F,131.0,256.01,43008.0,D,,,,,,
896159,2024-02-27,CB,BOROUGHS TIMOTHY ALAN,isOfficer,0001213900-24-017168,2024-02-24,F,196.0,256.01,50696.0,D,,,,,,
896159,2024-02-28,CB,Lupica John J,isOfficer,0001213900-24-018153,2024-02-26,A,2090.0,0.0,138329.2,D,,,,,,
896159,2024-02-28,CB,Johns Bryce L.,isOfficer,0001213900-24-018150,2024-02-26,A,1472.0,0.0,14995.0,D,,,,,,
896159,2024-02-28,CB,Ortega Juan Luis,isOfficer,0001213900-24-018157,2024-02-26,A,1840.0,0.0,51270.93,D,,,,,,
896159,2024-02-28,CB,O'Brien Frances D.,isOfficer,0001213900-24-018155,2024-02-26,A,653.0,0.0,43422.0,D,,,,,,
896159,2024-02-28,CB,Keogh John W,isOfficer,0001213900-24-018151,2024-02-26,A,7701.0,0.0,271455.0,D,,,,,,
896159,2024-02-28,CB,GREENBERG EVAN G,"isDirector,isOfficer",0001213900-24-018148,2024-02-26,A,30637.0,0.0,640255.0,D,,,,,,
896159,2024-02-28,CB,HAGAN ANNMARIE T,isOfficer,0001213900-24-018149,2024-02-26,A,1472.0,0.0,7103.0,D,,,,,,
896159,2024-02-28,CB,Enns Peter C.,isOfficer,0001213900-24-018147,2024-02-26,A,3065.0,0.0,63728.0,D,,,,,,
896159,2024-02-28,CB,BOROUGHS TIMOTHY ALAN,isOfficer,0001213900-24-018146,2024-02-26,M,16115.0,114.78,66601.0,D,,,,,,
896159,2024-02-28,CB,BOROUGHS TIMOTHY ALAN,isOfficer,0001213900-24-018146,2024-02-26,S,16115.0,255.26,50486.0,D,,,,,,
896159,2024-02-28,CB,Wayland Joseph F,isOfficer,0001213900-24-018158,2024-02-26,A,2158.0,0.0,94857.354,D,,,,,,
896159,2024-02-29,CB,BOROUGHS TIMOTHY ALAN,isOfficer,0001213900-24-018403,2024-02-27,F,521.0,254.87,49965.0,D,,,,,,
896159,2024-02-29,CB,HAGAN ANNMARIE T,isOfficer,0001213900-24-018408,2024-02-27,F,159.0,254.87,6944.0,D,,,,,,
896159,2024-02-29,CB,Lupica John J,isOfficer,0001213900-24-018412,2024-02-27,F,497.0,254.87,139922.2,D,,,,,,
896159,2024-02-29,CB,Wayland Joseph F,isOfficer,0001213900-24-018415,2024-02-27,F,526.0,254.87,96489.354,D,,,,,,
896159,2024-02-29,CB,O'Brien Frances D.,isOfficer,0001213900-24-018413,2024-02-27,F,274.0,254.87,43148.0,D,,,,,,
896159,2024-02-29,CB,Ortega Juan Luis,isOfficer,0001213900-24-018414,2024-02-27,F,216.0,254.87,51054.93,D,,,,,,
896159,2024-02-29,CB,Keogh John W,isOfficer,0001213900-24-018411,2024-02-27,F,732.0,254.87,278424.0,D,,,,,,
896159,2024-02-29,CB,GREENBERG EVAN G,"isDirector,isOfficer",0001213900-24-018405,2024-02-27,F,2279.0,254.87,668613.0,D,,,,,,
896159,2024-03-07,CB,Keogh John W,isOfficer,0001213900-24-020590,2024-03-05,G,3373.0,0.0,6746.0,I,,,,,,
896159,2024-03-19,CB,Wayland Joseph F,isOfficer,0001213900-24-023726,2024-03-15,S,1237.0,256.93,95252.354,D,,,,,,
896159,2024-03-19,CB,Wayland Joseph F,isOfficer,0001213900-24-023726,2024-03-15,M,13066.0,114.78,108318.354,D,,,,,,
896159,2024-03-21,CB,Lupica John J,isOfficer,0001213900-24-024864,2024-03-19,M,25479.0,114.78,165401.2,D,,,,,,
896159,2024-03-21,CB,Lupica John J,isOfficer,0001213900-24-024864,2024-03-19,S,23474.0,258.82,141927.2,D,,,,,,
896159,2024-03-22,CB,BOROUGHS TIMOTHY ALAN,isOfficer,0001213900-24-025048,2024-03-20,S,11303.0,258.76,38662.0,D,,,,,,
896159,2024-04-03,CB,Enns Peter C.,isOfficer,0001213900-24-029609,2024-04-01,F,1734.0,257.4,65059.0,D,,,,,,
896159,2024-04-26,CB,GREENBERG EVAN G,"isDirector,isOfficer",0001213900-24-036428,2024-04-25,G,1029.0,0.0,667584.0,D,,,,,,
896159,2024-05-09,CB,Keogh John W,isOfficer,0001213900-24-041166,2024-05-08,M,34103.0,114.78,319238.0,D,,,,,,
896159,2024-05-09,CB,Keogh John W,isOfficer,0001213900-24-041166,2024-05-08,S,33232.0,251.98,286006.0,D,,,,,,
896159,2024-05-09,CB,Keogh John W,isOfficer,0001213900-24-041166,2024-05-08,F,258.0,252.22,285748.0,D,,,,,,
896159,2024-05-17,CB,SIDWELL DAVID H,isDirector,0001213900-24-044614,2024-05-16,A,812.0,,14428.0,D,,,,,,
896159,2024-05-17,CB,Shasta Theodore,isDirector,0001213900-24-044611,2024-05-16,A,718.0,,15229.0,D,,,,,,
896159,2024-05-17,CB,TOWNSEND FRANCES F,isDirector,0001213900-24-044618,2024-05-16,A,718.0,,4474.0,D,,,,,,
896159,2024-05-17,CB,TOWNSEND FRANCES F,isDirector,0001213900-24-044618,2024-05-16,F,239.0,264.88,4235.0,D,,,,,,
896159,2024-05-17,CB,Bonanno Kathleen,isDirector,0001213900-24-044599,2024-05-16,F,239.0,264.88,1415.0,D,,,,,,
896159,2024-05-17,CB,CORBAT MICHAEL,isDirector,0001213900-24-044605,2024-05-16,F,239.0,264.88,1434.0,D,,,,,,
896159,2024-05-17,CB,SCULLY ROBERT W,isDirector,0001213900-24-044608,2024-05-16,A,1378.0,,18874.0,D,,,,,,
896159,2024-05-17,CB,SCULLY ROBERT W,isDirector,0001213900-24-044608,2024-05-16,F,453.0,264.88,18421.0,D,,,,,,
896159,2024-05-17,CB,Steimer Olivier,isDirector,0001213900-24-044616,2024-05-16,A,718.0,,26695.85,D,,,,,,
896159,2024-05-17,CB,CONNORS MICHAEL P,isDirector,0001213900-24-044604,2024-05-16,A,718.0,,17463.0,D,,,,,,
896159,2024-05-17,CB,HUGIN ROBERT J,isDirector,0001213900-24-044606,2024-05-16,A,1227.0,,19207.0,D,,,,,,
896159,2024-05-17,CB,ATIEH MICHAEL G,isDirector,0001213900-24-044598,2024-05-16,F,239.0,264.88,40010.61,D,,,,,,
896159,2024-05-17,CB,BURKE SHEILA P,isDirector,0001213900-24-044601,2024-05-16,F,239.0,264.88,8189.0,D,,,,,,
896159,2024-05-17,CB,Buese Nancy,isDirector,0001213900-24-044600,2024-05-16,F,239.0,264.88,1955.0,D,,,,,,
896159,2024-05-17,CB,Steimer Olivier,isDirector,0001213900-24-044616,2024-05-16,F,51.0,264.88,26644.85,D,,,,,,
896159,2024-05-17,CB,Shasta Theodore,isDirector,0001213900-24-044611,2024-05-16,F,239.0,264.88,14990.0,D,,,,,,
896159,2024-05-17,CB,Buese Nancy,isDirector,0001213900-24-044600,2024-05-16,A,1227.0,,2194.0,D,,,,,,
896159,2024-05-17,CB,Chai Nelson,isDirector,0001213900-24-044602,2024-05-16,A,718.0,,718.0,D,,,,,,
896159,2024-05-17,CB,CONNORS MICHAEL P,isDirector,0001213900-24-044604,2024-05-16,F,239.0,264.88,17224.0,D,,,,,,
896159,2024-05-17,CB,CORBAT MICHAEL,isDirector,0001213900-24-044605,2024-05-16,A,718.0,,1673.0,D,,,,,,
896159,2024-05-17,CB,ATIEH MICHAEL G,isDirector,0001213900-24-044598,2024-05-16,A,718.0,,40249.61,D,,,,,,
896159,2024-05-17,CB,BURKE SHEILA P,isDirector,0001213900-24-044601,2024-05-16,A,718.0,,8428.0,D,,,,,,
896159,2024-05-17,CB,HAGAN ANNMARIE T,isOfficer,0001213900-24-044597,2024-05-16,S,1529.0,263.81,7718.0,D,,,,,,
896159,2024-05-17,CB,SIDWELL DAVID H,isDirector,0001213900-24-044614,2024-05-16,F,239.0,264.88,14189.0,D,,,,,,
896159,2024-05-17,CB,HAGAN ANNMARIE T,isOfficer,0001213900-24-044597,2024-05-16,M,2303.0,139.01,9247.0,D,,,,,,
896159,2024-05-20,CB,BOROUGHS TIMOTHY ALAN,isOfficer,0001213900-24-045035,2024-05-16,F,5865.0,264.88,29797.0,D,,,,,,
896159,2024-05-20,CB,Enns Peter C.,isOfficer,0001213900-24-045039,2024-05-16,F,4876.0,264.88,60183.0,D,,,,,,
896159,2024-05-20,CB,Lupica John J,isOfficer,0001213900-24-045045,2024-05-16,F,11418.0,264.88,119519.2,D,,,,,,
896159,2024-05-20,CB,O'Brien Frances D.,isOfficer,0001213900-24-045046,2024-05-16,F,1297.0,264.88,41851.0,D,,,,,,
896159,2024-05-20,CB,ATIEH MICHAEL G,isDirector,0001213900-24-044948,2024-05-17,S,716.0,269.7,39294.61,D,,,,,,
896159,2024-05-20,CB,Keogh John W,isOfficer,0001213900-24-045042,2024-05-16,F,18862.0,264.88,265274.0,D,,,,,,
896159,2024-05-20,CB,Ortega Juan Luis,isOfficer,0001213900-24-045050,2024-05-16,F,4023.0,264.88,47031.93,D,,,,,,
896159,2024-05-20,CB,GREENBERG EVAN G,"isDirector,isOfficer",0001213900-24-045053,2024-05-16,F,53936.0,264.88,613648.0,D,,,,,,
896159,2024-05-20,CB,Wayland Joseph F,isOfficer,0001213900-24-045055,2024-05-16,F,6123.0,264.88,90844.354,D,,,,,,
896159,2024-06-07,CB,Ortega Juan Luis,isOfficer,0001213900-24-050574,2024-06-06,S,2400.0,260.98,44631.93,D,,,,,,
896159,2024-06-24,CB,Enns Peter C.,isOfficer,0001213900-24-055015,2024-06-20,S,3000.0,263.92,51053.0,D,,,,,,
896159,2024-07-03,CB,Lupica John J,isOfficer,0001213900-24-058797,2024-07-01,F,667.0,254.82,118852.2,D,,,,,,
896159,2024-08-19,CB,BOROUGHS TIMOTHY ALAN,,0001213900-24-070640,2024-08-19,S,750.0,274.46,1585.0,I,,,,,,
896159,2024-08-21,CB,Ortega Juan Luis,,0001213900-24-071350,2024-08-20,M,3921.0,114.78,48552.93,D,,,,,,
896159,2024-08-21,CB,Ortega Juan Luis,,0001213900-24-071350,2024-08-20,S,3921.0,273.06,44631.93,D,,,,,,
896159,2024-09-04,CB,Wayland Joseph F,,0001213900-24-075440,2024-09-01,F,144.0,284.18,90700.354,D,,,,,,
896159,2024-09-05,CB,ATIEH MICHAEL G,,0001213900-24-075871,2024-09-03,S,261.0,287.49,39171.69,D,,,,,,
896159,2024-09-05,CB,Lupica John J,,0001213900-24-075868,2024-09-03,S,5840.0,284.74,113110.2,D,,,,,,
896159,2024-09-06,CB,GREENBERG EVAN G,,0001213900-24-076357,2024-09-05,M,871.0,114.78,614519.0,D,,,,,,
896159,2024-09-06,CB,Wayland Joseph F,,0001213900-24-076350,2024-09-05,S,6599.0,287.065,84101.354,D,,,,,,
896159,2024-09-10,CB,GREENBERG EVAN G,,0001213900-24-077161,2024-09-06,S,30537.0,287.25,583982.0,D,,,,,,
896159,2024-09-10,CB,GREENBERG EVAN G,,0001213900-24-077161,2024-09-09,S,30318.0,289.6,553664.0,D,,,,,,
896159,2024-12-18,CB,GREENBERG EVAN G,,0001213900-24-109924,2024-12-16,G,2103.0,0.0,551561.0,D,,,,,,
896159,2024-12-23,CB,Lupica John J,,0001213900-24-111905,2024-12-20,M,871.0,114.78,104821.2,D,,,,,,
896159,2025-02-12,CB,Ohsiek George F.,,0001213900-25-012835,2025-02-11,M,2091.0,114.78,20906.456,D,,,,,,
896159,2025-02-12,CB,Ohsiek George F.,,0001213900-25-012835,2025-02-11,S,1007.0,267.63,19899.456,D,,,,,,
896159,2025-02-25,CB,McNamee Paul,,0001213900-25-017090,2025-02-23,F,115.0,267.25,20331.0,D,,,,,,
896159,2025-02-25,CB,BOROUGHS TIMOTHY ALAN,,0001213900-25-017085,2025-02-23,F,197.0,267.25,29600.0,D,,,,,,
896159,2025-02-25,CB,BOROUGHS TIMOTHY ALAN,,0001213900-25-017085,2025-02-24,F,196.0,273.44,29404.0,D,,,,,,
896159,2025-02-25,CB,O'Brien Frances D.,,0001213900-25-017081,2025-02-23,F,133.0,267.25,41816.0,D,,,,,,
896159,2025-02-25,CB,O'Brien Frances D.,,0001213900-25-017081,2025-02-24,F,120.0,273.44,41696.0,D,,,,,,
896159,2025-02-25,CB,Ortega Juan Luis,,0001213900-25-017074,2025-02-23,F,190.0,267.25,44441.93,D,,,,,,
896159,2025-02-25,CB,Ortega Juan Luis,,0001213900-25-017074,2025-02-24,F,179.0,273.44,44262.93,D,,,,,,
896159,2025-02-25,CB,Ohsiek George F.,,0001213900-25-017071,2025-02-23,F,91.0,267.25,19808.456,D,,,,,,
896159,2025-02-25,CB,Ohsiek George F.,,0001213900-25-017071,2025-02-24,F,91.0,273.44,19717.456,D,,,,,,
896159,2025-02-26,CB,Wayland Joseph F,,0001213900-25-017374,2025-02-24,F,241.0,273.44,83860.354,D,,,,,,
896159,2025-02-26,CB,Enns Peter C.,,0001213900-25-017372,2025-02-24,F,195.0,273.44,45658.0,D,,,,,,
896159,2025-02-26,CB,McNamee Paul,,0001213900-25-017375,2025-02-24,F,98.0,273.44,20233.0,D,,,,,,
896159,2025-02-26,CB,BOROUGHS TIMOTHY ALAN,,0001213900-25-017371,2025-02-25,F,210.0,277.45,29194.0,D,,,,,,
896159,2025-02-26,CB,Wayland Joseph F,,0001213900-25-017374,2025-02-25,F,229.0,277.45,83631.354,D,,,,,,
896159,2025-02-27,CB,McNamee Paul,,0001213900-25-018107,2025-02-25,F,89.0,277.45,20144.0,D,,,,,,
896159,2025-02-27,CB,Ohsiek George F.,,0001213900-25-018105,2025-02-25,F,98.0,277.45,19619.456,D,,,,,,
896159,2025-02-27,CB,Ohsiek George F.,,0001213900-25-018105,2025-02-26,F,81.0,273.66,19538.456,D,,,,,,
896159,2025-02-27,CB,Ortega Juan Luis,,0001213900-25-018104,2025-02-25,F,144.0,277.45,44118.93,D,,,,,,
896159,2025-02-27,CB,Ortega Juan Luis,,0001213900-25-018104,2025-02-26,F,166.0,273.66,43952.93,D,,,,,,
896159,2025-02-27,CB,O'Brien Frances D.,,0001213900-25-018102,2025-02-25,F,121.0,277.45,41575.0,D,,,,,,
896159,2025-02-27,CB,O'Brien Frances D.,,0001213900-25-018102,2025-02-26,F,52.0,273.66,41523.0,D,,,,,,
896159,2025-02-28,CB,McNamee Paul,,0001213900-25-018578,2025-02-26,F,127.0,273.66,20017.0,D,,,,,,
896159,2025-03-05,CB,Ohsiek George F.,,0001213900-25-020826,2025-03-03,A,1269.0,0.0,20807.456,D,,,,,,
896159,2025-03-05,CB,Wayland Joseph F,,0001213900-25-020829,2025-03-03,A,2036.0,0.0,85667.354,D,,,,,,
896159,2025-03-05,CB,McNamee Paul,,0001213900-25-020824,2025-03-03,A,1133.0,0.0,21150.0,D,,,,,,
896159,2025-03-05,CB,Ortega Juan Luis,,0001213900-25-020828,2025-03-03,A,181.0,0.0,44133.93,D,,,,,,
896159,2025-03-05,CB,O'Brien Frances D.,,0001213900-25-020825,2025-03-03,A,599.0,0.0,42122.0,D,,,,,,
896159,2025-03-05,CB,GREENBERG EVAN G,,0001213900-25-020819,2025-03-03,A,29281.0,0.0,580842.0,D,,,,,,
896159,2025-03-05,CB,Keogh John W,,0001213900-25-020822,2025-03-03,A,7551.0,0.0,272825.0,D,,,,,,
896159,2025-03-05,CB,Johns Bryce L.,,0001213900-25-020821,2025-03-03,A,1748.0,0.0,19279.0,D,,,,,,
896159,2025-03-05,CB,Wayland Joseph F,,0001213900-25-020829,2025-03-04,S,10000.0,286.96,77703.354,D,,,,,,
896159,2025-03-05,CB,Lupica John J,,0001213900-25-020823,2025-03-03,A,1942.0,0.0,106763.2,D,,,,,,
896159,2025-03-13,CB,GREENBERG EVAN G,,0001213900-25-023406,2025-03-11,S,20868.0,291.26,589255.0,D,,,,,,
896159,2025-03-18,CB,Ohsiek George F.,,0001013762-25-000453,2025-03-14,S,763.0,290.41,20044.456,D,,,,,,
896159,2025-03-19,CB,BOROUGHS TIMOTHY ALAN,,0001213900-25-024982,2025-03-18,M,14748.0,139.01,43942.0,D,,,,,,
896159,2025-03-19,CB,BOROUGHS TIMOTHY ALAN,,0001213900-25-024982,2025-03-18,S,6364.0,295.36,37578.0,D,,,,,,
896159,2025-03-21,CB,Wayland Joseph F,,0001013762-25-000927,2025-03-20,M,12950.0,139.01,90653.354,D,,,,,,
896159,2025-03-21,CB,Wayland Joseph F,,0001013762-25-000927,2025-03-20,S,12231.0,294.82,78422.354,D,,,,,,
896159,2025-04-03,CB,Enns Peter C.,,0001213900-25-028354,2025-04-01,F,1734.0,301.4,43924.0,D,,,,,,
896159,2025-05-16,CB,ATIEH MICHAEL G,,0001213900-25-045010,2025-05-15,A,771.0,,40192.29,D,,,,,,
896159,2025-05-16,CB,Chai Nelson,,0001213900-25-045007,2025-05-15,A,771.0,,1489.0,D,,,,,,
896159,2025-05-16,CB,BURKE SHEILA P,,0001213900-25-045008,2025-05-15,F,180.0,292.05,8780.0,D,,,,,,
896159,2025-05-16,CB,BURKE SHEILA P,,0001213900-25-045008,2025-05-15,A,771.0,,8960.0,D,,,,,,
896159,2025-05-16,CB,ATIEH MICHAEL G,,0001213900-25-045010,2025-05-15,F,180.0,292.05,40012.29,D,,,,,,
896159,2025-05-16,CB,TOWNSEND FRANCES F,,0001213900-25-045014,2025-05-15,A,771.0,,5006.0,D,,,,,,
896159,2025-05-16,CB,Steimer Olivier,,0001213900-25-045012,2025-05-15,F,39.0,292.05,27428.62,D,,,,,,
896159,2025-05-16,CB,Steimer Olivier,,0001213900-25-045012,2025-05-15,A,771.0,,27467.62,D,,,,,,
896159,2025-05-16,CB,TOWNSEND FRANCES F,,0001213900-25-045014,2025-05-15,F,180.0,292.05,4826.0,D,,,,,,
896159,2025-05-16,CB,Chai Nelson,,0001213900-25-045007,2025-05-15,F,180.0,292.05,1309.0,D,,,,,,
896159,2025-05-16,CB,Shasta Theodore,,0001213900-25-045002,2025-05-15,F,180.0,292.05,15581.0,D,,,,,,
896159,2025-05-16,CB,CONNORS MICHAEL P,,0001213900-25-045006,2025-05-15,A,771.0,,17995.0,D,,,,,,
896159,2025-05-16,CB,CORBAT MICHAEL,,0001213900-25-045005,2025-05-15,F,180.0,292.05,2025.0,D,,,,,,
896159,2025-05-16,CB,Shasta Theodore,,0001213900-25-045002,2025-05-15,A,771.0,,15761.0,D,,,,,,
896159,2025-05-16,CB,SIDWELL DAVID H,,0001213900-25-045000,2025-05-15,A,771.0,,14960.0,D,,,,,,
896159,2025-05-16,CB,SCULLY ROBERT W,,0001213900-25-045001,2025-05-15,F,345.0,292.05,19497.0,D,,,,,,
896159,2025-05-16,CB,SCULLY ROBERT W,,0001213900-25-045001,2025-05-15,A,1421.0,,19842.0,D,,,,,,
896159,2025-05-16,CB,CONNORS MICHAEL P,,0001213900-25-045006,2025-05-15,F,180.0,292.05,17815.0,D,,,,,,
896159,2025-05-16,CB,SIDWELL DAVID H,,0001213900-25-045000,2025-05-15,F,203.0,292.05,14757.0,D,,,,,,
896159,2025-05-16,CB,HUGIN ROBERT J,,0001213900-25-045003,2025-05-15,A,1284.0,,20491.0,D,,,,,,
896159,2025-05-16,CB,Buese Nancy,,0001213900-25-045004,2025-05-15,F,307.0,292.05,2932.0,D,,,,,,
896159,2025-05-16,CB,Buese Nancy,,0001213900-25-045004,2025-05-15,A,1284.0,,3239.0,D,,,,,,
896159,2025-05-16,CB,CORBAT MICHAEL,,0001213900-25-045005,2025-05-15,A,771.0,,2205.0,D,,,,,,
896159,2025-05-19,CB,O'Brien Frances D.,,0001213900-25-045306,2025-05-15,D,227.0,0.0,42489.0,D,,,,,,
896159,2025-05-19,CB,Lupica John J,,0001213900-25-045303,2025-05-15,D,2826.0,0.0,105879.2,D,,,,,,
896159,2025-05-19,CB,O'Brien Frances D.,,0001213900-25-045306,2025-05-15,F,1158.0,292.05,41331.0,D,,,,,,
896159,2025-05-19,CB,McNamee Paul,,0001213900-25-045304,2025-05-15,F,1278.0,292.05,19601.0,D,,,,,,
896159,2025-05-19,CB,Lupica John J,,0001213900-25-045303,2025-05-15,F,12093.0,292.05,93786.2,D,,,,,,
896159,2025-05-19,CB,Wayland Joseph F,,0001213900-25-045309,2025-05-15,D,1017.0,0.0,77405.354,D,,,,,,
896159,2025-05-19,CB,Ortega Juan Luis,,0001213900-25-045308,2025-05-15,F,4547.0,292.05,40449.93,D,,,,,,
896159,2025-05-19,CB,McNamee Paul,,0001213900-25-045304,2025-05-15,D,271.0,0.0,20879.0,D,,,,,,
896159,2025-05-19,CB,Ortega Juan Luis,,0001213900-25-045308,2025-05-15,D,890.0,0.0,44996.93,D,,,,,,
896159,2025-05-19,CB,Wayland Joseph F,,0001213900-25-045309,2025-05-15,F,5577.0,292.05,71828.354,D,,,,,,
896159,2025-05-19,CB,Hu Fred,,0001213900-25-045148,2025-05-15,A,771.0,,771.0,D,,,,,,
896159,2025-05-19,CB,Johns Bryce L.,,0001213900-25-045298,2025-05-15,D,247.0,0.0,21916.0,D,,,,,,
896159,2025-05-19,CB,Enns Peter C.,,0001213900-25-045297,2025-05-15,F,4784.0,292.05,38123.0,D,,,,,,
896159,2025-05-19,CB,Keogh John W,,0001213900-25-045299,2025-05-15,D,3957.0,0.0,276419.0,D,,,,,,
896159,2025-05-19,CB,Keogh John W,,0001213900-25-045299,2025-05-15,F,18844.0,292.05,257575.0,D,,,,,,
896159,2025-05-19,CB,BOROUGHS TIMOTHY ALAN,,0001213900-25-045295,2025-05-15,F,4979.0,292.05,23240.0,D,,,,,,
896159,2025-05-19,CB,Enns Peter C.,,0001213900-25-045297,2025-05-15,D,1017.0,0.0,42907.0,D,,,,,,
896159,2025-05-19,CB,BOROUGHS TIMOTHY ALAN,,0001213900-25-045295,2025-05-15,D,975.0,0.0,28219.0,D,,,,,,
896159,2025-05-19,CB,GREENBERG EVAN G,,0001213900-25-045294,2025-05-15,D,8761.0,0.0,575634.0,D,,,,,,
896159,2025-05-19,CB,GREENBERG EVAN G,,0001213900-25-045294,2025-05-15,F,46519.0,292.05,529115.0,D,,,,,,
896159,2025-05-21,CB,Ortega Juan Luis,,0001213900-25-046485,2025-05-20,M,6504.0,118.39,46953.93,D,,,,,,
896159,2025-05-21,CB,Ortega Juan Luis,,0001213900-25-046485,2025-05-20,S,6504.0,292.13,40449.93,D,,,,,,
896159,2025-05-22,CB,Keogh John W,,0001213900-25-046985,2025-05-21,M,34628.0,118.39,292203.0,D,,,,,,
896159,2025-05-22,CB,Keogh John W,,0001213900-25-046985,2025-05-21,S,33784.0,290.23,258419.0,D,,,,,,
896159,2025-05-22,CB,Keogh John W,,0001213900-25-046985,2025-05-21,F,235.0,290.45,258184.0,D,,,,,,
896159,2025-06-06,CB,Wayland Joseph F,,0001213900-25-052009,2025-06-04,S,5261.0,293.16,66567.354,D,,,,,,
896159,2025-06-10,CB,Keogh John W,,0001213900-25-053204,2025-06-06,P,9809.67,292.99,247537.67,D,,,,,,
896159,2025-06-10,CB,Keogh John W,,0001213900-25-053204,2025-06-06,S,9793.67,292.99,0.0,I,,,,,,
896159,2025-06-18,CB,ATIEH MICHAEL G,,0001213900-25-055471,2025-06-16,S,538.0,287.56,39474.29,D,,,,,,
896159,2025-06-23,CB,Keogh John W,,0001213900-25-056663,2025-06-20,G,1069.0,0.0,246468.67,D,,,,,,
896159,2025-07-03,CB,Lupica John J,,0001213900-25-061411,2025-07-01,M,2907.0,118.39,96693.2,D,,,,,,
896159,2025-07-03,CB,Lupica John J,,0001213900-25-061411,2025-07-01,S,2907.0,290.07,93786.2,D,,,,,,
896159,2025-07-03,CB,Lupica John J,,0001213900-25-061411,2025-07-01,F,666.0,289.59,90514.2,D,,,,,,
896159,2025-07-28,CB,CORBAT MICHAEL,,0001213900-25-068194,2025-07-25,P,425.0,269.8,2450.0,D,,,,,,
896159,2025-09-03,CB,Wayland Joseph F,,0001213900-25-083975,2025-09-01,F,144.0,275.07,66423.354,D,,,,,,
896159,2025-10-29,CB,Lupica John J,,0001213900-25-103409,2025-10-27,M,23698.0,118.39,114298.2,D,,,,,,
896159,2025-10-29,CB,Lupica John J,,0001213900-25-103409,2025-10-27,S,23698.0,281.0,90600.2,D,,,,,,
896159,2025-11-14,CB,Wayland Joseph F,,0001213900-25-110585,2025-11-13,S,5830.0,297.08,60593.354,D,,,,,,
896159,2025-11-18,CB,Lupica John J,,0001213900-25-111888,2025-11-14,S,16375.0,296.45,74225.2,D,,,,,,
896159,2025-11-20,CB,GREENBERG EVAN G,,0001213900-25-112945,2025-11-18,G,3323.0,0.0,525792.0,D,,,,,,
896159,2025-11-26,CB,BOROUGHS TIMOTHY ALAN,,0001213900-25-115447,2025-11-24,S,10580.0,296.17,12660.0,D,,,,,,
896159,2025-11-26,CB,BOROUGHS TIMOTHY ALAN,,0001213900-25-115447,2025-11-24,G,850.0,0.0,11810.0,D,,,,,,
896159,2025-12-04,CB,Ortega Juan Luis,,0001213900-25-118188,2025-12-02,S,4357.0,295.04,36092.93,D,,,,,,
896159,2025-12-16,CB,GREENBERG EVAN G,,0001213900-25-122085,2025-12-15,M,844.0,118.39,526636.0,D,,,,,,
896159,2026-02-09,CB,GREENBERG EVAN G,isOfficer,0001193125-26-042773,2026-02-05,S,15060.0,331.4653,511576.0,D,,,,,,
896159,2026-02-10,CB,BOROUGHS TIMOTHY ALAN,isOfficer,0001193125-26-044637,2026-02-06,S,13181.0,331.98,11810.0,D,,,,,,
896159,2026-02-10,CB,BOROUGHS TIMOTHY ALAN,isOfficer,0001193125-26-044637,2026-02-06,M,13181.0,143.07,24991.0,D,,,,,,
896159,2026-02-17,CB,Ohsiek George F.,isOfficer,0001193125-26-054574,2026-02-13,S,3900.0,324.3014,17016.456,D,,,,,,
896159,2026-02-17,CB,GREENBERG EVAN G,isOfficer,0001193125-26-054572,2026-02-12,S,14925.0,335.0937,496651.0,D,,,,,,
896159,2026-02-17,CB,Ohsiek George F.,isOfficer,0001193125-26-054574,2026-02-12,M,2112.0,118.39,22156.456,D,,,,,,
896159,2026-02-17,CB,Ohsiek George F.,isOfficer,0001193125-26-054574,2026-02-12,S,1240.0,328.97,20916.456,D,,,,,,
896159,2026-02-25,CB,O'Brien Frances D.,isOfficer,0001193125-26-071560,2026-02-23,F,130.0,333.39,41287.0,D,non_derivative,Common Shares,,,,
896159,2026-02-25,CB,Ortega Juan Luis,isOfficer,0001193125-26-071561,2026-02-23,F,185.0,333.39,35043.93,D,non_derivative,Common Shares,,,,
896159,2026-02-25,CB,O'Brien Frances D.,isOfficer,0001193125-26-071560,2026-02-23,F,130.0,333.39,41287.0,D,,,,,,
896159,2026-02-25,CB,Ortega Juan Luis,isOfficer,0001193125-26-071561,2026-02-23,F,185.0,333.39,35043.93,D,,,,,,
896159,2026-02-25,CB,Ohsiek George F.,isOfficer,0001193125-26-071558,2026-02-23,F,90.0,333.39,16926.456,D,,,,,,
896159,2026-02-25,CB,McNamee Paul,isOfficer,0001193125-26-071559,2026-02-23,F,169.0,333.39,19432.0,D,,,,,,
896159,2026-02-25,CB,Ohsiek George F.,isOfficer,0001193125-26-071558,2026-02-23,F,90.0,333.39,16926.456,D,non_derivative,Common Shares,,,,
896159,2026-02-25,CB,BOROUGHS TIMOTHY ALAN,isOfficer,0001193125-26-071555,2026-02-23,F,264.0,333.39,11546.0,D,,,,,,
896159,2026-02-25,CB,BOROUGHS TIMOTHY ALAN,isOfficer,0001193125-26-071555,2026-02-23,F,264.0,333.39,11546.0,D,non_derivative,Common Shares,,,,
896159,2026-02-25,CB,McNamee Paul,isOfficer,0001193125-26-071559,2026-02-23,F,169.0,333.39,19432.0,D,non_derivative,Common Shares,,,,
896159,2026-02-26,CB,McNamee Paul,isOfficer,0001193125-26-076613,2026-02-24,F,144.0,336.85,19288.0,D,,,,,,
896159,2026-02-26,CB,O'Brien Frances D.,isOfficer,0001193125-26-076611,2026-02-24,F,119.0,336.85,41168.0,D,,,,,,
896159,2026-02-26,CB,Ohsiek George F.,isOfficer,0001193125-26-076614,2026-02-24,F,90.0,336.85,16836.456,D,,,,,,
896159,2026-02-26,CB,BOROUGHS TIMOTHY ALAN,isOfficer,0001193125-26-076618,2026-02-24,F,277.0,336.85,11269.0,D,,,,,,
896159,2026-02-26,CB,Enns Peter C.,isOfficer,0001193125-26-076616,2026-02-24,F,209.0,336.85,37914.0,D,,,,,,
896159,2026-02-26,CB,Ortega Juan Luis,isOfficer,0001193125-26-076619,2026-02-24,F,179.0,336.85,34864.93,D,,,,,,
896159,2026-02-26,CB,Wayland Joseph F,isOfficer,0001193125-26-076621,2026-02-24,F,236.0,336.85,60357.354,D,,,,,,
896159,2026-02-26,CB,McNamee Paul,isOfficer,0001193125-26-076613,2026-02-24,F,144.0,336.85,19288.0,D,non_derivative,Common Shares,,,,
896159,2026-02-26,CB,Enns Peter C.,isOfficer,0001193125-26-076616,2026-02-24,F,209.0,336.85,37914.0,D,non_derivative,Common Shares,,,,
896159,2026-02-26,CB,O'Brien Frances D.,isOfficer,0001193125-26-076611,2026-02-24,F,119.0,336.85,41168.0,D,non_derivative,Common Shares,,,,
896159,2026-02-26,CB,Ortega Juan Luis,isOfficer,0001193125-26-076619,2026-02-24,F,179.0,336.85,34864.93,D,non_derivative,Common Shares,,,,
896159,2026-02-26,CB,Wayland Joseph F,isOfficer,0001193125-26-076621,2026-02-24,F,236.0,336.85,60357.354,D,non_derivative,Common Shares,,,,
896159,2026-02-26,CB,BOROUGHS TIMOTHY ALAN,isOfficer,0001193125-26-076618,2026-02-24,F,277.0,336.85,11269.0,D,non_derivative,Common Shares,,,,
896159,2026-02-26,CB,Ohsiek George F.,isOfficer,0001193125-26-076614,2026-02-24,F,90.0,336.85,16836.456,D,non_derivative,Common Shares,,,,
896159,2026-03-02,CB,Ohsiek George F.,isOfficer,0001193125-26-085409,2026-02-26,F,80.0,337.92,16756.456,D,,,,,,
896159,2026-03-02,CB,McNamee Paul,isOfficer,0001193125-26-085407,2026-02-26,F,147.0,337.92,19141.0,D,,,,,,
896159,2026-03-02,CB,Ortega Juan Luis,isOfficer,0001193125-26-085408,2026-02-26,F,166.0,337.92,34698.93,D,,,,,,
896159,2026-03-02,CB,O'Brien Frances D.,isOfficer,0001193125-26-085411,2026-02-26,F,52.0,337.92,41116.0,D,,,,,,
896159,2026-03-02,CB,O'Brien Frances D.,isOfficer,0001193125-26-085411,2026-02-26,F,52.0,337.92,41116.0,D,non_derivative,Common Shares,,,,
896159,2026-03-02,CB,Ortega Juan Luis,isOfficer,0001193125-26-085408,2026-02-26,F,166.0,337.92,34698.93,D,non_derivative,Common Shares,,,,
896159,2026-03-02,CB,McNamee Paul,isOfficer,0001193125-26-085407,2026-02-26,F,147.0,337.92,19141.0,D,non_derivative,Common Shares,,,,
896159,2026-03-02,CB,Ohsiek George F.,isOfficer,0001193125-26-085409,2026-02-26,F,80.0,337.92,16756.456,D,non_derivative,Common Shares,,,,
896159,2026-03-04,CB,Ohsiek George F.,isOfficer,0001193125-26-091572,2026-03-02,A,1605.0,0.0,1605.0,D,derivative,Options to Acquire Common Shares,Common Shares,1605.0,342.76,2036-03-02
896159,2026-03-04,CB,Ohsiek George F.,isOfficer,0001193125-26-091572,2026-03-02,A,180.0,0.0,16936.456,D,non_derivative,Common Shares,,,,
896159,2026-03-04,CB,Johns Bryce L.,isOfficer,0001193125-26-091575,2026-03-02,A,1609.0,0.0,23615.0,D,,,,,,
896159,2026-03-04,CB,GREENBERG EVAN G,isOfficer,0001193125-26-091570,2026-03-02,A,24974.0,0.0,521625.0,D,non_derivative,Common Shares,,,,
896159,2026-03-04,CB,Keogh John W,isOfficer,0001193125-26-091571,2026-03-02,A,7221.0,0.0,253689.67,D,non_derivative,Common Shares,,,,
896159,2026-03-04,CB,McNamee Paul,isOfficer,0001193125-26-091580,2026-03-02,A,1245.0,0.0,20386.0,D,,,,,,
896159,2026-03-04,CB,Wayland Joseph F,isOfficer,0001193125-26-091578,2026-03-02,A,1750.0,0.0,62107.354,D,,,,,,
896159,2026-03-04,CB,GREENBERG EVAN G,isOfficer,0001193125-26-091570,2026-03-02,A,37461.0,0.0,37461.0,D,derivative,Performance Stock Units,Common Shares,37461.0,0.0,
896159,2026-03-04,CB,Keogh John W,isOfficer,0001193125-26-091571,2026-03-02,A,7221.0,0.0,253689.67,D,,,,,,
896159,2026-03-04,CB,Keogh John W,isOfficer,0001193125-26-091571,2026-03-02,A,21663.0,0.0,21663.0,D,derivative,Performance Stock Units,Common Shares,21663.0,0.0,
896159,2026-03-04,CB,Ohsiek George F.,isOfficer,0001193125-26-091572,2026-03-02,A,180.0,0.0,16936.456,D,,,,,,
896159,2026-03-04,CB,GREENBERG EVAN G,isOfficer,0001193125-26-091570,2026-03-02,A,24974.0,0.0,521625.0,D,,,,,,
896159,2026-03-04,CB,Ortega Juan Luis,isOfficer,0001193125-26-091576,2026-03-02,A,452.0,0.0,35150.93,D,,,,,,
896159,2026-03-04,CB,O'Brien Frances D.,isOfficer,0001193125-26-091573,2026-03-02,A,561.0,0.0,41677.0,D,,,,,,
896159,2026-03-04,CB,Enns Peter C.,isOfficer,0001193125-26-091577,2026-03-02,A,2699.0,0.0,40613.0,D,,,,,,
896159,2026-03-04,CB,McNamee Paul,isOfficer,0001193125-26-091580,2026-03-02,A,6638.0,0.0,6638.0,D,derivative,Options to Acquire Common Shares,Common Shares,6638.0,342.76,2036-03-02
896159,2026-03-04,CB,Wayland Joseph F,isOfficer,0001193125-26-091578,2026-03-02,A,1750.0,0.0,62107.354,D,non_derivative,Common Shares,,,,
896159,2026-03-04,CB,Ortega Juan Luis,isOfficer,0001193125-26-091576,2026-03-02,A,452.0,0.0,35150.93,D,non_derivative,Common Shares,,,,
896159,2026-03-04,CB,Enns Peter C.,isOfficer,0001193125-26-091577,2026-03-02,A,2699.0,0.0,40613.0,D,non_derivative,Common Shares,,,,
896159,2026-03-04,CB,O'Brien Frances D.,isOfficer,0001193125-26-091573,2026-03-02,A,561.0,0.0,41677.0,D,non_derivative,Common Shares,,,,
896159,2026-03-04,CB,McNamee Paul,isOfficer,0001193125-26-091580,2026-03-02,A,1245.0,0.0,20386.0,D,non_derivative,Common Shares,,,,
896159,2026-03-04,CB,Wayland Joseph F,isOfficer,0001193125-26-091578,2026-03-02,A,7003.0,0.0,7003.0,D,derivative,Performance Stock Units,Common Shares,7003.0,0.0,
896159,2026-03-04,CB,O'Brien Frances D.,isOfficer,0001193125-26-091573,2026-03-02,A,2991.0,0.0,2991.0,D,derivative,Options to Acquire Common Shares,Common Shares,2991.0,342.76,2036-03-02
896159,2026-03-04,CB,McNamee Paul,isOfficer,0001193125-26-091580,2026-03-02,A,3734.0,0.0,3734.0,D,derivative,Performance Stock Units,Common Shares,3734.0,0.0,
896159,2026-03-04,CB,Enns Peter C.,isOfficer,0001193125-26-091577,2026-03-02,A,8096.0,0.0,8096.0,D,derivative,Performance Stock Units,Common Shares,8096.0,0.0,
896159,2026-03-04,CB,O'Brien Frances D.,isOfficer,0001193125-26-091573,2026-03-02,A,1347.0,0.0,1347.0,D,derivative,Performance Stock Units,Common Shares,1347.0,0.0,
896159,2026-03-04,CB,Ortega Juan Luis,isOfficer,0001193125-26-091576,2026-03-02,A,8593.0,0.0,8593.0,D,derivative,Performance Stock Units,Common Shares,8593.0,0.0,
896159,2026-03-04,CB,Johns Bryce L.,isOfficer,0001193125-26-091575,2026-03-02,A,1609.0,0.0,23615.0,D,non_derivative,Common Shares,,,,
896159,2026-03-04,CB,Johns Bryce L.,isOfficer,0001193125-26-091575,2026-03-02,A,4289.0,0.0,4289.0,D,derivative,Options to Acquire Common Shares,Common Shares,4289.0,342.76,2036-03-02
896159,2026-03-04,CB,BOROUGHS TIMOTHY ALAN,isOfficer,0001193125-26-091574,2026-03-02,A,8607.0,0.0,8607.0,D,derivative,Performance Stock Units,Common Shares,8607.0,0.0,
896159,2026-03-05,CB,Ohsiek George F.,isOfficer,0001193125-26-093950,2026-03-03,F,103.0,338.3,17857.456,D,non_derivative,Common Shares,,,,
896159,2026-03-05,CB,Wayland Joseph F,isOfficer,0001193125-26-093947,2026-03-03,S,7645.0,336.44,56212.354,D,non_derivative,Common Shares,,,,
896159,2026-03-05,CB,Ohsiek George F.,isOfficer,0001193125-26-093950,2026-03-03,F,103.0,338.3,17857.456,D,,,,,,
896159,2026-03-05,CB,McNamee Paul,isOfficer,0001193125-26-094081,2026-03-03,F,103.0,338.3,20283.0,D,,,,,,
896159,2026-03-05,CB,O'Brien Frances D.,isOfficer,0001193125-26-093949,2026-03-03,F,48.0,338.3,42183.0,D,,,,,,
896159,2026-03-05,CB,Wayland Joseph F,isOfficer,0001193125-26-093947,2026-03-03,S,7645.0,336.44,56212.354,D,,,,,,
896159,2026-03-05,CB,O'Brien Frances D.,isOfficer,0001193125-26-093949,2026-03-03,F,48.0,338.3,42183.0,D,non_derivative,Common Shares,,,,
896159,2026-03-05,CB,McNamee Paul,isOfficer,0001193125-26-094081,2026-03-03,F,103.0,338.3,20283.0,D,non_derivative,Common Shares,,,,
896159,2026-03-06,CB,Johns Bryce L.,isOfficer,0001193125-26-096556,2026-03-04,S,1500.0,336.6167,24770.0,D,,,,,,
896159,2026-03-06,CB,Johns Bryce L.,isOfficer,0001193125-26-096556,2026-03-04,S,1500.0,336.6167,24770.0,D,non_derivative,Common Shares,,,,
896159,2026-03-10,CB,Ohsiek George F.,isOfficer,0001193125-26-100163,2026-03-06,S,770.0,325.205,17087.456,D,,,,,,
896159,2026-03-10,CB,Ohsiek George F.,isOfficer,0001193125-26-100163,2026-03-06,S,770.0,325.205,17087.456,D,non_derivative,Common Shares,,,,
896159,2026-03-20,CB,Steimer Olivier,isDirector,0001193125-26-117641,2026-03-19,S,2000.0,329.3,25467.77,D,non_derivative,Common Shares,,,,
896159,2026-03-20,CB,Steimer Olivier,isDirector,0001193125-26-117641,2026-03-19,S,2000.0,329.3,25467.77,D,,,,,,
896159,2026-05-26,CB,CONNORS MICHAEL P,isDirector,0001193125-26-239383,2026-05-21,A,681.0,,18496.0,D,non_derivative,Common Shares,,,,
896159,2026-05-26,CB,SIDWELL DAVID H,isDirector,0001193125-26-239387,2026-05-21,A,757.0,,15514.0,D,non_derivative,Common Shares,,,,
896159,2026-05-26,CB,Johns Bryce L.,isOfficer,0001193125-26-239382,2026-05-21,D,243.0,0.0,24527.0,D,non_derivative,Common Shares,,,,
896159,2026-05-26,CB,GREENBERG EVAN G,isOfficer,0001193125-26-239376,2026-05-21,F,73555.0,330.26,461791.0,D,non_derivative,Common Shares,,,,
896159,2026-05-26,CB,Buese Nancy,isDirector,0001193125-26-239386,2026-05-21,F,321.0,330.26,3746.0,D,non_derivative,Common Shares,,,,
896159,2026-05-26,CB,Steimer Olivier,isDirector,0001193125-26-239384,2026-05-21,A,681.0,,26160.51,D,non_derivative,Common Shares,,,,
896159,2026-05-26,CB,Buese Nancy,isDirector,0001193125-26-239386,2026-05-21,A,1135.0,,4067.0,D,non_derivative,Common Shares,,,,
896159,2026-05-26,CB,Ortega Juan Luis,isOfficer,0001193125-26-239380,2026-05-21,D,924.0,0.0,34678.93,D,non_derivative,Common Shares,,,,
896159,2026-05-26,CB,HUGIN ROBERT J,isDirector,0001193125-26-239385,2026-05-21,A,1135.0,,21626.0,D,non_derivative,Common Shares,,,,
896159,2026-05-26,CB,SIDWELL DAVID H,isDirector,0001193125-26-239387,2026-05-21,F,193.0,330.26,15321.0,D,non_derivative,Common Shares,,,,
896159,2026-05-26,CB,Ortega Juan Luis,isOfficer,0001193125-26-239380,2026-05-21,F,5820.0,330.26,28858.93,D,non_derivative,Common Shares,,,,
896159,2026-05-26,CB,GREENBERG EVAN G,isOfficer,0001193125-26-239376,2026-05-21,D,11253.0,0.0,535346.0,D,non_derivative,Common Shares,,,,
896159,2026-05-26,CB,Shasta Theodore,isDirector,0001193125-26-239375,2026-05-21,A,681.0,,16262.0,D,non_derivative,Common Shares,,,,
896159,2026-05-26,CB,Shasta Theodore,isDirector,0001193125-26-239375,2026-05-21,F,193.0,330.26,16069.0,D,non_derivative,Common Shares,,,,
896159,2026-05-26,CB,BOROUGHS TIMOTHY ALAN,isOfficer,0001193125-26-239381,2026-05-21,D,930.0,0.0,10339.0,D,non_derivative,Common Shares,,,,
896159,2026-05-26,CB,BOROUGHS TIMOTHY ALAN,isOfficer,0001193125-26-239381,2026-05-21,F,4751.0,330.26,5588.0,D,non_derivative,Common Shares,,,,
896159,2026-05-26,CB,Wayland Joseph F,isOfficer,0001193125-26-239374,2026-05-21,D,1797.0,0.0,54415.354,D,non_derivative,Common Shares,,,,
896159,2026-05-26,CB,Wayland Joseph F,isOfficer,0001193125-26-239374,2026-05-21,F,12164.0,330.26,42251.354,D,non_derivative,Common Shares,,,,
896159,2026-05-26,CB,CONNORS MICHAEL P,isDirector,0001193125-26-239383,2026-05-21,F,193.0,330.26,18303.0,D,non_derivative,Common Shares,,,,
896159,2026-05-26,CB,SCULLY ROBERT W,isDirector,0001193125-26-239329,2026-05-21,F,356.0,330.26,20397.0,D,non_derivative,Common Shares,,,,
896159,2026-05-26,CB,Steimer Olivier,isDirector,0001193125-26-239384,2026-05-21,F,41.0,330.26,26119.51,D,non_derivative,Common Shares,,,,
896159,2026-05-26,CB,Keogh John W,isOfficer,0001193125-26-239371,2026-05-21,F,29556.0,330.26,226321.67,D,non_derivative,Common Shares,,,,
896159,2026-05-26,CB,Enns Peter C.,isOfficer,0001193125-26-239379,2026-05-21,D,1869.0,0.0,41443.0,D,non_derivative,Common Shares,,,,
896159,2026-05-26,CB,Enns Peter C.,isOfficer,0001193125-26-239379,2026-05-21,F,11730.0,330.26,29713.0,D,non_derivative,Common Shares,,,,
896159,2026-05-26,CB,O'Brien Frances D.,isOfficer,0001193125-26-239378,2026-05-21,F,1106.0,330.26,40861.0,D,non_derivative,Common Shares,,,,
896159,2026-05-26,CB,Hu Fred,isDirector,0001193125-26-239370,2026-05-21,F,193.0,330.26,1713.0,D,non_derivative,Common Shares,,,,
896159,2026-05-26,CB,BURKE SHEILA P,isDirector,0001193125-26-239328,2026-05-21,F,193.0,330.26,8587.0,D,non_derivative,Common Shares,,,,
896159,2026-05-26,CB,Keogh John W,isOfficer,0001193125-26-239371,2026-05-21,D,5033.0,0.0,255877.67,D,non_derivative,Common Shares,,,,
896159,2026-05-26,CB,O'Brien Frances D.,isOfficer,0001193125-26-239378,2026-05-21,D,216.0,0.0,41967.0,D,non_derivative,Common Shares,,,,
896159,2026-05-26,CB,McNamee Paul,isOfficer,0001193125-26-239377,2026-05-21,D,282.0,0.0,20001.0,D,non_derivative,Common Shares,,,,
896159,2026-05-26,CB,Chai Nelson,isDirector,0001193125-26-239372,2026-05-21,F,193.0,330.26,1797.0,D,non_derivative,Common Shares,,,,
896159,2026-05-26,CB,Chai Nelson,isDirector,0001193125-26-239372,2026-05-21,A,681.0,,1990.0,D,non_derivative,Common Shares,,,,
896159,2026-05-26,CB,McNamee Paul,isOfficer,0001193125-26-239377,2026-05-21,F,1352.0,330.26,18649.0,D,non_derivative,Common Shares,,,,
896159,2026-05-26,CB,CORBAT MICHAEL,isDirector,0001193125-26-239373,2026-05-21,A,681.0,,3131.0,D,non_derivative,Common Shares,,,,
896159,2026-05-26,CB,ATIEH MICHAEL G,isDirector,0001193125-26-239332,2026-05-21,A,681.0,,40785.24,D,non_derivative,Common Shares,,,,
896159,2026-05-26,CB,ATIEH MICHAEL G,isDirector,0001193125-26-239332,2026-05-21,F,193.0,330.26,40592.24,D,non_derivative,Common Shares,,,,
896159,2026-05-26,CB,ATIEH MICHAEL G,isDirector,0001193125-26-239332,2026-05-21,S,578.0,329.53,40014.24,D,non_derivative,Common Shares,,,,
896159,2026-05-26,CB,TOWNSEND FRANCES F,isDirector,0001193125-26-239331,2026-05-21,A,681.0,,5507.0,D,non_derivative,Common Shares,,,,
896159,2026-05-26,CB,TOWNSEND FRANCES F,isDirector,0001193125-26-239331,2026-05-21,F,193.0,330.26,5314.0,D,non_derivative,Common Shares,,,,
896159,2026-05-26,CB,SCULLY ROBERT W,isDirector,0001193125-26-239329,2026-05-21,A,1256.0,,20753.0,D,non_derivative,Common Shares,,,,
896159,2026-05-26,CB,CORBAT MICHAEL,isDirector,0001193125-26-239373,2026-05-21,F,193.0,330.26,2938.0,D,non_derivative,Common Shares,,,,
896159,2026-05-26,CB,Hu Fred,isDirector,0001193125-26-239370,2026-05-21,A,1135.0,,1906.0,D,non_derivative,Common Shares,,,,
896159,2026-05-29,CB,Keogh John W,isOfficer,0001193125-26-248279,2026-05-27,S,20176.0,321.449,206145.67,D,non_derivative,Common Shares,,,,
896159,2026-05-29,CB,Keogh John W,isOfficer,0001193125-26-248279,2026-05-27,G,61000.0,0.0,142321.67,D,non_derivative,Common Shares,,,,
896159,2026-05-29,CB,Keogh John W,isOfficer,0001193125-26-248279,2026-05-28,G,1352.0,0.0,140969.67,D,non_derivative,Common Shares,,,,
896159,2026-06-10,CB,Ortega Juan Luis,isOfficer,0001193125-26-265832,2026-06-08,M,3886.0,139.01,32744.93,D,non_derivative,Common Shares,,,,
896159,2026-06-10,CB,Ortega Juan Luis,isOfficer,0001193125-26-265832,2026-06-08,S,3886.0,322.08,28858.93,D,non_derivative,Common Shares,,,,
896159,2026-06-10,CB,Ortega Juan Luis,isOfficer,0001193125-26-265832,2026-06-08,M,3886.0,0.0,60234.0,D,derivative,Options to Acquire Common Shares,Common Shares,3886.0,139.01,2027-02-23
896159,2026-07-29,CB,Wayland Joseph F,isOfficer,0001193125-26-323728,2026-07-28,S,8502.0,364.54,33749.354,D,non_derivative,Common Shares,,,,
