cik,filingDate,issuerTradingSymbol,reportingOwnerName,reportingOwnerRelationship,accessionNumber,transactionDate,transactionCode,transactionShares,transactionPricePerShare,sharesOwnedFollowingTransaction,directOrIndirectOwnership,transactionType,securityTitle,underlyingSecurityTitle,underlyingSecurityShares,exercisePrice,expirationDate
813672,2019-02-06,CDNS,SHOVEN JOHN B,,0001209191-19-007710,2019-02-04,M,228,6.51,152120,D,,,,,,
813672,2019-02-06,CDNS,SHOVEN JOHN B,,0001209191-19-007710,2019-02-04,S,228,50.0,151892,D,,,,,,
813672,2019-02-06,CDNS,SHOVEN JOHN B,,0001209191-19-007710,2019-02-05,M,49772,6.51,201664,D,,,,,,
813672,2019-02-06,CDNS,SHOVEN JOHN B,,0001209191-19-007710,2019-02-05,S,49772,50.0019,151892,D,,,,,,
813672,2019-02-08,CDNS,Cowie James J,,0001209191-19-008741,2018-12-31,G,1150,0.0,30529,I,,,,,,
813672,2019-02-08,CDNS,ZAMAN ANEEL,,0001209191-19-008703,2019-02-06,F,1712,50.48,201215,D,,,,,,
813672,2019-02-08,CDNS,Cowie James J,,0001209191-19-008741,2019-02-06,F,1484,50.48,75465,D,,,,,,
813672,2019-02-08,CDNS,Cowie James J,,0001209191-19-008741,2019-02-06,Z,1156,0.0,74309,D,,,,,,
813672,2019-02-08,CDNS,DEVGAN ANIRUDH,,0001209191-19-008694,2019-02-06,F,3574,50.48,308425,D,,,,,,
813672,2019-02-08,CDNS,BECKLEY THOMAS P,,0001209191-19-008689,2019-02-06,F,1204,50.48,223527,D,,,,,,
813672,2019-02-08,CDNS,WALL JOHN M,,0001209191-19-008698,2019-02-06,F,1915,50.48,109211,D,,,,,,
813672,2019-02-08,CDNS,MANDAVA SURENDRA BABU,,0001209191-19-008696,2019-02-06,F,1547,50.48,225183,D,,,,,,
813672,2019-02-12,CDNS,Cowie James J,,0001209191-19-009461,2019-02-08,F,1962,50.91,72347,D,,,,,,
813672,2019-02-12,CDNS,Cowie James J,,0001209191-19-009461,2019-02-08,Z,1788,0.0,70559,D,,,,,,
813672,2019-02-12,CDNS,ZAMAN ANEEL,,0001209191-19-009457,2019-02-08,F,2305,50.91,198910,D,,,,,,
813672,2019-02-12,CDNS,DEVGAN ANIRUDH,,0001209191-19-009454,2019-02-08,F,3902,50.91,304523,D,,,,,,
813672,2019-02-12,CDNS,BECKLEY THOMAS P,,0001209191-19-009447,2019-02-08,F,1894,50.91,221633,D,,,,,,
813672,2019-02-19,CDNS,WALL JOHN M,,0001209191-19-011355,2019-02-15,F,306,52.58,108905,D,,,,,,
813672,2019-02-19,CDNS,TENG CHIN-CHI,,0001209191-19-011348,2019-02-15,F,937,52.58,93480,D,,,,,,
813672,2019-02-19,CDNS,MANDAVA SURENDRA BABU,,0001209191-19-011342,2019-02-15,F,8293,52.58,216890,D,,,,,,
813672,2019-02-21,CDNS,WALL JOHN M,,0001209191-19-012095,2019-02-19,F,1579,52.64,107326,D,,,,,,
813672,2019-02-21,CDNS,TENG CHIN-CHI,,0001209191-19-012091,2019-02-19,F,967,52.64,92513,D,,,,,,
813672,2019-02-25,CDNS,ZAMAN ANEEL,,0001209191-19-013076,2019-02-21,F,2305,55.4,196605,D,,,,,,
813672,2019-02-25,CDNS,DEVGAN ANIRUDH,,0001209191-19-013070,2019-02-21,F,3989,55.4,300534,D,,,,,,
813672,2019-02-25,CDNS,Cowie James J,,0001209191-19-013061,2019-02-21,F,1754,55.4,68805,D,,,,,,
813672,2019-02-25,CDNS,Cowie James J,,0001209191-19-013061,2019-02-21,Z,1579,0.0,67226,D,,,,,,
813672,2019-02-25,CDNS,BECKLEY THOMAS P,,0001209191-19-013054,2019-02-21,F,2094,55.4,219539,D,,,,,,
813672,2019-02-26,CDNS,TENG CHIN-CHI,,0001209191-19-013838,2019-02-22,A,18667,0.0,111447,D,,,,,,
813672,2019-02-26,CDNS,MANDAVA SURENDRA BABU,,0001209191-19-013834,2019-02-22,A,18667,0.0,235824,D,,,,,,
813672,2019-02-26,CDNS,WALL JOHN M,,0001209191-19-013841,2019-02-22,A,18667,0.0,126260,D,,,,,,
813672,2019-02-26,CDNS,Cowie James J,,0001209191-19-013828,2019-02-22,A,13417,0.0,80643,D,,,,,,
813672,2019-02-26,CDNS,TAN LIP BU,,0001209191-19-013836,2019-02-14,Z,11580,0.0,400486,D,,,,,,
813672,2019-02-26,CDNS,TAN LIP BU,,0001209191-19-013836,2019-02-22,A,53032,0.0,436852,D,,,,,,
813672,2019-02-26,CDNS,TAN LIP BU,,0001209191-19-013836,2019-02-06,Z,267,0.0,412066,D,,,,,,
813672,2019-02-26,CDNS,TAN LIP BU,,0001209191-19-013836,2019-02-15,Z,16666,0.0,383820,D,,,,,,
813672,2019-02-26,CDNS,DEVGAN ANIRUDH,,0001209191-19-013832,2019-02-22,A,46668,0.0,347469,D,,,,,,
813672,2019-02-26,CDNS,ZAMAN ANEEL,,0001209191-19-013845,2019-02-22,A,21001,0.0,217873,D,,,,,,
813672,2019-02-26,CDNS,BECKLEY THOMAS P,,0001209191-19-013825,2019-02-22,A,18667,0.0,238473,D,,,,,,
813672,2019-02-26,CDNS,SIBONI ROGER S,,0001209191-19-013415,2019-02-22,A,3359,0.0,42479,D,,,,,,
813672,2019-02-26,CDNS,SANGIOVANNI VINCENTELLI ALBERTO,,0001209191-19-013408,2019-02-22,A,3359,0.0,77878,D,,,,,,
813672,2019-02-26,CDNS,SOHN YOUNG,,0001209191-19-013418,2019-02-22,A,3359,0.0,47385,D,,,,,,
813672,2019-02-26,CDNS,SHOVEN JOHN B,,0001209191-19-013410,2019-02-22,A,3889,0.0,155781,D,,,,,,
813672,2019-02-26,CDNS,BOSTROM SUSAN L,,0001209191-19-013401,2019-02-22,A,3359,0.0,34385,D,,,,,,
813672,2019-02-26,CDNS,Wilderotter Mary Agnes,,0001209191-19-013421,2019-02-22,A,3359,0.0,10823,D,,,,,,
813672,2019-02-26,CDNS,PLUMMER JAMES D,,0001209191-19-013404,2019-02-22,A,3359,0.0,24885,D,,,,,,
813672,2019-02-26,CDNS,Adams Mark,,0001209191-19-013397,2019-02-22,A,3359,0.0,32339,D,,,,,,
813672,2019-03-01,CDNS,SIBONI ROGER S,,0001209191-19-015057,2019-02-27,M,5000,9.66,47479,D,,,,,,
813672,2019-03-01,CDNS,SIBONI ROGER S,,0001209191-19-015057,2019-02-27,S,13500,57.1,42479,D,,,,,,
813672,2019-03-04,CDNS,PLUMMER JAMES D,,0001209191-19-015568,2019-02-28,S,12500,57.47,24885,D,,,,,,
813672,2019-03-04,CDNS,PLUMMER JAMES D,,0001209191-19-015568,2019-02-28,M,12500,9.99,37385,D,,,,,,
813672,2019-03-05,CDNS,BOSTROM SUSAN L,,0001209191-19-016921,2019-03-01,S,35000,57.66,9026,I,,,,,,
813672,2019-03-05,CDNS,BOSTROM SUSAN L,,0001209191-19-016921,2019-02-07,Z,29026,0.0,5359,D,,,,,,
813672,2019-03-06,CDNS,TENG CHIN-CHI,,0001209191-19-017337,2019-03-04,S,5084,57.92,106363,D,,,,,,
813672,2019-03-06,CDNS,TENG CHIN-CHI,,0001209191-19-017337,2019-03-04,F,803,58.54,105560,D,,,,,,
813672,2019-03-07,CDNS,BECKLEY THOMAS P,,0001209191-19-017806,2019-03-06,S,17855,58.89,220618,D,,,,,,
813672,2019-03-07,CDNS,BECKLEY THOMAS P,,0001209191-19-017806,2019-03-06,M,20000,17.16,240618,D,,,,,,
813672,2019-03-08,CDNS,MANDAVA SURENDRA BABU,,0001209191-19-018200,2019-03-07,S,3306,58.46,232518,D,,,,,,
813672,2019-03-19,CDNS,BECKLEY THOMAS P,,0001209191-19-020455,2019-03-15,F,21492,60.99,199126,D,,,,,,
813672,2019-03-19,CDNS,BECKLEY THOMAS P,,0001209191-19-020455,2019-03-15,A,90000,0.0,289126,D,,,,,,
813672,2019-03-19,CDNS,Cowie James J,,0001209191-19-020450,2019-03-15,F,8687,60.99,71956,D,,,,,,
813672,2019-03-19,CDNS,Cowie James J,,0001209191-19-020450,2019-03-15,Z,7813,0.0,64143,D,,,,,,
813672,2019-03-19,CDNS,TAN LIP BU,,0001209191-19-020458,2019-03-15,A,522000,0.0,958852,D,,,,,,
813672,2019-03-19,CDNS,Cowie James J,,0001209191-19-020450,2019-03-15,A,48000,0.0,112143,D,,,,,,
813672,2019-03-19,CDNS,DEVGAN ANIRUDH,,0001209191-19-020447,2019-03-15,F,32722,60.99,314747,D,,,,,,
813672,2019-03-19,CDNS,DEVGAN ANIRUDH,,0001209191-19-020447,2019-03-15,A,180000,0.0,494747,D,,,,,,
813672,2019-03-19,CDNS,MANDAVA SURENDRA BABU,,0001209191-19-020445,2019-03-15,F,12395,60.99,220123,D,,,,,,
813672,2019-03-19,CDNS,MANDAVA SURENDRA BABU,,0001209191-19-020445,2019-03-15,A,90000,0.0,310123,D,,,,,,
813672,2019-03-19,CDNS,ZAMAN ANEEL,,0001209191-19-020441,2019-03-15,F,24412,60.99,193461,D,,,,,,
813672,2019-03-19,CDNS,ZAMAN ANEEL,,0001209191-19-020441,2019-03-15,A,90000,0.0,283461,D,,,,,,
813672,2019-03-19,CDNS,WALL JOHN M,,0001209191-19-020435,2019-03-15,A,90000,0.0,216260,D,,,,,,
813672,2019-03-19,CDNS,TENG CHIN-CHI,,0001209191-19-020430,2019-03-15,A,90000,0.0,195560,D,,,,,,
813672,2019-03-27,CDNS,ZAMAN ANEEL,,0001209191-19-021551,2019-03-25,M,2500,21.14,285961,D,,,,,,
813672,2019-03-27,CDNS,ZAMAN ANEEL,,0001209191-19-021551,2019-03-25,S,2500,61.77,283461,D,,,,,,
813672,2019-04-02,CDNS,WALL JOHN M,,0001209191-19-022816,2019-04-01,F,2237,64.8,214023,D,,,,,,
813672,2019-04-09,CDNS,DEVGAN ANIRUDH,,0001209191-19-024100,2019-04-05,S,267,64.13,494480,D,,,,,,
813672,2019-04-17,CDNS,TAN LIP BU,,0001209191-19-025121,2019-03-15,Z,99000,0.0,859852,D,,,,,,
813672,2019-04-17,CDNS,TAN LIP BU,,0001209191-19-025121,2019-04-15,M,40000,14.22,899852,D,,,,,,
813672,2019-04-17,CDNS,TAN LIP BU,,0001209191-19-025121,2019-04-15,S,40000,64.98,859852,D,,,,,,
813672,2019-04-17,CDNS,WALL JOHN M,,0001209191-19-025112,2019-04-15,F,1447,65.06,212576,D,,,,,,
813672,2019-04-26,CDNS,WALL JOHN M,,0001209191-19-026250,2019-04-24,S,3000,67.25,209576,D,,,,,,
813672,2019-05-15,CDNS,DEVGAN ANIRUDH,,0001209191-19-030131,2019-05-14,F,3718,68.09,438563,D,,,,,,
813672,2019-05-17,CDNS,TAN LIP BU,,0001209191-19-030943,2019-05-15,M,40000,14.22,899852,D,,,,,,
813672,2019-05-17,CDNS,TAN LIP BU,,0001209191-19-030943,2019-05-15,S,4800,67.96,895052,D,,,,,,
813672,2019-05-31,CDNS,ZAMAN ANEEL,,0001209191-19-033669,2019-05-29,M,625,21.14,247262,D,,,,,,
813672,2019-05-31,CDNS,ZAMAN ANEEL,,0001209191-19-033669,2019-05-29,S,625,63.35,246637,D,,,,,,
813672,2019-06-06,CDNS,TENG CHIN-CHI,,0001209191-19-035148,2019-06-04,F,288,63.22,195272,D,,,,,,
813672,2019-06-11,CDNS,MANDAVA SURENDRA BABU,,0001209191-19-036121,2019-06-07,S,4235,64.87,305888,D,,,,,,
813672,2019-06-18,CDNS,TENG CHIN-CHI,,0001209191-19-037776,2019-06-15,F,864,67.55,193544,D,,,,,,
813672,2019-06-19,CDNS,TAN LIP BU,,0001209191-19-038137,2019-06-05,G,35714,0.0,1280981,I,,,,,,
813672,2019-06-19,CDNS,TAN LIP BU,,0001209191-19-038137,2019-06-17,M,40000,14.22,899852,D,,,,,,
813672,2019-06-19,CDNS,TAN LIP BU,,0001209191-19-038137,2019-06-17,S,39800,67.8,860052,D,,,,,,
813672,2019-06-21,CDNS,SHOVEN JOHN B,,0001209191-19-038502,2019-06-19,M,50000,9.66,205781,D,,,,,,
813672,2019-06-21,CDNS,SHOVEN JOHN B,,0001209191-19-038502,2019-06-19,S,50000,71.08,155781,D,,,,,,
813672,2019-06-24,CDNS,SIBONI ROGER S,,0001209191-19-038794,2019-06-20,M,8500,12.02,50979,D,,,,,,
813672,2019-06-24,CDNS,SIBONI ROGER S,,0001209191-19-038794,2019-06-20,S,8500,72.52,42479,D,,,,,,
813672,2019-07-17,CDNS,TAN LIP BU,,0001209191-19-042384,2019-07-15,M,40000,14.22,899852,D,,,,,,
813672,2019-07-17,CDNS,TAN LIP BU,,0001209191-19-042384,2019-07-15,S,40000,75.12,859852,D,,,,,,
813672,2019-08-06,CDNS,ZAMAN ANEEL,,0001209191-19-044846,2019-08-02,S,523,72.78,246114,D,,,,,,
813672,2019-08-08,CDNS,Cowie James J,,0001209191-19-045249,2019-08-06,F,1389,69.15,110754,D,,,,,,
813672,2019-08-08,CDNS,Cowie James J,,0001209191-19-045249,2019-08-06,Z,1251,0.0,109503,D,,,,,,
813672,2019-08-08,CDNS,BECKLEY THOMAS P,,0001209191-19-045247,2019-08-06,F,1840,69.15,287286,D,,,,,,
813672,2019-08-08,CDNS,DEVGAN ANIRUDH,,0001209191-19-045243,2019-08-06,F,4133,69.15,434430,D,,,,,,
813672,2019-08-08,CDNS,MANDAVA SURENDRA BABU,,0001209191-19-045241,2019-08-06,F,2101,69.15,303787,D,,,,,,
813672,2019-08-08,CDNS,WALL JOHN M,,0001209191-19-045239,2019-08-06,F,1829,69.15,207747,D,,,,,,
813672,2019-08-08,CDNS,ZAMAN ANEEL,,0001209191-19-045235,2019-08-06,F,2342,69.15,243772,D,,,,,,
813672,2019-08-08,CDNS,ZAMAN ANEEL,,0001209191-19-045235,2019-08-07,S,4766,68.25,239006,D,,,,,,
813672,2019-08-13,CDNS,Cowie James J,,0001209191-19-045765,2019-08-09,S,1251,70.83,42865,I,,,,,,
813672,2019-08-19,CDNS,WALL JOHN M,,0001209191-19-046698,2019-08-15,F,306,68.14,207441,D,,,,,,
813672,2019-08-19,CDNS,TENG CHIN-CHI,,0001209191-19-046702,2019-08-15,F,864,68.14,192680,D,,,,,,
813672,2019-08-19,CDNS,TENG CHIN-CHI,,0001209191-19-046700,2019-08-15,F,864,68.14,192680,D,,,,,,
813672,2019-08-20,CDNS,WALL JOHN M,,0001209191-19-046867,2019-08-17,F,1579,69.6,205862,D,,,,,,
813672,2019-08-20,CDNS,TENG CHIN-CHI,,0001209191-19-046865,2019-08-17,F,1332,69.6,191348,D,,,,,,
813672,2019-08-22,CDNS,DEVGAN ANIRUDH,,0001209191-19-047197,2019-08-21,F,4131,69.69,430299,D,,,,,,
813672,2019-08-22,CDNS,BECKLEY THOMAS P,,0001209191-19-047194,2019-08-21,F,2532,69.69,284754,D,,,,,,
813672,2019-08-22,CDNS,ZAMAN ANEEL,,0001209191-19-047190,2019-08-21,F,3305,69.69,235701,D,,,,,,
813672,2019-08-22,CDNS,ZAMAN ANEEL,,0001209191-19-047190,2019-08-22,S,3361,70.18,232340,D,,,,,,
813672,2019-08-22,CDNS,Cowie James J,,0001209191-19-047186,2019-08-20,M,20000,17.16,129503,D,,,,,,
813672,2019-08-22,CDNS,Cowie James J,,0001209191-19-047186,2019-08-20,S,19500,68.9,110003,D,,,,,,
813672,2019-08-22,CDNS,Cowie James J,,0001209191-19-047186,2019-08-21,F,1754,69.69,107749,D,,,,,,
813672,2019-08-22,CDNS,Cowie James J,,0001209191-19-047186,2019-08-21,Z,1579,0.0,106170,D,,,,,,
813672,2019-08-28,CDNS,Cowie James J,,0001209191-19-047622,2019-08-14,G,1000,0.0,26863,I,,,,,,
813672,2019-08-28,CDNS,Cowie James J,,0001209191-19-047622,2019-08-26,S,2008,67.57,24855,I,,,,,,
813672,2019-08-30,CDNS,WALL JOHN M,,0001209191-19-047834,2019-08-28,S,3000,66.43,202862,D,,,,,,
813672,2019-09-06,CDNS,TENG CHIN-CHI,,0001209191-19-048799,2019-09-04,F,1151,68.5,190197,D,,,,,,
813672,2019-09-10,CDNS,MANDAVA SURENDRA BABU,,0001209191-19-048986,2019-09-06,S,4027,70.6,299760,D,,,,,,
813672,2019-09-17,CDNS,TENG CHIN-CHI,,0001209191-19-049858,2019-09-15,F,1652,65.73,188545,D,,,,,,
813672,2019-09-18,CDNS,TAN LIP BU,,0001209191-19-050189,2019-08-02,G,13334,0.0,1279227,I,,,,,,
813672,2019-09-18,CDNS,TAN LIP BU,,0001209191-19-050189,2019-09-16,M,40000,14.22,888272,D,,,,,,
813672,2019-09-18,CDNS,TAN LIP BU,,0001209191-19-050189,2019-09-16,S,24505,65.1,863767,D,,,,,,
813672,2019-09-18,CDNS,TAN LIP BU,,0001209191-19-050174,2019-08-15,S,39380,68.01,860472,D,,,,,,
813672,2019-09-18,CDNS,TAN LIP BU,,0001209191-19-050174,2019-08-06,Z,11580,0.0,848272,D,,,,,,
813672,2019-09-18,CDNS,TAN LIP BU,,0001209191-19-050174,2019-08-15,M,40000,14.22,899852,D,,,,,,
813672,2019-10-03,CDNS,WALL JOHN M,,0001209191-19-052373,2019-10-01,F,2237,65.29,200625,D,,,,,,
813672,2019-10-11,CDNS,TENG CHIN-CHI,,0001209191-19-053045,2019-10-09,S,4000,65.0,184545,D,,,,,,
813672,2019-10-17,CDNS,TENG CHIN-CHI,,0001209191-19-053422,2019-10-16,F,1074,66.82,183471,D,,,,,,
813672,2019-10-17,CDNS,TAN LIP BU,,0001209191-19-053417,2019-10-15,M,40000,14.22,888272,D,,,,,,
813672,2019-10-17,CDNS,TAN LIP BU,,0001209191-19-053417,2019-10-15,S,40000,67.5,848272,D,,,,,,
813672,2019-10-31,CDNS,WALL JOHN M,,0001209191-19-054642,2019-10-30,S,3000,65.79,197625,D,,,,,,
813672,2019-11-18,CDNS,TAN LIP BU,,0001209191-19-056957,2019-11-15,M,40000,14.22,888272,D,,,,,,
813672,2019-11-18,CDNS,TAN LIP BU,,0001209191-19-056957,2019-11-14,S,50000,67.08,1229227,I,,,,,,
813672,2019-11-18,CDNS,TAN LIP BU,,0001209191-19-056957,2019-11-15,S,50000,67.2,1179227,I,,,,,,
813672,2019-11-18,CDNS,DEVGAN ANIRUDH,,0001209191-19-056952,2019-11-14,F,3718,67.16,426581,D,,,,,,
813672,2019-11-19,CDNS,TAN LIP BU,,0001209191-19-057128,2019-11-18,S,50000,67.27,1129227,I,,,,,,
813672,2019-12-05,CDNS,TENG CHIN-CHI,,0001209191-19-059391,2019-12-04,F,1652,65.93,181819,D,,,,,,
813672,2019-12-10,CDNS,MANDAVA SURENDRA BABU,,0001209191-19-059910,2019-12-06,S,3623,66.46,296137,D,,,,,,
813672,2019-12-17,CDNS,TENG CHIN-CHI,,0001209191-19-061056,2019-12-16,F,1239,69.06,180580,D,,,,,,
813672,2019-12-18,CDNS,SIBONI ROGER S,,0001209191-19-061100,2019-12-16,M,8000,12.02,50479,D,,,,,,
813672,2019-12-18,CDNS,SIBONI ROGER S,,0001209191-19-061100,2019-12-16,S,21500,68.39,42479,D,,,,,,
813672,2019-12-18,CDNS,TAN LIP BU,,0001209191-19-061127,2019-12-16,S,40000,69.09,848272,D,,,,,,
813672,2019-12-18,CDNS,TAN LIP BU,,0001209191-19-061127,2019-12-16,M,40000,14.22,888272,D,,,,,,
813672,2019-12-23,CDNS,ZAMAN ANEEL,,0001209191-19-061852,2019-12-23,M,3750,21.14,236090,D,,,,,,
813672,2019-12-23,CDNS,ZAMAN ANEEL,,0001209191-19-061852,2019-12-23,S,3750,69.9,232340,D,,,,,,
813672,2019-12-31,CDNS,BOSTROM SUSAN L,,0001209191-19-062339,2019-12-27,G,1450,0.0,7576,I,,,,,,
813672,2020-01-09,CDNS,Cowie James J,,0001209191-20-002946,2020-01-08,M,15000,17.16,121170,D,,,,,,
813672,2020-01-09,CDNS,Cowie James J,,0001209191-20-002946,2020-01-08,S,15000,72.35,106170,D,,,,,,
813672,2020-01-10,CDNS,SHOVEN JOHN B,,0001209191-20-003140,2020-01-09,S,50000,73.19,155781,D,,,,,,
813672,2020-01-10,CDNS,SHOVEN JOHN B,,0001209191-20-003140,2020-01-09,M,50000,12.02,205781,D,,,,,,
813672,2020-01-16,CDNS,TAN LIP BU,,0001209191-20-003776,2020-01-15,S,50000,72.17,848272,D,,,,,,
813672,2020-01-16,CDNS,Adams Mark,,0001209191-20-003774,2020-01-15,S,3250,72.17,29089,D,,,,,,
813672,2020-01-16,CDNS,TAN LIP BU,,0001209191-20-003776,2020-01-15,M,50000,14.22,898272,D,,,,,,
813672,2020-01-21,CDNS,DEVGAN ANIRUDH,,0001209191-20-004320,2020-01-17,S,15971,72.99,410610,D,,,,,,
813672,2020-01-23,CDNS,Adams Mark,,0001209191-20-004652,2020-01-22,S,3250,75.0,25839,D,,,,,,
813672,2020-01-23,CDNS,BECKLEY THOMAS P,,0001209191-20-004672,2020-01-22,S,55750,75.0,284754,D,,,,,,
813672,2020-01-23,CDNS,BECKLEY THOMAS P,,0001209191-20-004672,2020-01-22,M,23750,17.16,308504,D,,,,,,
813672,2020-02-10,CDNS,WALL JOHN M,,0001209191-20-007987,2020-02-06,F,1910,74.54,195878,D,,,,,,
813672,2020-02-10,CDNS,Cowie James J,,0001209191-20-008009,2020-02-06,F,1398,74.54,104772,D,,,,,,
813672,2020-02-10,CDNS,DEVGAN ANIRUDH,,0001209191-20-007919,2020-02-06,F,3618,74.54,407155,D,,,,,,
813672,2020-02-10,CDNS,BECKLEY THOMAS P,,0001209191-20-007908,2020-02-06,F,1840,74.54,283077,D,,,,,,
813672,2020-02-10,CDNS,ZAMAN ANEEL,,0001209191-20-007992,2020-02-06,F,1713,74.54,230790,D,,,,,,
813672,2020-02-10,CDNS,MANDAVA SURENDRA BABU,,0001209191-20-007936,2020-02-06,F,1545,74.54,294755,D,,,,,,
813672,2020-02-10,CDNS,Cowie James J,,0001209191-20-008009,2020-02-06,Z,1242,0.0,103530,D,,,,,,
813672,2020-02-13,CDNS,Cowie James J,,0001209191-20-009354,2020-02-12,S,1242,76.31,24855,I,,,,,,
813672,2020-02-19,CDNS,MANDAVA SURENDRA BABU,,0001209191-20-010552,2020-02-14,A,16760,0.0,311515,D,,,,,,
813672,2020-02-19,CDNS,SOHN YOUNG,,0001209191-20-010772,2020-02-14,A,2412,0.0,49797,D,,,,,,
813672,2020-02-19,CDNS,MANDAVA SURENDRA BABU,,0001209191-20-010552,2020-02-18,F,9229,78.58,302286,D,,,,,,
813672,2020-02-19,CDNS,BECKLEY THOMAS P,,0001209191-20-010524,2020-02-14,A,16760,0.0,299837,D,,,,,,
813672,2020-02-19,CDNS,TENG CHIN-CHI,,0001209191-20-010575,2020-02-18,F,1031,78.58,198567,D,,,,,,
813672,2020-02-19,CDNS,PLUMMER JAMES D,,0001209191-20-010759,2020-02-14,A,2412,0.0,27297,D,,,,,,
813672,2020-02-19,CDNS,Cowie James J,,0001209191-20-010532,2020-02-18,S,60000,78.54,103530,D,,,,,,
813672,2020-02-19,CDNS,SHOVEN JOHN B,,0001209191-20-010841,2020-02-14,A,2793,0.0,6682,D,,,,,,
813672,2020-02-19,CDNS,WALL JOHN M,,0001209191-20-010600,2020-02-18,F,1579,78.58,212316,D,,,,,,
813672,2020-02-19,CDNS,Wilderotter Mary Agnes,,0001209191-20-010843,2020-02-14,A,2412,0.0,13235,D,,,,,,
813672,2020-02-19,CDNS,Cowie James J,,0001209191-20-010532,2020-02-18,M,60000,19.6,163530,D,,,,,,
813672,2020-02-19,CDNS,SANGIOVANNI VINCENTELLI ALBERTO,,0001209191-20-010766,2020-02-14,A,2412,0.0,80290,D,,,,,,
813672,2020-02-19,CDNS,TAN LIP BU,,0001209191-20-010670,2020-02-06,G,11580,0.0,836692,D,,,,,,
813672,2020-02-19,CDNS,TAN LIP BU,,0001209191-20-010670,2020-02-14,A,47613,0.0,884305,D,,,,,,
813672,2020-02-19,CDNS,ZAMAN ANEEL,,0001209191-20-010614,2020-02-14,A,16760,0.0,247550,D,,,,,,
813672,2020-02-19,CDNS,WALL JOHN M,,0001209191-20-010600,2020-02-14,A,18017,0.0,213895,D,,,,,,
813672,2020-02-19,CDNS,TENG CHIN-CHI,,0001209191-20-010575,2020-02-14,A,16760,0.0,197503,D,,,,,,
813672,2020-02-19,CDNS,DEVGAN ANIRUDH,,0001209191-20-010542,2020-02-14,A,33520,0.0,440675,D,,,,,,
813672,2020-02-19,CDNS,Adams Mark,,0001209191-20-010835,2020-02-14,A,2412,0.0,28251,D,,,,,,
813672,2020-02-19,CDNS,SIBONI ROGER S,,0001209191-20-010769,2020-02-14,A,2412,0.0,44891,D,,,,,,
813672,2020-02-19,CDNS,BOSTROM SUSAN L,,0001209191-20-010829,2020-02-14,A,2412,0.0,7771,D,,,,,,
813672,2020-02-19,CDNS,TAN LIP BU,,0001209191-20-010670,2020-01-31,G,163,0.0,848272,D,,,,,,
813672,2020-02-19,CDNS,SHOVEN JOHN B,,0001209191-20-010841,2019-02-07,G,151892,0.0,3889,D,,,,,,
813672,2020-02-21,CDNS,Adams Mark,,0001209191-20-011728,2020-02-19,G,3250,0.0,19230,I,,,,,,
813672,2020-02-21,CDNS,Adams Mark,,0001209191-20-011728,2020-02-19,S,3250,80.0,5771,D,,,,,,
813672,2020-02-21,CDNS,Adams Mark,,0001209191-20-011728,2019-02-07,G,22480,0.0,5771,D,,,,,,
813672,2020-02-25,CDNS,Cowie James J,,0001209191-20-012610,2020-02-24,F,2355,71.39,97842,D,,,,,,
813672,2020-02-25,CDNS,DEVGAN ANIRUDH,,0001209191-20-012624,2020-02-24,F,7712,71.39,429187,D,,,,,,
813672,2020-02-25,CDNS,Cowie James J,,0001209191-20-012610,2020-02-21,G,1579,0.0,100197,D,,,,,,
813672,2020-02-25,CDNS,ZAMAN ANEEL,,0001209191-20-012664,2020-02-24,F,3156,71.39,242089,D,,,,,,
813672,2020-02-25,CDNS,MANDAVA SURENDRA BABU,,0001209191-20-012630,2020-02-24,F,3085,71.39,299201,D,,,,,,
813672,2020-02-25,CDNS,DEVGAN ANIRUDH,,0001209191-20-012624,2020-02-21,F,3776,74.73,436899,D,,,,,,
813672,2020-02-25,CDNS,TENG CHIN-CHI,,0001209191-20-012643,2020-02-24,F,2151,71.39,196416,D,,,,,,
813672,2020-02-25,CDNS,BECKLEY THOMAS P,,0001209191-20-012593,2020-02-21,F,2532,74.73,297305,D,,,,,,
813672,2020-02-25,CDNS,BECKLEY THOMAS P,,0001209191-20-012593,2020-02-24,F,2702,71.39,294603,D,,,,,,
813672,2020-02-25,CDNS,WALL JOHN M,,0001209191-20-012655,2020-02-24,F,3276,71.39,209040,D,,,,,,
813672,2020-02-25,CDNS,Cowie James J,,0001209191-20-012610,2020-02-21,F,1754,74.73,101776,D,,,,,,
813672,2020-02-25,CDNS,ZAMAN ANEEL,,0001209191-20-012664,2020-02-21,F,2305,74.73,245245,D,,,,,,
813672,2020-02-25,CDNS,Cowie James J,,0001209191-20-012610,2020-02-24,G,2118,0.0,95724,D,,,,,,
813672,2020-02-27,CDNS,Cowie James J,,0001209191-20-013619,2020-02-26,S,1579,69.1,26973,I,,,,,,
813672,2020-02-27,CDNS,WALL JOHN M,,0001209191-20-013615,2020-02-26,S,3000,69.47,206040,D,,,,,,
813672,2020-02-27,CDNS,Cowie James J,,0001209191-20-013619,2020-02-27,S,2118,66.76,24855,I,,,,,,
813672,2020-03-04,CDNS,Cowie James J,,0001209191-20-016354,2020-03-03,S,17042,67.6,7813,I,,,,,,
813672,2020-03-05,CDNS,TENG CHIN-CHI,,0001209191-20-016635,2020-03-04,F,803,70.27,195613,D,,,,,,
813672,2020-03-10,CDNS,MANDAVA SURENDRA BABU,,0001209191-20-017867,2020-03-06,S,5062,64.7,294139,D,,,,,,
813672,2020-03-17,CDNS,WALL JOHN M,,0001209191-20-019689,2020-03-15,F,6581,62.47,199459,D,,,,,,
813672,2020-03-17,CDNS,Cowie James J,,0001209191-20-019670,2020-03-15,F,8950,62.47,86774,D,,,,,,
813672,2020-03-17,CDNS,ZAMAN ANEEL,,0001209191-20-019693,2020-03-15,F,25285,62.47,216804,D,,,,,,
813672,2020-03-17,CDNS,DEVGAN ANIRUDH,,0001209191-20-019678,2020-03-15,F,33714,62.47,395473,D,,,,,,
813672,2020-03-17,CDNS,BECKLEY THOMAS P,,0001209191-20-019664,2020-03-15,F,22144,62.47,272459,D,,,,,,
813672,2020-03-17,CDNS,MANDAVA SURENDRA BABU,,0001209191-20-019683,2020-03-15,F,12395,62.47,281744,D,,,,,,
813672,2020-03-17,CDNS,CHEW LEWIS,,0001209191-20-019657,2020-03-15,A,2800,0.0,2847,D,,,,,,
813672,2020-03-17,CDNS,Cowie James J,,0001209191-20-019670,2020-03-15,G,8050,0.0,78724,D,,,,,,
813672,2020-03-17,CDNS,Brennan Ita M,,0001209191-20-019653,2020-03-15,A,2800,0.0,2800,D,,,,,,
813672,2020-03-19,CDNS,Cowie James J,,0001209191-20-020249,2020-03-17,S,6562,55.93,9301,I,,,,,,
813672,2020-03-23,CDNS,Cowie James J,,0001209191-20-020618,2020-03-19,S,8050,53.3,1251,I,,,,,,
813672,2020-03-27,CDNS,TAN LIP BU,,0001209191-20-021495,2020-03-26,M,12295,13.81,764423,D,,,,,,
813672,2020-03-27,CDNS,TAN LIP BU,,0001209191-20-021495,2020-02-21,G,12500,0.0,871805,D,,,,,,
813672,2020-03-27,CDNS,TAN LIP BU,,0001209191-20-021495,2020-02-24,G,17677,0.0,854128,D,,,,,,
813672,2020-03-27,CDNS,TAN LIP BU,,0001209191-20-021495,2020-03-16,G,102000,0.0,752128,D,,,,,,
813672,2020-03-27,CDNS,TAN LIP BU,,0001209191-20-021495,2020-03-26,S,12295,67.04,752128,D,,,,,,
813672,2020-03-31,CDNS,TAN LIP BU,,0001209191-20-021953,2020-03-30,S,37705,67.07,752128,D,,,,,,
813672,2020-03-31,CDNS,TAN LIP BU,,0001209191-20-021953,2020-03-30,M,37705,13.81,789833,D,,,,,,
813672,2020-04-03,CDNS,WALL JOHN M,,0001209191-20-023098,2020-04-01,F,2237,65.24,197222,D,,,,,,
813672,2020-04-10,CDNS,TENG CHIN-CHI,,0001209191-20-024153,2020-04-09,S,4000,72.23,191613,D,,,,,,
813672,2020-04-15,CDNS,Cowie James J,,0001209191-20-024520,2020-04-14,S,22500,72.98,78724,D,,,,,,
813672,2020-04-15,CDNS,Cowie James J,,0001209191-20-024520,2020-04-14,M,22500,30.79,101224,D,,,,,,
813672,2020-04-15,CDNS,DEVGAN ANIRUDH,,0001209191-20-024517,2020-04-14,S,34286,74.5,344067,D,,,,,,
813672,2020-04-15,CDNS,DEVGAN ANIRUDH,,0001209191-20-024517,2020-04-13,S,17120,70.83,378353,D,,,,,,
813672,2020-04-16,CDNS,TAN LIP BU,,0001209191-20-024677,2020-04-15,S,50000,75.54,752128,D,,,,,,
813672,2020-04-16,CDNS,TAN LIP BU,,0001209191-20-024677,2020-04-15,M,50000,13.81,802128,D,,,,,,
813672,2020-04-24,CDNS,Cowie James J,,0001209191-20-025739,2020-04-23,S,15815,80.64,78724,D,,,,,,
813672,2020-04-24,CDNS,Cowie James J,,0001209191-20-025739,2020-04-23,M,15815,39.58,94539,D,,,,,,
813672,2020-04-30,CDNS,WALL JOHN M,,0001209191-20-026422,2020-04-29,S,3000,78.53,194222,D,,,,,,
813672,2020-04-30,CDNS,SIBONI ROGER S,,0001209191-20-026424,2020-04-29,M,6500,13.81,51391,D,,,,,,
813672,2020-04-30,CDNS,SIBONI ROGER S,,0001209191-20-026424,2020-04-29,S,6500,78.53,44891,D,,,,,,
813672,2020-05-01,CDNS,ZAMAN ANEEL,,0001209191-20-026511,2020-04-30,M,12226,56.57,192097,D,,,,,,
813672,2020-05-01,CDNS,ZAMAN ANEEL,,0001209191-20-026511,2020-04-30,S,36933,82.03,179871,D,,,,,,
813672,2020-05-15,CDNS,DEVGAN ANIRUDH,,0001209191-20-029917,2020-05-14,F,3718,81.85,340349,D,,,,,,
813672,2020-05-19,CDNS,TAN LIP BU,,0001209191-20-030511,2020-05-15,S,4100,79.84,798028,D,,,,,,
813672,2020-05-19,CDNS,TAN LIP BU,,0001209191-20-030511,2020-05-15,M,50000,13.81,802128,D,,,,,,
813672,2020-05-19,CDNS,BECKLEY THOMAS P,,0001209191-20-030518,2020-05-18,M,30000,19.6,302459,D,,,,,,
813672,2020-05-19,CDNS,BECKLEY THOMAS P,,0001209191-20-030518,2020-05-18,S,42085,81.8,260374,D,,,,,,
813672,2020-06-02,CDNS,FLAMINIA ALINKA,,0001209191-20-033553,2020-06-01,A,40000,0.0,40000,D,,,,,,
813672,2020-06-05,CDNS,TENG CHIN-CHI,,0001209191-20-034738,2020-06-04,F,1373,91.27,190240,D,,,,,,
813672,2020-06-16,CDNS,TAN LIP BU,,0001209191-20-037013,2020-06-15,M,50000,13.81,802128,D,,,,,,
813672,2020-06-16,CDNS,TAN LIP BU,,0001209191-20-037013,2020-06-15,S,3501,88.42,798627,D,,,,,,
813672,2020-06-16,CDNS,TENG CHIN-CHI,,0001209191-20-037009,2020-06-15,F,1239,90.85,189001,D,,,,,,
813672,2020-06-17,CDNS,DEVGAN ANIRUDH,,0001209191-20-037456,2020-06-16,S,3782,92.38,336567,D,,,,,,
813672,2020-06-22,CDNS,DEVGAN ANIRUDH,,0001209191-20-038292,2020-06-19,M,30000,17.16,366567,D,,,,,,
813672,2020-06-22,CDNS,DEVGAN ANIRUDH,,0001209191-20-038292,2020-06-19,S,30000,94.98,336567,D,,,,,,
813672,2020-07-02,CDNS,DEVGAN ANIRUDH,,0001209191-20-040290,2020-07-01,M,70000,17.16,406567,D,,,,,,
813672,2020-07-02,CDNS,DEVGAN ANIRUDH,,0001209191-20-040290,2020-07-01,S,70000,97.0,336567,D,,,,,,
813672,2020-07-17,CDNS,TAN LIP BU,,0001209191-20-042976,2020-07-15,S,22014,98.62,780114,D,,,,,,
813672,2020-07-17,CDNS,FLAMINIA ALINKA,,0001209191-20-042973,2020-07-15,A,14983,0.0,54983,D,,,,,,
813672,2020-07-17,CDNS,TAN LIP BU,,0001209191-20-042976,2020-07-15,M,50000,13.81,802128,D,,,,,,
813672,2020-07-28,CDNS,WALL JOHN M,,0001209191-20-043909,2020-07-27,S,8276,103.97,185946,D,,,,,,
813672,2020-08-04,CDNS,ZAMAN ANEEL,,0001209191-20-044903,2020-07-31,M,4584,19.6,184455,D,,,,,,
813672,2020-08-04,CDNS,ZAMAN ANEEL,,0001209191-20-044903,2020-07-31,S,10300,106.91,196061,D,,,,,,
813672,2020-08-06,CDNS,BOSTROM SUSAN L,,0001209191-20-045566,2020-02-24,G,5359,0.0,2412,D,,,,,,
813672,2020-08-06,CDNS,BOSTROM SUSAN L,,0001209191-20-045566,2020-08-04,S,10000,110.24,2935,I,,,,,,
813672,2020-08-07,CDNS,ZAMAN ANEEL,,0001209191-20-045784,2020-08-06,F,2342,110.52,177561,D,,,,,,
813672,2020-08-07,CDNS,BECKLEY THOMAS P,,0001209191-20-045745,2020-08-06,F,1840,110.52,258566,D,,,,,,
813672,2020-08-07,CDNS,ZAMAN ANEEL,,0001209191-20-045784,2020-08-07,S,2382,110.31,175179,D,,,,,,
813672,2020-08-07,CDNS,WALL JOHN M,,0001209191-20-045760,2020-08-06,F,1829,110.52,177425,D,,,,,,
813672,2020-08-07,CDNS,DEVGAN ANIRUDH,,0001209191-20-045778,2020-08-06,F,4133,110.52,332466,D,,,,,,
813672,2020-08-07,CDNS,MANDAVA SURENDRA BABU,,0001209191-20-045750,2020-08-06,F,2101,110.52,279675,D,,,,,,
813672,2020-08-07,CDNS,DEVGAN ANIRUDH,,0001209191-20-045778,2020-08-07,S,4204,110.33,328262,D,,,,,,
813672,2020-08-18,CDNS,WALL JOHN M,,0001209191-20-047223,2020-08-17,F,1579,109.52,175846,D,,,,,,
813672,2020-08-18,CDNS,TENG CHIN-CHI,,0001209191-20-047220,2020-08-17,F,1404,109.52,187629,D,,,,,,
813672,2020-08-19,CDNS,TAN LIP BU,,0001209191-20-047623,2020-07-31,G,32,0.0,752128,D,,,,,,
813672,2020-08-19,CDNS,TAN LIP BU,,0001209191-20-047623,2020-08-06,G,11580,0.0,740548,D,,,,,,
813672,2020-08-19,CDNS,TAN LIP BU,,0001209191-20-047623,2020-08-17,M,50000,13.81,790548,D,,,,,,
813672,2020-08-19,CDNS,TAN LIP BU,,0001209191-20-047623,2020-08-17,S,12331,108.93,778217,D,,,,,,
813672,2020-08-26,CDNS,WALL JOHN M,,0001209191-20-048475,2020-08-24,F,1637,111.28,174209,D,,,,,,
813672,2020-08-26,CDNS,TENG CHIN-CHI,,0001209191-20-048457,2020-08-24,F,1542,111.28,186087,D,,,,,,
813672,2020-08-26,CDNS,ZAMAN ANEEL,,0001209191-20-048460,2020-08-24,F,1735,111.28,173444,D,,,,,,
813672,2020-08-26,CDNS,ZAMAN ANEEL,,0001209191-20-048460,2020-08-25,S,1765,111.25,171679,D,,,,,,
813672,2020-08-26,CDNS,BECKLEY THOMAS P,,0001209191-20-048451,2020-08-24,F,1350,111.28,257216,D,,,,,,
813672,2020-08-26,CDNS,DEVGAN ANIRUDH,,0001209191-20-048453,2020-08-25,S,3922,111.23,320484,D,,,,,,
813672,2020-08-26,CDNS,DEVGAN ANIRUDH,,0001209191-20-048453,2020-08-24,F,3856,111.28,324406,D,,,,,,
813672,2020-08-26,CDNS,MANDAVA SURENDRA BABU,,0001209191-20-048455,2020-08-24,F,1542,111.28,278133,D,,,,,,
813672,2020-09-01,CDNS,TENG CHIN-CHI,,0001209191-20-048930,2020-08-31,S,3500,110.7,182587,D,,,,,,
813672,2020-09-08,CDNS,TENG CHIN-CHI,,0001209191-20-049798,2020-09-04,F,1151,105.88,180936,D,,,,,,
813672,2020-09-17,CDNS,TAN LIP BU,,0001209191-20-050871,2020-08-24,G,8839,0.0,731709,D,,,,,,
813672,2020-09-17,CDNS,TAN LIP BU,,0001209191-20-050871,2020-09-15,M,50000,13.81,781709,D,,,,,,
813672,2020-09-17,CDNS,TAN LIP BU,,0001209191-20-050871,2020-09-15,S,49103,105.17,732606,D,,,,,,
813672,2020-10-02,CDNS,WALL JOHN M,,0001209191-20-053391,2020-10-01,F,2237,108.63,171972,D,,,,,,
813672,2020-10-13,CDNS,BECKLEY THOMAS P,,0001209191-20-054729,2020-10-09,M,12000,19.6,269216,D,,,,,,
813672,2020-10-13,CDNS,BECKLEY THOMAS P,,0001209191-20-054729,2020-10-09,S,23806,110.0,245410,D,,,,,,
813672,2020-10-19,CDNS,TAN LIP BU,,0001209191-20-055333,2020-10-15,S,7822,114.71,773887,D,,,,,,
813672,2020-10-19,CDNS,TAN LIP BU,,0001209191-20-055333,2020-10-15,M,50000,13.81,781709,D,,,,,,
813672,2020-10-19,CDNS,TAN LIP BU,,0001209191-20-055333,2020-09-22,G,9010,0.0,1284588,I,,,,,,
813672,2020-10-19,CDNS,TENG CHIN-CHI,,0001209191-20-055336,2020-10-16,F,1073,115.69,179863,D,,,,,,
813672,2020-11-17,CDNS,DEVGAN ANIRUDH,,0001209191-20-058906,2020-11-16,F,3718,114.86,316766,D,,,,,,
813672,2020-11-17,CDNS,DEVGAN ANIRUDH,,0001209191-20-058906,2020-11-17,S,2765,113.73,314001,D,,,,,,
813672,2020-11-17,CDNS,TAN LIP BU,,0001209191-20-058908,2020-11-16,S,35618,114.52,746091,D,,,,,,
813672,2020-11-17,CDNS,TAN LIP BU,,0001209191-20-058908,2020-11-16,M,50000,13.81,781709,D,,,,,,
813672,2020-12-03,CDNS,SANGIOVANNI VINCENTELLI ALBERTO,,0001209191-20-061531,2020-12-01,M,25000,9.66,105290,D,,,,,,
813672,2020-12-03,CDNS,SANGIOVANNI VINCENTELLI ALBERTO,,0001209191-20-061531,2020-12-01,S,21382,115.45,83908,D,,,,,,
813672,2020-12-08,CDNS,TENG CHIN-CHI,,0001209191-20-062274,2020-12-04,F,1239,118.34,178624,D,,,,,,
813672,2020-12-17,CDNS,TAN LIP BU,,0001209191-20-064047,2020-12-15,M,50000,13.81,781709,D,,,,,,
813672,2020-12-17,CDNS,TAN LIP BU,,0001209191-20-064047,2020-12-15,S,36710,122.78,744999,D,,,,,,
813672,2020-12-17,CDNS,TENG CHIN-CHI,,0001209191-20-064030,2020-12-15,F,1239,122.82,176972,D,,,,,,
813672,2021-01-05,CDNS,Liuson Julia,,0001209191-21-001545,2021-01-04,A,157,0.0,157,D,,,,,,
813672,2021-01-06,CDNS,SHOVEN JOHN B,,0001209191-21-002360,2020-02-22,G,3889,0.0,2793,D,,,,,,
813672,2021-01-06,CDNS,SHOVEN JOHN B,,0001209191-21-002360,2021-01-04,M,20000,14.22,22793,D,,,,,,
813672,2021-01-06,CDNS,SHOVEN JOHN B,,0001209191-21-002360,2021-01-04,S,10791,137.22,12002,D,,,,,,
813672,2021-01-19,CDNS,TAN LIP BU,,0001209191-21-004131,2021-01-15,M,50000,17.16,781709,D,,,,,,
813672,2021-01-19,CDNS,TAN LIP BU,,0001209191-21-004131,2021-01-15,S,5600,133.74,776109,D,,,,,,
813672,2021-02-09,CDNS,MANDAVA SURENDRA BABU,,0001209191-21-009084,2020-10-26,G,10000,0.0,268133,D,,,,,,
813672,2021-02-09,CDNS,MANDAVA SURENDRA BABU,,0001209191-21-009084,2021-02-08,F,1507,137.58,256752,D,,,,,,
813672,2021-02-09,CDNS,DEVGAN ANIRUDH,,0001209191-21-009078,2021-02-08,F,3671,137.58,309439,D,,,,,,
813672,2021-02-09,CDNS,DEVGAN ANIRUDH,,0001209191-21-009078,2021-02-09,S,4666,137.44,304773,D,,,,,,
813672,2021-02-09,CDNS,BECKLEY THOMAS P,,0001209191-21-009075,2021-02-08,F,1241,137.58,244295,D,,,,,,
813672,2021-02-09,CDNS,ZAMAN ANEEL,,0001209191-21-009072,2021-02-08,F,1675,137.58,170130,D,,,,,,
813672,2021-02-09,CDNS,WALL JOHN M,,0001209191-21-009069,2021-02-08,F,1870,137.58,170228,D,,,,,,
813672,2021-02-18,CDNS,BECKLEY THOMAS P,,0001209191-21-012195,2021-02-16,F,1997,145.99,242298,D,,,,,,
813672,2021-02-18,CDNS,DEVGAN ANIRUDH,,0001209191-21-012192,2021-02-17,S,1957,142.3,297277,D,,,,,,
813672,2021-02-18,CDNS,TENG CHIN-CHI,,0001209191-21-012185,2021-02-16,F,1965,145.99,175133,D,,,,,,
813672,2021-02-18,CDNS,MANDAVA SURENDRA BABU,,0001209191-21-012187,2021-02-16,F,2341,145.99,254411,D,,,,,,
813672,2021-02-18,CDNS,ZAMAN ANEEL,,0001209191-21-012176,2021-02-16,F,2410,145.99,167720,D,,,,,,
813672,2021-02-18,CDNS,WALL JOHN M,,0001209191-21-012179,2021-02-16,F,3162,145.99,167066,D,,,,,,
813672,2021-02-18,CDNS,TAN LIP BU,,0001209191-21-012173,2021-02-08,G,11580,0.0,720129,D,,,,,,
813672,2021-02-18,CDNS,TAN LIP BU,,0001209191-21-012173,2021-02-16,M,50000,17.16,770129,D,,,,,,
813672,2021-02-18,CDNS,TAN LIP BU,,0001209191-21-012173,2021-02-16,S,16855,146.17,753274,D,,,,,,
813672,2021-02-18,CDNS,TAN LIP BU,,0001209191-21-012173,2021-01-29,G,126,0.0,731709,D,,,,,,
813672,2021-02-18,CDNS,DEVGAN ANIRUDH,,0001209191-21-012192,2021-02-16,F,5539,145.99,299234,D,,,,,,
813672,2021-02-24,CDNS,BECKLEY THOMAS P,,0001209191-21-014036,2021-02-22,F,1350,133.16,240948,D,,,,,,
813672,2021-02-24,CDNS,TENG CHIN-CHI,,0001209191-21-014044,2021-02-22,F,1449,133.16,173443,D,,,,,,
813672,2021-02-24,CDNS,WALL JOHN M,,0001209191-21-014041,2021-02-22,F,1637,133.16,165429,D,,,,,,
813672,2021-02-24,CDNS,MANDAVA SURENDRA BABU,,0001209191-21-014046,2021-02-22,F,1542,133.16,242334,D,,,,,,
813672,2021-02-24,CDNS,DEVGAN ANIRUDH,,0001209191-21-014037,2021-02-22,F,3856,133.16,289744,D,,,,,,
813672,2021-02-24,CDNS,DEVGAN ANIRUDH,,0001209191-21-014037,2021-02-23,S,1000,129.59,288744,D,,,,,,
813672,2021-02-24,CDNS,ZAMAN ANEEL,,0001209191-21-014039,2021-02-22,F,1735,133.16,165985,D,,,,,,
813672,2021-03-01,CDNS,PLUMMER JAMES D,,0001209191-21-015533,2021-02-25,A,1377,0.0,28674,D,,,,,,
813672,2021-03-01,CDNS,TAN LIP BU,,0001209191-21-015518,2021-02-22,G,8839,0.0,711290,D,,,,,,
813672,2021-03-01,CDNS,ZAMAN ANEEL,,0001209191-21-015516,2021-02-25,A,11238,0.0,177223,D,,,,,,
813672,2021-03-01,CDNS,WALL JOHN M,,0001209191-21-015524,2021-02-25,A,13150,0.0,178579,D,,,,,,
813672,2021-03-01,CDNS,BECKLEY THOMAS P,,0001209191-21-015529,2021-02-25,A,10759,0.0,251707,D,,,,,,
813672,2021-03-01,CDNS,TENG CHIN-CHI,,0001209191-21-015521,2021-02-25,A,10759,0.0,184202,D,,,,,,
813672,2021-03-01,CDNS,Adams Mark,,0001209191-21-015535,2021-02-25,A,1377,0.0,3789,D,,,,,,
813672,2021-03-01,CDNS,Brennan Ita M,,0001209191-21-015538,2021-02-25,A,1377,0.0,4177,D,,,,,,
813672,2021-03-01,CDNS,BOSTROM SUSAN L,,0001209191-21-015534,2021-02-25,A,1377,0.0,3789,D,,,,,,
813672,2021-03-01,CDNS,SANGIOVANNI VINCENTELLI ALBERTO,,0001209191-21-015532,2021-02-25,A,1377,0.0,81667,D,,,,,,
813672,2021-03-01,CDNS,FLAMINIA ALINKA,,0001209191-21-015526,2021-02-25,A,8129,0.0,63238,D,,,,,,
813672,2021-03-01,CDNS,TENG CHIN-CHI,,0001209191-21-015521,2021-02-26,S,2985,139.49,181217,D,,,,,,
813672,2021-03-01,CDNS,SOHN YOUNG,,0001209191-21-015530,2021-02-25,A,1377,0.0,51174,D,,,,,,
813672,2021-03-01,CDNS,CHEW LEWIS,,0001209191-21-015537,2021-02-25,A,1377,0.0,4224,D,,,,,,
813672,2021-03-01,CDNS,TAN LIP BU,,0001209191-21-015518,2021-02-25,A,32604,0.0,743894,D,,,,,,
813672,2021-03-01,CDNS,SHOVEN JOHN B,,0001209191-21-015562,2021-02-25,A,1594,0.0,4387,D,,,,,,
813672,2021-03-01,CDNS,DEVGAN ANIRUDH,,0001209191-21-015527,2021-02-25,A,18113,0.0,303935,D,,,,,,
813672,2021-03-01,CDNS,Liuson Julia,,0001209191-21-015536,2021-02-25,A,1377,0.0,1534,D,,,,,,
813672,2021-03-04,CDNS,MANDAVA SURENDRA BABU,,0001209191-21-018020,2021-03-02,S,60000,142.88,242334,D,,,,,,
813672,2021-03-04,CDNS,MANDAVA SURENDRA BABU,,0001209191-21-018020,2021-03-02,M,60000,30.1,302334,D,,,,,,
813672,2021-03-05,CDNS,TENG CHIN-CHI,,0001209191-21-018433,2021-03-04,F,1151,128.81,178051,D,,,,,,
813672,2021-03-11,CDNS,MANDAVA SURENDRA BABU,,0001209191-21-020012,2021-03-10,M,25000,30.1,267334,D,,,,,,
813672,2021-03-11,CDNS,MANDAVA SURENDRA BABU,,0001209191-21-020012,2021-03-10,S,66401,128.02,266621,D,,,,,,
813672,2021-03-15,CDNS,PLUMMER JAMES D,,0001209191-21-020620,2021-03-12,S,12500,125.79,41174,D,,,,,,
813672,2021-03-15,CDNS,PLUMMER JAMES D,,0001209191-21-020620,2021-03-12,M,25000,12.02,53674,D,,,,,,
813672,2021-03-17,CDNS,WALL JOHN M,,0001209191-21-021464,2021-03-16,S,3474,130.34,158948,D,,,,,,
813672,2021-03-17,CDNS,WALL JOHN M,,0001209191-21-021464,2021-03-15,F,19743,129.39,162422,D,,,,,,
813672,2021-03-17,CDNS,TAN LIP BU,,0001209191-21-021468,2021-03-15,M,50000,17.16,793894,D,,,,,,
813672,2021-03-17,CDNS,TAN LIP BU,,0001209191-21-021468,2021-03-15,S,4000,125.27,789894,D,,,,,,
813672,2021-03-17,CDNS,MANDAVA SURENDRA BABU,,0001209191-21-021471,2021-03-15,F,37185,129.39,205149,D,,,,,,
813672,2021-03-17,CDNS,ZAMAN ANEEL,,0001209191-21-021476,2021-03-15,F,24542,129.39,155789,D,,,,,,
813672,2021-03-17,CDNS,DEVGAN ANIRUDH,,0001209191-21-021478,2021-03-15,F,32722,129.39,271213,D,,,,,,
813672,2021-03-17,CDNS,BECKLEY THOMAS P,,0001209191-21-021480,2021-03-15,F,21492,129.39,230215,D,,,,,,
813672,2021-03-26,CDNS,Cunningham Paul,,0001209191-21-023349,2021-03-25,S,1000,126.65,104081,D,,,,,,
813672,2021-04-02,CDNS,ZAMAN ANEEL,,0001209191-21-024785,2021-03-31,S,163,135.0,155626,D,,,,,,
813672,2021-04-02,CDNS,ZAMAN ANEEL,,0001209191-21-024785,2021-03-31,M,7292,30.79,162918,D,,,,,,
813672,2021-04-09,CDNS,BECKLEY THOMAS P,,0001209191-21-026323,2021-04-08,M,18000,19.6,248215,D,,,,,,
813672,2021-04-09,CDNS,BECKLEY THOMAS P,,0001209191-21-026323,2021-04-08,S,18000,145.0,230215,D,,,,,,
813672,2021-04-15,CDNS,DEVGAN ANIRUDH,,0001209191-21-026864,2021-04-13,S,33278,147.0,237935,D,,,,,,
813672,2021-04-19,CDNS,TAN LIP BU,,0001209191-21-027452,2021-04-15,S,33896,147.32,759998,D,,,,,,
813672,2021-04-19,CDNS,TAN LIP BU,,0001209191-21-027452,2021-04-15,M,50000,17.16,793894,D,,,,,,
813672,2021-04-27,CDNS,Cunningham Paul,,0001209191-21-028743,2021-04-26,S,1000,141.39,103081,D,,,,,,
813672,2021-05-19,CDNS,TAN LIP BU,,0001209191-21-034204,2021-05-17,M,50000,17.16,793894,D,,,,,,
813672,2021-05-19,CDNS,TAN LIP BU,,0001209191-21-034204,2021-05-17,S,50000,121.47,743894,D,,,,,,
813672,2021-06-07,CDNS,TENG CHIN-CHI,,0001209191-21-038768,2021-06-04,F,1239,126.75,176812,D,,,,,,
813672,2021-06-07,CDNS,Cunningham Paul,,0001209191-21-038767,2021-06-04,F,720,126.75,102361,D,,,,,,
813672,2021-06-16,CDNS,Cunningham Paul,,0001209191-21-041008,2021-06-14,S,1000,129.29,101218,D,,,,,,
813672,2021-06-17,CDNS,TAN LIP BU,,0001209191-21-041704,2021-06-15,M,50000,17.16,793894,D,,,,,,
813672,2021-06-17,CDNS,TAN LIP BU,,0001209191-21-041704,2021-06-15,S,24157,129.48,769737,D,,,,,,
813672,2021-06-25,CDNS,Cunningham Paul,,0001209191-21-043328,2021-06-23,S,1000,133.97,100218,D,,,,,,
813672,2021-07-19,CDNS,FLAMINIA ALINKA,,0001209191-21-047295,2021-07-15,F,1773,137.55,61465,D,,,,,,
813672,2021-07-19,CDNS,Cunningham Paul,,0001209191-21-047266,2021-07-15,F,697,137.55,99521,D,,,,,,
813672,2021-07-19,CDNS,TAN LIP BU,,0001209191-21-047297,2021-07-15,S,40966,137.31,752928,D,,,,,,
813672,2021-07-19,CDNS,TAN LIP BU,,0001209191-21-047297,2021-07-15,M,50000,17.16,793894,D,,,,,,
813672,2021-07-26,CDNS,Cunningham Paul,,0001209191-21-048252,2021-07-23,S,1000,143.59,98521,D,,,,,,
813672,2021-08-04,CDNS,ZAMAN ANEEL,,0001209191-21-049760,2021-08-02,S,32,148.09,122671,D,,,,,,
813672,2021-08-17,CDNS,DEVGAN ANIRUDH,,0001209191-21-052113,2021-08-16,F,2770,151.87,235191,D,,,,,,
813672,2021-08-17,CDNS,DEVGAN ANIRUDH,,0001209191-21-052113,2021-08-17,S,2817,150.45,232374,D,,,,,,
813672,2021-08-17,CDNS,BECKLEY THOMAS P,,0001209191-21-052111,2021-08-16,F,1213,151.87,229028,D,,,,,,
813672,2021-08-17,CDNS,TAN LIP BU,,0001209191-21-052130,2021-08-16,F,4154,151.87,739766,D,,,,,,
813672,2021-08-17,CDNS,TAN LIP BU,,0001209191-21-052130,2021-08-16,M,50000,17.16,785984,D,,,,,,
813672,2021-08-17,CDNS,WALL JOHN M,,0001209191-21-052118,2021-08-16,F,1581,151.87,130867,D,,,,,,
813672,2021-08-17,CDNS,TAN LIP BU,,0001209191-21-052130,2021-08-16,G,3782,0.0,735984,D,,,,,,
813672,2021-08-17,CDNS,Cunningham Paul,,0001209191-21-052112,2021-08-16,F,439,151.87,98108,D,,,,,,
813672,2021-08-17,CDNS,ZAMAN ANEEL,,0001209191-21-052119,2021-08-16,F,1385,151.87,121286,D,,,,,,
813672,2021-08-17,CDNS,TENG CHIN-CHI,,0001209191-21-052115,2021-08-16,F,1558,151.87,174867,D,,,,,,
813672,2021-08-17,CDNS,TAN LIP BU,,0001209191-21-052130,2021-08-16,S,37100,151.4,748884,D,,,,,,
813672,2021-08-20,CDNS,ZAMAN ANEEL,,0001209191-21-052826,2021-08-18,M,5896,39.58,127182,D,,,,,,
813672,2021-08-20,CDNS,ZAMAN ANEEL,,0001209191-21-052826,2021-08-18,S,5896,148.98,129393,D,,,,,,
813672,2021-08-24,CDNS,ZAMAN ANEEL,,0001209191-21-053190,2021-08-24,S,1765,158.71,116377,D,,,,,,
813672,2021-08-24,CDNS,WALL JOHN M,,0001209191-21-053181,2021-08-23,F,1637,158.32,129230,D,,,,,,
813672,2021-08-24,CDNS,DEVGAN ANIRUDH,,0001209191-21-053172,2021-08-24,S,3922,158.71,224596,D,,,,,,
813672,2021-08-24,CDNS,TENG CHIN-CHI,,0001209191-21-053180,2021-08-23,F,1542,158.32,173325,D,,,,,,
813672,2021-08-24,CDNS,ZAMAN ANEEL,,0001209191-21-053190,2021-08-23,S,1409,155.86,118142,D,,,,,,
813672,2021-08-24,CDNS,DEVGAN ANIRUDH,,0001209191-21-053172,2021-08-23,F,3856,158.32,228518,D,,,,,,
813672,2021-08-24,CDNS,TAN LIP BU,,0001209191-21-053175,2021-08-23,G,4212,0.0,727145,D,,,,,,
813672,2021-08-24,CDNS,TAN LIP BU,,0001209191-21-053175,2021-08-23,F,4627,158.32,731357,D,,,,,,
813672,2021-08-24,CDNS,ZAMAN ANEEL,,0001209191-21-053190,2021-08-23,F,1735,158.32,119551,D,,,,,,
813672,2021-08-24,CDNS,BECKLEY THOMAS P,,0001209191-21-053166,2021-08-23,F,1350,158.32,227678,D,,,,,,
813672,2021-08-24,CDNS,Cunningham Paul,,0001209191-21-053183,2021-08-23,S,1000,155.86,97108,D,,,,,,
813672,2021-09-08,CDNS,TENG CHIN-CHI,,0001209191-21-055177,2021-09-07,F,1151,164.98,172174,D,,,,,,
813672,2021-09-10,CDNS,TENG CHIN-CHI,,0001209191-21-055544,2021-09-09,S,152,165.57,172022,D,,,,,,
813672,2021-09-17,CDNS,TAN LIP BU,,0001209191-21-056700,2021-09-15,M,50000,17.16,777145,D,,,,,,
813672,2021-09-17,CDNS,TAN LIP BU,,0001209191-21-056700,2021-09-15,S,9600,164.64,767545,D,,,,,,
813672,2021-09-28,CDNS,Cunningham Paul,,0001209191-21-057955,2021-09-24,S,1000,162.39,96108,D,,,,,,
813672,2021-10-19,CDNS,TAN LIP BU,,0001209191-21-060962,2021-10-15,M,50000,17.16,777145,D,,,,,,
813672,2021-10-19,CDNS,TAN LIP BU,,0001209191-21-060962,2021-10-15,S,38862,155.9427,738283,D,,,,,,
813672,2021-10-25,CDNS,BECKLEY THOMAS P,,0001209191-21-061553,2021-10-21,M,18000,19.6,245678,D,,,,,,
813672,2021-10-25,CDNS,BECKLEY THOMAS P,,0001209191-21-061553,2021-10-21,S,30944,165.0,214734,D,,,,,,
813672,2021-10-26,CDNS,Cunningham Paul,,0001209191-21-061702,2021-10-22,S,1000,165.81,95108,D,,,,,,
813672,2021-11-08,CDNS,DEVGAN ANIRUDH,,0001209191-21-063440,2021-11-04,M,25000,30.79,249596,D,,,,,,
813672,2021-11-08,CDNS,DEVGAN ANIRUDH,,0001209191-21-063440,2021-11-04,S,25000,179.004,224596,D,,,,,,
813672,2021-11-18,CDNS,DEVGAN ANIRUDH,,0001209191-21-065620,2021-11-16,S,25000,184.0,224596,D,,,,,,
813672,2021-11-18,CDNS,DEVGAN ANIRUDH,,0001209191-21-065620,2021-11-16,M,25000,30.79,249596,D,,,,,,
813672,2021-11-23,CDNS,DEVGAN ANIRUDH,,0001209191-21-066612,2021-11-19,M,25000,30.79,249596,D,,,,,,
813672,2021-11-23,CDNS,DEVGAN ANIRUDH,,0001209191-21-066612,2021-11-19,S,25000,189.0,224596,D,,,,,,
813672,2021-12-03,CDNS,WALL JOHN M,,0001209191-21-068001,2021-12-01,S,1233,179.9833,127997,D,,,,,,
813672,2021-12-08,CDNS,Cunningham Paul,,0001209191-21-068602,2021-12-06,S,1000,177.87,94108,D,,,,,,
813672,2021-12-09,CDNS,Adams Mark,,0001209191-21-068853,2021-12-07,G,6000,0.0,17407,I,,,,,,
813672,2021-12-09,CDNS,Adams Mark,,0001209191-21-068853,2021-12-07,S,200,180.62,7177,D,,,,,,
813672,2021-12-09,CDNS,Adams Mark,,0001209191-21-068853,2021-02-24,G,2412,0.0,1377,D,,,,,,
813672,2021-12-17,CDNS,WALL JOHN M,,0001209191-21-070353,2021-12-15,A,27135,0.0,151132,D,,,,,,
813672,2021-12-27,CDNS,Cunningham Paul,,0001209191-21-071275,2021-12-22,S,1000,182.92,93108,D,,,,,,
813672,2022-01-20,CDNS,TAN LIP BU,,0001209191-22-004178,2022-01-18,M,50000,19.6,777145,D,,,,,,
813672,2022-01-20,CDNS,TAN LIP BU,,0001209191-22-004178,2022-01-18,S,9671,153.5633,767474,D,,,,,,
813672,2022-01-20,CDNS,TAN LIP BU,,0001209191-22-004178,2021-12-02,G,5859,0.0,1307268,I,,,,,,
813672,2022-01-20,CDNS,Cunningham Paul,,0001209191-22-004137,2022-01-18,F,745,153.53,92363,D,,,,,,
813672,2022-01-21,CDNS,Cunningham Paul,,0001209191-22-004481,2022-01-19,S,1000,154.4,91363,D,,,,,,
813672,2022-02-02,CDNS,Krakauer Mary L,,0001209191-22-006593,2022-01-31,A,86,0.0,86,D,,,,,,
813672,2022-02-16,CDNS,WALL JOHN M,,0001209191-22-010240,2022-02-14,F,1615,142.08,149636,D,,,,,,
813672,2022-02-16,CDNS,BECKLEY THOMAS P,,0001209191-22-010245,2022-02-14,F,826,142.08,214027,D,,,,,,
813672,2022-02-16,CDNS,DEVGAN ANIRUDH,,0001209191-22-010242,2022-02-14,F,2402,142.08,222313,D,,,,,,
813672,2022-02-16,CDNS,TENG CHIN-CHI,,0001209191-22-010238,2022-02-14,F,1124,142.08,163669,D,,,,,,
813672,2022-02-16,CDNS,ZAMAN ANEEL,,0001209191-22-010246,2022-02-14,F,1000,142.08,115496,D,,,,,,
813672,2022-02-17,CDNS,Cunningham Paul,,0001209191-22-010894,2022-02-15,F,308,146.07,91174,D,,,,,,
813672,2022-02-24,CDNS,DEVGAN ANIRUDH,,0001209191-22-012841,2022-02-22,F,3749,135.21,218564,D,,,,,,
813672,2022-02-24,CDNS,TENG CHIN-CHI,,0001209191-22-012834,2022-02-22,F,1075,135.21,162594,D,,,,,,
813672,2022-02-24,CDNS,ZAMAN ANEEL,,0001209191-22-012848,2022-02-22,F,1210,135.21,114286,D,,,,,,
813672,2022-02-24,CDNS,BECKLEY THOMAS P,,0001209191-22-012828,2022-02-22,F,884,135.21,213143,D,,,,,,
813672,2022-02-24,CDNS,Cunningham Paul,,0001209191-22-012820,2022-02-22,S,1000,134.63,90174,D,,,,,,
813672,2022-02-24,CDNS,WALL JOHN M,,0001209191-22-012832,2022-02-22,F,1637,135.21,147999,D,,,,,,
813672,2022-02-25,CDNS,TAN LIP BU,,0001209191-22-013283,2022-02-23,S,400,150.6129,727264,D,,,,,,
813672,2022-02-25,CDNS,TAN LIP BU,,0001209191-22-013283,2022-02-23,M,400,19.6,727664,D,,,,,,
813672,2022-03-01,CDNS,Cunningham Paul,,0001209191-22-014197,2022-02-25,F,992,152.93,89182,D,,,,,,
813672,2022-03-01,CDNS,DEVGAN ANIRUDH,,0001209191-22-014281,2022-02-25,F,2993,152.93,215571,D,,,,,,
813672,2022-03-01,CDNS,TENG CHIN-CHI,,0001209191-22-014226,2022-02-25,F,1648,152.93,160946,D,,,,,,
813672,2022-03-01,CDNS,TAN LIP BU,,0001209191-22-014191,2022-02-25,M,49600,19.6,776864,D,,,,,,
813672,2022-03-01,CDNS,WALL JOHN M,,0001209191-22-014264,2022-02-25,F,2937,152.93,145062,D,,,,,,
813672,2022-03-01,CDNS,TAN LIP BU,,0001209191-22-014191,2022-02-25,S,44081,150.8376,732783,D,,,,,,
813672,2022-03-01,CDNS,BECKLEY THOMAS P,,0001209191-22-014214,2022-02-25,F,1378,152.93,211765,D,,,,,,
813672,2022-03-01,CDNS,FLAMINIA ALINKA,,0001209191-22-014186,2022-02-25,F,1283,152.93,60327,D,,,,,,
813672,2022-03-01,CDNS,ZAMAN ANEEL,,0001209191-22-014244,2022-02-25,F,2242,152.93,112044,D,,,,,,
813672,2022-03-02,CDNS,TENG CHIN-CHI,,0001209191-22-015066,2022-02-28,S,3472,151.4938,157474,D,,,,,,
813672,2022-03-02,CDNS,ZAMAN ANEEL,,0001209191-22-015064,2022-02-28,S,3005,151.4545,109039,D,,,,,,
813672,2022-03-17,CDNS,FLAMINIA ALINKA,,0001209191-22-019856,2022-03-15,A,8864,0.0,69191,D,,,,,,
813672,2022-03-17,CDNS,Cunningham Paul,,0001209191-22-019853,2022-03-15,A,13296,0.0,102478,D,,,,,,
813672,2022-03-17,CDNS,DEVGAN ANIRUDH,,0001209191-22-019855,2022-03-15,A,33575,0.0,249146,D,,,,,,
813672,2022-03-17,CDNS,WALL JOHN M,,0001209191-22-019863,2022-03-15,A,16620,0.0,161682,D,,,,,,
813672,2022-03-17,CDNS,ZAMAN ANEEL,,0001209191-22-019869,2022-03-15,A,15512,0.0,120933,D,,,,,,
813672,2022-03-17,CDNS,TENG CHIN-CHI,,0001209191-22-019859,2022-03-15,A,13296,0.0,166742,D,,,,,,
813672,2022-03-17,CDNS,BECKLEY THOMAS P,,0001209191-22-019864,2022-03-15,A,13296,0.0,225061,D,,,,,,
813672,2022-03-21,CDNS,TAN LIP BU,,0001209191-22-020464,2022-03-17,F,35088,142.5,692176,D,,,,,,
813672,2022-03-21,CDNS,DEVGAN ANIRUDH,,0001209191-22-020462,2022-03-17,F,24542,142.5,224604,D,,,,,,
813672,2022-03-21,CDNS,BECKLEY THOMAS P,,0001209191-22-020461,2022-03-17,F,10746,142.5,214315,D,,,,,,
813672,2022-03-21,CDNS,Cunningham Paul,,0001209191-22-020456,2022-03-17,F,5214,142.5,97264,D,,,,,,
813672,2022-03-21,CDNS,TAN LIP BU,,0001209191-22-020464,2022-03-17,S,35464,151.4682,741800,D,,,,,,
813672,2022-03-21,CDNS,TAN LIP BU,,0001209191-22-020464,2022-03-17,M,50000,19.6,777264,D,,,,,,
813672,2022-03-21,CDNS,ZAMAN ANEEL,,0001209191-22-020463,2022-03-18,S,2388,151.5212,106274,D,,,,,,
813672,2022-03-21,CDNS,WALL JOHN M,,0001209191-22-020460,2022-03-17,F,13030,142.5,148652,D,,,,,,
813672,2022-03-21,CDNS,FLAMINIA ALINKA,,0001209191-22-020458,2022-03-17,F,3153,142.5,66038,D,,,,,,
813672,2022-03-21,CDNS,TENG CHIN-CHI,,0001209191-22-020459,2022-03-17,F,12271,142.5,154471,D,,,,,,
813672,2022-03-21,CDNS,ZAMAN ANEEL,,0001209191-22-020463,2022-03-17,F,12271,142.5,108662,D,,,,,,
813672,2022-03-29,CDNS,SANGIOVANNI VINCENTELLI ALBERTO,,0001209191-22-021555,2022-03-25,M,10000,12.02,91667,D,,,,,,
813672,2022-03-29,CDNS,SANGIOVANNI VINCENTELLI ALBERTO,,0001209191-22-021555,2022-03-29,M,15000,12.02,106667,D,,,,,,
813672,2022-04-20,CDNS,TAN LIP BU,,0001209191-22-025033,2022-04-19,M,45064,19.6,737240,D,,,,,,
813672,2022-04-20,CDNS,TAN LIP BU,,0001209191-22-025033,2022-04-19,S,7216,151.9742,730024,D,,,,,,
813672,2022-04-20,CDNS,TAN LIP BU,,0001209191-22-025033,2022-04-18,S,4936,151.5705,692176,D,,,,,,
813672,2022-04-20,CDNS,TAN LIP BU,,0001209191-22-025033,2022-04-18,M,4936,19.6,697112,D,,,,,,
813672,2022-04-25,CDNS,TAN LIP BU,,0001209191-22-025551,2022-04-21,S,11060,151.6758,681116,D,,,,,,
813672,2022-05-02,CDNS,PLUMMER JAMES D,,0001209191-22-026538,2022-04-28,S,20000,156.4411,28674,D,,,,,,
813672,2022-05-02,CDNS,PLUMMER JAMES D,,0001209191-22-026538,2022-04-28,M,10000,14.22,38674,D,,,,,,
813672,2022-05-05,CDNS,TAN LIP BU,,0001209191-22-027426,2022-05-03,S,16123,151.3954,1291145,I,,,,,,
813672,2022-05-09,CDNS,PLUMMER JAMES D,,0001209191-22-027938,2022-05-05,A,1473,0.0,30147,D,,,,,,
813672,2022-05-09,CDNS,CHEW LEWIS,,0001209191-22-027934,2022-05-05,A,1473,0.0,5697,D,,,,,,
813672,2022-05-09,CDNS,Adams Mark,,0001209191-22-027931,2022-05-05,A,1473,0.0,2850,D,,,,,,
813672,2022-05-09,CDNS,Brennan Ita M,,0001209191-22-027933,2022-05-05,A,1473,0.0,5650,D,,,,,,
813672,2022-05-09,CDNS,SANGIOVANNI VINCENTELLI ALBERTO,,0001209191-22-027941,2022-05-05,A,1473,0.0,108140,D,,,,,,
813672,2022-05-09,CDNS,Liuson Julia,,0001209191-22-027945,2022-05-05,A,1473,0.0,3007,D,,,,,,
813672,2022-05-09,CDNS,SOHN YOUNG,,0001209191-22-027944,2022-05-05,A,1473,0.0,52647,D,,,,,,
813672,2022-05-09,CDNS,SHOVEN JOHN B,,0001209191-22-027942,2022-05-05,A,1473,0.0,5860,D,,,,,,
813672,2022-05-09,CDNS,Krakauer Mary L,,0001209191-22-027935,2022-05-05,A,1473,0.0,1559,D,,,,,,
813672,2022-05-24,CDNS,TAN LIP BU,,0001209191-22-031728,2022-05-20,S,5260,141.5657,646916,D,,,,,,
813672,2022-06-01,CDNS,TAN LIP BU,,0001209191-22-033304,2022-05-27,M,50000,19.6,662176,D,,,,,,
813672,2022-06-01,CDNS,SOHN YOUNG,,0001209191-22-033306,2022-05-27,S,16275,150.0,36372,D,,,,,,
813672,2022-06-01,CDNS,TAN LIP BU,,0001209191-22-033304,2022-05-27,S,15222,152.6053,646954,D,,,,,,
813672,2022-06-02,CDNS,ZAMAN ANEEL,,0001209191-22-033690,2022-05-31,S,7500,152.5671,111225,D,,,,,,
813672,2022-06-02,CDNS,ZAMAN ANEEL,,0001209191-22-033690,2022-05-31,M,7076,39.58,103259,D,,,,,,
813672,2022-06-08,CDNS,Cunningham Paul,,0001209191-22-035107,2022-06-06,S,250,160.9,97014,D,,,,,,
813672,2022-06-13,CDNS,DEVGAN ANIRUDH,,0001209191-22-036473,2022-06-09,S,3703,157.1117,220901,D,,,,,,
813672,2022-06-23,CDNS,TAN LIP BU,,0001209191-22-039059,2022-06-21,S,500,145.884,1236768,I,,,,,,
813672,2022-06-28,CDNS,TAN LIP BU,,0001209191-22-039661,2022-06-24,M,50000,19.6,662176,D,,,,,,
813672,2022-06-28,CDNS,TAN LIP BU,,0001209191-22-039661,2022-06-24,S,20758,153.1438,641418,D,,,,,,
813672,2022-07-07,CDNS,Cunningham Paul,,0001209191-22-041508,2022-07-05,S,250,148.24,96764,D,,,,,,
813672,2022-07-19,CDNS,Cunningham Paul,,0001209191-22-042637,2022-07-15,F,1000,157.0,95764,D,,,,,,
813672,2022-07-19,CDNS,TAN LIP BU,,0001209191-22-042635,2022-07-15,M,50000,19.6,662176,D,,,,,,
813672,2022-07-19,CDNS,TAN LIP BU,,0001209191-22-042635,2022-07-15,S,8427,154.0231,653749,D,,,,,,
813672,2022-07-19,CDNS,FLAMINIA ALINKA,,0001209191-22-042633,2022-07-15,F,1773,157.0,64265,D,,,,,,
813672,2022-07-25,CDNS,TAN LIP BU,,0001209191-22-043139,2022-07-21,S,5794,164.4288,1188474,I,,,,,,
813672,2022-07-25,CDNS,TAN LIP BU,,0001209191-22-043139,2022-07-19,G,3000,0.0,1194268,I,,,,,,
813672,2022-08-01,CDNS,ZAMAN ANEEL,,0001209191-22-043788,2022-07-28,M,6253,138.02,102436,D,,,,,,
813672,2022-08-01,CDNS,ZAMAN ANEEL,,0001209191-22-043788,2022-07-28,S,6253,180.0,96261,D,,,,,,
813672,2022-08-01,CDNS,WALL JOHN M,,0001209191-22-043789,2022-07-28,M,41619,39.58,190271,D,,,,,,
813672,2022-08-01,CDNS,WALL JOHN M,,0001209191-22-043789,2022-07-28,S,54943,179.88,135406,D,,,,,,
813672,2022-08-03,CDNS,ZAMAN ANEEL,,0001209191-22-044331,2022-08-01,M,1746,56.57,98007,D,,,,,,
813672,2022-08-03,CDNS,ZAMAN ANEEL,,0001209191-22-044331,2022-08-01,S,4076,183.9,96261,D,,,,,,
813672,2022-08-09,CDNS,Cunningham Paul,,0001209191-22-045118,2022-08-05,S,250,182.0,95592,D,,,,,,
813672,2022-08-10,CDNS,SHOVEN JOHN B,,0001209191-22-045330,2022-08-08,S,20000,186.11,5860,D,,,,,,
813672,2022-08-10,CDNS,SHOVEN JOHN B,,0001209191-22-045330,2022-08-08,M,20000,13.81,25860,D,,,,,,
813672,2022-08-17,CDNS,TAN LIP BU,,0001209191-22-046515,2022-08-16,S,18818,191.7079,639205,D,,,,,,
813672,2022-08-17,CDNS,Cunningham Paul,,0001209191-22-046511,2022-08-15,F,442,193.09,95150,D,,,,,,
813672,2022-08-17,CDNS,DEVGAN ANIRUDH,,0001209191-22-046513,2022-08-15,F,2770,193.09,186695,D,,,,,,
813672,2022-08-17,CDNS,DEVGAN ANIRUDH,,0001209191-22-046513,2022-08-16,S,2817,191.71,183878,D,,,,,,
813672,2022-08-17,CDNS,WALL JOHN M,,0001209191-22-046512,2022-08-15,F,1581,193.09,133825,D,,,,,,
813672,2022-08-17,CDNS,ZAMAN ANEEL,,0001209191-22-046510,2022-08-15,F,1384,193.09,94877,D,,,,,,
813672,2022-08-17,CDNS,TENG CHIN-CHI,,0001209191-22-046509,2022-08-15,F,1557,193.09,152992,D,,,,,,
813672,2022-08-17,CDNS,TAN LIP BU,,0001209191-22-046515,2022-08-15,F,4153,193.09,608023,D,,,,,,
813672,2022-08-17,CDNS,TAN LIP BU,,0001209191-22-046515,2022-08-15,M,50000,19.6,658023,D,,,,,,
813672,2022-08-17,CDNS,BECKLEY THOMAS P,,0001209191-22-046514,2022-08-15,F,1212,193.09,213181,D,,,,,,
813672,2022-08-23,CDNS,TAN LIP BU,,0001209191-22-047279,2022-08-19,S,10485,187.3072,1143861,I,,,,,,
813672,2022-08-29,CDNS,WALL JOHN M,,0001209191-22-047952,2022-08-25,F,1468,184.8,132357,D,,,,,,
813672,2022-08-29,CDNS,DEVGAN ANIRUDH,,0001209191-22-047955,2022-08-25,F,1496,184.8,182382,D,,,,,,
813672,2022-08-29,CDNS,Cunningham Paul,,0001209191-22-047954,2022-08-25,F,711,184.8,94439,D,,,,,,
813672,2022-08-29,CDNS,BECKLEY THOMAS P,,0001209191-22-047950,2022-08-25,F,778,184.8,212403,D,,,,,,
813672,2022-08-29,CDNS,TAN LIP BU,,0001209191-22-047958,2022-08-25,G,2590,0.0,602589,D,,,,,,
813672,2022-08-29,CDNS,TAN LIP BU,,0001209191-22-047958,2022-08-25,F,2844,184.8,605179,D,,,,,,
813672,2022-08-29,CDNS,FLAMINIA ALINKA,,0001209191-22-047956,2022-08-25,F,641,184.8,63702,D,,,,,,
813672,2022-08-29,CDNS,ZAMAN ANEEL,,0001209191-22-047957,2022-08-25,F,1184,184.8,93693,D,,,,,,
813672,2022-08-29,CDNS,TENG CHIN-CHI,,0001209191-22-047953,2022-08-25,F,888,184.8,152104,D,,,,,,
813672,2022-08-29,CDNS,ZAMAN ANEEL,,0001209191-22-047957,2022-08-26,S,1409,184.42,92284,D,,,,,,
813672,2022-08-31,CDNS,DEVGAN ANIRUDH,,0001209191-22-048181,2022-08-29,S,1523,176.3401,180859,D,,,,,,
813672,2022-08-31,CDNS,ZAMAN ANEEL,,0001209191-22-048180,2022-08-29,S,1207,176.3401,91077,D,,,,,,
813672,2022-09-08,CDNS,Cunningham Paul,,0001209191-22-049208,2022-09-06,S,250,168.39,94189,D,,,,,,
813672,2022-09-14,CDNS,TENG CHIN-CHI,,0001209191-22-049990,2022-09-12,S,9142,174.489,142962,D,,,,,,
813672,2022-09-19,CDNS,TAN LIP BU,,0001209191-22-050669,2022-09-15,M,50000,19.6,652589,D,,,,,,
813672,2022-09-19,CDNS,Nisewaner Karna,,0001209191-22-050667,2022-09-16,A,3906,0.0,17022,D,,,,,,
813672,2022-09-19,CDNS,TAN LIP BU,,0001209191-22-050669,2022-09-15,S,18536,161.8898,634053,D,,,,,,
813672,2022-09-19,CDNS,Nisewaner Karna,,0001209191-22-050667,2022-09-16,F,229,164.27,16793,D,,,,,,
813672,2022-09-19,CDNS,FLAMINIA ALINKA,,0001209191-22-050668,2022-09-19,F,3697,163.05,22720,D,,,,,,
813672,2022-09-19,CDNS,FLAMINIA ALINKA,,0001209191-22-050668,2022-09-15,D,37285,0.0,26417,D,,,,,,
813672,2022-09-23,CDNS,TAN LIP BU,,0001209191-22-051193,2022-09-21,S,7345,166.5064,1109591,I,,,,,,
813672,2022-09-28,CDNS,Adams Mark,,0001209191-22-051499,2022-09-26,S,3479,162.5145,13928,I,,,,,,
813672,2022-10-07,CDNS,Cunningham Paul,,0001209191-22-053201,2022-10-05,S,250,170.01,93939,D,,,,,,
813672,2022-10-18,CDNS,TAN LIP BU,,0001209191-22-054007,2022-10-17,S,50000,154.6613,602589,D,,,,,,
813672,2022-10-18,CDNS,TAN LIP BU,,0001209191-22-054007,2022-10-17,M,50000,19.6,652589,D,,,,,,
813672,2022-10-25,CDNS,TAN LIP BU,,0001209191-22-054554,2022-10-21,S,2300,151.423,1074636,I,,,,,,
813672,2022-11-08,CDNS,Cunningham Paul,,0001209191-22-056140,2022-11-07,S,250,143.63,93689,D,,,,,,
813672,2022-11-22,CDNS,TAN LIP BU,,0001209191-22-058509,2022-11-21,S,22585,162.1948,1014351,I,,,,,,
813672,2022-12-02,CDNS,SOHN YOUNG,,0001209191-22-059496,2022-11-30,M,10000,14.36,46372,D,,,,,,
813672,2022-12-02,CDNS,SOHN YOUNG,,0001209191-22-059496,2022-11-30,S,10000,166.0,36372,D,,,,,,
813672,2022-12-05,CDNS,SANGIOVANNI VINCENTELLI ALBERTO,,0001209191-22-059889,2022-12-01,S,3526,175.1737,104614,D,,,,,,
813672,2022-12-07,CDNS,Cunningham Paul,,0001209191-22-060265,2022-12-05,S,250,170.45,93439,D,,,,,,
813672,2022-12-19,CDNS,WALL JOHN M,,0001209191-22-062013,2022-12-15,F,4761,162.23,127596,D,,,,,,
813672,2022-12-22,CDNS,TAN LIP BU,,0001209191-22-062495,2022-12-21,S,4674,162.2604,992262,I,,,,,,
813672,2023-01-09,CDNS,Cunningham Paul,,0001209191-23-002590,2023-01-05,S,250,157.56,93189,D,,,,,,
813672,2023-01-19,CDNS,TAN LIP BU,,0001209191-23-004093,2022-12-23,G,18056,0.0,927880,I,,,,,,
813672,2023-01-19,CDNS,TAN LIP BU,,0001209191-23-004093,2023-01-17,M,42500,30.79,645089,D,,,,,,
813672,2023-01-19,CDNS,TAN LIP BU,,0001209191-23-004093,2023-01-17,S,1101,170.5175,643988,D,,,,,,
813672,2023-01-19,CDNS,TAN LIP BU,,0001209191-23-004093,2022-12-22,G,11000,0.0,945936,I,,,,,,
813672,2023-01-19,CDNS,Cunningham Paul,,0001209191-23-004097,2023-01-17,F,745,172.97,92444,D,,,,,,
813672,2023-01-25,CDNS,Nisewaner Karna,,0001209191-23-004869,2023-01-23,S,1000,180.0,15793,D,,,,,,
813672,2023-02-02,CDNS,TAN LIP BU,,0001209191-23-006294,2023-01-31,S,6783,181.649,921097,I,,,,,,
813672,2023-02-03,CDNS,Nisewaner Karna,,0001209191-23-007193,2023-02-01,S,100,181.78,15853,D,,,,,,
813672,2023-02-08,CDNS,Cunningham Paul,,0001209191-23-007873,2023-02-06,S,250,184.46,92354,D,,,,,,
813672,2023-02-14,CDNS,SANGIOVANNI VINCENTELLI ALBERTO,,0001209191-23-009467,2020-12-31,G,22180,0.0,78410,D,,,,,,
813672,2023-02-14,CDNS,SANGIOVANNI VINCENTELLI ALBERTO,,0001209191-23-009467,2023-02-10,M,10000,14.22,88410,D,,,,,,
813672,2023-02-16,CDNS,TENG CHIN-CHI,,0001209191-23-010256,2023-02-14,F,1116,199.09,140148,D,,,,,,
813672,2023-02-16,CDNS,ZAMAN ANEEL,,0001209191-23-010255,2023-02-14,F,992,199.09,90245,D,,,,,,
813672,2023-02-16,CDNS,DEVGAN ANIRUDH,,0001209191-23-010254,2023-02-14,F,2439,199.09,178580,D,,,,,,
813672,2023-02-16,CDNS,WALL JOHN M,,0001209191-23-010252,2023-02-15,S,3943,199.88,122206,D,,,,,,
813672,2023-02-16,CDNS,BECKLEY THOMAS P,,0001209191-23-010253,2023-02-14,F,820,199.09,211743,D,,,,,,
813672,2023-02-16,CDNS,WALL JOHN M,,0001209191-23-010252,2023-02-14,F,1607,199.09,126149,D,,,,,,
813672,2023-02-16,CDNS,Nisewaner Karna,,0001209191-23-010257,2023-02-15,F,480,202.26,15373,D,,,,,,
813672,2023-02-21,CDNS,TAN LIP BU,,0001209191-23-011290,2023-02-16,S,9072,194.1695,636017,D,,,,,,
813672,2023-02-21,CDNS,TAN LIP BU,,0001209191-23-011290,2023-02-16,M,42500,30.79,645089,D,,,,,,
813672,2023-02-22,CDNS,SANGIOVANNI VINCENTELLI ALBERTO,,0001209191-23-011767,2023-02-17,S,5400,193.3532,83010,D,,,,,,
813672,2023-02-27,CDNS,DEVGAN ANIRUDH,,0001209191-23-013324,2023-02-23,S,717,196.27,177863,D,,,,,,
813672,2023-02-27,CDNS,TENG CHIN-CHI,,0001209191-23-013323,2023-02-23,M,2000,56.57,142148,D,,,,,,
813672,2023-03-01,CDNS,ZAMAN ANEEL,,0001209191-23-014338,2023-02-27,F,838,193.18,87606,D,,,,,,
813672,2023-03-01,CDNS,DEVGAN ANIRUDH,,0001209191-23-014326,2023-02-27,F,1494,193.18,173939,D,,,,,,
813672,2023-03-01,CDNS,ZAMAN ANEEL,,0001209191-23-014338,2023-02-27,S,1801,195.35,88444,D,,,,,,
813672,2023-03-01,CDNS,Cunningham Paul,,0001209191-23-014323,2023-02-27,F,494,193.18,91860,D,,,,,,
813672,2023-03-01,CDNS,DEVGAN ANIRUDH,,0001209191-23-014326,2023-02-28,S,1525,193.26,172414,D,,,,,,
813672,2023-03-01,CDNS,BECKLEY THOMAS P,,0001209191-23-014319,2023-02-27,F,507,193.18,211236,D,,,,,,
813672,2023-03-01,CDNS,WALL JOHN M,,0001209191-23-014335,2023-02-27,F,1466,193.18,120740,D,,,,,,
813672,2023-03-01,CDNS,TENG CHIN-CHI,,0001209191-23-014332,2023-02-27,F,813,193.18,141335,D,,,,,,
813672,2023-03-01,CDNS,ZAMAN ANEEL,,0001209191-23-014338,2023-02-28,S,1553,193.26,86053,D,,,,,,
813672,2023-03-02,CDNS,TAN LIP BU,,0001209191-23-014813,2023-02-28,S,11955,193.3867,886085,I,,,,,,
813672,2023-03-08,CDNS,Nisewaner Karna,,0001209191-23-017331,2023-03-06,S,100,196.94,15273,D,,,,,,
813672,2023-03-13,CDNS,WALL JOHN M,,0001209191-23-018253,2023-03-09,M,37260,56.57,158000,D,,,,,,
813672,2023-03-13,CDNS,WALL JOHN M,,0001209191-23-018253,2023-03-09,S,37260,199.88,120740,D,,,,,,
813672,2023-03-17,CDNS,Nisewaner Karna,,0001209191-23-019817,2023-03-15,A,7348,0.0,22621,D,,,,,,
813672,2023-03-17,CDNS,TENG CHIN-CHI,,0001209191-23-019819,2023-03-15,F,2195,202.94,151665,D,,,,,,
813672,2023-03-17,CDNS,ZAMAN ANEEL,,0001209191-23-019867,2023-03-16,F,12642,202.94,81600,D,,,,,,
813672,2023-03-17,CDNS,ZAMAN ANEEL,,0001209191-23-019867,2023-03-15,A,13360,0.0,99413,D,,,,,,
813672,2023-03-17,CDNS,BECKLEY THOMAS P,,0001209191-23-019847,2023-03-15,F,1828,202.94,221993,D,,,,,,
813672,2023-03-17,CDNS,Cunningham Paul,,0001209191-23-019821,2022-03-15,F,1919,202.94,102466,D,,,,,,
813672,2023-03-17,CDNS,DEVGAN ANIRUDH,,0001209191-23-019856,2023-03-16,S,1832,200.6638,202991,D,,,,,,
813672,2023-03-17,CDNS,DEVGAN ANIRUDH,,0001209191-23-019856,2023-03-16,F,25285,202.94,173893,D,,,,,,
813672,2023-03-17,CDNS,Cunningham Paul,,0001209191-23-019821,2022-03-15,A,12525,0.0,104385,D,,,,,,
813672,2023-03-17,CDNS,Cunningham Paul,,0001209191-23-019821,2022-03-16,F,5342,202.94,97124,D,,,,,,
813672,2023-03-17,CDNS,ZAMAN ANEEL,,0001209191-23-019867,2023-03-16,S,5700,200.6209,106168,D,,,,,,
813672,2023-03-17,CDNS,ZAMAN ANEEL,,0001209191-23-019867,2023-03-16,M,2918,138.02,99769,D,,,,,,
813672,2023-03-17,CDNS,BECKLEY THOMAS P,,0001209191-23-019847,2023-03-15,A,12525,0.0,223761,D,,,,,,
813672,2023-03-17,CDNS,DEVGAN ANIRUDH,,0001209191-23-019856,2023-03-15,A,37956,0.0,210370,D,,,,,,
813672,2023-03-17,CDNS,WALL JOHN M,,0001209191-23-019838,2023-03-15,A,15030,0.0,135770,D,,,,,,
813672,2023-03-17,CDNS,BECKLEY THOMAS P,,0001209191-23-019847,2023-03-16,F,10944,202.94,210989,D,,,,,,
813672,2023-03-17,CDNS,Nisewaner Karna,,0001209191-23-019817,2023-03-16,F,227,207.82,22394,D,,,,,,
813672,2023-03-17,CDNS,ZAMAN ANEEL,,0001209191-23-019867,2023-03-15,F,2562,202.94,96851,D,,,,,,
813672,2023-03-17,CDNS,TENG CHIN-CHI,,0001209191-23-019819,2023-03-15,A,12525,0.0,153860,D,,,,,,
813672,2023-03-17,CDNS,DEVGAN ANIRUDH,,0001209191-23-019856,2023-03-15,F,5547,202.94,204823,D,,,,,,
813672,2023-03-17,CDNS,TAN LIP BU,,0001209191-23-019814,2023-03-16,S,3000,200.9007,642089,D,,,,,,
813672,2023-03-17,CDNS,TAN LIP BU,,0001209191-23-019814,2023-03-16,M,42500,30.79,645089,D,,,,,,
813672,2023-03-17,CDNS,TENG CHIN-CHI,,0001209191-23-019819,2023-03-16,F,12642,202.94,139023,D,,,,,,
813672,2023-03-17,CDNS,WALL JOHN M,,0001209191-23-019838,2023-03-16,F,13425,202.94,119430,D,,,,,,
813672,2023-03-17,CDNS,WALL JOHN M,,0001209191-23-019838,2023-03-15,F,2915,202.94,132855,D,,,,,,
813672,2023-03-21,CDNS,DEVGAN ANIRUDH,,0001209191-23-020332,2023-03-17,S,18964,206.7689,154929,D,,,,,,
813672,2023-03-21,CDNS,ZAMAN ANEEL,,0001209191-23-020337,2023-03-17,S,9132,206.7445,72468,D,,,,,,
813672,2023-04-04,CDNS,TAN LIP BU,,0001209191-23-022883,2023-03-31,S,10754,208.3447,857286,I,,,,,,
813672,2023-04-05,CDNS,WALL JOHN M,,0001209191-23-023391,2023-04-03,S,10795,209.2721,108635,D,,,,,,
813672,2023-04-07,CDNS,Nisewaner Karna,,0001209191-23-023821,2023-04-05,S,100,210.12,22294,D,,,,,,
813672,2023-04-18,CDNS,TAN LIP BU,,0001209191-23-024718,2023-04-14,M,42500,30.79,645089,D,,,,,,
813672,2023-04-18,CDNS,TAN LIP BU,,0001209191-23-024718,2023-04-14,S,6816,213.4728,638273,D,,,,,,
813672,2023-05-02,CDNS,TAN LIP BU,,0001209191-23-026739,2023-04-28,S,2800,208.7414,835240,I,,,,,,
813672,2023-05-03,CDNS,Nisewaner Karna,,0001209191-23-027068,2023-05-01,S,100,209.1,22194,D,,,,,,
813672,2023-05-08,CDNS,Liuson Julia,,0001209191-23-028001,2023-05-04,A,1073,0.0,4080,D,,,,,,
813672,2023-05-08,CDNS,PLUMMER JAMES D,,0001209191-23-028002,2023-05-04,G,1473,0.0,29747,D,,,,,,
813672,2023-05-08,CDNS,Adams Mark,,0001209191-23-027997,2023-05-04,G,1473,0.0,2450,D,,,,,,
813672,2023-05-08,CDNS,Adams Mark,,0001209191-23-027997,2023-05-04,A,1073,0.0,3923,D,,,,,,
813672,2023-05-08,CDNS,CHEW LEWIS,,0001209191-23-027999,2023-05-04,A,1073,0.0,6770,D,,,,,,
813672,2023-05-08,CDNS,Krakauer Mary L,,0001209191-23-028000,2023-05-04,A,1073,0.0,2632,D,,,,,,
813672,2023-05-08,CDNS,PLUMMER JAMES D,,0001209191-23-028002,2023-05-04,A,1073,0.0,31220,D,,,,,,
813672,2023-05-08,CDNS,SHOVEN JOHN B,,0001209191-23-028017,2023-05-04,G,1473,0.0,5460,D,,,,,,
813672,2023-05-08,CDNS,SHOVEN JOHN B,,0001209191-23-028017,2023-05-04,A,1073,0.0,6933,D,,,,,,
813672,2023-05-08,CDNS,SOHN YOUNG,,0001209191-23-028006,2023-05-04,A,1073,0.0,12546,D,,,,,,
813672,2023-05-08,CDNS,Brennan Ita M,,0001209191-23-028007,2023-05-04,A,1073,0.0,6723,D,,,,,,
813672,2023-05-08,CDNS,SANGIOVANNI VINCENTELLI ALBERTO,,0001209191-23-028003,2023-05-04,A,1073,0.0,79483,D,,,,,,
813672,2023-05-08,CDNS,SOHN YOUNG,,0001209191-23-028006,2021-12-07,G,24899,0.0,11473,D,,,,,,
813672,2023-05-18,CDNS,TAN LIP BU,,0001209191-23-030790,2023-05-16,S,25716,202.3219,619373,D,,,,,,
813672,2023-05-18,CDNS,TAN LIP BU,,0001209191-23-030790,2023-05-16,M,42500,30.79,645089,D,,,,,,
813672,2023-05-22,CDNS,BECKLEY THOMAS P,,0001209191-23-031611,2023-05-18,S,1100,206.3,260664,D,,,,,,
813672,2023-05-22,CDNS,BECKLEY THOMAS P,,0001209191-23-031611,2023-05-18,M,25000,30.79,235989,D,,,,,,
813672,2023-05-23,CDNS,BECKLEY THOMAS P,,0001209191-23-031692,2023-05-19,M,25000,30.79,210761,D,,,,,,
813672,2023-05-23,CDNS,BECKLEY THOMAS P,,0001209191-23-031692,2023-05-19,S,4682,215.4392,231079,D,,,,,,
813672,2023-06-01,CDNS,SOHN YOUNG,,0001209191-23-033413,2023-05-30,J,9473,0.0,3073,D,,,,,,
813672,2023-06-05,CDNS,Nisewaner Karna,,0001209191-23-034479,2023-06-01,S,100,228.57,22094,D,,,,,,
813672,2023-06-05,CDNS,Cunningham Paul,,0001209191-23-034468,2023-06-01,S,1000,228.57,96124,D,,,,,,
813672,2023-06-06,CDNS,DEVGAN ANIRUDH,,0001209191-23-034784,2023-06-05,G,52,0.0,147963,D,,,,,,
813672,2023-06-06,CDNS,DEVGAN ANIRUDH,,0001209191-23-034784,2023-06-02,G,163,0.0,148015,D,,,,,,
813672,2023-06-20,CDNS,WALL JOHN M,,0001209191-23-038593,2023-06-15,F,2380,237.77,106050,D,,,,,,
813672,2023-06-21,CDNS,TENG CHIN-CHI,,0001209191-23-038946,2023-06-16,S,1623,235.2987,137400,D,,,,,,
813672,2023-07-06,CDNS,Cunningham Paul,,0001209191-23-041648,2023-07-03,S,1000,234.1,95124,D,,,,,,
813672,2023-07-06,CDNS,Nisewaner Karna,,0001209191-23-041649,2023-07-03,S,100,234.1,21994,D,,,,,,
813672,2023-07-19,CDNS,Cunningham Paul,,0001209191-23-042790,2023-07-17,F,1000,244.44,94124,D,,,,,,
813672,2023-07-31,CDNS,PLUMMER JAMES D,,0001209191-23-043893,2019-02-07,G,4926,0.0,10627,D,,,,,,
813672,2023-07-31,CDNS,PLUMMER JAMES D,,0001209191-23-043893,2017-02-08,G,8673,0.0,21074,D,,,,,,
813672,2023-07-31,CDNS,PLUMMER JAMES D,,0001209191-23-043893,2021-02-24,G,2412,0.0,4856,D,,,,,,
813672,2023-07-31,CDNS,PLUMMER JAMES D,,0001209191-23-043893,2022-02-25,G,1377,0.0,3479,D,,,,,,
813672,2023-07-31,CDNS,PLUMMER JAMES D,,0001209191-23-043893,2020-02-22,G,3359,0.0,7268,D,,,,,,
813672,2023-07-31,CDNS,PLUMMER JAMES D,,0001209191-23-043893,2018-02-21,G,5521,0.0,15553,D,,,,,,
813672,2023-07-31,CDNS,PLUMMER JAMES D,,0001209191-23-043893,2023-07-27,S,4406,238.5401,25335,I,,,,,,
813672,2023-08-03,CDNS,Cunningham Paul,,0001209191-23-044515,2023-08-01,S,1000,231.43,93124,D,,,,,,
813672,2023-08-03,CDNS,Nisewaner Karna,,0001209191-23-044514,2023-08-01,S,100,231.43,21894,D,,,,,,
813672,2023-08-07,CDNS,ZAMAN ANEEL,,0001209191-23-044858,2023-08-03,S,271,227.85,68471,D,,,,,,
813672,2023-08-10,CDNS,Adams Mark,,0001209191-23-045339,2023-08-08,G,1473,0.0,11407,I,,,,,,
813672,2023-08-10,CDNS,WALL JOHN M,,0001209191-23-045343,2023-08-08,M,32604,78.76,138654,D,,,,,,
813672,2023-08-10,CDNS,Adams Mark,,0001209191-23-045339,2023-08-08,S,1473,229.8,2450,D,,,,,,
813672,2023-08-10,CDNS,SANGIOVANNI VINCENTELLI ALBERTO,,0001209191-23-045341,2023-08-08,S,8800,230.2296,70683,D,,,,,,
813672,2023-08-10,CDNS,WALL JOHN M,,0001209191-23-045343,2023-08-08,S,25077,228.6279,113577,D,,,,,,
813672,2023-08-17,CDNS,Nisewaner Karna,,0001209191-23-046385,2023-08-15,F,642,226.16,21252,D,,,,,,
813672,2023-08-29,CDNS,DEVGAN ANIRUDH,,0001209191-23-047662,2023-08-28,S,1523,233.97,144944,D,,,,,,
813672,2023-08-29,CDNS,ZAMAN ANEEL,,0001209191-23-047669,2023-08-29,S,826,231.5971,66461,D,,,,,,
813672,2023-08-29,CDNS,TENG CHIN-CHI,,0001209191-23-047663,2023-08-25,F,888,232.51,125277,D,,,,,,
813672,2023-08-29,CDNS,ZAMAN ANEEL,,0001209191-23-047669,2023-08-25,F,1184,232.51,67287,D,,,,,,
813672,2023-08-29,CDNS,BECKLEY THOMAS P,,0001209191-23-047660,2023-08-25,F,770,232.51,184991,D,,,,,,
813672,2023-08-29,CDNS,Cunningham Paul,,0001209191-23-047661,2023-08-25,F,710,232.51,92414,D,,,,,,
813672,2023-08-29,CDNS,WALL JOHN M,,0001209191-23-047666,2023-08-25,F,1467,232.51,88083,D,,,,,,
813672,2023-08-29,CDNS,DEVGAN ANIRUDH,,0001209191-23-047662,2023-08-25,F,1496,232.51,146467,D,,,,,,
813672,2023-09-06,CDNS,Cunningham Paul,,0001209191-23-048448,2023-09-01,S,1000,242.21,91414,D,,,,,,
813672,2023-09-06,CDNS,Nisewaner Karna,,0001209191-23-048444,2023-09-01,S,100,242.21,21152,D,,,,,,
813672,2023-09-12,CDNS,SANGIOVANNI VINCENTELLI ALBERTO,,0001209191-23-049120,2023-09-08,S,4000,241.2618,66683,D,,,,,,
813672,2023-09-19,CDNS,WALL JOHN M,,0001209191-23-050106,2023-09-15,F,1458,234.08,86625,D,,,,,,
813672,2023-09-19,CDNS,ZAMAN ANEEL,,0001209191-23-050102,2023-09-15,F,1282,234.08,64798,D,,,,,,
813672,2023-09-19,CDNS,DEVGAN ANIRUDH,,0001209191-23-050104,2023-09-15,F,2774,234.08,142170,D,,,,,,
813672,2023-09-19,CDNS,DEVGAN ANIRUDH,,0001209191-23-050104,2023-09-18,S,635,233.2068,141535,D,,,,,,
813672,2023-09-19,CDNS,Cunningham Paul,,0001209191-23-050103,2023-09-15,F,1098,234.08,90316,D,,,,,,
813672,2023-09-19,CDNS,BECKLEY THOMAS P,,0001209191-23-050100,2023-09-15,F,952,234.08,184039,D,,,,,,
813672,2023-09-19,CDNS,TENG CHIN-CHI,,0001209191-23-050105,2023-09-15,F,1098,234.08,124179,D,,,,,,
813672,2023-09-19,CDNS,ZAMAN ANEEL,,0001209191-23-050102,2023-09-19,S,1304,235.66,63494,D,,,,,,
813672,2023-09-19,CDNS,TENG CHIN-CHI,,0001209191-23-050105,2023-09-18,S,1800,233.2793,122379,D,,,,,,
813672,2023-09-20,CDNS,Nisewaner Karna,,0001209191-23-050187,2023-09-18,F,643,236.83,20509,D,,,,,,
813672,2023-10-04,CDNS,Nisewaner Karna,,0001209191-23-052040,2023-10-02,S,100,235.44,20409,D,,,,,,
813672,2023-10-04,CDNS,Cunningham Paul,,0001209191-23-052037,2023-10-02,S,1000,235.44,89316,D,,,,,,
813672,2023-10-04,CDNS,Adams Mark,,0001209191-23-052035,2023-10-02,G,1377,0.0,10030,I,,,,,,
813672,2023-10-04,CDNS,Adams Mark,,0001209191-23-052035,2023-10-02,S,1377,235.44,2450,D,,,,,,
813672,2023-11-03,CDNS,Cunningham Paul,,0001209191-23-054422,2023-11-01,S,1000,240.8,88316,D,,,,,,
813672,2023-11-03,CDNS,Adams Mark,,0001209191-23-054421,2022-02-25,G,1377,0.0,1073,D,,,,,,
813672,2023-11-03,CDNS,Adams Mark,,0001209191-23-054421,2023-11-01,S,400,240.8,11007,I,,,,,,
813672,2023-11-03,CDNS,Nisewaner Karna,,0001209191-23-054420,2023-11-01,S,100,240.8,20309,D,,,,,,
813672,2023-11-09,CDNS,WALL JOHN M,,0001209191-23-054871,2023-11-08,S,1250,255.0,85375,D,,,,,,
813672,2023-12-05,CDNS,Nisewaner Karna,,0001209191-23-057505,2023-12-01,S,700,272.85,19609,D,,,,,,
813672,2023-12-05,CDNS,Cunningham Paul,,0001209191-23-057502,2023-12-01,S,1000,272.85,87316,D,,,,,,
813672,2023-12-18,CDNS,TENG CHIN-CHI,,0001209191-23-059013,2023-12-15,S,6443,270.133,110236,D,,,,,,
813672,2023-12-18,CDNS,WALL JOHN M,,0001209191-23-059046,2023-12-15,F,2381,271.52,82994,D,,,,,,
813672,2023-12-18,CDNS,WALL JOHN M,,0001209191-23-059046,2023-12-18,S,2400,271.91,80594,D,,,,,,
813672,2023-12-19,CDNS,SOHN YOUNG,,0001209191-23-059245,2023-12-15,M,10000,13.81,13073,D,,,,,,
813672,2023-12-21,CDNS,SANGIOVANNI VINCENTELLI ALBERTO,,0001209191-23-059465,2023-12-19,S,6000,275.0,60683,D,,,,,,
813672,2024-01-04,CDNS,Nisewaner Karna,,0001209191-24-000746,2024-01-02,S,600,269.16,19009,D,,,,,,
813672,2024-01-04,CDNS,ZAMAN ANEEL,,0001209191-24-000743,2024-01-02,S,500,260.96,69702,D,,,,,,
813672,2024-01-04,CDNS,ZAMAN ANEEL,,0001209191-24-000743,2024-01-02,M,417,138.02,63911,D,,,,,,
813672,2024-01-04,CDNS,DEVGAN ANIRUDH,,0001209191-24-000749,2024-01-02,M,99886,39.58,239234,D,,,,,,
813672,2024-01-04,CDNS,DEVGAN ANIRUDH,,0001209191-24-000749,2024-01-02,S,3588,261.09,235646,D,,,,,,
813672,2024-01-04,CDNS,Cunningham Paul,,0001209191-24-000752,2024-01-02,S,1000,269.16,86316,D,,,,,,
813672,2024-01-17,CDNS,SANGIOVANNI VINCENTELLI ALBERTO,,0000813672-24-000003,2024-01-12,M,10000,13.81,70683,D,,,,,,
813672,2024-01-17,CDNS,SANGIOVANNI VINCENTELLI ALBERTO,,0000813672-24-000003,2024-01-12,S,11500,267.67,59183,D,,,,,,
813672,2024-01-22,CDNS,WALL JOHN M,,0000813672-24-000007,2024-01-18,S,2360,275.8292,114234,D,,,,,,
813672,2024-01-22,CDNS,WALL JOHN M,,0000813672-24-000007,2024-01-18,M,5000,78.76,85594,D,,,,,,
813672,2024-01-26,CDNS,SANGIOVANNI VINCENTELLI ALBERTO,,0000813672-24-000009,2024-01-24,S,4500,300.0015,54683,D,,,,,,
813672,2024-02-05,CDNS,Nisewaner Karna,,0000813672-24-000018,2024-02-01,S,600,289.5,18534,D,,,,,,
813672,2024-02-05,CDNS,Cunningham Paul,,0000813672-24-000020,2024-02-01,S,1000,289.5,85441,D,,,,,,
813672,2024-02-06,CDNS,ZAMAN ANEEL,,0000813672-24-000023,2024-02-02,S,78,290.75,63541,D,,,,,,
813672,2024-02-08,CDNS,SANGIOVANNI VINCENTELLI ALBERTO,,0000813672-24-000025,2024-02-06,S,327,298.4986,54356,D,,,,,,
813672,2024-02-20,CDNS,Nisewaner Karna,,0000813672-24-000040,2024-02-15,F,339,295.67,18195,D,,,,,,
813672,2024-02-20,CDNS,BECKLEY THOMAS P,,0000813672-24-000037,2024-02-15,S,9588,295.7363,174576,D,,,,,,
813672,2024-02-20,CDNS,BECKLEY THOMAS P,,0000813672-24-000037,2024-02-15,M,37260,56.57,193416,D,,,,,,
813672,2024-02-28,CDNS,Cunningham Paul,,0000813672-24-000043,2024-02-26,F,495,303.69,84946,D,,,,,,
813672,2024-02-28,CDNS,BECKLEY THOMAS P,,0000813672-24-000049,2024-02-26,F,779,303.69,155377,D,,,,,,
813672,2024-02-28,CDNS,DEVGAN ANIRUDH,,0000813672-24-000047,2024-02-27,S,1454,303.9,136455,D,,,,,,
813672,2024-02-28,CDNS,TENG CHIN-CHI,,0000813672-24-000051,2024-02-26,F,699,303.69,108605,D,,,,,,
813672,2024-02-28,CDNS,ZAMAN ANEEL,,0000813672-24-000053,2024-02-27,S,1207,303.9,61150,D,,,,,,
813672,2024-02-28,CDNS,DEVGAN ANIRUDH,,0000813672-24-000047,2024-02-26,F,1564,303.69,137909,D,,,,,,
813672,2024-02-28,CDNS,WALL JOHN M,,0000813672-24-000045,2024-02-26,F,1467,303.69,79252,D,,,,,,
813672,2024-02-28,CDNS,BECKLEY THOMAS P,,0000813672-24-000049,2024-02-26,S,347,305.0,155030,D,,,,,,
813672,2024-02-28,CDNS,ZAMAN ANEEL,,0000813672-24-000053,2024-02-26,F,1184,303.69,62357,D,,,,,,
813672,2024-03-01,CDNS,WALL JOHN M,,0000813672-24-000055,2024-02-28,S,2700,299.0,76552,D,,,,,,
813672,2024-03-05,CDNS,Nisewaner Karna,,0000813672-24-000063,2024-03-01,S,600,303.23,17595,D,,,,,,
813672,2024-03-05,CDNS,Cunningham Paul,,0000813672-24-000061,2024-03-01,S,1000,303.23,83946,D,,,,,,
813672,2024-03-18,CDNS,SANGIOVANNI VINCENTELLI ALBERTO,,0000813672-24-000065,2024-03-14,S,514,308.1475,52669,D,,,,,,
813672,2024-03-19,CDNS,Nisewaner Karna,,0000813672-24-000069,2024-03-18,F,322,300.93,21680,D,,,,,,
813672,2024-03-19,CDNS,BECKLEY THOMAS P,,0000813672-24-000072,2024-03-15,F,20065,298.44,134965,D,,,,,,
813672,2024-03-19,CDNS,BECKLEY THOMAS P,,0000813672-24-000072,2024-03-15,A,9605,0.0,144570,D,,,,,,
813672,2024-03-19,CDNS,WALL JOHN M,,0000813672-24-000067,2024-03-15,A,11206,0.0,62735,D,,,,,,
813672,2024-03-19,CDNS,DEVGAN ANIRUDH,,0000813672-24-000070,2024-03-15,F,49215,298.44,87240,D,,,,,,
813672,2024-03-19,CDNS,Cunningham Paul,,0000813672-24-000071,2024-03-15,F,24407,298.44,59539,D,,,,,,
813672,2024-03-19,CDNS,DEVGAN ANIRUDH,,0000813672-24-000070,2024-03-18,S,3757,300.7294,112588,D,,,,,,
813672,2024-03-19,CDNS,ZAMAN ANEEL,,0000813672-24-000066,2024-03-15,A,10138,0.0,48091,D,,,,,,
813672,2024-03-19,CDNS,Nisewaner Karna,,0000813672-24-000069,2024-03-15,F,929,298.44,16666,D,,,,,,
813672,2024-03-19,CDNS,WALL JOHN M,,0000813672-24-000067,2024-03-15,F,25023,298.44,51529,D,,,,,,
813672,2024-03-19,CDNS,ZAMAN ANEEL,,0000813672-24-000066,2024-03-18,S,1521,300.7782,46570,D,,,,,,
813672,2024-03-19,CDNS,ZAMAN ANEEL,,0000813672-24-000066,2024-03-15,F,23197,298.44,37953,D,,,,,,
813672,2024-03-19,CDNS,Cunningham Paul,,0000813672-24-000071,2024-03-15,A,9605,0.0,69144,D,,,,,,
813672,2024-03-19,CDNS,DEVGAN ANIRUDH,,0000813672-24-000070,2024-03-15,A,29105,0.0,116345,D,,,,,,
813672,2024-03-19,CDNS,Nisewaner Karna,,0000813672-24-000069,2024-03-15,A,5336,0.0,22002,D,,,,,,
813672,2024-03-19,CDNS,TENG CHIN-CHI,,0000813672-24-000068,2024-03-15,F,22802,298.44,85803,D,,,,,,
813672,2024-03-19,CDNS,TENG CHIN-CHI,,0000813672-24-000068,2024-03-15,A,9605,0.0,95408,D,,,,,,
813672,2024-03-21,CDNS,PLUMMER JAMES D,,0000813672-24-000074,2024-03-07,S,2412,315.4,22923,I,,,,,,
813672,2024-04-02,CDNS,WALL JOHN M,,0000813672-24-000075,2024-03-28,S,6929,310.25,55806,D,,,,,,
813672,2024-04-03,CDNS,Cunningham Paul,,0000813672-24-000077,2024-04-01,S,1000,310.46,68144,D,,,,,,
813672,2024-04-03,CDNS,Nisewaner Karna,,0000813672-24-000076,2024-04-01,S,600,310.46,21080,D,,,,,,
813672,2024-04-17,CDNS,SANGIOVANNI VINCENTELLI ALBERTO,,0000813672-24-000078,2024-04-15,S,465,307.37,51218,D,,,,,,
813672,2024-05-03,CDNS,Nisewaner Karna,,0000813672-24-000096,2024-05-01,S,600,275.36,20480,D,,,,,,
813672,2024-05-03,CDNS,Cunningham Paul,,0000813672-24-000095,2024-05-01,S,1000,275.36,67144,D,,,,,,
813672,2024-05-06,CDNS,SOHN YOUNG,,0000813672-24-000114,2024-05-02,A,868,0.0,13941,D,,,,,,
813672,2024-05-06,CDNS,Liuson Julia,,0000813672-24-000113,2024-05-02,A,868,0.0,4948,D,,,,,,
813672,2024-05-06,CDNS,Brennan Ita M,,0000813672-24-000116,2024-05-02,A,868,0.0,7591,D,,,,,,
813672,2024-05-06,CDNS,SANGIOVANNI VINCENTELLI ALBERTO,,0000813672-24-000112,2024-05-02,A,868,0.0,51051,D,,,,,,
813672,2024-05-06,CDNS,Krakauer Mary L,,0000813672-24-000115,2024-05-02,A,868,0.0,3500,D,,,,,,
813672,2024-05-06,CDNS,PLUMMER JAMES D,,0000813672-24-000110,2024-05-02,A,868,0.0,3274,D,,,,,,
813672,2024-05-06,CDNS,Adams Mark,,0000813672-24-000111,2024-05-02,G,1073,0.0,0,D,,,,,,
813672,2024-05-06,CDNS,CHEW LEWIS,,0000813672-24-000109,2024-05-02,A,868,0.0,7638,D,,,,,,
813672,2024-05-06,CDNS,Adams Mark,,0000813672-24-000111,2024-05-02,A,868,0.0,868,D,,,,,,
813672,2024-05-06,CDNS,PLUMMER JAMES D,,0000813672-24-000110,2024-05-02,G,1073,0.0,2406,D,,,,,,
813672,2024-05-17,CDNS,SANGIOVANNI VINCENTELLI ALBERTO,,0000813672-24-000117,2024-05-15,S,452,286.04,50599,D,,,,,,
813672,2024-06-05,CDNS,Nisewaner Karna,,0000813672-24-000132,2024-06-03,S,600,287.31,19880,D,,,,,,
813672,2024-06-10,CDNS,TENG CHIN-CHI,,0000813672-24-000139,2024-06-06,M,6000,78.76,101408,D,,,,,,
813672,2024-06-10,CDNS,TENG CHIN-CHI,,0000813672-24-000139,2024-06-06,S,750,296.09,126842,D,,,,,,
813672,2024-06-13,CDNS,Cunningham Paul,,0000813672-24-000140,2024-06-11,S,650,295.0,66494,D,,,,,,
813672,2024-06-18,CDNS,SANGIOVANNI VINCENTELLI ALBERTO,,0000813672-24-000142,2024-06-14,S,1500,309.09,48051,D,,,,,,
813672,2024-06-20,CDNS,WALL JOHN M,,0000813672-24-000143,2024-06-17,F,2381,322.08,38654,D,,,,,,
813672,2024-07-02,CDNS,TENG CHIN-CHI,,0000813672-24-000146,2024-07-01,M,10000,78.76,105408,D,,,,,,
813672,2024-07-02,CDNS,TENG CHIN-CHI,,0000813672-24-000146,2024-07-01,S,4520,304.761,100888,D,,,,,,
813672,2024-07-02,CDNS,Nisewaner Karna,,0000813672-24-000145,2024-07-01,S,600,307.75,19280,D,,,,,,
813672,2024-07-02,CDNS,Cunningham Paul,,0000813672-24-000144,2024-07-01,S,650,307.75,65844,D,,,,,,
813672,2024-07-17,CDNS,SANGIOVANNI VINCENTELLI ALBERTO,,0000813672-24-000147,2024-07-15,S,1500,314.57,46551,D,,,,,,
813672,2024-08-05,CDNS,Cunningham Paul,,0000813672-24-000156,2024-08-01,S,650,266.24,65194,D,,,,,,
813672,2024-08-19,CDNS,SANGIOVANNI VINCENTELLI ALBERTO,,0000813672-24-000167,2024-08-15,S,1500,276.24,45051,D,,,,,,
813672,2024-08-19,CDNS,Nisewaner Karna,,0000813672-24-000166,2024-08-16,S,1213,279.49,17617,D,,,,,,
813672,2024-08-19,CDNS,Nisewaner Karna,,0000813672-24-000166,2024-08-15,F,450,280.12,18830,D,,,,,,
813672,2024-08-19,CDNS,Scannell Paul,,0000813672-24-000164,2024-08-15,F,535,280.12,17953,D,,,,,,
813672,2024-08-19,CDNS,TENG CHIN-CHI,,0000813672-24-000165,2024-08-15,S,2117,275.52,103291,D,,,,,,
813672,2024-08-19,CDNS,TENG CHIN-CHI,,0000813672-24-000165,2024-08-15,M,10000,78.76,105408,D,,,,,,
813672,2024-08-21,CDNS,Scannell Paul,,0000813672-24-000168,2024-08-19,F,181,281.96,17772,D,,,,,,
813672,2024-08-29,CDNS,WALL JOHN M,,0000813672-24-000170,2024-08-28,M,1000,78.76,39654,D,,,,,,
813672,2024-08-29,CDNS,WALL JOHN M,,0000813672-24-000170,2024-08-28,S,1855,263.9,46799,D,,,,,,
813672,2024-09-05,CDNS,Cunningham Paul,,0000813672-24-000171,2024-09-03,S,650,266.89,64544,D,,,,,,
813672,2024-09-13,CDNS,DEVGAN ANIRUDH,,0000813672-24-000172,2024-09-11,G,16,264.72,67796,D,,,,,,
813672,2024-09-18,CDNS,DEVGAN ANIRUDH,,0000813672-24-000177,2024-09-16,F,6002,273.13,61794,D,,,,,,
813672,2024-09-18,CDNS,TENG CHIN-CHI,,0000813672-24-000176,2024-09-16,F,2133,273.13,93275,D,,,,,,
813672,2024-09-18,CDNS,BECKLEY THOMAS P,,0000813672-24-000174,2024-09-16,F,1849,273.13,142721,D,,,,,,
813672,2024-09-18,CDNS,Cunningham Paul,,0000813672-24-000178,2024-09-16,F,2133,273.13,62411,D,,,,,,
813672,2024-09-18,CDNS,Nisewaner Karna,,0000813672-24-000175,2024-09-17,S,659,275.98,16029,D,,,,,,
813672,2024-09-18,CDNS,Nisewaner Karna,,0000813672-24-000175,2024-09-16,F,929,273.13,16688,D,,,,,,
813672,2024-09-18,CDNS,WALL JOHN M,,0000813672-24-000173,2024-09-16,F,2776,273.13,35878,D,,,,,,
813672,2024-09-19,CDNS,SANGIOVANNI VINCENTELLI ALBERTO,,0000813672-24-000179,2024-09-17,S,1500,275.98,43551,D,,,,,,
813672,2024-10-03,CDNS,Cunningham Paul,,0000813672-24-000180,2024-10-01,S,650,273.44,61761,D,,,,,,
813672,2024-10-10,CDNS,WALL JOHN M,,0000813672-24-000182,2024-10-08,S,25,263.57,35853,D,,,,,,
813672,2024-10-17,CDNS,Scannell Paul,,0000813672-24-000184,2024-10-15,F,123,269.47,17649,D,,,,,,
813672,2024-10-17,CDNS,SANGIOVANNI VINCENTELLI ALBERTO,,0000813672-24-000183,2024-10-15,S,1500,283.66,42051,D,,,,,,
813672,2024-11-05,CDNS,Cunningham Paul,,0000813672-24-000196,2024-11-01,S,650,276.0,61111,D,,,,,,
813672,2024-11-19,CDNS,TENG CHIN-CHI,,0000813672-24-000201,2024-11-15,M,10000,56.57,103275,D,,,,,,
813672,2024-11-19,CDNS,SANGIOVANNI VINCENTELLI ALBERTO,,0000813672-24-000202,2024-11-15,S,1500,298.45,40551,D,,,,,,
813672,2024-11-19,CDNS,Scannell Paul,,0000813672-24-000200,2024-11-15,F,160,289.71,17489,D,,,,,,
813672,2024-11-19,CDNS,TENG CHIN-CHI,,0000813672-24-000201,2024-11-15,S,668,292.7582,102607,D,,,,,,
813672,2024-11-26,CDNS,TENG CHIN-CHI,,0000813672-24-000204,2024-11-22,M,5758,202.94,99033,D,,,,,,
813672,2024-11-26,CDNS,TENG CHIN-CHI,,0000813672-24-000204,2024-11-22,S,1290,308.3438,97743,D,,,,,,
813672,2024-12-04,CDNS,Cunningham Paul,,0000813672-24-000205,2024-12-02,S,650,306.19,60461,D,,,,,,
813672,2024-12-11,CDNS,Cunningham Paul,,0000813672-24-000207,2024-12-09,G,500,0.0,59961,D,,,,,,
813672,2024-12-17,CDNS,Scannell Paul,,0000813672-24-000211,2024-12-13,S,3171,305.78,14318,D,,,,,,
813672,2024-12-17,CDNS,Adams Mark,,0000813672-24-000210,2024-12-13,G,800,0.0,11280,I,,,,,,
813672,2024-12-18,CDNS,WALL JOHN M,,0000813672-24-000212,2024-12-16,F,2381,313.49,33472,D,,,,,,
813672,2024-12-18,CDNS,WALL JOHN M,,0000813672-24-000212,2024-12-18,S,4224,309.03,29248,D,,,,,,
813672,2025-01-03,CDNS,GAVRIELOV MOSHE,,0000813672-25-000003,2025-01-01,A,267,0.0,267,D,,,,,,
813672,2025-01-06,CDNS,DEVGAN ANIRUDH,,0000813672-25-000005,2025-01-02,S,1234,302.4195,60560,D,,,,,,
813672,2025-01-06,CDNS,Cunningham Paul,,0000813672-25-000004,2025-01-02,S,650,304.84,59311,D,,,,,,
813672,2025-01-07,CDNS,TENG CHIN-CHI,,0000813672-25-000006,2025-01-03,M,12500,56.57,105775,D,,,,,,
813672,2025-01-07,CDNS,TENG CHIN-CHI,,0000813672-25-000006,2025-01-03,S,1131,298.2223,104644,D,,,,,,
813672,2025-01-08,CDNS,DEVGAN ANIRUDH,,0000813672-25-000007,2025-01-06,M,93151,56.57,149025,D,,,,,,
813672,2025-01-08,CDNS,DEVGAN ANIRUDH,,0000813672-25-000007,2025-01-06,S,93151,310.0,55874,D,,,,,,
813672,2025-02-05,CDNS,Cunningham Paul,,0000813672-25-000010,2025-02-03,S,650,292.32,58773,D,,,,,,
813672,2025-02-12,CDNS,TENG CHIN-CHI,,0000813672-25-000011,2025-02-10,M,12760,56.57,106147,D,,,,,,
813672,2025-02-12,CDNS,TENG CHIN-CHI,,0000813672-25-000011,2025-02-10,S,1538,301.6765,104609,D,,,,,,
813672,2025-02-20,CDNS,Scannell Paul,,0000813672-25-000025,2025-02-18,F,281,300.43,14147,D,,,,,,
813672,2025-02-20,CDNS,Nisewaner Karna,,0000813672-25-000026,2025-02-18,F,203,300.43,15935,D,,,,,,
813672,2025-02-20,CDNS,Nisewaner Karna,,0000813672-25-000026,2025-02-18,S,571,296.1,15364,D,,,,,,
813672,2025-03-05,CDNS,Cunningham Paul,,0000813672-25-000028,2025-03-03,S,650,252.73,58123,D,,,,,,
813672,2025-03-11,CDNS,Cunningham Paul,,0000813672-25-000029,2025-03-07,M,5000,138.02,63123,D,,,,,,
813672,2025-03-19,CDNS,TENG CHIN-CHI,,0000813672-25-000034,2025-03-17,A,36611,0.0,126278,D,,,,,,
813672,2025-03-19,CDNS,Nisewaner Karna,,0000813672-25-000033,2025-03-17,F,1737,255.11,11777,D,,,,,,
813672,2025-03-19,CDNS,WALL JOHN M,,0000813672-25-000030,2025-03-17,F,4742,255.11,24618,D,,,,,,
813672,2025-03-19,CDNS,Nisewaner Karna,,0000813672-25-000033,2025-03-17,S,1850,246.25,13514,D,,,,,,
813672,2025-03-19,CDNS,Scannell Paul,,0000813672-25-000035,2025-03-17,F,2715,255.11,18857,D,,,,,,
813672,2025-03-19,CDNS,Scannell Paul,,0000813672-25-000035,2025-03-17,A,7425,0.0,21572,D,,,,,,
813672,2025-03-19,CDNS,Cunningham Paul,,0000813672-25-000031,2025-03-17,A,36611,0.0,96014,D,,,,,,
813672,2025-03-19,CDNS,DEVGAN ANIRUDH,,0000813672-25-000032,2025-03-17,A,135039,0.0,180139,D,,,,,,
813672,2025-03-19,CDNS,Cunningham Paul,,0000813672-25-000031,2025-03-17,F,3720,255.11,59403,D,,,,,,
813672,2025-03-19,CDNS,WALL JOHN M,,0000813672-25-000030,2025-03-17,A,40512,0.0,65130,D,,,,,,
813672,2025-03-19,CDNS,TENG CHIN-CHI,,0000813672-25-000034,2025-03-17,F,3720,255.11,89667,D,,,,,,
813672,2025-03-19,CDNS,DEVGAN ANIRUDH,,0000813672-25-000032,2025-03-17,F,10886,255.11,45100,D,,,,,,
813672,2025-03-19,CDNS,Nisewaner Karna,,0000813672-25-000033,2025-03-17,A,9900,0.0,21677,D,,,,,,
813672,2025-04-03,CDNS,Cunningham Paul,,0000813672-25-000040,2025-04-01,S,650,252.64,108799,D,,,,,,
813672,2025-04-28,CDNS,Brennan Ita M,,0000813672-25-000048,2025-04-24,S,180,275.0,7411,D,,,,,,
813672,2025-05-01,CDNS,Scannell Paul,,0000813672-25-000053,2025-04-29,S,4710,300.0,28442,D,,,,,,
813672,2025-05-05,CDNS,Cunningham Paul,,0000813672-25-000055,2025-05-01,S,650,303.0,108149,D,,,,,,
813672,2025-05-06,CDNS,DEVGAN ANIRUDH,,0000813672-25-000058,2025-05-02,S,10737,310.0,209548,D,,,,,,
813672,2025-05-06,CDNS,PLUMMER JAMES D,,0000813672-25-000057,2025-05-02,G,868,0.0,2406,D,,,,,,
813672,2025-05-06,CDNS,Adams Mark,,0000813672-25-000056,2025-05-02,G,868,0.0,0,D,,,,,,
813672,2025-05-08,CDNS,Scannell Paul,,0000813672-25-000059,2025-05-06,F,1239,305.78,27203,D,,,,,,
813672,2025-05-12,CDNS,GAVRIELOV MOSHE,,0000813672-25-000062,2025-05-08,A,779,0.0,1046,D,,,,,,
813672,2025-05-12,CDNS,PLUMMER JAMES D,,0000813672-25-000068,2025-05-08,A,779,0.0,3185,D,,,,,,
813672,2025-05-12,CDNS,SANGIOVANNI VINCENTELLI ALBERTO,,0000813672-25-000070,2025-05-08,A,779,0.0,41330,D,,,,,,
813672,2025-05-12,CDNS,Brennan Ita M,,0000813672-25-000069,2025-05-08,A,779,0.0,8190,D,,,,,,
813672,2025-05-12,CDNS,Krakauer Mary L,,0000813672-25-000066,2025-05-08,A,779,0.0,4279,D,,,,,,
813672,2025-05-12,CDNS,CHEW LEWIS,,0000813672-25-000064,2025-05-08,A,779,0.0,8417,D,,,,,,
813672,2025-05-12,CDNS,Adams Mark,,0000813672-25-000065,2025-05-08,A,779,0.0,779,D,,,,,,
813672,2025-05-12,CDNS,Liuson Julia,,0000813672-25-000063,2025-05-08,A,779,0.0,5727,D,,,,,,
813672,2025-05-12,CDNS,SOHN YOUNG,,0000813672-25-000067,2025-05-08,A,779,0.0,14720,D,,,,,,
813672,2025-05-16,CDNS,Taxay Marc,,0000813672-25-000074,2025-05-15,A,10599,0.0,10599,D,,,,,,
813672,2025-05-19,CDNS,Scannell Paul,,0000813672-25-000075,2025-05-15,F,159,318.77,27044,D,,,,,,
813672,2025-05-20,CDNS,PLUMMER JAMES D,,0000813672-25-000076,2025-05-16,S,868,319.9482,23996,I,,,,,,
813672,2025-06-04,CDNS,Cunningham Paul,,0000813672-25-000083,2025-06-02,S,650,285.97,107499,D,,,,,,
813672,2025-06-11,CDNS,Brennan Ita M,,0001628280-25-030833,2025-06-10,S,15,301.67,8175,D,,,,,,
813672,2025-06-16,CDNS,SOHN YOUNG,,0000813672-25-000085,2025-06-12,G,110,307.85,14610,D,,,,,,
813672,2025-06-17,CDNS,Cunningham Paul,,0000813672-25-000087,2025-06-13,S,1000,302.0,106499,D,,,,,,
813672,2025-06-20,CDNS,TENG CHIN-CHI,,0000813672-25-000088,2025-06-17,M,5392,142.5,141605,D,,,,,,
813672,2025-06-20,CDNS,TENG CHIN-CHI,,0000813672-25-000088,2025-06-17,S,890,299.84,138823,D,,,,,,
813672,2025-07-03,CDNS,Cunningham Paul,,0000813672-25-000094,2025-07-01,S,1000,306.35,105499,D,,,,,,
813672,2025-07-21,CDNS,TENG CHIN-CHI,,0000813672-25-000099,2025-07-17,M,5588,138.02,141801,D,,,,,,
813672,2025-07-21,CDNS,TENG CHIN-CHI,,0000813672-25-000099,2025-07-17,S,1795,311.88,140006,D,,,,,,
813672,2025-08-05,CDNS,Cunningham Paul,,0000813672-25-000116,2025-08-01,S,1000,358.72,104499,D,,,,,,
813672,2025-08-19,CDNS,Scannell Paul,,0000813672-25-000118,2025-08-18,F,181,356.25,26589,D,,,,,,
813672,2025-08-19,CDNS,Scannell Paul,,0000813672-25-000118,2025-08-15,F,274,349.88,26770,D,,,,,,
813672,2025-08-20,CDNS,TENG CHIN-CHI,,0000813672-25-000121,2025-08-18,S,1525,348.9,136098,D,,,,,,
813672,2025-08-20,CDNS,Cunningham Paul,,0000813672-25-000120,2025-08-18,G,1000,0.0,103499,D,,,,,,
813672,2025-08-20,CDNS,TENG CHIN-CHI,,0000813672-25-000121,2025-08-18,M,4910,78.76,137623,D,,,,,,
813672,2025-09-04,CDNS,Cunningham Paul,,0000813672-25-000127,2025-09-02,S,1000,343.95,102499,D,,,,,,
813672,2025-09-12,CDNS,Brennan Ita M,,0000813672-25-000128,2025-09-10,S,2,328.65,8008,D,,,,,,
813672,2025-09-17,CDNS,Cunningham Paul,,0000813672-25-000132,2025-09-15,F,1827,351.52,100672,D,,,,,,
813672,2025-09-17,CDNS,DEVGAN ANIRUDH,,0000813672-25-000131,2025-09-15,F,5627,351.52,203921,D,,,,,,
813672,2025-09-17,CDNS,WALL JOHN M,,0000813672-25-000130,2025-09-15,F,2300,351.52,78215,D,,,,,,
813672,2025-09-17,CDNS,TENG CHIN-CHI,,0000813672-25-000129,2025-09-15,F,1827,351.52,127386,D,,,,,,
813672,2025-10-02,CDNS,WALL JOHN M,,0000813672-25-000137,2025-09-30,S,115,348.7,78100,D,,,,,,
813672,2025-10-02,CDNS,Cunningham Paul,,0000813672-25-000133,2025-10-01,S,1000,348.27,99672,D,,,,,,
813672,2025-10-16,CDNS,DEVGAN ANIRUDH,,0000813672-25-000141,2025-10-15,F,2497,324.1,201424,D,,,,,,
813672,2025-10-16,CDNS,TENG CHIN-CHI,,0000813672-25-000140,2025-10-15,F,605,324.1,126781,D,,,,,,
813672,2025-10-16,CDNS,Cunningham Paul,,0000813672-25-000139,2025-10-15,F,605,324.1,99067,D,,,,,,
813672,2025-10-16,CDNS,WALL JOHN M,,0000813672-25-000138,2025-10-15,F,758,324.1,69957,D,,,,,,
813672,2025-11-04,CDNS,DEVGAN ANIRUDH,,0000813672-25-000149,2025-10-31,G,30,0.0,201394,D,,,,,,
813672,2025-11-05,CDNS,Cunningham Paul,,0000813672-25-000150,2025-11-03,S,1000,340.26,98067,D,,,,,,
813672,2025-11-07,CDNS,TENG CHIN-CHI,,0000813672-25-000154,2025-11-06,S,5800,324.94,123381,D,,,,,,
813672,2025-11-07,CDNS,TENG CHIN-CHI,,0000813672-25-000154,2025-11-06,M,2000,78.76,128781,D,,,,,,
813672,2025-11-07,CDNS,DEVGAN ANIRUDH,,0000813672-25-000151,2025-11-05,S,1068,325.3587,200326,D,,,,,,
813672,2025-11-07,CDNS,Scannell Paul,,0000813672-25-000153,2025-11-06,F,619,324.45,25970,D,,,,,,
813672,2025-11-19,CDNS,Scannell Paul,,0000813672-25-000158,2025-11-17,F,159,311.29,25811,D,,,,,,
813672,2025-12-03,CDNS,Cunningham Paul,,0000813672-25-000159,2025-12-01,S,1000,312.64,97067,D,,,,,,
813672,2025-12-09,CDNS,DEVGAN ANIRUDH,,0000813672-25-000160,2025-12-05,M,20000,78.76,215844,D,,,,,,
813672,2025-12-09,CDNS,DEVGAN ANIRUDH,,0000813672-25-000160,2025-12-05,S,20000,340.0,195844,D,,,,,,
813672,2025-12-10,CDNS,TENG CHIN-CHI,,0000813672-25-000161,2025-12-08,M,188,78.76,123569,D,,,,,,
813672,2025-12-10,CDNS,TENG CHIN-CHI,,0000813672-25-000161,2025-12-08,S,5977,337.99,120081,D,,,,,,
813672,2025-12-12,CDNS,Brennan Ita M,,0001494211-25-000009,2025-12-10,S,7,334.0221,7823,D,,,,,,
813672,2025-12-12,CDNS,Scannell Paul,,0000813672-25-000162,2025-12-10,S,4731,339.3285,21080,D,,,,,,
813672,2025-12-18,CDNS,WALL JOHN M,,0000813672-25-000164,2025-12-16,M,1387,138.02,71344,D,,,,,,
813672,2025-12-18,CDNS,WALL JOHN M,,0000813672-25-000164,2025-12-16,S,5500,317.3439,92262,D,,,,,,
813672,2026-01-05,CDNS,Van den hove Luc,,0000813672-26-000003,2026-01-01,A,265,0.0,265,D,,,,,,
813672,2026-01-06,CDNS,Cunningham Paul,,0000813672-26-000005,2026-01-02,S,1000,315.7,96067,D,,,,,,
813672,2026-01-12,CDNS,TENG CHIN-CHI,,0000813672-26-000006,2026-01-08,M,3000,78.76,123081,D,,,,,,
813672,2026-01-12,CDNS,TENG CHIN-CHI,,0000813672-26-000006,2026-01-08,S,6319,317.96,116762,D,,,,,,
813672,2026-02-04,CDNS,Cunningham Paul,,0000813672-26-000008,2026-02-02,S,1000,295.09,95137,D,,,,,,
813672,2026-02-19,CDNS,Scannell Paul,,0000813672-26-000017,2026-02-17,F,112,283.46,20279,D,,,,,,
813672,2026-03-04,CDNS,GAVRIELOV MOSHE,,0000813672-26-000024,2025-03-28,P,54,256.95,1130,D,,,,,,
813672,2026-03-04,CDNS,Cunningham Paul,,0000813672-26-000025,2026-03-02,S,1000,297.78,94137,D,,,,,,
813672,2026-03-04,CDNS,GAVRIELOV MOSHE,,0000813672-26-000024,2025-12-02,S,20,316.76,1110,D,,,,,,
813672,2026-03-04,CDNS,GAVRIELOV MOSHE,,0000813672-26-000024,2026-01-21,S,5,312.56,1105,D,,,,,,
813672,2026-03-18,CDNS,WALL JOHN M,,0000813672-26-000031,2026-03-16,A,15616,0.0,63826,D,,,,,,
813672,2026-03-18,CDNS,Cunningham Paul,,0000813672-26-000030,2026-03-16,A,13386,0.0,89098,D,,,,,,
813672,2026-03-18,CDNS,TENG CHIN-CHI,,0000813672-26-000027,2026-03-17,F,2362,293.75,109431,D,,,,,,
813672,2026-03-18,CDNS,DEVGAN ANIRUDH,,0000813672-26-000032,2026-03-16,A,40562,0.0,165942,D,,,,,,
813672,2026-03-18,CDNS,DEVGAN ANIRUDH,,0000813672-26-000032,2026-03-16,F,64684,292.72,131230,D,,,,,,
813672,2026-03-18,CDNS,TENG CHIN-CHI,,0000813672-26-000027,2026-03-16,A,13386,0.0,111793,D,,,,,,
813672,2026-03-18,CDNS,DEVGAN ANIRUDH,,0000813672-26-000032,2026-03-17,F,7559,293.75,158383,D,,,,,,
813672,2026-03-18,CDNS,WALL JOHN M,,0000813672-26-000031,2026-03-16,F,19516,292.72,50511,D,,,,,,
813672,2026-03-18,CDNS,Scannell Paul,,0000813672-26-000028,2026-03-16,A,13943,0.0,34222,D,,,,,,
813672,2026-03-18,CDNS,Brennan Ita M,,0000813672-26-000029,2026-03-17,S,73,293.5281,7577,D,,,,,,
813672,2026-03-18,CDNS,Cunningham Paul,,0000813672-26-000030,2026-03-16,F,16598,292.72,77539,D,,,,,,
813672,2026-03-18,CDNS,TENG CHIN-CHI,,0000813672-26-000027,2026-03-16,F,16598,292.72,100234,D,,,,,,
813672,2026-03-18,CDNS,Scannell Paul,,0000813672-26-000028,2026-03-17,F,1610,293.75,32612,D,,,,,,
813672,2026-03-18,CDNS,Taxay Marc,,0000813672-26-000026,2026-03-16,A,8366,0.0,18965,D,,,,,,
813672,2026-03-18,CDNS,WALL JOHN M,,0000813672-26-000031,2026-03-17,F,2867,293.75,60959,D,,,,,,
813672,2026-03-20,CDNS,Cunningham Paul,,0000813672-26-000034,2026-03-18,F,3546,289.64,129586,D,,,,,,
813672,2026-03-20,CDNS,Cunningham Paul,,0000813672-26-000034,2026-03-18,A,39032,0.0,125768,D,,,,,,
813672,2026-03-20,CDNS,Taxay Marc,,0000813672-26-000033,2026-03-18,A,973,0.0,19938,D,,,,,,
813672,2026-03-20,CDNS,WALL JOHN M,,0000813672-26-000038,2026-03-18,F,4239,289.64,108375,D,,,,,,
813672,2026-03-20,CDNS,TENG CHIN-CHI,,0000813672-26-000037,2026-03-18,A,39032,0.0,148463,D,,,,,,
813672,2026-03-20,CDNS,WALL JOHN M,,0000813672-26-000038,2026-03-18,A,43239,0.0,104198,D,,,,,,
813672,2026-03-20,CDNS,TENG CHIN-CHI,,0000813672-26-000037,2026-03-18,F,3546,289.64,152281,D,,,,,,
813672,2026-03-20,CDNS,Scannell Paul,,0000813672-26-000036,2026-03-18,A,8962,0.0,41574,D,,,,,,
813672,2026-03-20,CDNS,DEVGAN ANIRUDH,,0000813672-26-000035,2026-03-18,F,18138,289.64,330412,D,,,,,,
813672,2026-03-20,CDNS,Scannell Paul,,0000813672-26-000036,2026-03-18,F,4492,289.64,44446,D,,,,,,
813672,2026-03-20,CDNS,DEVGAN ANIRUDH,,0000813672-26-000035,2026-03-18,A,146849,0.0,305232,D,,,,,,
813672,2026-04-03,CDNS,Cunningham Paul,,0000813672-26-000040,2026-04-01,S,1000,280.19,128586,D,,,,,,
813672,2026-04-20,CDNS,WALL JOHN M,,0000813672-26-000041,2026-04-16,S,21500,309.45,86875,D,non_derivative,Common Stock,,,,
813672,2026-04-20,CDNS,WALL JOHN M,,0000813672-26-000041,2026-04-16,S,21500,309.45,86875,D,,,,,,
813672,2026-05-05,CDNS,Cunningham Paul,,0000813672-26-000049,2026-05-01,S,1000,337.49,127586,D,non_derivative,Common Stock,,,,
813672,2026-05-05,CDNS,Scannell Paul,,0000813672-26-000048,2026-05-01,S,10500,339.0,33946,D,non_derivative,Common Stock,,,,
813672,2026-05-05,CDNS,Cunningham Paul,,0000813672-26-000049,2026-05-01,S,1000,337.49,127586,D,,,,,,
813672,2026-05-05,CDNS,Scannell Paul,,0000813672-26-000048,2026-05-01,S,10500,339.0,33946,D,,,,,,
813672,2026-05-07,CDNS,WALL JOHN M,,0000813672-26-000050,2026-05-05,S,412,346.68,86463,D,non_derivative,Common Stock,,,,
813672,2026-05-07,CDNS,WALL JOHN M,,0000813672-26-000050,2026-05-05,S,412,346.68,86463,D,,,,,,
813672,2026-05-08,CDNS,SOHN YOUNG,,0000813672-26-000051,2026-05-06,G,72,354.9,14538,D,,,,,,
813672,2026-05-08,CDNS,SOHN YOUNG,,0000813672-26-000051,2026-05-06,G,72,354.9,14538,D,non_derivative,Common Stock,,,,
813672,2026-05-08,CDNS,Scannell Paul,,0000813672-26-000052,2026-05-06,F,619,354.9,33327,D,non_derivative,Common Stock,,,,
813672,2026-05-08,CDNS,Scannell Paul,,0000813672-26-000052,2026-05-06,F,619,354.9,33327,D,,,,,,
813672,2026-05-11,CDNS,PLUMMER JAMES D,,0000813672-26-000058,2026-05-07,G,779,0.0,2406,D,,,,,,
813672,2026-05-11,CDNS,PLUMMER JAMES D,,0000813672-26-000058,2026-05-07,A,714,0.0,3120,D,non_derivative,Common Stock,,,,
813672,2026-05-11,CDNS,Adams Mark,,0000813672-26-000065,2026-05-07,A,714,0.0,714,D,,,,,,
813672,2026-05-11,CDNS,Van den hove Luc,,0000813672-26-000059,2026-05-07,A,714,0.0,979,D,,,,,,
813672,2026-05-11,CDNS,Liuson Julia,,0000813672-26-000057,2026-05-07,A,714,0.0,6441,D,non_derivative,Common Stock,,,,
813672,2026-05-11,CDNS,SANGIOVANNI VINCENTELLI ALBERTO,,0000813672-26-000060,2026-05-07,A,714,0.0,42044,D,,,,,,
813672,2026-05-11,CDNS,SOHN YOUNG,,0000813672-26-000056,2026-05-07,A,714,0.0,15252,D,non_derivative,Common Stock,,,,
813672,2026-05-11,CDNS,Krakauer Mary L,,0000813672-26-000062,2026-05-07,A,714,0.0,4993,D,,,,,,
813672,2026-05-11,CDNS,PLUMMER JAMES D,,0000813672-26-000058,2026-05-07,A,714,0.0,3120,D,,,,,,
813672,2026-05-11,CDNS,CHEW LEWIS,,0000813672-26-000064,2026-05-07,A,714,0.0,9131,D,,,,,,
813672,2026-05-11,CDNS,GAVRIELOV MOSHE,,0000813672-26-000061,2026-05-07,A,714,0.0,1819,D,,,,,,
813672,2026-05-11,CDNS,Adams Mark,,0000813672-26-000065,2026-05-07,G,779,0.0,0,D,,,,,,
813672,2026-05-11,CDNS,SANGIOVANNI VINCENTELLI ALBERTO,,0000813672-26-000060,2026-05-07,A,714,0.0,42044,D,non_derivative,Common Stock,,,,
813672,2026-05-11,CDNS,Brennan Ita M,,0000813672-26-000063,2026-05-07,A,714,0.0,8184,D,non_derivative,Common Stock,,,,
813672,2026-05-11,CDNS,CHEW LEWIS,,0000813672-26-000064,2026-05-07,A,714,0.0,9131,D,non_derivative,Common Stock,,,,
813672,2026-05-11,CDNS,Van den hove Luc,,0000813672-26-000059,2026-05-07,A,714,0.0,979,D,non_derivative,Common Stock,,,,
813672,2026-05-11,CDNS,Liuson Julia,,0000813672-26-000057,2026-05-07,A,714,0.0,6441,D,,,,,,
813672,2026-05-11,CDNS,Brennan Ita M,,0000813672-26-000063,2026-05-07,A,714,0.0,8184,D,,,,,,
813672,2026-05-11,CDNS,PLUMMER JAMES D,,0000813672-26-000058,2026-05-07,G,779,0.0,2406,D,non_derivative,Common Stock,,,,
813672,2026-05-11,CDNS,Adams Mark,,0000813672-26-000065,2026-05-07,A,714,0.0,714,D,non_derivative,Common Stock,,,,
813672,2026-05-11,CDNS,SOHN YOUNG,,0000813672-26-000056,2026-05-07,A,714,0.0,15252,D,,,,,,
813672,2026-05-11,CDNS,Adams Mark,,0000813672-26-000065,2026-05-07,G,779,0.0,0,D,non_derivative,Common Stock,,,,
813672,2026-05-11,CDNS,GAVRIELOV MOSHE,,0000813672-26-000061,2026-05-07,A,714,0.0,1819,D,non_derivative,Common Stock,,,,
813672,2026-05-11,CDNS,Krakauer Mary L,,0000813672-26-000062,2026-05-07,A,714,0.0,4993,D,non_derivative,Common Stock,,,,
813672,2026-05-19,CDNS,Taxay Marc,,0000813672-26-000068,2026-05-15,F,1384,347.24,24014,D,,,,,,
813672,2026-05-19,CDNS,Taxay Marc,,0000813672-26-000068,2026-05-15,F,1384,347.24,24014,D,non_derivative,Common Stock,,,,
813672,2026-05-20,CDNS,Scannell Paul,,0000813672-26-000069,2026-05-15,F,75,347.24,33252,D,non_derivative,Common Stock,,,,
813672,2026-05-20,CDNS,Scannell Paul,,0000813672-26-000069,2026-05-18,S,1071,345.06,32181,D,non_derivative,Common Stock,,,,
813672,2026-05-20,CDNS,Scannell Paul,,0000813672-26-000069,2026-05-18,S,1071,345.06,32181,D,,,,,,
813672,2026-05-20,CDNS,Scannell Paul,,0000813672-26-000069,2026-05-15,F,75,347.24,33252,D,,,,,,
813672,2026-05-27,CDNS,DEVGAN ANIRUDH,,0000813672-26-000071,2026-05-22,M,25000,78.76,355412,D,non_derivative,Common Stock,,,,
813672,2026-05-27,CDNS,DEVGAN ANIRUDH,,0000813672-26-000071,2026-05-22,M,25000,0.0,26821,D,derivative,Non Qualified Stock Option (right to buy),Common Stock,25000.0,78.76,2027-02-14
813672,2026-05-27,CDNS,DEVGAN ANIRUDH,,0000813672-26-000071,2026-05-22,S,51887,370.0,303525,D,non_derivative,Common Stock,,,,
813672,2026-05-27,CDNS,TENG CHIN-CHI,,0000813672-26-000072,2026-05-22,M,1000,202.94,153281,D,non_derivative,Common Stock,,,,
813672,2026-05-27,CDNS,TENG CHIN-CHI,,0000813672-26-000072,2026-05-22,M,1000,0.0,11668,D,derivative,Non- Qualified Stock Option (right to buy,Common Stock,1000.0,202.94,2030-03-15
813672,2026-05-27,CDNS,TENG CHIN-CHI,,0000813672-26-000072,2026-05-22,S,2117,361.8808,151164,D,non_derivative,Common Stock,,,,
813672,2026-06-03,CDNS,Scannell Paul,,0000813672-26-000076,2026-06-01,M,7081,0.0,7082,D,derivative,Non-Qualified Stock Option (right to buy),Common Stock,7081.0,285.19,2031-05-06
813672,2026-06-03,CDNS,Scannell Paul,,0000813672-26-000076,2026-06-01,S,7081,393.91,32181,D,non_derivative,Common Stock,,,,
813672,2026-06-03,CDNS,DEVGAN ANIRUDH,,0000813672-26-000077,2026-06-02,S,25005,415.0,253519,D,non_derivative,Common Stock,,,,
813672,2026-06-03,CDNS,DEVGAN ANIRUDH,,0000813672-26-000077,2026-06-01,M,26821,78.76,330346,D,non_derivative,Common Stock,,,,
813672,2026-06-03,CDNS,DEVGAN ANIRUDH,,0000813672-26-000077,2026-06-01,M,26821,0.0,0,D,derivative,Non Qualified Stock Option (right to buy),Common Stock,26821.0,78.76,2027-02-14
813672,2026-06-03,CDNS,Scannell Paul,,0000813672-26-000076,2026-06-01,M,7081,285.19,39262,D,non_derivative,Common Stock,,,,
813672,2026-06-03,CDNS,DEVGAN ANIRUDH,,0000813672-26-000077,2026-06-01,S,51822,395.0,278524,D,non_derivative,Common Stock,,,,
813672,2026-06-12,CDNS,Brennan Ita M,,0000813672-26-000078,2026-06-10,S,21,383.29,8163,D,non_derivative,Common Stock,,,,
813672,2026-06-15,CDNS,PLUMMER JAMES D,,0000813672-26-000079,2026-06-11,S,1511,381.34,23264,I,non_derivative,Common Stock,,,,
813672,2026-06-17,CDNS,Cunningham Paul,,0000813672-26-000080,2026-06-15,M,1000,138.02,128586,D,non_derivative,Common Stock,,,,
813672,2026-06-17,CDNS,Cunningham Paul,,0000813672-26-000080,2026-06-15,S,2000,391.0,126586,D,non_derivative,Common Stock,,,,
813672,2026-06-17,CDNS,Cunningham Paul,,0000813672-26-000080,2026-06-15,M,1000,0.0,9328,D,derivative,Non- Qualified Stock Option (right to buy),Common Stock,1000.0,138.02,2028-02-25
813672,2026-06-24,CDNS,TENG CHIN-CHI,,0000813672-26-000082,2026-06-22,M,1000,202.94,149781,D,non_derivative,Common Stock,,,,
813672,2026-06-24,CDNS,TENG CHIN-CHI,,0000813672-26-000082,2026-06-22,S,200,379.184,149581,D,non_derivative,Common Stock,,,,
813672,2026-06-24,CDNS,TENG CHIN-CHI,,0000813672-26-000082,2026-06-22,M,1000,0.0,10668,D,derivative,Non- Qualified Stock Option (right to buy,Common Stock,1000.0,202.94,2030-03-15
813672,2026-07-17,CDNS,Cunningham Paul,,0000813672-26-000084,2026-07-15,M,1000,138.02,127586,D,non_derivative,Common Stock,,,,
813672,2026-07-17,CDNS,Cunningham Paul,,0000813672-26-000084,2026-07-15,M,1000,0.0,8328,D,derivative,Non- Qualified Stock Option (right to buy),Common Stock,1000.0,138.02,2028-02-25
813672,2026-07-17,CDNS,Cunningham Paul,,0000813672-26-000084,2026-07-15,S,2000,383.36,125586,D,non_derivative,Common Stock,,,,
813672,2026-07-23,CDNS,TENG CHIN-CHI,,0000813672-26-000085,2026-07-22,M,1000,0.0,9668,D,derivative,Non- Qualified Stock Option (right to buy,Common Stock,1000.0,202.94,2030-03-15
813672,2026-07-23,CDNS,TENG CHIN-CHI,,0000813672-26-000085,2026-07-22,M,1000,202.94,146281,D,non_derivative,Common Stock,,,,
813672,2026-07-23,CDNS,TENG CHIN-CHI,,0000813672-26-000085,2026-07-22,S,720,335.695,145561,D,non_derivative,Common Stock,,,,
813672,2026-08-03,CDNS,SOHN YOUNG,,0001223726-26-000001,2026-07-30,G,9,0.0,15243,D,non_derivative,Common Stock,,,,
