cik,filingDate,issuerTradingSymbol,reportingOwnerName,reportingOwnerRelationship,accessionNumber,transactionDate,transactionCode,transactionShares,transactionPricePerShare,sharesOwnedFollowingTransaction,directOrIndirectOwnership,transactionType,securityTitle,underlyingSecurityTitle,underlyingSecurityShares,exercisePrice,expirationDate
1679788,2021-04-20,COIN,WILSON FREDERICK R,,0001209191-21-027704,2021-04-16,J,391079,0.0,0,I,,,,,,
1679788,2021-04-20,COIN,Ehrsam Frederick Ernest III,,0001209191-21-027703,2021-04-19,S,669,338.9371,2220976,I,,,,,,
1679788,2021-04-20,COIN,Ehrsam Frederick Ernest III,,0001209191-21-027702,2021-04-16,S,800,324.6749,2349575,I,,,,,,
1679788,2021-04-20,COIN,Ehrsam Frederick Ernest III,,0001209191-21-027702,2021-04-19,S,1515,328.1007,2279360,I,,,,,,
1679788,2021-04-22,COIN,Ehrsam Frederick Ernest III,,0001209191-21-028039,2021-04-20,S,494,315.4281,2220381,I,,,,,,
1679788,2021-04-22,COIN,Ehrsam Frederick Ernest III,,0001209191-21-028039,2021-04-21,S,1300,308.315,2149575,I,,,,,,
1679788,2021-04-26,COIN,Ehrsam Frederick Ernest III,,0001209191-21-028433,2021-04-22,S,400,288.005,2085475,I,,,,,,
1679788,2021-04-26,COIN,Andreessen Marc L,,0001209191-21-028432,2021-04-22,J,1162,0.0,486322,I,,,,,,
1679788,2021-05-24,COIN,Jones Jennifer N.,,0001209191-21-035594,2021-05-20,M,2518,0.0,21001,D,,,,,,
1679788,2021-05-24,COIN,Haun Kathryn,,0001209191-21-035593,2021-05-20,M,2418,0.0,9346,D,,,,,,
1679788,2021-05-24,COIN,Jones Jennifer N.,,0001209191-21-035594,2021-05-24,F,2026,224.8,20542,D,,,,,,
1679788,2021-05-24,COIN,WILSON FREDERICK R,,0001209191-21-035595,2021-05-20,G,58069,0.0,0,I,,,,,,
1679788,2021-05-24,COIN,HAAS ALESIA J,,0001209191-21-035591,2021-05-20,M,20723,0.0,20723,D,,,,,,
1679788,2021-05-24,COIN,Choi Emilie,,0001209191-21-035590,2021-05-24,F,22832,224.8,63187,D,,,,,,
1679788,2021-05-24,COIN,HAAS ALESIA J,,0001209191-21-035591,2021-05-24,F,10275,224.8,10448,D,,,,,,
1679788,2021-05-24,COIN,Choi Emilie,,0001209191-21-035590,2021-05-20,M,46050,0.0,86019,D,,,,,,
1679788,2021-05-25,COIN,Andreessen Marc L,,0001209191-21-035604,2021-05-24,S,873,224.9947,16600,I,,,,,,
1679788,2021-05-25,COIN,"Andreessen Horowitz LSV Fund I, L.P.",,0001209191-21-035603,2021-05-21,C,5220839,0.0,5220839,I,,,,,,
1679788,2021-05-25,COIN,"Andreessen Horowitz LSV Fund I, L.P.",,0001209191-21-035603,2021-05-21,J,425185,0.0,0,I,,,,,,
1679788,2021-05-25,COIN,"Andreessen Horowitz LSV Fund I, L.P.",,0001209191-21-035603,2021-05-24,S,873,224.9947,16600,I,,,,,,
1679788,2021-05-25,COIN,"a16z Seed-III, LLC",,0001209191-21-035602,2021-05-21,C,5220839,0.0,5220839,I,,,,,,
1679788,2021-05-25,COIN,"a16z Seed-III, LLC",,0001209191-21-035602,2021-05-21,J,425185,0.0,0,I,,,,,,
1679788,2021-05-25,COIN,"a16z Seed-III, LLC",,0001209191-21-035602,2021-05-24,S,873,224.9947,16600,I,,,,,,
1679788,2021-05-25,COIN,Haun Kathryn,,0001209191-21-035775,2021-05-21,J,1154711,0.0,2263232,I,,,,,,
1679788,2021-05-25,COIN,Haun Kathryn,,0001209191-21-035775,2021-05-24,S,9522,225.2418,0,D,,,,,,
1679788,2021-05-25,COIN,Andreessen Marc L,,0001209191-21-035604,2021-05-21,C,5220839,0.0,5220839,I,,,,,,
1679788,2021-05-25,COIN,Andreessen Marc L,,0001209191-21-035604,2021-05-21,J,425185,0.0,0,I,,,,,,
1679788,2021-08-16,COIN,Haun Kathryn,,0001679788-21-000029,2021-08-12,S,2571,256.2468,107429,I,,,,,,
1679788,2021-08-16,COIN,Jones Jennifer N.,,0001679788-21-000028,2021-08-12,M,1059,18.13,21601,D,,,,,,
1679788,2021-08-16,COIN,Andreessen Marc L,,0001679788-21-000030,2021-08-12,S,109592,256.1189,828538,I,,,,,,
1679788,2021-08-16,COIN,Jones Jennifer N.,,0001679788-21-000028,2021-08-12,S,841,256.2976,22560,D,,,,,,
1679788,2021-08-18,COIN,Ehrsam Frederick Ernest III,,0001679788-21-000032,2021-08-16,S,200,253.81,2014990,I,,,,,,
1679788,2021-08-24,COIN,Choi Emilie,,0001679788-21-000038,2021-08-20,M,23026,0.0,64487,D,,,,,,
1679788,2021-08-24,COIN,Choi Emilie,,0001679788-21-000038,2021-08-24,F,11417,248.24,53070,D,,,,,,
1679788,2021-08-24,COIN,Jones Jennifer N.,,0001679788-21-000037,2021-08-24,F,625,248.24,20946,D,,,,,,
1679788,2021-08-24,COIN,Rajaram Gokul,,0001679788-21-000034,2021-08-20,M,9671,0.0,9671,D,,,,,,
1679788,2021-08-24,COIN,Choi Emilie,,0001679788-21-000038,2021-06-17,G,21726,0.0,41461,D,,,,,,
1679788,2021-08-24,COIN,HAAS ALESIA J,,0001679788-21-000035,2021-08-24,F,5137,248.24,15672,D,,,,,,
1679788,2021-08-24,COIN,Choi Emilie,,0001679788-21-000038,2021-04-15,S,12012,349.0,62143,I,,,,,,
1679788,2021-08-24,COIN,Jones Jennifer N.,,0001679788-21-000037,2021-08-20,M,1259,0.0,19742,D,,,,,,
1679788,2021-08-24,COIN,Haun Kathryn,,0001679788-21-000036,2021-08-20,M,2417,0.0,2417,D,,,,,,
1679788,2021-08-24,COIN,Haun Kathryn,,0001679788-21-000036,2021-08-23,S,2417,263.0,0,D,,,,,,
1679788,2021-08-24,COIN,HAAS ALESIA J,,0001679788-21-000035,2021-08-20,M,10361,0.0,20809,D,,,,,,
1679788,2021-08-25,COIN,WILSON FREDERICK R,,0001679788-21-000040,2021-08-23,G,19772,0.0,279973,D,,,,,,
1679788,2021-08-25,COIN,Jones Jennifer N.,,0001679788-21-000039,2021-08-23,S,1029,263.0,19009,D,,,,,,
1679788,2021-09-02,COIN,Jones Jennifer N.,,0001679788-21-000041,2021-09-01,M,346,18.13,19355,D,,,,,,
1679788,2021-09-02,COIN,Grewal Paul,,0001679788-21-000042,2021-09-01,S,1300,259.8454,48795,D,,,,,,
1679788,2021-09-02,COIN,Grewal Paul,,0001679788-21-000042,2021-09-01,M,16350,28.71,20158,D,,,,,,
1679788,2021-09-02,COIN,Jones Jennifer N.,,0001679788-21-000041,2021-09-01,S,796,260.39,19009,D,,,,,,
1679788,2021-09-02,COIN,Grewal Paul,,0001679788-21-000042,2021-08-31,S,20262,258.2567,29835,D,,,,,,
1679788,2021-09-02,COIN,Grewal Paul,,0001679788-21-000042,2021-08-31,M,29938,26.26,33746,D,,,,,,
1679788,2021-09-02,COIN,Ehrsam Frederick Ernest III,,0001679788-21-000043,2021-09-01,S,100,258.8,2004778,I,,,,,,
1679788,2021-09-07,COIN,Ehrsam Frederick Ernest III,,0001679788-21-000045,2021-09-02,S,387,267.1802,1962331,I,,,,,,
1679788,2021-09-07,COIN,Ehrsam Frederick Ernest III,,0001679788-21-000045,2021-09-03,S,100,270.265,1944743,I,,,,,,
1679788,2021-09-07,COIN,Chatterjee Surojit,,0001679788-21-000044,2021-09-02,M,20000,18.71,20000,D,,,,,,
1679788,2021-09-07,COIN,Chatterjee Surojit,,0001679788-21-000044,2021-09-02,S,1200,267.3177,18800,D,,,,,,
1679788,2021-09-24,COIN,Grewal Paul,,0001679788-21-000050,2021-09-22,M,16350,28.71,20158,D,,,,,,
1679788,2021-09-24,COIN,Grewal Paul,,0001679788-21-000050,2021-09-22,S,400,238.7425,44696,D,,,,,,
1679788,2021-09-24,COIN,Grewal Paul,,0001679788-21-000050,2021-09-23,M,16350,28.71,20158,D,,,,,,
1679788,2021-09-24,COIN,Grewal Paul,,0001679788-21-000050,2021-09-23,S,13941,237.8197,31154,D,,,,,,
1679788,2021-10-07,COIN,Jones Jennifer N.,,0001679788-21-000052,2021-10-05,M,450,23.46,19459,D,,,,,,
1679788,2021-10-07,COIN,Jones Jennifer N.,,0001679788-21-000052,2021-10-06,M,346,18.13,19355,D,,,,,,
1679788,2021-10-07,COIN,Jones Jennifer N.,,0001679788-21-000052,2021-10-05,S,450,239.0,19009,D,,,,,,
1679788,2021-10-07,COIN,Chatterjee Surojit,,0001679788-21-000051,2021-10-05,S,10000,238.0009,0,D,,,,,,
1679788,2021-10-07,COIN,Chatterjee Surojit,,0001679788-21-000051,2021-10-05,M,10000,18.71,10000,D,,,,,,
1679788,2021-10-07,COIN,Jones Jennifer N.,,0001679788-21-000052,2021-10-06,S,346,249.0,19009,D,,,,,,
1679788,2021-10-08,COIN,Ehrsam Frederick Ernest III,,0001679788-21-000053,2021-10-06,S,8741,249.4904,1934267,I,,,,,,
1679788,2021-10-13,COIN,Chatterjee Surojit,,0001679788-21-000055,2021-10-11,M,10000,18.71,10000,D,,,,,,
1679788,2021-10-13,COIN,Chatterjee Surojit,,0001679788-21-000055,2021-10-11,S,10000,263.0001,0,D,,,,,,
1679788,2021-10-19,COIN,Ehrsam Frederick Ernest III,,0001679788-21-000056,2021-10-15,S,3126,268.099,1919258,I,,,,,,
1679788,2021-10-20,COIN,Chatterjee Surojit,,0001679788-21-000057,2021-10-18,M,10000,18.71,10000,D,,,,,,
1679788,2021-10-20,COIN,Chatterjee Surojit,,0001679788-21-000057,2021-10-18,S,10000,295.0076,0,D,,,,,,
1679788,2021-10-21,COIN,Ehrsam Frederick Ernest III,,0001679788-21-000058,2021-10-19,S,71545,306.4384,1763190,I,,,,,,
1679788,2021-10-21,COIN,Ehrsam Frederick Ernest III,,0001679788-21-000058,2021-10-20,S,2500,306.5815,1755830,I,,,,,,
1679788,2021-10-22,COIN,Grewal Paul,,0001679788-21-000060,2021-10-21,M,24936,26.26,28744,D,,,,,,
1679788,2021-10-22,COIN,Grewal Paul,,0001679788-21-000060,2021-10-20,M,24937,26.26,28745,D,,,,,,
1679788,2021-10-22,COIN,Grewal Paul,,0001679788-21-000060,2021-10-20,S,620,305.6152,28125,D,,,,,,
1679788,2021-10-22,COIN,Chatterjee Surojit,,0001679788-21-000059,2021-10-20,M,10000,18.71,10000,D,,,,,,
1679788,2021-10-22,COIN,Chatterjee Surojit,,0001679788-21-000059,2021-10-20,S,10000,313.0066,0,D,,,,,,
1679788,2021-10-22,COIN,Grewal Paul,,0001679788-21-000060,2021-10-21,S,1099,298.9329,27645,D,,,,,,
1679788,2021-10-27,COIN,Choi Emilie,,0001679788-21-000062,2021-10-25,S,17414,324.0355,35656,D,,,,,,
1679788,2021-10-27,COIN,Jones Jennifer N.,,0001679788-21-000061,2021-10-25,M,11191,6.9733,30200,D,,,,,,
1679788,2021-10-27,COIN,Jones Jennifer N.,,0001679788-21-000061,2021-10-25,S,11191,324.0661,19009,D,,,,,,
1679788,2021-11-03,COIN,Ehrsam Frederick Ernest III,,0001679788-21-000064,2021-11-01,S,684,326.2829,1654051,I,,,,,,
1679788,2021-11-03,COIN,Ehrsam Frederick Ernest III,,0001679788-21-000064,2021-11-02,S,5472,344.3282,1577173,I,,,,,,
1679788,2021-11-03,COIN,Jones Jennifer N.,,0001679788-21-000063,2021-11-01,M,346,18.13,19355,D,,,,,,
1679788,2021-11-03,COIN,Jones Jennifer N.,,0001679788-21-000063,2021-11-01,S,796,324.6,19009,D,,,,,,
1679788,2021-11-04,COIN,Chatterjee Surojit,,0001679788-21-000065,2021-11-02,M,40000,18.71,40084,D,,,,,,
1679788,2021-11-04,COIN,Chatterjee Surojit,,0001679788-21-000065,2021-11-02,S,3027,333.2428,37057,D,,,,,,
1679788,2021-11-05,COIN,Ehrsam Frederick Ernest III,,0001679788-21-000066,2021-11-03,S,5992,344.0519,1571181,I,,,,,,
1679788,2021-11-05,COIN,Ehrsam Frederick Ernest III,,0001679788-21-000066,2021-11-04,S,182977,344.3129,1388204,I,,,,,,
1679788,2021-11-09,COIN,Ehrsam Frederick Ernest III,,0001679788-21-000072,2021-11-05,S,2306,344.2969,1381158,I,,,,,,
1679788,2021-11-09,COIN,Ehrsam Frederick Ernest III,,0001679788-21-000072,2021-11-08,S,300,346.4903,1380858,I,,,,,,
1679788,2021-11-10,COIN,Grewal Paul,,0001679788-21-000073,2021-11-08,S,10900,350.0,3892,D,,,,,,
1679788,2021-11-10,COIN,Chatterjee Surojit,,0001679788-21-000074,2021-11-08,S,20000,355.2879,84,D,,,,,,
1679788,2021-11-10,COIN,Chatterjee Surojit,,0001679788-21-000074,2021-11-08,M,20000,18.71,20084,D,,,,,,
1679788,2021-11-10,COIN,Grewal Paul,,0001679788-21-000073,2021-11-08,M,10900,28.71,14792,D,,,,,,
1679788,2021-11-17,COIN,Ehrsam Frederick Ernest III,,0001679788-21-000075,2021-11-15,S,2670,339.6461,1360975,I,,,,,,
1679788,2021-11-23,COIN,Jones Jennifer N.,,0001679788-21-000080,2021-11-22,S,1028,333.52,19535,D,,,,,,
1679788,2021-11-23,COIN,Choi Emilie,,0001679788-21-000076,2021-11-20,M,23025,0.0,58696,D,,,,,,
1679788,2021-11-23,COIN,Jones Jennifer N.,,0001679788-21-000080,2021-11-20,F,1533,332.55,20563,D,,,,,,
1679788,2021-11-23,COIN,Grewal Paul,,0001679788-21-000078,2021-11-20,M,57693,0.0,61585,D,,,,,,
1679788,2021-11-23,COIN,Haun Kathryn,,0001679788-21-000079,2021-11-23,S,2418,312.5,0,D,,,,,,
1679788,2021-11-23,COIN,Choi Emilie,,0001679788-21-000076,2021-11-20,F,11416,332.55,47280,D,,,,,,
1679788,2021-11-23,COIN,Jones Jennifer N.,,0001679788-21-000080,2021-11-20,M,1259,0.0,20268,D,,,,,,
1679788,2021-11-23,COIN,Grewal Paul,,0001679788-21-000078,2021-11-22,S,264,313.495,32716,D,,,,,,
1679788,2021-11-23,COIN,HAAS ALESIA J,,0001679788-21-000077,2021-11-20,M,10361,0.0,26033,D,,,,,,
1679788,2021-11-23,COIN,HAAS ALESIA J,,0001679788-21-000077,2021-11-20,F,5137,332.55,20896,D,,,,,,
1679788,2021-11-23,COIN,Grewal Paul,,0001679788-21-000078,2021-11-20,F,28605,332.55,32980,D,,,,,,
1679788,2021-11-23,COIN,Haun Kathryn,,0001679788-21-000079,2021-11-20,M,2418,0.0,2418,D,,,,,,
1679788,2021-12-02,COIN,Ehrsam Frederick Ernest III,,0001679788-21-000083,2021-11-30,G,15560,0.0,1239495,I,,,,,,
1679788,2021-12-02,COIN,Ehrsam Frederick Ernest III,,0001679788-21-000083,2021-12-01,S,863,294.3705,1238632,I,,,,,,
1679788,2021-12-02,COIN,Armstrong Brian,,0001679788-21-000082,2021-11-30,G,271000,0.0,29358,I,,,,,,
1679788,2021-12-02,COIN,Choi Emilie,,0001679788-21-000081,2021-11-30,S,5804,324.0,41476,D,,,,,,
1679788,2021-12-03,COIN,Jones Jennifer N.,,0001679788-21-000084,2021-12-01,M,346,18.13,19881,D,,,,,,
1679788,2021-12-03,COIN,Jones Jennifer N.,,0001679788-21-000084,2021-12-01,S,796,318.6,19535,D,,,,,,
1679788,2021-12-06,COIN,Ehrsam Frederick Ernest III,,0001679788-21-000086,2021-12-02,S,474,284.4139,1174309,I,,,,,,
1679788,2021-12-06,COIN,Chatterjee Surojit,,0001679788-21-000085,2021-12-02,M,30000,18.71,30084,D,,,,,,
1679788,2021-12-06,COIN,Chatterjee Surojit,,0001679788-21-000085,2021-12-02,S,1355,284.375,28729,D,,,,,,
1679788,2021-12-17,COIN,Ehrsam Frederick Ernest III,,0001679788-21-000087,2021-12-15,S,1624,249.4575,1165781,I,,,,,,
1679788,2021-12-22,COIN,Andreessen Marc L,,0001679788-21-000088,2021-12-20,C,10761104,0.0,10864179,I,,,,,,
1679788,2021-12-27,COIN,Ehrsam Frederick Ernest III,,0001679788-21-000089,2021-12-23,S,23328,268.3294,1133765,I,,,,,,
1679788,2022-01-05,COIN,Jones Jennifer N.,,0001679788-22-000001,2022-01-03,M,346,18.13,19881,D,,,,,,
1679788,2022-01-05,COIN,Jones Jennifer N.,,0001679788-22-000001,2022-01-03,S,796,256.23,19535,D,,,,,,
1679788,2022-01-06,COIN,Chatterjee Surojit,,0001679788-22-000002,2022-01-04,M,10000,18.71,10084,D,,,,,,
1679788,2022-01-06,COIN,Chatterjee Surojit,,0001679788-22-000002,2022-01-04,S,10000,253.41,84,D,,,,,,
1679788,2022-02-23,COIN,Chatterjee Surojit,,0001679788-22-000022,2022-02-20,M,2143,0.0,2227,D,,,,,,
1679788,2022-02-23,COIN,Chatterjee Surojit,,0001679788-22-000022,2022-02-20,F,1063,189.16,1164,D,,,,,,
1679788,2022-02-23,COIN,Choi Emilie,,0001679788-22-000021,2022-02-20,M,23025,0.0,64501,D,,,,,,
1679788,2022-02-23,COIN,Choi Emilie,,0001679788-22-000021,2022-02-20,F,12122,189.16,56665,D,,,,,,
1679788,2022-02-23,COIN,Grewal Paul,,0001679788-22-000020,2022-02-20,M,14423,0.0,43040,D,,,,,,
1679788,2022-02-23,COIN,Grewal Paul,,0001679788-22-000020,2022-02-20,F,6813,189.16,37513,D,,,,,,
1679788,2022-02-23,COIN,Haun Kathryn,,0001679788-22-000019,2022-02-20,M,2418,0.0,2418,D,,,,,,
1679788,2022-02-23,COIN,HAAS ALESIA J,,0001679788-22-000018,2022-02-20,M,10362,0.0,10362,D,,,,,,
1679788,2022-02-23,COIN,HAAS ALESIA J,,0001679788-22-000018,2022-02-20,F,5095,189.16,7410,D,,,,,,
1679788,2022-02-23,COIN,Kramer Kelly A.,,0001679788-22-000017,2022-02-20,M,9671,0.0,9671,D,,,,,,
1679788,2022-02-23,COIN,Jones Jennifer N.,,0001679788-22-000016,2022-02-20,M,11397,0.0,30932,D,,,,,,
1679788,2022-02-23,COIN,Jones Jennifer N.,,0001679788-22-000016,2022-02-20,F,6281,189.16,27417,D,,,,,,
1679788,2022-03-01,COIN,Grewal Paul,,0001679788-22-000035,2022-02-25,S,1207,173.8723,36306,D,,,,,,
1679788,2022-03-11,COIN,Ehrsam Frederick Ernest III,,0001679788-22-000036,2022-03-09,A,38997,0.0,2583752,I,,,,,,
1679788,2022-05-17,COIN,Ehrsam Frederick Ernest III,,0001679788-22-000050,2022-05-13,P,309605,69.5349,309605,I,,,,,,
1679788,2022-05-19,COIN,Ehrsam Frederick Ernest III,,0001679788-22-000052,2022-05-17,P,80738,63.9236,787292,I,,,,,,
1679788,2022-05-24,COIN,Choi Emilie,,0001679788-22-000054,2022-05-20,M,23025,0.0,89583,D,,,,,,
1679788,2022-05-24,COIN,Choi Emilie,,0001679788-22-000054,2022-04-14,G,55,0.0,50153,I,,,,,,
1679788,2022-05-24,COIN,Choi Emilie,,0001679788-22-000054,2022-03-04,G,9792,0.0,50208,I,,,,,,
1679788,2022-05-24,COIN,HAAS ALESIA J,,0001679788-22-000055,2022-05-23,F,6200,67.42,13714,D,,,,,,
1679788,2022-05-24,COIN,Grewal Paul,,0001679788-22-000056,2022-05-20,M,14424,0.0,50815,D,,,,,,
1679788,2022-05-24,COIN,Rajaram Gokul,,0001679788-22-000063,2022-05-20,M,1194,0.0,10865,D,,,,,,
1679788,2022-05-24,COIN,Haun Kathryn,,0001679788-22-000060,2022-03-09,G,23628,0.0,126372,I,,,,,,
1679788,2022-05-24,COIN,Ehrsam Frederick Ernest III,,0001679788-22-000057,2022-05-20,M,1213,0.0,1213,D,,,,,,
1679788,2022-05-24,COIN,HAAS ALESIA J,,0001679788-22-000055,2022-05-20,M,10361,0.0,17771,D,,,,,,
1679788,2022-05-24,COIN,Choi Emilie,,0001679788-22-000054,2022-05-23,F,13541,67.42,80328,D,,,,,,
1679788,2022-05-24,COIN,Grewal Paul,,0001679788-22-000056,2022-05-23,S,1090,67.2592,43220,D,,,,,,
1679788,2022-05-24,COIN,Grewal Paul,,0001679788-22-000056,2022-05-23,F,7790,67.42,44310,D,,,,,,
1679788,2022-05-24,COIN,Jones Jennifer N.,,0001679788-22-000053,2022-05-20,M,1259,0.0,28676,D,,,,,,
1679788,2022-05-24,COIN,Jones Jennifer N.,,0001679788-22-000053,2022-05-23,F,4444,67.42,31929,D,,,,,,
1679788,2022-05-24,COIN,Chatterjee Surojit,,0001679788-22-000058,2022-05-23,F,1063,67.42,2329,D,,,,,,
1679788,2022-05-24,COIN,Chatterjee Surojit,,0001679788-22-000058,2022-05-20,M,2143,0.0,3392,D,,,,,,
1679788,2022-05-24,COIN,Kramer Kelly A.,,0001679788-22-000059,2022-05-20,M,1270,0.0,10941,D,,,,,,
1679788,2022-05-24,COIN,Haun Kathryn,,0001679788-22-000060,2022-05-20,M,2417,0.0,28471,D,,,,,,
1679788,2022-05-24,COIN,Haun Kathryn,,0001679788-22-000060,2022-03-30,G,8,0.0,126364,I,,,,,,
1679788,2022-05-26,COIN,Ehrsam Frederick Ernest III,,0001679788-22-000064,2022-05-24,P,30030,60.6004,1121844,I,,,,,,
1679788,2022-06-03,COIN,Lutke Tobias,,0001679788-22-000070,2022-06-01,M,522,0.0,522,D,,,,,,
1679788,2022-08-15,COIN,Jones Jennifer N.,,0001679788-22-000089,2022-08-11,S,4512,97.24,27417,D,,,,,,
1679788,2022-08-15,COIN,Lutke Tobias,,0001679788-22-000088,2022-08-11,P,3930,97.24,29430,I,,,,,,
1679788,2022-08-18,COIN,Lutke Tobias,,0001679788-22-000090,2022-08-16,P,4023,90.55,33453,I,,,,,,
1679788,2022-08-23,COIN,Jones Jennifer N.,,0001679788-22-000098,2022-08-20,M,1259,0.0,28676,D,,,,,,
1679788,2022-08-23,COIN,Grewal Paul,,0001679788-22-000096,2022-08-20,F,7789,74.06,51140,D,,,,,,
1679788,2022-08-23,COIN,Choi Emilie,,0001679788-22-000097,2022-08-16,G,21726,0.0,0,I,,,,,,
1679788,2022-08-23,COIN,Choi Emilie,,0001679788-22-000097,2022-08-20,M,23025,0.0,103353,D,,,,,,
1679788,2022-08-23,COIN,Choi Emilie,,0001679788-22-000097,2022-08-20,F,13541,74.06,94097,D,,,,,,
1679788,2022-08-23,COIN,Grewal Paul,,0001679788-22-000096,2022-08-20,M,14423,0.0,57643,D,,,,,,
1679788,2022-08-23,COIN,HAAS ALESIA J,,0001679788-22-000092,2022-08-20,F,6200,74.06,20018,D,,,,,,
1679788,2022-08-23,COIN,Rajaram Gokul,,0001679788-22-000095,2022-08-20,M,9670,0.0,20535,D,,,,,,
1679788,2022-08-23,COIN,Chatterjee Surojit,,0001679788-22-000094,2022-08-20,M,2143,0.0,4472,D,,,,,,
1679788,2022-08-23,COIN,Chatterjee Surojit,,0001679788-22-000094,2022-08-20,F,1063,74.06,3409,D,,,,,,
1679788,2022-08-23,COIN,Haun Kathryn,,0001679788-22-000093,2022-08-20,M,2418,0.0,32177,D,,,,,,
1679788,2022-08-23,COIN,HAAS ALESIA J,,0001679788-22-000092,2022-08-20,M,10361,0.0,24075,D,,,,,,
1679788,2022-08-23,COIN,Jones Jennifer N.,,0001679788-22-000098,2022-08-20,F,2143,74.06,29594,D,,,,,,
1679788,2022-08-25,COIN,Lutke Tobias,,0001679788-22-000099,2022-08-23,P,5177,71.94,38630,I,,,,,,
1679788,2022-08-26,COIN,Jones Jennifer N.,,0001679788-22-000100,2022-08-24,S,2177,72.0,27417,D,,,,,,
1679788,2022-09-01,COIN,Lutke Tobias,,0001679788-22-000101,2022-08-30,P,5577,67.95,44207,I,,,,,,
1679788,2022-09-09,COIN,Lutke Tobias,,0001679788-22-000102,2022-09-07,P,5894,62.0,50101,I,,,,,,
1679788,2022-09-15,COIN,Lutke Tobias,,0001679788-22-000103,2022-09-13,P,4482,75.39,54583,I,,,,,,
1679788,2022-09-22,COIN,Lutke Tobias,,0001679788-22-000104,2022-09-20,P,5291,68.19,59874,I,,,,,,
1679788,2022-09-29,COIN,Lutke Tobias,,0001679788-22-000105,2022-09-27,P,5941,65.29,65815,I,,,,,,
1679788,2022-10-06,COIN,Lutke Tobias,,0001679788-22-000106,2022-10-04,P,5610,69.09,71425,I,,,,,,
1679788,2022-10-13,COIN,Lutke Tobias,,0001679788-22-000107,2022-10-11,P,5519,67.61,76944,I,,,,,,
1679788,2022-10-20,COIN,Lutke Tobias,,0001679788-22-000108,2022-10-18,P,5349,72.9,82293,I,,,,,,
1679788,2022-10-27,COIN,Lutke Tobias,,0001679788-22-000109,2022-10-25,P,5573,66.96,87866,I,,,,,,
1679788,2022-11-03,COIN,Lutke Tobias,,0001679788-22-000117,2022-11-01,P,5585,68.99,93451,I,,,,,,
1679788,2022-11-10,COIN,Lutke Tobias,,0001679788-22-000119,2022-11-08,P,6495,54.5,99946,I,,,,,,
1679788,2022-11-15,COIN,Armstrong Brian,,0001679788-22-000120,2022-11-11,C,17,0.0,29732,I,,,,,,
1679788,2022-11-15,COIN,Armstrong Brian,,0001679788-22-000120,2022-11-11,S,300,46.7067,29432,I,,,,,,
1679788,2022-11-17,COIN,Lutke Tobias,,0001679788-22-000121,2022-11-15,P,6952,55.0,106898,I,,,,,,
1679788,2022-11-22,COIN,Haun Kathryn,,0001679788-22-000122,2022-11-20,M,2417,0.0,32450,D,,,,,,
1679788,2022-11-22,COIN,HAAS ALESIA J,,0001679788-22-000127,2022-11-20,M,10362,0.0,30380,D,,,,,,
1679788,2022-11-22,COIN,Jones Jennifer N.,,0001679788-22-000123,2022-11-20,F,5304,45.26,32806,D,,,,,,
1679788,2022-11-22,COIN,HAAS ALESIA J,,0001679788-22-000127,2022-11-22,C,26832,0.0,53153,D,,,,,,
1679788,2022-11-22,COIN,Chatterjee Surojit,,0001679788-22-000124,2022-11-20,F,1063,45.26,4488,D,,,,,,
1679788,2022-11-22,COIN,HAAS ALESIA J,,0001679788-22-000127,2022-11-22,S,92659,42.3754,103517,D,,,,,,
1679788,2022-11-22,COIN,Grewal Paul,,0001679788-22-000126,2022-11-20,F,7789,45.26,59060,D,,,,,,
1679788,2022-11-22,COIN,Grewal Paul,,0001679788-22-000126,2022-11-20,M,14423,0.0,65563,D,,,,,,
1679788,2022-11-22,COIN,Choi Emilie,,0001679788-22-000125,2022-11-20,F,13541,45.26,107945,D,,,,,,
1679788,2022-11-22,COIN,Choi Emilie,,0001679788-22-000125,2022-11-20,M,23025,0.0,117200,D,,,,,,
1679788,2022-11-22,COIN,Jones Jennifer N.,,0001679788-22-000123,2022-11-20,M,1259,0.0,28676,D,,,,,,
1679788,2022-11-22,COIN,HAAS ALESIA J,,0001679788-22-000127,2022-11-22,M,143023,18.13,196176,D,,,,,,
1679788,2022-11-22,COIN,Haun Kathryn,,0001679788-22-000122,2022-10-31,G,2144,0.0,30033,D,,,,,,
1679788,2022-11-22,COIN,HAAS ALESIA J,,0001679788-22-000127,2022-11-20,F,6201,45.26,26321,D,,,,,,
1679788,2022-11-22,COIN,Chatterjee Surojit,,0001679788-22-000124,2022-11-20,M,2142,0.0,5551,D,,,,,,
1679788,2022-11-23,COIN,Armstrong Brian,,0001679788-22-000129,2022-11-21,C,14866,0.0,14866,I,,,,,,
1679788,2022-11-23,COIN,Armstrong Brian,,0001679788-22-000129,2022-11-21,S,7375,41.2082,7491,I,,,,,,
1679788,2022-11-23,COIN,HAAS ALESIA J,,0001679788-22-000130,2022-11-22,S,12749,42.35,79568,D,,,,,,
1679788,2022-11-23,COIN,Lutke Tobias,,0001679788-22-000128,2022-11-22,P,8974,42.35,115872,I,,,,,,
1679788,2022-11-28,COIN,Jones Jennifer N.,,0001679788-22-000131,2022-11-23,S,2175,43.85,30631,D,,,,,,
1679788,2022-11-29,COIN,Grewal Paul,,0001679788-22-000132,2022-11-25,S,1818,44.3851,57242,D,,,,,,
1679788,2022-12-07,COIN,Armstrong Brian,,0001679788-22-000136,2022-12-05,C,14866,0.0,14866,I,,,,,,
1679788,2022-12-07,COIN,Armstrong Brian,,0001679788-22-000136,2022-12-05,S,7019,46.1165,7847,I,,,,,,
1679788,2022-12-08,COIN,Lutke Tobias,,0001679788-22-000137,2022-11-29,P,8704,43.05,124576,I,,,,,,
1679788,2022-12-08,COIN,Lutke Tobias,,0001679788-22-000137,2022-12-06,P,8043,45.73,132619,I,,,,,,
1679788,2022-12-15,COIN,HAAS ALESIA J,,0001679788-22-000138,2022-12-13,S,37538,44.6093,192030,D,,,,,,
1679788,2022-12-15,COIN,Lutke Tobias,,0001679788-22-000139,2022-12-13,P,8685,46.04,141304,I,,,,,,
1679788,2022-12-15,COIN,HAAS ALESIA J,,0001679788-22-000138,2022-12-13,C,150000,0.0,229568,D,,,,,,
1679788,2022-12-22,COIN,Armstrong Brian,,0001679788-22-000141,2022-12-20,S,10116,35.0131,4750,I,,,,,,
1679788,2022-12-22,COIN,Lutke Tobias,,0001679788-22-000140,2022-12-20,P,10520,34.75,151824,I,,,,,,
1679788,2022-12-22,COIN,Armstrong Brian,,0001679788-22-000141,2022-12-20,C,14866,0.0,14866,I,,,,,,
1679788,2022-12-29,COIN,Lutke Tobias,,0001679788-22-000143,2022-12-28,P,11332,32.58,163156,I,,,,,,
1679788,2022-12-29,COIN,HAAS ALESIA J,,0001679788-22-000142,2022-12-27,C,150000,0.0,287568,D,,,,,,
1679788,2022-12-29,COIN,HAAS ALESIA J,,0001679788-22-000142,2022-12-27,S,63069,33.5226,224499,D,,,,,,
1679788,2023-01-06,COIN,Armstrong Brian,,0001679788-23-000002,2023-01-04,S,2700,35.1244,12166,I,,,,,,
1679788,2023-01-06,COIN,Lutke Tobias,,0001679788-23-000001,2023-01-04,P,11012,34.62,174168,I,,,,,,
1679788,2023-01-06,COIN,Armstrong Brian,,0001679788-23-000002,2023-01-04,C,14866,0.0,14866,I,,,,,,
1679788,2023-01-12,COIN,HAAS ALESIA J,,0001679788-23-000005,2023-01-10,C,150000,0.0,343568,D,,,,,,
1679788,2023-01-12,COIN,HAAS ALESIA J,,0001679788-23-000005,2023-01-10,S,50230,37.8741,293338,D,,,,,,
1679788,2023-01-12,COIN,Lutke Tobias,,0001679788-23-000004,2023-01-10,P,9668,37.76,183836,I,,,,,,
1679788,2023-01-18,COIN,Armstrong Brian,,0001679788-23-000006,2023-01-13,C,58053,0.0,58053,I,,,,,,
1679788,2023-01-18,COIN,Armstrong Brian,,0001679788-23-000006,2023-01-13,S,58053,50.0649,0,I,,,,,,
1679788,2023-01-18,COIN,Armstrong Brian,,0001679788-23-000006,2023-01-17,C,31143,0.0,31143,I,,,,,,
1679788,2023-01-18,COIN,Armstrong Brian,,0001679788-23-000006,2023-01-17,S,4450,51.3497,26693,I,,,,,,
1679788,2023-01-20,COIN,Lutke Tobias,,0001679788-23-000007,2023-01-18,P,6834,54.21,190670,I,,,,,,
1679788,2023-01-26,COIN,Lutke Tobias,,0001679788-23-000008,2023-01-24,P,6612,54.38,197282,I,,,,,,
1679788,2023-02-01,COIN,Armstrong Brian,,0001679788-23-000010,2023-01-30,C,29732,0.0,29732,I,,,,,,
1679788,2023-02-01,COIN,Armstrong Brian,,0001679788-23-000010,2023-01-30,S,1656,56.0526,28076,I,,,,,,
1679788,2023-02-02,COIN,Lutke Tobias,,0001679788-23-000012,2023-01-31,P,6588,57.7,203870,I,,,,,,
1679788,2023-02-06,COIN,Grewal Paul,,0001679788-23-000014,2023-02-02,S,1818,77.062,55424,D,,,,,,
1679788,2023-02-06,COIN,Armstrong Brian,,0001679788-23-000013,2023-02-02,C,44598,0.0,44598,I,,,,,,
1679788,2023-02-06,COIN,Armstrong Brian,,0001679788-23-000013,2023-02-02,S,3000,75.2058,41598,I,,,,,,
1679788,2023-02-09,COIN,Lutke Tobias,,0001679788-23-000020,2023-02-07,P,4960,72.95,208830,I,,,,,,
1679788,2023-02-16,COIN,Armstrong Brian,,0001679788-23-000023,2023-02-14,C,29732,0.0,29732,I,,,,,,
1679788,2023-02-16,COIN,Armstrong Brian,,0001679788-23-000023,2023-02-14,S,2400,55.7491,27332,I,,,,,,
1679788,2023-02-22,COIN,HAAS ALESIA J,,0001679788-23-000039,2023-02-20,M,10361,0.0,265929,D,,,,,,
1679788,2023-02-22,COIN,Jones Jennifer N.,,0001679788-23-000041,2023-02-20,M,11397,0.0,42028,D,,,,,,
1679788,2023-02-22,COIN,Grewal Paul,,0001679788-23-000038,2023-02-20,M,14423,0.0,69847,D,,,,,,
1679788,2023-02-22,COIN,Haun Kathryn,,0001679788-23-000040,2023-02-10,G,128508,0.0,0,I,,,,,,
1679788,2023-02-22,COIN,HAAS ALESIA J,,0001679788-23-000039,2023-02-20,F,6200,65.2,261872,D,,,,,,
1679788,2023-02-22,COIN,Haun Kathryn,,0001679788-23-000040,2023-02-20,M,2418,0.0,112640,D,,,,,,
1679788,2023-02-22,COIN,Jones Jennifer N.,,0001679788-23-000041,2023-02-20,F,8210,65.2,42949,D,,,,,,
1679788,2023-02-22,COIN,Brock Lawrence J,,0001679788-23-000037,2023-02-20,F,10727,65.2,29023,D,,,,,,
1679788,2023-02-22,COIN,Grewal Paul,,0001679788-23-000038,2023-02-20,F,7422,65.2,67060,D,,,,,,
1679788,2023-02-22,COIN,Choi Emilie,,0001679788-23-000036,2023-02-20,M,23026,0.0,130078,D,,,,,,
1679788,2023-02-22,COIN,Choi Emilie,,0001679788-23-000036,2023-02-20,F,17086,65.2,128444,D,,,,,,
1679788,2023-02-22,COIN,Kramer Kelly A.,,0001679788-23-000034,2023-02-20,M,9670,0.0,20611,D,,,,,,
1679788,2023-02-22,COIN,Brock Lawrence J,,0001679788-23-000037,2023-02-20,M,24176,0.0,35115,D,,,,,,
1679788,2023-02-22,COIN,Lutke Tobias,,0001679788-23-000035,2023-02-20,M,622,0.0,1144,D,,,,,,
1679788,2023-02-24,COIN,Brock Lawrence J,,0001679788-23-000042,2023-02-22,S,16215,59.4565,12808,D,,,,,,
1679788,2023-02-27,COIN,Jones Jennifer N.,,0001679788-23-000043,2023-02-23,S,1600,60.6113,41349,D,,,,,,
1679788,2023-03-01,COIN,Grewal Paul,,0001679788-23-000044,2023-02-27,S,1438,59.1075,65622,D,,,,,,
1679788,2023-03-03,COIN,Armstrong Brian,,0001679788-23-000045,2023-03-01,C,29732,0.0,29732,I,,,,,,
1679788,2023-03-03,COIN,Armstrong Brian,,0001679788-23-000045,2023-03-01,S,11415,63.8885,18317,I,,,,,,
1679788,2023-03-15,COIN,Armstrong Brian,,0001679788-23-000046,2023-03-13,C,29732,0.0,29732,I,,,,,,
1679788,2023-03-15,COIN,Armstrong Brian,,0001679788-23-000046,2023-03-13,S,1400,51.2708,28332,I,,,,,,
1679788,2023-03-21,COIN,Armstrong Brian,,0001679788-23-000047,2023-03-17,C,28026,0.0,28026,I,,,,,,
1679788,2023-03-21,COIN,Armstrong Brian,,0001679788-23-000047,2023-03-17,S,22886,75.3548,5140,I,,,,,,
1679788,2023-03-21,COIN,Armstrong Brian,,0001679788-23-000047,2023-03-20,C,1706,0.0,1706,I,,,,,,
1679788,2023-03-21,COIN,Armstrong Brian,,0001679788-23-000047,2023-03-20,S,1606,75.2426,100,I,,,,,,
1679788,2023-03-22,COIN,Grewal Paul,,0001679788-23-000052,2023-03-20,S,1485,77.0,63250,D,,,,,,
1679788,2023-03-22,COIN,Grewal Paul,,0001679788-23-000052,2023-03-21,S,840,77.0367,62410,D,,,,,,
1679788,2023-03-29,COIN,Armstrong Brian,,0001679788-23-000053,2023-03-27,C,29730,0.0,29730,I,,,,,,
1679788,2023-03-29,COIN,Armstrong Brian,,0001679788-23-000053,2023-03-27,S,7391,61.0972,22339,I,,,,,,
1679788,2023-04-12,COIN,Armstrong Brian,,0001679788-23-000054,2023-04-10,C,29730,0.0,29730,I,,,,,,
1679788,2023-04-12,COIN,Armstrong Brian,,0001679788-23-000054,2023-04-10,S,7751,60.3374,21979,I,,,,,,
1679788,2023-04-26,COIN,Armstrong Brian,,0001679788-23-000055,2023-04-24,C,29730,0.0,29730,I,,,,,,
1679788,2023-04-26,COIN,Armstrong Brian,,0001679788-23-000055,2023-04-24,S,18939,54.6781,10791,I,,,,,,
1679788,2023-05-09,COIN,Armstrong Brian,,0001679788-23-000074,2023-05-08,C,29730,0.0,29730,I,,,,,,
1679788,2023-05-09,COIN,Armstrong Brian,,0001679788-23-000074,2023-05-08,S,9961,55.2063,19769,I,,,,,,
1679788,2023-05-11,COIN,Ehrsam Frederick Ernest III,,0001209191-23-028859,2023-05-09,P,60000,59.3297,1181844,I,,,,,,
1679788,2023-05-11,COIN,Ehrsam Frederick Ernest III,,0001209191-23-028859,2023-05-10,P,65200,60.5118,1287044,I,,,,,,
1679788,2023-05-23,COIN,Jones Jennifer N.,,0001679788-23-000080,2023-05-20,F,1680,56.78,36456,D,,,,,,
1679788,2023-05-23,COIN,HAAS ALESIA J,,0001679788-23-000079,2023-05-20,F,6200,56.78,268176,D,,,,,,
1679788,2023-05-23,COIN,HAAS ALESIA J,,0001679788-23-000079,2023-05-20,M,10361,0.0,272233,D,,,,,,
1679788,2023-05-23,COIN,Grewal Paul,,0001679788-23-000078,2023-05-20,M,14424,0.0,77233,D,,,,,,
1679788,2023-05-23,COIN,Jones Jennifer N.,,0001679788-23-000080,2023-05-20,M,723,0.0,35475,D,,,,,,
1679788,2023-05-23,COIN,Grewal Paul,,0001679788-23-000078,2023-05-20,F,9451,56.78,72418,D,,,,,,
1679788,2023-05-23,COIN,Brock Lawrence J,,0001679788-23-000076,2023-05-20,F,12737,56.78,28964,D,,,,,,
1679788,2023-05-23,COIN,Brock Lawrence J,,0001679788-23-000076,2023-05-20,M,24177,0.0,37065,D,,,,,,
1679788,2023-05-23,COIN,Choi Emilie,,0001679788-23-000077,2023-05-20,M,23025,0.0,179422,D,,,,,,
1679788,2023-05-23,COIN,Choi Emilie,,0001679788-23-000077,2023-05-20,F,19078,56.78,175795,D,,,,,,
1679788,2023-05-26,COIN,Armstrong Brian,,0001679788-23-000082,2023-05-24,C,29730,0.0,29730,I,,,,,,
1679788,2023-05-26,COIN,Armstrong Brian,,0001679788-23-000082,2023-05-24,S,11846,57.1322,17884,I,,,,,,
1679788,2023-05-26,COIN,Brock Lawrence J,,0001679788-23-000081,2023-05-24,S,14207,57.8339,14757,D,,,,,,
1679788,2023-05-30,COIN,Grewal Paul,,0001679788-23-000083,2023-05-25,S,1318,56.6346,71100,D,,,,,,
1679788,2023-06-05,COIN,Ehrsam Frederick Ernest III,,0001679788-23-000088,2023-06-01,M,4662,0.0,4662,D,,,,,,
1679788,2023-06-05,COIN,Kramer Kelly A.,,0001679788-23-000086,2023-06-01,M,5199,0.0,25810,D,,,,,,
1679788,2023-06-05,COIN,Haun Kathryn,,0001679788-23-000087,2023-06-01,M,4953,0.0,117593,D,,,,,,
1679788,2023-06-05,COIN,Rajaram Gokul,,0001679788-23-000084,2023-06-01,M,4908,0.0,25443,D,,,,,,
1679788,2023-06-05,COIN,Lutke Tobias,,0001679788-23-000085,2023-06-01,M,4371,0.0,5515,D,,,,,,
1679788,2023-06-05,COIN,Rajaram Gokul,,0001679788-23-000084,2023-06-02,S,1145,65.0,24298,D,,,,,,
1679788,2023-06-06,COIN,Jones Jennifer N.,,0001679788-23-000089,2023-06-02,S,1704,65.0,34752,D,,,,,,
1679788,2023-06-07,COIN,Armstrong Brian,,0001679788-23-000090,2023-06-05,C,29730,0.0,29730,I,,,,,,
1679788,2023-06-07,COIN,Armstrong Brian,,0001679788-23-000090,2023-06-05,S,3400,56.7083,26330,I,,,,,,
1679788,2023-06-22,COIN,Armstrong Brian,,0001679788-23-000098,2023-06-20,C,29730,0.0,29730,I,,,,,,
1679788,2023-06-22,COIN,Armstrong Brian,,0001679788-23-000098,2023-06-20,S,3519,54.1994,26211,I,,,,,,
1679788,2023-06-29,COIN,Jones Jennifer N.,,0001679788-23-000099,2023-06-27,C,74375,0.0,109127,D,,,,,,
1679788,2023-06-29,COIN,Jones Jennifer N.,,0001679788-23-000099,2023-06-27,S,74375,70.0,34752,D,,,,,,
1679788,2023-07-06,COIN,Grewal Paul,,0001209191-23-041534,2023-07-03,S,1818,77.0395,68782,D,,,,,,
1679788,2023-07-06,COIN,Rajaram Gokul,,0001209191-23-041538,2023-07-03,S,4580,80.0264,19718,D,,,,,,
1679788,2023-07-06,COIN,Jones Jennifer N.,,0001209191-23-041537,2023-07-03,S,7335,75.0,27417,D,,,,,,
1679788,2023-07-06,COIN,Armstrong Brian,,0001209191-23-041531,2023-07-03,C,29730,0.0,29730,I,,,,,,
1679788,2023-07-06,COIN,Armstrong Brian,,0001209191-23-041531,2023-07-05,C,44595,0.0,44595,I,,,,,,
1679788,2023-07-06,COIN,Armstrong Brian,,0001209191-23-041531,2023-07-05,S,9080,76.8715,35515,I,,,,,,
1679788,2023-07-06,COIN,Armstrong Brian,,0001209191-23-041531,2023-07-03,S,1895,76.271,27835,I,,,,,,
1679788,2023-07-12,COIN,Rajaram Gokul,,0001209191-23-042074,2023-07-10,S,1145,79.08,18573,D,,,,,,
1679788,2023-07-17,COIN,Jones Jennifer N.,,0001209191-23-042425,2023-07-13,S,9897,100.0,27417,D,,,,,,
1679788,2023-07-17,COIN,Grewal Paul,,0001209191-23-042422,2023-07-14,M,3573,26.26,60433,D,,,,,,
1679788,2023-07-17,COIN,Jones Jennifer N.,,0001209191-23-042425,2023-07-13,M,4498,18.13,31915,D,,,,,,
1679788,2023-07-17,COIN,Grewal Paul,,0001209191-23-042422,2023-07-14,S,3573,110.07,56860,D,,,,,,
1679788,2023-07-17,COIN,Armstrong Brian,,0001209191-23-042421,2023-07-13,S,6133,100.5029,23597,I,,,,,,
1679788,2023-07-17,COIN,Grewal Paul,,0001209191-23-042422,2023-07-13,S,11922,100.1443,56860,D,,,,,,
1679788,2023-07-17,COIN,Armstrong Brian,,0001209191-23-042421,2023-07-13,C,29730,0.0,29730,I,,,,,,
1679788,2023-07-18,COIN,Rajaram Gokul,,0001209191-23-042567,2023-07-14,S,4580,106.65,13993,D,,,,,,
1679788,2023-07-20,COIN,Armstrong Brian,,0001209191-23-042896,2023-07-18,C,59460,0.0,59460,I,,,,,,
1679788,2023-07-20,COIN,Armstrong Brian,,0001209191-23-042896,2023-07-18,S,3211,102.5985,56249,I,,,,,,
1679788,2023-08-03,COIN,Armstrong Brian,,0001209191-23-044421,2023-08-01,C,29725,0.0,29725,I,,,,,,
1679788,2023-08-03,COIN,Armstrong Brian,,0001209191-23-044421,2023-08-01,S,2500,89.8498,27225,I,,,,,,
1679788,2023-08-15,COIN,WILSON FREDERICK R,,0001209191-23-045891,2023-08-11,G,10500,0.0,231473,D,,,,,,
1679788,2023-08-21,COIN,Rajaram Gokul,,0001209191-23-046698,2023-08-17,S,1145,78.38,12848,D,,,,,,
1679788,2023-08-22,COIN,Jones Jennifer N.,,0001209191-23-046892,2023-08-20,F,1680,73.19,29121,D,,,,,,
1679788,2023-08-22,COIN,HAAS ALESIA J,,0001209191-23-046891,2023-08-20,M,10362,0.0,278538,D,,,,,,
1679788,2023-08-22,COIN,Brock Lawrence J,,0001209191-23-046878,2023-08-20,M,24176,0.0,38933,D,,,,,,
1679788,2023-08-22,COIN,Choi Emilie,,0001209191-23-046886,2023-08-20,F,19078,73.19,195185,D,,,,,,
1679788,2023-08-22,COIN,Jones Jennifer N.,,0001209191-23-046892,2023-08-20,M,723,0.0,28140,D,,,,,,
1679788,2023-08-22,COIN,Grewal Paul,,0001209191-23-046888,2023-08-20,F,9450,73.19,66469,D,,,,,,
1679788,2023-08-22,COIN,Choi Emilie,,0001209191-23-046886,2023-08-20,M,23025,0.0,198810,D,,,,,,
1679788,2023-08-22,COIN,HAAS ALESIA J,,0001209191-23-046891,2023-08-20,F,6201,73.19,274480,D,,,,,,
1679788,2023-08-22,COIN,Brock Lawrence J,,0001209191-23-046878,2023-08-20,F,12736,73.19,30833,D,,,,,,
1679788,2023-08-22,COIN,Grewal Paul,,0001209191-23-046888,2023-08-20,M,14423,0.0,71283,D,,,,,,
1679788,2023-08-28,COIN,Jones Jennifer N.,,0001209191-23-047510,2023-08-24,S,1704,77.76,27417,D,,,,,,
1679788,2023-08-29,COIN,Grewal Paul,,0001209191-23-047576,2023-08-25,S,384,73.0475,66085,D,,,,,,
1679788,2023-08-31,COIN,Grewal Paul,,0001209191-23-047849,2023-08-29,S,2402,77.0339,61665,D,,,,,,
1679788,2023-09-06,COIN,Brock Lawrence J,,0001209191-23-048382,2023-09-01,S,10400,77.8237,20433,D,,,,,,
1679788,2023-09-25,COIN,Rajaram Gokul,,0001209191-23-050499,2023-09-21,S,1145,74.38,11703,D,,,,,,
1679788,2023-10-23,COIN,Rajaram Gokul,,0001209191-23-053333,2023-10-19,S,1145,74.34,10558,D,,,,,,
1679788,2023-11-13,COIN,Haun Kathryn,,0001209191-23-055104,2023-11-09,S,5000,99.0,112593,D,,,,,,
1679788,2023-11-17,COIN,Haun Kathryn,,0001209191-23-055730,2023-11-15,S,3447,99.0,109146,D,,,,,,
1679788,2023-11-20,COIN,Armstrong Brian,,0001209191-23-056123,2023-11-16,S,1000,94.9355,17500,I,,,,,,
1679788,2023-11-20,COIN,Rajaram Gokul,,0001209191-23-056124,2023-11-16,S,1145,97.68,9413,D,,,,,,
1679788,2023-11-20,COIN,Armstrong Brian,,0001209191-23-056123,2023-11-16,C,18500,0.0,18500,I,,,,,,
1679788,2023-11-22,COIN,HAAS ALESIA J,,0001209191-23-056469,2023-11-20,F,6200,99.05,280784,D,,,,,,
1679788,2023-11-22,COIN,Jones Jennifer N.,,0001209191-23-056471,2023-11-20,M,723,0.0,28140,D,,,,,,
1679788,2023-11-22,COIN,Grewal Paul,,0001209191-23-056467,2023-11-20,M,14423,0.0,76088,D,,,,,,
1679788,2023-11-22,COIN,Grewal Paul,,0001209191-23-056467,2023-11-20,F,9450,99.05,71272,D,,,,,,
1679788,2023-11-22,COIN,Choi Emilie,,0001209191-23-056466,2023-11-20,M,23025,0.0,218210,D,,,,,,
1679788,2023-11-22,COIN,Armstrong Brian,,0001209191-23-056461,2023-11-20,C,4625,0.0,4625,I,,,,,,
1679788,2023-11-22,COIN,Choi Emilie,,0001209191-23-056466,2023-11-20,F,19078,99.05,214584,D,,,,,,
1679788,2023-11-22,COIN,Brock Lawrence J,,0001209191-23-056463,2023-11-20,M,24177,0.0,35196,D,,,,,,
1679788,2023-11-22,COIN,Jones Jennifer N.,,0001209191-23-056471,2023-11-20,F,1680,99.05,29121,D,,,,,,
1679788,2023-11-22,COIN,HAAS ALESIA J,,0001209191-23-056469,2023-11-20,M,10361,0.0,284841,D,,,,,,
1679788,2023-11-22,COIN,Brock Lawrence J,,0001209191-23-056463,2023-11-20,F,12736,99.05,27094,D,,,,,,
1679788,2023-11-22,COIN,Armstrong Brian,,0001209191-23-056461,2023-11-20,S,200,100.29,4425,I,,,,,,
1679788,2023-11-27,COIN,Ehrsam Frederick Ernest III,,0001209191-23-056654,2023-11-22,S,9188,103.9851,1125490,I,,,,,,
1679788,2023-11-28,COIN,Jones Jennifer N.,,0001209191-23-056787,2023-11-24,S,1704,108.45,27417,D,,,,,,
1679788,2023-11-28,COIN,Brock Lawrence J,,0001209191-23-056784,2023-11-24,S,1718,108.6553,25446,D,,,,,,
1679788,2023-11-28,COIN,Armstrong Brian,,0001209191-23-056780,2023-11-24,C,23075,0.0,23075,I,,,,,,
1679788,2023-11-28,COIN,Armstrong Brian,,0001209191-23-056780,2023-11-24,S,1500,108.7681,21575,I,,,,,,
1679788,2023-11-29,COIN,Grewal Paul,,0001209191-23-056903,2023-11-27,M,20000,26.26,91272,D,,,,,,
1679788,2023-11-29,COIN,Grewal Paul,,0001209191-23-056903,2023-11-27,S,369,113.0097,90903,D,,,,,,
1679788,2023-11-29,COIN,Armstrong Brian,,0001209191-23-056900,2023-11-27,C,42801,0.0,42801,I,,,,,,
1679788,2023-11-29,COIN,Armstrong Brian,,0001209191-23-056900,2023-11-27,G,42801,0.0,0,I,,,,,,
1679788,2023-11-29,COIN,Armstrong Brian,,0001209191-23-056900,2023-11-28,C,50000,0.0,50000,I,,,,,,
1679788,2023-11-29,COIN,Armstrong Brian,,0001209191-23-056900,2023-11-28,S,50000,125.1887,0,I,,,,,,
1679788,2023-12-01,COIN,Grewal Paul,,0001209191-23-057066,2023-11-29,M,10000,26.26,71665,D,,,,,,
1679788,2023-12-01,COIN,Grewal Paul,,0001209191-23-057066,2023-11-29,S,10000,130.0859,61665,D,,,,,,
1679788,2023-12-05,COIN,Ehrsam Frederick Ernest III,,0001209191-23-057401,2023-11-28,S,2400,125.2154,1050748,I,,,,,,
1679788,2023-12-05,COIN,Ehrsam Frederick Ernest III,,0001209191-23-057401,2023-12-01,S,3160,126.7059,1033682,I,,,,,,
1679788,2023-12-05,COIN,Choi Emilie,,0001209191-23-057397,2023-12-01,S,8000,126.39,206668,D,,,,,,
1679788,2023-12-06,COIN,Grewal Paul,,0001209191-23-057617,2023-12-04,M,10000,26.26,71665,D,,,,,,
1679788,2023-12-06,COIN,Grewal Paul,,0001209191-23-057617,2023-12-04,S,10000,145.0928,61665,D,,,,,,
1679788,2023-12-06,COIN,Armstrong Brian,,0001209191-23-057616,2023-12-04,C,23075,0.0,23075,I,,,,,,
1679788,2023-12-06,COIN,Armstrong Brian,,0001209191-23-057616,2023-12-04,S,800,138.3113,22275,I,,,,,,
1679788,2023-12-11,COIN,Ehrsam Frederick Ernest III,,0001209191-23-058057,2023-12-07,S,200,130.4017,938806,I,,,,,,
1679788,2023-12-13,COIN,Ehrsam Frederick Ernest III,,0001209191-23-058467,2023-12-11,S,4300,136.7184,836870,I,,,,,,
1679788,2023-12-14,COIN,Armstrong Brian,,0001209191-23-058620,2023-12-12,C,23075,0.0,23075,I,,,,,,
1679788,2023-12-14,COIN,Armstrong Brian,,0001209191-23-058620,2023-12-12,S,700,136.7305,22375,I,,,,,,
1679788,2023-12-15,COIN,Jones Jennifer N.,,0001209191-23-058767,2023-12-13,M,969,74.63,28386,D,,,,,,
1679788,2023-12-15,COIN,Haun Kathryn,,0001209191-23-058766,2023-12-13,S,5000,149.0,104146,D,,,,,,
1679788,2023-12-15,COIN,Jones Jennifer N.,,0001209191-23-058767,2023-12-13,S,1838,150.0,27417,D,,,,,,
1679788,2023-12-15,COIN,Armstrong Brian,,0001209191-23-058760,2023-12-13,S,9153,150.0082,0,I,,,,,,
1679788,2023-12-15,COIN,Armstrong Brian,,0001209191-23-058760,2023-12-13,C,9153,0.0,9153,I,,,,,,
1679788,2023-12-15,COIN,HAAS ALESIA J,,0001209191-23-058763,2023-12-13,S,1000,150.0,279784,D,,,,,,
1679788,2023-12-18,COIN,Haun Kathryn,,0001209191-23-058972,2023-12-14,S,1758,152.1,102388,D,,,,,,
1679788,2023-12-18,COIN,Choi Emilie,,0001209191-23-058970,2023-12-14,S,1500,152.1,205168,D,,,,,,
1679788,2023-12-18,COIN,Armstrong Brian,,0001209191-23-058969,2023-12-14,C,90847,0.0,90847,I,,,,,,
1679788,2023-12-18,COIN,Armstrong Brian,,0001209191-23-058969,2023-12-14,S,21858,150.4647,68989,I,,,,,,
1679788,2023-12-21,COIN,Ehrsam Frederick Ernest III,,0001628280-23-042516,2023-12-19,S,2410,154.2271,740924,I,,,,,,
1679788,2023-12-21,COIN,Grewal Paul,,0001628280-23-042512,2023-12-19,M,10000,26.26,71665,D,,,,,,
1679788,2023-12-21,COIN,Grewal Paul,,0001628280-23-042512,2023-12-19,S,10000,157.594,61665,D,,,,,,
1679788,2023-12-21,COIN,Grewal Paul,,0001628280-23-042512,2023-12-20,M,10000,26.26,71665,D,,,,,,
1679788,2023-12-21,COIN,Grewal Paul,,0001628280-23-042512,2023-12-20,S,6782,165.5259,64883,D,,,,,,
1679788,2023-12-21,COIN,WILSON FREDERICK R,,0001628280-23-042510,2023-12-19,G,6500,0.0,224973,D,,,,,,
1679788,2023-12-26,COIN,Rajaram Gokul,,0001679788-23-000115,2023-12-21,S,1145,166.71,8268,D,,,,,,
1679788,2023-12-27,COIN,HAAS ALESIA J,,0001209191-23-059784,2023-12-22,S,1000,175.0,278784,D,,,,,,
1679788,2023-12-27,COIN,Brock Lawrence J,,0001209191-23-059783,2023-12-22,M,104767,17.87,115856,D,,,,,,
1679788,2023-12-27,COIN,Brock Lawrence J,,0001209191-23-059783,2023-12-22,S,104767,175.2037,11089,D,,,,,,
1679788,2023-12-27,COIN,Ehrsam Frederick Ernest III,,0001209191-23-059782,2023-12-22,S,21512,175.4676,623986,I,,,,,,
1679788,2023-12-28,COIN,Ehrsam Frederick Ernest III,,0001209191-23-059909,2023-12-26,S,7081,169.7652,594742,I,,,,,,
1679788,2023-12-28,COIN,Grewal Paul,,0001209191-23-059912,2023-12-26,M,10000,26.26,71665,D,,,,,,
1679788,2023-12-28,COIN,Grewal Paul,,0001209191-23-059912,2023-12-26,S,824,169.8034,70841,D,,,,,,
1679788,2023-12-29,COIN,Grewal Paul,,0001209191-23-059993,2023-12-27,M,15000,26.26,76665,D,,,,,,
1679788,2023-12-29,COIN,Grewal Paul,,0001209191-23-059993,2023-12-27,S,15000,180.0749,61665,D,,,,,,
1679788,2023-12-29,COIN,Ehrsam Frederick Ernest III,,0001209191-23-059990,2023-12-27,S,300,177.39,499587,I,,,,,,
1679788,2024-01-03,COIN,Choi Emilie,,0001209191-24-000351,2023-12-29,S,1500,186.06,203668,D,,,,,,
1679788,2024-01-04,COIN,Armstrong Brian,,0001679788-24-000003,2024-01-02,C,23075,0.0,23075,I,,,,,,
1679788,2024-01-04,COIN,Andreessen Marc L,,0001209191-24-000904,2024-01-02,S,2000,155.99,31992,I,,,,,,
1679788,2024-01-04,COIN,Choi Emilie,,0001679788-24-000002,2024-01-02,S,8000,173.32,195668,D,,,,,,
1679788,2024-01-04,COIN,Armstrong Brian,,0001679788-24-000003,2024-01-02,S,1595,156.0918,21480,I,,,,,,
1679788,2024-01-05,COIN,Ehrsam Frederick Ernest III,,0001679788-24-000005,2024-01-03,S,300,145.1104,494952,I,,,,,,
1679788,2024-01-16,COIN,Armstrong Brian,,0001679788-24-000007,2024-01-11,C,23075,0.0,23075,I,,,,,,
1679788,2024-01-16,COIN,Armstrong Brian,,0001679788-24-000007,2024-01-11,S,3565,140.9601,19510,I,,,,,,
1679788,2024-01-17,COIN,Choi Emilie,,0001679788-24-000010,2024-01-15,M,80396,0.0,276064,D,,,,,,
1679788,2024-01-17,COIN,Choi Emilie,,0001679788-24-000010,2024-01-15,F,39922,130.78,236142,D,,,,,,
1679788,2024-01-17,COIN,Choi Emilie,,0001679788-24-000010,2024-01-16,S,1500,129.15,234642,D,,,,,,
1679788,2024-01-17,COIN,Ehrsam Frederick Ernest III,,0001679788-24-000009,2024-01-12,S,8271,130.8501,389145,I,,,,,,
1679788,2024-01-19,COIN,Ehrsam Frederick Ernest III,,0001679788-24-000011,2024-01-17,S,8200,130.2101,291380,I,,,,,,
1679788,2024-01-22,COIN,Rajaram Gokul,,0001679788-24-000013,2024-01-18,S,1145,133.25,7123,D,,,,,,
1679788,2024-01-29,COIN,Grewal Paul,,0001209191-24-002378,2024-01-25,S,1900,119.8809,69765,D,,,,,,
1679788,2024-01-29,COIN,Grewal Paul,,0001209191-24-002378,2024-01-25,M,10000,26.26,71665,D,,,,,,
1679788,2024-01-29,COIN,Ehrsam Frederick Ernest III,,0001209191-24-002377,2024-01-26,S,14606,125.3613,105608,I,,,,,,
1679788,2024-01-29,COIN,Ehrsam Frederick Ernest III,,0001209191-24-002377,2024-01-25,S,12054,119.7612,189690,I,,,,,,
1679788,2024-02-02,COIN,Ehrsam Frederick Ernest III,"isDirector,isTenPercentOwner",0001415889-24-002294,2024-01-31,S,18195,128.2713,85713,I,,,,,,
1679788,2024-02-02,COIN,Choi Emilie,isOfficer,0001415889-24-002291,2024-01-31,S,1500,129.31,233142,D,,,,,,
1679788,2024-02-02,COIN,Choi Emilie,isOfficer,0001415889-24-002291,2024-02-01,S,300,126.3033,232842,D,,,,,,
1679788,2024-02-02,COIN,Choi Emilie,isOfficer,0001415889-24-002291,2024-02-02,S,500,130.052,225342,D,,,,,,
1679788,2024-02-05,COIN,Armstrong Brian,"isDirector,isOfficer,isTenPercentOwner",0001415889-24-002509,2024-02-01,C,23075,0.0,23075,I,,,,,,
1679788,2024-02-05,COIN,Armstrong Brian,"isDirector,isOfficer,isTenPercentOwner",0001415889-24-002509,2024-02-01,S,240,124.4549,22835,I,,,,,,
1679788,2024-02-09,COIN,Ehrsam Frederick Ernest III,"isDirector,isTenPercentOwner",0001415889-24-003224,2024-02-08,C,16306,0.0,16306,I,,,,,,
1679788,2024-02-09,COIN,Ehrsam Frederick Ernest III,"isDirector,isTenPercentOwner",0001415889-24-003224,2024-02-08,S,700,127.3338,15006,I,,,,,,
1679788,2024-02-09,COIN,Ehrsam Frederick Ernest III,"isDirector,isTenPercentOwner",0001415889-24-003224,2024-02-07,C,75458,0.0,81530,I,,,,,,
1679788,2024-02-09,COIN,Ehrsam Frederick Ernest III,"isDirector,isTenPercentOwner",0001415889-24-003224,2024-02-07,S,1823,115.1827,79707,I,,,,,,
1679788,2024-02-14,COIN,Armstrong Brian,"isDirector,isOfficer,isTenPercentOwner",0001415889-24-003759,2024-02-12,C,23075,0.0,23075,I,,,,,,
1679788,2024-02-14,COIN,Armstrong Brian,"isDirector,isOfficer,isTenPercentOwner",0001415889-24-003759,2024-02-12,S,1000,143.858,22075,I,,,,,,
1679788,2024-02-16,COIN,Choi Emilie,isOfficer,0001415889-24-004136,2024-02-14,S,1500,151.44,223642,D,,,,,,
1679788,2024-02-16,COIN,Rajaram Gokul,isDirector,0001415889-24-004131,2024-02-15,S,1145,168.89,5978,D,,,,,,
1679788,2024-02-21,COIN,Ehrsam Frederick Ernest III,"isDirector,isTenPercentOwner",0001415889-24-004598,2024-02-16,C,61145,0.0,61145,I,,,,,,
1679788,2024-02-21,COIN,Ehrsam Frederick Ernest III,"isDirector,isTenPercentOwner",0001415889-24-004598,2024-02-16,S,6257,179.4943,54888,I,,,,,,
1679788,2024-02-22,COIN,HAAS ALESIA J,isOfficer,0001415889-24-004809,2024-02-20,F,3306,180.31,283490,D,,,,,,
1679788,2024-02-22,COIN,HAAS ALESIA J,isOfficer,0001415889-24-004809,2024-02-20,M,2143,0.0,280927,D,,,,,,
1679788,2024-02-22,COIN,Brock Lawrence J,isOfficer,0001415889-24-004801,2024-02-20,M,24176,0.0,35265,D,,,,,,
1679788,2024-02-22,COIN,Choi Emilie,isOfficer,0001415889-24-004806,2024-02-20,M,4286,0.0,227928,D,,,,,,
1679788,2024-02-22,COIN,Grewal Paul,isOfficer,0001415889-24-004803,2024-02-20,F,11891,180.31,73235,D,,,,,,
1679788,2024-02-22,COIN,Choi Emilie,isOfficer,0001415889-24-004806,2024-02-20,F,13781,180.31,237051,D,,,,,,
1679788,2024-02-22,COIN,Grewal Paul,isOfficer,0001415889-24-004803,2024-02-20,M,14423,0.0,76088,D,,,,,,
1679788,2024-02-22,COIN,Jones Jennifer N.,isOfficer,0001415889-24-004798,2024-02-20,S,290,180.0,30860,D,,,,,,
1679788,2024-02-22,COIN,Jones Jennifer N.,isOfficer,0001415889-24-004798,2024-02-20,M,724,0.0,28141,D,,,,,,
1679788,2024-02-22,COIN,Lutke Tobias,isDirector,0001415889-24-004796,2024-02-20,M,623,0.0,6138,D,,,,,,
1679788,2024-02-22,COIN,Jones Jennifer N.,isOfficer,0001415889-24-004798,2024-02-20,F,2308,180.31,31150,D,,,,,,
1679788,2024-02-22,COIN,Brock Lawrence J,isOfficer,0001415889-24-004801,2024-02-20,F,13858,180.31,30445,D,,,,,,
1679788,2024-02-27,COIN,Brock Lawrence J,isOfficer,0001415889-24-005488,2024-02-23,S,400,161.3925,30045,D,,,,,,
1679788,2024-02-28,COIN,Ehrsam Frederick Ernest III,"isDirector,isTenPercentOwner",0001415889-24-005731,2024-02-26,S,200,175.33,8535,I,,,,,,
1679788,2024-02-28,COIN,Grewal Paul,isOfficer,0001415889-24-005726,2024-02-26,M,35000,26.26,108235,D,,,,,,
1679788,2024-02-28,COIN,Ehrsam Frederick Ernest III,"isDirector,isTenPercentOwner",0001415889-24-005731,2024-02-26,C,8735,0.0,8735,I,,,,,,
1679788,2024-02-28,COIN,Grewal Paul,isOfficer,0001415889-24-005726,2024-02-26,S,800,168.7738,107435,D,,,,,,
1679788,2024-02-28,COIN,Jones Jennifer N.,isOfficer,0001415889-24-005724,2024-02-26,S,1624,168.75,29236,D,,,,,,
1679788,2024-02-28,COIN,Jones Jennifer N.,isOfficer,0001415889-24-005724,2024-02-27,S,26365,205.0,2871,D,,,,,,
1679788,2024-02-29,COIN,Brock Lawrence J,,0001679788-24-000029,2024-02-27,M,104758,18.71,118314,D,,,,,,
1679788,2024-02-29,COIN,Choi Emilie,,0001679788-24-000030,2024-02-28,S,1500,209.41,235551,D,,,,,,
1679788,2024-02-29,COIN,Armstrong Brian,,0001679788-24-000026,2024-02-27,S,37095,201.9431,212905,I,,,,,,
1679788,2024-02-29,COIN,Haun Kathryn,,0001679788-24-000031,2024-02-27,S,3443,205.0,46312,I,,,,,,
1679788,2024-02-29,COIN,Ehrsam Frederick Ernest III,,0001679788-24-000027,2024-02-27,S,5833,200.3999,41596,I,,,,,,
1679788,2024-02-29,COIN,Choi Emilie,,0001679788-24-000030,2024-02-27,S,16416,201.6756,320635,D,,,,,,
1679788,2024-02-29,COIN,Armstrong Brian,,0001679788-24-000026,2024-02-27,C,250000,0.0,250000,I,,,,,,
1679788,2024-02-29,COIN,Grewal Paul,,0001679788-24-000028,2024-02-27,M,25000,26.26,91122,D,,,,,,
1679788,2024-02-29,COIN,Haun Kathryn,,0001679788-24-000031,2024-02-28,S,1758,209.41,95630,D,,,,,,
1679788,2024-02-29,COIN,Grewal Paul,,0001679788-24-000028,2024-02-27,S,25000,205.039,66122,D,,,,,,
1679788,2024-02-29,COIN,Ehrsam Frederick Ernest III,,0001679788-24-000027,2024-02-27,C,47429,0.0,47429,I,,,,,,
1679788,2024-02-29,COIN,Brock Lawrence J,,0001679788-24-000029,2024-02-27,S,17156,201.2803,101158,D,,,,,,
1679788,2024-02-29,COIN,Choi Emilie,,0001679788-24-000030,2024-02-27,M,100000,18.71,337051,D,,,,,,
1679788,2024-03-01,COIN,Ehrsam Frederick Ernest III,,0001679788-24-000032,2024-02-29,C,16380,0.0,16380,I,,,,,,
1679788,2024-03-01,COIN,Ehrsam Frederick Ernest III,,0001679788-24-000032,2024-02-28,C,59601,0.0,59601,I,,,,,,
1679788,2024-03-01,COIN,Ehrsam Frederick Ernest III,,0001679788-24-000032,2024-02-28,S,5912,200.5928,53689,I,,,,,,
1679788,2024-03-01,COIN,Ehrsam Frederick Ernest III,,0001679788-24-000032,2024-02-29,S,600,195.6367,15780,I,,,,,,
1679788,2024-03-05,COIN,Choi Emilie,,0001679788-24-000033,2024-03-01,S,100,197.67,235451,D,,,,,,
1679788,2024-03-06,COIN,Armstrong Brian,,0001679788-24-000035,2024-03-04,C,23075,0.0,23075,I,,,,,,
1679788,2024-03-06,COIN,Armstrong Brian,,0001679788-24-000035,2024-03-04,S,200,212.6525,22875,I,,,,,,
1679788,2024-03-06,COIN,Brock Lawrence J,,0001679788-24-000034,2024-03-04,M,25991,17.87,39547,D,,,,,,
1679788,2024-03-06,COIN,Brock Lawrence J,,0001679788-24-000034,2024-03-04,S,93475,225.1946,24834,D,,,,,,
1679788,2024-03-07,COIN,HAAS ALESIA J,,0001679788-24-000036,2024-03-05,S,10285,225.253,273205,D,,,,,,
1679788,2024-03-07,COIN,Ehrsam Frederick Ernest III,,0001679788-24-000037,2024-03-05,C,16380,0.0,16380,I,,,,,,
1679788,2024-03-07,COIN,Ehrsam Frederick Ernest III,,0001679788-24-000037,2024-03-05,S,1904,216.7733,14476,I,,,,,,
1679788,2024-03-12,COIN,Haun Kathryn,,0001679788-24-000042,2024-03-08,S,5000,249.0,90630,D,,,,,,
1679788,2024-03-12,COIN,Haun Kathryn,,0001679788-24-000042,2024-03-11,S,1759,270.0,88871,D,,,,,,
1679788,2024-03-12,COIN,HAAS ALESIA J,,0001679788-24-000041,2024-03-08,S,18000,250.0,201490,D,,,,,,
1679788,2024-03-12,COIN,Choi Emilie,,0001679788-24-000040,2024-03-08,M,100000,18.71,327551,D,,,,,,
1679788,2024-03-12,COIN,Choi Emilie,,0001679788-24-000040,2024-03-08,S,100000,249.4894,227551,D,,,,,,
1679788,2024-03-12,COIN,Brock Lawrence J,,0001679788-24-000039,2024-03-08,M,21835,74.63,35391,D,,,,,,
1679788,2024-03-12,COIN,Brock Lawrence J,,0001679788-24-000039,2024-03-08,S,21835,250.0,13556,D,,,,,,
1679788,2024-03-12,COIN,Armstrong Brian,,0001679788-24-000038,2024-03-08,C,250000,0.0,250000,I,,,,,,
1679788,2024-03-12,COIN,Armstrong Brian,,0001679788-24-000038,2024-03-08,S,17915,250.2862,232085,I,,,,,,
1679788,2024-03-13,COIN,Armstrong Brian,,0001679788-24-000043,2024-03-11,C,23075,0.0,23075,I,,,,,,
1679788,2024-03-13,COIN,Armstrong Brian,,0001679788-24-000043,2024-03-11,S,1431,254.4938,21644,I,,,,,,
1679788,2024-03-18,COIN,Choi Emilie,,0001679788-24-000044,2024-03-14,S,1500,245.0,226051,D,,,,,,
1679788,2024-03-19,COIN,Ehrsam Frederick Ernest III,,0001679788-24-000046,2024-03-15,S,1,225.79,16379,I,,,,,,
1679788,2024-03-19,COIN,HAAS ALESIA J,,0001679788-24-000045,2024-03-15,S,4750,225.35,196740,D,,,,,,
1679788,2024-03-19,COIN,Ehrsam Frederick Ernest III,,0001679788-24-000046,2024-03-15,C,16380,0.0,16380,I,,,,,,
1679788,2024-03-22,COIN,Rajaram Gokul,,0001679788-24-000048,2024-03-21,S,1145,260.0,4833,D,,,,,,
1679788,2024-03-26,COIN,Ehrsam Frederick Ernest III,,0001679788-24-000049,2024-03-22,C,16380,0.0,16380,I,,,,,,
1679788,2024-03-26,COIN,Ehrsam Frederick Ernest III,,0001679788-24-000049,2024-03-22,S,1320,251.6125,15060,I,,,,,,
1679788,2024-03-27,COIN,Haun Kathryn,,0001679788-24-000056,2024-03-25,J,8830,0.0,97701,D,,,,,,
1679788,2024-03-27,COIN,Armstrong Brian,,0001679788-24-000055,2024-03-25,J,526,0.0,526,I,,,,,,
1679788,2024-03-27,COIN,Grewal Paul,,0001679788-24-000054,2024-03-25,M,10000,26.26,76379,D,,,,,,
1679788,2024-03-27,COIN,Grewal Paul,,0001679788-24-000054,2024-03-25,S,360,261.0056,76019,D,,,,,,
1679788,2024-03-28,COIN,Andreessen Marc L,,0001209191-24-005130,2024-03-26,S,587,267.08,6153,I,,,,,,
1679788,2024-03-28,COIN,Ehrsam Frederick Ernest III,,0001679788-24-000057,2024-03-26,C,16380,0.0,16380,I,,,,,,
1679788,2024-03-28,COIN,Ehrsam Frederick Ernest III,,0001679788-24-000057,2024-03-26,S,635,266.9886,15745,I,,,,,,
1679788,2024-04-01,COIN,Choi Emilie,,0001679788-24-000059,2024-03-28,S,1500,260.0,224851,D,,,,,,
1679788,2024-04-03,COIN,Choi Emilie,,0001679788-24-000060,2024-04-01,S,500,250.402,224351,D,,,,,,
1679788,2024-04-04,COIN,Ehrsam Frederick Ernest III,,0001679788-24-000061,2024-04-02,C,16380,0.0,16380,I,,,,,,
1679788,2024-04-04,COIN,Ehrsam Frederick Ernest III,,0001679788-24-000061,2024-04-02,S,600,236.9182,15780,I,,,,,,
1679788,2024-04-08,COIN,Armstrong Brian,,0001679788-24-000062,2024-04-04,C,23075,0.0,23601,I,,,,,,
1679788,2024-04-08,COIN,Armstrong Brian,,0001679788-24-000062,2024-04-04,S,2011,250.1061,21590,I,,,,,,
1679788,2024-04-10,COIN,Ehrsam Frederick Ernest III,,0001679788-24-000063,2024-04-08,C,16380,0.0,16380,I,,,,,,
1679788,2024-04-10,COIN,Ehrsam Frederick Ernest III,,0001679788-24-000063,2024-04-08,S,700,250.8264,15680,I,,,,,,
1679788,2024-04-17,COIN,HAAS ALESIA J,,0001679788-24-000066,2024-04-15,S,1762,246.9705,195060,D,,,,,,
1679788,2024-04-17,COIN,Armstrong Brian,,0001679788-24-000065,2024-04-15,C,23075,0.0,23601,I,,,,,,
1679788,2024-04-17,COIN,Armstrong Brian,,0001679788-24-000065,2024-04-15,S,424,222.4991,23177,I,,,,,,
1679788,2024-04-17,COIN,Choi Emilie,,0001679788-24-000064,2024-04-15,S,1500,248.0,215351,D,,,,,,
1679788,2024-04-19,COIN,Ehrsam Frederick Ernest III,,0001679788-24-000071,2024-04-17,C,16380,0.0,16380,I,,,,,,
1679788,2024-04-19,COIN,Ehrsam Frederick Ernest III,,0001679788-24-000071,2024-04-17,S,400,206.9587,15980,I,,,,,,
1679788,2024-04-22,COIN,Rajaram Gokul,,0001679788-24-000073,2024-04-18,S,1145,215.57,3688,D,,,,,,
1679788,2024-04-25,COIN,Ehrsam Frederick Ernest III,"isDirector,isTenPercentOwner",0001415889-24-011517,2024-04-23,C,16380,0.0,16380,I,,,,,,
1679788,2024-04-25,COIN,Ehrsam Frederick Ernest III,"isDirector,isTenPercentOwner",0001415889-24-011517,2024-04-23,S,500,226.284,15880,I,,,,,,
1679788,2024-04-29,COIN,Grewal Paul,,0001679788-24-000083,2024-04-25,M,10000,26.26,76122,D,,,,,,
1679788,2024-04-29,COIN,Grewal Paul,,0001679788-24-000083,2024-04-25,S,84,214.65,76038,D,,,,,,
1679788,2024-05-02,COIN,Choi Emilie,,0001679788-24-000090,2024-04-30,S,1500,215.0,213851,D,,,,,,
1679788,2024-05-02,COIN,Choi Emilie,,0001679788-24-000090,2024-05-01,S,200,198.95,213651,D,,,,,,
1679788,2024-05-03,COIN,Ehrsam Frederick Ernest III,,0001679788-24-000091,2024-05-01,C,16380,0.0,16380,I,,,,,,
1679788,2024-05-03,COIN,Ehrsam Frederick Ernest III,,0001679788-24-000091,2024-05-01,S,700,200.4181,15680,I,,,,,,
1679788,2024-05-07,COIN,Armstrong Brian,,0001679788-24-000092,2024-05-03,C,23075,0.0,23601,I,,,,,,
1679788,2024-05-07,COIN,Armstrong Brian,,0001679788-24-000092,2024-05-03,S,530,217.4205,23071,I,,,,,,
1679788,2024-05-10,COIN,Ehrsam Frederick Ernest III,,0001679788-24-000093,2024-05-08,C,16380,0.0,16380,I,,,,,,
1679788,2024-05-10,COIN,Ehrsam Frederick Ernest III,,0001679788-24-000093,2024-05-08,S,500,207.536,15880,I,,,,,,
1679788,2024-05-15,COIN,Ehrsam Frederick Ernest III,,0001679788-24-000096,2024-05-14,C,114216,0.0,114216,I,,,,,,
1679788,2024-05-15,COIN,Ehrsam Frederick Ernest III,,0001679788-24-000096,2024-05-14,S,1200,196.2448,113016,I,,,,,,
1679788,2024-05-15,COIN,Choi Emilie,,0001679788-24-000097,2024-05-14,S,1500,195.9,204436,D,,,,,,
1679788,2024-05-15,COIN,HAAS ALESIA J,,0001679788-24-000094,2024-05-15,S,4700,212.1043,187922,D,,,,,,
1679788,2024-05-15,COIN,Armstrong Brian,,0001679788-24-000095,2024-05-13,C,23075,0.0,23601,I,,,,,,
1679788,2024-05-15,COIN,Armstrong Brian,,0001679788-24-000095,2024-05-13,S,1300,198.5587,22301,I,,,,,,
1679788,2024-05-17,COIN,Rajaram Gokul,isDirector,0001415889-24-013505,2024-05-16,S,1144,215.0,2544,D,,,,,,
1679788,2024-05-22,COIN,Choi Emilie,,0001679788-24-000101,2024-05-20,S,300,204.4567,231326,D,,,,,,
1679788,2024-05-22,COIN,Jones Jennifer N.,,0001679788-24-000100,2024-05-20,M,723,0.0,3655,D,,,,,,
1679788,2024-05-22,COIN,Brock Lawrence J,,0001679788-24-000102,2024-05-20,S,300,204.6433,46540,D,,,,,,
1679788,2024-05-22,COIN,Choi Emilie,,0001679788-24-000101,2024-05-20,M,4286,0.0,208722,D,,,,,,
1679788,2024-05-22,COIN,Brock Lawrence J,,0001679788-24-000102,2024-05-20,M,24176,0.0,37803,D,,,,,,
1679788,2024-05-22,COIN,Jones Jennifer N.,,0001679788-24-000100,2024-05-20,S,700,207.2529,8273,D,,,,,,
1679788,2024-05-22,COIN,Grewal Paul,,0001679788-24-000099,2024-05-20,M,14424,0.0,80957,D,,,,,,
1679788,2024-05-22,COIN,HAAS ALESIA J,,0001679788-24-000098,2024-05-20,M,2142,0.0,189764,D,,,,,,
1679788,2024-05-22,COIN,HAAS ALESIA J,,0001679788-24-000098,2024-05-20,S,49,204.5627,195584,D,,,,,,
1679788,2024-05-22,COIN,Grewal Paul,,0001679788-24-000099,2024-05-20,S,200,205.06,89794,D,,,,,,
1679788,2024-05-24,COIN,Brock Lawrence J,,0001679788-24-000103,2024-05-23,S,2310,218.915,30286,D,,,,,,
1679788,2024-05-30,COIN,WILSON FREDERICK R,,0001679788-24-000105,2024-05-28,S,300,232.3067,195239,I,,,,,,
1679788,2024-05-30,COIN,Grewal Paul,,0001679788-24-000104,2024-05-28,M,10000,26.26,88639,D,,,,,,
1679788,2024-05-30,COIN,Grewal Paul,,0001679788-24-000104,2024-05-28,S,450,232.1256,88189,D,,,,,,
1679788,2024-06-03,COIN,Jones Jennifer N.,,0001679788-24-000106,2024-05-30,M,3087,18.13,9135,D,,,,,,
1679788,2024-06-03,COIN,Jones Jennifer N.,,0001679788-24-000106,2024-05-30,S,200,233.7,17592,D,,,,,,
1679788,2024-06-04,COIN,Choi Emilie,,0001679788-24-000107,2024-05-31,S,1500,239.09,216971,D,,,,,,
1679788,2024-06-04,COIN,Choi Emilie,,0001679788-24-000107,2024-06-03,S,100,225.35,216871,D,,,,,,
1679788,2024-06-05,COIN,Armstrong Brian,,0001679788-24-000109,2024-06-03,C,23075,0.0,23601,I,,,,,,
1679788,2024-06-05,COIN,Armstrong Brian,,0001679788-24-000109,2024-06-03,S,1395,226.7231,22206,I,,,,,,
1679788,2024-06-05,COIN,Jones Jennifer N.,,0001679788-24-000108,2024-06-03,M,450,23.46,2662,D,,,,,,
1679788,2024-06-05,COIN,Jones Jennifer N.,,0001679788-24-000108,2024-06-03,S,450,232.6,2212,D,,,,,,
1679788,2024-06-07,COIN,Brock Lawrence J,,0001679788-24-000113,2024-06-05,M,4634,74.63,20774,D,,,,,,
1679788,2024-06-07,COIN,Brock Lawrence J,,0001679788-24-000113,2024-06-05,S,4634,250.0,16140,D,,,,,,
1679788,2024-06-07,COIN,WILSON FREDERICK R,,0001679788-24-000112,2024-06-05,S,80539,250.0869,100000,I,,,,,,
1679788,2024-06-07,COIN,Jones Jennifer N.,,0001679788-24-000110,2024-06-05,S,526,249.0,1686,D,,,,,,
1679788,2024-06-12,COIN,Armstrong Brian,,0001679788-24-000114,2024-06-10,C,23075,0.0,23601,I,,,,,,
1679788,2024-06-12,COIN,Armstrong Brian,,0001679788-24-000114,2024-06-10,S,200,239.7475,23401,I,,,,,,
1679788,2024-06-18,COIN,Ehrsam Frederick Ernest III,,0001679788-24-000121,2024-06-14,M,5755,0.0,10417,D,,,,,,
1679788,2024-06-18,COIN,Rajaram Gokul,,0001679788-24-000120,2024-06-14,M,5934,0.0,8478,D,,,,,,
1679788,2024-06-18,COIN,Haun Kathryn,,0001679788-24-000119,2024-06-14,M,5845,0.0,103546,D,,,,,,
1679788,2024-06-18,COIN,Lutke Tobias,,0001679788-24-000118,2024-06-14,M,5396,0.0,11534,D,,,,,,
1679788,2024-06-18,COIN,Kramer Kelly A.,,0001679788-24-000117,2024-06-14,M,6294,0.0,32118,D,,,,,,
1679788,2024-06-18,COIN,Choi Emilie,,0001679788-24-000115,2024-06-14,S,1500,246.16,207471,D,,,,,,
1679788,2024-06-20,COIN,HAAS ALESIA J,,0001679788-24-000125,2024-06-17,S,1575,238.5976,190178,D,,,,,,
1679788,2024-06-27,COIN,Grewal Paul,,0001679788-24-000126,2024-06-25,M,10000,26.26,81195,D,,,,,,
1679788,2024-06-27,COIN,Grewal Paul,,0001679788-24-000126,2024-06-25,S,607,213.9903,80588,D,,,,,,
1679788,2024-07-02,COIN,Choi Emilie,isOfficer,0001415889-24-018915,2024-06-28,S,1500,223.95,205971,D,,,,,,
1679788,2024-07-02,COIN,Choi Emilie,isOfficer,0001415889-24-018915,2024-07-01,S,500,225.782,205471,D,,,,,,
1679788,2024-07-03,COIN,Jones Jennifer N.,,0001679788-24-000127,2024-07-01,M,450,23.46,2136,D,,,,,,
1679788,2024-07-03,COIN,Jones Jennifer N.,,0001679788-24-000127,2024-07-01,S,450,225.7,1686,D,,,,,,
1679788,2024-07-03,COIN,Armstrong Brian,"isDirector,isOfficer,isTenPercentOwner",0001415889-24-019184,2024-07-01,C,23075,0.0,23601,I,,,,,,
1679788,2024-07-03,COIN,Armstrong Brian,"isDirector,isOfficer,isTenPercentOwner",0001415889-24-019184,2024-07-01,S,1100,225.4044,22501,I,,,,,,
1679788,2024-07-15,COIN,Armstrong Brian,,0001679788-24-000128,2024-07-11,C,23075,0.0,23601,I,,,,,,
1679788,2024-07-15,COIN,Armstrong Brian,,0001679788-24-000128,2024-07-11,S,1505,214.2824,22096,I,,,,,,
1679788,2024-07-17,COIN,Choi Emilie,,0001679788-24-000130,2024-07-15,S,1500,229.7,196471,D,,,,,,
1679788,2024-07-17,COIN,HAAS ALESIA J,,0001679788-24-000129,2024-07-15,S,2250,228.4818,185153,D,,,,,,
1679788,2024-07-29,COIN,Grewal Paul,,0001679788-24-000142,2024-07-25,M,10000,26.26,81195,D,,,,,,
1679788,2024-07-29,COIN,Grewal Paul,,0001679788-24-000142,2024-07-25,S,194,227.6105,81001,D,,,,,,
1679788,2024-08-02,COIN,Choi Emilie,,0001679788-24-000150,2024-07-31,S,1500,233.0,194971,D,,,,,,
1679788,2024-08-02,COIN,Choi Emilie,,0001679788-24-000150,2024-08-01,S,768,208.9507,194203,D,,,,,,
1679788,2024-08-07,COIN,Armstrong Brian,,0001679788-24-000152,2024-08-05,C,23075,0.0,23601,I,,,,,,
1679788,2024-08-07,COIN,Armstrong Brian,,0001679788-24-000152,2024-08-05,S,200,163.5525,23401,I,,,,,,
1679788,2024-08-07,COIN,WILSON FREDERICK R,,0001679788-24-000151,2024-08-05,G,10000,0.0,214973,D,,,,,,
1679788,2024-08-16,COIN,Choi Emilie,,0001679788-24-000155,2024-08-14,S,500,193.312,186471,D,,,,,,
1679788,2024-08-16,COIN,Armstrong Brian,,0001679788-24-000154,2024-08-14,C,23075,0.0,23601,I,,,,,,
1679788,2024-08-16,COIN,Armstrong Brian,,0001679788-24-000154,2024-08-14,S,4478,193.369,19123,I,,,,,,
1679788,2024-08-16,COIN,HAAS ALESIA J,,0001679788-24-000153,2024-08-15,S,2558,196.8905,180345,D,,,,,,
1679788,2024-08-22,COIN,Jones Jennifer N.,,0001679788-24-000156,2024-08-20,S,600,192.305,7127,D,,,,,,
1679788,2024-08-22,COIN,Grewal Paul,,0001679788-24-000158,2024-08-20,M,14423,0.0,85618,D,,,,,,
1679788,2024-08-22,COIN,Grewal Paul,,0001679788-24-000158,2024-08-20,S,1352,191.864,93303,D,,,,,,
1679788,2024-08-22,COIN,Jones Jennifer N.,,0001679788-24-000157,2024-08-20,M,579,74.63,5183,D,,,,,,
1679788,2024-08-22,COIN,Choi Emilie,,0001679788-24-000160,2024-08-20,S,1471,191.952,211189,D,,,,,,
1679788,2024-08-22,COIN,HAAS ALESIA J,,0001679788-24-000161,2024-08-20,M,2143,0.0,179796,D,,,,,,
1679788,2024-08-22,COIN,Jones Jennifer N.,,0001679788-24-000156,2024-08-20,M,723,0.0,2409,D,,,,,,
1679788,2024-08-22,COIN,Jones Jennifer N.,,0001679788-24-000157,2024-08-20,S,869,209.11,4604,D,,,,,,
1679788,2024-08-22,COIN,Brock Lawrence J,,0001679788-24-000159,2024-08-20,S,1600,191.9248,47754,D,,,,,,
1679788,2024-08-22,COIN,Brock Lawrence J,,0001679788-24-000159,2024-08-20,M,24177,0.0,40317,D,,,,,,
1679788,2024-08-22,COIN,HAAS ALESIA J,,0001679788-24-000161,2024-08-20,S,364,191.8012,185301,D,,,,,,
1679788,2024-08-22,COIN,Choi Emilie,,0001679788-24-000160,2024-08-20,M,4285,0.0,189756,D,,,,,,
1679788,2024-08-26,COIN,Jones Jennifer N.,,0001679788-24-000162,2024-08-22,S,517,198.1115,4087,D,,,,,,
1679788,2024-08-27,COIN,Brock Lawrence J,,0001679788-24-000163,2024-08-23,S,1095,200.8284,33040,D,,,,,,
1679788,2024-08-28,COIN,Grewal Paul,,0001679788-24-000164,2024-08-26,M,10000,26.26,92518,D,,,,,,
1679788,2024-08-28,COIN,Grewal Paul,,0001679788-24-000164,2024-08-26,S,2919,204.8145,89599,D,,,,,,
1679788,2024-09-04,COIN,Grewal Paul,,0001679788-24-000166,2024-08-30,G,600,0.0,74956,D,,,,,,
1679788,2024-09-04,COIN,Choi Emilie,,0001679788-24-000165,2024-08-30,S,1500,188.94,197101,D,,,,,,
1679788,2024-09-04,COIN,Choi Emilie,,0001679788-24-000165,2024-09-03,S,1327,168.9723,195774,D,,,,,,
1679788,2024-09-05,COIN,Armstrong Brian,,0001679788-24-000167,2024-09-03,C,23075,0.0,23601,I,,,,,,
1679788,2024-09-05,COIN,Armstrong Brian,,0001679788-24-000167,2024-09-03,S,2584,168.7265,21017,I,,,,,,
1679788,2024-09-16,COIN,Armstrong Brian,,0001679788-24-000168,2024-09-12,C,15375,0.0,15901,I,,,,,,
1679788,2024-09-16,COIN,Armstrong Brian,,0001679788-24-000168,2024-09-12,S,205,156.3812,15696,I,,,,,,
1679788,2024-09-17,COIN,Choi Emilie,,0001679788-24-000169,2024-09-13,S,1500,162.24,187601,D,,,,,,
1679788,2024-09-18,COIN,HAAS ALESIA J,,0001679788-24-000170,2024-09-16,S,6500,158.3182,175036,D,,,,,,
1679788,2024-09-20,COIN,Rajaram Gokul,,0001679788-24-000171,2024-09-18,S,400,161.34,8171,D,,,,,,
1679788,2024-09-30,COIN,Grewal Paul,,0001679788-24-000172,2024-09-25,M,10000,26.26,84956,D,,,,,,
1679788,2024-09-30,COIN,Grewal Paul,,0001679788-24-000172,2024-09-25,S,1512,167.6658,83444,D,,,,,,
1679788,2024-10-02,COIN,Choi Emilie,,0001679788-24-000173,2024-09-30,S,700,178.2657,186901,D,,,,,,
1679788,2024-10-02,COIN,Choi Emilie,,0001679788-24-000173,2024-10-01,S,400,160.9175,185701,D,,,,,,
1679788,2024-10-16,COIN,Choi Emilie,,0001679788-24-000174,2024-10-14,S,1500,181.36,176601,D,,,,,,
1679788,2024-10-17,COIN,HAAS ALESIA J,,0001679788-24-000175,2024-10-15,S,5250,195.2539,169786,D,,,,,,
1679788,2024-10-18,COIN,Rajaram Gokul,,0001679788-24-000176,2024-10-16,S,400,204.44,7771,D,,,,,,
1679788,2024-10-29,COIN,Grewal Paul,,0001679788-24-000178,2024-10-25,M,10000,26.26,84956,D,,,,,,
1679788,2024-10-29,COIN,Grewal Paul,,0001679788-24-000178,2024-10-25,S,89,204.1779,84867,D,,,,,,
1679788,2024-11-04,COIN,Choi Emilie,,0001679788-24-000190,2024-10-31,S,1500,203.3,175101,D,,,,,,
1679788,2024-11-04,COIN,Choi Emilie,,0001679788-24-000190,2024-11-01,S,1942,180.6378,173159,D,,,,,,
1679788,2024-11-08,COIN,Brock Lawrence J,,0001679788-24-000191,2024-11-06,M,4635,74.63,23160,D,,,,,,
1679788,2024-11-08,COIN,Brock Lawrence J,,0001679788-24-000191,2024-11-06,S,4635,250.0,18525,D,,,,,,
1679788,2024-11-12,COIN,WILSON FREDERICK R,,0001679788-24-000192,2024-11-07,S,100,242.99,99900,I,,,,,,
1679788,2024-11-12,COIN,WILSON FREDERICK R,,0001679788-24-000192,2024-11-11,S,40000,300.0,50000,I,,,,,,
1679788,2024-11-13,COIN,Choi Emilie,,0001679788-24-000195,2024-11-11,M,200000,18.71,367101,D,,,,,,
1679788,2024-11-13,COIN,Armstrong Brian,,0001679788-24-000196,2024-11-11,S,11732,300.5312,313794,I,,,,,,
1679788,2024-11-13,COIN,Armstrong Brian,,0001679788-24-000196,2024-11-11,C,325000,0.0,325526,I,,,,,,
1679788,2024-11-13,COIN,Jones Jennifer N.,,0001679788-24-000193,2024-11-11,S,526,332.0,1160,D,,,,,,
1679788,2024-11-13,COIN,HAAS ALESIA J,,0001679788-24-000194,2024-11-11,S,20000,300.0,149786,D,,,,,,
1679788,2024-11-13,COIN,Choi Emilie,,0001679788-24-000195,2024-11-11,S,200000,299.6915,167101,D,,,,,,
1679788,2024-11-18,COIN,Choi Emilie,,0001679788-24-000197,2024-11-14,S,1500,290.79,165686,D,,,,,,
1679788,2024-11-19,COIN,HAAS ALESIA J,,0001679788-24-000198,2024-11-15,S,3575,282.65,146211,D,,,,,,
1679788,2024-11-20,COIN,Armstrong Brian,,0001679788-24-000200,2024-11-18,S,31569,327.4753,27226,I,,,,,,
1679788,2024-11-20,COIN,Armstrong Brian,,0001679788-24-000199,2024-11-18,C,1025000,0.0,1025526,I,,,,,,
1679788,2024-11-20,COIN,Armstrong Brian,,0001679788-24-000199,2024-11-18,S,17174,289.1343,1008352,I,,,,,,
1679788,2024-11-22,COIN,HAAS ALESIA J,,0001679788-24-000205,2024-11-20,M,2143,0.0,148354,D,,,,,,
1679788,2024-11-22,COIN,Jones Jennifer N.,,0001679788-24-000208,2024-11-20,M,580,74.63,3577,D,,,,,,
1679788,2024-11-22,COIN,Choi Emilie,,0001679788-24-000201,2024-11-20,S,200,305.23,192675,D,,,,,,
1679788,2024-11-22,COIN,Brock Lawrence J,,0001679788-24-000207,2024-11-20,M,19563,214.5,56440,D,,,,,,
1679788,2024-11-22,COIN,Jones Jennifer N.,,0001679788-24-000208,2024-11-20,S,869,332.69,2997,D,,,,,,
1679788,2024-11-22,COIN,HAAS ALESIA J,,0001679788-24-000206,2024-11-20,S,46,334.9015,150308,D,,,,,,
1679788,2024-11-22,COIN,Brock Lawrence J,,0001679788-24-000202,2024-11-20,S,200,305.135,51610,D,,,,,,
1679788,2024-11-22,COIN,Brock Lawrence J,,0001679788-24-000207,2024-11-20,S,100,305.66,60975,D,,,,,,
1679788,2024-11-22,COIN,Choi Emilie,,0001679788-24-000201,2024-11-20,M,4286,0.0,169972,D,,,,,,
1679788,2024-11-22,COIN,HAAS ALESIA J,,0001679788-24-000205,2024-11-20,S,39,304.8091,154184,D,,,,,,
1679788,2024-11-22,COIN,Jones Jennifer N.,,0001679788-24-000204,2024-11-20,S,200,307.675,7000,D,,,,,,
1679788,2024-11-22,COIN,Jones Jennifer N.,,0001679788-24-000204,2024-11-20,M,723,0.0,1883,D,,,,,,
1679788,2024-11-22,COIN,Brock Lawrence J,,0001679788-24-000202,2024-11-20,M,24176,0.0,42772,D,,,,,,
1679788,2024-11-22,COIN,Grewal Paul,,0001679788-24-000203,2024-11-20,S,100,304.41,98317,D,,,,,,
1679788,2024-11-22,COIN,Grewal Paul,,0001679788-24-000203,2024-11-20,M,14423,0.0,89379,D,,,,,,
1679788,2024-11-26,COIN,Jones Jennifer N.,,0001679788-24-000209,2024-11-22,S,1837,295.02,1160,D,,,,,,
1679788,2024-11-27,COIN,Choi Emilie,,0001679788-24-000212,2024-11-26,S,1500,298.31,177576,D,,,,,,
1679788,2024-11-27,COIN,Brock Lawrence J,,0001679788-24-000210,2024-11-25,S,15858,298.9802,21019,D,,,,,,
1679788,2024-11-27,COIN,Ehrsam Frederick Ernest III,,0001679788-24-000213,2024-11-25,C,26649,0.0,26649,I,,,,,,
1679788,2024-11-27,COIN,Armstrong Brian,,0001679788-24-000214,2024-11-26,G,50000,0.0,0,I,,,,,,
1679788,2024-11-27,COIN,Armstrong Brian,,0001679788-24-000214,2024-11-25,C,25000,0.0,25526,I,,,,,,
1679788,2024-11-27,COIN,Ehrsam Frederick Ernest III,,0001679788-24-000213,2024-11-25,S,2976,305.9654,23673,I,,,,,,
1679788,2024-11-27,COIN,Armstrong Brian,,0001679788-24-000214,2024-11-25,S,4642,305.3289,20884,I,,,,,,
1679788,2024-11-27,COIN,Armstrong Brian,,0001679788-24-000214,2024-11-26,C,50000,0.0,50000,I,,,,,,
1679788,2024-11-27,COIN,Grewal Paul,,0001679788-24-000211,2024-11-25,S,615,295.0161,85896,D,,,,,,
1679788,2024-12-04,COIN,Grewal Paul,,0001679788-24-000215,2024-12-02,S,396,300.7694,79011,D,,,,,,
1679788,2024-12-06,COIN,Ehrsam Frederick Ernest III,,0001679788-24-000216,2024-12-04,C,7614,0.0,7614,I,,,,,,
1679788,2024-12-06,COIN,Ehrsam Frederick Ernest III,,0001679788-24-000216,2024-12-04,S,3807,320.2646,3807,I,,,,,,
1679788,2024-12-06,COIN,Ehrsam Frederick Ernest III,,0001679788-24-000216,2024-12-05,C,3807,0.0,3807,I,,,,,,
1679788,2024-12-06,COIN,Ehrsam Frederick Ernest III,,0001679788-24-000216,2024-12-05,S,1397,340.9228,2410,I,,,,,,
1679788,2024-12-09,COIN,Jones Jennifer N.,,0001679788-24-000218,2024-12-05,S,7045,349.0,1160,D,,,,,,
1679788,2024-12-09,COIN,Armstrong Brian,,0001679788-24-000220,2024-12-05,C,25000,0.0,25526,I,,,,,,
1679788,2024-12-09,COIN,Armstrong Brian,,0001679788-24-000220,2024-12-05,S,5764,339.3611,19762,I,,,,,,
1679788,2024-12-09,COIN,Jones Jennifer N.,,0001679788-24-000218,2024-12-05,M,7045,214.5,8205,D,,,,,,
1679788,2024-12-09,COIN,Choi Emilie,,0001679788-24-000217,2024-12-06,M,102853,18.71,244545,D,,,,,,
1679788,2024-12-09,COIN,Choi Emilie,,0001679788-24-000217,2024-12-05,M,31328,18.71,173020,D,,,,,,
1679788,2024-12-09,COIN,Choi Emilie,,0001679788-24-000217,2024-12-06,S,102853,349.0621,141692,D,,,,,,
1679788,2024-12-09,COIN,Choi Emilie,,0001679788-24-000217,2024-12-05,S,31328,349.1587,141692,D,,,,,,
1679788,2024-12-11,COIN,Ehrsam Frederick Ernest III,,0001679788-24-000221,2024-12-09,C,34263,0.0,34263,I,,,,,,
1679788,2024-12-11,COIN,Ehrsam Frederick Ernest III,,0001679788-24-000221,2024-12-09,S,23018,337.2843,11245,I,,,,,,
1679788,2024-12-17,COIN,Armstrong Brian,,0001679788-24-000222,2024-12-13,C,25000,0.0,25526,I,,,,,,
1679788,2024-12-17,COIN,Armstrong Brian,,0001679788-24-000222,2024-12-16,S,7044,312.9322,18482,I,,,,,,
1679788,2024-12-23,COIN,Choi Emilie,,0001679788-24-000224,2024-12-20,G,17000,0.0,124692,D,,,,,,
1679788,2024-12-26,COIN,Ehrsam Frederick Ernest III,"isDirector,isTenPercentOwner",0001415889-24-030157,2024-12-24,C,3807,0.0,3807,I,,,,,,
1679788,2024-12-26,COIN,Ehrsam Frederick Ernest III,"isDirector,isTenPercentOwner",0001415889-24-030157,2024-12-24,S,3807,280.2049,0,I,,,,,,
1679788,2024-12-26,COIN,Ehrsam Frederick Ernest III,"isDirector,isTenPercentOwner",0001415889-24-030157,2024-12-23,C,11421,0.0,11421,I,,,,,,
1679788,2024-12-26,COIN,Ehrsam Frederick Ernest III,"isDirector,isTenPercentOwner",0001415889-24-030157,2024-12-23,S,2949,271.7347,8472,I,,,,,,
1679788,2025-01-06,COIN,Grewal Paul,,0001679788-25-000001,2025-01-02,M,10000,26.26,79407,D,,,,,,
1679788,2025-01-06,COIN,Grewal Paul,,0001679788-25-000001,2025-01-02,S,203,251.6821,79204,D,,,,,,
1679788,2025-01-07,COIN,Armstrong Brian,,0001679788-25-000002,2025-01-03,C,25000,0.0,25526,I,,,,,,
1679788,2025-01-07,COIN,Armstrong Brian,,0001679788-25-000002,2025-01-03,S,3704,259.225,21822,I,,,,,,
1679788,2025-01-08,COIN,Ehrsam Frederick Ernest III,,0001679788-25-000003,2025-01-06,C,22842,0.0,22842,I,,,,,,
1679788,2025-01-08,COIN,Ehrsam Frederick Ernest III,,0001679788-25-000003,2025-01-06,S,3076,275.6387,19766,I,,,,,,
1679788,2025-01-15,COIN,Armstrong Brian,,0001679788-25-000006,2025-01-13,C,25000,0.0,25526,I,,,,,,
1679788,2025-01-15,COIN,Armstrong Brian,,0001679788-25-000006,2025-01-13,S,2030,241.4763,23496,I,,,,,,
1679788,2025-01-17,COIN,HAAS ALESIA J,,0001679788-25-000008,2025-01-15,S,5700,266.87,144470,D,,,,,,
1679788,2025-01-17,COIN,HAAS ALESIA J,,0001679788-25-000008,2025-01-17,S,20000,300.0,124470,D,,,,,,
1679788,2025-01-17,COIN,Choi Emilie,,0001679788-25-000007,2025-01-15,M,80396,0.0,186845,D,,,,,,
1679788,2025-01-17,COIN,Choi Emilie,,0001679788-25-000007,2025-01-15,F,39896,255.37,146949,D,,,,,,
1679788,2025-01-22,COIN,Ehrsam Frederick Ernest III,,0001679788-25-000009,2025-01-17,S,5262,300.0932,0,I,,,,,,
1679788,2025-01-22,COIN,Ehrsam Frederick Ernest III,,0001679788-25-000009,2025-01-17,C,5262,0.0,5262,I,,,,,,
1679788,2025-01-22,COIN,Ehrsam Frederick Ernest III,,0001679788-25-000009,2025-01-21,S,18445,298.4506,6749,I,,,,,,
1679788,2025-01-22,COIN,Ehrsam Frederick Ernest III,,0001679788-25-000009,2025-01-21,C,25194,0.0,25194,I,,,,,,
1679788,2025-01-28,COIN,Ehrsam Frederick Ernest III,,0001679788-25-000010,2025-01-24,C,10216,0.0,10216,I,,,,,,
1679788,2025-01-28,COIN,Ehrsam Frederick Ernest III,,0001679788-25-000010,2025-01-24,S,10216,310.139,0,I,,,,,,
1679788,2025-02-05,COIN,Armstrong Brian,"isDirector,isOfficer,isTenPercentOwner",0001415889-25-003129,2025-02-03,C,25000,0.0,25526,I,,,,,,
1679788,2025-02-05,COIN,Armstrong Brian,"isDirector,isOfficer,isTenPercentOwner",0001415889-25-003129,2025-02-03,S,4555,269.752,20971,I,,,,,,
1679788,2025-02-06,COIN,Ehrsam Frederick Ernest III,,0001679788-25-000011,2025-02-04,C,15228,0.0,15228,I,,,,,,
1679788,2025-02-06,COIN,Ehrsam Frederick Ernest III,,0001679788-25-000011,2025-02-04,S,8270,279.8791,6958,I,,,,,,
1679788,2025-02-12,COIN,Armstrong Brian,,0001679788-25-000013,2025-02-11,C,25000,0.0,25526,I,,,,,,
1679788,2025-02-12,COIN,Armstrong Brian,,0001679788-25-000013,2025-02-11,S,9131,274.66,16395,I,,,,,,
1679788,2025-02-18,COIN,Ehrsam Frederick Ernest III,,0001679788-25-000026,2025-02-13,C,7614,0.0,7614,I,,,,,,
1679788,2025-02-18,COIN,Ehrsam Frederick Ernest III,,0001679788-25-000026,2025-02-13,S,3807,290.1579,3807,I,,,,,,
1679788,2025-02-19,COIN,HAAS ALESIA J,,0001679788-25-000027,2025-02-18,S,5500,278.8,118970,D,,,,,,
1679788,2025-02-20,COIN,Ehrsam Frederick Ernest III,,0001679788-25-000032,2025-02-18,C,11421,0.0,11421,I,,,,,,
1679788,2025-02-20,COIN,Ehrsam Frederick Ernest III,,0001679788-25-000032,2025-02-18,S,7911,277.0369,3510,I,,,,,,
1679788,2025-02-24,COIN,Brock Lawrence J,,0001679788-25-000036,2025-02-20,M,3350,0.0,3757,D,,,,,,
1679788,2025-02-24,COIN,Jones Jennifer N.,,0001679788-25-000042,2025-02-20,M,579,74.63,5151,D,,,,,,
1679788,2025-02-24,COIN,Choi Emilie,,0001679788-25-000037,2025-02-20,F,11357,258.67,158497,D,,,,,,
1679788,2025-02-24,COIN,HAAS ALESIA J,,0001679788-25-000040,2025-02-20,M,5869,0.0,124839,D,,,,,,
1679788,2025-02-24,COIN,Grewal Paul,,0001679788-25-000041,2025-02-20,M,3350,0.0,82757,D,,,,,,
1679788,2025-02-24,COIN,Grewal Paul,,0001679788-25-000041,2025-02-20,F,3845,258.67,83313,D,,,,,,
1679788,2025-02-24,COIN,Jones Jennifer N.,,0001679788-25-000038,2025-02-20,M,628,0.0,2798,D,,,,,,
1679788,2025-02-24,COIN,Choi Emilie,,0001679788-25-000037,2025-02-20,M,11167,0.0,158116,D,,,,,,
1679788,2025-02-24,COIN,Jones Jennifer N.,,0001679788-25-000042,2025-02-20,S,869,260.66,4572,D,,,,,,
1679788,2025-02-24,COIN,Lutke Tobias,,0001679788-25-000039,2025-02-20,M,622,0.0,12156,D,,,,,,
1679788,2025-02-24,COIN,Brock Lawrence J,,0001679788-25-000036,2025-02-20,F,2882,258.67,5276,D,,,,,,
1679788,2025-02-24,COIN,Jones Jennifer N.,,0001679788-25-000038,2025-02-20,F,3840,258.67,4572,D,,,,,,
1679788,2025-02-24,COIN,HAAS ALESIA J,,0001679788-25-000040,2025-02-20,F,2398,258.67,122441,D,,,,,,
1679788,2025-02-26,COIN,Jones Jennifer N.,,0001679788-25-000043,2025-02-24,S,1974,239.34,2598,D,,,,,,
1679788,2025-02-27,COIN,Grewal Paul,,0001679788-25-000044,2025-02-25,M,10000,26.26,93313,D,,,,,,
1679788,2025-02-27,COIN,Grewal Paul,,0001679788-25-000044,2025-02-25,S,432,206.6293,93859,D,,,,,,
1679788,2025-03-05,COIN,Grewal Paul,,0001679788-25-000045,2025-03-03,M,10000,26.26,93313,D,,,,,,
1679788,2025-03-05,COIN,Armstrong Brian,,0001679788-25-000047,2025-03-03,C,25000,0.0,25526,I,,,,,,
1679788,2025-03-05,COIN,Armstrong Brian,,0001679788-25-000047,2025-03-03,S,8491,229.4409,17035,I,,,,,,
1679788,2025-03-05,COIN,Grewal Paul,,0001679788-25-000045,2025-03-03,S,266,204.3195,93047,D,,,,,,
1679788,2025-03-05,COIN,Brock Lawrence J,,0001679788-25-000046,2025-03-03,S,400,204.84,4876,D,,,,,,
1679788,2025-03-06,COIN,Jones Jennifer N.,,0001679788-25-000048,2025-03-04,S,2598,200.86,0,D,,,,,,
1679788,2025-03-17,COIN,Armstrong Brian,,0001679788-25-000049,2025-03-13,C,15000,0.0,15526,I,,,,,,
1679788,2025-03-17,COIN,Armstrong Brian,,0001679788-25-000049,2025-03-13,S,3113,186.1327,12413,I,,,,,,
1679788,2025-03-26,COIN,Armstrong Brian,,0001679788-25-000050,2025-03-24,C,10000,0.0,10526,I,,,,,,
1679788,2025-03-26,COIN,Armstrong Brian,,0001679788-25-000050,2025-03-25,S,10000,198.1538,526,I,,,,,,
1679788,2025-03-26,COIN,HAAS ALESIA J,,0001679788-25-000051,2025-03-24,S,7575,200.0,114866,D,,,,,,
1679788,2025-04-07,COIN,Armstrong Brian,,0001679788-25-000052,2025-04-03,C,15000,0.0,15526,I,,,,,,
1679788,2025-04-07,COIN,Armstrong Brian,,0001679788-25-000052,2025-04-03,S,9135,168.2156,6391,I,,,,,,
1679788,2025-04-16,COIN,Armstrong Brian,,0001679788-25-000053,2025-04-14,C,15000,0.0,15526,I,,,,,,
1679788,2025-04-16,COIN,Armstrong Brian,,0001679788-25-000053,2025-04-14,S,8906,178.2436,6620,I,,,,,,
1679788,2025-04-25,COIN,HAAS ALESIA J,,0001679788-25-000067,2025-04-23,S,7575,200.0,107291,D,,,,,,
1679788,2025-04-25,COIN,Grewal Paul,,0001679788-25-000068,2025-04-23,M,10000,26.26,93313,D,,,,,,
1679788,2025-04-25,COIN,Grewal Paul,,0001679788-25-000068,2025-04-23,S,7405,197.9158,85908,D,,,,,,
1679788,2025-04-25,COIN,Armstrong Brian,,0001679788-25-000066,2025-04-23,C,20000,0.0,20526,I,,,,,,
1679788,2025-04-25,COIN,Armstrong Brian,,0001679788-25-000066,2025-04-23,S,19176,198.409,1350,I,,,,,,
1679788,2025-05-07,COIN,Armstrong Brian,"isDirector,isOfficer,isTenPercentOwner",0001415889-25-012236,2025-05-05,C,25000,0.0,25526,I,,,,,,
1679788,2025-05-07,COIN,Armstrong Brian,"isDirector,isOfficer,isTenPercentOwner",0001415889-25-012236,2025-05-05,S,15851,200.2363,9675,I,,,,,,
1679788,2025-05-15,COIN,Ehrsam Frederick Ernest III,,0001679788-25-000096,2025-05-13,C,30167,0.0,30167,I,,,,,,
1679788,2025-05-15,COIN,Ehrsam Frederick Ernest III,,0001679788-25-000096,2025-05-13,S,22842,250.2791,7325,I,,,,,,
1679788,2025-05-15,COIN,Ehrsam Frederick Ernest III,,0001679788-25-000096,2025-05-14,C,15517,0.0,15517,I,,,,,,
1679788,2025-05-15,COIN,Ehrsam Frederick Ernest III,,0001679788-25-000096,2025-05-14,S,7028,260.5428,8489,I,,,,,,
1679788,2025-05-15,COIN,Grewal Paul,,0001679788-25-000095,2025-05-13,S,976,240.0079,82337,D,,,,,,
1679788,2025-05-16,COIN,Armstrong Brian,,0001679788-25-000097,2025-05-14,C,25000,0.0,25526,I,,,,,,
1679788,2025-05-16,COIN,Armstrong Brian,,0001679788-25-000097,2025-05-14,S,17099,254.1017,8427,I,,,,,,
1679788,2025-05-19,COIN,HAAS ALESIA J,,0001679788-25-000098,2025-05-15,S,20,252.2,107271,D,,,,,,
1679788,2025-05-20,COIN,Ehrsam Frederick Ernest III,,0001679788-25-000099,2025-05-16,C,9752,0.0,9752,I,,,,,,
1679788,2025-05-20,COIN,Ehrsam Frederick Ernest III,,0001679788-25-000099,2025-05-16,S,9752,270.0992,0,I,,,,,,
1679788,2025-05-22,COIN,HAAS ALESIA J,,0001679788-25-000104,2025-05-20,F,4944,263.99,106446,D,,,,,,
1679788,2025-05-22,COIN,Ehrsam Frederick Ernest III,,0001679788-25-000105,2025-05-21,C,4723,0.0,4723,I,,,,,,
1679788,2025-05-22,COIN,Jones Jennifer N.,,0001679788-25-000100,2025-05-20,S,869,264.54,1715,D,,,,,,
1679788,2025-05-22,COIN,Brock Lawrence J,,0001679788-25-000102,2025-05-20,F,4583,263.99,6380,D,,,,,,
1679788,2025-05-22,COIN,Jones Jennifer N.,,0001679788-25-000100,2025-05-20,F,2704,263.99,1715,D,,,,,,
1679788,2025-05-22,COIN,HAAS ALESIA J,,0001679788-25-000104,2025-05-20,M,5868,0.0,107289,D,,,,,,
1679788,2025-05-22,COIN,Grewal Paul,,0001679788-25-000101,2025-05-20,F,5351,263.99,87211,D,,,,,,
1679788,2025-05-22,COIN,Grewal Paul,,0001679788-25-000101,2025-05-20,M,3349,0.0,85122,D,,,,,,
1679788,2025-05-22,COIN,Choi Emilie,,0001679788-25-000103,2025-05-20,F,14370,263.99,173192,D,,,,,,
1679788,2025-05-22,COIN,Jones Jennifer N.,,0001679788-25-000100,2025-05-20,M,628,0.0,628,D,,,,,,
1679788,2025-05-22,COIN,Ehrsam Frederick Ernest III,,0001679788-25-000105,2025-05-21,S,4723,270.0819,0,I,,,,,,
1679788,2025-05-22,COIN,Brock Lawrence J,,0001679788-25-000102,2025-05-20,M,3349,0.0,3827,D,,,,,,
1679788,2025-05-22,COIN,Choi Emilie,,0001679788-25-000103,2025-05-20,M,11166,0.0,169748,D,,,,,,
1679788,2025-05-27,COIN,Brock Lawrence J,,0001679788-25-000108,2025-05-22,S,700,264.7071,5680,D,,,,,,
1679788,2025-05-27,COIN,Ehrsam Frederick Ernest III,,0001679788-25-000106,2025-05-22,S,8367,270.5351,0,I,,,,,,
1679788,2025-05-27,COIN,Jones Jennifer N.,,0001679788-25-000107,2025-05-22,S,300,264.5733,1415,D,,,,,,
1679788,2025-05-27,COIN,Ehrsam Frederick Ernest III,,0001679788-25-000106,2025-05-22,C,8367,0.0,8367,I,,,,,,
1679788,2025-05-29,COIN,Grewal Paul,,0001679788-25-000109,2025-05-27,M,10000,26.26,97211,D,,,,,,
1679788,2025-05-29,COIN,Grewal Paul,,0001679788-25-000109,2025-05-27,S,827,265.6727,96384,D,,,,,,
1679788,2025-06-03,COIN,Grewal Paul,,0001679788-25-000111,2025-06-02,M,10000,26.26,94280,D,,,,,,
1679788,2025-06-03,COIN,Grewal Paul,,0001679788-25-000111,2025-06-02,S,286,243.6871,93994,D,,,,,,
1679788,2025-06-03,COIN,Armstrong Brian,,0001679788-25-000110,2025-06-02,C,25000,0.0,25526,I,,,,,,
1679788,2025-06-03,COIN,Armstrong Brian,,0001679788-25-000110,2025-06-02,S,22089,247.0779,3437,I,,,,,,
1679788,2025-06-13,COIN,Armstrong Brian,,0001679788-25-000112,2025-06-11,C,25000,0.0,25526,I,,,,,,
1679788,2025-06-13,COIN,Armstrong Brian,,0001679788-25-000112,2025-06-11,S,11717,254.88,13809,I,,,,,,
1679788,2025-06-17,COIN,Andreessen Marc L,,0001679788-25-000124,2025-06-14,M,1390,0.0,1148850,I,,,,,,
1679788,2025-06-17,COIN,Kramer Kelly A.,,0001679788-25-000122,2025-06-14,M,1533,0.0,33651,D,,,,,,
1679788,2025-06-17,COIN,Rajaram Gokul,,0001679788-25-000125,2025-06-14,M,1492,0.0,1492,D,,,,,,
1679788,2025-06-17,COIN,Lutke Tobias,,0001679788-25-000121,2025-06-14,M,1329,0.0,13485,D,,,,,,
1679788,2025-06-17,COIN,Ehrsam Frederick Ernest III,,0001679788-25-000123,2025-06-14,M,1410,0.0,11827,D,,,,,,
1679788,2025-06-18,COIN,HAAS ALESIA J,,0001679788-25-000126,2025-06-16,S,6080,247.4715,100366,D,,,,,,
1679788,2025-06-23,COIN,Davies Christa,,0001679788-25-000134,2025-06-18,M,1252,0.0,1252,D,,,,,,
1679788,2025-06-23,COIN,Grewal Paul,,0001679788-25-000127,2025-06-18,S,1952,280.0248,82328,D,,,,,,
1679788,2025-06-23,COIN,Lehane Chris,,0001679788-25-000132,2025-06-18,M,1180,0.0,1180,D,,,,,,
1679788,2025-06-23,COIN,Ehrsam Frederick Ernest III,,0001679788-25-000128,2025-06-18,M,54,0.0,11881,D,,,,,,
1679788,2025-06-23,COIN,Clement Paul,,0001679788-25-000131,2025-06-18,M,1252,0.0,1252,D,,,,,,
1679788,2025-06-27,COIN,Armstrong Brian,,0001679788-25-000139,2025-06-25,S,72111,358.42,264680,I,,,,,,
1679788,2025-06-27,COIN,Armstrong Brian,,0001679788-25-000139,2025-06-26,S,2585,358.6779,111676,I,,,,,,
1679788,2025-06-27,COIN,HAAS ALESIA J,,0001679788-25-000140,2025-06-25,S,3000,360.2,97366,D,,,,,,
1679788,2025-06-27,COIN,Armstrong Brian,,0001679788-25-000139,2025-06-25,C,336265,0.0,336791,I,,,,,,
1679788,2025-06-27,COIN,Armstrong Brian,,0001679788-25-000139,2025-06-26,C,113735,0.0,114261,I,,,,,,
1679788,2025-07-03,COIN,Grewal Paul,,0001679788-25-000141,2025-07-02,S,500,340.0011,91828,D,,,,,,
1679788,2025-07-03,COIN,Armstrong Brian,,0001679788-25-000142,2025-07-01,S,17729,337.9453,7797,I,,,,,,
1679788,2025-07-03,COIN,Armstrong Brian,,0001679788-25-000142,2025-07-01,C,25000,0.0,25526,I,,,,,,
1679788,2025-07-03,COIN,Grewal Paul,,0001679788-25-000141,2025-07-02,M,10000,26.26,92328,D,,,,,,
1679788,2025-07-15,COIN,Armstrong Brian,,0001679788-25-000143,2025-07-11,C,27751,0.0,28277,I,,,,,,
1679788,2025-07-15,COIN,Armstrong Brian,,0001679788-25-000143,2025-07-11,S,8434,387.736,19843,I,,,,,,
1679788,2025-07-15,COIN,Armstrong Brian,,0001679788-25-000143,2025-07-14,C,165443,0.0,165969,I,,,,,,
1679788,2025-07-15,COIN,Armstrong Brian,,0001679788-25-000143,2025-07-14,S,113591,395.3676,52378,I,,,,,,
1679788,2025-07-17,COIN,Armstrong Brian,,0001679788-25-000145,2025-07-16,C,198300,0.0,198826,I,,,,,,
1679788,2025-07-17,COIN,HAAS ALESIA J,,0001679788-25-000144,2025-07-15,S,130,390.0,97236,D,,,,,,
1679788,2025-07-17,COIN,Armstrong Brian,,0001679788-25-000145,2025-07-16,S,28707,395.4625,170119,I,,,,,,
1679788,2025-07-17,COIN,Armstrong Brian,,0001679788-25-000145,2025-07-15,C,183506,0.0,184032,I,,,,,,
1679788,2025-07-17,COIN,Armstrong Brian,,0001679788-25-000145,2025-07-15,S,57476,395.4971,126556,I,,,,,,
1679788,2025-08-06,COIN,Armstrong Brian,,0001679788-25-000168,2025-08-04,C,25000,0.0,25526,I,,,,,,
1679788,2025-08-06,COIN,Armstrong Brian,,0001679788-25-000168,2025-08-04,S,3794,315.1018,21732,I,,,,,,
1679788,2025-08-14,COIN,Armstrong Brian,,0001679788-25-000174,2025-08-12,C,25000,0.0,25526,I,,,,,,
1679788,2025-08-14,COIN,Armstrong Brian,,0001679788-25-000174,2025-08-12,S,5706,324.9892,19820,I,,,,,,
1679788,2025-08-19,COIN,HAAS ALESIA J,,0001679788-25-000183,2025-08-15,S,660,319.8038,92869,D,,,,,,
1679788,2025-08-22,COIN,Grewal Paul,,0001679788-25-000188,2025-08-20,M,3350,0.0,85678,D,,,,,,
1679788,2025-08-22,COIN,Grewal Paul,,0001679788-25-000188,2025-08-20,F,5351,302.07,87767,D,,,,,,
1679788,2025-08-22,COIN,Jones Jennifer N.,,0001679788-25-000184,2025-08-20,S,869,304.74,1756,D,,,,,,
1679788,2025-08-22,COIN,Choi Emilie,,0001679788-25-000191,2025-08-20,M,11166,0.0,184358,D,,,,,,
1679788,2025-08-22,COIN,Brock Lawrence J,,0001679788-25-000189,2025-08-20,M,3350,0.0,3828,D,,,,,,
1679788,2025-08-22,COIN,Lehane Chris,,0001679788-25-000185,2025-08-20,M,748,0.0,1928,D,,,,,,
1679788,2025-08-22,COIN,HAAS ALESIA J,,0001679788-25-000190,2025-08-20,F,4944,302.07,93895,D,,,,,,
1679788,2025-08-22,COIN,Clement Paul,,0001679788-25-000187,2025-08-20,M,748,0.0,2000,D,,,,,,
1679788,2025-08-22,COIN,Jones Jennifer N.,,0001679788-25-000184,2025-08-20,F,2664,302.07,1756,D,,,,,,
1679788,2025-08-22,COIN,Jones Jennifer N.,,0001679788-25-000184,2025-08-20,M,628,0.0,628,D,,,,,,
1679788,2025-08-22,COIN,Davies Christa,,0001679788-25-000186,2025-08-20,M,748,0.0,2000,D,,,,,,
1679788,2025-08-22,COIN,Brock Lawrence J,,0001679788-25-000189,2025-08-20,F,4583,302.07,6381,D,,,,,,
1679788,2025-08-22,COIN,Choi Emilie,,0001679788-25-000191,2025-08-20,F,14370,302.07,187802,D,,,,,,
1679788,2025-08-22,COIN,HAAS ALESIA J,,0001679788-25-000190,2025-08-20,M,5869,0.0,94738,D,,,,,,
1679788,2025-08-26,COIN,Brock Lawrence J,isOfficer,0001415889-25-023040,2025-08-22,S,500,299.43,5881,D,,,,,,
1679788,2025-08-26,COIN,Jones Jennifer N.,isOfficer,0001415889-25-023037,2025-08-22,S,1756,300.52,0,D,,,,,,
1679788,2025-08-27,COIN,Grewal Paul,isOfficer,0001415889-25-023122,2025-08-25,M,10000,26.26,97767,D,,,,,,
1679788,2025-08-27,COIN,Grewal Paul,isOfficer,0001415889-25-023122,2025-08-25,S,571,306.8771,97196,D,,,,,,
1679788,2025-09-04,COIN,Grewal Paul,,0001679788-25-000192,2025-09-02,M,10000,26.26,92328,D,,,,,,
1679788,2025-09-04,COIN,Grewal Paul,,0001679788-25-000192,2025-09-02,S,236,296.585,92092,D,,,,,,
1679788,2025-09-08,COIN,Armstrong Brian,,0001679788-25-000193,2025-09-04,S,12643,301.4275,12883,I,,,,,,
1679788,2025-09-08,COIN,Armstrong Brian,,0001679788-25-000193,2025-09-04,C,25000,0.0,25526,I,,,,,,
1679788,2025-09-17,COIN,Armstrong Brian,,0001679788-25-000195,2025-09-15,S,6523,321.2452,19003,I,,,,,,
1679788,2025-09-17,COIN,Armstrong Brian,,0001679788-25-000195,2025-09-15,C,25000,0.0,25526,I,,,,,,
1679788,2025-09-17,COIN,HAAS ALESIA J,,0001679788-25-000197,2025-09-15,S,4600,322.22,89295,D,,,,,,
1679788,2025-10-03,COIN,Grewal Paul,,0001679788-25-000198,2025-10-01,M,10000,26.26,92328,D,,,,,,
1679788,2025-10-03,COIN,Grewal Paul,,0001679788-25-000198,2025-10-01,S,132,341.2714,92196,D,,,,,,
1679788,2025-10-06,COIN,Armstrong Brian,,0001679788-25-000199,2025-10-02,C,25000,0.0,25526,I,,,,,,
1679788,2025-10-06,COIN,Armstrong Brian,,0001679788-25-000199,2025-10-02,S,3849,353.859,21677,I,,,,,,
1679788,2025-10-15,COIN,Armstrong Brian,,0001679788-25-000200,2025-10-13,C,25000,0.0,25526,I,,,,,,
1679788,2025-10-15,COIN,Armstrong Brian,,0001679788-25-000200,2025-10-13,S,2755,359.4872,22771,I,,,,,,
1679788,2025-10-17,COIN,HAAS ALESIA J,,0001679788-25-000201,2025-10-15,S,2150,343.36,87070,D,,,,,,
1679788,2025-11-05,COIN,Armstrong Brian,,0001679788-25-000209,2025-11-03,C,25000,0.0,25526,I,,,,,,
1679788,2025-11-05,COIN,Armstrong Brian,,0001679788-25-000209,2025-11-03,S,4524,335.1225,21002,I,,,,,,
1679788,2025-11-10,COIN,Ehrsam Frederick Ernest III,,0001679788-25-000210,2025-11-07,C,19927,0.0,19927,I,,,,,,
1679788,2025-11-10,COIN,Ehrsam Frederick Ernest III,,0001679788-25-000210,2025-11-06,S,37342,307.104,239732,I,,,,,,
1679788,2025-11-10,COIN,WILSON FREDERICK R,,0001679788-25-000216,2025-11-06,S,644,295.4307,214329,D,,,,,,
1679788,2025-11-10,COIN,Ehrsam Frederick Ernest III,,0001679788-25-000210,2025-11-06,C,277074,0.0,277074,I,,,,,,
1679788,2025-11-10,COIN,Ehrsam Frederick Ernest III,,0001679788-25-000210,2025-11-07,S,1303,286.2618,18624,I,,,,,,
1679788,2025-11-13,COIN,Ehrsam Frederick Ernest III,,0001679788-25-000220,2025-11-10,C,55688,0.0,55688,I,,,,,,
1679788,2025-11-13,COIN,Ehrsam Frederick Ernest III,,0001679788-25-000220,2025-11-10,S,16912,320.4299,38776,I,,,,,,
1679788,2025-11-13,COIN,Choi Emilie,,0001679788-25-000219,2025-11-11,S,11004,304.0454,276798,D,,,,,,
1679788,2025-11-13,COIN,Choi Emilie,,0001679788-25-000219,2025-11-11,C,100000,0.0,287802,D,,,,,,
1679788,2025-11-14,COIN,Armstrong Brian,,0001679788-25-000221,2025-11-10,S,11264,319.8451,14262,I,,,,,,
1679788,2025-11-14,COIN,Armstrong Brian,,0001679788-25-000221,2025-11-10,C,25000,0.0,25526,I,,,,,,
1679788,2025-11-19,COIN,Armstrong Brian,,0001679788-25-000222,2025-11-17,S,15711,271.1416,24289,D,,,,,,
1679788,2025-11-19,COIN,HAAS ALESIA J,,0001679788-25-000223,2025-11-17,S,3250,272.8098,81570,D,,,,,,
1679788,2025-11-19,COIN,Armstrong Brian,,0001679788-25-000222,2025-11-17,M,40000,18.71,40000,D,,,,,,
1679788,2025-11-24,COIN,Ehrsam Frederick Ernest III,,0001679788-25-000228,2025-11-20,C,2750,0.0,2750,I,,,,,,
1679788,2025-11-24,COIN,Choi Emilie,,0001679788-25-000231,2025-11-20,F,14370,257.29,202434,D,,,,,,
1679788,2025-11-24,COIN,Brock Lawrence J,,0001679788-25-000232,2025-11-20,F,4583,257.29,6399,D,,,,,,
1679788,2025-11-24,COIN,Ehrsam Frederick Ernest III,,0001679788-25-000228,2025-11-20,S,2467,260.279,283,I,,,,,,
1679788,2025-11-24,COIN,Brock Lawrence J,,0001679788-25-000232,2025-11-20,M,3350,0.0,3847,D,,,,,,
1679788,2025-11-24,COIN,Choi Emilie,,0001679788-25-000231,2025-11-20,M,11166,0.0,198990,D,,,,,,
1679788,2025-11-24,COIN,HAAS ALESIA J,,0001679788-25-000229,2025-11-20,F,4944,257.29,84347,D,,,,,,
1679788,2025-11-24,COIN,Jones Jennifer N.,,0001679788-25-000233,2025-11-20,S,869,259.93,1787,D,,,,,,
1679788,2025-11-24,COIN,Grewal Paul,,0001679788-25-000230,2025-11-20,M,3350,0.0,85678,D,,,,,,
1679788,2025-11-24,COIN,Jones Jennifer N.,,0001679788-25-000233,2025-11-20,F,2632,257.29,1787,D,,,,,,
1679788,2025-11-24,COIN,Jones Jennifer N.,,0001679788-25-000233,2025-11-20,M,628,0.0,628,D,,,,,,
1679788,2025-11-24,COIN,Grewal Paul,,0001679788-25-000230,2025-11-20,F,5351,257.29,87766,D,,,,,,
1679788,2025-11-24,COIN,HAAS ALESIA J,,0001679788-25-000229,2025-11-20,M,5869,0.0,85189,D,,,,,,
1679788,2025-11-26,COIN,Brock Lawrence J,,0001679788-25-000236,2025-11-24,S,1579,244.4669,4820,D,,,,,,
1679788,2025-11-26,COIN,Jones Jennifer N.,,0001679788-25-000235,2025-11-24,S,1787,244.49,0,D,,,,,,
1679788,2025-11-26,COIN,Grewal Paul,,0001679788-25-000234,2025-11-25,S,520,241.5799,87246,D,,,,,,
1679788,2025-12-01,COIN,Grewal Paul,,0001679788-25-000237,2025-11-26,S,976,260.0012,74835,D,,,,,,
1679788,2025-12-02,COIN,Ehrsam Frederick Ernest III,,0001679788-25-000238,2025-11-28,S,566,272.8438,809,I,,,,,,
1679788,2025-12-02,COIN,Ehrsam Frederick Ernest III,,0001679788-25-000238,2025-11-28,C,1375,0.0,1375,I,,,,,,
1679788,2025-12-03,COIN,WILSON FREDERICK R,,0001679788-25-000239,2025-12-01,S,200,253.268,204773,D,,,,,,
1679788,2025-12-08,COIN,Ehrsam Frederick Ernest III,,0001679788-25-000241,2025-12-04,S,3410,273.9933,715,I,,,,,,
1679788,2025-12-08,COIN,Ehrsam Frederick Ernest III,,0001679788-25-000241,2025-12-04,C,4125,0.0,4125,I,,,,,,
1679788,2025-12-10,COIN,Armstrong Brian,,0001679788-25-000242,2025-11-26,M,40000,18.71,40000,D,,,,,,
1679788,2025-12-10,COIN,Armstrong Brian,,0001679788-25-000243,2025-12-08,S,4660,271.5749,35340,D,,,,,,
1679788,2025-12-10,COIN,Armstrong Brian,,0001679788-25-000242,2025-11-26,S,8049,255.4664,31951,D,,,,,,
1679788,2025-12-10,COIN,Ehrsam Frederick Ernest III,,0001679788-25-000244,2025-12-09,C,2750,0.0,2750,I,,,,,,
1679788,2025-12-10,COIN,Armstrong Brian,,0001679788-25-000243,2025-12-08,M,40000,18.71,40000,D,,,,,,
1679788,2025-12-10,COIN,Ehrsam Frederick Ernest III,,0001679788-25-000244,2025-12-09,S,2750,280.2666,0,I,,,,,,
1679788,2025-12-17,COIN,HAAS ALESIA J,isOfficer,0001668711-25-000011,2025-12-15,S,767,264.5593,83580,D,,,,,,
1679788,2025-12-22,COIN,Ehrsam Frederick Ernest III,isDirector,0001851442-25-000003,2025-12-18,C,1375,0.0,1375,I,,,,,,
1679788,2025-12-22,COIN,Ehrsam Frederick Ernest III,isDirector,0001851442-25-000003,2025-12-18,S,1375,252.8165,0,I,,,,,,
1679788,2025-12-23,COIN,Armstrong Brian,,0001679788-25-000249,2025-12-22,M,40000,18.71,40000,D,,,,,,
1679788,2025-12-23,COIN,Armstrong Brian,,0001679788-25-000249,2025-12-22,S,9138,248.6063,30862,D,,,,,,
1679788,2026-01-06,COIN,WILSON FREDERICK R,isDirector,0001227688-26-000002,2026-01-02,S,280,226.8771,194693,D,,,,,,
1679788,2026-01-06,COIN,WILSON FREDERICK R,isDirector,0001227688-26-000002,2026-01-02,A,24444,,24444,I,,,,,,
1679788,2026-01-07,COIN,Ehrsam Frederick Ernest III,,0001679788-26-000001,2026-01-05,S,1375,250.0333,0,I,,,,,,
1679788,2026-01-07,COIN,Ehrsam Frederick Ernest III,,0001679788-26-000001,2026-01-05,C,1375,0.0,1375,I,,,,,,
1679788,2026-01-07,COIN,Armstrong Brian,,0001851492-26-000001,2026-01-05,M,40000,18.71,40000,D,,,,,,
1679788,2026-01-07,COIN,Armstrong Brian,,0001851492-26-000001,2026-01-05,S,20790,248.527,19210,D,,,,,,
1679788,2026-01-16,COIN,Ehrsam Frederick Ernest III,,0001679788-26-000003,2026-01-14,S,2750,260.0925,0,I,,,,,,
1679788,2026-01-16,COIN,Choi Emilie,,0001851658-26-000002,2026-01-15,F,159482,255.86,364540,D,,,,,,
1679788,2026-01-16,COIN,Ehrsam Frederick Ernest III,,0001679788-26-000003,2026-01-15,C,1375,0.0,1375,I,,,,,,
1679788,2026-01-16,COIN,Choi Emilie,,0001851658-26-000002,2026-01-15,M,321588,0.0,524022,D,,,,,,
1679788,2026-01-16,COIN,HAAS ALESIA J,,0001679788-26-000004,2026-01-15,S,4000,249.5625,74714,D,,,,,,
1679788,2026-01-16,COIN,Ehrsam Frederick Ernest III,,0001679788-26-000003,2026-01-15,S,1375,250.2679,0,I,,,,,,
1679788,2026-01-16,COIN,Ehrsam Frederick Ernest III,,0001679788-26-000003,2026-01-14,C,2750,0.0,2750,I,,,,,,
1679788,2026-02-10,COIN,HAAS ALESIA J,,0001679788-26-000006,2026-02-06,C,617668,0.0,688332,D,,,,,,
1679788,2026-02-10,COIN,HAAS ALESIA J,,0001679788-26-000006,2026-02-06,M,78433,18.13,766765,D,,,,,,
1679788,2026-02-10,COIN,HAAS ALESIA J,,0001679788-26-000006,2026-02-06,S,14062,152.0995,752703,D,,,,,,
1679788,2026-02-24,COIN,Choi Emilie,,0001679788-26-000025,2026-02-20,M,160793,0.0,525333,D,,,,,,
1679788,2026-02-24,COIN,Jones Jennifer N.,,0001679788-26-000024,2026-02-20,M,1321,0.0,1321,D,,,,,,
1679788,2026-02-24,COIN,HAAS ALESIA J,,0001679788-26-000028,2026-02-20,M,5869,0.0,408034,D,,,,,,
1679788,2026-02-24,COIN,HAAS ALESIA J,,0001679788-26-000028,2026-02-20,F,4944,165.94,407191,D,,,,,,
1679788,2026-02-24,COIN,Choi Emilie,,0001679788-26-000025,2026-02-20,F,168275,165.94,535664,D,,,,,,
1679788,2026-02-24,COIN,Grewal Paul,,0001679788-26-000026,2026-02-20,F,5225,165.94,80088,D,,,,,,
1679788,2026-02-24,COIN,Grewal Paul,,0001679788-26-000026,2026-02-20,M,4402,0.0,79237,D,,,,,,
1679788,2026-02-24,COIN,Brock Lawrence J,,0001679788-26-000027,2026-02-20,F,2315,165.94,5318,D,,,,,,
1679788,2026-02-24,COIN,Brock Lawrence J,,0001679788-26-000027,2026-02-20,M,4402,0.0,4899,D,,,,,,
1679788,2026-02-24,COIN,Jones Jennifer N.,,0001679788-26-000024,2026-02-20,F,1434,165.94,1102,D,,,,,,
1679788,2026-02-26,COIN,Brock Lawrence J,,0001679788-26-000029,2026-02-24,S,1680,153.399,3638,D,,,,,,
1679788,2026-02-26,COIN,Jones Jennifer N.,,0001679788-26-000030,2026-02-24,S,440,153.3645,662,D,,,,,,
1679788,2026-03-03,COIN,Grewal Paul,,0001679788-26-000031,2026-02-27,S,80,172.67,80008,D,,,,,,
1679788,2026-03-06,COIN,HAAS ALESIA J,isOfficer,0001668711-26-000003,2026-03-04,S,10020,200.0,397171,D,,,,,,
1679788,2026-03-18,COIN,HAAS ALESIA J,,0001679788-26-000032,2026-03-16,S,9900,201.59,387271,D,,,,,,
1679788,2026-04-20,COIN,HAAS ALESIA J,,0001679788-26-000036,2026-04-16,S,10020,200.0,377201,D,,,,,,
1679788,2026-05-19,COIN,HAAS ALESIA J,,0001679788-26-000055,2026-05-15,S,9750,205.64,367451,D,,,,,,
1679788,2026-05-19,COIN,HAAS ALESIA J,,0001679788-26-000055,2026-05-15,S,9750,205.64,367451,D,non_derivative,Class A Common Stock,,,,
1679788,2026-05-22,COIN,Brock Lawrence J,,0001679788-26-000059,2026-05-20,F,5084,193.45,7133,D,non_derivative,Class A Common Stock,,,,
1679788,2026-05-22,COIN,Brock Lawrence J,,0001679788-26-000059,2026-05-20,M,4402,0.0,4919,D,non_derivative,Class A Common Stock,,,,
1679788,2026-05-22,COIN,HAAS ALESIA J,,0001679788-26-000056,2026-05-20,F,8339,193.45,375928,D,non_derivative,Class A Common Stock,,,,
1679788,2026-05-22,COIN,HAAS ALESIA J,,0001679788-26-000056,2026-05-20,M,5869,0.0,11738,D,derivative,Restricted Stock Units,Class A Common Stock,5869.0,0.0,
1679788,2026-05-22,COIN,Jones Jennifer N.,,0001679788-26-000060,2026-05-20,M,1320,0.0,2641,D,derivative,Restricted Stock Units,Class A Common Stock,1320.0,0.0,
1679788,2026-05-22,COIN,Jones Jennifer N.,,0001679788-26-000060,2026-05-20,M,1320,0.0,1320,D,,,,,,
1679788,2026-05-22,COIN,Choi Emilie,,0001679788-26-000058,2026-05-20,M,11737,0.0,547426,D,,,,,,
1679788,2026-05-22,COIN,Brock Lawrence J,,0001679788-26-000059,2026-05-20,M,4402,0.0,8803,D,derivative,Restricted Stock Units,Class A Common Stock,4402.0,0.0,
1679788,2026-05-22,COIN,Brock Lawrence J,,0001679788-26-000059,2026-05-20,M,4402,0.0,4919,D,,,,,,
1679788,2026-05-22,COIN,Brock Lawrence J,,0001679788-26-000059,2026-05-20,F,5084,193.45,7133,D,,,,,,
1679788,2026-05-22,COIN,Jones Jennifer N.,,0001679788-26-000060,2026-05-20,M,1320,0.0,1320,D,non_derivative,Class A Common Stock,,,,
1679788,2026-05-22,COIN,HAAS ALESIA J,,0001679788-26-000056,2026-05-20,M,5869,0.0,373320,D,non_derivative,Class A Common Stock,,,,
1679788,2026-05-22,COIN,Jones Jennifer N.,,0001679788-26-000060,2026-05-20,F,2513,193.45,2051,D,,,,,,
1679788,2026-05-22,COIN,Grewal Paul,,0001679788-26-000057,2026-05-20,M,4402,0.0,83278,D,,,,,,
1679788,2026-05-22,COIN,Grewal Paul,,0001679788-26-000057,2026-05-20,F,7712,193.45,86713,D,,,,,,
1679788,2026-05-22,COIN,HAAS ALESIA J,,0001679788-26-000056,2026-05-20,M,5869,0.0,373320,D,,,,,,
1679788,2026-05-22,COIN,HAAS ALESIA J,,0001679788-26-000056,2026-05-20,F,8339,193.45,375928,D,,,,,,
1679788,2026-05-22,COIN,Jones Jennifer N.,,0001679788-26-000060,2026-05-20,F,2513,193.45,2051,D,non_derivative,Class A Common Stock,,,,
1679788,2026-05-22,COIN,Choi Emilie,,0001679788-26-000058,2026-05-20,F,13862,193.45,549783,D,non_derivative,Class A Common Stock,,,,
1679788,2026-05-22,COIN,Grewal Paul,,0001679788-26-000057,2026-05-20,F,7712,193.45,86713,D,non_derivative,Class A Common Stock,,,,
1679788,2026-05-22,COIN,Grewal Paul,,0001679788-26-000057,2026-05-20,M,4402,0.0,8803,D,derivative,Restricted Stock Units,Class A Common Stock,4402.0,0.0,
1679788,2026-05-22,COIN,Grewal Paul,,0001679788-26-000057,2026-05-20,M,4402,0.0,83278,D,non_derivative,Class A Common Stock,,,,
1679788,2026-05-22,COIN,Choi Emilie,,0001679788-26-000058,2026-05-20,M,11737,0.0,23476,D,derivative,Restricted Stock Units,Class A Common Stock,11737.0,0.0,
1679788,2026-05-22,COIN,Choi Emilie,,0001679788-26-000058,2026-05-20,F,13862,193.45,549783,D,,,,,,
1679788,2026-05-22,COIN,Choi Emilie,,0001679788-26-000058,2026-05-20,M,11737,0.0,547426,D,non_derivative,Class A Common Stock,,,,
1679788,2026-05-27,COIN,Brock Lawrence J,,0001679788-26-000061,2026-05-22,S,1033,185.16,6100,D,non_derivative,Class A Common Stock,,,,
1679788,2026-05-29,COIN,Grewal Paul,,0001679788-26-000062,2026-05-27,S,321,174.9887,86392,D,non_derivative,Class A Common Stock,,,,
1679788,2026-06-03,COIN,WILSON FREDERICK R,,0001679788-26-000063,2026-06-01,S,600,177.1283,39400,I,non_derivative,Class A Common Stock,,,,
1679788,2026-06-09,COIN,Jones Jennifer N.,,0001679788-26-000064,2026-06-05,S,2051,158.15,0,D,non_derivative,Class A Common Stock,,,,
1679788,2026-06-18,COIN,Davies Christa,,0001679788-26-000068,2026-06-16,A,2392,0.0,2392,D,derivative,Restricted Stock Units,Class A Common Stock,2392.0,,
1679788,2026-06-18,COIN,Lutke Tobias,,0001679788-26-000077,2026-06-16,M,1100,0.0,14585,D,non_derivative,Class A Common Stock,,,,
1679788,2026-06-18,COIN,Lutke Tobias,,0001679788-26-000077,2026-06-16,A,2215,0.0,2215,D,derivative,Restricted Stock Units,Class A Common Stock,2215.0,,
1679788,2026-06-18,COIN,Lutke Tobias,,0001679788-26-000077,2026-06-16,M,1100,0.0,0,D,derivative,Restricted Stock Units,Class A Common Stock,1100.0,,
1679788,2026-06-18,COIN,Andreessen Marc L,,0001679788-26-000067,2026-06-16,M,1150,0.0,0,D,derivative,Restricted Stock Units,Class A Common Stock,1150.0,,
1679788,2026-06-18,COIN,Lehane Chris,,0001679788-26-000076,2026-06-16,M,1100,0.0,3028,D,non_derivative,Class A Common Stock,,,,
1679788,2026-06-18,COIN,Lehane Chris,,0001679788-26-000076,2026-06-16,A,2215,0.0,2215,D,derivative,Restricted Stock Units,Class A Common Stock,2215.0,,
1679788,2026-06-18,COIN,Lehane Chris,,0001679788-26-000076,2026-06-16,M,1100,0.0,0,D,derivative,Restricted Stock Units,Class A Common Stock,1100.0,,
1679788,2026-06-18,COIN,WILSON FREDERICK R,,0001679788-26-000073,2026-06-16,A,2834,0.0,2834,D,derivative,Restricted Stock Units,Class A Common Stock,2834.0,,
1679788,2026-06-18,COIN,Ehrsam Frederick Ernest III,,0001679788-26-000072,2026-06-16,M,1150,0.0,1150,D,non_derivative,Class A Common Stock,,,,
1679788,2026-06-18,COIN,Ehrsam Frederick Ernest III,,0001679788-26-000072,2026-06-16,A,2303,0.0,2303,D,derivative,Restricted Stock Units,Class A Common Stock,2303.0,,
1679788,2026-06-18,COIN,Ehrsam Frederick Ernest III,,0001679788-26-000072,2026-06-16,M,1150,0.0,0,D,derivative,Restricted Stock Units,Class A Common Stock,1150.0,,
1679788,2026-06-18,COIN,Clement Paul,,0001679788-26-000066,2026-06-16,M,748,0.0,2748,D,non_derivative,Class A Common Stock,,,,
1679788,2026-06-18,COIN,Rajaram Gokul,,0001679788-26-000071,2026-06-16,M,1234,0.0,1234,D,non_derivative,Class A Common Stock,,,,
1679788,2026-06-18,COIN,Rajaram Gokul,,0001679788-26-000071,2026-06-16,M,1234,0.0,0,D,derivative,Restricted Stock Units,Class A Common Stock,1234.0,,
1679788,2026-06-18,COIN,Kramer Kelly A.,,0001679788-26-000070,2026-06-16,M,1268,0.0,34919,D,non_derivative,Class A Common Stock,,,,
1679788,2026-06-18,COIN,Kramer Kelly A.,,0001679788-26-000070,2026-06-16,A,2657,0.0,2657,D,derivative,Restricted Stock Units,Class A Common Stock,2657.0,,
1679788,2026-06-18,COIN,Kramer Kelly A.,,0001679788-26-000070,2026-06-16,M,1268,0.0,0,D,derivative,Restricted Stock Units,Class A Common Stock,1268.0,,
1679788,2026-06-18,COIN,Davies Christa,,0001679788-26-000068,2026-06-16,M,1167,0.0,3167,D,non_derivative,Class A Common Stock,,,,
1679788,2026-06-18,COIN,Davies Christa,,0001679788-26-000068,2026-06-16,F,88,169.62,3079,D,non_derivative,Class A Common Stock,,,,
1679788,2026-06-18,COIN,Davies Christa,,0001679788-26-000068,2026-06-16,M,1167,0.0,0,D,derivative,Restricted Stock Units,Class A Common Stock,1167.0,,
1679788,2026-06-18,COIN,Andreessen Marc L,,0001679788-26-000067,2026-06-16,M,1150,0.0,1150000,I,non_derivative,Class A Common Stock,,,,
1679788,2026-06-18,COIN,Andreessen Marc L,,0001679788-26-000067,2026-06-16,A,2303,0.0,2303,D,derivative,Restricted Stock Units,Class A Common Stock,2303.0,,
1679788,2026-06-18,COIN,Clement Paul,,0001679788-26-000066,2026-06-16,M,748,0.0,748,D,derivative,Restricted Stock Units,Class A Common Stock,748.0,,
1679788,2026-06-18,COIN,Rajaram Gokul,,0001679788-26-000071,2026-06-16,A,2480,0.0,2480,D,derivative,Restricted Stock Units,Class A Common Stock,2480.0,,
1679788,2026-07-06,COIN,WILSON FREDERICK R,isDirector,0001227688-26-000008,2026-07-01,S,100,146.53,29900,I,non_derivative,Class A Common Stock,,,,
1679788,2026-08-05,COIN,WILSON FREDERICK R,,0001679788-26-000090,2026-08-03,S,646,142.1511,29354,I,non_derivative,Class A Common Stock,,,,
0001679788,2026-08-18,COIN,Choi Emilie,,0001679788-26-000092,2026-08-15,A,67353,0,67353,D,derivative,Restricted Stock Units,Class A Common Stock,67353,0,
