cik,filingDate,issuerTradingSymbol,reportingOwnerName,reportingOwnerRelationship,accessionNumber,transactionDate,transactionCode,transactionShares,transactionPricePerShare,sharesOwnedFollowingTransaction,directOrIndirectOwnership,transactionType,securityTitle,underlyingSecurityTitle,underlyingSecurityShares,exercisePrice,expirationDate
1535527,2019-12-11,CRWD,GANDHI SAMEER K,,0000950103-19-017143,2019-12-09,C,847600.0,,847600,I,,,,,,
1535527,2019-12-11,CRWD,Accel Growth Fund II L.P.,,0000950103-19-017140,2019-12-09,J,847600.0,0.0,0,D,,,,,,
1535527,2019-12-11,CRWD,OLEARY DENIS,,0000950103-19-017137,2019-12-09,C,350000.0,,350000,D,,,,,,
1535527,2019-12-11,CRWD,CapitalG LP,,0000899243-19-028989,2019-12-09,S,144877.0,50.33,0,I,,,,,,
1535527,2019-12-11,CRWD,Watzinger Gerhard,,0000950103-19-017138,2019-12-09,C,100000.0,,100000,D,,,,,,
1535527,2019-12-11,CRWD,Watzinger Gerhard,,0000950103-19-017138,2019-12-09,S,75910.0,49.05,24090,D,,,,,,
1535527,2019-12-11,CRWD,Podbere Burt W.,,0000950103-19-017135,2019-12-09,S,139508.0,49.59,75492,D,,,,,,
1535527,2019-12-11,CRWD,OLEARY DENIS,,0000950103-19-017137,2019-12-09,S,350000.0,50.03,0,D,,,,,,
1535527,2019-12-11,CRWD,Sexton Joseph E.,,0000950103-19-017136,2019-12-09,C,12500.0,,12500,D,,,,,,
1535527,2019-12-11,CRWD,"Warburg Pincus Private Equity X, L.P.",,0001104659-19-071951,2019-12-10,S,4845000.0,45.89,0,D,,,,,,
1535527,2019-12-11,CRWD,Podbere Burt W.,,0000950103-19-017135,2019-12-09,C,215000.0,,215000,D,,,,,,
1535527,2019-12-11,CRWD,Accel Growth Fund II L.P.,,0000950103-19-017140,2019-12-09,C,847600.0,,847600,D,,,,,,
1535527,2019-12-11,CRWD,Landy Joseph P.,,0001104659-19-071950,2019-12-10,C,5000000.0,,5000000,I,,,,,,
1535527,2019-12-11,CRWD,Landy Joseph P.,,0001104659-19-071950,2019-12-10,S,5000000.0,45.89,0,I,,,,,,
1535527,2019-12-11,CRWD,Landy Joseph P.,,0001104659-19-071950,2019-12-09,S,2500000.0,49.7,0,I,,,,,,
1535527,2019-12-11,CRWD,Landy Joseph P.,,0001104659-19-071950,2019-12-09,C,2500000.0,,2500000,I,,,,,,
1535527,2019-12-11,CRWD,Kurtz George,,0000950103-19-017139,2019-12-09,C,108332.0,,108332,I,,,,,,
1535527,2019-12-11,CRWD,Kurtz George,,0000950103-19-017139,2019-12-09,S,54166.0,49.52,54166,I,,,,,,
1535527,2019-12-11,CRWD,"Warburg Pincus Private Equity X, L.P.",,0001104659-19-071951,2019-12-10,C,4845000.0,,4845000,D,,,,,,
1535527,2019-12-11,CRWD,"Warburg Pincus Private Equity X, L.P.",,0001104659-19-071951,2019-12-09,S,2422500.0,49.7,0,D,,,,,,
1535527,2019-12-11,CRWD,"Warburg Pincus Private Equity X, L.P.",,0001104659-19-071951,2019-12-09,C,2422500.0,,2422500,D,,,,,,
1535527,2019-12-11,CRWD,CapitalG LP,,0000899243-19-028989,2019-12-10,S,2262.0,50.01,0,I,,,,,,
1535527,2019-12-11,CRWD,CapitalG LP,,0000899243-19-028989,2019-12-10,C,2262.0,0.0,2262,I,,,,,,
1535527,2019-12-11,CRWD,Sexton Joseph E.,,0000950103-19-017136,2019-12-09,S,12500.0,49.18,0,D,,,,,,
1535527,2019-12-11,CRWD,CapitalG LP,,0000899243-19-028989,2019-12-09,C,144877.0,0.0,144877,I,,,,,,
1535527,2019-12-11,CRWD,GANDHI SAMEER K,,0000950103-19-017143,2019-12-09,J,847600.0,0.0,0,I,,,,,,
1535527,2019-12-17,CRWD,"Warburg Pincus Private Equity X, L.P.",,0001104659-19-073242,2019-12-16,A,67750.0,,67750,I,,,,,,
1535527,2019-12-17,CRWD,DAVIS CARY,,0001104659-19-073488,2019-12-16,A,14080.0,,14080,D,,,,,,
1535527,2019-12-17,CRWD,"Warburg Pincus Private Equity X, L.P.",,0001104659-19-073242,2019-12-16,J,5811864.0,,0,D,,,,,,
1535527,2019-12-17,CRWD,Landy Joseph P.,,0001104659-19-073241,2019-12-16,J,5995588.0,,0,I,,,,,,
1535527,2019-12-17,CRWD,Landy Joseph P.,,0001104659-19-073241,2019-12-16,C,5995588.0,,5995588,I,,,,,,
1535527,2019-12-17,CRWD,Landy Joseph P.,,0001104659-19-073241,2019-12-16,A,77542.0,,77542,D,,,,,,
1535527,2019-12-17,CRWD,"Warburg Pincus Private Equity X, L.P.",,0001104659-19-073242,2019-12-16,C,5811864.0,,5811864,D,,,,,,
1535527,2019-12-18,CRWD,Watzinger Gerhard,,0000950103-19-017348,2019-12-16,S,85342.0,48.74,14658,D,,,,,,
1535527,2019-12-18,CRWD,Watzinger Gerhard,,0000950103-19-017348,2019-12-16,C,100000.0,,100000,D,,,,,,
1535527,2019-12-20,CRWD,CapitalG LP,,0000899243-19-029818,2019-12-19,S,0.0,50.18,0,I,,,,,,
1535527,2019-12-20,CRWD,CapitalG LP,,0000899243-19-029818,2019-12-19,C,17832.0,0.0,17832,I,,,,,,
1535527,2019-12-20,CRWD,CapitalG LP,,0000899243-19-029818,2019-12-18,S,0.0,50.03,0,I,,,,,,
1535527,2019-12-20,CRWD,CapitalG LP,,0000899243-19-029818,2019-12-18,C,1018275.0,0.0,1018275,I,,,,,,
1535527,2019-12-26,CRWD,Kurtz George,,0000950103-19-017756,2019-12-23,C,508807.0,,508807,D,,,,,,
1535527,2019-12-26,CRWD,Kurtz George,,0000950103-19-017756,2019-12-23,S,407554.0,48.07,0,D,,,,,,
1535527,2019-12-26,CRWD,Black Colin,,0000950103-19-017755,2019-12-23,C,5629.0,,6364,D,,,,,,
1535527,2019-12-26,CRWD,Black Colin,,0000950103-19-017755,2019-12-23,S,5629.0,49.18,735,D,,,,,,
1535527,2019-12-26,CRWD,Podbere Burt W.,,0000950103-19-017753,2019-12-23,S,7662.0,48.12,1735,D,,,,,,
1535527,2019-12-26,CRWD,Podbere Burt W.,,0000950103-19-017753,2019-12-23,C,8662.0,,9397,D,,,,,,
1535527,2019-12-30,CRWD,CapitalG LP,,0000899243-19-030183,2019-12-30,S,555822.0,50.09,0,I,,,,,,
1535527,2019-12-30,CRWD,CapitalG LP,,0000899243-19-030183,2019-12-30,C,555822.0,0.0,555822,I,,,,,,
1535527,2019-12-30,CRWD,CapitalG LP,,0000899243-19-030183,2019-12-27,S,8826.0,50.22,0,I,,,,,,
1535527,2019-12-30,CRWD,CapitalG LP,,0000899243-19-030183,2019-12-26,S,73046.0,50.04,0,I,,,,,,
1535527,2019-12-30,CRWD,CapitalG LP,,0000899243-19-030183,2019-12-26,C,73046.0,0.0,73046,I,,,,,,
1535527,2019-12-30,CRWD,CapitalG LP,,0000899243-19-030183,2019-12-27,C,8826.0,0.0,8826,I,,,,,,
1535527,2019-12-31,CRWD,OLEARY DENIS,,0000950103-19-018139,2019-12-30,G,21000.0,0.0,0,D,,,,,,
1535527,2019-12-31,CRWD,OLEARY DENIS,,0000950103-19-018139,2019-12-27,C,21000.0,,21000,D,,,,,,
1535527,2020-01-03,CRWD,KAYE CHARLES R,,0001104659-20-001168,2020-01-02,S,67750.0,49.43,0,D,,,,,,
1535527,2020-01-03,CRWD,CapitalG LP,,0000899243-20-000406,2020-01-02,S,371081.0,50.26,0,I,,,,,,
1535527,2020-01-03,CRWD,CapitalG LP,,0000899243-20-000406,2019-12-31,S,173097.0,50.12,0,I,,,,,,
1535527,2020-01-03,CRWD,CapitalG LP,,0000899243-20-000406,2020-01-02,C,371081.0,0.0,371081,I,,,,,,
1535527,2020-01-03,CRWD,CapitalG LP,,0000899243-20-000406,2019-12-31,C,173097.0,0.0,173097,I,,,,,,
1535527,2020-01-03,CRWD,CapitalG LP,,0000899243-20-000406,2020-01-03,C,2349710.0,0.0,2349710,I,,,,,,
1535527,2020-01-03,CRWD,CapitalG LP,,0000899243-20-000406,2020-01-03,S,908486.0,50.6,1441224,I,,,,,,
1535527,2020-01-06,CRWD,OLEARY DENIS,,0000950103-20-000326,2020-01-02,C,24000.0,,24000,D,,,,,,
1535527,2020-01-06,CRWD,OLEARY DENIS,,0000950103-20-000326,2020-01-02,S,24000.0,50.18,0,D,,,,,,
1535527,2020-01-07,CRWD,Accel Growth Fund II L.P.,,0000950103-20-000380,2020-01-03,C,847600.0,,847600,D,,,,,,
1535527,2020-01-07,CRWD,Accel Growth Fund II L.P.,,0000950103-20-000380,2020-01-03,J,847600.0,0.0,0,D,,,,,,
1535527,2020-01-07,CRWD,GANDHI SAMEER K,,0000950103-20-000381,2020-01-03,J,847600.0,0.0,0,I,,,,,,
1535527,2020-01-07,CRWD,GANDHI SAMEER K,,0000950103-20-000381,2020-01-03,C,847600.0,,847600,I,,,,,,
1535527,2020-01-08,CRWD,CapitalG LP,,0000899243-20-000840,2020-01-06,C,2085172.0,0.0,2085172,I,,,,,,
1535527,2020-01-08,CRWD,Kurtz George,,0000950103-20-000427,2020-01-06,S,1172.0,53.5,0,I,,,,,,
1535527,2020-01-08,CRWD,Kurtz George,,0000950103-20-000427,2020-01-06,C,1172.0,,1172,I,,,,,,
1535527,2020-01-08,CRWD,CapitalG LP,,0000899243-20-000840,2020-01-06,S,161256.0,51.72,1923916,I,,,,,,
1535527,2020-01-08,CRWD,Landy Joseph P.,,0001104659-20-002367,2020-01-06,C,5000000.0,,5000000,I,,,,,,
1535527,2020-01-08,CRWD,"Warburg Pincus Private Equity X, L.P.",,0001104659-20-002370,2020-01-06,C,4845000.0,,4845000,D,,,,,,
1535527,2020-01-08,CRWD,"Warburg Pincus Private Equity X, L.P.",,0001104659-20-002370,2020-01-06,S,4845000.0,53.0,0,D,,,,,,
1535527,2020-01-08,CRWD,Landy Joseph P.,,0001104659-20-002367,2020-01-06,S,5000000.0,53.0,0,I,,,,,,
1535527,2020-01-09,CRWD,OLEARY DENIS,,0000950103-20-000474,2020-01-09,G,36000.0,0.0,0,D,,,,,,
1535527,2020-01-09,CRWD,AUSTIN ROXANNE S,,0000950103-20-000475,2019-12-20,C,28906.0,,28906,D,,,,,,
1535527,2020-01-09,CRWD,AUSTIN ROXANNE S,,0000950103-20-000475,2020-01-07,S,7000.0,55.25,21906,D,,,,,,
1535527,2020-01-09,CRWD,OLEARY DENIS,,0000950103-20-000474,2020-01-07,C,36000.0,,36000,D,,,,,,
1535527,2020-01-13,CRWD,OLEARY DENIS,,0000950103-20-000562,2020-01-10,G,18000.0,0.0,0,D,,,,,,
1535527,2020-01-13,CRWD,OLEARY DENIS,,0000950103-20-000562,2020-01-09,C,18000.0,,18000,D,,,,,,
1535527,2020-01-13,CRWD,Kurtz George,,0000950103-20-000561,2020-01-09,S,27083.0,55.77,81249,I,,,,,,
1535527,2020-01-13,CRWD,Kurtz George,,0000950103-20-000561,2020-01-09,C,108332.0,,108332,I,,,,,,
1535527,2020-01-13,CRWD,Sexton Joseph E.,,0000950103-20-000560,2020-01-09,C,12500.0,,12500,D,,,,,,
1535527,2020-01-13,CRWD,Kurtz George,,0000950103-20-000561,2020-01-13,S,1172.0,59.5,0,I,,,,,,
1535527,2020-01-13,CRWD,Kurtz George,,0000950103-20-000561,2020-01-13,C,1172.0,,1172,I,,,,,,
1535527,2020-01-13,CRWD,Sexton Joseph E.,,0000950103-20-000560,2020-01-09,S,12500.0,56.78,0,D,,,,,,
1535527,2020-01-14,CRWD,GANDHI SAMEER K,,0000950103-20-000638,2020-01-10,C,954400.0,,1574760,I,,,,,,
1535527,2020-01-14,CRWD,Landy Joseph P.,,0001104659-20-003623,2020-01-13,A,107758.0,,185300,D,,,,,,
1535527,2020-01-14,CRWD,Accel Leaders Fund L.P.,,0000950103-20-000635,2020-01-10,J,954400.0,0.0,620360,D,,,,,,
1535527,2020-01-14,CRWD,Accel Leaders Fund L.P.,,0000950103-20-000635,2020-01-10,C,954400.0,,1574760,D,,,,,,
1535527,2020-01-14,CRWD,Landy Joseph P.,,0001104659-20-003623,2020-01-13,J,8987370.0,,0,I,,,,,,
1535527,2020-01-14,CRWD,GANDHI SAMEER K,,0000950103-20-000638,2020-01-10,J,954400.0,0.0,620360,I,,,,,,
1535527,2020-01-14,CRWD,"Warburg Pincus Private Equity X, L.P.",,0001104659-20-003622,2020-01-13,A,92900.0,,92900,I,,,,,,
1535527,2020-01-14,CRWD,"Warburg Pincus Private Equity X, L.P.",,0001104659-20-003622,2020-01-13,J,8708657.0,,0,D,,,,,,
1535527,2020-01-14,CRWD,Landy Joseph P.,,0001104659-20-003623,2020-01-13,C,8987370.0,,8987370,I,,,,,,
1535527,2020-01-14,CRWD,"Warburg Pincus Private Equity X, L.P.",,0001104659-20-003622,2020-01-13,C,8708657.0,,8708657,D,,,,,,
1535527,2020-01-14,CRWD,DAVIS CARY,,0001104659-20-003624,2020-01-13,A,19384.0,,33464,D,,,,,,
1535527,2020-01-16,CRWD,Black Colin,,0000950103-20-000735,2020-01-14,C,25000.0,,25735,D,,,,,,
1535527,2020-01-16,CRWD,Black Colin,,0000950103-20-000735,2020-01-14,S,25000.0,60.0,735,D,,,,,,
1535527,2020-01-17,CRWD,CapitalG LP,,0000899243-20-001405,2020-01-15,S,330027.0,61.38,0,I,,,,,,
1535527,2020-01-17,CRWD,CapitalG LP,,0000899243-20-001405,2020-01-16,S,97213.0,61.55,72760,I,,,,,,
1535527,2020-01-17,CRWD,CapitalG LP,,0000899243-20-001405,2020-01-15,C,330027.0,0.0,330027,I,,,,,,
1535527,2020-01-17,CRWD,CapitalG LP,,0000899243-20-001405,2020-01-16,C,169973.0,0.0,169973,I,,,,,,
1535527,2020-01-21,CRWD,Kurtz George,,0000950103-20-000842,2020-01-16,S,1172.0,62.52,0,I,,,,,,
1535527,2020-01-21,CRWD,Kurtz George,,0000950103-20-000842,2020-01-16,C,1172.0,,1172,I,,,,,,
1535527,2020-01-24,CRWD,CapitalG LP,,0000899243-20-001989,2020-01-22,C,12487.0,0.0,12487,I,,,,,,
1535527,2020-01-24,CRWD,CapitalG LP,,0000899243-20-001989,2020-01-22,S,12487.0,63.94,0,I,,,,,,
1535527,2020-01-29,CRWD,Watzinger Gerhard,,0000950103-20-001316,2020-01-27,C,20000.0,,20000,D,,,,,,
1535527,2020-01-29,CRWD,Watzinger Gerhard,,0000950103-20-001316,2020-01-27,S,20000.0,56.41,0,D,,,,,,
1535527,2020-02-05,CRWD,OLEARY DENIS,,0000950103-20-002302,2020-02-03,S,11275.0,60.31,12725,D,,,,,,
1535527,2020-02-05,CRWD,OLEARY DENIS,,0000950103-20-002302,2020-02-03,C,24000.0,,24000,D,,,,,,
1535527,2020-02-06,CRWD,CapitalG LP,,0000899243-20-003534,2020-02-04,C,242124.0,0.0,242124,I,,,,,,
1535527,2020-02-06,CRWD,CapitalG LP,,0000899243-20-003534,2020-02-04,S,239822.0,63.64,2302,I,,,,,,
1535527,2020-02-06,CRWD,CapitalG LP,,0000899243-20-003534,2020-02-05,C,38429.0,0.0,38429,I,,,,,,
1535527,2020-02-06,CRWD,CapitalG LP,,0000899243-20-003534,2020-02-05,S,37429.0,63.99,1000,I,,,,,,
1535527,2020-02-07,CRWD,Kurtz George,,0000950103-20-002522,2020-02-05,S,1172.0,64.5,0,I,,,,,,
1535527,2020-02-07,CRWD,Kurtz George,,0000950103-20-002522,2020-02-05,C,1172.0,,1172,I,,,,,,
1535527,2020-02-12,CRWD,Kurtz George,,0000950103-20-002700,2020-02-11,C,2344.0,,2344,I,,,,,,
1535527,2020-02-12,CRWD,Kurtz George,,0000950103-20-002700,2020-02-10,S,27083.0,61.89,81249,I,,,,,,
1535527,2020-02-12,CRWD,Kurtz George,,0000950103-20-002700,2020-02-10,C,108332.0,,108332,I,,,,,,
1535527,2020-02-12,CRWD,Kurtz George,,0000950103-20-002700,2020-02-11,S,1172.0,65.59,1172,I,,,,,,
1535527,2020-02-12,CRWD,Black Colin,,0000950103-20-002698,2020-02-10,S,735.0,62.33,34996,D,,,,,,
1535527,2020-02-12,CRWD,Black Colin,,0000950103-20-002698,2020-02-10,C,25000.0,0.0,35731,D,,,,,,
1535527,2020-02-12,CRWD,Sexton Joseph E.,,0000950103-20-002699,2020-02-10,C,12500.0,,12500,D,,,,,,
1535527,2020-02-12,CRWD,Sexton Joseph E.,,0000950103-20-002699,2020-02-10,S,12500.0,61.97,0,D,,,,,,
1535527,2020-02-13,CRWD,CapitalG LP,,0000899243-20-004527,2020-02-11,S,270288.0,65.27,12301,I,,,,,,
1535527,2020-02-13,CRWD,CapitalG LP,,0000899243-20-004527,2020-02-13,S,812286.0,65.52,17925,I,,,,,,
1535527,2020-02-13,CRWD,Podbere Burt W.,,0000950103-20-002752,2020-02-11,S,55950.0,65.37,11748,D,,,,,,
1535527,2020-02-13,CRWD,CapitalG LP,,0000899243-20-004527,2020-02-11,C,282589.0,0.0,282589,I,,,,,,
1535527,2020-02-13,CRWD,Podbere Burt W.,,0000950103-20-002752,2020-02-11,C,60000.0,,67698,D,,,,,,
1535527,2020-02-13,CRWD,CapitalG LP,,0000899243-20-004527,2020-02-12,C,727959.0,0.0,727959,I,,,,,,
1535527,2020-02-13,CRWD,CapitalG LP,,0000899243-20-004527,2020-02-12,S,727959.0,65.23,0,I,,,,,,
1535527,2020-02-13,CRWD,CapitalG LP,,0000899243-20-004527,2020-02-13,C,830211.0,0.0,830211,I,,,,,,
1535527,2020-02-19,CRWD,CapitalG LP,,0000899243-20-005207,2020-02-18,S,354945.0,65.67,27751,I,,,,,,
1535527,2020-02-19,CRWD,CapitalG LP,,0000899243-20-005207,2020-02-19,C,930054.0,0.0,930054,I,,,,,,
1535527,2020-02-19,CRWD,CapitalG LP,,0000899243-20-005207,2020-02-19,S,85696.0,66.11,844358,I,,,,,,
1535527,2020-02-19,CRWD,CapitalG LP,,0000899243-20-005207,2020-02-14,S,175366.0,65.29,0,I,,,,,,
1535527,2020-02-19,CRWD,CapitalG LP,,0000899243-20-005207,2020-02-14,C,175366.0,0.0,175366,I,,,,,,
1535527,2020-02-19,CRWD,CapitalG LP,,0000899243-20-005207,2020-02-18,C,382696.0,0.0,382696,I,,,,,,
1535527,2020-02-24,CRWD,CapitalG LP,,0000899243-20-005650,2020-02-20,C,82488.0,0.0,82488,I,,,,,,
1535527,2020-02-24,CRWD,CapitalG LP,,0000899243-20-005650,2020-02-20,S,82488.0,65.38,0,I,,,,,,
1535527,2020-02-26,CRWD,Watzinger Gerhard,,0000950103-20-003403,2020-02-24,C,20000.0,,20000,D,,,,,,
1535527,2020-02-26,CRWD,Watzinger Gerhard,,0000950103-20-003403,2020-02-24,S,20000.0,56.41,0,D,,,,,,
1535527,2020-03-04,CRWD,OLEARY DENIS,,0000950103-20-004603,2020-03-02,C,24000.0,,24000,D,,,,,,
1535527,2020-03-04,CRWD,OLEARY DENIS,,0000950103-20-004603,2020-03-02,S,7934.0,58.7,16066,D,,,,,,
1535527,2020-03-11,CRWD,Sexton Joseph E.,,0000950103-20-005113,2020-03-09,C,12500.0,,12500,D,,,,,,
1535527,2020-03-11,CRWD,Sexton Joseph E.,,0000950103-20-005113,2020-03-09,S,12500.0,46.77,0,D,,,,,,
1535527,2020-03-11,CRWD,Kurtz George,,0000950103-20-005114,2020-03-09,S,27083.0,46.75,27083,I,,,,,,
1535527,2020-03-11,CRWD,Kurtz George,,0000950103-20-005114,2020-03-09,C,54166.0,,54166,I,,,,,,
1535527,2020-03-24,CRWD,Podbere Burt W.,,0000950103-20-005937,2020-03-23,C,3125.0,,10823,D,,,,,,
1535527,2020-03-24,CRWD,Accel Growth Fund II L.P.,,0000950103-20-005907,2020-03-23,C,3161548.0,,3161548,D,,,,,,
1535527,2020-03-24,CRWD,Black Colin,,0000950103-20-005934,2020-03-23,S,1558.0,46.24,1567,D,,,,,,
1535527,2020-03-24,CRWD,GANDHI SAMEER K,,0000950103-20-005908,2020-03-23,C,3161548.0,,3161548,I,,,,,,
1535527,2020-03-24,CRWD,Black Colin,,0000950103-20-005934,2020-03-23,C,3125.0,,3125,D,,,,,,
1535527,2020-03-24,CRWD,GANDHI SAMEER K,,0000950103-20-005908,2020-03-23,J,3161548.0,0.0,0,I,,,,,,
1535527,2020-03-24,CRWD,Kurtz George,,0000950103-20-005935,2020-03-20,C,36686.0,,36686,I,,,,,,
1535527,2020-03-24,CRWD,AUSTIN ROXANNE S,,0000950103-20-005936,2020-03-20,C,5781.0,,20687,D,,,,,,
1535527,2020-03-24,CRWD,Kurtz George,,0000950103-20-005935,2020-03-23,C,17480.0,,17480,I,,,,,,
1535527,2020-03-24,CRWD,Accel Growth Fund II L.P.,,0000950103-20-005907,2020-03-23,J,3161548.0,0.0,0,D,,,,,,
1535527,2020-03-24,CRWD,Black Colin,,0000950103-20-005934,2020-03-24,S,1481.0,54.92,0,D,,,,,,
1535527,2020-03-24,CRWD,Podbere Burt W.,,0000950103-20-005937,2020-03-23,S,1140.0,46.5,9683,D,,,,,,
1535527,2020-03-24,CRWD,Kurtz George,,0000950103-20-005935,2020-03-23,S,17480.0,50.13,0,I,,,,,,
1535527,2020-03-24,CRWD,Kurtz George,,0000950103-20-005935,2020-03-20,S,36686.0,50.09,0,I,,,,,,
1535527,2020-03-25,CRWD,Watzinger Gerhard,,0000950103-20-006013,2020-03-23,S,18700.0,46.3,1300,D,,,,,,
1535527,2020-03-25,CRWD,Watzinger Gerhard,,0000950103-20-006013,2020-03-23,C,20000.0,,20000,D,,,,,,
1535527,2020-03-26,CRWD,OLEARY DENIS,,0000950103-20-006101,2020-03-24,G,45050.0,0.0,0,D,,,,,,
1535527,2020-03-26,CRWD,Kurtz George,,0000950103-20-006100,2020-03-24,C,15476.0,,15476,I,,,,,,
1535527,2020-03-26,CRWD,Kurtz George,,0000950103-20-006100,2020-03-24,S,15476.0,54.99,0,I,,,,,,
1535527,2020-03-26,CRWD,OLEARY DENIS,,0000950103-20-006101,2020-03-24,C,45050.0,,45050,D,,,,,,
1535527,2020-03-31,CRWD,Accel Growth Fund II L.P.,,0000950103-20-006542,2020-03-27,C,1271400.0,,1271400,D,,,,,,
1535527,2020-03-31,CRWD,GANDHI SAMEER K,,0000950103-20-006544,2020-03-27,J,1271400.0,0.0,0,I,,,,,,
1535527,2020-03-31,CRWD,GANDHI SAMEER K,,0000950103-20-006544,2020-03-27,C,1271400.0,,1271400,I,,,,,,
1535527,2020-03-31,CRWD,Kurtz George,,0000950103-20-006540,2020-03-27,S,15476.0,59.64,0,I,,,,,,
1535527,2020-03-31,CRWD,Kurtz George,,0000950103-20-006540,2020-03-27,C,15476.0,,15476,I,,,,,,
1535527,2020-03-31,CRWD,Accel Growth Fund II L.P.,,0000950103-20-006542,2020-03-27,J,1271400.0,0.0,0,D,,,,,,
1535527,2020-04-02,CRWD,Black Colin,,0000950103-20-006904,2020-03-31,C,10850.0,0.0,10850,D,,,,,,
1535527,2020-04-02,CRWD,Black Colin,,0000950103-20-006904,2020-03-31,S,5850.0,60.03,5000,D,,,,,,
1535527,2020-04-03,CRWD,OLEARY DENIS,,0000950103-20-007055,2020-04-01,S,9200.0,54.29,15800,D,,,,,,
1535527,2020-04-03,CRWD,OLEARY DENIS,,0000950103-20-007055,2020-04-01,C,25000.0,,25000,D,,,,,,
1535527,2020-04-07,CRWD,AUSTIN ROXANNE S,,0000950103-20-007160,2020-04-03,S,3000.0,58.0,17687,D,,,,,,
1535527,2020-04-08,CRWD,Black Colin,,0000950103-20-007240,2020-04-06,S,14150.0,60.0,0,D,,,,,,
1535527,2020-04-08,CRWD,Black Colin,,0000950103-20-007240,2020-04-06,C,14150.0,0.0,14150,D,,,,,,
1535527,2020-04-08,CRWD,"Warburg Pincus Private Equity X, L.P.",,0001104659-20-044697,2020-04-06,C,9690000.0,,9690000,D,,,,,,
1535527,2020-04-08,CRWD,"Warburg Pincus Private Equity X, L.P.",,0001104659-20-044697,2020-04-06,S,9690000.0,57.51,0,D,,,,,,
1535527,2020-04-10,CRWD,Kurtz George,,0000950103-20-007334,2020-04-09,S,36111.0,57.84,180555,I,,,,,,
1535527,2020-04-10,CRWD,Kurtz George,,0000950103-20-007334,2020-04-09,C,216666.0,,216666,I,,,,,,
1535527,2020-04-10,CRWD,Kurtz George,,0000950103-20-007334,2020-04-08,S,155285.0,59.86,144717,I,,,,,,
1535527,2020-04-10,CRWD,Kurtz George,,0000950103-20-007334,2020-04-08,C,300000.0,,300000,I,,,,,,
1535527,2020-04-13,CRWD,Accel Growth Fund II L.P.,,0000950103-20-007433,2020-04-09,J,1271400.0,0.0,0,D,,,,,,
1535527,2020-04-13,CRWD,Accel Growth Fund II L.P.,,0000950103-20-007433,2020-04-09,C,1271400.0,,1271400,D,,,,,,
1535527,2020-04-13,CRWD,GANDHI SAMEER K,,0000950103-20-007434,2020-04-09,C,1271400.0,,1271400,I,,,,,,
1535527,2020-04-13,CRWD,GANDHI SAMEER K,,0000950103-20-007434,2020-04-09,J,1271400.0,0.0,0,I,,,,,,
1535527,2020-04-13,CRWD,Carpenter Michael J.,,0000950103-20-007447,2020-04-09,A,121173.0,0.0,129652,D,,,,,,
1535527,2020-04-13,CRWD,Henry Shawn,,0000950103-20-007446,2020-04-09,A,121173.0,0.0,299248,D,,,,,,
1535527,2020-04-13,CRWD,Podbere Burt W.,,0000950103-20-007448,2020-04-09,A,121173.0,0.0,130647,D,,,,,,
1535527,2020-04-13,CRWD,Black Colin,,0000950103-20-007449,2020-04-09,A,121173.0,0.0,121173,D,,,,,,
1535527,2020-04-16,CRWD,Black Colin,,0000950103-20-007643,2020-04-14,C,25000.0,,146173,D,,,,,,
1535527,2020-04-16,CRWD,Black Colin,,0000950103-20-007643,2020-04-14,S,25000.0,60.0,121173,D,,,,,,
1535527,2020-04-17,CRWD,Kurtz George,,0000950103-20-007682,2020-04-16,C,15042.0,,15042,I,,,,,,
1535527,2020-04-17,CRWD,Kurtz George,,0000950103-20-007682,2020-04-15,S,434.0,62.53,0,I,,,,,,
1535527,2020-04-17,CRWD,Kurtz George,,0000950103-20-007682,2020-04-15,C,434.0,,434,I,,,,,,
1535527,2020-04-17,CRWD,Kurtz George,,0000950103-20-007682,2020-04-17,C,15476.0,,15476,I,,,,,,
1535527,2020-04-17,CRWD,Kurtz George,,0000950103-20-007682,2020-04-16,S,7521.0,62.72,7521,I,,,,,,
1535527,2020-04-17,CRWD,Kurtz George,,0000950103-20-007682,2020-04-17,S,15476.0,64.79,0,I,,,,,,
1535527,2020-04-22,CRWD,Carpenter Michael J.,,0000950103-20-007970,2020-04-21,S,4400.0,70.03,129652,D,,,,,,
1535527,2020-04-22,CRWD,Kurtz George,,0000950103-20-007969,2020-04-20,C,30952.0,,30952,I,,,,,,
1535527,2020-04-22,CRWD,Kurtz George,,0000950103-20-007969,2020-04-20,S,15476.0,66.81,15476,I,,,,,,
1535527,2020-04-22,CRWD,Carpenter Michael J.,,0000950103-20-007970,2020-04-20,S,3000.0,70.0,129652,D,,,,,,
1535527,2020-04-22,CRWD,Carpenter Michael J.,,0000950103-20-007970,2020-04-20,C,3000.0,,132652,D,,,,,,
1535527,2020-04-22,CRWD,Carpenter Michael J.,,0000950103-20-007970,2020-04-21,C,4400.0,,134052,D,,,,,,
1535527,2020-04-28,CRWD,Carpenter Michael J.,,0000950103-20-008309,2020-04-24,S,14400.0,70.53,137852,D,,,,,,
1535527,2020-04-28,CRWD,Carpenter Michael J.,,0000950103-20-008309,2020-04-24,C,22600.0,,152252,D,,,,,,
1535527,2020-04-29,CRWD,Watzinger Gerhard,,0000950103-20-008504,2020-04-27,S,20000.0,72.46,0,D,,,,,,
1535527,2020-04-29,CRWD,Watzinger Gerhard,,0000950103-20-008504,2020-04-27,C,20000.0,,20000,D,,,,,,
1535527,2020-05-05,CRWD,Podbere Burt W.,,0000950103-20-009114,2020-05-01,S,11900.0,66.91,218747,D,,,,,,
1535527,2020-05-05,CRWD,Podbere Burt W.,,0000950103-20-009114,2020-05-01,C,100000.0,,230647,D,,,,,,
1535527,2020-05-05,CRWD,OLEARY DENIS,,0000950103-20-009105,2020-05-01,C,25000.0,,25000,D,,,,,,
1535527,2020-05-05,CRWD,OLEARY DENIS,,0000950103-20-009105,2020-05-01,S,500.0,66.23,24500,D,,,,,,
1535527,2020-05-08,CRWD,Carpenter Michael J.,,0000950103-20-009284,2020-05-06,C,30000.0,,159652,D,,,,,,
1535527,2020-05-08,CRWD,Carpenter Michael J.,,0000950103-20-009284,2020-05-06,S,4200.0,70.65,155452,D,,,,,,
1535527,2020-05-12,CRWD,Sexton Joseph E.,,0000950103-20-009435,2020-05-08,S,12500.0,76.44,0,D,,,,,,
1535527,2020-05-12,CRWD,Sexton Joseph E.,,0000950103-20-009435,2020-05-08,C,12500.0,,12500,D,,,,,,
1535527,2020-05-12,CRWD,Sexton Joseph E.,,0000950103-20-009435,2020-04-09,C,12500.0,,12500,D,,,,,,
1535527,2020-05-12,CRWD,Sexton Joseph E.,,0000950103-20-009435,2020-04-09,S,12500.0,60.34,0,D,,,,,,
1535527,2020-05-13,CRWD,Kurtz George,,0000950103-20-009498,2020-05-11,S,36111.0,76.53,180555,I,,,,,,
1535527,2020-05-13,CRWD,Kurtz George,,0000950103-20-009498,2020-05-11,C,216666.0,,216666,I,,,,,,
1535527,2020-05-13,CRWD,Kurtz George,,0000950103-20-009498,2020-05-12,S,15476.0,79.56,0,I,,,,,,
1535527,2020-05-13,CRWD,Kurtz George,,0000950103-20-009498,2020-05-12,C,15476.0,,15476,I,,,,,,
1535527,2020-05-14,CRWD,Carpenter Michael J.,,0000950103-20-009568,2020-05-12,C,14654.0,,144306,D,,,,,,
1535527,2020-05-14,CRWD,Carpenter Michael J.,,0000950103-20-009568,2020-05-12,S,14654.0,80.13,129652,D,,,,,,
1535527,2020-05-19,CRWD,Carpenter Michael J.,,0000950103-20-009862,2020-05-15,C,9700.0,,139352,D,,,,,,
1535527,2020-05-19,CRWD,Carpenter Michael J.,,0000950103-20-009862,2020-05-15,S,9700.0,80.03,129652,D,,,,,,
1535527,2020-05-20,CRWD,Black Colin,,0000950103-20-009961,2020-05-18,C,50000.0,,171173,D,,,,,,
1535527,2020-05-20,CRWD,Black Colin,,0000950103-20-009961,2020-05-18,S,29307.0,76.4,141866,D,,,,,,
1535527,2020-05-22,CRWD,Carpenter Michael J.,,0000950103-20-010068,2020-05-20,S,63244.0,80.43,142054,D,,,,,,
1535527,2020-05-22,CRWD,Carpenter Michael J.,,0000950103-20-010068,2020-05-20,C,75646.0,,205298,D,,,,,,
1535527,2020-05-28,CRWD,Watzinger Gerhard,,0000950103-20-010367,2020-05-26,C,20000.0,,20000,D,,,,,,
1535527,2020-05-28,CRWD,Watzinger Gerhard,,0000950103-20-010367,2020-05-26,S,20000.0,83.14,0,D,,,,,,
1535527,2020-06-02,CRWD,Watzinger Gerhard,,0000950103-20-011016,2020-05-29,S,50000.0,84.5,0,D,,,,,,
1535527,2020-06-02,CRWD,Watzinger Gerhard,,0000950103-20-011016,2020-05-29,C,50000.0,,50000,D,,,,,,
1535527,2020-06-03,CRWD,Podbere Burt W.,,0000950103-20-011084,2020-06-01,S,25550.0,90.68,205097,D,,,,,,
1535527,2020-06-03,CRWD,OLEARY DENIS,,0000950103-20-011086,2020-06-01,C,25000.0,,25000,D,,,,,,
1535527,2020-06-03,CRWD,Carpenter Michael J.,,0000950103-20-011085,2020-06-01,S,5000.0,90.21,224652,D,,,,,,
1535527,2020-06-03,CRWD,OLEARY DENIS,,0000950103-20-011086,2020-06-01,S,700.0,90.93,24300,D,,,,,,
1535527,2020-06-03,CRWD,Carpenter Michael J.,,0000950103-20-011085,2020-06-01,C,100000.0,,229652,D,,,,,,
1535527,2020-06-03,CRWD,Podbere Burt W.,,0000950103-20-011084,2020-06-01,C,100000.0,,230647,D,,,,,,
1535527,2020-06-04,CRWD,AUSTIN ROXANNE S,,0000950103-20-011153,2020-06-02,C,115625.0,,133312,D,,,,,,
1535527,2020-06-05,CRWD,DAVIS CARY,,0001104659-20-070076,2020-06-04,J,27133.0,,60597,D,,,,,,
1535527,2020-06-05,CRWD,Accel Growth Fund II L.P.,,0000950103-20-011223,2020-06-03,C,2712320.0,,2712320,D,,,,,,
1535527,2020-06-05,CRWD,"Warburg Pincus Private Equity X, L.P.",,0001104659-20-070075,2020-06-04,J,9684027.0,,0,D,,,,,,
1535527,2020-06-05,CRWD,Landy Joseph P.,,0001104659-20-070074,2020-06-04,J,147707.0,,333007,D,,,,,,
1535527,2020-06-05,CRWD,GANDHI SAMEER K,,0000950103-20-011224,2020-06-03,C,2712320.0,,2712320,I,,,,,,
1535527,2020-06-05,CRWD,"Warburg Pincus Private Equity X, L.P.",,0001104659-20-070075,2020-06-04,C,9684027.0,,9684027,D,,,,,,
1535527,2020-06-05,CRWD,GANDHI SAMEER K,,0000950103-20-011224,2020-06-03,J,2712320.0,0.0,0,I,,,,,,
1535527,2020-06-05,CRWD,Accel Growth Fund II L.P.,,0000950103-20-011223,2020-06-03,J,2712320.0,0.0,0,D,,,,,,
1535527,2020-06-08,CRWD,Watzinger Gerhard,,0000950103-20-011287,2020-06-04,S,16658.0,93.36,23342,D,,,,,,
1535527,2020-06-08,CRWD,Watzinger Gerhard,,0000950103-20-011287,2020-06-04,C,40000.0,,40000,D,,,,,,
1535527,2020-06-09,CRWD,OLEARY DENIS,,0000950103-20-011379,2020-06-05,G,56950.0,0.0,0,D,,,,,,
1535527,2020-06-09,CRWD,OLEARY DENIS,,0000950103-20-011379,2020-06-05,C,56950.0,,56950,D,,,,,,
1535527,2020-06-10,CRWD,SULLIVAN GODFREY,,0000950103-20-011420,2020-06-08,G,10000.0,0.0,0,D,,,,,,
1535527,2020-06-10,CRWD,SULLIVAN GODFREY,,0000950103-20-011420,2020-06-08,C,10000.0,,10000,D,,,,,,
1535527,2020-06-11,CRWD,Sexton Joseph E.,,0000950103-20-011505,2020-06-09,S,10500.0,95.84,2000,D,,,,,,
1535527,2020-06-11,CRWD,Kurtz George,,0000950103-20-011510,2020-06-11,S,21667.0,98.51,0,I,,,,,,
1535527,2020-06-11,CRWD,Sexton Joseph E.,,0000950103-20-011505,2020-06-09,C,12500.0,,12500,D,,,,,,
1535527,2020-06-11,CRWD,Kurtz George,,0000950103-20-011510,2020-06-09,S,31597.0,93.96,157986,I,,,,,,
1535527,2020-06-11,CRWD,Kurtz George,,0000950103-20-011510,2020-06-09,C,189583.0,,189583,I,,,,,,
1535527,2020-06-11,CRWD,Kurtz George,,0000950103-20-011510,2020-06-11,C,21667.0,,21667,I,,,,,,
1535527,2020-06-12,CRWD,Black Colin,,0000950103-20-011599,2020-06-10,S,41545.0,95.27,130363,D,,,,,,
1535527,2020-06-12,CRWD,Black Colin,,0000950103-20-011599,2020-06-10,C,9760.0,,131668,D,,,,,,
1535527,2020-06-12,CRWD,Carpenter Michael J.,,0000950103-20-011600,2020-06-10,C,30000.0,,160387,D,,,,,,
1535527,2020-06-12,CRWD,Black Colin,,0000950103-20-011599,2020-06-11,S,735.0,94.85,121173,D,,,,,,
1535527,2020-06-12,CRWD,Carpenter Michael J.,,0000950103-20-011600,2020-06-11,S,735.0,94.85,129652,D,,,,,,
1535527,2020-06-12,CRWD,Carpenter Michael J.,,0000950103-20-011600,2020-06-10,S,6700.0,95.03,153687,D,,,,,,
1535527,2020-06-17,CRWD,GANDHI SAMEER K,,0000950103-20-011902,2020-06-15,J,2034240.0,0.0,0,I,,,,,,
1535527,2020-06-17,CRWD,GANDHI SAMEER K,,0000950103-20-011902,2020-06-15,C,2034240.0,,2034240,I,,,,,,
1535527,2020-06-17,CRWD,Accel Growth Fund II L.P.,,0000950103-20-011901,2020-06-15,J,2034240.0,0.0,0,D,,,,,,
1535527,2020-06-17,CRWD,Accel Growth Fund II L.P.,,0000950103-20-011901,2020-06-15,C,2034240.0,,2034240,D,,,,,,
1535527,2020-06-22,CRWD,Landy Joseph P.,,0001104659-20-075771,2020-06-22,G,6070.0,,276937,D,,,,,,
1535527,2020-06-22,CRWD,Landy Joseph P.,,0001104659-20-075771,2020-06-18,S,40000.0,100.06,293007,D,,,,,,
1535527,2020-06-23,CRWD,Carpenter Michael J.,,0000950103-20-012257,2020-06-22,C,3125.0,,132777,D,,,,,,
1535527,2020-06-23,CRWD,Kurtz George,,0000950103-20-012260,2020-06-22,C,56871.0,,258826,D,,,,,,
1535527,2020-06-23,CRWD,Carpenter Michael J.,,0000950103-20-012257,2020-06-22,S,300.0,101.07,132477,D,,,,,,
1535527,2020-06-23,CRWD,Black Colin,,0000950103-20-012255,2020-06-22,C,3125.0,,124298,D,,,,,,
1535527,2020-06-23,CRWD,Podbere Burt W.,,0000950103-20-012259,2020-06-22,S,1190.0,103.46,133317,D,,,,,,
1535527,2020-06-23,CRWD,Black Colin,,0000950103-20-012255,2020-06-23,S,1567.0,105.8,121173,D,,,,,,
1535527,2020-06-23,CRWD,Black Colin,,0000950103-20-012255,2020-06-22,S,1558.0,100.88,122740,D,,,,,,
1535527,2020-06-23,CRWD,Henry Shawn,,0000950103-20-012258,2020-06-22,S,437.0,100.94,305796,D,,,,,,
1535527,2020-06-23,CRWD,Henry Shawn,,0000950103-20-012258,2020-06-22,C,3125.0,,306233,D,,,,,,
1535527,2020-06-23,CRWD,Kurtz George,,0000950103-20-012260,2020-06-22,S,3943.0,101.03,254883,D,,,,,,
1535527,2020-06-23,CRWD,AUSTIN ROXANNE S,,0000950103-20-012256,2020-06-20,C,5781.0,,139093,D,,,,,,
1535527,2020-06-23,CRWD,Podbere Burt W.,,0000950103-20-012259,2020-06-22,C,3125.0,,134507,D,,,,,,
1535527,2020-06-24,CRWD,Watzinger Gerhard,,0000950103-20-012322,2020-06-22,C,30000.0,,30000,D,,,,,,
1535527,2020-06-24,CRWD,Watzinger Gerhard,,0000950103-20-012322,2020-06-22,S,4514.0,101.0,25486,D,,,,,,
1535527,2020-06-25,CRWD,Landy Joseph P.,,0001104659-20-076853,2020-06-23,G,230.0,,276707,D,,,,,,
1535527,2020-06-25,CRWD,DAVIS CARY,,0001104659-20-076854,2020-06-23,S,25000.0,106.22,35597,D,,,,,,
1535527,2020-06-26,CRWD,Kurtz George,,0000950103-20-012535,2020-06-25,C,5417.0,,5417,I,,,,,,
1535527,2020-06-26,CRWD,Kurtz George,,0000950103-20-012535,2020-06-24,G,500.0,0.0,0,I,,,,,,
1535527,2020-06-26,CRWD,Kurtz George,,0000950103-20-012535,2020-06-25,S,5417.0,108.17,0,I,,,,,,
1535527,2020-06-26,CRWD,Kurtz George,,0000950103-20-012535,2020-06-24,C,500.0,,500,I,,,,,,
1535527,2020-06-29,CRWD,"Warburg Pincus Private Equity X, L.P.",,0001104659-20-078002,2020-06-25,S,7228626.0,103.6,0,D,,,,,,
1535527,2020-06-29,CRWD,"Warburg Pincus Private Equity X, L.P.",,0001104659-20-078002,2020-06-25,C,7228626.0,,7228626,D,,,,,,
1535527,2020-06-30,CRWD,Sexton Joseph E.,,0000950103-20-012950,2020-06-26,G,4510.0,0.0,0,D,,,,,,
1535527,2020-06-30,CRWD,Sexton Joseph E.,,0000950103-20-012950,2020-06-26,C,4510.0,,4510,D,,,,,,
1535527,2020-07-06,CRWD,Podbere Burt W.,,0000950103-20-013300,2020-07-01,S,4496.0,100.16,228821,D,,,,,,
1535527,2020-07-06,CRWD,OLEARY DENIS,,0000950103-20-013299,2020-07-01,S,1370.0,100.29,23630,D,,,,,,
1535527,2020-07-06,CRWD,Podbere Burt W.,,0000950103-20-013300,2020-07-01,C,100000.0,,233317,D,,,,,,
1535527,2020-07-06,CRWD,Black Colin,,0000950103-20-013301,2020-07-01,C,25000.0,,146173,D,,,,,,
1535527,2020-07-06,CRWD,OLEARY DENIS,,0000950103-20-013299,2020-07-01,C,25000.0,,25000,D,,,,,,
1535527,2020-07-06,CRWD,Black Colin,,0000950103-20-013301,2020-07-01,S,2514.0,99.91,143659,D,,,,,,
1535527,2020-07-07,CRWD,Carpenter Michael J.,,0000950103-20-013354,2020-07-02,C,64647.0,,194299,D,,,,,,
1535527,2020-07-07,CRWD,Carpenter Michael J.,,0000950103-20-013354,2020-07-06,S,33257.0,105.14,129652,D,,,,,,
1535527,2020-07-07,CRWD,GANDHI SAMEER K,,0000950103-20-013355,2020-07-02,C,2284089.0,,2284089,I,,,,,,
1535527,2020-07-07,CRWD,GANDHI SAMEER K,,0000950103-20-013355,2020-07-02,J,2284089.0,0.0,0,I,,,,,,
1535527,2020-07-08,CRWD,Sexton Joseph E.,,0000950103-20-013391,2020-07-06,A,1785.0,0.0,1785,D,,,,,,
1535527,2020-07-08,CRWD,AUSTIN ROXANNE S,,0000950103-20-013388,2020-07-06,A,1785.0,0.0,140878,D,,,,,,
1535527,2020-07-08,CRWD,SULLIVAN GODFREY,,0000950103-20-013390,2020-07-06,A,1785.0,0.0,1785,D,,,,,,
1535527,2020-07-08,CRWD,OLEARY DENIS,,0000950103-20-013392,2020-07-06,A,1785.0,0.0,1785,D,,,,,,
1535527,2020-07-08,CRWD,GANDHI SAMEER K,,0000950103-20-013393,2020-07-06,A,1785.0,0.0,1785,D,,,,,,
1535527,2020-07-08,CRWD,Watzinger Gerhard,,0000950103-20-013389,2020-07-06,A,1785.0,0.0,1785,D,,,,,,
1535527,2020-07-10,CRWD,Watzinger Gerhard,,0000950103-20-013495,2020-06-15,S,1000.0,97.0,9000,I,,,,,,
1535527,2020-07-10,CRWD,Watzinger Gerhard,,0000950103-20-013495,2019-11-18,J,10000.0,0.0,10000,I,,,,,,
1535527,2020-07-10,CRWD,Sexton Joseph E.,,0000950103-20-013486,2020-07-09,C,12500.0,,14285,D,,,,,,
1535527,2020-07-10,CRWD,Sexton Joseph E.,,0000950103-20-013486,2020-07-09,S,6719.0,116.07,7566,D,,,,,,
1535527,2020-07-10,CRWD,Sexton Joseph E.,,0000950103-20-013486,2020-07-08,C,75000.0,,76785,D,,,,,,
1535527,2020-07-10,CRWD,Sexton Joseph E.,,0000950103-20-013486,2020-07-08,S,49898.0,108.88,26887,D,,,,,,
1535527,2020-07-10,CRWD,Watzinger Gerhard,,0000950103-20-013495,2019-11-29,J,10000.0,0.0,10000,I,,,,,,
1535527,2020-07-13,CRWD,Kurtz George,,0000950103-20-013580,2020-07-09,C,211250.0,,211250,I,,,,,,
1535527,2020-07-13,CRWD,Carpenter Michael J.,,0000950103-20-013581,2020-07-09,S,1000.0,113.9,158652,D,,,,,,
1535527,2020-07-13,CRWD,Kurtz George,,0000950103-20-013580,2020-07-09,S,4706.0,113.8,206544,I,,,,,,
1535527,2020-07-13,CRWD,Carpenter Michael J.,,0000950103-20-013581,2020-07-09,C,30000.0,,159652,D,,,,,,
1535527,2020-07-29,CRWD,Watzinger Gerhard,,0000950103-20-014440,2020-07-27,S,3477.0,101.0,28308,D,,,,,,
1535527,2020-07-29,CRWD,Watzinger Gerhard,,0000950103-20-014440,2020-07-27,C,30000.0,,31785,D,,,,,,
1535527,2020-08-05,CRWD,Podbere Burt W.,,0000950103-20-015350,2020-08-03,S,7942.0,112.79,225375,D,,,,,,
1535527,2020-08-05,CRWD,Black Colin,,0000950103-20-015348,2020-08-03,S,23975.0,113.82,122198,D,,,,,,
1535527,2020-08-05,CRWD,Black Colin,,0000950103-20-015348,2020-08-03,C,25000.0,,146173,D,,,,,,
1535527,2020-08-05,CRWD,OLEARY DENIS,,0000950103-20-015349,2020-08-03,C,25000.0,,26785,D,,,,,,
1535527,2020-08-05,CRWD,Podbere Burt W.,,0000950103-20-015350,2020-08-03,C,100000.0,,233317,D,,,,,,
1535527,2020-08-05,CRWD,OLEARY DENIS,,0000950103-20-015349,2020-08-03,S,1500.0,112.74,25285,D,,,,,,
1535527,2020-08-10,CRWD,Carpenter Michael J.,,0000950103-20-015541,2020-08-06,C,30000.0,,159652,D,,,,,,
1535527,2020-08-10,CRWD,Carpenter Michael J.,,0000950103-20-015541,2020-08-06,S,12600.0,109.93,147052,D,,,,,,
1535527,2020-08-12,CRWD,Kurtz George,,0000950103-20-015712,2020-08-10,C,178749.0,,178749,I,,,,,,
1535527,2020-08-12,CRWD,Sexton Joseph E.,,0000950103-20-015713,2020-08-10,S,6008.0,100.47,8277,D,,,,,,
1535527,2020-08-12,CRWD,Sexton Joseph E.,,0000950103-20-015713,2020-08-10,C,12500.0,,14285,D,,,,,,
1535527,2020-08-12,CRWD,Kurtz George,,0000950103-20-015712,2020-08-10,S,28172.0,97.34,150577,I,,,,,,
1535527,2020-08-24,CRWD,Kurtz George,,0000950103-20-016285,2020-08-20,C,10833.0,,10833,I,,,,,,
1535527,2020-08-24,CRWD,Kurtz George,,0000950103-20-016285,2020-08-20,S,10833.0,110.92,0,I,,,,,,
1535527,2020-08-26,CRWD,Watzinger Gerhard,,0000950103-20-016454,2020-08-24,C,30000.0,,31785,D,,,,,,
1535527,2020-08-26,CRWD,Watzinger Gerhard,,0000950103-20-016454,2020-08-24,S,7113.0,112.38,24672,D,,,,,,
1535527,2020-09-01,CRWD,Kurtz George,,0000950103-20-017193,2020-08-28,S,21667.0,120.69,0,I,,,,,,
1535527,2020-09-01,CRWD,Kurtz George,,0000950103-20-017193,2020-09-01,C,10833.0,,10833,I,,,,,,
1535527,2020-09-01,CRWD,Kurtz George,,0000950103-20-017193,2020-08-28,C,21667.0,,21667,I,,,,,,
1535527,2020-09-01,CRWD,Kurtz George,,0000950103-20-017193,2020-09-01,S,5839.0,132.15,4994,I,,,,,,
1535527,2020-09-03,CRWD,Black Colin,,0000950103-20-017434,2020-09-01,C,25000.0,,146173,D,,,,,,
1535527,2020-09-03,CRWD,OLEARY DENIS,,0000950103-20-017435,2020-09-01,S,700.0,130.68,26085,D,,,,,,
1535527,2020-09-03,CRWD,Black Colin,,0000950103-20-017434,2020-09-01,S,2800.0,131.01,143373,D,,,,,,
1535527,2020-09-03,CRWD,Podbere Burt W.,,0000950103-20-017436,2020-09-01,C,75000.0,,208317,D,,,,,,
1535527,2020-09-03,CRWD,OLEARY DENIS,,0000950103-20-017435,2020-09-01,C,25000.0,,26785,D,,,,,,
1535527,2020-09-03,CRWD,Podbere Burt W.,,0000950103-20-017436,2020-09-01,S,11587.0,131.01,196730,D,,,,,,
1535527,2020-09-08,CRWD,AUSTIN ROXANNE S,,0000950103-20-017566,2020-09-03,C,17343.0,,158221,D,,,,,,
1535527,2020-09-11,CRWD,Sexton Joseph E.,,0000950103-20-017800,2020-09-09,C,12500.0,,14285,D,,,,,,
1535527,2020-09-11,CRWD,Sexton Joseph E.,,0000950103-20-017800,2020-09-09,S,1770.0,126.95,12515,D,,,,,,
1535527,2020-09-11,CRWD,Kurtz George,,0000950103-20-017799,2020-09-09,C,184166.0,,184166,I,,,,,,
1535527,2020-09-11,CRWD,Kurtz George,,0000950103-20-017799,2020-09-09,S,4820.0,124.47,179346,I,,,,,,
1535527,2020-09-14,CRWD,Kurtz George,,0000950103-20-017876,2020-09-10,C,21667.0,,21667,I,,,,,,
1535527,2020-09-14,CRWD,Kurtz George,,0000950103-20-017876,2020-09-10,S,11896.0,130.23,9771,I,,,,,,
1535527,2020-09-14,CRWD,Carpenter Michael J.,,0000950103-20-017878,2020-09-10,C,30000.0,,159652,D,,,,,,
1535527,2020-09-14,CRWD,Carpenter Michael J.,,0000950103-20-017878,2020-09-10,S,1800.0,128.93,157852,D,,,,,,
1535527,2020-09-22,CRWD,Black Colin,,0000950103-20-018533,2020-09-21,S,1558.0,127.03,122740,D,,,,,,
1535527,2020-09-22,CRWD,Black Colin,,0000950103-20-018533,2020-09-22,S,1521.0,138.52,121173,D,,,,,,
1535527,2020-09-22,CRWD,Black Colin,,0000950103-20-018533,2020-09-21,C,3125.0,,124298,D,,,,,,
1535527,2020-09-22,CRWD,Kurtz George,,0000950103-20-018535,2020-09-21,C,58088.0,,260043,D,,,,,,
1535527,2020-09-22,CRWD,Podbere Burt W.,,0000950103-20-018532,2020-09-21,S,73.0,126.79,136369,D,,,,,,
1535527,2020-09-22,CRWD,AUSTIN ROXANNE S,,0000950103-20-018523,2020-09-20,C,5782.0,,164003,D,,,,,,
1535527,2020-09-22,CRWD,Podbere Burt W.,,0000950103-20-018532,2020-09-21,C,3125.0,,136442,D,,,,,,
1535527,2020-09-22,CRWD,Kurtz George,,0000950103-20-018535,2020-09-21,S,2400.0,126.48,257643,D,,,,,,
1535527,2020-09-22,CRWD,Carpenter Michael J.,,0000950103-20-018524,2020-09-21,C,3125.0,,132777,D,,,,,,
1535527,2020-09-22,CRWD,Carpenter Michael J.,,0000950103-20-018524,2020-09-21,S,200.0,126.76,132577,D,,,,,,
1535527,2020-09-22,CRWD,Maheshwari Abhishek,,0000950103-20-018531,2020-09-21,S,11366.0,127.03,89239,D,,,,,,
1535527,2020-09-22,CRWD,Henry Shawn,,0000950103-20-018527,2020-09-21,S,1600.0,127.03,306229,D,,,,,,
1535527,2020-09-22,CRWD,Henry Shawn,,0000950103-20-018527,2020-09-21,C,3125.0,,307829,D,,,,,,
1535527,2020-09-24,CRWD,Kurtz George,,0000950103-20-018656,2020-09-22,C,10833.0,,10833,I,,,,,,
1535527,2020-09-24,CRWD,Kurtz George,,0000950103-20-018656,2020-09-22,S,10833.0,140.22,0,I,,,,,,
1535527,2020-09-28,CRWD,Podbere Burt W.,,0000950103-20-018844,2020-09-24,G,20000.0,0.0,135209,D,,,,,,
1535527,2020-09-28,CRWD,Podbere Burt W.,,0000950103-20-018844,2020-09-24,C,20000.0,,155209,D,,,,,,
1535527,2020-09-30,CRWD,AUSTIN ROXANNE S,,0000950103-20-019245,2020-09-28,S,10000.0,140.49,154003,D,,,,,,
1535527,2020-09-30,CRWD,Watzinger Gerhard,,0000950103-20-019232,2020-09-28,C,30000.0,,31785,D,,,,,,
1535527,2020-09-30,CRWD,Watzinger Gerhard,,0000950103-20-019232,2020-09-28,S,10793.0,137.11,20992,D,,,,,,
1535527,2020-10-05,CRWD,AUSTIN ROXANNE S,,0000950103-20-019645,2020-10-01,S,30000.0,140.5,114003,D,,,,,,
1535527,2020-10-05,CRWD,Black Colin,,0000950103-20-019646,2020-10-01,S,2400.0,138.66,143773,D,,,,,,
1535527,2020-10-05,CRWD,OLEARY DENIS,,0000950103-20-019647,2020-10-01,C,25000.0,,26785,D,,,,,,
1535527,2020-10-05,CRWD,Black Colin,,0000950103-20-019646,2020-10-01,C,25000.0,,146173,D,,,,,,
1535527,2020-10-05,CRWD,OLEARY DENIS,,0000950103-20-019647,2020-10-01,S,1100.0,139.0,25685,D,,,,,,
1535527,2020-10-07,CRWD,AUSTIN ROXANNE S,,0000950103-20-019816,2020-10-05,S,2000.0,145.73,52003,D,,,,,,
1535527,2020-10-09,CRWD,Carpenter Michael J.,,0000950103-20-019906,2020-10-07,C,30000.0,,159652,D,,,,,,
1535527,2020-10-09,CRWD,Carpenter Michael J.,,0000950103-20-019906,2020-10-07,S,5000.0,144.95,154652,D,,,,,,
1535527,2020-10-14,CRWD,Sexton Joseph E.,,0000950103-20-020033,2020-10-09,S,4535.0,143.26,9750,D,,,,,,
1535527,2020-10-14,CRWD,Kurtz George,,0000950103-20-020032,2020-10-09,C,189583.0,,189583,I,,,,,,
1535527,2020-10-14,CRWD,Kurtz George,,0000950103-20-020032,2020-10-09,S,27590.0,143.5,161993,I,,,,,,
1535527,2020-10-14,CRWD,Kurtz George,,0000950103-20-020032,2020-10-13,S,21667.0,152.5,0,I,,,,,,
1535527,2020-10-14,CRWD,Watzinger Gerhard,,0000950103-20-020035,2020-10-09,G,20000.0,0.0,0,I,,,,,,
1535527,2020-10-14,CRWD,Kurtz George,,0000950103-20-020032,2020-10-13,C,21667.0,,21667,I,,,,,,
1535527,2020-10-14,CRWD,Sexton Joseph E.,,0000950103-20-020033,2020-10-09,C,12500.0,,14285,D,,,,,,
1535527,2020-10-14,CRWD,Watzinger Gerhard,,0000950103-20-020035,2020-10-09,C,20000.0,,20000,I,,,,,,
1535527,2020-10-14,CRWD,AUSTIN ROXANNE S,,0000950103-20-020034,2020-10-12,S,8000.0,149.23,44003,D,,,,,,
1535527,2020-10-28,CRWD,Watzinger Gerhard,,0000950103-20-020808,2020-10-26,C,30000.0,,31785,D,,,,,,
1535527,2020-10-28,CRWD,Watzinger Gerhard,,0000950103-20-020808,2020-10-26,S,800.0,130.28,30985,D,,,,,,
1535527,2020-11-04,CRWD,OLEARY DENIS,,0000950103-20-021528,2020-11-02,C,25000.0,,26785,D,,,,,,
1535527,2020-11-04,CRWD,OLEARY DENIS,,0000950103-20-021528,2020-11-02,S,2200.0,122.4,24585,D,,,,,,
1535527,2020-11-06,CRWD,GANDHI SAMEER K,,0000950103-20-021744,2020-11-04,S,300.0,132.32,668821,I,,,,,,
1535527,2020-11-06,CRWD,GANDHI SAMEER K,,0000950103-20-021744,2020-11-05,S,800.0,140.33,663321,I,,,,,,
1535527,2020-11-12,CRWD,Kurtz George,,0000950103-20-022065,2020-11-09,S,13151.0,126.56,165598,I,,,,,,
1535527,2020-11-12,CRWD,Kurtz George,,0000950103-20-022068,2020-11-09,S,996.0,126.56,12546,I,,,,,,
1535527,2020-11-12,CRWD,Kurtz George,,0000950103-20-022065,2020-11-09,C,178749.0,,178749,I,,,,,,
1535527,2020-11-12,CRWD,Sexton Joseph E.,,0000950103-20-022073,2020-11-09,C,12500.0,,14285,D,,,,,,
1535527,2020-11-12,CRWD,Kurtz George,,0000950103-20-022068,2020-11-09,C,13542.0,,13542,I,,,,,,
1535527,2020-11-12,CRWD,Sexton Joseph E.,,0000950103-20-022073,2020-11-09,S,4107.0,128.45,10178,D,,,,,,
1535527,2020-11-18,CRWD,Carpenter Michael J.,,0000950103-20-022488,2020-11-16,C,75000.0,,204652,D,,,,,,
1535527,2020-11-18,CRWD,Carpenter Michael J.,,0000950103-20-022488,2020-11-16,S,1400.0,128.76,203252,D,,,,,,
1535527,2020-11-23,CRWD,Carpenter Michael J.,,0000950103-20-022778,2020-11-19,S,16939.0,140.37,212713,D,,,,,,
1535527,2020-11-23,CRWD,Kurtz George,,0000950103-20-022777,2020-11-19,C,10833.0,,10833,I,,,,,,
1535527,2020-11-23,CRWD,Kurtz George,,0000950103-20-022777,2020-11-19,S,10833.0,143.75,0,I,,,,,,
1535527,2020-11-23,CRWD,Carpenter Michael J.,,0000950103-20-022778,2020-11-19,C,100000.0,,229652,D,,,,,,
1535527,2020-11-25,CRWD,Watzinger Gerhard,,0000950103-20-023038,2020-11-23,C,30000.0,,31785,D,,,,,,
1535527,2020-11-25,CRWD,Watzinger Gerhard,,0000950103-20-023038,2020-11-23,S,7984.0,144.1,23801,D,,,,,,
1535527,2020-11-30,CRWD,Black Colin,,0000950103-20-023399,2020-11-27,S,19856.0,151.7,121173,D,,,,,,
1535527,2020-11-30,CRWD,Black Colin,,0000950103-20-023399,2020-11-25,C,144.0,,121317,D,,,,,,
1535527,2020-11-30,CRWD,Black Colin,,0000950103-20-023399,2020-11-25,S,144.0,151.7,121173,D,,,,,,
1535527,2020-11-30,CRWD,Black Colin,,0000950103-20-023399,2020-11-27,C,19856.0,,141029,D,,,,,,
1535527,2020-12-02,CRWD,Kurtz George,,0000950103-20-023665,2020-11-30,S,16465.0,154.02,5202,I,,,,,,
1535527,2020-12-02,CRWD,Schumacher Laura J,,0000950103-20-023663,2020-11-30,A,2446.0,0.0,2446,D,,,,,,
1535527,2020-12-02,CRWD,Kurtz George,,0000950103-20-023665,2020-11-30,C,21667.0,,21667,I,,,,,,
1535527,2020-12-03,CRWD,OLEARY DENIS,,0000950103-20-023773,2020-12-01,C,25000.0,,26785,D,,,,,,
1535527,2020-12-03,CRWD,OLEARY DENIS,,0000950103-20-023773,2020-12-01,S,3300.0,146.41,23485,D,,,,,,
1535527,2020-12-03,CRWD,Black Colin,,0000950103-20-023774,2020-12-01,S,1379.0,152.02,123630,D,,,,,,
1535527,2020-12-03,CRWD,Black Colin,,0000950103-20-023774,2020-12-03,S,16164.0,159.75,121173,D,,,,,,
1535527,2020-12-03,CRWD,Black Colin,,0000950103-20-023774,2020-12-03,C,16164.0,,137337,D,,,,,,
1535527,2020-12-03,CRWD,Black Colin,,0000950103-20-023774,2020-12-01,C,3836.0,,125009,D,,,,,,
1535527,2020-12-07,CRWD,Kurtz George,,0000950103-20-023906,2020-12-03,C,10833.0,,10833,I,,,,,,
1535527,2020-12-07,CRWD,Kurtz George,,0000950103-20-023906,2020-12-03,S,10833.0,163.26,0,I,,,,,,
1535527,2020-12-08,CRWD,AUSTIN ROXANNE S,,0000950103-20-023971,2020-12-04,C,17344.0,,61347,D,,,,,,
1535527,2020-12-08,CRWD,Sexton Joseph E.,,0000950103-20-023973,2020-12-07,C,60000.0,,61785,D,,,,,,
1535527,2020-12-08,CRWD,Sexton Joseph E.,,0000950103-20-023973,2020-12-04,S,60000.0,165.12,1785,D,,,,,,
1535527,2020-12-08,CRWD,OLEARY DENIS,,0000950103-20-023970,2020-12-04,G,19400.0,0.0,1785,D,,,,,,
1535527,2020-12-08,CRWD,Sexton Joseph E.,,0000950103-20-023973,2020-12-07,G,16349.0,0.0,1785,D,,,,,,
1535527,2020-12-08,CRWD,Sexton Joseph E.,,0000950103-20-023973,2020-12-07,S,60000.0,170.27,1785,D,,,,,,
1535527,2020-12-08,CRWD,Sexton Joseph E.,,0000950103-20-023973,2020-12-04,C,60000.0,,61785,D,,,,,,
1535527,2020-12-08,CRWD,AUSTIN ROXANNE S,,0000950103-20-023971,2020-12-07,S,35000.0,170.0,26347,D,,,,,,
1535527,2020-12-08,CRWD,OLEARY DENIS,,0000950103-20-023970,2020-12-04,C,19400.0,,21185,D,,,,,,
1535527,2020-12-09,CRWD,Watzinger Gerhard,,0000950103-20-024040,2020-12-07,G,50000.0,0.0,0,I,,,,,,
1535527,2020-12-09,CRWD,Watzinger Gerhard,,0000950103-20-024040,2020-12-07,C,50000.0,,50000,I,,,,,,
1535527,2020-12-10,CRWD,Kurtz George,,0000950103-20-024100,2020-12-08,C,1250000.0,,1250000,I,,,,,,
1535527,2020-12-10,CRWD,Kurtz George,,0000950103-20-024100,2020-12-08,G,1250000.0,0.0,0,I,,,,,,
1535527,2020-12-11,CRWD,OLEARY DENIS,,0000950103-20-024136,2020-12-09,G,58000.0,0.0,1785,D,,,,,,
1535527,2020-12-11,CRWD,OLEARY DENIS,,0000950103-20-024136,2020-12-09,C,58000.0,,59785,D,,,,,,
1535527,2020-12-14,CRWD,AUSTIN ROXANNE S,,0000950103-20-024179,2020-12-10,S,20000.0,180.23,6347,D,,,,,,
1535527,2020-12-14,CRWD,AUSTIN ROXANNE S,,0000950103-20-024179,2020-12-11,G,280.0,0.0,2067,D,,,,,,
1535527,2020-12-15,CRWD,Podbere Burt W.,,0000950103-20-024219,2020-12-11,C,1000.0,,136209,D,,,,,,
1535527,2020-12-15,CRWD,Podbere Burt W.,,0000950103-20-024219,2020-12-11,G,1000.0,0.0,135209,D,,,,,,
1535527,2020-12-16,CRWD,Kurtz George,,0000950103-20-024295,2020-12-14,G,1250000.0,0.0,201955,D,,,,,,
1535527,2020-12-17,CRWD,Carpenter Michael J.,,0000950103-20-024367,2020-12-15,C,175000.0,,304652,D,,,,,,
1535527,2020-12-17,CRWD,Carpenter Michael J.,,0000950103-20-024367,2020-12-15,S,55765.0,173.13,248887,D,,,,,,
1535527,2020-12-22,CRWD,Black Colin,,0000950103-20-024619,2020-12-21,S,1558.0,202.0,122740,D,,,,,,
1535527,2020-12-22,CRWD,Carpenter Michael J.,,0000950103-20-024616,2020-12-21,C,3125.0,,132777,D,,,,,,
1535527,2020-12-22,CRWD,AUSTIN ROXANNE S,,0000950103-20-024615,2020-12-20,C,5781.0,,7848,D,,,,,,
1535527,2020-12-22,CRWD,Podbere Burt W.,,0000950103-20-024617,2020-12-21,S,230.0,205.01,138104,D,,,,,,
1535527,2020-12-22,CRWD,Black Colin,,0000950103-20-024619,2020-12-21,C,3125.0,,124298,D,,,,,,
1535527,2020-12-22,CRWD,Henry Shawn,,0000950103-20-024614,2020-12-21,S,1548.0,202.0,307806,D,,,,,,
1535527,2020-12-22,CRWD,Podbere Burt W.,,0000950103-20-024617,2020-12-21,C,3125.0,,138334,D,,,,,,
1535527,2020-12-22,CRWD,Henry Shawn,,0000950103-20-024614,2020-12-21,C,3125.0,,309354,D,,,,,,
1535527,2020-12-22,CRWD,Black Colin,,0000950103-20-024619,2020-12-22,S,1562.0,213.0,121173,D,,,,,,
1535527,2020-12-22,CRWD,Maheshwari Abhishek,,0000950103-20-024618,2020-12-21,S,3115.0,202.0,86229,D,,,,,,
1535527,2020-12-22,CRWD,Kurtz George,,0000950103-20-024613,2020-12-21,S,1895.0,203.33,256727,D,,,,,,
1535527,2020-12-22,CRWD,Carpenter Michael J.,,0000950103-20-024616,2020-12-21,S,100.0,202.0,132677,D,,,,,,
1535527,2020-12-22,CRWD,Kurtz George,,0000950103-20-024613,2020-12-21,C,56667.0,,258622,D,,,,,,
1535527,2020-12-30,CRWD,Watzinger Gerhard,,0000950103-20-024967,2020-12-28,S,25011.0,224.89,6774,D,,,,,,
1535527,2020-12-30,CRWD,Watzinger Gerhard,,0000950103-20-024967,2020-12-28,C,30000.0,,31785,D,,,,,,
1535527,2021-01-06,CRWD,Podbere Burt W.,,0000950103-21-000159,2021-01-04,C,320000.0,,456682,D,,,,,,
1535527,2021-01-06,CRWD,Watzinger Gerhard,,0000950103-21-000157,2021-01-04,C,80000.0,,80000,I,,,,,,
1535527,2021-01-06,CRWD,Black Colin,,0000950103-21-000167,2021-01-04,C,20000.0,,141173,D,,,,,,
1535527,2021-01-06,CRWD,Black Colin,,0000950103-21-000167,2021-01-04,S,2428.0,201.71,138745,D,,,,,,
1535527,2021-01-06,CRWD,Watzinger Gerhard,,0000950103-21-000157,2021-01-04,S,80000.0,209.96,0,I,,,,,,
1535527,2021-01-06,CRWD,Podbere Burt W.,,0000950103-21-000159,2021-01-04,S,3899.0,196.58,452783,D,,,,,,
1535527,2021-01-07,CRWD,Henry Shawn,,0000950103-21-000204,2021-01-05,S,5047.0,198.28,463305,D,,,,,,
1535527,2021-01-07,CRWD,Henry Shawn,,0000950103-21-000204,2021-01-05,C,160551.0,,468352,D,,,,,,
1535527,2021-01-12,CRWD,GANDHI SAMEER K,,0000950103-21-000406,2021-01-08,S,400.0,220.72,714561,I,,,,,,
1535527,2021-01-12,CRWD,Watzinger Gerhard,,0000950103-21-000397,2021-01-08,C,20000.0,,20000,I,,,,,,
1535527,2021-01-12,CRWD,Watzinger Gerhard,,0000950103-21-000397,2021-01-08,S,20000.0,225.0,0,I,,,,,,
1535527,2021-01-21,CRWD,Henry Shawn,,0000950103-21-000740,2021-01-19,S,5902.0,218.16,430998,D,,,,,,
1535527,2021-01-25,CRWD,Carpenter Michael J.,,0000950103-21-000922,2021-01-21,S,5069.0,220.68,224083,D,,,,,,
1535527,2021-01-25,CRWD,Carpenter Michael J.,,0000950103-21-000922,2021-01-22,S,5700.0,225.25,129752,D,,,,,,
1535527,2021-01-25,CRWD,Carpenter Michael J.,,0000950103-21-000922,2021-01-21,C,99500.0,,229152,D,,,,,,
1535527,2021-01-25,CRWD,Carpenter Michael J.,,0000950103-21-000922,2021-01-22,C,5800.0,,135452,D,,,,,,
1535527,2021-01-26,CRWD,Watzinger Gerhard,,0000950103-21-001025,2021-01-22,C,5000.0,,5000,I,,,,,,
1535527,2021-01-26,CRWD,Watzinger Gerhard,,0000950103-21-001025,2021-01-22,S,821.0,221.03,4179,I,,,,,,
1535527,2021-01-27,CRWD,Carpenter Michael J.,,0000950103-21-001074,2021-01-25,C,3604.0,,133256,D,,,,,,
1535527,2021-01-27,CRWD,Carpenter Michael J.,,0000950103-21-001074,2021-01-25,S,400.0,225.51,132856,D,,,,,,
1535527,2021-02-03,CRWD,Black Colin,,0000950103-21-001738,2021-02-01,C,20000.0,,141173,D,,,,,,
1535527,2021-02-03,CRWD,Black Colin,,0000950103-21-001738,2021-02-01,S,3405.0,211.38,137768,D,,,,,,
1535527,2021-02-04,CRWD,Henry Shawn,,0000950103-21-001826,2021-02-02,S,12500.0,218.53,409400,D,,,,,,
1535527,2021-02-09,CRWD,Carpenter Michael J.,,0000950103-21-002047,2021-02-08,C,1600.0,,131252,D,,,,,,
1535527,2021-02-09,CRWD,Watzinger Gerhard,,0000950103-21-002048,2021-02-05,C,5000.0,,5000,I,,,,,,
1535527,2021-02-09,CRWD,Watzinger Gerhard,,0000950103-21-002048,2021-02-05,S,5000.0,225.96,0,I,,,,,,
1535527,2021-02-09,CRWD,Carpenter Michael J.,,0000950103-21-002047,2021-02-05,C,8100.0,,137752,D,,,,,,
1535527,2021-02-09,CRWD,Carpenter Michael J.,,0000950103-21-002047,2021-02-08,S,1000.0,225.46,130252,D,,,,,,
1535527,2021-02-09,CRWD,Carpenter Michael J.,,0000950103-21-002047,2021-02-05,S,4938.0,225.47,132814,D,,,,,,
1535527,2021-02-11,CRWD,Carpenter Michael J.,,0000950103-21-002182,2021-02-10,C,5896.0,,135548,D,,,,,,
1535527,2021-02-11,CRWD,Carpenter Michael J.,,0000950103-21-002182,2021-02-09,S,500.0,225.08,129652,D,,,,,,
1535527,2021-02-11,CRWD,Carpenter Michael J.,,0000950103-21-002182,2021-02-09,C,500.0,,130152,D,,,,,,
1535527,2021-02-11,CRWD,Carpenter Michael J.,,0000950103-21-002182,2021-02-10,S,700.0,225.35,134848,D,,,,,,
1535527,2021-02-18,CRWD,Watzinger Gerhard,,0000950103-21-002516,2021-02-16,C,20000.0,,20000,I,,,,,,
1535527,2021-02-18,CRWD,Watzinger Gerhard,,0000950103-21-002516,2021-02-16,S,20000.0,249.8,0,I,,,,,,
1535527,2021-02-18,CRWD,Henry Shawn,,0000950103-21-002517,2021-02-16,S,7000.0,248.54,402400,D,,,,,,
1535527,2021-02-23,CRWD,Watzinger Gerhard,,0000950103-21-002834,2021-02-19,C,5000.0,,5000,I,,,,,,
1535527,2021-02-23,CRWD,Watzinger Gerhard,,0000950103-21-002834,2021-02-19,S,5000.0,241.83,0,I,,,,,,
1535527,2021-02-24,CRWD,Carpenter Michael J.,,0000950103-21-002928,2021-02-22,C,25000.0,,154652,D,,,,,,
1535527,2021-02-24,CRWD,Carpenter Michael J.,,0000950103-21-002928,2021-02-22,S,1099.0,223.16,153553,D,,,,,,
1535527,2021-03-03,CRWD,Black Colin,,0000950103-21-003499,2021-03-01,C,20000.0,,141173,D,,,,,,
1535527,2021-03-03,CRWD,Black Colin,,0000950103-21-003499,2021-03-01,S,2397.0,216.65,138776,D,,,,,,
1535527,2021-03-04,CRWD,Henry Shawn,,0000950103-21-003565,2021-03-02,S,7000.0,226.5,395400,D,,,,,,
1535527,2021-03-09,CRWD,Watzinger Gerhard,,0000950103-21-003723,2021-03-05,C,5000.0,,5000,I,,,,,,
1535527,2021-03-09,CRWD,Watzinger Gerhard,,0000950103-21-003723,2021-03-05,S,5000.0,194.76,0,I,,,,,,
1535527,2021-03-11,CRWD,Kurtz George,,0000950103-21-003874,2021-03-11,A,131270.0,0.0,333225,D,,,,,,
1535527,2021-03-11,CRWD,Carpenter Michael J.,,0000950103-21-003876,2021-03-09,A,78761.0,0.0,208413,D,,,,,,
1535527,2021-03-11,CRWD,Black Colin,,0000950103-21-003875,2021-03-09,A,78761.0,0.0,199934,D,,,,,,
1535527,2021-03-11,CRWD,Podbere Burt W.,,0000950103-21-003878,2021-03-09,A,78761.0,0.0,215443,D,,,,,,
1535527,2021-03-11,CRWD,Henry Shawn,,0000950103-21-003877,2021-03-09,A,78761.0,0.0,474161,D,,,,,,
1535527,2021-03-17,CRWD,Carpenter Michael J.,,0000950103-21-004164,2021-03-15,C,25000.0,,233413,D,,,,,,
1535527,2021-03-17,CRWD,Watzinger Gerhard,,0000950103-21-004163,2021-03-15,S,5000.0,199.3,0,I,,,,,,
1535527,2021-03-17,CRWD,Henry Shawn,,0000950103-21-004166,2021-03-16,S,8000.0,203.18,462161,D,,,,,,
1535527,2021-03-17,CRWD,Watzinger Gerhard,,0000950103-21-004163,2021-03-15,C,5000.0,,5000,I,,,,,,
1535527,2021-03-17,CRWD,Carpenter Michael J.,,0000950103-21-004164,2021-03-15,S,3150.0,196.14,230263,D,,,,,,
1535527,2021-03-17,CRWD,Henry Shawn,,0000950103-21-004166,2021-03-15,S,4000.0,200.69,470161,D,,,,,,
1535527,2021-03-23,CRWD,Black Colin,,0000950103-21-004477,2021-03-23,S,1553.0,195.74,174796,D,,,,,,
1535527,2021-03-23,CRWD,Henry Shawn,,0000950103-21-004478,2021-03-23,S,9990.0,195.74,433150,D,,,,,,
1535527,2021-03-23,CRWD,Carpenter Michael J.,,0000950103-21-004479,2021-03-22,S,2100.0,191.09,209438,D,,,,,,
1535527,2021-03-23,CRWD,Black Colin,,0000950103-21-004477,2021-03-22,C,3125.0,,203059,D,,,,,,
1535527,2021-03-23,CRWD,AUSTIN ROXANNE S,,0000950103-21-004475,2021-03-20,C,5781.0,,13629,D,,,,,,
1535527,2021-03-23,CRWD,Kurtz George,,0000950103-21-004476,2021-03-22,S,4167.0,191.12,386173,D,,,,,,
1535527,2021-03-23,CRWD,Kurtz George,,0000950103-21-004476,2021-03-22,C,57115.0,,390340,D,,,,,,
1535527,2021-03-23,CRWD,Black Colin,,0000950103-21-004477,2021-03-22,S,26570.0,191.89,176489,D,,,,,,
1535527,2021-03-23,CRWD,Henry Shawn,,0000950103-21-004478,2021-03-22,C,3125.0,,465286,D,,,,,,
1535527,2021-03-23,CRWD,Watzinger Gerhard,,0000950103-21-004481,2021-03-19,C,5000.0,,5000,I,,,,,,
1535527,2021-03-23,CRWD,Maheshwari Abhishek,,0000950103-21-004482,2021-03-22,S,2385.0,191.9,83833,D,,,,,,
1535527,2021-03-23,CRWD,Henry Shawn,,0000950103-21-004478,2021-03-22,S,22146.0,191.88,443140,D,,,,,,
1535527,2021-03-23,CRWD,Podbere Burt W.,,0000950103-21-004480,2021-03-22,S,2100.0,191.01,216468,D,,,,,,
1535527,2021-03-23,CRWD,Podbere Burt W.,,0000950103-21-004480,2021-03-22,C,3125.0,,218568,D,,,,,,
1535527,2021-03-23,CRWD,Carpenter Michael J.,,0000950103-21-004479,2021-03-22,C,3125.0,,211538,D,,,,,,
1535527,2021-03-23,CRWD,Watzinger Gerhard,,0000950103-21-004481,2021-03-19,S,5000.0,192.88,0,I,,,,,,
1535527,2021-04-01,CRWD,Henry Shawn,,0000950103-21-005068,2021-03-30,S,7000.0,170.86,426150,D,,,,,,
1535527,2021-04-05,CRWD,Watzinger Gerhard,,0000950103-21-005211,2021-04-01,S,5000.0,188.63,0,I,,,,,,
1535527,2021-04-05,CRWD,Watzinger Gerhard,,0000950103-21-005211,2021-04-01,C,5000.0,,5000,I,,,,,,
1535527,2021-04-09,CRWD,Kurtz George,,0000950103-21-005419,2021-04-07,A,51605.0,0.0,348300,D,,,,,,
1535527,2021-04-09,CRWD,Carpenter Michael J.,,0000950103-21-005418,2021-04-07,A,22363.0,0.0,185337,D,,,,,,
1535527,2021-04-09,CRWD,Henry Shawn,,0000950103-21-005416,2021-04-07,A,22363.0,0.0,448513,D,,,,,,
1535527,2021-04-09,CRWD,Podbere Burt W.,,0000950103-21-005417,2021-04-07,A,22363.0,0.0,187824,D,,,,,,
1535527,2021-04-09,CRWD,Black Colin,,0000950103-21-005415,2021-04-07,A,22363.0,0.0,197159,D,,,,,,
1535527,2021-04-15,CRWD,Henry Shawn,,0000950103-21-005626,2021-04-13,S,7000.0,206.52,441513,D,,,,,,
1535527,2021-04-15,CRWD,GANDHI SAMEER K,,0000950103-21-005625,2021-04-13,G,38000.0,0.0,22758,I,,,,,,
1535527,2021-04-15,CRWD,DAVIS CARY,,0000950103-21-005627,2021-04-13,S,5000.0,213.59,30597,D,,,,,,
1535527,2021-04-15,CRWD,DAVIS CARY,,0000950103-21-005627,2021-04-13,G,3750.0,0.0,26847,D,,,,,,
1535527,2021-04-16,CRWD,Kurtz George,,0000950103-21-005665,2021-04-16,G,1000.0,0.0,347300,D,,,,,,
1535527,2021-04-16,CRWD,Podbere Burt W.,,0000950103-21-005662,2021-04-14,C,23250.0,,211074,D,,,,,,
1535527,2021-04-16,CRWD,Podbere Burt W.,,0000950103-21-005662,2021-04-14,G,23250.0,0.0,187824,D,,,,,,
1535527,2021-04-19,CRWD,GANDHI SAMEER K,,0000950103-21-005714,2021-04-15,S,2888.0,208.85,755749,I,,,,,,
1535527,2021-04-20,CRWD,Watzinger Gerhard,,0000950103-21-005809,2021-04-16,C,5000.0,,5000,I,,,,,,
1535527,2021-04-20,CRWD,Watzinger Gerhard,,0000950103-21-005809,2021-04-16,S,5000.0,213.82,0,I,,,,,,
1535527,2021-04-26,CRWD,Carpenter Michael J.,,0000950103-21-006040,2021-04-22,S,893.0,212.26,217471,D,,,,,,
1535527,2021-04-26,CRWD,Carpenter Michael J.,,0000950103-21-006040,2021-04-22,C,33027.0,,218364,D,,,,,,
1535527,2021-04-29,CRWD,Henry Shawn,,0000950103-21-006396,2021-04-27,S,254.0,223.66,436264,D,,,,,,
1535527,2021-05-04,CRWD,Watzinger Gerhard,,0000950103-21-006699,2021-04-30,S,1400.0,208.99,3600,I,,,,,,
1535527,2021-05-04,CRWD,Watzinger Gerhard,,0000950103-21-006699,2021-04-30,C,5000.0,,5000,I,,,,,,
1535527,2021-05-13,CRWD,Henry Shawn,,0000950103-21-007196,2021-05-11,S,7000.0,178.5,422518,D,,,,,,
1535527,2021-05-18,CRWD,Watzinger Gerhard,,0000950103-21-007422,2021-05-14,C,5000.0,,5000,I,,,,,,
1535527,2021-05-18,CRWD,Watzinger Gerhard,,0000950103-21-007422,2021-05-14,S,5000.0,187.47,0,I,,,,,,
1535527,2021-05-19,CRWD,Black Colin,,0000950103-21-007495,2021-05-17,C,25000.0,,222159,D,,,,,,
1535527,2021-05-19,CRWD,Black Colin,,0000950103-21-007495,2021-05-17,S,25000.0,191.73,197159,D,,,,,,
1535527,2021-05-21,CRWD,Carpenter Michael J.,,0000950103-21-007617,2021-05-19,C,25000.0,,210337,D,,,,,,
1535527,2021-05-21,CRWD,Carpenter Michael J.,,0000950103-21-007617,2021-05-19,S,600.0,189.76,209737,D,,,,,,
1535527,2021-05-27,CRWD,Henry Shawn,,0000950103-21-007998,2021-05-25,S,1866.0,213.02,420652,D,,,,,,
1535527,2021-06-02,CRWD,Watzinger Gerhard,,0000950103-21-008326,2021-05-28,C,5000.0,,5000,I,,,,,,
1535527,2021-06-02,CRWD,Watzinger Gerhard,,0000950103-21-008326,2021-05-28,S,5000.0,222.86,0,I,,,,,,
1535527,2021-06-02,CRWD,Watzinger Gerhard,,0000950103-21-008326,2021-06-01,C,5000.0,,5000,I,,,,,,
1535527,2021-06-02,CRWD,Watzinger Gerhard,,0000950103-21-008326,2021-06-01,S,5000.0,223.11,0,I,,,,,,
1535527,2021-06-03,CRWD,Henry Shawn,,0000950103-21-008379,2021-06-01,S,700.0,219.89,414818,D,,,,,,
1535527,2021-06-04,CRWD,Black Colin,,0000950103-21-008437,2021-06-02,C,25000.0,,222159,D,,,,,,
1535527,2021-06-04,CRWD,Black Colin,,0000950103-21-008437,2021-06-02,S,3700.0,219.8,218459,D,,,,,,
1535527,2021-06-10,CRWD,Henry Shawn,,0000950103-21-008648,2021-06-08,S,1700.0,213.94,409818,D,,,,,,
1535527,2021-06-15,CRWD,Watzinger Gerhard,,0000950103-21-008842,2021-06-11,C,5000.0,,5000,I,,,,,,
1535527,2021-06-15,CRWD,Watzinger Gerhard,,0000950103-21-008842,2021-06-11,S,100.0,225.07,4900,I,,,,,,
1535527,2021-06-15,CRWD,Black Colin,,0000950103-21-008841,2021-06-11,S,735.0,226.5,197159,D,,,,,,
1535527,2021-06-17,CRWD,Henry Shawn,,0000950103-21-008997,2021-06-16,S,4995.0,234.9,399258,D,,,,,,
1535527,2021-06-22,CRWD,Carpenter Michael J.,,0000950103-21-009205,2021-06-21,C,3125.0,,189197,D,,,,,,
1535527,2021-06-22,CRWD,Black Colin,,0000950103-21-009208,2021-06-21,S,91.0,234.11,200193,D,,,,,,
1535527,2021-06-22,CRWD,Carpenter Michael J.,,0000950103-21-009205,2021-06-17,S,600.0,232.67,210472,D,,,,,,
1535527,2021-06-22,CRWD,Podbere Burt W.,,0000950103-21-009206,2021-06-18,G,1500.0,0.0,188559,D,,,,,,
1535527,2021-06-22,CRWD,Carpenter Michael J.,,0000950103-21-009205,2021-06-17,C,25000.0,,211072,D,,,,,,
1535527,2021-06-22,CRWD,Black Colin,,0000950103-21-009208,2021-06-21,C,3125.0,,200284,D,,,,,,
1535527,2021-06-22,CRWD,Henry Shawn,,0000950103-21-009207,2021-06-21,C,3125.0,,402383,D,,,,,,
1535527,2021-06-22,CRWD,Podbere Burt W.,,0000950103-21-009206,2021-06-18,C,1500.0,,190059,D,,,,,,
1535527,2021-06-22,CRWD,Black Colin,,0000950103-21-009208,2021-06-22,S,4885.0,243.83,186151,D,,,,,,
1535527,2021-06-22,CRWD,AUSTIN ROXANNE S,,0000950103-21-009203,2021-06-20,C,5781.0,,19410,D,,,,,,
1535527,2021-06-22,CRWD,Podbere Burt W.,,0000950103-21-009206,2021-06-21,S,535.0,232.24,191149,D,,,,,,
1535527,2021-06-22,CRWD,Henry Shawn,,0000950103-21-009207,2021-06-21,S,281.0,232.7617,402102,D,,,,,,
1535527,2021-06-22,CRWD,Carpenter Michael J.,,0000950103-21-009205,2021-06-21,S,400.0,231.89,188797,D,,,,,,
1535527,2021-06-22,CRWD,Podbere Burt W.,,0000950103-21-009206,2021-06-21,C,3125.0,,191684,D,,,,,,
1535527,2021-06-22,CRWD,Maheshwari Abhishek,,0000950103-21-009204,2021-06-21,S,83.0,236.0816,84275,D,,,,,,
1535527,2021-06-29,CRWD,Watzinger Gerhard,,0000950103-21-009586,2021-06-25,S,5000.0,255.0,0,I,,,,,,
1535527,2021-06-29,CRWD,Watzinger Gerhard,,0000950103-21-009586,2021-06-25,C,5000.0,,5000,I,,,,,,
1535527,2021-07-01,CRWD,Kurtz George,,0000950103-21-009879,2021-06-29,C,58601.0,,405901,D,,,,,,
1535527,2021-07-01,CRWD,Kurtz George,,0000950103-21-009879,2021-06-29,S,11333.0,251.96,394568,D,,,,,,
1535527,2021-07-02,CRWD,DAVIS CARY,,0000950103-21-010061,2021-06-30,A,795.0,0.0,29427,D,,,,,,
1535527,2021-07-02,CRWD,Sexton Joseph E.,,0000950103-21-010064,2021-06-30,A,795.0,0.0,2580,D,,,,,,
1535527,2021-07-02,CRWD,DAVIS CARY,,0000950103-21-010061,2021-06-30,C,1785.0,,28632,D,,,,,,
1535527,2021-07-02,CRWD,SULLIVAN GODFREY,,0000950103-21-010067,2021-07-01,C,80000.0,,82580,D,,,,,,
1535527,2021-07-02,CRWD,GANDHI SAMEER K,,0000950103-21-010066,2021-06-30,A,795.0,0.0,2580,D,,,,,,
1535527,2021-07-02,CRWD,AUSTIN ROXANNE S,,0000950103-21-010063,2021-06-30,A,795.0,0.0,20205,D,,,,,,
1535527,2021-07-02,CRWD,Schumacher Laura J,,0000950103-21-010062,2021-06-30,A,795.0,0.0,4431,D,,,,,,
1535527,2021-07-02,CRWD,Watzinger Gerhard,,0000950103-21-010065,2021-06-30,A,795.0,0.0,2580,D,,,,,,
1535527,2021-07-02,CRWD,OLEARY DENIS,,0000950103-21-010068,2021-06-30,A,795.0,0.0,2580,D,,,,,,
1535527,2021-07-02,CRWD,SULLIVAN GODFREY,,0000950103-21-010067,2021-06-30,A,795.0,0.0,2580,D,,,,,,
1535527,2021-07-07,CRWD,Black Colin,,0000950103-21-010185,2021-07-02,C,25000.0,,211151,D,,,,,,
1535527,2021-07-07,CRWD,Black Colin,,0000950103-21-010185,2021-07-02,S,4469.0,253.04,206682,D,,,,,,
1535527,2021-07-12,CRWD,Kurtz George,,0000950103-21-010350,2021-07-08,C,2000000.0,,2000000,I,,,,,,
1535527,2021-07-12,CRWD,Kurtz George,,0000950103-21-010350,2021-07-08,G,2000000.0,0.0,0,I,,,,,,
1535527,2021-07-12,CRWD,Kurtz George,,0000950103-21-010350,2021-07-09,G,2000000.0,0.0,336620,D,,,,,,
1535527,2021-07-13,CRWD,Watzinger Gerhard,,0000950103-21-010399,2021-07-09,S,370.0,260.28,4630,I,,,,,,
1535527,2021-07-13,CRWD,Watzinger Gerhard,,0000950103-21-010399,2021-07-09,C,5000.0,,5000,I,,,,,,
1535527,2021-07-16,CRWD,Podbere Burt W.,,0000950103-21-010591,2021-07-14,G,500.0,0.0,174668,D,,,,,,
1535527,2021-07-16,CRWD,Podbere Burt W.,,0000950103-21-010591,2021-07-14,C,500.0,,175168,D,,,,,,
1535527,2021-07-19,CRWD,Sexton Joseph E.,,0000950103-21-010644,2021-07-15,S,1785.0,250.0,795,D,,,,,,
1535527,2021-07-20,CRWD,GANDHI SAMEER K,,0000950103-21-010773,2021-07-16,S,1779.0,249.26,801420,I,,,,,,
1535527,2021-07-26,CRWD,Henry Shawn,,0000950103-21-011155,2021-07-22,S,1401.0,254.89,393531,D,,,,,,
1535527,2021-07-27,CRWD,Watzinger Gerhard,,0000950103-21-011241,2021-07-23,C,5000.0,,5000,I,,,,,,
1535527,2021-07-27,CRWD,Watzinger Gerhard,,0000950103-21-011241,2021-07-23,S,500.0,265.45,4500,I,,,,,,
1535527,2021-07-28,CRWD,Henry Shawn,,0000950103-21-011343,2021-07-26,S,1200.0,262.37,364676,D,,,,,,
1535527,2021-08-02,CRWD,Carpenter Michael J.,,0000950103-21-011717,2021-07-30,S,11405.0,253.73,291476,D,,,,,,
1535527,2021-08-02,CRWD,Carpenter Michael J.,,0000950103-21-011717,2021-07-30,C,128168.0,,302881,D,,,,,,
1535527,2021-08-02,CRWD,Carpenter Michael J.,,0000950103-21-011717,2021-07-29,C,128168.0,,302881,D,,,,,,
1535527,2021-08-02,CRWD,Carpenter Michael J.,,0000950103-21-011717,2021-07-29,S,18361.0,260.26,284520,D,,,,,,
1535527,2021-08-04,CRWD,Black Colin,,0000950103-21-011922,2021-08-02,C,25000.0,,211151,D,,,,,,
1535527,2021-08-04,CRWD,Black Colin,,0000950103-21-011922,2021-08-02,S,2388.0,246.85,208763,D,,,,,,
1535527,2021-08-05,CRWD,Henry Shawn,,0000950103-21-011984,2021-08-03,S,354.0,254.06,357840,D,,,,,,
1535527,2021-08-10,CRWD,Watzinger Gerhard,isDirector,0001415889-21-003833,2021-08-06,S,300.0,257.12,4700,I,,,,,,
1535527,2021-08-10,CRWD,Watzinger Gerhard,isDirector,0001415889-21-003833,2021-08-06,C,5000.0,,5000,I,,,,,,
1535527,2021-08-13,CRWD,SULLIVAN GODFREY,isDirector,0001415889-21-003913,2021-08-11,S,2386.0,248.03,80194,D,,,,,,
1535527,2021-08-19,CRWD,Henry Shawn,isOfficer,0001415889-21-004010,2021-08-17,S,600.0,227.96,353094,D,,,,,,
1535527,2021-08-24,CRWD,Watzinger Gerhard,isDirector,0001415889-21-004079,2021-08-20,C,5000.0,,5000,I,,,,,,
1535527,2021-08-24,CRWD,Watzinger Gerhard,isDirector,0001415889-21-004079,2021-08-20,S,1485.0,236.38,3515,I,,,,,,
1535527,2021-08-27,CRWD,Carpenter Michael J.,isOfficer,0001415889-21-004116,2021-08-25,C,1042.0,,175755,D,,,,,,
1535527,2021-08-27,CRWD,Watzinger Gerhard,isDirector,0001415889-21-004115,2021-08-25,C,20000.0,,20000,I,,,,,,
1535527,2021-08-27,CRWD,Carpenter Michael J.,isOfficer,0001415889-21-004116,2021-08-25,S,100.0,267.03,175655,D,,,,,,
1535527,2021-08-27,CRWD,Watzinger Gerhard,isDirector,0001415889-21-004115,2021-08-25,S,20000.0,274.8,0,I,,,,,,
1535527,2021-09-01,CRWD,Kurtz George,,0000950103-21-013443,2021-08-28,A,540000.0,0.0,876620,D,,,,,,
1535527,2021-09-01,CRWD,Watzinger Gerhard,isDirector,0001415889-21-004166,2021-08-30,S,5000.0,285.0,0,I,,,,,,
1535527,2021-09-01,CRWD,Watzinger Gerhard,isDirector,0001415889-21-004166,2021-08-30,C,5000.0,,5000,I,,,,,,
1535527,2021-09-01,CRWD,Henry Shawn,isOfficer,0001415889-21-004167,2021-08-30,S,100.0,280.91,349094,D,,,,,,
1535527,2021-09-02,CRWD,Henry Shawn,isOfficer,0001415889-21-004182,2021-08-31,S,1580.0,279.07,343614,D,,,,,,
1535527,2021-09-07,CRWD,Black Colin,isOfficer,0001415889-21-004262,2021-09-02,S,5386.0,270.3,205765,D,,,,,,
1535527,2021-09-07,CRWD,Black Colin,isOfficer,0001415889-21-004262,2021-09-02,C,25000.0,,211151,D,,,,,,
1535527,2021-09-08,CRWD,Watzinger Gerhard,isDirector,0001415889-21-004278,2021-09-03,S,5000.0,272.94,0,I,,,,,,
1535527,2021-09-08,CRWD,Watzinger Gerhard,isDirector,0001415889-21-004278,2021-09-03,C,5000.0,,5000,I,,,,,,
1535527,2021-09-10,CRWD,DAVIS CARY,isDirector,0001415889-21-004337,2021-09-09,S,4150.0,265.35,25277,D,,,,,,
1535527,2021-09-16,CRWD,Henry Shawn,isOfficer,0001415889-21-004416,2021-09-14,S,100.0,254.02,339594,D,,,,,,
1535527,2021-09-21,CRWD,Watzinger Gerhard,isDirector,0001415889-21-004504,2021-09-17,C,5000.0,,5000,I,,,,,,
1535527,2021-09-21,CRWD,Watzinger Gerhard,isDirector,0001415889-21-004504,2021-09-17,S,5000.0,266.33,0,I,,,,,,
1535527,2021-09-22,CRWD,AUSTIN ROXANNE S,isDirector,0001415889-21-004523,2021-09-20,C,5782.0,,25987,D,,,,,,
1535527,2021-09-22,CRWD,Maheshwari Abhishek,isOfficer,0001415889-21-004526,2021-09-21,S,3115.0,254.59,78045,D,,,,,,
1535527,2021-09-22,CRWD,Black Colin,isOfficer,0001415889-21-004529,2021-09-21,S,9041.0,254.59,180235,D,,,,,,
1535527,2021-09-22,CRWD,Black Colin,isOfficer,0001415889-21-004529,2021-09-21,C,3125.0,0.0,189276,D,,,,,,
1535527,2021-09-22,CRWD,Podbere Burt W.,isOfficer,0001415889-21-004522,2021-09-21,C,3125.0,0.0,177793,D,,,,,,
1535527,2021-09-22,CRWD,Henry Shawn,isOfficer,0001415889-21-004521,2021-09-21,C,3125.0,0.0,338319,D,,,,,,
1535527,2021-09-22,CRWD,Kurtz George,,0000950103-21-014413,2021-09-21,C,57856.0,,934476,D,,,,,,
1535527,2021-09-22,CRWD,Carpenter Michael J.,isOfficer,0001415889-21-004520,2021-09-21,S,819.0,254.4,177019,D,,,,,,
1535527,2021-09-22,CRWD,Black Colin,isOfficer,0001415889-21-004529,2021-09-22,S,4998.0,252.89,175210,D,,,,,,
1535527,2021-09-22,CRWD,Kurtz George,,0000950103-21-014413,2021-09-21,S,1700.0,253.51,932776,D,,,,,,
1535527,2021-09-22,CRWD,Podbere Burt W.,isOfficer,0001415889-21-004522,2021-09-21,S,600.0,253.72,177193,D,,,,,,
1535527,2021-09-22,CRWD,Henry Shawn,isOfficer,0001415889-21-004521,2021-09-21,S,1592.0,253.1,336727,D,,,,,,
1535527,2021-09-22,CRWD,Carpenter Michael J.,isOfficer,0001415889-21-004520,2021-09-21,C,3125.0,0.0,177838,D,,,,,,
1535527,2021-09-24,CRWD,Henry Shawn,isOfficer,0001415889-21-004547,2021-09-22,S,432.0,251.99,330635,D,,,,,,
1535527,2021-09-28,CRWD,Henry Shawn,isOfficer,0001415889-21-004589,2021-09-24,S,151.0,254.78,319977,D,,,,,,
1535527,2021-09-29,CRWD,Carpenter Michael J.,isOfficer,0001415889-21-004607,2021-09-27,C,1042.0,,161861,D,,,,,,
1535527,2021-09-29,CRWD,Carpenter Michael J.,isOfficer,0001415889-21-004607,2021-09-27,S,200.0,250.74,161661,D,,,,,,
1535527,2021-09-30,CRWD,Henry Shawn,isOfficer,0001415889-21-004628,2021-09-28,S,1416.0,241.44,316406,D,,,,,,
1535527,2021-10-05,CRWD,Watzinger Gerhard,isDirector,0001415889-21-004747,2021-10-01,S,5000.0,246.07,0,I,,,,,,
1535527,2021-10-05,CRWD,Henry Shawn,isOfficer,0001415889-21-004748,2021-10-01,C,50000.0,,363322,D,,,,,,
1535527,2021-10-05,CRWD,Watzinger Gerhard,isDirector,0001415889-21-004747,2021-10-01,C,5000.0,,5000,I,,,,,,
1535527,2021-10-05,CRWD,Black Colin,isOfficer,0001415889-21-004749,2021-10-04,C,25000.0,,200210,D,,,,,,
1535527,2021-10-05,CRWD,Black Colin,isOfficer,0001415889-21-004749,2021-10-04,S,5600.0,237.52,194610,D,,,,,,
1535527,2021-10-05,CRWD,Henry Shawn,isOfficer,0001415889-21-004748,2021-10-01,J,3028.0,244.16,360294,D,,,,,,
1535527,2021-10-08,CRWD,Kurtz George,,0000950103-21-015692,2021-10-06,G,1000.0,0.0,0,I,,,,,,
1535527,2021-10-08,CRWD,Kurtz George,,0000950103-21-015692,2021-10-06,C,1000.0,,1000,I,,,,,,
1535527,2021-10-12,CRWD,Watzinger Gerhard,,0000950103-21-015799,2021-10-12,G,40000.0,0.0,0,I,,,,,,
1535527,2021-10-12,CRWD,Watzinger Gerhard,,0000950103-21-015799,2021-10-07,C,40000.0,,40000,I,,,,,,
1535527,2021-10-12,CRWD,Watzinger Gerhard,,0000950103-21-015799,2021-10-12,J,7920.0,250.22,32080,I,,,,,,
1535527,2021-10-13,CRWD,Kurtz George,,0000950103-21-015875,2021-10-11,C,40000.0,,40000,I,,,,,,
1535527,2021-10-14,CRWD,Henry Shawn,isOfficer,0001415889-21-004873,2021-10-12,S,500.0,244.47,312822,D,,,,,,
1535527,2021-10-15,CRWD,Kurtz George,,0000950103-21-015947,2021-10-14,J,5448.0,274.09,34552,I,,,,,,
1535527,2021-10-15,CRWD,Kurtz George,,0000950103-21-015947,2021-10-13,G,40000.0,0.0,0,I,,,,,,
1535527,2021-10-18,CRWD,Podbere Burt W.,,0000950103-21-016018,2021-10-14,C,85600.0,,246374,D,,,,,,
1535527,2021-10-18,CRWD,AUSTIN ROXANNE S,,0000950103-21-015989,2021-10-14,S,10000.0,274.75,15987,D,,,,,,
1535527,2021-10-18,CRWD,Podbere Burt W.,,0000950103-21-016018,2021-10-14,G,42800.0,0.0,203574,D,,,,,,
1535527,2021-10-19,CRWD,Watzinger Gerhard,,0000950103-21-016123,2021-10-15,C,5000.0,,5000,I,,,,,,
1535527,2021-10-19,CRWD,Watzinger Gerhard,,0000950103-21-016123,2021-10-15,S,200.0,271.09,4800,I,,,,,,
1535527,2021-10-27,CRWD,Carpenter Michael J.,isOfficer,0001415889-21-004988,2021-10-25,C,1041.0,,161860,D,,,,,,
1535527,2021-10-27,CRWD,Carpenter Michael J.,isOfficer,0001415889-21-004988,2021-10-25,S,141.0,280.21,161719,D,,,,,,
1535527,2021-10-27,CRWD,Henry Shawn,isOfficer,0001415889-21-004990,2021-10-26,S,179.0,284.36,308643,D,,,,,,
1535527,2021-11-02,CRWD,Watzinger Gerhard,,0000950103-21-017206,2021-10-29,C,5000.0,,5000,I,,,,,,
1535527,2021-11-02,CRWD,Watzinger Gerhard,,0000950103-21-017206,2021-10-29,S,870.0,280.35,4130,I,,,,,,
1535527,2021-11-12,CRWD,Henry Shawn,isOfficer,0001415889-21-005157,2021-11-09,S,283.0,283.21,306039,D,,,,,,
1535527,2021-11-12,CRWD,SULLIVAN GODFREY,isDirector,0001415889-21-005160,2021-11-10,S,8100.0,290.39,54480,D,,,,,,
1535527,2021-11-17,CRWD,Watzinger Gerhard,isDirector,0001415889-21-005261,2021-11-12,S,5000.0,283.25,0,I,,,,,,
1535527,2021-11-17,CRWD,Watzinger Gerhard,isDirector,0001415889-21-005261,2021-11-12,C,5000.0,,5000,I,,,,,,
1535527,2021-11-26,CRWD,Henry Shawn,isOfficer,0001415889-21-005530,2021-11-23,S,125.0,224.93,303697,D,,,,,,
1535527,2021-11-30,CRWD,Carpenter Michael J.,isOfficer,0001415889-21-005584,2021-11-26,C,1042.0,,161861,D,,,,,,
1535527,2021-11-30,CRWD,Carpenter Michael J.,isOfficer,0001415889-21-005584,2021-11-26,S,200.0,229.12,161661,D,,,,,,
1535527,2021-11-30,CRWD,Watzinger Gerhard,isDirector,0001415889-21-005582,2021-11-26,C,5000.0,,5000,I,,,,,,
1535527,2021-11-30,CRWD,Watzinger Gerhard,isDirector,0001415889-21-005582,2021-11-26,S,600.0,230.7,4400,I,,,,,,
1535527,2021-12-01,CRWD,Watzinger Gerhard,isDirector,0001415889-21-005609,2021-11-29,C,5000.0,,5000,I,,,,,,
1535527,2021-12-01,CRWD,Watzinger Gerhard,isDirector,0001415889-21-005609,2021-11-29,S,5000.0,235.0,0,I,,,,,,
1535527,2021-12-01,CRWD,Henry Shawn,isOfficer,0001415889-21-005608,2021-11-29,S,700.0,222.15,300622,D,,,,,,
1535527,2021-12-08,CRWD,Henry Shawn,isOfficer,0001415889-21-005777,2021-12-07,S,45.0,201.03,297277,D,,,,,,
1535527,2021-12-14,CRWD,OLEARY DENIS,isDirector,0001415889-21-005864,2021-12-10,G,5221.0,0.0,2580,D,,,,,,
1535527,2021-12-14,CRWD,Watzinger Gerhard,isDirector,0001415889-21-005862,2021-12-10,S,5000.0,201.5,0,I,,,,,,
1535527,2021-12-14,CRWD,OLEARY DENIS,isDirector,0001415889-21-005864,2021-12-10,C,5221.0,,7801,D,,,,,,
1535527,2021-12-14,CRWD,OLEARY DENIS,isDirector,0001415889-21-005864,2021-12-13,S,17239.0,198.78,40761,I,,,,,,
1535527,2021-12-14,CRWD,Watzinger Gerhard,isDirector,0001415889-21-005862,2021-12-10,C,5000.0,,5000,I,,,,,,
1535527,2021-12-22,CRWD,Henry Shawn,isOfficer,0001415889-21-006181,2021-12-21,C,3125.0,0.0,299442,D,,,,,,
1535527,2021-12-22,CRWD,Kurtz George,,0000950103-21-020125,2021-12-21,S,4226.0,200.97,920049,D,,,,,,
1535527,2021-12-22,CRWD,Kurtz George,,0000950103-21-020125,2021-12-21,C,58225.0,,924275,D,,,,,,
1535527,2021-12-22,CRWD,Henry Shawn,isOfficer,0001415889-21-006181,2021-12-21,S,3.0,202.97,299439,D,,,,,,
1535527,2021-12-22,CRWD,Podbere Burt W.,isOfficer,0001415889-21-006180,2021-12-21,S,1212.0,201.22,162687,D,,,,,,
1535527,2021-12-22,CRWD,AUSTIN ROXANNE S,isDirector,0001415889-21-006179,2021-12-20,C,5781.0,,21768,D,,,,,,
1535527,2021-12-22,CRWD,Podbere Burt W.,isOfficer,0001415889-21-006180,2021-12-21,C,3125.0,0.0,163899,D,,,,,,
1535527,2021-12-27,CRWD,Henry Shawn,isOfficer,0001415889-21-006224,2021-12-22,S,3394.0,205.41,288923,D,,,,,,
1535527,2021-12-28,CRWD,Watzinger Gerhard,isDirector,0001415889-21-006254,2021-12-23,C,5000.0,,5000,I,,,,,,
1535527,2021-12-28,CRWD,Watzinger Gerhard,isDirector,0001415889-21-006254,2021-12-23,S,1100.0,205.53,3900,I,,,,,,
1535527,2021-12-28,CRWD,Henry Shawn,isOfficer,0001415889-21-006253,2021-12-23,S,517.0,205.63,280733,D,,,,,,
1535527,2022-01-10,CRWD,OLEARY DENIS,isDirector,0001415889-22-000467,2022-01-06,G,218250.0,0.0,0,I,,,,,,
1535527,2022-01-10,CRWD,OLEARY DENIS,isDirector,0001415889-22-000467,2022-01-06,C,218250.0,,218250,I,,,,,,
1535527,2022-01-12,CRWD,Watzinger Gerhard,isDirector,0001415889-22-000504,2022-01-10,G,22537.0,0.0,22537,I,,,,,,
1535527,2022-01-14,CRWD,Kurtz George,,0000950103-22-000605,2022-01-12,C,250000.0,,250000,I,,,,,,
1535527,2022-01-14,CRWD,Kurtz George,,0000950103-22-000605,2022-01-12,G,250000.0,0.0,0,I,,,,,,
1535527,2022-01-14,CRWD,Podbere Burt W.,,0000950103-22-000612,2022-01-12,A,115000.0,0.0,261879,D,,,,,,
1535527,2022-02-07,CRWD,Henry Shawn,isOfficer,0001415889-22-001094,2022-02-03,C,19053.0,,297950,D,,,,,,
1535527,2022-03-03,CRWD,SULLIVAN GODFREY,isDirector,0001415889-22-002286,2022-03-01,S,20000.0,200.07,22580,D,,,,,,
1535527,2022-03-03,CRWD,Henry Shawn,isOfficer,0001415889-22-002288,2022-03-01,S,13686.0,200.52,284264,D,,,,,,
1535527,2022-03-04,CRWD,Henry Shawn,isOfficer,0001415889-22-002545,2022-03-02,S,2300.0,200.44,252395,D,,,,,,
1535527,2022-03-18,CRWD,Henry Shawn,,0000950103-22-004869,2022-03-17,S,1500.0,200.38,268458,D,,,,,,
1535527,2022-03-18,CRWD,Podbere Burt W.,,0000950103-22-004870,2022-03-16,A,32008.0,0.0,293887,D,,,,,,
1535527,2022-03-18,CRWD,Henry Shawn,,0000950103-22-004869,2022-03-16,A,32008.0,0.0,269958,D,,,,,,
1535527,2022-03-18,CRWD,Kurtz George,,0000950103-22-004868,2022-03-16,A,73862.0,0.0,929297,D,,,,,,
1535527,2022-03-23,CRWD,Kurtz George,,0000950103-22-005155,2022-03-21,S,3063.0,196.31,982727,D,,,,,,
1535527,2022-03-23,CRWD,Henry Shawn,,0000950103-22-005154,2022-03-22,S,951.0,204.53,241596,D,,,,,,
1535527,2022-03-23,CRWD,Henry Shawn,,0000950103-22-005154,2022-03-21,C,3125.0,,253083,D,,,,,,
1535527,2022-03-23,CRWD,AUSTIN ROXANNE S,,0000950103-22-005153,2022-03-21,C,5781.0,,27549,D,,,,,,
1535527,2022-03-23,CRWD,Kurtz George,,0000950103-22-005155,2022-03-21,C,56493.0,,985790,D,,,,,,
1535527,2022-03-23,CRWD,Podbere Burt W.,,0000950103-22-005152,2022-03-21,S,600.0,196.1,296412,D,,,,,,
1535527,2022-03-23,CRWD,Podbere Burt W.,,0000950103-22-005152,2022-03-21,C,3125.0,,297012,D,,,,,,
1535527,2022-03-23,CRWD,Henry Shawn,,0000950103-22-005154,2022-03-21,S,8511.0,203.11,244572,D,,,,,,
1535527,2022-03-25,CRWD,Kurtz George,,0000950103-22-005251,2022-03-23,G,100.0,0.0,909989,D,,,,,,
1535527,2022-03-25,CRWD,Kurtz George,,0000950103-22-005251,2022-03-23,C,100.0,,910089,D,,,,,,
1535527,2022-04-07,CRWD,Henry Shawn,,0000950103-22-006159,2022-04-05,S,2500.0,218.75,204395,D,,,,,,
1535527,2022-04-08,CRWD,Kurtz George,,0000950103-22-006223,2022-04-06,A,62476.0,0.0,972465,D,,,,,,
1535527,2022-04-08,CRWD,Podbere Burt W.,,0000950103-22-006224,2022-04-06,A,37485.0,0.0,321215,D,,,,,,
1535527,2022-04-08,CRWD,Henry Shawn,,0000950103-22-006222,2022-04-06,A,24990.0,0.0,211885,D,,,,,,
1535527,2022-04-14,CRWD,Podbere Burt W.,,0000950103-22-006447,2022-04-12,C,10000.0,,331215,D,,,,,,
1535527,2022-04-14,CRWD,Podbere Burt W.,,0000950103-22-006447,2022-04-12,S,10000.0,235.09,321215,D,,,,,,
1535527,2022-04-15,CRWD,Kurtz George,,0000950103-22-006472,2022-04-13,G,1000000.0,0.0,972465,D,,,,,,
1535527,2022-04-15,CRWD,Kurtz George,,0000950103-22-006472,2022-04-13,C,1000000.0,,1972465,D,,,,,,
1535527,2022-04-21,CRWD,Henry Shawn,,0000950103-22-006730,2022-04-19,S,900.0,223.34,210985,D,,,,,,
1535527,2022-06-17,CRWD,SULLIVAN GODFREY,,0000950103-22-010872,2022-06-15,C,180000.0,,202580,D,,,,,,
1535527,2022-06-23,CRWD,Kurtz George,,0000950103-22-011140,2022-06-21,S,25957.0,164.45,1003880,D,,,,,,
1535527,2022-06-23,CRWD,Podbere Burt W.,,0000950103-22-011143,2022-06-21,C,3125.0,,324466,D,,,,,,
1535527,2022-06-23,CRWD,Podbere Burt W.,,0000950103-22-011143,2022-06-21,S,9435.0,165.07,315031,D,,,,,,
1535527,2022-06-23,CRWD,Henry Shawn,,0000950103-22-011141,2022-06-21,C,3125.0,,194297,D,,,,,,
1535527,2022-06-23,CRWD,Kurtz George,,0000950103-22-011140,2022-06-21,C,57372.0,,1029837,D,,,,,,
1535527,2022-06-23,CRWD,Henry Shawn,,0000950103-22-011141,2022-06-21,S,8313.0,164.98,185984,D,,,,,,
1535527,2022-06-23,CRWD,AUSTIN ROXANNE S,,0000950103-22-011142,2022-06-21,C,5781.0,,33330,D,,,,,,
1535527,2022-06-30,CRWD,Watzinger Gerhard,,0000950103-22-011807,2022-06-28,G,550.0,0.0,21987,I,,,,,,
1535527,2022-07-01,CRWD,Schumacher Laura J,,0000950103-22-011920,2022-06-29,A,1307.0,0.0,5738,D,,,,,,
1535527,2022-07-01,CRWD,DAVIS CARY,,0000950103-22-011918,2022-06-29,A,1307.0,0.0,26584,D,,,,,,
1535527,2022-07-01,CRWD,Watzinger Gerhard,,0000950103-22-011922,2022-06-29,A,1307.0,0.0,3887,D,,,,,,
1535527,2022-07-01,CRWD,AUSTIN ROXANNE S,,0000950103-22-011917,2022-06-29,A,1307.0,0.0,34637,D,,,,,,
1535527,2022-07-01,CRWD,OLEARY DENIS,,0000950103-22-011919,2022-06-29,A,1307.0,0.0,3887,D,,,,,,
1535527,2022-07-01,CRWD,SULLIVAN GODFREY,,0000950103-22-011921,2022-06-29,A,1307.0,0.0,203887,D,,,,,,
1535527,2022-07-01,CRWD,GANDHI SAMEER K,,0000950103-22-011923,2022-06-29,A,1307.0,0.0,3887,D,,,,,,
1535527,2022-07-18,CRWD,Henry Shawn,,0000950103-22-012516,2022-07-14,C,6771.0,,192355,D,,,,,,
1535527,2022-07-20,CRWD,SULLIVAN GODFREY,,0000950103-22-012700,2022-07-01,G,180000.0,0.0,23887,D,,,,,,
1535527,2022-08-12,CRWD,Henry Shawn,,0000950103-22-013992,2022-08-10,S,11203.0,200.48,181152,D,,,,,,
1535527,2022-09-08,CRWD,Watzinger Gerhard,,0000950103-22-015469,2022-09-06,G,7000.0,0.0,14987,I,,,,,,
1535527,2022-09-12,CRWD,SULLIVAN GODFREY,,0000950103-22-015588,2022-09-08,S,10000.0,175.0071,170000,I,,,,,,
1535527,2022-09-13,CRWD,Kurtz George,,0000950103-22-015650,2022-09-09,C,2000000.0,,2000000,I,,,,,,
1535527,2022-09-13,CRWD,Kurtz George,,0000950103-22-015650,2022-09-09,G,2000000.0,0.0,0,I,,,,,,
1535527,2022-09-23,CRWD,Kurtz George,,0000950103-22-016358,2022-09-21,S,7070.0,171.28,1009443,D,,,,,,
1535527,2022-09-23,CRWD,Kurtz George,,0000950103-22-016358,2022-09-21,C,58204.0,,1016513,D,,,,,,
1535527,2022-09-23,CRWD,Podbere Burt W.,,0000950103-22-016359,2022-09-21,C,3125.0,,316153,D,,,,,,
1535527,2022-09-23,CRWD,Henry Shawn,,0000950103-22-016360,2022-09-21,S,8823.0,173.67,174554,D,,,,,,
1535527,2022-09-23,CRWD,Saha Anurag,,0000950103-22-016362,2022-09-21,S,3032.0,173.67,27999,D,,,,,,
1535527,2022-09-23,CRWD,AUSTIN ROXANNE S,,0000950103-22-016361,2022-09-21,C,5782.0,,40419,D,,,,,,
1535527,2022-09-23,CRWD,Henry Shawn,,0000950103-22-016360,2022-09-21,C,3125.0,,183377,D,,,,,,
1535527,2022-09-23,CRWD,Podbere Burt W.,,0000950103-22-016359,2022-09-21,S,1221.0,171.35,314932,D,,,,,,
1535527,2022-09-30,CRWD,GANDHI SAMEER K,,0000950103-22-016932,2022-06-02,P,81.0,172.917,3968,D,,,,,,
1535527,2022-10-11,CRWD,GANDHI SAMEER K,,0000950103-22-017603,2022-10-05,G,38000.0,0.0,0,I,,,,,,
1535527,2022-10-14,CRWD,Kurtz George,,0000950103-22-017841,2022-10-13,G,250000.0,0.0,0,I,,,,,,
1535527,2022-10-14,CRWD,Kurtz George,,0000950103-22-017841,2022-10-13,C,250000.0,,250000,I,,,,,,
1535527,2022-12-07,CRWD,GANDHI SAMEER K,isDirector,0001415889-22-012162,2022-12-05,G,29868.0,0.0,8132,I,,,,,,
1535527,2022-12-21,CRWD,OLEARY DENIS,isDirector,0001415889-22-012890,2022-12-19,C,15208.0,,15208,I,,,,,,
1535527,2022-12-21,CRWD,OLEARY DENIS,isDirector,0001415889-22-012890,2022-12-19,S,15208.0,109.0,0,I,,,,,,
1535527,2022-12-22,CRWD,Kurtz George,"isDirector,isOfficer",0001415889-22-012958,2022-12-21,S,6569.0,105.2713,974605,D,,,,,,
1535527,2022-12-22,CRWD,Kurtz George,"isDirector,isOfficer",0001415889-22-012958,2022-12-21,C,37227.0,,981174,D,,,,,,
1535527,2022-12-23,CRWD,Henry Shawn,isOfficer,0001415889-22-012972,2022-12-21,S,7556.0,108.9,166998,D,,,,,,
1535527,2022-12-23,CRWD,Saha Anurag,isOfficer,0001415889-22-012971,2022-12-21,S,1161.0,108.9,33305,D,,,,,,
1535527,2022-12-23,CRWD,Saha Anurag,isOfficer,0001415889-22-012969,2022-09-07,A,6465.0,0.0,37496,D,,,,,,
1535527,2022-12-23,CRWD,Kurtz George,"isDirector,isOfficer",0001415889-22-012974,2022-12-21,C,3002000.0,,3002000,I,,,,,,
1535527,2022-12-23,CRWD,Kurtz George,"isDirector,isOfficer",0001415889-22-012974,2022-12-21,G,3002000.0,0.0,0,I,,,,,,
1535527,2022-12-23,CRWD,Podbere Burt W.,isOfficer,0001415889-22-012973,2022-12-21,S,1445.0,105.3326,303118,D,,,,,,
1535527,2022-12-29,CRWD,Watzinger Gerhard,isDirector,0001415889-22-013081,2022-12-27,C,50000.0,,50000,I,,,,,,
1535527,2022-12-29,CRWD,Watzinger Gerhard,isDirector,0001415889-22-013081,2022-12-27,S,48811.0,101.0602,1189,I,,,,,,
1535527,2022-12-29,CRWD,AUSTIN ROXANNE S,isDirector,0001415889-22-013065,2022-12-27,P,15000.0,100.0267,55419,D,,,,,,
1535527,2022-12-29,CRWD,AUSTIN ROXANNE S,isDirector,0001415889-22-013065,2022-12-28,P,10000.0,99.31,65419,D,,,,,,
1535527,2023-01-06,CRWD,AUSTIN ROXANNE S,isDirector,0001415889-23-000625,2023-01-05,P,20000.0,95.14,85419,D,,,,,,
1535527,2023-01-23,CRWD,Flower Johanna,isDirector,0001415889-23-001332,2023-01-18,A,3712.0,0.0,82484,D,,,,,,
1535527,2023-02-06,CRWD,Henry Shawn,,0000950103-23-001913,2023-02-02,C,3125.0,,170123,D,,,,,,
1535527,2023-02-10,CRWD,Henry Shawn,isOfficer,0001415889-23-002300,2022-04-18,P,2.0,229.11,170125,D,,,,,,
1535527,2023-02-14,CRWD,AUSTIN ROXANNE S,isDirector,0001415889-23-002556,2023-01-05,P,15500.0,99.0,115919,D,,,,,,
1535527,2023-03-10,CRWD,Kurtz George,"isDirector,isOfficer",0001415889-23-004676,2023-03-08,A,98274.0,0.0,1028438,D,,,,,,
1535527,2023-03-10,CRWD,Henry Shawn,isOfficer,0001415889-23-004674,2023-03-08,A,39309.0,0.0,209432,D,,,,,,
1535527,2023-03-10,CRWD,Sentonas Michael,isOfficer,0001415889-23-004673,2023-03-08,A,39309.0,0.0,225009,D,,,,,,
1535527,2023-03-10,CRWD,Podbere Burt W.,isOfficer,0001415889-23-004675,2023-03-08,A,58963.0,0.0,353453,D,,,,,,
1535527,2023-03-22,CRWD,Kurtz George,,0000950103-23-004542,2023-03-21,C,35160.0,,1063598,D,,,,,,
1535527,2023-03-22,CRWD,Kurtz George,,0000950103-23-004542,2023-03-21,S,11699.0,132.73,1051899,D,,,,,,
1535527,2023-03-22,CRWD,Sentonas Michael,,0000950103-23-004541,2023-03-21,S,7926.0,131.85,217083,D,,,,,,
1535527,2023-03-22,CRWD,Flower Johanna,isDirector,0001415889-23-005317,2023-03-20,A,25.0,0.0,83163,D,,,,,,
1535527,2023-03-22,CRWD,Watzinger Gerhard,isDirector,0001415889-23-005313,2023-03-20,A,197.0,0.0,4084,D,,,,,,
1535527,2023-03-22,CRWD,Podbere Burt W.,,0000950103-23-004540,2023-03-21,S,3225.0,132.5,350228,D,,,,,,
1535527,2023-03-22,CRWD,DAVIS CARY,isDirector,0001415889-23-005314,2023-03-20,A,93.0,0.0,26677,D,,,,,,
1535527,2023-03-22,CRWD,Henry Shawn,,0000950103-23-004543,2023-03-21,S,10462.0,131.85,198972,D,,,,,,
1535527,2023-03-22,CRWD,Saha Anurag,,0000950103-23-004539,2023-03-21,S,845.0,131.85,32456,D,,,,,,
1535527,2023-03-22,CRWD,Schumacher Laura J,isDirector,0001415889-23-005318,2023-03-20,A,84.0,0.0,5822,D,,,,,,
1535527,2023-03-22,CRWD,OLEARY DENIS,isDirector,0001415889-23-005316,2023-03-20,A,94.0,0.0,3981,D,,,,,,
1535527,2023-03-22,CRWD,GANDHI SAMEER K,isDirector,0001415889-23-005315,2023-03-20,A,111.0,0.0,4079,D,,,,,,
1535527,2023-04-04,CRWD,OLEARY DENIS,isDirector,0001415889-23-006075,2023-04-03,C,3642.0,,7623,D,,,,,,
1535527,2023-04-04,CRWD,OLEARY DENIS,isDirector,0001415889-23-006075,2023-04-03,G,3642.0,0.0,3981,D,,,,,,
1535527,2023-04-12,CRWD,Watzinger Gerhard,isDirector,0001415889-23-006477,2023-04-10,G,27463.0,0.0,42391,I,,,,,,
1535527,2023-04-21,CRWD,Henry Shawn,isOfficer,0001415889-23-006797,2023-04-19,A,38788.0,0.0,237760,D,,,,,,
1535527,2023-04-21,CRWD,Podbere Burt W.,isOfficer,0001415889-23-006796,2023-04-19,A,58182.0,0.0,395020,D,,,,,,
1535527,2023-04-21,CRWD,Kurtz George,"isDirector,isOfficer",0001415889-23-006794,2023-04-19,A,135758.0,0.0,1140636,D,,,,,,
1535527,2023-04-21,CRWD,Sentonas Michael,isOfficer,0001415889-23-006795,2023-04-19,A,174546.0,0.0,391629,D,,,,,,
1535527,2023-06-22,CRWD,Watzinger Gerhard,isDirector,0001415889-23-010170,2023-06-21,A,1737.0,0.0,5993,D,,,,,,
1535527,2023-06-22,CRWD,OLEARY DENIS,isDirector,0001415889-23-010173,2023-06-20,A,82.0,0.0,4063,D,,,,,,
1535527,2023-06-22,CRWD,DAVIS CARY,isDirector,0001415889-23-010171,2023-06-20,A,81.0,0.0,26758,D,,,,,,
1535527,2023-06-22,CRWD,Watzinger Gerhard,isDirector,0001415889-23-010170,2023-06-20,A,172.0,0.0,4256,D,,,,,,
1535527,2023-06-22,CRWD,AUSTIN ROXANNE S,isDirector,0001415889-23-010176,2023-06-21,A,1737.0,0.0,117656,D,,,,,,
1535527,2023-06-22,CRWD,Flower Johanna,isDirector,0001415889-23-010174,2023-06-20,A,65.0,0.0,83228,D,,,,,,
1535527,2023-06-22,CRWD,GANDHI SAMEER K,isDirector,0001415889-23-010172,2023-06-21,A,1737.0,0.0,5912,D,,,,,,
1535527,2023-06-22,CRWD,GANDHI SAMEER K,isDirector,0001415889-23-010172,2023-06-20,A,96.0,0.0,4175,D,,,,,,
1535527,2023-06-22,CRWD,Schumacher Laura J,isDirector,0001415889-23-010175,2023-06-21,A,1737.0,0.0,7632,D,,,,,,
1535527,2023-06-22,CRWD,Flower Johanna,isDirector,0001415889-23-010174,2023-06-21,A,1737.0,0.0,84965,D,,,,,,
1535527,2023-06-22,CRWD,Schumacher Laura J,isDirector,0001415889-23-010175,2023-06-20,A,73.0,0.0,5895,D,,,,,,
1535527,2023-06-22,CRWD,OLEARY DENIS,isDirector,0001415889-23-010173,2023-06-21,A,1737.0,0.0,5800,D,,,,,,
1535527,2023-06-22,CRWD,SULLIVAN GODFREY,isDirector,0001415889-23-010177,2023-06-21,A,1737.0,0.0,25624,D,,,,,,
1535527,2023-06-22,CRWD,DAVIS CARY,isDirector,0001415889-23-010171,2023-06-21,A,1737.0,0.0,28495,D,,,,,,
1535527,2023-06-23,CRWD,Sentonas Michael,isOfficer,0001415889-23-010254,2023-06-21,S,10551.0,150.4792,381289,D,,,,,,
1535527,2023-06-23,CRWD,Saha Anurag,isOfficer,0001415889-23-010255,2023-06-21,S,815.0,150.4803,31852,D,,,,,,
1535527,2023-06-23,CRWD,Kurtz George,"isDirector,isOfficer",0001415889-23-010252,2023-06-21,C,38800.0,,1179436,D,,,,,,
1535527,2023-06-23,CRWD,Kurtz George,"isDirector,isOfficer",0001415889-23-010252,2023-06-21,S,49055.0,144.1297,1130381,D,,,,,,
1535527,2023-06-23,CRWD,Podbere Burt W.,isOfficer,0001415889-23-010253,2023-06-21,S,7685.0,144.035,387545,D,,,,,,
1535527,2023-06-23,CRWD,Henry Shawn,isOfficer,0001415889-23-010251,2023-06-21,S,9218.0,150.48,228752,D,,,,,,
1535527,2023-07-10,CRWD,SULLIVAN GODFREY,isDirector,0001415889-23-010989,2023-07-06,C,60000.0,,85624,D,,,,,,
1535527,2023-07-11,CRWD,SULLIVAN GODFREY,isDirector,0001415889-23-011004,2023-07-11,G,60000.0,0.0,25624,D,,,,,,
1535527,2023-07-13,CRWD,AUSTIN ROXANNE S,isDirector,0001415889-23-011105,2023-07-13,S,30000.0,151.6334,77656,D,,,,,,
1535527,2023-07-13,CRWD,AUSTIN ROXANNE S,isDirector,0001415889-23-011105,2023-07-11,S,5000.0,151.5034,112656,D,,,,,,
1535527,2023-07-13,CRWD,AUSTIN ROXANNE S,isDirector,0001415889-23-011105,2023-07-12,S,5000.0,153.386,107656,D,,,,,,
1535527,2023-07-14,CRWD,Kurtz George,"isDirector,isOfficer",0001415889-23-011136,2023-07-13,S,117232.0,150.7564,60768,I,,,,,,
1535527,2023-07-14,CRWD,Henry Shawn,isOfficer,0001415889-23-011124,2023-07-13,G,13524.0,0.0,215228,D,,,,,,
1535527,2023-07-14,CRWD,Kurtz George,"isDirector,isOfficer",0001415889-23-011136,2023-07-13,C,178000.0,,178000,I,,,,,,
1535527,2023-07-18,CRWD,AUSTIN ROXANNE S,isDirector,0001415889-23-011247,2023-07-17,S,20000.0,154.3203,37656,D,,,,,,
1535527,2023-07-18,CRWD,AUSTIN ROXANNE S,isDirector,0001415889-23-011247,2023-07-14,S,3032.0,149.319,59624,D,,,,,,
1535527,2023-07-18,CRWD,Kurtz George,"isDirector,isOfficer",0001415889-23-011245,2023-07-17,G,1750.0,0.0,0,I,,,,,,
1535527,2023-07-18,CRWD,Kurtz George,"isDirector,isOfficer",0001415889-23-011245,2023-07-17,C,1750.0,,1750,I,,,,,,
1535527,2023-09-19,CRWD,Saha Anurag,isOfficer,0001415889-23-013433,2023-09-07,A,7628.0,0.0,39480,D,,,,,,
1535527,2023-09-22,CRWD,OLEARY DENIS,isDirector,0001415889-23-013521,2023-09-20,A,76.0,0.0,5876,D,,,,,,
1535527,2023-09-22,CRWD,Flower Johanna,isDirector,0001415889-23-013522,2023-09-20,A,61.0,0.0,85026,D,,,,,,
1535527,2023-09-22,CRWD,Podbere Burt W.,isOfficer,0001415889-23-013529,2023-09-21,S,13419.0,168.2041,367381,D,,,,,,
1535527,2023-09-22,CRWD,Sentonas Michael,isOfficer,0001415889-23-013531,2023-09-21,S,10321.0,167.98,370968,D,,,,,,
1535527,2023-09-22,CRWD,DAVIS CARY,isDirector,0001415889-23-013519,2023-09-20,A,75.0,0.0,28570,D,,,,,,
1535527,2023-09-22,CRWD,Schumacher Laura J,isDirector,0001415889-23-013523,2023-09-20,A,68.0,0.0,7700,D,,,,,,
1535527,2023-09-22,CRWD,Kurtz George,"isDirector,isOfficer",0001415889-23-013530,2023-09-21,C,37039.0,,1157010,D,,,,,,
1535527,2023-09-22,CRWD,Saha Anurag,isOfficer,0001415889-23-013532,2023-09-21,S,926.0,167.98,38554,D,,,,,,
1535527,2023-09-22,CRWD,Watzinger Gerhard,isDirector,0001415889-23-013518,2023-09-20,A,160.0,0.0,6153,D,,,,,,
1535527,2023-09-22,CRWD,GANDHI SAMEER K,isDirector,0001415889-23-013520,2023-09-20,A,90.0,0.0,6002,D,,,,,,
1535527,2023-09-22,CRWD,Henry Shawn,isOfficer,0001415889-23-013528,2023-09-21,S,8996.0,168.029,206232,D,,,,,,
1535527,2023-09-22,CRWD,Kurtz George,"isDirector,isOfficer",0001415889-23-013530,2023-09-21,S,6300.0,160.2498,1150710,D,,,,,,
1535527,2023-10-10,CRWD,AUSTIN ROXANNE S,isDirector,0001415889-23-014080,2023-10-10,S,5000.0,185.01,22656,D,,,,,,
1535527,2023-10-10,CRWD,AUSTIN ROXANNE S,isDirector,0001415889-23-014080,2023-10-06,S,5000.0,172.01,32656,D,,,,,,
1535527,2023-10-11,CRWD,SULLIVAN GODFREY,isDirector,0001415889-23-014098,2023-10-09,S,2713.0,176.7825,227287,I,,,,,,
1535527,2023-10-13,CRWD,AUSTIN ROXANNE S,isDirector,0001415889-23-014231,2023-10-11,S,5000.0,185.25,17656,D,,,,,,
1535527,2023-11-14,CRWD,GANDHI SAMEER K,isDirector,0001415889-23-015116,2023-11-13,S,15000.0,200.0618,852949,I,,,,,,
1535527,2023-11-14,CRWD,Podbere Burt W.,isOfficer,0001415889-23-015117,2023-11-13,S,30500.0,200.0012,336881,D,,,,,,
1535527,2023-11-14,CRWD,SULLIVAN GODFREY,isDirector,0001415889-23-015115,2023-11-13,S,150000.0,200.0562,55000,I,,,,,,
1535527,2023-12-01,CRWD,Sentonas Michael,isOfficer,0001415889-23-015712,2023-11-30,S,26652.0,236.0031,344316,D,,,,,,
1535527,2023-12-08,CRWD,OLEARY DENIS,isDirector,0001415889-23-016125,2023-12-07,C,2610.0,,2610,I,,,,,,
1535527,2023-12-08,CRWD,OLEARY DENIS,isDirector,0001415889-23-016125,2023-12-07,S,2610.0,238.14,0,I,,,,,,
1535527,2023-12-08,CRWD,DAVIS CARY,isDirector,0001415889-23-016124,2023-12-07,G,6200.0,0.0,22370,D,,,,,,
1535527,2023-12-14,CRWD,Henry Shawn,isOfficer,0001415889-23-016497,2023-12-13,G,6250.0,0.0,199982,D,,,,,,
1535527,2023-12-14,CRWD,Podbere Burt W.,isOfficer,0001415889-23-016495,2023-12-12,C,3967.0,,3967,I,,,,,,
1535527,2023-12-14,CRWD,Podbere Burt W.,isOfficer,0001415889-23-016495,2023-12-12,S,30000.0,250.0417,306881,D,,,,,,
1535527,2023-12-14,CRWD,Kurtz George,"isDirector,isOfficer",0001415889-23-016496,2023-12-12,G,40250.0,,0,I,,,,,,
1535527,2023-12-14,CRWD,Kurtz George,"isDirector,isOfficer",0001415889-23-016496,2023-12-12,C,40250.0,,40250,I,,,,,,
1535527,2023-12-21,CRWD,Flower Johanna,isDirector,0001415889-23-016850,2023-12-20,A,39.0,0.0,85065,D,,,,,,
1535527,2023-12-21,CRWD,Schumacher Laura J,isDirector,0001415889-23-016851,2023-12-20,A,44.0,0.0,7744,D,,,,,,
1535527,2023-12-21,CRWD,GANDHI SAMEER K,isDirector,0001415889-23-016852,2023-12-20,A,59.0,0.0,6061,D,,,,,,
1535527,2023-12-21,CRWD,DAVIS CARY,isDirector,0001415889-23-016849,2023-12-20,A,48.0,0.0,22418,D,,,,,,
1535527,2023-12-21,CRWD,OLEARY DENIS,isDirector,0001415889-23-016853,2023-12-20,A,49.0,0.0,5925,D,,,,,,
1535527,2023-12-21,CRWD,Watzinger Gerhard,isDirector,0001415889-23-016848,2023-12-20,A,103.0,0.0,6256,D,,,,,,
1535527,2023-12-22,CRWD,Podbere Burt W.,isOfficer,0001415889-23-016915,2023-12-21,G,20000.0,,306881,D,,,,,,
1535527,2023-12-22,CRWD,Podbere Burt W.,isOfficer,0001415889-23-016915,2023-12-21,S,4400.0,252.0562,302481,D,,,,,,
1535527,2023-12-22,CRWD,Saha Anurag,isOfficer,0001415889-23-016918,2023-12-21,S,1399.0,254.75,37155,D,,,,,,
1535527,2023-12-22,CRWD,Henry Shawn,isOfficer,0001415889-23-016916,2023-12-21,S,2417.0,251.332,197565,D,,,,,,
1535527,2023-12-22,CRWD,Kurtz George,"isDirector,isOfficer",0001415889-23-016917,2023-12-21,C,37090.0,,1137179,D,,,,,,
1535527,2023-12-22,CRWD,Podbere Burt W.,isOfficer,0001415889-23-016915,2023-12-21,C,20000.0,,326881,D,,,,,,
1535527,2023-12-22,CRWD,Kurtz George,"isDirector,isOfficer",0001415889-23-016917,2023-12-21,S,20429.0,251.0796,1116750,D,,,,,,
1535527,2023-12-22,CRWD,Sentonas Michael,isOfficer,0001415889-23-016919,2023-12-21,S,10321.0,254.75,333995,D,,,,,,
1535527,2024-01-04,CRWD,GANDHI SAMEER K,isDirector,0001415889-24-000701,2024-01-03,S,15000.0,240.1328,846799,I,,,,,,
1535527,2024-01-12,CRWD,Kurtz George,"isDirector,isOfficer",0001415889-24-001061,2024-01-11,S,2408.0,280.863,1077786,D,,,,,,
1535527,2024-01-12,CRWD,Kurtz George,"isDirector,isOfficer",0001415889-24-001061,2024-01-12,S,9410.0,283.122,1010784,D,,,,,,
1535527,2024-01-17,CRWD,Sentonas Michael,isOfficer,0001415889-24-001423,2024-01-16,S,22123.0,286.0,311872,D,,,,,,
1535527,2024-03-08,CRWD,Henry Shawn,isOfficer,0001415889-24-007430,2024-03-06,A,59888.0,0.0,250665,D,,,,,,
1535527,2024-03-08,CRWD,Podbere Burt W.,isOfficer,0001415889-24-007428,2024-03-06,A,89833.0,0.0,373889,D,,,,,,
1535527,2024-03-08,CRWD,Kurtz George,"isDirector,isOfficer",0001415889-24-007427,2024-03-06,A,209610.0,0.0,1189804,D,,,,,,
1535527,2024-03-08,CRWD,Sentonas Michael,isOfficer,0001415889-24-007429,2024-03-06,A,89833.0,0.0,401705,D,,,,,,
1535527,2024-03-21,CRWD,Schumacher Laura J,isDirector,0001415889-24-008869,2024-03-20,A,34.0,0.0,7778,D,,,,,,
1535527,2024-03-21,CRWD,DAVIS CARY,isDirector,0001415889-24-008865,2024-03-20,A,37.0,0.0,22455,D,,,,,,
1535527,2024-03-21,CRWD,Watzinger Gerhard,isDirector,0001415889-24-008864,2024-03-20,A,80.0,0.0,6336,D,,,,,,
1535527,2024-03-21,CRWD,GANDHI SAMEER K,isDirector,0001415889-24-008866,2024-03-20,A,45.0,0.0,6106,D,,,,,,
1535527,2024-03-21,CRWD,Flower Johanna,isDirector,0001415889-24-008868,2024-03-20,A,30.0,0.0,85095,D,,,,,,
1535527,2024-03-21,CRWD,OLEARY DENIS,isDirector,0001415889-24-008867,2024-03-20,A,38.0,0.0,5963,D,,,,,,
1535527,2024-03-22,CRWD,Kurtz George,"isDirector,isOfficer",0001415889-24-009014,2024-03-21,C,36378.0,,1226182,D,,,,,,
1535527,2024-03-22,CRWD,Henry Shawn,isOfficer,0001415889-24-009011,2024-03-21,S,400.0,322.765,250265,D,,,,,,
1535527,2024-03-22,CRWD,Saha Anurag,isOfficer,0001415889-24-009013,2024-03-21,S,1019.0,325.8,36136,D,,,,,,
1535527,2024-03-22,CRWD,Henry Shawn,isOfficer,0001415889-24-009011,2024-03-22,S,4389.0,323.4154,231461,D,,,,,,
1535527,2024-03-22,CRWD,Sentonas Michael,isOfficer,0001415889-24-009012,2024-03-21,S,18747.0,325.8,382958,D,,,,,,
1535527,2024-03-22,CRWD,Kurtz George,"isDirector,isOfficer",0001415889-24-009014,2024-03-21,S,200.0,323.555,1225982,D,,,,,,
1535527,2024-03-22,CRWD,Podbere Burt W.,isOfficer,0001415889-24-009010,2024-03-21,S,2340.0,323.2537,371549,D,,,,,,
1535527,2024-03-27,CRWD,Saha Anurag,isOfficer,0001415889-24-009256,2024-03-26,S,1786.0,331.52,34350,D,,,,,,
1535527,2024-04-02,CRWD,Podbere Burt W.,isOfficer,0001415889-24-009877,2024-04-01,S,20225.0,314.256,350283,D,,,,,,
1535527,2024-04-02,CRWD,Podbere Burt W.,isOfficer,0001415889-24-009877,2024-04-01,C,22716.0,,370508,D,,,,,,
1535527,2024-04-03,CRWD,DAVIS CARY,isDirector,0001415889-24-010135,2024-04-02,G,2300.0,0.0,20155,D,,,,,,
1535527,2024-04-04,CRWD,GANDHI SAMEER K,isDirector,0001415889-24-010337,2024-04-03,S,2798.0,315.91,851436,I,,,,,,
1535527,2024-04-16,CRWD,Henry Shawn,isOfficer,0001415889-24-010902,2024-04-15,S,1476.0,308.331,211485,D,,,,,,
1535527,2024-04-19,CRWD,Saha Anurag,isOfficer,0001415889-24-011264,2024-04-17,A,7746.0,0.0,42096,D,,,,,,
1535527,2024-04-19,CRWD,Sentonas Michael,isOfficer,0001415889-24-011262,2024-04-17,A,38732.0,0.0,421690,D,,,,,,
1535527,2024-04-19,CRWD,Kurtz George,"isDirector,isOfficer",0001415889-24-011261,2024-04-17,A,54225.0,0.0,1202327,D,,,,,,
1535527,2024-04-19,CRWD,Podbere Burt W.,isOfficer,0001415889-24-011263,2024-04-17,A,23239.0,0.0,329747,D,,,,,,
1535527,2024-05-06,CRWD,Kurtz George,"isDirector,isOfficer",0001415889-24-012376,2024-05-03,S,2241.0,300.73,1200086,D,,,,,,
1535527,2024-05-06,CRWD,Podbere Burt W.,isOfficer,0001415889-24-012377,2024-05-03,S,1000.0,301.57,328747,D,,,,,,
1535527,2024-05-15,CRWD,Henry Shawn,isOfficer,0001415889-24-013279,2024-05-15,S,700.0,331.28,208261,D,,,,,,
1535527,2024-05-16,CRWD,Podbere Burt W.,isOfficer,0001415889-24-013381,2024-05-14,S,12000.0,329.096,308593,D,,,,,,
1535527,2024-05-16,CRWD,Podbere Burt W.,isOfficer,0001415889-24-013381,2024-05-14,C,6599.0,,320593,D,,,,,,
1535527,2024-05-16,CRWD,Podbere Burt W.,isOfficer,0001415889-24-013381,2024-05-15,C,12000.0,,320593,D,,,,,,
1535527,2024-05-16,CRWD,Podbere Burt W.,isOfficer,0001415889-24-013381,2024-05-15,S,12000.0,339.292,308593,D,,,,,,
1535527,2024-05-21,CRWD,Podbere Burt W.,isOfficer,0001415889-24-014031,2024-05-20,S,5424.0,349.01,308593,D,,,,,,
1535527,2024-05-21,CRWD,Podbere Burt W.,isOfficer,0001415889-24-014031,2024-05-21,S,6576.0,348.94,308593,D,,,,,,
1535527,2024-05-21,CRWD,Podbere Burt W.,isOfficer,0001415889-24-014031,2024-05-20,C,5424.0,,314017,D,,,,,,
1535527,2024-05-21,CRWD,Podbere Burt W.,isOfficer,0001415889-24-014031,2024-05-21,C,6576.0,,315169,D,,,,,,
1535527,2024-06-17,CRWD,Henry Shawn,isOfficer,0001415889-24-017282,2024-06-17,S,3095.0,382.64,202077,D,,,,,,
1535527,2024-06-20,CRWD,GANDHI SAMEER K,isDirector,0001415889-24-017741,2024-06-20,A,38.0,0.0,6785,D,,,,,,
1535527,2024-06-20,CRWD,DAVIS CARY,isDirector,0001415889-24-017739,2024-06-20,A,32.0,0.0,20828,D,,,,,,
1535527,2024-06-20,CRWD,Watzinger Gerhard,isDirector,0001415889-24-017737,2024-06-20,A,68.0,0.0,7045,D,,,,,,
1535527,2024-06-20,CRWD,Schumacher Laura J,isDirector,0001415889-24-017742,2024-06-20,A,29.0,0.0,8448,D,,,,,,
1535527,2024-06-20,CRWD,Watzinger Gerhard,isDirector,0001415889-24-017737,2024-06-18,A,641.0,0.0,6977,D,,,,,,
1535527,2024-06-20,CRWD,OLEARY DENIS,,0000950103-24-008605,2024-04-19,G,24996.0,,24996,I,,,,,,
1535527,2024-06-20,CRWD,OLEARY DENIS,isDirector,0001415889-24-017744,2024-06-18,A,641.0,0.0,6604,D,,,,,,
1535527,2024-06-20,CRWD,DAVIS CARY,isDirector,0001415889-24-017739,2024-06-18,A,641.0,0.0,20796,D,,,,,,
1535527,2024-06-20,CRWD,Flower Johanna,isDirector,0001415889-24-017740,2024-06-20,A,26.0,0.0,85762,D,,,,,,
1535527,2024-06-20,CRWD,SULLIVAN GODFREY,isDirector,0001415889-24-017743,2024-06-18,A,641.0,0.0,26265,D,,,,,,
1535527,2024-06-20,CRWD,Flower Johanna,isDirector,0001415889-24-017740,2024-06-18,A,641.0,0.0,85736,D,,,,,,
1535527,2024-06-20,CRWD,OLEARY DENIS,,0000950103-24-008605,2024-06-10,S,2650.0,381.45,22346,I,,,,,,
1535527,2024-06-20,CRWD,OLEARY DENIS,,0000950103-24-008605,2024-04-22,G,3471.0,,28467,I,,,,,,
1535527,2024-06-20,CRWD,Schumacher Laura J,isDirector,0001415889-24-017742,2024-06-18,A,641.0,0.0,8419,D,,,,,,
1535527,2024-06-20,CRWD,GANDHI SAMEER K,isDirector,0001415889-24-017741,2024-06-18,A,641.0,0.0,6747,D,,,,,,
1535527,2024-06-20,CRWD,AUSTIN ROXANNE S,isDirector,0001415889-24-017738,2024-06-18,A,641.0,0.0,18297,D,,,,,,
1535527,2024-06-20,CRWD,OLEARY DENIS,isDirector,0001415889-24-017744,2024-06-20,A,32.0,0.0,6636,D,,,,,,
1535527,2024-06-25,CRWD,Podbere Burt W.,isOfficer,0001415889-24-018168,2024-06-21,S,14.0,373.8,308790,D,,,,,,
1535527,2024-06-25,CRWD,Kurtz George,"isDirector,isOfficer",0001415889-24-018169,2024-06-21,C,37382.0,,1183430,D,,,,,,
1535527,2024-06-25,CRWD,Sentonas Michael,isOfficer,0001415889-24-018170,2024-06-21,S,10735.0,380.63,411166,D,,,,,,
1535527,2024-06-25,CRWD,Kurtz George,"isDirector,isOfficer",0001415889-24-018169,2024-06-21,S,1800.0,371.77,1181630,D,,,,,,
1535527,2024-06-25,CRWD,Henry Shawn,isOfficer,0001415889-24-018167,2024-06-24,S,776.0,375.43,194392,D,,,,,,
1535527,2024-06-25,CRWD,Henry Shawn,isOfficer,0001415889-24-018167,2024-06-21,S,5504.0,380.63,195168,D,,,,,,
1535527,2024-06-25,CRWD,Saha Anurag,isOfficer,0001415889-24-018178,2024-06-21,S,1662.0,380.63,40645,D,,,,,,
1535527,2024-06-28,CRWD,AUSTIN ROXANNE S,isDirector,0001415889-24-018479,2024-06-27,C,10000.0,,28297,D,,,,,,
1535527,2024-06-28,CRWD,AUSTIN ROXANNE S,isDirector,0001415889-24-018479,2024-06-27,S,10000.0,390.01,18297,D,,,,,,
1535527,2024-07-02,CRWD,AUSTIN ROXANNE S,isDirector,0001415889-24-019053,2024-06-28,S,5000.0,391.01,18297,D,,,,,,
1535527,2024-07-02,CRWD,GANDHI SAMEER K,isDirector,0001415889-24-019055,2024-07-01,S,5297.0,378.32,833937,I,,,,,,
1535527,2024-07-02,CRWD,AUSTIN ROXANNE S,isDirector,0001415889-24-019053,2024-06-28,C,5000.0,,23297,D,,,,,,
1535527,2024-07-16,CRWD,Henry Shawn,isOfficer,0001415889-24-019612,2024-07-15,S,4000.0,371.32,183091,D,,,,,,
1535527,2024-07-16,CRWD,Kurtz George,"isDirector,isOfficer",0001415889-24-019605,2024-07-12,C,60000.0,,60000,I,,,,,,
1535527,2024-07-16,CRWD,Kurtz George,"isDirector,isOfficer",0001415889-24-019605,2024-07-12,G,60000.0,,0,I,,,,,,
1535527,2024-08-16,CRWD,Henry Shawn,,0000950103-24-012354,2024-08-15,S,4000.0,260.0,179091,D,,,,,,
1535527,2024-09-17,CRWD,Henry Shawn,isOfficer,0001415889-24-023553,2024-09-16,S,300.0,260.1134,178791,D,,,,,,
1535527,2024-09-23,CRWD,GANDHI SAMEER K,isDirector,0001415889-24-023847,2024-09-20,A,48.0,0.0,6833,D,,,,,,
1535527,2024-09-23,CRWD,OLEARY DENIS,isDirector,0001415889-24-023850,2024-09-20,A,40.0,0.0,6676,D,,,,,,
1535527,2024-09-23,CRWD,Flower Johanna,isDirector,0001415889-24-023849,2024-09-20,A,33.0,0.0,85795,D,,,,,,
1535527,2024-09-23,CRWD,DAVIS CARY,isDirector,0001415889-24-023851,2024-09-20,A,44.0,0.0,20872,D,,,,,,
1535527,2024-09-23,CRWD,Watzinger Gerhard,isDirector,0001415889-24-023852,2024-09-20,A,88.0,0.0,7133,D,,,,,,
1535527,2024-09-23,CRWD,Schumacher Laura J,isDirector,0001415889-24-023848,2024-09-20,A,38.0,0.0,8486,D,,,,,,
1535527,2024-09-25,CRWD,Sentonas Michael,isOfficer,0001415889-24-023979,2024-09-23,S,10738.0,297.28,400428,D,,,,,,
1535527,2024-09-25,CRWD,Henry Shawn,isOfficer,0001415889-24-023978,2024-09-24,S,1132.0,293.64,167959,D,,,,,,
1535527,2024-09-25,CRWD,Henry Shawn,isOfficer,0001415889-24-023978,2024-09-23,S,5158.0,297.55,169433,D,,,,,,
1535527,2024-09-25,CRWD,Kurtz George,"isDirector,isOfficer",0001415889-24-023981,2024-09-23,S,4122.0,293.41,1160949,D,,,,,,
1535527,2024-09-25,CRWD,Saha Anurag,isOfficer,0001415889-24-023980,2024-09-23,S,1677.0,297.28,38968,D,,,,,,
1535527,2024-09-25,CRWD,Podbere Burt W.,isOfficer,0001415889-24-023977,2024-09-23,S,9002.0,297.3,288648,D,,,,,,
1535527,2024-09-25,CRWD,Kurtz George,"isDirector,isOfficer",0001415889-24-023981,2024-09-23,C,37228.0,,1165071,D,,,,,,
1535527,2024-09-25,CRWD,Saha Anurag,isOfficer,0001415889-24-023980,2024-09-24,S,1606.0,289.45,37356,D,,,,,,
1535527,2024-10-10,CRWD,Saha Anurag,isOfficer,0001415889-24-024987,2024-10-08,A,5566.0,0.0,42922,D,,,,,,
1535527,2024-10-11,CRWD,Henry Shawn,isOfficer,0001415889-24-025046,2024-10-09,G,32709.0,0.0,128298,D,,,,,,
1535527,2024-10-11,CRWD,Kurtz George,"isDirector,isOfficer",0001415889-24-025066,2024-10-10,G,365470.0,0.0,0,I,,,,,,
1535527,2024-10-11,CRWD,Kurtz George,"isDirector,isOfficer",0001415889-24-025065,2024-10-10,G,365470.0,0.0,744276,D,,,,,,
1535527,2024-10-15,CRWD,GANDHI SAMEER K,isDirector,0001415889-24-025152,2024-10-11,S,6249.0,320.38,821767,I,,,,,,
1535527,2024-10-16,CRWD,Henry Shawn,isOfficer,0001415889-24-025236,2024-10-15,S,4000.0,309.38,124298,D,,,,,,
1535527,2024-11-08,CRWD,GANDHI SAMEER K,isDirector,0001415889-24-026482,2024-11-07,S,144.0,321.52,816586,I,,,,,,
1535527,2024-11-08,CRWD,GANDHI SAMEER K,isDirector,0001415889-24-026482,2024-11-06,S,4191.0,320.2,817575,I,,,,,,
1535527,2024-11-15,CRWD,Henry Shawn,isOfficer,0001415889-24-027007,2024-11-15,S,4000.0,340.44,120298,D,,,,,,
1535527,2024-12-02,CRWD,Watzinger Gerhard,isDirector,0001415889-24-028029,2024-11-29,C,30000.0,,72391,I,,,,,,
1535527,2024-12-02,CRWD,Watzinger Gerhard,isDirector,0001415889-24-028029,2024-11-29,S,9109.0,347.49,63282,I,,,,,,
1535527,2024-12-04,CRWD,GANDHI SAMEER K,isDirector,0001415889-24-028324,2024-12-03,S,230.0,345.25,815286,I,,,,,,
1535527,2024-12-06,CRWD,OLEARY DENIS,,0000950103-24-017405,2024-12-04,C,4500.0,,4500,I,,,,,,
1535527,2024-12-06,CRWD,OLEARY DENIS,,0000950103-24-017405,2024-12-04,S,4500.0,362.74,0,I,,,,,,
1535527,2024-12-13,CRWD,Watzinger Gerhard,isDirector,0001415889-24-029390,2024-12-11,C,30500.0,,72891,I,,,,,,
1535527,2024-12-13,CRWD,OLEARY DENIS,isDirector,0001415889-24-029387,2024-12-11,C,23893.0,,30569,D,,,,,,
1535527,2024-12-13,CRWD,Kurtz George,"isDirector,isOfficer",0001415889-24-029384,2024-12-11,G,1001000.0,,0,I,,,,,,
1535527,2024-12-13,CRWD,Podbere Burt W.,isOfficer,0001415889-24-029386,2024-12-11,C,15456.0,,301928,D,,,,,,
1535527,2024-12-13,CRWD,SULLIVAN GODFREY,isDirector,0001415889-24-029389,2024-12-11,C,40000.0,,66265,D,,,,,,
1535527,2024-12-13,CRWD,Kurtz George,"isDirector,isOfficer",0001415889-24-029384,2024-12-11,C,1001000.0,,1001000,I,,,,,,
1535527,2024-12-16,CRWD,Henry Shawn,isOfficer,0001415889-24-029506,2024-12-16,S,887.0,366.22,119411,D,,,,,,
1535527,2024-12-18,CRWD,AUSTIN ROXANNE S,isDirector,0001415889-24-029791,2024-12-16,M,5000.0,0.0,23297,D,,,,,,
1535527,2024-12-18,CRWD,AUSTIN ROXANNE S,isDirector,0001415889-24-029791,2024-12-16,S,5000.0,387.01,18297,D,,,,,,
1535527,2024-12-23,CRWD,DAVIS CARY,isDirector,0001415889-24-030111,2024-12-20,A,41.0,0.0,20913,D,,,,,,
1535527,2024-12-23,CRWD,Watzinger Gerhard,isDirector,0001415889-24-030110,2024-12-20,A,74.0,0.0,7207,D,,,,,,
1535527,2024-12-23,CRWD,Schumacher Laura J,isDirector,0001415889-24-030114,2024-12-20,A,34.0,0.0,8520,D,,,,,,
1535527,2024-12-23,CRWD,OLEARY DENIS,isDirector,0001415889-24-030112,2024-12-20,A,31.0,0.0,30600,D,,,,,,
1535527,2024-12-23,CRWD,Flower Johanna,isDirector,0001415889-24-030113,2024-12-20,A,27.0,0.0,85822,D,,,,,,
1535527,2024-12-26,CRWD,Henry Shawn,isOfficer,0001415889-24-030174,2024-12-23,S,5505.0,358.47,110293,D,,,,,,
1535527,2024-12-26,CRWD,Saha Anurag,isOfficer,0001415889-24-030175,2024-12-23,S,7.0,356.7,42915,D,,,,,,
1535527,2024-12-26,CRWD,Podbere Burt W.,isOfficer,0001415889-24-030178,2024-12-23,S,1500.0,356.91,300428,D,,,,,,
1535527,2024-12-26,CRWD,Sentonas Michael,isOfficer,0001415889-24-030176,2024-12-23,S,16.0,357.09,400374,D,,,,,,
1535527,2024-12-26,CRWD,Henry Shawn,isOfficer,0001415889-24-030174,2024-12-24,S,8079.0,361.06,102214,D,,,,,,
1535527,2024-12-26,CRWD,Kurtz George,"isDirector,isOfficer",0001415889-24-030177,2024-12-23,S,500.0,355.39,2177506,D,,,,,,
1535527,2024-12-26,CRWD,Saha Anurag,isOfficer,0001415889-24-030175,2024-12-26,S,2858.0,364.29,38201,D,,,,,,
1535527,2024-12-30,CRWD,GANDHI SAMEER K,isDirector,0001415889-24-030251,2024-12-20,A,34.0,0.0,6867,D,,,,,,
1535527,2024-12-30,CRWD,Podbere Burt W.,isOfficer,0001415889-24-030249,2024-12-26,G,30000.0,0.0,260711,D,,,,,,
1535527,2025-01-03,CRWD,GANDHI SAMEER K,isDirector,0001415889-25-000667,2025-01-02,S,658.0,342.13,817434,I,,,,,,
1535527,2025-01-10,CRWD,Kurtz George,"isDirector,isOfficer",0001415889-25-001333,2025-01-08,G,500000.0,0.0,1021038,I,,,,,,
1535527,2025-01-14,CRWD,SULLIVAN GODFREY,isDirector,0001415889-25-001456,2025-01-13,G,40000.0,0.0,26265,D,,,,,,
1535527,2025-01-16,CRWD,Henry Shawn,isOfficer,0001415889-25-001584,2025-01-15,S,1129.0,354.28,101085,D,,,,,,
1535527,2025-02-06,CRWD,GANDHI SAMEER K,,0000950103-25-001724,2025-02-05,S,240.0,405.87,811602,I,,,,,,
1535527,2025-02-11,CRWD,GANDHI SAMEER K,isDirector,0001415889-25-003622,2025-02-07,S,1592.0,425.56,804000,I,,,,,,
1535527,2025-02-11,CRWD,GANDHI SAMEER K,isDirector,0001415889-25-003622,2025-02-10,S,2694.0,426.25,795018,I,,,,,,
1535527,2025-02-18,CRWD,Saha Anurag,isOfficer,0001415889-25-004533,2024-06-25,S,540.0,384.265,37661,D,,,,,,
1535527,2025-02-19,CRWD,Henry Shawn,isOfficer,0001415889-25-004764,2025-02-18,S,700.0,448.83,97514,D,,,,,,
1535527,2025-03-03,CRWD,Sentonas Michael,isOfficer,0001415889-25-006268,2025-02-28,A,29262.0,0.0,418851,D,,,,,,
1535527,2025-03-03,CRWD,Podbere Burt W.,isOfficer,0001415889-25-006269,2025-02-28,A,17557.0,0.0,258268,D,,,,,,
1535527,2025-03-03,CRWD,Kurtz George,"isDirector,isOfficer",0001415889-25-006267,2025-02-28,A,40966.0,0.0,2200901,D,,,,,,
1535527,2025-03-04,CRWD,GANDHI SAMEER K,isDirector,0001415889-25-006737,2025-03-03,S,83.0,379.15,780509,I,,,,,,
1535527,2025-03-17,CRWD,Henry Shawn,isOfficer,0001415889-25-008255,2025-03-17,S,4500.0,353.0,89714,D,,,,,,
1535527,2025-03-21,CRWD,OLEARY DENIS,isDirector,0001415889-25-008814,2025-03-20,A,30.0,0.0,30630,D,,,,,,
1535527,2025-03-21,CRWD,GANDHI SAMEER K,isDirector,0001415889-25-008813,2025-03-20,A,33.0,0.0,6900,D,,,,,,
1535527,2025-03-21,CRWD,Watzinger Gerhard,isDirector,0001415889-25-008811,2025-03-20,A,72.0,0.0,7279,D,,,,,,
1535527,2025-03-21,CRWD,Schumacher Laura J,isDirector,0001415889-25-008816,2025-03-20,A,33.0,0.0,8553,D,,,,,,
1535527,2025-03-21,CRWD,Flower Johanna,isDirector,0001415889-25-008815,2025-03-20,A,27.0,0.0,85849,D,,,,,,
1535527,2025-03-21,CRWD,DAVIS CARY,isDirector,0001415889-25-008812,2025-03-20,A,40.0,0.0,20953,D,,,,,,
1535527,2025-03-25,CRWD,Henry Shawn,isOfficer,0001415889-25-008980,2025-03-24,S,304.0,363.17,84314,D,,,,,,
1535527,2025-03-25,CRWD,Kurtz George,"isDirector,isOfficer",0001415889-25-008982,2025-03-21,S,297.0,357.15,2200604,D,,,,,,
1535527,2025-03-25,CRWD,Sentonas Michael,isOfficer,0001415889-25-008983,2025-03-21,S,194.0,354.12,418657,D,,,,,,
1535527,2025-03-25,CRWD,Saha Anurag,isOfficer,0001415889-25-008984,2025-03-24,S,2141.0,371.79,34024,D,,,,,,
1535527,2025-03-25,CRWD,OLEARY DENIS,isDirector,0001415889-25-008943,2025-03-25,G,26.0,0.0,12818,I,,,,,,
1535527,2025-03-25,CRWD,Henry Shawn,isOfficer,0001415889-25-008980,2025-03-21,S,168.0,354.18,89546,D,,,,,,
1535527,2025-03-25,CRWD,Podbere Burt W.,isOfficer,0001415889-25-008981,2025-03-21,S,29.0,354.29,258239,D,,,,,,
1535527,2025-03-25,CRWD,Saha Anurag,isOfficer,0001415889-25-008984,2025-03-21,S,19.0,353.76,37642,D,,,,,,
1535527,2025-03-25,CRWD,OLEARY DENIS,isDirector,0001415889-25-008943,2025-03-21,G,6250.0,0.0,12844,I,,,,,,
1535527,2025-04-02,CRWD,Kurtz George,"isDirector,isOfficer",0001415889-25-009786,2025-03-31,G,940788.0,0.0,0,I,,,,,,
1535527,2025-04-02,CRWD,Watzinger Gerhard,isDirector,0001415889-25-009781,2025-04-01,S,8590.0,359.43,64301,I,,,,,,
1535527,2025-04-08,CRWD,GANDHI SAMEER K,isDirector,0001415889-25-010425,2025-04-04,S,719.0,321.61,773623,I,,,,,,
1535527,2025-04-10,CRWD,AUSTIN ROXANNE S,isDirector,0001415889-25-010561,2025-04-09,S,5000.0,380.0,18297,D,,,,,,
1535527,2025-04-10,CRWD,AUSTIN ROXANNE S,isDirector,0001415889-25-010561,2025-04-09,M,5000.0,0.0,23297,D,,,,,,
1535527,2025-04-16,CRWD,Watzinger Gerhard,isDirector,0001415889-25-010833,2025-04-14,S,2600.0,378.93,60291,I,,,,,,
1535527,2025-04-16,CRWD,Watzinger Gerhard,isDirector,0001415889-25-010833,2025-04-15,S,5400.0,389.4,54891,I,,,,,,
1535527,2025-04-18,CRWD,Podbere Burt W.,isOfficer,0001415889-25-011036,2025-04-16,A,20914.0,0.0,265653,D,,,,,,
1535527,2025-04-18,CRWD,Sentonas Michael,isOfficer,0001415889-25-011035,2025-04-16,A,41828.0,0.0,447136,D,,,,,,
1535527,2025-04-18,CRWD,Saha Anurag,isOfficer,0001415889-25-011037,2025-04-16,A,11154.0,0.0,45178,D,,,,,,
1535527,2025-04-22,CRWD,Flower Johanna,isDirector,0001415889-25-011178,2025-04-21,S,197.0,356.51,85652,D,,,,,,
1535527,2025-04-25,CRWD,Kurtz George,,0000950103-25-005268,2025-04-23,A,69714.0,0.0,2248166,D,,,,,,
1535527,2025-04-28,CRWD,Watzinger Gerhard,isDirector,0001415889-25-011439,2025-04-24,S,10500.0,409.0,42391,I,,,,,,
1535527,2025-05-02,CRWD,GANDHI SAMEER K,isDirector,0001415889-25-011873,2025-05-01,S,285.0,428.96,767807,I,,,,,,
1535527,2025-05-06,CRWD,Kurtz George,"isDirector,isOfficer",0001415889-25-012191,2025-05-05,S,200.0,436.71,2247966,D,,,,,,
1535527,2025-05-06,CRWD,Podbere Burt W.,isOfficer,0001415889-25-012189,2025-05-05,S,12000.0,436.0,253653,D,,,,,,
1535527,2025-05-06,CRWD,Watzinger Gerhard,isDirector,0001415889-25-012190,2025-05-05,S,10000.0,449.0,49500,I,,,,,,
1535527,2025-05-28,CRWD,Watzinger Gerhard,isDirector,0001415889-25-014767,2025-05-27,S,10000.0,469.0,39500,I,,,,,,
1535527,2025-06-04,CRWD,GANDHI SAMEER K,isDirector,0001415889-25-015683,2025-06-03,S,28.0,478.06,761814,I,,,,,,
1535527,2025-06-04,CRWD,Watzinger Gerhard,isDirector,0001415889-25-015682,2025-06-03,S,10000.0,489.0,29500,I,,,,,,
1535527,2025-06-10,CRWD,OLEARY DENIS,isDirector,0001415889-25-016563,2025-06-09,S,1930.0,468.59,16016,I,,,,,,
1535527,2025-06-10,CRWD,AUSTIN ROXANNE S,isDirector,0001415889-25-016567,2025-06-09,S,7188.0,470.2,18297,D,,,,,,
1535527,2025-06-10,CRWD,AUSTIN ROXANNE S,isDirector,0001415889-25-016567,2025-06-09,M,7188.0,0.0,25485,D,,,,,,
1535527,2025-06-11,CRWD,AUSTIN ROXANNE S,isDirector,0001415889-25-016742,2025-06-11,M,10000.0,0.0,28297,D,,,,,,
1535527,2025-06-11,CRWD,Sentonas Michael,isOfficer,0001415889-25-016743,2025-06-11,S,25000.0,477.0,422204,D,,,,,,
1535527,2025-06-11,CRWD,AUSTIN ROXANNE S,isDirector,0001415889-25-016742,2025-06-11,S,10000.0,475.0,18297,D,,,,,,
1535527,2025-06-13,CRWD,AUSTIN ROXANNE S,,0000950103-25-007422,2025-06-12,M,5000.0,0.0,23297,D,,,,,,
1535527,2025-06-13,CRWD,AUSTIN ROXANNE S,,0000950103-25-007422,2025-06-12,S,5000.0,485.0,18297,D,,,,,,
1535527,2025-06-23,CRWD,DAVIS CARY,isDirector,0001415889-25-018008,2025-06-20,A,31.0,0.0,21545,D,,,,,,
1535527,2025-06-23,CRWD,Schumacher Laura J,isDirector,0001415889-25-018012,2025-06-18,A,561.0,0.0,9114,D,,,,,,
1535527,2025-06-23,CRWD,GANDHI SAMEER K,isDirector,0001415889-25-018010,2025-06-20,A,26.0,0.0,7487,D,,,,,,
1535527,2025-06-23,CRWD,GANDHI SAMEER K,isDirector,0001415889-25-018010,2025-06-18,A,561.0,0.0,7461,D,,,,,,
1535527,2025-06-23,CRWD,SULLIVAN GODFREY,isDirector,0001415889-25-018006,2025-06-18,A,561.0,0.0,26826,D,,,,,,
1535527,2025-06-23,CRWD,DAVIS CARY,isDirector,0001415889-25-018008,2025-06-18,A,561.0,0.0,21514,D,,,,,,
1535527,2025-06-23,CRWD,OLEARY DENIS,isDirector,0001415889-25-018011,2025-06-20,A,23.0,0.0,37490,D,,,,,,
1535527,2025-06-23,CRWD,Watzinger Gerhard,isDirector,0001415889-25-018007,2025-06-20,A,56.0,0.0,7896,D,,,,,,
1535527,2025-06-23,CRWD,Flower Johanna,isDirector,0001415889-25-018009,2025-06-20,A,20.0,0.0,83456,D,,,,,,
1535527,2025-06-23,CRWD,Schumacher Laura J,isDirector,0001415889-25-018012,2025-06-20,A,26.0,0.0,9140,D,,,,,,
1535527,2025-06-23,CRWD,Watzinger Gerhard,isDirector,0001415889-25-018007,2025-06-18,A,561.0,0.0,7840,D,,,,,,
1535527,2025-06-23,CRWD,AUSTIN ROXANNE S,isDirector,0001415889-25-018005,2025-06-18,A,561.0,0.0,18858,D,,,,,,
1535527,2025-06-23,CRWD,OLEARY DENIS,isDirector,0001415889-25-018011,2025-06-18,A,561.0,0.0,37467,D,,,,,,
1535527,2025-06-23,CRWD,Flower Johanna,isDirector,0001415889-25-018009,2025-06-18,A,561.0,0.0,83436,D,,,,,,
1535527,2025-06-25,CRWD,Saha Anurag,isOfficer,0001415889-25-018246,2025-06-24,S,1768.0,491.77,41251,D,,,,,,
1535527,2025-06-25,CRWD,Saha Anurag,isOfficer,0001415889-25-018246,2025-06-23,S,3.0,464.92,45243,D,,,,,,
1535527,2025-06-25,CRWD,Podbere Burt W.,isOfficer,0001415889-25-018244,2025-06-23,S,290.0,461.77,249432,D,,,,,,
1535527,2025-06-25,CRWD,Sentonas Michael,isOfficer,0001415889-25-018245,2025-06-23,S,14.0,465.41,422190,D,,,,,,
1535527,2025-06-25,CRWD,Kurtz George,"isDirector,isOfficer",0001415889-25-018243,2025-06-23,S,100.0,462.5,2192579,D,,,,,,
1535527,2025-06-27,CRWD,SULLIVAN GODFREY,isDirector,0001415889-25-018464,2025-06-25,G,641.0,0.0,26185,D,,,,,,
1535527,2025-06-27,CRWD,Podbere Burt W.,isOfficer,0001415889-25-018463,2025-06-25,G,578.0,0.0,20502,I,,,,,,
1535527,2025-06-27,CRWD,AUSTIN ROXANNE S,isDirector,0001415889-25-018462,2025-06-25,M,15000.0,0.0,33858,D,,,,,,
1535527,2025-06-27,CRWD,AUSTIN ROXANNE S,isDirector,0001415889-25-018462,2025-06-25,S,5000.0,495.0,28858,D,,,,,,
1535527,2025-07-02,CRWD,AUSTIN ROXANNE S,isDirector,0001415889-25-019168,2025-07-01,S,4447.0,510.0,23858,D,,,,,,
1535527,2025-07-02,CRWD,AUSTIN ROXANNE S,isDirector,0001415889-25-019168,2025-07-01,M,9447.0,0.0,28305,D,,,,,,
1535527,2025-07-02,CRWD,AUSTIN ROXANNE S,isDirector,0001415889-25-019168,2025-06-30,M,553.0,0.0,19411,D,,,,,,
1535527,2025-07-02,CRWD,AUSTIN ROXANNE S,isDirector,0001415889-25-019168,2025-06-30,S,553.0,510.0,18858,D,,,,,,
1535527,2025-07-08,CRWD,GANDHI SAMEER K,isDirector,0001415889-25-019551,2025-07-03,S,70.0,501.32,787191,I,,,,,,
1535527,2025-07-16,CRWD,Flower Johanna,isDirector,0001415889-25-019883,2025-07-15,S,270.0,471.37,83186,D,,,,,,
1535527,2025-08-05,CRWD,GANDHI SAMEER K,isDirector,0001415889-25-021131,2025-08-01,S,151.0,439.61,780860,I,,,,,,
1535527,2025-08-06,CRWD,Podbere Burt W.,,0000950103-25-010009,2025-08-05,S,1400.0,453.69,241613,D,,,,,,
1535527,2025-08-06,CRWD,Kurtz George,,0000950103-25-010008,2025-08-05,S,1500.0,439.38,2173654,D,,,,,,
1535527,2025-09-08,CRWD,GANDHI SAMEER K,isDirector,0001415889-25-023925,2025-09-04,S,162.0,403.3,774599,I,,,,,,
1535527,2025-09-23,CRWD,Watzinger Gerhard,isDirector,0001445832-25-000007,2025-09-19,A,55.0,0.0,7951,D,,,,,,
1535527,2025-09-23,CRWD,Flower Johanna,isDirector,0001872303-25-000005,2025-09-19,A,21.0,0.0,81404,D,,,,,,
1535527,2025-09-23,CRWD,Schumacher Laura J,isDirector,0001319245-25-000006,2025-09-19,A,27.0,0.0,9167,D,,,,,,
1535527,2025-09-23,CRWD,DAVIS CARY,isDirector,0001220632-25-000005,2025-09-19,A,31.0,0.0,21576,D,,,,,,
1535527,2025-09-23,CRWD,OLEARY DENIS,isDirector,0001253512-25-000006,2025-09-19,A,24.0,0.0,37514,D,,,,,,
1535527,2025-09-23,CRWD,GANDHI SAMEER K,isDirector,0001201326-25-000003,2025-09-19,A,26.0,0.0,7513,D,,,,,,
1535527,2025-09-24,CRWD,Kurtz George,"isDirector,isOfficer",0001778564-25-000004,2025-09-22,S,300.0,488.08,2132587,D,,,,,,
1535527,2025-09-24,CRWD,Sentonas Michael,isOfficer,0001968270-25-000004,2025-09-22,S,70.0,493.84,410607,D,,,,,,
1535527,2025-09-24,CRWD,Saha Anurag,isOfficer,0001921602-25-000005,2025-09-24,S,1762.0,482.41,37255,D,,,,,,
1535527,2025-09-24,CRWD,Podbere Burt W.,isOfficer,0001778610-25-000005,2025-09-22,S,3479.0,492.98,227651,D,,,,,,
1535527,2025-09-24,CRWD,Saha Anurag,isOfficer,0001921602-25-000005,2025-09-22,S,18.0,493.85,41233,D,,,,,,
1535527,2025-09-29,CRWD,Saha Anurag,isOfficer,0001921602-25-000007,2025-09-25,A,9317.0,0.0,46572,D,,,,,,
1535527,2025-10-03,CRWD,Sentonas Michael,isOfficer,0001968270-25-000006,2025-10-01,S,20000.0,500.0,379116,D,,,,,,
1535527,2025-10-10,CRWD,Sentonas Michael,isOfficer,0001968270-25-000009,2025-10-08,S,15000.0,505.0,364116,D,,,,,,
1535527,2025-10-10,CRWD,Sentonas Michael,isOfficer,0001968270-25-000009,2025-10-10,S,10000.0,515.0,354116,D,,,,,,
1535527,2025-10-17,CRWD,Flower Johanna,isDirector,0001872303-25-000007,2025-10-15,S,8.0,485.33,81396,D,,,,,,
1535527,2025-10-28,CRWD,GANDHI SAMEER K,isDirector,0001201326-25-000007,2025-10-24,S,538.0,525.38,774918,I,,,,,,
1535527,2025-11-04,CRWD,GANDHI SAMEER K,isDirector,0001201326-25-000009,2025-11-03,S,288.0,545.89,770168,I,,,,,,
1535527,2025-11-04,CRWD,Podbere Burt W.,isOfficer,0001778610-25-000007,2025-11-03,S,428.0,548.43,219996,D,,,,,,
1535527,2025-11-04,CRWD,Kurtz George,"isDirector,isOfficer",0001778564-25-000006,2025-11-03,S,200.0,545.95,2114857,D,,,,,,
1535527,2025-12-05,CRWD,SULLIVAN GODFREY,isDirector,0001233412-25-000005,2025-12-04,G,5000.0,0.0,90641,I,,,,,,
1535527,2025-12-08,CRWD,OLEARY DENIS,isDirector,0001253512-25-000008,2025-12-05,S,3397.0,515.31,11294,I,,,,,,
1535527,2025-12-08,CRWD,Podbere Burt W.,isOfficer,0001778610-25-000009,2025-12-05,G,22000.0,0.0,196467,D,,,,,,
1535527,2025-12-09,CRWD,GANDHI SAMEER K,isDirector,0001201326-25-000011,2025-12-05,S,514.0,525.39,764942,I,,,,,,
1535527,2025-12-11,CRWD,GANDHI SAMEER K,isDirector,0001201326-25-000013,2025-12-09,S,150.0,525.63,764756,I,,,,,,
1535527,2025-12-12,CRWD,GANDHI SAMEER K,isDirector,0001201326-25-000015,2025-12-11,S,12.0,525.72,763015,I,,,,,,
1535527,2025-12-12,CRWD,Podbere Burt W.,isOfficer,0001778610-25-000012,2025-12-10,G,1688.0,0.0,29500,I,,,,,,
1535527,2025-12-19,CRWD,Saha Anurag,isOfficer,0001921602-25-000009,2025-12-18,G,480.0,0.0,46092,D,,,,,,
1535527,2025-12-22,CRWD,Schumacher Laura J,isDirector,0001319245-25-000008,2025-12-19,A,33.0,0.0,9200,D,,,,,,
1535527,2025-12-22,CRWD,DAVIS CARY,isDirector,0001220632-25-000007,2025-12-19,A,37.0,0.0,21613,D,,,,,,
1535527,2025-12-22,CRWD,OLEARY DENIS,isDirector,0001253512-25-000010,2025-12-19,A,29.0,0.0,37543,D,,,,,,
1535527,2025-12-22,CRWD,Watzinger Gerhard,isDirector,0001445832-25-000009,2025-12-19,A,61.0,0.0,8012,D,,,,,,
1535527,2025-12-22,CRWD,Flower Johanna,isDirector,0001872303-25-000009,2025-12-19,A,25.0,0.0,79082,D,,,,,,
1535527,2025-12-22,CRWD,GANDHI SAMEER K,isDirector,0001201326-25-000017,2025-12-19,A,31.0,0.0,7544,D,,,,,,
1535527,2025-12-23,CRWD,Podbere Burt W.,isOfficer,0001778610-25-000014,2025-12-22,S,10316.0,483.32,179314,D,,,,,,
1535527,2025-12-23,CRWD,Saha Anurag,isOfficer,0001921602-25-000011,2025-12-22,S,1530.0,479.78,44562,D,,,,,,
1535527,2025-12-23,CRWD,Sentonas Michael,isOfficer,0001968270-25-000011,2025-12-22,S,11461.0,479.78,342655,D,,,,,,
1535527,2025-12-23,CRWD,Kurtz George,"isDirector,isOfficer",0001778564-25-000008,2025-12-22,S,80.0,475.57,2108002,D,,,,,,
1535527,2025-12-29,CRWD,Saha Anurag,isOfficer,0001921602-25-000013,2025-12-24,S,836.0,476.83,43726,D,,,,,,
1535527,2026-01-16,CRWD,Flower Johanna,isDirector,0001872303-26-000002,2026-01-15,S,240.0,450.72,78842,D,,,,,,
1535527,2026-02-03,CRWD,Podbere Burt W.,isOfficer,0001778610-26-000002,2026-02-02,S,1356.0,438.14,177758,D,,,,,,
1535527,2026-02-03,CRWD,Kurtz George,"isDirector,isOfficer",0001778564-26-000002,2026-02-02,S,3245.0,435.52,2087287,D,,,,,,
1535527,2026-02-05,CRWD,Podbere Burt W.,isOfficer,0001778610-26-000004,2026-02-04,S,1670.0,413.42,175814,D,,,,,,
1535527,2026-02-05,CRWD,Kurtz George,"isDirector,isOfficer",0001778564-26-000004,2026-02-04,S,210.0,402.55,2083545,D,,,,,,
1535527,2026-03-10,CRWD,Sentonas Michael,isOfficer,0001968270-26-000003,2026-03-06,A,83656.0,0.0,426311,D,,,,,,
1535527,2026-03-10,CRWD,Kurtz George,"isDirector,isOfficer",0001778564-26-000007,2026-03-06,A,139428.0,0.0,2194330,D,,,,,,
1535527,2026-03-10,CRWD,Podbere Burt W.,isOfficer,0001778610-26-000007,2026-03-06,A,41828.0,0.0,211441,D,,,,,,
1535527,2026-03-16,CRWD,SULLIVAN GODFREY,isDirector,0001233412-26-000002,2026-03-13,G,5000.0,0.0,85641,I,,,,,,
1535527,2026-03-23,CRWD,DAVIS CARY,isDirector,0001220632-26-000002,2026-03-20,A,43.0,0.0,21656,D,,,,,,
1535527,2026-03-23,CRWD,OLEARY DENIS,isDirector,0001253512-26-000002,2026-03-20,A,34.0,0.0,37577,D,,,,,,
1535527,2026-03-23,CRWD,Watzinger Gerhard,isDirector,0001445832-26-000002,2026-03-20,A,72.0,0.0,8084,D,,,,,,
1535527,2026-03-23,CRWD,GANDHI SAMEER K,isDirector,0001201326-26-000004,2026-03-20,A,36.0,0.0,7580,D,,,,,,
1535527,2026-03-23,CRWD,Schumacher Laura J,isDirector,0001319245-26-000008,2026-03-20,A,39.0,0.0,9239,D,,,,,,
1535527,2026-03-23,CRWD,Flower Johanna,isDirector,0001872303-26-000004,2026-03-20,A,30.0,0.0,76112,D,,,,,,
1535527,2026-03-24,CRWD,Podbere Burt W.,isOfficer,0001778610-26-000009,2026-03-23,S,6582.0,409.42,204859,D,,,,,,
1535527,2026-03-24,CRWD,Saha Anurag,isOfficer,0001921602-26-000002,2026-03-23,S,1138.0,411.06,42588,D,,,,,,
1535527,2026-03-24,CRWD,Kurtz George,"isDirector,isOfficer",0001778564-26-000009,2026-03-23,S,30.0,407.81,2194300,D,,,,,,
1535527,2026-03-24,CRWD,Sentonas Michael,isOfficer,0001968270-26-000005,2026-03-23,S,19367.0,411.06,406944,D,,,,,,
1535527,2026-03-27,CRWD,Podbere Burt W.,isOfficer,0001778610-26-000011,2026-03-26,G,12624.0,0.0,182899,D,,,,,,
1535527,2026-03-27,CRWD,OLEARY DENIS,isDirector,0001253512-26-000005,2026-03-25,G,6967.0,0.0,5851,I,,,,,,
1535527,2026-04-20,CRWD,Saha Anurag,isOfficer,0001921602-26-000004,2026-04-16,A,7260.0,0.0,49848,D,,,,,,
1535527,2026-04-20,CRWD,Sentonas Michael,isOfficer,0001968270-26-000007,2026-04-16,A,36304.0,0.0,443248,D,,,,,,
1535527,2026-04-20,CRWD,Kurtz George,"isDirector,isOfficer",0001778564-26-000012,2026-04-16,A,66558.0,0.0,2228973,D,,,,,,
1535527,2026-04-20,CRWD,Saha Anurag,isOfficer,0001921602-26-000004,2026-04-17,S,3157.0,428.78,56372,D,,,,,,
1535527,2026-04-21,CRWD,Kurtz George,"isDirector,isOfficer",0001778564-26-000014,2026-04-17,S,10.0,420.74,2228963,D,,,,,,
1535527,2026-04-21,CRWD,Kurtz George,"isDirector,isOfficer",0001778564-26-000014,2026-04-20,S,16.0,418.32,2226457,D,,,,,,
1535527,2026-04-23,CRWD,Kurtz George,"isDirector,isOfficer",0001778564-26-000019,2026-04-22,S,207.0,463.92,2219605,D,,,,,,
1535527,2026-04-23,CRWD,Kurtz George,"isDirector,isOfficer",0001778564-26-000019,2026-04-22,S,207.0,463.92,2219605,D,non_derivative,Class A common stock,,,,
1535527,2026-04-23,CRWD,Kurtz George,"isDirector,isOfficer",0001778564-26-000018,2026-04-21,S,18.0,437.63,2223955,D,,,,,,
1535527,2026-04-23,CRWD,Kurtz George,"isDirector,isOfficer",0001778564-26-000018,2026-04-21,S,18.0,437.63,2223955,D,non_derivative,Class A common stock,,,,
1535527,2026-04-23,CRWD,Kurtz George,"isDirector,isOfficer",0001778564-26-000018,2026-04-22,S,43.0,453.53,2221430,D,non_derivative,Class A common stock,,,,
1535527,2026-04-23,CRWD,Kurtz George,"isDirector,isOfficer",0001778564-26-000018,2026-04-22,S,43.0,453.53,2221430,D,,,,,,
1535527,2026-04-27,CRWD,Kurtz George,"isDirector,isOfficer",0001778564-26-000024,2026-04-23,S,9.0,436.83,2218964,D,non_derivative,Class A common stock,,,,
1535527,2026-04-27,CRWD,Kurtz George,"isDirector,isOfficer",0001778564-26-000025,2026-04-24,S,312.0,448.85,2214243,D,non_derivative,Class A common stock,,,,
1535527,2026-04-27,CRWD,Kurtz George,"isDirector,isOfficer",0001778564-26-000024,2026-04-23,S,9.0,436.83,2218964,D,,,,,,
1535527,2026-04-27,CRWD,Kurtz George,"isDirector,isOfficer",0001778564-26-000024,2026-04-24,S,51.0,436.6,2216422,D,,,,,,
1535527,2026-04-27,CRWD,Kurtz George,"isDirector,isOfficer",0001778564-26-000025,2026-04-24,S,312.0,448.85,2214243,D,,,,,,
1535527,2026-04-27,CRWD,Kurtz George,"isDirector,isOfficer",0001778564-26-000024,2026-04-24,S,51.0,436.6,2216422,D,non_derivative,Class A common stock,,,,
1535527,2026-04-29,CRWD,Kurtz George,"isDirector,isOfficer",0001778564-26-000027,2026-04-28,S,196.0,451.13,2211277,D,,,,,,
1535527,2026-04-29,CRWD,Kurtz George,"isDirector,isOfficer",0001778564-26-000027,2026-04-28,S,196.0,451.13,2211277,D,non_derivative,Class A common stock,,,,
1535527,2026-04-29,CRWD,Kurtz George,"isDirector,isOfficer",0001778564-26-000027,2026-04-27,S,19.0,443.54,2213954,D,non_derivative,Class A common stock,,,,
1535527,2026-04-29,CRWD,Kurtz George,"isDirector,isOfficer",0001778564-26-000027,2026-04-27,S,19.0,443.54,2213954,D,,,,,,
1535527,2026-05-01,CRWD,Kurtz George,"isDirector,isOfficer",0001778564-26-000029,2026-04-29,S,52.0,444.78,2208921,D,,,,,,
1535527,2026-05-01,CRWD,Kurtz George,"isDirector,isOfficer",0001778564-26-000029,2026-04-30,S,13.0,432.96,2206460,D,non_derivative,Class A common stock,,,,
1535527,2026-05-01,CRWD,Kurtz George,"isDirector,isOfficer",0001778564-26-000029,2026-04-30,S,13.0,432.96,2206460,D,,,,,,
1535527,2026-05-01,CRWD,Kurtz George,"isDirector,isOfficer",0001778564-26-000029,2026-04-29,S,52.0,444.78,2208921,D,non_derivative,Class A common stock,,,,
1535527,2026-05-05,CRWD,Kurtz George,"isDirector,isOfficer",0001778564-26-000034,2026-05-04,S,220.0,465.86,2194684,D,,,,,,
1535527,2026-05-05,CRWD,Kurtz George,"isDirector,isOfficer",0001778564-26-000033,2026-05-04,S,13.0,455.8,2201460,D,non_derivative,Class A common stock,,,,
1535527,2026-05-05,CRWD,Kurtz George,"isDirector,isOfficer",0001778564-26-000033,2026-05-01,S,78.0,446.71,2203895,D,,,,,,
1535527,2026-05-05,CRWD,Kurtz George,"isDirector,isOfficer",0001778564-26-000033,2026-05-01,S,78.0,446.71,2203895,D,non_derivative,Class A common stock,,,,
1535527,2026-05-05,CRWD,Kurtz George,"isDirector,isOfficer",0001778564-26-000034,2026-05-04,S,220.0,465.86,2194684,D,non_derivative,Class A common stock,,,,
1535527,2026-05-05,CRWD,Podbere Burt W.,isOfficer,0001778610-26-000013,2026-05-04,S,200.0,455.87,182699,D,,,,,,
1535527,2026-05-05,CRWD,Kurtz George,"isDirector,isOfficer",0001778564-26-000033,2026-05-04,S,13.0,455.8,2201460,D,,,,,,
1535527,2026-05-05,CRWD,Podbere Burt W.,isOfficer,0001778610-26-000013,2026-05-04,S,200.0,455.87,182699,D,non_derivative,Class A common stock,,,,
1535527,2026-05-07,CRWD,Kurtz George,"isDirector,isOfficer",0001778564-26-000036,2026-05-05,S,39.0,466.97,2191983,D,,,,,,
1535527,2026-05-07,CRWD,Kurtz George,"isDirector,isOfficer",0001778564-26-000036,2026-05-06,S,58.0,458.83,2189464,D,non_derivative,Class A common stock,,,,
1535527,2026-05-07,CRWD,Kurtz George,"isDirector,isOfficer",0001778564-26-000036,2026-05-05,S,39.0,466.97,2191983,D,non_derivative,Class A common stock,,,,
1535527,2026-05-07,CRWD,Kurtz George,"isDirector,isOfficer",0001778564-26-000036,2026-05-06,S,58.0,458.83,2189464,D,,,,,,
1535527,2026-05-11,CRWD,Sentonas Michael,isOfficer,0001968270-26-000009,2026-05-07,M,5000.0,0.0,448248,D,non_derivative,Class A common stock,,,,
1535527,2026-05-11,CRWD,Kurtz George,"isDirector,isOfficer",0001778564-26-000039,2026-05-07,S,43.0,487.26,2186979,D,non_derivative,Class A common stock,,,,
1535527,2026-05-11,CRWD,Sentonas Michael,isOfficer,0001968270-26-000009,2026-05-07,M,5000.0,0.0,0,D,derivative,Stock Options (Right to Buy),Class A common stock,5000.0,1.665,2026-06-01
1535527,2026-05-11,CRWD,GANDHI SAMEER K,isDirector,0001201326-26-000007,2026-05-08,S,5510.0,525.44,757473,I,,,,,,
1535527,2026-05-11,CRWD,Kurtz George,"isDirector,isOfficer",0001778564-26-000040,2026-05-08,S,65.0,509.72,2183859,D,,,,,,
1535527,2026-05-11,CRWD,Kurtz George,"isDirector,isOfficer",0001778564-26-000039,2026-05-08,S,39.0,493.7,2184483,D,,,,,,
1535527,2026-05-11,CRWD,Kurtz George,"isDirector,isOfficer",0001778564-26-000039,2026-05-08,S,39.0,493.7,2184483,D,non_derivative,Class A common stock,,,,
1535527,2026-05-11,CRWD,Sentonas Michael,isOfficer,0001968270-26-000009,2026-05-07,M,5000.0,0.0,448248,D,,,,,,
1535527,2026-05-11,CRWD,Sentonas Michael,isOfficer,0001968270-26-000009,2026-05-11,S,20000.0,530.0,423248,D,non_derivative,Class A common stock,,,,
1535527,2026-05-11,CRWD,Sentonas Michael,isOfficer,0001968270-26-000009,2026-05-07,S,4980.0,500.0,443268,D,non_derivative,Class A common stock,,,,
1535527,2026-05-11,CRWD,Kurtz George,"isDirector,isOfficer",0001778564-26-000039,2026-05-07,S,43.0,487.26,2186979,D,,,,,,
1535527,2026-05-11,CRWD,Sentonas Michael,isOfficer,0001968270-26-000009,2026-05-07,S,4980.0,500.0,443268,D,,,,,,
1535527,2026-05-11,CRWD,GANDHI SAMEER K,isDirector,0001201326-26-000007,2026-05-08,S,5510.0,525.44,757473,I,non_derivative,Class A common stock,,,,
1535527,2026-05-11,CRWD,Sentonas Michael,isOfficer,0001968270-26-000009,2026-05-11,S,20000.0,530.0,423248,D,,,,,,
1535527,2026-05-11,CRWD,Kurtz George,"isDirector,isOfficer",0001778564-26-000040,2026-05-08,S,65.0,509.72,2183859,D,non_derivative,Class A common stock,,,,
1535527,2026-05-13,CRWD,Sentonas Michael,isOfficer,0001968270-26-000011,2026-05-12,S,10000.0,550.0,393248,D,,,,,,
1535527,2026-05-13,CRWD,Sentonas Michael,isOfficer,0001968270-26-000011,2026-05-12,S,10000.0,550.0,393248,D,non_derivative,Class A common stock,,,,
1535527,2026-05-13,CRWD,Kurtz George,"isDirector,isOfficer",0001778564-26-000043,2026-05-12,S,152.0,535.82,2179370,D,,,,,,
1535527,2026-05-13,CRWD,Kurtz George,"isDirector,isOfficer",0001778564-26-000043,2026-05-11,S,52.0,523.93,2181970,D,,,,,,
1535527,2026-05-13,CRWD,Kurtz George,"isDirector,isOfficer",0001778564-26-000043,2026-05-11,S,52.0,523.93,2181970,D,non_derivative,Class A common stock,,,,
1535527,2026-05-13,CRWD,Kurtz George,"isDirector,isOfficer",0001778564-26-000044,2026-05-12,S,19.0,551.1,2177022,D,,,,,,
1535527,2026-05-13,CRWD,Kurtz George,"isDirector,isOfficer",0001778564-26-000044,2026-05-12,S,19.0,551.1,2177022,D,non_derivative,Class A common stock,,,,
1535527,2026-05-13,CRWD,Kurtz George,"isDirector,isOfficer",0001778564-26-000043,2026-05-12,S,152.0,535.82,2179370,D,non_derivative,Class A common stock,,,,
1535527,2026-05-15,CRWD,Kurtz George,"isDirector,isOfficer",0001778564-26-000048,2026-05-14,S,28.0,556.28,2174494,D,,,,,,
1535527,2026-05-15,CRWD,GANDHI SAMEER K,isDirector,0001201326-26-000009,2026-05-14,S,554.0,575.25,744902,I,,,,,,
1535527,2026-05-15,CRWD,GANDHI SAMEER K,isDirector,0001201326-26-000009,2026-05-14,S,554.0,575.25,744902,I,non_derivative,Class A common stock,,,,
1535527,2026-05-15,CRWD,Kurtz George,"isDirector,isOfficer",0001778564-26-000049,2026-05-14,S,39.0,568.01,2173911,D,non_derivative,Class A common stock,,,,
1535527,2026-05-15,CRWD,Kurtz George,"isDirector,isOfficer",0001778564-26-000048,2026-05-13,S,13.0,538.99,2177009,D,non_derivative,Class A common stock,,,,
1535527,2026-05-15,CRWD,Kurtz George,"isDirector,isOfficer",0001778564-26-000048,2026-05-14,S,28.0,556.28,2174494,D,non_derivative,Class A common stock,,,,
1535527,2026-05-15,CRWD,Kurtz George,"isDirector,isOfficer",0001778564-26-000048,2026-05-13,S,13.0,538.99,2177009,D,,,,,,
1535527,2026-05-15,CRWD,Kurtz George,"isDirector,isOfficer",0001778564-26-000049,2026-05-14,S,39.0,568.01,2173911,D,,,,,,
1535527,2026-05-18,CRWD,Kurtz George,"isDirector,isOfficer",0001778564-26-000051,2026-05-15,S,3.0,562.72,2172019,D,non_derivative,Class A common stock,,,,
1535527,2026-05-18,CRWD,Kurtz George,"isDirector,isOfficer",0001778564-26-000051,2026-05-15,S,3.0,562.72,2172019,D,,,,,,
1535527,2026-05-20,CRWD,GANDHI SAMEER K,isDirector,0001201326-26-000011,2026-05-19,S,862.0,625.53,734594,I,,,,,,
1535527,2026-05-20,CRWD,Kurtz George,"isDirector,isOfficer",0001778564-26-000055,2026-05-19,S,100.0,615.35,2166922,D,non_derivative,Class A common stock,,,,
1535527,2026-05-20,CRWD,Kurtz George,"isDirector,isOfficer",0001778564-26-000056,2026-05-19,S,80.0,630.65,2164602,D,non_derivative,Class A common stock,,,,
1535527,2026-05-20,CRWD,Kurtz George,"isDirector,isOfficer",0001778564-26-000055,2026-05-18,S,40.0,591.55,2169482,D,non_derivative,Class A common stock,,,,
1535527,2026-05-20,CRWD,Kurtz George,"isDirector,isOfficer",0001778564-26-000055,2026-05-18,S,40.0,591.55,2169482,D,,,,,,
1535527,2026-05-20,CRWD,Kurtz George,"isDirector,isOfficer",0001778564-26-000055,2026-05-19,S,100.0,615.35,2166922,D,,,,,,
1535527,2026-05-20,CRWD,GANDHI SAMEER K,isDirector,0001201326-26-000011,2026-05-19,S,862.0,625.53,734594,I,non_derivative,Class A common stock,,,,
1535527,2026-05-20,CRWD,Kurtz George,"isDirector,isOfficer",0001778564-26-000056,2026-05-19,S,80.0,630.65,2164602,D,,,,,,
1535527,2026-05-22,CRWD,GANDHI SAMEER K,,0000950103-26-007650,2026-05-20,S,178.0,625.71,729849,I,non_derivative,Class A common stock,,,,
1535527,2026-05-22,CRWD,Kurtz George,,0000950103-26-007648,2026-05-20,S,40.0,615.99,2164482,D,non_derivative,Class A common stock,,,,
1535527,2026-05-22,CRWD,Kurtz George,,0000950103-26-007648,2026-05-20,S,40.0,615.99,2164482,D,,,,,,
1535527,2026-05-22,CRWD,Kurtz George,,0000950103-26-007648,2026-05-21,S,117.0,643.39,2161905,D,non_derivative,Class A common stock,,,,
1535527,2026-05-22,CRWD,GANDHI SAMEER K,,0000950103-26-007650,2026-05-20,S,178.0,625.71,729849,I,,,,,,
1535527,2026-05-22,CRWD,Kurtz George,,0000950103-26-007648,2026-05-21,S,117.0,643.39,2161905,D,,,,,,
1535527,2026-05-22,CRWD,GANDHI SAMEER K,,0000950103-26-007664,2026-05-20,S,256.0,647.65,718017,I,non_derivative,Class A common stock,,,,
1535527,2026-05-22,CRWD,GANDHI SAMEER K,,0000950103-26-007664,2026-05-20,S,256.0,647.65,718017,I,,,,,,
1535527,2026-05-22,CRWD,Kurtz George,,0000950103-26-007663,2026-05-21,S,156.0,652.21,2159925,D,non_derivative,Class A common stock,,,,
1535527,2026-05-22,CRWD,Kurtz George,,0000950103-26-007663,2026-05-21,S,156.0,652.21,2159925,D,,,,,,
1535527,2026-05-27,CRWD,Kurtz George,"isDirector,isOfficer",0001778564-26-000059,2026-05-26,S,78.0,653.74,2156944,D,non_derivative,Class A common stock,,,,
1535527,2026-05-27,CRWD,Kurtz George,"isDirector,isOfficer",0001778564-26-000060,2026-05-26,S,39.0,676.87,2154522,D,non_derivative,Class A common stock,,,,
1535527,2026-05-27,CRWD,Kurtz George,"isDirector,isOfficer",0001778564-26-000059,2026-05-22,S,80.0,652.15,2159522,D,non_derivative,Class A common stock,,,,
1535527,2026-05-29,CRWD,Kurtz George,"isDirector,isOfficer",0001778564-26-000066,2026-05-27,S,7.0,637.82,2154515,D,non_derivative,Class A common stock,,,,
1535527,2026-05-29,CRWD,Kurtz George,"isDirector,isOfficer",0001778564-26-000066,2026-05-28,S,120.0,644.29,2151902,D,non_derivative,Class A common stock,,,,
1535527,2026-05-29,CRWD,Kurtz George,"isDirector,isOfficer",0001778564-26-000068,2026-05-29,S,91.0,711.43,2148898,D,non_derivative,Class A common stock,,,,
1535527,2026-05-29,CRWD,Kurtz George,"isDirector,isOfficer",0001778564-26-000067,2026-05-29,S,13.0,676.07,2149509,D,non_derivative,Class A common stock,,,,
1535527,2026-05-29,CRWD,Kurtz George,"isDirector,isOfficer",0001778564-26-000067,2026-05-28,S,120.0,661.43,2151062,D,non_derivative,Class A common stock,,,,
1535527,2026-06-03,CRWD,Kurtz George,,0000950103-26-008483,2026-06-02,S,56.0,755.93,2143882,D,non_derivative,Class A common stock,,,,
1535527,2026-06-03,CRWD,GANDHI SAMEER K,,0000950103-26-008484,2026-06-01,S,112.0,767.55,712153,I,non_derivative,Class A common stock,,,,
1535527,2026-06-03,CRWD,Kurtz George,,0000950103-26-008481,2026-06-01,S,40.0,738.05,2146982,D,non_derivative,Class A common stock,,,,
1535527,2026-06-03,CRWD,GANDHI SAMEER K,,0000950103-26-008482,2026-06-01,S,20.0,738.13,715436,I,non_derivative,Class A common stock,,,,
1535527,2026-06-03,CRWD,Kurtz George,,0000950103-26-008481,2026-06-02,S,40.0,784.23,2144522,D,non_derivative,Class A common stock,,,,
1535527,2026-06-05,CRWD,Kurtz George,"isDirector,isOfficer",0001778564-26-000072,2026-06-04,S,80.0,701.25,2138162,D,non_derivative,Class A common stock,,,,
1535527,2026-06-05,CRWD,Kurtz George,"isDirector,isOfficer",0001778564-26-000071,2026-06-03,S,40.0,743.28,2141982,D,non_derivative,Class A common stock,,,,
1535527,2026-06-05,CRWD,Kurtz George,"isDirector,isOfficer",0001778564-26-000071,2026-06-04,S,40.0,672.79,2139482,D,non_derivative,Class A common stock,,,,
1535527,2026-06-09,CRWD,Kurtz George,"isDirector,isOfficer",0001778564-26-000075,2026-06-08,S,394.0,654.34,2134088,D,non_derivative,Class A common stock,,,,
1535527,2026-06-09,CRWD,Kurtz George,"isDirector,isOfficer",0001778564-26-000076,2026-06-08,S,40.0,652.9,2134482,D,non_derivative,Class A common stock,,,,
1535527,2026-06-09,CRWD,Watzinger Gerhard,isDirector,0001445832-26-000005,2026-06-05,S,7500.0,700.0,34891,I,non_derivative,Class A common stock,,,,
1535527,2026-06-09,CRWD,OLEARY DENIS,isDirector,0001253512-26-000007,2026-06-05,S,2801.0,684.18,16781,I,non_derivative,Class A common stock,,,,
1535527,2026-06-09,CRWD,Kurtz George,"isDirector,isOfficer",0001778564-26-000076,2026-06-05,S,17.0,670.88,2137005,D,non_derivative,Class A common stock,,,,
1535527,2026-06-11,CRWD,Kurtz George,"isDirector,isOfficer",0001778564-26-000081,2026-06-10,S,26.0,636.64,2129565,D,non_derivative,Class A common stock,,,,
1535527,2026-06-11,CRWD,Kurtz George,"isDirector,isOfficer",0001778564-26-000080,2026-06-09,S,29.0,619.74,2131993,D,non_derivative,Class A common stock,,,,
1535527,2026-06-11,CRWD,Kurtz George,"isDirector,isOfficer",0001778564-26-000081,2026-06-09,S,42.0,653.94,2129651,D,non_derivative,Class A common stock,,,,
1535527,2026-06-15,CRWD,Kurtz George,"isDirector,isOfficer",0001778564-26-000087,2026-06-11,S,66.0,686.65,2125622,D,non_derivative,Class A common stock,,,,
1535527,2026-06-15,CRWD,Kurtz George,"isDirector,isOfficer",0001778564-26-000086,2026-06-11,S,26.0,643.58,2127065,D,non_derivative,Class A common stock,,,,
1535527,2026-06-15,CRWD,Watzinger Gerhard,isDirector,0001445832-26-000007,2026-06-11,S,2500.0,685.24,32391,I,non_derivative,Class A common stock,,,,
1535527,2026-06-15,CRWD,Kurtz George,"isDirector,isOfficer",0001778564-26-000087,2026-06-12,S,26.0,679.81,2124565,D,non_derivative,Class A common stock,,,,
1535527,2026-06-17,CRWD,Kurtz George,"isDirector,isOfficer",0001778564-26-000090,2026-06-15,S,22.0,669.98,2122069,D,non_derivative,Class A common stock,,,,
1535527,2026-06-17,CRWD,Kurtz George,"isDirector,isOfficer",0001778564-26-000091,2026-06-16,S,336.0,681.03,2118643,D,non_derivative,Class A common stock,,,,
1535527,2026-06-17,CRWD,Kurtz George,"isDirector,isOfficer",0001778564-26-000090,2026-06-16,S,22.0,668.48,2119569,D,non_derivative,Class A common stock,,,,
1535527,2026-06-17,CRWD,Podbere Burt W.,isOfficer,0001778610-26-000016,2026-06-15,G,1890.0,0.0,15043,I,non_derivative,Class A common stock,,,,
1535527,2026-06-22,CRWD,Flower Johanna,isDirector,0001872303-26-000006,2026-06-17,S,402.0,0.0,76514,D,non_derivative,Class A common stock,,,,
1535527,2026-06-22,CRWD,Kurtz George,"isDirector,isOfficer",0001778564-26-000096,2026-06-18,S,301.0,679.0,2113103,D,non_derivative,Class A common stock,,,,
1535527,2026-06-22,CRWD,Watzinger Gerhard,isDirector,0001445832-26-000009,2026-06-18,A,43.0,0.0,8529,D,non_derivative,Class A common stock,,,,
1535527,2026-06-22,CRWD,Schumacher Laura J,isDirector,0001319245-26-000012,2026-06-17,A,402.0,0.0,9641,D,non_derivative,Class A common stock,,,,
1535527,2026-06-22,CRWD,OLEARY DENIS,isDirector,0001253512-26-000009,2026-06-18,A,20.0,0.0,44966,D,non_derivative,Class A common stock,,,,
1535527,2026-06-22,CRWD,DAVIS CARY,isDirector,0001220632-26-000004,2026-06-17,A,402.0,0.0,22058,D,non_derivative,Class A common stock,,,,
1535527,2026-06-22,CRWD,AUSTIN ROXANNE S,isDirector,0001061632-26-000006,2026-06-17,A,402.0,0.0,19260,D,non_derivative,Class A common stock,,,,
1535527,2026-06-22,CRWD,DAVIS CARY,isDirector,0001220632-26-000004,2026-06-18,A,26.0,0.0,22084,D,non_derivative,Class A common stock,,,,
1535527,2026-06-22,CRWD,Schumacher Laura J,isDirector,0001319245-26-000012,2026-06-18,A,23.0,0.0,9664,D,non_derivative,Class A common stock,,,,
1535527,2026-06-22,CRWD,Kurtz George,"isDirector,isOfficer",0001778564-26-000095,2026-06-18,S,54.0,662.89,2114537,D,non_derivative,Class A common stock,,,,
1535527,2026-06-22,CRWD,GANDHI SAMEER K,isDirector,0001201326-26-000013,2026-06-17,A,402.0,0.0,7982,D,non_derivative,Class A common stock,,,,
1535527,2026-06-22,CRWD,Kurtz George,"isDirector,isOfficer",0001778564-26-000095,2026-06-17,S,4.0,671.87,2117087,D,non_derivative,Class A common stock,,,,
1535527,2026-06-22,CRWD,Watzinger Gerhard,isDirector,0001445832-26-000009,2026-06-17,A,402.0,0.0,8486,D,non_derivative,Class A common stock,,,,
1535527,2026-06-22,CRWD,OLEARY DENIS,isDirector,0001253512-26-000009,2026-06-17,A,402.0,0.0,44946,D,non_derivative,Class A common stock,,,,
1535527,2026-06-22,CRWD,Flower Johanna,isDirector,0001872303-26-000006,2026-06-18,A,18.0,0.0,76532,D,non_derivative,Class A common stock,,,,
1535527,2026-06-22,CRWD,GANDHI SAMEER K,isDirector,0001201326-26-000013,2026-06-18,A,21.0,0.0,8003,D,non_derivative,Class A common stock,,,,
1535527,2026-06-23,CRWD,Podbere Burt W.,isOfficer,0001778610-26-000018,2026-06-22,S,1841.0,685.05,182667,D,non_derivative,Class A common stock,,,,
1535527,2026-06-23,CRWD,Kurtz George,"isDirector,isOfficer",0001778564-26-000099,2026-06-22,S,22.0,673.6,2112069,D,non_derivative,Class A common stock,,,,
1535527,2026-06-23,CRWD,Kurtz George,"isDirector,isOfficer",0001778564-26-000100,2026-06-22,S,120.0,704.47,2093488,D,non_derivative,Class A common stock,,,,
1535527,2026-06-23,CRWD,Saha Anurag,isOfficer,0001921602-26-000006,2026-06-22,S,1721.0,684.86,54720,D,non_derivative,Class A Common Stock,,,,
1535527,2026-06-23,CRWD,Sentonas Michael,isOfficer,0001968270-26-000013,2026-06-22,S,12216.0,684.86,381101,D,non_derivative,Class A common stock,,,,
1535527,2026-06-25,CRWD,Kurtz George,"isDirector,isOfficer",0001778564-26-000103,2026-06-24,S,78.0,670.38,2088308,D,non_derivative,Class A common stock,,,,
1535527,2026-06-25,CRWD,Saha Anurag,isOfficer,0001921602-26-000008,2026-06-24,S,1497.0,680.49,53223,D,non_derivative,Class A Common Stock,,,,
1535527,2026-06-25,CRWD,Kurtz George,"isDirector,isOfficer",0001778564-26-000103,2026-06-23,S,13.0,664.0,2090873,D,non_derivative,Class A common stock,,,,
1535527,2026-06-25,CRWD,Kurtz George,"isDirector,isOfficer",0001778564-26-000104,2026-06-24,S,195.0,678.57,2086718,D,non_derivative,Class A common stock,,,,
1535527,2026-06-29,CRWD,Kurtz George,,0000950103-26-009729,2026-06-26,S,39.0,676.63,2083347,D,non_derivative,Class A common stock,,,,
1535527,2026-06-29,CRWD,Kurtz George,,0000950103-26-009731,2026-06-26,S,234.0,690.96,2082372,D,non_derivative,Class A common stock,,,,
1535527,2026-06-29,CRWD,Kurtz George,,0000950103-26-009729,2026-06-25,S,52.0,671.68,2085834,D,non_derivative,Class A common stock,,,,
1535527,2026-07-01,CRWD,Kurtz George,"isDirector,isOfficer",0001778564-26-000109,2026-06-30,S,12.0,746.78,2078256,D,non_derivative,Class A common stock,,,,
1535527,2026-07-01,CRWD,Kurtz George,"isDirector,isOfficer",0001778564-26-000108,2026-06-29,S,26.0,706.81,2080860,D,non_derivative,Class A common stock,,,,
1535527,2026-07-01,CRWD,Kurtz George,"isDirector,isOfficer",0001778564-26-000108,2026-06-30,S,62.0,734.0,2078324,D,non_derivative,Class A common stock,,,,
1535527,2026-07-02,CRWD,Kurtz George,"isDirector,isOfficer",0001778564-26-000111,2026-07-01,S,65.0,766.63,2075821,D,non_derivative,Class A common stock,,,,
1535527,2026-07-02,CRWD,GANDHI SAMEER K,isDirector,0001201326-26-000016,2026-07-01,S,76.0,765.93,723534,I,non_derivative,Class A common stock,,,,
1535527,2026-07-07,CRWD,Kurtz George,"isDirector,isOfficer",0001778564-26-000113,2026-07-02,S,240.0,191.33,8293304,D,non_derivative,Class A common stock,,,,
1535527,2026-07-07,CRWD,Kurtz George,"isDirector,isOfficer",0001778564-26-000113,2026-07-06,S,80.0,189.43,8283464,D,non_derivative,Class A common stock,,,,
1535527,2026-07-08,CRWD,OLEARY DENIS,isDirector,0001253512-26-000011,2026-07-06,G,49500.0,0.0,130364,D,non_derivative,Class A common stock,,,,
1535527,2026-07-09,CRWD,Kurtz George,"isDirector,isOfficer",0001778564-26-000115,2026-07-08,S,760.0,186.02,8262784,D,non_derivative,Class A common stock,,,,
1535527,2026-07-09,CRWD,Kurtz George,"isDirector,isOfficer",0001778564-26-000115,2026-07-07,S,320.0,193.29,8273224,D,non_derivative,Class A common stock,,,,
1535527,2026-07-13,CRWD,Kurtz George,"isDirector,isOfficer",0001778564-26-000117,2026-07-10,S,4600.0,187.17,8238944,D,non_derivative,Class A common stock,,,,
1535527,2026-07-13,CRWD,Kurtz George,"isDirector,isOfficer",0001778564-26-000117,2026-07-09,S,680.0,188.55,8252864,D,non_derivative,Class A common stock,,,,
1535527,2026-07-15,CRWD,Kurtz George,"isDirector,isOfficer",0001778564-26-000119,2026-07-13,S,200.0,181.93,8233344,D,non_derivative,Class A common stock,,,,
1535527,2026-07-15,CRWD,OLEARY DENIS,isDirector,0001253512-26-000013,2026-07-13,S,14500.0,187.87,35000,I,non_derivative,Class A common stock,,,,
1535527,2026-07-15,CRWD,Kurtz George,"isDirector,isOfficer",0001778564-26-000119,2026-07-14,S,329.0,190.16,8223215,D,non_derivative,Class A common stock,,,,
1535527,2026-07-17,CRWD,Kurtz George,"isDirector,isOfficer",0001778564-26-000121,2026-07-15,S,877.0,205.95,8212667,D,non_derivative,Class A common stock,,,,
1535527,2026-07-17,CRWD,Kurtz George,"isDirector,isOfficer",0001778564-26-000121,2026-07-16,S,320.0,201.02,8203224,D,non_derivative,Class A common stock,,,,
1535527,2026-07-21,CRWD,Kurtz George,"isDirector,isOfficer",0001778564-26-000123,2026-07-17,S,80.0,199.99,8193464,D,non_derivative,Class A common stock,,,,
1535527,2026-07-21,CRWD,Kurtz George,"isDirector,isOfficer",0001778564-26-000123,2026-07-20,S,960.0,198.18,8182584,D,non_derivative,Class A common stock,,,,
1535527,2026-07-22,CRWD,Kurtz George,"isDirector,isOfficer",0001778564-26-000125,2026-07-21,S,1608.0,190.54,8171936,D,non_derivative,Class A common stock,,,,
1535527,2026-07-24,CRWD,Kurtz George,,0000950103-26-011156,2026-07-22,S,160.0,186.02,8163384,D,non_derivative,Class A common stock,,,,
1535527,2026-07-24,CRWD,Kurtz George,,0000950103-26-011156,2026-07-23,S,2.537,182.52,8151007,D,non_derivative,Class A common stock,,,,
1535527,2026-07-28,CRWD,Kurtz George,"isDirector,isOfficer",0001778564-26-000127,2026-07-27,S,1808.0,180.37,8131736,D,non_derivative,Class A common stock,,,,
1535527,2026-07-28,CRWD,Kurtz George,"isDirector,isOfficer",0001778564-26-000127,2026-07-24,S,4093.0,182.75,8139451,D,non_derivative,Class A common stock,,,,
1535527,2026-07-30,CRWD,Kurtz George,"isDirector,isOfficer",0001778564-26-000129,2026-07-29,S,560.0,178.38,8112984,D,non_derivative,Class A common stock,,,,
1535527,2026-07-30,CRWD,Kurtz George,"isDirector,isOfficer",0001778564-26-000129,2026-07-28,S,160.0,174.7,8123384,D,non_derivative,Class A common stock,,,,
1535527,2026-08-03,CRWD,Kurtz George,"isDirector,isOfficer",0001778564-26-000131,2026-07-30,S,360.0,178.72,8103184,D,non_derivative,Class A common stock,,,,
1535527,2026-08-03,CRWD,Kurtz George,"isDirector,isOfficer",0001778564-26-000131,2026-07-31,S,328.0,185.05,8093216,D,non_derivative,Class A common stock,,,,
1535527,2026-08-04,CRWD,Kurtz George,"isDirector,isOfficer",0001778564-26-000133,2026-08-03,S,440.0,193.93,8083104,D,non_derivative,Class A common stock,,,,
1535527,2026-08-04,CRWD,Podbere Burt W.,isOfficer,0001778610-26-000020,2026-08-03,S,7602.0,194.34,696838,D,non_derivative,Class A common stock,,,,
1535527,2026-08-06,CRWD,GANDHI SAMEER K,isDirector,0001201326-26-000019,2026-08-04,S,203.0,204.37,2894734,I,non_derivative,Class A common stock,,,,
1535527,2026-08-06,CRWD,Kurtz George,"isDirector,isOfficer",0001778564-26-000135,2026-08-04,S,160.0,204.07,8045859,D,non_derivative,Class A common stock,,,,
1535527,2026-08-06,CRWD,Kurtz George,"isDirector,isOfficer",0001778564-26-000135,2026-08-05,S,716.0,209.99,8035303,D,non_derivative,Class A common stock,,,,
1535527,2026-08-10,CRWD,Kurtz George,"isDirector,isOfficer",0001778564-26-000137,2026-08-06,S,546.0,202.57,8025473,D,non_derivative,Class A common stock,,,,
1535527,2026-08-10,CRWD,Kurtz George,"isDirector,isOfficer",0001778564-26-000137,2026-08-07,S,250.0,209.59,8015769,D,non_derivative,Class A common stock,,,,
1535527,2026-08-12,CRWD,Kurtz George,"isDirector,isOfficer",0001778564-26-000139,2026-08-10,S,80.0,215.39,8005939,D,non_derivative,Class A common stock,,,,
1535527,2026-08-12,CRWD,Kurtz George,"isDirector,isOfficer",0001778564-26-000139,2026-08-11,S,1181.0,220.15,7994838,D,non_derivative,Class A common stock,,,,
1535527,2026-08-14,CRWD,Kurtz George,"isDirector,isOfficer",0001778564-26-000141,2026-08-12,S,600.0,219.08,7985419,D,non_derivative,Class A common stock,,,,
1535527,2026-08-14,CRWD,Kurtz George,"isDirector,isOfficer",0001778564-26-000141,2026-08-13,S,120.0,220.71,7975899,D,non_derivative,Class A common stock,,,,
0001535527,2026-08-18,CRWD,Kurtz George,"isDirector,isOfficer",0001778564-26-000143,2026-08-14,S,2000,216.96,7964019,D,non_derivative,Class A common stock,,,,
0001535527,2026-08-18,CRWD,Kurtz George,"isDirector,isOfficer",0001778564-26-000143,2026-08-17,S,2860,213.83,7953159,D,non_derivative,Class A common stock,,,,
