cik,filingDate,issuerTradingSymbol,reportingOwnerName,reportingOwnerRelationship,accessionNumber,transactionDate,transactionCode,transactionShares,transactionPricePerShare,sharesOwnedFollowingTransaction,directOrIndirectOwnership,transactionType,securityTitle,underlyingSecurityTitle,underlyingSecurityShares,exercisePrice,expirationDate
1792789,2021-06-28,DASH,Payne Christopher D,,0001209191-21-043568,2021-06-24,M,22000,1.5,378090,D,,,,,,
1792789,2021-06-28,DASH,Payne Christopher D,,0001209191-21-043568,2021-06-24,S,2478,175.724,375612,D,,,,,,
1792789,2021-06-28,DASH,Payne Christopher D,,0001209191-21-043568,2021-06-25,M,22000,1.5,378090,D,,,,,,
1792789,2021-06-28,DASH,Payne Christopher D,,0001209191-21-043568,2021-06-25,S,500,175.322,377590,D,,,,,,
1792789,2021-06-28,DASH,Tang Stanley,,0001209191-21-043567,2021-06-24,M,13741,0.2,62800,D,,,,,,
1792789,2021-06-28,DASH,Tang Stanley,,0001209191-21-043567,2021-06-24,S,13741,180.204,49059,D,,,,,,
1792789,2021-06-28,DASH,Tang Stanley,,0001209191-21-043567,2021-06-25,M,1259,0.2,50318,D,,,,,,
1792789,2021-06-28,DASH,Tang Stanley,,0001209191-21-043567,2021-06-25,S,1259,180.015,49059,D,,,,,,
1792789,2021-07-07,DASH,Brown Shona L,,0001209191-21-045854,2021-07-02,S,300,181.43,103579,D,,,,,,
1792789,2021-07-08,DASH,Yandell Keith,,0001209191-21-045984,2021-07-06,S,1400,179.125,322754,D,,,,,,
1792789,2021-07-12,DASH,Tang Stanley,,0001209191-21-046290,2021-07-08,M,50722,0.2,99781,D,,,,,,
1792789,2021-07-12,DASH,Tang Stanley,,0001209191-21-046290,2021-07-08,S,500,175.268,99281,D,,,,,,
1792789,2021-07-12,DASH,Tang Stanley,,0001209191-21-046290,2021-07-09,M,4278,0.2,53337,D,,,,,,
1792789,2021-07-12,DASH,Tang Stanley,,0001209191-21-046290,2021-07-09,S,4278,180.165,49059,D,,,,,,
1792789,2021-07-14,DASH,Xu Tony,,0001209191-21-046657,2021-07-12,M,80000,0.2,80000,D,,,,,,
1792789,2021-07-14,DASH,Xu Tony,,0001209191-21-046657,2021-07-12,S,8771,176.858,71229,D,,,,,,
1792789,2021-07-16,DASH,Adarkar Prabir,,0001209191-21-047033,2021-07-14,M,400,7.16,1193395,D,,,,,,
1792789,2021-07-16,DASH,Fang Andy,,0001209191-21-047036,2021-07-15,S,3519,165.014,132956,D,,,,,,
1792789,2021-07-16,DASH,Fang Andy,,0001209191-21-047036,2021-07-15,M,40000,0.2,136475,D,,,,,,
1792789,2021-07-16,DASH,Adarkar Prabir,,0001209191-21-047033,2021-07-15,S,400,164.979,1188395,D,,,,,,
1792789,2021-07-16,DASH,Adarkar Prabir,,0001209191-21-047033,2021-07-15,M,400,7.16,1188795,D,,,,,,
1792789,2021-07-16,DASH,Adarkar Prabir,,0001209191-21-047033,2021-07-14,S,1500,170.002,1191895,D,,,,,,
1792789,2021-07-20,DASH,Fang Andy,,0001209191-21-047381,2021-07-16,M,40000,0.2,136475,D,,,,,,
1792789,2021-07-20,DASH,Fang Andy,,0001209191-21-047381,2021-07-16,S,4379,165.345,132096,D,,,,,,
1792789,2021-08-02,DASH,Payne Christopher D,,0001209191-21-049107,2021-07-29,M,22000,1.5,378090,D,,,,,,
1792789,2021-08-02,DASH,Payne Christopher D,,0001209191-21-049107,2021-07-29,S,2470,178.11,375620,D,,,,,,
1792789,2021-08-02,DASH,Payne Christopher D,,0001209191-21-049107,2021-07-30,M,22000,1.5,378090,D,,,,,,
1792789,2021-08-02,DASH,Payne Christopher D,,0001209191-21-049107,2021-07-30,S,10145,174.235,367945,D,,,,,,
1792789,2021-08-04,DASH,Brown Shona L,,0001209191-21-049785,2021-08-02,S,200,171.17,102429,D,,,,,,
1792789,2021-08-18,DASH,Fang Andy,,0001209191-21-052238,2021-08-17,M,40000,0.2,136475,D,,,,,,
1792789,2021-08-18,DASH,Fang Andy,,0001209191-21-052238,2021-08-17,S,300,184.343,136175,D,,,,,,
1792789,2021-08-18,DASH,Fang Andy,,0001209191-21-052238,2021-08-16,M,40000,0.2,136475,D,,,,,,
1792789,2021-08-18,DASH,Fang Andy,,0001209191-21-052238,2021-08-16,S,3589,186.801,132886,D,,,,,,
1792789,2021-08-19,DASH,MERESMAN STANLEY J,,0001209191-21-052565,2021-08-16,J,30,0.0,1100,I,,,,,,
1792789,2021-08-19,DASH,DOERR L JOHN,,0001209191-21-052563,2021-08-16,J,164595,0.0,0,I,,,,,,
1792789,2021-08-23,DASH,Xu Tony,,0001209191-21-053030,2021-08-19,M,80000,0.2,80000,D,,,,,,
1792789,2021-08-23,DASH,Xu Tony,,0001209191-21-053030,2021-08-19,S,5297,178.987,74703,D,,,,,,
1792789,2021-08-23,DASH,SVF Fast (Cayman) Ltd,,0000899243-21-033932,2021-08-19,S,11400000,181.09,43573485,I,,,,,,
1792789,2021-08-24,DASH,Yandell Keith,,0001209191-21-053262,2021-08-20,M,5525,3.28,302644,D,,,,,,
1792789,2021-08-24,DASH,Yandell Keith,,0001209191-21-053262,2021-08-20,S,2306,182.789,300338,D,,,,,,
1792789,2021-08-24,DASH,Yandell Keith,,0001209191-21-053262,2021-08-23,S,300,175.7,291043,D,,,,,,
1792789,2021-08-24,DASH,Tang Stanley,,0001209191-21-053261,2021-08-20,S,937,183.061,48122,D,,,,,,
1792789,2021-08-24,DASH,Tang Stanley,,0001209191-21-053261,2021-08-23,M,55000,0.2,100777,D,,,,,,
1792789,2021-08-24,DASH,Tang Stanley,,0001209191-21-053261,2021-08-23,S,300,175.94,100477,D,,,,,,
1792789,2021-08-24,DASH,Payne Christopher D,,0001209191-21-053260,2021-08-20,S,3403,182.979,352687,D,,,,,,
1792789,2021-08-24,DASH,Lee Gordon S,,0001209191-21-053259,2021-08-20,S,1855,183.172,90955,D,,,,,,
1792789,2021-08-24,DASH,Fang Andy,,0001209191-21-053258,2021-08-20,M,36320,7.16,132795,D,,,,,,
1792789,2021-08-24,DASH,Fang Andy,,0001209191-21-053258,2021-08-20,J,36320,0.0,96475,D,,,,,,
1792789,2021-08-24,DASH,Fang Andy,,0001209191-21-053258,2021-08-20,S,2000,183.089,94475,D,,,,,,
1792789,2021-08-24,DASH,Adarkar Prabir,,0001209191-21-053257,2021-08-20,S,29152,182.754,1154643,D,,,,,,
1792789,2021-08-27,DASH,Adarkar Prabir,,0001209191-21-053743,2021-08-25,M,400,7.16,1122179,D,,,,,,
1792789,2021-08-27,DASH,Adarkar Prabir,,0001209191-21-053743,2021-08-25,S,300,185.367,1121879,D,,,,,,
1792789,2021-08-27,DASH,Adarkar Prabir,,0001209191-21-053743,2021-08-26,M,400,7.16,1117579,D,,,,,,
1792789,2021-08-27,DASH,Adarkar Prabir,,0001209191-21-053743,2021-08-26,S,900,188.074,1116679,D,,,,,,
1792789,2021-08-30,DASH,Lee Gordon S,,0001209191-21-053976,2021-08-26,S,1000,188.173,86538,D,,,,,,
1792789,2021-08-30,DASH,Lee Gordon S,,0001209191-21-053976,2021-08-27,M,9380,17.57,92080,D,,,,,,
1792789,2021-08-30,DASH,Payne Christopher D,,0001209191-21-053973,2021-08-26,M,22000,1.5,364214,D,,,,,,
1792789,2021-08-30,DASH,Payne Christopher D,,0001209191-21-053973,2021-08-26,S,3700,187.952,360514,D,,,,,,
1792789,2021-08-30,DASH,Payne Christopher D,,0001209191-21-053973,2021-08-27,M,22000,1.5,364214,D,,,,,,
1792789,2021-08-30,DASH,Payne Christopher D,,0001209191-21-053973,2021-08-27,S,4432,186.737,359782,D,,,,,,
1792789,2021-08-30,DASH,MERESMAN STANLEY J,,0001209191-21-053970,2021-08-26,S,6769,187.966,123583,D,,,,,,
1792789,2021-09-07,DASH,Brown Shona L,,0001209191-21-055059,2021-09-02,S,400,190.27,100979,D,,,,,,
1792789,2021-09-09,DASH,Tang Stanley,,0001209191-21-055381,2021-09-07,M,55000,0.2,100777,D,,,,,,
1792789,2021-09-09,DASH,Tang Stanley,,0001209191-21-055381,2021-09-07,S,1100,192.686,137272,D,,,,,,
1792789,2021-09-16,DASH,Xu Tony,,0001209191-21-056432,2021-09-14,M,80000,0.2,80000,D,,,,,,
1792789,2021-09-16,DASH,Xu Tony,,0001209191-21-056432,2021-09-14,S,6584,203.915,73416,D,,,,,,
1792789,2021-09-16,DASH,Xu Tony,,0001209191-21-056432,2021-09-14,J,41895,0.0,0,D,,,,,,
1792789,2021-09-22,DASH,Adarkar Prabir,,0001209191-21-057309,2021-09-20,M,400,7.16,1112979,D,,,,,,
1792789,2021-09-22,DASH,Adarkar Prabir,,0001209191-21-057309,2021-09-20,S,200,218.03,1112779,D,,,,,,
1792789,2021-09-22,DASH,Adarkar Prabir,,0001209191-21-057309,2021-09-21,S,400,218.495,1107979,D,,,,,,
1792789,2021-09-22,DASH,Adarkar Prabir,,0001209191-21-057309,2021-09-21,M,400,7.16,1108379,D,,,,,,
1792789,2021-09-24,DASH,Fang Andy,,0001209191-21-057700,2021-09-22,M,40000,0.2,129992,D,,,,,,
1792789,2021-09-24,DASH,Fang Andy,,0001209191-21-057700,2021-09-22,S,2800,216.465,127192,D,,,,,,
1792789,2021-09-24,DASH,Fang Andy,,0001209191-21-057700,2021-09-23,M,40000,0.2,129992,D,,,,,,
1792789,2021-09-24,DASH,Fang Andy,,0001209191-21-057700,2021-09-23,S,2961,214.474,127031,D,,,,,,
1792789,2021-09-30,DASH,Payne Christopher D,,0001209191-21-058173,2021-09-28,M,22000,1.5,364214,D,,,,,,
1792789,2021-09-30,DASH,Payne Christopher D,,0001209191-21-058173,2021-09-28,S,2751,205.483,361463,D,,,,,,
1792789,2021-09-30,DASH,Payne Christopher D,,0001209191-21-058173,2021-09-29,M,22000,1.5,364214,D,,,,,,
1792789,2021-09-30,DASH,Payne Christopher D,,0001209191-21-058173,2021-09-29,S,6890,205.903,357324,D,,,,,,
1792789,2021-10-05,DASH,Brown Shona L,,0001209191-21-059732,2021-10-04,S,505,197.821,99624,D,,,,,,
1792789,2021-10-05,DASH,Xu Tony,,0001209191-21-059730,2021-10-04,M,80000,0.2,80000,D,,,,,,
1792789,2021-10-05,DASH,Xu Tony,,0001209191-21-059730,2021-10-04,S,24795,197.427,55205,D,,,,,,
1792789,2021-10-13,DASH,Fang Andy,,0001209191-21-060426,2021-10-11,M,40000,0.2,123270,D,,,,,,
1792789,2021-10-13,DASH,Fang Andy,,0001209191-21-060426,2021-10-12,S,10896,199.357,112374,D,,,,,,
1792789,2021-10-13,DASH,Fang Andy,,0001209191-21-060426,2021-10-12,M,40000,0.2,123270,D,,,,,,
1792789,2021-10-13,DASH,Fang Andy,,0001209191-21-060426,2021-10-11,S,6761,195.129,116509,D,,,,,,
1792789,2021-10-13,DASH,Fang Andy,,0001209191-21-060426,2021-08-20,J,6722,0.0,83270,D,,,,,,
1792789,2021-10-20,DASH,Adarkar Prabir,,0001209191-21-061142,2021-10-18,S,2100,213.893,1101679,D,,,,,,
1792789,2021-10-20,DASH,Adarkar Prabir,,0001209191-21-061142,2021-10-19,M,400,7.16,1099179,D,,,,,,
1792789,2021-10-20,DASH,Adarkar Prabir,,0001209191-21-061142,2021-10-18,M,400,7.16,1103779,D,,,,,,
1792789,2021-10-20,DASH,Adarkar Prabir,,0001209191-21-061142,2021-10-19,S,1200,212.152,1097979,D,,,,,,
1792789,2021-10-20,DASH,Tang Stanley,,0001209191-21-061141,2021-10-18,M,55000,0.2,97764,D,,,,,,
1792789,2021-10-20,DASH,Tang Stanley,,0001209191-21-061141,2021-09-07,J,37595,0.0,42764,D,,,,,,
1792789,2021-10-20,DASH,Tang Stanley,,0001209191-21-061141,2021-08-20,J,3013,0.0,80359,D,,,,,,
1792789,2021-10-20,DASH,Tang Stanley,,0001209191-21-061141,2021-10-18,S,23793,213.974,73971,D,,,,,,
1792789,2021-10-29,DASH,SVF Fast (Cayman) Ltd,,0000899243-21-042026,2021-10-27,S,10000000,202.815,33573485,I,,,,,,
1792789,2021-10-29,DASH,Payne Christopher D,,0001209191-21-062068,2021-10-27,M,22000,1.5,364214,D,,,,,,
1792789,2021-10-29,DASH,Payne Christopher D,,0001209191-21-062068,2021-10-27,S,300,196.693,363914,D,,,,,,
1792789,2021-10-29,DASH,Payne Christopher D,,0001209191-21-062068,2021-10-28,M,22000,1.5,364214,D,,,,,,
1792789,2021-10-29,DASH,Payne Christopher D,,0001209191-21-062068,2021-10-28,S,5100,195.753,359114,D,,,,,,
1792789,2021-11-04,DASH,Brown Shona L,,0001209191-21-062948,2021-11-02,S,500,197.803,98379,D,,,,,,
1792789,2021-11-18,DASH,Xu Tony,,0001209191-21-065654,2021-11-16,M,80000,0.2,80000,D,,,,,,
1792789,2021-11-18,DASH,Xu Tony,,0001209191-21-065654,2021-11-16,S,16781,234.948,63219,D,,,,,,
1792789,2021-11-22,DASH,Fang Andy,,0001209191-21-066267,2021-11-19,M,40000,0.2,123270,D,,,,,,
1792789,2021-11-22,DASH,MERESMAN STANLEY J,,0001209191-21-066192,2021-11-18,S,3500,224.949,88819,D,,,,,,
1792789,2021-11-22,DASH,Fang Andy,,0001209191-21-066267,2021-11-18,M,40000,0.2,123270,D,,,,,,
1792789,2021-11-22,DASH,Fang Andy,,0001209191-21-066267,2021-11-18,S,9124,225.19,114146,D,,,,,,
1792789,2021-11-22,DASH,Fang Andy,,0001209191-21-066267,2021-11-19,S,4295,215.341,118975,D,,,,,,
1792789,2021-11-24,DASH,Tang Stanley,,0001209191-21-066870,2021-11-22,S,180,190.494,42584,D,,,,,,
1792789,2021-11-24,DASH,DOERR L JOHN,,0001209191-21-066876,2021-11-23,J,173201,0.0,33818,I,,,,,,
1792789,2021-11-24,DASH,Payne Christopher D,,0001209191-21-066872,2021-11-22,S,900,190.466,341314,D,,,,,,
1792789,2021-11-24,DASH,"SC US (TTGP), LTD.",,0001062993-21-011654,2021-11-22,J,557049,,5013439,I,,,,,,
1792789,2021-11-24,DASH,Fang Andy,,0001209191-21-066867,2021-11-23,J,6193,0.0,70055,D,,,,,,
1792789,2021-11-24,DASH,Fang Andy,,0001209191-21-066867,2021-11-22,S,400,190.532,82870,D,,,,,,
1792789,2021-11-24,DASH,Tang Stanley,,0001209191-21-066871,2021-11-22,M,55000,0.2,91474,D,,,,,,
1792789,2021-11-24,DASH,Tang Stanley,,0001209191-21-066871,2021-11-22,S,1400,190.52,90074,D,,,,,,
1792789,2021-11-24,DASH,Lin Alfred,,0001062993-21-011649,2021-11-22,J,557049,,5013439,I,,,,,,
1792789,2021-11-24,DASH,Tang Stanley,,0001209191-21-066870,2021-11-22,J,2738,0.0,36474,D,,,,,,
1792789,2021-11-24,DASH,Yandell Keith,,0001209191-21-066869,2021-11-22,S,600,190.655,280359,D,,,,,,
1792789,2021-11-24,DASH,"SC US (TTGP), LTD.",,0001062993-21-011651,2021-11-22,J,557049,,5013439,I,,,,,,
1792789,2021-11-24,DASH,Payne Christopher D,,0001209191-21-066874,2021-11-24,M,22000,1.5,349189,D,,,,,,
1792789,2021-11-24,DASH,Payne Christopher D,,0001209191-21-066874,2021-11-23,M,22000,1.5,349189,D,,,,,,
1792789,2021-11-24,DASH,Payne Christopher D,,0001209191-21-066874,2021-11-23,S,3300,184.043,345889,D,,,,,,
1792789,2021-11-24,DASH,Adarkar Prabir,,0001209191-21-066866,2021-11-22,S,2400,190.4,1091779,D,,,,,,
1792789,2021-11-24,DASH,"SC US (TTGP), LTD.",,0001062993-21-011652,2021-11-22,J,577049,,5013439,I,,,,,,
1792789,2021-11-24,DASH,Lee Gordon S,,0001209191-21-066868,2021-11-22,S,300,190.469,91780,D,,,,,,
1792789,2021-11-24,DASH,Payne Christopher D,,0001209191-21-066874,2021-11-24,S,338,178.92,348851,D,,,,,,
1792789,2021-11-30,DASH,Tang Stanley,,0001209191-21-067194,2021-11-26,J,5500,0.0,5500,I,,,,,,
1792789,2021-11-30,DASH,Adarkar Prabir,,0001209191-21-067196,2021-11-29,S,400,179.483,1022593,D,,,,,,
1792789,2021-11-30,DASH,Adarkar Prabir,,0001209191-21-067196,2021-11-26,M,400,7.16,1027593,D,,,,,,
1792789,2021-11-30,DASH,Tang Stanley,,0001209191-21-067194,2021-11-26,G,5500,0.0,0,I,,,,,,
1792789,2021-11-30,DASH,Lee Gordon S,,0001209191-21-067188,2021-11-26,S,600,183.114,85771,D,,,,,,
1792789,2021-11-30,DASH,Adarkar Prabir,,0001209191-21-067196,2021-11-29,M,400,7.16,1022993,D,,,,,,
1792789,2021-11-30,DASH,Adarkar Prabir,,0001209191-21-067196,2021-11-26,S,205,182.086,1027388,D,,,,,,
1792789,2021-12-01,DASH,Yandell Keith,,0001209191-21-067271,2021-11-29,S,1100,180.02,267618,D,,,,,,
1792789,2021-12-06,DASH,Brown Shona L,,0001209191-21-068192,2021-12-02,S,200,162.575,97429,D,,,,,,
1792789,2021-12-08,DASH,Tang Stanley,,0001209191-21-068603,2021-12-06,M,40000,0.2,76474,D,,,,,,
1792789,2021-12-08,DASH,Tang Stanley,,0001209191-21-068603,2021-12-06,S,1900,156.101,74574,D,,,,,,
1792789,2021-12-13,DASH,Fang Andy,,0001209191-21-069339,2021-12-09,M,40000,0.2,110055,D,,,,,,
1792789,2021-12-13,DASH,Fang Andy,,0001209191-21-069339,2021-12-10,S,5136,158.423,104919,D,,,,,,
1792789,2021-12-13,DASH,Fang Andy,,0001209191-21-069339,2021-12-10,M,40000,0.2,110055,D,,,,,,
1792789,2021-12-13,DASH,Fang Andy,,0001209191-21-069339,2021-12-09,S,2900,163.638,107155,D,,,,,,
1792789,2021-12-15,DASH,Xu Tony,,0001209191-21-069750,2021-12-13,S,4000,149.649,76000,D,,,,,,
1792789,2021-12-15,DASH,Xu Tony,,0001209191-21-069750,2021-12-13,M,80000,0.2,80000,D,,,,,,
1792789,2021-12-16,DASH,Xu Tony,,0001209191-21-070081,2021-12-14,J,217000,0.0,217000,D,,,,,,
1792789,2021-12-16,DASH,Xu Tony,,0001209191-21-070081,2021-12-15,G,217000,0.0,0,D,,,,,,
1792789,2021-12-22,DASH,Adarkar Prabir,,0001209191-21-071006,2021-12-09,G,130000,0.0,887993,D,,,,,,
1792789,2021-12-22,DASH,Adarkar Prabir,,0001209191-21-071006,2021-12-20,M,400,7.16,888393,D,,,,,,
1792789,2021-12-22,DASH,Adarkar Prabir,,0001209191-21-071006,2021-12-20,S,5000,150.081,883393,D,,,,,,
1792789,2021-12-22,DASH,Adarkar Prabir,,0001209191-21-071006,2021-12-21,M,400,7.16,883793,D,,,,,,
1792789,2021-12-22,DASH,Adarkar Prabir,,0001209191-21-071006,2021-12-21,S,3380,150.537,880413,D,,,,,,
1792789,2021-12-23,DASH,Payne Christopher D,,0001209191-21-071070,2021-12-22,S,2300,145.007,346889,D,,,,,,
1792789,2021-12-23,DASH,Payne Christopher D,,0001209191-21-071070,2021-12-22,M,22000,1.5,349189,D,,,,,,
1792789,2021-12-23,DASH,Payne Christopher D,,0001209191-21-071070,2021-12-21,S,2300,147.877,346889,D,,,,,,
1792789,2021-12-23,DASH,Payne Christopher D,,0001209191-21-071070,2021-12-21,M,22000,1.5,349189,D,,,,,,
1792789,2022-01-05,DASH,Brown Shona L,,0001209191-22-001694,2022-01-03,S,750,145.978,95629,D,,,,,,
1792789,2022-01-06,DASH,Tang Stanley,,0001209191-22-002220,2022-01-04,S,6101,132.432,70373,D,,,,,,
1792789,2022-01-06,DASH,Tang Stanley,,0001209191-22-002220,2022-01-04,M,40000,0.2,76474,D,,,,,,
1792789,2022-01-06,DASH,Lee Gordon S,,0001209191-22-002219,2022-01-04,M,4310,17.57,86275,D,,,,,,
1792789,2022-01-13,DASH,Xu Tony,,0001209191-22-003251,2022-01-11,M,80000,0.2,80000,D,,,,,,
1792789,2022-01-13,DASH,Xu Tony,,0001209191-22-003251,2022-01-11,S,700,133.419,79300,D,,,,,,
1792789,2022-01-18,DASH,Yandell Keith,,0001209191-22-003577,2022-01-13,M,4170,3.28,248444,D,,,,,,
1792789,2022-01-18,DASH,Yandell Keith,,0001209191-22-003577,2021-12-28,G,15000,0.0,244274,D,,,,,,
1792789,2022-01-21,DASH,Fang Andy,,0001209191-22-004493,2022-01-20,M,40000,0.2,110055,D,,,,,,
1792789,2022-01-21,DASH,Fang Andy,,0001209191-22-004493,2022-01-20,S,2523,126.956,107532,D,,,,,,
1792789,2022-01-21,DASH,Fang Andy,,0001209191-22-004493,2022-01-19,M,40000,0.2,110055,D,,,,,,
1792789,2022-01-21,DASH,Fang Andy,,0001209191-22-004493,2022-01-19,S,6369,126.693,103686,D,,,,,,
1792789,2022-01-27,DASH,Sherringham Tia,,0001209191-22-005216,2022-01-25,M,625,7.16,28740,D,,,,,,
1792789,2022-01-27,DASH,Sherringham Tia,,0001209191-22-005216,2022-01-25,S,625,113.0,28115,D,,,,,,
1792789,2022-01-28,DASH,Payne Christopher D,,0001209191-22-005368,2022-01-27,S,17623,102.457,332789,D,,,,,,
1792789,2022-01-28,DASH,Payne Christopher D,,0001209191-22-005368,2022-01-26,M,20777,1.5,347966,D,,,,,,
1792789,2022-01-28,DASH,Payne Christopher D,,0001209191-22-005368,2022-01-26,S,4400,102.214,343566,D,,,,,,
1792789,2022-01-28,DASH,Payne Christopher D,,0001209191-22-005368,2022-01-27,M,23223,1.5,350412,D,,,,,,
1792789,2022-02-18,DASH,Fang Andy,,0001209191-22-011320,2022-02-07,M,7710,7.16,77765,D,,,,,,
1792789,2022-02-18,DASH,Fang Andy,,0001209191-22-011320,2022-02-07,J,7710,0.0,70055,D,,,,,,
1792789,2022-02-23,DASH,Peters Gregory K,,0001209191-22-012314,2022-02-20,A,2837,0.0,2837,D,,,,,,
1792789,2022-02-24,DASH,Adarkar Prabir,,0001209191-22-012870,2022-02-22,S,12701,90.475,866092,D,,,,,,
1792789,2022-02-24,DASH,Tang Stanley,,0001209191-22-012877,2022-02-22,S,912,90.461,35562,D,,,,,,
1792789,2022-02-24,DASH,Payne Christopher D,,0001209191-22-012874,2022-02-22,S,3458,90.382,323731,D,,,,,,
1792789,2022-02-24,DASH,Lee Gordon S,,0001209191-22-012873,2022-02-22,S,1551,90.585,84724,D,,,,,,
1792789,2022-02-24,DASH,Tang Stanley,,0001209191-22-012877,2022-02-24,J,3763,0.0,28388,D,,,,,,
1792789,2022-02-24,DASH,Fang Andy,,0001209191-22-012871,2022-02-24,J,7697,0.0,54605,D,,,,,,
1792789,2022-02-24,DASH,Fang Andy,,0001209191-22-012871,2022-02-22,S,871,90.316,69184,D,,,,,,
1792789,2022-02-24,DASH,Yandell Keith,,0001209191-22-012879,2022-02-22,S,3022,90.446,245422,D,,,,,,
1792789,2022-02-24,DASH,Sherringham Tia,,0001209191-22-012875,2022-02-22,S,479,90.637,27636,D,,,,,,
1792789,2022-03-01,DASH,Sherringham Tia,,0001209191-22-014422,2022-02-25,S,200,94.99,26311,D,,,,,,
1792789,2022-03-01,DASH,Sherringham Tia,,0001209191-22-014422,2022-02-28,M,625,7.16,24382,D,,,,,,
1792789,2022-03-01,DASH,Sherringham Tia,,0001209191-22-014422,2022-02-28,S,625,101.49,23757,D,,,,,,
1792789,2022-03-02,DASH,Yandell Keith,,0001209191-22-014746,2022-02-28,S,1400,98.505,230150,D,,,,,,
1792789,2022-03-02,DASH,Lin Alfred,,0001062993-22-006472,2022-02-28,J,522339,,4178708,I,,,,,,
1792789,2022-03-02,DASH,MERESMAN STANLEY J,,0001209191-22-014744,2022-02-28,S,7400,102.581,64919,D,,,,,,
1792789,2022-03-02,DASH,Payne Christopher D,,0001209191-22-015058,2022-02-28,S,42100,102.314,306302,D,,,,,,
1792789,2022-03-02,DASH,"SC US (TTGP), LTD.",,0001062993-22-006477,2022-02-28,J,522339,,4178708,I,,,,,,
1792789,2022-03-02,DASH,"SC US (TTGP), LTD.",,0001062993-22-006474,2022-02-28,J,522339,,4178708,I,,,,,,
1792789,2022-03-02,DASH,Payne Christopher D,,0001209191-22-015058,2022-02-28,M,44000,1.5,348402,D,,,,,,
1792789,2022-03-02,DASH,"SC US (TTGP), LTD.",,0001062993-22-006478,2022-02-28,J,522339,,4178708,I,,,,,,
1792789,2022-03-03,DASH,Fang Andy,,0001209191-22-015933,2022-03-02,S,39800,102.192,54805,D,,,,,,
1792789,2022-03-03,DASH,Yandell Keith,,0001209191-22-016004,2022-03-02,M,8330,3.28,225211,D,,,,,,
1792789,2022-03-03,DASH,Fang Andy,,0001209191-22-015933,2022-03-01,M,40000,0.2,94605,D,,,,,,
1792789,2022-03-03,DASH,Fang Andy,,0001209191-22-015933,2022-03-01,S,36986,102.25,57619,D,,,,,,
1792789,2022-03-03,DASH,Fang Andy,,0001209191-22-015933,2022-03-02,M,40000,0.2,94605,D,,,,,,
1792789,2022-03-10,DASH,Lin Alfred,,0001062993-22-007350,2022-03-08,P,13382,81.5799,258032,I,,,,,,
1792789,2022-03-10,DASH,"SC US (TTGP), LTD.",,0001062993-22-007352,2022-03-09,P,126786,92.1595,761712,I,,,,,,
1792789,2022-03-10,DASH,"SC US (TTGP), LTD.",,0001062993-22-007352,2022-03-08,P,13382,81.5799,258032,I,,,,,,
1792789,2022-03-10,DASH,Lin Alfred,,0001062993-22-007350,2022-03-09,P,126786,92.1595,761712,I,,,,,,
1792789,2022-03-10,DASH,"SC US (TTGP), LTD.",,0001062993-22-007353,2022-03-08,P,13382,81.5799,258032,I,,,,,,
1792789,2022-03-10,DASH,"SC US (TTGP), LTD.",,0001062993-22-007354,2022-03-09,P,126786,92.1595,761712,I,,,,,,
1792789,2022-03-10,DASH,"SC US (TTGP), LTD.",,0001062993-22-007354,2022-03-08,P,13382,81.5799,258032,I,,,,,,
1792789,2022-03-10,DASH,"SC US (TTGP), LTD.",,0001062993-22-007353,2022-03-09,P,126786,92.1595,761712,I,,,,,,
1792789,2022-03-22,DASH,Fang Andy,,0001209191-22-020516,2022-03-18,S,25400,102.179,109205,D,,,,,,
1792789,2022-03-22,DASH,Fang Andy,,0001209191-22-020516,2022-03-18,M,80000,0.2,134605,D,,,,,,
1792789,2022-03-29,DASH,Sherringham Tia,,0001209191-22-021492,2022-03-25,M,625,7.16,24382,D,,,,,,
1792789,2022-03-29,DASH,Sherringham Tia,,0001209191-22-021492,2022-03-25,S,625,113.94,23757,D,,,,,,
1792789,2022-03-30,DASH,Payne Christopher D,,0001209191-22-021655,2022-03-29,S,1500,116.217,324902,D,,,,,,
1792789,2022-03-30,DASH,Payne Christopher D,,0001209191-22-021655,2022-03-29,M,22000,1.5,326402,D,,,,,,
1792789,2022-03-30,DASH,Payne Christopher D,,0001209191-22-021655,2022-03-28,M,22000,1.5,326402,D,,,,,,
1792789,2022-03-30,DASH,Payne Christopher D,,0001209191-22-021655,2022-03-28,S,700,105.75,325702,D,,,,,,
1792789,2022-03-31,DASH,Tang Stanley,,0001209191-22-021748,2022-03-29,M,80000,0.2,108388,D,,,,,,
1792789,2022-03-31,DASH,Tang Stanley,,0001209191-22-021748,2022-03-29,S,80000,120.171,28388,D,,,,,,
1792789,2022-04-21,DASH,Fang Andy,,0001209191-22-025227,2022-04-19,M,40000,0.2,94605,D,,,,,,
1792789,2022-04-21,DASH,Fang Andy,,0001209191-22-025227,2022-04-19,S,33059,102.289,61546,D,,,,,,
1792789,2022-04-21,DASH,Fang Andy,,0001209191-22-025227,2022-04-20,M,40000,0.2,94605,D,,,,,,
1792789,2022-04-21,DASH,Fang Andy,,0001209191-22-025227,2022-04-20,S,34275,102.323,60330,D,,,,,,
1792789,2022-04-21,DASH,Fang Andy,,0001209191-22-025227,2022-04-20,A,19940,0.0,74545,D,,,,,,
1792789,2022-04-22,DASH,Adarkar Prabir,,0001209191-22-025355,2022-04-20,A,99701,0.0,912392,D,,,,,,
1792789,2022-04-22,DASH,Lee Gordon S,,0001209191-22-025358,2022-04-20,A,29910,0.0,110202,D,,,,,,
1792789,2022-04-22,DASH,Payne Christopher D,,0001209191-22-025360,2022-04-20,A,99701,0.0,404103,D,,,,,,
1792789,2022-04-22,DASH,Tang Stanley,,0001209191-22-025374,2022-04-20,A,19940,0.0,48328,D,,,,,,
1792789,2022-04-22,DASH,Yandell Keith,,0001209191-22-025375,2022-04-20,A,49850,0.0,275061,D,,,,,,
1792789,2022-04-22,DASH,Sherringham Tia,,0001209191-22-025372,2022-04-20,A,69790,0.0,93547,D,,,,,,
1792789,2022-04-27,DASH,Sherringham Tia,,0001209191-22-025774,2022-04-25,S,625,88.0,163337,D,,,,,,
1792789,2022-04-27,DASH,Sherringham Tia,,0001209191-22-025774,2022-04-25,M,625,7.16,163962,D,,,,,,
1792789,2022-05-10,DASH,Brown Shona L,,0001209191-22-028084,2022-05-09,S,5000,69.02,89656,D,,,,,,
1792789,2022-05-10,DASH,Sherringham Tia,,0001209191-22-028086,2022-05-09,A,23928,0.0,187265,D,,,,,,
1792789,2022-05-20,DASH,MERESMAN STANLEY J,,0001209191-22-031005,2022-05-18,S,6140,65.85,57706,D,,,,,,
1792789,2022-05-24,DASH,Yandell Keith,,0001209191-22-031736,2022-05-20,S,3700,61.181,271361,D,,,,,,
1792789,2022-05-24,DASH,Tang Stanley,,0001209191-22-031735,2022-05-20,S,700,61.228,52613,D,,,,,,
1792789,2022-05-24,DASH,Sherringham Tia,,0001209191-22-031734,2022-05-20,S,1800,61.289,185465,D,,,,,,
1792789,2022-05-24,DASH,Payne Christopher D,,0001209191-22-031733,2022-05-20,S,2900,61.209,401203,D,,,,,,
1792789,2022-05-24,DASH,Lee Gordon S,,0001209191-22-031732,2022-05-20,S,986,61.161,112705,D,,,,,,
1792789,2022-05-24,DASH,Fang Andy,,0001209191-22-031731,2022-05-20,S,1300,61.169,78230,D,,,,,,
1792789,2022-05-24,DASH,Adarkar Prabir,,0001209191-22-031730,2022-05-20,S,10600,61.203,901792,D,,,,,,
1792789,2022-05-26,DASH,Yandell Keith,,0001209191-22-032318,2022-05-26,M,38298,3.28,299965,D,,,,,,
1792789,2022-05-26,DASH,Fang Andy,,0001209191-22-032229,2022-05-24,J,7590,0.0,63890,D,,,,,,
1792789,2022-05-26,DASH,Tang Stanley,,0001209191-22-032248,2022-05-24,J,3339,0.0,45946,D,,,,,,
1792789,2022-05-26,DASH,Yandell Keith,,0001209191-22-032318,2022-05-26,S,43676,70.062,256289,D,,,,,,
1792789,2022-05-27,DASH,Sherringham Tia,,0001209191-22-032557,2022-05-25,S,300,62.387,177914,D,,,,,,
1792789,2022-06-02,DASH,Sherringham Tia,,0001209191-22-033488,2022-05-31,S,625,78.8,167959,D,,,,,,
1792789,2022-06-02,DASH,Sherringham Tia,,0001209191-22-033488,2022-05-31,M,625,7.16,168584,D,,,,,,
1792789,2022-06-08,DASH,Brown Shona L,,0001209191-22-034993,2022-06-06,S,1250,70.6,88406,D,,,,,,
1792789,2022-06-27,DASH,Brown Shona L,,0001209191-22-039427,2022-06-23,A,3557,0.0,91963,D,,,,,,
1792789,2022-06-27,DASH,DOERR L JOHN,,0001209191-22-039429,2022-06-23,A,3557,0.0,4953,D,,,,,,
1792789,2022-06-27,DASH,Peters Gregory K,,0001209191-22-039440,2022-06-23,A,3557,0.0,6394,D,,,,,,
1792789,2022-06-27,DASH,MERESMAN STANLEY J,,0001209191-22-039435,2022-06-23,A,3557,0.0,52403,D,,,,,,
1792789,2022-06-27,DASH,Lin Alfred,,0001209191-22-039432,2022-06-23,A,3557,0.0,4953,D,,,,,,
1792789,2022-06-29,DASH,Sherringham Tia,,0001209191-22-039772,2022-06-27,M,625,7.16,168584,D,,,,,,
1792789,2022-06-29,DASH,Sherringham Tia,,0001209191-22-039772,2022-06-27,S,625,74.25,167959,D,,,,,,
1792789,2022-06-29,DASH,Brown Shona L,,0001209191-22-039771,2022-06-27,S,670,70.964,91293,D,,,,,,
1792789,2022-07-11,DASH,Brown Shona L,,0001209191-22-041773,2022-07-07,S,1250,69.33,89778,D,,,,,,
1792789,2022-08-05,DASH,Yandell Keith,,0001209191-22-044615,2022-08-03,M,16670,3.28,272959,D,,,,,,
1792789,2022-08-08,DASH,Brown Shona L,,0001209191-22-044793,2022-08-04,S,1250,80.95,88528,D,,,,,,
1792789,2022-08-15,DASH,Lee Gordon S,,0001209191-22-045824,2022-08-11,S,1000,81.64,106780,D,,,,,,
1792789,2022-08-22,DASH,MERESMAN STANLEY J,,0001209191-22-047007,2022-08-18,S,12500,66.674,39903,D,,,,,,
1792789,2022-08-23,DASH,Mertz Elinor,,0001209191-22-047180,2022-08-20,A,3465,0.0,3465,D,,,,,,
1792789,2022-08-24,DASH,Adarkar Prabir,,0001209191-22-047391,2022-08-22,S,19854,62.864,829325,D,,,,,,
1792789,2022-08-24,DASH,Lee Gordon S,,0001209191-22-047392,2022-08-22,S,1709,62.84,105071,D,,,,,,
1792789,2022-08-24,DASH,Payne Christopher D,,0001209191-22-047393,2022-08-22,S,4843,62.85,382490,D,,,,,,
1792789,2022-08-24,DASH,Sherringham Tia,,0001209191-22-047394,2022-08-22,S,2957,62.825,165002,D,,,,,,
1792789,2022-08-24,DASH,Yandell Keith,,0001209191-22-047396,2022-08-22,S,4160,62.846,268799,D,,,,,,
1792789,2022-08-24,DASH,Tang Stanley,,0001209191-22-047397,2022-08-22,S,1254,62.855,44692,D,,,,,,
1792789,2022-08-24,DASH,Fang Andy,,0001209191-22-047398,2022-08-24,J,15640,0.0,48250,D,,,,,,
1792789,2022-08-24,DASH,Tang Stanley,,0001209191-22-047397,2022-08-24,J,3408,0.0,38584,D,,,,,,
1792789,2022-09-08,DASH,Payne Christopher D,,0001209191-22-049161,2022-09-06,M,94000,1.5,464890,D,,,,,,
1792789,2022-09-08,DASH,Payne Christopher D,,0001209191-22-049161,2022-09-06,S,77114,57.805,387776,D,,,,,,
1792789,2022-09-08,DASH,Brown Shona L,,0001209191-22-049160,2022-09-06,S,1250,58.26,87278,D,,,,,,
1792789,2022-10-11,DASH,Brown Shona L,,0001209191-22-053278,2022-10-06,S,1250,53.27,86028,D,,,,,,
1792789,2022-11-08,DASH,Brown Shona L,,0001209191-22-056083,2022-11-04,S,1250,55.0,84778,D,,,,,,
1792789,2022-11-10,DASH,Payne Christopher D,,0001209191-22-056460,2022-11-09,S,38899,53.338,379084,D,,,,,,
1792789,2022-11-10,DASH,Payne Christopher D,,0001209191-22-056460,2022-11-09,M,47093,1.5,417983,D,,,,,,
1792789,2022-11-15,DASH,Lee Gordon S,,0001209191-22-056973,2022-11-11,S,1000,60.51,99971,D,,,,,,
1792789,2022-11-18,DASH,MERESMAN STANLEY J,,0001209191-22-057827,2022-11-16,S,9880,61.185,27523,D,,,,,,
1792789,2022-11-22,DASH,Tang Stanley,,0001209191-22-058371,2022-11-18,M,13965,7.16,52549,D,,,,,,
1792789,2022-11-22,DASH,Tang Stanley,,0001209191-22-058371,2022-11-21,J,13965,0.0,38584,D,,,,,,
1792789,2022-11-22,DASH,Tang Stanley,,0001209191-22-058371,2022-11-21,S,2576,55.162,32717,D,,,,,,
1792789,2022-11-23,DASH,Payne Christopher D,,0001209191-22-058645,2022-11-21,S,9546,55.118,361344,D,,,,,,
1792789,2022-11-23,DASH,Adarkar Prabir,,0001209191-22-058638,2022-11-21,S,3747,55.127,783381,D,,,,,,
1792789,2022-11-23,DASH,Fang Andy,,0001209191-22-058640,2022-11-21,J,15640,0.0,32610,D,,,,,,
1792789,2022-11-23,DASH,Lee Gordon S,,0001209191-22-058643,2022-11-21,S,3882,55.176,96089,D,,,,,,
1792789,2022-11-23,DASH,Yandell Keith,,0001209191-22-058648,2022-08-26,G,12000,0.0,247999,D,,,,,,
1792789,2022-11-23,DASH,Yandell Keith,,0001209191-22-058648,2022-11-18,G,10000,0.0,237999,D,,,,,,
1792789,2022-11-23,DASH,Yandell Keith,,0001209191-22-058648,2022-11-21,S,7944,55.135,230055,D,,,,,,
1792789,2022-11-23,DASH,Sherringham Tia,,0001209191-22-058646,2022-11-21,S,5150,55.098,153052,D,,,,,,
1792789,2022-12-08,DASH,Brown Shona L,,0001209191-22-060343,2022-12-06,S,1250,52.91,83528,D,,,,,,
1792789,2022-12-13,DASH,Payne Christopher D,,0001209191-22-060902,2022-12-09,M,47093,1.5,401036,D,,,,,,
1792789,2022-12-13,DASH,Payne Christopher D,,0001209191-22-060902,2022-12-09,S,1000,53.065,400036,D,,,,,,
1792789,2023-01-09,DASH,Brown Shona L,,0001209191-23-002549,2023-01-06,S,1250,47.32,82278,D,,,,,,
1792789,2023-01-11,DASH,Payne Christopher D,,0001209191-23-002969,2023-01-09,M,47093,1.5,401036,D,,,,,,
1792789,2023-01-11,DASH,Payne Christopher D,,0001209191-23-002969,2023-01-09,S,15956,46.841,385080,D,,,,,,
1792789,2023-01-20,DASH,Tang Stanley,,0001209191-23-004233,2023-01-18,J,2289,0.0,33506,D,,,,,,
1792789,2023-01-20,DASH,Fang Andy,,0001209191-23-004231,2023-01-18,J,7156,0.0,39766,D,,,,,,
1792789,2023-02-08,DASH,Brown Shona L,,0001209191-23-007763,2023-02-06,S,1250,58.02,81028,D,,,,,,
1792789,2023-02-13,DASH,Payne Christopher D,,0001209191-23-008721,2023-02-09,M,47093,1.5,401036,D,,,,,,
1792789,2023-02-13,DASH,Payne Christopher D,,0001209191-23-008721,2023-02-09,S,25504,62.89,375532,D,,,,,,
1792789,2023-02-21,DASH,Yandell Keith,,0001209191-23-011141,2023-02-16,S,10997,70.0,213650,D,,,,,,
1792789,2023-02-21,DASH,Yandell Keith,,0001209191-23-011141,2023-02-17,G,7500,0.0,206150,D,,,,,,
1792789,2023-02-23,DASH,Adarkar Prabir,,0001209191-23-012161,2023-02-21,S,13505,58.185,767657,D,,,,,,
1792789,2023-02-23,DASH,Tang Stanley,,0001209191-23-012158,2023-02-21,S,1002,58.173,32504,D,,,,,,
1792789,2023-02-23,DASH,Sherringham Tia,,0001209191-23-012167,2023-02-21,S,9290,58.171,139831,D,,,,,,
1792789,2023-02-23,DASH,Xu Tony,,0001209191-23-012155,2023-02-21,S,48897,57.991,83403,D,,,,,,
1792789,2023-02-23,DASH,Tang Stanley,,0001209191-23-012158,2023-02-23,J,465,0.0,31759,D,,,,,,
1792789,2023-02-23,DASH,Payne Christopher D,,0001209191-23-012165,2023-02-21,S,24089,58.208,329854,D,,,,,,
1792789,2023-02-23,DASH,Lee Gordon S,,0001209191-23-012162,2023-02-21,S,3286,58.191,90703,D,,,,,,
1792789,2023-02-23,DASH,Yandell Keith,,0001209191-23-012171,2023-02-21,S,13085,58.158,193065,D,,,,,,
1792789,2023-02-23,DASH,Fang Andy,,0001209191-23-012157,2023-02-21,S,24436,57.964,82330,D,,,,,,
1792789,2023-02-23,DASH,Fang Andy,,0001209191-23-012157,2023-02-22,M,67000,0.2,105142,D,,,,,,
1792789,2023-02-23,DASH,Fang Andy,,0001209191-23-012157,2023-02-21,M,67000,0.2,106766,D,,,,,,
1792789,2023-02-23,DASH,Fang Andy,,0001209191-23-012157,2023-02-23,J,935,0.0,37207,D,,,,,,
1792789,2023-02-23,DASH,Xu Tony,,0001209191-23-012155,2023-02-21,M,132300,0.2,132300,D,,,,,,
1792789,2023-02-23,DASH,Fang Andy,,0001209191-23-012157,2023-02-22,S,34568,57.488,70574,D,,,,,,
1792789,2023-02-27,DASH,MERESMAN STANLEY J,,0001209191-23-013205,2023-02-23,S,12029,57.559,10374,D,,,,,,
1792789,2023-03-01,DASH,Tang Stanley,,0001209191-23-014346,2023-02-27,M,93000,0.2,124759,D,,,,,,
1792789,2023-03-01,DASH,Tang Stanley,,0001209191-23-014346,2023-02-27,S,67050,54.325,57709,D,,,,,,
1792789,2023-03-01,DASH,Tang Stanley,,0001209191-23-014346,2023-02-28,M,93000,0.2,124759,D,,,,,,
1792789,2023-03-01,DASH,Tang Stanley,,0001209191-23-014346,2023-02-28,S,93000,54.32,31759,D,,,,,,
1792789,2023-03-02,DASH,Payne Christopher D,,0001209191-23-014964,2023-02-28,S,1807,58.388,322951,D,,,,,,
1792789,2023-03-02,DASH,"SC US (TTGP), LTD.",,0001062993-23-005653,2023-02-28,J,1114098,,3899341,I,,,,,,
1792789,2023-03-02,DASH,Lee Gordon S,,0001209191-23-014967,2023-02-28,S,2070,58.373,87833,D,,,,,,
1792789,2023-03-02,DASH,"SC US (TTGP), LTD.",,0001062993-23-005652,2023-02-28,J,1114098,,3899341,I,,,,,,
1792789,2023-03-02,DASH,"SC US (TTGP), LTD.",,0001062993-23-005672,2023-02-28,J,1114098,,3899341,I,,,,,,
1792789,2023-03-02,DASH,"SC US (TTGP), LTD.",,0001062993-23-005655,2023-02-28,J,1114098,,3899341,I,,,,,,
1792789,2023-03-02,DASH,Yandell Keith,,0001209191-23-014965,2023-02-28,S,3657,58.37,185608,D,,,,,,
1792789,2023-03-02,DASH,Lee Gordon S,,0001209191-23-014967,2023-03-01,S,1000,54.59,86833,D,,,,,,
1792789,2023-03-02,DASH,Lin Alfred,,0001062993-23-005649,2023-02-28,J,1114098,,3899341,I,,,,,,
1792789,2023-03-08,DASH,Fang Andy,,0001209191-23-017218,2023-03-06,M,67000,0.2,104207,D,,,,,,
1792789,2023-03-08,DASH,Fang Andy,,0001209191-23-017218,2023-03-06,S,66700,57.241,37507,D,,,,,,
1792789,2023-03-08,DASH,Fang Andy,,0001209191-23-017218,2023-03-07,S,14354,55.884,89853,D,,,,,,
1792789,2023-03-08,DASH,Fang Andy,,0001209191-23-017218,2023-03-07,M,67000,0.2,104207,D,,,,,,
1792789,2023-03-08,DASH,Brown Shona L,,0001209191-23-017192,2023-03-06,S,1250,57.52,79778,D,,,,,,
1792789,2023-03-09,DASH,"SC US (TTGP), LTD.",,0001062993-23-006463,2023-03-07,J,557049,,3342292,I,,,,,,
1792789,2023-03-09,DASH,"SC US (TTGP), LTD.",,0001062993-23-006462,2023-03-07,J,557049,,3342292,I,,,,,,
1792789,2023-03-09,DASH,Lin Alfred,,0001062993-23-006461,2023-03-07,J,557049,,3342292,I,,,,,,
1792789,2023-03-09,DASH,"SC US (TTGP), LTD.",,0001062993-23-006460,2023-03-07,J,557049,,3342292,I,,,,,,
1792789,2023-03-15,DASH,Xu Tony,,0001209191-23-018876,2023-03-13,M,132300,0.2,132300,D,,,,,,
1792789,2023-03-15,DASH,Xu Tony,,0001209191-23-018876,2023-03-13,S,45259,51.982,87041,D,,,,,,
1792789,2023-03-22,DASH,Tang Stanley,,0001209191-23-020502,2023-03-20,S,81482,58.863,43277,D,,,,,,
1792789,2023-03-22,DASH,Tang Stanley,,0001209191-23-020502,2023-03-20,M,93000,0.2,124759,D,,,,,,
1792789,2023-03-22,DASH,Tang Stanley,,0001209191-23-020502,2023-03-21,M,93000,0.2,124759,D,,,,,,
1792789,2023-03-22,DASH,Tang Stanley,,0001209191-23-020502,2023-03-21,S,89700,60.12,35059,D,,,,,,
1792789,2023-04-10,DASH,Tang Stanley,,0001209191-23-023889,2023-04-10,M,93000,0.2,124759,D,,,,,,
1792789,2023-04-10,DASH,Tang Stanley,,0001209191-23-023889,2023-04-06,M,93000,0.2,124759,D,,,,,,
1792789,2023-04-10,DASH,Tang Stanley,,0001209191-23-023889,2023-04-10,S,63214,59.394,61545,D,,,,,,
1792789,2023-04-10,DASH,Brown Shona L,,0001209191-23-023887,2023-04-06,S,1250,60.33,78528,D,,,,,,
1792789,2023-04-10,DASH,Tang Stanley,,0001209191-23-023889,2023-04-06,S,49641,58.81,75118,D,,,,,,
1792789,2023-04-12,DASH,Xu Tony,,0001209191-23-024146,2023-04-10,M,132300,0.2,132300,D,,,,,,
1792789,2023-04-12,DASH,Xu Tony,,0001209191-23-024146,2023-04-10,S,74669,59.326,57631,D,,,,,,
1792789,2023-04-24,DASH,Yandell Keith,,0001209191-23-025451,2023-04-20,A,41165,0.0,226773,D,,,,,,
1792789,2023-04-24,DASH,Inukonda Ravi,,0001209191-23-025445,2023-04-20,A,205828,0.0,506681,D,,,,,,
1792789,2023-04-24,DASH,Tang Stanley,,0001209191-23-025449,2023-04-20,A,9948,0.0,41707,D,,,,,,
1792789,2023-04-24,DASH,Fang Andy,,0001209191-23-025443,2023-04-20,M,67000,0.2,121015,D,,,,,,
1792789,2023-04-24,DASH,Lee Gordon S,,0001209191-23-025446,2023-04-20,A,24013,0.0,110846,D,,,,,,
1792789,2023-04-24,DASH,Fang Andy,,0001209191-23-025443,2023-04-20,S,67000,60.694,54015,D,,,,,,
1792789,2023-04-24,DASH,Fang Andy,,0001209191-23-025443,2023-04-21,S,66979,59.201,54036,D,,,,,,
1792789,2023-04-24,DASH,Sherringham Tia,,0001209191-23-025448,2023-04-20,A,109775,0.0,247106,D,,,,,,
1792789,2023-04-24,DASH,Adarkar Prabir,,0001209191-23-025442,2023-04-20,A,192106,0.0,956511,D,,,,,,
1792789,2023-04-24,DASH,Fang Andy,,0001209191-23-025443,2023-04-20,A,9948,0.0,47155,D,,,,,,
1792789,2023-04-24,DASH,Fang Andy,,0001209191-23-025443,2023-04-21,M,67000,0.2,121015,D,,,,,,
1792789,2023-05-08,DASH,Brown Shona L,,0001209191-23-028038,2023-05-04,S,1250,62.74,77278,D,,,,,,
1792789,2023-05-11,DASH,Tang Stanley,,0001209191-23-028717,2023-05-09,M,93000,0.2,144998,D,,,,,,
1792789,2023-05-11,DASH,Tang Stanley,,0001209191-23-028717,2023-05-09,S,9881,66.391,135117,D,,,,,,
1792789,2023-05-11,DASH,Tang Stanley,,0001209191-23-028717,2023-05-10,M,93000,0.2,144998,D,,,,,,
1792789,2023-05-11,DASH,Tang Stanley,,0001209191-23-028717,2023-05-10,S,60370,67.085,84628,D,,,,,,
1792789,2023-05-15,DASH,Fang Andy,,0001209191-23-029426,2023-05-12,S,51612,66.865,69403,D,,,,,,
1792789,2023-05-15,DASH,Fang Andy,,0001209191-23-029426,2023-05-11,S,66700,68.462,54315,D,,,,,,
1792789,2023-05-15,DASH,Fang Andy,,0001209191-23-029426,2023-05-11,M,67000,0.2,121015,D,,,,,,
1792789,2023-05-15,DASH,Lee Gordon S,,0001209191-23-029421,2023-05-11,S,1000,68.94,113276,D,,,,,,
1792789,2023-05-15,DASH,Fang Andy,,0001209191-23-029426,2023-05-12,M,67000,0.2,121015,D,,,,,,
1792789,2023-05-17,DASH,Xu Tony,,0001209191-23-030305,2023-05-15,M,132300,0.2,132300,D,,,,,,
1792789,2023-05-17,DASH,Xu Tony,,0001209191-23-030305,2023-05-15,S,132300,66.002,0,D,,,,,,
1792789,2023-05-17,DASH,Yandell Keith,,0001209191-23-030307,2023-05-15,G,7500,0.0,253577,D,,,,,,
1792789,2023-05-24,DASH,Lee Gordon S,,0001209191-23-032000,2023-05-22,S,1551,65.884,111725,D,,,,,,
1792789,2023-05-24,DASH,Tang Stanley,,0001209191-23-031992,2023-05-24,J,412,0.0,48128,D,,,,,,
1792789,2023-05-24,DASH,Tang Stanley,,0001209191-23-031992,2023-05-22,S,817,65.921,51181,D,,,,,,
1792789,2023-05-24,DASH,Adarkar Prabir,,0001209191-23-031995,2023-05-22,S,501,64.653,1024619,D,,,,,,
1792789,2023-05-24,DASH,Yandell Keith,,0001209191-23-031999,2023-05-22,S,2173,65.886,251404,D,,,,,,
1792789,2023-05-24,DASH,Fang Andy,,0001209191-23-031993,2023-05-22,S,849,65.903,53166,D,,,,,,
1792789,2023-05-24,DASH,Fang Andy,,0001209191-23-031993,2023-05-24,J,828,0.0,49688,D,,,,,,
1792789,2023-05-24,DASH,Inukonda Ravi,,0001209191-23-031997,2023-05-22,S,401,64.502,506280,D,,,,,,
1792789,2023-05-24,DASH,Xu Tony,,0001209191-23-031991,2023-05-22,M,13965,7.16,13965,D,,,,,,
1792789,2023-05-24,DASH,Sherringham Tia,,0001209191-23-031998,2023-05-22,S,2902,65.811,295661,D,,,,,,
1792789,2023-05-26,DASH,MERESMAN STANLEY J,,0001209191-23-032573,2023-05-24,S,3846,65.36,3557,D,,,,,,
1792789,2023-05-30,DASH,Xu Tony,,0001209191-23-032860,2023-05-25,J,13965,0.0,0,D,,,,,,
1792789,2023-05-30,DASH,Xu Tony,,0001209191-23-032860,2023-05-25,G,193200,0.0,0,D,,,,,,
1792789,2023-06-08,DASH,Brown Shona L,,0001209191-23-035377,2023-06-06,S,1250,68.76,76028,D,,,,,,
1792789,2023-06-09,DASH,Tang Stanley,,0001209191-23-035932,2023-06-08,S,39007,69.87,102121,D,,,,,,
1792789,2023-06-09,DASH,Tang Stanley,,0001209191-23-035932,2023-06-07,S,21347,69.24,119781,D,,,,,,
1792789,2023-06-09,DASH,Tang Stanley,,0001209191-23-035932,2023-06-08,M,93000,0.2,141128,D,,,,,,
1792789,2023-06-09,DASH,Yandell Keith,,0001209191-23-035935,2023-06-08,S,3500,69.17,240905,D,,,,,,
1792789,2023-06-09,DASH,Tang Stanley,,0001209191-23-035932,2023-06-07,M,93000,0.2,141128,D,,,,,,
1792789,2023-06-13,DASH,Inukonda Ravi,,0001209191-23-036812,2023-06-09,S,3500,70.23,490618,D,,,,,,
1792789,2023-06-14,DASH,Xu Tony,,0001209191-23-037000,2023-06-12,S,37455,71.235,94845,D,,,,,,
1792789,2023-06-14,DASH,Xu Tony,,0001209191-23-037000,2023-06-12,M,132300,0.2,132300,D,,,,,,
1792789,2023-06-22,DASH,Mertz Elinor,,0001209191-23-039040,2023-06-20,A,3424,0.0,10164,D,,,,,,
1792789,2023-06-22,DASH,Lin Alfred,,0001209191-23-039123,2023-06-20,A,3424,0.0,8377,D,,,,,,
1792789,2023-06-22,DASH,PIACENTINI DIEGO,,0001209191-23-039043,2023-06-20,A,3424,0.0,3424,D,,,,,,
1792789,2023-06-22,DASH,Peters Gregory K,,0001209191-23-039041,2023-06-20,A,3424,0.0,9818,D,,,,,,
1792789,2023-06-22,DASH,DOERR L JOHN,,0001209191-23-039037,2023-06-20,A,3424,0.0,3424,D,,,,,,
1792789,2023-06-22,DASH,Brown Shona L,,0001209191-23-039036,2023-06-20,A,3424,0.0,79452,D,,,,,,
1792789,2023-06-26,DASH,Fang Andy,,0001209191-23-039685,2023-06-23,S,39398,71.964,77290,D,,,,,,
1792789,2023-06-26,DASH,Fang Andy,,0001209191-23-039685,2023-06-22,M,67000,0.2,116688,D,,,,,,
1792789,2023-06-26,DASH,Fang Andy,,0001209191-23-039685,2023-06-22,S,49842,72.7,66846,D,,,,,,
1792789,2023-06-26,DASH,Fang Andy,,0001209191-23-039685,2023-06-23,M,67000,0.2,116688,D,,,,,,
1792789,2023-06-27,DASH,Inukonda Ravi,,0001209191-23-039926,2023-06-26,S,3500,75.0004,487118,D,,,,,,
1792789,2023-06-30,DASH,Brown Shona L,,0001209191-23-040349,2023-06-28,S,1779,74.87,77673,D,,,,,,
1792789,2023-07-06,DASH,Yandell Keith,,0001209191-23-041514,2023-07-03,S,3500,76.74,237405,D,,,,,,
1792789,2023-07-11,DASH,Brown Shona L,,0001209191-23-042001,2023-07-07,S,1253,77.36,76420,D,,,,,,
1792789,2023-07-13,DASH,Tang Stanley,,0001209191-23-042184,2023-07-12,S,89923,80.124,51205,D,,,,,,
1792789,2023-07-13,DASH,Tang Stanley,,0001209191-23-042184,2023-07-12,M,93000,0.2,141128,D,,,,,,
1792789,2023-07-13,DASH,Tang Stanley,,0001209191-23-042184,2023-07-11,S,93000,78.975,48128,D,,,,,,
1792789,2023-07-13,DASH,Tang Stanley,,0001209191-23-042184,2023-07-11,M,93000,0.2,141128,D,,,,,,
1792789,2023-07-17,DASH,Fang Andy,,0001209191-23-042398,2023-07-14,M,67000,0.2,116688,D,,,,,,
1792789,2023-07-17,DASH,Fang Andy,,0001209191-23-042398,2023-07-14,S,24871,82.329,91817,D,,,,,,
1792789,2023-07-17,DASH,Fang Andy,,0001209191-23-042398,2023-07-13,S,55559,82.095,61129,D,,,,,,
1792789,2023-07-17,DASH,Fang Andy,,0001209191-23-042398,2023-07-13,M,67000,0.2,116688,D,,,,,,
1792789,2023-07-19,DASH,Xu Tony,,0001209191-23-042729,2023-07-17,M,132300,0.2,132300,D,,,,,,
1792789,2023-07-19,DASH,Xu Tony,,0001209191-23-042729,2023-07-17,S,8526,83.426,123774,D,,,,,,
1792789,2023-08-02,DASH,Inukonda Ravi,,0001209191-23-044178,2023-07-31,S,7000,90.11,480118,D,,,,,,
1792789,2023-08-03,DASH,Yandell Keith,,0001209191-23-044394,2023-08-01,S,3500,89.5,233905,D,,,,,,
1792789,2023-08-08,DASH,Brown Shona L,,0001209191-23-045006,2023-08-04,S,700,85.95,75720,D,,,,,,
1792789,2023-08-10,DASH,Lin Alfred,,0001062993-23-016222,2023-08-08,J,557049,,2785243,I,,,,,,
1792789,2023-08-14,DASH,Tang Stanley,,0001209191-23-045656,2023-08-10,S,26552,81.752,114576,D,,,,,,
1792789,2023-08-14,DASH,Tang Stanley,,0001209191-23-045656,2023-08-11,M,93000,0.2,141128,D,,,,,,
1792789,2023-08-14,DASH,Tang Stanley,,0001209191-23-045656,2023-08-10,M,93000,0.2,141128,D,,,,,,
1792789,2023-08-14,DASH,Tang Stanley,,0001209191-23-045656,2023-08-11,S,51000,79.209,90128,D,,,,,,
1792789,2023-08-15,DASH,Lee Gordon S,,0001209191-23-045825,2023-08-11,S,1000,81.41,105321,D,,,,,,
1792789,2023-08-17,DASH,Xu Tony,,0001209191-23-046225,2023-08-15,M,132300,0.2,132300,D,,,,,,
1792789,2023-08-17,DASH,Xu Tony,,0001209191-23-046225,2023-08-15,S,76495,78.631,55805,D,,,,,,
1792789,2023-08-18,DASH,Yandell Keith,,0001209191-23-046543,2023-08-16,G,5000,0.0,228905,D,,,,,,
1792789,2023-08-22,DASH,Still Ashley,,0001209191-23-046889,2023-08-20,A,2848,0.0,2848,D,,,,,,
1792789,2023-08-23,DASH,Tang Stanley,,0001209191-23-047078,2023-08-23,J,406,0.0,44182,D,,,,,,
1792789,2023-08-23,DASH,Fang Andy,,0001209191-23-047074,2023-08-23,J,812,0.0,45296,D,,,,,,
1792789,2023-08-23,DASH,Lee Gordon S,,0001209191-23-047076,2023-08-21,S,2691,75.675,102630,D,,,,,,
1792789,2023-08-23,DASH,Sherringham Tia,,0001209191-23-047077,2023-08-21,S,9382,75.712,276938,D,,,,,,
1792789,2023-08-23,DASH,Adarkar Prabir,,0001209191-23-047073,2023-08-21,S,13347,75.677,992761,D,,,,,,
1792789,2023-08-23,DASH,Yandell Keith,,0001209191-23-047079,2023-08-21,S,6861,75.691,222044,D,,,,,,
1792789,2023-08-23,DASH,Fang Andy,,0001209191-23-047074,2023-08-21,S,2566,75.686,47122,D,,,,,,
1792789,2023-08-23,DASH,Inukonda Ravi,,0001209191-23-047075,2023-08-21,S,9066,75.691,471052,D,,,,,,
1792789,2023-08-23,DASH,Tang Stanley,,0001209191-23-047078,2023-08-21,S,2602,75.704,45526,D,,,,,,
1792789,2023-08-28,DASH,Fang Andy,,0001209191-23-047500,2023-08-24,M,67000,0.2,112296,D,,,,,,
1792789,2023-08-28,DASH,Fang Andy,,0001209191-23-047500,2023-08-24,S,60525,76.322,51771,D,,,,,,
1792789,2023-08-28,DASH,Fang Andy,,0001209191-23-047500,2023-08-25,M,67000,0.2,112296,D,,,,,,
1792789,2023-08-28,DASH,Fang Andy,,0001209191-23-047500,2023-08-25,S,42095,76.958,70201,D,,,,,,
1792789,2023-08-31,DASH,Lin Alfred,,0001062993-23-017373,2023-08-29,J,557049,,2228194,I,,,,,,
1792789,2023-09-01,DASH,Inukonda Ravi,,0001209191-23-047930,2023-08-30,S,7000,81.0,460288,D,,,,,,
1792789,2023-09-05,DASH,Fang Andy,,0001209191-23-048151,2023-08-31,J,5000,0.0,5000,I,,,,,,
1792789,2023-09-05,DASH,Fang Andy,,0001209191-23-048151,2023-08-31,G,5000,0.0,0,I,,,,,,
1792789,2023-09-06,DASH,Yandell Keith,,0001209191-23-048340,2023-09-01,S,3500,85.0,216021,D,,,,,,
1792789,2023-09-07,DASH,Tang Stanley,,0001209191-23-048654,2023-09-05,S,93000,83.763,44182,D,,,,,,
1792789,2023-09-07,DASH,Lin Alfred,,0001062993-23-017802,2023-09-05,J,557049,,1671145,I,,,,,,
1792789,2023-09-07,DASH,Tang Stanley,,0001209191-23-048654,2023-09-06,M,93000,0.2,137182,D,,,,,,
1792789,2023-09-07,DASH,Tang Stanley,,0001209191-23-048654,2023-09-06,S,67855,81.964,69327,D,,,,,,
1792789,2023-09-07,DASH,Tang Stanley,,0001209191-23-048654,2023-09-05,M,93000,0.2,137182,D,,,,,,
1792789,2023-09-11,DASH,Fang Andy,,0001209191-23-048921,2023-09-07,S,46500,80.596,65796,D,,,,,,
1792789,2023-09-11,DASH,Fang Andy,,0001209191-23-048921,2023-09-07,M,67000,0.2,112296,D,,,,,,
1792789,2023-09-11,DASH,Fang Andy,,0001209191-23-048921,2023-09-08,M,67000,0.2,112296,D,,,,,,
1792789,2023-09-11,DASH,Fang Andy,,0001209191-23-048921,2023-09-08,S,39390,80.678,72906,D,,,,,,
1792789,2023-09-11,DASH,Adarkar Prabir,,0001209191-23-048922,2023-09-08,S,8000,81.81,978676,D,,,,,,
1792789,2023-09-11,DASH,Brown Shona L,,0001209191-23-048920,2023-09-07,S,703,81.39,75017,D,,,,,,
1792789,2023-09-14,DASH,Xu Tony,,0001209191-23-049419,2023-09-12,M,132300,0.2,132300,D,,,,,,
1792789,2023-09-14,DASH,Xu Tony,,0001209191-23-049419,2023-09-12,S,50114,82.972,82186,D,,,,,,
1792789,2023-10-03,DASH,Inukonda Ravi,,0001209191-23-051465,2023-09-29,S,1950,79.707,458338,D,,,,,,
1792789,2023-10-04,DASH,Adarkar Prabir,,0001209191-23-052003,2023-10-02,S,7515,78.937,971161,D,,,,,,
1792789,2023-10-04,DASH,Yandell Keith,,0001209191-23-052006,2023-10-02,S,3500,78.58,212521,D,,,,,,
1792789,2023-10-06,DASH,Brown Shona L,,0001209191-23-052311,2023-10-05,S,700,77.18,74317,D,,,,,,
1792789,2023-10-12,DASH,Xu Tony,,0001209191-23-052698,2023-10-10,M,132300,0.2,132300,D,,,,,,
1792789,2023-10-12,DASH,Xu Tony,,0001209191-23-052698,2023-10-10,S,16451,76.704,115849,D,,,,,,
1792789,2023-10-16,DASH,Fang Andy,,0001209191-23-052842,2023-10-12,S,38672,80.751,73624,D,,,,,,
1792789,2023-10-16,DASH,Fang Andy,,0001209191-23-052842,2023-10-12,M,67000,0.2,112296,D,,,,,,
1792789,2023-10-16,DASH,Fang Andy,,0001209191-23-052842,2023-10-13,M,67000,0.2,112296,D,,,,,,
1792789,2023-10-16,DASH,Fang Andy,,0001209191-23-052842,2023-10-13,S,13093,77.726,99203,D,,,,,,
1792789,2023-10-18,DASH,Tang Stanley,,0001209191-23-053127,2023-10-17,M,93000,0.2,137182,D,,,,,,
1792789,2023-10-18,DASH,Tang Stanley,,0001209191-23-053127,2023-10-16,M,93000,0.2,137182,D,,,,,,
1792789,2023-10-18,DASH,Tang Stanley,,0001209191-23-053127,2023-10-17,S,36239,75.182,100943,D,,,,,,
1792789,2023-10-18,DASH,Tang Stanley,,0001209191-23-053127,2023-10-16,S,16818,74.42,120364,D,,,,,,
1792789,2023-11-01,DASH,Inukonda Ravi,,0001209191-23-054015,2023-10-30,S,3500,71.61,449788,D,,,,,,
1792789,2023-11-01,DASH,Inukonda Ravi,,0001209191-23-054015,2023-10-31,S,3500,75.004,446288,D,,,,,,
1792789,2023-11-03,DASH,Adarkar Prabir,,0001209191-23-054324,2023-11-01,S,8000,75.42,962676,D,,,,,,
1792789,2023-11-03,DASH,Yandell Keith,,0001209191-23-054325,2023-11-01,S,3500,75.621,209021,D,,,,,,
1792789,2023-11-08,DASH,Brown Shona L,,0001209191-23-054724,2023-11-06,S,700,92.49,73617,D,,,,,,
1792789,2023-11-09,DASH,Yandell Keith,,0001209191-23-054851,2023-11-07,G,5000,0.0,204021,D,,,,,,
1792789,2023-11-09,DASH,Lin Alfred,,0001062993-23-020438,2023-11-07,J,557049,,1114096,I,,,,,,
1792789,2023-11-15,DASH,Lin Alfred,,0001062993-23-020926,2023-11-13,J,557049,,557047,I,,,,,,
1792789,2023-11-15,DASH,Lee Gordon S,,0001209191-23-055376,2023-11-13,S,1000,86.7,100412,D,,,,,,
1792789,2023-11-15,DASH,Tang Stanley,,0001209191-23-055378,2023-11-14,S,10441,91.631,126741,D,,,,,,
1792789,2023-11-15,DASH,Tang Stanley,,0001209191-23-055378,2023-11-13,M,93000,0.2,137182,D,,,,,,
1792789,2023-11-15,DASH,Tang Stanley,,0001209191-23-055378,2023-11-13,S,5434,86.989,131748,D,,,,,,
1792789,2023-11-15,DASH,Tang Stanley,,0001209191-23-055378,2023-11-14,M,93000,0.2,137182,D,,,,,,
1792789,2023-11-17,DASH,Xu Tony,,0001209191-23-055713,2023-11-15,S,44422,94.232,87878,D,,,,,,
1792789,2023-11-17,DASH,Xu Tony,,0001209191-23-055713,2023-11-15,M,132300,0.2,132300,D,,,,,,
1792789,2023-11-20,DASH,Fang Andy,,0001209191-23-056081,2023-11-16,S,65509,94.388,46787,D,,,,,,
1792789,2023-11-20,DASH,Fang Andy,,0001209191-23-056081,2023-11-16,M,67000,0.2,112296,D,,,,,,
1792789,2023-11-20,DASH,Fang Andy,,0001209191-23-056081,2023-11-17,M,67000,0.2,112296,D,,,,,,
1792789,2023-11-20,DASH,Fang Andy,,0001209191-23-056081,2023-11-17,S,61084,95.067,51212,D,,,,,,
1792789,2023-11-22,DASH,Lee Gordon S,,0001209191-23-056440,2023-11-20,S,1450,94.937,98962,D,,,,,,
1792789,2023-11-22,DASH,Tang Stanley,,0001209191-23-056442,2023-11-21,J,415,0.0,40304,D,,,,,,
1792789,2023-11-22,DASH,Inukonda Ravi,,0001209191-23-056439,2023-11-20,S,892,94.396,445396,D,,,,,,
1792789,2023-11-22,DASH,Yandell Keith,,0001209191-23-056444,2023-11-20,S,3230,94.907,200791,D,,,,,,
1792789,2023-11-22,DASH,Tang Stanley,,0001209191-23-056442,2023-11-20,S,250,94.314,43932,D,,,,,,
1792789,2023-11-22,DASH,Lin Alfred,,0001062993-23-021359,2023-11-20,J,557047,,0,I,,,,,,
1792789,2023-11-22,DASH,Fang Andy,,0001209191-23-056438,2023-11-20,S,457,94.587,44839,D,,,,,,
1792789,2023-11-22,DASH,Sherringham Tia,,0001209191-23-056441,2023-11-20,S,800,94.46,273004,D,,,,,,
1792789,2023-11-22,DASH,Fang Andy,,0001209191-23-056438,2023-11-21,J,828,0.0,40969,D,,,,,,
1792789,2023-11-22,DASH,Adarkar Prabir,,0001209191-23-056437,2023-11-20,S,1000,94.399,961676,D,,,,,,
1792789,2023-11-30,DASH,Yandell Keith,,0001209191-23-056966,2023-11-28,G,5000,0.0,189850,D,,,,,,
1792789,2023-12-04,DASH,Inukonda Ravi,,0001209191-23-057227,2023-11-30,S,7000,94.81,426738,D,,,,,,
1792789,2023-12-05,DASH,Adarkar Prabir,,0001209191-23-057392,2023-12-01,S,8000,93.05,936900,D,,,,,,
1792789,2023-12-05,DASH,Yandell Keith,,0001209191-23-057394,2023-12-01,S,3500,93.05,186350,D,,,,,,
1792789,2023-12-07,DASH,Tang Stanley,,0001209191-23-057719,2023-12-06,M,93000,0.2,133304,D,,,,,,
1792789,2023-12-07,DASH,Tang Stanley,,0001209191-23-057719,2023-12-05,S,69861,95.612,63443,D,,,,,,
1792789,2023-12-07,DASH,Tang Stanley,,0001209191-23-057719,2023-12-06,S,41914,97.923,91390,D,,,,,,
1792789,2023-12-07,DASH,Tang Stanley,,0001209191-23-057719,2023-12-05,M,93000,0.2,133304,D,,,,,,
1792789,2023-12-08,DASH,Brown Shona L,,0001209191-23-057904,2023-12-06,S,703,98.0,72914,D,,,,,,
1792789,2023-12-08,DASH,Xu Tony,,0001209191-23-057907,2023-12-06,J,183000,0.0,183000,D,,,,,,
1792789,2023-12-08,DASH,Xu Tony,,0001209191-23-057907,2023-12-06,G,183000,0.0,0,D,,,,,,
1792789,2023-12-12,DASH,Sherringham Tia,,0001209191-23-058244,2023-12-08,S,400,98.033,261163,D,,,,,,
1792789,2023-12-14,DASH,Xu Tony,,0001209191-23-058635,2023-12-12,M,132300,0.2,132300,D,,,,,,
1792789,2023-12-14,DASH,Xu Tony,,0001209191-23-058635,2023-12-12,S,129194,101.063,3106,D,,,,,,
1792789,2023-12-21,DASH,Fang Andy,,0001209191-23-059423,2023-12-20,J,6255,0.0,40969,D,,,,,,
1792789,2023-12-21,DASH,Fang Andy,,0001209191-23-059423,2023-12-19,M,6255,7.16,47224,D,,,,,,
1792789,2024-01-02,DASH,Fang Andy,,0001209191-24-000078,2023-12-28,S,64271,99.769,43698,D,,,,,,
1792789,2024-01-02,DASH,Fang Andy,,0001209191-24-000078,2023-12-29,M,67000,0.2,107969,D,,,,,,
1792789,2024-01-02,DASH,Fang Andy,,0001209191-24-000078,2023-12-28,M,67000,0.2,107969,D,,,,,,
1792789,2024-01-02,DASH,Fang Andy,,0001209191-24-000078,2023-12-29,S,61430,99.933,46539,D,,,,,,
1792789,2024-01-03,DASH,Inukonda Ravi,,0001209191-24-000331,2023-12-29,S,6531,100.042,420207,D,,,,,,
1792789,2024-01-04,DASH,Adarkar Prabir,,0001209191-24-000759,2024-01-02,S,4740,97.489,932160,D,,,,,,
1792789,2024-01-04,DASH,Yandell Keith,,0001209191-24-000761,2024-01-02,S,3500,97.8,182850,D,,,,,,
1792789,2024-01-09,DASH,Brown Shona L,,0001209191-24-001232,2024-01-05,S,700,93.54,72214,D,,,,,,
1792789,2024-01-10,DASH,Tang Stanley,,0001209191-24-001342,2024-01-08,S,25318,97.51,107986,D,,,,,,
1792789,2024-01-10,DASH,Tang Stanley,,0001209191-24-001342,2024-01-09,S,2500,97.328,130804,D,,,,,,
1792789,2024-01-10,DASH,Tang Stanley,,0001209191-24-001342,2024-01-08,M,93000,0.2,133304,D,,,,,,
1792789,2024-01-10,DASH,Tang Stanley,,0001209191-24-001342,2024-01-09,M,93000,0.2,133304,D,,,,,,
1792789,2024-01-12,DASH,Xu Tony,,0001209191-24-001505,2024-01-10,S,27003,104.427,105297,D,,,,,,
1792789,2024-01-12,DASH,Xu Tony,,0001209191-24-001505,2024-01-10,M,132300,0.2,132300,D,,,,,,
1792789,2024-01-16,DASH,Fang Andy,,0001209191-24-001628,2024-01-12,S,15002,104.475,92967,D,,,,,,
1792789,2024-01-16,DASH,Fang Andy,,0001209191-24-001628,2024-01-12,M,67000,0.2,107969,D,,,,,,
1792789,2024-01-16,DASH,Fang Andy,,0001209191-24-001628,2024-01-11,S,14092,102.827,93877,D,,,,,,
1792789,2024-01-16,DASH,Fang Andy,,0001209191-24-001628,2024-01-11,M,67000,0.2,107969,D,,,,,,
1792789,2024-02-01,DASH,Inukonda Ravi,isOfficer,0001415889-24-002164,2024-01-30,S,5000,109.73,414738,D,,,,,,
1792789,2024-02-05,DASH,Yandell Keith,isOfficer,0001415889-24-002507,2024-02-01,S,3500,104.89,179350,D,,,,,,
1792789,2024-02-05,DASH,Adarkar Prabir,isOfficer,0001415889-24-002503,2024-02-01,M,8000,7.16,936900,D,,,,,,
1792789,2024-02-05,DASH,Adarkar Prabir,isOfficer,0001415889-24-002503,2024-02-01,S,8000,104.89,928900,D,,,,,,
1792789,2024-02-07,DASH,Tang Stanley,isDirector,0001415889-24-002907,2024-02-05,S,79862,107.848,53442,D,,,,,,
1792789,2024-02-07,DASH,Tang Stanley,isDirector,0001415889-24-002907,2024-02-06,M,73390,0.2,113694,D,,,,,,
1792789,2024-02-07,DASH,Tang Stanley,isDirector,0001415889-24-002907,2024-02-05,M,93000,0.2,133304,D,,,,,,
1792789,2024-02-07,DASH,Tang Stanley,isDirector,0001415889-24-002907,2024-02-06,S,23035,108.994,90659,D,,,,,,
1792789,2024-02-08,DASH,Brown Shona L,isDirector,0001415889-24-003027,2024-02-06,S,700,109.71,71514,D,,,,,,
1792789,2024-02-14,DASH,Xu Tony,"isDirector,isOfficer,isTenPercentOwner",0001415889-24-003705,2024-02-12,M,132300,0.2,132300,D,,,,,,
1792789,2024-02-14,DASH,Xu Tony,"isDirector,isOfficer,isTenPercentOwner",0001415889-24-003705,2024-02-12,S,25341,119.142,106959,D,,,,,,
1792789,2024-02-14,DASH,Sherringham Tia,isOfficer,0001415889-24-003710,2024-02-12,S,1880,120.15,217260,D,,,,,,
1792789,2024-02-16,DASH,Sherringham Tia,isOfficer,0001415889-24-004092,2024-02-14,S,23125,120.077,194135,D,,,,,,
1792789,2024-02-20,DASH,Fang Andy,isDirector,0001415889-24-004370,2024-02-16,M,67000,0.2,107969,D,,,,,,
1792789,2024-02-20,DASH,Sherringham Tia,isOfficer,0001415889-24-004372,2024-02-15,S,300,120.147,193835,D,,,,,,
1792789,2024-02-20,DASH,Fang Andy,isDirector,0001415889-24-004370,2024-02-15,S,3476,119.124,104493,D,,,,,,
1792789,2024-02-20,DASH,Fang Andy,isDirector,0001415889-24-004370,2024-02-16,S,28215,109.995,79754,D,,,,,,
1792789,2024-02-20,DASH,Fang Andy,isDirector,0001415889-24-004370,2024-02-15,M,67000,0.2,107969,D,,,,,,
1792789,2024-02-22,DASH,Inukonda Ravi,isOfficer,0001415889-24-004784,2024-02-20,S,3741,111.36,410997,D,,,,,,
1792789,2024-02-22,DASH,Fang Andy,isDirector,0001415889-24-004788,2024-02-20,S,1196,111.369,39773,D,,,,,,
1792789,2024-02-22,DASH,Tang Stanley,isDirector,0001415889-24-004789,2024-02-21,J,391,0.0,36251,D,,,,,,
1792789,2024-02-22,DASH,Yandell Keith,isOfficer,0001415889-24-004787,2024-02-20,S,3642,111.456,175708,D,,,,,,
1792789,2024-02-22,DASH,Tang Stanley,isDirector,0001415889-24-004789,2024-02-20,S,750,111.16,39554,D,,,,,,
1792789,2024-02-22,DASH,Adarkar Prabir,isOfficer,0001415889-24-004783,2024-02-20,S,3391,111.287,925509,D,,,,,,
1792789,2024-02-22,DASH,Fang Andy,isDirector,0001415889-24-004788,2024-02-21,J,783,0.0,36482,D,,,,,,
1792789,2024-02-22,DASH,Sherringham Tia,isOfficer,0001415889-24-004786,2024-02-20,S,2109,111.222,189522,D,,,,,,
1792789,2024-02-22,DASH,Lee Gordon S,isOfficer,0001415889-24-004785,2024-02-20,S,1318,111.41,95620,D,,,,,,
1792789,2024-02-27,DASH,Sherringham Tia,isOfficer,0001415889-24-005467,2024-02-23,S,3731,120.633,176182,D,,,,,,
1792789,2024-02-29,DASH,Yandell Keith,isOfficer,0001415889-24-005845,2024-02-27,G,5000,0.0,164602,D,,,,,,
1792789,2024-03-04,DASH,Inukonda Ravi,isOfficer,0001415889-24-006253,2024-02-29,S,5000,123.35,396425,D,,,,,,
1792789,2024-03-05,DASH,Yandell Keith,isOfficer,0001415889-24-006569,2024-03-01,S,3500,124.5,161102,D,,,,,,
1792789,2024-03-05,DASH,Adarkar Prabir,isOfficer,0001415889-24-006568,2024-03-01,M,8000,7.16,918340,D,,,,,,
1792789,2024-03-05,DASH,Lee Gordon S,isOfficer,0001415889-24-006570,2024-03-01,S,1000,124.5,92207,D,,,,,,
1792789,2024-03-05,DASH,Adarkar Prabir,isOfficer,0001415889-24-006568,2024-03-01,S,8000,124.5,910340,D,,,,,,
1792789,2024-03-08,DASH,Brown Shona L,isDirector,0001415889-24-007387,2024-03-06,S,703,133.09,70811,D,,,,,,
1792789,2024-03-12,DASH,Yandell Keith,isOfficer,0001415889-24-007627,2024-03-10,G,2350,0.0,158752,D,,,,,,
1792789,2024-03-18,DASH,Xu Tony,"isDirector,isOfficer,isTenPercentOwner",0001415889-24-008258,2024-03-14,M,132300,0.2,132300,D,,,,,,
1792789,2024-03-18,DASH,Xu Tony,"isDirector,isOfficer,isTenPercentOwner",0001415889-24-008258,2024-03-14,S,16882,131.012,115418,D,,,,,,
1792789,2024-04-01,DASH,Fang Andy,isDirector,0001415889-24-009534,2024-03-28,M,67000,0.2,103482,D,,,,,,
1792789,2024-04-01,DASH,Fang Andy,isDirector,0001415889-24-009534,2024-03-28,S,62744,139.056,40738,D,,,,,,
1792789,2024-04-01,DASH,Inukonda Ravi,isOfficer,0001415889-24-009531,2024-03-28,S,5000,138.979,391425,D,,,,,,
1792789,2024-04-03,DASH,Fang Andy,isDirector,0001415889-24-010006,2024-04-01,S,20096,137.777,83386,D,,,,,,
1792789,2024-04-03,DASH,Adarkar Prabir,isOfficer,0001415889-24-010005,2024-04-01,M,8000,7.16,918340,D,,,,,,
1792789,2024-04-03,DASH,Yandell Keith,isOfficer,0001415889-24-010007,2024-04-01,S,3500,137.91,155252,D,,,,,,
1792789,2024-04-03,DASH,Adarkar Prabir,isOfficer,0001415889-24-010005,2024-04-01,S,8000,137.91,910340,D,,,,,,
1792789,2024-04-03,DASH,Fang Andy,isDirector,0001415889-24-010006,2024-04-01,M,67000,0.2,103482,D,,,,,,
1792789,2024-04-08,DASH,Brown Shona L,isDirector,0001415889-24-010488,2024-04-04,S,700,141.6,70111,D,,,,,,
1792789,2024-04-15,DASH,Fang Andy,isDirector,0001415889-24-010806,2024-04-12,S,20606,138.381,82071,D,,,,,,
1792789,2024-04-15,DASH,Fang Andy,isDirector,0001415889-24-010806,2024-04-12,M,66195,0.2,102677,D,,,,,,
1792789,2024-04-15,DASH,Fang Andy,isDirector,0001415889-24-010806,2024-04-11,M,66195,0.2,102677,D,,,,,,
1792789,2024-04-15,DASH,Fang Andy,isDirector,0001415889-24-010806,2024-04-11,S,33615,138.977,69062,D,,,,,,
1792789,2024-04-18,DASH,Xu Tony,"isDirector,isOfficer,isTenPercentOwner",0001415889-24-011121,2024-04-16,S,42270,132.926,90030,D,,,,,,
1792789,2024-04-18,DASH,Xu Tony,"isDirector,isOfficer,isTenPercentOwner",0001415889-24-011121,2024-04-16,M,132300,0.2,132300,D,,,,,,
1792789,2024-04-24,DASH,Lee Gordon S,isOfficer,0001415889-24-011433,2024-04-22,A,13485,0.0,105692,D,,,,,,
1792789,2024-04-24,DASH,Tang Stanley,isDirector,0001415889-24-011435,2024-04-22,A,4701,0.0,40952,D,,,,,,
1792789,2024-04-24,DASH,Fang Andy,isDirector,0001415889-24-011434,2024-04-22,A,4701,0.0,41183,D,,,,,,
1792789,2024-05-02,DASH,Inukonda Ravi,isOfficer,0001415889-24-011991,2024-04-30,S,1712,129.468,389713,D,,,,,,
1792789,2024-05-03,DASH,Adarkar Prabir,isOfficer,0001415889-24-012145,2024-05-01,S,7468,128.441,910872,D,,,,,,
1792789,2024-05-03,DASH,Yandell Keith,isOfficer,0001415889-24-012146,2024-05-01,S,3500,128.15,151752,D,,,,,,
1792789,2024-05-03,DASH,Adarkar Prabir,isOfficer,0001415889-24-012145,2024-05-01,M,8000,7.16,918340,D,,,,,,
1792789,2024-05-08,DASH,Brown Shona L,isDirector,0001415889-24-012581,2024-05-06,S,703,114.37,69408,D,,,,,,
1792789,2024-05-08,DASH,Sherringham Tia,isOfficer,0001415889-24-012582,2024-05-06,A,41165,0.0,208155,D,,,,,,
1792789,2024-05-08,DASH,Yandell Keith,isOfficer,0001415889-24-012585,2024-05-06,A,29938,0.0,181690,D,,,,,,
1792789,2024-05-08,DASH,Inukonda Ravi,isOfficer,0001415889-24-012584,2024-05-06,A,78589,0.0,463014,D,,,,,,
1792789,2024-05-08,DASH,Adarkar Prabir,isOfficer,0001415889-24-012583,2024-05-06,A,112270,0.0,1022610,D,,,,,,
1792789,2024-05-15,DASH,Lee Gordon S,isOfficer,0001415889-24-013207,2024-05-13,S,1000,115.272,105253,D,,,,,,
1792789,2024-05-15,DASH,Xu Tony,"isDirector,isOfficer,isTenPercentOwner",0001415889-24-013208,2024-05-13,S,61890,114.847,70410,D,,,,,,
1792789,2024-05-15,DASH,Xu Tony,"isDirector,isOfficer,isTenPercentOwner",0001415889-24-013208,2024-05-13,M,132300,0.2,132300,D,,,,,,
1792789,2024-05-22,DASH,Inukonda Ravi,isOfficer,0001415889-24-014077,2024-02-20,S,3738,113.603,453291,D,,,,,,
1792789,2024-05-22,DASH,Fang Andy,isDirector,0001415889-24-014075,2024-05-20,S,806,112.681,40377,D,,,,,,
1792789,2024-05-22,DASH,Yandell Keith,isOfficer,0001415889-24-014074,2024-05-20,S,3770,112.73,177920,D,,,,,,
1792789,2024-05-22,DASH,Adarkar Prabir,isOfficer,0001415889-24-014072,2024-05-20,S,8492,112.679,1014118,D,,,,,,
1792789,2024-05-22,DASH,Tang Stanley,isDirector,0001415889-24-014073,2024-05-20,S,902,112.745,40050,D,,,,,,
1792789,2024-05-22,DASH,Lee Gordon S,isOfficer,0001415889-24-014078,2024-05-20,S,1125,112.702,104128,D,,,,,,
1792789,2024-05-22,DASH,Sherringham Tia,isOfficer,0001415889-24-014076,2024-05-20,S,5361,112.66,202794,D,,,,,,
1792789,2024-05-22,DASH,Inukonda Ravi,isOfficer,0001415889-24-014077,2024-05-20,S,5985,112.676,457029,D,,,,,,
1792789,2024-05-28,DASH,Sherringham Tia,isOfficer,0001415889-24-014644,2024-05-23,S,6200,109.969,189052,D,,,,,,
1792789,2024-06-03,DASH,Inukonda Ravi,isOfficer,0001415889-24-015146,2024-05-30,S,7000,110.47,441851,D,,,,,,
1792789,2024-06-05,DASH,Adarkar Prabir,isOfficer,0001415889-24-015591,2024-06-03,S,5462,109.854,1005325,D,,,,,,
1792789,2024-06-05,DASH,Adarkar Prabir,isOfficer,0001415889-24-015591,2024-06-03,M,8000,7.16,1010787,D,,,,,,
1792789,2024-06-07,DASH,Yandell Keith,isOfficer,0001415889-24-015947,2024-06-05,S,5435,110.84,168304,D,,,,,,
1792789,2024-06-10,DASH,Xu Tony,"isDirector,isOfficer,isTenPercentOwner",0001415889-24-016189,2024-06-06,G,138000,0.0,0,D,,,,,,
1792789,2024-06-10,DASH,Xu Tony,"isDirector,isOfficer,isTenPercentOwner",0001415889-24-016189,2024-06-06,J,138000,0.0,138000,D,,,,,,
1792789,2024-06-11,DASH,Inukonda Ravi,isOfficer,0001415889-24-016347,2024-06-07,G,9928,0.0,431923,D,,,,,,
1792789,2024-06-11,DASH,Fang Andy,isDirector,0001415889-24-016348,2024-06-07,M,50000,7.16,89275,D,,,,,,
1792789,2024-06-11,DASH,Xu Tony,"isDirector,isOfficer,isTenPercentOwner",0001415889-24-016355,2024-06-10,S,3738,109.829,127852,D,,,,,,
1792789,2024-06-11,DASH,Fang Andy,isDirector,0001415889-24-016348,2024-06-10,S,1300,110.115,87975,D,,,,,,
1792789,2024-06-11,DASH,Xu Tony,"isDirector,isOfficer,isTenPercentOwner",0001415889-24-016355,2024-06-10,M,131590,0.2,131590,D,,,,,,
1792789,2024-06-11,DASH,Fang Andy,isDirector,0001415889-24-016348,2024-06-10,M,50000,7.16,89275,D,,,,,,
1792789,2024-06-11,DASH,Fang Andy,isDirector,0001415889-24-016348,2024-06-07,S,11148,112.369,78127,D,,,,,,
1792789,2024-06-24,DASH,PIACENTINI DIEGO,isDirector,0001415889-24-017947,2024-06-20,A,2495,0.0,10200,D,,,,,,
1792789,2024-06-24,DASH,Blackburn Jeffrey M,isDirector,0001415889-24-017949,2024-06-20,A,2182,0.0,2182,D,,,,,,
1792789,2024-06-24,DASH,Brown Shona L,isDirector,0001415889-24-017944,2024-06-20,A,2495,0.0,71903,D,,,,,,
1792789,2024-06-24,DASH,Lin Alfred,isDirector,0001415889-24-017950,2024-06-20,A,2495,0.0,10872,D,,,,,,
1792789,2024-06-24,DASH,Still Ashley,isDirector,0001415889-24-017948,2024-06-20,A,2495,0.0,8347,D,,,,,,
1792789,2024-06-24,DASH,Mertz Elinor,isDirector,0001415889-24-017946,2024-06-20,A,2495,0.0,12659,D,,,,,,
1792789,2024-06-24,DASH,DOERR L JOHN,isDirector,0001415889-24-017945,2024-06-20,A,2495,0.0,2495,D,,,,,,
1792789,2024-06-27,DASH,Brown Shona L,isDirector,0001415889-24-018312,2024-06-25,S,1712,110.97,70191,D,,,,,,
1792789,2024-07-02,DASH,Inukonda Ravi,isOfficer,0001415889-24-018852,2024-06-28,S,4300,108.874,426923,D,,,,,,
1792789,2024-07-03,DASH,Xu Tony,"isDirector,isOfficer,isTenPercentOwner",0001415889-24-019165,2024-07-01,S,8804,106.635,45362,D,,,,,,
1792789,2024-07-03,DASH,Adarkar Prabir,isOfficer,0001415889-24-019166,2024-07-01,M,8000,7.16,1010787,D,,,,,,
1792789,2024-07-03,DASH,Adarkar Prabir,isOfficer,0001415889-24-019166,2024-07-01,S,1983,106.647,1008804,D,,,,,,
1792789,2024-07-03,DASH,Yandell Keith,isOfficer,0001415889-24-019167,2024-07-01,S,1422,106.776,160229,D,,,,,,
1792789,2024-07-03,DASH,Xu Tony,"isDirector,isOfficer,isTenPercentOwner",0001415889-24-019165,2024-07-01,M,54166,7.16,54166,D,,,,,,
1792789,2024-07-15,DASH,Fang Andy,isDirector,0001415889-24-019544,2024-07-11,M,29140,7.16,68415,D,,,,,,
1792789,2024-07-15,DASH,Fang Andy,isDirector,0001415889-24-019544,2024-07-12,J,50000,0.0,69982,D,,,,,,
1792789,2024-07-15,DASH,Fang Andy,isDirector,0001415889-24-019544,2024-07-12,S,38396,105.468,31586,D,,,,,,
1792789,2024-07-15,DASH,Fang Andy,isDirector,0001415889-24-019544,2024-07-11,S,12007,105.046,57975,D,,,,,,
1792789,2024-07-15,DASH,Fang Andy,isDirector,0001415889-24-019544,2024-07-11,J,1567,0.0,69982,D,,,,,,
1792789,2024-07-17,DASH,Xu Tony,"isDirector,isOfficer,isTenPercentOwner",0001415889-24-019653,2024-07-15,M,54166,7.16,54166,D,,,,,,
1792789,2024-07-17,DASH,Xu Tony,"isDirector,isOfficer,isTenPercentOwner",0001415889-24-019653,2024-07-15,S,3776,104.243,50390,D,,,,,,
1792789,2024-08-01,DASH,Inukonda Ravi,isOfficer,0001415889-24-020511,2024-07-30,S,4127,106.301,420096,D,,,,,,
1792789,2024-08-05,DASH,Adarkar Prabir,isOfficer,0001415889-24-020733,2024-08-01,M,8000,7.16,1010787,D,,,,,,
1792789,2024-08-05,DASH,Yandell Keith,isOfficer,0001415889-24-020732,2024-08-01,S,1999,106.612,153098,D,,,,,,
1792789,2024-08-05,DASH,Adarkar Prabir,isOfficer,0001415889-24-020733,2024-08-01,S,2500,106.644,1008287,D,,,,,,
1792789,2024-08-07,DASH,Brown Shona L,isDirector,0001415889-24-020885,2024-08-05,S,5005,120.0,65186,D,,,,,,
1792789,2024-08-08,DASH,Xu Tony,"isDirector,isOfficer,isTenPercentOwner",0001415889-24-020977,2024-08-06,S,1200,121.543,52966,D,,,,,,
1792789,2024-08-08,DASH,Xu Tony,"isDirector,isOfficer,isTenPercentOwner",0001415889-24-020977,2024-08-06,M,54166,7.16,54166,D,,,,,,
1792789,2024-08-14,DASH,Lee Gordon S,isOfficer,0001415889-24-021282,2024-08-12,S,1000,123.53,101684,D,,,,,,
1792789,2024-08-19,DASH,Fang Andy,isDirector,0001415889-24-021554,2024-08-15,J,69093,0.0,89075,D,,,,,,
1792789,2024-08-19,DASH,Xu Tony,"isDirector,isOfficer,isTenPercentOwner",0001415889-24-021553,2024-08-15,M,54166,7.16,54166,D,,,,,,
1792789,2024-08-19,DASH,Fang Andy,isDirector,0001415889-24-021554,2024-08-15,S,1000,127.636,88075,D,,,,,,
1792789,2024-08-19,DASH,Fang Andy,isDirector,0001415889-24-021554,2024-08-16,S,1957,127.72,37118,D,,,,,,
1792789,2024-08-19,DASH,Xu Tony,"isDirector,isOfficer,isTenPercentOwner",0001415889-24-021553,2024-08-15,S,1000,127.474,53166,D,,,,,,
1792789,2024-08-21,DASH,Fang Andy,isDirector,0001415889-24-021810,2024-08-19,J,400,0.0,400,I,,,,,,
1792789,2024-08-21,DASH,Fang Andy,isDirector,0001415889-24-021810,2024-08-19,S,400,130.0,0,I,,,,,,
1792789,2024-08-22,DASH,Inukonda Ravi,isOfficer,0001415889-24-022021,2024-08-20,S,14071,126.277,403152,D,,,,,,
1792789,2024-08-22,DASH,Tang Stanley,isDirector,0001415889-24-022017,2024-08-20,S,1835,126.205,37268,D,,,,,,
1792789,2024-08-22,DASH,Fang Andy,isDirector,0001415889-24-022016,2024-08-20,S,1893,126.223,18089,D,,,,,,
1792789,2024-08-22,DASH,Yandell Keith,isOfficer,0001415889-24-022018,2024-08-21,S,2866,127.54,137781,D,,,,,,
1792789,2024-08-22,DASH,Sherringham Tia,isOfficer,0001415889-24-022019,2024-08-20,S,12655,126.246,170857,D,,,,,,
1792789,2024-08-22,DASH,Lee Gordon S,isOfficer,0001415889-24-022022,2024-08-20,S,78,124.993,101606,D,,,,,,
1792789,2024-08-22,DASH,Yandell Keith,isOfficer,0001415889-24-022018,2024-08-20,S,7897,126.243,140647,D,,,,,,
1792789,2024-08-22,DASH,Adarkar Prabir,isOfficer,0001415889-24-022020,2024-08-20,S,19693,126.274,983094,D,,,,,,
1792789,2024-08-26,DASH,Fang Andy,isDirector,0001415889-24-022209,2024-08-22,J,24600,0.0,24600,I,,,,,,
1792789,2024-08-26,DASH,Fang Andy,isDirector,0001415889-24-022209,2024-08-22,S,24600,130.159,0,I,,,,,,
1792789,2024-08-26,DASH,Yandell Keith,isOfficer,0001415889-24-022208,2024-08-22,S,1846,128.945,135935,D,,,,,,
1792789,2024-08-27,DASH,Sherringham Tia,isOfficer,0001415889-24-022295,2024-08-23,S,8524,128.969,162171,D,,,,,,
1792789,2024-09-04,DASH,Inukonda Ravi,isOfficer,0001415889-24-022808,2024-08-30,S,4455,127.442,398697,D,,,,,,
1792789,2024-09-05,DASH,Xu Tony,"isDirector,isOfficer,isTenPercentOwner",0001415889-24-022895,2024-09-03,M,54166,7.16,54166,D,,,,,,
1792789,2024-09-05,DASH,Tang Stanley,isDirector,0001415889-24-022893,2024-09-03,J,50000,0.0,50000,I,,,,,,
1792789,2024-09-05,DASH,Tang Stanley,isDirector,0001415889-24-022893,2024-09-03,S,15464,124.926,34536,I,,,,,,
1792789,2024-09-05,DASH,Adarkar Prabir,isOfficer,0001415889-24-022894,2024-09-03,M,8000,7.16,991094,D,,,,,,
1792789,2024-09-05,DASH,Adarkar Prabir,isOfficer,0001415889-24-022894,2024-09-03,S,2599,124.92,988495,D,,,,,,
1792789,2024-09-05,DASH,Xu Tony,"isDirector,isOfficer,isTenPercentOwner",0001415889-24-022895,2024-09-03,S,17372,124.947,36794,D,,,,,,
1792789,2024-09-12,DASH,Inukonda Ravi,isOfficer,0001415889-24-023284,2024-09-10,M,13060,7.66,409212,D,,,,,,
1792789,2024-09-13,DASH,Lee Gordon S,isOfficer,0001415889-24-023356,2024-09-11,S,2071,129.56,97062,D,,,,,,
1792789,2024-09-16,DASH,Fang Andy,isDirector,0001415889-24-023442,2024-09-13,J,50000,0.0,50000,I,,,,,,
1792789,2024-09-16,DASH,Fang Andy,isDirector,0001415889-24-023442,2024-09-12,S,38898,130.118,11102,I,,,,,,
1792789,2024-09-16,DASH,Fang Andy,isDirector,0001415889-24-023442,2024-09-12,J,50000,0.0,50000,I,,,,,,
1792789,2024-09-16,DASH,Fang Andy,isDirector,0001415889-24-023442,2024-09-13,S,50000,131.944,0,I,,,,,,
1792789,2024-09-18,DASH,Xu Tony,"isDirector,isOfficer,isTenPercentOwner",0001415889-24-023602,2024-09-16,S,35912,130.961,18254,D,,,,,,
1792789,2024-09-18,DASH,Fang Andy,isDirector,0001415889-24-023603,2024-09-16,S,25000,131.22,0,I,,,,,,
1792789,2024-09-18,DASH,Xu Tony,"isDirector,isOfficer,isTenPercentOwner",0001415889-24-023602,2024-09-16,M,54166,7.16,54166,D,,,,,,
1792789,2024-09-18,DASH,Fang Andy,isDirector,0001415889-24-023603,2024-09-16,J,25000,0.0,25000,I,,,,,,
1792789,2024-09-25,DASH,Xu Tony,"isDirector,isOfficer,isTenPercentOwner",0001415889-24-023946,2024-09-23,S,54166,140.064,0,D,,,,,,
1792789,2024-09-25,DASH,Xu Tony,"isDirector,isOfficer,isTenPercentOwner",0001415889-24-023946,2024-09-23,M,54166,7.16,54166,D,,,,,,
1792789,2024-10-02,DASH,Inukonda Ravi,isOfficer,0001415889-24-024376,2024-09-30,S,5104,142.035,404108,D,,,,,,
1792789,2024-10-03,DASH,Tang Stanley,isDirector,0001415889-24-024604,2024-10-01,S,13534,141.163,36466,I,,,,,,
1792789,2024-10-03,DASH,Tang Stanley,isDirector,0001415889-24-024604,2024-10-01,J,50000,0.0,50000,I,,,,,,
1792789,2024-10-03,DASH,Xu Tony,"isDirector,isOfficer,isTenPercentOwner",0001415889-24-024603,2024-10-01,S,14235,141.155,67014,D,,,,,,
1792789,2024-10-03,DASH,Xu Tony,"isDirector,isOfficer,isTenPercentOwner",0001415889-24-024603,2024-10-01,M,81249,7.16,81249,D,,,,,,
1792789,2024-10-15,DASH,Fang Andy,isDirector,0001415889-24-025112,2024-10-10,J,50000,0.0,50000,I,,,,,,
1792789,2024-10-15,DASH,Fang Andy,isDirector,0001415889-24-025112,2024-10-10,S,11689,142.407,38311,I,,,,,,
1792789,2024-10-15,DASH,Fang Andy,isDirector,0001415889-24-025112,2024-10-11,J,50000,0.0,50000,I,,,,,,
1792789,2024-10-15,DASH,Fang Andy,isDirector,0001415889-24-025112,2024-10-11,S,1100,145.727,48900,I,,,,,,
1792789,2024-10-16,DASH,Fang Andy,isDirector,0001415889-24-025180,2024-10-14,S,4412,148.921,45588,I,,,,,,
1792789,2024-10-16,DASH,Brown Shona L,isDirector,0001415889-24-025177,2024-10-14,S,379,150.0,60186,D,,,,,,
1792789,2024-10-16,DASH,Brown Shona L,isDirector,0001415889-24-025177,2024-10-11,S,4621,150.0,60565,D,,,,,,
1792789,2024-10-16,DASH,Fang Andy,isDirector,0001415889-24-025180,2024-10-14,J,50000,0.0,50000,I,,,,,,
1792789,2024-10-17,DASH,Adarkar Prabir,isOfficer,0001415889-24-025320,2024-10-15,M,12124,7.16,995218,D,,,,,,
1792789,2024-10-17,DASH,Xu Tony,"isDirector,isOfficer,isTenPercentOwner",0001415889-24-025326,2024-10-15,M,81249,7.16,81249,D,,,,,,
1792789,2024-10-17,DASH,Xu Tony,"isDirector,isOfficer,isTenPercentOwner",0001415889-24-025326,2024-10-15,S,1800,144.222,79449,D,,,,,,
1792789,2024-10-17,DASH,Adarkar Prabir,isOfficer,0001415889-24-025320,2024-10-16,S,7876,150.0,963094,D,,,,,,
1792789,2024-10-17,DASH,Adarkar Prabir,isOfficer,0001415889-24-025320,2024-10-15,S,1100,144.275,994118,D,,,,,,
1792789,2024-10-17,DASH,Adarkar Prabir,isOfficer,0001415889-24-025320,2024-10-16,M,7876,7.16,970970,D,,,,,,
1792789,2024-11-01,DASH,Inukonda Ravi,isOfficer,0001415889-24-025898,2024-10-30,S,3182,155.224,399030,D,,,,,,
1792789,2024-11-05,DASH,Tang Stanley,isDirector,0001415889-24-026114,2024-11-01,S,1000,153.224,49000,I,,,,,,
1792789,2024-11-05,DASH,Tang Stanley,isDirector,0001415889-24-026114,2024-11-01,J,50000,0.0,50000,I,,,,,,
1792789,2024-11-06,DASH,Xu Tony,"isDirector,isOfficer,isTenPercentOwner",0001415889-24-026234,2024-11-05,M,19635,7.16,19635,D,,,,,,
1792789,2024-11-06,DASH,Xu Tony,"isDirector,isOfficer,isTenPercentOwner",0001415889-24-026234,2024-11-04,S,1500,153.628,79749,D,,,,,,
1792789,2024-11-06,DASH,Xu Tony,"isDirector,isOfficer,isTenPercentOwner",0001415889-24-026234,2024-11-04,M,81249,7.16,81249,D,,,,,,
1792789,2024-11-06,DASH,Xu Tony,"isDirector,isOfficer,isTenPercentOwner",0001415889-24-026234,2024-11-06,M,7448,7.16,7448,D,,,,,,
1792789,2024-11-06,DASH,Xu Tony,"isDirector,isOfficer,isTenPercentOwner",0001415889-24-026234,2024-11-05,S,19635,160.043,0,D,,,,,,
1792789,2024-11-06,DASH,Xu Tony,"isDirector,isOfficer,isTenPercentOwner",0001415889-24-026234,2024-11-06,S,400,162.388,7048,D,,,,,,
1792789,2024-11-13,DASH,Brown Shona L,isDirector,0001415889-24-026687,2024-11-11,S,5000,175.0,55186,D,,,,,,
1792789,2024-11-13,DASH,Xu Tony,"isDirector,isOfficer,isTenPercentOwner",0001415889-24-026688,2024-11-11,J,120000,0.0,120000,D,,,,,,
1792789,2024-11-13,DASH,Xu Tony,"isDirector,isOfficer,isTenPercentOwner",0001415889-24-026688,2024-11-11,G,118500,0.0,1500,D,,,,,,
1792789,2024-11-18,DASH,Fang Andy,isDirector,0001415889-24-027071,2024-11-14,J,50000,0.0,50000,I,,,,,,
1792789,2024-11-18,DASH,Fang Andy,isDirector,0001415889-24-027071,2024-11-15,J,50000,0.0,50000,I,,,,,,
1792789,2024-11-18,DASH,Fang Andy,isDirector,0001415889-24-027071,2024-11-14,S,19488,173.7,30512,I,,,,,,
1792789,2024-11-18,DASH,Fang Andy,isDirector,0001415889-24-027071,2024-11-15,S,27498,169.451,22502,I,,,,,,
1792789,2024-11-19,DASH,Xu Tony,"isDirector,isOfficer,isTenPercentOwner",0001415889-24-027180,2024-11-15,M,108332,7.16,109832,D,,,,,,
1792789,2024-11-19,DASH,Xu Tony,"isDirector,isOfficer,isTenPercentOwner",0001415889-24-027180,2024-11-15,S,59632,169.448,50200,D,,,,,,
1792789,2024-11-20,DASH,Fang Andy,isDirector,0001415889-24-027330,2024-11-18,S,2598,169.815,47402,I,,,,,,
1792789,2024-11-20,DASH,Fang Andy,isDirector,0001415889-24-027330,2024-11-18,J,50000,0.0,50000,I,,,,,,
1792789,2024-11-22,DASH,Lee Gordon S,isOfficer,0001415889-24-027506,2024-11-20,S,2519,169.9372,94543,D,,,,,,
1792789,2024-11-22,DASH,Yandell Keith,isOfficer,0001415889-24-027507,2024-11-20,S,7795,169.9372,124406,D,,,,,,
1792789,2024-11-22,DASH,Tang Stanley,isDirector,0001415889-24-027511,2024-11-20,S,1811,169.9372,35457,D,,,,,,
1792789,2024-11-22,DASH,Fang Andy,isDirector,0001415889-24-027505,2024-11-20,S,1868,169.9372,16221,D,,,,,,
1792789,2024-11-22,DASH,Inukonda Ravi,isOfficer,0001415889-24-027509,2024-11-20,S,13890,169.9372,381322,D,,,,,,
1792789,2024-11-22,DASH,Adarkar Prabir,isOfficer,0001415889-24-027508,2024-11-20,S,19439,169.9372,943655,D,,,,,,
1792789,2024-11-22,DASH,Sherringham Tia,isOfficer,0001415889-24-027510,2024-11-20,S,12652,169.9372,146215,D,,,,,,
1792789,2024-11-26,DASH,Yandell Keith,isOfficer,0001415889-24-027698,2024-11-22,S,300,174.303,123921,D,,,,,,
1792789,2024-11-27,DASH,Adarkar Prabir,isOfficer,0001415889-24-027839,2024-11-25,M,20000,7.16,963196,D,,,,,,
1792789,2024-11-27,DASH,Adarkar Prabir,isOfficer,0001415889-24-027839,2024-11-25,S,7873,174.533,955323,D,,,,,,
1792789,2024-11-29,DASH,Xu Tony,"isDirector,isOfficer,isTenPercentOwner",0001415889-24-027923,2024-11-26,M,108334,7.16,109834,D,,,,,,
1792789,2024-11-29,DASH,Xu Tony,"isDirector,isOfficer,isTenPercentOwner",0001415889-24-027923,2024-11-26,S,108334,180.069,1500,D,,,,,,
1792789,2024-12-02,DASH,Lee Gordon S,isOfficer,0001415889-24-028035,2024-11-27,S,2045,179.99,92439,D,,,,,,
1792789,2024-12-03,DASH,Inukonda Ravi,isOfficer,0001415889-24-028061,2024-11-29,S,500,177.896,380493,D,,,,,,
1792789,2024-12-04,DASH,Xu Tony,"isDirector,isOfficer,isTenPercentOwner",0001415889-24-028233,2024-12-02,M,115432,7.16,116932,D,,,,,,
1792789,2024-12-04,DASH,Xu Tony,"isDirector,isOfficer,isTenPercentOwner",0001415889-24-028233,2024-12-02,S,72621,176.356,44311,D,,,,,,
1792789,2024-12-04,DASH,Tang Stanley,isDirector,0001415889-24-028234,2024-12-02,J,50000,0.0,50000,I,,,,,,
1792789,2024-12-04,DASH,Tang Stanley,isDirector,0001415889-24-028234,2024-12-02,S,32682,176.357,17318,I,,,,,,
1792789,2024-12-04,DASH,Sherringham Tia,isOfficer,0001415889-24-028244,2024-12-02,S,7379,176.378,138538,D,,,,,,
1792789,2024-12-09,DASH,Fang Andy,isDirector,0001415889-24-028606,2024-12-05,G,34000,0.0,0,I,,,,,,
1792789,2024-12-09,DASH,Fang Andy,isDirector,0001415889-24-028606,2024-12-05,J,34000,0.0,34000,I,,,,,,
1792789,2024-12-10,DASH,Yandell Keith,isOfficer,0001415889-24-028801,2024-12-06,S,2792,176.913,115920,D,,,,,,
1792789,2024-12-16,DASH,Fang Andy,isDirector,0001415889-24-029465,2024-12-12,J,50000,0.0,50000,I,,,,,,
1792789,2024-12-16,DASH,Fang Andy,isDirector,0001415889-24-029465,2024-12-12,S,23089,176.031,26911,I,,,,,,
1792789,2024-12-16,DASH,Fang Andy,isDirector,0001415889-24-029465,2024-12-13,S,17623,174.311,32377,I,,,,,,
1792789,2024-12-16,DASH,Fang Andy,isDirector,0001415889-24-029465,2024-12-13,J,50000,0.0,50000,I,,,,,,
1792789,2024-12-18,DASH,Xu Tony,"isDirector,isOfficer,isTenPercentOwner",0001415889-24-029722,2024-12-17,S,59508,180.276,43226,D,,,,,,
1792789,2024-12-18,DASH,Xu Tony,"isDirector,isOfficer,isTenPercentOwner",0001415889-24-029722,2024-12-17,M,101234,7.16,102734,D,,,,,,
1792789,2024-12-18,DASH,Xu Tony,"isDirector,isOfficer,isTenPercentOwner",0001415889-24-029722,2024-12-16,S,1561,176.194,108271,D,,,,,,
1792789,2024-12-18,DASH,Xu Tony,"isDirector,isOfficer,isTenPercentOwner",0001415889-24-029722,2024-12-16,M,108332,7.16,109832,D,,,,,,
1792789,2024-12-31,DASH,Adarkar Prabir,isOfficer,0001415889-24-030303,2024-12-27,M,20000,7.16,945222,D,,,,,,
1792789,2024-12-31,DASH,Adarkar Prabir,isOfficer,0001415889-24-030303,2024-12-27,S,3593,167.242,941629,D,,,,,,
1792789,2025-01-02,DASH,Inukonda Ravi,isOfficer,0001415889-25-000075,2024-12-30,S,715,166.829,373278,D,,,,,,
1792789,2025-01-03,DASH,Tang Stanley,isDirector,0001415889-25-000384,2025-01-02,S,3900,168.827,46100,I,,,,,,
1792789,2025-01-03,DASH,Tang Stanley,isDirector,0001415889-25-000384,2025-01-02,J,50000,0.0,50000,I,,,,,,
1792789,2025-01-03,DASH,Xu Tony,"isDirector,isOfficer,isTenPercentOwner",0001415889-25-000383,2025-01-02,S,9400,168.891,100432,D,,,,,,
1792789,2025-01-03,DASH,Xu Tony,"isDirector,isOfficer,isTenPercentOwner",0001415889-25-000383,2025-01-02,M,108332,7.16,109832,D,,,,,,
1792789,2025-01-13,DASH,Fang Andy,isDirector,0001415889-25-001365,2024-12-16,J,50000,0.0,50000,I,,,,,,
1792789,2025-01-13,DASH,Fang Andy,isDirector,0001415889-25-001365,2024-12-16,S,900,176.202,49100,I,,,,,,
1792789,2025-01-14,DASH,Fang Andy,isDirector,0001415889-25-001448,2025-01-13,J,50000,0.0,50000,I,,,,,,
1792789,2025-01-14,DASH,Fang Andy,isDirector,0001415889-25-001448,2025-01-10,S,2900,168.47,47100,I,,,,,,
1792789,2025-01-14,DASH,Fang Andy,isDirector,0001415889-25-001448,2025-01-10,J,50000,0.0,50000,I,,,,,,
1792789,2025-01-14,DASH,Fang Andy,isDirector,0001415889-25-001448,2025-01-13,S,2400,167.361,47600,I,,,,,,
1792789,2025-01-14,DASH,Fang Andy,isDirector,0001415889-25-001448,2025-01-14,S,8161,168.186,41839,I,,,,,,
1792789,2025-01-14,DASH,Fang Andy,isDirector,0001415889-25-001448,2025-01-14,J,50000,0.0,50000,I,,,,,,
1792789,2025-01-16,DASH,Xu Tony,"isDirector,isOfficer,isTenPercentOwner",0001415889-25-001533,2025-01-15,S,12,173.0,1500,D,,,,,,
1792789,2025-01-16,DASH,Xu Tony,"isDirector,isOfficer,isTenPercentOwner",0001415889-25-001533,2025-01-15,M,12,7.16,1512,D,,,,,,
1792789,2025-01-27,DASH,Inukonda Ravi,isOfficer,0001415889-25-002125,2025-01-24,S,1425,183.2,366993,D,,,,,,
1792789,2025-01-27,DASH,Adarkar Prabir,isOfficer,0001415889-25-002124,2025-01-23,S,1100,176.733,944122,D,,,,,,
1792789,2025-01-27,DASH,Inukonda Ravi,isOfficer,0001415889-25-002125,2025-01-24,M,1425,7.66,368418,D,,,,,,
1792789,2025-01-27,DASH,Adarkar Prabir,isOfficer,0001415889-25-002124,2025-01-23,M,20000,7.16,945222,D,,,,,,
1792789,2025-02-05,DASH,Tang Stanley,isDirector,0001415889-25-003124,2025-02-03,S,900,185.868,49100,I,,,,,,
1792789,2025-02-05,DASH,Tang Stanley,isDirector,0001415889-25-003124,2025-02-03,J,50000,0.0,50000,I,,,,,,
1792789,2025-02-14,DASH,Brown Shona L,isDirector,0001415889-25-004095,2025-02-12,S,5000,200.0,50186,D,,,,,,
1792789,2025-02-14,DASH,Fang Andy,isDirector,0001415889-25-004094,2025-02-13,J,50000,0.0,50000,I,,,,,,
1792789,2025-02-14,DASH,Fang Andy,isDirector,0001415889-25-004094,2025-02-13,S,600,196.417,49400,I,,,,,,
1792789,2025-02-14,DASH,Fang Andy,isDirector,0001415889-25-004094,2025-02-12,S,100000,200.108,0,I,,,,,,
1792789,2025-02-14,DASH,Fang Andy,isDirector,0001415889-25-004094,2025-02-12,J,100000,0.0,100000,I,,,,,,
1792789,2025-02-19,DASH,Fang Andy,isDirector,0001415889-25-004577,2025-02-18,S,1000,210.169,49000,I,,,,,,
1792789,2025-02-19,DASH,Fang Andy,isDirector,0001415889-25-004577,2025-02-14,J,50000,0.0,50000,I,,,,,,
1792789,2025-02-19,DASH,Fang Andy,isDirector,0001415889-25-004577,2025-02-18,J,50000,0.0,50000,I,,,,,,
1792789,2025-02-19,DASH,Fang Andy,isDirector,0001415889-25-004577,2025-02-14,S,1200,205.6,48800,I,,,,,,
1792789,2025-02-21,DASH,Lin Alfred,,0001062993-25-003239,2025-02-19,J,805877,0.0,0,I,,,,,,
1792789,2025-02-24,DASH,Tang Stanley,isDirector,0001415889-25-005319,2025-02-21,G,5215,0.0,0,I,,,,,,
1792789,2025-02-24,DASH,Yandell Keith,isOfficer,0001415889-25-005320,2025-02-20,G,960,0.0,113278,D,,,,,,
1792789,2025-02-24,DASH,Lee Gordon S,isOfficer,0001415889-25-005316,2025-02-20,S,91,202.25,92348,D,,,,,,
1792789,2025-02-24,DASH,Fang Andy,isDirector,0001415889-25-005314,2025-02-20,S,46,202.25,16130,D,,,,,,
1792789,2025-02-24,DASH,Tang Stanley,isDirector,0001415889-25-005319,2025-02-20,S,46,202.25,35367,D,,,,,,
1792789,2025-02-24,DASH,Yandell Keith,isOfficer,0001415889-25-005320,2025-02-20,S,274,202.25,113004,D,,,,,,
1792789,2025-02-24,DASH,Adarkar Prabir,isOfficer,0001415889-25-005313,2025-02-20,S,682,202.25,924540,D,,,,,,
1792789,2025-02-24,DASH,Inukonda Ravi,isOfficer,0001415889-25-005293,2025-02-20,S,1425,210.53,365743,D,,,,,,
1792789,2025-02-24,DASH,Tang Stanley,isDirector,0001415889-25-005319,2025-02-21,J,5215,0.0,5215,I,,,,,,
1792789,2025-02-24,DASH,Inukonda Ravi,isOfficer,0001415889-25-005293,2025-02-20,M,800,7.66,367168,D,,,,,,
1792789,2025-02-24,DASH,Sherringham Tia,isOfficer,0001415889-25-005317,2025-02-20,S,408,202.25,133815,D,,,,,,
1792789,2025-02-26,DASH,Still Ashley,isDirector,0001415889-25-005671,2025-02-24,S,188,200.74,8159,D,,,,,,
1792789,2025-02-27,DASH,Adarkar Prabir,isOfficer,0001415889-25-005839,2025-02-25,M,20000,7.16,925061,D,,,,,,
1792789,2025-02-27,DASH,Adarkar Prabir,isOfficer,0001415889-25-005839,2025-02-26,M,50000,7.16,937348,D,,,,,,
1792789,2025-02-27,DASH,Yandell Keith,isOfficer,0001415889-25-005838,2025-02-25,S,700,187.75,104462,D,,,,,,
1792789,2025-02-27,DASH,Sherringham Tia,isOfficer,0001415889-25-005840,2025-02-25,S,900,187.492,121235,D,,,,,,
1792789,2025-02-27,DASH,Adarkar Prabir,isOfficer,0001415889-25-005839,2025-02-26,S,50000,200.155,887348,D,,,,,,
1792789,2025-02-27,DASH,Adarkar Prabir,isOfficer,0001415889-25-005839,2025-02-25,S,2449,187.481,922612,D,,,,,,
1792789,2025-03-05,DASH,Tang Stanley,isDirector,0001415889-25-006920,2025-03-03,S,3700,196.912,63008,D,,,,,,
1792789,2025-03-05,DASH,Tang Stanley,isDirector,0001415889-25-006920,2025-03-03,J,32651,0.0,66708,D,,,,,,
1792789,2025-03-06,DASH,Still Ashley,isDirector,0001415889-25-007180,2025-03-04,S,62,195.19,8097,D,,,,,,
1792789,2025-03-07,DASH,Yandell Keith,isOfficer,0001415889-25-007369,2025-03-05,G,3940,0.0,93045,D,,,,,,
1792789,2025-03-26,DASH,Inukonda Ravi,isOfficer,0001415889-25-009018,2025-03-24,M,800,7.66,352770,D,,,,,,
1792789,2025-03-26,DASH,Inukonda Ravi,isOfficer,0001415889-25-009018,2025-03-24,S,200,189.31,352570,D,,,,,,
1792789,2025-04-01,DASH,Adarkar Prabir,isOfficer,0001415889-25-009346,2025-03-28,M,20000,7.16,907348,D,,,,,,
1792789,2025-04-01,DASH,Adarkar Prabir,isOfficer,0001415889-25-009346,2025-03-28,S,6970,182.782,900378,D,,,,,,
1792789,2025-04-03,DASH,Tang Stanley,isDirector,0001415889-25-009869,2025-04-01,S,2800,178.806,60895,D,,,,,,
1792789,2025-04-03,DASH,Tang Stanley,isDirector,0001415889-25-009869,2025-04-01,J,45410,0.0,63695,D,,,,,,
1792789,2025-04-04,DASH,Still Ashley,isDirector,0001415889-25-010193,2025-04-02,S,63,180.11,8034,D,,,,,,
1792789,2025-04-28,DASH,Adarkar Prabir,isOfficer,0001415889-25-011400,2025-04-24,M,20000,7.16,907348,D,,,,,,
1792789,2025-04-28,DASH,Adarkar Prabir,isOfficer,0001415889-25-011400,2025-04-24,S,2341,181.515,905007,D,,,,,,
1792789,2025-04-29,DASH,Inukonda Ravi,isOfficer,0001415889-25-011496,2025-04-25,M,800,7.66,338855,D,,,,,,
1792789,2025-04-29,DASH,Inukonda Ravi,isOfficer,0001415889-25-011496,2025-04-25,S,1425,187.22,337430,D,,,,,,
1792789,2025-05-05,DASH,Tang Stanley,isDirector,0001415889-25-011938,2025-05-01,J,14069,0.0,32354,D,,,,,,
1792789,2025-05-05,DASH,Tang Stanley,isDirector,0001415889-25-011938,2025-05-01,S,1138,193.98,31216,D,,,,,,
1792789,2025-05-06,DASH,Still Ashley,isDirector,0001415889-25-012097,2025-05-02,S,62,200.0,7972,D,,,,,,
1792789,2025-05-07,DASH,Fang Andy,isDirector,0001415889-25-012226,2025-04-21,A,8827,0.0,23605,D,,,,,,
1792789,2025-05-07,DASH,Tang Stanley,isDirector,0001415889-25-012227,2025-04-21,A,8827,0.0,27112,D,,,,,,
1792789,2025-05-07,DASH,Lee Gordon S,isOfficer,0001415889-25-012232,2025-04-21,A,10430,0.0,100225,D,,,,,,
1792789,2025-05-13,DASH,Inukonda Ravi,isOfficer,0001415889-25-012761,2025-05-09,A,72048,0.0,409478,D,,,,,,
1792789,2025-05-13,DASH,Yandell Keith,isOfficer,0001415889-25-012763,2025-05-09,A,22168,0.0,115213,D,,,,,,
1792789,2025-05-13,DASH,Adarkar Prabir,isOfficer,0001415889-25-012760,2025-05-09,A,83133,0.0,970481,D,,,,,,
1792789,2025-05-13,DASH,Sherringham Tia,isOfficer,0001415889-25-012762,2025-05-09,A,36024,0.0,146213,D,,,,,,
1792789,2025-05-22,DASH,Yandell Keith,isOfficer,0001415889-25-014144,2025-05-20,S,4881,199.899,110332,D,,,,,,
1792789,2025-05-22,DASH,Fang Andy,isDirector,0001415889-25-014142,2025-05-20,S,1060,199.899,22545,D,,,,,,
1792789,2025-05-22,DASH,Lee Gordon S,isOfficer,0001415889-25-014147,2025-05-20,S,2655,199.899,97570,D,,,,,,
1792789,2025-05-22,DASH,Tang Stanley,isDirector,0001415889-25-014143,2025-05-20,S,1042,199.899,26070,D,,,,,,
1792789,2025-05-22,DASH,Adarkar Prabir,isOfficer,0001415889-25-014146,2025-05-20,S,15660,199.899,954821,D,,,,,,
1792789,2025-05-22,DASH,Inukonda Ravi,isOfficer,0001415889-25-014148,2025-05-20,S,15945,199.899,393533,D,,,,,,
1792789,2025-05-22,DASH,Sherringham Tia,isOfficer,0001415889-25-014145,2025-05-20,S,9153,199.899,137060,D,,,,,,
1792789,2025-05-28,DASH,Sherringham Tia,isOfficer,0001415889-25-014698,2025-05-23,S,200,198.18,136860,D,,,,,,
1792789,2025-05-28,DASH,Yandell Keith,isOfficer,0001415889-25-014699,2025-05-23,S,200,198.02,110132,D,,,,,,
1792789,2025-05-28,DASH,Adarkar Prabir,isOfficer,0001415889-25-014697,2025-05-23,S,900,198.268,1003921,D,,,,,,
1792789,2025-05-28,DASH,Adarkar Prabir,isOfficer,0001415889-25-014697,2025-05-23,M,50000,7.16,1004821,D,,,,,,
1792789,2025-05-29,DASH,Inukonda Ravi,isOfficer,0001415889-25-014858,2025-05-27,S,1600,203.132,392733,D,,,,,,
1792789,2025-05-29,DASH,Inukonda Ravi,isOfficer,0001415889-25-014858,2025-05-27,M,800,7.66,394333,D,,,,,,
1792789,2025-05-29,DASH,Lee Gordon S,isOfficer,0001415889-25-014859,2025-05-27,S,1915,205.44,95655,D,,,,,,
1792789,2025-06-04,DASH,Lee Gordon S,isOfficer,0001415889-25-015558,2025-06-02,S,1980,213.24,93675,D,,,,,,
1792789,2025-06-04,DASH,Tang Stanley,isDirector,0001415889-25-015557,2025-06-02,J,179,0.0,26249,D,,,,,,
1792789,2025-06-04,DASH,Tang Stanley,isDirector,0001415889-25-015557,2025-06-02,S,16,208.585,26233,D,,,,,,
1792789,2025-06-05,DASH,Still Ashley,isDirector,0001415889-25-015857,2025-06-04,G,3849,0.0,4060,D,,,,,,
1792789,2025-06-05,DASH,Still Ashley,isDirector,0001415889-25-015857,2025-06-03,S,63,213.43,7909,D,,,,,,
1792789,2025-06-09,DASH,Fang Andy,isDirector,0001415889-25-016214,2025-06-05,S,2500,214.731,27500,I,,,,,,
1792789,2025-06-09,DASH,Fang Andy,isDirector,0001415889-25-016214,2025-06-05,J,30000,0.0,30000,I,,,,,,
1792789,2025-06-10,DASH,Xu Tony,"isDirector,isOfficer,isTenPercentOwner",0001415889-25-016465,2025-06-09,M,17084,7.16,537534,D,,,,,,
1792789,2025-06-10,DASH,Xu Tony,"isDirector,isOfficer,isTenPercentOwner",0001415889-25-016465,2025-06-08,M,518950,0.0,520450,D,,,,,,
1792789,2025-06-10,DASH,Xu Tony,"isDirector,isOfficer,isTenPercentOwner",0001415889-25-016465,2025-06-09,S,5090,217.691,532444,D,,,,,,
1792789,2025-06-10,DASH,Brown Shona L,isDirector,0001415889-25-016455,2025-06-06,S,1875,218.644,48311,D,,,,,,
1792789,2025-06-11,DASH,Yandell Keith,isOfficer,0001415889-25-016652,2025-06-09,G,1144,0.0,103778,D,,,,,,
1792789,2025-06-12,DASH,Inukonda Ravi,isOfficer,0001415889-25-016948,2025-06-05,G,113882,0.0,266155,D,,,,,,
1792789,2025-06-17,DASH,Xu Tony,"isDirector,isOfficer,isTenPercentOwner",0001415889-25-017516,2025-06-16,S,27560,220.008,537134,D,,,,,,
1792789,2025-06-17,DASH,Xu Tony,"isDirector,isOfficer,isTenPercentOwner",0001415889-25-017516,2025-06-16,M,44244,7.16,564694,D,,,,,,
1792789,2025-06-17,DASH,Xu Tony,"isDirector,isOfficer,isTenPercentOwner",0001415889-25-017516,2025-06-13,S,7006,220.015,520450,D,,,,,,
1792789,2025-06-17,DASH,Xu Tony,"isDirector,isOfficer,isTenPercentOwner",0001415889-25-017516,2025-06-13,M,7006,7.16,527456,D,,,,,,
1792789,2025-06-25,DASH,Brown Shona L,isDirector,0001415889-25-018236,2025-06-24,S,1248,231.7,45213,D,,,,,,
1792789,2025-06-25,DASH,Blackburn Jeffrey M,isDirector,0001415889-25-018238,2025-06-24,A,1164,0.0,6116,D,,,,,,
1792789,2025-06-25,DASH,Still Ashley,isDirector,0001415889-25-018237,2025-06-23,S,2495,225.0,1565,D,,,,,,
1792789,2025-06-25,DASH,Brown Shona L,isDirector,0001415889-25-018236,2025-06-24,A,1164,0.0,46377,D,,,,,,
1792789,2025-06-25,DASH,Mertz Elinor,isDirector,0001415889-25-018240,2025-06-24,A,1164,0.0,13823,D,,,,,,
1792789,2025-06-25,DASH,PIACENTINI DIEGO,isDirector,0001415889-25-018241,2025-06-24,A,1164,0.0,11364,D,,,,,,
1792789,2025-06-25,DASH,Brown Shona L,isDirector,0001415889-25-018236,2025-06-23,S,825,230.0,46461,D,,,,,,
1792789,2025-06-25,DASH,Lin Alfred,isDirector,0001415889-25-018239,2025-06-24,A,1164,0.0,7083,D,,,,,,
1792789,2025-06-25,DASH,Still Ashley,isDirector,0001415889-25-018237,2025-06-24,A,1164,0.0,2729,D,,,,,,
1792789,2025-06-26,DASH,DOERR L JOHN,isDirector,0001415889-25-018273,2025-06-24,A,1164,0.0,7083,D,,,,,,
1792789,2025-06-26,DASH,Inukonda Ravi,isOfficer,0001415889-25-018272,2025-06-24,M,800,7.66,266955,D,,,,,,
1792789,2025-06-26,DASH,Inukonda Ravi,isOfficer,0001415889-25-018272,2025-06-24,S,1425,231.7,265530,D,,,,,,
1792789,2025-07-01,DASH,Brown Shona L,isDirector,0001415889-25-018671,2025-06-27,S,825,240.0,45552,D,,,,,,
1792789,2025-07-01,DASH,Adarkar Prabir,isOfficer,0001415889-25-018670,2025-06-27,S,1300,236.572,971254,D,,,,,,
1792789,2025-07-01,DASH,Adarkar Prabir,isOfficer,0001415889-25-018670,2025-06-27,M,30000,7.16,972554,D,,,,,,
1792789,2025-07-02,DASH,Inukonda Ravi,isOfficer,0001415889-25-018996,2025-06-30,S,20000,247.0,245530,D,,,,,,
1792789,2025-07-03,DASH,Xu Tony,"isDirector,isOfficer,isTenPercentOwner",0001415889-25-019297,2025-07-01,S,3308,237.324,551309,D,,,,,,
1792789,2025-07-03,DASH,Fang Andy,isDirector,0001415889-25-019296,2025-07-01,S,3326,237.32,26674,I,,,,,,
1792789,2025-07-03,DASH,Still Ashley,isDirector,0001415889-25-019316,2025-07-02,S,62,238.14,2667,D,,,,,,
1792789,2025-07-03,DASH,Fang Andy,isDirector,0001415889-25-019296,2025-07-01,J,30000,0.0,30000,I,,,,,,
1792789,2025-07-03,DASH,Tang Stanley,isDirector,0001415889-25-019295,2025-07-01,J,45410,0.0,45410,I,,,,,,
1792789,2025-07-03,DASH,Xu Tony,"isDirector,isOfficer,isTenPercentOwner",0001415889-25-019297,2025-07-01,M,34167,7.16,554617,D,,,,,,
1792789,2025-07-03,DASH,Tang Stanley,isDirector,0001415889-25-019295,2025-07-01,S,6110,237.423,39300,I,,,,,,
1792789,2025-07-11,DASH,Brown Shona L,isDirector,0001415889-25-019670,2025-07-09,S,1250,244.99,44302,D,,,,,,
1792789,2025-07-17,DASH,Xu Tony,"isDirector,isOfficer,isTenPercentOwner",0001415889-25-019917,2025-07-15,S,5700,235.538,548917,D,,,,,,
1792789,2025-07-17,DASH,Xu Tony,"isDirector,isOfficer,isTenPercentOwner",0001415889-25-019917,2025-07-15,M,34167,7.16,554617,D,,,,,,
1792789,2025-07-28,DASH,Adarkar Prabir,isOfficer,0001415889-25-020375,2025-07-24,S,2100,241.621,970454,D,,,,,,
1792789,2025-07-28,DASH,Adarkar Prabir,isOfficer,0001415889-25-020375,2025-07-24,M,30000,7.16,972554,D,,,,,,
1792789,2025-07-29,DASH,Inukonda Ravi,isOfficer,0001415889-25-020450,2025-07-25,M,800,7.66,246330,D,,,,,,
1792789,2025-07-29,DASH,Xu Tony,"isDirector,isOfficer,isTenPercentOwner",0001415889-25-020449,2025-07-28,S,4042,250.279,520450,D,,,,,,
1792789,2025-07-29,DASH,Xu Tony,"isDirector,isOfficer,isTenPercentOwner",0001415889-25-020449,2025-07-25,S,30124,250.022,520450,D,,,,,,
1792789,2025-07-29,DASH,Brown Shona L,isDirector,0001415889-25-020448,2025-07-25,S,825,250.0,43477,D,,,,,,
1792789,2025-07-29,DASH,Xu Tony,"isDirector,isOfficer,isTenPercentOwner",0001415889-25-020449,2025-07-25,M,30124,7.16,550574,D,,,,,,
1792789,2025-07-29,DASH,Inukonda Ravi,isOfficer,0001415889-25-020450,2025-07-25,S,1425,244.78,244905,D,,,,,,
1792789,2025-07-29,DASH,Xu Tony,"isDirector,isOfficer,isTenPercentOwner",0001415889-25-020449,2025-07-28,M,4042,7.16,524492,D,,,,,,
1792789,2025-08-05,DASH,Fang Andy,isDirector,0001415889-25-021022,2025-08-01,J,30000,0.0,30000,I,,,,,,
1792789,2025-08-05,DASH,Tang Stanley,isDirector,0001415889-25-021023,2025-08-01,J,45410,0.0,45410,I,,,,,,
1792789,2025-08-05,DASH,Fang Andy,isDirector,0001415889-25-021022,2025-08-01,S,1900,242.709,28100,I,,,,,,
1792789,2025-08-05,DASH,Tang Stanley,isDirector,0001415889-25-021023,2025-08-01,S,2600,242.719,42810,I,,,,,,
1792789,2025-08-06,DASH,Still Ashley,isDirector,0001415889-25-021166,2025-08-04,S,63,251.49,2604,D,,,,,,
1792789,2025-08-11,DASH,Fang Andy,isDirector,0001415889-25-021421,2025-08-07,J,50000,0.0,50000,I,,,,,,
1792789,2025-08-11,DASH,Fang Andy,isDirector,0001415889-25-021421,2025-08-07,S,35400,275.414,14600,I,,,,,,
1792789,2025-08-11,DASH,Brown Shona L,isDirector,0001415889-25-021420,2025-08-07,S,1650,272.0,41827,D,,,,,,
1792789,2025-08-13,DASH,Brown Shona L,isDirector,0001415889-25-021637,2025-08-11,S,1250,258.19,40577,D,,,,,,
1792789,2025-08-13,DASH,Xu Tony,"isDirector,isOfficer,isTenPercentOwner",0001415889-25-021638,2025-08-11,S,4905,252.896,566795,D,,,,,,
1792789,2025-08-13,DASH,Xu Tony,"isDirector,isOfficer,isTenPercentOwner",0001415889-25-021638,2025-08-11,M,51250,7.16,571700,D,,,,,,
1792789,2025-08-19,DASH,Xu Tony,"isDirector,isOfficer,isTenPercentOwner",0001415889-25-022287,2025-08-15,S,1400,244.854,553217,D,,,,,,
1792789,2025-08-19,DASH,Xu Tony,"isDirector,isOfficer,isTenPercentOwner",0001415889-25-022287,2025-08-18,S,16883,250.53,520650,D,,,,,,
1792789,2025-08-19,DASH,Xu Tony,"isDirector,isOfficer,isTenPercentOwner",0001415889-25-022287,2025-08-18,M,17083,7.16,537533,D,,,,,,
1792789,2025-08-19,DASH,Xu Tony,"isDirector,isOfficer,isTenPercentOwner",0001415889-25-022287,2025-08-15,M,34167,7.16,554617,D,,,,,,
1792789,2025-08-22,DASH,Xu Tony,"isDirector,isOfficer,isTenPercentOwner",0001415889-25-022757,2025-08-21,G,80000,0.0,1500,D,,,,,,
1792789,2025-08-22,DASH,Xu Tony,"isDirector,isOfficer,isTenPercentOwner",0001415889-25-022757,2025-08-20,J,227547,0.0,1500,D,,,,,,
1792789,2025-08-22,DASH,Lee Gordon S,isOfficer,0001415889-25-022752,2025-08-20,S,2655,238.098,91020,D,,,,,,
1792789,2025-08-22,DASH,Adarkar Prabir,isOfficer,0001415889-25-022754,2025-08-20,S,15661,238.098,926893,D,,,,,,
1792789,2025-08-22,DASH,Sherringham Tia,isOfficer,0001415889-25-022756,2025-08-20,S,9152,238.098,120362,D,,,,,,
1792789,2025-08-22,DASH,Xu Tony,"isDirector,isOfficer,isTenPercentOwner",0001415889-25-022757,2025-08-21,J,80000,0.0,81500,D,,,,,,
1792789,2025-08-22,DASH,Tang Stanley,isDirector,0001415889-25-022758,2025-08-20,S,1227,238.098,24843,D,,,,,,
1792789,2025-08-22,DASH,Xu Tony,"isDirector,isOfficer,isTenPercentOwner",0001415889-25-022757,2025-08-20,S,282992,238.098,237458,D,,,,,,
1792789,2025-08-22,DASH,Inukonda Ravi,isOfficer,0001415889-25-022755,2025-08-20,S,15944,238.098,228961,D,,,,,,
1792789,2025-08-22,DASH,Fang Andy,isDirector,0001415889-25-022751,2025-08-20,S,1227,238.098,21318,D,,,,,,
1792789,2025-08-22,DASH,Yandell Keith,isOfficer,0001415889-25-022753,2025-08-20,S,4880,238.098,98898,D,,,,,,
1792789,2025-08-26,DASH,Sherringham Tia,isOfficer,0001415889-25-023006,2025-08-22,S,300,244.017,119792,D,,,,,,
1792789,2025-08-27,DASH,Adarkar Prabir,isOfficer,0001415889-25-023117,2025-08-25,S,1600,243.462,954828,D,,,,,,
1792789,2025-08-27,DASH,Yandell Keith,isOfficer,0001415889-25-023116,2025-08-25,S,200,243.385,98554,D,,,,,,
1792789,2025-08-27,DASH,Adarkar Prabir,isOfficer,0001415889-25-023117,2025-08-25,M,30000,7.16,956428,D,,,,,,
1792789,2025-08-28,DASH,Inukonda Ravi,isOfficer,0001415889-25-023210,2025-08-26,S,3325,245.777,225963,D,,,,,,
1792789,2025-08-28,DASH,Inukonda Ravi,isOfficer,0001415889-25-023210,2025-08-26,M,800,7.66,229288,D,,,,,,
1792789,2025-08-29,DASH,Lee Gordon S,isOfficer,0001415889-25-023286,2025-08-27,S,1846,248.37,89096,D,,,,,,
1792789,2025-09-04,DASH,Yandell Keith,isOfficer,0001415889-25-023642,2025-09-02,S,400,238.835,93066,D,,,,,,
1792789,2025-09-04,DASH,Tang Stanley,isDirector,0001415889-25-023641,2025-09-02,J,45410,0.0,45410,I,,,,,,
1792789,2025-09-04,DASH,Tang Stanley,isDirector,0001415889-25-023641,2025-09-02,S,900,238.891,44510,I,,,,,,
1792789,2025-09-04,DASH,Xu Tony,"isDirector,isOfficer,isTenPercentOwner",0001415889-25-023643,2025-09-03,S,12982,250.303,5601,D,,,,,,
1792789,2025-09-04,DASH,Xu Tony,"isDirector,isOfficer,isTenPercentOwner",0001415889-25-023643,2025-09-02,M,34167,7.16,35667,D,,,,,,
1792789,2025-09-04,DASH,Xu Tony,"isDirector,isOfficer,isTenPercentOwner",0001415889-25-023643,2025-09-02,S,800,238.851,34867,D,,,,,,
1792789,2025-09-04,DASH,Xu Tony,"isDirector,isOfficer,isTenPercentOwner",0001415889-25-023643,2025-09-03,M,17083,7.16,18583,D,,,,,,
1792789,2025-09-04,DASH,Fang Andy,isDirector,0001415889-25-023640,2025-09-02,J,30000,0.0,30000,I,,,,,,
1792789,2025-09-04,DASH,Fang Andy,isDirector,0001415889-25-023640,2025-09-02,S,1100,239.079,28900,I,,,,,,
1792789,2025-09-05,DASH,Still Ashley,isDirector,0001415889-25-023788,2025-09-03,S,63,243.99,2541,D,,,,,,
1792789,2025-09-05,DASH,Sherringham Tia,isOfficer,0001415889-25-023787,2025-09-03,S,2924,250.0,112782,D,,,,,,
1792789,2025-09-11,DASH,Brown Shona L,isDirector,0001415889-25-024269,2025-09-09,S,100,250.38,40477,D,,,,,,
1792789,2025-09-17,DASH,Xu Tony,"isDirector,isOfficer,isTenPercentOwner",0001832617-25-000004,2025-09-15,M,51250,7.16,52750,D,,,,,,
1792789,2025-09-17,DASH,Xu Tony,"isDirector,isOfficer,isTenPercentOwner",0001832617-25-000004,2025-09-15,S,6109,256.797,46641,D,,,,,,
1792789,2025-09-26,DASH,Inukonda Ravi,isOfficer,0001849709-25-000004,2025-09-24,M,800,7.66,216197,D,,,,,,
1792789,2025-09-26,DASH,Inukonda Ravi,isOfficer,0001849709-25-000004,2025-09-24,S,1425,266.16,214772,D,,,,,,
1792789,2025-10-01,DASH,Adarkar Prabir,isOfficer,0001832612-25-000003,2025-09-29,S,2200,268.05,942347,D,,,,,,
1792789,2025-10-01,DASH,Adarkar Prabir,isOfficer,0001832612-25-000003,2025-09-29,M,30000,7.16,944547,D,,,,,,
1792789,2025-10-03,DASH,Fang Andy,isDirector,0001832390-25-000004,2025-10-01,S,1259,265.793,28741,I,,,,,,
1792789,2025-10-03,DASH,Fang Andy,isDirector,0001832390-25-000004,2025-10-01,J,30000,0.0,30000,I,,,,,,
1792789,2025-10-03,DASH,Xu Tony,"isDirector,isOfficer,isTenPercentOwner",0001832617-25-000006,2025-10-01,M,518950,0.0,520450,D,,,,,,
1792789,2025-10-03,DASH,Tang Stanley,isDirector,0001832614-25-000004,2025-10-01,S,1037,265.948,44373,I,,,,,,
1792789,2025-10-03,DASH,Xu Tony,"isDirector,isOfficer,isTenPercentOwner",0001832617-25-000006,2025-10-01,S,1000,266.008,553616,D,,,,,,
1792789,2025-10-03,DASH,Tang Stanley,isDirector,0001832614-25-000004,2025-10-01,J,45410,0.0,45410,I,,,,,,
1792789,2025-10-06,DASH,Still Ashley,isDirector,0001985469-25-000003,2025-10-02,S,62,268.9,2479,D,,,,,,
1792789,2025-10-08,DASH,Brown Shona L,isDirector,0001295031-25-000004,2025-10-06,S,825,280.0,38502,D,,,,,,
1792789,2025-10-14,DASH,Brown Shona L,isDirector,0001295031-25-000006,2025-10-09,S,145,275.198,38357,D,,,,,,
1792789,2025-10-16,FN,Adarkar Prabir,isOfficer,0001832612-25-000005,2025-10-14,M,20000,7.16,934547,D,,,,,,
1792789,2025-10-16,FN,Adarkar Prabir,isOfficer,0001832612-25-000005,2025-10-14,S,400,267.975,934147,D,,,,,,
1792789,2025-10-22,DASH,Inukonda Ravi,isOfficer,0001849709-25-000006,2025-10-20,M,800,7.66,215572,D,,,,,,
1792789,2025-10-22,DASH,Inukonda Ravi,isOfficer,0001849709-25-000006,2025-10-20,S,1425,263.86,214147,D,,,,,,
1792789,2025-11-05,DASH,Tang Stanley,isDirector,0001832614-25-000006,2025-11-03,J,45410,0.0,45410,I,,,,,,
1792789,2025-11-05,DASH,Tang Stanley,isDirector,0001832614-25-000006,2025-11-03,S,11576,241.735,33834,I,,,,,,
1792789,2025-11-05,DASH,Fang Andy,isDirector,0001832390-25-000006,2025-11-03,S,7540,241.716,22460,I,,,,,,
1792789,2025-11-05,DASH,Fang Andy,isDirector,0001832390-25-000006,2025-11-03,J,30000,0.0,30000,I,,,,,,
1792789,2025-11-06,DASH,Still Ashley,isDirector,0001985469-25-000005,2025-11-04,S,63,239.66,2416,D,,,,,,
1792789,2025-11-12,DASH,Brown Shona L,isDirector,0001295031-25-000008,2025-11-10,S,1250,206.53,36002,D,,,,,,
1792789,2025-11-13,DASH,Lee Gordon S,isOfficer,0001635648-25-000003,2025-11-10,M,4000,17.57,93096,D,,,,,,
1792789,2025-11-18,DASH,Fang Andy,isDirector,0001832390-25-000008,2025-11-14,G,36000,0.0,0,I,,,,,,
1792789,2025-11-18,DASH,Fang Andy,isDirector,0001832390-25-000008,2025-11-14,J,36000,0.0,36000,I,,,,,,
1792789,2025-11-21,DASH,Adarkar Prabir,isOfficer,0001832612-25-000007,2025-11-19,G,5000,0.0,904579,D,,,,,,
1792789,2025-11-24,DASH,Yandell Keith,isOfficer,0001833552-25-000003,2025-11-20,S,93,189.85,75339,D,,,,,,
1792789,2025-11-24,DASH,Fang Andy,isDirector,0001832390-25-000010,2025-11-20,S,24,189.85,21258,D,,,,,,
1792789,2025-11-24,DASH,Xu Tony,"isDirector,isOfficer,isTenPercentOwner",0001832617-25-000008,2025-11-20,S,5409,189.85,515041,D,,,,,,
1792789,2025-11-24,DASH,Xu Tony,"isDirector,isOfficer,isTenPercentOwner",0001832617-25-000008,2025-11-20,J,230540,0.0,1500,D,,,,,,
1792789,2025-11-24,DASH,Sherringham Tia,isOfficer,0001899688-25-000004,2025-11-20,S,174,189.85,112608,D,,,,,,
1792789,2025-11-24,DASH,Adarkar Prabir,isOfficer,0001832612-25-000009,2025-11-20,S,300,189.85,904279,D,,,,,,
1792789,2025-11-24,DASH,Tang Stanley,isDirector,0001832614-25-000008,2025-11-20,S,24,189.85,24783,D,,,,,,
1792789,2025-11-24,DASH,Lee Gordon S,isOfficer,0001635648-25-000005,2025-11-20,S,51,189.85,93045,D,,,,,,
1792789,2025-11-24,DASH,Tang Stanley,isDirector,0001832614-25-000008,2025-11-21,G,15000,0.0,0,I,,,,,,
1792789,2025-11-24,DASH,Inukonda Ravi,isOfficer,0001849709-25-000008,2025-11-20,S,305,189.85,213842,D,,,,,,
1792789,2025-11-24,DASH,Tang Stanley,isDirector,0001832614-25-000008,2025-11-21,J,15000,0.0,15000,I,,,,,,
1792789,2025-11-26,DASH,Sherringham Tia,isOfficer,0001899688-25-000006,2025-11-24,S,440,186.093,103014,D,,,,,,
1792789,2025-11-26,DASH,Yandell Keith,isOfficer,0001833552-25-000005,2025-11-25,S,280,188.204,70179,D,,,,,,
1792789,2025-11-26,DASH,Adarkar Prabir,isOfficer,0001832612-25-000011,2025-11-24,S,640,185.565,897979,D,,,,,,
1792789,2025-11-26,DASH,Inukonda Ravi,isOfficer,0001849709-25-000011,2025-11-24,S,1425,189.6,197272,D,,,,,,
1792789,2025-11-26,DASH,Inukonda Ravi,isOfficer,0001849709-25-000011,2025-11-25,S,680,188.172,196592,D,,,,,,
1792789,2025-11-26,DASH,Adarkar Prabir,isOfficer,0001832612-25-000011,2025-11-24,M,10000,7.16,898619,D,,,,,,
1792789,2025-11-26,DASH,Inukonda Ravi,isOfficer,0001849709-25-000011,2025-11-24,M,800,7.66,198697,D,,,,,,
1792789,2025-11-28,DASH,Lin Alfred,,0001607841-25-000015,2025-11-26,P,25136,198.1218,414183,I,,,,,,
1792789,2025-11-28,DASH,Xu Tony,"isDirector,isOfficer,isTenPercentOwner",0001832617-25-000010,2025-11-25,G,102308,0.0,1500,D,,,,,,
1792789,2025-11-28,DASH,Xu Tony,"isDirector,isOfficer,isTenPercentOwner",0001832617-25-000010,2025-11-25,J,102308,0.0,103808,D,,,,,,
1792789,2025-11-28,DASH,Lin Alfred,,0001607841-25-000015,2025-11-25,P,20440,188.0764,20440,I,,,,,,
1792789,2025-12-01,DASH,Lee Gordon S,isOfficer,0001635648-25-000007,2025-11-26,S,1000,200.0,89391,D,,,,,,
1792789,2025-12-03,DASH,Fang Andy,isDirector,0001832390-25-000013,2025-12-02,J,5000,0.0,5000,I,,,,,,
1792789,2025-12-03,DASH,Tang Stanley,isDirector,0001832614-25-000010,2025-12-01,J,45410,0.0,45410,I,,,,,,
1792789,2025-12-03,DASH,Tang Stanley,isDirector,0001832614-25-000010,2025-12-01,S,1775,201.306,43635,I,,,,,,
1792789,2025-12-03,DASH,Fang Andy,isDirector,0001832390-25-000013,2025-12-02,S,5000,215.0,0,I,,,,,,
1792789,2025-12-03,DASH,Fang Andy,isDirector,0001832390-25-000013,2025-12-01,S,1520,201.503,23480,I,,,,,,
1792789,2025-12-03,DASH,Lee Gordon S,isOfficer,0001635648-25-000009,2025-12-01,S,2159,204.48,87232,D,,,,,,
1792789,2025-12-03,DASH,Still Ashley,isDirector,0001985469-25-000007,2025-12-02,S,62,205.58,2354,D,,,,,,
1792789,2025-12-03,DASH,Fang Andy,isDirector,0001832390-25-000013,2025-12-01,J,25000,0.0,25000,I,,,,,,
1792789,2025-12-11,DASH,Xu Tony,"isDirector,isOfficer,isTenPercentOwner",0001832617-25-000012,2025-12-09,M,16667,7.16,18167,D,,,,,,
1792789,2025-12-11,DASH,Xu Tony,"isDirector,isOfficer,isTenPercentOwner",0001832617-25-000012,2025-12-09,S,16667,230.0,1500,D,,,,,,
1792789,2025-12-11,DASH,Brown Shona L,isDirector,0001295031-25-000011,2025-12-09,S,1250,224.99,34752,D,,,,,,
1792789,2025-12-22,DASH,Xu Tony,"isDirector,isOfficer,isTenPercentOwner",0001832617-25-000014,2025-12-18,S,16667,230.0,1500,D,,,,,,
1792789,2025-12-22,DASH,Xu Tony,"isDirector,isOfficer,isTenPercentOwner",0001832617-25-000014,2025-12-18,M,16667,7.16,18167,D,,,,,,
1792789,2025-12-23,DASH,Inukonda Ravi,isOfficer,0001849709-25-000012,2025-12-19,S,1425,231.97,184037,D,,,,,,
1792789,2025-12-23,DASH,Inukonda Ravi,isOfficer,0001849709-25-000012,2025-12-19,M,800,7.66,185462,D,,,,,,
1792789,2025-12-23,DASH,Adarkar Prabir,isOfficer,0001832612-25-000013,2025-12-22,M,30000,7.16,904130,D,,,,,,
1792789,2025-12-23,DASH,Adarkar Prabir,isOfficer,0001832612-25-000013,2025-12-22,S,1840,233.035,902290,D,,,,,,
1792789,2026-01-06,DASH,Fang Andy,isDirector,0001832390-26-000002,2026-01-02,S,6933,220.07,23067,I,,,,,,
1792789,2026-01-06,DASH,Still Ashley,isDirector,0001985469-26-000002,2026-01-02,S,63,229.8,2291,D,,,,,,
1792789,2026-01-06,DASH,Tang Stanley,isDirector,0001832614-26-000002,2026-01-02,S,10597,220.079,34813,I,,,,,,
1792789,2026-01-06,DASH,Tang Stanley,isDirector,0001832614-26-000002,2026-01-02,J,45410,0.0,45410,I,,,,,,
1792789,2026-01-06,DASH,Fang Andy,isDirector,0001832390-26-000002,2026-01-02,J,30000,0.0,30000,I,,,,,,
1792789,2026-01-07,DASH,Xu Tony,"isDirector,isOfficer,isTenPercentOwner",0001832617-26-000002,2026-01-05,S,16667,230.0,1500,D,,,,,,
1792789,2026-01-07,DASH,Xu Tony,"isDirector,isOfficer,isTenPercentOwner",0001832617-26-000002,2026-01-05,M,16667,7.16,18167,D,,,,,,
1792789,2026-01-13,DASH,Brown Shona L,isDirector,0001295031-26-000002,2026-01-09,S,1250,222.33,33502,D,,,,,,
1792789,2026-01-16,DASH,Inukonda Ravi,isOfficer,0001849709-26-000002,2026-01-14,S,1017,215.14,208412,D,,,,,,
1792789,2026-01-16,DASH,Inukonda Ravi,isOfficer,0001849709-26-000002,2026-01-14,M,1017,7.66,209429,D,,,,,,
1792789,2026-01-21,DASH,Kovac Milan,isDirector,0002104833-26-000004,2026-01-16,A,1325,0.0,1325,D,,,,,,
1792789,2026-01-22,DASH,Adarkar Prabir,isOfficer,0001832612-26-000002,2026-01-20,M,15000,7.16,889130,D,,,,,,
1792789,2026-01-22,DASH,Adarkar Prabir,isOfficer,0001832612-26-000002,2026-01-20,S,200,200.732,888930,D,,,,,,
1792789,2026-02-04,DASH,Tang Stanley,isDirector,0001832614-26-000004,2026-02-02,S,560,204.046,44850,I,,,,,,
1792789,2026-02-04,DASH,Fang Andy,isDirector,0001832390-26-000004,2026-02-02,S,40,204.04,9960,I,,,,,,
1792789,2026-02-04,DASH,Fang Andy,isDirector,0001832390-26-000004,2026-02-02,J,10000,0.0,10000,I,,,,,,
1792789,2026-02-04,DASH,Tang Stanley,isDirector,0001832614-26-000004,2026-02-02,J,45410,0.0,45410,I,,,,,,
1792789,2026-02-05,DASH,Still Ashley,isDirector,0001985469-26-000004,2026-02-03,S,63,207.42,2228,D,,,,,,
1792789,2026-02-11,DASH,Brown Shona L,isDirector,0001295031-26-000004,2026-02-09,S,1250,181.28,32252,D,,,,,,
1792789,2026-02-20,DASH,Inukonda Ravi,isOfficer,0001849709-26-000004,2026-02-18,M,1017,7.66,209429,D,,,,,,
1792789,2026-02-20,DASH,Inukonda Ravi,isOfficer,0001849709-26-000004,2026-02-18,S,1017,175.0,208412,D,,,,,,
1792789,2026-02-24,DASH,Inukonda Ravi,isOfficer,0001849709-26-000006,2026-02-20,S,15443,175.496,192969,D,,,,,,
1792789,2026-02-24,DASH,Tang Stanley,isDirector,0001832614-26-000007,2026-02-20,S,907,175.496,22647,D,,,,,,
1792789,2026-02-24,DASH,Adarkar Prabir,isOfficer,0001832612-26-000004,2026-02-20,S,15692,175.496,858438,D,,,,,,
1792789,2026-02-24,DASH,Lee Gordon S,isOfficer,0001635648-26-000002,2026-02-20,S,2693,175.496,84539,D,,,,,,
1792789,2026-02-24,DASH,Fang Andy,isDirector,0001832390-26-000007,2026-02-20,S,908,175.496,19122,D,,,,,,
1792789,2026-02-24,DASH,Yandell Keith,isOfficer,0001833552-26-000002,2026-02-20,S,4928,175.496,61559,D,,,,,,
1792789,2026-02-24,DASH,Sherringham Tia,isOfficer,0001899688-26-000002,2026-02-20,S,8346,175.496,90672,D,,,,,,
1792789,2026-02-26,DASH,Adarkar Prabir,isOfficer,0001832612-26-000006,2026-02-24,M,10000,7.16,868438,D,,,,,,
1792789,2026-02-26,DASH,Adarkar Prabir,isOfficer,0001832612-26-000006,2026-02-24,S,560,161.803,867878,D,,,,,,
1792789,2026-02-26,DASH,Sherringham Tia,isOfficer,0001899688-26-000004,2026-02-24,S,5013,165.5,85659,D,,,,,,
1792789,2026-02-27,DASH,Yandell Keith,isOfficer,0001833552-26-000004,2026-02-25,S,160,166.035,61399,D,,,,,,
1792789,2026-03-02,DASH,Lee Gordon S,isOfficer,0001635648-26-000004,2026-02-26,S,2173,176.19,82366,D,,,,,,
1792789,2026-03-04,DASH,Inukonda Ravi,isOfficer,0001849709-26-000008,2026-03-02,S,16578,175.164,177408,D,,,,,,
1792789,2026-03-04,DASH,Inukonda Ravi,isOfficer,0001849709-26-000008,2026-03-02,M,1017,7.66,193986,D,,,,,,
1792789,2026-03-06,DASH,Tang Stanley,isDirector,0001832614-26-000009,2026-03-04,J,21449,0.0,21449,I,,,,,,
1792789,2026-03-06,DASH,Xu Tony,"isDirector,isOfficer,isTenPercentOwner",0001832617-26-000005,2026-03-04,G,83,0.0,0,I,,,,,,
1792789,2026-03-06,DASH,Tang Stanley,isDirector,0001832614-26-000009,2026-03-04,S,200,174.046,22447,D,,,,,,
1792789,2026-03-11,DASH,Brown Shona L,isDirector,0001295031-26-000007,2026-03-09,S,1250,176.61,31002,D,,,,,,
1792789,2026-03-25,DASH,Adarkar Prabir,isOfficer,0001832612-26-000008,2026-03-23,M,10000,7.16,853678,D,,,,,,
1792789,2026-03-25,DASH,Adarkar Prabir,isOfficer,0001832612-26-000008,2026-03-23,S,5721,158.698,847957,D,,,,,,
1792789,2026-03-27,DASH,Sherringham Tia,isOfficer,0001899688-26-000006,2026-03-25,M,1250,7.16,86909,D,,,,,,
1792789,2026-04-06,DASH,Tang Stanley,isDirector,0001832614-26-000011,2026-04-02,S,1692,150.0,19279,D,,,,,,
1792789,2026-04-06,DASH,Tang Stanley,isDirector,0001832614-26-000011,2026-04-02,J,21433,0.0,21433,I,,,,,,
1792789,2026-04-17,DASH,Brown Shona L,isDirector,0001295031-26-000009,2026-04-15,S,1250,175.0,29752,D,,,,,,
1792789,2026-04-22,DASH,Fang Andy,isDirector,0001832390-26-000009,2026-04-20,A,10122,0.0,29244,D,,,,,,
1792789,2026-04-22,DASH,Yandell Keith,isOfficer,0001833552-26-000006,2026-04-20,A,30435,0.0,87976,D,,,,,,
1792789,2026-04-22,DASH,Adarkar Prabir,isOfficer,0001832612-26-000010,2026-04-20,S,160,182.186,853518,D,non_derivative,Class A Common Stock,,,,
1792789,2026-04-22,DASH,Adarkar Prabir,isOfficer,0001832612-26-000010,2026-04-20,A,144263,0.0,987941,D,,,,,,
1792789,2026-04-22,DASH,Tang Stanley,isDirector,0001832614-26-000013,2026-04-20,A,10122,0.0,29401,D,non_derivative,Class A Common Stock,,,,
1792789,2026-04-22,DASH,Tang Stanley,isDirector,0001832614-26-000013,2026-04-20,A,10122,0.0,29401,D,,,,,,
1792789,2026-04-22,DASH,Adarkar Prabir,isOfficer,0001832612-26-000010,2026-04-20,S,160,182.186,853518,D,,,,,,
1792789,2026-04-22,DASH,Sherringham Tia,isOfficer,0001899688-26-000008,2026-04-20,A,51740,0.0,138649,D,non_derivative,Class A Common Stock,,,,
1792789,2026-04-22,DASH,Fang Andy,isDirector,0001832390-26-000009,2026-04-20,A,10122,0.0,29244,D,non_derivative,Class A Common Stock,,,,
1792789,2026-04-22,DASH,Lee Gordon S,isOfficer,0001635648-26-000006,2026-04-20,A,10195,0.0,92561,D,non_derivative,Class A Common Stock,,,,
1792789,2026-04-22,DASH,Adarkar Prabir,isOfficer,0001832612-26-000010,2026-04-20,M,10000,0.0,53550,D,derivative,Stock Option (right to buy),Class A Common Stock,10000.0,7.16,2028-10-09
1792789,2026-04-22,DASH,Inukonda Ravi,isOfficer,0001849709-26-000010,2026-04-20,A,109567,0.0,286975,D,non_derivative,Class A Common Stock,,,,
1792789,2026-04-22,DASH,Sherringham Tia,isOfficer,0001899688-26-000008,2026-04-20,A,51740,0.0,138649,D,,,,,,
1792789,2026-04-22,DASH,Adarkar Prabir,isOfficer,0001832612-26-000010,2026-04-20,A,144263,0.0,987941,D,non_derivative,Class A Common Stock,,,,
1792789,2026-04-22,DASH,Adarkar Prabir,isOfficer,0001832612-26-000010,2026-04-20,M,10000,7.16,853678,D,,,,,,
1792789,2026-04-22,DASH,Inukonda Ravi,isOfficer,0001849709-26-000010,2026-04-20,A,109567,0.0,286975,D,,,,,,
1792789,2026-04-22,DASH,Adarkar Prabir,isOfficer,0001832612-26-000010,2026-04-20,M,10000,7.16,853678,D,non_derivative,Class A Common Stock,,,,
1792789,2026-04-22,DASH,Lee Gordon S,isOfficer,0001635648-26-000006,2026-04-20,A,10195,0.0,92561,D,,,,,,
1792789,2026-04-22,DASH,Yandell Keith,isOfficer,0001833552-26-000006,2026-04-20,A,30435,0.0,87976,D,non_derivative,Class A Common Stock,,,,
1792789,2026-05-06,DASH,Tang Stanley,isDirector,0001832614-26-000015,2026-05-04,J,23125,0.0,23125,I,,,,,,
1792789,2026-05-06,DASH,Tang Stanley,isDirector,0001832614-26-000015,2026-05-04,S,4759,172.722,18366,I,non_derivative,Class A Common Stock,,,,
1792789,2026-05-06,DASH,Tang Stanley,isDirector,0001832614-26-000015,2026-05-04,S,4759,172.722,18366,I,,,,,,
1792789,2026-05-06,DASH,Tang Stanley,isDirector,0001832614-26-000015,2026-05-04,J,23125,0.0,3546164,I,derivative,Class B Common Stock,Class A Common Stock,23125.0,,
1792789,2026-05-06,DASH,Tang Stanley,isDirector,0001832614-26-000015,2026-05-04,J,23125,0.0,23125,I,non_derivative,Class A Common Stock,,,,
1792789,2026-05-22,DASH,Yandell Keith,isOfficer,0001833552-26-000008,2026-05-20,S,4227,155.588,83749,D,non_derivative,Class A Common Stock,,,,
1792789,2026-05-22,DASH,Fang Andy,isDirector,0001832390-26-000011,2026-05-20,S,1164,155.588,44189,D,non_derivative,Class A Common Stock,,,,
1792789,2026-05-22,DASH,Adarkar Prabir,isOfficer,0001832612-26-000012,2026-05-20,S,17126,155.588,970815,D,,,,,,
1792789,2026-05-22,DASH,Lee Gordon S,isOfficer,0001635648-26-000008,2026-05-20,S,2910,155.588,89651,D,non_derivative,Class A Common Stock,,,,
1792789,2026-05-22,DASH,Sherringham Tia,isOfficer,0001899688-26-000010,2026-05-20,S,7690,155.588,130959,D,,,,,,
1792789,2026-05-22,DASH,Tang Stanley,isDirector,0001832614-26-000017,2026-05-20,S,1592,155.588,41889,D,non_derivative,Class A Common Stock,,,,
1792789,2026-05-22,DASH,Tang Stanley,isDirector,0001832614-26-000017,2026-05-20,S,1592,155.588,41889,D,,,,,,
1792789,2026-05-22,DASH,Adarkar Prabir,isOfficer,0001832612-26-000012,2026-05-20,S,17126,155.588,970815,D,non_derivative,Class A Common Stock,,,,
1792789,2026-05-22,DASH,Sherringham Tia,isOfficer,0001899688-26-000010,2026-05-20,S,7690,155.588,130959,D,non_derivative,Class A Common Stock,,,,
1792789,2026-05-22,DASH,Yandell Keith,isOfficer,0001833552-26-000008,2026-05-20,S,4227,155.588,83749,D,,,,,,
1792789,2026-05-22,DASH,Fang Andy,isDirector,0001832390-26-000011,2026-05-20,S,1164,155.588,44189,D,,,,,,
1792789,2026-05-22,DASH,Lee Gordon S,isOfficer,0001635648-26-000008,2026-05-20,S,2910,155.588,89651,D,,,,,,
1792789,2026-05-22,DASH,Inukonda Ravi,isOfficer,0001849709-26-000012,2026-05-20,S,19505,155.588,267470,D,,,,,,
1792789,2026-05-22,DASH,Inukonda Ravi,isOfficer,0001849709-26-000012,2026-05-20,S,19505,155.588,267470,D,non_derivative,Class A Common Stock,,,,
1792789,2026-05-27,DASH,Lee Gordon S,isOfficer,0001635648-26-000010,2026-05-22,M,2000,17.57,91651,D,non_derivative,Class A Common Stock,,,,
1792789,2026-05-27,DASH,Sherringham Tia,isOfficer,0001899688-26-000012,2026-05-22,S,2743,160.79,128216,D,non_derivative,Class A Common Stock,,,,
1792789,2026-05-27,DASH,Lee Gordon S,isOfficer,0001635648-26-000010,2026-05-22,S,2204,160.79,89447,D,non_derivative,Class A Common Stock,,,,
1792789,2026-05-27,DASH,Lee Gordon S,isOfficer,0001635648-26-000010,2026-05-22,M,2000,0.0,6500,D,derivative,Stock Option (right to buy),Class A Common Stock,2000.0,17.57,2029-04-08
1792789,2026-05-28,DASH,Adarkar Prabir,isOfficer,0001832612-26-000014,2026-05-26,M,10000,0.0,43550,D,derivative,Stock Option (right to buy),Class A Common Stock,10000.0,7.16,2028-10-09
1792789,2026-05-28,DASH,Yandell Keith,isOfficer,0001833552-26-000010,2026-05-26,S,743,153.826,83006,D,non_derivative,Class A Common Stock,,,,
1792789,2026-05-28,DASH,Adarkar Prabir,isOfficer,0001832612-26-000014,2026-05-26,S,6428,153.917,974387,D,non_derivative,Class A Common Stock,,,,
1792789,2026-05-28,DASH,Adarkar Prabir,isOfficer,0001832612-26-000014,2026-05-26,M,10000,7.16,980815,D,non_derivative,Class A Common Stock,,,,
1792789,2026-06-04,DASH,Tang Stanley,isDirector,0001832614-26-000019,2026-06-02,J,23125,0.0,3523039,I,derivative,Class B Common Stock,Class A Common Stock,23125.0,,
1792789,2026-06-04,DASH,Tang Stanley,isDirector,0001832614-26-000019,2026-06-02,J,23125,0.0,23125,I,non_derivative,Class A Common Stock,,,,
1792789,2026-06-04,DASH,Tang Stanley,isDirector,0001832614-26-000019,2026-06-02,S,4795,155.693,18330,I,non_derivative,Class A Common Stock,,,,
1792789,2026-06-08,DASH,Kovac Milan,isDirector,0002104833-26-000006,2026-03-27,P,20,146.53,1942,D,non_derivative,Class A Common Stock,,,,
1792789,2026-06-08,DASH,Kovac Milan,isDirector,0002104833-26-000006,2026-02-23,P,20,165.34,1922,D,non_derivative,Class A Common Stock,,,,
1792789,2026-06-12,DASH,PIACENTINI DIEGO,isDirector,0001184755-26-000002,2026-06-10,A,1986,0.0,13350,D,non_derivative,Class A Common Stock,,,,
1792789,2026-06-12,DASH,Still Ashley,isDirector,0001985469-26-000006,2026-06-10,A,1986,0.0,4214,D,non_derivative,Class A Common Stock,,,,
1792789,2026-06-12,DASH,Lin Alfred,,0001790330-26-000002,2026-06-10,A,1986,0.0,3150,D,non_derivative,Class A Common Stock,,,,
1792789,2026-06-12,DASH,Mertz Elinor,isDirector,0001938411-26-000002,2026-06-10,A,1986,0.0,15809,D,non_derivative,Class A Common Stock,,,,
1792789,2026-06-12,DASH,Still Ashley,isDirector,0001985469-26-000006,2026-06-10,S,1164,153.58,2685,I,non_derivative,Class A Common Stock,,,,
1792789,2026-06-12,DASH,Kovac Milan,isDirector,0002104833-26-000008,2026-06-10,A,1986,0.0,3928,D,non_derivative,Class A Common Stock,,,,
1792789,2026-06-12,DASH,Brown Shona L,isDirector,0001295031-26-000011,2026-06-10,A,1986,0.0,31738,D,non_derivative,Class A Common Stock,,,,
1792789,2026-06-12,DASH,Blackburn Jeffrey M,isDirector,0001374831-26-000002,2026-06-10,A,1986,0.0,8102,D,non_derivative,Class A Common Stock,,,,
1792789,2026-06-12,DASH,DOERR L JOHN,isDirector,0001032455-26-000002,2026-06-10,A,1986,0.0,9069,D,non_derivative,Class A Common Stock,,,,
1792789,2026-06-24,DASH,Yandell Keith,isOfficer,0001833552-26-000012,2026-06-22,A,37296,0.0,118402,D,non_derivative,Class A Common Stock,,,,
1792789,2026-06-26,DASH,Fang Andy,isDirector,0001832390-26-000013,2026-06-24,J,5000,0.0,5704604,I,derivative,Class B Common Stock,Class A Common Stock,5000.0,,
1792789,2026-06-26,DASH,Fang Andy,isDirector,0001832390-26-000013,2026-06-24,J,5000,0.0,5000,I,non_derivative,Class A Common Stock,,,,
1792789,2026-06-26,DASH,Fang Andy,isDirector,0001832390-26-000013,2026-06-24,S,5000,180.0,0,I,non_derivative,Class A Common Stock,,,,
1792789,2026-06-30,DASH,Brown Shona L,isDirector,0001295031-26-000013,2026-06-26,S,582,177.06,31156,D,non_derivative,Class A Common Stock,,,,
1792789,2026-07-06,DASH,Fang Andy,isDirector,0001832390-26-000015,2026-07-01,J,5000,0.0,5699604,I,derivative,Class B Common Stock,Class A Common Stock,5000.0,,
1792789,2026-07-06,DASH,Fang Andy,isDirector,0001832390-26-000015,2026-07-01,J,5000,0.0,5000,I,non_derivative,Class A Common Stock,,,,
1792789,2026-07-06,DASH,Fang Andy,isDirector,0001832390-26-000015,2026-07-01,S,627,183.423,4373,I,non_derivative,Class A Common Stock,,,,
1792789,2026-07-07,DASH,Tang Stanley,isDirector,0001832614-26-000021,2026-07-02,J,23125,0.0,23125,I,non_derivative,Class A Common Stock,,,,
1792789,2026-07-07,DASH,Tang Stanley,isDirector,0001832614-26-000021,2026-07-02,S,2986,189.748,20139,I,non_derivative,Class A Common Stock,,,,
1792789,2026-07-07,DASH,Tang Stanley,isDirector,0001832614-26-000021,2026-07-02,J,23125,0.0,3499914,I,derivative,Class B Common Stock,Class A Common Stock,23125.0,,
1792789,2026-07-10,DASH,Inukonda Ravi,isOfficer,0001849709-26-000014,2026-07-08,S,1900,183.359,269638,D,non_derivative,Class A Common Stock,,,,
1792789,2026-07-10,DASH,Inukonda Ravi,isOfficer,0001849709-26-000014,2026-07-08,M,4068,7.66,271538,D,non_derivative,Class A Common Stock,,,,
1792789,2026-07-10,DASH,Inukonda Ravi,isOfficer,0001849709-26-000014,2026-07-08,M,4068,0.0,5081,D,derivative,Stock Option (right to buy),Class A Common Stock,4068.0,7.66,2028-12-17
1792789,2026-08-05,DASH,Tang Stanley,isDirector,0001832614-26-000023,2026-08-03,J,67693,0.0,3432221,I,derivative,Class B Common Stock,Class A Common Stock,67693.0,,
1792789,2026-08-05,DASH,Fang Andy,isDirector,0001832390-26-000017,2026-08-03,J,20000,0.0,20000,I,non_derivative,Class A Common Stock,,,,
1792789,2026-08-05,DASH,Fang Andy,isDirector,0001832390-26-000017,2026-08-03,S,300,198.91,19700,I,non_derivative,Class A Common Stock,,,,
1792789,2026-08-05,DASH,Tang Stanley,isDirector,0001832614-26-000023,2026-08-03,J,67693,0.0,67693,I,non_derivative,Class A Common Stock,,,,
1792789,2026-08-05,DASH,Tang Stanley,isDirector,0001832614-26-000023,2026-08-03,S,1671,200.0,40218,D,non_derivative,Class A Common Stock,,,,
1792789,2026-08-05,DASH,Fang Andy,isDirector,0001832390-26-000017,2026-08-03,J,20000,0.0,5679604,I,derivative,Class B Common Stock,Class A Common Stock,20000.0,,
1792789,2026-08-10,DASH,Fang Andy,isDirector,0001832390-26-000019,2026-08-06,J,15000,0.0,15000,I,non_derivative,Class A Common Stock,,,,
1792789,2026-08-10,DASH,Fang Andy,isDirector,0001832390-26-000019,2026-08-06,S,15000,215.0,0,I,non_derivative,Class A Common Stock,,,,
1792789,2026-08-10,DASH,Fang Andy,isDirector,0001832390-26-000019,2026-08-06,J,15000,0.0,5664604,I,derivative,Class B Common Stock,Class A Common Stock,15000.0,,
1792789,2026-08-11,DASH,Lin Alfred,,0001790330-26-000005,2026-08-07,J,7030715,0.0,20540976,I,non_derivative,Class A Common Stock,,,,
1792789,2026-08-11,DASH,Tang Stanley,isDirector,0001832614-26-000025,2026-08-07,J,10361,0.0,10361,I,non_derivative,Class A Common Stock,,,,
1792789,2026-08-11,DASH,Xu Tony,"isDirector,isOfficer,isTenPercentOwner",0001832617-26-000007,2026-08-07,J,8159,0.0,8159,I,non_derivative,Class A Common Stock,,,,
0001792789,2026-08-17,DASH,Inukonda Ravi,isOfficer,0001849709-26-000016,2026-08-13,S,1017,213.67,252443,D,non_derivative,Class A Common Stock,,,,
0001792789,2026-08-17,DASH,Inukonda Ravi,isOfficer,0001849709-26-000016,2026-08-13,M,1017,7.66,253460,D,non_derivative,Class A Common Stock,,,,
0001792789,2026-08-17,DASH,Inukonda Ravi,isOfficer,0001849709-26-000016,2026-08-13,M,1017,0,4064,D,derivative,Stock Option (right to buy),Class A Common Stock,1017,7.66,2028-12-17
