cik,filingDate,issuerTradingSymbol,reportingOwnerName,reportingOwnerRelationship,accessionNumber,transactionDate,transactionCode,transactionShares,transactionPricePerShare,sharesOwnedFollowingTransaction,directOrIndirectOwnership,transactionType,securityTitle,underlyingSecurityTitle,underlyingSecurityShares,exercisePrice,expirationDate
1048695,2019-02-05,FFIV,WHITE ANA MARIA,,0001209191-19-007477,2019-02-01,M,5729,0.0,5729,D,,,,,,
1048695,2019-02-05,FFIV,Kearny Ryan C.,,0001209191-19-007430,2019-02-01,M,1080,0.0,7333,D,,,,,,
1048695,2019-02-05,FFIV,Rogers Scot Frazier,,0001209191-19-007433,2019-02-01,S,2190,160.6511,9893,D,,,,,,
1048695,2019-02-05,FFIV,Rogers Scot Frazier,,0001209191-19-007433,2019-02-01,M,2234,0.0,12083,D,,,,,,
1048695,2019-02-05,FFIV,MCMILLAN STEPHEN,,0001209191-19-007439,2019-02-01,S,1971,160.7861,2358,D,,,,,,
1048695,2019-02-05,FFIV,MCMILLAN STEPHEN,,0001209191-19-007439,2019-02-01,M,2464,0.0,4329,D,,,,,,
1048695,2019-02-05,FFIV,FOUNTAIN THOMAS DEAN,,0001209191-19-007445,2019-02-04,S,3106,159.5,3212,D,,,,,,
1048695,2019-02-05,FFIV,FOUNTAIN THOMAS DEAN,,0001209191-19-007445,2019-02-01,M,6167,0.0,6318,D,,,,,,
1048695,2019-02-05,FFIV,Kearny Ryan C.,,0001209191-19-007430,2019-02-01,S,1036,160.7855,6297,D,,,,,,
1048695,2019-02-05,FFIV,Locoh-Donou Francois,,0001209191-19-007461,2019-02-01,M,8779,0.0,29639,D,,,,,,
1048695,2019-02-05,FFIV,Pelzer Francis J.,,0001209191-19-007467,2019-02-04,S,261,159.5,320,D,,,,,,
1048695,2019-02-05,FFIV,Pelzer Francis J.,,0001209191-19-007467,2019-02-01,M,581,0.0,581,D,,,,,,
1048695,2019-02-05,FFIV,SPRAGUE KARA LYNN,,0001209191-19-007471,2019-02-04,S,704,159.5,6393,D,,,,,,
1048695,2019-02-05,FFIV,SPRAGUE KARA LYNN,,0001209191-19-007471,2019-02-01,M,1708,0.0,7097,D,,,,,,
1048695,2019-02-05,FFIV,WHALEN CHAD MICHAEL,,0001209191-19-007474,2019-02-04,S,378,159.5,711,D,,,,,,
1048695,2019-02-05,FFIV,Locoh-Donou Francois,,0001209191-19-007461,2019-02-04,S,4024,159.5,25615,D,,,,,,
1048695,2019-02-05,FFIV,WHALEN CHAD MICHAEL,,0001209191-19-007474,2019-02-01,M,877,0.0,1089,D,,,,,,
1048695,2019-02-05,FFIV,WHITE ANA MARIA,,0001209191-19-007477,2019-02-04,S,2296,159.5,3433,D,,,,,,
1048695,2019-02-07,FFIV,Locoh-Donou Francois,,0001209191-19-008161,2019-02-06,S,819,162.5181,24784,D,,,,,,
1048695,2019-02-07,FFIV,FOUNTAIN THOMAS DEAN,,0001209191-19-008156,2019-02-05,S,675,162.96,2528,D,,,,,,
1048695,2019-02-14,FFIV,FOUNTAIN THOMAS DEAN,,0001209191-19-010006,2019-02-12,S,675,163.63,1853,D,,,,,,
1048695,2019-02-14,FFIV,WHALEN CHAD MICHAEL,,0001209191-19-010007,2019-02-12,S,124,163.96,586,D,,,,,,
1048695,2019-02-15,FFIV,WHALEN CHAD MICHAEL,,0001209191-19-010510,2019-02-14,S,150,166.75,436,D,,,,,,
1048695,2019-02-21,FFIV,FOUNTAIN THOMAS DEAN,,0001209191-19-011881,2019-02-19,S,545,170.68,1308,D,,,,,,
1048695,2019-02-22,FFIV,WHALEN CHAD MICHAEL,,0001209191-19-012692,2019-02-21,S,124,168.27,312,D,,,,,,
1048695,2019-02-28,FFIV,FOUNTAIN THOMAS DEAN,,0001209191-19-014389,2019-02-26,S,545,171.6,763,D,,,,,,
1048695,2019-03-15,FFIV,BEVIER DEBORAH L,,0001209191-19-019848,2019-03-13,M,1688,0.0,8840,D,,,,,,
1048695,2019-03-15,FFIV,Chadwick Jonathan,,0001209191-19-019849,2019-03-13,M,1688,0.0,9657,D,,,,,,
1048695,2019-03-15,FFIV,Combes Michel,,0001209191-19-019850,2019-03-13,M,1466,0.0,1466,D,,,,,,
1048695,2019-03-15,FFIV,Dreyer Michael L,,0001209191-19-019851,2019-03-13,M,1688,0.0,7367,D,,,,,,
1048695,2019-03-15,FFIV,MYERS MARIE,,0001209191-19-019856,2019-03-13,M,300,0.0,300,D,,,,,,
1048695,2019-03-15,FFIV,BERGERON SANDRA E.,,0001209191-19-019847,2019-03-13,M,1688,0.0,3688,D,,,,,,
1048695,2019-03-15,FFIV,HIGGINSON ALAN,,0001209191-19-019852,2019-03-13,M,1688,0.0,11528,D,,,,,,
1048695,2019-03-15,FFIV,Klein Peter S,,0001209191-19-019853,2019-03-13,M,1688,0.0,6724,D,,,,,,
1048695,2019-03-15,FFIV,MCADAM JOHN,,0001209191-19-019854,2019-03-13,M,1688,0.0,10705,D,,,,,,
1048695,2019-03-15,FFIV,MEHTA NIKHIL RAMESH,,0001209191-19-019855,2019-03-13,M,300,0.0,300,D,,,,,,
1048695,2019-03-15,FFIV,AMES A GARY,,0001209191-19-019846,2019-03-13,M,1688,0.0,14241,D,,,,,,
1048695,2019-05-01,FFIV,Rogers Scot Frazier,,0001209191-19-026704,2019-04-29,A,1247,0.0,10531,D,,,,,,
1048695,2019-05-01,FFIV,Locoh-Donou Francois,,0001209191-19-026703,2019-04-29,A,1322,0.0,23260,D,,,,,,
1048695,2019-05-01,FFIV,Kearny Ryan C.,,0001209191-19-026702,2019-04-29,A,335,0.0,6532,D,,,,,,
1048695,2019-05-03,FFIV,SPRAGUE KARA LYNN,,0001209191-19-027568,2019-05-01,M,1709,0.0,8240,D,,,,,,
1048695,2019-05-03,FFIV,FOUNTAIN THOMAS DEAN,,0001209191-19-027563,2019-05-01,M,2031,0.0,2934,D,,,,,,
1048695,2019-05-03,FFIV,Rogers Scot Frazier,,0001209191-19-027567,2019-05-01,M,2236,0.0,12767,D,,,,,,
1048695,2019-05-03,FFIV,SPRAGUE KARA LYNN,,0001209191-19-027568,2019-05-02,S,678,151.58,7562,D,,,,,,
1048695,2019-05-03,FFIV,WHALEN CHAD MICHAEL,,0001209191-19-027569,2019-05-02,S,348,151.58,841,D,,,,,,
1048695,2019-05-03,FFIV,MCMILLAN STEPHEN,,0001209191-19-027562,2019-05-01,M,2466,0.0,4963,D,,,,,,
1048695,2019-05-03,FFIV,WHALEN CHAD MICHAEL,,0001209191-19-027569,2019-05-01,M,877,0.0,1189,D,,,,,,
1048695,2019-05-03,FFIV,MCMILLAN STEPHEN,,0001209191-19-027562,2019-05-01,S,373,152.6903,4590,D,,,,,,
1048695,2019-05-03,FFIV,Kearny Ryan C.,,0001209191-19-027564,2019-05-01,M,4446,0.0,10978,D,,,,,,
1048695,2019-05-03,FFIV,Pelzer Francis J.,,0001209191-19-027566,2019-05-02,S,231,151.58,671,D,,,,,,
1048695,2019-05-03,FFIV,WHITE ANA MARIA,,0001209191-19-027570,2019-05-01,M,1850,0.0,5529,D,,,,,,
1048695,2019-05-03,FFIV,Rogers Scot Frazier,,0001209191-19-027567,2019-05-01,S,744,152.8956,12023,D,,,,,,
1048695,2019-05-03,FFIV,Locoh-Donou Francois,,0001209191-19-027565,2019-05-02,S,4001,151.58,28040,D,,,,,,
1048695,2019-05-03,FFIV,FOUNTAIN THOMAS DEAN,,0001209191-19-027563,2019-05-02,S,1017,151.58,1917,D,,,,,,
1048695,2019-05-03,FFIV,WHITE ANA MARIA,,0001209191-19-027570,2019-04-30,J,253,133.365,3679,D,,,,,,
1048695,2019-05-03,FFIV,WHITE ANA MARIA,,0001209191-19-027570,2019-05-02,S,733,151.58,4796,D,,,,,,
1048695,2019-05-03,FFIV,FOUNTAIN THOMAS DEAN,,0001209191-19-027563,2019-04-30,J,140,133.365,903,D,,,,,,
1048695,2019-05-03,FFIV,Locoh-Donou Francois,,0001209191-19-027565,2019-05-01,M,8781,0.0,32041,D,,,,,,
1048695,2019-05-03,FFIV,SPRAGUE KARA LYNN,,0001209191-19-027568,2019-04-30,J,139,133.365,6531,D,,,,,,
1048695,2019-05-03,FFIV,Pelzer Francis J.,,0001209191-19-027566,2019-05-01,M,582,0.0,902,D,,,,,,
1048695,2019-05-03,FFIV,Kearny Ryan C.,,0001209191-19-027564,2019-05-01,S,725,152.7157,10253,D,,,,,,
1048695,2019-05-03,FFIV,MCMILLAN STEPHEN,,0001209191-19-027562,2019-04-30,J,139,133.365,2497,D,,,,,,
1048695,2019-05-06,FFIV,WHALEN CHAD MICHAEL,,0001209191-19-027637,2019-05-03,S,133,152.74,708,D,,,,,,
1048695,2019-05-16,FFIV,FOUNTAIN THOMAS DEAN,,0001209191-19-030353,2019-05-14,S,188,143.61,1729,D,,,,,,
1048695,2019-05-20,FFIV,WHALEN CHAD MICHAEL,,0001209191-19-031348,2019-05-16,S,70,143.2,638,D,,,,,,
1048695,2019-05-23,FFIV,FOUNTAIN THOMAS DEAN,,0001209191-19-032352,2019-05-21,S,88,140.61,1641,D,,,,,,
1048695,2019-05-30,FFIV,FOUNTAIN THOMAS DEAN,,0001209191-19-033411,2019-05-28,S,70,137.85,1571,D,,,,,,
1048695,2019-08-02,FFIV,Locoh-Donou Francois,,0001209191-19-044182,2019-07-31,A,1320,0.0,29360,D,,,,,,
1048695,2019-08-02,FFIV,Rogers Scot Frazier,,0001209191-19-044181,2019-07-31,A,1044,0.0,11025,D,,,,,,
1048695,2019-08-05,FFIV,Rogers Scot Frazier,,0001209191-19-044475,2019-08-01,M,2030,0.0,13055,D,,,,,,
1048695,2019-08-05,FFIV,Rogers Scot Frazier,,0001209191-19-044475,2019-08-01,S,841,145.0339,12214,D,,,,,,
1048695,2019-08-05,FFIV,MCMILLAN STEPHEN,,0001209191-19-044476,2019-08-01,S,717,145.0777,4738,D,,,,,,
1048695,2019-08-05,FFIV,MCMILLAN STEPHEN,,0001209191-19-044476,2019-08-01,M,2465,0.0,5455,D,,,,,,
1048695,2019-08-05,FFIV,Locoh-Donou Francois,,0001209191-19-044477,2019-08-01,M,8779,0.0,38139,D,,,,,,
1048695,2019-08-05,FFIV,WHALEN CHAD MICHAEL,,0001209191-19-044483,2019-08-01,M,1757,0.0,2395,D,,,,,,
1048695,2019-08-05,FFIV,Pelzer Francis J.,,0001209191-19-044480,2019-08-01,M,8348,0.0,9019,D,,,,,,
1048695,2019-08-05,FFIV,SPRAGUE KARA LYNN,,0001209191-19-044481,2019-08-01,M,1710,0.0,9272,D,,,,,,
1048695,2019-08-05,FFIV,WHITE ANA MARIA,,0001209191-19-044484,2019-08-01,M,1852,0.0,6648,D,,,,,,
1048695,2019-08-05,FFIV,FOUNTAIN THOMAS DEAN,,0001209191-19-044478,2019-08-01,M,2030,0.0,3601,D,,,,,,
1048695,2019-08-06,FFIV,WHITE ANA MARIA,,0001209191-19-044893,2019-08-02,S,734,142.73,5914,D,,,,,,
1048695,2019-08-06,FFIV,FOUNTAIN THOMAS DEAN,,0001209191-19-044894,2019-08-06,S,349,135.94,2544,D,,,,,,
1048695,2019-08-06,FFIV,WHALEN CHAD MICHAEL,,0001209191-19-044892,2019-08-02,S,433,142.73,1962,D,,,,,,
1048695,2019-08-06,FFIV,Locoh-Donou Francois,,0001209191-19-044895,2019-08-02,S,26,141.4115,38113,D,,,,,,
1048695,2019-08-06,FFIV,FOUNTAIN THOMAS DEAN,,0001209191-19-044894,2019-08-02,S,702,142.73,2899,D,,,,,,
1048695,2019-08-06,FFIV,Pelzer Francis J.,,0001209191-19-044896,2019-08-02,S,2684,142.73,6335,D,,,,,,
1048695,2019-08-06,FFIV,SPRAGUE KARA LYNN,,0001209191-19-044897,2019-08-02,S,420,142.73,8852,D,,,,,,
1048695,2019-08-12,FFIV,WHALEN CHAD MICHAEL,,0001209191-19-045479,2019-08-08,S,331,135.69,1628,D,,,,,,
1048695,2019-08-15,FFIV,FOUNTAIN THOMAS DEAN,,0001209191-19-046059,2019-08-13,S,260,130.5031,2037,D,,,,,,
1048695,2019-08-20,FFIV,WHALEN CHAD MICHAEL,,0001209191-19-046764,2019-08-16,S,297,127.63,1331,D,,,,,,
1048695,2019-08-23,FFIV,FOUNTAIN THOMAS DEAN,,0001209191-19-047271,2019-08-21,S,134,129.68,1903,D,,,,,,
1048695,2019-08-26,FFIV,WHALEN CHAD MICHAEL,,0001209191-19-047428,2019-08-22,S,428,129.87,903,D,,,,,,
1048695,2019-08-29,FFIV,FOUNTAIN THOMAS DEAN,,0001209191-19-047677,2019-08-27,S,134,126.08,1769,D,,,,,,
1048695,2019-09-10,FFIV,HIGGINSON ALAN,,0001209191-19-048999,2019-09-06,S,1688,132.9032,9840,D,,,,,,
1048695,2019-09-17,FFIV,Locoh-Donou Francois,,0001209191-19-049764,2019-09-13,S,2578,141.01,31524,D,,,,,,
1048695,2019-10-18,FFIV,Locoh-Donou Francois,,0001209191-19-053564,2019-10-16,S,250,135.73,31274,D,,,,,,
1048695,2019-10-28,FFIV,Locoh-Donou Francois,,0001209191-19-054226,2019-10-24,S,700,150.0,30574,D,,,,,,
1048695,2019-11-04,FFIV,WHITE ANA MARIA,,0001209191-19-054821,2019-10-31,J,30,122.468,5937,D,,,,,,
1048695,2019-11-04,FFIV,WHITE ANA MARIA,,0001209191-19-054821,2019-10-31,A,2226,0.0,8163,D,,,,,,
1048695,2019-11-04,FFIV,WHALEN CHAD MICHAEL,,0001209191-19-054820,2019-10-31,A,2317,0.0,3220,D,,,,,,
1048695,2019-11-04,FFIV,SPRAGUE KARA LYNN,,0001209191-19-054818,2019-10-31,J,1,122.468,8849,D,,,,,,
1048695,2019-11-04,FFIV,SPRAGUE KARA LYNN,,0001209191-19-054818,2019-10-31,A,1853,0.0,10702,D,,,,,,
1048695,2019-11-04,FFIV,Rogers Scot Frazier,,0001209191-19-054816,2019-10-31,A,5358,0.0,15954,D,,,,,,
1048695,2019-11-04,FFIV,Pelzer Francis J.,,0001209191-19-054815,2019-10-31,A,2317,0.0,8627,D,,,,,,
1048695,2019-11-04,FFIV,MCMILLAN STEPHEN,,0001209191-19-054814,2019-10-31,J,1,122.468,3484,D,,,,,,
1048695,2019-11-04,FFIV,MCMILLAN STEPHEN,,0001209191-19-054814,2019-10-31,A,2596,0.0,6080,D,,,,,,
1048695,2019-11-04,FFIV,Locoh-Donou Francois,,0001209191-19-054813,2019-10-31,A,15249,0.0,45823,D,,,,,,
1048695,2019-11-04,FFIV,FOUNTAIN THOMAS DEAN,,0001209191-19-054812,2019-10-31,A,2596,0.0,4365,D,,,,,,
1048695,2019-11-05,FFIV,FOUNTAIN THOMAS DEAN,,0001209191-19-055131,2019-11-01,M,2031,0.0,6396,D,,,,,,
1048695,2019-11-05,FFIV,MCMILLAN STEPHEN,,0001209191-19-055134,2019-11-01,S,200,143.34,8346,D,,,,,,
1048695,2019-11-05,FFIV,Locoh-Donou Francois,,0001209191-19-055133,2019-11-01,M,8780,0.0,54603,D,,,,,,
1048695,2019-11-05,FFIV,Pelzer Francis J.,,0001209191-19-055135,2019-11-01,M,2522,0.0,11149,D,,,,,,
1048695,2019-11-05,FFIV,MCMILLAN STEPHEN,,0001209191-19-055134,2019-11-01,M,2466,0.0,8546,D,,,,,,
1048695,2019-11-05,FFIV,Rogers Scot Frazier,,0001209191-19-055137,2019-11-01,M,2030,0.0,17984,D,,,,,,
1048695,2019-11-05,FFIV,WHITE ANA MARIA,,0001209191-19-055140,2019-11-01,M,1851,0.0,10014,D,,,,,,
1048695,2019-11-05,FFIV,SPRAGUE KARA LYNN,,0001209191-19-055138,2019-11-01,M,1709,0.0,12411,D,,,,,,
1048695,2019-11-05,FFIV,WHALEN CHAD MICHAEL,,0001209191-19-055139,2019-11-01,M,877,0.0,4097,D,,,,,,
1048695,2019-11-05,FFIV,Rogers Scot Frazier,,0001209191-19-055137,2019-11-01,S,300,143.61,17684,D,,,,,,
1048695,2019-11-06,FFIV,WHITE ANA MARIA,,0001209191-19-055450,2019-11-04,S,1615,145.71,8399,D,,,,,,
1048695,2019-11-06,FFIV,WHALEN CHAD MICHAEL,,0001209191-19-055449,2019-11-04,S,1266,145.71,2831,D,,,,,,
1048695,2019-11-06,FFIV,SPRAGUE KARA LYNN,,0001209191-19-055448,2019-11-04,S,1412,145.71,10999,D,,,,,,
1048695,2019-11-06,FFIV,Pelzer Francis J.,,0001209191-19-055447,2019-11-04,S,1917,145.71,9232,D,,,,,,
1048695,2019-11-06,FFIV,Locoh-Donou Francois,,0001209191-19-055446,2019-11-04,S,9514,145.71,45089,D,,,,,,
1048695,2019-11-06,FFIV,FOUNTAIN THOMAS DEAN,,0001209191-19-055445,2019-11-04,S,2309,145.71,4087,D,,,,,,
1048695,2019-11-07,FFIV,FOUNTAIN THOMAS DEAN,,0001209191-19-055625,2019-11-05,S,268,146.48,3819,D,,,,,,
1048695,2019-11-12,FFIV,WHALEN CHAD MICHAEL,,0001209191-19-055937,2019-11-07,S,133,148.58,2698,D,,,,,,
1048695,2019-11-20,FFIV,Locoh-Donou Francois,,0001209191-19-057395,2019-11-18,S,250,144.99,44839,D,,,,,,
1048695,2019-11-21,FFIV,FOUNTAIN THOMAS DEAN,,0001209191-19-057564,2019-11-19,S,138,144.69,3681,D,,,,,,
1048695,2019-11-25,FFIV,WHALEN CHAD MICHAEL,,0001209191-19-057904,2019-11-21,S,236,143.56,2462,D,,,,,,
1048695,2019-11-27,FFIV,FOUNTAIN THOMAS DEAN,,0001209191-19-058256,2019-11-26,S,138,145.88,3543,D,,,,,,
1048695,2019-12-02,FFIV,WHALEN CHAD MICHAEL,,0001209191-19-058466,2019-11-27,S,160,146.29,2302,D,,,,,,
1048695,2019-12-17,FFIV,Locoh-Donou Francois,,0001209191-19-060806,2019-12-16,S,250,140.82,44589,D,,,,,,
1048695,2020-01-21,FFIV,Locoh-Donou Francois,,0001209191-20-004237,2020-01-16,S,250,137.03,44339,D,,,,,,
1048695,2020-02-04,FFIV,Pelzer Francis J.,,0001209191-20-006217,2020-02-01,M,3265,0.0,12497,D,,,,,,
1048695,2020-02-04,FFIV,FOUNTAIN THOMAS DEAN,,0001209191-20-006213,2020-02-01,F,442,122.12,5929,D,,,,,,
1048695,2020-02-04,FFIV,FOUNTAIN THOMAS DEAN,,0001209191-20-006213,2020-02-01,M,2828,0.0,6371,D,,,,,,
1048695,2020-02-04,FFIV,Lin Geng,,0001209191-20-006214,2020-02-01,F,229,122.12,284,D,,,,,,
1048695,2020-02-04,FFIV,Lin Geng,,0001209191-20-006214,2020-02-01,M,513,0.0,513,D,,,,,,
1048695,2020-02-04,FFIV,Pelzer Francis J.,,0001209191-20-006217,2020-02-01,F,330,122.12,12167,D,,,,,,
1048695,2020-02-04,FFIV,Locoh-Donou Francois,,0001209191-20-006215,2020-02-01,F,977,122.12,55913,D,,,,,,
1048695,2020-02-04,FFIV,Locoh-Donou Francois,,0001209191-20-006215,2020-01-31,A,1349,0.0,45688,D,,,,,,
1048695,2020-02-04,FFIV,MCMILLAN STEPHEN,,0001209191-20-006216,2020-02-01,M,3263,0.0,8772,D,,,,,,
1048695,2020-02-04,FFIV,Locoh-Donou Francois,,0001209191-20-006215,2020-02-01,M,11202,0.0,56890,D,,,,,,
1048695,2020-02-04,FFIV,WHALEN CHAD MICHAEL,,0001209191-20-006223,2020-02-01,M,1564,0.0,3866,D,,,,,,
1048695,2020-02-04,FFIV,SPRAGUE KARA LYNN,,0001209191-20-006222,2020-02-01,F,318,122.12,13103,D,,,,,,
1048695,2020-02-04,FFIV,SPRAGUE KARA LYNN,,0001209191-20-006222,2020-02-01,M,2422,0.0,13421,D,,,,,,
1048695,2020-02-04,FFIV,WHALEN CHAD MICHAEL,,0001209191-20-006223,2020-02-01,F,343,122.12,3523,D,,,,,,
1048695,2020-02-04,FFIV,Rogers Scot Frazier,,0001209191-20-006220,2020-01-31,A,502,0.0,12576,D,,,,,,
1048695,2020-02-04,FFIV,WHITE ANA MARIA,,0001209191-20-006224,2020-02-01,F,318,122.12,10646,D,,,,,,
1048695,2020-02-04,FFIV,WHITE ANA MARIA,,0001209191-20-006224,2020-02-01,M,2565,0.0,10964,D,,,,,,
1048695,2020-02-04,FFIV,Yamamoto Mika,,0001209191-20-006225,2020-02-01,F,292,122.12,364,D,,,,,,
1048695,2020-02-04,FFIV,Yamamoto Mika,,0001209191-20-006225,2020-02-01,M,656,0.0,656,D,,,,,,
1048695,2020-02-04,FFIV,Rogers Scot Frazier,,0001209191-20-006220,2020-02-01,M,2149,0.0,14725,D,,,,,,
1048695,2020-02-05,FFIV,Pelzer Francis J.,,0001209191-20-006796,2020-02-03,S,1000,121.1912,11167,D,,,,,,
1048695,2020-02-05,FFIV,FOUNTAIN THOMAS DEAN,,0001209191-20-006791,2020-02-03,S,1012,121.1917,4917,D,,,,,,
1048695,2020-02-05,FFIV,Locoh-Donou Francois,,0001209191-20-006793,2020-02-03,S,4022,121.1916,51891,D,,,,,,
1048695,2020-02-05,FFIV,MCMILLAN STEPHEN,,0001209191-20-006795,2020-02-03,S,1458,121.8151,7314,D,,,,,,
1048695,2020-02-05,FFIV,Rogers Scot Frazier,,0001209191-20-006801,2020-02-03,S,1821,121.8801,12904,D,,,,,,
1048695,2020-02-05,FFIV,WHALEN CHAD MICHAEL,,0001209191-20-006807,2020-02-03,S,314,121.19,3209,D,,,,,,
1048695,2020-02-05,FFIV,SPRAGUE KARA LYNN,,0001209191-20-006806,2020-02-03,S,679,121.1917,12424,D,,,,,,
1048695,2020-02-05,FFIV,WHITE ANA MARIA,,0001209191-20-006808,2020-02-03,S,737,121.1908,9909,D,,,,,,
1048695,2020-03-04,FFIV,FOUNTAIN THOMAS DEAN,,0001209191-20-015913,2020-03-02,S,2675,119.89,2242,D,,,,,,
1048695,2020-03-13,FFIV,AMES A GARY,,0001209191-20-018882,2020-03-11,M,1633,0.0,15874,D,,,,,,
1048695,2020-03-13,FFIV,BEVIER DEBORAH L,,0001209191-20-018887,2020-03-11,M,1633,0.0,10473,D,,,,,,
1048695,2020-03-13,FFIV,Combes Michel,,0001209191-20-018889,2020-03-11,M,1633,0.0,3099,D,,,,,,
1048695,2020-03-13,FFIV,BERGERON SANDRA E.,,0001209191-20-018885,2020-03-11,M,1633,0.0,5321,D,,,,,,
1048695,2020-03-13,FFIV,Klein Peter S,,0001209191-20-018901,2020-03-11,M,1633,0.0,8357,D,,,,,,
1048695,2020-03-13,FFIV,Dreyer Michael L,,0001209191-20-018894,2020-03-11,M,1633,0.0,9000,D,,,,,,
1048695,2020-03-13,FFIV,MYERS MARIE,,0001209191-20-018913,2020-03-11,M,1633,0.0,1933,D,,,,,,
1048695,2020-03-13,FFIV,HIGGINSON ALAN,,0001209191-20-018897,2020-03-11,M,1633,0.0,11473,D,,,,,,
1048695,2020-04-30,FFIV,BEVIER DEBORAH L,,0001209191-20-026370,2020-04-30,S,1740,140.88,8733,D,,,,,,
1048695,2020-04-30,FFIV,BERGERON SANDRA E.,,0001209191-20-026365,2020-04-29,S,3200,144.5,2121,D,,,,,,
1048695,2020-04-30,FFIV,Locoh-Donou Francois,,0001209191-20-026357,2020-04-28,S,750,147.85,51141,D,,,,,,
1048695,2020-05-04,FFIV,Yamamoto Mika,,0001209191-20-026767,2020-05-01,M,656,0.0,1020,D,,,,,,
1048695,2020-05-04,FFIV,FOUNTAIN THOMAS DEAN,,0001209191-20-026773,2020-05-01,M,2830,0.0,5072,D,,,,,,
1048695,2020-05-04,FFIV,Pelzer Francis J.,,0001209191-20-026777,2020-05-01,M,3266,0.0,14433,D,,,,,,
1048695,2020-05-04,FFIV,Rogers Scot Frazier,,0001209191-20-026751,2020-05-01,M,2150,0.0,15236,D,,,,,,
1048695,2020-05-04,FFIV,SPRAGUE KARA LYNN,,0001209191-20-026730,2020-05-01,M,2423,0.0,15018,D,,,,,,
1048695,2020-05-04,FFIV,WHALEN CHAD MICHAEL,,0001209191-20-026753,2020-05-01,M,1565,0.0,4774,D,,,,,,
1048695,2020-05-04,FFIV,MCMILLAN STEPHEN,,0001209191-20-026732,2020-04-30,J,171,118.371,6985,D,,,,,,
1048695,2020-05-04,FFIV,WHITE ANA MARIA,,0001209191-20-026734,2020-05-01,M,2564,0.0,12644,D,,,,,,
1048695,2020-05-04,FFIV,Locoh-Donou Francois,,0001209191-20-026741,2020-04-30,A,1295,0.0,50336,D,,,,,,
1048695,2020-05-04,FFIV,Rogers Scot Frazier,,0001209191-20-026751,2020-04-30,A,482,0.0,13086,D,,,,,,
1048695,2020-05-04,FFIV,Locoh-Donou Francois,,0001209191-20-026741,2020-05-01,M,11204,0.0,61540,D,,,,,,
1048695,2020-05-04,FFIV,Lin Geng,,0001209191-20-026760,2020-05-01,M,513,0.0,797,D,,,,,,
1048695,2020-05-04,FFIV,WHITE ANA MARIA,,0001209191-20-026734,2020-04-30,J,171,118.371,10080,D,,,,,,
1048695,2020-05-04,FFIV,ROBERTSON ANGUS JAMES BRUCE,,0001209191-20-026737,2020-05-01,M,713,0.0,1444,D,,,,,,
1048695,2020-05-04,FFIV,ROBERTSON ANGUS JAMES BRUCE,,0001209191-20-026737,2020-04-30,J,336,118.371,731,D,,,,,,
1048695,2020-05-04,FFIV,SPRAGUE KARA LYNN,,0001209191-20-026730,2020-04-30,J,171,118.371,12595,D,,,,,,
1048695,2020-05-04,FFIV,MCMILLAN STEPHEN,,0001209191-20-026732,2020-05-01,M,3265,0.0,10250,D,,,,,,
1048695,2020-05-05,FFIV,Rogers Scot Frazier,,0001209191-20-027319,2020-05-01,S,1606,135.2794,13630,D,,,,,,
1048695,2020-05-05,FFIV,MCMILLAN STEPHEN,,0001209191-20-027317,2020-05-01,S,1359,135.3523,8891,D,,,,,,
1048695,2020-05-06,FFIV,Lin Geng,,0001209191-20-027546,2020-05-04,S,207,132.1586,590,D,,,,,,
1048695,2020-05-06,FFIV,FOUNTAIN THOMAS DEAN,,0001209191-20-027543,2020-05-05,S,1113,135.73,2521,D,,,,,,
1048695,2020-05-06,FFIV,FOUNTAIN THOMAS DEAN,,0001209191-20-027543,2020-05-04,S,1438,132.1637,3634,D,,,,,,
1048695,2020-05-06,FFIV,Locoh-Donou Francois,,0001209191-20-027547,2020-05-04,S,5040,132.1641,56500,D,,,,,,
1048695,2020-05-06,FFIV,Pelzer Francis J.,,0001209191-20-027548,2020-05-04,S,1317,132.1585,13116,D,,,,,,
1048695,2020-05-06,FFIV,ROBERTSON ANGUS JAMES BRUCE,,0001209191-20-027549,2020-05-04,S,288,132.1559,1156,D,,,,,,
1048695,2020-05-06,FFIV,SPRAGUE KARA LYNN,,0001209191-20-027550,2020-05-04,S,978,132.1578,14040,D,,,,,,
1048695,2020-05-06,FFIV,WHALEN CHAD MICHAEL,,0001209191-20-027551,2020-05-04,S,632,132.1571,4142,D,,,,,,
1048695,2020-05-06,FFIV,WHITE ANA MARIA,,0001209191-20-027552,2020-05-04,S,1034,132.163,11610,D,,,,,,
1048695,2020-05-06,FFIV,Yamamoto Mika,,0001209191-20-027553,2020-05-04,S,265,132.1607,755,D,,,,,,
1048695,2020-05-20,FFIV,Locoh-Donou Francois,,0001209191-20-031021,2020-05-18,S,250,141.51,56250,D,,,,,,
1048695,2020-06-18,FFIV,Locoh-Donou Francois,,0001209191-20-037537,2020-06-16,S,250,144.64,56000,D,,,,,,
1048695,2020-07-20,FFIV,Locoh-Donou Francois,,0001209191-20-043031,2020-07-16,S,250,146.2,55750,D,,,,,,
1048695,2020-07-22,FFIV,Locoh-Donou Francois,,0001209191-20-043265,2020-07-20,S,1050,150.4,54700,D,,,,,,
1048695,2020-08-03,FFIV,FOUNTAIN THOMAS DEAN,,0001209191-20-044460,2020-07-30,P,8060,136.5178,10581,D,,,,,,
1048695,2020-08-04,FFIV,Pelzer Francis J.,,0001209191-20-044677,2020-08-01,M,3264,0.0,16380,D,,,,,,
1048695,2020-08-04,FFIV,Lin Geng,,0001209191-20-044672,2020-08-01,M,6040,0.0,6630,D,,,,,,
1048695,2020-08-04,FFIV,WHALEN CHAD MICHAEL,,0001209191-20-044818,2020-08-01,F,958,135.9,5626,D,,,,,,
1048695,2020-08-04,FFIV,WHITE ANA MARIA,,0001209191-20-044838,2020-08-01,F,1007,135.9,13167,D,,,,,,
1048695,2020-08-04,FFIV,Rogers Scot Frazier,,0001209191-20-044843,2020-08-03,S,481,135.3,14166,D,,,,,,
1048695,2020-08-04,FFIV,Yamamoto Mika,,0001209191-20-044846,2020-08-01,M,6700,0.0,7455,D,,,,,,
1048695,2020-08-04,FFIV,Lin Geng,,0001209191-20-044672,2020-08-01,F,2376,135.9,4254,D,,,,,,
1048695,2020-08-04,FFIV,FOUNTAIN THOMAS DEAN,,0001209191-20-044808,2020-08-01,M,2828,0.0,13409,D,,,,,,
1048695,2020-08-04,FFIV,SPRAGUE KARA LYNN,,0001209191-20-044811,2020-08-01,F,951,135.9,15510,D,,,,,,
1048695,2020-08-04,FFIV,Rogers Scot Frazier,,0001209191-20-044843,2020-08-01,F,981,135.9,14647,D,,,,,,
1048695,2020-08-04,FFIV,Locoh-Donou Francois,,0001209191-20-044834,2020-07-31,A,937,0.0,55637,D,,,,,,
1048695,2020-08-04,FFIV,ROBERTSON ANGUS JAMES BRUCE,,0001209191-20-044691,2020-08-01,F,551,135.9,2008,D,,,,,,
1048695,2020-08-04,FFIV,Locoh-Donou Francois,,0001209191-20-044834,2020-08-01,M,7435,0.0,63072,D,,,,,,
1048695,2020-08-04,FFIV,FOUNTAIN THOMAS DEAN,,0001209191-20-044808,2020-08-01,F,1400,135.9,12009,D,,,,,,
1048695,2020-08-04,FFIV,Pelzer Francis J.,,0001209191-20-044677,2020-08-01,F,1283,135.9,15097,D,,,,,,
1048695,2020-08-04,FFIV,Yamamoto Mika,,0001209191-20-044846,2020-08-01,F,2636,135.9,4819,D,,,,,,
1048695,2020-08-04,FFIV,WHITE ANA MARIA,,0001209191-20-044838,2020-08-01,M,2564,0.0,14174,D,,,,,,
1048695,2020-08-04,FFIV,Locoh-Donou Francois,,0001209191-20-044834,2020-08-01,F,3291,135.9,59781,D,,,,,,
1048695,2020-08-04,FFIV,ROBERTSON ANGUS JAMES BRUCE,,0001209191-20-044691,2020-08-01,M,1403,0.0,2559,D,,,,,,
1048695,2020-08-04,FFIV,SPRAGUE KARA LYNN,,0001209191-20-044811,2020-08-01,M,2421,0.0,16461,D,,,,,,
1048695,2020-08-04,FFIV,Rogers Scot Frazier,,0001209191-20-044843,2020-08-01,M,2149,0.0,15628,D,,,,,,
1048695,2020-08-04,FFIV,Rogers Scot Frazier,,0001209191-20-044843,2020-07-31,A,349,0.0,13479,D,,,,,,
1048695,2020-08-04,FFIV,WHALEN CHAD MICHAEL,,0001209191-20-044818,2020-08-01,M,2442,0.0,6584,D,,,,,,
1048695,2020-08-06,FFIV,WHALEN CHAD MICHAEL,,0001209191-20-045554,2020-08-04,S,299,140.0,5327,D,,,,,,
1048695,2020-08-19,FFIV,Locoh-Donou Francois,,0001209191-20-047528,2020-08-17,S,250,136.46,59531,D,,,,,,
1048695,2020-09-08,FFIV,WHITE ANA MARIA,,0001209191-20-049763,2020-09-03,S,257,129.91,12910,D,,,,,,
1048695,2020-10-07,FFIV,WHITE ANA MARIA,,0001209191-20-054104,2020-10-05,S,257,125.0,12653,D,,,,,,
1048695,2020-10-21,FFIV,Lin Geng,,0001209191-20-055490,2020-10-19,S,718,132.94,3536,D,,,,,,
1048695,2020-10-29,FFIV,Locoh-Donou Francois,,0001209191-20-056240,2020-10-27,S,300,135.0,59231,D,,,,,,
1048695,2020-10-29,FFIV,Lin Geng,,0001209191-20-056258,2020-10-28,S,575,133.7465,2961,D,,,,,,
1048695,2020-11-03,FFIV,FOUNTAIN THOMAS DEAN,,0001209191-20-056770,2020-10-30,J,184,0.0,17154,D,,,,,,
1048695,2020-11-03,FFIV,FOUNTAIN THOMAS DEAN,,0001209191-20-056770,2020-10-30,A,4961,0.0,16970,D,,,,,,
1048695,2020-11-03,FFIV,SPRAGUE KARA LYNN,,0001209191-20-056776,2020-10-30,A,4074,0.0,19584,D,,,,,,
1048695,2020-11-03,FFIV,Pelzer Francis J.,,0001209191-20-056773,2020-11-01,M,3265,0.0,22897,D,,,,,,
1048695,2020-11-03,FFIV,Pelzer Francis J.,,0001209191-20-056773,2020-11-01,F,3066,132.94,19831,D,,,,,,
1048695,2020-11-03,FFIV,Locoh-Donou Francois,,0001209191-20-056772,2020-10-30,A,20666,0.0,79897,D,,,,,,
1048695,2020-11-03,FFIV,WHALEN CHAD MICHAEL,,0001209191-20-056777,2020-10-30,A,4641,0.0,8436,D,,,,,,
1048695,2020-11-03,FFIV,Yamamoto Mika,,0001209191-20-056780,2020-10-30,A,2440,0.0,7259,D,,,,,,
1048695,2020-11-03,FFIV,Lin Geng,,0001209191-20-056771,2020-10-30,A,1911,0.0,2766,D,,,,,,
1048695,2020-11-03,FFIV,Lin Geng,,0001209191-20-056771,2020-11-01,M,1894,0.0,4660,D,,,,,,
1048695,2020-11-03,FFIV,Rogers Scot Frazier,,0001209191-20-056775,2020-10-30,A,6230,0.0,19663,D,,,,,,
1048695,2020-11-03,FFIV,Lin Geng,,0001209191-20-056771,2020-11-01,F,1494,132.94,3166,D,,,,,,
1048695,2020-11-03,FFIV,Rogers Scot Frazier,,0001209191-20-056775,2020-11-01,F,3291,132.94,18522,D,,,,,,
1048695,2020-11-03,FFIV,Pelzer Francis J.,,0001209191-20-056773,2020-10-30,A,4535,0.0,19632,D,,,,,,
1048695,2020-11-03,FFIV,ROBERTSON ANGUS JAMES BRUCE,,0001209191-20-056774,2020-11-01,F,1389,132.94,4163,D,,,,,,
1048695,2020-11-03,FFIV,ROBERTSON ANGUS JAMES BRUCE,,0001209191-20-056774,2020-10-30,J,6,0.0,4667,D,,,,,,
1048695,2020-11-03,FFIV,FOUNTAIN THOMAS DEAN,,0001209191-20-056770,2020-11-01,M,2830,0.0,19984,D,,,,,,
1048695,2020-11-03,FFIV,WHITE ANA MARIA,,0001209191-20-056778,2020-10-30,A,4359,0.0,17012,D,,,,,,
1048695,2020-11-03,FFIV,Yamamoto Mika,,0001209191-20-056780,2020-11-01,M,2167,0.0,9426,D,,,,,,
1048695,2020-11-03,FFIV,Yamamoto Mika,,0001209191-20-056780,2020-11-01,F,1811,132.94,7615,D,,,,,,
1048695,2020-11-03,FFIV,ROBERTSON ANGUS JAMES BRUCE,,0001209191-20-056774,2020-10-30,A,2653,0.0,4661,D,,,,,,
1048695,2020-11-03,FFIV,WHITE ANA MARIA,,0001209191-20-056778,2020-11-01,F,2720,132.94,16858,D,,,,,,
1048695,2020-11-03,FFIV,WHALEN CHAD MICHAEL,,0001209191-20-056777,2020-11-01,F,2439,132.94,7562,D,,,,,,
1048695,2020-11-03,FFIV,WHALEN CHAD MICHAEL,,0001209191-20-056777,2020-11-01,M,1565,0.0,10001,D,,,,,,
1048695,2020-11-03,FFIV,FOUNTAIN THOMAS DEAN,,0001209191-20-056770,2020-11-01,F,3859,132.94,16125,D,,,,,,
1048695,2020-11-03,FFIV,Locoh-Donou Francois,,0001209191-20-056772,2020-11-01,M,7433,0.0,87330,D,,,,,,
1048695,2020-11-03,FFIV,WHITE ANA MARIA,,0001209191-20-056778,2020-11-01,M,2565,0.0,19578,D,,,,,,
1048695,2020-11-03,FFIV,WHITE ANA MARIA,,0001209191-20-056778,2020-10-30,J,1,0.0,17013,D,,,,,,
1048695,2020-11-03,FFIV,Locoh-Donou Francois,,0001209191-20-056772,2020-11-01,F,11049,132.94,76281,D,,,,,,
1048695,2020-11-03,FFIV,SPRAGUE KARA LYNN,,0001209191-20-056776,2020-11-01,M,2422,0.0,22006,D,,,,,,
1048695,2020-11-03,FFIV,SPRAGUE KARA LYNN,,0001209191-20-056776,2020-11-01,F,2551,132.94,19455,D,,,,,,
1048695,2020-11-03,FFIV,Rogers Scot Frazier,,0001209191-20-056775,2020-11-01,M,2150,0.0,21813,D,,,,,,
1048695,2020-11-03,FFIV,ROBERTSON ANGUS JAMES BRUCE,,0001209191-20-056774,2020-11-01,M,885,0.0,5552,D,,,,,,
1048695,2020-11-04,FFIV,WHITE ANA MARIA,,0001209191-20-057034,2020-11-02,S,257,132.39,16601,D,,,,,,
1048695,2020-11-04,FFIV,Rogers Scot Frazier,,0001209191-20-057024,2020-11-02,S,1588,130.5691,16934,D,,,,,,
1048695,2020-11-05,FFIV,WHALEN CHAD MICHAEL,,0001209191-20-057132,2020-11-03,S,1319,131.76,6243,D,,,,,,
1048695,2020-11-09,FFIV,WHALEN CHAD MICHAEL,,0001209191-20-057513,2020-11-05,S,759,140.0,5484,D,,,,,,
1048695,2020-11-12,FFIV,Lin Geng,,0001209191-20-058138,2020-11-09,S,920,158.86,2246,D,,,,,,
1048695,2020-11-12,FFIV,Locoh-Donou Francois,,0001209191-20-058134,2020-11-09,S,400,158.86,75881,D,,,,,,
1048695,2020-11-18,FFIV,Locoh-Donou Francois,,0001209191-20-059009,2020-11-16,S,1200,165.0,74681,D,,,,,,
1048695,2020-11-23,FFIV,Lin Geng,,0001209191-20-060093,2020-11-19,S,929,156.83,1317,D,,,,,,
1048695,2020-11-30,FFIV,Locoh-Donou Francois,,0001209191-20-060800,2020-11-25,S,125,164.2312,73856,D,,,,,,
1048695,2020-12-03,FFIV,WHITE ANA MARIA,,0001209191-20-061413,2020-12-01,S,257,165.31,16344,D,,,,,,
1048695,2020-12-11,FFIV,Pelzer Francis J.,,0001209191-20-062876,2020-12-08,S,6500,170.0,13331,D,,,,,,
1048695,2020-12-17,FFIV,Pelzer Francis J.,,0001209191-20-063980,2020-12-15,S,500,172.81,12831,D,,,,,,
1048695,2020-12-17,FFIV,Locoh-Donou Francois,,0001209191-20-063979,2020-12-15,S,1300,172.81,68981,D,,,,,,
1048695,2021-01-06,FFIV,WHITE ANA MARIA,,0001209191-21-001837,2021-01-04,S,257,176.88,16087,D,,,,,,
1048695,2021-01-12,FFIV,Pelzer Francis J.,,0001209191-21-003190,2021-01-08,S,1400,200.0,11431,D,,,,,,
1048695,2021-01-20,FFIV,Pelzer Francis J.,,0001209191-21-004205,2021-01-15,S,500,192.57,10931,D,,,,,,
1048695,2021-01-20,FFIV,Locoh-Donou Francois,,0001209191-21-004204,2021-01-15,S,1300,192.57,67681,D,,,,,,
1048695,2021-01-25,FFIV,Pelzer Francis J.,,0001209191-21-005044,2021-01-21,S,100,200.0,10831,D,,,,,,
1048695,2021-02-02,FFIV,Locoh-Donou Francois,,0001209191-21-006662,2021-01-29,A,1436,0.0,69117,D,,,,,,
1048695,2021-02-03,FFIV,FOUNTAIN THOMAS DEAN,,0001209191-21-007128,2021-02-01,F,1993,196.35,18103,D,,,,,,
1048695,2021-02-03,FFIV,Locoh-Donou Francois,,0001209191-21-007131,2021-02-01,M,10132,0.0,79249,D,,,,,,
1048695,2021-02-03,FFIV,Lin Geng,,0001209191-21-007130,2021-02-01,F,1021,196.35,2827,D,,,,,,
1048695,2021-02-03,FFIV,FOUNTAIN THOMAS DEAN,,0001209191-21-007128,2021-02-01,M,3971,0.0,20096,D,,,,,,
1048695,2021-02-03,FFIV,ROBERTSON ANGUS JAMES BRUCE,,0001209191-21-007133,2021-02-01,M,1679,0.0,5842,D,,,,,,
1048695,2021-02-03,FFIV,Lin Geng,,0001209191-21-007130,2021-02-01,M,2531,0.0,3848,D,,,,,,
1048695,2021-02-03,FFIV,Pelzer Francis J.,,0001209191-21-007132,2021-02-01,F,1632,196.35,13289,D,,,,,,
1048695,2021-02-03,FFIV,Pelzer Francis J.,,0001209191-21-007132,2021-02-01,M,4090,0.0,14921,D,,,,,,
1048695,2021-02-03,FFIV,Locoh-Donou Francois,,0001209191-21-007131,2021-02-01,F,4563,196.35,74686,D,,,,,,
1048695,2021-02-03,FFIV,Rogers Scot Frazier,,0001209191-21-007134,2021-02-01,F,972,196.35,14870,D,,,,,,
1048695,2021-02-03,FFIV,ROBERTSON ANGUS JAMES BRUCE,,0001209191-21-007133,2021-02-01,F,686,196.35,5156,D,,,,,,
1048695,2021-02-03,FFIV,Rogers Scot Frazier,,0001209191-21-007134,2021-02-01,S,1157,195.57,13713,D,,,,,,
1048695,2021-02-03,FFIV,SMITH DEREK WINSLOW,,0001209191-21-007135,2021-02-01,F,1802,196.35,2780,D,,,,,,
1048695,2021-02-03,FFIV,Yamamoto Mika,,0001209191-21-007141,2021-02-01,F,1189,196.35,9386,D,,,,,,
1048695,2021-02-03,FFIV,Rogers Scot Frazier,,0001209191-21-007134,2021-02-01,M,2409,0.0,15842,D,,,,,,
1048695,2021-02-03,FFIV,WHITE ANA MARIA,,0001209191-21-007140,2021-02-01,M,3389,0.0,19476,D,,,,,,
1048695,2021-02-03,FFIV,WHITE ANA MARIA,,0001209191-21-007140,2021-02-01,F,1357,196.35,18119,D,,,,,,
1048695,2021-02-03,FFIV,WHALEN CHAD MICHAEL,,0001209191-21-007139,2021-02-01,F,1002,196.35,6967,D,,,,,,
1048695,2021-02-03,FFIV,Yamamoto Mika,,0001209191-21-007141,2021-02-01,M,2960,0.0,10575,D,,,,,,
1048695,2021-02-03,FFIV,SPRAGUE KARA LYNN,,0001209191-21-007138,2021-02-01,F,1314,196.35,21421,D,,,,,,
1048695,2021-02-03,FFIV,SPRAGUE KARA LYNN,,0001209191-21-007138,2021-02-01,M,3280,0.0,22735,D,,,,,,
1048695,2021-02-03,FFIV,WHITE ANA MARIA,,0001209191-21-007140,2021-02-01,S,257,195.57,17862,D,,,,,,
1048695,2021-02-03,FFIV,WHALEN CHAD MICHAEL,,0001209191-21-007139,2021-02-01,M,2485,0.0,7969,D,,,,,,
1048695,2021-02-03,FFIV,SMITH DEREK WINSLOW,,0001209191-21-007135,2021-02-01,M,4582,0.0,4582,D,,,,,,
1048695,2021-02-04,FFIV,WHALEN CHAD MICHAEL,,0001209191-21-007684,2021-02-02,S,509,193.2,6458,D,,,,,,
1048695,2021-02-10,FFIV,BEVIER DEBORAH L,,0001209191-21-009169,2021-02-08,S,1688,204.9155,7045,D,,,,,,
1048695,2021-02-10,FFIV,Lin Geng,,0001209191-21-009168,2021-02-08,S,900,200.0,1927,D,,,,,,
1048695,2021-02-18,FFIV,Locoh-Donou Francois,,0001209191-21-011655,2021-02-16,S,1300,210.0,73386,D,,,,,,
1048695,2021-02-18,FFIV,Pelzer Francis J.,,0001209191-21-011656,2021-02-16,S,600,210.0,12689,D,,,,,,
1048695,2021-02-23,FFIV,HIGGINSON ALAN,,0001209191-21-013090,2021-02-19,S,1633,199.005,9840,D,,,,,,
1048695,2021-03-03,FFIV,WHITE ANA MARIA,,0001209191-21-016670,2021-03-01,S,258,193.04,17604,D,,,,,,
1048695,2021-03-04,FFIV,FOUNTAIN THOMAS DEAN,,0001209191-21-017657,2021-03-02,S,291,194.75,17812,D,,,,,,
1048695,2021-03-10,FFIV,FOUNTAIN THOMAS DEAN,,0001209191-21-019370,2021-03-08,S,877,189.17,16935,D,,,,,,
1048695,2021-03-12,FFIV,Buse Elizabeth,,0001209191-21-020144,2021-03-10,M,880,0.0,880,D,,,,,,
1048695,2021-03-12,FFIV,AMES A GARY,,0001209191-21-020137,2021-03-10,M,2543,0.0,18417,D,,,,,,
1048695,2021-03-12,FFIV,BERGERON SANDRA E.,,0001209191-21-020140,2021-03-10,M,2543,0.0,4664,D,,,,,,
1048695,2021-03-12,FFIV,BEVIER DEBORAH L,,0001209191-21-020141,2021-03-10,M,2543,0.0,9588,D,,,,,,
1048695,2021-03-12,FFIV,Dreyer Michael L,,0001209191-21-020147,2021-03-10,M,2543,0.0,11543,D,,,,,,
1048695,2021-03-12,FFIV,Yamamoto Mika,,0001209191-21-020135,2021-03-10,S,3284,195.0,6102,D,,,,,,
1048695,2021-03-12,FFIV,Shivananda Sripada,,0001209191-21-020158,2021-03-10,M,1848,0.0,1848,D,,,,,,
1048695,2021-03-12,FFIV,MEHTA NIKHIL RAMESH,,0001209191-21-020160,2021-03-10,M,2543,0.0,4476,D,,,,,,
1048695,2021-03-12,FFIV,Combes Michel,,0001209191-21-020272,2021-03-10,M,2543,0.0,5642,D,,,,,,
1048695,2021-03-12,FFIV,Klein Peter S,,0001209191-21-020152,2021-03-10,M,2543,0.0,10900,D,,,,,,
1048695,2021-03-12,FFIV,HIGGINSON ALAN,,0001209191-21-020149,2021-03-10,M,2543,0.0,12383,D,,,,,,
1048695,2021-03-12,FFIV,MYERS MARIE,,0001209191-21-020154,2021-03-10,M,2543,0.0,4476,D,,,,,,
1048695,2021-03-17,FFIV,FOUNTAIN THOMAS DEAN,,0001209191-21-021274,2021-03-15,S,1978,195.03,14957,D,,,,,,
1048695,2021-03-17,FFIV,Pelzer Francis J.,,0001209191-21-021278,2021-03-16,S,100,200.0,12089,D,,,,,,
1048695,2021-03-17,FFIV,Yamamoto Mika,,0001209191-21-021279,2021-03-16,S,469,200.0,5633,D,,,,,,
1048695,2021-03-17,FFIV,Pelzer Francis J.,,0001209191-21-021278,2021-03-15,S,500,195.03,12189,D,,,,,,
1048695,2021-03-17,FFIV,Locoh-Donou Francois,,0001209191-21-021276,2021-03-15,S,1300,195.03,72086,D,,,,,,
1048695,2021-03-30,FFIV,Yamamoto Mika,,0001209191-21-023541,2021-03-26,S,469,210.0,5164,D,,,,,,
1048695,2021-04-05,FFIV,WHITE ANA MARIA,,0001209191-21-025007,2021-04-01,S,258,210.44,17346,D,,,,,,
1048695,2021-04-16,FFIV,Locoh-Donou Francois,,0001209191-21-027054,2021-04-15,S,1300,211.28,70786,D,,,,,,
1048695,2021-04-16,FFIV,Pelzer Francis J.,,0001209191-21-027052,2021-04-15,S,600,211.28,11489,D,,,,,,
1048695,2021-05-04,FFIV,ROBERTSON ANGUS JAMES BRUCE,,0001209191-21-029815,2021-05-01,F,659,186.76,6367,D,,,,,,
1048695,2021-05-04,FFIV,Pelzer Francis J.,,0001209191-21-029814,2021-05-01,F,1608,186.76,13972,D,,,,,,
1048695,2021-05-04,FFIV,Rogers Scot Frazier,,0001209191-21-029816,2021-05-03,S,1229,183.24,13948,D,,,,,,
1048695,2021-05-04,FFIV,ROBERTSON ANGUS JAMES BRUCE,,0001209191-21-029815,2021-05-01,M,1679,0.0,7026,D,,,,,,
1048695,2021-05-04,FFIV,FOUNTAIN THOMAS DEAN,,0001209191-21-029811,2021-05-01,M,3973,0.0,18930,D,,,,,,
1048695,2021-05-04,FFIV,Lin Geng,,0001209191-21-029809,2021-05-01,F,993,186.76,3464,D,,,,,,
1048695,2021-05-04,FFIV,Pelzer Francis J.,,0001209191-21-029814,2021-05-01,M,4091,0.0,15580,D,,,,,,
1048695,2021-05-04,FFIV,FOUNTAIN THOMAS DEAN,,0001209191-21-029811,2021-05-01,F,1968,186.76,16962,D,,,,,,
1048695,2021-05-04,FFIV,Locoh-Donou Francois,,0001209191-21-029812,2021-04-30,A,1459,0.0,72245,D,,,,,,
1048695,2021-05-04,FFIV,ROBERTSON ANGUS JAMES BRUCE,,0001209191-21-029815,2021-04-30,J,191,111.5455,5347,D,,,,,,
1048695,2021-05-04,FFIV,Locoh-Donou Francois,,0001209191-21-029812,2021-05-01,F,4559,186.76,77821,D,,,,,,
1048695,2021-05-04,FFIV,Lin Geng,,0001209191-21-029809,2021-05-01,M,2530,0.0,4457,D,,,,,,
1048695,2021-05-04,FFIV,Locoh-Donou Francois,,0001209191-21-029812,2021-05-01,M,10135,0.0,82380,D,,,,,,
1048695,2021-05-04,FFIV,WHITE ANA MARIA,,0001209191-21-029830,2021-05-03,S,258,183.24,19337,D,,,,,,
1048695,2021-05-04,FFIV,WHITE ANA MARIA,,0001209191-21-029830,2021-05-01,M,3391,0.0,20927,D,,,,,,
1048695,2021-05-04,FFIV,WHALEN CHAD MICHAEL,,0001209191-21-029822,2021-05-01,M,2272,0.0,8730,D,,,,,,
1048695,2021-05-04,FFIV,SPRAGUE KARA LYNN,,0001209191-21-029820,2021-05-01,F,1288,186.76,23602,D,,,,,,
1048695,2021-05-04,FFIV,Rogers Scot Frazier,,0001209191-21-029816,2021-05-01,F,946,186.76,15177,D,,,,,,
1048695,2021-05-04,FFIV,Yamamoto Mika,,0001209191-21-029834,2021-05-01,M,2961,0.0,8125,D,,,,,,
1048695,2021-05-04,FFIV,SPRAGUE KARA LYNN,,0001209191-21-029820,2021-05-01,M,3279,0.0,24890,D,,,,,,
1048695,2021-05-04,FFIV,SPRAGUE KARA LYNN,,0001209191-21-029820,2021-04-30,J,190,111.5455,21611,D,,,,,,
1048695,2021-05-04,FFIV,WHALEN CHAD MICHAEL,,0001209191-21-029822,2021-05-01,F,892,186.76,7838,D,,,,,,
1048695,2021-05-04,FFIV,WHITE ANA MARIA,,0001209191-21-029830,2021-05-01,F,1332,186.76,19595,D,,,,,,
1048695,2021-05-04,FFIV,Rogers Scot Frazier,,0001209191-21-029816,2021-05-01,M,2410,0.0,16123,D,,,,,,
1048695,2021-05-04,FFIV,WHITE ANA MARIA,,0001209191-21-029830,2021-04-30,J,190,111.5455,17536,D,,,,,,
1048695,2021-05-04,FFIV,Yamamoto Mika,,0001209191-21-029834,2021-05-01,F,1164,186.76,6961,D,,,,,,
1048695,2021-05-06,FFIV,WHALEN CHAD MICHAEL,,0001209191-21-030550,2021-05-04,S,453,181.19,7385,D,,,,,,
1048695,2021-05-06,FFIV,FOUNTAIN THOMAS DEAN,,0001209191-21-030551,2021-05-04,S,2765,181.19,14197,D,,,,,,
1048695,2021-05-11,FFIV,Lin Geng,,0001209191-21-031611,2021-05-10,S,921,184.28,2543,D,,,,,,
1048695,2021-05-12,FFIV,FOUNTAIN THOMAS DEAN,,0001209191-21-032007,2021-05-11,S,1428,179.2351,12769,D,,,,,,
1048695,2021-05-13,FFIV,Klein Peter S,,0001209191-21-032269,2021-05-11,G,1000,0.0,9900,D,,,,,,
1048695,2021-05-19,FFIV,Pelzer Francis J.,,0001209191-21-033918,2021-05-17,S,500,179.78,13472,D,,,,,,
1048695,2021-05-19,FFIV,Locoh-Donou Francois,,0001209191-21-033917,2021-05-17,S,1300,179.78,76521,D,,,,,,
1048695,2021-05-20,FFIV,FOUNTAIN THOMAS DEAN,,0001209191-21-034323,2021-05-18,S,1197,180.3301,11572,D,,,,,,
1048695,2021-05-27,FFIV,FOUNTAIN THOMAS DEAN,,0001209191-21-036166,2021-05-25,S,1732,186.08,9100,D,,,,,,
1048695,2021-06-03,FFIV,WHITE ANA MARIA,,0001209191-21-037524,2021-06-01,S,258,177.92,19079,D,,,,,,
1048695,2021-06-03,FFIV,FOUNTAIN THOMAS DEAN,,0001209191-21-037522,2021-06-01,S,279,177.92,8821,D,,,,,,
1048695,2021-06-04,FFIV,MYERS MARIE,,0001209191-21-038137,2021-06-02,S,1933,182.155,2543,D,,,,,,
1048695,2021-06-15,FFIV,Yamamoto Mika,,0001209191-21-040518,2021-06-11,S,1797,193.93,5164,D,,,,,,
1048695,2021-06-17,FFIV,Locoh-Donou Francois,,0001209191-21-041349,2021-06-15,S,1300,191.9,75221,D,,,,,,
1048695,2021-06-17,FFIV,Pelzer Francis J.,,0001209191-21-041350,2021-06-15,S,500,191.9,12972,D,,,,,,
1048695,2021-07-02,FFIV,WHITE ANA MARIA,,0001209191-21-044789,2021-07-01,S,258,187.84,18821,D,,,,,,
1048695,2021-07-19,FFIV,Locoh-Donou Francois,,0001209191-21-047073,2021-07-15,S,1300,187.12,73921,D,,,,,,
1048695,2021-07-19,FFIV,Pelzer Francis J.,,0001209191-21-047075,2021-07-15,S,500,187.12,12472,D,,,,,,
1048695,2021-07-29,FFIV,Pelzer Francis J.,,0001209191-21-048476,2021-07-27,S,300,207.0,12172,D,,,,,,
1048695,2021-08-03,FFIV,WHITE ANA MARIA,,0001209191-21-049251,2021-08-02,S,258,205.4,20621,D,,,,,,
1048695,2021-08-03,FFIV,WHALEN CHAD MICHAEL,,0001209191-21-049254,2021-08-01,F,1238,206.51,9299,D,,,,,,
1048695,2021-08-03,FFIV,Rogers Scot Frazier,,0001209191-21-049256,2021-08-01,F,946,206.51,15411,D,,,,,,
1048695,2021-08-03,FFIV,SPRAGUE KARA LYNN,,0001209191-21-049255,2021-08-01,M,3280,0.0,26882,D,,,,,,
1048695,2021-08-03,FFIV,Yamamoto Mika,,0001209191-21-049249,2021-08-01,F,1164,206.51,6961,D,,,,,,
1048695,2021-08-03,FFIV,WHALEN CHAD MICHAEL,,0001209191-21-049254,2021-08-01,M,3152,0.0,10537,D,,,,,,
1048695,2021-08-03,FFIV,SPRAGUE KARA LYNN,,0001209191-21-049255,2021-08-01,F,1288,206.51,25594,D,,,,,,
1048695,2021-08-03,FFIV,Rogers Scot Frazier,,0001209191-21-049256,2021-08-02,S,1229,205.4,14182,D,,,,,,
1048695,2021-08-03,FFIV,WHITE ANA MARIA,,0001209191-21-049251,2021-08-01,M,3389,0.0,22210,D,,,,,,
1048695,2021-08-03,FFIV,Yamamoto Mika,,0001209191-21-049249,2021-08-01,M,2961,0.0,8125,D,,,,,,
1048695,2021-08-03,FFIV,WHITE ANA MARIA,,0001209191-21-049251,2021-08-01,F,1331,206.51,20879,D,,,,,,
1048695,2021-08-03,FFIV,FOUNTAIN THOMAS DEAN,,0001209191-21-049261,2021-08-01,F,1967,206.51,10826,D,,,,,,
1048695,2021-08-03,FFIV,Locoh-Donou Francois,,0001209191-21-049259,2021-08-01,F,3261,206.51,78953,D,,,,,,
1048695,2021-08-03,FFIV,Lin Geng,,0001209191-21-049260,2021-08-01,M,2529,0.0,5072,D,,,,,,
1048695,2021-08-03,FFIV,Lin Geng,,0001209191-21-049260,2021-08-01,F,993,206.51,4079,D,,,,,,
1048695,2021-08-03,FFIV,ROBERTSON ANGUS JAMES BRUCE,,0001209191-21-049257,2021-08-01,F,660,206.51,7387,D,,,,,,
1048695,2021-08-03,FFIV,Pelzer Francis J.,,0001209191-21-049258,2021-08-01,F,1608,206.51,14655,D,,,,,,
1048695,2021-08-03,FFIV,Pelzer Francis J.,,0001209191-21-049258,2021-08-01,M,4091,0.0,16263,D,,,,,,
1048695,2021-08-03,FFIV,Rogers Scot Frazier,,0001209191-21-049256,2021-08-01,M,2409,0.0,16357,D,,,,,,
1048695,2021-08-03,FFIV,ROBERTSON ANGUS JAMES BRUCE,,0001209191-21-049257,2021-08-01,M,1680,0.0,8047,D,,,,,,
1048695,2021-08-03,FFIV,Locoh-Donou Francois,,0001209191-21-049259,2021-08-01,M,8293,0.0,82214,D,,,,,,
1048695,2021-08-03,FFIV,FOUNTAIN THOMAS DEAN,,0001209191-21-049261,2021-08-01,M,3972,0.0,12793,D,,,,,,
1048695,2021-08-05,FFIV,FOUNTAIN THOMAS DEAN,,0001209191-21-049868,2021-08-03,S,2005,208.31,8821,D,,,,,,
1048695,2021-08-05,FFIV,Yamamoto Mika,,0001209191-21-049867,2021-08-03,S,1797,208.31,5164,D,,,,,,
1048695,2021-08-05,FFIV,WHALEN CHAD MICHAEL,,0001209191-21-049869,2021-08-03,S,481,208.31,8818,D,,,,,,
1048695,2021-08-12,FFIV,WHALEN CHAD MICHAEL,,0001209191-21-051036,2021-08-10,S,472,210.28,8346,D,,,,,,
1048695,2021-08-17,FFIV,Locoh-Donou Francois,,0001209191-21-051798,2021-08-16,S,1300,203.22,77653,D,,,,,,
1048695,2021-08-18,FFIV,WHALEN CHAD MICHAEL,,0001209191-21-052157,2021-08-17,S,482,202.34,7864,D,,,,,,
1048695,2021-08-26,FFIV,WHALEN CHAD MICHAEL,,0001209191-21-053418,2021-08-24,S,479,203.08,7385,D,,,,,,
1048695,2021-09-02,FFIV,HIGGINSON ALAN,,0001209191-21-054574,2021-09-02,S,1000,202.275,11383,D,,,,,,
1048695,2021-09-17,FFIV,Locoh-Donou Francois,,0001209191-21-056556,2021-09-15,S,1300,201.69,76353,D,,,,,,
1048695,2021-09-17,FFIV,Pelzer Francis J.,,0001209191-21-056555,2021-09-15,S,1200,201.69,13455,D,,,,,,
1048695,2021-10-06,FFIV,WHITE ANA MARIA,,0001209191-21-059773,2021-10-04,S,169,199.91,20452,D,,,,,,
1048695,2021-10-19,FFIV,Pelzer Francis J.,,0001209191-21-060829,2021-10-15,S,1200,205.09,12255,D,,,,,,
1048695,2021-10-29,FFIV,Rogers Scot Frazier,,0001209191-21-062029,2021-10-27,S,469,215.7891,13713,D,,,,,,
1048695,2021-11-02,FFIV,Locoh-Donou Francois,,0001209191-21-062291,2021-10-29,A,36687,0.0,113040,D,,,,,,
1048695,2021-11-02,FFIV,FOUNTAIN THOMAS DEAN,,0001209191-21-062288,2021-10-29,A,11664,0.0,20485,D,,,,,,
1048695,2021-11-02,FFIV,Rogers Scot Frazier,,0001209191-21-062294,2021-10-29,A,10722,0.0,20075,D,,,,,,
1048695,2021-11-02,FFIV,Pelzer Francis J.,,0001209191-21-062292,2021-10-29,A,9529,0.0,21784,D,,,,,,
1048695,2021-11-02,FFIV,Lin Geng,,0001209191-21-062290,2021-10-29,A,5641,0.0,9720,D,,,,,,
1048695,2021-11-02,FFIV,WHITE ANA MARIA,,0001209191-21-062297,2021-10-29,A,9326,0.0,29778,D,,,,,,
1048695,2021-11-02,FFIV,SPRAGUE KARA LYNN,,0001209191-21-062295,2021-10-29,A,9193,0.0,34787,D,,,,,,
1048695,2021-11-02,FFIV,FOUNTAIN THOMAS DEAN,,0001209191-21-062288,2021-10-29,J,136,0.0,20621,D,,,,,,
1048695,2021-11-02,FFIV,ROBERTSON ANGUS JAMES BRUCE,,0001209191-21-062293,2021-10-29,A,7378,0.0,14765,D,,,,,,
1048695,2021-11-02,FFIV,Yamamoto Mika,,0001209191-21-062298,2021-10-29,A,7118,0.0,12282,D,,,,,,
1048695,2021-11-02,FFIV,WHALEN CHAD MICHAEL,,0001209191-21-062296,2021-10-29,A,10156,0.0,17541,D,,,,,,
1048695,2021-11-03,FFIV,ROBERTSON ANGUS JAMES BRUCE,,0001209191-21-062683,2021-11-01,M,1939,0.0,16704,D,,,,,,
1048695,2021-11-03,FFIV,Yamamoto Mika,,0001209191-21-062695,2021-11-01,F,3961,0.0,11282,D,,,,,,
1048695,2021-11-03,FFIV,WHALEN CHAD MICHAEL,,0001209191-21-062687,2021-11-01,M,2273,0.0,19814,D,,,,,,
1048695,2021-11-03,FFIV,WHALEN CHAD MICHAEL,,0001209191-21-062687,2021-11-01,F,4885,0.0,14929,D,,,,,,
1048695,2021-11-03,FFIV,Locoh-Donou Francois,,0001209191-21-062679,2021-11-01,F,17693,0.0,103641,D,,,,,,
1048695,2021-11-03,FFIV,FOUNTAIN THOMAS DEAN,,0001209191-21-062675,2021-11-01,F,7745,0.0,16848,D,,,,,,
1048695,2021-11-03,FFIV,Lin Geng,,0001209191-21-062677,2021-11-01,F,3210,0.0,9041,D,,,,,,
1048695,2021-11-03,FFIV,Lin Geng,,0001209191-21-062677,2021-11-01,M,2531,0.0,12251,D,,,,,,
1048695,2021-11-03,FFIV,ROBERTSON ANGUS JAMES BRUCE,,0001209191-21-062683,2021-11-01,F,3661,0.0,13043,D,,,,,,
1048695,2021-11-03,FFIV,WHITE ANA MARIA,,0001209191-21-062693,2021-11-01,S,169,210.56,28002,D,,,,,,
1048695,2021-11-03,FFIV,Yamamoto Mika,,0001209191-21-062695,2021-11-01,M,2961,0.0,15243,D,,,,,,
1048695,2021-11-03,FFIV,SPRAGUE KARA LYNN,,0001209191-21-062686,2021-11-01,F,4903,0.0,33164,D,,,,,,
1048695,2021-11-03,FFIV,Locoh-Donou Francois,,0001209191-21-062679,2021-11-01,M,8294,0.0,121334,D,,,,,,
1048695,2021-11-03,FFIV,Pelzer Francis J.,,0001209191-21-062681,2021-11-01,M,4090,0.0,25874,D,,,,,,
1048695,2021-11-03,FFIV,Rogers Scot Frazier,,0001209191-21-062684,2021-11-01,M,2411,0.0,22486,D,,,,,,
1048695,2021-11-03,FFIV,Pelzer Francis J.,,0001209191-21-062681,2021-11-01,F,5354,0.0,20520,D,,,,,,
1048695,2021-11-03,FFIV,Rogers Scot Frazier,,0001209191-21-062684,2021-11-01,F,5158,0.0,17328,D,,,,,,
1048695,2021-11-03,FFIV,WHITE ANA MARIA,,0001209191-21-062693,2021-11-01,F,4998,0.0,28171,D,,,,,,
1048695,2021-11-03,FFIV,WHITE ANA MARIA,,0001209191-21-062693,2021-11-01,M,3391,0.0,33169,D,,,,,,
1048695,2021-11-03,FFIV,SPRAGUE KARA LYNN,,0001209191-21-062686,2021-11-01,M,3280,0.0,38067,D,,,,,,
1048695,2021-11-03,FFIV,FOUNTAIN THOMAS DEAN,,0001209191-21-062675,2021-11-01,M,3972,0.0,24593,D,,,,,,
1048695,2021-11-04,FFIV,Rogers Scot Frazier,,0001209191-21-062890,2021-11-03,S,1200,218.1099,16128,D,,,,,,
1048695,2021-11-04,FFIV,Yamamoto Mika,,0001209191-21-062889,2021-11-02,S,300,215.66,10982,D,,,,,,
1048695,2021-11-04,FFIV,FOUNTAIN THOMAS DEAN,,0001209191-21-062888,2021-11-02,S,300,215.66,16548,D,,,,,,
1048695,2021-11-04,FFIV,Locoh-Donou Francois,,0001209191-21-062887,2021-11-02,S,300,215.66,103341,D,,,,,,
1048695,2021-11-04,FFIV,WHALEN CHAD MICHAEL,,0001209191-21-062886,2021-11-02,S,629,217.2703,14300,D,,,,,,
1048695,2021-11-08,FFIV,Locoh-Donou Francois,,0001209191-21-063327,2021-11-04,S,1042,221.7,95099,D,,,,,,
1048695,2021-11-09,FFIV,Locoh-Donou Francois,,0001209191-21-063537,2021-11-05,S,162,225.0,94937,D,,,,,,
1048695,2021-11-12,FFIV,WHALEN CHAD MICHAEL,,0001209191-21-064063,2021-11-09,S,1867,223.14,11175,D,,,,,,
1048695,2021-11-17,FFIV,Pelzer Francis J.,,0001209191-21-064989,2021-11-15,S,2415,228.46,18105,D,,,,,,
1048695,2021-11-17,FFIV,WHALEN CHAD MICHAEL,,0001209191-21-064990,2021-11-16,S,1898,230.31,9277,D,,,,,,
1048695,2021-11-24,FFIV,WHALEN CHAD MICHAEL,,0001209191-21-066733,2021-11-23,S,1892,227.39,7385,D,,,,,,
1048695,2021-11-30,FFIV,Dreyer Michael L,,0001209191-21-067109,2021-05-03,S,6000,187.14,5543,D,,,,,,
1048695,2021-12-03,FFIV,WHITE ANA MARIA,,0001209191-21-067746,2021-12-01,S,169,230.92,27833,D,,,,,,
1048695,2021-12-07,FFIV,Locoh-Donou Francois,,0001209191-21-068275,2021-12-03,S,1204,228.43,93733,D,,,,,,
1048695,2021-12-17,FFIV,Pelzer Francis J.,,0001209191-21-070139,2021-12-15,S,2416,230.73,15689,D,,,,,,
1048695,2022-01-05,FFIV,WHITE ANA MARIA,,0001209191-22-001459,2022-01-03,S,169,244.74,27664,D,,,,,,
1048695,2022-01-05,FFIV,Locoh-Donou Francois,,0001209191-22-001457,2022-01-03,S,1204,244.74,92529,D,,,,,,
1048695,2022-02-01,FFIV,FOUNTAIN THOMAS DEAN,,0001209191-22-005836,2022-01-31,S,1628,199.19,8196,D,,,,,,
1048695,2022-02-03,FFIV,Pelzer Francis J.,,0001209191-22-006711,2022-02-01,M,3993,0.0,19682,D,,,,,,
1048695,2022-02-03,FFIV,Lin Geng,,0001209191-22-006709,2022-02-01,M,2917,0.0,11958,D,,,,,,
1048695,2022-02-03,FFIV,Locoh-Donou Francois,,0001209191-22-006710,2022-02-01,M,6672,0.0,99201,D,,,,,,
1048695,2022-02-03,FFIV,Rogers Scot Frazier,,0001209191-22-006713,2022-02-01,F,776,0.0,10487,D,,,,,,
1048695,2022-02-03,FFIV,Pelzer Francis J.,,0001209191-22-006711,2022-02-01,F,1593,0.0,18089,D,,,,,,
1048695,2022-02-03,FFIV,FOUNTAIN THOMAS DEAN,,0001209191-22-006708,2022-02-01,F,2010,0.0,10185,D,,,,,,
1048695,2022-02-03,FFIV,Song Haiyan,,0001209191-22-006714,2022-02-01,F,2460,0.0,2441,D,,,,,,
1048695,2022-02-03,FFIV,Locoh-Donou Francois,,0001209191-22-006710,2022-02-01,F,2640,0.0,96561,D,,,,,,
1048695,2022-02-03,FFIV,Lin Geng,,0001209191-22-006709,2022-02-01,F,1171,0.0,10787,D,,,,,,
1048695,2022-02-03,FFIV,FOUNTAIN THOMAS DEAN,,0001209191-22-006708,2022-02-01,M,3999,0.0,12195,D,,,,,,
1048695,2022-02-03,FFIV,FOUNTAIN THOMAS DEAN,,0001209191-22-006708,2022-02-02,S,1647,207.25,8538,D,,,,,,
1048695,2022-02-03,FFIV,Rogers Scot Frazier,,0001209191-22-006713,2022-02-01,M,1910,0.0,11263,D,,,,,,
1048695,2022-02-03,FFIV,WHALEN CHAD MICHAEL,,0001209191-22-006716,2022-02-02,S,251,207.25,8523,D,,,,,,
1048695,2022-02-03,FFIV,WHITE ANA MARIA,,0001209191-22-006717,2022-02-01,S,169,206.75,29482,D,,,,,,
1048695,2022-02-03,FFIV,SPRAGUE KARA LYNN,,0001209191-22-006715,2022-02-01,M,2209,0.0,35373,D,,,,,,
1048695,2022-02-03,FFIV,WHALEN CHAD MICHAEL,,0001209191-22-006716,2022-02-01,M,2330,0.0,9715,D,,,,,,
1048695,2022-02-03,FFIV,WHITE ANA MARIA,,0001209191-22-006717,2022-02-01,F,1328,0.0,29651,D,,,,,,
1048695,2022-02-03,FFIV,Yamamoto Mika,,0001209191-22-006718,2022-02-01,F,1394,0.0,7255,D,,,,,,
1048695,2022-02-03,FFIV,WHALEN CHAD MICHAEL,,0001209191-22-006716,2022-02-01,F,941,0.0,8774,D,,,,,,
1048695,2022-02-03,FFIV,Yamamoto Mika,,0001209191-22-006718,2022-02-02,S,1773,207.25,5482,D,,,,,,
1048695,2022-02-03,FFIV,Yamamoto Mika,,0001209191-22-006718,2022-02-01,M,3485,0.0,8649,D,,,,,,
1048695,2022-02-03,FFIV,Song Haiyan,,0001209191-22-006714,2022-02-01,M,4901,0.0,4901,D,,,,,,
1048695,2022-02-03,FFIV,WHITE ANA MARIA,,0001209191-22-006717,2022-02-01,M,3315,0.0,30979,D,,,,,,
1048695,2022-02-03,FFIV,SPRAGUE KARA LYNN,,0001209191-22-006715,2022-02-01,F,892,0.0,34481,D,,,,,,
1048695,2022-02-07,FFIV,Rogers Scot Frazier,,0001209191-22-007393,2022-02-03,S,852,199.95,9635,D,,,,,,
1048695,2022-02-07,FFIV,Locoh-Donou Francois,,0001209191-22-007390,2022-02-03,S,417,199.95,96144,D,,,,,,
1048695,2022-02-11,FFIV,WHALEN CHAD MICHAEL,,0001209191-22-008736,2022-02-09,S,247,204.77,8276,D,,,,,,
1048695,2022-02-17,FFIV,Pelzer Francis J.,,0001209191-22-010564,2022-02-15,S,500,195.93,17589,D,,,,,,
1048695,2022-02-17,FFIV,WHALEN CHAD MICHAEL,,0001209191-22-010568,2022-02-16,S,252,200.27,8024,D,,,,,,
1048695,2022-02-25,FFIV,WHALEN CHAD MICHAEL,,0001209191-22-012995,2022-02-23,S,251,198.46,7773,D,,,,,,
1048695,2022-03-03,FFIV,WHITE ANA MARIA,,0001209191-22-015232,2022-03-01,S,169,198.95,29313,D,,,,,,
1048695,2022-03-07,FFIV,Locoh-Donou Francois,,0001209191-22-016569,2022-03-03,S,1042,203.83,94477,D,,,,,,
1048695,2022-03-11,FFIV,MYERS MARIE,,0001209191-22-018136,2022-03-09,M,1282,0.0,3825,D,,,,,,
1048695,2022-03-11,FFIV,MEHTA NIKHIL RAMESH,,0001209191-22-018133,2022-03-09,M,1282,0.0,5758,D,,,,,,
1048695,2022-03-11,FFIV,Shivananda Sripada,,0001209191-22-018140,2022-03-09,M,1282,0.0,3130,D,,,,,,
1048695,2022-03-11,FFIV,PHILLIPS JAMES MALCOLM JR,,0001209191-22-018138,2022-03-09,M,214,0.0,214,D,,,,,,
1048695,2022-03-11,FFIV,MONTOYA MICHAEL F,,0001209191-22-018134,2022-03-09,M,1210,0.0,1210,D,,,,,,
1048695,2022-03-11,FFIV,Klein Peter S,,0001209191-22-018132,2022-03-09,M,1282,0.0,11182,D,,,,,,
1048695,2022-03-11,FFIV,Dreyer Michael L,,0001209191-22-018130,2022-03-09,M,1282,0.0,6825,D,,,,,,
1048695,2022-03-11,FFIV,Buse Elizabeth,,0001209191-22-018128,2022-03-09,M,1282,0.0,2162,D,,,,,,
1048695,2022-03-11,FFIV,BERGERON SANDRA E.,,0001209191-22-018127,2022-03-09,M,1282,0.0,5946,D,,,,,,
1048695,2022-03-11,FFIV,HIGGINSON ALAN,,0001209191-22-018131,2022-03-09,M,1282,0.0,12665,D,,,,,,
1048695,2022-03-15,FFIV,Lin Geng,,0001209191-22-018736,2022-03-11,S,1920,197.3631,8867,D,,,,,,
1048695,2022-03-15,FFIV,Lin Geng,,0001209191-22-018736,2022-03-14,S,1306,195.97,5824,D,,,,,,
1048695,2022-03-17,FFIV,Pelzer Francis J.,,0001209191-22-019465,2022-03-15,S,500,190.4,17089,D,,,,,,
1048695,2022-03-24,FFIV,Pelzer Francis J.,,0001209191-22-020853,2022-03-22,S,200,210.0,16889,D,,,,,,
1048695,2022-04-05,FFIV,WHITE ANA MARIA,,0001209191-22-022862,2022-04-01,S,169,209.94,29144,D,,,,,,
1048695,2022-04-05,FFIV,Locoh-Donou Francois,,0001209191-22-022863,2022-04-04,S,1042,210.3,93435,D,,,,,,
1048695,2022-04-19,FFIV,Pelzer Francis J.,,0001209191-22-024783,2022-04-18,S,500,198.17,16389,D,,,,,,
1048695,2022-05-03,FFIV,Rogers Scot Frazier,,0001209191-22-026613,2022-05-01,F,750,0.0,10797,D,,,,,,
1048695,2022-05-03,FFIV,Pelzer Francis J.,,0001209191-22-026612,2022-05-01,M,3993,0.0,20382,D,,,,,,
1048695,2022-05-03,FFIV,Song Haiyan,,0001209191-22-026614,2022-05-01,F,773,0.0,3460,D,,,,,,
1048695,2022-05-03,FFIV,Lin Geng,,0001209191-22-026610,2022-05-01,F,1146,0.0,7595,D,,,,,,
1048695,2022-05-03,FFIV,Pelzer Francis J.,,0001209191-22-026612,2022-05-01,F,1570,0.0,18812,D,,,,,,
1048695,2022-05-03,FFIV,Rogers Scot Frazier,,0001209191-22-026613,2022-05-01,M,1912,0.0,11547,D,,,,,,
1048695,2022-05-03,FFIV,FOUNTAIN THOMAS DEAN,,0001209191-22-026609,2022-05-01,F,1297,0.0,9860,D,,,,,,
1048695,2022-05-03,FFIV,Lin Geng,,0001209191-22-026610,2022-05-01,M,2917,0.0,8741,D,,,,,,
1048695,2022-05-03,FFIV,Locoh-Donou Francois,,0001209191-22-026611,2022-05-01,F,2624,0.0,97484,D,,,,,,
1048695,2022-05-03,FFIV,FOUNTAIN THOMAS DEAN,,0001209191-22-026609,2022-05-01,M,2619,0.0,11157,D,,,,,,
1048695,2022-05-03,FFIV,Song Haiyan,,0001209191-22-026614,2022-05-01,M,1560,0.0,4233,D,,,,,,
1048695,2022-05-03,FFIV,Locoh-Donou Francois,,0001209191-22-026611,2022-05-01,M,6673,0.0,100108,D,,,,,,
1048695,2022-05-03,FFIV,SPRAGUE KARA LYNN,,0001209191-22-026615,2022-05-01,F,868,0.0,35939,D,,,,,,
1048695,2022-05-03,FFIV,WHALEN CHAD MICHAEL,,0001209191-22-026616,2022-05-01,F,915,0.0,9188,D,,,,,,
1048695,2022-05-03,FFIV,SPRAGUE KARA LYNN,,0001209191-22-026615,2022-05-01,M,2210,0.0,36807,D,,,,,,
1048695,2022-05-03,FFIV,WHITE ANA MARIA,,0001209191-22-026617,2022-05-02,S,169,166.41,30319,D,,,,,,
1048695,2022-05-03,FFIV,Song Haiyan,,0001209191-22-026614,2022-04-29,J,232,142.2985,2673,D,,,,,,
1048695,2022-05-03,FFIV,Yamamoto Mika,,0001209191-22-026618,2022-05-01,F,1369,0.0,7597,D,,,,,,
1048695,2022-05-03,FFIV,SPRAGUE KARA LYNN,,0001209191-22-026615,2022-04-29,J,116,142.2985,34597,D,,,,,,
1048695,2022-05-03,FFIV,WHALEN CHAD MICHAEL,,0001209191-22-026616,2022-05-01,M,2330,0.0,10103,D,,,,,,
1048695,2022-05-03,FFIV,WHITE ANA MARIA,,0001209191-22-026617,2022-05-01,M,2023,0.0,31283,D,,,,,,
1048695,2022-05-03,FFIV,WHITE ANA MARIA,,0001209191-22-026617,2022-05-01,F,795,0.0,30488,D,,,,,,
1048695,2022-05-03,FFIV,WHITE ANA MARIA,,0001209191-22-026617,2022-04-29,J,116,142.2985,29260,D,,,,,,
1048695,2022-05-03,FFIV,Yamamoto Mika,,0001209191-22-026618,2022-05-01,M,3484,0.0,8966,D,,,,,,
1048695,2022-05-05,FFIV,Yamamoto Mika,,0001209191-22-027333,2022-05-03,S,899,171.33,6698,D,,,,,,
1048695,2022-05-05,FFIV,WHALEN CHAD MICHAEL,,0001209191-22-027332,2022-05-03,S,257,171.33,8931,D,,,,,,
1048695,2022-05-05,FFIV,Rogers Scot Frazier,,0001209191-22-027331,2022-05-03,S,879,171.33,9918,D,,,,,,
1048695,2022-05-05,FFIV,FOUNTAIN THOMAS DEAN,,0001209191-22-027330,2022-05-03,S,980,171.33,8880,D,,,,,,
1048695,2022-05-11,FFIV,WHALEN CHAD MICHAEL,,0001209191-22-028365,2022-05-10,S,254,168.68,8677,D,,,,,,
1048695,2022-05-11,FFIV,Lin Geng,,0001209191-22-028363,2022-05-09,S,1089,167.8,6506,D,,,,,,
1048695,2022-05-19,FFIV,WHALEN CHAD MICHAEL,,0001209191-22-030350,2022-05-17,S,259,170.0,8418,D,,,,,,
1048695,2022-05-19,FFIV,Pelzer Francis J.,,0001209191-22-030351,2022-05-17,S,500,170.0,18312,D,,,,,,
1048695,2022-05-26,FFIV,WHALEN CHAD MICHAEL,,0001209191-22-032092,2022-05-24,S,257,157.68,8161,D,,,,,,
1048695,2022-06-03,FFIV,WHITE ANA MARIA,,0001209191-22-033845,2022-06-01,S,170,164.24,30149,D,,,,,,
1048695,2022-06-03,FFIV,HIGGINSON ALAN,,0001209191-22-033839,2022-06-01,S,1000,164.7303,11665,D,,,,,,
1048695,2022-07-06,FFIV,WHITE ANA MARIA,,0001209191-22-040980,2022-07-01,S,170,152.62,29979,D,,,,,,
1048695,2022-08-03,FFIV,Song Haiyan,,0001209191-22-044093,2022-08-01,M,1559,0.0,5019,D,,,,,,
1048695,2022-08-03,FFIV,WHALEN CHAD MICHAEL,,0001209191-22-044095,2022-08-02,S,780,164.9,9329,D,,,,,,
1048695,2022-08-03,FFIV,WHALEN CHAD MICHAEL,,0001209191-22-044095,2022-08-01,F,1261,0.0,10109,D,,,,,,
1048695,2022-08-03,FFIV,WHITE ANA MARIA,,0001209191-22-044096,2022-08-01,M,2023,0.0,32002,D,,,,,,
1048695,2022-08-03,FFIV,WHITE ANA MARIA,,0001209191-22-044096,2022-08-01,F,795,0.0,31207,D,,,,,,
1048695,2022-08-03,FFIV,Lin Geng,,0001209191-22-044089,2022-08-01,M,2918,0.0,9424,D,,,,,,
1048695,2022-08-03,FFIV,FOUNTAIN THOMAS DEAN,,0001209191-22-044088,2022-08-01,F,1298,0.0,10202,D,,,,,,
1048695,2022-08-03,FFIV,Pelzer Francis J.,,0001209191-22-044091,2022-08-01,F,1570,0.0,20736,D,,,,,,
1048695,2022-08-03,FFIV,Rogers Scot Frazier,,0001209191-22-044092,2022-08-01,M,1911,0.0,11829,D,,,,,,
1048695,2022-08-03,FFIV,Song Haiyan,,0001209191-22-044093,2022-08-01,F,772,0.0,4247,D,,,,,,
1048695,2022-08-03,FFIV,Rogers Scot Frazier,,0001209191-22-044092,2022-08-01,F,750,0.0,11079,D,,,,,,
1048695,2022-08-03,FFIV,SPRAGUE KARA LYNN,,0001209191-22-044094,2022-08-01,F,868,0.0,37280,D,,,,,,
1048695,2022-08-03,FFIV,Locoh-Donou Francois,,0001209191-22-044090,2022-08-01,F,2623,0.0,101532,D,,,,,,
1048695,2022-08-03,FFIV,SPRAGUE KARA LYNN,,0001209191-22-044094,2022-08-01,M,2209,0.0,38148,D,,,,,,
1048695,2022-08-03,FFIV,Yamamoto Mika,,0001209191-22-044098,2022-08-01,F,1369,0.0,8812,D,,,,,,
1048695,2022-08-03,FFIV,Yamamoto Mika,,0001209191-22-044098,2022-08-01,M,3483,0.0,10181,D,,,,,,
1048695,2022-08-03,FFIV,Yamamoto Mika,,0001209191-22-044098,2022-08-02,S,2047,164.9,6765,D,,,,,,
1048695,2022-08-03,FFIV,WHALEN CHAD MICHAEL,,0001209191-22-044095,2022-08-01,M,3209,0.0,11370,D,,,,,,
1048695,2022-08-03,FFIV,WHITE ANA MARIA,,0001209191-22-044096,2022-08-01,S,170,166.0,31037,D,,,,,,
1048695,2022-08-03,FFIV,Locoh-Donou Francois,,0001209191-22-044090,2022-08-01,M,6671,0.0,104155,D,,,,,,
1048695,2022-08-03,FFIV,FOUNTAIN THOMAS DEAN,,0001209191-22-044088,2022-08-02,S,980,164.9,9222,D,,,,,,
1048695,2022-08-03,FFIV,FOUNTAIN THOMAS DEAN,,0001209191-22-044088,2022-08-01,M,2620,0.0,11500,D,,,,,,
1048695,2022-08-03,FFIV,Lin Geng,,0001209191-22-044089,2022-08-01,F,1145,0.0,8279,D,,,,,,
1048695,2022-08-03,FFIV,Pelzer Francis J.,,0001209191-22-044091,2022-08-01,M,3994,0.0,22306,D,,,,,,
1048695,2022-08-05,FFIV,Rogers Scot Frazier,,0001209191-22-044517,2022-08-03,S,878,165.56,10201,D,,,,,,
1048695,2022-08-05,FFIV,Pelzer Francis J.,,0001209191-22-044515,2022-08-03,S,1000,170.0,19736,D,,,,,,
1048695,2022-08-10,FFIV,Lin Geng,,0001209191-22-045142,2022-08-08,S,1127,173.11,7152,D,,,,,,
1048695,2022-08-16,FFIV,Pelzer Francis J.,,0001209191-22-045938,2022-08-15,S,500,171.95,19236,D,,,,,,
1048695,2022-09-02,FFIV,WHALEN CHAD MICHAEL,,0001209191-22-048442,2022-09-01,S,780,155.34,8549,D,,,,,,
1048695,2022-09-02,FFIV,WHITE ANA MARIA,,0001209191-22-048441,2022-09-01,S,170,155.34,30867,D,,,,,,
1048695,2022-10-18,FFIV,WHITE ANA MARIA,,0001209191-22-053924,2022-10-14,S,170,142.33,30697,D,,,,,,
1048695,2022-11-02,FFIV,Song Haiyan,,0001209191-22-055200,2022-10-31,A,1359,0.0,5606,D,,,,,,
1048695,2022-11-02,FFIV,WHALEN CHAD MICHAEL,,0001209191-22-055203,2022-10-31,A,10317,0.0,18866,D,,,,,,
1048695,2022-11-02,FFIV,Lin Geng,,0001209191-22-055196,2022-10-31,A,5613,0.0,12765,D,,,,,,
1048695,2022-11-02,FFIV,Rogers Scot Frazier,,0001209191-22-055199,2022-10-31,A,6984,0.0,17185,D,,,,,,
1048695,2022-11-02,FFIV,FOUNTAIN THOMAS DEAN,,0001209191-22-055195,2022-10-31,J,145,121.4735,9367,D,,,,,,
1048695,2022-11-02,FFIV,Locoh-Donou Francois,,0001209191-22-055197,2022-10-31,A,26800,0.0,128332,D,,,,,,
1048695,2022-11-02,FFIV,SPRAGUE KARA LYNN,,0001209191-22-055201,2022-10-31,A,8002,0.0,45282,D,,,,,,
1048695,2022-11-02,FFIV,FOUNTAIN THOMAS DEAN,,0001209191-22-055195,2022-10-31,A,9586,0.0,18953,D,,,,,,
1048695,2022-11-02,FFIV,Pelzer Francis J.,,0001209191-22-055198,2022-10-31,A,7507,0.0,26743,D,,,,,,
1048695,2022-11-02,FFIV,Yamamoto Mika,,0001209191-22-055205,2022-10-31,A,7185,0.0,13950,D,,,,,,
1048695,2022-11-02,FFIV,WHITE ANA MARIA,,0001209191-22-055204,2022-10-31,A,7403,0.0,38100,D,,,,,,
1048695,2022-11-03,FFIV,WHALEN CHAD MICHAEL,,0001209191-22-055640,2022-11-02,S,1400,140.54,15553,D,,,,,,
1048695,2022-11-03,FFIV,SPRAGUE KARA LYNN,,0001209191-22-055639,2022-11-01,M,2210,0.0,47492,D,,,,,,
1048695,2022-11-03,FFIV,SPRAGUE KARA LYNN,,0001209191-22-055639,2022-11-01,F,4012,0.0,43480,D,,,,,,
1048695,2022-11-03,FFIV,Yamamoto Mika,,0001209191-22-055644,2022-11-01,M,3484,0.0,17434,D,,,,,,
1048695,2022-11-03,FFIV,Pelzer Francis J.,,0001209191-22-055633,2022-11-01,F,3756,0.0,25039,D,,,,,,
1048695,2022-11-03,FFIV,WHITE ANA MARIA,,0001209191-22-055642,2022-11-01,M,2023,0.0,40123,D,,,,,,
1048695,2022-11-03,FFIV,Yamamoto Mika,,0001209191-22-055644,2022-11-02,S,2700,140.51,10542,D,,,,,,
1048695,2022-11-03,FFIV,Lin Geng,,0001209191-22-055630,2022-11-01,M,2918,0.0,15683,D,,,,,,
1048695,2022-11-03,FFIV,Locoh-Donou Francois,,0001209191-22-055632,2022-11-01,F,13166,0.0,121840,D,,,,,,
1048695,2022-11-03,FFIV,Locoh-Donou Francois,,0001209191-22-055632,2022-11-01,M,6674,0.0,135006,D,,,,,,
1048695,2022-11-03,FFIV,Rogers Scot Frazier,,0001209191-22-055635,2022-11-01,M,1912,0.0,19097,D,,,,,,
1048695,2022-11-03,FFIV,WHALEN CHAD MICHAEL,,0001209191-22-055640,2022-11-01,F,4245,0.0,16953,D,,,,,,
1048695,2022-11-03,FFIV,Song Haiyan,,0001209191-22-055637,2022-11-01,F,1446,0.0,5720,D,,,,,,
1048695,2022-11-03,FFIV,WHITE ANA MARIA,,0001209191-22-055642,2022-11-01,F,3703,0.0,36420,D,,,,,,
1048695,2022-11-03,FFIV,Lin Geng,,0001209191-22-055630,2022-11-01,F,3350,0.0,12333,D,,,,,,
1048695,2022-11-03,FFIV,FOUNTAIN THOMAS DEAN,,0001209191-22-055629,2022-11-01,M,2620,0.0,21573,D,,,,,,
1048695,2022-11-03,FFIV,Song Haiyan,,0001209191-22-055637,2022-11-01,M,1560,0.0,7166,D,,,,,,
1048695,2022-11-03,FFIV,WHALEN CHAD MICHAEL,,0001209191-22-055640,2022-11-01,M,2332,0.0,21198,D,,,,,,
1048695,2022-11-03,FFIV,Yamamoto Mika,,0001209191-22-055644,2022-11-01,F,4192,0.0,13242,D,,,,,,
1048695,2022-11-03,FFIV,FOUNTAIN THOMAS DEAN,,0001209191-22-055629,2022-11-01,F,6046,0.0,15527,D,,,,,,
1048695,2022-11-03,FFIV,FOUNTAIN THOMAS DEAN,,0001209191-22-055629,2022-11-02,S,2500,140.56,13027,D,,,,,,
1048695,2022-11-03,FFIV,Rogers Scot Frazier,,0001209191-22-055635,2022-11-01,F,3495,0.0,15602,D,,,,,,
1048695,2022-11-03,FFIV,Pelzer Francis J.,,0001209191-22-055633,2022-11-01,M,2052,0.0,28795,D,,,,,,
1048695,2022-11-10,FFIV,Lin Geng,,0001209191-22-056337,2022-11-08,S,1730,138.45,10603,D,,,,,,
1048695,2022-11-15,FFIV,Lin Geng,,0001209191-22-056909,2022-11-11,S,2152,145.04,8451,D,,,,,,
1048695,2022-11-15,FFIV,WHITE ANA MARIA,,0001209191-22-056910,2022-11-14,S,170,149.95,36250,D,,,,,,
1048695,2022-12-05,FFIV,WHALEN CHAD MICHAEL,,0001209191-22-059590,2022-12-01,S,2488,155.3137,11972,D,,,,,,
1048695,2022-12-13,FFIV,Locoh-Donou Francois,,0001209191-22-060887,2022-12-09,S,5666,151.98,116174,D,,,,,,
1048695,2022-12-16,FFIV,WHITE ANA MARIA,,0001209191-22-061566,2022-12-14,S,170,154.01,36080,D,,,,,,
1048695,2023-01-05,FFIV,Locoh-Donou Francois,,0001209191-23-001626,2023-01-03,S,2201,144.21,111134,D,,,,,,
1048695,2023-01-19,FFIV,WHITE ANA MARIA,,0001209191-23-003974,2023-01-17,S,170,146.57,35910,D,,,,,,
1048695,2023-02-03,FFIV,SPRAGUE KARA LYNN,,0001209191-23-006609,2023-02-01,M,2592,0.0,46072,D,,,,,,
1048695,2023-02-03,FFIV,WHALEN CHAD MICHAEL,,0001209191-23-006606,2023-02-02,S,259,151.49,13942,D,,,,,,
1048695,2023-02-03,FFIV,Yamamoto Mika,,0001209191-23-006600,2023-02-01,M,3635,0.0,11435,D,,,,,,
1048695,2023-02-03,FFIV,WHITE ANA MARIA,,0001209191-23-006602,2023-02-01,F,860,0.0,37138,D,,,,,,
1048695,2023-02-03,FFIV,Yamamoto Mika,,0001209191-23-006600,2023-02-01,F,1466,0.0,9969,D,,,,,,
1048695,2023-02-03,FFIV,WHITE ANA MARIA,,0001209191-23-006602,2023-02-01,M,2088,0.0,37998,D,,,,,,
1048695,2023-02-03,FFIV,WHALEN CHAD MICHAEL,,0001209191-23-006606,2023-02-01,F,2709,0.0,14201,D,,,,,,
1048695,2023-02-03,FFIV,WHALEN CHAD MICHAEL,,0001209191-23-006606,2023-02-01,M,4938,0.0,16910,D,,,,,,
1048695,2023-02-03,FFIV,Song Haiyan,,0001209191-23-006611,2023-02-01,F,819,0.0,6460,D,,,,,,
1048695,2023-02-03,FFIV,SPRAGUE KARA LYNN,,0001209191-23-006609,2023-02-01,F,1056,0.0,45016,D,,,,,,
1048695,2023-02-03,FFIV,Yamamoto Mika,,0001209191-23-006600,2023-02-02,S,1612,151.49,8357,D,,,,,,
1048695,2023-02-03,FFIV,Rogers Scot Frazier,,0001209191-23-006613,2023-02-01,F,815,0.0,16763,D,,,,,,
1048695,2023-02-03,FFIV,FOUNTAIN THOMAS DEAN,,0001209191-23-006623,2023-02-01,F,1446,0.0,12137,D,,,,,,
1048695,2023-02-03,FFIV,Lin Geng,,0001209191-23-006619,2023-02-01,F,1233,0.0,10256,D,,,,,,
1048695,2023-02-03,FFIV,Pelzer Francis J.,,0001209191-23-006614,2023-02-01,F,869,0.0,26287,D,,,,,,
1048695,2023-02-03,FFIV,Pelzer Francis J.,,0001209191-23-006614,2023-02-01,M,2117,0.0,27156,D,,,,,,
1048695,2023-02-03,FFIV,Locoh-Donou Francois,,0001209191-23-006617,2023-02-01,F,2693,0.0,115225,D,,,,,,
1048695,2023-02-03,FFIV,Locoh-Donou Francois,,0001209191-23-006617,2023-02-01,M,6784,0.0,117918,D,,,,,,
1048695,2023-02-03,FFIV,Song Haiyan,,0001209191-23-006611,2023-02-01,M,1559,0.0,7279,D,,,,,,
1048695,2023-02-03,FFIV,Lin Geng,,0001209191-23-006619,2023-02-01,M,3038,0.0,11489,D,,,,,,
1048695,2023-02-03,FFIV,FOUNTAIN THOMAS DEAN,,0001209191-23-006623,2023-02-02,S,1156,151.49,10981,D,,,,,,
1048695,2023-02-03,FFIV,Rogers Scot Frazier,,0001209191-23-006613,2023-02-01,M,1976,0.0,17578,D,,,,,,
1048695,2023-02-03,FFIV,FOUNTAIN THOMAS DEAN,,0001209191-23-006623,2023-02-01,M,2830,0.0,13583,D,,,,,,
1048695,2023-02-07,FFIV,Locoh-Donou Francois,,0001209191-23-007473,2023-02-03,S,2201,154.08,113024,D,,,,,,
1048695,2023-02-16,FFIV,WHITE ANA MARIA,,0001209191-23-009976,2023-02-14,S,170,146.25,36968,D,,,,,,
1048695,2023-03-03,FFIV,WHALEN CHAD MICHAEL,,0001209191-23-015229,2023-03-01,S,259,142.12,13683,D,,,,,,
1048695,2023-03-07,FFIV,Locoh-Donou Francois,,0001209191-23-016590,2023-03-03,S,2201,145.51,110823,D,,,,,,
1048695,2023-03-10,FFIV,MYERS MARIE,,0001209191-23-017871,2023-03-08,M,1272,0.0,5097,D,,,,,,
1048695,2023-03-10,FFIV,PHILLIPS JAMES MALCOLM JR,,0001209191-23-017874,2023-03-08,M,1272,0.0,1486,D,,,,,,
1048695,2023-03-10,FFIV,Shivananda Sripada,,0001209191-23-017876,2023-03-08,M,1272,0.0,4402,D,,,,,,
1048695,2023-03-10,FFIV,Klein Peter S,,0001209191-23-017862,2023-03-08,M,1272,0.0,12454,D,,,,,,
1048695,2023-03-10,FFIV,Budnik Marianne,,0001209191-23-017857,2023-03-08,M,728,0.0,728,D,,,,,,
1048695,2023-03-10,FFIV,MONTOYA MICHAEL F,,0001209191-23-017868,2023-03-08,M,1272,0.0,2482,D,,,,,,
1048695,2023-03-10,FFIV,BERGERON SANDRA E.,,0001209191-23-017856,2023-03-08,M,1272,0.0,6218,D,,,,,,
1048695,2023-03-10,FFIV,MEHTA NIKHIL RAMESH,,0001209191-23-017865,2023-03-08,M,1272,0.0,7030,D,,,,,,
1048695,2023-03-10,FFIV,Dreyer Michael L,,0001209191-23-017860,2023-03-08,M,1272,0.0,8097,D,,,,,,
1048695,2023-03-10,FFIV,Buse Elizabeth,,0001209191-23-017859,2023-03-08,M,1272,0.0,3434,D,,,,,,
1048695,2023-03-10,FFIV,HIGGINSON ALAN,,0001209191-23-017861,2023-03-08,M,1272,0.0,12937,D,,,,,,
1048695,2023-03-16,FFIV,WHITE ANA MARIA,,0001209191-23-019137,2023-03-14,S,170,138.69,36798,D,,,,,,
1048695,2023-04-05,FFIV,Locoh-Donou Francois,,0001209191-23-023179,2023-04-03,S,2201,144.9,108622,D,,,,,,
1048695,2023-04-18,FFIV,WHITE ANA MARIA,,0001209191-23-024617,2023-04-14,S,170,146.59,36628,D,,,,,,
1048695,2023-05-02,FFIV,Rogers Scot Frazier,,0001209191-23-026630,2023-05-01,M,1977,0.0,18740,D,,,,,,
1048695,2023-05-02,FFIV,Yamamoto Mika,,0001209191-23-026657,2023-05-01,F,1428,0.0,10564,D,,,,,,
1048695,2023-05-02,FFIV,Rogers Scot Frazier,,0001209191-23-026630,2023-05-01,F,776,0.0,17964,D,,,,,,
1048695,2023-05-02,FFIV,Lin Geng,,0001209191-23-026627,2023-05-01,M,3038,0.0,13294,D,,,,,,
1048695,2023-05-02,FFIV,WHITE ANA MARIA,,0001209191-23-026638,2023-04-28,J,173,114.206,36801,D,,,,,,
1048695,2023-05-02,FFIV,FOUNTAIN THOMAS DEAN,,0001209191-23-026625,2023-05-01,M,2830,0.0,13811,D,,,,,,
1048695,2023-05-02,FFIV,Locoh-Donou Francois,,0001209191-23-026628,2023-05-01,F,2669,0.0,112739,D,,,,,,
1048695,2023-05-02,FFIV,Yamamoto Mika,,0001209191-23-026657,2023-05-02,S,1650,133.02,8914,D,,,,,,
1048695,2023-05-02,FFIV,WHITE ANA MARIA,,0001209191-23-026638,2023-05-01,F,820,0.0,38068,D,,,,,,
1048695,2023-05-02,FFIV,SPRAGUE KARA LYNN,,0001209191-23-026633,2023-05-01,F,1019,0.0,46763,D,,,,,,
1048695,2023-05-02,FFIV,WHITE ANA MARIA,,0001209191-23-026638,2023-05-01,M,2087,0.0,38888,D,,,,,,
1048695,2023-05-02,FFIV,Pelzer Francis J.,,0001209191-23-026629,2023-05-01,M,2116,0.0,28403,D,,,,,,
1048695,2023-05-02,FFIV,Pelzer Francis J.,,0001209191-23-026629,2023-05-01,F,831,0.0,27572,D,,,,,,
1048695,2023-05-02,FFIV,FOUNTAIN THOMAS DEAN,,0001209191-23-026625,2023-05-01,F,1402,0.0,12409,D,,,,,,
1048695,2023-05-02,FFIV,WHALEN CHAD MICHAEL,,0001209191-23-026636,2023-05-01,M,2511,0.0,16194,D,,,,,,
1048695,2023-05-02,FFIV,Yamamoto Mika,,0001209191-23-026657,2023-05-01,M,3635,0.0,11992,D,,,,,,
1048695,2023-05-02,FFIV,FOUNTAIN THOMAS DEAN,,0001209191-23-026625,2023-05-02,S,919,133.02,11490,D,,,,,,
1048695,2023-05-02,FFIV,SPRAGUE KARA LYNN,,0001209191-23-026633,2023-05-01,M,2592,0.0,47782,D,,,,,,
1048695,2023-05-02,FFIV,Lin Geng,,0001209191-23-026627,2023-05-01,F,1193,0.0,12101,D,,,,,,
1048695,2023-05-02,FFIV,SPRAGUE KARA LYNN,,0001209191-23-026633,2023-04-28,J,174,114.206,45190,D,,,,,,
1048695,2023-05-02,FFIV,WHALEN CHAD MICHAEL,,0001209191-23-026636,2023-05-01,F,987,0.0,15207,D,,,,,,
1048695,2023-05-02,FFIV,Locoh-Donou Francois,,0001209191-23-026628,2023-05-01,M,6786,0.0,115408,D,,,,,,
1048695,2023-05-04,FFIV,Locoh-Donou Francois,,0001209191-23-027243,2023-05-03,S,2201,132.0,110538,D,,,,,,
1048695,2023-05-17,FFIV,WHITE ANA MARIA,,0001209191-23-030039,2023-05-15,S,170,137.64,37898,D,,,,,,
1048695,2023-05-19,FFIV,WHALEN CHAD MICHAEL,,0001209191-23-030926,2023-05-18,S,280,140.0,14927,D,,,,,,
1048695,2023-05-19,FFIV,HIGGINSON ALAN,,0001209191-23-030925,2023-05-17,S,1000,139.9469,11937,D,,,,,,
1048695,2023-05-25,FFIV,Dreyer Michael L,,0001209191-23-032262,2023-05-24,S,2750,143.1931,5347,D,,,,,,
1048695,2023-06-05,FFIV,WHALEN CHAD MICHAEL,,0001209191-23-034183,2023-06-01,S,279,147.77,14648,D,,,,,,
1048695,2023-06-07,FFIV,Locoh-Donou Francois,,0001209191-23-034950,2023-06-05,S,2201,146.35,108337,D,,,,,,
1048695,2023-06-15,FFIV,WHITE ANA MARIA,,0001209191-23-037271,2023-06-14,S,170,150.34,37728,D,,,,,,
1048695,2023-07-05,FFIV,Locoh-Donou Francois,,0001209191-23-040844,2023-07-03,S,2201,145.28,106136,D,,,,,,
1048695,2023-07-18,FFIV,WHITE ANA MARIA,,0001209191-23-042517,2023-07-14,S,170,148.37,37558,D,,,,,,
1048695,2023-08-03,FFIV,Locoh-Donou Francois,,0001209191-23-044342,2023-08-01,F,2669,0.0,110252,D,,,,,,
1048695,2023-08-03,FFIV,Yamamoto Mika,,0001209191-23-044349,2023-08-01,F,1428,0.0,11122,D,,,,,,
1048695,2023-08-03,FFIV,WHITE ANA MARIA,,0001209191-23-044347,2023-08-01,M,2089,0.0,39647,D,,,,,,
1048695,2023-08-03,FFIV,WHITE ANA MARIA,,0001209191-23-044347,2023-08-01,F,821,0.0,38826,D,,,,,,
1048695,2023-08-03,FFIV,WHALEN CHAD MICHAEL,,0001209191-23-044346,2023-08-01,M,2512,0.0,17160,D,,,,,,
1048695,2023-08-03,FFIV,SPRAGUE KARA LYNN,,0001209191-23-044345,2023-08-01,M,2591,0.0,49354,D,,,,,,
1048695,2023-08-03,FFIV,SPRAGUE KARA LYNN,,0001209191-23-044345,2023-08-01,F,1018,0.0,48336,D,,,,,,
1048695,2023-08-03,FFIV,Pelzer Francis J.,,0001209191-23-044343,2023-08-01,F,832,0.0,28857,D,,,,,,
1048695,2023-08-03,FFIV,Yamamoto Mika,,0001209191-23-044349,2023-08-01,M,3636,0.0,12550,D,,,,,,
1048695,2023-08-03,FFIV,Pelzer Francis J.,,0001209191-23-044343,2023-08-01,M,2117,0.0,29689,D,,,,,,
1048695,2023-08-03,FFIV,Locoh-Donou Francois,,0001209191-23-044342,2023-08-01,M,6785,0.0,112921,D,,,,,,
1048695,2023-08-03,FFIV,Rogers Scot Frazier,,0001209191-23-044344,2023-08-01,M,1976,0.0,19940,D,,,,,,
1048695,2023-08-03,FFIV,WHALEN CHAD MICHAEL,,0001209191-23-044346,2023-08-01,F,987,0.0,16173,D,,,,,,
1048695,2023-08-03,FFIV,Lin Geng,,0001209191-23-044341,2023-08-01,M,3038,0.0,15139,D,,,,,,
1048695,2023-08-03,FFIV,Rogers Scot Frazier,,0001209191-23-044344,2023-08-01,F,775,0.0,19165,D,,,,,,
1048695,2023-08-03,FFIV,FOUNTAIN THOMAS DEAN,,0001209191-23-044340,2023-08-01,M,2830,0.0,14320,D,,,,,,
1048695,2023-08-03,FFIV,FOUNTAIN THOMAS DEAN,,0001209191-23-044340,2023-08-01,F,1402,0.0,12918,D,,,,,,
1048695,2023-08-03,FFIV,FOUNTAIN THOMAS DEAN,,0001209191-23-044340,2023-08-02,S,919,159.08,11999,D,,,,,,
1048695,2023-08-03,FFIV,Lin Geng,,0001209191-23-044341,2023-08-01,F,1193,0.0,13946,D,,,,,,
1048695,2023-08-07,FFIV,Locoh-Donou Francois,,0001209191-23-044729,2023-08-03,S,2200,157.95,108052,D,,,,,,
1048695,2023-08-11,FFIV,Rogers Scot Frazier,,0001209191-23-045383,2023-08-09,S,1000,160.33,18165,D,,,,,,
1048695,2023-08-11,FFIV,WHALEN CHAD MICHAEL,,0001209191-23-045382,2023-08-09,S,280,160.33,15893,D,,,,,,
1048695,2023-08-15,FFIV,WHITE ANA MARIA,,0001209191-23-045789,2023-08-14,S,170,156.24,38656,D,,,,,,
1048695,2023-09-07,FFIV,WHALEN CHAD MICHAEL,,0001209191-23-048578,2023-09-05,S,279,164.84,15614,D,,,,,,
1048695,2023-09-07,FFIV,Klein Peter S,,0001209191-23-048577,2023-09-05,G,1200,0.0,11254,D,,,,,,
1048695,2023-09-07,FFIV,Locoh-Donou Francois,,0001209191-23-048579,2023-09-05,S,2200,164.84,105852,D,,,,,,
1048695,2023-10-05,FFIV,Locoh-Donou Francois,,0001209191-23-052152,2023-10-03,S,2200,160.49,103652,D,,,,,,
1048695,2023-11-02,FFIV,Rogers Scot Frazier,,0001209191-23-054089,2023-10-31,A,7471,0.0,25636,D,,,,,,
1048695,2023-11-02,FFIV,Pelzer Francis J.,,0001209191-23-054087,2023-10-31,A,8013,0.0,36870,D,,,,,,
1048695,2023-11-02,FFIV,Yamamoto Mika,,0001209191-23-054092,2023-10-31,A,8004,0.0,19126,D,,,,,,
1048695,2023-11-02,FFIV,FOUNTAIN THOMAS DEAN,,0001209191-23-054083,2023-10-31,A,10685,0.0,22684,D,,,,,,
1048695,2023-11-02,FFIV,WHALEN CHAD MICHAEL,,0001209191-23-054091,2023-10-31,A,11297,0.0,26911,D,,,,,,
1048695,2023-11-02,FFIV,Locoh-Donou Francois,,0001209191-23-054085,2023-10-31,A,33128,0.0,136780,D,,,,,,
1048695,2023-11-02,FFIV,SPRAGUE KARA LYNN,,0001209191-23-054090,2023-10-31,A,9768,0.0,58104,D,,,,,,
1048695,2023-11-03,FFIV,Pelzer Francis J.,,0001209191-23-054414,2023-11-01,F,3980,0.0,35008,D,,,,,,
1048695,2023-11-03,FFIV,Rogers Scot Frazier,,0001209191-23-054415,2023-11-01,F,3713,0.0,23901,D,,,,,,
1048695,2023-11-03,FFIV,FOUNTAIN THOMAS DEAN,,0001209191-23-054411,2023-11-01,F,6697,0.0,18818,D,,,,,,
1048695,2023-11-03,FFIV,Locoh-Donou Francois,,0001209191-23-054412,2023-11-01,F,15701,0.0,127865,D,,,,,,
1048695,2023-11-03,FFIV,Locoh-Donou Francois,,0001209191-23-054412,2023-11-01,M,6786,0.0,143566,D,,,,,,
1048695,2023-11-03,FFIV,FOUNTAIN THOMAS DEAN,,0001209191-23-054411,2023-11-01,M,2831,0.0,25515,D,,,,,,
1048695,2023-11-03,FFIV,Pelzer Francis J.,,0001209191-23-054414,2023-11-01,M,2118,0.0,38988,D,,,,,,
1048695,2023-11-03,FFIV,WHALEN CHAD MICHAEL,,0001209191-23-054417,2023-11-01,M,2512,0.0,29423,D,,,,,,
1048695,2023-11-03,FFIV,Rogers Scot Frazier,,0001209191-23-054415,2023-11-01,M,1978,0.0,27614,D,,,,,,
1048695,2023-11-03,FFIV,Yamamoto Mika,,0001209191-23-054419,2023-11-01,F,3979,0.0,17271,D,,,,,,
1048695,2023-11-03,FFIV,SPRAGUE KARA LYNN,,0001209191-23-054416,2023-11-01,F,4858,0.0,55840,D,,,,,,
1048695,2023-11-03,FFIV,Yamamoto Mika,,0001209191-23-054419,2023-11-01,M,2124,0.0,21250,D,,,,,,
1048695,2023-11-03,FFIV,SPRAGUE KARA LYNN,,0001209191-23-054416,2023-11-01,M,2594,0.0,60698,D,,,,,,
1048695,2023-11-03,FFIV,WHALEN CHAD MICHAEL,,0001209191-23-054417,2023-11-01,F,4699,0.0,24724,D,,,,,,
1048695,2023-11-06,FFIV,Rogers Scot Frazier,,0001209191-23-054484,2023-11-02,S,2000,151.56,21901,D,,,,,,
1048695,2023-11-06,FFIV,FOUNTAIN THOMAS DEAN,,0001209191-23-054483,2023-11-02,S,3962,150.35,14856,D,,,,,,
1048695,2023-11-06,FFIV,Locoh-Donou Francois,,0001209191-23-054486,2023-11-03,S,2200,153.16,125665,D,,,,,,
1048695,2023-11-06,FFIV,WHALEN CHAD MICHAEL,,0001209191-23-054485,2023-11-02,S,1399,151.56,23325,D,,,,,,
1048695,2023-11-13,FFIV,HIGGINSON ALAN,,0001209191-23-054937,2023-11-09,S,1000,156.5061,10937,D,,,,,,
1048695,2023-12-01,FFIV,Pelzer Francis J.,,0001209191-23-057052,2023-11-29,S,2500,170.0,32508,D,,,,,,
1048695,2023-12-06,FFIV,WHALEN CHAD MICHAEL,,0001209191-23-057573,2023-12-04,S,1398,171.05,21927,D,,,,,,
1048695,2023-12-14,FFIV,Rogers Scot Frazier,,0001209191-23-058589,2023-12-12,S,1500,175.0,20401,D,,,,,,
1048695,2023-12-21,FFIV,Pelzer Francis J.,,0001209191-23-059401,2023-12-20,S,500,178.75,32008,D,,,,,,
1048695,2024-01-24,FFIV,Pelzer Francis J.,,0001209191-24-002131,2024-01-22,S,500,180.09,31508,D,,,,,,
1048695,2024-02-05,FFIV,Locoh-Donou Francois,,0001209191-24-002756,2024-02-01,F,2623,0.0,129651,D,,,,,,
1048695,2024-02-05,FFIV,Pelzer Francis J.,,0001209191-24-002757,2024-02-01,M,2168,0.0,33676,D,,,,,,
1048695,2024-02-05,FFIV,FOUNTAIN THOMAS DEAN,,0001209191-24-002755,2024-02-01,F,1415,0.0,15859,D,,,,,,
1048695,2024-02-05,FFIV,Locoh-Donou Francois,,0001209191-24-002756,2024-02-01,M,6609,0.0,132274,D,,,,,,
1048695,2024-02-05,FFIV,Pelzer Francis J.,,0001209191-24-002757,2024-02-01,F,886,0.0,32790,D,,,,,,
1048695,2024-02-05,FFIV,FOUNTAIN THOMAS DEAN,,0001209191-24-002755,2024-02-01,M,2729,0.0,17274,D,,,,,,
1048695,2024-02-05,FFIV,SPRAGUE KARA LYNN,,0001209191-24-002759,2024-02-01,F,1126,0.0,57490,D,,,,,,
1048695,2024-02-05,FFIV,WHALEN CHAD MICHAEL,,0001209191-24-002760,2024-02-01,M,4950,0.0,26877,D,,,,,,
1048695,2024-02-05,FFIV,WHALEN CHAD MICHAEL,,0001209191-24-002760,2024-02-01,F,2709,0.0,24168,D,,,,,,
1048695,2024-02-05,FFIV,Rogers Scot Frazier,,0001209191-24-002758,2024-02-01,F,823,0.0,21587,D,,,,,,
1048695,2024-02-05,FFIV,SPRAGUE KARA LYNN,,0001209191-24-002759,2024-02-01,M,2776,0.0,58616,D,,,,,,
1048695,2024-02-05,FFIV,Rogers Scot Frazier,,0001209191-24-002758,2024-02-01,M,2009,0.0,22410,D,,,,,,
1048695,2024-02-12,FFIV,FOUNTAIN THOMAS DEAN,,0001209191-24-003109,2024-02-08,S,851,183.06,15008,D,,,,,,
1048695,2024-02-22,FFIV,Pelzer Francis J.,,0001209191-24-003834,2024-02-20,S,500,182.31,32290,D,,,,,,
1048695,2024-03-05,FFIV,Locoh-Donou Francois,,0001048695-24-000017,2024-03-01,S,6400,188.0226,123251,D,,,,,,
1048695,2024-03-08,FFIV,HIGGINSON ALAN,,0001048695-24-000020,2024-03-07,S,1000,190.4258,9937,D,,,,,,
1048695,2024-03-15,FFIV,HIGGINSON ALAN,,0001048695-24-000031,2024-03-13,M,1770,0.0,11707,D,,,,,,
1048695,2024-03-15,FFIV,Klein Peter S,,0001048695-24-000033,2024-03-13,M,1770,0.0,13024,D,,,,,,
1048695,2024-03-15,FFIV,Erwin Tami A.,,0001048695-24-000043,2024-03-12,G,5,0.0,5,D,,,,,,
1048695,2024-03-15,FFIV,Erwin Tami A.,,0001048695-24-000043,2024-03-13,M,599,0.0,604,D,,,,,,
1048695,2024-03-15,FFIV,Dreyer Michael L,,0001048695-24-000028,2024-03-13,M,1770,0.0,7117,D,,,,,,
1048695,2024-03-15,FFIV,MEHTA NIKHIL RAMESH,,0001048695-24-000035,2024-03-13,M,1770,0.0,8800,D,,,,,,
1048695,2024-03-15,FFIV,Buse Elizabeth,,0001048695-24-000026,2024-03-13,M,1770,0.0,5204,D,,,,,,
1048695,2024-03-15,FFIV,Budnik Marianne,,0001048695-24-000024,2024-03-13,M,1770,0.0,2498,D,,,,,,
1048695,2024-03-15,FFIV,MONTOYA MICHAEL F,,0001048695-24-000037,2024-03-13,M,1770,0.0,4252,D,,,,,,
1048695,2024-03-15,FFIV,Combes Michel,,0001048695-24-000039,2024-03-13,M,741,0.0,3562,D,,,,,,
1048695,2024-03-15,FFIV,Shivananda Sripada,,0001048695-24-000041,2024-03-13,M,1770,0.0,6172,D,,,,,,
1048695,2024-03-22,FFIV,Pelzer Francis J.,,0001048695-24-000049,2024-03-20,S,500,189.12,31790,D,,,,,,
1048695,2024-04-05,FFIV,Locoh-Donou Francois,,0001048695-24-000055,2024-04-03,S,1450,188.85,121801,D,,,,,,
1048695,2024-04-24,FFIV,Pelzer Francis J.,,0001048695-24-000057,2024-04-22,S,500,178.81,31290,D,,,,,,
1048695,2024-05-02,FFIV,Locoh-Donou Francois,,0001048695-24-000064,2024-05-01,F,2599,0.0,125812,D,,,,,,
1048695,2024-05-02,FFIV,FOUNTAIN THOMAS DEAN,,0001048695-24-000062,2024-05-01,F,1382,0.0,16355,D,,,,,,
1048695,2024-05-02,FFIV,FOUNTAIN THOMAS DEAN,,0001048695-24-000062,2024-05-02,S,851,167.53,15504,D,,,,,,
1048695,2024-05-02,FFIV,Rogers Scot Frazier,,0001048695-24-000068,2024-05-01,F,789,0.0,22808,D,,,,,,
1048695,2024-05-02,FFIV,Pelzer Francis J.,,0001048695-24-000066,2024-05-01,F,852,0.0,32608,D,,,,,,
1048695,2024-05-02,FFIV,FOUNTAIN THOMAS DEAN,,0001048695-24-000062,2024-05-01,M,678,0.0,15686,D,,,,,,
1048695,2024-05-02,FFIV,SPRAGUE KARA LYNN,,0001048695-24-000070,2024-05-01,M,639,0.0,58285,D,,,,,,
1048695,2024-05-02,FFIV,WHALEN CHAD MICHAEL,,0001048695-24-000072,2024-05-01,F,992,0.0,25700,D,,,,,,
1048695,2024-05-02,FFIV,WHALEN CHAD MICHAEL,,0001048695-24-000072,2024-05-01,M,639,0.0,24807,D,,,,,,
1048695,2024-05-02,FFIV,Locoh-Donou Francois,,0001048695-24-000064,2024-05-01,M,1550,0.0,123351,D,,,,,,
1048695,2024-05-02,FFIV,SPRAGUE KARA LYNN,,0001048695-24-000070,2024-05-01,F,1092,0.0,59331,D,,,,,,
1048695,2024-05-02,FFIV,Pelzer Francis J.,,0001048695-24-000066,2024-05-01,M,484,0.0,31774,D,,,,,,
1048695,2024-05-02,FFIV,Rogers Scot Frazier,,0001048695-24-000068,2024-05-01,M,465,0.0,22052,D,,,,,,
1048695,2024-05-02,FFIV,SPRAGUE KARA LYNN,,0001048695-24-000070,2024-04-30,J,156,129.132,57646,D,,,,,,
1048695,2024-05-07,FFIV,Locoh-Donou Francois,,0001048695-24-000081,2024-05-03,S,1450,168.11,124362,D,,,,,,
1048695,2024-05-22,FFIV,Pelzer Francis J.,,0001048695-24-000083,2024-05-20,S,500,173.74,32108,D,,,,,,
1048695,2024-05-28,FFIV,Erwin Tami A.,,0001048695-24-000085,2024-05-24,G,5,0.0,599,D,,,,,,
1048695,2024-06-03,FFIV,Dreyer Michael L,,0001048695-24-000090,2024-05-30,S,2250,167.9254,4867,D,,,,,,
1048695,2024-06-06,FFIV,Locoh-Donou Francois,,0001048695-24-000092,2024-06-03,S,1450,169.55,122912,D,,,,,,
1048695,2024-06-06,FFIV,Rogers Scot Frazier,,0001048695-24-000094,2024-06-05,S,3315,168.46,19493,D,,,,,,
1048695,2024-06-21,FFIV,Pelzer Francis J.,,0001048695-24-000098,2024-06-20,S,500,170.0,31608,D,,,,,,
1048695,2024-07-03,FFIV,Locoh-Donou Francois,,0001048695-24-000100,2024-07-03,S,1450,171.95,121462,D,,,,,,
1048695,2024-07-23,FFIV,Pelzer Francis J.,,0001048695-24-000102,2024-07-22,S,500,176.2,31108,D,,,,,,
1048695,2024-07-31,FFIV,Pelzer Francis J.,,0001048695-24-000109,2024-07-30,S,800,200.0,30308,D,,,,,,
1048695,2024-07-31,FFIV,Rogers Scot Frazier,,0001048695-24-000111,2024-07-30,S,947,199.64,18546,D,,,,,,
1048695,2024-08-05,FFIV,SPRAGUE KARA LYNN,,0001048695-24-000121,2024-08-01,F,1091,0.0,61016,D,,,,,,
1048695,2024-08-05,FFIV,Rogers Scot Frazier,,0001048695-24-000119,2024-08-01,M,465,0.0,18538,D,,,,,,
1048695,2024-08-05,FFIV,Rogers Scot Frazier,,0001048695-24-000119,2024-08-01,F,790,0.0,19294,D,,,,,,
1048695,2024-08-05,FFIV,Pelzer Francis J.,,0001048695-24-000117,2024-08-01,M,484,0.0,30792,D,,,,,,
1048695,2024-08-05,FFIV,SPRAGUE KARA LYNN,,0001048695-24-000121,2024-08-01,M,639,0.0,59970,D,,,,,,
1048695,2024-08-05,FFIV,FOUNTAIN THOMAS DEAN,,0001048695-24-000113,2024-08-01,F,1382,0.0,16851,D,,,,,,
1048695,2024-08-05,FFIV,FOUNTAIN THOMAS DEAN,,0001048695-24-000113,2024-08-02,S,851,192.71,16000,D,,,,,,
1048695,2024-08-05,FFIV,FOUNTAIN THOMAS DEAN,,0001048695-24-000113,2024-08-01,M,678,0.0,16182,D,,,,,,
1048695,2024-08-05,FFIV,WHALEN CHAD MICHAEL,,0001048695-24-000123,2024-08-01,F,991,0.0,27231,D,,,,,,
1048695,2024-08-05,FFIV,Pelzer Francis J.,,0001048695-24-000117,2024-08-01,F,852,0.0,31625,D,,,,,,
1048695,2024-08-05,FFIV,Locoh-Donou Francois,,0001048695-24-000115,2024-08-01,M,1549,0.0,123011,D,,,,,,
1048695,2024-08-05,FFIV,Locoh-Donou Francois,,0001048695-24-000115,2024-08-01,F,2599,0.0,125472,D,,,,,,
1048695,2024-08-05,FFIV,WHALEN CHAD MICHAEL,,0001048695-24-000123,2024-08-01,M,639,0.0,26339,D,,,,,,
1048695,2024-08-06,FFIV,Locoh-Donou Francois,,0001048695-24-000127,2024-08-05,S,1450,188.35,124022,D,,,,,,
1048695,2024-08-21,FFIV,Pelzer Francis J.,,0001048695-24-000129,2024-08-20,S,500,196.73,31125,D,,,,,,
1048695,2024-08-23,FFIV,WHALEN CHAD MICHAEL,,0001048695-24-000131,2024-08-22,S,3674,198.6,23557,D,,,,,,
1048695,2024-08-27,FFIV,Pelzer Francis J.,,0001048695-24-000133,2024-08-26,S,100,200.0,31025,D,,,,,,
1048695,2024-09-03,FFIV,Locoh-Donou Francois,,0001048695-24-000138,2024-09-03,S,1450,202.0,122572,D,,,,,,
1048695,2024-09-06,FFIV,Klein Peter S,,0001048695-24-000140,2024-09-05,G,1000,0.0,12024,D,,,,,,
1048695,2024-09-10,FFIV,HIGGINSON ALAN,,0001048695-24-000142,2024-09-09,S,1000,201.65,10707,D,,,,,,
1048695,2024-09-24,FFIV,Pelzer Francis J.,,0001048695-24-000144,2024-09-20,S,600,217.5,30425,D,,,,,,
1048695,2024-10-04,FFIV,Locoh-Donou Francois,,0001048695-24-000146,2024-10-03,S,1450,218.26,121122,D,,,,,,
1048695,2024-10-22,FFIV,Pelzer Francis J.,,0001048695-24-000151,2024-10-21,S,600,217.67,29825,D,,,,,,
1048695,2024-11-01,FFIV,Rogers Scot Frazier,,0001048695-24-000166,2024-10-31,A,10439,0.0,29733,D,,,,,,
1048695,2024-11-01,FFIV,SPRAGUE KARA LYNN,,0001048695-24-000161,2024-10-31,J,7,141.627,75419,D,,,,,,
1048695,2024-11-01,FFIV,WHALEN CHAD MICHAEL,,0001048695-24-000165,2024-10-31,A,15687,0.0,37425,D,,,,,,
1048695,2024-11-01,FFIV,Pelzer Francis J.,,0001048695-24-000162,2024-10-31,A,11291,0.0,41116,D,,,,,,
1048695,2024-11-01,FFIV,SPRAGUE KARA LYNN,,0001048695-24-000161,2024-10-31,A,14396,0.0,75412,D,,,,,,
1048695,2024-11-01,FFIV,FOUNTAIN THOMAS DEAN,,0001048695-24-000163,2024-10-31,A,14122,0.0,30122,D,,,,,,
1048695,2024-11-01,FFIV,Locoh-Donou Francois,,0001048695-24-000164,2024-10-31,A,51398,0.0,172520,D,,,,,,
1048695,2024-11-05,FFIV,Pelzer Francis J.,,0001048695-24-000176,2024-11-01,M,2169,0.0,43285,D,,,,,,
1048695,2024-11-05,FFIV,Locoh-Donou Francois,,0001048695-24-000175,2024-11-01,F,22819,223.88,156311,D,,,,,,
1048695,2024-11-05,FFIV,FOUNTAIN THOMAS DEAN,,0001048695-24-000171,2024-11-01,F,8534,233.88,24318,D,,,,,,
1048695,2024-11-05,FFIV,FOUNTAIN THOMAS DEAN,,0001048695-24-000171,2024-11-01,M,2730,0.0,32852,D,,,,,,
1048695,2024-11-05,FFIV,Pelzer Francis J.,,0001048695-24-000176,2024-11-01,F,5290,233.88,37995,D,,,,,,
1048695,2024-11-05,FFIV,Locoh-Donou Francois,,0001048695-24-000175,2024-11-01,M,6610,0.0,179130,D,,,,,,
1048695,2024-11-05,FFIV,SPRAGUE KARA LYNN,,0001048695-24-000178,2024-11-01,F,6754,233.88,71444,D,,,,,,
1048695,2024-11-05,FFIV,Rogers Scot Frazier,,0001048695-24-000177,2024-11-01,M,2009,0.0,31742,D,,,,,,
1048695,2024-11-05,FFIV,WHALEN CHAD MICHAEL,,0001048695-24-000179,2024-11-01,F,6114,233.88,33835,D,,,,,,
1048695,2024-11-05,FFIV,WHALEN CHAD MICHAEL,,0001048695-24-000179,2024-11-01,M,2524,0.0,39949,D,,,,,,
1048695,2024-11-05,FFIV,SPRAGUE KARA LYNN,,0001048695-24-000178,2024-11-01,M,2779,0.0,78198,D,,,,,,
1048695,2024-11-05,FFIV,Rogers Scot Frazier,,0001048695-24-000177,2024-11-01,F,4893,233.88,26849,D,,,,,,
1048695,2024-11-06,FFIV,Rogers Scot Frazier,,0001048695-24-000181,2024-11-04,S,1076,230.41,25773,D,,,,,,
1048695,2024-11-06,FFIV,FOUNTAIN THOMAS DEAN,,0001048695-24-000180,2024-11-04,S,540,229.98,23778,D,,,,,,
1048695,2024-11-06,FFIV,WHALEN CHAD MICHAEL,,0001048695-24-000183,2024-11-04,S,558,230.13,33277,D,,,,,,
1048695,2024-11-06,FFIV,Locoh-Donou Francois,,0001048695-24-000182,2024-11-04,S,350,230.44,155961,D,,,,,,
1048695,2024-11-21,FFIV,HIGGINSON ALAN,,0001048695-24-000189,2024-11-19,S,825,239.77,9882,D,,,,,,
1048695,2024-12-04,FFIV,Locoh-Donou Francois,,0001048695-24-000194,2024-12-03,S,1450,251.18,153411,D,,,,,,
1048695,2025-01-31,FFIV,Budnik Marianne,,0001048695-25-000004,2025-01-30,S,728,304.45,1770,D,,,,,,
1048695,2025-02-04,FFIV,Locoh-Donou Francois,,0001048695-25-000015,2025-02-01,M,7173,0.0,160584,D,,,,,,
1048695,2025-02-04,FFIV,Rogers Scot Frazier,,0001048695-25-000014,2025-02-01,F,846,297.26,23561,D,,,,,,
1048695,2025-02-04,FFIV,SCHRAMM LYRA AMBER,,0001048695-25-000013,2025-02-01,M,453,0.0,453,D,,,,,,
1048695,2025-02-04,FFIV,SCHRAMM LYRA AMBER,,0001048695-25-000013,2025-02-01,S,253,297.26,200,D,,,,,,
1048695,2025-02-04,FFIV,Rogers Scot Frazier,,0001048695-25-000014,2025-02-01,M,2093,0.0,24407,D,,,,,,
1048695,2025-02-04,FFIV,ANAND KUNAL,,0001048695-25-000016,2025-02-01,M,622,0.0,622,D,,,,,,
1048695,2025-02-04,FFIV,Locoh-Donou Francois,,0001048695-25-000015,2025-02-01,F,2837,297.26,157747,D,,,,,,
1048695,2025-02-04,FFIV,ANAND KUNAL,,0001048695-25-000016,2025-02-01,F,267,297.26,355,D,,,,,,
1048695,2025-02-04,FFIV,FOUNTAIN THOMAS DEAN,,0001048695-25-000019,2025-02-01,F,1545,297.26,21842,D,,,,,,
1048695,2025-02-04,FFIV,WHALEN CHAD MICHAEL,,0001048695-25-000020,2025-02-03,S,759,288.11,30598,D,,,,,,
1048695,2025-02-04,FFIV,FOUNTAIN THOMAS DEAN,,0001048695-25-000019,2025-02-03,S,1314,293.4,20528,D,,,,,,
1048695,2025-02-04,FFIV,Werner Edward Cooper,,0001048695-25-000017,2025-02-01,M,782,0.0,3383,D,,,,,,
1048695,2025-02-04,FFIV,WHALEN CHAD MICHAEL,,0001048695-25-000020,2025-02-01,F,3046,297.26,31357,D,,,,,,
1048695,2025-02-04,FFIV,FOUNTAIN THOMAS DEAN,,0001048695-25-000019,2025-02-01,M,3001,0.0,23387,D,,,,,,
1048695,2025-02-04,FFIV,WHALEN CHAD MICHAEL,,0001048695-25-000020,2025-02-01,M,5029,0.0,34403,D,,,,,,
1048695,2025-02-04,FFIV,Werner Edward Cooper,,0001048695-25-000017,2025-02-01,F,330,297.26,3053,D,,,,,,
1048695,2025-02-13,FFIV,Locoh-Donou Francois,,0001048695-25-000028,2025-02-12,S,1031,302.07,156716,D,,,,,,
1048695,2025-02-27,FFIV,Rogers Scot Frazier,,0001048695-25-000030,2025-02-26,S,3486,293.18,20075,D,,,,,,
1048695,2025-03-04,FFIV,Locoh-Donou Francois,,0001048695-25-000032,2025-03-03,S,1300,295.46,149947,D,,,,,,
1048695,2025-03-14,FFIV,Klein Peter S,,0001048695-25-000055,2025-03-12,M,1309,0.0,13333,D,,,,,,
1048695,2025-03-14,FFIV,Gonzalez Julie Marie,,0001048695-25-000060,2025-03-12,M,480,0.0,480,D,,,,,,
1048695,2025-03-14,FFIV,HIGGINSON ALAN,,0001048695-25-000057,2025-03-12,M,1309,0.0,11191,D,,,,,,
1048695,2025-03-14,FFIV,Dreyer Michael L,,0001048695-25-000058,2025-03-12,M,1309,0.0,6176,D,,,,,,
1048695,2025-03-14,FFIV,MONTOYA MICHAEL F,,0001048695-25-000059,2025-03-12,M,1309,0.0,5561,D,,,,,,
1048695,2025-03-14,FFIV,MEHTA NIKHIL RAMESH,,0001048695-25-000056,2025-03-12,M,1309,0.0,10109,D,,,,,,
1048695,2025-03-14,FFIV,Budnik Marianne,,0001048695-25-000061,2025-03-14,S,663,260.2032,2416,D,,,,,,
1048695,2025-03-14,FFIV,Combes Michel,,0001048695-25-000065,2025-03-12,M,1309,0.0,4871,D,,,,,,
1048695,2025-03-14,FFIV,Budnik Marianne,,0001048695-25-000061,2025-03-12,M,1309,0.0,3079,D,,,,,,
1048695,2025-03-14,FFIV,Buse Elizabeth,,0001048695-25-000062,2025-03-12,M,1309,0.0,6513,D,,,,,,
1048695,2025-03-14,FFIV,McReynolds Maya,,0001048695-25-000063,2025-03-12,M,480,0.0,480,D,,,,,,
1048695,2025-03-14,FFIV,Erwin Tami A.,,0001048695-25-000064,2025-03-12,M,1309,0.0,1908,D,,,,,,
1048695,2025-04-02,FFIV,Locoh-Donou Francois,,0001048695-25-000072,2025-04-01,S,1300,265.37,148647,D,,,,,,
1048695,2025-05-05,FFIV,FOUNTAIN THOMAS DEAN,,0001048695-25-000087,2025-05-02,S,1347,269.03,20660,D,,,,,,
1048695,2025-05-05,FFIV,SCHRAMM LYRA AMBER,,0001048695-25-000086,2025-05-01,F,2363,264.74,2491,D,,,,,,
1048695,2025-05-05,FFIV,SCHRAMM LYRA AMBER,,0001048695-25-000086,2025-05-01,M,4654,0.0,4854,D,,,,,,
1048695,2025-05-05,FFIV,Werner Edward Cooper,,0001048695-25-000088,2025-05-01,M,782,0.0,3942,D,,,,,,
1048695,2025-05-05,FFIV,Werner Edward Cooper,,0001048695-25-000088,2025-05-01,F,307,264.74,3635,D,,,,,,
1048695,2025-05-05,FFIV,Locoh-Donou Francois,,0001048695-25-000084,2025-05-01,F,2822,264.74,153000,D,,,,,,
1048695,2025-05-05,FFIV,FOUNTAIN THOMAS DEAN,,0001048695-25-000087,2025-05-01,F,1523,264.74,22007,D,,,,,,
1048695,2025-05-05,FFIV,OKEKE ANGELIQUE M,,0001048695-25-000085,2025-05-01,F,634,264.74,1196,D,,,,,,
1048695,2025-05-05,FFIV,ANAND KUNAL,,0001048695-25-000089,2025-05-01,M,9626,0.0,10088,D,,,,,,
1048695,2025-05-05,FFIV,WHALEN CHAD MICHAEL,,0001048695-25-000083,2025-05-01,M,2601,0.0,29865,D,,,,,,
1048695,2025-05-05,FFIV,ANAND KUNAL,,0001048695-25-000089,2025-05-01,F,3787,264.74,6301,D,,,,,,
1048695,2025-05-05,FFIV,FOUNTAIN THOMAS DEAN,,0001048695-25-000087,2025-05-01,M,3002,0.0,23530,D,,,,,,
1048695,2025-05-05,FFIV,Locoh-Donou Francois,,0001048695-25-000084,2025-05-01,M,7175,0.0,155822,D,,,,,,
1048695,2025-05-05,FFIV,Locoh-Donou Francois,,0001048695-25-000084,2025-05-01,S,1300,264.54,151700,D,,,,,,
1048695,2025-05-05,FFIV,WHALEN CHAD MICHAEL,,0001048695-25-000083,2025-05-02,S,1532,269.03,27310,D,,,,,,
1048695,2025-05-05,FFIV,WHALEN CHAD MICHAEL,,0001048695-25-000083,2025-05-01,F,1023,264.74,28842,D,,,,,,
1048695,2025-05-05,FFIV,OKEKE ANGELIQUE M,,0001048695-25-000085,2025-05-01,M,1613,0.0,1830,D,,,,,,
1048695,2025-05-23,FFIV,HIGGINSON ALAN,,0001048695-25-000093,2025-05-22,S,1272,286.6871,9919,D,,,,,,
1048695,2025-05-28,FFIV,Dreyer Michael L,,0001048695-25-000098,2025-05-27,S,1800,285.9567,4376,D,,,,,,
1048695,2025-06-03,FFIV,Locoh-Donou Francois,,0001048695-25-000103,2025-06-02,S,1300,283.99,150400,D,,,,,,
1048695,2025-06-13,FFIV,Buse Elizabeth,,0001048695-25-000105,2025-06-11,S,1500,293.5341,5013,D,,,,,,
1048695,2025-06-16,FFIV,Locoh-Donou Francois,,0001048695-25-000108,2025-06-12,G,42000,0.0,108400,D,,,,,,
1048695,2025-07-03,FFIV,Locoh-Donou Francois,,0001048695-25-000110,2025-07-01,S,1300,294.32,107100,D,,,,,,
1048695,2025-08-04,FFIV,OKEKE ANGELIQUE M,,0001048695-25-000121,2025-08-01,F,191,313.42,1493,D,,,,,,
1048695,2025-08-04,FFIV,OKEKE ANGELIQUE M,,0001048695-25-000121,2025-08-01,M,488,0.0,1684,D,,,,,,
1048695,2025-08-04,FFIV,WHALEN CHAD MICHAEL,,0001048695-25-000127,2025-08-01,M,2601,0.0,29911,D,,,,,,
1048695,2025-08-04,FFIV,FOUNTAIN THOMAS DEAN,,0001048695-25-000117,2025-08-01,F,1615,313.42,22046,D,,,,,,
1048695,2025-08-04,FFIV,FOUNTAIN THOMAS DEAN,,0001048695-25-000117,2025-08-01,M,3001,0.0,23661,D,,,,,,
1048695,2025-08-04,FFIV,Locoh-Donou Francois,,0001048695-25-000119,2025-08-01,S,1300,308.14,110153,D,,,,,,
1048695,2025-08-04,FFIV,WHALEN CHAD MICHAEL,,0001048695-25-000127,2025-08-01,F,1023,313.42,28888,D,,,,,,
1048695,2025-08-04,FFIV,ANAND KUNAL,,0001048695-25-000115,2025-08-01,M,623,0.0,6924,D,,,,,,
1048695,2025-08-04,FFIV,ANAND KUNAL,,0001048695-25-000115,2025-08-01,F,245,313.42,6679,D,,,,,,
1048695,2025-08-04,FFIV,Locoh-Donou Francois,,0001048695-25-000119,2025-08-01,M,7174,0.0,114274,D,,,,,,
1048695,2025-08-04,FFIV,SCHRAMM LYRA AMBER,,0001048695-25-000123,2025-08-01,F,243,313.42,2701,D,,,,,,
1048695,2025-08-04,FFIV,SCHRAMM LYRA AMBER,,0001048695-25-000123,2025-08-01,M,453,0.0,2944,D,,,,,,
1048695,2025-08-04,FFIV,Locoh-Donou Francois,,0001048695-25-000119,2025-08-01,F,2821,313.42,111453,D,,,,,,
1048695,2025-08-04,FFIV,Werner Edward Cooper,,0001048695-25-000125,2025-08-01,F,307,313.42,4110,D,,,,,,
1048695,2025-08-04,FFIV,Werner Edward Cooper,,0001048695-25-000125,2025-08-01,M,782,0.0,4417,D,,,,,,
1048695,2025-08-06,FFIV,FOUNTAIN THOMAS DEAN,,0001048695-25-000131,2025-08-04,S,1347,309.73,20699,D,,,,,,
1048695,2025-08-12,FFIV,WHALEN CHAD MICHAEL,,0001048695-25-000133,2025-08-11,S,300,320.24,28588,D,,,,,,
1048695,2025-09-04,FFIV,Locoh-Donou Francois,,0001048695-25-000135,2025-09-02,S,1300,309.61,108853,D,,,,,,
1048695,2025-09-09,FFIV,SCHRAMM LYRA AMBER,,0001048695-25-000138,2025-09-08,S,2701,316.57,0,D,,,,,,
1048695,2025-10-03,FFIV,Locoh-Donou Francois,,0001526624-25-000005,2025-10-01,S,1300,320.61,107553,D,,,,,,
1048695,2025-11-04,FFIV,WHALEN CHAD MICHAEL,,0001746640-25-000007,2025-11-01,M,2602,0.0,42518,D,,,,,,
1048695,2025-11-04,FFIV,ANAND KUNAL,,0002016857-25-000007,2025-11-01,F,1242,253.05,8595,D,,,,,,
1048695,2025-11-04,FFIV,Locoh-Donou Francois,,0001526624-25-000009,2025-11-01,M,7174,0.0,182347,D,,,,,,
1048695,2025-11-04,FFIV,ANAND KUNAL,,0002016857-25-000005,2025-10-31,A,2535,0.0,9214,D,,,,,,
1048695,2025-11-04,FFIV,Werner Edward Cooper,,0002042647-25-000006,2025-10-31,A,1843,0.0,5953,D,,,,,,
1048695,2025-11-04,FFIV,FOUNTAIN THOMAS DEAN,,0001728330-25-000007,2025-11-03,S,1683,248.4421,29128,D,,,,,,
1048695,2025-11-04,FFIV,FOUNTAIN THOMAS DEAN,,0001728330-25-000007,2025-11-01,M,3003,0.0,42598,D,,,,,,
1048695,2025-11-04,FFIV,WHALEN CHAD MICHAEL,,0001746640-25-000005,2025-10-31,A,16325,0.0,39916,D,,,,,,
1048695,2025-11-04,FFIV,OKEKE ANGELIQUE M,,0002060650-25-000005,2025-11-01,F,191,253.05,1791,D,,,,,,
1048695,2025-11-04,FFIV,Locoh-Donou Francois,,0001526624-25-000009,2025-11-03,S,1300,252.98,151623,D,,,,,,
1048695,2025-11-04,FFIV,OKEKE ANGELIQUE M,,0002060650-25-000005,2025-11-01,M,489,0.0,1982,D,,,,,,
1048695,2025-11-04,FFIV,SCHRAMM LYRA AMBER,,0002015456-25-000007,2025-11-01,M,453,0.0,2296,D,,,,,,
1048695,2025-11-04,FFIV,FOUNTAIN THOMAS DEAN,,0001728330-25-000007,2025-11-01,F,11787,253.05,30811,D,,,,,,
1048695,2025-11-04,FFIV,FOUNTAIN THOMAS DEAN,,0001728330-25-000005,2025-10-31,A,18896,0.0,39595,D,,,,,,
1048695,2025-11-04,FFIV,SCHRAMM LYRA AMBER,,0002015456-25-000005,2025-10-31,A,1843,0.0,1843,D,,,,,,
1048695,2025-11-04,FFIV,Werner Edward Cooper,,0002042647-25-000008,2025-11-01,F,1031,253.05,5705,D,,,,,,
1048695,2025-11-04,FFIV,Locoh-Donou Francois,,0001526624-25-000007,2025-10-31,A,67620,0.0,175173,D,,,,,,
1048695,2025-11-04,FFIV,Werner Edward Cooper,,0002042647-25-000008,2025-11-01,M,783,0.0,6736,D,,,,,,
1048695,2025-11-04,FFIV,WHALEN CHAD MICHAEL,,0001746640-25-000007,2025-11-03,S,2183,248.511,32894,D,,,,,,
1048695,2025-11-04,FFIV,SCHRAMM LYRA AMBER,,0002015456-25-000007,2025-11-01,F,1234,253.05,1062,D,,,,,,
1048695,2025-11-04,FFIV,WHALEN CHAD MICHAEL,,0001746640-25-000007,2025-11-01,F,7441,253.05,35077,D,,,,,,
1048695,2025-11-04,FFIV,Locoh-Donou Francois,,0001526624-25-000009,2025-11-01,F,29424,253.05,152923,D,,,,,,
1048695,2025-11-04,FFIV,ANAND KUNAL,,0002016857-25-000007,2025-11-01,M,623,0.0,9837,D,,,,,,
1048695,2025-11-05,FFIV,SCHRAMM LYRA AMBER,,0002015456-25-000009,2025-11-04,S,1062,246.97,0,D,,,,,,
1048695,2025-11-19,FFIV,FOUNTAIN THOMAS DEAN,,0001728330-25-000012,2025-11-18,S,1110,227.44,21383,D,,,,,,
1048695,2025-11-25,FFIV,FOUNTAIN THOMAS DEAN,,0001728330-25-000014,2025-11-24,S,1110,234.915,20273,D,,,,,,
1048695,2025-12-03,FFIV,Locoh-Donou Francois,,0001526624-25-000013,2025-12-01,S,1300,236.99,150323,D,,,,,,
1048695,2025-12-03,FFIV,FOUNTAIN THOMAS DEAN,,0001728330-25-000016,2025-12-01,S,1110,236.99,19163,D,,,,,,
1048695,2025-12-04,FFIV,HIGGINSON ALAN,,0001186030-25-000006,2025-12-03,S,1309,237.11,8610,D,,,,,,
1048695,2025-12-10,FFIV,FOUNTAIN THOMAS DEAN,,0001728330-25-000018,2025-12-08,S,1110,248.66,18053,D,,,,,,
1048695,2025-12-17,FFIV,FOUNTAIN THOMAS DEAN,,0001728330-25-000020,2025-12-15,S,1110,264.76,16943,D,,,,,,
1048695,2025-12-23,FFIV,FOUNTAIN THOMAS DEAN,,0001728330-25-000022,2025-12-22,S,1110,257.9,15833,D,,,,,,
1048695,2025-12-30,FFIV,FOUNTAIN THOMAS DEAN,,0001048695-25-000159,2025-12-29,S,1100,262.86,14733,D,,,,,,
1048695,2026-01-07,FFIV,FOUNTAIN THOMAS DEAN,,0001728330-26-000002,2026-01-05,S,1110,263.79,13623,D,,,,,,
1048695,2026-01-14,FFIV,FOUNTAIN THOMAS DEAN,,0001728330-26-000004,2026-01-12,S,1110,265.0,12513,D,,,,,,
1048695,2026-01-22,FFIV,FOUNTAIN THOMAS DEAN,,0001628280-26-003141,2026-01-20,S,1110,262.73,11403,D,,,,,,
1048695,2026-01-28,FFIV,FOUNTAIN THOMAS DEAN,,0001048695-26-000020,2026-01-26,S,3343,261.87,8060,D,,,,,,
1048695,2026-02-03,FFIV,Maddison John Anthony,,0002046054-26-000002,2026-02-01,F,4125,275.61,3925,D,,,,,,
1048695,2026-02-03,FFIV,Locoh-Donou Francois,,0001526624-26-000002,2026-02-01,F,2479,275.61,154078,D,,,,,,
1048695,2026-02-03,FFIV,WHALEN CHAD MICHAEL,,0001746640-26-000002,2026-02-01,M,2317,0.0,27958,D,,,,,,
1048695,2026-02-03,FFIV,ANAND KUNAL,,0002016857-26-000002,2026-02-01,F,537,275.61,9348,D,,,,,,
1048695,2026-02-03,FFIV,FOUNTAIN THOMAS DEAN,,0001728330-26-000006,2026-02-01,F,1402,275.61,9357,D,,,,,,
1048695,2026-02-03,FFIV,WHALEN CHAD MICHAEL,,0001746640-26-000002,2026-02-01,F,941,275.61,27017,D,,,,,,
1048695,2026-02-03,FFIV,ANAND KUNAL,,0002016857-26-000002,2026-02-01,M,1290,0.0,9885,D,,,,,,
1048695,2026-02-03,FFIV,Locoh-Donou Francois,,0001526624-26-000002,2026-02-01,M,6234,0.0,156557,D,,,,,,
1048695,2026-02-03,FFIV,FOUNTAIN THOMAS DEAN,,0001728330-26-000006,2026-02-01,M,2699,0.0,10759,D,,,,,,
1048695,2026-02-03,FFIV,MONTOYA MICHAEL F,,0001869466-26-000004,2026-02-01,F,870,275.61,2575,D,,,,,,
1048695,2026-02-03,FFIV,Werner Edward Cooper,,0002042647-26-000002,2026-02-01,F,418,275.61,6274,D,,,,,,
1048695,2026-02-03,FFIV,Werner Edward Cooper,,0002042647-26-000002,2026-02-01,M,987,0.0,6692,D,,,,,,
1048695,2026-02-03,FFIV,OKEKE ANGELIQUE M,,0002060650-26-000002,2026-02-01,F,352,275.61,2260,D,,,,,,
1048695,2026-02-03,FFIV,SCHRAMM LYRA AMBER,,0002015456-26-000002,2026-02-01,M,826,0.0,826,D,,,,,,
1048695,2026-02-03,FFIV,SCHRAMM LYRA AMBER,,0002015456-26-000002,2026-02-01,F,450,275.61,376,D,,,,,,
1048695,2026-02-03,FFIV,OKEKE ANGELIQUE M,,0002060650-26-000002,2026-02-01,M,821,0.0,2612,D,,,,,,
1048695,2026-02-03,FFIV,Maddison John Anthony,,0002046054-26-000002,2026-02-01,M,8050,0.0,8050,D,,,,,,
1048695,2026-02-03,FFIV,MONTOYA MICHAEL F,,0001869466-26-000004,2026-02-01,M,2136,0.0,3445,D,,,,,,
1048695,2026-02-05,FFIV,SCHRAMM LYRA AMBER,,0002015456-26-000004,2026-02-03,S,199,281.37,177,D,,,,,,
1048695,2026-02-11,FFIV,FOUNTAIN THOMAS DEAN,,0001728330-26-000008,2026-02-10,S,1297,278.32,8060,D,,,,,,
1048695,2026-02-11,FFIV,ANAND KUNAL,,0002016857-26-000004,2026-02-10,S,377,278.32,8971,D,,,,,,
1048695,2026-02-11,FFIV,OKEKE ANGELIQUE M,,0002060650-26-000004,2026-02-10,S,386,278.32,1874,D,,,,,,
1048695,2026-02-11,FFIV,Maddison John Anthony,,0002046054-26-000004,2026-02-10,S,1000,280.66,2925,D,,,,,,
1048695,2026-02-20,FFIV,HIGGINSON ALAN,,0001186030-26-000002,2026-02-19,S,1770,275.25,6840,D,,,,,,
1048695,2026-02-23,FFIV,Dreyer Michael L,,0001560297-26-000002,2026-02-20,S,3067,282.4054,1309,D,,,,,,
1048695,2026-03-05,FFIV,Werner Edward Cooper,,0002042647-26-000004,2026-03-04,S,40,278.21,6234,D,,,,,,
1048695,2026-03-05,FFIV,Locoh-Donou Francois,,0001526624-26-000004,2026-03-04,S,120,278.12,153958,D,,,,,,
1048695,2026-03-09,FFIV,WHALEN CHAD MICHAEL,,0001048695-26-000030,2026-03-06,S,688,277.05,26329,D,,,,,,
1048695,2026-03-13,FFIV,Buse Elizabeth,,0001428425-26-000002,2026-03-11,M,934,0.0,5947,D,,,,,,
1048695,2026-03-13,FFIV,MEHTA NIKHIL RAMESH,,0001764727-26-000002,2026-03-11,M,934,0.0,11043,D,,,,,,
1048695,2026-03-13,FFIV,Gonzalez Julie Marie,,0002041629-26-000002,2026-03-11,M,934,0.0,1414,D,,,,,,
1048695,2026-03-13,FFIV,Dreyer Michael L,,0001560297-26-000004,2026-03-11,M,934,0.0,2243,D,,,,,,
1048695,2026-03-13,FFIV,HIGGINSON ALAN,,0001186030-26-000005,2026-03-11,M,934,0.0,7774,D,,,,,,
1048695,2026-03-13,FFIV,MONTOYA MICHAEL F,,0001869466-26-000006,2026-03-11,F,367,289.52,3142,D,,,,,,
1048695,2026-03-13,FFIV,Erwin Tami A.,,0001760658-26-000004,2026-03-11,M,934,0.0,2842,D,,,,,,
1048695,2026-03-13,FFIV,Combes Michel,,0001708849-26-000002,2026-03-11,M,934,0.0,5805,D,,,,,,
1048695,2026-03-13,FFIV,Budnik Marianne,,0001529294-26-000002,2026-03-11,M,934,0.0,2141,D,,,,,,
1048695,2026-03-13,FFIV,MONTOYA MICHAEL F,,0001869466-26-000006,2026-03-11,M,934,0.0,3509,D,,,,,,
1048695,2026-03-13,FFIV,McReynolds Maya,,0001681214-26-000002,2026-03-11,M,934,0.0,1414,D,,,,,,
1048695,2026-03-26,FFIV,Werner Edward Cooper,,0002042647-26-000006,2026-03-25,S,1000,300.0,4305,D,,,,,,
1048695,2026-03-26,FFIV,Locoh-Donou Francois,,0001526624-26-000006,2026-03-25,S,3334,300.0,146989,D,,,,,,
1048695,2026-05-04,FFIV,Eswaran Anand,,0001799676-26-000004,2026-05-01,A,916,0.0,916,D,derivative,Restricted Stock Unit,Common Stock,916.0,0.0,
1048695,2026-05-05,FFIV,OKEKE ANGELIQUE M,,0002060650-26-000006,2026-05-01,M,113,0.0,227,D,derivative,Restricted Stock Unit,Common Stock,113.0,0.0,
1048695,2026-05-05,FFIV,Maddison John Anthony,,0002046054-26-000006,2026-05-01,F,230,323.2,3149,D,non_derivative,Common Stock,,,,
1048695,2026-05-05,FFIV,Maddison John Anthony,,0002046054-26-000006,2026-05-01,M,454,0.0,3379,D,non_derivative,Common Stock,,,,
1048695,2026-05-05,FFIV,MONTOYA MICHAEL F,,0001869466-26-000008,2026-05-01,M,534,0.0,5342,D,derivative,Restricted Stock Unit,Common Stock,534.0,0.0,
1048695,2026-05-05,FFIV,Locoh-Donou Francois,,0001526624-26-000008,2026-05-01,M,2114,0.0,12683,D,derivative,Restricted Stock Unit,Common Stock,2114.0,0.0,
1048695,2026-05-05,FFIV,Werner Edward Cooper,,0002042647-26-000008,2026-05-01,M,453,0.0,2718,D,derivative,Restricted Stock Unit,Common Stock,453.0,0.0,
1048695,2026-05-05,FFIV,OKEKE ANGELIQUE M,,0002060650-26-000006,2026-05-01,F,697,323.2,2952,D,non_derivative,Common Stock,,,,
1048695,2026-05-05,FFIV,ANAND KUNAL,,0002016857-26-000006,2026-05-04,S,3123,322.33,12194,D,non_derivative,Common Stock,,,,
1048695,2026-05-05,FFIV,MONTOYA MICHAEL F,,0001869466-26-000008,2026-05-01,M,2137,0.0,5279,D,non_derivative,Common Stock,,,,
1048695,2026-05-05,FFIV,Locoh-Donou Francois,,0001526624-26-000008,2026-05-01,M,6234,0.0,153223,D,non_derivative,Common Stock,,,,
1048695,2026-05-05,FFIV,OKEKE ANGELIQUE M,,0002060650-26-000006,2026-05-04,S,842,322.33,2110,D,non_derivative,Common Stock,,,,
1048695,2026-05-05,FFIV,Werner Edward Cooper,,0002042647-26-000008,2026-05-04,S,599,322.33,4406,D,non_derivative,Common Stock,,,,
1048695,2026-05-05,FFIV,WHALEN CHAD MICHAEL,,0001746640-26-000004,2026-05-01,F,910,323.2,27736,D,,,,,,
1048695,2026-05-05,FFIV,Werner Edward Cooper,,0002042647-26-000008,2026-05-01,F,388,323.2,5005,D,non_derivative,Common Stock,,,,
1048695,2026-05-05,FFIV,FOUNTAIN THOMAS DEAN,,0001728330-26-000010,2026-05-01,M,2701,0.0,10761,D,non_derivative,Common Stock,,,,
1048695,2026-05-05,FFIV,Werner Edward Cooper,,0002042647-26-000008,2026-05-01,M,987,0.0,5393,D,non_derivative,Common Stock,,,,
1048695,2026-05-05,FFIV,ANAND KUNAL,,0002016857-26-000006,2026-05-01,M,623,0.0,3737,D,derivative,Restricted Stock Unit,Common Stock,623.0,0.0,
1048695,2026-05-05,FFIV,FOUNTAIN THOMAS DEAN,,0001728330-26-000010,2026-05-01,F,1373,323.2,9388,D,non_derivative,Common Stock,,,,
1048695,2026-05-05,FFIV,Maddison John Anthony,,0002046054-26-000006,2026-05-01,M,454,0.0,4541,D,derivative,Restricted Stock Unit,Common Stock,454.0,0.0,
1048695,2026-05-05,FFIV,ANAND KUNAL,,0002016857-26-000006,2026-05-01,M,10294,0.0,19366,D,non_derivative,Common Stock,,,,
1048695,2026-05-05,FFIV,Locoh-Donou Francois,,0001526624-26-000008,2026-05-01,F,2451,323.2,150772,D,non_derivative,Common Stock,,,,
1048695,2026-05-05,FFIV,MONTOYA MICHAEL F,,0001869466-26-000008,2026-05-01,F,840,323.2,4439,D,non_derivative,Common Stock,,,,
1048695,2026-05-05,FFIV,ANAND KUNAL,,0002016857-26-000006,2026-05-01,F,4049,323.2,15317,D,non_derivative,Common Stock,,,,
1048695,2026-05-05,FFIV,FOUNTAIN THOMAS DEAN,,0001728330-26-000010,2026-05-01,M,951,0.0,5703,D,derivative,Restricted Stock Unit,Common Stock,951.0,0.0,
1048695,2026-05-05,FFIV,OKEKE ANGELIQUE M,,0002060650-26-000006,2026-05-01,M,1775,0.0,3649,D,non_derivative,Common Stock,,,,
1048695,2026-05-05,FFIV,Locoh-Donou Francois,,0001526624-26-000008,2026-05-01,M,6234,0.0,153223,D,,,,,,
1048695,2026-05-05,FFIV,OKEKE ANGELIQUE M,,0002060650-26-000006,2026-05-04,S,842,322.33,2110,D,,,,,,
1048695,2026-05-05,FFIV,WHALEN CHAD MICHAEL,,0001746640-26-000004,2026-05-04,S,704,330.3006,27032,D,,,,,,
1048695,2026-05-05,FFIV,Werner Edward Cooper,,0002042647-26-000008,2026-05-01,M,987,0.0,5393,D,,,,,,
1048695,2026-05-05,FFIV,FOUNTAIN THOMAS DEAN,,0001728330-26-000010,2026-05-01,M,2701,0.0,10761,D,,,,,,
1048695,2026-05-05,FFIV,Maddison John Anthony,,0002046054-26-000006,2026-05-01,M,454,0.0,3379,D,,,,,,
1048695,2026-05-05,FFIV,WHALEN CHAD MICHAEL,,0001746640-26-000004,2026-05-04,S,704,330.3006,27032,D,non_derivative,Common Stock,,,,
1048695,2026-05-05,FFIV,WHALEN CHAD MICHAEL,,0001746640-26-000004,2026-05-01,M,2317,0.0,28646,D,,,,,,
1048695,2026-05-05,FFIV,Maddison John Anthony,,0002046054-26-000006,2026-05-01,F,230,323.2,3149,D,,,,,,
1048695,2026-05-05,FFIV,Werner Edward Cooper,,0002042647-26-000008,2026-05-01,F,388,323.2,5005,D,,,,,,
1048695,2026-05-05,FFIV,WHALEN CHAD MICHAEL,,0001746640-26-000004,2026-05-01,F,910,323.2,27736,D,non_derivative,Common Stock,,,,
1048695,2026-05-05,FFIV,Werner Edward Cooper,,0002042647-26-000008,2026-05-04,S,599,322.33,4406,D,,,,,,
1048695,2026-05-05,FFIV,MONTOYA MICHAEL F,,0001869466-26-000008,2026-05-01,F,840,323.2,4439,D,,,,,,
1048695,2026-05-05,FFIV,WHALEN CHAD MICHAEL,,0001746640-26-000004,2026-05-01,M,668,0.0,6678,D,derivative,Restricted Stock Unit,Common Stock,668.0,0.0,
1048695,2026-05-05,FFIV,OKEKE ANGELIQUE M,,0002060650-26-000006,2026-05-01,F,697,323.2,2952,D,,,,,,
1048695,2026-05-05,FFIV,WHALEN CHAD MICHAEL,,0001746640-26-000004,2026-05-01,M,2317,0.0,28646,D,non_derivative,Common Stock,,,,
1048695,2026-05-05,FFIV,MONTOYA MICHAEL F,,0001869466-26-000008,2026-05-01,M,2137,0.0,5279,D,,,,,,
1048695,2026-05-05,FFIV,Locoh-Donou Francois,,0001526624-26-000008,2026-05-01,F,2451,323.2,150772,D,,,,,,
1048695,2026-05-05,FFIV,ANAND KUNAL,,0002016857-26-000006,2026-05-04,S,3123,322.33,12194,D,,,,,,
1048695,2026-05-05,FFIV,Maddison John Anthony,,0002046054-26-000006,2026-05-04,S,1000,322.33,2149,D,non_derivative,Common Stock,,,,
1048695,2026-05-05,FFIV,ANAND KUNAL,,0002016857-26-000006,2026-05-01,M,10294,0.0,19366,D,,,,,,
1048695,2026-05-05,FFIV,ANAND KUNAL,,0002016857-26-000006,2026-05-01,F,4049,323.2,15317,D,,,,,,
1048695,2026-05-05,FFIV,Maddison John Anthony,,0002046054-26-000006,2026-05-04,S,1000,322.33,2149,D,,,,,,
1048695,2026-05-05,FFIV,FOUNTAIN THOMAS DEAN,,0001728330-26-000010,2026-05-01,F,1373,323.2,9388,D,,,,,,
1048695,2026-05-05,FFIV,OKEKE ANGELIQUE M,,0002060650-26-000006,2026-05-01,M,1775,0.0,3649,D,,,,,,
1048695,2026-05-07,FFIV,Locoh-Donou Francois,,0001526624-26-000010,2026-05-05,S,40,331.05,150732,D,non_derivative,Common Stock,,,,
1048695,2026-05-07,FFIV,FOUNTAIN THOMAS DEAN,,0001728330-26-000012,2026-05-05,S,1328,330.58,8060,D,non_derivative,Common Stock,,,,
1048695,2026-05-07,FFIV,FOUNTAIN THOMAS DEAN,,0001728330-26-000012,2026-05-05,S,1328,330.58,8060,D,,,,,,
1048695,2026-05-07,FFIV,Locoh-Donou Francois,,0001526624-26-000010,2026-05-05,S,40,331.05,150732,D,,,,,,
1048695,2026-05-12,FFIV,WHALEN CHAD MICHAEL,,0001746640-26-000006,2026-05-08,S,6200,350.1914,20832,D,non_derivative,Common Stock,,,,
1048695,2026-05-12,FFIV,WHALEN CHAD MICHAEL,,0001746640-26-000006,2026-05-08,S,6200,350.1914,20832,D,,,,,,
1048695,2026-05-12,FFIV,Werner Edward Cooper,,0002042647-26-000010,2026-05-08,S,1500,350.0,2906,D,,,,,,
1048695,2026-05-12,FFIV,Werner Edward Cooper,,0002042647-26-000010,2026-05-08,S,1500,350.0,2906,D,non_derivative,Common Stock,,,,
1048695,2026-06-03,FFIV,Werner Edward Cooper,,0002042647-26-000012,2026-06-02,S,2500,400.0,406,D,non_derivative,Common Stock,,,,
1048695,2026-06-12,FFIV,Buse Elizabeth,,0001428425-26-000004,2026-06-10,S,214,398.5275,5733,D,non_derivative,Common Stock,,,,
1048695,2026-07-02,FFIV,Munroe Gavin,,0002140520-26-000003,2026-07-01,A,700,0.0,700,D,derivative,Restricted Stock Unit,Common Stock,700.0,0.0,
1048695,2026-08-03,FFIV,MEHTA NIKHIL RAMESH,,0001764727-26-000008,2026-07-30,S,943,387.0666,10100,D,non_derivative,Common Stock,,,,
1048695,2026-08-04,FFIV,ANAND KUNAL,,0002016857-26-000008,2026-08-01,M,622,0.0,3115,D,derivative,Restricted Stock Unit,Common Stock,622.0,0.0,
1048695,2026-08-04,FFIV,MONTOYA MICHAEL F,,0001869466-26-000010,2026-08-01,F,840,402.57,5735,D,non_derivative,Common Stock,,,,
1048695,2026-08-04,FFIV,MONTOYA MICHAEL F,,0001869466-26-000010,2026-08-01,M,1602,0.0,8013,D,derivative,Restricted Stock Unit,Common Stock,1602.0,0.0,
1048695,2026-08-04,FFIV,Maddison John Anthony,,0002046054-26-000008,2026-08-01,M,454,0.0,2603,D,non_derivative,Common Stock,,,,
1048695,2026-08-04,FFIV,Maddison John Anthony,,0002046054-26-000008,2026-08-01,F,250,402.57,2353,D,non_derivative,Common Stock,,,,
1048695,2026-08-04,FFIV,Maddison John Anthony,,0002046054-26-000008,2026-08-03,S,1000,405.8528,1353,D,non_derivative,Common Stock,,,,
1048695,2026-08-04,FFIV,Maddison John Anthony,,0002046054-26-000008,2026-08-01,M,454,0.0,4087,D,derivative,Restricted Stock Unit,Common Stock,454.0,0.0,
1048695,2026-08-04,FFIV,Locoh-Donou Francois,,0001526624-26-000015,2026-08-01,M,6233,0.0,153222,D,non_derivative,Common Stock,,,,
1048695,2026-08-04,FFIV,FOUNTAIN THOMAS DEAN,,0001728330-26-000014,2026-08-01,M,950,0.0,4753,D,derivative,Restricted Stock Unit,Common Stock,950.0,0.0,
1048695,2026-08-04,FFIV,Locoh-Donou Francois,,0001526624-26-000015,2026-08-01,M,2113,0.0,10570,D,derivative,Restricted Stock Unit,Common Stock,2113.0,0.0,
1048695,2026-08-04,FFIV,FOUNTAIN THOMAS DEAN,,0001728330-26-000014,2026-08-01,M,2700,0.0,10760,D,non_derivative,Common Stock,,,,
1048695,2026-08-04,FFIV,FOUNTAIN THOMAS DEAN,,0001728330-26-000014,2026-08-01,F,1492,402.57,9268,D,non_derivative,Common Stock,,,,
1048695,2026-08-04,FFIV,ANAND KUNAL,,0002016857-26-000008,2026-08-01,M,1290,0.0,13484,D,non_derivative,Common Stock,,,,
1048695,2026-08-04,FFIV,ANAND KUNAL,,0002016857-26-000008,2026-08-01,F,506,402.57,12978,D,non_derivative,Common Stock,,,,
1048695,2026-08-04,FFIV,Locoh-Donou Francois,,0001526624-26-000015,2026-08-01,F,2451,402.57,150771,D,non_derivative,Common Stock,,,,
1048695,2026-08-04,FFIV,MONTOYA MICHAEL F,,0001869466-26-000010,2026-08-01,M,2136,0.0,6575,D,non_derivative,Common Stock,,,,
1048695,2026-08-04,FFIV,ANAND KUNAL,,0002016857-26-000008,2026-08-03,S,392,404.63,12586,D,non_derivative,Common Stock,,,,
1048695,2026-08-04,FFIV,OKEKE ANGELIQUE M,,0002060650-26-000008,2026-08-01,M,113,0.0,114,D,derivative,Restricted Stock Unit,Common Stock,113.0,0.0,
1048695,2026-08-04,FFIV,OKEKE ANGELIQUE M,,0002060650-26-000008,2026-08-03,S,515,404.4946,2240,D,non_derivative,Common Stock,,,,
1048695,2026-08-04,FFIV,OKEKE ANGELIQUE M,,0002060650-26-000008,2026-08-01,F,415,402.57,2755,D,non_derivative,Common Stock,,,,
1048695,2026-08-04,FFIV,OKEKE ANGELIQUE M,,0002060650-26-000008,2026-08-01,M,1060,0.0,3170,D,non_derivative,Common Stock,,,,
1048695,2026-08-04,FFIV,Werner Edward Cooper,,0002042647-26-000014,2026-08-01,M,453,0.0,2265,D,derivative,Restricted Stock Unit,Common Stock,453.0,0.0,
1048695,2026-08-04,FFIV,Werner Edward Cooper,,0002042647-26-000014,2026-08-03,S,599,405.92,406,D,non_derivative,Common Stock,,,,
1048695,2026-08-04,FFIV,WHALEN CHAD MICHAEL,,0001746640-26-000008,2026-08-01,F,911,402.57,22239,D,non_derivative,Common Stock,,,,
1048695,2026-08-04,FFIV,Werner Edward Cooper,,0002042647-26-000014,2026-08-01,M,987,0.0,1393,D,non_derivative,Common Stock,,,,
1048695,2026-08-04,FFIV,WHALEN CHAD MICHAEL,,0001746640-26-000008,2026-08-01,M,668,0.0,6010,D,derivative,Restricted Stock Unit,Common Stock,668.0,0.0,
1048695,2026-08-04,FFIV,WHALEN CHAD MICHAEL,,0001746640-26-000008,2026-08-03,S,703,404.86,21536,D,non_derivative,Common Stock,,,,
1048695,2026-08-04,FFIV,WHALEN CHAD MICHAEL,,0001746640-26-000008,2026-08-01,M,2318,0.0,23150,D,non_derivative,Common Stock,,,,
1048695,2026-08-04,FFIV,Peterman Catherine A,,0002145318-26-000004,2026-08-03,A,8618,0.0,8618,D,derivative,Restricted Stock Unit,Common Stock,8618.0,0.0,
1048695,2026-08-04,FFIV,Werner Edward Cooper,,0002042647-26-000014,2026-08-01,F,388,402.57,1005,D,non_derivative,Common Stock,,,,
1048695,2026-08-06,FFIV,FOUNTAIN THOMAS DEAN,,0001728330-26-000016,2026-08-05,S,1208,414.63,8060,D,non_derivative,Common Stock,,,,
1048695,2026-08-06,FFIV,Locoh-Donou Francois,,0001526624-26-000017,2026-08-05,S,200,409.68,150571,D,non_derivative,Common Stock,,,,
