cik,filingDate,issuerTradingSymbol,reportingOwnerName,reportingOwnerRelationship,accessionNumber,transactionDate,transactionCode,transactionShares,transactionPricePerShare,sharesOwnedFollowingTransaction,directOrIndirectOwnership,transactionType,securityTitle,underlyingSecurityTitle,underlyingSecurityShares,exercisePrice,expirationDate
40533,2018-09-18,GD,Kuryea Kimberly A,,0001209191-18-051371,2018-09-14,M,18850.0,71.01,53491.0,D,,,,,,
40533,2018-09-18,GD,Kuryea Kimberly A,,0001209191-18-051371,2018-09-14,F,12191.0,199.109,41300.0,D,,,,,,
40533,2018-09-18,GD,Johnson S. Daniel,,0001209191-18-051368,2018-09-14,M,32970.0,135.85,99333.0,D,,,,,,
40533,2018-09-18,GD,Johnson S. Daniel,,0001209191-18-051368,2018-09-14,S,32970.0,199.852,66363.0,D,,,,,,
40533,2018-09-20,GD,Wall Peter A,,0001209191-18-051765,2018-09-18,A,36.0,201.6,1333.0,D,,,,,,
40533,2018-09-20,GD,Schumacher Laura J,,0001209191-18-051763,2018-09-18,A,105.0,201.6,4367.0,D,,,,,,
40533,2018-09-20,GD,Reynolds Catherine B,,0001209191-18-051759,2018-09-18,A,105.0,201.6,1153.0,D,,,,,,
40533,2018-09-20,GD,Nye C Howard,,0001209191-18-051757,2018-09-18,A,105.0,201.6,408.0,D,,,,,,
40533,2018-09-20,GD,LYLES LESTER L,,0001209191-18-051754,2018-09-18,A,52.0,201.6,7815.0,D,,,,,,
40533,2018-09-20,GD,DE LEON RUDY F,,0001209191-18-051747,2018-09-18,A,52.0,201.6,2669.0,D,,,,,,
40533,2018-10-16,GD,CASEY JOHN PATRICK,,0001209191-18-055128,2018-10-15,M,22500.0,112.4,118555.0,D,,,,,,
40533,2018-10-16,GD,CASEY JOHN PATRICK,,0001209191-18-055128,2018-10-15,S,8100.0,192.93,110455.0,D,,,,,,
40533,2018-10-30,GD,Malcolm Mark,,0001209191-18-056485,2018-10-26,P,3000.0,169.8706,4455.0,D,,,,,,
40533,2018-11-02,GD,CROWN JAMES S,,0000913849-18-000389,2018-10-31,M,4580.0,71.01,82201.0,D,,,,,,
40533,2018-12-11,GD,Reynolds Catherine B,,0001209191-18-061929,2018-12-07,P,600.0,167.6419,600.0,I,,,,,,
40533,2018-12-19,GD,Wall Peter A,,0001209191-18-063504,2018-12-18,A,44.0,165.65,1377.0,D,,,,,,
40533,2018-12-19,GD,Schumacher Laura J,,0001209191-18-063486,2018-12-18,A,128.0,165.65,4495.0,D,,,,,,
40533,2018-12-19,GD,Reynolds Catherine B,,0001209191-18-063470,2018-12-18,A,128.0,165.65,1281.0,D,,,,,,
40533,2018-12-19,GD,Nye C Howard,,0001209191-18-063453,2018-12-18,A,128.0,165.65,536.0,D,,,,,,
40533,2018-12-19,GD,LYLES LESTER L,,0001209191-18-063450,2018-12-18,A,64.0,165.65,7879.0,D,,,,,,
40533,2018-12-19,GD,DE LEON RUDY F,,0001209191-18-063446,2018-12-18,A,64.0,165.65,2733.0,D,,,,,,
40533,2019-01-04,GD,Aiken Jason W,,0001209191-19-001844,2019-01-02,F,2259.0,155.64,65261.0,D,,,,,,
40533,2019-01-04,GD,Marzilli Christopher,,0001209191-19-001842,2019-01-02,F,849.0,155.64,63392.0,D,,,,,,
40533,2019-01-04,GD,Burns Mark Lagrand,,0001209191-19-001840,2019-01-02,F,644.0,155.64,30692.317,D,,,,,,
40533,2019-01-04,GD,Geiger Jeffrey S,,0001209191-19-001838,2019-01-02,F,779.0,155.64,49154.0,D,,,,,,
40533,2019-01-04,GD,Moss William A,,0001209191-19-001836,2019-01-02,F,285.0,155.64,3989.0,D,,,,,,
40533,2019-01-04,GD,Roualet Mark C.,,0001209191-19-001834,2019-01-02,F,2336.0,155.64,110902.0,D,,,,,,
40533,2019-01-04,GD,NOVAKOVIC PHEBE N,,0001209191-19-001831,2019-01-02,F,11346.0,155.64,408301.0,D,,,,,,
40533,2019-01-04,GD,Brady Christopher J,,0001209191-19-001827,2019-01-02,F,279.0,155.64,7461.0,D,,,,,,
40533,2019-01-04,GD,Whited Gary L,,0001209191-19-001821,2019-01-02,F,840.0,155.64,30405.0,D,,,,,,
40533,2019-01-04,GD,Gilliland Marguerite Amy,,0001209191-19-001804,2019-01-02,F,1350.0,155.64,24084.0,D,,,,,,
40533,2019-01-04,GD,Schumacher Laura J,,0001209191-19-001725,2019-01-02,F,115.0,155.64,4380.0,D,,,,,,
40533,2019-01-04,GD,OSBORN WILLIAM A,,0001209191-19-001722,2019-01-02,F,115.0,155.64,30240.0,D,,,,,,
40533,2019-01-04,GD,LYLES LESTER L,,0001209191-19-001720,2019-01-02,F,145.0,155.64,7734.0,D,,,,,,
40533,2019-01-04,GD,DE LEON RUDY F,,0001209191-19-001717,2019-01-02,F,145.0,155.64,2588.0,D,,,,,,
40533,2019-01-04,GD,Gallopoulos Gregory S,,0001209191-19-001714,2019-01-02,F,1780.0,155.64,97543.0,D,,,,,,
40533,2019-01-04,GD,CASEY JOHN PATRICK,,0001209191-19-001699,2019-01-02,F,2184.0,155.64,93871.0,D,,,,,,
40533,2019-01-04,GD,Kuryea Kimberly A,,0001209191-19-001688,2019-01-02,F,617.0,155.64,40683.0,D,,,,,,
40533,2019-01-04,GD,HELM ROBERT W,,0001209191-19-001680,2019-01-02,F,1668.0,155.64,66639.0,D,,,,,,
40533,2019-02-06,GD,Brady Christopher J,,0001209191-19-007677,2019-02-04,S,2327.0,171.228,5134.0,D,,,,,,
40533,2019-02-19,GD,Geiger Jeffrey S,,0001209191-19-010990,2019-02-15,M,26370.0,71.01,75524.0,D,,,,,,
40533,2019-02-19,GD,Geiger Jeffrey S,,0001209191-19-010990,2019-02-15,F,17976.0,174.535,57548.0,D,,,,,,
40533,2019-02-21,GD,Burns Mark Lagrand,,0001209191-19-011910,2019-02-19,M,9345.0,71.01,40037.317,D,,,,,,
40533,2019-02-21,GD,Burns Mark Lagrand,,0001209191-19-011910,2019-02-19,F,6302.0,174.47,33735.317,D,,,,,,
40533,2019-02-25,GD,LYLES LESTER L,,0001209191-19-012962,2019-02-22,M,4580.0,71.01,12314.0,D,,,,,,
40533,2019-02-25,GD,LYLES LESTER L,,0001209191-19-012962,2019-02-22,S,4580.0,172.424,7734.0,D,,,,,,
40533,2019-03-07,GD,Burns Mark Lagrand,,0001209191-19-017720,2019-03-05,A,3560.0,0.0,37295.317,D,,,,,,
40533,2019-03-07,GD,Schumacher Laura J,,0001209191-19-017816,2019-03-06,A,445.0,0.0,4825.0,D,,,,,,
40533,2019-03-07,GD,Reynolds Catherine B,,0001209191-19-017809,2019-03-06,A,445.0,0.0,1726.0,D,,,,,,
40533,2019-03-07,GD,OSBORN WILLIAM A,,0001209191-19-017799,2019-03-06,A,445.0,0.0,30685.0,D,,,,,,
40533,2019-03-07,GD,Nye C Howard,,0001209191-19-017783,2019-03-06,A,445.0,0.0,981.0,D,,,,,,
40533,2019-03-07,GD,Roualet Mark C.,,0001209191-19-017742,2019-03-06,A,3460.0,0.0,119248.0,D,,,,,,
40533,2019-03-07,GD,Burns Mark Lagrand,,0001209191-19-017720,2019-03-06,A,3795.0,0.0,39484.317,D,,,,,,
40533,2019-03-07,GD,Marzilli Christopher,,0001209191-19-017728,2019-03-06,A,2385.0,0.0,67627.0,D,,,,,,
40533,2019-03-07,GD,Burns Mark Lagrand,,0001209191-19-017720,2019-03-05,F,1606.0,167.57,35689.317,D,,,,,,
40533,2019-03-07,GD,Moss William A,,0001209191-19-017735,2019-03-05,A,975.0,0.0,4964.0,D,,,,,,
40533,2019-03-07,GD,DE LEON RUDY F,,0001209191-19-017759,2019-03-06,A,445.0,0.0,3033.0,D,,,,,,
40533,2019-03-07,GD,Marzilli Christopher,,0001209191-19-017728,2019-03-05,A,3370.0,0.0,66762.0,D,,,,,,
40533,2019-03-07,GD,NOVAKOVIC PHEBE N,,0001209191-19-017718,2019-03-05,F,18636.0,167.57,430985.0,D,,,,,,
40533,2019-03-07,GD,HELM ROBERT W,,0001209191-19-017722,2019-03-05,F,2614.0,167.57,69821.0,D,,,,,,
40533,2019-03-07,GD,HANEY CECIL D,,0001209191-19-017767,2019-03-06,A,445.0,0.0,445.0,D,,,,,,
40533,2019-03-07,GD,Roualet Mark C.,,0001209191-19-017742,2019-03-05,F,4565.0,167.57,115788.0,D,,,,,,
40533,2019-03-07,GD,NOVAKOVIC PHEBE N,,0001209191-19-017718,2019-03-05,A,41320.0,0.0,449621.0,D,,,,,,
40533,2019-03-07,GD,Wall Peter A,,0001209191-19-017819,2019-03-06,A,445.0,0.0,1822.0,D,,,,,,
40533,2019-03-07,GD,Moss William A,,0001209191-19-017735,2019-03-06,A,1110.0,0.0,5636.0,D,,,,,,
40533,2019-03-07,GD,Malcolm Mark,,0001209191-19-017777,2019-03-06,A,445.0,0.0,4900.0,D,,,,,,
40533,2019-03-07,GD,HELM ROBERT W,,0001209191-19-017722,2019-03-05,A,5796.0,0.0,72435.0,D,,,,,,
40533,2019-03-07,GD,Roualet Mark C.,,0001209191-19-017742,2019-03-05,A,9451.0,0.0,120353.0,D,,,,,,
40533,2019-03-07,GD,Marzilli Christopher,,0001209191-19-017728,2019-03-05,F,1520.0,167.57,65242.0,D,,,,,,
40533,2019-03-07,GD,LYLES LESTER L,,0001209191-19-017773,2019-03-06,A,445.0,0.0,8179.0,D,,,,,,
40533,2019-03-07,GD,Moss William A,,0001209191-19-017735,2019-03-05,F,438.0,167.57,4526.0,D,,,,,,
40533,2019-03-07,GD,Whited Gary L,,0001209191-19-017688,2019-03-05,A,3108.0,0.0,33513.0,D,,,,,,
40533,2019-03-07,GD,CASEY JOHN PATRICK,,0001209191-19-017697,2019-03-06,A,3530.0,0.0,102663.0,D,,,,,,
40533,2019-03-07,GD,Kuryea Kimberly A,,0001209191-19-017690,2019-03-05,A,2053.0,0.0,42736.0,D,,,,,,
40533,2019-03-07,GD,Brady Christopher J,,0001209191-19-017716,2019-03-06,A,1230.0,0.0,6951.0,D,,,,,,
40533,2019-03-07,GD,Aiken Jason W,,0001209191-19-017712,2019-03-05,A,8698.0,0.0,73959.0,D,,,,,,
40533,2019-03-07,GD,Aiken Jason W,,0001209191-19-017712,2019-03-05,F,3923.0,167.57,70036.0,D,,,,,,
40533,2019-03-07,GD,Aiken Jason W,,0001209191-19-017712,2019-03-06,A,3545.0,0.0,73581.0,D,,,,,,
40533,2019-03-07,GD,Geiger Jeffrey S,,0001209191-19-017707,2019-03-05,F,1386.0,167.57,59151.0,D,,,,,,
40533,2019-03-07,GD,Gallopoulos Gregory S,,0001209191-19-017701,2019-03-06,A,3655.0,0.0,104684.0,D,,,,,,
40533,2019-03-07,GD,Whited Gary L,,0001209191-19-017688,2019-03-06,A,1880.0,0.0,34037.0,D,,,,,,
40533,2019-03-07,GD,Gallopoulos Gregory S,,0001209191-19-017701,2019-03-05,F,2865.0,167.57,101029.0,D,,,,,,
40533,2019-03-07,GD,Whited Gary L,,0001209191-19-017688,2019-03-05,F,1356.0,167.57,32157.0,D,,,,,,
40533,2019-03-07,GD,NOVAKOVIC PHEBE N,,0001209191-19-017718,2019-03-06,A,14900.0,0.0,445885.0,D,,,,,,
40533,2019-03-07,GD,Geiger Jeffrey S,,0001209191-19-017707,2019-03-05,A,2989.0,0.0,60537.0,D,,,,,,
40533,2019-03-07,GD,Geiger Jeffrey S,,0001209191-19-017707,2019-03-06,A,2000.0,0.0,61151.0,D,,,,,,
40533,2019-03-07,GD,Gilliland Marguerite Amy,,0001209191-19-017710,2019-03-06,A,2920.0,0.0,29719.0,D,,,,,,
40533,2019-03-07,GD,Gilliland Marguerite Amy,,0001209191-19-017710,2019-03-05,F,2232.0,167.57,26799.0,D,,,,,,
40533,2019-03-07,GD,Brady Christopher J,,0001209191-19-017716,2019-03-05,A,1054.0,0.0,6188.0,D,,,,,,
40533,2019-03-07,GD,Brady Christopher J,,0001209191-19-017716,2019-03-05,F,467.0,167.57,5721.0,D,,,,,,
40533,2019-03-07,GD,Kuryea Kimberly A,,0001209191-19-017690,2019-03-05,F,926.0,167.57,41810.0,D,,,,,,
40533,2019-03-07,GD,CASEY JOHN PATRICK,,0001209191-19-017697,2019-03-05,F,4324.0,167.57,99133.0,D,,,,,,
40533,2019-03-07,GD,CASEY JOHN PATRICK,,0001209191-19-017697,2019-03-05,A,9586.0,0.0,103457.0,D,,,,,,
40533,2019-03-07,GD,Gallopoulos Gregory S,,0001209191-19-017701,2019-03-05,A,6351.0,0.0,103894.0,D,,,,,,
40533,2019-03-07,GD,Kuryea Kimberly A,,0001209191-19-017690,2019-03-06,A,3200.0,0.0,45010.0,D,,,,,,
40533,2019-03-07,GD,Gilliland Marguerite Amy,,0001209191-19-017710,2019-03-05,A,4947.0,0.0,29031.0,D,,,,,,
40533,2019-03-08,GD,CROWN JAMES S,,0000913849-19-000168,2019-03-06,A,445.0,0.0,82646.0,D,,,,,,
40533,2019-03-12,GD,Whited Gary L,,0001209191-19-018761,2019-03-08,M,21020.0,67.7,30462.0,D,,,,,,
40533,2019-03-12,GD,Whited Gary L,,0001209191-19-018761,2019-03-08,S,14640.0,165.384,15822.0,D,,,,,,
40533,2019-03-19,GD,DE LEON RUDY F,,0001209191-19-020278,2019-03-18,A,62.0,169.8,3095.0,D,,,,,,
40533,2019-03-19,GD,Malcolm Mark,,0001209191-19-020295,2019-03-18,A,125.0,169.8,5025.0,D,,,,,,
40533,2019-03-19,GD,LYLES LESTER L,,0001209191-19-020286,2019-03-18,A,62.0,169.8,8241.0,D,,,,,,
40533,2019-03-19,GD,Reynolds Catherine B,,0001209191-19-020365,2019-03-18,A,125.0,169.8,1851.0,D,,,,,,
40533,2019-03-19,GD,Wall Peter A,,0001209191-19-020388,2019-03-18,A,43.0,169.8,1865.0,D,,,,,,
40533,2019-03-19,GD,Nye C Howard,,0001209191-19-020354,2019-03-18,A,125.0,169.8,1106.0,D,,,,,,
40533,2019-03-19,GD,Schumacher Laura J,,0001209191-19-020374,2019-03-18,A,125.0,169.8,4950.0,D,,,,,,
40533,2019-04-17,GD,CASEY JOHN PATRICK,,0001209191-19-025032,2019-04-15,M,45470.0,112.4,148133.0,D,,,,,,
40533,2019-04-17,GD,CASEY JOHN PATRICK,,0001209191-19-025032,2019-04-15,S,30478.0,172.1635,117655.0,D,,,,,,
40533,2019-06-19,GD,DE LEON RUDY F,,0001209191-19-038060,2019-06-18,A,61.0,171.4,3156.0,D,,,,,,
40533,2019-06-19,GD,HANEY CECIL D,,0001209191-19-038052,2019-06-18,A,12.0,171.4,457.0,D,,,,,,
40533,2019-06-19,GD,LYLES LESTER L,,0001209191-19-038047,2019-06-18,A,61.0,171.4,8302.0,D,,,,,,
40533,2019-06-19,GD,Malcolm Mark,,0001209191-19-038033,2019-06-18,A,123.0,171.4,5148.0,D,,,,,,
40533,2019-06-19,GD,Nye C Howard,,0001209191-19-038025,2019-06-18,A,123.0,171.4,1229.0,D,,,,,,
40533,2019-06-19,GD,Reynolds Catherine B,,0001209191-19-038016,2019-06-18,A,123.0,171.4,1974.0,D,,,,,,
40533,2019-06-19,GD,Schumacher Laura J,,0001209191-19-037986,2019-06-18,A,123.0,171.4,5073.0,D,,,,,,
40533,2019-06-19,GD,Wall Peter A,,0001209191-19-037979,2019-06-18,A,43.0,171.4,1908.0,D,,,,,,
40533,2019-06-25,GD,NOVAKOVIC PHEBE N,,0001209191-19-038909,2019-06-21,M,733000.0,67.7,1178885.0,D,,,,,,
40533,2019-06-25,GD,NOVAKOVIC PHEBE N,,0001209191-19-038909,2019-06-21,F,271562.0,177.33,907323.0,D,,,,,,
40533,2019-08-01,GD,Whited Gary L,,0001209191-19-043981,2019-07-30,M,21720.0,70.08,37542.0,D,,,,,,
40533,2019-08-01,GD,Aiken Jason W,,0001209191-19-043986,2019-07-31,F,36664.0,186.84,82007.0,D,,,,,,
40533,2019-08-01,GD,Aiken Jason W,,0001209191-19-043986,2019-07-31,M,45090.0,112.04,118671.0,D,,,,,,
40533,2019-08-01,GD,Kuryea Kimberly A,,0001209191-19-043978,2019-07-30,F,21558.0,188.1,56692.0,D,,,,,,
40533,2019-08-01,GD,Kuryea Kimberly A,,0001209191-19-043978,2019-07-30,M,33240.0,67.7,78250.0,D,,,,,,
40533,2019-08-01,GD,Whited Gary L,,0001209191-19-043981,2019-07-30,S,14029.0,188.38,23513.0,D,,,,,,
40533,2019-08-06,GD,OSBORN WILLIAM A,,0001209191-19-044752,2019-08-02,M,6900.0,67.7,37585.0,D,,,,,,
40533,2019-08-06,GD,OSBORN WILLIAM A,,0001209191-19-044752,2019-08-02,S,1500.0,182.56,36085.0,D,,,,,,
40533,2019-08-12,GD,Gilliland Marguerite Amy,,0001209191-19-045470,2019-08-08,M,15850.0,112.4,45569.0,D,,,,,,
40533,2019-08-12,GD,Gilliland Marguerite Amy,,0001209191-19-045470,2019-08-08,F,12499.0,182.76,33070.0,D,,,,,,
40533,2019-08-13,GD,Burns Mark Lagrand,,0001209191-19-045733,2019-08-09,P,158.857,179.555,39643.174,D,,,,,,
40533,2019-09-11,GD,Smith Robert Edward,,0001209191-19-049202,2019-09-03,A,1060.0,0.0,20168.661,D,,,,,,
40533,2019-09-11,GD,Mattis James N,,0001209191-19-049198,2019-09-03,A,165.0,0.0,165.0,D,,,,,,
40533,2019-09-18,GD,Malcolm Mark,,0001209191-19-050044,2019-09-17,A,111.0,190.01,5259.0,D,,,,,,
40533,2019-09-18,GD,HANEY CECIL D,,0001209191-19-050051,2019-09-17,A,11.0,190.01,468.0,D,,,,,,
40533,2019-09-18,GD,Schumacher Laura J,,0001209191-19-050028,2019-09-17,A,111.0,190.01,5184.0,D,,,,,,
40533,2019-09-18,GD,LYLES LESTER L,,0001209191-19-050047,2019-09-17,A,55.0,190.01,8357.0,D,,,,,,
40533,2019-09-18,GD,Reynolds Catherine B,,0001209191-19-050031,2019-09-17,A,111.0,190.01,2085.0,D,,,,,,
40533,2019-09-18,GD,Wall Peter A,,0001209191-19-050026,2019-09-17,A,39.0,190.01,1947.0,D,,,,,,
40533,2019-09-18,GD,Nye C Howard,,0001209191-19-050037,2019-09-17,A,111.0,190.01,1340.0,D,,,,,,
40533,2019-09-18,GD,DE LEON RUDY F,,0001209191-19-050059,2019-09-17,A,55.0,190.01,3211.0,D,,,,,,
40533,2019-09-25,GD,Marzilli Christopher,,0001209191-19-050707,2019-09-23,S,32930.0,187.163,67627.0,D,,,,,,
40533,2019-09-25,GD,Marzilli Christopher,,0001209191-19-050707,2019-09-23,M,32930.0,112.4,100557.0,D,,,,,,
40533,2019-09-27,GD,CROWN JAMES S,,0000913849-19-000372,2019-09-26,G,70578.0,0.0,153224.0,D,,,,,,
40533,2019-11-08,GD,Gallopoulos Gregory S,,0001209191-19-055789,2019-11-06,M,36740.0,112.4,141424.0,D,,,,,,
40533,2019-11-08,GD,Gallopoulos Gregory S,,0001209191-19-055789,2019-11-06,F,29781.0,181.16,111643.0,D,,,,,,
40533,2019-11-15,GD,NOVAKOVIC PHEBE N,,0001209191-19-056705,2019-11-13,M,466380.0,112.4,1102098.0,D,,,,,,
40533,2019-11-15,GD,NOVAKOVIC PHEBE N,,0001209191-19-056705,2019-11-13,F,389921.0,184.645,712177.0,D,,,,,,
40533,2019-12-11,GD,CROWN JAMES S,,0000913849-19-000426,2019-12-09,M,6900.0,67.7,13475.0,D,,,,,,
40533,2019-12-12,GD,Graney Kevin M,,0001209191-19-060240,2019-12-02,A,305.0,0.0,13641.0,D,,,,,,
40533,2019-12-12,GD,Roualet Mark C.,,0001209191-19-060236,2019-12-10,M,50195.0,70.08,169443.0,D,,,,,,
40533,2019-12-12,GD,Roualet Mark C.,,0001209191-19-060236,2019-12-10,S,17665.0,181.345,151778.0,D,,,,,,
40533,2019-12-13,GD,Roualet Mark C.,,0001209191-19-060372,2019-12-12,M,14870.0,70.08,134118.0,D,,,,,,
40533,2019-12-13,GD,Roualet Mark C.,,0001209191-19-060372,2019-12-12,S,14870.0,181.15,119248.0,D,,,,,,
40533,2019-12-19,GD,Wall Peter A,,0001209191-19-061263,2019-12-17,A,41.0,179.87,1988.0,D,,,,,,
40533,2019-12-19,GD,LYLES LESTER L,,0001209191-19-061274,2019-12-17,A,59.0,179.87,8416.0,D,,,,,,
40533,2019-12-19,GD,Reynolds Catherine B,,0001209191-19-061284,2019-12-17,A,118.0,179.87,2203.0,D,,,,,,
40533,2019-12-19,GD,Schumacher Laura J,,0001209191-19-061286,2019-12-17,A,118.0,179.87,5302.0,D,,,,,,
40533,2019-12-19,GD,Malcolm Mark,,0001209191-19-061279,2019-12-17,A,118.0,179.87,5377.0,D,,,,,,
40533,2019-12-19,GD,Nye C Howard,,0001209191-19-061282,2019-12-17,A,118.0,179.87,1458.0,D,,,,,,
40533,2019-12-19,GD,HANEY CECIL D,,0001209191-19-061265,2019-12-17,A,11.0,179.87,479.0,D,,,,,,
40533,2019-12-19,GD,DE LEON RUDY F,,0001209191-19-061269,2019-12-17,A,59.0,179.87,3270.0,D,,,,,,
40533,2020-01-06,GD,NOVAKOVIC PHEBE N,,0001209191-20-001661,2020-01-02,F,11789.0,177.98,700388.0,D,,,,,,
40533,2020-01-06,GD,LYLES LESTER L,,0001209191-20-001679,2020-01-02,F,145.0,177.98,8271.0,D,,,,,,
40533,2020-01-06,GD,Aiken Jason W,,0001209191-20-001606,2020-01-02,F,2512.0,177.98,79495.0,D,,,,,,
40533,2020-01-06,GD,DE LEON RUDY F,,0001209191-20-001674,2020-01-02,F,145.0,177.98,3125.0,D,,,,,,
40533,2020-01-06,GD,Gilliland Marguerite Amy,,0001209191-20-001616,2020-01-02,F,1445.0,177.98,31625.0,D,,,,,,
40533,2020-01-06,GD,Smith Robert Edward,,0001209191-20-001667,2019-11-15,A,7.84,186.87,20184.422,D,,,,,,
40533,2020-01-06,GD,Kuryea Kimberly A,,0001209191-20-001624,2020-01-02,F,622.0,177.98,56070.0,D,,,,,,
40533,2020-01-06,GD,Marzilli Christopher,,0001209191-20-001626,2020-01-02,F,997.0,177.98,66630.0,D,,,,,,
40533,2020-01-06,GD,Schumacher Laura J,,0001209191-20-001691,2020-01-02,F,115.0,177.98,5187.0,D,,,,,,
40533,2020-01-06,GD,Moss William A,,0001209191-20-001630,2020-01-02,F,310.0,177.98,5326.0,D,,,,,,
40533,2020-01-06,GD,Smith Robert Edward,,0001209191-20-001667,2019-08-09,A,7.921,183.94,20176.582,D,,,,,,
40533,2020-01-06,GD,Roualet Mark C.,,0001209191-20-001664,2020-01-02,F,2917.0,177.98,116331.0,D,,,,,,
40533,2020-01-06,GD,Burns Mark Lagrand,,0001209191-20-001610,2020-01-02,F,1051.0,177.98,38592.174,D,,,,,,
40533,2020-01-06,GD,Whited Gary L,,0001209191-20-001671,2020-01-02,F,893.0,177.98,13498.0,D,,,,,,
40533,2020-01-06,GD,Graney Kevin M,,0001209191-20-001620,2020-01-02,F,390.0,177.98,13251.0,D,,,,,,
40533,2020-01-06,GD,OSBORN WILLIAM A,,0001209191-20-001686,2020-01-02,F,115.0,177.98,35970.0,D,,,,,,
40533,2020-01-06,GD,Brady Christopher J,,0001209191-20-001608,2020-01-02,F,331.0,177.98,6620.0,D,,,,,,
40533,2020-01-06,GD,Wall Peter A,,0001209191-20-001694,2020-01-02,F,60.0,177.98,1928.0,D,,,,,,
40533,2020-01-06,GD,Gallopoulos Gregory S,,0001209191-20-001612,2020-01-02,F,1845.0,177.98,109798.0,D,,,,,,
40533,2020-02-11,GD,Graney Kevin M,,0001209191-20-008249,2020-02-07,M,14930.0,67.7,28181.0,D,,,,,,
40533,2020-02-11,GD,Graney Kevin M,,0001209191-20-008249,2020-02-07,F,10096.0,187.413,18085.0,D,,,,,,
40533,2020-02-11,GD,Smith Robert Edward,,0001209191-20-008253,2020-02-07,A,7.879,186.945,20192.301,D,,,,,,
40533,2020-02-13,GD,Whited Gary L,,0001209191-20-009253,2020-02-11,M,16465.0,112.4,29963.0,D,,,,,,
40533,2020-02-13,GD,Whited Gary L,,0001209191-20-009253,2020-02-11,S,16465.0,186.592,13498.0,D,,,,,,
40533,2020-02-20,GD,Brady Christopher J,,0001209191-20-011024,2020-02-18,F,1576.0,187.76,7054.0,D,,,,,,
40533,2020-02-20,GD,Brady Christopher J,,0001209191-20-011024,2020-02-18,M,2010.0,112.4,8630.0,D,,,,,,
40533,2020-03-03,GD,OSBORN WILLIAM A,,0001209191-20-014987,2020-03-02,F,86.0,161.42,35884.0,D,,,,,,
40533,2020-03-03,GD,DE LEON RUDY F,,0001209191-20-014976,2020-03-02,F,109.0,161.42,3016.0,D,,,,,,
40533,2020-03-03,GD,Wall Peter A,,0001209191-20-014991,2020-03-02,F,117.0,161.42,1811.0,D,,,,,,
40533,2020-03-03,GD,LYLES LESTER L,,0001209191-20-014970,2020-03-02,F,109.0,161.42,8162.0,D,,,,,,
40533,2020-03-03,GD,Schumacher Laura J,,0001209191-20-014983,2020-03-02,F,86.0,161.42,5101.0,D,,,,,,
40533,2020-03-03,GD,LYLES LESTER L,,0001209191-20-014970,2020-02-28,M,6900.0,67.7,15171.0,D,,,,,,
40533,2020-03-03,GD,LYLES LESTER L,,0001209191-20-014970,2020-02-28,S,6900.0,159.152,8271.0,D,,,,,,
40533,2020-03-04,GD,Burns Mark Lagrand,,0001209191-20-016050,2020-03-02,F,1229.0,161.42,37363.174,D,,,,,,
40533,2020-03-04,GD,Moss William A,,0001209191-20-016101,2020-03-03,A,1114.0,0.0,6119.0,D,,,,,,
40533,2020-03-04,GD,Whited Gary L,,0001209191-20-016149,2020-03-02,F,635.0,161.42,12863.0,D,,,,,,
40533,2020-03-04,GD,NOVAKOVIC PHEBE N,,0001209191-20-016082,2020-03-02,F,8234.0,161.42,692154.0,D,,,,,,
40533,2020-03-04,GD,Brady Christopher J,,0001209191-20-016056,2020-03-03,F,384.0,165.46,7288.0,D,,,,,,
40533,2020-03-04,GD,Aiken Jason W,,0001209191-20-016040,2020-03-02,F,1913.0,161.42,77582.0,D,,,,,,
40533,2020-03-04,GD,Whited Gary L,,0001209191-20-016149,2020-03-03,A,2283.0,0.0,15146.0,D,,,,,,
40533,2020-03-04,GD,Kuryea Kimberly A,,0001209191-20-016089,2020-03-03,A,2966.0,0.0,58183.0,D,,,,,,
40533,2020-03-04,GD,Moss William A,,0001209191-20-016101,2020-03-03,F,503.0,165.46,5616.0,D,,,,,,
40533,2020-03-04,GD,Roualet Mark C.,,0001209191-20-016109,2020-03-03,F,3184.0,165.46,117710.0,D,,,,,,
40533,2020-03-04,GD,Gilliland Marguerite Amy,,0001209191-20-016068,2020-03-03,A,3783.0,0.0,34321.0,D,,,,,,
40533,2020-03-04,GD,Aiken Jason W,,0001209191-20-016040,2020-03-03,A,6655.0,0.0,84237.0,D,,,,,,
40533,2020-03-04,GD,NOVAKOVIC PHEBE N,,0001209191-20-016082,2020-03-03,A,28655.0,0.0,720809.0,D,,,,,,
40533,2020-03-04,GD,Marzilli Christopher,,0001209191-20-016094,2020-03-02,F,715.0,161.42,65915.0,D,,,,,,
40533,2020-03-04,GD,Gallopoulos Gregory S,,0001209191-20-016062,2020-03-02,F,1290.0,161.42,108508.0,D,,,,,,
40533,2020-03-04,GD,NOVAKOVIC PHEBE N,,0001209191-20-016082,2020-03-03,F,12924.0,165.46,707885.0,D,,,,,,
40533,2020-03-04,GD,Smith Robert Edward,,0001209191-20-016124,2020-03-03,A,1781.0,0.0,21461.301,D,,,,,,
40533,2020-03-04,GD,Whited Gary L,,0001209191-20-016149,2020-03-03,F,996.0,165.46,14150.0,D,,,,,,
40533,2020-03-04,GD,Gallopoulos Gregory S,,0001209191-20-016062,2020-03-03,A,4489.0,0.0,112997.0,D,,,,,,
40533,2020-03-04,GD,Brady Christopher J,,0001209191-20-016056,2020-03-03,A,863.0,0.0,7672.0,D,,,,,,
40533,2020-03-04,GD,Roualet Mark C.,,0001209191-20-016109,2020-03-02,F,2029.0,161.42,114302.0,D,,,,,,
40533,2020-03-04,GD,Kuryea Kimberly A,,0001209191-20-016089,2020-03-03,F,1338.0,165.46,56845.0,D,,,,,,
40533,2020-03-04,GD,Roualet Mark C.,,0001209191-20-016109,2020-03-03,A,6592.0,0.0,120894.0,D,,,,,,
40533,2020-03-04,GD,Gilliland Marguerite Amy,,0001209191-20-016068,2020-03-02,F,1087.0,161.42,30538.0,D,,,,,,
40533,2020-03-04,GD,Marzilli Christopher,,0001209191-20-016094,2020-03-03,F,1123.0,165.46,67280.0,D,,,,,,
40533,2020-03-04,GD,Kuryea Kimberly A,,0001209191-20-016089,2020-03-02,F,853.0,161.42,55217.0,D,,,,,,
40533,2020-03-04,GD,Gilliland Marguerite Amy,,0001209191-20-016068,2020-03-03,F,1707.0,165.46,32614.0,D,,,,,,
40533,2020-03-04,GD,Gallopoulos Gregory S,,0001209191-20-016062,2020-03-03,F,2025.0,165.46,110972.0,D,,,,,,
40533,2020-03-04,GD,Graney Kevin M,,0001209191-20-016075,2020-03-03,A,1577.0,0.0,19196.0,D,,,,,,
40533,2020-03-04,GD,Marzilli Christopher,,0001209191-20-016094,2020-03-03,A,2488.0,0.0,68403.0,D,,,,,,
40533,2020-03-04,GD,Moss William A,,0001209191-20-016101,2020-03-02,F,321.0,161.42,5005.0,D,,,,,,
40533,2020-03-04,GD,Smith Robert Edward,,0001209191-20-016124,2020-03-02,F,512.0,161.42,19680.301,D,,,,,,
40533,2020-03-04,GD,Graney Kevin M,,0001209191-20-016075,2020-03-02,F,466.0,161.42,17619.0,D,,,,,,
40533,2020-03-04,GD,Burns Mark Lagrand,,0001209191-20-016050,2020-03-03,A,4277.0,0.0,41640.174,D,,,,,,
40533,2020-03-04,GD,Graney Kevin M,,0001209191-20-016075,2020-03-03,F,731.0,165.46,18465.0,D,,,,,,
40533,2020-03-04,GD,Burns Mark Lagrand,,0001209191-20-016050,2020-03-03,F,1929.0,165.46,39711.174,D,,,,,,
40533,2020-03-04,GD,Smith Robert Edward,,0001209191-20-016124,2020-03-03,F,804.0,165.46,20657.301,D,,,,,,
40533,2020-03-04,GD,Brady Christopher J,,0001209191-20-016056,2020-03-02,F,245.0,161.42,6809.0,D,,,,,,
40533,2020-03-04,GD,Aiken Jason W,,0001209191-20-016040,2020-03-03,F,3002.0,165.46,81235.0,D,,,,,,
40533,2020-03-05,GD,Brady Christopher J,,0001209191-20-016545,2020-03-04,A,2880.0,0.0,10168.0,D,,,,,,
40533,2020-03-05,GD,Roualet Mark C.,,0001209191-20-016555,2020-03-04,A,3710.0,0.0,121420.0,D,,,,,,
40533,2020-03-05,GD,Burns Mark Lagrand,,0001209191-20-016533,2020-03-04,A,3625.0,0.0,43336.174,D,,,,,,
40533,2020-03-05,GD,Marzilli Christopher,,0001209191-20-016550,2020-03-04,A,3265.0,0.0,70545.0,D,,,,,,
40533,2020-03-05,GD,Kuryea Kimberly A,,0001209191-20-016548,2020-03-04,A,3560.0,0.0,60405.0,D,,,,,,
40533,2020-03-05,GD,Smith Robert Edward,,0001209191-20-016557,2020-03-04,A,3505.0,0.0,24162.301,D,,,,,,
40533,2020-03-05,GD,NOVAKOVIC PHEBE N,,0001209191-20-016538,2020-03-04,A,16680.0,0.0,724565.0,D,,,,,,
40533,2020-03-05,GD,Moss William A,,0001209191-20-016552,2020-03-04,A,1335.0,0.0,6951.0,D,,,,,,
40533,2020-03-05,GD,Gilliland Marguerite Amy,,0001209191-20-016543,2020-03-04,A,3240.0,0.0,35854.0,D,,,,,,
40533,2020-03-05,GD,Gallopoulos Gregory S,,0001209191-20-016536,2020-03-04,A,3265.0,0.0,114237.0,D,,,,,,
40533,2020-03-05,GD,Aiken Jason W,,0001209191-20-016529,2020-03-04,A,4835.0,0.0,86070.0,D,,,,,,
40533,2020-03-05,GD,Graney Kevin M,,0001209191-20-016541,2020-03-04,A,2845.0,0.0,21310.0,D,,,,,,
40533,2020-03-05,GD,OSBORN WILLIAM A,,0001209191-20-016508,2020-03-04,A,485.0,0.0,36369.0,D,,,,,,
40533,2020-03-05,GD,Wall Peter A,,0001209191-20-016518,2020-03-04,A,485.0,0.0,2296.0,D,,,,,,
40533,2020-03-05,GD,Malcolm Mark,,0001209191-20-016504,2020-03-04,A,485.0,0.0,5862.0,D,,,,,,
40533,2020-03-05,GD,Stratton John G,,0001209191-20-016522,2020-03-03,P,3048.0,164.8098,3048.0,D,,,,,,
40533,2020-03-05,GD,Reynolds Catherine B,,0001209191-20-016513,2020-03-04,A,485.0,0.0,2688.0,D,,,,,,
40533,2020-03-05,GD,Schumacher Laura J,,0001209191-20-016516,2020-03-04,A,485.0,0.0,5586.0,D,,,,,,
40533,2020-03-05,GD,DE LEON RUDY F,,0001209191-20-016497,2020-03-04,A,485.0,0.0,3501.0,D,,,,,,
40533,2020-03-05,GD,Mattis James N,,0001209191-20-016506,2020-03-04,A,485.0,0.0,650.0,D,,,,,,
40533,2020-03-05,GD,LYLES LESTER L,,0001209191-20-016501,2020-03-04,A,485.0,0.0,8647.0,D,,,,,,
40533,2020-03-05,GD,HANEY CECIL D,,0001209191-20-016499,2020-03-04,A,485.0,0.0,964.0,D,,,,,,
40533,2020-03-05,GD,Nye C Howard,,0001209191-20-016510,2020-03-04,A,485.0,0.0,1943.0,D,,,,,,
40533,2020-03-05,GD,Stratton John G,,0001209191-20-016522,2020-03-04,A,485.0,0.0,3533.0,D,,,,,,
40533,2020-03-06,GD,CROWN JAMES S,,0000913849-20-000135,2020-03-04,A,485.0,0.0,13960.0,D,,,,,,
40533,2020-03-18,GD,DE LEON RUDY F,,0001209191-20-019924,2020-03-17,A,90.0,131.68,3591.0,D,,,,,,
40533,2020-03-18,GD,Wall Peter A,,0001209191-20-019907,2020-03-17,A,63.0,131.68,2359.0,D,,,,,,
40533,2020-03-18,GD,LYLES LESTER L,,0001209191-20-019920,2020-03-17,A,90.0,131.68,8737.0,D,,,,,,
40533,2020-03-18,GD,Reynolds Catherine B,,0001209191-20-019911,2020-03-17,A,180.0,131.68,2868.0,D,,,,,,
40533,2020-03-18,GD,HANEY CECIL D,,0001209191-20-019922,2020-03-17,A,18.0,131.68,982.0,D,,,,,,
40533,2020-03-18,GD,Schumacher Laura J,,0001209191-20-019909,2020-03-17,A,180.0,131.68,5766.0,D,,,,,,
40533,2020-03-18,GD,Stratton John G,,0001209191-20-019937,2020-03-17,A,80.0,131.68,3613.0,D,,,,,,
40533,2020-03-18,GD,Malcolm Mark,,0001209191-20-019918,2020-03-17,A,180.0,131.68,6042.0,D,,,,,,
40533,2020-03-18,GD,Nye C Howard,,0001209191-20-019913,2020-03-17,A,180.0,131.68,2123.0,D,,,,,,
40533,2020-05-12,GD,Smith Robert Edward,,0001209191-20-028460,2020-05-08,A,12.083,132.19,24174.384,D,,,,,,
40533,2020-05-12,GD,Deep Danny,,0001209191-20-028458,2020-05-08,A,26.151,132.19,9377.451,D,,,,,,
40533,2020-05-28,GD,Kuryea Kimberly A,,0001209191-20-032594,2020-05-27,M,24440.0,112.4,84845.0,D,,,,,,
40533,2020-05-28,GD,Kuryea Kimberly A,,0001209191-20-032594,2020-05-27,F,21289.0,148.595,63556.0,D,,,,,,
40533,2020-05-28,GD,Aiken Jason W,,0001209191-20-032586,2020-05-26,M,45090.0,112.4,131160.0,D,,,,,,
40533,2020-05-28,GD,Aiken Jason W,,0001209191-20-032586,2020-05-26,F,40501.0,145.24,90659.0,D,,,,,,
40533,2020-06-09,GD,Reynolds Catherine B,,0001209191-20-035246,2020-06-05,F,68.0,163.03,2800.0,D,,,,,,
40533,2020-06-09,GD,Smith Robert Edward,,0001209191-20-035252,2020-06-08,F,11924.0,167.16,26790.384,D,,,,,,
40533,2020-06-09,GD,Gallopoulos Gregory S,,0001209191-20-035242,2020-06-05,F,32009.0,162.255,118968.0,D,,,,,,
40533,2020-06-09,GD,Gallopoulos Gregory S,,0001209191-20-035242,2020-06-05,M,36740.0,112.4,150977.0,D,,,,,,
40533,2020-06-09,GD,Smith Robert Edward,,0001209191-20-035252,2020-06-08,M,14540.0,112.4,38714.384,D,,,,,,
40533,2020-06-18,GD,Wall Peter A,,0001209191-20-037517,2020-06-16,A,55.0,149.5,2414.0,D,,,,,,
40533,2020-06-18,GD,Stratton John G,,0001209191-20-037515,2020-06-16,A,158.0,149.5,3771.0,D,,,,,,
40533,2020-06-18,GD,Reynolds Catherine B,,0001209191-20-037511,2020-06-16,A,158.0,149.5,2958.0,D,,,,,,
40533,2020-06-18,GD,Schumacher Laura J,,0001209191-20-037513,2020-06-16,A,158.0,149.5,5924.0,D,,,,,,
40533,2020-06-18,GD,HANEY CECIL D,,0001209191-20-037504,2020-06-16,A,15.0,149.5,997.0,D,,,,,,
40533,2020-06-18,GD,Malcolm Mark,,0001209191-20-037507,2020-06-16,A,158.0,149.5,6200.0,D,,,,,,
40533,2020-06-18,GD,DE LEON RUDY F,,0001209191-20-037502,2020-06-16,A,79.0,149.5,3670.0,D,,,,,,
40533,2020-06-18,GD,Nye C Howard,,0001209191-20-037509,2020-06-16,A,158.0,149.5,2281.0,D,,,,,,
40533,2020-08-11,GD,Smith Robert Edward,,0001209191-20-046126,2020-08-07,A,10.684,150.745,26801.068,D,,,,,,
40533,2020-08-11,GD,OSBORN WILLIAM A,,0001209191-20-046115,2020-08-10,G,1310.0,0.0,35059.0,D,,,,,,
40533,2020-08-11,GD,Deep Danny,,0001209191-20-046106,2020-08-07,A,23.122,150.745,9400.573,D,,,,,,
40533,2020-09-17,GD,DE LEON RUDY F,,0001209191-20-050851,2020-09-16,A,81.0,146.54,3751.0,D,,,,,,
40533,2020-09-17,GD,Nye C Howard,,0001209191-20-050857,2020-09-16,A,162.0,146.54,2443.0,D,,,,,,
40533,2020-09-17,GD,Schumacher Laura J,,0001209191-20-050900,2020-09-16,A,162.0,146.54,6086.0,D,,,,,,
40533,2020-09-17,GD,Stratton John G,,0001209191-20-050914,2020-09-16,A,162.0,146.54,3933.0,D,,,,,,
40533,2020-09-17,GD,HANEY CECIL D,,0001209191-20-050853,2020-09-16,A,16.0,146.54,1013.0,D,,,,,,
40533,2020-09-17,GD,Reynolds Catherine B,,0001209191-20-050885,2020-09-16,A,162.0,146.54,3120.0,D,,,,,,
40533,2020-09-17,GD,NOVAKOVIC PHEBE N,,0001209191-20-050849,2020-09-11,G,30000.0,0.0,694565.0,D,,,,,,
40533,2020-09-17,GD,Wall Peter A,,0001209191-20-050929,2020-09-16,A,56.0,146.54,2470.0,D,,,,,,
40533,2020-09-17,GD,Malcolm Mark,,0001209191-20-050855,2020-09-16,A,162.0,146.54,6362.0,D,,,,,,
40533,2020-09-28,GD,Moss William A,,0001209191-20-052182,2020-09-24,M,5290.0,112.4,12241.0,D,,,,,,
40533,2020-09-28,GD,Moss William A,,0001209191-20-052182,2020-09-24,S,4778.0,136.68,7463.0,D,,,,,,
40533,2020-11-05,GD,Moss William A,,0001209191-20-057127,2020-11-03,M,5290.0,112.4,12753.0,D,,,,,,
40533,2020-11-05,GD,Moss William A,,0001209191-20-057127,2020-11-03,S,4713.0,138.537,8040.0,D,,,,,,
40533,2020-11-10,GD,OSBORN WILLIAM A,,0001209191-20-057682,2020-11-09,M,4400.0,112.4,39459.0,D,,,,,,
40533,2020-11-10,GD,OSBORN WILLIAM A,,0001209191-20-057682,2020-11-09,S,3594.0,147.141,35865.0,D,,,,,,
40533,2020-11-13,GD,CROWN JAMES S,,0001185064-20-000003,2020-11-11,M,4400.0,112.4,18360.0,D,,,,,,
40533,2020-11-17,GD,Deep Danny,,0001209191-20-058689,2020-11-13,A,23.454,149.693,9424.027,D,,,,,,
40533,2020-11-17,GD,Smith Robert Edward,,0001209191-20-058687,2020-11-13,A,10.837,149.693,26811.905,D,,,,,,
40533,2020-12-17,GD,Wall Peter A,,0001209191-20-064123,2020-12-16,A,54.0,153.72,2524.0,D,,,,,,
40533,2020-12-17,GD,Schumacher Laura J,,0001209191-20-064103,2020-12-16,M,4400.0,112.4,10640.0,D,,,,,,
40533,2020-12-17,GD,Schumacher Laura J,,0001209191-20-064103,2020-12-16,A,154.0,153.72,6240.0,D,,,,,,
40533,2020-12-17,GD,Stratton John G,,0001209191-20-064115,2020-12-16,A,154.0,153.72,4087.0,D,,,,,,
40533,2020-12-17,GD,Schumacher Laura J,,0001209191-20-064103,2020-12-16,F,3477.0,153.66,7163.0,D,,,,,,
40533,2020-12-17,GD,HANEY CECIL D,,0001209191-20-064075,2020-12-16,A,15.0,153.72,1028.0,D,,,,,,
40533,2020-12-17,GD,Malcolm Mark,,0001209191-20-064082,2020-12-16,A,154.0,153.72,6516.0,D,,,,,,
40533,2020-12-17,GD,Nye C Howard,,0001209191-20-064088,2020-12-16,A,154.0,153.72,2597.0,D,,,,,,
40533,2020-12-17,GD,Reynolds Catherine B,,0001209191-20-064095,2020-12-16,A,154.0,153.72,3274.0,D,,,,,,
40533,2020-12-17,GD,DE LEON RUDY F,,0001209191-20-064070,2020-12-16,A,77.0,153.72,3828.0,D,,,,,,
40533,2020-12-31,GD,Roualet Mark C.,,0001209191-20-065622,2020-12-30,M,75640.0,112.4,197060.0,D,,,,,,
40533,2020-12-31,GD,Roualet Mark C.,,0001209191-20-065622,2020-12-30,F,67587.0,148.595,129473.0,D,,,,,,
40533,2020-12-31,GD,Burns Mark Lagrand,,0001209191-20-065620,2020-12-29,M,22410.0,112.4,65746.174,D,,,,,,
40533,2020-12-31,GD,Burns Mark Lagrand,,0001209191-20-065620,2020-12-29,F,19450.0,147.99,46296.174,D,,,,,,
40533,2021-02-09,GD,Smith Robert Edward,,0001209191-21-008798,2021-02-05,A,10.274,159.065,26822.179,D,,,,,,
40533,2021-02-09,GD,Deep Danny,,0001209191-21-008787,2021-02-05,A,22.234,159.065,9446.261,D,,,,,,
40533,2021-02-10,GD,Graney Kevin M,,0001209191-21-009223,2021-02-09,M,11820.0,112.4,33130.0,D,,,,,,
40533,2021-02-10,GD,Graney Kevin M,,0001209191-21-009223,2021-02-09,F,9894.0,162.315,23236.0,D,,,,,,
40533,2021-03-04,GD,NOVAKOVIC PHEBE N,,0001209191-21-017816,2021-03-03,A,17205.0,0.0,721728.0,D,,,,,,
40533,2021-03-04,GD,Smith Robert Edward,,0001209191-21-017835,2021-03-03,A,3915.0,0.0,31353.179,D,,,,,,
40533,2021-03-04,GD,Roualet Mark C.,,0001209191-21-017828,2021-03-02,A,4172.0,0.0,133645.0,D,,,,,,
40533,2021-03-04,GD,Brady Christopher J,,0001209191-21-017711,2021-03-02,A,568.0,0.0,10736.0,D,,,,,,
40533,2021-03-04,GD,NOVAKOVIC PHEBE N,,0001209191-21-017816,2021-03-02,F,8181.0,167.68,704523.0,D,,,,,,
40533,2021-03-04,GD,Kuryea Kimberly A,,0001209191-21-017776,2021-03-02,F,1248.0,167.68,65058.0,D,,,,,,
40533,2021-03-04,GD,Aiken Jason W,,0001209191-21-017708,2021-03-02,A,4276.0,0.0,94935.0,D,,,,,,
40533,2021-03-04,GD,Aiken Jason W,,0001209191-21-017708,2021-03-03,A,5100.0,0.0,98109.0,D,,,,,,
40533,2021-03-04,GD,Marzilli Christopher,,0001209191-21-017792,2021-03-03,A,3560.0,0.0,75075.0,D,,,,,,
40533,2021-03-04,GD,Kuryea Kimberly A,,0001209191-21-017776,2021-03-03,A,3615.0,0.0,68673.0,D,,,,,,
40533,2021-03-04,GD,Roualet Mark C.,,0001209191-21-017828,2021-03-03,A,3795.0,0.0,135427.0,D,,,,,,
40533,2021-03-04,GD,Moss William A,,0001209191-21-017796,2021-03-02,F,405.0,167.68,8488.0,D,,,,,,
40533,2021-03-04,GD,Graney Kevin M,,0001209191-21-017729,2021-03-02,A,1340.0,0.0,24576.0,D,,,,,,
40533,2021-03-04,GD,Marzilli Christopher,,0001209191-21-017792,2021-03-02,A,1769.0,0.0,72314.0,D,,,,,,
40533,2021-03-04,GD,Brady Christopher J,,0001209191-21-017711,2021-03-03,A,2825.0,0.0,13297.0,D,,,,,,
40533,2021-03-04,GD,Burns Mark Lagrand,,0001209191-21-017713,2021-03-02,F,1429.0,167.68,48029.154,D,,,,,,
40533,2021-03-04,GD,Deep Danny,,0001209191-21-017715,2021-03-03,A,2625.0,0.0,12334.261,D,,,,,,
40533,2021-03-04,GD,Deep Danny,,0001209191-21-017715,2021-03-02,F,305.0,167.68,9709.261,D,,,,,,
40533,2021-03-04,GD,Gilliland Marguerite Amy,,0001209191-21-017721,2021-03-03,A,3180.0,0.0,40345.0,D,,,,,,
40533,2021-03-04,GD,NOVAKOVIC PHEBE N,,0001209191-21-017816,2021-03-02,A,18139.0,0.0,712704.0,D,,,,,,
40533,2021-03-04,GD,Smith Robert Edward,,0001209191-21-017835,2021-03-02,A,1125.0,0.0,27947.179,D,,,,,,
40533,2021-03-04,GD,Gallopoulos Gregory S,,0001209191-21-017717,2021-03-03,A,3895.0,0.0,119501.0,D,,,,,,
40533,2021-03-04,GD,Gallopoulos Gregory S,,0001209191-21-017717,2021-03-02,A,2988.0,0.0,116956.0,D,,,,,,
40533,2021-03-04,GD,Gallopoulos Gregory S,,0001209191-21-017717,2021-03-02,F,1350.0,167.68,115606.0,D,,,,,,
40533,2021-03-04,GD,Gilliland Marguerite Amy,,0001209191-21-017721,2021-03-02,A,2402.0,0.0,38256.0,D,,,,,,
40533,2021-03-04,GD,Gilliland Marguerite Amy,,0001209191-21-017721,2021-03-02,F,1091.0,167.68,37165.0,D,,,,,,
40533,2021-03-04,GD,Graney Kevin M,,0001209191-21-017729,2021-03-02,F,621.0,167.68,23955.0,D,,,,,,
40533,2021-03-04,GD,Deep Danny,,0001209191-21-017715,2021-03-02,A,568.0,0.0,10014.261,D,,,,,,
40533,2021-03-04,GD,Kuryea Kimberly A,,0001209191-21-017776,2021-03-02,A,2750.0,0.0,66306.0,D,,,,,,
40533,2021-03-04,GD,Brady Christopher J,,0001209191-21-017711,2021-03-02,F,264.0,167.68,10472.0,D,,,,,,
40533,2021-03-04,GD,Smith Robert Edward,,0001209191-21-017835,2021-03-02,F,509.0,167.68,27438.179,D,,,,,,
40533,2021-03-04,GD,Moss William A,,0001209191-21-017796,2021-03-03,A,1415.0,0.0,9903.0,D,,,,,,
40533,2021-03-04,GD,Burns Mark Lagrand,,0001209191-21-017713,2021-03-02,A,3162.0,0.0,49458.154,D,,,,,,
40533,2021-03-04,GD,Marzilli Christopher,,0001209191-21-017792,2021-03-02,F,799.0,167.68,71515.0,D,,,,,,
40533,2021-03-04,GD,Burns Mark Lagrand,,0001209191-21-017713,2021-03-03,A,4155.0,0.0,52184.154,D,,,,,,
40533,2021-03-04,GD,Graney Kevin M,,0001209191-21-017729,2021-03-03,A,3125.0,0.0,27080.0,D,,,,,,
40533,2021-03-04,GD,Moss William A,,0001209191-21-017796,2021-03-02,A,853.0,0.0,8893.0,D,,,,,,
40533,2021-03-04,GD,Roualet Mark C.,,0001209191-21-017828,2021-03-02,F,2013.0,167.68,131632.0,D,,,,,,
40533,2021-03-04,GD,Aiken Jason W,,0001209191-21-017708,2021-03-02,F,1926.0,167.68,93009.0,D,,,,,,
40533,2021-03-05,GD,CROWN JAMES S,,0000899243-21-010138,2021-03-03,A,475.0,0.0,18835.0,D,,,,,,
40533,2021-03-05,GD,Wall Peter A,,0001209191-21-018080,2021-03-03,A,475.0,0.0,2999.0,D,,,,,,
40533,2021-03-05,GD,Stratton John G,,0001209191-21-018078,2021-03-03,A,475.0,0.0,4562.0,D,,,,,,
40533,2021-03-05,GD,STEEL ROBERT K,,0001209191-21-018076,2021-03-03,A,475.0,0.0,475.0,D,,,,,,
40533,2021-03-05,GD,Reynolds Catherine B,,0001209191-21-018071,2021-03-03,A,475.0,0.0,3749.0,D,,,,,,
40533,2021-03-05,GD,Schumacher Laura J,,0001209191-21-018073,2021-03-03,A,475.0,0.0,7638.0,D,,,,,,
40533,2021-03-05,GD,Nye C Howard,,0001209191-21-018067,2021-03-03,A,475.0,0.0,3072.0,D,,,,,,
40533,2021-03-05,GD,Malcolm Mark,,0001209191-21-018063,2021-03-03,A,475.0,0.0,6991.0,D,,,,,,
40533,2021-03-05,GD,HANEY CECIL D,,0001209191-21-018061,2021-03-03,A,475.0,0.0,1503.0,D,,,,,,
40533,2021-03-05,GD,DE LEON RUDY F,,0001209191-21-018059,2021-03-03,A,475.0,0.0,4303.0,D,,,,,,
40533,2021-03-05,GD,OSBORN WILLIAM A,,0001209191-21-018069,2021-03-03,A,475.0,0.0,36340.0,D,,,,,,
40533,2021-03-05,GD,Mattis James N,,0001209191-21-018065,2021-03-03,A,475.0,0.0,1125.0,D,,,,,,
40533,2021-03-10,GD,NOVAKOVIC PHEBE N,,0001209191-21-019406,2021-03-08,F,7050.0,172.96,714678.0,D,,,,,,
40533,2021-03-10,GD,OSBORN WILLIAM A,,0001209191-21-019416,2021-03-08,F,74.0,172.96,36266.0,D,,,,,,
40533,2021-03-10,GD,Moss William A,,0001209191-21-019403,2021-03-08,F,332.0,172.96,9571.0,D,,,,,,
40533,2021-03-10,GD,Roualet Mark C.,,0001209191-21-019409,2021-03-08,F,1737.0,172.96,133690.0,D,,,,,,
40533,2021-03-10,GD,Reynolds Catherine B,,0001209191-21-019418,2021-03-08,F,93.0,172.96,3656.0,D,,,,,,
40533,2021-03-10,GD,Wall Peter A,,0001209191-21-019421,2021-03-08,F,101.0,172.96,2898.0,D,,,,,,
40533,2021-03-10,GD,DE LEON RUDY F,,0001209191-21-019412,2021-03-08,F,93.0,172.96,4210.0,D,,,,,,
40533,2021-03-10,GD,Marzilli Christopher,,0001209191-21-019401,2021-03-08,F,688.0,172.96,74387.0,D,,,,,,
40533,2021-03-10,GD,Gallopoulos Gregory S,,0001209191-21-019387,2021-03-08,F,1162.0,172.96,118339.0,D,,,,,,
40533,2021-03-10,GD,Aiken Jason W,,0001209191-21-019376,2021-03-08,F,1662.0,172.96,96447.0,D,,,,,,
40533,2021-03-10,GD,Deep Danny,,0001209191-21-019383,2021-03-08,F,282.0,172.96,12052.261,D,,,,,,
40533,2021-03-10,GD,Kuryea Kimberly A,,0001209191-21-019398,2021-03-08,F,1069.0,172.96,67604.0,D,,,,,,
40533,2021-03-10,GD,Graney Kevin M,,0001209191-21-019394,2021-03-08,F,536.0,172.96,26544.0,D,,,,,,
40533,2021-03-10,GD,Burns Mark Lagrand,,0001209191-21-019380,2021-03-08,F,1229.0,172.96,50955.154,D,,,,,,
40533,2021-03-10,GD,Gilliland Marguerite Amy,,0001209191-21-019392,2021-03-08,F,934.0,172.96,39411.0,D,,,,,,
40533,2021-03-10,GD,Brady Christopher J,,0001209191-21-019378,2021-03-08,F,218.0,172.96,13079.0,D,,,,,,
40533,2021-03-18,GD,Malcolm Mark,,0001209191-21-021726,2021-03-16,A,135.0,175.48,7126.0,D,,,,,,
40533,2021-03-18,GD,Wall Peter A,,0001209191-21-021739,2021-03-16,A,18.0,175.48,2916.0,D,,,,,,
40533,2021-03-18,GD,Nye C Howard,,0001209191-21-021729,2021-03-16,A,135.0,175.48,3207.0,D,,,,,,
40533,2021-03-18,GD,Schumacher Laura J,,0001209191-21-021731,2021-03-16,A,135.0,175.48,7773.0,D,,,,,,
40533,2021-03-18,GD,DE LEON RUDY F,,0001209191-21-021717,2021-03-16,A,67.0,175.48,4277.0,D,,,,,,
40533,2021-03-18,GD,Reynolds Catherine B,,0001209191-21-021733,2021-03-16,A,135.0,175.48,3791.0,D,,,,,,
40533,2021-03-18,GD,STEEL ROBERT K,,0001209191-21-021735,2021-03-16,A,58.0,175.48,533.0,D,,,,,,
40533,2021-03-18,GD,HANEY CECIL D,,0001209191-21-021720,2021-03-16,A,27.0,175.48,1530.0,D,,,,,,
40533,2021-03-18,GD,Stratton John G,,0001209191-21-021737,2021-03-16,A,135.0,175.48,4697.0,D,,,,,,
40533,2021-05-11,GD,Smith Robert Edward,,0001209191-21-031582,2021-05-07,A,9.183,193.845,31362.362,D,,,,,,
40533,2021-05-11,GD,Deep Danny,,0001209191-21-031580,2021-05-07,A,32.756,193.845,12085.017,D,,,,,,
40533,2021-06-09,GD,Nye C Howard,,0001209191-21-039145,2021-06-07,F,55.0,192.46,3152.0,D,,,,,,
40533,2021-06-21,GD,Wall Peter A,,0001209191-21-041896,2021-06-16,A,17.0,192.15,2933.0,D,,,,,,
40533,2021-06-21,GD,Stratton John G,,0001209191-21-041893,2021-06-16,A,123.0,192.15,4820.0,D,,,,,,
40533,2021-06-21,GD,STEEL ROBERT K,,0001209191-21-041891,2021-06-16,A,123.0,192.15,656.0,D,,,,,,
40533,2021-06-21,GD,Reynolds Catherine B,,0001209191-21-041884,2021-06-16,A,123.0,192.15,3914.0,D,,,,,,
40533,2021-06-21,GD,Schumacher Laura J,,0001209191-21-041886,2021-06-16,A,123.0,192.15,7896.0,D,,,,,,
40533,2021-06-21,GD,Malcolm Mark,,0001209191-21-041877,2021-06-16,A,123.0,192.15,7249.0,D,,,,,,
40533,2021-06-21,GD,HANEY CECIL D,,0001209191-21-041872,2021-06-16,A,24.0,192.15,1554.0,D,,,,,,
40533,2021-06-21,GD,Nye C Howard,,0001209191-21-041881,2021-06-16,A,123.0,192.15,3275.0,D,,,,,,
40533,2021-06-21,GD,DE LEON RUDY F,,0001209191-21-041860,2021-06-16,A,61.0,192.15,4338.0,D,,,,,,
40533,2021-08-03,GD,Gallopoulos Gregory S,,0001209191-21-049276,2021-07-30,F,33478.0,195.515,123161.0,D,,,,,,
40533,2021-08-03,GD,Gallopoulos Gregory S,,0001209191-21-049276,2021-07-30,M,38300.0,136.78,156639.0,D,,,,,,
40533,2021-08-10,GD,Smith Robert Edward,,0001209191-21-050557,2021-08-06,A,9.025,198.45,31371.387,D,,,,,,
40533,2021-08-10,GD,Deep Danny,,0001209191-21-050555,2021-08-06,A,32.193,198.45,12117.21,D,,,,,,
40533,2021-09-03,GD,Gilliland Marguerite Amy,,0001209191-21-054671,2021-09-01,M,28840.0,136.78,68251.0,D,,,,,,
40533,2021-09-03,GD,Gilliland Marguerite Amy,,0001209191-21-054671,2021-09-01,F,24138.0,199.41,44113.0,D,,,,,,
40533,2021-09-20,GD,Nye C Howard,,0001209191-21-056838,2021-09-16,A,120.0,197.77,3395.0,D,,,,,,
40533,2021-09-20,GD,Malcolm Mark,,0001209191-21-056835,2021-09-16,A,120.0,197.77,7369.0,D,,,,,,
40533,2021-09-20,GD,Stratton John G,,0001209191-21-056849,2021-09-16,A,120.0,197.77,4940.0,D,,,,,,
40533,2021-09-20,GD,Wall Peter A,,0001209191-21-056854,2021-09-16,A,16.0,197.77,2949.0,D,,,,,,
40533,2021-09-20,GD,Reynolds Catherine B,,0001209191-21-056840,2021-09-16,A,120.0,197.77,4034.0,D,,,,,,
40533,2021-09-20,GD,Schumacher Laura J,,0001209191-21-056842,2021-09-16,A,120.0,197.77,8016.0,D,,,,,,
40533,2021-09-20,GD,HANEY CECIL D,,0001209191-21-056831,2021-09-16,A,24.0,197.77,1578.0,D,,,,,,
40533,2021-09-20,GD,STEEL ROBERT K,,0001209191-21-056845,2021-09-16,A,120.0,197.77,776.0,D,,,,,,
40533,2021-09-20,GD,DE LEON RUDY F,,0001209191-21-056829,2021-09-16,A,60.0,197.77,4398.0,D,,,,,,
40533,2021-11-02,GD,Aiken Jason W,,0001209191-21-062416,2021-10-29,M,16725.0,136.78,113172.0,D,,,,,,
40533,2021-11-02,GD,Aiken Jason W,,0001209191-21-062416,2021-10-29,F,13993.0,203.1,99179.0,D,,,,,,
40533,2021-11-16,GD,Smith Robert Edward,,0001209191-21-064682,2021-11-12,A,9.009,199.985,31380.396,D,,,,,,
40533,2021-11-16,GD,Deep Danny,,0001209191-21-064680,2021-11-12,A,32.138,199.985,12149.348,D,,,,,,
40533,2021-12-08,GD,Marzilli Christopher,,0001209191-21-068498,2021-12-06,G,1591.0,0.0,72796.0,D,,,,,,
40533,2021-12-20,GD,Wall Peter A,,0001209191-21-070570,2021-12-16,A,16.0,204.85,2965.0,D,,,,,,
40533,2021-12-20,GD,Stratton John G,,0001209191-21-070558,2021-12-16,A,115.0,204.85,5055.0,D,,,,,,
40533,2021-12-20,GD,Reynolds Catherine B,,0001209191-21-070547,2021-12-16,A,115.0,204.85,4149.0,D,,,,,,
40533,2021-12-20,GD,Nye C Howard,,0001209191-21-070543,2021-12-16,A,115.0,204.85,3510.0,D,,,,,,
40533,2021-12-20,GD,Schumacher Laura J,,0001209191-21-070550,2021-12-16,A,115.0,204.85,8131.0,D,,,,,,
40533,2021-12-20,GD,HANEY CECIL D,,0001209191-21-070536,2021-12-16,A,23.0,204.85,1601.0,D,,,,,,
40533,2021-12-20,GD,STEEL ROBERT K,,0001209191-21-070552,2021-12-16,A,115.0,204.85,891.0,D,,,,,,
40533,2021-12-20,GD,Malcolm Mark,,0001209191-21-070541,2021-12-16,A,115.0,204.85,7484.0,D,,,,,,
40533,2021-12-20,GD,DE LEON RUDY F,,0001209191-21-070525,2021-12-16,A,57.0,204.85,4455.0,D,,,,,,
40533,2021-12-21,GD,Moss William A,,0001209191-21-070754,2021-12-17,M,2500.0,136.78,12071.0,D,,,,,,
40533,2021-12-21,GD,Moss William A,,0001209191-21-070754,2021-12-17,S,2051.0,203.7,10020.0,D,,,,,,
40533,2022-02-08,GD,Deep Danny,,0001209191-22-007709,2022-02-04,A,30.283,213.494,12179.631,D,,,,,,
40533,2022-02-08,GD,Smith Robert Edward,,0001209191-22-007712,2022-02-04,A,8.49,213.494,31388.886,D,,,,,,
40533,2022-03-02,GD,Roualet Mark C.,,0001209191-22-014620,2022-02-28,M,23600.0,136.78,152290.0,D,,,,,,
40533,2022-03-02,GD,Roualet Mark C.,,0001209191-22-014620,2022-02-28,F,18579.0,232.38,133711.0,D,,,,,,
40533,2022-03-03,GD,Roualet Mark C.,,0001209191-22-015424,2022-03-02,A,3005.0,0.0,144333.0,D,,,,,,
40533,2022-03-03,GD,Moss William A,,0001209191-22-015420,2022-03-01,A,957.0,0.0,10977.0,D,,,,,,
40533,2022-03-03,GD,Brady Christopher J,,0001209191-22-015335,2022-03-02,A,2150.0,0.0,15810.0,D,,,,,,
40533,2022-03-03,GD,NOVAKOVIC PHEBE N,,0001209191-22-015414,2022-03-01,F,200495.0,233.48,763013.0,D,,,,,,
40533,2022-03-03,GD,Graney Kevin M,,0001209191-22-015390,2022-03-01,A,1660.0,0.0,28204.0,D,,,,,,
40533,2022-03-03,GD,Deep Danny,,0001209191-22-015356,2022-03-01,A,634.0,0.0,12813.631,D,,,,,,
40533,2022-03-03,GD,NOVAKOVIC PHEBE N,,0001209191-22-015414,2022-03-01,M,248830.0,136.78,963508.0,D,,,,,,
40533,2022-03-03,GD,Moss William A,,0001209191-22-015420,2022-03-01,F,446.0,234.57,10531.0,D,,,,,,
40533,2022-03-03,GD,Brady Christopher J,,0001209191-22-015335,2022-03-01,F,480.0,234.57,13660.0,D,,,,,,
40533,2022-03-03,GD,Kuryea Kimberly A,,0001209191-22-015395,2022-03-01,F,1250.0,234.57,69115.0,D,,,,,,
40533,2022-03-03,GD,Marzilli Christopher,,0001209191-22-015401,2022-03-02,A,3005.0,0.0,77717.0,D,,,,,,
40533,2022-03-03,GD,Smith Robert Edward,,0001209191-22-015428,2022-03-01,F,1245.0,234.57,32899.886,D,,,,,,
40533,2022-03-03,GD,Roualet Mark C.,,0001209191-22-015424,2022-03-01,F,2446.0,234.57,141328.0,D,,,,,,
40533,2022-03-03,GD,Kuryea Kimberly A,,0001209191-22-015395,2022-03-02,A,2650.0,0.0,71765.0,D,,,,,,
40533,2022-03-03,GD,NOVAKOVIC PHEBE N,,0001209191-22-015414,2022-03-02,A,12880.0,0.0,787872.0,D,,,,,,
40533,2022-03-03,GD,NOVAKOVIC PHEBE N,,0001209191-22-015414,2022-03-01,A,21820.0,0.0,784833.0,D,,,,,,
40533,2022-03-03,GD,Roualet Mark C.,,0001209191-22-015424,2022-03-01,A,5063.0,0.0,143774.0,D,,,,,,
40533,2022-03-03,GD,Gallopoulos Gregory S,,0001209191-22-015363,2022-03-02,A,3090.0,0.0,136628.0,D,,,,,,
40533,2022-03-03,GD,Kuryea Kimberly A,,0001209191-22-015395,2022-03-01,A,2761.0,0.0,70365.0,D,,,,,,
40533,2022-03-03,GD,Smith Robert Edward,,0001209191-22-015428,2022-03-02,A,3265.0,0.0,36164.886,D,,,,,,
40533,2022-03-03,GD,Aiken Jason W,,0001209191-22-015324,2022-03-02,A,3865.0,0.0,105894.0,D,,,,,,
40533,2022-03-03,GD,Gilliland Marguerite Amy,,0001209191-22-015379,2022-03-01,F,1141.0,234.57,45491.0,D,,,,,,
40533,2022-03-03,GD,Burns Mark Lagrand,,0001209191-22-015348,2022-03-01,F,1477.0,234.57,52752.154,D,,,,,,
40533,2022-03-03,GD,Moss William A,,0001209191-22-015420,2022-03-02,A,1045.0,0.0,11576.0,D,,,,,,
40533,2022-03-03,GD,Aiken Jason W,,0001209191-22-015324,2022-03-01,A,5189.0,0.0,104368.0,D,,,,,,
40533,2022-03-03,GD,Deep Danny,,0001209191-22-015356,2022-03-02,A,2040.0,0.0,14543.631,D,,,,,,
40533,2022-03-03,GD,Marzilli Christopher,,0001209191-22-015401,2022-03-01,F,1577.0,234.57,74712.0,D,,,,,,
40533,2022-03-03,GD,Marzilli Christopher,,0001209191-22-015401,2022-03-01,A,3493.0,0.0,76289.0,D,,,,,,
40533,2022-03-03,GD,Kuryea Kimberly A,,0001209191-22-015395,2022-03-02,F,9886.0,235.21,74509.0,D,,,,,,
40533,2022-03-03,GD,Gilliland Marguerite Amy,,0001209191-22-015379,2022-03-02,A,2465.0,0.0,47956.0,D,,,,,,
40533,2022-03-03,GD,Gilliland Marguerite Amy,,0001209191-22-015379,2022-03-01,A,2519.0,0.0,46632.0,D,,,,,,
40533,2022-03-03,GD,Kuryea Kimberly A,,0001209191-22-015395,2022-03-02,M,12630.0,136.78,84395.0,D,,,,,,
40533,2022-03-03,GD,Deep Danny,,0001209191-22-015356,2022-03-01,F,310.0,234.57,12503.631,D,,,,,,
40533,2022-03-03,GD,Gallopoulos Gregory S,,0001209191-22-015363,2022-03-01,F,40523.0,232.38,131808.0,D,,,,,,
40533,2022-03-03,GD,Graney Kevin M,,0001209191-22-015390,2022-03-01,F,775.0,234.57,27429.0,D,,,,,,
40533,2022-03-03,GD,Burns Mark Lagrand,,0001209191-22-015348,2022-03-01,A,3274.0,0.0,54229.154,D,,,,,,
40533,2022-03-03,GD,Aiken Jason W,,0001209191-22-015324,2022-03-01,F,2339.0,234.57,102029.0,D,,,,,,
40533,2022-03-03,GD,Burns Mark Lagrand,,0001209191-22-015348,2022-03-02,A,3435.0,0.0,56187.154,D,,,,,,
40533,2022-03-03,GD,Graney Kevin M,,0001209191-22-015390,2022-03-02,A,2470.0,0.0,29899.0,D,,,,,,
40533,2022-03-03,GD,Gallopoulos Gregory S,,0001209191-22-015363,2022-03-01,A,3153.0,0.0,134961.0,D,,,,,,
40533,2022-03-03,GD,Brady Christopher J,,0001209191-22-015335,2022-03-01,A,1061.0,0.0,14140.0,D,,,,,,
40533,2022-03-03,GD,Smith Robert Edward,,0001209191-22-015428,2022-03-01,A,2756.0,0.0,34144.886,D,,,,,,
40533,2022-03-03,GD,Gallopoulos Gregory S,,0001209191-22-015363,2022-03-01,M,49170.0,135.85,172331.0,D,,,,,,
40533,2022-03-04,GD,Wall Peter A,,0001209191-22-016331,2022-03-02,A,365.0,0.0,3330.0,D,,,,,,
40533,2022-03-04,GD,STEEL ROBERT K,,0001209191-22-016313,2022-03-02,A,365.0,0.0,1256.0,D,,,,,,
40533,2022-03-04,GD,Mattis James N,,0001209191-22-016190,2022-03-02,A,365.0,0.0,1490.0,D,,,,,,
40533,2022-03-04,GD,HANEY CECIL D,,0001209191-22-016165,2022-03-02,A,365.0,0.0,1966.0,D,,,,,,
40533,2022-03-04,GD,Nye C Howard,,0001209191-22-016279,2022-03-02,A,365.0,0.0,3875.0,D,,,,,,
40533,2022-03-04,GD,Schumacher Laura J,,0001209191-22-016302,2022-03-02,A,365.0,0.0,8496.0,D,,,,,,
40533,2022-03-04,GD,Stratton John G,,0001209191-22-016321,2022-03-02,A,365.0,0.0,5420.0,D,,,,,,
40533,2022-03-04,GD,CROWN JAMES S,,0000899243-22-009316,2022-03-02,A,365.0,0.0,19200.0,D,,,,,,
40533,2022-03-04,GD,Malcolm Mark,,0001209191-22-016180,2022-03-02,A,365.0,0.0,7849.0,D,,,,,,
40533,2022-03-04,GD,Reynolds Catherine B,,0001209191-22-016285,2022-03-02,A,365.0,0.0,4514.0,D,,,,,,
40533,2022-03-04,GD,DE LEON RUDY F,,0001209191-22-016155,2022-03-02,A,365.0,0.0,4820.0,D,,,,,,
40533,2022-03-07,GD,Aiken Jason W,,0001209191-22-016657,2022-03-03,M,16105.0,136.78,121999.0,D,,,,,,
40533,2022-03-07,GD,Moss William A,,0001209191-22-016672,2022-03-03,M,3060.0,136.78,14636.0,D,,,,,,
40533,2022-03-07,GD,Aiken Jason W,,0001209191-22-016657,2022-03-03,F,12674.0,238.25,109325.0,D,,,,,,
40533,2022-03-07,GD,Moss William A,,0001209191-22-016672,2022-03-03,S,2391.0,237.17,12245.0,D,,,,,,
40533,2022-03-08,GD,Smith Robert Edward,,0001209191-22-017023,2022-03-04,M,12860.0,136.78,49024.886,D,,,,,,
40533,2022-03-08,GD,Smith Robert Edward,,0001209191-22-017023,2022-03-04,F,9761.0,243.71,39263.886,D,,,,,,
40533,2022-03-09,GD,DE LEON RUDY F,,0001209191-22-017566,2022-03-07,F,124.0,250.24,4696.0,D,,,,,,
40533,2022-03-09,GD,HANEY CECIL D,,0001209191-22-017568,2022-03-07,F,98.0,250.24,1868.0,D,,,,,,
40533,2022-03-09,GD,Deep Danny,,0001209191-22-017536,2022-03-07,F,344.0,250.24,14199.631,D,,,,,,
40533,2022-03-09,GD,Reynolds Catherine B,,0001209191-22-017577,2022-03-07,F,124.0,250.24,4390.0,D,,,,,,
40533,2022-03-09,GD,Aiken Jason W,,0001209191-22-017530,2022-03-07,F,1599.0,250.24,107726.0,D,,,,,,
40533,2022-03-09,GD,Brady Christopher J,,0001209191-22-017532,2022-03-07,F,547.0,250.24,15263.0,D,,,,,,
40533,2022-03-09,GD,Roualet Mark C.,,0001209191-22-017558,2022-03-07,F,1672.0,250.24,142661.0,D,,,,,,
40533,2022-03-09,GD,Graney Kevin M,,0001209191-22-017542,2022-03-07,F,754.0,250.24,29145.0,D,,,,,,
40533,2022-03-09,GD,Wall Peter A,,0001209191-22-017585,2022-03-07,F,134.0,250.24,3196.0,D,,,,,,
40533,2022-03-09,GD,Schumacher Laura J,,0001209191-22-017581,2022-03-07,F,98.0,250.24,8398.0,D,,,,,,
40533,2022-03-09,GD,Moss William A,,0001209191-22-017551,2022-03-07,F,501.0,250.24,11744.0,D,,,,,,
40533,2022-03-09,GD,NOVAKOVIC PHEBE N,,0001209191-22-017555,2022-03-07,F,6720.0,250.24,781152.0,D,,,,,,
40533,2022-03-09,GD,Smith Robert Edward,,0001209191-22-017563,2022-03-07,F,691.0,250.24,38572.886,D,,,,,,
40533,2022-03-09,GD,Nye C Howard,,0001209191-22-017573,2022-03-07,F,98.0,250.24,3777.0,D,,,,,,
40533,2022-03-09,GD,Gilliland Marguerite Amy,,0001209191-22-017540,2022-03-07,F,1317.0,250.24,46639.0,D,,,,,,
40533,2022-03-09,GD,Kuryea Kimberly A,,0001209191-22-017544,2022-03-07,F,1444.0,250.24,73065.0,D,,,,,,
40533,2022-03-09,GD,Marzilli Christopher,,0001209191-22-017546,2022-03-07,F,1076.0,250.24,76641.0,D,,,,,,
40533,2022-03-09,GD,Burns Mark Lagrand,,0001209191-22-017534,2022-03-07,F,1712.0,250.24,54475.154,D,,,,,,
40533,2022-03-09,GD,Gallopoulos Gregory S,,0001209191-22-017538,2022-03-07,F,1679.0,250.24,134979.0,D,,,,,,
40533,2022-03-10,GD,Deep Danny,,0001209191-22-017819,2022-03-08,F,3922.0,240.068,15457.631,D,,,,,,
40533,2022-03-10,GD,Deep Danny,,0001209191-22-017819,2022-03-08,M,5180.0,136.78,19379.631,D,,,,,,
40533,2022-03-17,GD,HANEY CECIL D,,0001209191-22-019570,2022-03-16,A,26.0,235.91,1894.0,D,,,,,,
40533,2022-03-17,GD,DE LEON RUDY F,,0001209191-22-019517,2022-03-16,A,66.0,235.91,4762.0,D,,,,,,
40533,2022-03-17,GD,Mattis James N,,0001209191-22-019591,2022-03-16,A,132.0,235.91,1622.0,D,,,,,,
40533,2022-03-17,GD,Schumacher Laura J,,0001209191-22-019612,2022-03-16,A,132.0,235.91,8530.0,D,,,,,,
40533,2022-03-17,GD,Stratton John G,,0001209191-22-019617,2022-03-16,A,132.0,235.91,5552.0,D,,,,,,
40533,2022-03-17,GD,Reynolds Catherine B,,0001209191-22-019608,2022-03-16,A,132.0,235.91,4522.0,D,,,,,,
40533,2022-03-17,GD,Nye C Howard,,0001209191-22-019601,2022-03-16,A,132.0,235.91,3909.0,D,,,,,,
40533,2022-03-17,GD,Malcolm Mark,,0001209191-22-019576,2022-03-16,A,132.0,235.91,7981.0,D,,,,,,
40533,2022-05-03,GD,Gallopoulos Gregory S,,0001209191-22-026661,2022-04-29,S,10644.0,237.93,124605.0,D,,,,,,
40533,2022-05-03,GD,Gilliland Marguerite Amy,,0001209191-22-026659,2022-04-29,M,38330.0,135.85,84969.0,D,,,,,,
40533,2022-05-03,GD,Gilliland Marguerite Amy,,0001209191-22-026659,2022-04-29,F,30526.0,240.04,54443.0,D,,,,,,
40533,2022-05-10,GD,Deep Danny,,0001209191-22-028020,2022-05-06,A,24.679,238.462,15482.31,D,,,,,,
40533,2022-06-21,GD,Reynolds Catherine B,,0001209191-22-038297,2022-06-16,A,143.0,218.01,4665.0,D,,,,,,
40533,2022-06-21,GD,Mattis James N,,0001209191-22-038290,2022-06-16,A,143.0,218.01,1765.0,D,,,,,,
40533,2022-06-21,GD,Stratton John G,,0001209191-22-038303,2022-06-16,A,143.0,218.01,5695.0,D,,,,,,
40533,2022-06-21,GD,Schumacher Laura J,,0001209191-22-038300,2022-06-16,A,143.0,218.01,8673.0,D,,,,,,
40533,2022-06-21,GD,HANEY CECIL D,,0001209191-22-038282,2022-06-16,A,28.0,218.01,1922.0,D,,,,,,
40533,2022-06-21,GD,DE LEON RUDY F,,0001209191-22-038279,2022-06-16,A,71.0,218.01,4833.0,D,,,,,,
40533,2022-06-21,GD,Nye C Howard,,0001209191-22-038294,2022-06-16,A,143.0,218.01,4052.0,D,,,,,,
40533,2022-06-21,GD,Malcolm Mark,,0001209191-22-038286,2022-06-16,A,143.0,218.01,8124.0,D,,,,,,
40533,2022-08-03,GD,Burns Mark Lagrand,,0001209191-22-044147,2022-08-01,M,11730.0,136.78,66205.154,D,,,,,,
40533,2022-08-03,GD,Burns Mark Lagrand,,0001209191-22-044147,2022-08-01,F,9570.0,225.15,56635.154,D,,,,,,
40533,2022-08-03,GD,Gallopoulos Gregory S,,0001209191-22-044142,2022-08-01,S,11126.0,227.68,113479.0,D,,,,,,
40533,2022-08-09,GD,Deep Danny,,0001209191-22-044962,2022-08-05,A,25.986,227.66,17383.296,D,,,,,,
40533,2022-08-10,GD,NOVAKOVIC PHEBE N,,0001209191-22-045167,2022-08-08,M,320260.0,135.85,1101412.0,D,,,,,,
40533,2022-08-10,GD,NOVAKOVIC PHEBE N,,0001209191-22-045167,2022-08-09,S,41926.0,226.733,810687.0,D,,,,,,
40533,2022-08-10,GD,NOVAKOVIC PHEBE N,,0001209191-22-045167,2022-08-08,F,248799.0,228.87,852613.0,D,,,,,,
40533,2022-08-17,GD,Roualet Mark C.,,0001209191-22-046371,2022-08-15,S,23600.0,240.964,142661.0,D,,,,,,
40533,2022-08-17,GD,Aiken Jason W,,0001209191-22-046365,2022-08-15,F,12524.0,241.83,111202.0,D,,,,,,
40533,2022-08-17,GD,Roualet Mark C.,,0001209191-22-046371,2022-08-15,M,23600.0,136.78,166261.0,D,,,,,,
40533,2022-08-17,GD,Aiken Jason W,,0001209191-22-046365,2022-08-15,M,16000.0,136.78,123726.0,D,,,,,,
40533,2022-09-08,GD,Mattis James N,,0001209191-22-049137,2022-09-06,F,37.0,225.58,1728.0,D,,,,,,
40533,2022-09-08,GD,Smith Robert Edward,,0001209191-22-049140,2022-09-06,F,479.0,225.58,38093.886,D,,,,,,
40533,2022-09-13,GD,CROWN JAMES S,,0000899243-22-030952,2022-09-08,G,192307.0,0.0,211507.0,D,,,,,,
40533,2022-09-20,GD,Reynolds Catherine B,,0001209191-22-050714,2022-09-16,A,136.0,229.0,4801.0,D,,,,,,
40533,2022-09-20,GD,Nye C Howard,,0001209191-22-050712,2022-09-16,A,136.0,229.0,4188.0,D,,,,,,
40533,2022-09-20,GD,Malcolm Mark,,0001209191-22-050702,2022-09-16,A,136.0,229.0,8260.0,D,,,,,,
40533,2022-09-20,GD,HANEY CECIL D,,0001209191-22-050694,2022-09-16,A,27.0,229.0,1949.0,D,,,,,,
40533,2022-09-20,GD,Mattis James N,,0001209191-22-050709,2022-09-16,A,136.0,229.0,1864.0,D,,,,,,
40533,2022-09-20,GD,DE LEON RUDY F,,0001209191-22-050691,2022-09-16,A,68.0,229.0,4901.0,D,,,,,,
40533,2022-09-20,GD,Stratton John G,,0001209191-22-050724,2022-09-16,A,136.0,229.0,5831.0,D,,,,,,
40533,2022-09-20,GD,Schumacher Laura J,,0001209191-22-050721,2022-09-16,A,136.0,229.0,8809.0,D,,,,,,
40533,2022-11-04,GD,Kuryea Kimberly A,,0001209191-22-055768,2022-11-02,M,15970.0,135.85,89035.0,D,,,,,,
40533,2022-11-04,GD,Kuryea Kimberly A,,0001209191-22-055768,2022-11-02,F,12562.0,249.25,76473.0,D,,,,,,
40533,2022-11-15,GD,Deep Danny,,0001209191-22-056970,2022-11-10,A,23.605,252.01,17406.901,D,,,,,,
40533,2022-12-06,GD,Graney Kevin M,,0001209191-22-059961,2022-12-02,F,142.0,253.72,29003.0,D,,,,,,
40533,2022-12-20,GD,Schumacher Laura J,,0001209191-22-062161,2022-12-16,A,127.0,245.39,8936.0,D,,,,,,
40533,2022-12-20,GD,DE LEON RUDY F,,0001209191-22-062133,2022-12-16,A,63.0,245.39,4964.0,D,,,,,,
40533,2022-12-20,GD,HANEY CECIL D,,0001209191-22-062135,2022-12-16,A,25.0,245.39,1974.0,D,,,,,,
40533,2022-12-20,GD,Nye C Howard,,0001209191-22-062151,2022-12-16,A,127.0,245.39,4315.0,D,,,,,,
40533,2022-12-20,GD,Stratton John G,,0001209191-22-062163,2022-12-16,A,127.0,245.39,5958.0,D,,,,,,
40533,2022-12-20,GD,Reynolds Catherine B,,0001209191-22-062147,2022-12-16,A,127.0,245.39,4928.0,D,,,,,,
40533,2022-12-20,GD,Mattis James N,,0001209191-22-062144,2022-12-16,A,127.0,245.39,1991.0,D,,,,,,
40533,2022-12-20,GD,Malcolm Mark,,0001209191-22-062137,2022-12-16,A,127.0,245.39,8387.0,D,,,,,,
40533,2023-01-31,GD,Burns Mark Lagrand,,0001209191-23-005840,2023-01-27,S,27600.0,226.932,56909.154,D,,,,,,
40533,2023-01-31,GD,Burns Mark Lagrand,,0001209191-23-005840,2023-01-27,M,27600.0,135.85,84509.154,D,,,,,,
40533,2023-02-14,GD,Deep Danny,,0001209191-23-009162,2023-02-10,A,25.861,231.175,17432.762,D,,,,,,
40533,2023-03-08,GD,Moss William A,,0001209191-23-017133,2023-03-06,F,619.0,231.97,11125.0,D,,,,,,
40533,2023-03-08,GD,DE LEON RUDY F,,0001209191-23-017162,2023-03-06,F,135.0,231.97,4829.0,D,,,,,,
40533,2023-03-08,GD,Reynolds Catherine B,,0001209191-23-017193,2023-03-06,F,135.0,231.97,4793.0,D,,,,,,
40533,2023-03-08,GD,Schumacher Laura J,,0001209191-23-017196,2023-03-06,F,107.0,231.97,8829.0,D,,,,,,
40533,2023-03-08,GD,Mattis James N,,0001209191-23-017185,2023-03-06,F,107.0,231.97,1884.0,D,,,,,,
40533,2023-03-08,GD,Smith Robert Edward,,0001209191-23-017153,2023-03-06,F,1582.0,231.97,36511.886,D,,,,,,
40533,2023-03-08,GD,Stratton John G,,0001209191-23-017200,2023-03-06,F,107.0,231.97,5851.0,D,,,,,,
40533,2023-03-08,GD,Roualet Mark C.,,0001209191-23-017149,2023-03-06,F,1793.0,231.97,140868.0,D,,,,,,
40533,2023-03-08,GD,Nye C Howard,,0001209191-23-017190,2023-03-06,F,107.0,231.97,4208.0,D,,,,,,
40533,2023-03-08,GD,HANEY CECIL D,,0001209191-23-017176,2023-03-06,F,107.0,231.97,1867.0,D,,,,,,
40533,2023-03-08,GD,Graney Kevin M,,0001209191-23-017129,2023-03-06,F,1324.0,231.97,27679.0,D,,,,,,
40533,2023-03-08,GD,NOVAKOVIC PHEBE N,,0001209191-23-017135,2023-03-06,F,7523.0,231.97,773629.0,D,,,,,,
40533,2023-03-08,GD,Deep Danny,,0001209191-23-017121,2023-03-06,F,893.0,231.97,16539.762,D,,,,,,
40533,2023-03-08,GD,Brady Christopher J,,0001209191-23-017116,2023-03-06,F,1236.0,231.97,14027.0,D,,,,,,
40533,2023-03-08,GD,Wall Peter A,,0001209191-23-017202,2023-03-06,F,146.0,231.97,3050.0,D,,,,,,
40533,2023-03-08,GD,Gilliland Marguerite Amy,,0001209191-23-017127,2023-03-06,F,1460.0,231.97,52983.0,D,,,,,,
40533,2023-03-08,GD,Gallopoulos Gregory S,,0001209191-23-017123,2023-03-06,F,1475.0,231.97,112004.0,D,,,,,,
40533,2023-03-08,GD,Burns Mark Lagrand,,0001209191-23-017119,2023-03-06,F,1635.0,231.97,55274.154,D,,,,,,
40533,2023-03-08,GD,Aiken Jason W,,0001209191-23-017113,2023-03-06,F,2181.0,231.97,109021.0,D,,,,,,
40533,2023-03-08,GD,Kuryea Kimberly A,,0001209191-23-017131,2023-03-06,F,1613.0,231.97,74860.0,D,,,,,,
40533,2023-03-09,GD,Moss William A,,0001209191-23-017566,2023-03-08,A,1090.0,0.0,12830.0,D,,,,,,
40533,2023-03-09,GD,Mattis James N,,0001209191-23-017594,2023-03-08,A,375.0,0.0,2259.0,D,,,,,,
40533,2023-03-09,GD,Smith Robert Edward,,0001209191-23-017555,2023-03-07,A,9216.0,0.0,45727.886,D,,,,,,
40533,2023-03-09,GD,Reynolds Catherine B,,0001209191-23-017598,2023-03-08,A,375.0,0.0,5168.0,D,,,,,,
40533,2023-03-09,GD,Smith Robert Edward,,0001209191-23-017555,2023-03-08,A,3250.0,0.0,44820.886,D,,,,,,
40533,2023-03-09,GD,NOVAKOVIC PHEBE N,,0001209191-23-017547,2023-03-08,A,13620.0,0.0,811322.0,D,,,,,,
40533,2023-03-09,GD,Gilliland Marguerite Amy,,0001209191-23-017530,2023-03-08,A,3180.0,0.0,57657.0,D,,,,,,
40533,2023-03-09,GD,Roualet Mark C.,,0001209191-23-017562,2023-03-08,A,3295.0,0.0,149205.0,D,,,,,,
40533,2023-03-09,GD,Aiken Jason W,,0001209191-23-017512,2023-03-08,A,5275.0,0.0,121272.0,D,,,,,,
40533,2023-03-09,GD,Malcolm Mark,,0001209191-23-017592,2023-03-08,A,375.0,0.0,8762.0,D,,,,,,
40533,2023-03-09,GD,Kuryea Kimberly A,,0001209191-23-017537,2023-03-07,F,1349.0,231.88,76502.0,D,,,,,,
40533,2023-03-09,GD,Aiken Jason W,,0001209191-23-017512,2023-03-07,F,5732.0,231.88,115997.0,D,,,,,,
40533,2023-03-09,GD,HANEY CECIL D,,0001209191-23-017587,2023-03-08,A,375.0,0.0,2242.0,D,,,,,,
40533,2023-03-09,GD,Nye C Howard,,0001209191-23-017596,2023-03-08,A,375.0,0.0,4583.0,D,,,,,,
40533,2023-03-09,GD,Aiken Jason W,,0001209191-23-017512,2023-03-07,A,12708.0,0.0,121729.0,D,,,,,,
40533,2023-03-09,GD,Roualet Mark C.,,0001209191-23-017562,2023-03-07,F,4711.0,231.88,145910.0,D,,,,,,
40533,2023-03-09,GD,Burns Mark Lagrand,,0001209191-23-017518,2023-03-07,A,9532.0,0.0,64806.154,D,,,,,,
40533,2023-03-09,GD,Clarke Richard D,,0001209191-23-017582,2023-03-08,A,375.0,0.0,375.0,D,,,,,,
40533,2023-03-09,GD,Brady Christopher J,,0001209191-23-017515,2023-03-07,A,2420.0,0.0,16447.0,D,,,,,,
40533,2023-03-09,GD,Schumacher Laura J,,0001209191-23-017600,2023-03-08,A,375.0,0.0,9204.0,D,,,,,,
40533,2023-03-09,GD,Deep Danny,,0001209191-23-017524,2023-03-07,A,1579.0,0.0,18118.762,D,,,,,,
40533,2023-03-09,GD,Smith Robert Edward,,0001209191-23-017555,2023-03-07,F,4157.0,231.88,41570.886,D,,,,,,
40533,2023-03-09,GD,Kuryea Kimberly A,,0001209191-23-017537,2023-03-07,A,2991.0,0.0,77851.0,D,,,,,,
40533,2023-03-09,GD,Deep Danny,,0001209191-23-017524,2023-03-07,F,689.0,231.88,17429.762,D,,,,,,
40533,2023-03-09,GD,Moss William A,,0001209191-23-017566,2023-03-07,F,506.0,231.88,11740.0,D,,,,,,
40533,2023-03-09,GD,Brady Christopher J,,0001209191-23-017515,2023-03-08,A,2140.0,0.0,17550.0,D,,,,,,
40533,2023-03-09,GD,Gilliland Marguerite Amy,,0001209191-23-017530,2023-03-07,A,2722.0,0.0,55705.0,D,,,,,,
40533,2023-03-09,GD,NOVAKOVIC PHEBE N,,0001209191-23-017547,2023-03-07,F,19777.0,231.88,797702.0,D,,,,,,
40533,2023-03-09,GD,Burns Mark Lagrand,,0001209191-23-017518,2023-03-08,A,4175.0,0.0,64682.154,D,,,,,,
40533,2023-03-09,GD,Graney Kevin M,,0001209191-23-017534,2023-03-07,A,2390.0,0.0,30069.0,D,,,,,,
40533,2023-03-09,GD,Graney Kevin M,,0001209191-23-017534,2023-03-07,F,1108.0,231.88,28961.0,D,,,,,,
40533,2023-03-09,GD,STEEL ROBERT K,,0001209191-23-017602,2023-03-08,A,375.0,0.0,1631.0,D,,,,,,
40533,2023-03-09,GD,Moss William A,,0001209191-23-017566,2023-03-07,A,1121.0,0.0,12246.0,D,,,,,,
40533,2023-03-09,GD,Burns Mark Lagrand,,0001209191-23-017518,2023-03-07,F,4299.0,231.88,60507.154,D,,,,,,
40533,2023-03-09,GD,Wall Peter A,,0001209191-23-017609,2023-03-08,A,375.0,0.0,3425.0,D,,,,,,
40533,2023-03-09,GD,Kuryea Kimberly A,,0001209191-23-017537,2023-03-08,A,2695.0,0.0,79197.0,D,,,,,,
40533,2023-03-09,GD,Gallopoulos Gregory S,,0001209191-23-017526,2023-03-07,A,8580.0,0.0,120584.0,D,,,,,,
40533,2023-03-09,GD,Graney Kevin M,,0001209191-23-017534,2023-03-08,A,2430.0,0.0,31391.0,D,,,,,,
40533,2023-03-09,GD,DE LEON RUDY F,,0001209191-23-017571,2023-03-08,A,375.0,0.0,5204.0,D,,,,,,
40533,2023-03-09,GD,Deep Danny,,0001209191-23-017524,2023-03-08,A,2625.0,0.0,20054.762,D,,,,,,
40533,2023-03-09,GD,Gallopoulos Gregory S,,0001209191-23-017526,2023-03-08,A,3105.0,0.0,119819.0,D,,,,,,
40533,2023-03-09,GD,Gilliland Marguerite Amy,,0001209191-23-017530,2023-03-07,F,1228.0,231.88,54477.0,D,,,,,,
40533,2023-03-09,GD,Roualet Mark C.,,0001209191-23-017562,2023-03-07,A,9753.0,0.0,150621.0,D,,,,,,
40533,2023-03-09,GD,Gallopoulos Gregory S,,0001209191-23-017526,2023-03-07,F,3870.0,231.88,116714.0,D,,,,,,
40533,2023-03-09,GD,NOVAKOVIC PHEBE N,,0001209191-23-017547,2023-03-07,A,43850.0,0.0,817479.0,D,,,,,,
40533,2023-03-09,GD,Brady Christopher J,,0001209191-23-017515,2023-03-07,F,1037.0,231.88,15410.0,D,,,,,,
40533,2023-03-09,GD,Stratton John G,,0001209191-23-017606,2023-03-08,A,375.0,0.0,6226.0,D,,,,,,
40533,2023-03-10,GD,CROWN JAMES S,,0000899243-23-008032,2023-03-08,A,375.0,0.0,19575.0,D,,,,,,
40533,2023-03-20,GD,HANEY CECIL D,,0001209191-23-020070,2023-03-16,A,14.0,215.31,2256.0,D,,,,,,
40533,2023-03-20,GD,Schumacher Laura J,,0001209191-23-020086,2023-03-16,A,145.0,215.31,9349.0,D,,,,,,
40533,2023-03-20,GD,Mattis James N,,0001209191-23-020078,2023-03-16,A,145.0,215.31,2404.0,D,,,,,,
40533,2023-03-20,GD,Reynolds Catherine B,,0001209191-23-020084,2023-03-16,A,145.0,215.31,5313.0,D,,,,,,
40533,2023-03-20,GD,Stratton John G,,0001209191-23-020090,2023-03-16,A,145.0,215.31,6371.0,D,,,,,,
40533,2023-03-20,GD,DE LEON RUDY F,,0001209191-23-020067,2023-03-16,A,72.0,215.31,5276.0,D,,,,,,
40533,2023-03-20,GD,STEEL ROBERT K,,0001209191-23-020088,2023-03-16,A,145.0,215.31,1776.0,D,,,,,,
40533,2023-03-20,GD,Malcolm Mark,,0001209191-23-020074,2023-03-16,A,145.0,215.31,8907.0,D,,,,,,
40533,2023-03-20,GD,Nye C Howard,,0001209191-23-020082,2023-03-16,A,145.0,215.31,4728.0,D,,,,,,
40533,2023-05-04,GD,Malcolm Mark,,0001209191-23-027292,2023-05-02,P,4700.0,214.4704,4700.0,I,,,,,,
40533,2023-05-16,GD,Deep Danny,,0001209191-23-029715,2023-05-12,A,17.32,209.218,20072.082,D,,,,,,
40533,2023-06-20,GD,Hooper Charles W,,0001209191-23-038308,2023-06-15,A,230.0,0.0,230.0,D,,,,,,
40533,2023-06-20,GD,HANEY CECIL D,,0001209191-23-038314,2023-06-16,A,14.0,213.8,2270.0,D,,,,,,
40533,2023-06-20,GD,Malcolm Mark,,0001209191-23-038316,2023-06-16,A,146.0,213.8,9053.0,D,,,,,,
40533,2023-06-20,GD,Mattis James N,,0001209191-23-038318,2023-06-16,A,146.0,213.8,2550.0,D,,,,,,
40533,2023-06-20,GD,DE LEON RUDY F,,0001209191-23-038312,2023-06-16,A,73.0,213.8,5349.0,D,,,,,,
40533,2023-06-20,GD,Schumacher Laura J,,0001209191-23-038324,2023-06-16,A,146.0,213.8,9495.0,D,,,,,,
40533,2023-06-20,GD,Stratton John G,,0001209191-23-038328,2023-06-16,A,146.0,213.8,6517.0,D,,,,,,
40533,2023-06-20,GD,Nye C Howard,,0001209191-23-038320,2023-06-16,A,146.0,213.8,4874.0,D,,,,,,
40533,2023-06-20,GD,Reynolds Catherine B,,0001209191-23-038322,2023-06-16,A,146.0,213.8,5459.0,D,,,,,,
40533,2023-06-20,GD,STEEL ROBERT K,,0001209191-23-038326,2023-06-16,A,146.0,213.8,1922.0,D,,,,,,
40533,2023-08-07,GD,Gilliland Marguerite Amy,,0001209191-23-044874,2023-08-03,S,13500.0,225.463,44157.0,D,,,,,,
40533,2023-08-15,GD,Gallopoulos Gregory S,,0001209191-23-045814,2023-08-11,S,6500.0,225.834,113319.0,D,,,,,,
40533,2023-08-15,GD,NOVAKOVIC PHEBE N,,0001209191-23-045812,2023-08-11,S,12107.0,227.56,799215.0,D,,,,,,
40533,2023-08-15,GD,Deep Danny,,0001209191-23-045810,2023-08-11,A,16.056,227.118,20088.138,D,,,,,,
40533,2023-08-16,GD,Aiken Jason W,,0001209191-23-045989,2023-08-14,F,17921.0,226.34,125751.0,D,,,,,,
40533,2023-08-16,GD,Aiken Jason W,,0001209191-23-045989,2023-08-14,M,22400.0,135.85,143672.0,D,,,,,,
40533,2023-09-20,GD,Mattis James N,,0001209191-23-050126,2023-09-18,A,140.0,222.8,2690.0,D,,,,,,
40533,2023-09-20,GD,Stratton John G,,0001209191-23-050140,2023-09-18,A,140.0,222.8,6657.0,D,,,,,,
40533,2023-09-20,GD,DE LEON RUDY F,,0001209191-23-050120,2023-09-18,A,70.0,222.8,5419.0,D,,,,,,
40533,2023-09-20,GD,HANEY CECIL D,,0001209191-23-050122,2023-09-18,A,14.0,222.8,2284.0,D,,,,,,
40533,2023-09-20,GD,Schumacher Laura J,,0001209191-23-050136,2023-09-18,A,140.0,222.8,9635.0,D,,,,,,
40533,2023-09-20,GD,Malcolm Mark,,0001209191-23-050124,2023-09-18,A,140.0,222.8,9193.0,D,,,,,,
40533,2023-09-20,GD,Nye C Howard,,0001209191-23-050129,2023-09-18,A,140.0,222.8,5014.0,D,,,,,,
40533,2023-09-20,GD,Reynolds Catherine B,,0001209191-23-050134,2023-09-18,A,140.0,222.8,5599.0,D,,,,,,
40533,2023-09-20,GD,STEEL ROBERT K,,0001209191-23-050138,2023-09-18,A,140.0,222.8,2062.0,D,,,,,,
40533,2023-10-31,GD,NOVAKOVIC PHEBE N,,0001209191-23-053923,2023-10-27,G,4115.0,0.0,773977.0,D,,,,,,
40533,2023-10-31,GD,Kuryea Kimberly A,,0001209191-23-053920,2023-10-27,G,4200.0,0.0,74997.0,D,,,,,,
40533,2023-11-01,GD,Gallopoulos Gregory S,,0001209191-23-054008,2023-10-30,S,17188.0,238.043,129331.0,D,,,,,,
40533,2023-11-01,GD,Gallopoulos Gregory S,,0001209191-23-054008,2023-10-30,M,33200.0,191.71,146519.0,D,,,,,,
40533,2023-11-14,GD,Deep Danny,,0001209191-23-055148,2023-11-10,A,15.128,242.438,20103.266,D,,,,,,
40533,2023-12-20,GD,Mattis James N,,0001209191-23-059306,2023-12-18,A,124.0,251.04,2814.0,D,,,,,,
40533,2023-12-20,GD,Malcolm Mark,,0001209191-23-059304,2023-12-18,A,124.0,251.04,9317.0,D,,,,,,
40533,2023-12-20,GD,Stratton John G,,0001209191-23-059316,2023-12-18,A,124.0,251.04,6781.0,D,,,,,,
40533,2023-12-20,GD,Nye C Howard,,0001209191-23-059308,2023-12-18,A,124.0,251.04,5138.0,D,,,,,,
40533,2023-12-20,GD,DE LEON RUDY F,,0001209191-23-059300,2023-12-18,A,62.0,251.04,5481.0,D,,,,,,
40533,2023-12-20,GD,HANEY CECIL D,,0001209191-23-059302,2023-12-18,A,12.0,251.04,2296.0,D,,,,,,
40533,2023-12-20,GD,STEEL ROBERT K,,0001209191-23-059314,2023-12-18,A,124.0,251.04,2186.0,D,,,,,,
40533,2023-12-20,GD,Reynolds Catherine B,,0001209191-23-059310,2023-12-18,A,124.0,251.04,5723.0,D,,,,,,
40533,2023-12-20,GD,Schumacher Laura J,,0001209191-23-059312,2023-12-18,A,124.0,251.04,9759.0,D,,,,,,
40533,2024-01-30,GD,NOVAKOVIC PHEBE N,,0001209191-24-002405,2024-01-29,S,32255.0,264.308,774077.0,D,,,,,,
40533,2024-01-30,GD,NOVAKOVIC PHEBE N,,0001209191-24-002405,2024-01-26,F,179265.0,265.72,806332.0,D,,,,,,
40533,2024-01-30,GD,NOVAKOVIC PHEBE N,,0001209191-24-002405,2024-01-26,M,211620.0,191.71,985597.0,D,,,,,,
40533,2024-01-30,GD,Roualet Mark C.,,0001209191-24-002407,2024-01-26,M,73330.0,135.85,222535.0,D,,,,,,
40533,2024-01-30,GD,Roualet Mark C.,,0001209191-24-002407,2024-01-26,S,24200.0,263.425,198335.0,D,,,,,,
40533,2024-01-30,GD,Moss William A,,0001209191-24-002403,2024-01-26,F,4978.0,264.14,15352.0,D,,,,,,
40533,2024-01-30,GD,Aiken Jason W,,0001209191-24-002401,2024-01-26,F,16728.0,264.19,131523.0,D,,,,,,
40533,2024-01-30,GD,Aiken Jason W,,0001209191-24-002401,2024-01-26,M,22500.0,135.85,148251.0,D,,,,,,
40533,2024-01-30,GD,DE LEON RUDY F,,0001209191-24-002399,2024-01-26,G,197.0,0.0,5284.0,D,,,,,,
40533,2024-01-30,GD,Moss William A,,0001209191-24-002403,2024-01-26,M,7500.0,135.85,20330.0,D,,,,,,
40533,2024-02-01,GD,Smith Robert Edward,,0001209191-24-002547,2024-01-30,M,19320.0,135.85,64140.886,D,,,,,,
40533,2024-02-01,GD,Smith Robert Edward,,0001209191-24-002547,2024-01-30,F,14112.0,267.77,50028.886,D,,,,,,
40533,2024-02-13,GD,Deep Danny,,0001209191-24-003182,2024-02-09,A,13.647,270.21,20116.913,D,,,,,,
40533,2024-03-05,GD,Deep Danny,,0001209191-24-004357,2024-03-01,M,8360.0,135.85,28476.913,D,,,,,,
40533,2024-03-05,GD,Deep Danny,,0001209191-24-004357,2024-03-01,F,5465.0,271.84,23011.913,D,,,,,,
40533,2024-03-06,GD,Gilliland Marguerite Amy,,0001209191-24-004534,2024-03-04,F,1434.0,273.37,42723.0,D,,,,,,
40533,2024-03-06,GD,Graney Kevin M,,0001209191-24-004536,2024-03-04,F,1455.0,273.37,29936.0,D,,,,,,
40533,2024-03-06,GD,Burns Mark Lagrand,,0001209191-24-004528,2024-03-04,F,1863.0,273.37,62819.154,D,,,,,,
40533,2024-03-06,GD,Moss William A,,0001209191-24-004540,2024-03-04,F,639.0,273.37,14713.0,D,,,,,,
40533,2024-03-06,GD,Gallopoulos Gregory S,,0001209191-24-004532,2024-03-04,F,1760.0,273.37,111559.0,D,,,,,,
40533,2024-03-06,GD,Roualet Mark C.,,0001209191-24-004544,2024-03-04,F,1833.0,273.37,147372.0,D,,,,,,
40533,2024-03-06,GD,NOVAKOVIC PHEBE N,,0001209191-24-004542,2024-03-04,F,7760.0,273.37,766217.0,D,,,,,,
40533,2024-03-06,GD,Deep Danny,,0001209191-24-004530,2024-03-04,F,1224.0,273.37,21787.913,D,,,,,,
40533,2024-03-06,GD,Smith Robert Edward,,0001209191-24-004546,2024-03-04,F,1766.0,273.37,48262.886,D,,,,,,
40533,2024-03-06,GD,Kuryea Kimberly A,,0001209191-24-004538,2024-03-04,F,1638.0,273.37,73359.0,D,,,,,,
40533,2024-03-06,GD,Schumacher Laura J,,0001209191-24-004517,2024-03-04,F,105.0,273.37,9654.0,D,,,,,,
40533,2024-03-06,GD,Brady Christopher J,,0001209191-24-004525,2024-03-04,F,1186.0,273.37,16364.0,D,,,,,,
40533,2024-03-06,GD,Wall Peter A,,0001209191-24-004521,2024-03-04,F,143.0,273.37,3282.0,D,,,,,,
40533,2024-03-06,GD,HANEY CECIL D,,0001209191-24-004509,2024-03-04,F,105.0,273.37,2191.0,D,,,,,,
40533,2024-03-06,GD,Stratton John G,,0001209191-24-004519,2024-03-04,F,105.0,273.37,6676.0,D,,,,,,
40533,2024-03-06,GD,DE LEON RUDY F,,0001209191-24-004507,2024-03-04,F,132.0,273.37,5152.0,D,,,,,,
40533,2024-03-06,GD,Reynolds Catherine B,,0001209191-24-004515,2024-03-04,F,105.0,273.37,5618.0,D,,,,,,
40533,2024-03-06,GD,Mattis James N,,0001209191-24-004511,2024-03-04,F,105.0,273.37,2709.0,D,,,,,,
40533,2024-03-06,GD,Aiken Jason W,,0001209191-24-004523,2024-03-04,F,2301.0,273.37,131427.0,D,,,,,,
40533,2024-03-06,GD,Nye C Howard,,0001209191-24-004513,2024-03-04,F,105.0,273.37,5033.0,D,,,,,,
40533,2024-03-07,GD,Reynolds Catherine B,,0001209191-24-004633,2024-03-06,A,310.0,0.0,5928.0,D,,,,,,
40533,2024-03-07,GD,Aiken Jason W,,0001209191-24-004643,2024-03-05,F,9844.0,274.91,143409.0,D,,,,,,
40533,2024-03-07,GD,Graney Kevin M,,0001209191-24-004669,2024-03-06,A,2050.0,0.0,34137.0,D,,,,,,
40533,2024-03-07,GD,Nye C Howard,,0001209191-24-004631,2024-03-06,A,310.0,0.0,5343.0,D,,,,,,
40533,2024-03-07,GD,Gallopoulos Gregory S,,0001209191-24-004664,2024-03-05,A,4998.0,0.0,116557.0,D,,,,,,
40533,2024-03-07,GD,Graney Kevin M,,0001209191-24-004669,2024-03-05,A,4010.0,0.0,33946.0,D,,,,,,
40533,2024-03-07,GD,Gilliland Marguerite Amy,,0001209191-24-004667,2024-03-06,A,2795.0,0.0,47758.0,D,,,,,,
40533,2024-03-07,GD,Moss William A,,0001209191-24-004674,2024-03-05,F,820.0,274.91,15709.0,D,,,,,,
40533,2024-03-07,GD,Roualet Mark C.,,0001209191-24-004679,2024-03-06,A,7285.0,0.0,163052.0,D,,,,,,
40533,2024-03-07,GD,HANEY CECIL D,,0001209191-24-004623,2024-03-06,A,310.0,0.0,2501.0,D,,,,,,
40533,2024-03-07,GD,Aiken Jason W,,0001209191-24-004643,2024-03-05,A,21826.0,0.0,153253.0,D,,,,,,
40533,2024-03-07,GD,Moss William A,,0001209191-24-004674,2024-03-06,A,915.0,0.0,16624.0,D,,,,,,
40533,2024-03-07,GD,Gilliland Marguerite Amy,,0001209191-24-004667,2024-03-05,A,4081.0,0.0,46804.0,D,,,,,,
40533,2024-03-07,GD,Schumacher Laura J,,0001209191-24-004635,2024-03-06,A,310.0,0.0,9964.0,D,,,,,,
40533,2024-03-07,GD,Burns Mark Lagrand,,0001209191-24-004651,2024-03-05,A,17762.0,0.0,80581.154,D,,,,,,
40533,2024-03-07,GD,Burns Mark Lagrand,,0001209191-24-004651,2024-03-06,A,4510.0,0.0,77126.154,D,,,,,,
40533,2024-03-07,GD,Wall Peter A,,0001209191-24-004641,2024-03-06,A,310.0,0.0,3592.0,D,,,,,,
40533,2024-03-07,GD,Deep Danny,,0001209191-24-004659,2024-03-06,A,2695.0,0.0,26381.913,D,,,,,,
40533,2024-03-07,GD,Kuryea Kimberly A,,0001209191-24-004672,2024-03-05,F,2093.0,274.91,75905.0,D,,,,,,
40533,2024-03-07,GD,Gallopoulos Gregory S,,0001209191-24-004664,2024-03-06,A,2610.0,0.0,116912.0,D,,,,,,
40533,2024-03-07,GD,Brady Christopher J,,0001209191-24-004647,2024-03-06,A,1825.0,0.0,20296.0,D,,,,,,
40533,2024-03-07,GD,Deep Danny,,0001209191-24-004659,2024-03-05,F,1469.0,274.91,23686.913,D,,,,,,
40533,2024-03-07,GD,STEEL ROBERT K,,0001209191-24-004637,2024-03-06,A,310.0,0.0,2496.0,D,,,,,,
40533,2024-03-07,GD,Burns Mark Lagrand,,0001209191-24-004651,2024-03-05,F,7965.0,274.91,72616.154,D,,,,,,
40533,2024-03-07,GD,Roualet Mark C.,,0001209191-24-004679,2024-03-05,F,7844.0,274.91,155767.0,D,,,,,,
40533,2024-03-07,GD,Smith Robert Edward,,0001209191-24-004681,2024-03-06,A,2915.0,0.0,60373.886,D,,,,,,
40533,2024-03-07,GD,Moss William A,,0001209191-24-004674,2024-03-05,A,1816.0,0.0,16529.0,D,,,,,,
40533,2024-03-07,GD,Kuryea Kimberly A,,0001209191-24-004672,2024-03-05,A,4639.0,0.0,77998.0,D,,,,,,
40533,2024-03-07,GD,Aiken Jason W,,0001209191-24-004643,2024-03-06,A,4370.0,0.0,147779.0,D,,,,,,
40533,2024-03-07,GD,Roualet Mark C.,,0001209191-24-004679,2024-03-05,A,16239.0,0.0,163611.0,D,,,,,,
40533,2024-03-07,GD,Smith Robert Edward,,0001209191-24-004681,2024-03-05,A,16752.0,0.0,65014.886,D,,,,,,
40533,2024-03-07,GD,Gilliland Marguerite Amy,,0001209191-24-004667,2024-03-05,F,1841.0,274.91,44963.0,D,,,,,,
40533,2024-03-07,GD,Deep Danny,,0001209191-24-004659,2024-03-05,A,3368.0,0.0,25155.913,D,,,,,,
40533,2024-03-07,GD,DE LEON RUDY F,,0001209191-24-004621,2024-03-06,A,310.0,0.0,5462.0,D,,,,,,
40533,2024-03-07,GD,NOVAKOVIC PHEBE N,,0001209191-24-004676,2024-03-05,F,33193.0,274.91,806622.0,D,,,,,,
40533,2024-03-07,GD,Berg Shane,,0001209191-24-004645,2024-03-06,A,1775.0,0.0,4715.0,D,,,,,,
40533,2024-03-07,GD,NOVAKOVIC PHEBE N,,0001209191-24-004676,2024-03-06,A,12205.0,0.0,818827.0,D,,,,,,
40533,2024-03-07,GD,Graney Kevin M,,0001209191-24-004669,2024-03-05,F,1859.0,274.91,32087.0,D,,,,,,
40533,2024-03-07,GD,Kuryea Kimberly A,,0001209191-24-004672,2024-03-06,A,3350.0,0.0,79255.0,D,,,,,,
40533,2024-03-07,GD,Brady Christopher J,,0001209191-24-004647,2024-03-05,F,1518.0,274.91,18471.0,D,,,,,,
40533,2024-03-07,GD,Hooper Charles W,,0001209191-24-004683,2024-03-06,A,310.0,0.0,540.0,D,,,,,,
40533,2024-03-07,GD,NOVAKOVIC PHEBE N,,0001209191-24-004676,2024-03-05,A,73598.0,0.0,839815.0,D,,,,,,
40533,2024-03-07,GD,Stratton John G,,0001209191-24-004639,2024-03-06,A,310.0,0.0,6986.0,D,,,,,,
40533,2024-03-07,GD,Clarke Richard D,,0001209191-24-004619,2024-03-06,A,310.0,0.0,685.0,D,,,,,,
40533,2024-03-07,GD,Malcolm Mark,,0001209191-24-004627,2024-03-06,A,310.0,0.0,9627.0,D,,,,,,
40533,2024-03-07,GD,Mattis James N,,0001209191-24-004629,2024-03-06,A,310.0,0.0,3019.0,D,,,,,,
40533,2024-03-07,GD,Smith Robert Edward,,0001209191-24-004681,2024-03-05,F,7556.0,274.91,57458.886,D,,,,,,
40533,2024-03-07,GD,Gallopoulos Gregory S,,0001209191-24-004664,2024-03-05,F,2255.0,274.91,114302.0,D,,,,,,
40533,2024-03-07,GD,Brady Christopher J,,0001209191-24-004647,2024-03-05,A,3625.0,0.0,19989.0,D,,,,,,
40533,2024-03-20,GD,HANEY CECIL D,,0001209191-24-004966,2024-03-18,A,11.0,275.38,2512.0,D,,,,,,
40533,2024-03-20,GD,Stratton John G,,0001209191-24-004976,2024-03-18,A,113.0,275.38,7099.0,D,,,,,,
40533,2024-03-20,GD,Reynolds Catherine B,,0001209191-24-004972,2024-03-18,A,113.0,275.38,6041.0,D,,,,,,
40533,2024-03-20,GD,Schumacher Laura J,,0001209191-24-004974,2024-03-18,A,113.0,275.38,10077.0,D,,,,,,
40533,2024-03-20,GD,DE LEON RUDY F,,0001209191-24-004964,2024-03-18,A,56.0,275.38,5518.0,D,,,,,,
40533,2024-03-20,GD,Nye C Howard,,0001209191-24-004970,2024-03-18,A,113.0,275.38,5456.0,D,,,,,,
40533,2024-03-20,GD,Hooper Charles W,,0001209191-24-004968,2024-03-18,A,22.0,275.38,562.0,D,,,,,,
40533,2024-04-30,GD,NOVAKOVIC PHEBE N,,0001209191-24-005426,2024-04-26,S,6758.0,283.604,812069.0,D,,,,,,
40533,2024-04-30,GD,Gallopoulos Gregory S,,0001209191-24-005429,2024-04-29,S,13567.0,288.511,103345.0,D,,,,,,
40533,2024-05-03,GD,Gilliland Marguerite Amy,,0001209191-24-005497,2024-05-01,F,22874.0,287.375,52874.0,D,,,,,,
40533,2024-05-03,GD,Gilliland Marguerite Amy,,0001209191-24-005497,2024-05-01,S,3986.0,287.275,48888.0,D,,,,,,
40533,2024-05-03,GD,Gilliland Marguerite Amy,,0001209191-24-005497,2024-05-01,M,27990.0,191.71,75748.0,D,,,,,,
40533,2024-05-03,GD,Gilliland Marguerite Amy,,0001209191-24-005497,2024-05-02,S,5116.0,286.04,43772.0,D,,,,,,
40533,2024-05-03,GD,Smith Robert Edward,,0001209191-24-005495,2024-05-01,F,10750.0,286.671,62763.886,D,,,,,,
40533,2024-05-03,GD,Smith Robert Edward,,0001209191-24-005495,2024-05-01,M,13140.0,191.71,73513.886,D,,,,,,
40533,2024-05-07,GD,DE LEON RUDY F,,0001209191-24-005551,2024-05-03,S,2570.0,288.0,5518.0,D,,,,,,
40533,2024-05-07,GD,DE LEON RUDY F,,0001209191-24-005551,2024-05-03,M,2570.0,136.78,8088.0,D,,,,,,
40533,2024-05-13,GD,Burns Mark Lagrand,,0001209191-24-005612,2024-05-10,S,6016.0,296.58,76221.154,D,,,,,,
40533,2024-05-13,GD,Burns Mark Lagrand,,0001209191-24-005612,2024-05-09,M,31590.0,191.71,107811.154,D,,,,,,
40533,2024-05-13,GD,Burns Mark Lagrand,,0001209191-24-005612,2024-05-09,F,25574.0,292.75,82237.154,D,,,,,,
40533,2024-05-15,GD,Moss William A,,0001209191-24-005648,2024-05-13,M,8240.0,191.71,24864.0,D,,,,,,
40533,2024-05-15,GD,Moss William A,,0001209191-24-005648,2024-05-14,G,1100.0,0.0,15524.0,D,,,,,,
40533,2024-05-15,GD,Moss William A,,0001209191-24-005648,2024-05-13,S,8240.0,294.95,16624.0,D,,,,,,
40533,2024-05-21,GD,Burns Mark Lagrand,,0001209191-24-005681,2024-05-17,S,12089.0,296.59,64132.154,D,,,,,,
40533,2024-05-22,GD,Kuryea Kimberly A,,0001209191-24-005687,2024-05-20,M,21920.0,191.71,101175.0,D,,,,,,
40533,2024-05-22,GD,Kuryea Kimberly A,,0001209191-24-005687,2024-05-21,S,6459.0,296.383,86140.0,D,,,,,,
40533,2024-05-22,GD,Kuryea Kimberly A,,0001209191-24-005687,2024-05-20,F,17559.0,300.593,83616.0,D,,,,,,
40533,2024-05-22,GD,Aiken Jason W,,0001209191-24-005685,2024-05-20,M,22500.0,135.85,170279.0,D,,,,,,
40533,2024-05-22,GD,Aiken Jason W,,0001209191-24-005685,2024-05-20,F,16333.0,300.61,153946.0,D,,,,,,
40533,2024-06-21,GD,DE LEON RUDY F,isDirector,0000950170-24-076146,2024-06-18,A,53.0,292.42,5571.0,D,,,,,,
40533,2024-06-21,GD,Reynolds Catherine B,isDirector,0000950170-24-076167,2024-06-18,A,106.0,292.42,6147.0,D,,,,,,
40533,2024-06-21,GD,Nye C Howard,isDirector,0000950170-24-076159,2024-06-18,A,106.0,292.42,5562.0,D,,,,,,
40533,2024-06-21,GD,Hooper Charles W,isDirector,0000950170-24-076154,2024-06-18,A,21.0,292.42,583.0,D,,,,,,
40533,2024-06-21,GD,Schumacher Laura J,isDirector,0000950170-24-076173,2024-06-18,A,106.0,292.42,10183.0,D,,,,,,
40533,2024-06-21,GD,HANEY CECIL D,isDirector,0000950170-24-076136,2024-06-18,A,10.0,292.42,2522.0,D,,,,,,
40533,2024-06-21,GD,Stratton John G,isDirector,0000950170-24-076177,2024-06-18,A,106.0,292.42,7205.0,D,,,,,,
40533,2024-09-18,GD,Wall Peter A,isDirector,0000950170-24-107701,2024-09-16,M,1320.0,147.82,4912.0,D,,,,,,
40533,2024-09-18,GD,Wall Peter A,isDirector,0000950170-24-107701,2024-09-16,S,1320.0,308.05,3592.0,D,,,,,,
40533,2024-09-19,GD,Reynolds Catherine B,isDirector,0000950170-24-108100,2024-09-17,A,101.0,308.05,6248.0,D,,,,,,
40533,2024-09-19,GD,Schumacher Laura J,isDirector,0000950170-24-108106,2024-09-17,A,101.0,308.05,10284.0,D,,,,,,
40533,2024-09-19,GD,HANEY CECIL D,isDirector,0000950170-24-108082,2024-09-17,A,10.0,308.05,2532.0,D,,,,,,
40533,2024-09-19,GD,Stratton John G,isDirector,0000950170-24-108114,2024-09-17,A,101.0,308.05,7306.0,D,,,,,,
40533,2024-09-19,GD,DE LEON RUDY F,isDirector,0000950170-24-108077,2024-09-17,A,50.0,308.05,5621.0,D,,,,,,
40533,2024-09-19,GD,Hooper Charles W,isDirector,0000950170-24-108089,2024-09-17,A,20.0,308.05,603.0,D,,,,,,
40533,2024-09-19,GD,Nye C Howard,isDirector,0000950170-24-108093,2024-09-17,A,101.0,308.05,5663.0,D,,,,,,
40533,2024-10-30,GD,DE LEON RUDY F,isDirector,0000950170-24-118801,2024-10-28,G,248.0,0.0,5373.0,D,,,,,,
40533,2024-10-31,GD,Gallopoulos Gregory S,isOfficer,0000950170-24-119463,2024-10-29,M,30700.0,223.93,134045.0,D,,,,,,
40533,2024-10-31,GD,Gallopoulos Gregory S,isOfficer,0000950170-24-119463,2024-10-29,F,27093.0,303.26,106952.0,D,,,,,,
40533,2024-11-26,GD,Brady Christopher J,isOfficer,0000950170-24-130846,2024-11-22,M,5540.0,136.78,25836.0,D,,,,,,
40533,2024-11-26,GD,Brady Christopher J,isOfficer,0000950170-24-130846,2024-11-22,S,5540.0,280.912,20296.0,D,,,,,,
40533,2024-12-19,GD,Stratton John G,isDirector,0000950170-24-138346,2024-12-17,A,117.0,266.2,7423.0,D,,,,,,
40533,2024-12-19,GD,DE LEON RUDY F,isDirector,0000950170-24-138323,2024-12-17,A,58.0,266.2,5431.0,D,,,,,,
40533,2024-12-19,GD,Hooper Charles W,isDirector,0000950170-24-138330,2024-12-17,A,23.0,266.2,626.0,D,,,,,,
40533,2024-12-19,GD,Reynolds Catherine B,isDirector,0000950170-24-138340,2024-12-17,A,117.0,266.2,6365.0,D,,,,,,
40533,2024-12-19,GD,Schumacher Laura J,isDirector,0000950170-24-138344,2024-12-17,A,117.0,266.2,10401.0,D,,,,,,
40533,2024-12-19,GD,Nye C Howard,isDirector,0000950170-24-138335,2024-12-17,A,117.0,266.2,5780.0,D,,,,,,
40533,2024-12-19,GD,HANEY CECIL D,isDirector,0000950170-24-138326,2024-12-17,A,11.0,266.2,2543.0,D,,,,,,
40533,2025-02-04,GD,Schumacher Laura J,isDirector,0000950170-25-013818,2025-01-31,S,1796.0,255.682,11175.0,D,,,,,,
40533,2025-02-04,GD,Schumacher Laura J,isDirector,0000950170-25-013818,2025-01-31,M,2570.0,136.78,12971.0,D,,,,,,
40533,2025-02-06,GD,DE LEON RUDY F,isDirector,0000950170-25-015567,2025-02-04,G,290.0,0.0,5141.0,D,,,,,,
40533,2025-03-05,GD,Gilliland Marguerite Amy,isOfficer,0000950170-25-033471,2025-03-03,F,1113.0,254.11,42659.0,D,,,,,,
40533,2025-03-05,GD,Aiken Jason W,isOfficer,0000950170-25-033429,2025-03-03,F,1743.0,254.11,152203.0,D,,,,,,
40533,2025-03-05,GD,Brady Christopher J,isOfficer,0000950170-25-033448,2025-03-03,F,906.0,254.11,19390.0,D,,,,,,
40533,2025-03-05,GD,Smith Robert Edward,isOfficer,0000950170-25-033621,2025-03-03,F,1477.0,254.11,66416.886,D,,,,,,
40533,2025-03-05,GD,Paddock David,isOfficer,0000950170-25-033567,2025-03-03,F,681.0,254.11,24948.0,D,,,,,,
40533,2025-03-05,GD,Reynolds Catherine B,isDirector,0000950170-25-033387,2025-03-03,F,81.0,254.11,6284.0,D,,,,,,
40533,2025-03-05,GD,Stratton John G,isDirector,0000950170-25-033393,2025-03-03,F,81.0,254.11,7342.0,D,,,,,,
40533,2025-03-05,GD,Burns Mark Lagrand,isOfficer,0000950170-25-033484,2025-03-03,F,1537.0,254.11,28925.154,D,,,,,,
40533,2025-03-05,GD,NOVAKOVIC PHEBE N,"isDirector,isOfficer",0000950170-25-033516,2025-03-03,F,5809.0,254.11,763168.0,D,,,,,,
40533,2025-03-05,GD,Rayha Mark,isOfficer,0000950170-25-033594,2025-03-03,F,251.0,254.11,2812.0,D,,,,,,
40533,2025-03-05,GD,Mattis James N,isDirector,0000950170-25-033378,2025-03-03,F,81.0,254.11,2938.0,D,,,,,,
40533,2025-03-05,GD,Nye C Howard,isDirector,0000950170-25-033383,2025-03-03,F,81.0,254.11,5699.0,D,,,,,,
40533,2025-03-05,GD,Schumacher Laura J,isDirector,0000950170-25-033391,2025-03-03,F,81.0,254.11,11094.0,D,,,,,,
40533,2025-03-05,GD,Wall Peter A,isDirector,0000950170-25-033404,2025-03-03,F,110.0,254.11,3482.0,D,,,,,,
40533,2025-03-05,GD,Moss William A,isOfficer,0000950170-25-033497,2025-03-03,F,490.0,254.11,15034.0,D,,,,,,
40533,2025-03-05,GD,Deep Danny,isOfficer,0000950170-25-033456,2025-03-03,F,927.0,254.11,25454.913,D,,,,,,
40533,2025-03-05,GD,DE LEON RUDY F,isDirector,0000950170-25-033362,2025-03-03,F,102.0,254.11,5039.0,D,,,,,,
40533,2025-03-05,GD,Kuryea Kimberly A,isOfficer,0000950170-25-033490,2025-03-03,F,1198.0,254.11,78057.0,D,,,,,,
40533,2025-03-05,GD,Gallopoulos Gregory S,isOfficer,0000950170-25-033466,2025-03-03,F,1399.0,254.11,105553.0,D,,,,,,
40533,2025-03-05,GD,HANEY CECIL D,isDirector,0000950170-25-033372,2025-03-03,F,81.0,254.11,2462.0,D,,,,,,
40533,2025-03-05,GD,Berg Shane,isOfficer,0000950170-25-033437,2025-03-03,F,595.0,254.11,4120.0,D,,,,,,
40533,2025-03-06,GD,Mattis James N,isDirector,0000950170-25-034526,2025-03-05,A,330.0,0.0,3268.0,D,,,,,,
40533,2025-03-06,GD,NOVAKOVIC PHEBE N,"isDirector,isOfficer",0000950170-25-034809,2025-03-04,F,21051.0,253.95,788792.0,D,,,,,,
40533,2025-03-06,GD,Schumacher Laura J,isDirector,0000950170-25-034544,2025-03-05,A,330.0,0.0,11424.0,D,,,,,,
40533,2025-03-06,GD,Paddock David,isOfficer,0000950170-25-034835,2025-03-04,A,1673.0,0.0,26621.0,D,,,,,,
40533,2025-03-06,GD,Rayha Mark,isOfficer,0000950170-25-034826,2025-03-05,A,2815.0,0.0,5926.0,D,,,,,,
40533,2025-03-06,GD,Kuryea Kimberly A,isOfficer,0000950170-25-034785,2025-03-04,A,2880.0,0.0,80937.0,D,,,,,,
40533,2025-03-06,GD,Moss William A,isOfficer,0000950170-25-034799,2025-03-04,A,1135.0,0.0,16169.0,D,,,,,,
40533,2025-03-06,GD,Burns Mark Lagrand,isOfficer,0000950170-25-034730,2025-03-05,A,4075.0,0.0,39875.154,D,,,,,,
40533,2025-03-06,GD,Aiken Jason W,isOfficer,0000950170-25-034646,2025-03-05,A,4660.0,0.0,164549.0,D,,,,,,
40533,2025-03-06,GD,Gallopoulos Gregory S,isOfficer,0000950170-25-034757,2025-03-05,S,3534.0,263.42,107112.0,D,,,,,,
40533,2025-03-06,GD,Rayha Mark,isOfficer,0000950170-25-034826,2025-03-04,A,559.0,0.0,3371.0,D,,,,,,
40533,2025-03-06,GD,Smith Robert Edward,isOfficer,0000950170-25-034847,2025-03-05,A,3495.0,0.0,76403.886,D,,,,,,
40533,2025-03-06,GD,Malcolm Mark,isDirector,0000950170-25-034518,2025-03-05,A,330.0,0.0,9957.0,D,,,,,,
40533,2025-03-06,GD,NOVAKOVIC PHEBE N,"isDirector,isOfficer",0000950170-25-034809,2025-03-04,A,46675.0,0.0,809843.0,D,,,,,,
40533,2025-03-06,GD,STEEL ROBERT K,isDirector,0000950170-25-034551,2025-03-05,A,330.0,0.0,2826.0,D,,,,,,
40533,2025-03-06,GD,Reynolds Catherine B,isDirector,0000950170-25-034538,2025-03-05,A,330.0,0.0,6614.0,D,,,,,,
40533,2025-03-06,GD,Deep Danny,isOfficer,0000950170-25-034747,2025-03-05,A,3495.0,0.0,30166.913,D,,,,,,
40533,2025-03-06,GD,Rayha Mark,isOfficer,0000950170-25-034826,2025-03-04,F,260.0,253.95,3111.0,D,,,,,,
40533,2025-03-06,GD,Wall Peter A,isDirector,0000950170-25-034620,2025-03-05,A,330.0,0.0,3812.0,D,,,,,,
40533,2025-03-06,GD,Kuryea Kimberly A,isOfficer,0000950170-25-034785,2025-03-04,F,1299.0,253.95,79638.0,D,,,,,,
40533,2025-03-06,GD,Deep Danny,isOfficer,0000950170-25-034747,2025-03-04,A,2217.0,0.0,27671.913,D,,,,,,
40533,2025-03-06,GD,Aiken Jason W,isOfficer,0000950170-25-034646,2025-03-04,A,14000.0,0.0,166203.0,D,,,,,,
40533,2025-03-06,GD,Berg Shane,isOfficer,0000950170-25-034669,2025-03-05,A,2485.0,0.0,7374.0,D,,,,,,
40533,2025-03-06,GD,DE LEON RUDY F,isDirector,0000950170-25-034498,2025-03-05,A,330.0,0.0,5369.0,D,,,,,,
40533,2025-03-06,GD,Gallopoulos Gregory S,isOfficer,0000950170-25-034757,2025-03-04,F,1515.0,253.95,107396.0,D,,,,,,
40533,2025-03-06,GD,NOVAKOVIC PHEBE N,"isDirector,isOfficer",0000950170-25-034809,2025-03-05,S,32695.0,263.484,769607.0,D,,,,,,
40533,2025-03-06,GD,Gallopoulos Gregory S,isOfficer,0000950170-25-034757,2025-03-05,A,3250.0,0.0,110646.0,D,,,,,,
40533,2025-03-06,GD,Brady Christopher J,isOfficer,0000950170-25-034699,2025-03-04,F,979.0,253.95,20748.0,D,,,,,,
40533,2025-03-06,GD,Moss William A,isOfficer,0000950170-25-034799,2025-03-05,A,970.0,0.0,16627.0,D,,,,,,
40533,2025-03-06,GD,Burns Mark Lagrand,isOfficer,0000950170-25-034730,2025-03-04,F,5567.0,253.95,35800.154,D,,,,,,
40533,2025-03-06,GD,Kuryea Kimberly A,isOfficer,0000950170-25-034785,2025-03-05,A,3885.0,0.0,83523.0,D,,,,,,
40533,2025-03-06,GD,Berg Shane,isOfficer,0000950170-25-034669,2025-03-04,F,633.0,253.95,4889.0,D,,,,,,
40533,2025-03-06,GD,HANEY CECIL D,isDirector,0000950170-25-034503,2025-03-05,A,330.0,0.0,2792.0,D,,,,,,
40533,2025-03-06,GD,Stratton John G,isDirector,0000950170-25-034582,2025-03-05,A,330.0,0.0,7672.0,D,,,,,,
40533,2025-03-06,GD,Gallopoulos Gregory S,isOfficer,0000950170-25-034757,2025-03-04,A,3358.0,0.0,108911.0,D,,,,,,
40533,2025-03-06,GD,Brady Christopher J,isOfficer,0000950170-25-034699,2025-03-05,A,2070.0,0.0,22818.0,D,,,,,,
40533,2025-03-06,GD,Clarke Richard D,isDirector,0000950170-25-034493,2025-03-05,A,330.0,0.0,1015.0,D,,,,,,
40533,2025-03-06,GD,Smith Robert Edward,isOfficer,0000950170-25-034847,2025-03-04,A,11826.0,0.0,78242.886,D,,,,,,
40533,2025-03-06,GD,Nye C Howard,isDirector,0000950170-25-034534,2025-03-05,A,330.0,0.0,6029.0,D,,,,,,
40533,2025-03-06,GD,Brady Christopher J,isOfficer,0000950170-25-034699,2025-03-04,A,2337.0,0.0,21727.0,D,,,,,,
40533,2025-03-06,GD,Smith Robert Edward,isOfficer,0000950170-25-034847,2025-03-04,F,5334.0,253.95,72908.886,D,,,,,,
40533,2025-03-06,GD,Gilliland Marguerite Amy,isOfficer,0000950170-25-034770,2025-03-05,A,3885.0,0.0,48014.0,D,,,,,,
40533,2025-03-06,GD,Moss William A,isOfficer,0000950170-25-034799,2025-03-04,F,512.0,253.95,15657.0,D,,,,,,
40533,2025-03-06,GD,Burns Mark Lagrand,isOfficer,0000950170-25-034730,2025-03-04,A,12442.0,0.0,41367.154,D,,,,,,
40533,2025-03-06,GD,NOVAKOVIC PHEBE N,"isDirector,isOfficer",0000950170-25-034809,2025-03-05,A,13510.0,0.0,802302.0,D,,,,,,
40533,2025-03-06,GD,Hooper Charles W,isDirector,0000950170-25-034507,2025-03-05,A,330.0,0.0,956.0,D,,,,,,
40533,2025-03-06,GD,Berg Shane,isOfficer,0000950170-25-034669,2025-03-04,A,1402.0,0.0,5522.0,D,,,,,,
40533,2025-03-06,GD,Aiken Jason W,isOfficer,0000950170-25-034646,2025-03-04,F,6314.0,253.95,159889.0,D,,,,,,
40533,2025-03-06,GD,Paddock David,isOfficer,0000950170-25-034835,2025-03-05,A,1995.0,0.0,27886.0,D,,,,,,
40533,2025-03-06,GD,Gilliland Marguerite Amy,isOfficer,0000950170-25-034770,2025-03-04,F,1209.0,253.95,44129.0,D,,,,,,
40533,2025-03-06,GD,Deep Danny,isOfficer,0000950170-25-034747,2025-03-04,F,1000.0,253.95,26671.913,D,,,,,,
40533,2025-03-06,GD,Gilliland Marguerite Amy,isOfficer,0000950170-25-034770,2025-03-04,A,2679.0,0.0,45338.0,D,,,,,,
40533,2025-03-06,GD,Paddock David,isOfficer,0000950170-25-034835,2025-03-04,F,730.0,253.95,25891.0,D,,,,,,
40533,2025-03-12,GD,Gilliland Marguerite Amy,isOfficer,0000950170-25-037785,2025-03-10,M,24740.0,223.93,72754.0,D,,,,,,
40533,2025-03-12,GD,Gilliland Marguerite Amy,isOfficer,0000950170-25-037785,2025-03-10,S,24740.0,272.076,48014.0,D,,,,,,
40533,2025-03-20,GD,DE LEON RUDY F,isDirector,0000950170-25-042510,2025-03-18,A,59.0,264.5,5428.0,D,,,,,,
40533,2025-03-20,GD,HANEY CECIL D,isDirector,0000950170-25-042515,2025-03-18,A,11.0,264.5,2803.0,D,,,,,,
40533,2025-03-20,GD,Nye C Howard,isDirector,0000950170-25-042539,2025-03-18,A,118.0,264.5,6147.0,D,,,,,,
40533,2025-03-20,GD,Malcolm Mark,isDirector,0000950170-25-042531,2025-03-18,A,118.0,264.5,10075.0,D,,,,,,
40533,2025-03-20,GD,Stratton John G,isDirector,0000950170-25-042574,2025-03-18,A,118.0,264.5,7790.0,D,,,,,,
40533,2025-03-20,GD,Hooper Charles W,isDirector,0000950170-25-042598,2025-03-18,A,23.0,264.5,979.0,D,,,,,,
40533,2025-03-20,GD,Reynolds Catherine B,isDirector,0000950170-25-042545,2025-03-18,A,118.0,264.5,6732.0,D,,,,,,
40533,2025-03-20,GD,Schumacher Laura J,isDirector,0000950170-25-042555,2025-03-18,A,118.0,264.5,11542.0,D,,,,,,
40533,2025-05-07,GD,Smith Robert Edward,isOfficer,0000950170-25-065450,2025-05-05,G,2000.0,0.0,74403.886,D,,,,,,
40533,2025-05-15,GD,Aiken Jason W,isOfficer,0000950170-25-072382,2025-05-13,M,16375.0,191.71,180924.0,D,,,,,,
40533,2025-05-15,GD,Aiken Jason W,isOfficer,0000950170-25-072382,2025-05-13,F,13961.0,273.915,166963.0,D,,,,,,
40533,2025-06-17,GD,Gallopoulos Gregory S,isOfficer,0000950170-25-087648,2025-06-13,S,8109.0,283.003,141233.0,D,,,,,,
40533,2025-06-17,GD,Gallopoulos Gregory S,isOfficer,0000950170-25-087648,2025-06-13,M,42230.0,167.61,149342.0,D,,,,,,
40533,2025-06-17,GD,NOVAKOVIC PHEBE N,"isDirector,isOfficer",0000950170-25-087652,2025-06-16,S,4904.0,280.041,772342.0,D,,,,,,
40533,2025-06-17,GD,NOVAKOVIC PHEBE N,"isDirector,isOfficer",0000950170-25-087652,2025-06-16,M,7639.0,223.93,777246.0,D,,,,,,
40533,2025-06-17,GD,NOVAKOVIC PHEBE N,"isDirector,isOfficer",0000950170-25-087652,2025-06-13,S,177611.0,283.119,770817.0,D,,,,,,
40533,2025-06-17,GD,NOVAKOVIC PHEBE N,"isDirector,isOfficer",0000950170-25-087652,2025-06-13,M,178821.0,223.93,948428.0,D,,,,,,
40533,2025-06-20,GD,Reynolds Catherine B,isDirector,0000950170-25-088421,2025-06-17,A,111.0,281.11,6843.0,D,,,,,,
40533,2025-06-20,GD,Nye C Howard,isDirector,0000950170-25-088417,2025-06-17,A,111.0,281.11,6258.0,D,,,,,,
40533,2025-06-20,GD,Stratton John G,isDirector,0000950170-25-088430,2025-06-17,A,111.0,281.11,7901.0,D,,,,,,
40533,2025-06-20,GD,HANEY CECIL D,isDirector,0000950170-25-088400,2025-06-17,A,11.0,281.11,2814.0,D,,,,,,
40533,2025-06-20,GD,DE LEON RUDY F,isDirector,0000950170-25-088394,2025-06-17,A,55.0,281.11,5483.0,D,,,,,,
40533,2025-06-20,GD,Schumacher Laura J,isDirector,0000950170-25-088426,2025-06-17,A,111.0,281.11,11653.0,D,,,,,,
40533,2025-06-20,GD,Malcolm Mark,isDirector,0000950170-25-088414,2025-06-17,A,111.0,281.11,10186.0,D,,,,,,
40533,2025-06-20,GD,Hooper Charles W,isDirector,0000950170-25-088406,2025-06-17,A,22.0,281.11,1001.0,D,,,,,,
40533,2025-07-29,GD,Burns Mark Lagrand,isOfficer,0000950170-25-099586,2025-07-28,M,43860.0,167.61,83735.154,D,,,,,,
40533,2025-07-29,GD,Burns Mark Lagrand,isOfficer,0000950170-25-099586,2025-07-25,M,32560.0,223.93,72435.154,D,,,,,,
40533,2025-07-29,GD,Burns Mark Lagrand,isOfficer,0000950170-25-099586,2025-07-25,S,7715.0,313.231,64720.154,D,,,,,,
40533,2025-07-29,GD,Gallopoulos Gregory S,isOfficer,0000950170-25-099596,2025-07-28,M,32580.0,165.47,139692.0,D,,,,,,
40533,2025-07-29,GD,Wall Peter A,isDirector,0000950170-25-099577,2025-07-25,M,2270.0,191.71,6082.0,D,,,,,,
40533,2025-07-29,GD,Wall Peter A,isDirector,0000950170-25-099577,2025-07-25,S,2270.0,312.792,3812.0,D,,,,,,
40533,2025-07-29,GD,DE LEON RUDY F,isDirector,0000950170-25-099603,2025-07-28,M,3220.0,135.85,8703.0,D,,,,,,
40533,2025-07-29,GD,Gallopoulos Gregory S,isOfficer,0000950170-25-099596,2025-07-28,F,24643.0,311.82,115049.0,D,,,,,,
40533,2025-07-29,GD,Burns Mark Lagrand,isOfficer,0000950170-25-099586,2025-07-28,S,19793.0,311.853,63942.154,D,,,,,,
40533,2025-07-29,GD,DE LEON RUDY F,isDirector,0000950170-25-099603,2025-07-28,S,3220.0,312.93,5483.0,D,,,,,,
40533,2025-08-06,GD,Paddock David,isOfficer,0000950170-25-103877,2025-08-04,F,4022.0,312.43,29264.0,D,,,,,,
40533,2025-08-06,GD,Paddock David,isOfficer,0000950170-25-103877,2025-08-04,M,5400.0,191.71,33286.0,D,,,,,,
40533,2025-08-06,GD,Paddock David,isOfficer,0000950170-25-103877,2025-08-04,S,6170.0,312.26,29264.0,D,,,,,,
40533,2025-08-12,GD,Gilliland Marguerite Amy,isOfficer,0000950170-25-107262,2025-08-08,S,33740.0,315.201,45192.0,D,,,,,,
40533,2025-08-12,GD,Gilliland Marguerite Amy,isOfficer,0000950170-25-107262,2025-08-08,M,33740.0,167.61,78932.0,D,,,,,,
40533,2025-08-18,GD,Moss William A,isOfficer,0000950170-25-109620,2025-08-14,S,8780.0,316.48,16627.0,D,,,,,,
40533,2025-08-18,GD,Moss William A,isOfficer,0000950170-25-109620,2025-08-14,M,8780.0,223.93,25407.0,D,,,,,,
40533,2025-08-20,GD,NOVAKOVIC PHEBE N,"isDirector,isOfficer",0000950170-25-110382,2025-08-18,M,10517.0,167.61,780124.0,D,,,,,,
40533,2025-08-20,GD,NOVAKOVIC PHEBE N,"isDirector,isOfficer",0000950170-25-110382,2025-08-18,S,10517.0,314.43,769607.0,D,,,,,,
40533,2025-08-26,GD,Malcolm Mark,isDirector,0001491662-25-000004,2025-08-22,M,1210.0,140.87,11396.0,D,,,,,,
40533,2025-08-26,GD,Malcolm Mark,isDirector,0001491662-25-000004,2025-08-22,S,1210.0,319.04,10186.0,D,,,,,,
40533,2025-08-27,GD,Schumacher Laura J,isDirector,0001319245-25-000004,2025-08-25,M,3220.0,135.85,14873.0,D,,,,,,
40533,2025-08-27,GD,Schumacher Laura J,isDirector,0001319245-25-000004,2025-08-25,F,1769.0,321.195,13104.0,D,,,,,,
40533,2025-08-27,GD,Brady Christopher J,isOfficer,0001762314-25-000004,2025-08-25,M,8150.0,135.85,30968.0,D,,,,,,
40533,2025-08-27,GD,Brady Christopher J,isOfficer,0001762314-25-000004,2025-08-25,S,8150.0,321.175,22818.0,D,,,,,,
40533,2025-09-08,GD,Aiken Jason W,isOfficer,0000950170-25-113456,2025-09-04,G,3000.0,0.0,167284.0,D,,,,,,
40533,2025-09-16,GD,Malcolm Mark,isDirector,0001193125-25-204804,2025-09-12,S,3220.0,329.45,10186.0,D,,,,,,
40533,2025-09-16,GD,Malcolm Mark,isDirector,0001193125-25-204804,2025-09-12,M,3220.0,135.85,13406.0,D,,,,,,
40533,2025-09-18,GD,Hooper Charles W,isDirector,0001193125-25-207257,2025-09-16,A,19.0,326.97,1020.0,D,,,,,,
40533,2025-09-18,GD,Reynolds Catherine B,isDirector,0001193125-25-207281,2025-09-16,A,95.0,326.97,6938.0,D,,,,,,
40533,2025-09-18,GD,HANEY CECIL D,isDirector,0001193125-25-207247,2025-09-16,A,9.0,326.97,2823.0,D,,,,,,
40533,2025-09-18,GD,DE LEON RUDY F,isDirector,0001193125-25-207238,2025-09-16,A,47.0,326.97,5530.0,D,,,,,,
40533,2025-09-18,GD,Schumacher Laura J,isDirector,0001193125-25-207289,2025-09-16,A,95.0,326.97,13199.0,D,,,,,,
40533,2025-09-18,GD,Stratton John G,isDirector,0001193125-25-207297,2025-09-16,A,95.0,326.97,7996.0,D,,,,,,
40533,2025-09-18,GD,Nye C Howard,isDirector,0001193125-25-207272,2025-09-16,A,95.0,326.97,6353.0,D,,,,,,
40533,2025-09-18,GD,Malcolm Mark,isDirector,0001193125-25-207265,2025-09-16,A,95.0,326.97,10281.0,D,,,,,,
40533,2025-10-30,GD,Gallopoulos Gregory S,isOfficer,0001193125-25-257927,2025-10-28,M,45580.0,168.56,160629.0,D,,,,,,
40533,2025-10-30,GD,Gallopoulos Gregory S,isOfficer,0001193125-25-257927,2025-10-28,F,32586.0,350.6,128043.0,D,,,,,,
40533,2025-10-30,GD,Gallopoulos Gregory S,isOfficer,0001193125-25-257927,2025-10-29,G,1200.0,0.0,126843.0,D,,,,,,
40533,2025-11-07,GD,Moss William A,isOfficer,0001193125-25-272170,2025-11-05,G,700.0,0.0,14780.0,D,,,,,,
40533,2025-11-24,GD,Rayha Mark,isOfficer,0001193125-25-293610,2025-11-20,S,100.0,339.9,5826.0,D,,,,,,
40533,2025-12-18,GD,Nye C Howard,isDirector,0001193125-25-324408,2025-12-16,A,92.0,339.14,6445.0,D,,,,,,
40533,2025-12-18,GD,DE LEON RUDY F,isDirector,0001193125-25-324363,2025-12-16,A,46.0,339.14,5576.0,D,,,,,,
40533,2025-12-18,GD,Malcolm Mark,isDirector,0001193125-25-324401,2025-12-16,A,92.0,339.14,10373.0,D,,,,,,
40533,2025-12-18,GD,HANEY CECIL D,isDirector,0001193125-25-324383,2025-12-16,A,9.0,339.14,2832.0,D,,,,,,
40533,2025-12-18,GD,Hooper Charles W,isDirector,0001193125-25-324393,2025-12-16,A,18.0,339.14,1038.0,D,,,,,,
40533,2025-12-18,GD,Paddock David,isOfficer,0001193125-25-324439,2025-12-17,S,3465.0,335.12,53539.0,D,,,,,,
40533,2025-12-18,GD,Paddock David,isOfficer,0001193125-25-324439,2025-12-17,M,4260.0,223.93,33524.0,D,,,,,,
40533,2025-12-18,GD,Stratton John G,isDirector,0001193125-25-324433,2025-12-16,A,92.0,339.14,8088.0,D,,,,,,
40533,2025-12-18,GD,Reynolds Catherine B,isDirector,0001193125-25-324419,2025-12-16,A,92.0,339.14,7030.0,D,,,,,,
40533,2025-12-18,GD,Schumacher Laura J,isDirector,0001193125-25-324430,2025-12-16,A,92.0,339.14,13291.0,D,,,,,,
40533,2026-02-17,GD,Rayha Mark,isOfficer,0001193125-26-054320,2026-02-13,M,6480.0,135.85,12306.0,D,,,,,,
40533,2026-02-17,GD,Rayha Mark,isOfficer,0001193125-26-054320,2026-02-13,S,4370.0,348.786,7936.0,D,,,,,,
40533,2026-02-23,GD,Aiken Jason W,isOfficer,0001193125-26-063788,2026-02-19,M,16375.0,191.71,183659.0,D,,,,,,
40533,2026-02-23,GD,Aiken Jason W,isOfficer,0001193125-26-063788,2026-02-19,F,12631.0,353.185,171028.0,D,,,,,,
40533,2026-03-06,GD,Rayha Mark,isOfficer,0002048528-26-000002,2026-03-04,F,312.0,362.35,8296.0,D,,,,,,
40533,2026-03-06,GD,Burns Mark Lagrand,isOfficer,0001646746-26-000002,2026-03-04,A,14200.0,0.0,54045.154,D,,,,,,
40533,2026-03-06,GD,Paddock David,isOfficer,0002018088-26-000002,2026-03-04,F,879.0,362.35,37559.0,D,,,,,,
40533,2026-03-06,GD,Deep Danny,isOfficer,0001807873-26-000002,2026-03-04,F,1410.0,362.35,31879.58,D,,,,,,
40533,2026-03-06,GD,Moss William A,isOfficer,0001702298-26-000002,2026-03-04,F,599.0,362.35,15478.0,D,,,,,,
40533,2026-03-06,GD,Deep Danny,isOfficer,0001807873-26-000002,2026-03-04,A,3125.0,0.0,33289.58,D,,,,,,
40533,2026-03-06,GD,Kuryea Kimberly A,isOfficer,0001528108-26-000002,2026-03-04,F,1449.0,362.35,85282.0,D,,,,,,
40533,2026-03-06,GD,Smith Robert Edward,isOfficer,0001780189-26-000002,2026-03-04,F,4994.0,362.35,80472.217,D,,,,,,
40533,2026-03-06,GD,Brady Christopher J,isOfficer,0001762314-26-000002,2026-03-04,F,1076.0,362.35,24290.0,D,,,,,,
40533,2026-03-06,GD,NOVAKOVIC PHEBE N,"isDirector,isOfficer",0001222195-26-000002,2026-03-04,F,20901.0,362.35,795048.0,D,,,,,,
40533,2026-03-06,GD,Rayha Mark,isOfficer,0002048528-26-000002,2026-03-04,A,672.0,0.0,8608.0,D,,,,,,
40533,2026-03-06,GD,Gilliland Marguerite Amy,isOfficer,0001637884-26-000002,2026-03-04,F,1712.0,362.35,47266.0,D,,,,,,
40533,2026-03-06,GD,Gallopoulos Gregory S,isOfficer,0001477746-26-000002,2026-03-04,A,3697.0,0.0,130261.0,D,,,,,,
40533,2026-03-06,GD,Smith Robert Edward,isOfficer,0001780189-26-000002,2026-03-04,A,11063.0,0.0,85466.217,D,,,,,,
40533,2026-03-06,GD,Paddock David,isOfficer,0002018088-26-000002,2026-03-04,A,1994.0,0.0,38438.0,D,,,,,,
40533,2026-03-06,GD,Kuryea Kimberly A,isOfficer,0001528108-26-000002,2026-03-04,A,3208.0,0.0,86731.0,D,,,,,,
40533,2026-03-06,GD,NOVAKOVIC PHEBE N,"isDirector,isOfficer",0001222195-26-000002,2026-03-04,A,46342.0,0.0,815949.0,D,,,,,,
40533,2026-03-06,GD,Moss William A,isOfficer,0001702298-26-000002,2026-03-04,A,1297.0,0.0,16077.0,D,,,,,,
40533,2026-03-06,GD,Gallopoulos Gregory S,isOfficer,0001477746-26-000002,2026-03-04,F,1672.0,362.35,128589.0,D,,,,,,
40533,2026-03-06,GD,Clarke Richard D,isDirector,0001965236-26-000002,2026-03-04,A,270.0,0.0,1285.0,D,,,,,,
40533,2026-03-06,GD,DE LEON RUDY F,isDirector,0001182051-26-000002,2026-03-04,A,270.0,0.0,5846.0,D,,,,,,
40533,2026-03-06,GD,Stratton John G,isDirector,0001385262-26-000004,2026-03-04,A,270.0,0.0,8358.0,D,,,,,,
40533,2026-03-06,GD,Berg Shane,isOfficer,0002013204-26-000002,2026-03-04,F,894.0,362.35,8444.0,D,,,,,,
40533,2026-03-06,GD,Brady Christopher J,isOfficer,0001762314-26-000002,2026-03-04,A,2548.0,0.0,25366.0,D,,,,,,
40533,2026-03-06,GD,Burns Mark Lagrand,isOfficer,0001646746-26-000002,2026-03-04,F,6354.0,362.35,47691.154,D,,,,,,
40533,2026-03-06,GD,Gilliland Marguerite Amy,isOfficer,0001637884-26-000002,2026-03-04,A,3786.0,0.0,48978.0,D,,,,,,
40533,2026-03-06,GD,Mattis James N,isDirector,0001583058-26-000002,2026-03-04,A,270.0,0.0,3538.0,D,,,,,,
40533,2026-03-06,GD,Nye C Howard,isDirector,0001373147-26-000002,2026-03-04,A,270.0,0.0,6715.0,D,,,,,,
40533,2026-03-06,GD,Berg Shane,isOfficer,0002013204-26-000002,2026-03-04,A,1964.0,0.0,9338.0,D,,,,,,
40533,2026-03-06,GD,Hooper Charles W,isDirector,0001910479-26-000004,2026-03-04,A,270.0,0.0,1308.0,D,,,,,,
40533,2026-03-06,GD,Schumacher Laura J,isDirector,0001319245-26-000002,2026-03-04,A,270.0,0.0,13561.0,D,,,,,,
40533,2026-03-06,GD,Wall Peter A,isDirector,0001681266-26-000002,2026-03-04,A,270.0,0.0,4082.0,D,,,,,,
40533,2026-03-06,GD,Aiken Jason W,isOfficer,0001486897-26-000002,2026-03-04,A,17935.0,0.0,191641.0,D,,,,,,
40533,2026-03-06,GD,Reynolds Catherine B,isDirector,0001292209-26-000002,2026-03-04,A,270.0,0.0,7300.0,D,,,,,,
40533,2026-03-06,GD,HANEY CECIL D,isDirector,0001769664-26-000002,2026-03-04,A,270.0,0.0,3102.0,D,,,,,,
40533,2026-03-06,GD,STEEL ROBERT K,isDirector,0001180592-26-000007,2026-03-04,A,270.0,0.0,3096.0,D,,,,,,
40533,2026-03-06,GD,Aiken Jason W,isOfficer,0001486897-26-000002,2026-03-04,F,8089.0,362.35,183552.0,D,,,,,,
40533,2026-03-06,GD,Malcolm Mark,isDirector,0001491662-26-000002,2026-03-04,A,270.0,0.0,10643.0,D,,,,,,
40533,2026-03-11,GD,DE LEON RUDY F,isDirector,0001182051-26-000004,2026-03-09,F,105.0,359.79,5741.0,D,,,,,,
40533,2026-03-11,GD,Reynolds Catherine B,isDirector,0001292209-26-000004,2026-03-09,F,83.0,359.79,7217.0,D,,,,,,
40533,2026-03-11,GD,HANEY CECIL D,isDirector,0001769664-26-000004,2026-03-09,F,83.0,359.79,3019.0,D,,,,,,
40533,2026-03-11,GD,Deep Danny,isOfficer,0001807873-26-000004,2026-03-09,F,1184.0,359.79,34550.58,D,,,,,,
40533,2026-03-11,GD,Smith Robert Edward,isOfficer,0001780189-26-000004,2026-03-09,F,1466.0,359.79,81761.217,D,,,,,,
40533,2026-03-11,GD,Paddock David,isOfficer,0002018088-26-000004,2026-03-09,F,731.0,359.79,38268.0,D,,,,,,
40533,2026-03-11,GD,Burns Mark Lagrand,isOfficer,0001646746-26-000004,2026-03-09,F,1868.0,359.79,49128.154,D,,,,,,
40533,2026-03-11,GD,Nye C Howard,isDirector,0001373147-26-000004,2026-03-09,F,83.0,359.79,6632.0,D,,,,,,
40533,2026-03-11,GD,Rayha Mark,isOfficer,0002048528-26-000004,2026-03-09,F,244.0,359.79,10422.0,D,,,,,,
40533,2026-03-11,GD,Schumacher Laura J,isDirector,0001319245-26-000004,2026-03-09,F,83.0,359.79,13478.0,D,,,,,,
40533,2026-03-11,GD,Gallopoulos Gregory S,isOfficer,0001477746-26-000004,2026-03-09,F,1401.0,359.79,129493.0,D,,,,,,
40533,2026-03-11,GD,Gilliland Marguerite Amy,isOfficer,0001637884-26-000004,2026-03-09,F,1435.0,359.79,48586.0,D,,,,,,
40533,2026-03-11,GD,Stratton John G,isDirector,0001385262-26-000006,2026-03-09,F,83.0,359.79,8275.0,D,,,,,,
40533,2026-03-11,GD,Moss William A,isOfficer,0001702298-26-000004,2026-03-09,F,492.0,359.79,14986.0,D,,,,,,
40533,2026-03-11,GD,Mattis James N,isDirector,0001583058-26-000004,2026-03-09,F,83.0,359.79,3455.0,D,,,,,,
40533,2026-03-11,GD,Wall Peter A,isDirector,0001681266-26-000004,2026-03-09,F,113.0,359.79,3969.0,D,,,,,,
40533,2026-03-11,GD,Berg Shane,isOfficer,0002013204-26-000004,2026-03-09,F,745.0,359.79,9504.0,D,,,,,,
40533,2026-03-11,GD,Aiken Jason W,isOfficer,0001486897-26-000004,2026-03-09,F,2380.0,359.79,184477.0,D,,,,,,
40533,2026-03-11,GD,NOVAKOVIC PHEBE N,"isDirector,isOfficer",0001222195-26-000004,2026-03-09,F,6143.0,359.79,799375.0,D,,,,,,
40533,2026-03-11,GD,Kuryea Kimberly A,isOfficer,0001528108-26-000004,2026-03-09,F,1216.0,359.79,87081.0,D,,,,,,
40533,2026-03-11,GD,Brady Christopher J,isOfficer,0001762314-26-000004,2026-03-09,F,896.0,359.79,24924.0,D,,,,,,
40533,2026-03-13,GD,Gilliland Marguerite Amy,isOfficer,0001637884-26-000006,2026-03-11,S,3819.0,353.501,44767.0,D,,,,,,
40533,2026-03-13,GD,NOVAKOVIC PHEBE N,"isDirector,isOfficer",0001222195-26-000006,2026-03-11,S,9907.0,353.745,789468.0,D,,,,,,
40533,2026-03-13,GD,Burns Mark Lagrand,isOfficer,0001646746-26-000006,2026-03-11,S,10153.0,354.952,38975.154,D,,,,,,
40533,2026-03-13,GD,Gallopoulos Gregory S,isOfficer,0001477746-26-000006,2026-03-11,S,3729.0,354.347,125764.0,D,,,,,,
40533,2026-03-19,GD,Schumacher Laura J,isDirector,0001319245-26-000006,2026-03-17,A,105.0,354.31,13583.0,D,,,,,,
40533,2026-03-19,GD,Reynolds Catherine B,isDirector,0001292209-26-000006,2026-03-17,A,105.0,354.31,7322.0,D,,,,,,
40533,2026-03-19,GD,Nye C Howard,isDirector,0001373147-26-000006,2026-03-17,A,52.0,354.31,6684.0,D,,,,,,
40533,2026-03-19,GD,Stratton John G,isDirector,0001385262-26-000008,2026-03-17,A,105.0,354.31,8380.0,D,,,,,,
40533,2026-03-19,GD,DE LEON RUDY F,isDirector,0001182051-26-000006,2026-03-17,A,52.0,354.31,5793.0,D,,,,,,
40533,2026-03-19,GD,HANEY CECIL D,isDirector,0001769664-26-000006,2026-03-17,A,10.0,354.31,3029.0,D,,,,,,
40533,2026-03-19,GD,Mattis James N,isDirector,0001583058-26-000006,2026-03-17,A,105.0,354.31,3560.0,D,,,,,,
40533,2026-03-19,GD,Hooper Charles W,isDirector,0001910479-26-000006,2026-03-17,A,21.0,354.31,1329.0,D,,,,,,
40533,2026-05-13,GD,Burns Mark Lagrand,isOfficer,0001193125-26-221313,2026-05-12,M,36480.0,0.0,0.0,D,derivative,Stock Options,Common Stock,36480.0,168.56,2031-03-02
40533,2026-05-13,GD,Burns Mark Lagrand,isOfficer,0001193125-26-221313,2026-05-11,M,36230.0,165.47,75205.154,D,non_derivative,Common Stock,,,,
40533,2026-05-13,GD,Burns Mark Lagrand,isOfficer,0001193125-26-221313,2026-05-12,S,33915.0,345.238,41540.154,D,non_derivative,Common Stock,,,,
40533,2026-05-13,GD,Burns Mark Lagrand,isOfficer,0001193125-26-221313,2026-05-12,M,36480.0,168.56,75455.154,D,non_derivative,Common Stock,,,,
40533,2026-05-13,GD,Burns Mark Lagrand,isOfficer,0001193125-26-221313,2026-05-12,S,33915.0,345.238,41540.154,D,,,,,,
40533,2026-05-13,GD,Burns Mark Lagrand,isOfficer,0001193125-26-221313,2026-05-12,M,36480.0,168.56,75455.154,D,,,,,,
40533,2026-05-13,GD,Burns Mark Lagrand,isOfficer,0001193125-26-221313,2026-05-11,S,7589.0,342.833,67616.154,D,,,,,,
40533,2026-05-13,GD,Burns Mark Lagrand,isOfficer,0001193125-26-221313,2026-05-11,M,36230.0,0.0,0.0,D,derivative,Stock Options,Common Stock,36230.0,165.47,2030-03-03
40533,2026-05-13,GD,Burns Mark Lagrand,isOfficer,0001193125-26-221313,2026-05-11,M,36230.0,165.47,75205.154,D,,,,,,
40533,2026-05-13,GD,Burns Mark Lagrand,isOfficer,0001193125-26-221313,2026-05-11,S,7589.0,342.833,67616.154,D,non_derivative,Common Stock,,,,
40533,2026-06-16,GD,Maisano Dana Omahen,isOfficer,0002128951-26-000002,2026-06-01,A,480.0,0.0,1652.0,D,non_derivative,Common Stock,,,,
40533,2026-06-16,GD,Maisano Dana Omahen,isOfficer,0002128951-26-000002,2026-06-01,M,3890.0,0.0,3890.0,D,derivative,Stock Options,Common Stock,3890.0,341.25,2036-05-31
40533,2026-06-18,GD,Hooper Charles W,isDirector,0001910479-26-000010,2026-06-16,A,20.0,359.85,1349.0,D,non_derivative,Common Stock,,,,
40533,2026-06-18,GD,Mattis James N,isDirector,0001583058-26-000008,2026-06-16,A,58.0,359.85,3618.0,D,non_derivative,Common Stock,,,,
40533,2026-06-18,GD,Stratton John G,isDirector,0001385262-26-000015,2026-06-16,A,104.0,359.85,8484.0,D,non_derivative,Common Stock,,,,
40533,2026-06-18,GD,HANEY CECIL D,isDirector,0001769664-26-000008,2026-06-16,A,10.0,359.85,3039.0,D,non_derivative,Common Stock,,,,
40533,2026-06-18,GD,DE LEON RUDY F,isDirector,0001182051-26-000008,2026-06-16,A,52.0,359.85,5845.0,D,non_derivative,Common Stock,,,,
40533,2026-06-18,GD,Nye C Howard,isDirector,0001373147-26-000008,2026-06-16,A,52.0,359.85,6736.0,D,non_derivative,Common Stock,,,,
40533,2026-06-18,GD,Schumacher Laura J,isDirector,0001319245-26-000010,2026-06-16,A,104.0,359.85,13687.0,D,non_derivative,Common Stock,,,,
40533,2026-06-18,GD,Reynolds Catherine B,isDirector,0001292209-26-000008,2026-06-16,A,104.0,359.85,7426.0,D,non_derivative,Common Stock,,,,
40533,2026-06-22,GD,Malcolm Mark,isDirector,0001491662-26-000004,2026-06-17,M,2270.0,0.0,0.0,D,derivative,Stock Options,Common Stock,2270.0,191.71,2027-02-28
40533,2026-06-22,GD,Malcolm Mark,isDirector,0001491662-26-000004,2026-06-17,M,2270.0,191.71,12913.0,D,non_derivative,Common Stock,,,,
40533,2026-06-22,GD,Malcolm Mark,isDirector,0001491662-26-000004,2026-06-17,S,2270.0,365.0,10643.0,D,non_derivative,Common Stock,,,,
40533,2026-08-04,GD,NOVAKOVIC PHEBE N,"isDirector,isOfficer",0001193125-26-333260,2026-07-31,M,166660.0,165.47,933117.0,D,non_derivative,Common Stock,,,,
40533,2026-08-04,GD,Gilliland Marguerite Amy,isOfficer,0001193125-26-333251,2026-07-31,S,16970.0,377.442,70977.0,D,non_derivative,Common Stock,,,,
40533,2026-08-04,GD,NOVAKOVIC PHEBE N,"isDirector,isOfficer",0001193125-26-333260,2026-08-03,S,5673.0,381.17,812352.0,D,non_derivative,Common Stock,,,,
40533,2026-08-04,GD,Gilliland Marguerite Amy,isOfficer,0001193125-26-333251,2026-07-31,M,43180.0,165.47,87947.0,D,non_derivative,Common Stock,,,,
40533,2026-08-04,GD,Gilliland Marguerite Amy,isOfficer,0001193125-26-333251,2026-07-31,M,43180.0,0.0,0.0,D,derivative,Stock Options,Common Stock,43180.0,165.47,2030-03-03
40533,2026-08-04,GD,NOVAKOVIC PHEBE N,"isDirector,isOfficer",0001193125-26-333260,2026-07-31,F,115092.0,379.17,818025.0,D,non_derivative,Common Stock,,,,
40533,2026-08-04,GD,NOVAKOVIC PHEBE N,"isDirector,isOfficer",0001193125-26-333260,2026-07-31,M,166660.0,0.0,0.0,D,derivative,Stock Options,Common Stock,166660.0,165.47,2030-03-03
40533,2026-08-06,GD,Deep Danny,isOfficer,0001193125-26-337875,2026-08-04,M,6090.0,191.71,40640.58,D,non_derivative,Common Stock,,,,
40533,2026-08-06,GD,Brady Christopher J,isOfficer,0001193125-26-337881,2026-08-05,S,6320.0,383.32,24924.0,D,non_derivative,Common Stock,,,,
40533,2026-08-06,GD,Deep Danny,isOfficer,0001193125-26-337875,2026-08-04,F,4428.0,380.84,36212.58,D,non_derivative,Common Stock,,,,
40533,2026-08-06,GD,Brady Christopher J,isOfficer,0001193125-26-337881,2026-08-05,M,6320.0,0.0,0.0,D,derivative,Stock Options,Common Stock,6320.0,191.71,2027-02-28
40533,2026-08-06,GD,Deep Danny,isOfficer,0001193125-26-337875,2026-08-04,M,6090.0,0.0,0.0,D,derivative,Stock Options,Common Stock,6090.0,191.71,2027-02-28
40533,2026-08-06,GD,Brady Christopher J,isOfficer,0001193125-26-337881,2026-08-05,M,6320.0,191.71,31244.0,D,non_derivative,Common Stock,,,,
40533,2026-08-11,GD,Gallopoulos Gregory S,isOfficer,0001193125-26-344006,2026-08-07,G,1500.0,0.0,124264.0,D,non_derivative,Common Stock,,,,
40533,2026-08-12,GD,Wall Peter A,isDirector,0001193125-26-346494,2026-08-10,M,1990.0,0.0,0.0,D,derivative,Stock Options,Common Stock,1990.0,223.93,2028-03-06
40533,2026-08-12,GD,Kuryea Kimberly A,isOfficer,0001193125-26-346498,2026-08-10,M,28300.0,223.93,115381.0,D,non_derivative,Common Stock,,,,
40533,2026-08-12,GD,Kuryea Kimberly A,isOfficer,0001193125-26-346498,2026-08-10,F,21557.0,395.59,93824.0,D,non_derivative,Common Stock,,,,
40533,2026-08-12,GD,Kuryea Kimberly A,isOfficer,0001193125-26-346498,2026-08-10,M,28300.0,0.0,0.0,D,derivative,Stock Options,Common Stock,28300.0,223.93,2028-03-06
40533,2026-08-12,GD,Wall Peter A,isDirector,0001193125-26-346494,2026-08-10,M,1990.0,223.93,5959.0,D,non_derivative,Common Stock,,,,
40533,2026-08-12,GD,Wall Peter A,isDirector,0001193125-26-346494,2026-08-10,S,1990.0,396.431,3969.0,D,non_derivative,Common Stock,,,,
40533,2026-08-13,GD,DE LEON RUDY F,isDirector,0001193125-26-348772,2026-08-11,G,128.0,0.0,5717.0,D,non_derivative,Common Stock,,,,
0000040533,2026-08-17,GD,Deep Danny,"isDirector,isOfficer",0001193125-26-354189,2026-08-14,F,5833,395.05,40244.58,D,non_derivative,Common Stock,,,,
0000040533,2026-08-17,GD,Smith Robert Edward,isOfficer,0001193125-26-354196,2026-08-13,M,9430,189.00,91191.217,D,non_derivative,Common Stock,,,,
0000040533,2026-08-17,GD,Smith Robert Edward,isOfficer,0001193125-26-354196,2026-08-13,F,6755,390.99,84436.217,D,non_derivative,Common Stock,,,,
0000040533,2026-08-17,GD,Smith Robert Edward,isOfficer,0001193125-26-354196,2026-08-13,M,9430,0,0,D,derivative,Stock Options,Common Stock,9430,189.00,2029-09-02
0000040533,2026-08-17,GD,Deep Danny,"isDirector,isOfficer",0001193125-26-354189,2026-08-14,M,8530,167.61,46077.58,D,non_derivative,Common Stock,,,,
0000040533,2026-08-17,GD,Deep Danny,"isDirector,isOfficer",0001193125-26-354189,2026-08-14,M,8530,0,0,D,derivative,Stock Options,Common Stock,8530,167.61,2029-03-05
