cik,filingDate,issuerTradingSymbol,reportingOwnerName,reportingOwnerRelationship,accessionNumber,transactionDate,transactionCode,transactionShares,transactionPricePerShare,sharesOwnedFollowingTransaction,directOrIndirectOwnership,transactionType,securityTitle,underlyingSecurityTitle,underlyingSecurityShares,exercisePrice,expirationDate
1652044,2022-04-15,GOOG,Sergey Brin,,0001209191-22-024552,2022-04-13,S,400.0,2598.325,2310.0,D,,,,,,
1652044,2022-04-15,GOOG,Sergey Brin,,0001209191-22-024550,2022-04-13,C,13888.0,0.0,13888.0,D,,,,,,
1652044,2022-04-15,GOOG,Sergey Brin,,0001209191-22-024550,2022-04-13,S,100.0,2556.7346,13788.0,D,,,,,,
1652044,2022-04-15,GOOG,Sergey Brin,,0001209191-22-024548,2022-04-13,S,255.0,2607.5457,18570786.0,D,,,,,,
1652044,2022-04-15,GOOG,Sergey Brin,,0001209191-22-024546,2022-04-13,S,300.0,2569.412,18583353.0,D,,,,,,
1652044,2022-04-18,GOOG,Page Lawrence,,0001209191-22-024673,2022-04-14,S,200.0,2570.285,1500.0,D,,,,,,
1652044,2022-04-18,GOOG,Page Lawrence,,0001209191-22-024670,2022-04-14,C,13889.0,0.0,13889.0,D,,,,,,
1652044,2022-04-18,GOOG,Page Lawrence,,0001209191-22-024670,2022-04-14,S,482.0,2532.659,13407.0,D,,,,,,
1652044,2022-04-18,GOOG,Page Lawrence,,0001209191-22-024667,2022-04-14,S,100.0,2581.2502,19542491.0,D,,,,,,
1652044,2022-04-18,GOOG,Page Lawrence,,0001209191-22-024662,2022-04-14,S,401.0,2543.101,19554879.0,D,,,,,,
1652044,2022-04-20,GOOG,Page Lawrence,,0001209191-22-025078,2022-04-18,S,100.0,2574.16,19527502.0,D,,,,,,
1652044,2022-04-20,GOOG,Page Lawrence,,0001209191-22-025074,2022-04-18,S,500.0,2534.138,19540891.0,D,,,,,,
1652044,2022-04-20,GOOG,Page Lawrence,,0001209191-22-025066,2022-04-18,C,13889.0,0.0,13889.0,D,,,,,,
1652044,2022-04-20,GOOG,Page Lawrence,,0001209191-22-025066,2022-04-18,S,300.0,2525.3333,13589.0,D,,,,,,
1652044,2022-04-21,GOOG,Page Lawrence,,0001209191-22-025248,2022-04-19,S,200.0,2550.19,19527302.0,D,,,,,,
1652044,2022-04-21,GOOG,Page Lawrence,,0001209191-22-025244,2022-04-19,S,200.0,2541.8,13688.0,D,,,,,,
1652044,2022-04-21,GOOG,Page Lawrence,,0001209191-22-025250,2022-04-19,S,700.0,2609.3929,19514870.0,D,,,,,,
1652044,2022-04-21,GOOG,Page Lawrence,,0001209191-22-025244,2022-04-19,C,13888.0,0.0,13888.0,D,,,,,,
1652044,2022-04-21,GOOG,Page Lawrence,,0001209191-22-025246,2022-04-19,S,358.0,2601.6347,400.0,D,,,,,,
1652044,2022-04-27,GOOG,O'Toole Amie Thuener,,0001209191-22-025745,2022-04-25,C,53.0,0.0,1212.0,D,,,,,,
1652044,2022-04-27,GOOG,O'Toole Amie Thuener,,0001209191-22-025745,2022-04-25,F,53.0,2392.28,900.0,D,,,,,,
1652044,2022-05-04,GOOG,RAGHAVAN PRABHAKAR,,0001209191-22-027197,2022-05-03,S,490.0,2335.3,497.0,D,,,,,,
1652044,2022-05-04,GOOG,O'Toole Amie Thuener,,0001209191-22-027181,2022-05-03,S,42.0,2335.3,1170.0,D,,,,,,
1652044,2022-05-10,GOOG,HENNESSY JOHN L,,0001209191-22-028184,2022-05-09,S,1.0,2264.355,295.0,I,,,,,,
1652044,2022-05-10,GOOG,HENNESSY JOHN L,,0001209191-22-028179,2022-05-09,S,2.0,2256.875,2011.0,I,,,,,,
1652044,2022-05-12,GOOG,Sergey Brin,,0001209191-22-028734,2022-05-12,C,37600.0,0.0,37600.0,D,,,,,,
1652044,2022-05-12,GTLB,"GV 2021 GP, L.L.C.",,0001209191-22-028641,2022-05-10,P,82055.0,33.7184,306103.0,I,,,,,,
1652044,2022-05-12,GTLB,"GV 2021 GP, L.L.C.",,0001209191-22-028641,2022-05-11,P,76136.0,34.7095,555831.0,I,,,,,,
1652044,2022-05-12,GOOG,Sergey Brin,,0001209191-22-028734,2022-05-12,G,37600.0,0.0,0.0,D,,,,,,
1652044,2022-05-16,GTLB,"GV 2021 GP, L.L.C.",,0001209191-22-029127,2022-05-12,P,14860.0,32.9636,570691.0,I,,,,,,
1652044,2022-05-25,GTLB,"GV 2021 GP, L.L.C.",,0001209191-22-031962,2022-05-24,P,13528.0,33.7189,593402.0,I,,,,,,
1652044,2022-05-27,GOOG,MATHER ANN,,0001209191-22-032706,2022-05-25,S,21.0,2102.84,565.0,D,,,,,,
1652044,2022-05-27,GOOG,O'Toole Amie Thuener,,0001209191-22-032710,2022-05-25,C,53.0,0.0,1223.0,D,,,,,,
1652044,2022-05-27,GOOG,O'Toole Amie Thuener,,0001209191-22-032710,2022-05-25,F,53.0,2118.52,794.0,D,,,,,,
1652044,2022-06-02,GOOG,O'Toole Amie Thuener,,0001209191-22-033699,2022-06-01,S,42.0,2298.63,1181.0,D,,,,,,
1652044,2022-06-13,GOOG,HENNESSY JOHN L,,0001209191-22-036463,2022-06-09,S,1.0,2327.08,110.0,D,,,,,,
1652044,2022-06-13,GOOG,HENNESSY JOHN L,,0001209191-22-036461,2022-06-09,S,2.0,2326.85,1967.0,I,,,,,,
1652044,2022-06-28,GOOG,O'Toole Amie Thuener,,0001209191-22-039719,2022-06-25,C,53.0,0.0,1234.0,D,,,,,,
1652044,2022-06-28,GOOG,WALKER JOHN KENT,,0001209191-22-039717,2022-04-13,G,1795.0,0.0,2500.0,D,,,,,,
1652044,2022-06-28,GOOG,WALKER JOHN KENT,,0001209191-22-039717,2022-06-25,F,1155.0,2370.76,15152.0,D,,,,,,
1652044,2022-06-28,GOOG,RAGHAVAN PRABHAKAR,,0001209191-22-039714,2022-06-25,F,1255.0,2370.76,16471.0,D,,,,,,
1652044,2022-06-28,GOOG,O'Toole Amie Thuener,,0001209191-22-039719,2022-06-25,F,53.0,2370.76,688.0,D,,,,,,
1652044,2022-06-28,GOOG,WALKER JOHN KENT,,0001209191-22-039717,2022-05-03,G,3044.0,0.0,166.0,I,,,,,,
1652044,2022-06-28,GOOG,WALKER JOHN KENT,,0001209191-22-039717,2022-06-25,C,1174.0,0.0,13978.0,D,,,,,,
1652044,2022-06-28,GOOG,RAGHAVAN PRABHAKAR,,0001209191-22-039714,2022-06-25,C,1277.0,0.0,15194.0,D,,,,,,
1652044,2022-06-28,GOOG,Schindler Philipp,,0001209191-22-039698,2022-06-25,C,2476.0,0.0,16510.0,D,,,,,,
1652044,2022-06-28,GOOG,Pichai Sundar,,0001209191-22-039695,2022-06-25,C,3866.0,0.0,104803.0,D,,,,,,
1652044,2022-06-28,GOOG,Pichai Sundar,,0001209191-22-039695,2022-06-25,F,3801.0,2370.76,19201.0,D,,,,,,
1652044,2022-06-28,GOOG,Porat Ruth,,0001209191-22-039705,2022-06-25,F,1155.0,2370.76,15152.0,D,,,,,,
1652044,2022-06-28,GOOG,Schindler Philipp,,0001209191-22-039698,2022-06-25,F,1506.0,2370.76,19764.0,D,,,,,,
1652044,2022-06-28,GOOG,Porat Ruth,,0001209191-22-039705,2022-06-25,C,1740.0,0.0,78502.0,D,,,,,,
1652044,2022-06-29,GOOG,MATHER ANN,,0001209191-22-039873,2022-06-27,S,20.0,2383.32,565.0,D,,,,,,
1652044,2022-07-01,GOOG,O'Toole Amie Thuener,,0001209191-22-040364,2022-07-01,S,42.0,2166.74,1192.0,D,,,,,,
1652044,2022-07-01,GOOG,RAGHAVAN PRABHAKAR,,0001209191-22-040372,2022-07-01,S,1109.0,2166.74,1608.0,D,,,,,,
1652044,2022-07-06,GOOG,Schindler Philipp,,0001209191-22-040982,2022-07-05,S,100.0,2133.15,16410.0,D,,,,,,
1652044,2022-07-08,GOOG,DOERR L JOHN,,0001209191-22-041564,2022-07-06,A,156.0,0.0,156.0,D,,,,,,
1652044,2022-07-08,GOOG,MATHER ANN,,0001209191-22-041577,2022-07-06,A,156.0,0.0,156.0,D,,,,,,
1652044,2022-07-08,GOOG,ARNOLD FRANCES,,0001209191-22-041562,2022-07-06,A,156.0,0.0,156.0,D,,,,,,
1652044,2022-07-08,GOOG,Shriram Kavitark Ram,,0001209191-22-041573,2022-07-06,A,156.0,0.0,156.0,D,,,,,,
1652044,2022-07-08,GOOG,Washington Robin L,,0001209191-22-041576,2022-07-06,A,156.0,0.0,156.0,D,,,,,,
1652044,2022-07-08,GOOG,HENNESSY JOHN L,,0001209191-22-041571,2022-07-06,A,222.0,0.0,222.0,D,,,,,,
1652044,2022-07-08,GOOG,Ferguson Roger W. Jr.,,0001209191-22-041569,2022-07-06,A,156.0,0.0,156.0,D,,,,,,
1652044,2022-07-11,GOOG,HENNESSY JOHN L,,0001209191-22-041848,2022-07-11,S,2.0,2329.83,263.0,I,,,,,,
1652044,2022-07-15,DUOL,CapitalG 2014 LP,isTenPercentOwner,0000929638-22-001155,2022-07-13,C,500000.0,,578755.0,I,,,,,,
1652044,2022-07-26,GOOG,MATHER ANN,,0001209191-22-043230,2022-07-25,S,300.0,108.94,11360.0,D,,,,,,
1652044,2022-07-26,GOOG,O'Toole Amie Thuener,,0001209191-22-043227,2022-07-25,C,1059.0,0.0,24899.0,D,,,,,,
1652044,2022-07-26,GOOG,O'Toole Amie Thuener,,0001209191-22-043227,2022-07-25,F,1041.0,108.36,11659.0,D,,,,,,
1652044,2022-07-29,GOOG,ARNOLD FRANCES,,0001209191-22-043551,2022-07-29,S,1230.0,116.4386,9230.0,D,,,,,,
1652044,2022-08-03,GOOG,O'Toole Amie Thuener,,0001209191-22-044072,2022-08-02,S,847.0,114.33,24052.0,D,,,,,,
1652044,2022-08-05,GOOG,WALKER JOHN KENT,,0001209191-22-044628,2022-08-04,G,34799.0,0.0,0.0,D,,,,,,
1652044,2022-08-05,GOOG,WALKER JOHN KENT,,0001209191-22-044628,2022-08-04,S,20145.0,117.77,33138.0,I,,,,,,
1652044,2022-08-08,GOOG,Sergey Brin,,0001209191-22-044748,2022-08-08,C,535400.0,0.0,535400.0,D,,,,,,
1652044,2022-08-08,GOOG,Sergey Brin,,0001209191-22-044748,2022-08-08,G,535400.0,0.0,0.0,D,,,,,,
1652044,2022-08-09,GOOG,CHAVEZ R. MARTIN,,0001209191-22-044943,2022-08-03,A,8824.0,0.0,8824.0,D,,,,,,
1652044,2022-08-09,GOOG,HENNESSY JOHN L,,0001209191-22-045122,2022-08-08,S,1500.0,120.0,36180.0,I,,,,,,
1652044,2022-08-09,GOOG,HENNESSY JOHN L,,0001209191-22-045122,2022-08-09,S,50.0,116.92,4610.0,I,,,,,,
1652044,2022-08-10,GOOG,HENNESSY JOHN L,,0001209191-22-045299,2022-08-10,S,500.0,120.0,34760.0,I,,,,,,
1652044,2022-08-29,GOOG,O'Toole Amie Thuener,,0001209191-22-047822,2022-08-25,C,1069.0,0.0,25121.0,D,,,,,,
1652044,2022-08-29,GOOG,O'Toole Amie Thuener,,0001209191-22-047822,2022-08-25,F,1051.0,114.7,8480.0,D,,,,,,
1652044,2022-08-29,GOOG,MATHER ANN,,0001209191-22-047825,2022-08-25,S,280.0,115.15,11420.0,D,,,,,,
1652044,2022-09-02,GOOG,O'Toole Amie Thuener,,0001209191-22-048450,2022-09-01,S,855.0,109.15,24266.0,D,,,,,,
1652044,2022-09-12,GOOG,HENNESSY JOHN L,,0001209191-22-049532,2022-09-09,S,1500.0,110.0,33260.0,I,,,,,,
1652044,2022-09-27,GOOG,RAGHAVAN PRABHAKAR,,0001209191-22-051405,2022-09-25,C,44420.0,0.0,76580.0,D,,,,,,
1652044,2022-09-27,GOOG,Pichai Sundar,,0001209191-22-051396,2022-09-25,C,77314.0,0.0,2173374.0,D,,,,,,
1652044,2022-09-27,GOOG,Schindler Philipp,,0001209191-22-051400,2022-09-25,F,30135.0,99.17,334505.0,D,,,,,,
1652044,2022-09-27,GOOG,O'Toole Amie Thuener,,0001209191-22-051420,2022-09-25,C,1069.0,0.0,25335.0,D,,,,,,
1652044,2022-09-27,GOOG,Porat Ruth,,0001209191-22-051418,2022-09-25,F,23104.0,99.17,256456.0,D,,,,,,
1652044,2022-09-27,GOOG,O'Toole Amie Thuener,,0001209191-22-051420,2022-09-25,F,1051.0,99.17,7429.0,D,,,,,,
1652044,2022-09-27,GOOG,Schindler Philipp,,0001209191-22-051400,2022-09-25,C,49523.0,0.0,303043.0,D,,,,,,
1652044,2022-09-27,GOOG,Pichai Sundar,,0001209191-22-051396,2022-09-25,F,76026.0,99.17,153360.0,D,,,,,,
1652044,2022-09-27,GOOG,Porat Ruth,,0001209191-22-051418,2022-09-25,C,34810.0,0.0,1604850.0,D,,,,,,
1652044,2022-09-27,GOOG,WALKER JOHN KENT,,0001209191-22-051403,2022-09-25,F,23104.0,99.17,256456.0,D,,,,,,
1652044,2022-09-27,GOOG,RAGHAVAN PRABHAKAR,,0001209191-22-051405,2022-09-25,F,25117.0,99.17,278763.0,D,,,,,,
1652044,2022-09-27,GOOG,WALKER JOHN KENT,,0001209191-22-051403,2022-09-25,C,34810.0,0.0,34810.0,D,,,,,,
1652044,2022-09-28,GOOG,MATHER ANN,,0001209191-22-051439,2022-09-26,S,300.0,98.6,11480.0,D,,,,,,
1652044,2022-10-03,GOOG,WALKER JOHN KENT,,0001209191-22-051975,2022-09-30,G,34809.0,0.0,53283.0,I,,,,,,
1652044,2022-10-03,GOOG,WALKER JOHN KENT,,0001209191-22-051975,2022-09-28,S,34809.0,100.0047,18474.0,I,,,,,,
1652044,2022-10-04,GOOG,RAGHAVAN PRABHAKAR,,0001209191-22-052328,2022-10-03,S,12237.0,97.3261,64343.0,D,,,,,,
1652044,2022-10-05,GOOG,O'Toole Amie Thuener,,0001209191-22-052920,2022-10-04,S,855.0,101.04,24480.0,D,,,,,,
1652044,2022-10-06,GOOG,Schindler Philipp,,0001209191-22-052966,2022-10-05,S,76678.0,100.7995,226365.0,D,,,,,,
1652044,2022-10-25,GOOG,MATHER ANN,,0001209191-22-054572,2022-10-25,S,280.0,103.23,11200.0,D,,,,,,
1652044,2022-10-26,GOOG,O'Toole Amie Thuener,,0001209191-22-054677,2022-10-25,F,1051.0,102.97,5309.0,D,,,,,,
1652044,2022-10-26,GOOG,O'Toole Amie Thuener,,0001209191-22-054677,2022-10-25,C,1069.0,0.0,25549.0,D,,,,,,
1652044,2022-10-26,PRME,"GV 2019 GP, L.L.C.",,0001628280-22-027126,2022-10-24,P,800000.0,17.0,11522248.0,I,,,,,,
1652044,2022-10-26,PRME,"GV 2019 GP, L.L.C.",,0001628280-22-027126,2022-10-24,C,10722248.0,,10722248.0,I,,,,,,
1652044,2022-11-02,VERV,"GV 2017 GP, L.L.C.",,0001209191-22-055288,2022-11-01,S,29326.0,36.6878,2637.0,I,,,,,,
1652044,2022-11-02,VERV,"GV 2017 GP, L.L.C.",,0001209191-22-055288,2022-11-01,J,31963.0,0.0,6235245.0,I,,,,,,
1652044,2022-11-02,VERV,"GV 2017 GP, L.L.C.",,0001209191-22-055288,2022-10-31,S,23732.0,37.9061,29965.0,I,,,,,,
1652044,2022-11-02,VERV,"GV 2017 GP, L.L.C.",,0001209191-22-055288,2022-10-31,J,53697.0,0.0,6267208.0,I,,,,,,
1652044,2022-11-03,GOOG,MATHER ANN,,0001209191-22-055607,2022-11-03,S,260.0,86.31,11300.0,D,,,,,,
1652044,2022-11-03,GOOG,O'Toole Amie Thuener,,0001209191-22-055561,2022-11-02,S,855.0,90.85,24694.0,D,,,,,,
1652044,2022-11-04,VERV,"GV 2017 GP, L.L.C.",,0001209191-22-055791,2022-11-02,S,9349.0,34.7754,19302.0,I,,,,,,
1652044,2022-11-04,VERV,"GV 2017 GP, L.L.C.",,0001209191-22-055791,2022-11-02,J,28651.0,0.0,6206594.0,I,,,,,,
1652044,2022-11-04,VERV,"GV 2017 GP, L.L.C.",,0001209191-22-055791,2022-11-03,J,49569.0,0.0,6157025.0,I,,,,,,
1652044,2022-11-04,VERV,"GV 2017 GP, L.L.C.",,0001209191-22-055791,2022-11-03,S,22279.0,32.3155,27290.0,I,,,,,,
1652044,2022-11-08,VERV,"GV 2017 GP, L.L.C.",,0001209191-22-056122,2022-11-04,S,47690.0,31.118,893.0,I,,,,,,
1652044,2022-11-08,GTLB,"GV 2021 GP, L.L.C.",,0001209191-22-056129,2022-11-07,P,136376.0,34.9056,1007271.0,I,,,,,,
1652044,2022-11-08,GTLB,"GV 2021 GP, L.L.C.",,0001209191-22-056129,2022-11-04,P,121424.0,35.5257,714826.0,I,,,,,,
1652044,2022-11-08,VERV,"GV 2017 GP, L.L.C.",,0001209191-22-056122,2022-11-04,J,48583.0,0.0,6108442.0,I,,,,,,
1652044,2022-11-10,GTLB,"GV 2021 GP, L.L.C.",,0001209191-22-056458,2022-11-08,P,14264.0,35.9663,1087056.0,I,,,,,,
1652044,2022-11-10,GTLB,"GV 2021 GP, L.L.C.",,0001209191-22-056458,2022-11-09,P,128911.0,34.2931,1241126.0,I,,,,,,
1652044,2022-11-28,GOOG,MATHER ANN,,0001209191-22-058904,2022-11-25,S,360.0,98.48,11300.0,D,,,,,,
1652044,2022-11-28,GOOG,O'Toole Amie Thuener,,0001209191-22-058906,2022-11-25,C,1069.0,0.0,25763.0,D,,,,,,
1652044,2022-11-28,GOOG,O'Toole Amie Thuener,,0001209191-22-058906,2022-11-25,F,1051.0,98.82,2120.0,D,,,,,,
1652044,2022-11-29,GOOG,Sergey Brin,,0001209191-22-058929,2022-11-29,G,539400.0,0.0,0.0,D,,,,,,
1652044,2022-11-29,GOOG,Sergey Brin,,0001209191-22-058929,2022-11-29,C,539400.0,0.0,539400.0,D,,,,,,
1652044,2022-12-01,GOOG,O'Toole Amie Thuener,,0001209191-22-059251,2022-12-01,S,855.0,101.1311,24908.0,D,,,,,,
1652044,2022-12-16,GOOG,Pichai Sundar,,0001209191-22-061722,2022-11-25,G,357875.0,0.0,1815499.0,D,,,,,,
1652044,2022-12-21,GOOG,Pichai Sundar,,0001209191-22-062355,2022-12-19,A,892573.0,0.0,892573.0,D,,,,,,
1652044,2022-12-28,GOOG,Pichai Sundar,,0001209191-22-062853,2022-12-25,C,77324.0,0.0,0.0,D,,,,,,
1652044,2022-12-28,GOOG,Schindler Philipp,,0001209191-22-062857,2022-12-25,F,30125.0,89.81,273735.0,D,,,,,,
1652044,2022-12-28,GOOG,MATHER ANN,,0001209191-22-062864,2022-12-27,S,380.0,89.24,11300.0,D,,,,,,
1652044,2022-12-28,GOOG,O'Toole Amie Thuener,,0001209191-22-062870,2022-12-25,C,1069.0,0.0,25977.0,D,,,,,,
1652044,2022-12-28,GOOG,WALKER JOHN KENT,,0001209191-22-062862,2022-12-25,F,23094.0,89.81,209866.0,D,,,,,,
1652044,2022-12-28,GOOG,O'Toole Amie Thuener,,0001209191-22-062870,2022-12-25,F,1051.0,89.81,0.0,D,,,,,,
1652044,2022-12-28,GOOG,Pichai Sundar,,0001209191-22-062853,2022-12-25,F,76036.0,89.81,77324.0,D,,,,,,
1652044,2022-12-28,GOOG,Porat Ruth,,0001209191-22-062875,2022-12-25,F,23094.0,89.81,209866.0,D,,,,,,
1652044,2022-12-28,GOOG,WALKER JOHN KENT,,0001209191-22-062862,2022-12-25,C,23486.0,0.0,186380.0,D,,,,,,
1652044,2022-12-28,GOOG,Porat Ruth,,0001209191-22-062875,2022-12-25,C,34800.0,0.0,1639650.0,D,,,,,,
1652044,2022-12-28,GOOG,Schindler Philipp,,0001209191-22-062857,2022-12-25,C,49512.0,0.0,275877.0,D,,,,,,
1652044,2022-12-28,GOOG,RAGHAVAN PRABHAKAR,,0001209191-22-062866,2022-12-25,C,25533.0,0.0,202580.0,D,,,,,,
1652044,2022-12-28,GOOG,RAGHAVAN PRABHAKAR,,0001209191-22-062866,2022-12-25,F,25107.0,89.81,228113.0,D,,,,,,
1652044,2023-01-03,GOOG,RAGHAVAN PRABHAKAR,,0001209191-23-000414,2023-01-03,S,18327.0,89.5641,80455.0,D,,,,,,
1652044,2023-01-04,GOOG,O'Toole Amie Thuener,,0001209191-23-001423,2023-01-04,S,855.0,91.15,25122.0,D,,,,,,
1652044,2023-01-06,GOOG,Pichai Sundar,,0001209191-23-002483,2023-01-05,A,1330260.0,0.0,3223083.0,D,,,,,,
1652044,2023-01-06,GOOG,Pichai Sundar,,0001209191-23-002483,2023-01-05,F,657904.0,88.71,2565179.0,D,,,,,,
1652044,2023-01-25,GOOG,WALKER JOHN KENT,,0001209191-23-004849,2023-01-23,S,11313.0,100.0,41970.0,I,,,,,,
1652044,2023-01-26,GOOG,O'Toole Amie Thuener,,0001209191-23-005130,2023-01-25,C,797.0,0.0,25919.0,D,,,,,,
1652044,2023-01-26,GOOG,O'Toole Amie Thuener,,0001209191-23-005130,2023-01-25,F,783.0,99.21,17480.0,D,,,,,,
1652044,2023-01-27,GOOG,MATHER ANN,,0001209191-23-005184,2023-01-25,S,340.0,96.92,11300.0,D,,,,,,
1652044,2023-02-01,GOOG,O'Toole Amie Thuener,,0001209191-23-005986,2023-02-01,S,637.0,99.87,25282.0,D,,,,,,
1652044,2023-02-08,GOOG,Ferguson Roger W. Jr.,,0001209191-23-007919,2023-02-06,G,5580.0,0.0,360.0,D,,,,,,
1652044,2023-02-28,GOOG,O'Toole Amie Thuener,,0001209191-23-013907,2023-02-25,C,797.0,0.0,26079.0,D,,,,,,
1652044,2023-02-28,GOOG,MATHER ANN,,0001209191-23-013904,2023-02-27,S,380.0,90.05,11300.0,D,,,,,,
1652044,2023-02-28,GOOG,O'Toole Amie Thuener,,0001209191-23-013907,2023-02-25,F,783.0,89.35,15900.0,D,,,,,,
1652044,2023-03-01,GOOG,O'Toole Amie Thuener,,0001209191-23-014259,2023-03-01,S,637.0,90.15,25442.0,D,,,,,,
1652044,2023-03-10,GOOG,O'Toole Amie Thuener,,0001209191-23-017789,2023-03-08,A,38564.0,0.0,38564.0,D,,,,,,
1652044,2023-03-15,GTLB,"GV 2021 GP, L.L.C.",,0001209191-23-018969,2023-03-14,P,169156.0,30.303,1878683.0,I,,,,,,
1652044,2023-03-15,GTLB,"GV 2021 GP, L.L.C.",,0001209191-23-018969,2023-03-13,P,119798.0,28.2554,1414325.0,I,,,,,,
1652044,2023-03-16,GOOG,Shriram Kavitark Ram,,0001209191-23-019177,2023-03-16,S,21229.0,100.0,161011.0,D,,,,,,
1652044,2023-03-28,GOOG,O'Toole Amie Thuener,,0001209191-23-021457,2023-03-25,C,937.0,0.0,26379.0,D,,,,,,
1652044,2023-03-28,GOOG,O'Toole Amie Thuener,,0001209191-23-021457,2023-03-25,F,793.0,106.06,15107.0,D,,,,,,
1652044,2023-03-28,GOOG,RAGHAVAN PRABHAKAR,,0001209191-23-021454,2023-03-25,F,25107.0,106.06,177473.0,D,,,,,,
1652044,2023-03-28,GOOG,Pichai Sundar,,0001209191-23-021439,2023-03-25,F,36878.0,106.06,855695.0,D,,,,,,
1652044,2023-03-28,GOOG,Porat Ruth,,0001209191-23-021452,2023-03-25,F,23104.0,106.06,163276.0,D,,,,,,
1652044,2023-03-28,GOOG,RAGHAVAN PRABHAKAR,,0001209191-23-021454,2023-03-25,C,25533.0,0.0,151940.0,D,,,,,,
1652044,2023-03-28,GOOG,Schindler Philipp,,0001209191-23-021442,2023-03-25,F,30135.0,106.06,212965.0,D,,,,,,
1652044,2023-03-28,GOOG,WALKER JOHN KENT,,0001209191-23-021447,2023-03-25,F,23104.0,106.06,163276.0,D,,,,,,
1652044,2023-03-28,GOOG,Porat Ruth,,0001209191-23-021452,2023-03-25,C,5511.0,0.0,1639108.0,D,,,,,,
1652044,2023-03-28,GOOG,Pichai Sundar,,0001209191-23-021439,2023-03-25,C,37503.0,0.0,2602682.0,D,,,,,,
1652044,2023-03-28,GOOG,Schindler Philipp,,0001209191-23-021442,2023-03-25,C,30645.0,0.0,306522.0,D,,,,,,
1652044,2023-03-28,GOOG,WALKER JOHN KENT,,0001209191-23-021447,2023-01-25,G,11313.0,0.0,23488.0,D,,,,,,
1652044,2023-03-28,GOOG,WALKER JOHN KENT,,0001209191-23-021447,2023-03-25,C,23496.0,0.0,139780.0,D,,,,,,
1652044,2023-03-31,GOOG,WALKER JOHN KENT,,0001209191-23-021834,2023-03-29,S,29006.0,101.8399,24277.0,I,,,,,,
1652044,2023-03-31,GOOG,WALKER JOHN KENT,,0001209191-23-021834,2023-03-30,G,29006.0,0.0,53283.0,I,,,,,,
1652044,2023-04-04,GOOG,O'Toole Amie Thuener,,0001209191-23-022816,2023-04-04,S,645.0,104.91,25734.0,D,,,,,,
1652044,2023-04-04,GOOG,RAGHAVAN PRABHAKAR,,0001209191-23-022885,2023-04-03,S,17340.0,102.9662,91619.0,D,,,,,,
1652044,2023-04-27,GOOG,Ferguson Roger W. Jr.,,0001209191-23-025795,2023-04-27,G,1000.0,0.0,440.0,D,,,,,,
1652044,2023-04-27,GOOG,O'Toole Amie Thuener,,0001209191-23-025790,2023-04-25,C,840.0,0.0,26574.0,D,,,,,,
1652044,2023-04-27,GOOG,O'Toole Amie Thuener,,0001209191-23-025790,2023-04-25,F,783.0,106.78,12720.0,D,,,,,,
1652044,2023-05-02,GOOG,O'Toole Amie Thuener,,0001209191-23-026620,2023-05-02,S,637.0,107.51,25937.0,D,,,,,,
1652044,2023-05-03,GOOG,RAGHAVAN PRABHAKAR,,0001209191-23-027179,2023-05-03,A,216268.0,0.0,216268.0,D,,,,,,
1652044,2023-05-03,GOOG,Porat Ruth,,0001209191-23-027168,2023-05-03,A,169253.0,0.0,169253.0,D,,,,,,
1652044,2023-05-03,GOOG,Schindler Philipp,,0001209191-23-027157,2023-05-03,A,216268.0,0.0,216268.0,D,,,,,,
1652044,2023-05-03,GOOG,WALKER JOHN KENT,,0001209191-23-027189,2023-05-03,A,169253.0,0.0,169253.0,D,,,,,,
1652044,2023-05-05,GTLB,"GV 2021 GP, L.L.C.",,0001209191-23-027711,2023-05-03,P,287470.0,28.2952,2221204.0,I,,,,,,
1652044,2023-05-05,GTLB,"GV 2021 GP, L.L.C.",,0001209191-23-027711,2023-05-04,P,302483.0,26.7533,2546148.0,I,,,,,,
1652044,2023-05-05,GOOG,Shriram Kavitark Ram,,0001209191-23-027747,2023-05-05,S,23739.0,104.7598,121001.0,D,,,,,,
1652044,2023-05-09,GTLB,"GV 2021 GP, L.L.C.",,0001209191-23-028245,2023-05-05,P,7286.0,26.981,2647312.0,I,,,,,,
1652044,2023-05-10,PRME,"GV 2019 GP, L.L.C.",,0001209191-23-028464,2023-05-08,S,100772.0,14.1282,11421476.0,I,,,,,,
1652044,2023-05-10,PRME,"GV 2019 GP, L.L.C.",,0001209191-23-028464,2023-05-09,S,321238.0,14.0787,11100238.0,I,,,,,,
1652044,2023-05-12,PRME,"GV 2019 GP, L.L.C.",,0001209191-23-029033,2023-05-10,S,87397.0,14.0257,11012841.0,I,,,,,,
1652044,2023-05-12,PRME,"GV 2019 GP, L.L.C.",,0001209191-23-029033,2023-05-11,S,21819.0,12.9815,10991022.0,I,,,,,,
1652044,2023-05-15,GOOG,Sergey Brin,,0001209191-23-029270,2023-05-11,C,2601500.0,0.0,2601500.0,D,,,,,,
1652044,2023-05-15,GOOG,Sergey Brin,,0001209191-23-029270,2023-05-11,G,2601500.0,0.0,0.0,D,,,,,,
1652044,2023-05-16,PRME,"GV 2019 GP, L.L.C.",,0001209191-23-029789,2023-05-15,S,157952.0,12.7386,10800973.0,I,,,,,,
1652044,2023-05-16,PRME,"GV 2019 GP, L.L.C.",,0001209191-23-029789,2023-05-12,S,27290.0,12.7234,10958925.0,I,,,,,,
1652044,2023-05-18,GOOG,Shriram Kavitark Ram,,0001209191-23-030509,2023-05-16,S,75000.0,120.0066,32240.0,D,,,,,,
1652044,2023-05-18,PRME,"GV 2019 GP, L.L.C.",,0001209191-23-030621,2023-05-17,S,15000.0,12.7733,10735324.0,I,,,,,,
1652044,2023-05-18,PRME,"GV 2019 GP, L.L.C.",,0001209191-23-030621,2023-05-16,S,50649.0,12.5901,10750324.0,I,,,,,,
1652044,2023-05-22,PRME,"GV 2019 GP, L.L.C.",,0001209191-23-031450,2023-05-18,S,13076.0,13.0086,10722248.0,I,,,,,,
1652044,2023-05-22,PRME,"GV 2019 GP, L.L.C.",,0001209191-23-031450,2023-05-19,J,63212.0,0.0,10645014.0,I,,,,,,
1652044,2023-05-22,PRME,"GV 2019 GP, L.L.C.",,0001209191-23-031450,2023-05-18,J,14022.0,0.0,10708226.0,I,,,,,,
1652044,2023-05-22,PRME,"GV 2019 GP, L.L.C.",,0001209191-23-031450,2023-05-19,S,63212.0,13.875,0.0,I,,,,,,
1652044,2023-05-22,GOOG,HENNESSY JOHN L,,0001209191-23-031354,2023-05-19,S,800.0,125.0,5940.0,I,,,,,,
1652044,2023-05-24,PRME,"GV 2019 GP, L.L.C.",,0001209191-23-031916,2023-05-22,S,87922.0,14.1272,0.0,I,,,,,,
1652044,2023-05-24,PRME,"GV 2019 GP, L.L.C.",,0001209191-23-031916,2023-05-22,J,87922.0,0.0,10557092.0,I,,,,,,
1652044,2023-05-24,PRME,"GV 2019 GP, L.L.C.",,0001209191-23-031916,2023-05-23,S,43939.0,14.7397,0.0,I,,,,,,
1652044,2023-05-24,PRME,"GV 2019 GP, L.L.C.",,0001209191-23-031916,2023-05-23,J,43939.0,0.0,10513153.0,I,,,,,,
1652044,2023-05-26,PRME,"GV 2019 GP, L.L.C.",,0001209191-23-032529,2023-05-25,J,23161.0,0.0,10482092.0,I,,,,,,
1652044,2023-05-26,PRME,"GV 2019 GP, L.L.C.",,0001209191-23-032529,2023-05-24,J,7900.0,0.0,10505253.0,I,,,,,,
1652044,2023-05-26,PRME,"GV 2019 GP, L.L.C.",,0001209191-23-032529,2023-05-24,S,7900.0,13.6608,0.0,I,,,,,,
1652044,2023-05-26,GOOG,ARNOLD FRANCES,,0001209191-23-032690,2023-05-25,S,950.0,125.25,13040.0,D,,,,,,
1652044,2023-05-26,GOOG,O'Toole Amie Thuener,,0001209191-23-032700,2023-05-25,F,793.0,121.64,11120.0,D,,,,,,
1652044,2023-05-26,GOOG,O'Toole Amie Thuener,,0001209191-23-032700,2023-05-25,C,850.0,0.0,26787.0,D,,,,,,
1652044,2023-05-26,PRME,"GV 2019 GP, L.L.C.",,0001209191-23-032529,2023-05-25,S,23161.0,13.3834,0.0,I,,,,,,
1652044,2023-05-31,PRME,"GV 2019 GP, L.L.C.",,0001209191-23-033107,2023-05-26,J,12602.0,0.0,10469490.0,I,,,,,,
1652044,2023-05-31,PRME,"GV 2019 GP, L.L.C.",,0001209191-23-033107,2023-05-30,S,16805.0,13.7007,0.0,I,,,,,,
1652044,2023-05-31,PRME,"GV 2019 GP, L.L.C.",,0001209191-23-033107,2023-05-30,J,16805.0,0.0,10452685.0,I,,,,,,
1652044,2023-05-31,GOOG,ARNOLD FRANCES,,0001209191-23-033115,2023-05-31,S,240.0,123.73,12800.0,D,,,,,,
1652044,2023-05-31,PRME,"GV 2019 GP, L.L.C.",,0001209191-23-033107,2023-05-26,S,12602.0,13.6965,0.0,I,,,,,,
1652044,2023-06-02,GOOG,MATHER ANN,,0001209191-23-034034,2023-06-02,S,5245.0,125.0146,7095.0,D,,,,,,
1652044,2023-06-02,PRME,"GV 2019 GP, L.L.C.",,0001209191-23-033697,2023-05-31,S,16633.0,13.6478,0.0,I,,,,,,
1652044,2023-06-02,PRME,"GV 2019 GP, L.L.C.",,0001209191-23-033697,2023-05-31,J,16633.0,0.0,10436052.0,I,,,,,,
1652044,2023-06-02,PRME,"GV 2019 GP, L.L.C.",,0001209191-23-033697,2023-06-01,S,44752.0,14.3512,471.0,I,,,,,,
1652044,2023-06-02,PRME,"GV 2019 GP, L.L.C.",,0001209191-23-033697,2023-06-01,J,45223.0,0.0,10390829.0,I,,,,,,
1652044,2023-06-07,PRME,"GV 2019 GP, L.L.C.",,0001209191-23-035068,2023-06-05,S,22434.0,16.6984,0.0,I,,,,,,
1652044,2023-06-07,PRME,"GV 2019 GP, L.L.C.",,0001209191-23-035068,2023-06-06,J,29975.0,0.0,10338420.0,I,,,,,,
1652044,2023-06-07,PRME,"GV 2019 GP, L.L.C.",,0001209191-23-035068,2023-06-05,J,22434.0,0.0,10368395.0,I,,,,,,
1652044,2023-06-07,PRME,"GV 2019 GP, L.L.C.",,0001209191-23-035068,2023-06-06,S,29975.0,17.0197,0.0,I,,,,,,
1652044,2023-06-09,PRME,"GV 2019 GP, L.L.C.",,0001209191-23-035849,2023-06-07,J,15000.0,0.0,10323420.0,I,,,,,,
1652044,2023-06-09,PRME,"GV 2019 GP, L.L.C.",,0001209191-23-035849,2023-06-08,S,5000.0,15.7373,0.0,I,,,,,,
1652044,2023-06-09,PRME,"GV 2019 GP, L.L.C.",,0001209191-23-035849,2023-06-07,S,15000.0,16.9247,0.0,I,,,,,,
1652044,2023-06-09,PRME,"GV 2019 GP, L.L.C.",,0001209191-23-035849,2023-06-08,J,5000.0,0.0,10318420.0,I,,,,,,
1652044,2023-06-13,PRME,"GV 2019 GP, L.L.C.",,0001209191-23-036666,2023-06-12,J,16031.0,0.0,10286717.0,I,,,,,,
1652044,2023-06-13,PRME,"GV 2019 GP, L.L.C.",,0001209191-23-036666,2023-06-09,J,15672.0,0.0,10302748.0,I,,,,,,
1652044,2023-06-13,PRME,"GV 2019 GP, L.L.C.",,0001209191-23-036666,2023-06-12,S,16031.0,14.9804,0.0,I,,,,,,
1652044,2023-06-13,GOOG,HENNESSY JOHN L,,0001209191-23-036816,2023-06-13,S,200.0,125.65,5740.0,I,,,,,,
1652044,2023-06-13,PRME,"GV 2019 GP, L.L.C.",,0001209191-23-036666,2023-06-09,S,15672.0,14.4834,0.0,I,,,,,,
1652044,2023-06-15,PRME,"GV 2019 GP, L.L.C.",,0001209191-23-037334,2023-06-14,J,28960.0,0.0,10229657.0,I,,,,,,
1652044,2023-06-15,PRME,"GV 2019 GP, L.L.C.",,0001209191-23-037334,2023-06-14,S,28960.0,14.8717,0.0,I,,,,,,
1652044,2023-06-15,PRME,"GV 2019 GP, L.L.C.",,0001209191-23-037334,2023-06-13,J,28100.0,0.0,10258617.0,I,,,,,,
1652044,2023-06-15,PRME,"GV 2019 GP, L.L.C.",,0001209191-23-037334,2023-06-13,S,28100.0,15.1282,0.0,I,,,,,,
1652044,2023-06-20,PRME,"GV 2019 GP, L.L.C.",,0001209191-23-038363,2023-06-15,J,66659.0,0.0,10162998.0,I,,,,,,
1652044,2023-06-20,PRME,"GV 2019 GP, L.L.C.",,0001209191-23-038363,2023-06-16,S,6532.0,15.0198,0.0,I,,,,,,
1652044,2023-06-20,PRME,"GV 2019 GP, L.L.C.",,0001209191-23-038363,2023-06-16,J,6532.0,0.0,10156466.0,I,,,,,,
1652044,2023-06-20,PRME,"GV 2019 GP, L.L.C.",,0001209191-23-038363,2023-06-15,S,66659.0,14.9166,0.0,I,,,,,,
1652044,2023-06-22,PRME,"GV 2019 GP, L.L.C.",,0001209191-23-039122,2023-06-21,J,19003.0,0.0,10100058.0,I,,,,,,
1652044,2023-06-22,PRME,"GV 2019 GP, L.L.C.",,0001209191-23-039122,2023-06-20,J,37405.0,0.0,10119061.0,I,,,,,,
1652044,2023-06-22,PRME,"GV 2019 GP, L.L.C.",,0001209191-23-039122,2023-06-21,S,19003.0,14.9711,0.0,I,,,,,,
1652044,2023-06-22,PRME,"GV 2019 GP, L.L.C.",,0001209191-23-039122,2023-06-20,S,37405.0,15.0581,0.0,I,,,,,,
1652044,2023-06-27,GOOG,Pichai Sundar,,0001209191-23-039962,2023-06-25,C,37503.0,0.0,2640185.0,D,,,,,,
1652044,2023-06-27,GOOG,RAGHAVAN PRABHAKAR,,0001209191-23-039975,2023-06-25,C,25533.0,0.0,126407.0,D,,,,,,
1652044,2023-06-27,GOOG,O'Toole Amie Thuener,,0001209191-23-039984,2023-06-25,F,783.0,123.02,10337.0,D,,,,,,
1652044,2023-06-27,GOOG,O'Toole Amie Thuener,,0001209191-23-039984,2023-06-25,C,840.0,0.0,27627.0,D,,,,,,
1652044,2023-06-27,GOOG,WALKER JOHN KENT,,0001209191-23-039969,2023-06-25,C,23486.0,0.0,116294.0,D,,,,,,
1652044,2023-06-27,GOOG,Schindler Philipp,,0001209191-23-039964,2023-06-25,C,55444.0,0.0,368919.0,D,,,,,,
1652044,2023-06-27,GOOG,Porat Ruth,,0001209191-23-039993,2023-06-25,F,23094.0,123.02,93200.0,D,,,,,,
1652044,2023-06-27,GOOG,Schindler Philipp,,0001209191-23-039964,2023-06-25,F,17871.0,123.02,198397.0,D,,,,,,
1652044,2023-06-27,GOOG,WALKER JOHN KENT,,0001209191-23-039969,2023-06-25,F,23094.0,123.02,93200.0,D,,,,,,
1652044,2023-06-27,GOOG,RAGHAVAN PRABHAKAR,,0001209191-23-039975,2023-06-25,F,25107.0,123.02,101300.0,D,,,,,,
1652044,2023-06-27,GOOG,Porat Ruth,,0001209191-23-039993,2023-06-25,C,42901.0,0.0,1705505.0,D,,,,,,
1652044,2023-06-27,GOOG,Pichai Sundar,,0001209191-23-039962,2023-06-25,F,36878.0,123.02,781314.0,D,,,,,,
1652044,2023-06-28,GOOG,MATHER ANN,,0001209191-23-040019,2023-06-26,S,380.0,121.42,4700.0,D,,,,,,
1652044,2023-06-29,GOOG,ARNOLD FRANCES,,0001209191-23-040232,2023-06-29,S,240.0,120.02,13040.0,D,,,,,,
1652044,2023-07-05,GOOG,RAGHAVAN PRABHAKAR,,0001209191-23-040892,2023-07-03,S,15183.0,120.283,127928.0,D,,,,,,
1652044,2023-07-06,GOOG,MATHER ANN,,0001209191-23-041695,2023-07-05,A,2841.0,0.0,2841.0,D,,,,,,
1652044,2023-07-06,GOOG,Shriram Kavitark Ram,,0001209191-23-041714,2023-07-05,A,2841.0,0.0,2841.0,D,,,,,,
1652044,2023-07-06,GOOG,Ferguson Roger W. Jr.,,0001209191-23-041705,2023-07-05,A,2841.0,0.0,2841.0,D,,,,,,
1652044,2023-07-06,GOOG,Washington Robin L,,0001209191-23-041712,2023-07-05,A,2841.0,0.0,2841.0,D,,,,,,
1652044,2023-07-06,GOOG,DOERR L JOHN,,0001209191-23-041687,2023-07-05,A,2841.0,0.0,2841.0,D,,,,,,
1652044,2023-07-06,GOOG,ARNOLD FRANCES,,0001209191-23-041639,2023-07-05,A,2841.0,0.0,2841.0,D,,,,,,
1652044,2023-07-06,GOOG,HENNESSY JOHN L,,0001209191-23-041643,2023-07-05,A,4058.0,0.0,4058.0,D,,,,,,
1652044,2023-07-06,GOOG,CHAVEZ R. MARTIN,,0001209191-23-041653,2023-07-05,A,2841.0,0.0,2841.0,D,,,,,,
1652044,2023-07-13,GOOG,HENNESSY JOHN L,,0001209191-23-042242,2023-07-13,S,200.0,125.0,5540.0,I,,,,,,
1652044,2023-07-14,GOOG,Shriram Kavitark Ram,,0001209191-23-042309,2023-07-10,S,24976.0,116.6053,11628.0,D,,,,,,
1652044,2023-07-14,GOOG,Shriram Kavitark Ram,,0001209191-23-042309,2023-07-12,S,37500.0,120.0195,690564.0,I,,,,,,
1652044,2023-07-27,GOOG,MATHER ANN,,0001209191-23-043556,2023-07-25,S,220.0,121.75,4759.0,D,,,,,,
1652044,2023-07-27,GOOG,O'Toole Amie Thuener,,0001209191-23-043511,2023-07-25,C,840.0,0.0,28467.0,D,,,,,,
1652044,2023-07-27,GOOG,O'Toole Amie Thuener,,0001209191-23-043511,2023-07-25,F,783.0,121.88,8757.0,D,,,,,,
1652044,2023-07-28,GOOG,ARNOLD FRANCES,,0001209191-23-043728,2023-07-28,S,230.0,130.95,13329.0,D,,,,,,
1652044,2023-08-10,GOOG,HENNESSY JOHN L,,0001209191-23-045324,2023-08-10,S,50.0,131.9814,5490.0,I,,,,,,
1652044,2023-08-21,OSCR,Alphabet Inc.,isTenPercentOwner,0000929638-23-002316,2023-08-17,S,5719438.0,8.081,15625310.0,I,,,,,,
1652044,2023-08-29,GOOG,O'Toole Amie Thuener,,0001209191-23-047589,2023-08-25,C,850.0,0.0,29317.0,D,,,,,,
1652044,2023-08-29,GOOG,O'Toole Amie Thuener,,0001209191-23-047589,2023-08-25,F,793.0,130.42,7167.0,D,,,,,,
1652044,2023-08-29,GOOG,MATHER ANN,,0001209191-23-047583,2023-08-25,S,220.0,130.14,4818.0,D,,,,,,
1652044,2023-09-01,GOOG,ARNOLD FRANCES,,0001209191-23-048045,2023-08-30,S,230.0,135.56,13618.0,D,,,,,,
1652044,2023-09-05,GOOG,O'Toole Amie Thuener,,0001209191-23-048237,2023-09-05,S,3749.0,136.28,25568.0,D,,,,,,
1652044,2023-09-07,GOOG,WALKER JOHN KENT,,0001209191-23-048679,2023-09-06,G,42900.0,0.0,53283.0,I,,,,,,
1652044,2023-09-07,GOOG,WALKER JOHN KENT,,0001209191-23-048679,2023-09-05,S,23531.0,136.215,29752.0,I,,,,,,
1652044,2023-09-11,GOOG,HENNESSY JOHN L,,0001209191-23-049052,2023-08-03,G,2444.0,0.0,3580.0,D,,,,,,
1652044,2023-09-11,GOOG,HENNESSY JOHN L,,0001209191-23-049052,2023-09-11,S,54.0,136.8717,7730.0,I,,,,,,
1652044,2023-09-26,GOOG,Pichai Sundar,,0001209191-23-050610,2023-09-25,C,37503.0,0.0,2677688.0,D,,,,,,
1652044,2023-09-26,GOOG,Pichai Sundar,,0001209191-23-050610,2023-09-25,F,36878.0,131.25,669430.0,D,,,,,,
1652044,2023-09-26,GOOG,Schindler Philipp,,0001209191-23-050615,2023-09-25,C,46368.0,0.0,415287.0,D,,,,,,
1652044,2023-09-26,GOOG,Schindler Philipp,,0001209191-23-050615,2023-09-25,F,8936.0,131.25,162201.0,D,,,,,,
1652044,2023-09-27,GOOG,WALKER JOHN KENT,,0001209191-23-050698,2023-09-25,C,23496.0,0.0,69704.0,D,,,,,,
1652044,2023-09-27,GOOG,RAGHAVAN PRABHAKAR,,0001209191-23-050684,2023-01-17,G,22207.0,0.0,178689.0,I,,,,,,
1652044,2023-09-27,GOOG,RAGHAVAN PRABHAKAR,,0001209191-23-050684,2022-05-09,G,496.0,0.0,5602.0,I,,,,,,
1652044,2023-09-27,GOOG,RAGHAVAN PRABHAKAR,,0001209191-23-050684,2022-11-08,G,22213.0,0.0,156482.0,I,,,,,,
1652044,2023-09-27,GOOG,RAGHAVAN PRABHAKAR,,0001209191-23-050684,2022-10-17,G,22229.0,0.0,134269.0,I,,,,,,
1652044,2023-09-27,GOOG,WALKER JOHN KENT,,0001209191-23-050698,2023-09-25,F,23104.0,131.25,46600.0,D,,,,,,
1652044,2023-09-27,GOOG,WALKER JOHN KENT,,0001209191-23-050698,2023-09-27,S,18363.0,130.108,34920.0,I,,,,,,
1652044,2023-09-27,GOOG,RAGHAVAN PRABHAKAR,,0001209191-23-050684,2023-09-25,C,41255.0,0.0,91704.0,D,,,,,,
1652044,2023-09-27,GOOG,Porat Ruth,,0001209191-23-050676,2023-09-25,C,23496.0,0.0,69704.0,D,,,,,,
1652044,2023-09-27,GOOG,Porat Ruth,,0001209191-23-050676,2023-09-25,F,23104.0,131.25,46600.0,D,,,,,,
1652044,2023-09-27,GOOG,MATHER ANN,,0001209191-23-050659,2023-09-25,S,220.0,130.89,4877.0,D,,,,,,
1652044,2023-09-27,GOOG,RAGHAVAN PRABHAKAR,,0001209191-23-050684,2023-09-25,F,25107.0,131.25,50660.0,D,,,,,,
1652044,2023-09-27,GOOG,O'Toole Amie Thuener,,0001209191-23-050631,2023-09-25,F,783.0,131.25,4780.0,D,,,,,,
1652044,2023-09-27,GOOG,O'Toole Amie Thuener,,0001209191-23-050631,2023-09-25,C,840.0,0.0,26408.0,D,,,,,,
1652044,2023-09-28,GOOG,ARNOLD FRANCES,,0001209191-23-050720,2023-09-28,S,240.0,130.85,13917.0,D,,,,,,
1652044,2023-10-02,GOOG,WALKER JOHN KENT,,0001209191-23-051265,2023-09-29,G,35799.0,0.0,23492.0,D,,,,,,
1652044,2023-10-02,GOOG,MATHER ANN,,0001209191-23-051208,2023-10-02,S,180.0,132.09,4697.0,D,,,,,,
1652044,2023-10-02,GOOG,O'Toole Amie Thuener,,0001209191-23-051224,2023-10-02,S,420.0,132.09,25988.0,D,,,,,,
1652044,2023-10-04,GOOG,RAGHAVAN PRABHAKAR,,0001209191-23-052055,2023-10-02,S,3817.0,132.172,87887.0,D,,,,,,
1652044,2023-10-10,GOOG,HENNESSY JOHN L,,0001209191-23-052553,2023-10-10,S,114.0,139.6061,7470.0,I,,,,,,
1652044,2023-10-26,GOOG,O'Toole Amie Thuener,,0001209191-23-053714,2023-10-25,F,793.0,140.12,3180.0,D,,,,,,
1652044,2023-10-26,GOOG,O'Toole Amie Thuener,,0001209191-23-053714,2023-10-25,C,850.0,0.0,26838.0,D,,,,,,
1652044,2023-10-26,GOOG,MATHER ANN,,0001209191-23-053712,2023-10-25,S,260.0,129.82,4759.0,D,,,,,,
1652044,2023-10-27,GOOG,RAGHAVAN PRABHAKAR,,0001209191-23-053801,2023-10-27,G,32168.0,0.0,227047.0,I,,,,,,
1652044,2023-10-27,GOOG,RAGHAVAN PRABHAKAR,,0001209191-23-053801,2023-10-26,G,16190.0,0.0,194879.0,I,,,,,,
1652044,2023-10-30,GOOG,ARNOLD FRANCES,,0001209191-23-053892,2023-10-30,S,250.0,124.36,14226.0,D,,,,,,
1652044,2023-11-03,GOOG,O'Toole Amie Thuener,,0001209191-23-054345,2023-11-03,S,425.0,129.08,26413.0,D,,,,,,
1652044,2023-11-09,GOOG,Shriram Kavitark Ram,,0001209191-23-054800,2023-11-07,S,51605.0,131.3313,127759.0,D,,,,,,
1652044,2023-11-09,GOOG,Shriram Kavitark Ram,,0001209191-23-054800,2023-10-13,G,174000.0,0.0,516564.0,I,,,,,,
1652044,2023-11-14,GOOG,HENNESSY JOHN L,,0001209191-23-055143,2023-11-10,S,45.0,131.5171,7339.0,I,,,,,,
1652044,2023-11-28,GOOG,O'Toole Amie Thuener,,0001209191-23-056850,2023-11-25,F,783.0,138.22,2397.0,D,,,,,,
1652044,2023-11-28,GOOG,Shriram Kavitark Ram,,0001209191-23-056848,2023-11-27,G,45266.0,0.0,149630.0,D,,,,,,
1652044,2023-11-28,GOOG,O'Toole Amie Thuener,,0001209191-23-056850,2023-11-25,C,840.0,0.0,27253.0,D,,,,,,
1652044,2023-11-29,GOOG,Pichai Sundar,,0001209191-23-056865,2023-11-27,G,225000.0,0.0,2452688.0,D,,,,,,
1652044,2023-11-30,GOOG,ARNOLD FRANCES,,0001209191-23-056994,2023-11-30,S,230.0,136.4,14515.0,D,,,,,,
1652044,2023-12-01,GOOG,O'Toole Amie Thuener,,0001209191-23-057092,2023-12-01,S,420.0,133.32,26833.0,D,,,,,,
1652044,2023-12-08,GOOG,Pichai Sundar,,0001209191-23-057900,2023-12-06,S,14769.0,131.8555,2437919.0,D,,,,,,
1652044,2023-12-11,GOOG,HENNESSY JOHN L,,0001209191-23-058104,2023-12-11,S,101.0,133.7974,7083.0,I,,,,,,
1652044,2023-12-21,GOOG,Pichai Sundar,,0001209191-23-059463,2023-12-20,S,5484.0,139.9098,2424704.0,D,,,,,,
1652044,2023-12-27,GOOG,Schindler Philipp,,0001209191-23-059827,2023-12-25,C,46367.0,0.0,461654.0,D,,,,,,
1652044,2023-12-27,GOOG,O'Toole Amie Thuener,,0001209191-23-059844,2023-12-25,C,851.0,0.0,27684.0,D,,,,,,
1652044,2023-12-27,GOOG,Schindler Philipp,,0001209191-23-059827,2023-12-25,F,8935.0,142.72,153266.0,D,,,,,,
1652044,2023-12-27,GOOG,Porat Ruth,,0001209191-23-059848,2023-12-25,C,35800.0,0.0,1777106.0,D,,,,,,
1652044,2023-12-27,GOOG,WALKER JOHN KENT,,0001209191-23-059836,2023-12-25,C,23496.0,0.0,0.0,D,,,,,,
1652044,2023-12-27,GOOG,Pichai Sundar,,0001209191-23-059823,2023-12-25,F,36878.0,142.72,595049.0,D,,,,,,
1652044,2023-12-27,GOOG,Porat Ruth,,0001209191-23-059848,2023-12-25,F,23104.0,142.72,0.0,D,,,,,,
1652044,2023-12-27,GOOG,O'Toole Amie Thuener,,0001209191-23-059844,2023-12-25,F,793.0,142.72,807.0,D,,,,,,
1652044,2023-12-27,GOOG,RAGHAVAN PRABHAKAR,,0001209191-23-059838,2023-12-25,C,25543.0,0.0,0.0,D,,,,,,
1652044,2023-12-27,GOOG,RAGHAVAN PRABHAKAR,,0001209191-23-059838,2023-12-25,F,25117.0,142.72,25543.0,D,,,,,,
1652044,2023-12-27,GOOG,Pichai Sundar,,0001209191-23-059823,2023-12-25,C,37503.0,0.0,2445191.0,D,,,,,,
1652044,2023-12-27,GOOG,WALKER JOHN KENT,,0001209191-23-059836,2023-12-25,F,23104.0,142.72,23496.0,D,,,,,,
1652044,2023-12-29,GOOG,WALKER JOHN KENT,,0001209191-23-060025,2023-12-28,S,28281.0,141.4025,25002.0,I,,,,,,
1652044,2023-12-29,GOOG,ARNOLD FRANCES,,0001209191-23-060024,2023-12-29,S,240.0,140.51,14815.0,D,,,,,,
1652044,2024-01-02,GOOG,O'Toole Amie Thuener,,0001209191-24-000150,2024-01-02,S,425.0,139.61,27259.0,D,,,,,,
1652044,2024-01-03,GOOG,RAGHAVAN PRABHAKAR,,0001209191-24-000278,2024-01-02,G,16088.0,0.0,243135.0,I,,,,,,
1652044,2024-01-03,GOOG,RAGHAVAN PRABHAKAR,,0001209191-24-000278,2024-01-02,S,4700.0,138.4243,63828.0,D,,,,,,
1652044,2024-01-04,GOOG,WALKER JOHN KENT,,0001209191-24-000702,2024-01-03,G,35799.0,0.0,60801.0,I,,,,,,
1652044,2024-01-04,GOOG,Pichai Sundar,,0001209191-24-000683,2024-01-03,S,6200.0,139.3481,2438991.0,D,,,,,,
1652044,2024-01-10,GOOG,HENNESSY JOHN L,,0001209191-24-001401,2024-01-10,S,146.0,143.5093,6838.0,I,,,,,,
1652044,2024-01-12,GOOG,HENNESSY JOHN L,,0001209191-24-001498,2024-01-11,S,2400.0,145.0,7964.0,I,,,,,,
1652044,2024-01-12,GOOG,HENNESSY JOHN L,,0001209191-24-001498,2023-03-14,G,3580.0,0.0,0.0,D,,,,,,
1652044,2024-01-17,GOOG,Pichai Sundar,,0001209191-24-001796,2024-01-17,S,3488.0,141.1913,2419203.0,D,,,,,,
1652044,2024-01-26,GOOG,O'Toole Amie Thuener,,0001209191-24-002324,2024-01-25,C,1321.0,0.0,28580.0,D,,,,,,
1652044,2024-01-26,GOOG,O'Toole Amie Thuener,,0001209191-24-002324,2024-01-25,F,1433.0,150.35,37131.0,D,,,,,,
1652044,2024-01-30,GOOG,ARNOLD FRANCES,,0001209191-24-002451,2024-01-30,S,230.0,154.06,15104.0,D,,,,,,
1652044,2024-02-01,GOOG,O'Toole Amie Thuener,,0001209191-24-002588,2024-02-01,S,660.0,143.59,27920.0,D,,,,,,
1652044,2024-02-08,GOOG,Pichai Sundar,,0001209191-24-002998,2024-02-07,S,11109.0,146.6446,2389082.0,D,,,,,,
1652044,2024-02-09,GOOG,Porat Ruth,,0001209191-24-003067,2024-02-07,A,97120.0,0.0,1874226.0,D,,,,,,
1652044,2024-02-09,GOOG,Schindler Philipp,,0001209191-24-003065,2024-02-07,A,194200.0,0.0,655854.0,D,,,,,,
1652044,2024-02-09,GOOG,WALKER JOHN KENT,,0001209191-24-003059,2024-02-07,A,97120.0,0.0,120613.0,D,,,,,,
1652044,2024-02-09,GOOG,RAGHAVAN PRABHAKAR,,0001209191-24-003063,2024-02-07,F,98050.0,145.41,132502.0,D,,,,,,
1652044,2024-02-09,GOOG,Schindler Philipp,,0001209191-24-003065,2024-02-07,F,98050.0,145.41,557804.0,D,,,,,,
1652044,2024-02-09,GOOG,RAGHAVAN PRABHAKAR,,0001209191-24-003063,2024-02-07,A,194200.0,0.0,230552.0,D,,,,,,
1652044,2024-02-09,GOOG,Porat Ruth,,0001209191-24-003067,2024-02-07,F,49043.0,145.41,1825183.0,D,,,,,,
1652044,2024-02-09,GOOG,WALKER JOHN KENT,,0001209191-24-003059,2024-02-07,F,49043.0,145.41,71570.0,D,,,,,,
1652044,2024-02-13,GOOG,HENNESSY JOHN L,,0001209191-24-003209,2024-02-13,G,2427.0,0.0,0.0,D,,,,,,
1652044,2024-02-13,GOOG,HENNESSY JOHN L,,0001209191-24-003209,2024-02-12,S,28.0,148.885,7936.0,I,,,,,,
1652044,2024-02-22,GOOG,Pichai Sundar,,0001209191-24-003845,2024-02-21,S,8583.0,142.4601,2369108.0,D,,,,,,
1652044,2024-02-22,GOOG,WALKER JOHN KENT,,0001209191-24-003823,2024-02-21,G,48076.0,0.0,60801.0,I,,,,,,
1652044,2024-02-22,GOOG,WALKER JOHN KENT,,0001209191-24-003823,2024-02-20,S,6686.0,141.6301,54115.0,I,,,,,,
1652044,2024-02-23,GOOG,RAGHAVAN PRABHAKAR,,0001209191-24-003905,2024-02-22,G,25514.0,0.0,217621.0,I,,,,,,
1652044,2024-02-27,GOOG,O'Toole Amie Thuener,,0001209191-24-004023,2024-02-25,F,1391.0,145.29,34419.0,D,,,,,,
1652044,2024-02-27,GOOG,O'Toole Amie Thuener,,0001209191-24-004023,2024-02-25,C,1364.0,0.0,29284.0,D,,,,,,
1652044,2024-02-29,GOOG,ARNOLD FRANCES,,0001209191-24-004133,2024-02-29,S,100.0,138.22,15263.0,D,,,,,,
1652044,2024-03-04,GOOG,O'Toole Amie Thuener,,0001209191-24-004226,2024-03-04,S,682.0,136.49,28602.0,D,,,,,,
1652044,2024-03-06,GOOG,Pichai Sundar,,0001209191-24-004611,2024-03-06,S,19000.0,132.5125,2336191.0,D,,,,,,
1652044,2024-03-08,GOOG,Porat Ruth,,0001209191-24-004710,2024-03-08,S,1400.0,135.0579,1823783.0,D,,,,,,
1652044,2024-03-08,GOOG,O'Toole Amie Thuener,,0001209191-24-004707,2024-03-06,A,24294.0,0.0,24294.0,D,,,,,,
1652044,2024-03-12,GOOG,HENNESSY JOHN L,,0001209191-24-004784,2024-03-12,S,15.0,138.23,9576.0,I,,,,,,
1652044,2024-03-19,GOOG,HENNESSY JOHN L,,0001209191-24-004957,2024-03-18,S,500.0,149.5,8791.0,I,,,,,,
1652044,2024-03-20,GOOG,Pichai Sundar,,0001209191-24-005015,2024-03-20,S,12370.0,148.3418,2320321.0,D,,,,,,
1652044,2024-03-26,GOOG,WALKER JOHN KENT,,0001209191-24-005096,2024-03-25,C,12085.0,0.0,35579.0,D,,,,,,
1652044,2024-03-26,GOOG,Schindler Philipp,,0001209191-24-005090,2024-03-25,C,15441.0,0.0,573245.0,D,,,,,,
1652044,2024-03-26,GOOG,Schindler Philipp,,0001209191-24-005090,2024-03-25,F,9098.0,151.77,126157.0,D,,,,,,
1652044,2024-03-26,GOOG,Pichai Sundar,,0001209191-24-005083,2024-03-25,C,37822.0,0.0,2348013.0,D,,,,,,
1652044,2024-03-26,GOOG,O'Toole Amie Thuener,,0001209191-24-005092,2024-03-25,C,1364.0,0.0,29966.0,D,,,,,,
1652044,2024-03-26,GOOG,RAGHAVAN PRABHAKAR,,0001209191-24-005094,2024-03-25,F,6643.0,151.77,39480.0,D,,,,,,
1652044,2024-03-26,GOOG,RAGHAVAN PRABHAKAR,,0001209191-24-005094,2024-03-25,C,15441.0,0.0,147943.0,D,,,,,,
1652044,2024-03-26,GOOG,Porat Ruth,,0001209191-24-005086,2024-03-25,F,5199.0,151.77,30900.0,D,,,,,,
1652044,2024-03-26,GOOG,Porat Ruth,,0001209191-24-005086,2024-03-25,C,12085.0,0.0,1789191.0,D,,,,,,
1652044,2024-03-26,GOOG,WALKER JOHN KENT,,0001209191-24-005096,2024-03-25,F,5199.0,151.77,30900.0,D,,,,,,
1652044,2024-03-26,GOOG,Pichai Sundar,,0001209191-24-005083,2024-03-25,F,36559.0,151.77,520668.0,D,,,,,,
1652044,2024-03-26,GOOG,O'Toole Amie Thuener,,0001209191-24-005092,2024-03-25,F,1390.0,151.77,30301.0,D,,,,,,
1652044,2024-03-29,GOOG,ARNOLD FRANCES,,0001209191-24-005132,2024-03-28,S,90.0,152.0,15412.0,D,,,,,,
1652044,2024-03-29,GOOG,WALKER JOHN KENT,,0001209191-24-005134,2024-03-27,S,12084.0,151.1859,48717.0,I,,,,,,
1652044,2024-04-02,GOOG,WALKER JOHN KENT,,0001209191-24-005187,2024-04-01,G,12084.0,0.0,60801.0,I,,,,,,
1652044,2024-04-02,GOOG,O'Toole Amie Thuener,,0001209191-24-005189,2024-04-02,S,682.0,154.79,29284.0,D,,,,,,
1652044,2024-04-02,GOOG,RAGHAVAN PRABHAKAR,,0001209191-24-005191,2024-04-01,G,144678.0,0.0,7.0,D,,,,,,
1652044,2024-04-02,GOOG,RAGHAVAN PRABHAKAR,,0001209191-24-005191,2024-04-01,S,200.0,152.425,147743.0,D,,,,,,
1652044,2024-04-04,GOOG,Pichai Sundar,,0001209191-24-005228,2024-04-03,S,3840.0,154.7723,2344173.0,D,,,,,,
1652044,2024-04-15,GOOG,HENNESSY JOHN L,,0001209191-24-005305,2024-04-12,S,245.0,158.8231,8546.0,I,,,,,,
1652044,2024-04-17,GOOG,Pichai Sundar,,0001209191-24-005330,2024-04-17,S,22500.0,157.4117,2303011.0,D,,,,,,
1652044,2024-04-26,GOOG,O'Toole Amie Thuener,,0001209191-24-005392,2024-04-25,F,1391.0,161.1,28910.0,D,,,,,,
1652044,2024-04-26,GOOG,HENNESSY JOHN L,,0001209191-24-005394,2024-04-26,S,2100.0,175.76,5891.0,I,,,,,,
1652044,2024-04-26,GOOG,O'Toole Amie Thuener,,0001209191-24-005392,2024-04-25,C,1364.0,0.0,30648.0,D,,,,,,
1652044,2024-04-30,GOOG,ARNOLD FRANCES,,0001209191-24-005437,2024-04-30,S,80.0,167.38,15551.0,D,,,,,,
1652044,2024-05-01,GOOG,Pichai Sundar,,0001209191-24-005457,2024-05-01,S,4834.0,165.6711,2298177.0,D,,,,,,
1652044,2024-05-03,GOOG,RAGHAVAN PRABHAKAR,,0001209191-24-005503,2024-05-03,G,40000.0,0.0,322299.0,I,,,,,,
1652044,2024-05-03,GOOG,Porat Ruth,,0001209191-24-005501,2024-05-01,A,113401.0,0.0,113401.0,D,,,,,,
1652044,2024-05-03,GOOG,Schindler Philipp,,0001209191-24-005506,2024-05-01,A,144901.0,0.0,144901.0,D,,,,,,
1652044,2024-05-03,GOOG,RAGHAVAN PRABHAKAR,,0001209191-24-005503,2024-05-01,A,144901.0,0.0,144901.0,D,,,,,,
1652044,2024-05-03,GOOG,WALKER JOHN KENT,,0001209191-24-005499,2024-05-01,A,113401.0,0.0,113401.0,D,,,,,,
1652044,2024-05-13,GOOG,HENNESSY JOHN L,,0001209191-24-005630,2024-05-13,S,3.0,165.9,5888.0,I,,,,,,
1652044,2024-05-14,GOOG,O'Toole Amie Thuener,,0001209191-24-005640,2024-05-02,S,682.0,166.67,29284.0,D,,,,,,
1652044,2024-05-15,GOOG,Pichai Sundar,,0001209191-24-005652,2024-05-15,S,10004.0,172.7844,2270507.0,D,,,,,,
1652044,2024-05-29,GOOG,O'Toole Amie Thuener,,0001209191-24-005762,2024-05-25,F,1390.0,176.33,24792.0,D,,,,,,
1652044,2024-05-29,GOOG,O'Toole Amie Thuener,,0001209191-24-005762,2024-05-25,C,1364.0,0.0,30648.0,D,,,,,,
1652044,2024-06-03,GOOG,Sergey Brin,,0001209191-24-005786,2024-05-30,C,384600.0,0.0,384600.0,D,,,,,,
1652044,2024-06-03,GOOG,Sergey Brin,,0001209191-24-005786,2024-05-30,G,384600.0,0.0,0.0,D,,,,,,
1652044,2024-06-03,GOOG,O'Toole Amie Thuener,,0001209191-24-005788,2024-06-03,S,682.0,173.86,29966.0,D,,,,,,
1652044,2024-06-05,GOOG,Pichai Sundar,,0001209191-24-005809,2024-06-05,S,8101.0,175.9943,2249910.0,D,,,,,,
1652044,2024-06-12,GOOG,HENNESSY JOHN L,,0001209191-24-005854,2024-06-12,S,32.0,177.97,4359.0,I,,,,,,
1652044,2024-06-18,GOOG,CHAVEZ R. MARTIN,,0001209191-24-005905,2024-06-17,A,2.0,0.0,2192.0,D,,,,,,
1652044,2024-06-18,GOOG,Schindler Philipp,,0001209191-24-005882,2024-06-17,A,44.0,0.0,39524.0,D,,,,,,
1652044,2024-06-18,GOOG,DOERR L JOHN,,0001209191-24-005893,2024-06-17,A,1.0,0.0,761.0,D,,,,,,
1652044,2024-06-18,GOOG,Shriram Kavitark Ram,,0001209191-24-005897,2024-06-17,A,1.0,0.0,761.0,D,,,,,,
1652044,2024-06-18,GOOG,ARNOLD FRANCES,,0001209191-24-005903,2024-06-17,A,1.0,0.0,761.0,D,,,,,,
1652044,2024-06-18,GOOG,O'Toole Amie Thuener,,0001209191-24-005891,2024-06-17,A,28.0,0.0,24820.0,D,,,,,,
1652044,2024-06-18,GOOG,Washington Robin L,,0001209191-24-005901,2024-06-17,A,1.0,0.0,761.0,D,,,,,,
1652044,2024-06-18,GOOG,RAGHAVAN PRABHAKAR,,0001209191-24-005889,2024-06-17,A,44.0,0.0,39524.0,D,,,,,,
1652044,2024-06-18,GOOG,Pichai Sundar,,0001209191-24-005872,2024-06-17,A,582.0,0.0,521250.0,D,,,,,,
1652044,2024-06-18,GOOG,HENNESSY JOHN L,,0001209191-24-005895,2024-06-17,A,1.0,0.0,1101.0,D,,,,,,
1652044,2024-06-18,GOOG,Ferguson Roger W. Jr.,,0001209191-24-005899,2024-06-17,A,1.0,0.0,761.0,D,,,,,,
1652044,2024-06-18,GOOG,WALKER JOHN KENT,,0001209191-24-005885,2024-06-17,A,35.0,0.0,30935.0,D,,,,,,
1652044,2024-06-18,GOOG,Porat Ruth,,0001209191-24-005887,2024-06-17,A,35.0,0.0,30935.0,D,,,,,,
1652044,2024-06-21,GOOGL,Pichai Sundar,"isDirector,isOfficer",0000950170-24-076275,2024-06-20,S,15096.0,177.2253,2220415.0,D,,,,,,
1652044,2024-06-26,GOOGL,Pichai Sundar,"isDirector,isOfficer",0000950170-24-078083,2024-06-25,C,36874.0,0.0,2249885.0,D,,,,,,
1652044,2024-06-26,GOOGL,Pichai Sundar,"isDirector,isOfficer",0000950170-24-078083,2024-06-25,F,37590.0,180.79,446786.0,D,,,,,,
1652044,2024-06-26,GOOGL,Schindler Philipp,isOfficer,0000950170-24-078107,2024-06-25,C,27431.0,0.0,600676.0,D,,,,,,
1652044,2024-06-26,GOOGL,Schindler Philipp,isOfficer,0000950170-24-078107,2024-06-25,F,6651.0,180.79,26349.0,D,,,,,,
1652044,2024-06-27,GOOGL,O'Toole Amie Thuener,isOfficer,0000950170-24-078628,2024-06-25,C,1366.0,0.0,31332.0,D,,,,,,
1652044,2024-06-27,GOOGL,Porat Ruth,isOfficer,0000950170-24-078703,2024-06-25,F,9551.0,180.79,94607.0,D,,,,,,
1652044,2024-06-27,GOOGL,WALKER JOHN KENT,isOfficer,0000950170-24-078388,2024-06-25,C,21468.0,0.0,44963.0,D,,,,,,
1652044,2024-06-27,GOOGL,RAGHAVAN PRABHAKAR,isOfficer,0000950170-24-078601,2024-06-25,C,27432.0,0.0,27439.0,D,,,,,,
1652044,2024-06-27,GOOGL,O'Toole Amie Thuener,isOfficer,0000950170-24-078628,2024-06-25,F,1392.0,180.79,22062.0,D,,,,,,
1652044,2024-06-27,GOOGL,WALKER JOHN KENT,isOfficer,0000950170-24-078388,2024-06-25,F,5205.0,180.79,20624.0,D,,,,,,
1652044,2024-06-27,GOOGL,Porat Ruth,isOfficer,0000950170-24-078703,2024-06-25,C,21468.0,0.0,1810659.0,D,,,,,,
1652044,2024-06-27,GOOGL,RAGHAVAN PRABHAKAR,isOfficer,0000950170-24-078601,2024-06-25,F,6651.0,180.79,26349.0,D,,,,,,
1652044,2024-07-02,GOOGL,RAGHAVAN PRABHAKAR,isOfficer,0000950170-24-080252,2024-07-02,G,24168.0,0.0,346467.0,I,,,,,,
1652044,2024-07-02,GOOGL,RAGHAVAN PRABHAKAR,isOfficer,0000950170-24-080252,2024-07-01,S,1500.0,183.584,1771.0,D,,,,,,
1652044,2024-07-02,GOOGL,O'Toole Amie Thuener,isOfficer,0000950170-24-080932,2024-07-02,S,682.0,183.47,30650.0,D,,,,,,
1652044,2024-07-03,GOOGL,Pichai Sundar,"isDirector,isOfficer",0000950170-24-081571,2024-07-03,S,8975.0,186.0868,2240910.0,D,,,,,,
1652044,2024-07-05,GOOGL,ARNOLD FRANCES,isDirector,0000950170-24-081819,2024-07-03,A,1953.0,0.0,1953.0,D,,,,,,
1652044,2024-07-05,GOOGL,Shriram Kavitark Ram,isDirector,0000950170-24-081914,2024-07-03,A,1953.0,0.0,1953.0,D,,,,,,
1652044,2024-07-05,GOOGL,HENNESSY JOHN L,isDirector,0000950170-24-081911,2024-07-03,A,2790.0,0.0,2790.0,D,,,,,,
1652044,2024-07-05,GOOGL,Ferguson Roger W. Jr.,isDirector,0000950170-24-081909,2024-07-03,A,1953.0,0.0,1953.0,D,,,,,,
1652044,2024-07-05,GOOGL,CHAVEZ R. MARTIN,isDirector,0000950170-24-081827,2024-07-03,A,1953.0,0.0,1953.0,D,,,,,,
1652044,2024-07-05,GOOGL,Washington Robin L,isDirector,0000950170-24-081916,2024-07-03,A,1953.0,0.0,1953.0,D,,,,,,
1652044,2024-07-05,GOOGL,DOERR L JOHN,isDirector,0000950170-24-081905,2024-07-03,A,1953.0,0.0,1953.0,D,,,,,,
1652044,2024-07-16,GOOGL,HENNESSY JOHN L,isDirector,0000950170-24-084027,2024-07-12,S,1026.0,185.59,31298.0,I,,,,,,
1652044,2024-07-18,GOOGL,Pichai Sundar,"isDirector,isOfficer",0000950170-24-084634,2024-07-17,S,12351.0,182.491,2215034.0,D,,,,,,
1652044,2024-07-26,GOOGL,O'Toole Amie Thuener,isOfficer,0000950170-24-087040,2024-07-26,F,1392.0,174.37,19304.0,D,,,,,,
1652044,2024-07-26,GOOGL,Schindler Philipp,isOfficer,0000950170-24-087025,2024-07-26,G,485.0,0.0,600191.0,D,,,,,,
1652044,2024-07-26,GOOGL,O'Toole Amie Thuener,isOfficer,0000950170-24-087040,2024-07-26,C,1366.0,0.0,32016.0,D,,,,,,
1652044,2024-07-30,GOOGL,Porat Ruth,isOfficer,0000950170-24-088112,2024-07-30,G,200000.0,0.0,1590659.0,D,,,,,,
1652044,2024-07-30,GOOGL,Porat Ruth,isOfficer,0000950170-24-088112,2024-05-07,G,10000.0,0.0,1790659.0,D,,,,,,
1652044,2024-07-30,GOOGL,Porat Ruth,isOfficer,0000950170-24-088112,2023-07-27,G,10000.0,0.0,1800659.0,D,,,,,,
1652044,2024-08-02,GOOGL,O'Toole Amie Thuener,isOfficer,0000950170-24-090220,2024-08-02,S,682.0,168.0,31334.0,D,,,,,,
1652044,2024-08-07,GOOGL,Pichai Sundar,"isDirector,isOfficer",0000950170-24-093141,2024-08-07,S,5905.0,160.7987,2198980.0,D,,,,,,
1652044,2024-08-09,GOOGL,Ashkenazi Anat,isOfficer,0000950170-24-094779,2024-08-07,A,71900.0,0.0,71900.0,D,,,,,,
1652044,2024-08-12,GOOGL,HENNESSY JOHN L,isDirector,0000950170-24-095703,2024-08-12,G,2366.0,0.0,0.0,D,,,,,,
1652044,2024-08-12,GOOGL,HENNESSY JOHN L,isDirector,0000950170-24-095703,2024-08-12,S,402.0,162.6166,30422.0,I,,,,,,
1652044,2024-08-16,GOOGL,RAGHAVAN PRABHAKAR,isOfficer,0000950170-24-098138,2024-08-15,S,14999.0,162.0288,331468.0,I,,,,,,
1652044,2024-08-19,GOOGL,HENNESSY JOHN L,isDirector,0000950170-24-098822,2024-08-16,S,700.0,165.0,29324.0,I,,,,,,
1652044,2024-08-21,GOOGL,Pichai Sundar,"isDirector,isOfficer",0000950170-24-099613,2024-08-21,S,16211.0,167.497,2166174.0,D,,,,,,
1652044,2024-08-27,GOOGL,O'Toole Amie Thuener,isOfficer,0000950170-24-101168,2024-08-25,F,1392.0,167.43,16547.0,D,,,,,,
1652044,2024-08-27,GOOGL,O'Toole Amie Thuener,isOfficer,0000950170-24-101168,2024-08-25,C,1365.0,0.0,32699.0,D,,,,,,
1652044,2024-09-03,GOOGL,O'Toole Amie Thuener,isOfficer,0000950170-24-102976,2024-09-03,S,682.0,160.44,32017.0,D,,,,,,
1652044,2024-09-05,GOOGL,WALKER JOHN KENT,isOfficer,0000950170-24-104145,2024-09-03,S,4567.0,158.3374,56234.0,I,,,,,,
1652044,2024-09-05,GOOGL,Pichai Sundar,"isDirector,isOfficer",0000950170-24-103909,2024-09-04,S,11654.0,158.139,2148231.0,D,,,,,,
1652044,2024-09-06,GOOGL,WALKER JOHN KENT,isOfficer,0000950170-24-104325,2024-09-06,G,21467.0,0.0,60801.0,I,,,,,,
1652044,2024-09-10,GOOGL,O'Toole Amie Thuener,isOfficer,0000950170-24-105252,2024-09-10,S,2835.0,151.53,29182.0,D,,,,,,
1652044,2024-09-16,GOOGL,HENNESSY JOHN L,isDirector,0000950170-24-106720,2024-09-12,S,496.0,153.4668,28828.0,I,,,,,,
1652044,2024-09-17,GOOGL,Pichai Sundar,"isDirector,isOfficer",0000950170-24-107535,2024-09-16,A,562.0,0.0,447348.0,D,,,,,,
1652044,2024-09-17,GOOGL,ARNOLD FRANCES,isDirector,0000950170-24-107513,2024-09-16,A,1.0,0.0,601.0,D,,,,,,
1652044,2024-09-17,GOOGL,Schindler Philipp,isOfficer,0000950170-24-107567,2024-09-16,A,33.0,0.0,26382.0,D,,,,,,
1652044,2024-09-18,GOOGL,Washington Robin L,isDirector,0000950170-24-107867,2024-09-16,A,1.0,0.0,601.0,D,,,,,,
1652044,2024-09-18,GOOGL,O'Toole Amie Thuener,isOfficer,0000950170-24-107680,2024-09-16,A,20.0,0.0,16567.0,D,,,,,,
1652044,2024-09-18,GOOGL,RAGHAVAN PRABHAKAR,isOfficer,0000950170-24-107673,2024-09-16,A,33.0,0.0,26382.0,D,,,,,,
1652044,2024-09-18,GOOGL,Porat Ruth,isOfficer,0000950170-24-107702,2024-09-16,A,119.0,0.0,94726.0,D,,,,,,
1652044,2024-09-18,GOOGL,Shriram Kavitark Ram,isDirector,0000950170-24-107669,2024-09-16,A,2.0,0.0,1874.0,D,,,,,,
1652044,2024-09-18,GOOGL,HENNESSY JOHN L,isDirector,0000950170-24-107646,2024-09-16,A,1.0,0.0,842.0,D,,,,,,
1652044,2024-09-18,GOOGL,Ferguson Roger W. Jr.,isDirector,0000950170-24-107836,2024-09-16,A,1.0,0.0,601.0,D,,,,,,
1652044,2024-09-18,GOOGL,Ashkenazi Anat,isOfficer,0000950170-24-107927,2024-09-16,A,90.0,0.0,71990.0,D,,,,,,
1652044,2024-09-18,GOOGL,CHAVEZ R. MARTIN,isDirector,0000950170-24-107901,2024-09-16,A,5.0,0.0,4239.0,D,,,,,,
1652044,2024-09-18,GOOGL,Pichai Sundar,"isDirector,isOfficer",0000950170-24-107936,2024-09-18,S,12647.0,160.389,2124738.0,D,,,,,,
1652044,2024-09-18,GOOGL,WALKER JOHN KENT,isOfficer,0000950170-24-107653,2024-09-16,A,25.0,0.0,20649.0,D,,,,,,
1652044,2024-09-18,GOOGL,DOERR L JOHN,isDirector,0000950170-24-107649,2024-09-16,A,2.0,0.0,1874.0,D,,,,,,
1652044,2024-09-24,GOOGL,HENNESSY JOHN L,isDirector,0000950170-24-109142,2024-09-23,S,700.0,165.0,27824.0,I,,,,,,
1652044,2024-09-26,GOOGL,WALKER JOHN KENT,isOfficer,0000950170-24-109740,2024-09-25,C,16804.0,0.0,40300.0,D,,,,,,
1652044,2024-09-26,GOOGL,WALKER JOHN KENT,isOfficer,0000950170-24-109740,2024-09-25,F,5212.0,163.64,10325.0,D,,,,,,
1652044,2024-09-26,GOOGL,Schindler Philipp,isOfficer,0000950170-24-109735,2024-09-25,C,21472.0,0.0,621663.0,D,,,,,,
1652044,2024-09-26,GOOGL,Pichai Sundar,"isDirector,isOfficer",0000950170-24-109725,2024-09-25,C,36921.0,0.0,2151806.0,D,,,,,,
1652044,2024-09-26,GOOGL,Pichai Sundar,"isDirector,isOfficer",0000950170-24-109725,2024-09-25,F,37637.0,163.64,372790.0,D,,,,,,
1652044,2024-09-26,GOOGL,Schindler Philipp,isOfficer,0000950170-24-109735,2024-09-25,F,6659.0,163.64,13191.0,D,,,,,,
1652044,2024-09-27,GOOGL,RAGHAVAN PRABHAKAR,isOfficer,0000950170-24-110028,2024-09-25,F,6659.0,163.64,19723.0,D,,,,,,
1652044,2024-09-27,GOOGL,RAGHAVAN PRABHAKAR,isOfficer,0000950170-24-110028,2024-09-25,C,21472.0,0.0,21481.0,D,,,,,,
1652044,2024-09-27,GOOGL,O'Toole Amie Thuener,isOfficer,0000950170-24-109952,2024-09-25,F,1394.0,163.64,13806.0,D,,,,,,
1652044,2024-09-27,GOOGL,Ashkenazi Anat,isOfficer,0000950170-24-109916,2024-09-25,C,17825.0,0.0,54165.0,D,,,,,,
1652044,2024-09-27,GOOGL,O'Toole Amie Thuener,isOfficer,0000950170-24-109952,2024-09-25,C,1368.0,0.0,30550.0,D,,,,,,
1652044,2024-09-27,GOOGL,Ashkenazi Anat,isOfficer,0000950170-24-109916,2024-09-25,F,18170.0,163.64,35995.0,D,,,,,,
1652044,2024-09-27,GOOGL,Porat Ruth,isOfficer,0000950170-24-110107,2024-09-25,F,4782.0,163.64,85253.0,D,,,,,,
1652044,2024-09-27,GOOGL,Porat Ruth,isOfficer,0000950170-24-110107,2024-09-25,C,16804.0,0.0,1607463.0,D,,,,,,
1652044,2024-09-30,GOOGL,WALKER JOHN KENT,isOfficer,0000950170-24-110479,2024-09-27,S,16802.0,165.474,43999.0,I,,,,,,
1652044,2024-09-30,GOOGL,WALKER JOHN KENT,isOfficer,0000950170-24-110479,2024-09-30,G,16802.0,0.0,60801.0,I,,,,,,
1652044,2024-10-02,GOOGL,Pichai Sundar,"isDirector,isOfficer",0000950170-24-111591,2024-10-02,S,17067.0,166.8751,2134739.0,D,,,,,,
1652044,2024-10-02,GOOGL,O'Toole Amie Thuener,isOfficer,0000950170-24-111510,2024-10-01,S,1367.0,168.84,29183.0,D,,,,,,
1652044,2024-10-15,GOOGL,Shriram Kavitark Ram,isDirector,0000950170-24-114821,2024-10-10,G,195700.0,0.0,320864.0,I,,,,,,
1652044,2024-10-15,GOOGL,HENNESSY JOHN L,isDirector,0000950170-24-114761,2024-10-14,S,1.0,163.7,27823.0,I,,,,,,
1652044,2024-10-15,GOOGL,O'Toole Amie Thuener,isOfficer,0000950170-24-114771,2024-10-15,S,2834.0,167.23,26349.0,D,,,,,,
1652044,2024-10-16,GOOGL,Pichai Sundar,"isDirector,isOfficer",0000950170-24-115045,2024-10-16,S,10104.0,165.9161,2119202.0,D,,,,,,
1652044,2024-10-28,GOOGL,O'Toole Amie Thuener,isOfficer,0000950170-24-117861,2024-10-25,F,1394.0,164.53,11046.0,D,,,,,,
1652044,2024-10-28,GOOGL,O'Toole Amie Thuener,isOfficer,0000950170-24-117861,2024-10-25,C,1367.0,0.0,27716.0,D,,,,,,
1652044,2024-11-01,GOOGL,Shriram Kavitark Ram,isDirector,0000950170-24-119905,2024-10-30,S,10500.0,180.78,330466.0,D,,,,,,
1652044,2024-11-04,GOOGL,O'Toole Amie Thuener,isOfficer,0000950170-24-121043,2024-11-01,S,1367.0,171.42,26349.0,D,,,,,,
1652044,2024-11-04,GOOGL,ARNOLD FRANCES,isDirector,0000950170-24-121038,2024-11-04,S,441.0,171.06,16490.0,D,,,,,,
1652044,2024-11-06,GOOGL,Pichai Sundar,"isDirector,isOfficer",0000950170-24-122606,2024-11-06,S,1700.0,176.0635,2105106.0,D,,,,,,
1652044,2024-11-07,GOOGL,Shriram Kavitark Ram,isDirector,0000950170-24-123574,2024-11-07,S,10500.0,177.41,319966.0,D,,,,,,
1652044,2024-11-12,GOOGL,HENNESSY JOHN L,isDirector,0000950170-24-125682,2024-11-12,S,419.0,179.7965,25905.0,I,,,,,,
1652044,2024-11-18,GOOGL,O'Toole Amie Thuener,isOfficer,0000950170-24-127970,2024-11-15,S,2835.0,175.86,23514.0,D,,,,,,
1652044,2024-11-21,GOOGL,Pichai Sundar,"isDirector,isOfficer",0000950170-24-129767,2024-11-20,S,10412.0,176.096,2073894.0,D,,,,,,
1652044,2024-11-26,GOOGL,Sergey Brin,"isDirector,isTenPercentOwner",0000950170-24-131189,2024-11-26,C,322800.0,0.0,322800.0,D,,,,,,
1652044,2024-11-26,GOOGL,Sergey Brin,"isDirector,isTenPercentOwner",0000950170-24-131189,2024-11-26,G,322800.0,0.0,0.0,D,,,,,,
1652044,2024-11-26,GOOGL,O'Toole Amie Thuener,isOfficer,0000950170-24-131196,2024-11-25,C,1368.0,0.0,24882.0,D,,,,,,
1652044,2024-11-26,GOOGL,O'Toole Amie Thuener,isOfficer,0000950170-24-131196,2024-11-25,F,1394.0,166.57,9652.0,D,,,,,,
1652044,2024-12-02,GOOGL,O'Toole Amie Thuener,isOfficer,0000950170-24-132343,2024-12-02,S,1367.0,170.41,23515.0,D,,,,,,
1652044,2024-12-02,GOOGL,Porat Ruth,isOfficer,0000950170-24-132408,2024-11-27,G,175000.0,0.0,1432463.0,D,,,,,,
1652044,2024-12-02,GOOGL,ARNOLD FRANCES,isDirector,0000950170-24-132320,2024-11-29,S,111.0,169.98,16599.0,D,,,,,,
1652044,2024-12-04,GOOGL,Pichai Sundar,"isDirector,isOfficer",0000950170-24-133433,2024-12-02,G,54400.0,0.0,2007374.0,D,,,,,,
1652044,2024-12-10,GOOGL,Shriram Kavitark Ram,isDirector,0000950170-24-135152,2024-12-10,S,37134.0,185.0246,282832.0,D,,,,,,
1652044,2024-12-13,GOOGL,HENNESSY JOHN L,isDirector,0000950170-24-136302,2024-12-12,S,75.0,192.805,24749.0,I,,,,,,
1652044,2024-12-17,GOOGL,Schindler Philipp,isOfficer,0000950170-24-137572,2024-12-16,A,13.0,0.0,13204.0,D,,,,,,
1652044,2024-12-17,GOOGL,O'Toole Amie Thuener,isOfficer,0000950170-24-137560,2024-12-16,A,8.0,0.0,8292.0,D,,,,,,
1652044,2024-12-17,GOOGL,ARNOLD FRANCES,isDirector,0000950170-24-137554,2024-12-16,A,1.0,0.0,1244.0,D,,,,,,
1652044,2024-12-17,GOOGL,ARNOLD FRANCES,isDirector,0000950170-24-137554,2024-12-02,A,2.0,0.0,1841.0,D,,,,,,
1652044,2024-12-17,GOOGL,Ashkenazi Anat,isOfficer,0000950170-24-137549,2024-12-16,A,36.0,0.0,36032.0,D,,,,,,
1652044,2024-12-17,GOOGL,CHAVEZ R. MARTIN,isDirector,0000950170-24-137542,2024-12-16,A,4.0,0.0,3689.0,D,,,,,,
1652044,2024-12-17,GOOGL,O'Toole Amie Thuener,isOfficer,0000950170-24-137560,2024-12-16,S,594.0,194.4118,22921.0,D,,,,,,
1652044,2024-12-18,GOOGL,HENNESSY JOHN L,isDirector,0000950170-24-138071,2024-12-16,A,1.0,0.0,602.0,D,,,,,,
1652044,2024-12-18,GOOGL,WALKER JOHN KENT,isOfficer,0000950170-24-137690,2024-12-16,A,10.0,0.0,10335.0,D,,,,,,
1652044,2024-12-18,GOOGL,Shriram Kavitark Ram,isDirector,0000950170-24-138126,2024-12-18,G,32700.0,0.0,315532.0,D,,,,,,
1652044,2024-12-18,GOOGL,Porat Ruth,isOfficer,0000950170-24-137696,2024-12-16,A,10.0,0.0,10335.0,D,,,,,,
1652044,2024-12-18,GOOGL,Ferguson Roger W. Jr.,isDirector,0000950170-24-138032,2024-12-16,A,1.0,0.0,1244.0,D,,,,,,
1652044,2024-12-18,GOOGL,DOERR L JOHN,isDirector,0000950170-24-137741,2024-12-16,A,2.0,0.0,1754.0,D,,,,,,
1652044,2024-12-18,GOOGL,Pichai Sundar,"isDirector,isOfficer",0000950170-24-138047,2024-12-16,A,376.0,0.0,373167.0,D,,,,,,
1652044,2024-12-18,GOOGL,Shriram Kavitark Ram,isDirector,0000950170-24-138126,2024-12-16,A,1.0,0.0,1244.0,D,,,,,,
1652044,2024-12-18,GOOGL,Washington Robin L,isDirector,0000950170-24-138084,2024-12-16,A,1.0,0.0,1244.0,D,,,,,,
1652044,2024-12-27,GOOGL,Ashkenazi Anat,isOfficer,0000950170-24-140879,2024-12-25,C,17843.0,0.0,35668.0,D,,,,,,
1652044,2024-12-27,GOOGL,O'Toole Amie Thuener,isOfficer,0000950170-24-140885,2024-12-25,C,1368.0,0.0,22049.0,D,,,,,,
1652044,2024-12-27,GOOGL,O'Toole Amie Thuener,isOfficer,0000950170-24-140885,2024-12-25,F,1395.0,197.57,5529.0,D,,,,,,
1652044,2024-12-27,GOOGL,Ashkenazi Anat,isOfficer,0000950170-24-140879,2024-12-25,F,18189.0,197.57,17843.0,D,,,,,,
1652044,2024-12-27,GOOGL,Porat Ruth,isOfficer,0000950170-24-140876,2024-12-25,C,16822.0,0.0,1449285.0,D,,,,,,
1652044,2024-12-27,GOOGL,Schindler Philipp,isOfficer,0000950170-24-140860,2024-12-25,C,21493.0,0.0,643156.0,D,,,,,,
1652044,2024-12-27,GOOGL,Pichai Sundar,"isDirector,isOfficer",0000950170-24-140850,2024-12-25,C,36958.0,0.0,2044364.0,D,,,,,,
1652044,2024-12-27,GOOGL,Pichai Sundar,"isDirector,isOfficer",0000950170-24-140850,2024-12-25,F,37675.0,197.57,298533.0,D,,,,,,
1652044,2024-12-27,GOOGL,WALKER JOHN KENT,isOfficer,0000950170-24-140868,2024-12-25,F,5217.0,197.57,0.0,D,,,,,,
1652044,2024-12-27,GOOGL,Porat Ruth,isOfficer,0000950170-24-140876,2024-12-25,F,5217.0,197.57,0.0,D,,,,,,
1652044,2024-12-27,GOOGL,Schindler Philipp,isOfficer,0000950170-24-140860,2024-12-25,F,6666.0,197.57,0.0,D,,,,,,
1652044,2024-12-27,GOOGL,WALKER JOHN KENT,isOfficer,0000950170-24-140868,2024-12-25,C,16822.0,0.0,40320.0,D,,,,,,
1652044,2025-01-02,GOOGL,ARNOLD FRANCES,isDirector,0000950170-25-000278,2024-12-31,S,111.0,192.49,16709.0,D,,,,,,
1652044,2025-01-02,GOOGL,WALKER JOHN KENT,isOfficer,0000950170-25-000324,2024-12-30,S,2200.0,191.3218,58601.0,I,,,,,,
1652044,2025-01-02,GOOGL,WALKER JOHN KENT,isOfficer,0000950170-25-000324,2024-12-31,G,16820.0,0.0,60801.0,I,,,,,,
1652044,2025-01-03,GOOGL,O'Toole Amie Thuener,isOfficer,0000950170-25-000947,2025-01-02,S,1368.0,191.55,20681.0,D,,,,,,
1652044,2025-01-10,GOOGL,WALKER JOHN KENT,isOfficer,0000950170-25-004312,2025-01-09,F,16418.0,195.39,41191.0,D,,,,,,
1652044,2025-01-10,GOOGL,WALKER JOHN KENT,isOfficer,0000950170-25-004312,2025-01-09,A,34108.0,0.0,57608.0,D,,,,,,
1652044,2025-01-10,GOOGL,Porat Ruth,isOfficer,0000950170-25-004285,2025-01-09,F,16418.0,195.39,1466975.0,D,,,,,,
1652044,2025-01-10,GOOGL,Schindler Philipp,isOfficer,0000950170-25-004355,2025-01-09,A,81844.0,0.0,725000.0,D,,,,,,
1652044,2025-01-10,GOOGL,Porat Ruth,isOfficer,0000950170-25-004285,2025-01-09,A,34108.0,0.0,1483393.0,D,,,,,,
1652044,2025-01-10,GOOGL,Schindler Philipp,isOfficer,0000950170-25-004355,2025-01-09,F,40420.0,195.39,684580.0,D,,,,,,
1652044,2025-01-13,GOOGL,HENNESSY JOHN L,isDirector,0000950170-25-004989,2025-01-13,S,104.0,187.903,21824.0,I,,,,,,
1652044,2025-01-15,GOOGL,O'Toole Amie Thuener,isOfficer,0000950170-25-005957,2025-01-15,S,2834.0,194.32,17847.0,D,,,,,,
1652044,2025-01-24,GOOGL,Pichai Sundar,"isDirector,isOfficer",0000950170-25-008968,2025-01-23,F,674712.0,200.03,2713044.0,D,,,,,,
1652044,2025-01-24,GOOGL,Pichai Sundar,"isDirector,isOfficer",0000950170-25-008968,2025-01-23,A,1343392.0,0.0,3387756.0,D,,,,,,
1652044,2025-01-28,GOOGL,O'Toole Amie Thuener,isOfficer,0000950170-25-010076,2025-01-25,F,1424.0,201.9,2764.0,D,,,,,,
1652044,2025-01-28,GOOGL,O'Toole Amie Thuener,isOfficer,0000950170-25-010076,2025-01-25,C,1340.0,0.0,19188.0,D,,,,,,
1652044,2025-01-30,GOOGL,ARNOLD FRANCES,isDirector,0000950170-25-010987,2025-01-30,S,110.0,200.0,16819.0,D,,,,,,
1652044,2025-01-31,GOOGL,Shriram Kavitark Ram,isDirector,0000950170-25-011901,2025-01-31,S,14000.0,205.0,301532.0,D,,,,,,
1652044,2025-02-03,GOOGL,O'Toole Amie Thuener,isOfficer,0000950170-25-012415,2025-02-03,S,1340.0,202.08,17848.0,D,,,,,,
1652044,2025-02-13,STCB,"GV 2016 GP, L.L.C.",isTenPercentOwner,0001415889-25-003895,2024-02-14,J,5675399.0,,63210412.0,I,,,,,,
1652044,2025-02-13,STCB,"GV 2016 GP, L.L.C.",isTenPercentOwner,0001415889-25-003895,2024-02-15,J,36300393.0,,99510805.0,I,,,,,,
1652044,2025-02-19,GOOGL,O'Toole Amie Thuener,isOfficer,0000950170-25-022825,2025-02-18,S,2824.0,187.43,15024.0,D,,,,,,
1652044,2025-02-19,GOOGL,Shriram Kavitark Ram,isDirector,0000950170-25-022933,2025-02-18,S,2743.0,182.6979,298789.0,D,,,,,,
1652044,2025-02-20,GOOGL,WALKER JOHN KENT,isOfficer,0000950170-25-023879,2025-02-18,S,3280.0,184.4019,57521.0,I,,,,,,
1652044,2025-02-20,GOOGL,WALKER JOHN KENT,isOfficer,0000950170-25-023879,2025-02-19,G,17690.0,0.0,60801.0,I,,,,,,
1652044,2025-02-21,GOOGL,Porat Ruth,isOfficer,0000950170-25-025147,2025-02-21,S,5855.0,181.6528,1461121.0,D,,,,,,
1652044,2025-02-26,GOOGL,O'Toole Amie Thuener,isOfficer,0000950170-25-028131,2025-02-25,F,1390.0,181.19,0.0,D,,,,,,
1652044,2025-02-26,GOOGL,HENNESSY JOHN L,isDirector,0000950170-25-028107,2025-02-25,G,1920.0,0.0,324.0,D,,,,,,
1652044,2025-02-26,GOOGL,O'Toole Amie Thuener,isOfficer,0000950170-25-028131,2025-02-25,C,1374.0,0.0,16398.0,D,,,,,,
1652044,2025-02-28,GOOGL,ARNOLD FRANCES,isDirector,0000950170-25-029764,2025-02-28,S,121.0,170.3,16938.0,D,,,,,,
1652044,2025-03-03,GOOGL,O'Toole Amie Thuener,isOfficer,0000950170-25-031172,2025-03-03,S,1374.0,173.47,15024.0,D,,,,,,
1652044,2025-03-07,GOOGL,Porat Ruth,isOfficer,0000950170-25-035576,2025-03-03,G,800000.0,0.0,649286.0,D,,,,,,
1652044,2025-03-07,GOOGL,Porat Ruth,isOfficer,0000950170-25-035576,2025-03-05,A,116407.0,0.0,116407.0,D,,,,,,
1652044,2025-03-07,GOOGL,Schindler Philipp,isOfficer,0000950170-25-035608,2025-03-05,A,143270.0,0.0,143270.0,D,,,,,,
1652044,2025-03-07,GOOGL,Ashkenazi Anat,isOfficer,0000950170-25-035624,2025-03-05,A,121779.0,0.0,121779.0,D,,,,,,
1652044,2025-03-07,GOOGL,O'Toole Amie Thuener,isOfficer,0000950170-25-035540,2025-03-05,A,20148.0,0.0,20148.0,D,,,,,,
1652044,2025-03-07,GOOGL,WALKER JOHN KENT,isOfficer,0000950170-25-035587,2025-03-05,A,116407.0,0.0,116407.0,D,,,,,,
1652044,2025-03-13,GOOGL,HENNESSY JOHN L,isDirector,0000950170-25-038976,2025-03-13,S,60.0,164.6145,7953.0,I,,,,,,
1652044,2025-03-18,GOOGL,CHAVEZ R. MARTIN,isDirector,0000950170-25-041543,2025-03-17,A,4.0,0.0,3140.0,D,,,,,,
1652044,2025-03-18,GOOGL,Ashkenazi Anat,isOfficer,0000950170-25-041566,2025-03-17,A,112.0,0.0,93629.0,D,,,,,,
1652044,2025-03-19,GOOGL,ARNOLD FRANCES,isDirector,0000950170-25-041948,2025-03-17,A,1.0,0.0,1045.0,D,,,,,,
1652044,2025-03-19,GOOGL,WALKER JOHN KENT,isOfficer,0000950170-25-041841,2025-03-17,A,68.0,0.0,56677.0,D,,,,,,
1652044,2025-03-19,GOOGL,Shriram Kavitark Ram,isDirector,0000950170-25-042158,2025-03-17,A,1.0,0.0,1045.0,D,,,,,,
1652044,2025-03-19,GOOGL,O'Toole Amie Thuener,isOfficer,0000950170-25-041836,2025-03-17,A,29.0,0.0,24405.0,D,,,,,,
1652044,2025-03-19,GOOGL,Ferguson Roger W. Jr.,isDirector,0000950170-25-041851,2025-03-17,A,1.0,0.0,1045.0,D,,,,,,
1652044,2025-03-19,GOOGL,Schindler Philipp,isOfficer,0000950170-25-041834,2025-03-17,A,172.0,0.0,143442.0,D,,,,,,
1652044,2025-03-19,GOOGL,DOERR L JOHN,isDirector,0000950170-25-041911,2025-03-17,A,1.0,0.0,1045.0,D,,,,,,
1652044,2025-03-19,GOOGL,Porat Ruth,isOfficer,0000950170-25-041857,2025-03-17,A,91.0,0.0,75948.0,D,,,,,,
1652044,2025-03-19,GOOGL,Pichai Sundar,"isDirector,isOfficer",0000950170-25-041829,2025-03-17,A,358.0,0.0,298892.0,D,,,,,,
1652044,2025-03-19,GOOGL,HENNESSY JOHN L,isDirector,0000950170-25-042088,2025-03-17,A,2.0,0.0,1487.0,D,,,,,,
1652044,2025-03-19,GOOGL,Washington Robin L,isDirector,0000950170-25-042199,2025-03-17,A,1.0,0.0,1045.0,D,,,,,,
1652044,2025-03-26,GOOGL,Pichai Sundar,"isDirector,isOfficer",0000950170-25-045574,2025-03-25,C,37152.0,0.0,2750196.0,D,,,,,,
1652044,2025-03-26,GOOGL,Pichai Sundar,"isDirector,isOfficer",0000950170-25-045574,2025-03-25,F,37571.0,169.93,224169.0,D,,,,,,
1652044,2025-03-26,GOOGL,Schindler Philipp,isOfficer,0000950170-25-045596,2025-03-25,C,22165.0,0.0,706746.0,D,,,,,,
1652044,2025-03-26,GOOGL,Schindler Philipp,isOfficer,0000950170-25-045596,2025-03-25,F,7212.0,169.93,129098.0,D,,,,,,
1652044,2025-03-27,GOOGL,Ashkenazi Anat,isOfficer,0000950170-25-046258,2025-03-25,F,11696.0,169.93,70222.0,D,,,,,,
1652044,2025-03-27,GOOGL,WALKER JOHN KENT,isOfficer,0000950170-25-046216,2025-03-25,C,17782.0,0.0,41283.0,D,,,,,,
1652044,2025-03-27,GOOGL,O'Toole Amie Thuener,isOfficer,0000950170-25-045982,2025-03-25,C,952.0,0.0,15976.0,D,,,,,,
1652044,2025-03-27,GOOGL,Porat Ruth,isOfficer,0000950170-25-046023,2025-03-25,F,4773.0,169.93,66455.0,D,,,,,,
1652044,2025-03-27,GOOGL,WALKER JOHN KENT,isOfficer,0000950170-25-046216,2025-03-27,S,11764.0,166.8395,49037.0,I,,,,,,
1652044,2025-03-27,GOOGL,WALKER JOHN KENT,isOfficer,0000950170-25-046216,2025-03-25,F,7124.0,169.93,42508.0,D,,,,,,
1652044,2025-03-27,GOOGL,O'Toole Amie Thuener,isOfficer,0000950170-25-045982,2025-03-25,F,281.0,169.93,19613.0,D,,,,,,
1652044,2025-03-27,GOOGL,Porat Ruth,isOfficer,0000950170-25-046023,2025-03-25,C,17782.0,0.0,667068.0,D,,,,,,
1652044,2025-03-27,GOOGL,Ashkenazi Anat,isOfficer,0000950170-25-046258,2025-03-25,C,11711.0,0.0,81918.0,D,,,,,,
1652044,2025-03-31,GOOGL,ARNOLD FRANCES,isDirector,0000950170-25-047807,2025-03-28,S,111.0,162.42,17048.0,D,,,,,,
1652044,2025-03-31,GOOGL,WALKER JOHN KENT,isOfficer,0000950170-25-047884,2025-03-28,G,17782.0,0.0,66819.0,I,,,,,,
1652044,2025-04-01,GOOGL,O'Toole Amie Thuener,isOfficer,0000950170-25-048755,2025-04-01,S,673.0,155.33,15303.0,D,,,,,,
1652044,2025-04-04,GOOGL,Pichai Sundar,"isDirector,isOfficer",0000950170-25-051206,2025-04-02,S,1400.0,157.2336,2748796.0,D,,,,,,
1652044,2025-04-14,GOOGL,Hennessy John L.,isDirector,0000950170-25-053784,2025-04-14,S,60.0,160.6193,7753.0,I,,,,,,
1652044,2025-04-18,GOOGL,Pichai Sundar,"isDirector,isOfficer",0000950170-25-055829,2025-04-16,S,3700.0,154.5014,2713996.0,D,,,,,,
1652044,2025-04-29,GOOGL,Shriram Kavitark Ram,isDirector,0000950170-25-060426,2025-04-25,G,500000.0,0.0,345220.0,D,,,,,,
1652044,2025-04-29,GOOGL,O'Toole Amie Thuener,isOfficer,0000950170-25-060465,2025-04-25,C,674.0,0.0,22376.0,D,,,,,,
1652044,2025-04-29,GOOGL,O'Toole Amie Thuener,isOfficer,0000950170-25-060465,2025-04-25,F,682.0,161.47,21694.0,D,,,,,,
1652044,2025-05-01,GOOGL,ARNOLD FRANCES,isDirector,0000950170-25-061986,2025-04-30,S,111.0,159.85,17158.0,D,,,,,,
1652044,2025-05-09,GOOGL,Pichai Sundar,"isDirector,isOfficer",0000950170-25-068322,2025-05-07,S,1400.0,150.3957,2683796.0,D,,,,,,
1652044,2025-05-15,GOOGL,Hennessy John L.,isDirector,0000950170-25-072605,2025-05-13,S,10.0,158.635,7603.0,I,,,,,,
1652044,2025-05-19,STCB,"GV 2016 GP, L.L.C.",isTenPercentOwner,0001415889-25-013728,2025-05-15,J,47980156.0,,147490961.0,I,,,,,,
1652044,2025-05-21,GOOGL,Sergey Brin,"isDirector,isTenPercentOwner",0000950170-25-075820,2025-05-21,C,2048000.0,0.0,2048000.0,D,,,,,,
1652044,2025-05-21,GOOGL,Sergey Brin,"isDirector,isTenPercentOwner",0000950170-25-075820,2025-05-21,G,2048000.0,0.0,0.0,D,,,,,,
1652044,2025-05-23,GOOGL,Shriram Kavitark Ram,isDirector,0000950170-25-077118,2025-05-22,S,10500.0,175.0,261966.0,D,,,,,,
1652044,2025-05-23,GOOGL,Hennessy John L.,isDirector,0000950170-25-077083,2025-05-22,S,600.0,175.0,6813.0,I,,,,,,
1652044,2025-05-23,GOOGL,Pichai Sundar,"isDirector,isOfficer",0000950170-25-077129,2025-05-21,S,814.0,165.5848,2651882.0,D,,,,,,
1652044,2025-05-28,GOOGL,O'Toole Amie Thuener,isOfficer,0000950170-25-078530,2025-05-25,C,674.0,0.0,21020.0,D,,,,,,
1652044,2025-05-28,GOOGL,O'Toole Amie Thuener,isOfficer,0000950170-25-078530,2025-05-25,F,682.0,169.59,20338.0,D,,,,,,
1652044,2025-06-02,GOOGL,ARNOLD FRANCES,isDirector,0000950170-25-080442,2025-05-30,S,111.0,172.41,17268.0,D,,,,,,
1652044,2025-06-04,GOOGL,Pichai Sundar,"isDirector,isOfficer",0000950170-25-081829,2025-06-04,S,19550.0,168.421,2600646.0,D,,,,,,
1652044,2025-06-17,GOOGL,Hennessy John L.,isDirector,0000950170-25-087366,2025-06-16,A,1.0,0.0,1227.0,D,,,,,,
1652044,2025-06-17,GOOGL,Hennessy John L.,isDirector,0000950170-25-087366,2025-06-13,S,190.0,175.0,6623.0,I,,,,,,
1652044,2025-06-17,GOOGL,Ashkenazi Anat,isOfficer,0000950170-25-087578,2025-06-16,A,83.0,0.0,70305.0,D,,,,,,
1652044,2025-06-18,GOOGL,Ferguson Roger W. Jr.,isDirector,0000950170-25-088013,2025-06-16,A,1.0,0.0,865.0,D,,,,,,
1652044,2025-06-18,GOOGL,Shriram Kavitark Ram,isDirector,0000950170-25-088023,2025-06-16,A,1.0,0.0,865.0,D,,,,,,
1652044,2025-06-18,GOOGL,CHAVEZ R. MARTIN,isDirector,0000950170-25-088015,2025-06-16,A,3.0,0.0,2589.0,D,,,,,,
1652044,2025-06-18,GOOGL,Washington Robin L,isDirector,0000950170-25-088027,2025-06-16,A,1.0,0.0,865.0,D,,,,,,
1652044,2025-06-18,GOOGL,Porat Ruth,isOfficer,0000950170-25-087990,2025-06-16,A,78.0,0.0,66533.0,D,,,,,,
1652044,2025-06-18,GOOGL,O'Toole Amie Thuener,isOfficer,0000950170-25-087988,2025-06-16,A,24.0,0.0,20362.0,D,,,,,,
1652044,2025-06-18,GOOGL,Schindler Philipp,isOfficer,0000950170-25-088017,2025-06-16,A,152.0,0.0,129250.0,D,,,,,,
1652044,2025-06-18,GOOGL,Pichai Sundar,"isDirector,isOfficer",0000950170-25-088011,2025-06-16,A,265.0,0.0,224434.0,D,,,,,,
1652044,2025-06-18,GOOGL,DOERR L JOHN,isDirector,0000950170-25-088020,2025-06-16,A,2.0,0.0,1489.0,D,,,,,,
1652044,2025-06-18,GOOGL,WALKER JOHN KENT,isOfficer,0000950170-25-087985,2025-06-16,A,50.0,0.0,42559.0,D,,,,,,
1652044,2025-06-18,GOOGL,ARNOLD FRANCES,isDirector,0000950170-25-088033,2025-06-16,A,1.0,0.0,865.0,D,,,,,,
1652044,2025-06-20,GOOGL,Pichai Sundar,"isDirector,isOfficer",0000950170-25-088597,2025-06-18,S,2195.0,174.2397,2585500.0,D,,,,,,
1652044,2025-06-27,GOOGL,WALKER JOHN KENT,isOfficer,0000950170-25-091012,2025-06-25,C,7054.0,0.0,35504.0,D,,,,,,
1652044,2025-06-27,GOOGL,Schindler Philipp,isOfficer,0000950170-25-090969,2025-06-25,C,9012.0,0.0,45367.0,D,,,,,,
1652044,2025-06-27,GOOGL,Ashkenazi Anat,isOfficer,0000950170-25-090982,2025-06-25,F,11783.0,167.74,46870.0,D,,,,,,
1652044,2025-06-27,GOOGL,Pichai Sundar,"isDirector,isOfficer",0000950170-25-090965,2025-06-25,F,37615.0,167.74,149622.0,D,,,,,,
1652044,2025-06-27,GOOGL,Ashkenazi Anat,isOfficer,0000950170-25-090982,2025-06-25,C,11652.0,0.0,58653.0,D,,,,,,
1652044,2025-06-27,GOOGL,Schindler Philipp,isOfficer,0000950170-25-090969,2025-06-25,F,9114.0,167.74,36254.0,D,,,,,,
1652044,2025-06-27,GOOGL,Porat Ruth,isOfficer,0000950170-25-090996,2025-06-25,F,4779.0,167.74,57028.0,D,,,,,,
1652044,2025-06-27,GOOGL,Pichai Sundar,"isDirector,isOfficer",0000950170-25-090965,2025-06-25,C,37196.0,0.0,187237.0,D,,,,,,
1652044,2025-06-27,GOOGL,WALKER JOHN KENT,isOfficer,0000950170-25-091012,2025-06-25,F,7133.0,167.74,28372.0,D,,,,,,
1652044,2025-06-27,GOOGL,O'Toole Amie Thuener,isOfficer,0000950170-25-090957,2025-06-25,C,675.0,0.0,19687.0,D,,,,,,
1652044,2025-06-27,GOOGL,O'Toole Amie Thuener,isOfficer,0000950170-25-090957,2025-06-25,F,682.0,167.74,19005.0,D,,,,,,
1652044,2025-06-27,GOOGL,Porat Ruth,isOfficer,0000950170-25-090996,2025-06-25,C,4726.0,0.0,61808.0,D,,,,,,
1652044,2025-06-30,GOOGL,ARNOLD FRANCES,isDirector,0000950170-25-091830,2025-06-30,S,121.0,180.72,17389.0,D,,,,,,
1652044,2025-07-03,GOOGL,Pichai Sundar,"isDirector,isOfficer",0000950170-25-094067,2025-07-02,S,4546.0,176.69,2587846.0,D,,,,,,
1652044,2025-07-11,GOOGL,Shriram Kavitark Ram,isDirector,0000950170-25-095429,2025-07-02,A,2016.0,0.0,2016.0,D,,,,,,
1652044,2025-07-11,GOOGL,ARNOLD FRANCES,isDirector,0000950170-25-095421,2025-07-02,A,2016.0,0.0,2016.0,D,,,,,,
1652044,2025-07-11,GOOGL,Hennessy John L.,isDirector,0000950170-25-095419,2025-07-02,A,2879.0,0.0,2879.0,D,,,,,,
1652044,2025-07-11,GOOGL,CHAVEZ R. MARTIN,isDirector,0000950170-25-095431,2025-07-02,A,2016.0,0.0,2016.0,D,,,,,,
1652044,2025-07-11,GOOGL,Washington Robin L,isDirector,0000950170-25-095427,2025-07-02,A,2016.0,0.0,2016.0,D,,,,,,
1652044,2025-07-11,GOOGL,DOERR L JOHN,isDirector,0000950170-25-095423,2025-07-02,A,2016.0,0.0,2016.0,D,,,,,,
1652044,2025-07-11,GOOGL,Ferguson Roger W. Jr.,isDirector,0000950170-25-095425,2025-07-02,A,2016.0,0.0,2016.0,D,,,,,,
1652044,2025-07-16,GOOGL,Hennessy John L.,isDirector,0000950170-25-096392,2025-07-14,S,119.0,181.64,6294.0,I,,,,,,
1652044,2025-07-17,GOOGL,Pichai Sundar,"isDirector,isOfficer",0000950170-25-096682,2025-07-16,S,10254.0,183.8,2549638.0,D,,,,,,
1652044,2025-07-21,GOOGL,Shriram Kavitark Ram,isDirector,0000950170-25-097289,2025-07-18,S,18566.0,185.76,243400.0,D,,,,,,
1652044,2025-07-28,GOOGL,O'Toole Amie Thuener,isOfficer,0000950170-25-099314,2025-07-25,F,683.0,193.2,17647.0,D,,,,,,
1652044,2025-07-28,GOOGL,O'Toole Amie Thuener,isOfficer,0000950170-25-099314,2025-07-25,C,675.0,0.0,18330.0,D,,,,,,
1652044,2025-07-28,VERV,"GV 2017 GP, L.L.C.",isTenPercentOwner,0001415889-25-020384,2025-07-25,U,6108442.0,,0.0,I,,,,,,
1652044,2025-07-31,GOOGL,ARNOLD FRANCES,isDirector,0000950170-25-101085,2025-06-30,S,101.0,196.31,17490.0,D,,,,,,
1652044,2025-08-05,PRME,"GV 2021 GP, L.L.C.",isTenPercentOwner,0001415889-25-021025,2025-08-01,P,1500000.0,3.3,3262440.0,I,,,,,,
1652044,2025-08-06,GOOGL,WALKER JOHN KENT,isOfficer,0000950170-25-104177,2025-08-05,G,17802.0,0.0,23503.0,D,,,,,,
1652044,2025-08-06,GOOGL,WALKER JOHN KENT,isOfficer,0000950170-25-104177,2025-08-04,S,23820.0,194.7,42999.0,I,,,,,,
1652044,2025-08-06,GOOGL,Pichai Sundar,"isDirector,isOfficer",0000950170-25-104305,2025-08-06,S,7986.0,195.02,2519406.0,D,,,,,,
1652044,2025-08-07,GOOGL,Hennessy John L.,isDirector,0000950170-25-105288,2025-08-06,G,1903.0,0.0,0.55,D,,,,,,
1652044,2025-08-11,GOOGL,Hennessy John L.,isDirector,0000950170-25-106731,2025-08-08,S,1000.0,200.0,6916.0,I,,,,,,
1652044,2025-08-14,GOOGL,Hennessy John L.,isDirector,0000950170-25-109103,2025-08-13,S,10.0,200.58,6906.0,I,,,,,,
1652044,2025-08-18,GOOGL,Shriram Kavitark Ram,isDirector,0000950170-25-109713,2025-08-15,S,14000.0,205.0,229400.0,D,,,,,,
1652044,2025-08-21,GOOGL,Pichai Sundar,"isDirector,isOfficer",0000950170-25-110749,2025-08-20,S,4637.0,198.22,2490255.0,D,,,,,,
1652044,2025-08-26,GOOGL,O'Toole Amie Thuener,isOfficer,0000950170-25-111530,2025-09-01,C,954.0,0.0,20071.0,D,,,,,,
1652044,2025-08-26,GOOGL,O'Toole Amie Thuener,isOfficer,0000950170-25-111530,2025-08-25,C,675.0,0.0,16972.0,D,,,,,,
1652044,2025-08-26,GOOGL,O'Toole Amie Thuener,isOfficer,0000950170-25-111530,2025-08-25,F,683.0,206.72,16290.0,D,,,,,,
1652044,2025-08-29,GOOGL,ARNOLD FRANCES,isDirector,0000950170-25-112319,2025-08-28,S,102.0,207.8,17387.0,D,,,,,,
1652044,2025-09-05,GOOGL,Pichai Sundar,"isDirector,isOfficer",0000950170-25-113278,2025-09-03,S,600.0,225.8,2461792.0,D,,,,,,
1652044,2025-09-16,GOOGL,O'Toole Amie Thuener,isOfficer,0001193125-25-205278,2025-09-15,S,2778.0,245.0,17293.0,D,,,,,,
1652044,2025-09-16,GOOGL,O'Toole Amie Thuener,isOfficer,0001193125-25-205278,2025-09-15,A,14.0,0.0,16303.0,D,,,,,,
1652044,2025-09-16,GOOGL,Hennessy John L.,isDirector,0001193125-25-205274,2025-09-15,S,30.0,245.4,6286.0,I,,,,,,
1652044,2025-09-16,GOOGL,Hennessy John L.,isDirector,0001193125-25-205274,2025-09-15,A,1.0,0.0,946.0,D,,,,,,
1652044,2025-09-17,GOOGL,Shriram Kavitark Ram,isDirector,0001193125-25-206564,2025-09-15,A,1.0,0.0,664.0,D,,,,,,
1652044,2025-09-17,GOOGL,WALKER JOHN KENT,isOfficer,0001193125-25-206593,2025-09-15,A,24.0,0.0,28396.0,D,,,,,,
1652044,2025-09-17,GOOGL,Pichai Sundar,"isDirector,isOfficer",0001193125-25-206631,2025-09-15,A,125.0,0.0,149748.0,D,,,,,,
1652044,2025-09-17,GOOGL,ARNOLD FRANCES,isDirector,0001193125-25-206510,2025-09-15,A,1.0,0.0,664.0,D,,,,,,
1652044,2025-09-17,GOOGL,DOERR L JOHN,isDirector,0001193125-25-206575,2025-09-15,A,1.0,0.0,1312.0,D,,,,,,
1652044,2025-09-17,GOOGL,Ferguson Roger W. Jr.,isDirector,0001193125-25-206579,2025-09-15,A,1.0,0.0,664.0,D,,,,,,
1652044,2025-09-17,GOOGL,Ashkenazi Anat,isOfficer,0001193125-25-206604,2025-09-15,A,39.0,0.0,46909.0,D,,,,,,
1652044,2025-09-17,GOOGL,CHAVEZ R. MARTIN,isDirector,0001193125-25-206614,2025-09-15,A,2.0,0.0,2036.0,D,,,,,,
1652044,2025-09-17,GOOGL,Schindler Philipp,isOfficer,0001193125-25-206597,2025-09-15,A,30.0,0.0,36284.0,D,,,,,,
1652044,2025-09-17,GOOGL,Washington Robin L,isDirector,0001193125-25-206518,2025-09-15,A,1.0,0.0,664.0,D,,,,,,
1652044,2025-09-17,GOOGL,Pichai Sundar,"isDirector,isOfficer",0001193125-25-206631,2025-09-17,S,1165.0,247.59,2428727.0,D,,,,,,
1652044,2025-09-17,GOOGL,Porat Ruth,isOfficer,0001193125-25-206585,2025-09-15,A,48.0,0.0,57076.0,D,,,,,,
1652044,2025-09-29,GOOGL,Porat Ruth,isOfficer,0001193125-25-223734,2025-09-25,C,4730.0,0.0,52347.0,D,,,,,,
1652044,2025-09-29,GOOGL,WALKER JOHN KENT,isOfficer,0001193125-25-223741,2025-09-25,C,7059.0,0.0,21336.0,D,,,,,,
1652044,2025-09-29,GOOGL,WALKER JOHN KENT,isOfficer,0001193125-25-223741,2025-09-25,F,7138.0,247.83,14198.0,D,,,,,,
1652044,2025-09-29,GOOGL,Pichai Sundar,"isDirector,isOfficer",0001193125-25-223749,2025-09-25,F,37646.0,247.83,74874.0,D,,,,,,
1652044,2025-09-29,GOOGL,Pichai Sundar,"isDirector,isOfficer",0001193125-25-223749,2025-09-25,C,37227.0,0.0,112520.0,D,,,,,,
1652044,2025-09-29,GOOGL,Ashkenazi Anat,isOfficer,0001193125-25-223737,2025-09-25,C,11661.0,0.0,35248.0,D,,,,,,
1652044,2025-09-29,GOOGL,Shriram Kavitark Ram,isDirector,0001193125-25-223743,2025-09-25,G,121764.0,0.0,199100.0,I,,,,,,
1652044,2025-09-29,GOOGL,Ashkenazi Anat,isOfficer,0001193125-25-223737,2025-09-25,F,11793.0,247.83,23455.0,D,,,,,,
1652044,2025-09-29,GOOGL,Porat Ruth,isOfficer,0001193125-25-223734,2025-09-25,F,4783.0,247.83,47564.0,D,,,,,,
1652044,2025-09-29,GOOGL,O'Toole Amie Thuener,isOfficer,0001193125-25-223731,2025-09-25,C,675.0,0.0,15628.0,D,,,,,,
1652044,2025-09-29,GOOGL,O'Toole Amie Thuener,isOfficer,0001193125-25-223731,2025-09-25,F,683.0,247.83,14945.0,D,,,,,,
1652044,2025-09-29,GOOGL,Schindler Philipp,isOfficer,0001193125-25-223746,2025-09-25,F,9121.0,247.83,18142.0,D,,,,,,
1652044,2025-09-29,GOOGL,Schindler Philipp,isOfficer,0001193125-25-223746,2025-09-25,C,9020.0,0.0,27264.0,D,,,,,,
1652044,2025-09-30,GOOGL,ARNOLD FRANCES,isDirector,0001193125-25-225449,2025-09-30,S,103.0,243.13,17284.0,D,,,,,,
1652044,2025-10-01,GOOGL,WALKER JOHN KENT,isOfficer,0001193125-25-227254,2025-09-29,S,2900.0,243.9,57901.0,I,,,,,,
1652044,2025-10-02,GOOGL,Pichai Sundar,"isDirector,isOfficer",0001193125-25-228860,2025-10-01,S,900.0,240.08,2433719.0,D,,,,,,
1652044,2025-10-02,GOOGL,O'Toole Amie Thuener,isOfficer,0001193125-25-228891,2025-10-01,S,953.0,241.2,17294.0,D,,,,,,
1652044,2025-10-02,GOOGL,WALKER JOHN KENT,isOfficer,0001193125-25-228937,2025-10-01,G,17816.0,0.0,60801.0,I,,,,,,
1652044,2025-10-15,GOOGL,Hennessy John L.,isDirector,0001193125-25-240596,2025-10-13,S,80.0,241.52,5636.0,I,,,,,,
1652044,2025-10-17,GOOGL,O'Toole Amie Thuener,isOfficer,0001193125-25-242778,2025-10-15,S,300.0,247.49,16994.0,D,,,,,,
1652044,2025-10-17,GOOGL,Pichai Sundar,"isDirector,isOfficer",0001193125-25-242766,2025-10-15,S,2047.0,247.48,2400072.0,D,,,,,,
1652044,2025-10-29,GOOGL,O'Toole Amie Thuener,isOfficer,0001193125-25-256392,2025-10-25,F,683.0,260.51,13586.0,D,,,,,,
1652044,2025-10-29,GOOGL,O'Toole Amie Thuener,isOfficer,0001193125-25-256392,2025-10-25,C,676.0,0.0,14270.0,D,,,,,,
1652044,2025-11-03,GOOGL,ARNOLD FRANCES,isDirector,0001193125-25-262627,2025-10-30,S,112.0,291.8,18004.0,D,,,,,,
1652044,2025-11-04,GOOGL,O'Toole Amie Thuener,isOfficer,0001193125-25-265136,2025-11-03,S,954.0,282.33,14517.0,D,,,,,,
1652044,2025-11-07,GOOGL,Pichai Sundar,"isDirector,isOfficer",0001193125-25-272562,2025-11-05,S,1400.0,278.52,2368219.0,D,,,,,,
1652044,2025-11-17,GOOGL,Hennessy John L.,isDirector,0001193125-25-284951,2025-11-13,S,82.0,279.07,5034.0,I,,,,,,
1652044,2025-11-19,GOOGL,O'Toole Amie Thuener,isOfficer,0001193125-25-288144,2025-11-17,S,878.0,285.14,13639.0,D,,,,,,
1652044,2025-11-21,GOOGL,Pichai Sundar,"isDirector,isOfficer",0001193125-25-291724,2025-11-19,S,100.0,287.88,2337019.0,D,,,,,,
1652044,2025-11-26,GOOGL,O'Toole Amie Thuener,isOfficer,0001193125-25-300961,2025-11-25,C,676.0,0.0,12910.0,D,,,,,,
1652044,2025-11-26,GOOGL,O'Toole Amie Thuener,isOfficer,0001193125-25-300961,2025-11-25,F,683.0,318.47,12227.0,D,,,,,,
1652044,2025-11-28,GOOGL,Sergey Brin,"isDirector,isTenPercentOwner",0001193125-25-302626,2025-11-26,C,1778650.0,0.0,1778650.0,D,,,,,,
1652044,2025-11-28,GOOGL,Sergey Brin,"isDirector,isTenPercentOwner",0001193125-25-302626,2025-11-26,G,1778650.0,0.0,0.0,D,,,,,,
1652044,2025-12-02,GOOGL,O'Toole Amie Thuener,isOfficer,0001193125-25-305621,2025-12-02,S,954.0,317.0,11740.0,D,,,,,,
1652044,2025-12-02,GOOGL,ARNOLD FRANCES,isDirector,0001193125-25-305547,2025-12-01,S,102.0,317.66,18104.0,D,,,,,,
1652044,2025-12-05,GOOGL,Pichai Sundar,"isDirector,isOfficer",0001193125-25-310054,2025-12-03,S,1100.0,315.16,2303519.0,D,,,,,,
1652044,2025-12-11,GOOGL,Shriram Kavitark Ram,isDirector,0001193125-25-316370,2025-12-09,G,19600.0,0.0,168110.0,I,,,,,,
1652044,2025-12-17,GOOGL,O'Toole Amie Thuener,isOfficer,0001193125-25-323246,2025-12-15,S,2778.0,312.3,8962.0,D,,,,,,
1652044,2025-12-17,GOOGL,WALKER JOHN KENT,isOfficer,0001193125-25-323423,2025-12-15,A,10.0,0.0,14207.0,D,,,,,,
1652044,2025-12-17,GOOGL,O'Toole Amie Thuener,isOfficer,0001193125-25-323246,2025-12-15,A,8.0,0.0,12235.0,D,,,,,,
1652044,2025-12-17,GOOGL,Hennessy John L.,isDirector,0001193125-25-323314,2025-12-15,S,33.0,306.68,4483.0,I,,,,,,
1652044,2025-12-17,GOOGL,Pichai Sundar,"isDirector,isOfficer",0001193125-25-323357,2025-12-15,A,51.0,0.0,74925.0,D,,,,,,
1652044,2025-12-17,GOOGL,Pichai Sundar,"isDirector,isOfficer",0001193125-25-323357,2025-12-15,S,11379.0,298.11,2260740.0,D,,,,,,
1652044,2025-12-17,GOOGL,Ashkenazi Anat,isOfficer,0001193125-25-323408,2025-12-15,A,16.0,0.0,23471.0,D,,,,,,
1652044,2025-12-17,GOOGL,Hennessy John L.,isDirector,0001193125-25-323314,2025-12-15,A,0.5,0.0,665.0,D,,,,,,
1652044,2025-12-17,GOOGL,Schindler Philipp,isOfficer,0001193125-25-323453,2025-12-15,A,12.0,0.0,18155.0,D,,,,,,
1652044,2025-12-17,GOOGL,CHAVEZ R. MARTIN,isDirector,0001193125-25-323394,2025-12-15,A,1.0,0.0,1482.0,D,,,,,,
1652044,2025-12-18,GOOGL,Ferguson Roger W. Jr.,isDirector,0001193125-25-325129,2025-12-15,A,0.31,0.0,463.0,D,,,,,,
1652044,2025-12-18,GOOGL,ARNOLD FRANCES,isDirector,0001193125-25-325123,2025-12-15,A,0.3,0.0,463.0,D,,,,,,
1652044,2025-12-18,GOOGL,DOERR L JOHN,isDirector,0001193125-25-325075,2025-12-15,A,0.8,0.0,1133.0,D,,,,,,
1652044,2025-12-18,GOOGL,Washington Robin L,isDirector,0001193125-25-325042,2025-12-15,A,0.31,0.0,463.0,D,,,,,,
1652044,2025-12-18,GOOGL,Shriram Kavitark Ram,isDirector,0001193125-25-325094,2025-12-15,A,0.31,0.0,463.0,D,,,,,,
1652044,2025-12-30,GOOGL,Pichai Sundar,"isDirector,isOfficer",0001193125-25-337346,2025-12-25,C,37253.0,0.0,37672.0,D,,,,,,
1652044,2025-12-30,GOOGL,Ashkenazi Anat,isOfficer,0001193125-25-337386,2025-12-25,F,11801.0,315.67,0.0,D,,,,,,
1652044,2025-12-30,GOOGL,Porat Ruth,isOfficer,0001193125-25-337426,2025-12-25,C,4733.0,0.0,42831.0,D,,,,,,
1652044,2025-12-30,GOOGL,Porat Ruth,isOfficer,0001193125-25-337426,2025-12-25,F,4786.0,315.67,38045.0,D,,,,,,
1652044,2025-12-30,GOOGL,O'Toole Amie Thuener,isOfficer,0001193125-25-337416,2025-12-25,F,683.0,315.67,10876.0,D,non_derivative,Class C Google Stock Units,,,,
1652044,2025-12-30,GOOGL,Ashkenazi Anat,isOfficer,0001193125-25-337386,2025-12-25,C,11670.0,0.0,11801.0,D,,,,,,
1652044,2025-12-30,GOOGL,O'Toole Amie Thuener,isOfficer,0001193125-25-337416,2025-12-25,F,683.0,315.67,10876.0,D,,,,,,
1652044,2025-12-30,GOOGL,O'Toole Amie Thuener,isOfficer,0001193125-25-337416,2025-12-25,C,676.0,0.0,11560.0,D,,,,,,
1652044,2025-12-30,GOOGL,WALKER JOHN KENT,isOfficer,0001193125-25-337462,2025-12-30,S,11239.0,314.61,49562.0,I,non_derivative,Class C Capital Stock,,,,
1652044,2025-12-30,GOOGL,Pichai Sundar,"isDirector,isOfficer",0001193125-25-337346,2025-12-25,C,37253.0,0.0,2276872.0,D,non_derivative,Class C Capital Stock,,,,
1652044,2025-12-30,GOOGL,Pichai Sundar,"isDirector,isOfficer",0001193125-25-337346,2025-12-25,F,37672.0,315.67,0.0,D,,,,,,
1652044,2025-12-30,GOOGL,Ashkenazi Anat,isOfficer,0001193125-25-337386,2025-12-25,C,11670.0,0.0,11801.0,D,non_derivative,Class C Google Stock Units,,,,
1652044,2025-12-30,GOOGL,Porat Ruth,isOfficer,0001193125-25-337426,2025-12-25,C,17831.0,0.0,720521.0,D,non_derivative,Class C Capital Stock,,,,
1652044,2025-12-30,GOOGL,Porat Ruth,isOfficer,0001193125-25-337426,2025-12-25,C,4733.0,0.0,42831.0,D,non_derivative,Class C Google Stock Units,,,,
1652044,2025-12-30,GOOGL,WALKER JOHN KENT,isOfficer,0001193125-25-337462,2025-12-25,F,7143.0,315.67,0.0,D,non_derivative,Class C Google Stock Units,,,,
1652044,2025-12-30,GOOGL,O'Toole Amie Thuener,isOfficer,0001193125-25-337416,2025-12-25,C,676.0,0.0,11560.0,D,non_derivative,Class C Google Stock Units,,,,
1652044,2025-12-30,GOOGL,WALKER JOHN KENT,isOfficer,0001193125-25-337462,2025-12-25,C,7064.0,0.0,7143.0,D,non_derivative,Class C Google Stock Units,,,,
1652044,2025-12-30,GOOGL,WALKER JOHN KENT,isOfficer,0001193125-25-337462,2025-12-25,C,17831.0,0.0,41335.0,D,non_derivative,Class C Capital Stock,,,,
1652044,2025-12-30,GOOGL,Ashkenazi Anat,isOfficer,0001193125-25-337386,2025-12-25,C,18374.0,0.0,109145.0,D,non_derivative,Class C Capital Stock,,,,
1652044,2025-12-30,GOOGL,Porat Ruth,isOfficer,0001193125-25-337426,2025-12-25,F,4786.0,315.67,38045.0,D,non_derivative,Class C Google Stock Units,,,,
1652044,2025-12-30,GOOGL,O'Toole Amie Thuener,isOfficer,0001193125-25-337416,2025-12-25,C,955.0,0.0,9917.0,D,non_derivative,Class C Capital Stock,,,,
1652044,2025-12-30,GOOGL,Pichai Sundar,"isDirector,isOfficer",0001193125-25-337346,2025-12-25,C,37253.0,0.0,37672.0,D,non_derivative,Class C Google Stock Units,,,,
1652044,2025-12-30,GOOGL,Pichai Sundar,"isDirector,isOfficer",0001193125-25-337346,2025-12-25,F,37672.0,315.67,0.0,D,non_derivative,Class C Google Stock Units,,,,
1652044,2025-12-30,GOOGL,Ashkenazi Anat,isOfficer,0001193125-25-337386,2025-12-25,F,11801.0,315.67,0.0,D,non_derivative,Class C Google Stock Units,,,,
1652044,2025-12-31,GOOGL,Schindler Philipp,isOfficer,0001193125-25-338475,2025-12-25,C,22225.0,0.0,773371.0,D,non_derivative,Class C Capital Stock,,,,
1652044,2025-12-31,GOOGL,Schindler Philipp,isOfficer,0001193125-25-338475,2025-12-25,F,9128.0,315.67,0.0,D,,,,,,
1652044,2025-12-31,GOOGL,Schindler Philipp,isOfficer,0001193125-25-338475,2025-12-25,C,9026.0,0.0,9128.0,D,non_derivative,Class C Google Stock Units,,,,
1652044,2025-12-31,GOOGL,ARNOLD FRANCES,isDirector,0001193125-25-338435,2025-12-31,S,102.0,313.45,18205.0,D,,,,,,
1652044,2025-12-31,GOOGL,ARNOLD FRANCES,isDirector,0001193125-25-338435,2025-12-31,S,102.0,313.45,18205.0,D,non_derivative,Class C Capital Stock,,,,
1652044,2025-12-31,GOOGL,Schindler Philipp,isOfficer,0001193125-25-338475,2025-12-25,C,9026.0,0.0,9128.0,D,,,,,,
1652044,2025-12-31,GOOGL,Schindler Philipp,isOfficer,0001193125-25-338475,2025-12-25,F,9128.0,315.67,0.0,D,non_derivative,Class C Google Stock Units,,,,
1652044,2026-01-02,GOOGL,WALKER JOHN KENT,isOfficer,0001193125-26-001121,2025-12-31,G,17829.0,0.0,23506.0,D,,,,,,
1652044,2026-01-02,GOOGL,WALKER JOHN KENT,isOfficer,0001193125-26-001121,2025-12-31,G,17829.0,0.0,23506.0,D,non_derivative,Class C Capital Stock,,,,
1652044,2026-01-08,GOOGL,Pichai Sundar,"isDirector,isOfficer",0001193125-26-007914,2026-01-07,S,500.0,315.39,2276372.0,D,,,,,,
1652044,2026-01-08,GOOGL,Pichai Sundar,"isDirector,isOfficer",0001193125-26-007914,2026-01-07,S,500.0,315.39,2276372.0,D,non_derivative,Class C Capital Stock,,,,
1652044,2026-01-15,GOOGL,Hennessy John L.,isDirector,0001193125-26-014378,2026-01-13,S,30.0,335.13,21794.0,I,non_derivative,Class A Common Stock,,,,
1652044,2026-01-15,GOOGL,WALKER JOHN KENT,isOfficer,0001193125-26-014384,2026-01-13,A,47574.0,0.0,71080.0,D,non_derivative,Class C Capital Stock,,,,
1652044,2026-01-15,GOOGL,WALKER JOHN KENT,isOfficer,0001193125-26-014384,2026-01-13,F,47141.0,332.73,23939.0,D,non_derivative,Class C Capital Stock,,,,
1652044,2026-01-15,GOOGL,Hennessy John L.,isDirector,0001193125-26-014378,2026-01-13,S,30.0,335.13,21794.0,I,,,,,,
1652044,2026-01-15,GOOGL,Porat Ruth,isOfficer,0001193125-26-014381,2026-01-13,F,47141.0,332.73,720954.0,D,,,,,,
1652044,2026-01-15,GOOGL,Porat Ruth,isOfficer,0001193125-26-014381,2026-01-13,A,47574.0,0.0,768095.0,D,,,,,,
1652044,2026-01-15,GOOGL,WALKER JOHN KENT,isOfficer,0001193125-26-014384,2026-01-13,A,47574.0,0.0,71080.0,D,,,,,,
1652044,2026-01-15,GOOGL,Schindler Philipp,isOfficer,0001193125-26-014386,2026-01-13,A,113568.0,0.0,886939.0,D,,,,,,
1652044,2026-01-15,GOOGL,WALKER JOHN KENT,isOfficer,0001193125-26-014384,2026-01-13,F,47141.0,332.73,23939.0,D,,,,,,
1652044,2026-01-15,GOOGL,Porat Ruth,isOfficer,0001193125-26-014381,2026-01-13,F,47141.0,332.73,720954.0,D,non_derivative,Class C Capital Stock,,,,
1652044,2026-01-15,GOOGL,Porat Ruth,isOfficer,0001193125-26-014381,2026-01-13,A,47574.0,0.0,768095.0,D,non_derivative,Class C Capital Stock,,,,
1652044,2026-01-15,GOOGL,Schindler Philipp,isOfficer,0001193125-26-014386,2026-01-13,F,113745.0,332.73,773194.0,D,,,,,,
1652044,2026-01-15,GOOGL,Schindler Philipp,isOfficer,0001193125-26-014386,2026-01-13,F,113745.0,332.73,773194.0,D,non_derivative,Class C Capital Stock,,,,
1652044,2026-01-15,GOOGL,Schindler Philipp,isOfficer,0001193125-26-014386,2026-01-13,A,113568.0,0.0,886939.0,D,non_derivative,Class C Capital Stock,,,,
1652044,2026-01-23,GOOGL,Pichai Sundar,"isDirector,isOfficer",0001193125-26-021420,2026-01-21,S,636.0,320.35,2243736.0,D,non_derivative,Class C Capital Stock,,,,
1652044,2026-01-23,GOOGL,Pichai Sundar,"isDirector,isOfficer",0001193125-26-021420,2026-01-21,S,636.0,320.35,2243736.0,D,,,,,,
1652044,2026-01-27,GOOGL,O'Toole Amie Thuener,isOfficer,0001193125-26-025268,2026-01-25,F,305.0,328.43,14047.0,D,,,,,,
1652044,2026-01-27,GOOGL,O'Toole Amie Thuener,isOfficer,0001193125-26-025268,2026-01-25,C,932.0,0.0,10849.0,D,,,,,,
1652044,2026-01-27,GOOGL,O'Toole Amie Thuener,isOfficer,0001193125-26-025268,2026-01-25,C,932.0,0.0,10849.0,D,non_derivative,Class C Capital Stock,,,,
1652044,2026-01-27,GOOGL,O'Toole Amie Thuener,isOfficer,0001193125-26-025268,2027-01-25,F,683.0,328.43,9517.0,D,,,,,,
1652044,2026-01-27,GOOGL,O'Toole Amie Thuener,isOfficer,0001193125-26-025268,2026-01-25,F,305.0,328.43,14047.0,D,non_derivative,Class C Google Stock Units,,,,
1652044,2026-01-27,GOOGL,O'Toole Amie Thuener,isOfficer,0001193125-26-025268,2027-01-25,F,683.0,328.43,9517.0,D,non_derivative,Class C Google Stock Units,,,,
1652044,2026-01-27,GOOGL,O'Toole Amie Thuener,isOfficer,0001193125-26-025268,2026-01-25,C,676.0,0.0,10200.0,D,non_derivative,Class C Google Stock Units,,,,
1652044,2026-01-30,GOOGL,ARNOLD FRANCES,isDirector,0001193125-26-032283,2026-01-29,S,102.0,340.0,18307.0,D,non_derivative,Class C Capital Stock,,,,
1652044,2026-01-30,LIFE,"GV 2017 GP, L.L.C.",isTenPercentOwner,0001168404-26-000007,2026-01-30,S,1755632.0,19.0,0.0,I,non_derivative,Class A Common Stock,,,,
1652044,2026-01-30,LIFE,"GV 2017 GP, L.L.C.",isTenPercentOwner,0001168404-26-000007,2026-01-30,C,1755632.0,,1755632.0,I,non_derivative,Class A Common Stock,,,,
1652044,2026-01-30,LIFE,"GV 2017 GP, L.L.C.",isTenPercentOwner,0001168404-26-000007,2026-01-30,C,552126.0,,0.0,I,derivative,Series D Preferred Stock,Class A Common Stock,571907.0,,
1652044,2026-01-30,LIFE,"GV 2017 GP, L.L.C.",isTenPercentOwner,0001168404-26-000007,2026-01-30,C,1751791.0,,0.0,I,derivative,Series B Preferred Stock,Class A Common Stock,1755632.0,,
1652044,2026-01-30,LIFE,"GV 2017 GP, L.L.C.",isTenPercentOwner,0001168404-26-000007,2026-01-30,C,3287925.0,,0.0,I,derivative,Series C Preferred Stock,Class A Common Stock,3287925.0,,
1652044,2026-02-03,GOOGL,O'Toole Amie Thuener,isOfficer,0001193125-26-036148,2026-02-02,S,933.0,336.55,9916.0,D,non_derivative,Class C Capital Stock,,,,
1652044,2026-02-06,GOOGL,Pichai Sundar,"isDirector,isOfficer",0001193125-26-041594,2026-02-06,F,676955.0,333.34,2851024.0,D,non_derivative,Class C Capital Stock,,,,
1652044,2026-02-06,GOOGL,Pichai Sundar,"isDirector,isOfficer",0001193125-26-041594,2026-02-06,A,1348607.0,0.0,3527979.0,D,non_derivative,Class C Capital Stock,,,,
1652044,2026-02-06,GOOGL,Pichai Sundar,"isDirector,isOfficer",0001193125-26-041594,2026-02-04,S,600.0,330.13,2211272.0,D,non_derivative,Class C Capital Stock,,,,
1652044,2026-02-12,GOOGL,Hennessy John L.,isDirector,0001193125-26-049261,2026-02-10,G,1765.0,0.0,1.0,D,non_derivative,Class C Capital Stock,,,,
1652044,2026-02-17,GOOGL,Hennessy John L.,isDirector,0001193125-26-055574,2026-02-13,S,92.0,306.12,21132.0,I,non_derivative,Class A Common Stock,,,,
1652044,2026-02-19,GOOGL,WALKER JOHN KENT,isOfficer,0001193125-26-060024,2026-02-17,S,1900.0,297.7,58901.0,I,non_derivative,Class C Capital Stock,,,,
1652044,2026-02-20,GOOGL,Pichai Sundar,"isDirector,isOfficer",0001193125-26-061632,2026-02-18,S,5253.0,302.6,2845771.0,D,non_derivative,Class C Capital Stock,,,,
1652044,2026-02-20,GOOGL,WALKER JOHN KENT,isOfficer,0001193125-26-061707,2026-02-19,G,47574.0,0.0,60801.0,I,non_derivative,Class C Capital Stock,,,,
1652044,2026-02-25,GOOGL,Sergey Brin,"isDirector,isTenPercentOwner",0001193125-26-072513,2026-02-19,G,437500.0,0.0,359833112.0,D,non_derivative,Class C Capital Stock,,,,
1652044,2026-02-25,GOOGL,Sergey Brin,"isDirector,isTenPercentOwner",0001193125-26-072513,2026-02-19,G,437500.0,0.0,37469.0,D,non_derivative,Class A Common Stock,,,,
1652044,2026-02-27,GOOGL,O'Toole Amie Thuener,isOfficer,0001193125-26-083604,2026-02-25,F,683.0,310.92,8157.0,D,non_derivative,Class C Google Stock Units,,,,
1652044,2026-02-27,GOOGL,O'Toole Amie Thuener,isOfficer,0001193125-26-083604,2026-02-25,C,957.0,0.0,10873.0,D,non_derivative,Class C Capital Stock,,,,
1652044,2026-02-27,GOOGL,O'Toole Amie Thuener,isOfficer,0001193125-26-083604,2026-02-25,C,677.0,0.0,8840.0,D,non_derivative,Class C Google Stock Units,,,,
1652044,2026-03-02,GOOGL,Pichai Sundar,"isDirector,isOfficer",0001193125-26-086140,2026-02-26,G,1111464.0,0.0,1707060.0,D,non_derivative,Class C Capital Stock,,,,
1652044,2026-03-04,GOOGL,ARNOLD FRANCES,isDirector,0001193125-26-091916,2026-03-02,S,112.0,302.99,18418.0,D,non_derivative,Class C Capital Stock,,,,
1652044,2026-03-04,GOOGL,O'Toole Amie Thuener,isOfficer,0001193125-26-091912,2026-03-03,S,955.0,298.0,9918.0,D,non_derivative,Class C Capital Stock,,,,
1652044,2026-03-06,GOOGL,Pichai Sundar,"isDirector,isOfficer",0001193125-26-097008,2026-03-04,A,265001.0,0.0,265001.0,D,non_derivative,Class C Google Stock Units,,,,
1652044,2026-03-06,GOOGL,Pichai Sundar,"isDirector,isOfficer",0001193125-26-097008,2026-03-04,S,1300.0,301.57,1705760.0,D,non_derivative,Class C Capital Stock,,,,
1652044,2026-03-18,GOOGL,DOERR L JOHN,isDirector,0001193125-26-114842,2026-03-16,A,1.0,0.0,955.0,D,non_derivative,Class C Google Stock Units,,,,
1652044,2026-03-18,GOOGL,CHAVEZ R. MARTIN,isDirector,0001193125-26-114847,2026-03-16,A,1.0,0.0,927.0,D,non_derivative,Class C Google Stock Units,,,,
1652044,2026-03-18,GOOGL,WALKER JOHN KENT,isOfficer,0001193125-26-114855,2026-03-16,A,26.0,0.0,38103.0,D,non_derivative,Class C Google Stock Units,,,,
1652044,2026-03-18,GOOGL,Ashkenazi Anat,isOfficer,0001193125-26-114871,2026-03-16,A,23.0,0.0,33157.0,D,non_derivative,Class C Google Stock Units,,,,
1652044,2026-03-18,GOOGL,ARNOLD FRANCES,isDirector,0001193125-26-114804,2026-03-16,A,0.2,0.0,262.0,D,non_derivative,Class C Google Stock Units,,,,
1652044,2026-03-18,GOOGL,O'Toole Amie Thuener,isOfficer,0001193125-26-114853,2026-03-04,A,12620.0,0.0,12620.0,D,non_derivative,Class C Google Stock Units,,,,
1652044,2026-03-18,GOOGL,Hennessy John L.,isDirector,0001193125-26-114859,2026-03-16,A,0.3,0.0,383.0,D,non_derivative,Class C Google Stock Units,,,,
1652044,2026-03-18,GOOGL,Pichai Sundar,"isDirector,isOfficer",0001193125-26-114850,2026-03-18,S,6193.0,306.21,1668367.0,D,non_derivative,Class C Capital Stock,,,,
1652044,2026-03-18,GOOGL,Shriram Kavitark Ram,isDirector,0001193125-26-114840,2026-03-16,A,0.2,0.0,262.0,D,non_derivative,Class C Google Stock Units,,,,
1652044,2026-03-18,GOOGL,Pichai Sundar,"isDirector,isOfficer",0001193125-26-114850,2026-03-16,A,183.0,0.0,265184.0,D,non_derivative,Class C Google Stock Units,,,,
1652044,2026-03-18,GOOGL,Hennessy John L.,isDirector,0001193125-26-114859,2026-03-16,S,105.0,302.48,5576.0,I,non_derivative,Class C Capital Stock,,,,
1652044,2026-03-18,GOOGL,Ferguson Roger W. Jr.,isDirector,0001193125-26-114844,2026-03-16,A,0.2,0.0,262.0,D,non_derivative,Class C Google Stock Units,,,,
1652044,2026-03-18,GOOGL,Porat Ruth,isOfficer,0001193125-26-114872,2026-03-16,A,26.0,0.0,38103.0,D,non_derivative,Class C Google Stock Units,,,,
1652044,2026-03-18,GOOGL,Schindler Philipp,isOfficer,0001193125-26-114868,2026-03-16,A,34.0,0.0,48687.0,D,non_derivative,Class C Google Stock Units,,,,
1652044,2026-03-18,GOOGL,Washington Robin L,isDirector,0001193125-26-114831,2026-03-16,A,0.2,0.0,262.0,D,non_derivative,Class C Google Stock Units,,,,
1652044,2026-03-18,GOOGL,O'Toole Amie Thuener,isOfficer,0001193125-26-114853,2026-03-16,A,9.0,0.0,12629.0,D,non_derivative,Class C Google Stock Units,,,,
1652044,2026-03-27,GOOGL,WALKER JOHN KENT,isOfficer,0001193125-26-129959,2026-03-25,C,4740.0,0.0,33363.0,D,non_derivative,Class C Google Stock Units,,,,
1652044,2026-03-27,GOOGL,Ashkenazi Anat,isOfficer,0001193125-26-129980,2026-03-25,F,4163.0,289.2,24869.0,D,non_derivative,Class C Google Stock Units,,,,
1652044,2026-03-27,GOOGL,Porat Ruth,isOfficer,0001193125-26-129999,2026-03-25,C,8994.0,0.0,777090.0,D,non_derivative,Class C Capital Stock,,,,
1652044,2026-03-27,GOOGL,Ashkenazi Anat,isOfficer,0001193125-26-129980,2026-03-25,C,4125.0,0.0,29032.0,D,non_derivative,Class C Google Stock Units,,,,
1652044,2026-03-27,GOOGL,Ashkenazi Anat,isOfficer,0001193125-26-129980,2026-03-25,C,8870.0,0.0,118015.0,D,non_derivative,Class C Capital Stock,,,,
1652044,2026-03-27,GOOGL,Schindler Philipp,isOfficer,0001193125-26-129937,2026-03-25,C,11430.0,0.0,898369.0,D,non_derivative,Class C Capital Stock,,,,
1652044,2026-03-27,GOOGL,Pichai Sundar,"isDirector,isOfficer",0001193125-26-129915,2026-03-25,C,10998.0,0.0,1653058.0,D,non_derivative,Class C Capital Stock,,,,
1652044,2026-03-27,GOOGL,Schindler Philipp,isOfficer,0001193125-26-129937,2026-03-25,C,6057.0,0.0,42630.0,D,non_derivative,Class C Google Stock Units,,,,
1652044,2026-03-27,GOOGL,O'Toole Amie Thuener,isOfficer,0001193125-26-129971,2026-03-25,F,341.0,289.2,7483.0,D,non_derivative,Class C Google Stock Units,,,,
1652044,2026-03-27,GOOGL,Porat Ruth,isOfficer,0001193125-26-129999,2026-03-25,C,4741.0,0.0,33330.0,D,non_derivative,Class C Google Stock Units,,,,
1652044,2026-03-27,GOOGL,Porat Ruth,isOfficer,0001193125-26-129999,2026-03-25,F,4785.0,289.2,28546.0,D,non_derivative,Class C Google Stock Units,,,,
1652044,2026-03-27,GOOGL,O'Toole Amie Thuener,isOfficer,0001193125-26-129971,2026-03-25,C,338.0,0.0,7824.0,D,non_derivative,Class C Google Stock Units,,,,
1652044,2026-03-27,GOOGL,Schindler Philipp,isOfficer,0001193125-26-129937,2026-03-25,F,6114.0,289.2,36516.0,D,non_derivative,Class C Google Stock Units,,,,
1652044,2026-03-27,GOOGL,Pichai Sundar,"isDirector,isOfficer",0001193125-26-129915,2026-03-25,F,11100.0,0.0,243086.0,D,non_derivative,Class C Google Stock Units,,,,
1652044,2026-03-27,GOOGL,WALKER JOHN KENT,isOfficer,0001193125-26-129959,2026-03-25,C,8994.0,0.0,32501.0,D,non_derivative,Class C Capital Stock,,,,
1652044,2026-03-27,GOOGL,Pichai Sundar,"isDirector,isOfficer",0001193125-26-129915,2026-03-25,C,10998.0,0.0,254186.0,D,non_derivative,Class C Google Stock Units,,,,
1652044,2026-03-27,GOOGL,WALKER JOHN KENT,isOfficer,0001193125-26-129959,2026-03-25,F,4785.0,289.2,28578.0,D,non_derivative,Class C Google Stock Units,,,,
1652044,2026-03-27,GOOGL,O'Toole Amie Thuener,isOfficer,0001193125-26-129971,2026-03-25,C,792.0,0.0,10710.0,D,non_derivative,Class C Capital Stock,,,,
1652044,2026-03-31,GOOGL,WALKER JOHN KENT,isOfficer,0001193125-26-135334,2026-03-31,G,8993.0,0.0,23508.0,D,non_derivative,Class C Capital Stock,,,,
1652044,2026-03-31,GOOGL,ARNOLD FRANCES,isDirector,0001193125-26-135258,2026-03-30,S,102.0,275.19,18316.0,D,non_derivative,Class C Capital Stock,,,,
1652044,2026-03-31,GOOGL,WALKER JOHN KENT,isOfficer,0001193125-26-135334,2026-03-27,S,2677.0,273.91,58124.0,I,non_derivative,Class C Capital Stock,,,,
1652044,2026-04-03,GOOGL,O'Toole Amie Thuener,isOfficer,0001193125-26-142372,2026-04-01,S,617.0,289.63,10093.0,D,non_derivative,Class C Capital Stock,,,,
1652044,2026-04-10,GOOGL,Schindler Philipp,isOfficer,0001193125-26-151366,2026-04-08,A,106272.0,0.0,106272.0,D,non_derivative,Class C Google Stock Units,,,,
1652044,2026-04-10,GOOGL,WALKER JOHN KENT,isOfficer,0001193125-26-151329,2026-04-08,A,83899.0,0.0,83899.0,D,non_derivative,Class C Google Stock Units,,,,
1652044,2026-04-10,GOOGL,Porat Ruth,isOfficer,0001193125-26-151397,2026-04-08,A,83899.0,0.0,83899.0,D,non_derivative,Class C Google Stock Units,,,,
1652044,2026-04-10,GOOGL,Ashkenazi Anat,isOfficer,0001193125-26-151343,2026-04-08,A,87255.0,0.0,87255.0,D,non_derivative,Class C Google Stock Units,,,,
1652044,2026-04-17,GOOGL,Hennessy John L.,isDirector,0001193125-26-162189,2026-04-15,S,105.0,330.54,4526.0,I,non_derivative,Class C Capital Stock,,,,
1652044,2026-04-28,GOOGL,Pichai Sundar,"isDirector,isOfficer",0001193125-26-188485,2026-04-25,C,3666.0,0.0,1656724.0,D,non_derivative,Class C Capital Stock,,,,
1652044,2026-04-28,GOOGL,WALKER JOHN KENT,isOfficer,0001193125-26-188492,2026-04-25,C,6495.0,0.0,6516.0,D,non_derivative,Class C Capital Stock,,,,
1652044,2026-04-28,GOOGL,Pichai Sundar,"isDirector,isOfficer",0001193125-26-188485,2026-04-25,F,3700.0,0.0,235719.0,D,non_derivative,Class C Google Stock Units,,,,
1652044,2026-04-28,GOOGL,Ashkenazi Anat,isOfficer,0001193125-26-188490,2026-04-25,C,7051.0,0.0,80203.0,D,non_derivative,Class C Google Stock Units,,,,
1652044,2026-04-28,GOOGL,Pichai Sundar,"isDirector,isOfficer",0001193125-26-188485,2026-04-25,C,3666.0,0.0,239419.0,D,non_derivative,Class C Google Stock Units,,,,
1652044,2026-04-28,GOOGL,Ashkenazi Anat,isOfficer,0001193125-26-188490,2026-04-25,C,7051.0,0.0,125067.0,D,non_derivative,Class C Capital Stock,,,,
1652044,2026-04-28,GOOGL,WALKER JOHN KENT,isOfficer,0001193125-26-188492,2026-04-25,C,6495.0,0.0,77404.0,D,non_derivative,Class C Google Stock Units,,,,
1652044,2026-04-28,GOOGL,WALKER JOHN KENT,isOfficer,0001193125-26-188492,2026-04-25,F,6555.0,0.0,70849.0,D,non_derivative,Class C Google Stock Units,,,,
1652044,2026-04-28,GOOGL,Ashkenazi Anat,isOfficer,0001193125-26-188490,2026-04-25,F,7117.0,0.0,73086.0,D,non_derivative,Class C Google Stock Units,,,,
1652044,2026-04-29,GOOGL,Porat Ruth,isOfficer,0001193125-26-193335,2025-12-15,A,32.0,0.0,28578.0,D,non_derivative,Class C Google Stock Units,,,,
1652044,2026-04-29,GOOGL,Schindler Philipp,isOfficer,0001193125-26-192974,2026-04-25,C,7980.0,0.0,906349.0,D,non_derivative,Class C Capital Stock,,,,
1652044,2026-04-29,GOOGL,Porat Ruth,isOfficer,0001193125-26-193335,2026-04-25,C,6495.0,0.0,77404.0,D,non_derivative,Class C Google Stock Units,,,,
1652044,2026-04-29,GOOGL,Schindler Philipp,isOfficer,0001193125-26-192974,2026-04-25,F,8054.0,342.32,90238.0,D,non_derivative,Class C Google Stock Units,,,,
1652044,2026-04-29,GOOGL,Porat Ruth,isOfficer,0001193125-26-193335,2025-11-11,G,64050.0,0.0,135950.0,I,non_derivative,Class C Capital Stock,,,,
1652044,2026-04-29,GOOGL,Porat Ruth,isOfficer,0001193125-26-193335,2026-04-25,F,6555.0,342.32,70849.0,D,non_derivative,Class C Google Stock Units,,,,
1652044,2026-04-29,GOOGL,Schindler Philipp,isOfficer,0001193125-26-192974,2026-04-25,C,7980.0,0.0,98292.0,D,non_derivative,Class C Google Stock Units,,,,
1652044,2026-04-29,GOOGL,Porat Ruth,isOfficer,0001193125-26-193335,2026-03-16,G,53305.0,0.0,921695.0,I,non_derivative,Class C Capital Stock,,,,
1652044,2026-04-29,GOOGL,Porat Ruth,isOfficer,0001193125-26-193335,2026-04-25,C,6495.0,0.0,900940.0,D,non_derivative,Class C Capital Stock,,,,
1652044,2026-05-01,GOOGL,ARNOLD FRANCES,isDirector,0001193125-26-201851,2026-04-30,S,102.0,371.0,18621.0,D,non_derivative,Class C Capital Stock,,,,
1652044,2026-05-18,LIFE,"GV 2019 GP, L.L.C.",isTenPercentOwner,0001168404-26-000025,2026-05-14,S,60077.0,23.0093,0.0,I,non_derivative,Class A Common Stock,,,,
1652044,2026-05-18,LIFE,"GV 2019 GP, L.L.C.",isTenPercentOwner,0001168404-26-000025,2026-05-15,J,87475.0,0.0,3050697.0,I,non_derivative,Class A Common Stock,,,,
1652044,2026-05-18,LIFE,"GV 2019 GP, L.L.C.",isTenPercentOwner,0001168404-26-000025,2026-05-15,S,45410.0,23.2691,42065.0,I,non_derivative,Class A Common Stock,,,,
1652044,2026-05-18,LIFE,"GV 2019 GP, L.L.C.",isTenPercentOwner,0001168404-26-000025,2026-05-14,J,60077.0,0.0,3138172.0,I,non_derivative,Class A Common Stock,,,,
1652044,2026-05-19,GOOGL,Hennessy John L.,isDirector,0001193125-26-231383,2026-05-15,S,37.0,391.89,3544.0,I,non_derivative,Class C Capital Stock,,,,
1652044,2026-05-20,GOOGL,Schindler Philipp,isOfficer,0001193125-26-233121,2026-05-19,G,179.0,0.0,23.0,I,non_derivative,Class C Capital Stock,,,,
1652044,2026-05-20,GOOGL,Schindler Philipp,isOfficer,0001193125-26-233121,2026-05-18,G,452.0,0.0,905898.0,D,non_derivative,Class C Capital Stock,,,,
1652044,2026-05-27,GOOGL,Pichai Sundar,"isDirector,isOfficer",0001193125-26-242636,2026-05-25,C,3666.0,0.0,1660390.0,D,non_derivative,Class C Capital Stock,,,,
1652044,2026-05-27,GOOGL,Ashkenazi Anat,isOfficer,0001193125-26-242628,2026-05-25,F,1780.0,379.38,69543.0,D,non_derivative,Class C Google Stock Units,,,,
1652044,2026-05-27,GOOGL,Porat Ruth,isOfficer,0001193125-26-242630,2026-05-25,F,1639.0,379.38,67586.0,D,non_derivative,Class C Google Stock Units,,,,
1652044,2026-05-27,GOOGL,Schindler Philipp,isOfficer,0001193125-26-242640,2026-05-25,F,2013.0,379.38,86230.0,D,non_derivative,Class C Google Stock Units,,,,
1652044,2026-05-27,GOOGL,Porat Ruth,isOfficer,0001193125-26-242630,2026-05-25,C,1624.0,0.0,69225.0,D,non_derivative,Class C Google Stock Units,,,,
1652044,2026-05-27,GOOGL,WALKER JOHN KENT,isOfficer,0001193125-26-242634,2026-05-25,C,1624.0,0.0,69225.0,D,non_derivative,Class C Google Stock Units,,,,
1652044,2026-05-27,GOOGL,WALKER JOHN KENT,isOfficer,0001193125-26-242634,2026-05-25,C,1624.0,0.0,8140.0,D,non_derivative,Class C Capital Stock,,,,
1652044,2026-05-27,GOOGL,Schindler Philipp,isOfficer,0001193125-26-242640,2026-05-25,C,1995.0,0.0,907893.0,D,non_derivative,Class C Capital Stock,,,,
1652044,2026-05-27,GOOGL,Schindler Philipp,isOfficer,0001193125-26-242640,2026-05-25,C,1995.0,0.0,88243.0,D,non_derivative,Class C Google Stock Units,,,,
1652044,2026-05-27,GOOGL,Ashkenazi Anat,isOfficer,0001193125-26-242628,2026-05-25,C,1763.0,0.0,71323.0,D,non_derivative,Class C Google Stock Units,,,,
1652044,2026-05-27,GOOGL,Porat Ruth,isOfficer,0001193125-26-242630,2026-05-25,C,1624.0,0.0,902564.0,D,non_derivative,Class C Capital Stock,,,,
1652044,2026-05-27,GOOGL,Pichai Sundar,"isDirector,isOfficer",0001193125-26-242636,2026-05-25,F,3700.0,379.38,228353.0,D,non_derivative,Class C Google Stock Units,,,,
1652044,2026-05-27,GOOGL,WALKER JOHN KENT,isOfficer,0001193125-26-242634,2026-05-25,F,1639.0,379.38,67586.0,D,non_derivative,Class C Google Stock Units,,,,
1652044,2026-05-27,GOOGL,Ashkenazi Anat,isOfficer,0001193125-26-242628,2026-05-25,C,1763.0,0.0,126830.0,D,non_derivative,Class C Capital Stock,,,,
1652044,2026-05-27,GOOGL,Pichai Sundar,"isDirector,isOfficer",0001193125-26-242636,2026-05-25,C,3666.0,0.0,232053.0,D,non_derivative,Class C Google Stock Units,,,,
1652044,2026-06-01,GOOGL,Shriram Kavitark Ram,isDirector,0001193125-26-252164,2026-05-29,G,87652.0,0.0,412348.0,I,non_derivative,Class C Capital Stock,,,,
1652044,2026-06-01,GOOGL,ARNOLD FRANCES,isDirector,0001193125-26-252002,2026-05-29,S,102.0,381.0,18721.0,D,non_derivative,Class C Capital Stock,,,,
1652044,2026-06-17,GOOGL,Pichai Sundar,"isDirector,isOfficer",0001193125-26-274733,2026-06-15,A,137.0,0.0,228490.0,D,non_derivative,Class C Google Stock Units,,,,
1652044,2026-06-17,GOOGL,CHAVEZ R. MARTIN,isDirector,0001193125-26-274732,2026-06-15,A,0.2,0.0,371.0,D,non_derivative,Class C Google Stock Units,,,,
1652044,2026-06-17,GOOGL,Shriram Kavitark Ram,isDirector,0001193125-26-274727,2026-06-15,A,0.05,0.0,81.0,D,non_derivative,Class C Google Stock Units,,,,
1652044,2026-06-17,GOOGL,Ferguson Roger W. Jr.,isDirector,0001193125-26-274731,2026-06-15,A,0.05,0.0,81.0,D,non_derivative,Class C Google Stock Units,,,,
1652044,2026-06-17,GOOGL,Washington Robin L,isDirector,0001193125-26-274729,2026-06-15,A,0.05,0.0,81.0,D,non_derivative,Class C Google Stock Units,,,,
1652044,2026-06-17,GOOGL,DOERR L JOHN,isDirector,0001193125-26-274730,2026-06-15,A,0.5,0.0,777.0,D,non_derivative,Class C Google Stock Units,,,,
1652044,2026-06-18,GOOGL,Ashkenazi Anat,isOfficer,0001193125-26-276099,2026-06-15,A,15.0,0.0,24884.0,D,non_derivative,Class C Google Stock Units,,,,
1652044,2026-06-18,GOOGL,Schindler Philipp,isOfficer,0001193125-26-274740,2026-06-15,A,22.0,0.0,36538.0,D,non_derivative,Class C Google Stock Units,,,,
1652044,2026-06-18,GOOGL,Porat Ruth,isOfficer,0001193125-26-276118,2026-06-15,A,17.0,0.0,28595.0,D,non_derivative,Class C Google Stock Units,,,,
1652044,2026-06-18,GOOGL,WALKER JOHN KENT,isOfficer,0001193125-26-276126,2026-06-15,A,17.0,0.0,28595.0,D,non_derivative,Class C Google Stock Units,,,,
1652044,2026-06-18,GOOGL,Hennessy John L.,isDirector,0001193125-26-276111,2026-06-15,S,45.0,366.22,2486.0,I,non_derivative,Class C Capital Stock,,,,
1652044,2026-06-18,GOOGL,Saraci Marsida,isOfficer,0001193125-26-276114,2026-06-15,A,1.0,0.0,2189.0,D,non_derivative,Class C Google Stock Units,,,,
1652044,2026-06-18,GOOGL,Hennessy John L.,isDirector,0001193125-26-276111,2026-06-15,A,0.1,0.0,101.0,D,non_derivative,Class C Google Stock Units,,,,
1652044,2026-06-18,GOOGL,ARNOLD FRANCES,isDirector,0001193125-26-276104,2026-06-15,A,0.05,0.0,81.0,D,non_derivative,Class C Google Stock Units,,,,
1652044,2026-06-29,GOOGL,Saraci Marsida,isOfficer,0001193125-26-289028,2026-06-25,C,121.0,0.0,2068.0,D,non_derivative,Class C Google Stock Units,,,,
1652044,2026-06-29,GOOGL,Pichai Sundar,"isDirector,isOfficer",0001193125-26-289007,2026-06-25,F,3702.0,345.04,221120.0,D,non_derivative,Class C Google Stock Units,,,,
1652044,2026-06-29,GOOGL,Porat Ruth,isOfficer,0001193125-26-289012,2026-06-25,C,10625.0,0.0,913189.0,D,non_derivative,Class C Capital Stock,,,,
1652044,2026-06-29,GOOGL,WALKER JOHN KENT,isOfficer,0001193125-26-289015,2026-06-25,C,4744.0,0.0,23851.0,D,non_derivative,Class C Google Stock Units,,,,
1652044,2026-06-29,GOOGL,Saraci Marsida,isOfficer,0001193125-26-289028,2026-06-25,C,449.0,0.0,27797.0,D,non_derivative,Class C Capital Stock,,,,
1652044,2026-06-29,GOOGL,Schindler Philipp,isOfficer,0001193125-26-289009,2026-06-25,F,6117.0,345.04,24359.0,D,non_derivative,Class C Google Stock Units,,,,
1652044,2026-06-29,GOOGL,Pichai Sundar,"isDirector,isOfficer",0001193125-26-289007,2026-06-25,C,3668.0,0.0,1664058.0,D,non_derivative,Class C Capital Stock,,,,
1652044,2026-06-29,GOOGL,WALKER JOHN KENT,isOfficer,0001193125-26-289015,2026-06-25,F,4788.0,345.04,19064.0,D,non_derivative,Class C Google Stock Units,,,,
1652044,2026-06-29,GOOGL,Saraci Marsida,isOfficer,0001193125-26-289028,2026-06-26,S,449.0,341.72,27348.0,D,non_derivative,Class C Capital Stock,,,,
1652044,2026-06-29,GOOGL,Ashkenazi Anat,isOfficer,0001193125-26-289019,2026-06-25,C,10148.0,0.0,136978.0,D,non_derivative,Class C Capital Stock,,,,
1652044,2026-06-29,GOOGL,WALKER JOHN KENT,isOfficer,0001193125-26-289015,2026-06-25,C,10625.0,0.0,18765.0,D,non_derivative,Class C Capital Stock,,,,
1652044,2026-06-29,GOOGL,Porat Ruth,isOfficer,0001193125-26-289012,2026-06-25,C,4744.0,0.0,23851.0,D,non_derivative,Class C Google Stock Units,,,,
1652044,2026-06-29,GOOGL,Porat Ruth,isOfficer,0001193125-26-289012,2026-06-25,F,4788.0,345.04,19064.0,D,non_derivative,Class C Google Stock Units,,,,
1652044,2026-06-29,GOOGL,Schindler Philipp,isOfficer,0001193125-26-289009,2026-06-25,C,6061.0,0.0,30476.0,D,non_derivative,Class C Google Stock Units,,,,
1652044,2026-06-29,GOOGL,Ashkenazi Anat,isOfficer,0001193125-26-289019,2026-06-25,C,4128.0,0.0,20755.0,D,non_derivative,Class C Google Stock Units,,,,
1652044,2026-06-29,GOOGL,Ashkenazi Anat,isOfficer,0001193125-26-289019,2026-06-25,F,4166.0,345.04,16589.0,D,non_derivative,Class C Google Stock Units,,,,
1652044,2026-06-29,GOOGL,Pichai Sundar,"isDirector,isOfficer",0001193125-26-289007,2026-06-25,C,3668.0,0.0,224822.0,D,non_derivative,Class C Google Stock Units,,,,
1652044,2026-06-29,GOOGL,Schindler Philipp,isOfficer,0001193125-26-289009,2026-06-25,C,13433.0,0.0,921326.0,D,non_derivative,Class C Capital Stock,,,,
1652044,2026-06-29,GOOGL,Saraci Marsida,isOfficer,0001193125-26-289028,2026-06-25,F,122.0,345.04,1946.0,D,non_derivative,Class C Google Stock Units,,,,
1652044,2026-06-30,GOOGL,ARNOLD FRANCES,isDirector,0001193125-26-290710,2026-06-30,S,112.0,351.28,18833.0,D,non_derivative,Class C Capital Stock,,,,
1652044,2026-07-01,GOOGL,WALKER JOHN KENT,isOfficer,0001193125-26-292904,2026-06-29,S,760.0,345.18,83528.0,I,non_derivative,Class C Capital Stock,,,,
1652044,2026-07-01,GOOGL,WALKER JOHN KENT,isOfficer,0001193125-26-292904,2026-06-30,G,8998.0,0.0,84288.0,I,non_derivative,Class C Capital Stock,,,,
1652044,2026-07-01,GOOGL,WALKER JOHN KENT,isOfficer,0001193125-26-292904,2026-07-01,G,1624.0,0.0,85912.0,I,non_derivative,Class C Capital Stock,,,,
1652044,2026-07-06,GOOGL,DOERR L JOHN,isDirector,0001193125-26-296327,2026-07-01,A,980.0,0.0,980.0,D,non_derivative,Class C Google Stock Units,,,,
1652044,2026-07-06,GOOGL,Hennessy John L.,isDirector,0001193125-26-296243,2026-07-01,A,1400.0,0.0,1400.0,D,non_derivative,Class C Google Stock Units,,,,
1652044,2026-07-06,GOOGL,Washington Robin L,isDirector,0001193125-26-296382,2026-07-01,A,980.0,0.0,980.0,D,non_derivative,Class C Google Stock Units,,,,
1652044,2026-07-06,GOOGL,Ferguson Roger W. Jr.,isDirector,0001193125-26-296351,2026-07-01,A,980.0,0.0,980.0,D,non_derivative,Class C Google Stock Units,,,,
1652044,2026-07-06,GOOGL,ARNOLD FRANCES,isDirector,0001193125-26-296291,2026-07-01,A,980.0,0.0,980.0,D,non_derivative,Class C Google Stock Units,,,,
1652044,2026-07-06,GOOGL,CHAVEZ R. MARTIN,isDirector,0001193125-26-296465,2026-07-01,A,980.0,0.0,980.0,D,non_derivative,Class C Google Stock Units,,,,
1652044,2026-07-06,GOOGL,Shriram Kavitark Ram,isDirector,0001193125-26-296453,2026-07-01,A,980.0,0.0,980.0,D,non_derivative,Class C Google Stock Units,,,,
1652044,2026-07-17,LIFE,"GV 2019 GP, L.L.C.",isTenPercentOwner,0001168404-26-000029,2026-07-16,J,19595.0,0.0,2956610.0,I,non_derivative,Class A Common Stock,,,,
1652044,2026-07-17,LIFE,"GV 2019 GP, L.L.C.",isTenPercentOwner,0001168404-26-000029,2026-07-15,J,74492.0,0.0,2976205.0,I,non_derivative,Class A Common Stock,,,,
1652044,2026-07-17,LIFE,"GV 2019 GP, L.L.C.",isTenPercentOwner,0001168404-26-000029,2026-07-15,S,12500.0,18.793,61992.0,I,non_derivative,Class A Common Stock,,,,
1652044,2026-07-17,LIFE,"GV 2019 GP, L.L.C.",isTenPercentOwner,0001168404-26-000029,2026-07-16,S,19595.0,18.7297,0.0,I,non_derivative,Class A Common Stock,,,,
1652044,2026-07-21,LIFE,"GV 2019 GP, L.L.C.",isTenPercentOwner,0001168404-26-000031,2026-07-20,J,18386.0,0.0,2917690.0,I,non_derivative,Class A Common Stock,,,,
1652044,2026-07-21,LIFE,"GV 2019 GP, L.L.C.",isTenPercentOwner,0001168404-26-000031,2026-07-20,S,18386.0,18.8654,0.0,I,non_derivative,Class A Common Stock,,,,
1652044,2026-07-21,LIFE,"GV 2019 GP, L.L.C.",isTenPercentOwner,0001168404-26-000031,2026-07-17,J,20534.0,0.0,2936076.0,I,non_derivative,Class A Common Stock,,,,
1652044,2026-07-21,LIFE,"GV 2019 GP, L.L.C.",isTenPercentOwner,0001168404-26-000031,2026-07-17,S,20534.0,18.6819,0.0,I,non_derivative,Class A Common Stock,,,,
1652044,2026-07-23,LIFE,"GV 2019 GP, L.L.C.",isTenPercentOwner,0001168404-26-000036,2026-07-21,S,22700.0,19.0495,200.0,I,non_derivative,Class A Common Stock,,,,
1652044,2026-07-23,LIFE,"GV 2019 GP, L.L.C.",isTenPercentOwner,0001168404-26-000036,2026-07-21,J,22900.0,0.0,2894790.0,I,non_derivative,Class A Common Stock,,,,
1652044,2026-07-23,LIFE,"GV 2019 GP, L.L.C.",isTenPercentOwner,0001168404-26-000036,2026-07-22,S,49582.0,19.2301,0.0,I,non_derivative,Class A Common Stock,,,,
1652044,2026-07-23,LIFE,"GV 2019 GP, L.L.C.",isTenPercentOwner,0001168404-26-000036,2026-07-22,J,49582.0,0.0,2845208.0,I,non_derivative,Class A Common Stock,,,,
1652044,2026-07-27,LIFE,"GV 2019 GP, L.L.C.",isTenPercentOwner,0001168404-26-000039,2026-07-23,S,63297.0,19.0573,0.0,I,non_derivative,Class A Common Stock,,,,
1652044,2026-07-27,LIFE,"GV 2019 GP, L.L.C.",isTenPercentOwner,0001168404-26-000039,2026-07-24,J,23417.0,0.0,2758494.0,I,non_derivative,Class A Common Stock,,,,
1652044,2026-07-27,LIFE,"GV 2019 GP, L.L.C.",isTenPercentOwner,0001168404-26-000039,2026-07-23,J,63297.0,0.0,2781911.0,I,non_derivative,Class A Common Stock,,,,
1652044,2026-07-27,LIFE,"GV 2019 GP, L.L.C.",isTenPercentOwner,0001168404-26-000039,2026-07-24,S,23417.0,18.8752,0.0,I,non_derivative,Class A Common Stock,,,,
1652044,2026-07-28,GOOGL,Porat Ruth,isOfficer,0001193125-26-321678,2026-07-25,C,1625.0,0.0,62737.0,D,non_derivative,Class C Google Stock Units,,,,
1652044,2026-07-28,GOOGL,Ashkenazi Anat,isOfficer,0001193125-26-321672,2026-07-25,C,1764.0,0.0,64277.0,D,non_derivative,Class C Google Stock Units,,,,
1652044,2026-07-28,GOOGL,WALKER JOHN KENT,isOfficer,0001193125-26-321683,2026-07-25,F,1640.0,319.09,61097.0,D,non_derivative,Class C Google Stock Units,,,,
1652044,2026-07-28,GOOGL,Saraci Marsida,isOfficer,0001193125-26-321684,2026-07-25,C,487.0,0.0,27835.0,D,non_derivative,Class C Capital Stock,,,,
1652044,2026-07-28,GOOGL,Schindler Philipp,isOfficer,0001193125-26-321676,2026-07-25,F,2014.0,319.09,78260.0,D,non_derivative,Class C Google Stock Units,,,,
1652044,2026-07-28,GOOGL,Ashkenazi Anat,isOfficer,0001193125-26-321672,2026-07-25,C,1764.0,0.0,138742.0,D,non_derivative,Class C Capital Stock,,,,
1652044,2026-07-28,GOOGL,Schindler Philipp,isOfficer,0001193125-26-321676,2026-07-25,C,1996.0,0.0,923322.0,D,non_derivative,Class C Capital Stock,,,,
1652044,2026-07-28,GOOGL,Porat Ruth,isOfficer,0001193125-26-321678,2026-07-25,C,1625.0,0.0,914814.0,D,non_derivative,Class C Capital Stock,,,,
1652044,2026-07-28,GOOGL,Ashkenazi Anat,isOfficer,0001193125-26-321672,2026-07-25,F,1781.0,319.09,62496.0,D,non_derivative,Class C Google Stock Units,,,,
1652044,2026-07-28,GOOGL,Saraci Marsida,isOfficer,0001193125-26-321684,2026-07-01,A,1232.0,0.0,1232.0,D,non_derivative,Class C Google Stock Units,,,,
1652044,2026-07-28,GOOGL,Schindler Philipp,isOfficer,0001193125-26-321676,2026-07-25,C,1996.0,0.0,80274.0,D,non_derivative,Class C Google Stock Units,,,,
1652044,2026-07-28,GOOGL,Porat Ruth,isOfficer,0001193125-26-321678,2026-07-25,F,1640.0,0.0,61097.0,D,non_derivative,Class C Google Stock Units,,,,
1652044,2026-07-28,GOOGL,WALKER JOHN KENT,isOfficer,0001193125-26-321683,2026-07-25,C,1625.0,0.0,9768.0,D,non_derivative,Class C Capital Stock,,,,
1652044,2026-07-28,GOOGL,Pichai Sundar,"isDirector,isOfficer",0001193125-26-321674,2026-07-25,C,3668.0,0.0,217451.0,D,non_derivative,Class C Google Stock Units,,,,
1652044,2026-07-28,GOOGL,Pichai Sundar,"isDirector,isOfficer",0001193125-26-321674,2026-07-25,F,3702.0,319.09,213749.0,D,non_derivative,Class C Google Stock Units,,,,
1652044,2026-07-28,GOOGL,Pichai Sundar,"isDirector,isOfficer",0001193125-26-321674,2026-07-25,C,3668.0,0.0,1667726.0,D,non_derivative,Class C Capital Stock,,,,
1652044,2026-07-28,GOOGL,WALKER JOHN KENT,isOfficer,0001193125-26-321683,2026-07-25,C,1625.0,0.0,62737.0,D,non_derivative,Class C Google Stock Units,,,,
1652044,2026-07-28,GOOGL,Saraci Marsida,isOfficer,0001193125-26-321684,2026-07-25,F,122.0,319.09,1703.0,D,non_derivative,Class C Google Stock Units,,,,
1652044,2026-07-28,GOOGL,Saraci Marsida,isOfficer,0001193125-26-321684,2026-07-25,C,121.0,0.0,1825.0,D,non_derivative,Class C Google Stock Units,,,,
1652044,2026-07-29,GOOGL,Saraci Marsida,isOfficer,0001193125-26-324312,2026-07-29,S,449.0,333.2,27386.0,D,non_derivative,Class C Capital Stock,,,,
1652044,2026-07-29,LIFE,"GV 2019 GP, L.L.C.",isTenPercentOwner,0001168404-26-000041,2026-07-28,J,118138.0,0.0,2443425.0,I,non_derivative,Class A Common Stock,,,,
1652044,2026-07-29,LIFE,"GV 2019 GP, L.L.C.",isTenPercentOwner,0001168404-26-000041,2026-07-28,S,118138.0,18.8996,0.0,I,non_derivative,Class A Common Stock,,,,
1652044,2026-07-29,LIFE,"GV 2019 GP, L.L.C.",isTenPercentOwner,0001168404-26-000041,2026-07-27,J,196931.0,0.0,2561563.0,I,non_derivative,Class A Common Stock,,,,
1652044,2026-07-29,LIFE,"GV 2019 GP, L.L.C.",isTenPercentOwner,0001168404-26-000041,2026-07-27,S,196931.0,19.4629,0.0,I,non_derivative,Class A Common Stock,,,,
1652044,2026-07-30,GOOGL,ARNOLD FRANCES,isDirector,0001193125-26-326284,2026-07-30,S,82.0,333.39,18914.0,D,non_derivative,Class C Capital Stock,,,,
1652044,2026-08-06,GOOGL,Hennessy John L.,isDirector,0001193125-26-338824,2026-08-05,G,1738.0,0.0,0.071,D,non_derivative,Class C Capital Stock,,,,
1652044,2026-08-11,GOOGL,Sergey Brin,"isDirector,isTenPercentOwner",0001193125-26-345383,2026-08-07,C,673200.0,0.0,710669.0,D,non_derivative,Class A Common Stock,,,,
1652044,2026-08-11,GOOGL,Sergey Brin,"isDirector,isTenPercentOwner",0001193125-26-345383,2026-08-07,G,673200.0,0.0,37469.0,D,non_derivative,Class A Common Stock,,,,
1652044,2026-08-11,GOOGL,Sergey Brin,"isDirector,isTenPercentOwner",0001193125-26-345383,2026-08-07,G,673200.0,0.0,359159912.0,D,non_derivative,Class C Capital Stock,,,,
1652044,2026-08-11,GOOGL,Sergey Brin,"isDirector,isTenPercentOwner",0001193125-26-345383,2026-08-07,C,673200.0,0.0,357921378.0,D,derivative,Class B Common Stock,Class A Common Stock,357921378.0,0.0,
