cik,filingDate,issuerTradingSymbol,reportingOwnerName,reportingOwnerRelationship,accessionNumber,transactionDate,transactionCode,transactionShares,transactionPricePerShare,sharesOwnedFollowingTransaction,directOrIndirectOwnership,transactionType,securityTitle,underlyingSecurityTitle,underlyingSecurityShares,exercisePrice,expirationDate
860730,2017-05-15,HCA,Morgan Sandra L.,,0001209191-17-032479,2017-05-11,M,10200.0,37.18,12619.8654,D,,,,,,
860730,2017-05-15,HCA,Morgan Sandra L.,,0001209191-17-032479,2017-05-11,F,14435.0,85.29,8334.8654,D,,,,,,
860730,2017-05-15,HCA,Davis Jana Joustra,,0001209191-17-032475,2017-05-11,S,8302.0,85.02,36589.0,D,,,,,,
860730,2017-05-17,HCA,Cuffe Michael S.,,0001209191-17-033410,2017-05-15,M,2150.0,17.33,12253.5974,D,,,,,,
860730,2017-05-17,HCA,Cuffe Michael S.,,0001209191-17-033410,2017-05-15,S,2150.0,84.52,10103.5974,D,,,,,,
860730,2017-05-19,HCA,Torres Kathryn A.,,0001209191-17-033942,2017-05-17,S,1729.0,82.214,556.0,D,,,,,,
860730,2017-05-19,HCA,Morgan Sandra L.,,0001209191-17-033940,2017-05-17,S,5915.0,82.7378,2419.8654,D,,,,,,
860730,2017-05-25,HCA,Davis Jana Joustra,,0001209191-17-035514,2017-05-23,M,48750.0,37.18,107892.0,D,,,,,,
860730,2017-05-25,HCA,Davis Jana Joustra,,0001209191-17-035514,2017-05-23,F,59902.0,81.93,81427.0,D,,,,,,
860730,2017-05-25,HCA,Davis Jana Joustra,,0001209191-17-035514,2017-05-23,S,54689.0,82.3507,26378.0,D,,,,,,
860730,2017-06-19,HCA,Cuffe Michael S.,,0001209191-17-040886,2017-06-15,M,2150.0,17.33,12362.555,D,,,,,,
860730,2017-06-19,HCA,Cuffe Michael S.,,0001209191-17-040886,2017-06-15,S,2150.0,84.86,10212.555,D,,,,,,
860730,2017-06-26,HCA,Perlin Jonathan B,,0001209191-17-041861,2017-06-22,S,71063.0,86.0,14911.6115,D,,,,,,
860730,2017-06-26,HCA,Perlin Jonathan B,,0001209191-17-041861,2017-06-22,M,26854.0,5.7847,41765.6115,D,,,,,,
860730,2017-07-19,HCA,Cuffe Michael S.,,0001209191-17-045742,2017-07-17,M,2150.0,17.33,12362.555,D,,,,,,
860730,2017-07-19,HCA,Cuffe Michael S.,,0001209191-17-045742,2017-07-17,S,2150.0,86.44,10212.555,D,,,,,,
860730,2017-08-15,HCA,Perlin Jonathan B,,0001209191-17-049034,2017-08-11,M,71045.0,13.5339,85956.6115,D,,,,,,
860730,2017-08-15,HCA,Perlin Jonathan B,,0001209191-17-049034,2017-08-11,F,36838.0,79.37,49118.6115,D,,,,,,
860730,2017-08-17,HCA,Cuffe Michael S.,,0001209191-17-049475,2017-08-15,M,2150.0,17.33,12362.555,D,,,,,,
860730,2017-08-17,HCA,Cuffe Michael S.,,0001209191-17-049475,2017-08-15,S,2150.0,79.88,10212.555,D,,,,,,
860730,2017-09-19,HCA,Cuffe Michael S.,,0001209191-17-053357,2017-09-15,M,2150.0,17.33,12476.0062,D,,,,,,
860730,2017-09-19,HCA,Cuffe Michael S.,,0001209191-17-053357,2017-09-15,S,2150.0,79.87,10326.0062,D,,,,,,
860730,2017-10-19,HCA,Cuffe Michael S.,,0001209191-17-057526,2017-10-17,M,2150.0,17.33,12476.0062,D,,,,,,
860730,2017-10-19,HCA,Cuffe Michael S.,,0001209191-17-057526,2017-10-17,S,2150.0,78.0,10326.0062,D,,,,,,
860730,2017-11-13,HCA,CAMPBELL VICTOR L,,0001209191-17-060414,2017-11-08,S,8000.0,78.0019,34478.0,I,,,,,,
860730,2017-11-20,HCA,CAMPBELL VICTOR L,,0001209191-17-061862,2017-11-16,S,8000.0,75.8174,26478.0,I,,,,,,
860730,2017-11-27,HCA,Cuffe Michael S.,,0001209191-17-062630,2017-11-22,S,2150.0,78.0,10326.0062,D,,,,,,
860730,2017-11-27,HCA,Cuffe Michael S.,,0001209191-17-062630,2017-11-22,M,2150.0,17.33,12476.0062,D,,,,,,
860730,2017-12-19,HCA,Cuffe Michael S.,,0001209191-17-066518,2017-12-15,M,2400.0,17.33,12773.4951,D,,,,,,
860730,2017-12-19,HCA,Cuffe Michael S.,,0001209191-17-066518,2017-12-15,S,2400.0,86.63,10373.4951,D,,,,,,
860730,2017-12-20,HCA,CAMPBELL VICTOR L,,0001209191-17-066675,2017-12-18,M,5600.0,5.9821,132875.0,D,,,,,,
860730,2018-01-30,HCA,Sowell Joseph A III,,0001209191-18-006100,2018-01-26,M,35150.0,7.7,40536.0,D,,,,,,
860730,2018-01-30,HCA,Sowell Joseph A III,,0001209191-18-006100,2018-01-26,S,58175.0,95.0,5386.0,D,,,,,,
860730,2018-02-01,HCA,Sowell Joseph A III,,0001209191-18-006619,2018-01-30,S,22025.0,101.86,69732.0,D,,,,,,
860730,2018-02-01,HCA,Sowell Joseph A III,,0001209191-18-006619,2018-01-30,F,32751.0,101.45,36981.0,D,,,,,,
860730,2018-02-01,HCA,Sowell Joseph A III,,0001209191-18-006619,2018-01-30,M,22025.0,13.2542,27411.0,D,,,,,,
860730,2018-02-02,HCA,MOORE A BRUCE JR,,0001209191-18-007233,2018-01-31,M,27030.0,5.9821,115756.0,D,,,,,,
860730,2018-02-02,HCA,JOHNSON R MILTON,,0001209191-18-007231,2018-02-01,F,543348.0,102.24,950378.0,D,,,,,,
860730,2018-02-02,HCA,JOHNSON R MILTON,,0001209191-18-007231,2018-02-01,M,213365.0,13.2075,640300.0,D,,,,,,
860730,2018-02-02,HCA,JOHNSON R MILTON,,0001209191-18-007231,2017-08-09,G,21795.0,0.0,426935.0,D,,,,,,
860730,2018-02-02,HCA,MICHELSON MICHAEL W,,0001209191-18-007232,2018-01-31,A,473.0,0.0,473.0,D,,,,,,
860730,2018-02-02,HCA,MOORE A BRUCE JR,,0001209191-18-007233,2018-01-31,S,66845.0,101.0457,116486.0,D,,,,,,
860730,2018-02-02,HCA,Morgan Sandra L.,,0001209191-18-007234,2018-01-31,M,5500.0,68.96,7919.8654,D,,,,,,
860730,2018-02-02,HCA,HAZEN SAMUEL N,,0001209191-18-007226,2018-01-31,F,188219.0,101.16,285600.0,D,,,,,,
860730,2018-02-02,HCA,Foster Jon M,,0001209191-18-007224,2018-01-31,F,30407.0,101.16,32239.0,D,,,,,,
860730,2018-02-02,HCA,Chari Ravi S.,,0001209191-18-007219,2018-01-31,M,3825.0,37.18,5182.0531,D,,,,,,
860730,2018-02-02,HCA,Foster Jon M,,0001209191-18-007224,2018-01-31,M,60000.0,22.95,62646.0,D,,,,,,
860730,2018-02-02,HCA,Englebright Jane D.,,0001209191-18-007223,2017-11-17,G,1150.0,0.0,7482.0,D,,,,,,
860730,2018-02-02,HCA,Chari Ravi S.,,0001209191-18-007219,2018-01-31,F,9937.0,101.16,6270.0531,D,,,,,,
860730,2018-02-02,HCA,Chari Ravi S.,,0001209191-18-007219,2018-02-02,S,5702.0,102.009,0.0,D,,,,,,
860730,2018-02-02,HCA,Chari Ravi S.,,0001209191-18-007219,2018-02-01,S,568.0531,103.08,5702.0,D,,,,,,
860730,2018-02-02,HCA,Hall Charles J,,0001209191-18-007225,2018-02-01,F,33744.0,102.24,77493.0,D,,,,,,
860730,2018-02-02,HCA,Hall Charles J,,0001209191-18-007225,2018-02-01,M,102629.0,22.6415,111237.0,D,,,,,,
860730,2018-02-02,HCA,Hall Charles J,,0001209191-18-007225,2018-02-01,S,35949.0,103.0948,41544.0,D,,,,,,
860730,2018-02-02,HCA,HAZEN SAMUEL N,,0001209191-18-007226,2018-01-31,S,56000.0,100.4676,229600.0,D,,,,,,
860730,2018-02-02,HCA,Morgan Sandra L.,,0001209191-18-007234,2018-01-31,F,8135.0,101.16,4909.8654,D,,,,,,
860730,2018-02-02,HCA,HAZEN SAMUEL N,,0001209191-18-007226,2018-01-31,M,84464.0,13.2075,136017.0,D,,,,,,
860730,2018-02-02,HCA,Morrow J William,,0001209191-18-007235,2017-08-02,G,26.0,0.0,4355.5358,D,,,,,,
860730,2018-02-02,HCA,Torres Kathryn A.,,0001209191-18-007258,2018-01-31,F,5871.0,101.16,6735.0,D,,,,,,
860730,2018-02-02,HCA,Wyatt Christopher F.,,0001209191-18-007261,2018-02-01,G,350.0,0.0,6157.0,D,,,,,,
860730,2018-02-02,HCA,Torres Kathryn A.,,0001209191-18-007258,2018-01-31,M,4300.0,22.95,4856.0,D,,,,,,
860730,2018-02-02,HCA,Sowell Joseph A III,,0001209191-18-007254,2018-02-01,S,13365.0,100.7592,22216.0,D,,,,,,
860730,2018-02-02,HCA,Torres Kathryn A.,,0001209191-18-007258,2018-02-02,S,5000.0,100.9328,1735.0,D,,,,,,
860730,2018-02-02,HCA,STEELE JOHN M,,0001209191-18-007257,2018-01-31,M,4505.0,6.4772,4505.0,D,,,,,,
860730,2018-02-02,HCA,YUSPEH ALAN R,,0001209191-18-007263,2018-01-31,S,15000.0,100.6101,22656.0,D,,,,,,
860730,2018-02-02,HCA,STEELE JOHN M,,0001209191-18-007257,2018-01-31,F,57879.0,101.16,55636.0,D,,,,,,
860730,2018-02-02,HCA,Reiner Deborah M,,0001209191-18-007238,2018-02-02,S,6545.0,101.54,0.0,D,,,,,,
860730,2018-02-02,HCA,RUTHERFORD BILL B,,0001209191-18-007239,2018-02-01,F,14976.0,102.24,101135.0,D,,,,,,
860730,2018-02-02,HCA,Reiner Deborah M,,0001209191-18-007238,2018-01-31,F,9475.0,101.16,6545.0,D,,,,,,
860730,2018-02-02,HCA,Perlin Jonathan B,,0001209191-18-007237,2018-01-31,M,27594.0,5.9821,76712.6115,D,,,,,,
860730,2018-02-02,HCA,Paslick P. Martin,,0001209191-18-007236,2018-02-01,M,75000.0,22.87,75895.0,D,,,,,,
860730,2018-02-02,HCA,Perlin Jonathan B,,0001209191-18-007237,2018-01-31,S,23005.0,101.5532,81297.6115,D,,,,,,
860730,2018-02-02,HCA,RUTHERFORD BILL B,,0001209191-18-007239,2018-02-01,S,24700.0,101.9831,76435.0,D,,,,,,
860730,2018-02-02,HCA,Morrow J William,,0001209191-18-007235,2017-03-06,G,653.0,0.0,4381.5358,D,,,,,,
860730,2018-02-02,HCA,Reiner Deborah M,,0001209191-18-007238,2018-01-31,M,5000.0,22.95,7020.0,D,,,,,,
860730,2018-02-02,HCA,RUTHERFORD BILL B,,0001209191-18-007239,2018-02-01,M,9832.0,5.3385,41269.0,D,,,,,,
860730,2018-02-02,HCA,Reiner Deborah M,,0001209191-18-007238,2018-01-31,S,2020.0,102.0,16020.0,D,,,,,,
860730,2018-02-07,HCA,Chari Ravi S.,,0001209191-18-008287,2018-02-05,F,149.0,95.89,351.0,D,,,,,,
860730,2018-02-07,HCA,Morgan Sandra L.,,0001209191-18-008290,2018-02-05,M,500.0,,5409.8654,D,,,,,,
860730,2018-02-07,HCA,Cuffe Michael S.,,0001209191-18-008288,2018-02-05,F,284.0,95.89,11089.4951,D,,,,,,
860730,2018-02-07,HCA,Cuffe Michael S.,,0001209191-18-008288,2018-02-05,M,1000.0,,11373.4951,D,,,,,,
860730,2018-02-07,HCA,Englebright Jane D.,,0001209191-18-008289,2018-02-05,F,112.0,95.89,7745.0,D,,,,,,
860730,2018-02-07,HCA,Englebright Jane D.,,0001209191-18-008289,2018-02-05,M,375.0,,7857.0,D,,,,,,
860730,2018-02-07,HCA,Morgan Sandra L.,,0001209191-18-008290,2018-02-06,S,3698.0,96.9075,1562.8654,D,,,,,,
860730,2018-02-07,HCA,Morgan Sandra L.,,0001209191-18-008290,2018-02-05,F,149.0,95.89,5260.8654,D,,,,,,
860730,2018-02-07,HCA,Chari Ravi S.,,0001209191-18-008287,2018-02-05,M,500.0,,500.0,D,,,,,,
860730,2018-02-07,HCA,Morrow J William,,0001209191-18-008291,2018-02-05,F,112.0,95.89,4618.5358,D,,,,,,
860730,2018-02-07,HCA,Torres Kathryn A.,,0001209191-18-008293,2018-02-05,F,131.0,95.89,2043.0,D,,,,,,
860730,2018-02-07,HCA,Wyatt Christopher F.,,0001209191-18-008294,2018-02-05,F,112.0,95.89,6420.0,D,,,,,,
860730,2018-02-07,HCA,Wyatt Christopher F.,,0001209191-18-008294,2018-02-05,M,375.0,,6532.0,D,,,,,,
860730,2018-02-07,HCA,Torres Kathryn A.,,0001209191-18-008293,2018-02-05,M,439.0,,2174.0,D,,,,,,
860730,2018-02-07,HCA,Morrow J William,,0001209191-18-008291,2018-02-05,M,375.0,,4730.5358,D,,,,,,
860730,2018-02-07,HCA,Reiner Deborah M,,0001209191-18-008292,2018-02-05,M,375.0,,375.0,D,,,,,,
860730,2018-02-07,HCA,Reiner Deborah M,,0001209191-18-008292,2018-02-05,F,112.0,95.89,263.0,D,,,,,,
860730,2018-02-09,HCA,Cuffe Michael S.,,0001209191-18-008997,2018-02-07,M,15000.0,22.95,26089.4951,D,,,,,,
860730,2018-02-09,HCA,Cuffe Michael S.,,0001209191-18-008997,2018-02-07,F,6665.0,98.4,19424.4951,D,,,,,,
860730,2018-02-09,HCA,Cuffe Michael S.,,0001209191-18-008997,2018-02-09,S,8335.0,97.2621,11089.4951,D,,,,,,
860730,2018-02-15,HCA,CAMPBELL VICTOR L,,0001209191-18-010514,2018-02-13,F,44535.0,98.92,180264.0,D,,,,,,
860730,2018-02-15,HCA,CAMPBELL VICTOR L,,0001209191-18-010514,2018-02-13,M,5664.0,5.9821,138539.0,D,,,,,,
860730,2018-02-16,HCA,Hall Charles J,,0001209191-18-011084,2018-02-14,M,119637.0,22.6415,161181.0,D,,,,,,
860730,2018-02-16,HCA,Hall Charles J,,0001209191-18-011084,2018-02-14,S,24344.0,99.9608,136837.0,D,,,,,,
860730,2018-02-20,HCA,YUSPEH ALAN R,,0001209191-18-011629,2018-02-16,M,12375.0,37.18,35031.0,D,,,,,,
860730,2018-02-20,HCA,YUSPEH ALAN R,,0001209191-18-011629,2018-02-16,F,6497.0,101.0,28534.0,D,,,,,,
860730,2018-02-20,HCA,Perlin Jonathan B,,0001209191-18-011628,2018-02-16,M,38480.0,17.33,119777.6115,D,,,,,,
860730,2018-02-20,HCA,Perlin Jonathan B,,0001209191-18-011628,2018-02-16,S,38480.0,102.0509,81297.6115,D,,,,,,
860730,2018-02-22,HCA,FRIST THOMAS F JR,,0001209191-18-012568,2018-02-20,G,66504.0,0.0,0.0,I,,,,,,
860730,2018-02-22,HCA,FRIST THOMAS F JR,,0001209191-18-012568,2018-02-20,P,28650.0,101.0709,389855.0,D,,,,,,
860730,2018-02-22,HCA,FRIST PATRICIA C,,0001209191-18-012573,2018-02-20,G,66504.0,0.0,0.0,I,,,,,,
860730,2018-02-22,HCA,FRIST PATRICIA C,,0001209191-18-012573,2018-02-20,P,28650.0,101.0709,389855.0,I,,,,,,
860730,2018-02-22,HCA,Englebright Jane D.,,0001209191-18-012728,2018-02-20,F,4178.0,101.0,13567.0,D,,,,,,
860730,2018-02-22,HCA,Englebright Jane D.,,0001209191-18-012728,2018-02-20,M,10000.0,22.95,17745.0,D,,,,,,
860730,2018-02-22,HCA,Hall Charles J,,0001209191-18-012729,2018-02-21,G,4950.0,0.0,50087.0,D,,,,,,
860730,2018-02-22,HCA,Hall Charles J,,0001209191-18-012729,2018-02-21,S,13621.0,101.4,70794.0,D,,,,,,
860730,2018-02-22,HCA,Hall Charles J,,0001209191-18-012729,2018-02-21,M,20371.0,17.33,61915.0,D,,,,,,
860730,2018-02-22,HCA,Hall Charles J,,0001209191-18-012729,2018-02-20,S,20504.0,101.4,41544.0,D,,,,,,
860730,2018-02-22,HCA,Hall Charles J,,0001209191-18-012729,2018-02-20,M,20504.0,17.33,62048.0,D,,,,,,
860730,2018-02-26,HCA,Cuffe Michael S.,,0001209191-18-013638,2018-02-22,F,6140.0,100.54,20549.4951,D,,,,,,
860730,2018-02-26,HCA,Cuffe Michael S.,,0001209191-18-013638,2018-02-22,A,15000.0,0.0,26089.4951,D,,,,,,
860730,2018-02-26,HCA,MOORE A BRUCE JR,,0001209191-18-013639,2018-02-25,F,1023.0,100.84,127926.0,D,,,,,,
860730,2018-02-26,HCA,MOORE A BRUCE JR,,0001209191-18-013639,2018-02-25,M,2760.0,,128949.0,D,,,,,,
860730,2018-02-26,HCA,MOORE A BRUCE JR,,0001209191-18-013639,2018-02-22,F,6297.0,100.54,126189.0,D,,,,,,
860730,2018-02-26,HCA,MOORE A BRUCE JR,,0001209191-18-013639,2018-02-22,A,16000.0,0.0,132486.0,D,,,,,,
860730,2018-02-26,HCA,JOHNSON R MILTON,,0001209191-18-013633,2018-02-22,F,49109.0,100.54,1026069.0,D,,,,,,
860730,2018-02-26,HCA,JOHNSON R MILTON,,0001209191-18-013633,2018-02-25,M,12022.0,,1038091.0,D,,,,,,
860730,2018-02-26,HCA,RUTHERFORD BILL B,,0001209191-18-013635,2018-02-25,F,1440.0,100.84,72722.0,D,,,,,,
860730,2018-02-26,HCA,Perlin Jonathan B,,0001209191-18-013640,2018-02-25,M,3452.0,,96393.6115,D,,,,,,
860730,2018-02-26,HCA,CAMPBELL VICTOR L,,0001209191-18-013641,2018-02-25,F,586.0,100.84,189868.0,D,,,,,,
860730,2018-02-26,HCA,Foster Jon M,,0001209191-18-013637,2018-02-22,A,19200.0,0.0,70418.0,D,,,,,,
860730,2018-02-26,HCA,CAMPBELL VICTOR L,,0001209191-18-013641,2018-02-25,M,1580.0,,190454.0,D,,,,,,
860730,2018-02-26,HCA,CAMPBELL VICTOR L,,0001209191-18-013641,2018-02-22,F,3190.0,100.54,188874.0,D,,,,,,
860730,2018-02-26,HCA,CAMPBELL VICTOR L,,0001209191-18-013641,2018-02-22,A,11800.0,0.0,192064.0,D,,,,,,
860730,2018-02-26,HCA,Chari Ravi S.,,0001209191-18-013642,2018-02-25,F,227.0,100.84,7003.0,D,,,,,,
860730,2018-02-26,HCA,Chari Ravi S.,,0001209191-18-013642,2018-02-25,M,930.0,,7230.0,D,,,,,,
860730,2018-02-26,HCA,Perlin Jonathan B,,0001209191-18-013640,2018-02-25,F,1278.0,100.84,95115.6115,D,,,,,,
860730,2018-02-26,HCA,Chari Ravi S.,,0001209191-18-013642,2018-02-22,F,3151.0,100.54,6300.0,D,,,,,,
860730,2018-02-26,HCA,Perlin Jonathan B,,0001209191-18-013640,2018-02-22,F,7556.0,100.54,92941.6115,D,,,,,,
860730,2018-02-26,HCA,RUTHERFORD BILL B,,0001209191-18-013635,2018-02-25,M,3658.0,,74162.0,D,,,,,,
860730,2018-02-26,HCA,Englebright Jane D.,,0001209191-18-013643,2018-02-25,F,140.0,100.84,19808.0,D,,,,,,
860730,2018-02-26,HCA,JOHNSON R MILTON,,0001209191-18-013633,2018-02-25,F,4449.0,100.84,1033642.0,D,,,,,,
860730,2018-02-26,HCA,HAZEN SAMUEL N,,0001209191-18-013634,2018-02-25,M,5926.0,,34431.0,D,,,,,,
860730,2018-02-26,HCA,Cuffe Michael S.,,0001209191-18-013638,2018-02-25,F,479.0,100.84,21287.4951,D,,,,,,
860730,2018-02-26,HCA,Cuffe Michael S.,,0001209191-18-013638,2018-02-25,M,1217.0,,21766.4951,D,,,,,,
860730,2018-02-26,HCA,Perlin Jonathan B,,0001209191-18-013640,2018-02-22,A,19200.0,0.0,100497.6115,D,,,,,,
860730,2018-02-26,HCA,HAZEN SAMUEL N,,0001209191-18-013634,2018-02-22,F,18495.0,100.54,28505.0,D,,,,,,
860730,2018-02-26,HCA,HAZEN SAMUEL N,,0001209191-18-013634,2018-02-22,A,47000.0,0.0,47000.0,D,,,,,,
860730,2018-02-26,HCA,JOHNSON R MILTON,,0001209191-18-013633,2018-02-22,A,124800.0,0.0,1075178.0,D,,,,,,
860730,2018-02-26,HCA,HAZEN SAMUEL N,,0001209191-18-013634,2018-02-25,F,2194.0,100.84,32237.0,D,,,,,,
860730,2018-02-26,HCA,Hall Charles J,,0001209191-18-013636,2018-02-25,F,1333.0,100.84,63999.0,D,,,,,,
860730,2018-02-26,HCA,Hall Charles J,,0001209191-18-013636,2018-02-25,M,3601.0,,65332.0,D,,,,,,
860730,2018-02-26,HCA,Hall Charles J,,0001209191-18-013636,2018-02-22,F,7556.0,100.54,61731.0,D,,,,,,
860730,2018-02-26,HCA,Hall Charles J,,0001209191-18-013636,2018-02-22,A,19200.0,0.0,69287.0,D,,,,,,
860730,2018-02-26,HCA,Foster Jon M,,0001209191-18-013637,2018-02-25,F,1289.0,100.84,65054.0,D,,,,,,
860730,2018-02-26,HCA,Foster Jon M,,0001209191-18-013637,2018-02-25,M,3481.0,,66343.0,D,,,,,,
860730,2018-02-26,HCA,Foster Jon M,,0001209191-18-013637,2018-02-22,F,7556.0,100.54,62862.0,D,,,,,,
860730,2018-02-26,HCA,Chari Ravi S.,,0001209191-18-013642,2018-02-22,A,8800.0,0.0,9151.0,D,,,,,,
860730,2018-02-26,HCA,RUTHERFORD BILL B,,0001209191-18-013635,2018-02-22,F,11569.0,100.54,70504.0,D,,,,,,
860730,2018-02-26,HCA,RUTHERFORD BILL B,,0001209191-18-013635,2018-02-22,A,29400.0,0.0,82073.0,D,,,,,,
860730,2018-02-26,HCA,Morrow J William,,0001209191-18-013645,2018-02-22,F,1638.0,100.54,9196.5358,D,,,,,,
860730,2018-02-26,HCA,Morrow J William,,0001209191-18-013645,2018-02-12,G,409.0,0.0,4209.5358,D,,,,,,
860730,2018-02-26,HCA,WATERMAN ROBERT A,,0001209191-18-013652,2018-02-22,A,17600.0,0.0,257752.0,D,,,,,,
860730,2018-02-26,HCA,STEAKLEY JOSEPH N,,0001209191-18-013649,2018-02-22,A,8800.0,0.0,66216.4249,D,,,,,,
860730,2018-02-26,HCA,STEELE JOHN M,,0001209191-18-013650,2018-02-25,F,841.0,100.84,67741.0,D,,,,,,
860730,2018-02-26,HCA,STEELE JOHN M,,0001209191-18-013650,2018-02-25,M,2272.0,,68582.0,D,,,,,,
860730,2018-02-26,HCA,STEELE JOHN M,,0001209191-18-013650,2018-02-22,F,6926.0,100.54,66310.0,D,,,,,,
860730,2018-02-26,HCA,STEELE JOHN M,,0001209191-18-013650,2018-02-22,A,17600.0,0.0,73236.0,D,,,,,,
860730,2018-02-26,HCA,Paslick P. Martin,,0001209191-18-013646,2018-02-25,M,1940.0,,10916.0,D,,,,,,
860730,2018-02-26,HCA,WATERMAN ROBERT A,,0001209191-18-013652,2018-02-25,M,3288.0,,255581.0,D,,,,,,
860730,2018-02-26,HCA,WATERMAN ROBERT A,,0001209191-18-013652,2018-02-22,F,5459.0,100.54,252293.0,D,,,,,,
860730,2018-02-26,HCA,Paslick P. Martin,,0001209191-18-013646,2018-02-25,F,719.0,100.84,10197.0,D,,,,,,
860730,2018-02-26,HCA,Sowell Joseph A III,,0001209191-18-013648,2018-02-25,F,809.0,100.84,15608.0,D,,,,,,
860730,2018-02-26,HCA,Wyatt Christopher F.,,0001209191-18-013653,2018-02-22,F,1636.0,100.54,11409.0,D,,,,,,
860730,2018-02-26,HCA,Wyatt Christopher F.,,0001209191-18-013653,2018-02-22,A,6400.0,0.0,12820.0,D,,,,,,
860730,2018-02-26,HCA,YUSPEH ALAN R,,0001209191-18-013654,2018-02-25,F,385.0,100.84,35546.0,D,,,,,,
860730,2018-02-26,HCA,YUSPEH ALAN R,,0001209191-18-013654,2018-02-25,M,1747.0,,35931.0,D,,,,,,
860730,2018-02-26,HCA,YUSPEH ALAN R,,0001209191-18-013654,2018-02-22,F,3150.0,100.54,34184.0,D,,,,,,
860730,2018-02-26,HCA,YUSPEH ALAN R,,0001209191-18-013654,2018-02-22,A,8800.0,0.0,37334.0,D,,,,,,
860730,2018-02-26,HCA,Torres Kathryn A.,,0001209191-18-013651,2018-02-22,F,1649.0,100.54,5057.0,D,,,,,,
860730,2018-02-26,HCA,STEAKLEY JOSEPH N,,0001209191-18-013649,2018-02-22,F,2184.0,100.54,64032.4249,D,,,,,,
860730,2018-02-26,HCA,Reiner Deborah M,,0001209191-18-013647,2018-02-22,A,4800.0,0.0,5063.0,D,,,,,,
860730,2018-02-26,HCA,Englebright Jane D.,,0001209191-18-013643,2018-02-25,M,634.0,,19948.0,D,,,,,,
860730,2018-02-26,HCA,Englebright Jane D.,,0001209191-18-013643,2018-02-22,F,3278.0,100.54,19314.0,D,,,,,,
860730,2018-02-26,HCA,Sowell Joseph A III,,0001209191-18-013648,2018-02-22,F,5824.0,100.54,14362.0,D,,,,,,
860730,2018-02-26,HCA,Sowell Joseph A III,,0001209191-18-013648,2018-02-22,A,14800.0,0.0,20186.0,D,,,,,,
860730,2018-02-26,HCA,Englebright Jane D.,,0001209191-18-013643,2018-02-22,A,8800.0,0.0,22367.0,D,,,,,,
860730,2018-02-26,HCA,Morgan Sandra L.,,0001209191-18-013644,2018-02-25,F,165.0,100.84,8505.8654,D,,,,,,
860730,2018-02-26,HCA,Morgan Sandra L.,,0001209191-18-013644,2018-02-25,M,676.0,,8670.8654,D,,,,,,
860730,2018-02-26,HCA,Morgan Sandra L.,,0001209191-18-013644,2018-02-22,F,2668.0,100.54,7994.8654,D,,,,,,
860730,2018-02-26,HCA,Morgan Sandra L.,,0001209191-18-013644,2018-02-22,A,8800.0,0.0,10362.8654,D,,,,,,
860730,2018-02-26,HCA,Morrow J William,,0001209191-18-013645,2018-02-22,A,6400.0,0.0,10609.5358,D,,,,,,
860730,2018-02-26,HCA,Reiner Deborah M,,0001209191-18-013647,2018-02-22,F,1856.0,100.54,3432.0,D,,,,,,
860730,2018-02-26,HCA,Paslick P. Martin,,0001209191-18-013646,2018-02-22,F,5824.0,100.54,8976.0,D,,,,,,
860730,2018-02-26,HCA,Paslick P. Martin,,0001209191-18-013646,2018-02-22,A,14800.0,0.0,14800.0,D,,,,,,
860730,2018-02-26,HCA,WATERMAN ROBERT A,,0001209191-18-013652,2018-02-25,F,725.0,100.84,254856.0,D,,,,,,
860730,2018-02-26,HCA,Torres Kathryn A.,,0001209191-18-013651,2018-02-22,A,4400.0,0.0,6443.0,D,,,,,,
860730,2018-02-26,HCA,STEAKLEY JOSEPH N,,0001209191-18-013649,2018-02-25,M,1497.0,,65529.4249,D,,,,,,
860730,2018-02-26,HCA,STEAKLEY JOSEPH N,,0001209191-18-013649,2018-02-25,F,330.0,100.84,65199.4249,D,,,,,,
860730,2018-02-26,HCA,Paslick P. Martin,,0001209191-18-013646,2018-02-15,G,54082.0,0.0,0.0,D,,,,,,
860730,2018-02-26,HCA,Sowell Joseph A III,,0001209191-18-013648,2018-02-25,M,2055.0,,16417.0,D,,,,,,
860730,2018-05-04,HCA,LAMONT ANN H,,0001209191-18-028159,2018-05-02,A,1790.0,0.0,17661.0,D,,,,,,
860730,2018-05-04,HCA,HOLLIDAY CHARLES O JR,,0001209191-18-028158,2018-05-02,A,1790.0,0.0,14094.0,D,,,,,,
860730,2018-05-04,HCA,DEPARLE NANCY ANN,,0001209191-18-028156,2018-05-02,A,1790.0,0.0,14662.0,D,,,,,,
860730,2018-05-04,HCA,MICHELSON MICHAEL W,,0001209191-18-028162,2018-05-02,A,1790.0,0.0,2263.0,D,,,,,,
860730,2018-05-04,HCA,MEYERS GEOFFREY G,,0001209191-18-028160,2018-05-02,A,1790.0,0.0,37743.0,D,,,,,,
860730,2018-05-04,HCA,Dennis Robert J,,0001209191-18-028155,2018-05-02,A,1790.0,0.0,18704.0,D,,,,,,
860730,2018-05-04,HCA,Riley Wayne Joseph,,0001209191-18-028164,2018-05-02,A,1790.0,0.0,12691.0,D,,,,,,
860730,2018-05-04,HCA,ROWE JOHN W,,0001209191-18-028165,2018-05-02,A,1790.0,0.0,28978.0,D,,,,,,
860730,2018-05-04,HCA,FRIST THOMAS F III,,0001209191-18-028169,2018-02-20,G,22168.0,0.0,22168.0001,I,,,,,,
860730,2018-05-04,HCA,FRIST THOMAS F III,,0001209191-18-028169,2018-05-02,A,1790.0,0.0,3902.0,D,,,,,,
860730,2018-05-04,HCA,Frist William R,,0001209191-18-028170,2018-02-20,G,22168.0,0.0,416420.6596,I,,,,,,
860730,2018-05-04,HCA,Frist William R,,0001209191-18-028170,2018-05-02,A,1790.0,0.0,3958.0,D,,,,,,
860730,2018-05-16,HCA,Englebright Jane D.,,0001209191-18-030536,2018-05-14,S,5822.0,102.47,13986.0,D,,,,,,
860730,2018-05-21,HCA,Perlin Jonathan B,,0001209191-18-031874,2018-05-17,M,11520.0,17.33,106866.2575,D,,,,,,
860730,2018-05-21,HCA,Perlin Jonathan B,,0001209191-18-031874,2018-05-17,S,11520.0,104.0,95346.2575,D,,,,,,
860730,2018-06-01,HCA,Reiner Deborah M,,0001209191-18-034692,2018-05-30,F,3591.0,104.9,4636.0,D,,,,,,
860730,2018-06-01,HCA,Reiner Deborah M,,0001209191-18-034692,2018-05-30,M,1800.0,47.97,5232.0,D,,,,,,
860730,2018-06-07,HCA,Reiner Deborah M,,0001209191-18-036362,2018-06-05,S,1204.0,105.0,3432.0,D,,,,,,
860730,2018-06-13,HCA,Perlin Jonathan B,,0001209191-18-037474,2018-06-11,M,25000.0,17.33,120393.6171,D,,,,,,
860730,2018-06-13,HCA,Perlin Jonathan B,,0001209191-18-037474,2018-06-11,S,25000.0,106.0,95393.6171,D,,,,,,
860730,2018-06-13,HCA,Torres Kathryn A.,,0001209191-18-037469,2018-06-11,M,4437.0,37.18,9494.0,D,,,,,,
860730,2018-06-13,HCA,Torres Kathryn A.,,0001209191-18-037469,2018-06-11,F,2687.0,106.44,6807.0,D,,,,,,
860730,2018-06-13,HCA,Torres Kathryn A.,,0001209191-18-037469,2018-06-13,S,1750.0,106.87,5057.0,D,,,,,,
860730,2018-06-25,HCA,Perlin Jonathan B,,0001209191-18-039404,2018-06-21,M,12500.0,21.35,107893.6171,D,,,,,,
860730,2018-06-25,HCA,Perlin Jonathan B,,0001209191-18-039404,2018-06-21,S,12500.0,108.0,95393.6171,D,,,,,,
860730,2018-07-25,HCA,Torres Kathryn A.,,0001209191-18-043895,2018-07-23,F,3311.0,108.36,6746.0,D,,,,,,
860730,2018-07-25,HCA,Torres Kathryn A.,,0001209191-18-043895,2018-07-25,S,1689.0,112.53,5057.0,D,,,,,,
860730,2018-07-25,HCA,Torres Kathryn A.,,0001209191-18-043895,2018-07-23,M,5000.0,47.97,10057.0,D,,,,,,
860730,2018-07-25,HCA,Reiner Deborah M,,0001209191-18-043898,2018-07-23,F,1368.0,108.36,3669.0,D,,,,,,
860730,2018-07-25,HCA,Reiner Deborah M,,0001209191-18-043898,2018-07-23,M,1605.0,81.96,5037.0,D,,,,,,
860730,2018-07-25,HCA,Reiner Deborah M,,0001209191-18-043898,2018-07-25,S,237.0,112.53,3432.0,D,,,,,,
860730,2018-07-27,HCA,Perlin Jonathan B,,0001209191-18-044262,2018-07-25,M,10000.0,22.1,105393.6171,D,,,,,,
860730,2018-07-27,HCA,Perlin Jonathan B,,0001209191-18-044262,2018-07-25,S,10000.0,112.53,95393.6171,D,,,,,,
860730,2018-07-27,HCA,Perlin Jonathan B,,0001209191-18-044262,2018-07-25,F,76702.0,118.13,168691.6171,D,,,,,,
860730,2018-07-27,HCA,Perlin Jonathan B,,0001209191-18-044262,2018-07-27,S,32846.0,122.9176,135845.6171,D,,,,,,
860730,2018-07-27,HCA,Torres Kathryn A.,,0001209191-18-044260,2018-07-25,M,4250.0,47.97,9307.0,D,,,,,,
860730,2018-07-27,HCA,Torres Kathryn A.,,0001209191-18-044260,2018-07-25,F,2720.0,118.13,6587.0,D,,,,,,
860730,2018-07-27,HCA,Torres Kathryn A.,,0001209191-18-044260,2018-07-27,S,1530.0,124.47,5057.0,D,,,,,,
860730,2018-07-30,HCA,Wyatt Christopher F.,,0001209191-18-044396,2018-07-26,F,9356.0,124.3,18628.0,D,,,,,,
860730,2018-07-30,HCA,Wyatt Christopher F.,,0001209191-18-044396,2018-07-30,S,6419.0,126.2301,12209.0,D,,,,,,
860730,2018-07-30,HCA,Cuffe Michael S.,,0001209191-18-044391,2018-07-26,M,12500.0,37.18,33936.2979,D,,,,,,
860730,2018-07-30,HCA,Cuffe Michael S.,,0001209191-18-044391,2018-07-26,G,589.0,0.0,26160.2979,D,,,,,,
860730,2018-07-30,HCA,Wyatt Christopher F.,,0001209191-18-044396,2018-07-26,M,16575.0,37.18,27984.0,D,,,,,,
860730,2018-07-30,HCA,Morrow J William,,0001209191-18-044387,2018-07-30,S,1852.0,124.4,9334.2342,D,,,,,,
860730,2018-07-30,HCA,Cuffe Michael S.,,0001209191-18-044391,2018-07-26,F,7187.0,124.3,26749.2979,D,,,,,,
860730,2018-07-30,HCA,Cuffe Michael S.,,0001209191-18-044391,2018-07-30,S,5313.0,125.2564,20847.2979,D,,,,,,
860730,2018-07-30,HCA,Morrow J William,,0001209191-18-044387,2018-07-26,M,3125.0,17.33,12459.2342,D,,,,,,
860730,2018-07-30,HCA,Morrow J William,,0001209191-18-044387,2018-07-26,S,3125.0,119.81,9334.2342,D,,,,,,
860730,2018-07-30,HCA,Morrow J William,,0001209191-18-044387,2018-07-26,F,1898.0,124.3,11186.2342,D,,,,,,
860730,2018-07-31,HCA,Foster Jon M,,0001209191-18-044603,2018-07-27,F,50562.0,124.15,114492.0,D,,,,,,
860730,2018-07-31,HCA,Paslick P. Martin,,0001209191-18-044604,2018-07-27,M,73125.0,37.18,83322.0,D,,,,,,
860730,2018-07-31,HCA,Paslick P. Martin,,0001209191-18-044604,2018-07-27,F,42059.0,124.15,41263.0,D,,,,,,
860730,2018-07-31,HCA,Foster Jon M,,0001209191-18-044603,2018-07-27,M,100000.0,22.95,165054.0,D,,,,,,
860730,2018-07-31,HCA,CAMPBELL VICTOR L,,0001209191-18-044601,2018-07-27,M,53625.0,37.18,243493.0,D,,,,,,
860730,2018-07-31,HCA,CAMPBELL VICTOR L,,0001209191-18-044601,2018-07-27,F,30843.0,124.15,212650.0,D,,,,,,
860730,2018-08-07,HCA,Hall Charles J,,0001209191-18-045765,2018-08-03,S,34125.0,129.93,63999.0,D,,,,,,
860730,2018-08-07,HCA,Hall Charles J,,0001209191-18-045765,2018-08-03,F,75068.0,130.16,138931.0,D,,,,,,
860730,2018-08-07,HCA,MOORE A BRUCE JR,,0001209191-18-045766,2018-08-03,F,25023.0,130.16,152903.0,D,,,,,,
860730,2018-08-07,HCA,MOORE A BRUCE JR,,0001209191-18-045766,2018-08-03,M,50000.0,22.95,177926.0,D,,,,,,
860730,2018-08-07,HCA,Hall Charles J,,0001209191-18-045765,2018-08-03,M,34125.0,17.33,98124.0,D,,,,,,
860730,2018-08-07,HCA,CAMPBELL VICTOR L,,0001209191-18-045764,2018-08-03,S,10000.0,126.0,202650.0,D,,,,,,
860730,2018-08-17,HCA,Englebright Jane D.,,0001209191-18-047474,2018-08-15,G,939.0,0.0,6504.0,D,,,,,,
860730,2018-08-17,HCA,Englebright Jane D.,,0001209191-18-047474,2018-08-15,S,6543.0,129.8622,7443.0,D,,,,,,
860730,2018-11-02,HCA,Cuffe Michael S.,,0001209191-18-056949,2018-10-31,M,11875.0,37.18,32790.1769,D,,,,,,
860730,2018-11-02,HCA,Cuffe Michael S.,,0001209191-18-056949,2018-10-31,F,6679.0,133.53,26111.1769,D,,,,,,
860730,2018-11-02,HCA,Cuffe Michael S.,,0001209191-18-056949,2018-11-02,S,5196.0,136.52,20915.1769,D,,,,,,
860730,2018-11-05,HCA,Reiner Deborah M,,0001209191-18-057208,2018-11-01,M,2752.0,76.83,6184.0,D,,,,,,
860730,2018-11-05,HCA,Reiner Deborah M,,0001209191-18-057208,2018-11-01,F,2029.0,135.69,4155.0,D,,,,,,
860730,2018-11-05,HCA,Reiner Deborah M,,0001209191-18-057208,2018-11-05,S,723.0,135.06,3432.0,D,,,,,,
860730,2018-11-09,HCA,Cuffe Michael S.,,0001209191-18-058039,2018-11-07,F,7382.0,141.65,25858.1769,D,,,,,,
860730,2018-11-09,HCA,Englebright Jane D.,,0001209191-18-058040,2018-11-09,S,5081.0,141.9,6504.0,D,,,,,,
860730,2018-11-09,HCA,Cuffe Michael S.,,0001209191-18-058039,2018-11-07,M,12325.0,47.97,33240.1769,D,,,,,,
860730,2018-11-09,HCA,Cuffe Michael S.,,0001209191-18-058039,2018-11-09,S,4943.0,141.9,20915.1769,D,,,,,,
860730,2018-11-09,HCA,Englebright Jane D.,,0001209191-18-058040,2018-11-07,F,4919.0,141.65,11585.0,D,,,,,,
860730,2018-11-09,HCA,Englebright Jane D.,,0001209191-18-058040,2018-11-07,M,10000.0,22.95,16504.0,D,,,,,,
860730,2018-11-09,HCA,Perlin Jonathan B,,0001209191-18-058041,2018-11-07,F,6909.0,141.65,100715.6171,D,,,,,,
860730,2018-11-09,HCA,Perlin Jonathan B,,0001209191-18-058041,2018-11-07,M,12500.0,37.18,107624.6171,D,,,,,,
860730,2018-11-15,HCA,Torres Kathryn A.,,0001209191-18-058759,2018-11-13,S,820.0,142.3565,4237.0,D,,,,,,
860730,2019-01-31,HCA,Reiner Deborah M,,0001209191-19-006267,2019-01-31,S,523.0,138.89,3432.0,D,,,,,,
860730,2019-01-31,HCA,Reiner Deborah M,,0001209191-19-006267,2019-01-29,F,972.0,138.03,3955.0,D,,,,,,
860730,2019-01-31,HCA,Reiner Deborah M,,0001209191-19-006267,2019-01-29,M,1495.0,69.58,4927.0,D,,,,,,
860730,2019-02-01,HCA,JOHNSON R MILTON,,0001209191-19-006555,2019-01-30,A,5393.0,139.06,839035.0,D,,,,,,
860730,2019-02-01,HCA,JOHNSON R MILTON,,0001209191-19-006555,2019-01-30,G,7480.0,0.0,831555.0,D,,,,,,
860730,2019-02-01,HCA,Hall Charles J,,0001209191-19-006552,2018-11-14,G,534.0,0.0,138397.0,D,,,,,,
860730,2019-02-01,HCA,Hall Charles J,,0001209191-19-006552,2018-11-15,G,7278.0,0.0,131119.0,D,,,,,,
860730,2019-02-01,HCA,Foster Jon M,,0001209191-19-006545,2018-11-19,G,10000.0,0.0,54492.0,D,,,,,,
860730,2019-02-01,HCA,Wyatt Christopher F.,,0001209191-19-006600,2018-07-31,G,800.0,0.0,11409.0,D,,,,,,
860730,2019-02-01,HCA,STEELE JOHN M,,0001209191-19-006595,2018-05-07,G,831.0,0.0,1662.0,I,,,,,,
860730,2019-02-01,HCA,RUTHERFORD BILL B,,0001209191-19-006593,2018-08-01,G,1250.0,0.0,21472.0,D,,,,,,
860730,2019-02-01,HCA,Paslick P. Martin,,0001209191-19-006586,2018-08-03,G,41263.0,0.0,0.0,D,,,,,,
860730,2019-02-01,HCA,Morrow J William,,0001209191-19-006583,2019-01-30,S,3224.0,137.1903,6210.3464,D,,,,,,
860730,2019-02-01,HCA,Morgan Sandra L.,,0001209191-19-006579,2018-07-26,S,1913.0,122.2904,6592.8654,D,,,,,,
860730,2019-02-01,HCA,MOORE A BRUCE JR,,0001209191-19-006556,2018-11-14,G,17415.0,0.0,34830.0,I,,,,,,
860730,2019-02-01,HCA,Foster Jon M,,0001209191-19-006545,2018-11-20,G,10000.0,0.0,44492.0,D,,,,,,
860730,2019-02-05,HCA,Reiner Deborah M,,0001209191-19-007386,2019-02-01,F,1139.0,139.71,3898.0,D,,,,,,
860730,2019-02-05,HCA,Reiner Deborah M,,0001209191-19-007386,2019-02-01,M,1605.0,81.96,5037.0,D,,,,,,
860730,2019-02-05,HCA,Reiner Deborah M,,0001209191-19-007386,2019-02-05,S,466.0,139.07,3432.0,D,,,,,,
860730,2019-02-07,HCA,Torres Kathryn A.,,0001209191-19-008176,2019-02-05,F,19549.0,139.72,12605.0,D,,,,,,
860730,2019-02-07,HCA,Torres Kathryn A.,,0001209191-19-008176,2019-02-05,M,7000.0,68.96,11237.0,D,,,,,,
860730,2019-02-08,HCA,Whalen Kathleen M,,0001209191-19-008594,2019-02-06,G,440.0,0.0,6431.0,D,,,,,,
860730,2019-02-08,HCA,Whalen Kathleen M,,0001209191-19-008594,2019-02-06,S,200.0,139.48,6231.0,D,,,,,,
860730,2019-02-11,HCA,STEELE JOHN M,,0001209191-19-009137,2019-02-07,M,73125.0,37.18,150859.0,D,,,,,,
860730,2019-02-11,HCA,STEELE JOHN M,,0001209191-19-009137,2019-02-07,F,39455.0,140.62,111404.0,D,,,,,,
860730,2019-02-11,HCA,Morrow J William,,0001209191-19-009136,2019-02-04,G,288.0,0.0,5922.3464,D,,,,,,
860730,2019-02-11,HCA,Morrow J William,,0001209191-19-009136,2019-02-07,S,263.0,140.6037,5659.3464,D,,,,,,
860730,2019-02-11,HCA,CAMPBELL VICTOR L,,0001209191-19-009135,2019-02-07,M,41625.0,47.97,231493.0,D,,,,,,
860730,2019-02-11,HCA,CAMPBELL VICTOR L,,0001209191-19-009135,2019-02-07,F,50701.0,140.62,217952.0,D,,,,,,
860730,2019-02-11,HCA,CAMPBELL VICTOR L,,0001209191-19-009135,2019-02-11,S,28084.0,138.9741,189868.0,D,,,,,,
860730,2019-02-13,HCA,Foster Jon M,,0001209191-19-009921,2019-02-12,S,11640.0,139.6799,54156.0,D,,,,,,
860730,2019-02-13,HCA,Foster Jon M,,0001209191-19-009921,2019-02-13,S,21304.0,140.886,32852.0,D,,,,,,
860730,2019-02-13,HCA,Foster Jon M,,0001209191-19-009921,2019-02-11,M,40000.0,22.95,84492.0,D,,,,,,
860730,2019-02-13,HCA,Foster Jon M,,0001209191-19-009921,2019-02-11,F,18696.0,138.66,65796.0,D,,,,,,
860730,2019-02-14,HCA,RUTHERFORD BILL B,,0001209191-19-010406,2019-02-12,M,37500.0,17.33,58972.0,D,,,,,,
860730,2019-02-14,HCA,RUTHERFORD BILL B,,0001209191-19-010406,2019-02-12,S,37500.0,139.6451,21472.0,D,,,,,,
860730,2019-02-14,HCA,STEELE JOHN M,,0001209191-19-010369,2019-02-12,S,33670.0,140.0514,77734.0,D,,,,,,
860730,2019-02-14,HCA,Torres Kathryn A.,,0001209191-19-010368,2019-02-12,S,8368.0,139.4701,4237.0,D,,,,,,
860730,2019-02-25,HCA,Billington Phillip G,,0001209191-19-013223,2019-02-21,A,3178.0,0.0,28018.4098,D,,,,,,
860730,2019-02-25,HCA,Morgan Sandra L.,,0001209191-19-013238,2019-02-21,A,4645.0,0.0,11237.8654,D,,,,,,
860730,2019-02-25,HCA,Morgan Sandra L.,,0001209191-19-013238,2019-02-21,F,1163.0,142.01,10074.8654,D,,,,,,
860730,2019-02-25,HCA,Perlin Jonathan B,,0001209191-19-013241,2019-02-21,F,3221.0,142.01,108313.6171,D,,,,,,
860730,2019-02-25,HCA,MOORE A BRUCE JR,,0001209191-19-013237,2019-02-21,F,2620.0,142.01,238648.0,D,,,,,,
860730,2019-02-25,HCA,JOHNSON R MILTON,,0001209191-19-013236,2019-02-21,A,73374.0,0.0,904929.0,D,,,,,,
860730,2019-02-25,HCA,JOHNSON R MILTON,,0001209191-19-013236,2019-02-21,F,27815.0,142.01,877114.0,D,,,,,,
860730,2019-02-25,HCA,HAZEN SAMUEL N,,0001209191-19-013234,2019-02-21,A,26259.0,0.0,26259.0,D,,,,,,
860730,2019-02-25,HCA,Billington Phillip G,,0001209191-19-013223,2019-02-21,F,807.0,142.01,27211.4098,D,,,,,,
860730,2019-02-25,HCA,Foster Jon M,,0001209191-19-013228,2019-02-14,G,4508.0,0.0,28344.0,D,,,,,,
860730,2019-02-25,HCA,Foster Jon M,,0001209191-19-013228,2019-02-21,F,4258.0,142.01,34905.0,D,,,,,,
860730,2019-02-25,HCA,Englebright Jane D.,,0001209191-19-013226,2019-02-21,A,4645.0,0.0,11149.0,D,,,,,,
860730,2019-02-25,HCA,Englebright Jane D.,,0001209191-19-013226,2019-02-21,F,1163.0,142.01,9986.0,D,,,,,,
860730,2019-02-25,HCA,Cuffe Michael S.,,0001209191-19-013225,2019-02-21,A,9278.0,0.0,30217.913,D,,,,,,
860730,2019-02-25,HCA,Cuffe Michael S.,,0001209191-19-013225,2019-02-21,F,2620.0,142.01,27597.913,D,,,,,,
860730,2019-02-25,HCA,Morrow J William,,0001209191-19-013239,2019-02-21,F,1117.0,142.01,8991.3464,D,,,,,,
860730,2019-02-25,HCA,HAZEN SAMUEL N,,0001209191-19-013234,2019-02-21,F,9278.0,142.01,16981.0,D,,,,,,
860730,2019-02-25,HCA,Hall Charles J,,0001209191-19-013232,2019-02-21,A,10819.0,0.0,141938.0,D,,,,,,
860730,2019-02-25,HCA,Foster Jon M,,0001209191-19-013228,2019-02-21,A,10819.0,0.0,39163.0,D,,,,,,
860730,2019-02-25,HCA,MOORE A BRUCE JR,,0001209191-19-013237,2019-02-21,A,9278.0,0.0,241268.0,D,,,,,,
860730,2019-02-25,HCA,Morrow J William,,0001209191-19-013239,2019-02-21,A,4449.0,0.0,10108.3464,D,,,,,,
860730,2019-02-25,HCA,CAMPBELL VICTOR L,,0001209191-19-013271,2019-02-21,F,2434.0,142.01,193619.0,D,,,,,,
860730,2019-02-25,HCA,Paslick P. Martin,,0001209191-19-013240,2019-02-21,A,7726.0,0.0,7726.0,D,,,,,,
860730,2019-02-25,HCA,Torres Kathryn A.,,0001209191-19-013247,2019-02-21,F,2752.0,142.01,8477.0,D,,,,,,
860730,2019-02-25,HCA,Wyatt Christopher F.,,0001209191-19-013273,2019-02-21,F,2054.0,142.01,17178.0,D,,,,,,
860730,2019-02-25,HCA,CAMPBELL VICTOR L,,0001209191-19-013271,2019-02-21,A,6185.0,0.0,196053.0,D,,,,,,
860730,2019-02-25,HCA,Hall Charles J,,0001209191-19-013232,2019-02-21,F,3219.0,142.01,138719.0,D,,,,,,
860730,2019-02-25,HCA,Whalen Kathleen M,,0001209191-19-013249,2019-02-21,A,1699.0,0.0,7930.0,D,,,,,,
860730,2019-02-25,HCA,Whalen Kathleen M,,0001209191-19-013249,2019-02-21,F,446.0,142.01,7484.0,D,,,,,,
860730,2019-02-25,HCA,WATERMAN ROBERT A,,0001209191-19-013248,2019-02-21,A,9278.0,0.0,264134.0,D,,,,,,
860730,2019-02-25,HCA,WATERMAN ROBERT A,,0001209191-19-013248,2019-02-21,F,2614.0,142.01,261520.0,D,,,,,,
860730,2019-02-25,HCA,Perlin Jonathan B,,0001209191-19-013241,2019-02-21,A,10819.0,0.0,111534.6171,D,,,,,,
860730,2019-02-25,HCA,STEELE JOHN M,,0001209191-19-013246,2019-02-21,A,9278.0,0.0,87012.0,D,,,,,,
860730,2019-02-25,HCA,Paslick P. Martin,,0001209191-19-013240,2019-02-21,F,2012.0,142.01,5714.0,D,,,,,,
860730,2019-02-25,HCA,Sowell Joseph A III,,0001209191-19-013245,2019-02-21,F,2014.0,142.01,21320.0,D,,,,,,
860730,2019-02-25,HCA,RUTHERFORD BILL B,,0001209191-19-013244,2019-02-21,A,20855.0,0.0,42327.0,D,,,,,,
860730,2019-02-25,HCA,RUTHERFORD BILL B,,0001209191-19-013244,2019-02-21,F,8207.0,142.01,34120.0,D,,,,,,
860730,2019-02-25,HCA,Reiner Deborah M,,0001209191-19-013242,2019-02-21,A,2713.0,0.0,6145.0,D,,,,,,
860730,2019-02-25,HCA,Reiner Deborah M,,0001209191-19-013242,2019-02-21,F,661.0,142.01,5484.0,D,,,,,,
860730,2019-02-25,HCA,Wyatt Christopher F.,,0001209191-19-013273,2019-02-21,A,7823.0,0.0,19232.0,D,,,,,,
860730,2019-02-25,HCA,Torres Kathryn A.,,0001209191-19-013247,2019-02-21,A,6992.0,0.0,11229.0,D,,,,,,
860730,2019-02-25,HCA,STEELE JOHN M,,0001209191-19-013246,2019-02-21,F,3651.0,142.01,83361.0,D,,,,,,
860730,2019-02-25,HCA,Sowell Joseph A III,,0001209191-19-013245,2019-02-21,A,7726.0,0.0,23334.0,D,,,,,,
860730,2019-02-27,HCA,JOHNSON R MILTON,,0001209191-19-014286,2019-02-25,F,2766.0,143.26,881823.0,D,,,,,,
860730,2019-02-27,HCA,HAZEN SAMUEL N,,0001209191-19-014285,2019-02-25,M,3535.0,,20516.0,D,,,,,,
860730,2019-02-27,HCA,HAZEN SAMUEL N,,0001209191-19-014285,2019-02-25,F,1308.0,143.26,19208.0,D,,,,,,
860730,2019-02-27,HCA,Hall Charles J,,0001209191-19-014282,2019-02-25,M,1941.0,,140660.0,D,,,,,,
860730,2019-02-27,HCA,Englebright Jane D.,,0001209191-19-014280,2019-02-25,F,140.0,143.26,10480.0,D,,,,,,
860730,2019-02-27,HCA,Perlin Jonathan B,,0001209191-19-014293,2019-02-25,F,705.0,143.26,109511.6171,D,,,,,,
860730,2019-02-27,HCA,Paslick P. Martin,,0001209191-19-014292,2019-02-25,M,1099.0,,6813.0,D,,,,,,
860730,2019-02-27,HCA,Morgan Sandra L.,,0001209191-19-014290,2019-02-25,F,149.0,143.26,10602.8654,D,,,,,,
860730,2019-02-27,HCA,Sowell Joseph A III,,0001209191-19-014298,2019-02-25,M,1085.0,,22405.0,D,,,,,,
860730,2019-02-27,HCA,Foster Jon M,,0001209191-19-014281,2019-02-25,M,1821.0,,36726.0,D,,,,,,
860730,2019-02-27,HCA,Cuffe Michael S.,,0001209191-19-014279,2019-02-25,F,302.0,143.26,28513.913,D,,,,,,
860730,2019-02-27,HCA,Morgan Sandra L.,,0001209191-19-014290,2019-02-25,M,677.0,,10751.8654,D,,,,,,
860730,2019-02-27,HCA,CAMPBELL VICTOR L,,0001209191-19-014277,2019-02-25,F,309.0,143.26,194145.0,D,,,,,,
860730,2019-02-27,HCA,Englebright Jane D.,,0001209191-19-014280,2019-02-25,M,634.0,,10620.0,D,,,,,,
860730,2019-02-27,HCA,MOORE A BRUCE JR,,0001209191-19-014289,2019-02-25,M,1488.0,,240136.0,D,,,,,,
860730,2019-02-27,HCA,Sowell Joseph A III,,0001209191-19-014298,2019-02-25,F,439.0,143.26,21966.0,D,,,,,,
860730,2019-02-27,HCA,RUTHERFORD BILL B,,0001209191-19-014295,2019-02-25,F,917.0,143.26,35533.0,D,,,,,,
860730,2019-02-27,HCA,WATERMAN ROBERT A,,0001209191-19-014301,2019-02-25,M,1802.0,,263322.0,D,,,,,,
860730,2019-02-27,HCA,WATERMAN ROBERT A,,0001209191-19-014301,2019-02-25,F,667.0,143.26,262655.0,D,,,,,,
860730,2019-02-27,HCA,STEELE JOHN M,,0001209191-19-014299,2019-02-25,M,1264.0,,84625.0,D,,,,,,
860730,2019-02-27,HCA,STEELE JOHN M,,0001209191-19-014299,2019-02-25,F,468.0,143.26,84157.0,D,,,,,,
860730,2019-02-27,HCA,MOORE A BRUCE JR,,0001209191-19-014289,2019-02-25,F,551.0,143.26,239585.0,D,,,,,,
860730,2019-02-27,HCA,Cuffe Michael S.,,0001209191-19-014279,2019-02-25,M,1218.0,,28815.913,D,,,,,,
860730,2019-02-27,HCA,Perlin Jonathan B,,0001209191-19-014293,2019-02-25,M,1903.0,,110216.6171,D,,,,,,
860730,2019-02-27,HCA,Foster Jon M,,0001209191-19-014281,2019-02-25,F,674.0,143.26,36052.0,D,,,,,,
860730,2019-02-27,HCA,Hall Charles J,,0001209191-19-014282,2019-02-25,F,719.0,143.26,139941.0,D,,,,,,
860730,2019-02-27,HCA,RUTHERFORD BILL B,,0001209191-19-014295,2019-02-25,M,2330.0,,36450.0,D,,,,,,
860730,2019-02-27,HCA,CAMPBELL VICTOR L,,0001209191-19-014277,2019-02-25,M,835.0,,194454.0,D,,,,,,
860730,2019-02-27,HCA,Paslick P. Martin,,0001209191-19-014292,2019-02-25,F,407.0,143.26,6406.0,D,,,,,,
860730,2019-02-27,HCA,JOHNSON R MILTON,,0001209191-19-014286,2019-02-25,M,7475.0,,884589.0,D,,,,,,
860730,2019-03-05,HCA,CROFTON MEG,,0001209191-19-016860,2019-03-01,A,197.0,0.0,197.0,D,,,,,,
860730,2019-05-03,HCA,CROFTON MEG,,0001209191-19-027434,2019-05-01,A,1410.0,0.0,1607.0,D,,,,,,
860730,2019-05-03,HCA,DEPARLE NANCY ANN,,0001209191-19-027444,2019-05-01,A,1410.0,0.0,16032.0,D,,,,,,
860730,2019-05-03,HCA,Frist William R,,0001209191-19-027409,2019-05-01,A,1410.0,0.0,5368.0,D,,,,,,
860730,2019-05-03,HCA,FRIST THOMAS F III,,0001209191-19-027432,2019-05-01,A,1410.0,0.0,5312.0,D,,,,,,
860730,2019-05-03,HCA,Dennis Robert J,,0001209191-19-027438,2019-05-01,A,1410.0,0.0,20114.0,D,,,,,,
860730,2019-05-03,HCA,MEYERS GEOFFREY G,,0001209191-19-027448,2019-05-01,A,1410.0,0.0,39153.0,D,,,,,,
860730,2019-05-03,HCA,MICHELSON MICHAEL W,,0001209191-19-027449,2019-05-01,A,1410.0,0.0,3673.0,D,,,,,,
860730,2019-05-03,HCA,Riley Wayne Joseph,,0001209191-19-027451,2019-05-01,A,1410.0,0.0,14101.0,D,,,,,,
860730,2019-05-03,HCA,HOLLIDAY CHARLES O JR,,0001209191-19-027445,2019-05-01,A,1410.0,0.0,15504.0,D,,,,,,
860730,2019-05-03,HCA,ROWE JOHN W,,0001209191-19-027452,2019-05-01,A,1410.0,0.0,30388.0,D,,,,,,
860730,2019-05-10,HCA,Foster Jon M,,0001209191-19-029116,2019-05-08,M,60000.0,37.18,96052.0,D,,,,,,
860730,2019-05-10,HCA,Foster Jon M,,0001209191-19-029116,2019-05-08,F,34427.0,125.09,61625.0,D,,,,,,
860730,2019-05-10,HCA,Foster Jon M,,0001209191-19-029116,2019-05-10,S,42823.0,122.2586,18802.0,D,,,,,,
860730,2019-05-10,HCA,Foster Jon M,,0001209191-19-029116,2019-05-10,G,4000.0,0.0,13344.0,D,,,,,,
860730,2019-08-02,HCA,WATERMAN ROBERT A,,0001209191-19-044277,2019-07-31,M,16896.0,5.9821,279551.0,D,,,,,,
860730,2019-08-02,HCA,WATERMAN ROBERT A,,0001209191-19-044277,2019-07-31,S,29578.0,134.8611,266863.0,D,,,,,,
860730,2019-08-08,HCA,Elcan Patricia F,,0000899243-19-021401,2019-08-06,P,250.0,124.0952,997017.289,I,,,,,,
860730,2019-08-08,HCA,Elcan Patricia F,,0000899243-19-021401,2019-05-21,G,20840.6623,0.0,797414.6264,I,,,,,,
860730,2019-08-15,HCA,Whalen Kathleen M,,0001209191-19-046152,2019-08-13,M,4000.0,45.3,11484.0,D,,,,,,
860730,2019-08-15,HCA,Whalen Kathleen M,,0001209191-19-046152,2019-08-13,F,2047.0,127.9,9437.0,D,,,,,,
860730,2019-08-15,HCA,Whalen Kathleen M,,0001209191-19-046152,2019-08-13,S,977.0,127.5601,8460.0,D,,,,,,
860730,2019-11-01,HCA,Wyatt Christopher F.,,0001209191-19-054749,2019-10-30,M,10175.0,47.97,27353.0,D,,,,,,
860730,2019-11-01,HCA,Wyatt Christopher F.,,0001209191-19-054749,2019-10-30,F,6202.0,134.77,21151.0,D,,,,,,
860730,2019-11-01,HCA,Wyatt Christopher F.,,0001209191-19-054749,2019-10-30,S,3900.0,134.7403,17251.0,D,,,,,,
860730,2019-11-01,HCA,Morgan Sandra L.,,0001209191-19-054744,2019-10-30,S,3482.0,133.8718,7120.8654,D,,,,,,
860730,2019-11-04,HCA,Foster Jon M,,0001209191-19-055029,2019-10-31,S,19477.0,132.3462,10015.0,D,,,,,,
860730,2019-11-04,HCA,Foster Jon M,,0001209191-19-055029,2019-02-11,G,19985.0,0.0,0.0,I,,,,,,
860730,2019-11-05,HCA,Reiner Deborah M,,0001209191-19-055351,2019-11-01,M,2753.0,76.83,8237.0,D,,,,,,
860730,2019-11-05,HCA,Reiner Deborah M,,0001209191-19-055351,2019-11-01,F,2004.0,133.65,6233.0,D,,,,,,
860730,2019-11-05,HCA,Reiner Deborah M,,0001209191-19-055351,2019-11-05,S,749.0,136.67,5484.0,D,,,,,,
860730,2019-11-05,HCA,MOORE A BRUCE JR,,0001209191-19-055350,2019-11-01,S,550.0,135.0037,239035.0,D,,,,,,
860730,2019-11-05,HCA,MOORE A BRUCE JR,,0001209191-19-055350,2019-11-04,S,14450.0,135.0756,224585.0,D,,,,,,
860730,2019-11-06,HCA,Whalen Kathleen M,,0001209191-19-055545,2019-11-04,S,2540.0,135.212,5920.0,D,,,,,,
860730,2019-11-07,HCA,Englebright Jane D.,,0001209191-19-055730,2019-11-05,F,2555.0,134.34,12475.0,D,,,,,,
860730,2019-11-07,HCA,Englebright Jane D.,,0001209191-19-055730,2019-11-05,M,4550.0,37.18,15030.0,D,,,,,,
860730,2019-11-12,HCA,Englebright Jane D.,,0001209191-19-056200,2019-11-08,S,1995.0,137.5,10480.0,D,,,,,,
860730,2019-11-19,HCA,Hall Charles J,,0001209191-19-057346,2019-11-15,M,107250.0,37.18,239063.0,D,,,,,,
860730,2019-11-19,HCA,Hall Charles J,,0001209191-19-057346,2019-11-15,F,68184.0,138.05,184879.0,D,,,,,,
860730,2019-12-10,HCA,Englebright Jane D.,,0001209191-19-059955,2019-12-06,M,4550.0,37.18,15030.0,D,,,,,,
860730,2019-12-10,HCA,Englebright Jane D.,,0001209191-19-059955,2019-12-06,F,2501.0,144.61,12529.0,D,,,,,,
860730,2019-12-12,HCA,Englebright Jane D.,,0001209191-19-060241,2019-12-11,S,2049.0,143.5,10480.0,D,,,,,,
860730,2019-12-23,HCA,Cuffe Michael S.,,0001209191-19-061816,2019-12-19,M,14500.0,47.97,43234.2078,D,,,,,,
860730,2019-12-23,HCA,Cuffe Michael S.,,0001209191-19-061816,2019-12-19,F,8609.0,145.39,34625.2078,D,,,,,,
860730,2019-12-23,HCA,Cuffe Michael S.,,0001209191-19-061816,2019-12-20,M,20000.0,68.96,54625.2078,D,,,,,,
860730,2019-12-23,HCA,Cuffe Michael S.,,0001209191-19-061816,2019-12-20,F,13541.0,147.53,41084.2078,D,,,,,,
860730,2019-12-23,HCA,Cuffe Michael S.,,0001209191-19-061816,2019-12-23,S,5891.0,147.04,35193.2078,D,,,,,,
860730,2019-12-26,HCA,Englebright Jane D.,,0001209191-19-061973,2019-12-20,M,4550.0,37.18,15030.0,D,,,,,,
860730,2019-12-26,HCA,Paslick P. Martin,,0001209191-19-061976,2019-12-24,S,4164.0,148.56,0.0,D,,,,,,
860730,2019-12-26,HCA,Paslick P. Martin,,0001209191-19-061976,2019-12-20,M,10175.0,47.97,10175.0,D,,,,,,
860730,2019-12-26,HCA,Sowell Joseph A III,,0001209191-19-061980,2019-12-20,F,29591.0,147.53,31709.0,D,,,,,,
860730,2019-12-26,HCA,Englebright Jane D.,,0001209191-19-061973,2019-12-20,F,2487.0,147.53,12543.0,D,,,,,,
860730,2019-12-26,HCA,Paslick P. Martin,,0001209191-19-061976,2019-08-01,G,6406.0,0.0,0.0,D,,,,,,
860730,2019-12-26,HCA,Sowell Joseph A III,,0001209191-19-061980,2019-12-20,M,60654.0,22.95,61300.0,D,,,,,,
860730,2019-12-26,HCA,Sowell Joseph A III,,0001209191-19-061980,2019-05-17,G,21320.0,0.0,646.0,D,,,,,,
860730,2019-12-26,HCA,Paslick P. Martin,,0001209191-19-061976,2019-12-20,F,6011.0,147.53,4164.0,D,,,,,,
860730,2020-01-31,HCA,Sowell Joseph A III,,0001209191-20-005893,2020-01-29,M,45000.0,37.18,45646.0,D,,,,,,
860730,2020-01-31,HCA,Hall Charles J,,0001209191-20-005881,2019-11-19,G,7200.0,0.0,176974.0,D,,,,,,
860730,2020-01-31,HCA,Hall Charles J,,0001209191-20-005881,2019-11-06,G,333.0,0.0,184546.0,D,,,,,,
860730,2020-01-31,HCA,MOORE A BRUCE JR,,0001209191-20-005883,2019-11-15,G,1465.0,0.0,172024.0,D,,,,,,
860730,2020-01-31,HCA,Sowell Joseph A III,,0001209191-20-005893,2020-01-29,S,31063.0,145.3011,646.0,D,,,,,,
860730,2020-01-31,HCA,RUTHERFORD BILL B,,0001209191-20-005892,2019-11-19,G,40000.0,0.0,40000.0,I,,,,,,
860730,2020-01-31,HCA,Sowell Joseph A III,,0001209191-20-005893,2020-01-29,F,23691.0,145.24,21955.0,D,,,,,,
860730,2020-01-31,HCA,Morrow J William,,0001209191-20-005888,2019-05-21,G,16.0,0.0,9195.1196,D,,,,,,
860730,2020-01-31,HCA,Hall Charles J,,0001209191-20-005881,2019-11-07,G,372.0,0.0,184174.0,D,,,,,,
860730,2020-02-06,HCA,Sowell Joseph A III,,0001209191-20-007287,2020-02-04,S,21309.0,145.0,646.0,D,,,,,,
860730,2020-02-07,HCA,Torres Kathryn A.,,0001209191-20-007737,2020-02-05,S,1500.0,149.162,6977.0,D,,,,,,
860730,2020-02-07,HCA,Reiner Deborah M,,0001209191-20-007736,2020-02-05,M,1500.0,68.96,6984.0,D,,,,,,
860730,2020-02-07,HCA,Reiner Deborah M,,0001209191-20-007736,2020-02-05,F,4378.0,151.04,7534.0,D,,,,,,
860730,2020-02-07,HCA,Englebright Jane D.,,0001209191-20-007735,2020-02-05,S,2063.0,150.0,10480.0,D,,,,,,
860730,2020-02-07,HCA,Cuffe Michael S.,,0001209191-20-007733,2020-02-05,S,6459.0,150.0,28734.2078,D,,,,,,
860730,2020-02-11,HCA,Whalen Kathleen M,,0001209191-20-008415,2020-02-07,S,1956.0,146.4594,3964.0,D,,,,,,
860730,2020-02-14,HCA,Reiner Deborah M,,0001209191-20-009739,2020-02-12,S,2050.0,150.12,5484.0,D,,,,,,
860730,2020-02-18,HCA,Hall Charles J,,0001209191-20-010371,2020-02-13,F,44914.0,150.88,204025.0,D,,,,,,
860730,2020-02-18,HCA,Paslick P. Martin,,0001209191-20-010369,2020-02-13,M,10175.0,47.97,10175.0,D,,,,,,
860730,2020-02-18,HCA,Paslick P. Martin,,0001209191-20-010369,2020-02-13,F,5008.0,150.88,5167.0,D,,,,,,
860730,2020-02-18,HCA,Hall Charles J,,0001209191-20-010371,2020-02-13,M,55375.0,47.97,228939.0,D,,,,,,
860730,2020-02-18,HCA,Hall Charles J,,0001209191-20-010371,2020-02-07,G,3410.0,0.0,173564.0,D,,,,,,
860730,2020-02-21,HCA,Morrow J William,,0001209191-20-011764,2020-02-19,A,7023.0,0.0,15951.1196,D,,,,,,
860730,2020-02-21,HCA,HAZEN SAMUEL N,,0001209191-20-011759,2020-02-19,A,35793.0,0.0,35793.0,D,,,,,,
860730,2020-02-21,HCA,HAZEN SAMUEL N,,0001209191-20-011759,2020-02-19,F,13088.0,150.08,22705.0,D,,,,,,
860730,2020-02-21,HCA,Hall Charles J,,0001209191-20-011758,2020-02-19,A,11679.0,0.0,215704.0,D,,,,,,
860730,2020-02-21,HCA,Hall Charles J,,0001209191-20-011758,2020-02-19,F,3615.0,150.08,212089.0,D,,,,,,
860730,2020-02-21,HCA,MOORE A BRUCE JR,,0001209191-20-011761,2020-02-19,F,2857.0,150.08,178902.0,D,,,,,,
860730,2020-02-21,HCA,Foster Jon M,,0001209191-20-011757,2020-02-19,F,3616.0,150.08,40203.0,D,,,,,,
860730,2020-02-21,HCA,Morrow J William,,0001209191-20-011764,2020-02-19,F,1796.0,150.08,14155.1196,D,,,,,,
860730,2020-02-21,HCA,Foster Jon M,,0001209191-20-011757,2020-02-19,A,11679.0,0.0,43819.0,D,,,,,,
860730,2020-02-21,HCA,Berres Jennifer,,0001209191-20-011746,2020-02-19,A,2345.0,0.0,5449.0,D,,,,,,
860730,2020-02-21,HCA,Englebright Jane D.,,0001209191-20-011756,2020-02-19,A,4678.0,0.0,15158.0,D,,,,,,
860730,2020-02-21,HCA,Englebright Jane D.,,0001209191-20-011756,2020-02-19,F,1169.0,150.08,13989.0,D,,,,,,
860730,2020-02-21,HCA,Cuffe Michael S.,,0001209191-20-011755,2020-02-19,A,9735.0,0.0,38469.2078,D,,,,,,
860730,2020-02-21,HCA,Cuffe Michael S.,,0001209191-20-011755,2020-02-19,F,2857.0,150.08,35612.2078,D,,,,,,
860730,2020-02-21,HCA,Billington Phillip G,,0001209191-20-011747,2020-02-19,A,3123.0,0.0,30556.0188,D,,,,,,
860730,2020-02-21,HCA,Billington Phillip G,,0001209191-20-011747,2020-02-19,F,793.0,150.08,29763.0188,D,,,,,,
860730,2020-02-21,HCA,Morgan Sandra L.,,0001209191-20-011762,2020-02-19,F,1171.0,150.08,10627.8654,D,,,,,,
860730,2020-02-21,HCA,Berres Jennifer,,0001209191-20-011746,2020-02-19,F,602.0,150.08,4847.0,D,,,,,,
860730,2020-02-21,HCA,Morgan Sandra L.,,0001209191-20-011762,2020-02-19,A,4678.0,0.0,11798.8654,D,,,,,,
860730,2020-02-21,HCA,MOORE A BRUCE JR,,0001209191-20-011761,2020-02-19,A,9735.0,0.0,181759.0,D,,,,,,
860730,2020-02-21,HCA,Whalen Kathleen M,,0001209191-20-011780,2020-02-19,A,1720.0,0.0,5684.0,D,,,,,,
860730,2020-02-21,HCA,Wyatt Christopher F.,,0001209191-20-011781,2020-02-19,F,1548.0,150.08,21937.0,D,,,,,,
860730,2020-02-21,HCA,Morrow J William,,0001209191-20-011764,2020-02-14,G,267.0,0.0,8928.1196,D,,,,,,
860730,2020-02-21,HCA,WATERMAN ROBERT A,,0001209191-20-011779,2020-02-19,F,3310.0,150.08,270246.0,D,,,,,,
860730,2020-02-21,HCA,Torres Kathryn A.,,0001209191-20-011778,2020-02-19,A,6234.0,0.0,13211.0,D,,,,,,
860730,2020-02-21,HCA,Torres Kathryn A.,,0001209191-20-011778,2020-02-19,F,1548.0,150.08,11663.0,D,,,,,,
860730,2020-02-21,HCA,Whalen Kathleen M,,0001209191-20-011780,2020-02-19,F,452.0,150.08,5232.0,D,,,,,,
860730,2020-02-21,HCA,WATERMAN ROBERT A,,0001209191-20-011779,2020-02-19,A,10901.0,0.0,273556.0,D,,,,,,
860730,2020-02-21,HCA,Paslick P. Martin,,0001209191-20-011765,2020-02-19,S,5167.0,150.0,5696.0,D,,,,,,
860730,2020-02-21,HCA,Paslick P. Martin,,0001209191-20-011765,2020-02-19,A,7790.0,0.0,12957.0,D,,,,,,
860730,2020-02-21,HCA,Sowell Joseph A III,,0001209191-20-011771,2020-02-19,A,7790.0,0.0,8436.0,D,,,,,,
860730,2020-02-21,HCA,Wyatt Christopher F.,,0001209191-20-011781,2020-02-19,A,6234.0,0.0,23485.0,D,,,,,,
860730,2020-02-21,HCA,RUTHERFORD BILL B,,0001209191-20-011769,2020-02-19,A,24125.0,0.0,59658.0,D,,,,,,
860730,2020-02-21,HCA,RUTHERFORD BILL B,,0001209191-20-011769,2020-02-19,F,8513.0,150.08,51145.0,D,,,,,,
860730,2020-02-21,HCA,Reiner Deborah M,,0001209191-20-011767,2020-02-19,A,2734.0,0.0,8218.0,D,,,,,,
860730,2020-02-21,HCA,Reiner Deborah M,,0001209191-20-011767,2020-02-19,F,2334.0,150.08,10562.0,D,,,,,,
860730,2020-02-21,HCA,Perlin Jonathan B,,0001209191-20-011766,2020-02-19,A,10901.0,0.0,120617.1549,D,,,,,,
860730,2020-02-21,HCA,Perlin Jonathan B,,0001209191-20-011766,2020-02-19,F,3310.0,150.08,117307.1549,D,,,,,,
860730,2020-02-21,HCA,Paslick P. Martin,,0001209191-20-011765,2020-02-19,F,2094.0,150.08,10863.0,D,,,,,,
860730,2020-02-21,HCA,Sowell Joseph A III,,0001209191-20-011771,2020-02-19,F,3066.0,150.08,5370.0,D,,,,,,
860730,2020-05-05,HCA,MICHELSON MICHAEL W,,0001209191-20-027345,2020-05-01,A,1668.0,0.0,5341.0,D,,,,,,
860730,2020-05-05,HCA,Dennis Robert J,,0001209191-20-027342,2020-05-01,A,1668.0,0.0,21782.0,D,,,,,,
860730,2020-05-05,HCA,DEPARLE NANCY ANN,,0001209191-20-027343,2020-05-01,A,1668.0,0.0,17700.0,D,,,,,,
860730,2020-05-05,HCA,CROFTON MEG,,0001209191-20-027341,2020-05-01,A,1668.0,0.0,3275.0,D,,,,,,
860730,2020-05-05,HCA,Foster Jon M,,0001209191-20-027340,2020-05-01,M,61875.0,37.18,102078.0,D,,,,,,
860730,2020-05-05,HCA,Riley Wayne Joseph,,0001209191-20-027346,2020-05-01,A,1668.0,0.0,15769.0,D,,,,,,
860730,2020-05-05,HCA,FRIST THOMAS F III,,0001209191-20-027347,2020-05-01,A,1668.0,0.0,6980.0,D,,,,,,
860730,2020-05-05,HCA,HOLLIDAY CHARLES O JR,,0001209191-20-027344,2020-05-01,A,1668.0,0.0,17172.0,D,,,,,,
860730,2020-05-05,HCA,Frist William R,,0001209191-20-027350,2020-05-01,A,1668.0,0.0,7036.0,D,,,,,,
860730,2020-05-05,HCA,Foster Jon M,,0001209191-20-027340,2020-05-01,F,37655.0,104.86,64423.0,D,,,,,,
860730,2020-05-08,HCA,Foster Jon M,,0001209191-20-028105,2020-05-06,S,15211.0,99.7053,49212.0,D,,,,,,
860730,2020-08-10,HCA,Paslick P. Martin,,0001209191-20-046014,2020-08-06,S,254.0,132.97,5442.0,D,,,,,,
860730,2020-08-10,HCA,Paslick P. Martin,,0001209191-20-046014,2020-08-07,S,2594.0,132.97,2848.0,D,,,,,,
860730,2020-08-13,HCA,Paslick P. Martin,,0001209191-20-046667,2020-08-11,S,227.0,134.97,2621.0,D,,,,,,
860730,2020-08-13,HCA,MOORE A BRUCE JR,,0001209191-20-046666,2020-02-06,G,14648.0,0.0,29296.0,I,,,,,,
860730,2020-08-13,HCA,MOORE A BRUCE JR,,0001209191-20-046666,2020-08-11,S,15000.0,133.731,88626.0,D,,,,,,
860730,2020-08-13,HCA,Hall Charles J,,0001209191-20-046665,2020-08-11,M,4000.0,68.96,219692.0,D,,,,,,
860730,2020-08-13,HCA,Hall Charles J,,0001209191-20-046665,2020-08-11,F,51573.0,131.59,230961.0,D,,,,,,
860730,2020-08-13,HCA,Hall Charles J,,0001209191-20-046665,2020-08-11,G,758.0,0.0,230203.0,D,,,,,,
860730,2020-08-13,HCA,Englebright Jane D.,,0001209191-20-046664,2020-08-11,S,5245.0,132.7091,8744.0,D,,,,,,
860730,2020-10-29,HCA,Morrow J William,,0001209191-20-056263,2020-10-27,F,13432.0,130.56,10576.2235,D,,,,,,
860730,2020-10-29,HCA,Morrow J William,,0001209191-20-056263,2020-10-27,M,10625.0,37.18,11983.2235,D,,,,,,
860730,2020-10-29,HCA,Morrow J William,,0001209191-20-056263,2020-05-12,G,6478.0,0.0,1358.2235,D,,,,,,
860730,2020-10-29,HCA,Morrow J William,,0001209191-20-056263,2020-10-27,S,1615.0,134.7089,4863.0,I,,,,,,
860730,2020-10-29,HCA,Morrow J William,,0001209191-20-056263,2020-05-08,G,10.0,0.0,7836.2235,D,,,,,,
860730,2020-10-29,HCA,Morrow J William,,0001209191-20-056263,2020-05-01,G,6487.0,0.0,7846.2235,D,,,,,,
860730,2020-10-29,HCA,Paslick P. Martin,,0001209191-20-056264,2020-10-27,S,850.0,133.5,1771.0,D,,,,,,
860730,2020-10-29,HCA,Morrow J William,,0001209191-20-056263,2020-05-11,G,6487.0,0.0,0.0,I,,,,,,
860730,2020-11-02,HCA,Whalen Kathleen M,,0001209191-20-056466,2020-10-29,S,1268.0,124.4064,3964.0,D,,,,,,
860730,2020-11-04,HCA,Morgan Sandra L.,,0001209191-20-056993,2020-11-02,S,5030.0,127.7464,5597.8654,D,,,,,,
860730,2020-11-05,HCA,HAZEN SAMUEL N,,0001209191-20-057212,2020-11-03,F,227540.0,136.09,390351.0,D,,,,,,
860730,2020-11-05,HCA,HAZEN SAMUEL N,,0001209191-20-057212,2020-11-03,M,93750.0,17.33,154516.0,D,,,,,,
860730,2020-11-05,HCA,HAZEN SAMUEL N,,0001209191-20-057212,2020-11-03,S,5000.0,136.6329,385351.0,D,,,,,,
860730,2020-11-05,HCA,RUTHERFORD BILL B,,0001209191-20-057213,2020-11-05,S,36250.0,139.329,18659.0,D,,,,,,
860730,2020-11-05,HCA,RUTHERFORD BILL B,,0001209191-20-057213,2020-11-05,M,6250.0,21.35,49909.0,D,,,,,,
860730,2020-11-05,HCA,RUTHERFORD BILL B,,0001209191-20-057213,2020-11-03,F,34061.0,136.09,43659.0,D,,,,,,
860730,2020-11-05,HCA,RUTHERFORD BILL B,,0001209191-20-057213,2020-11-03,M,50000.0,22.95,61145.0,D,,,,,,
860730,2020-11-05,HCA,Paslick P. Martin,,0001209191-20-057214,2020-11-03,S,1771.0,133.5,0.0,D,,,,,,
860730,2020-11-09,HCA,Hall Charles J,,0001209191-20-057535,2020-11-05,S,15000.0,139.3617,215203.0,D,,,,,,
860730,2020-11-09,HCA,Paslick P. Martin,,0001209191-20-057536,2020-11-09,S,3948.0,148.0707,0.0,D,,,,,,
860730,2020-11-09,HCA,Berres Jennifer,,0001209191-20-057533,2020-11-05,S,3472.0,139.1872,1375.0,D,,,,,,
860730,2020-11-09,HCA,Englebright Jane D.,,0001209191-20-057534,2020-11-09,S,1745.0,147.0,5254.0,D,,,,,,
860730,2020-11-09,HCA,Englebright Jane D.,,0001209191-20-057534,2020-11-05,S,1745.0,139.5,6999.0,D,,,,,,
860730,2020-11-09,HCA,Paslick P. Martin,,0001209191-20-057536,2020-11-05,F,6052.0,137.56,3948.0,D,,,,,,
860730,2020-11-09,HCA,Paslick P. Martin,,0001209191-20-057536,2020-11-05,M,10000.0,47.97,10000.0,D,,,,,,
860730,2020-11-09,HCA,Perlin Jonathan B,,0001209191-20-057537,2020-11-09,S,5531.0,147.3639,17531.7241,D,,,,,,
860730,2020-11-09,HCA,Perlin Jonathan B,,0001209191-20-057537,2020-11-05,M,12500.0,37.18,30031.7241,D,,,,,,
860730,2020-11-09,HCA,Perlin Jonathan B,,0001209191-20-057537,2020-08-07,G,50000.0,0.0,0.0,I,,,,,,
860730,2020-11-09,HCA,Perlin Jonathan B,,0001209191-20-057537,2020-05-11,G,50000.0,0.0,17531.7241,D,,,,,,
860730,2020-11-09,HCA,Perlin Jonathan B,,0001209191-20-057537,2020-05-01,G,50000.0,0.0,67531.7241,D,,,,,,
860730,2020-11-09,HCA,Perlin Jonathan B,,0001209191-20-057537,2020-11-05,F,6969.0,137.56,23062.7241,D,,,,,,
860730,2020-11-12,HCA,Paslick P. Martin,,0001209191-20-058186,2020-11-09,F,5911.0,147.32,4089.0,D,,,,,,
860730,2020-11-12,HCA,Paslick P. Martin,,0001209191-20-058186,2020-11-09,M,10000.0,47.97,10000.0,D,,,,,,
860730,2020-11-12,HCA,Hall Charles J,,0001209191-20-058188,2020-11-10,S,6536.0,154.4579,200517.0,D,,,,,,
860730,2020-11-12,HCA,Hall Charles J,,0001209191-20-058188,2020-10-30,G,8150.0,0.0,207053.0,D,,,,,,
860730,2020-11-12,HCA,Perlin Jonathan B,,0001209191-20-058190,2020-11-11,G,7802.0,0.0,26731.7241,D,,,,,,
860730,2020-11-12,HCA,Perlin Jonathan B,,0001209191-20-058190,2020-11-09,F,20498.0,147.32,34533.7241,D,,,,,,
860730,2020-11-12,HCA,Perlin Jonathan B,,0001209191-20-058190,2020-11-09,M,37500.0,37.18,55031.7241,D,,,,,,
860730,2020-11-17,HCA,Paslick P. Martin,,0001209191-20-058917,2020-11-13,G,64000.0,0.0,4089.0,D,,,,,,
860730,2020-11-17,HCA,Morrow J William,,0001209191-20-058916,2020-11-16,G,117.0,0.0,1241.2235,D,,,,,,
860730,2020-11-17,HCA,Morrow J William,,0001209191-20-058916,2020-11-16,S,7868.0,151.75,1358.2235,D,,,,,,
860730,2020-11-17,HCA,Morrow J William,,0001209191-20-058916,2020-11-13,S,1350.0,149.75,9226.2235,D,,,,,,
860730,2020-11-17,HCA,Paslick P. Martin,,0001209191-20-058917,2020-11-13,S,319.0,149.47,3770.0,D,,,,,,
860730,2020-11-17,HCA,Paslick P. Martin,,0001209191-20-058917,2020-11-16,S,3770.0,151.75,0.0,D,,,,,,
860730,2020-11-17,HCA,Perlin Jonathan B,,0001209191-20-058918,2020-11-13,S,17002.0,149.5,1927.7241,D,,,,,,
860730,2020-11-17,HCA,Perlin Jonathan B,,0001209191-20-058918,2020-11-16,F,24257.0,151.82,22420.7241,D,,,,,,
860730,2020-11-17,HCA,Perlin Jonathan B,,0001209191-20-058918,2020-11-13,G,7802.0,0.0,0.0,I,,,,,,
860730,2020-11-17,HCA,Reiner Deborah M,,0001209191-20-058919,2020-11-16,S,5078.0,151.75,5484.0,D,,,,,,
860730,2020-11-17,HCA,Paslick P. Martin,,0001209191-20-058917,2020-11-12,G,64000.0,0.0,63999.0,I,,,,,,
860730,2020-11-17,HCA,Perlin Jonathan B,,0001209191-20-058918,2020-11-16,M,44750.0,37.18,46677.7241,D,,,,,,
860730,2020-11-19,HCA,Reiner Deborah M,,0001209191-20-059529,2020-11-17,M,1605.0,81.96,7089.0,D,,,,,,
860730,2020-11-19,HCA,Reiner Deborah M,,0001209191-20-059529,2020-11-17,F,5771.0,153.03,6750.0,D,,,,,,
860730,2020-11-27,HCA,Reiner Deborah M,,0001209191-20-060650,2020-11-24,S,1266.0,155.0,5484.0,D,,,,,,
860730,2021-02-05,HCA,MOORE A BRUCE JR,,0001209191-21-008346,2021-02-03,F,22848.0,173.12,115778.0,D,,,,,,
860730,2021-02-05,HCA,MOORE A BRUCE JR,,0001209191-21-008346,2021-02-05,S,10000.0,179.93,105778.0,D,,,,,,
860730,2021-02-05,HCA,Perlin Jonathan B,,0001209191-21-008350,2021-02-04,F,37721.0,179.3,54074.7241,D,,,,,,
860730,2021-02-05,HCA,Paslick P. Martin,,0001209191-21-008349,2021-02-04,M,10525.0,47.97,10525.0,D,,,,,,
860730,2021-02-05,HCA,Paslick P. Martin,,0001209191-21-008349,2021-02-04,F,5025.0,179.3,5500.0,D,,,,,,
860730,2021-02-05,HCA,MOORE A BRUCE JR,,0001209191-21-008346,2021-02-03,M,50000.0,22.95,138626.0,D,,,,,,
860730,2021-02-05,HCA,Foster Jon M,,0001209191-21-008343,2020-11-04,G,34039.0,0.0,34039.0,D,,,,,,
860730,2021-02-05,HCA,Cuffe Michael S.,,0001209191-21-008341,2021-02-03,F,23772.0,173.12,49549.2542,D,,,,,,
860730,2021-02-05,HCA,Cuffe Michael S.,,0001209191-21-008341,2021-02-03,S,7574.0,171.1653,41975.2542,D,,,,,,
860730,2021-02-05,HCA,Cuffe Michael S.,,0001209191-21-008341,2021-02-05,S,13718.0,176.2241,28257.2542,D,,,,,,
860730,2021-02-05,HCA,Foster Jon M,,0001209191-21-008343,2020-11-10,G,34039.0,0.0,0.0,I,,,,,,
860730,2021-02-05,HCA,Foster Jon M,,0001209191-21-008343,2021-02-04,M,12000.0,47.97,12000.0,D,,,,,,
860730,2021-02-05,HCA,Foster Jon M,,0001209191-21-008343,2021-02-04,F,5829.0,179.3,6171.0,D,,,,,,
860730,2021-02-05,HCA,Cuffe Michael S.,,0001209191-21-008341,2021-02-03,M,20490.0,69.58,56321.2542,D,,,,,,
860730,2021-02-05,HCA,Perlin Jonathan B,,0001209191-21-008350,2021-02-04,M,69375.0,47.97,91795.7241,D,,,,,,
860730,2021-02-05,HCA,RUTHERFORD BILL B,,0001209191-21-008352,2020-11-06,G,250.0,0.0,18409.0,D,,,,,,
860730,2021-02-05,HCA,Torres Kathryn A.,,0001209191-21-008354,2021-02-04,F,6733.0,179.3,14397.0,D,,,,,,
860730,2021-02-05,HCA,Riley Wayne Joseph,,0001209191-21-008359,2021-02-03,S,1650.0,166.19,14119.0,D,,,,,,
860730,2021-02-05,HCA,WATERMAN ROBERT A,,0001209191-21-008355,2021-02-03,M,125000.0,22.95,395246.0,D,,,,,,
860730,2021-02-05,HCA,Riley Wayne Joseph,,0001209191-21-008359,2021-02-04,S,1650.0,175.0,12469.0,D,,,,,,
860730,2021-02-05,HCA,Whalen Kathleen M,,0001209191-21-008356,2021-02-04,S,280.0,177.11,3684.0,D,,,,,,
860730,2021-02-05,HCA,Whalen Kathleen M,,0001209191-21-008356,2021-02-04,G,415.0,0.0,3269.0,D,,,,,,
860730,2021-02-05,HCA,Whalen Kathleen M,,0001209191-21-008356,2021-02-04,F,653.0,179.3,4016.0,D,,,,,,
860730,2021-02-05,HCA,Whalen Kathleen M,,0001209191-21-008356,2021-02-04,M,1400.0,47.97,4669.0,D,,,,,,
860730,2021-02-05,HCA,Torres Kathryn A.,,0001209191-21-008354,2021-02-03,S,1550.0,170.94,15496.0,D,,,,,,
860730,2021-02-05,HCA,Torres Kathryn A.,,0001209191-21-008354,2021-02-04,S,776.0,174.94,14720.0,D,,,,,,
860730,2021-02-05,HCA,Torres Kathryn A.,,0001209191-21-008354,2021-02-04,M,9150.0,101.16,21130.0,D,,,,,,
860730,2021-02-05,HCA,WATERMAN ROBERT A,,0001209191-21-008355,2021-02-03,F,140711.0,173.12,407035.0,D,,,,,,
860730,2021-02-05,HCA,WATERMAN ROBERT A,,0001209191-21-008355,2021-02-05,S,62936.0,177.3761,344099.0,D,,,,,,
860730,2021-02-05,HCA,Torres Kathryn A.,,0001209191-21-008354,2021-02-03,M,1293.0,69.58,12956.0,D,,,,,,
860730,2021-02-05,HCA,Torres Kathryn A.,,0001209191-21-008354,2021-02-03,F,8375.0,173.12,17046.0,D,,,,,,
860730,2021-02-10,HCA,Wyatt Christopher F.,,0001209191-21-009448,2021-02-08,M,8000.0,68.96,29937.0,D,,,,,,
860730,2021-02-10,HCA,Wyatt Christopher F.,,0001209191-21-009448,2021-02-08,F,4308.0,178.94,25629.0,D,,,,,,
860730,2021-02-10,HCA,Foster Jon M,,0001209191-21-009447,2021-02-08,S,6171.0,176.44,0.0,D,,,,,,
860730,2021-02-22,HCA,Morrow J William,,0001209191-21-013000,2021-02-18,A,6091.0,0.0,7145.2729,D,,,,,,
860730,2021-02-22,HCA,Morgan Sandra L.,,0001209191-21-012998,2021-02-18,A,6091.0,0.0,11688.8654,D,,,,,,
860730,2021-02-22,HCA,Morgan Sandra L.,,0001209191-21-012998,2021-02-18,F,1567.0,174.61,10121.8654,D,,,,,,
860730,2021-02-22,HCA,HAZEN SAMUEL N,,0001209191-21-012996,2021-02-18,A,48635.0,0.0,317111.0,D,,,,,,
860730,2021-02-22,HCA,Billington Phillip G,,0001209191-21-012991,2021-02-18,F,3164.0,174.61,36973.98,D,,,,,,
860730,2021-02-22,HCA,Morrow J William,,0001209191-21-013000,2021-02-18,F,1567.0,174.61,5578.2729,D,,,,,,
860730,2021-02-22,HCA,Hall Charles J,,0001209191-21-012995,2021-02-18,F,6384.0,174.61,215876.0,D,,,,,,
860730,2021-02-22,HCA,Foster Jon M,,0001209191-21-012994,2021-02-18,A,16222.0,0.0,16222.0,D,,,,,,
860730,2021-02-22,HCA,Foster Jon M,,0001209191-21-012994,2021-02-18,F,6384.0,174.61,9838.0,D,,,,,,
860730,2021-02-22,HCA,Hall Charles J,,0001209191-21-012995,2021-02-18,A,16222.0,0.0,222260.0,D,,,,,,
860730,2021-02-22,HCA,HAZEN SAMUEL N,,0001209191-21-012996,2021-02-18,F,18282.0,174.61,298829.0,D,,,,,,
860730,2021-02-22,HCA,Billington Phillip G,,0001209191-21-012991,2021-02-18,A,4055.0,0.0,34046.98,D,,,,,,
860730,2021-02-22,HCA,Paslick P. Martin,,0001209191-21-013001,2021-02-18,A,12166.0,0.0,17666.0,D,,,,,,
860730,2021-02-22,HCA,Whalen Kathleen M,,0001209191-21-013011,2021-02-18,F,2575.0,174.61,9763.0,D,,,,,,
860730,2021-02-22,HCA,Reiner Deborah M,,0001209191-21-013006,2021-02-18,F,1567.0,174.61,10008.0,D,,,,,,
860730,2021-02-22,HCA,RUTHERFORD BILL B,,0001209191-21-013007,2021-02-18,F,11522.0,174.61,38306.0,D,,,,,,
860730,2021-02-22,HCA,RUTHERFORD BILL B,,0001209191-21-013007,2021-02-18,A,31419.0,0.0,49828.0,D,,,,,,
860730,2021-02-22,HCA,Torres Kathryn A.,,0001209191-21-013009,2021-02-18,F,3192.0,174.61,19316.0,D,,,,,,
860730,2021-02-22,HCA,Wyatt Christopher F.,,0001209191-21-013013,2021-02-18,A,8111.0,0.0,33740.0,D,,,,,,
860730,2021-02-22,HCA,Torres Kathryn A.,,0001209191-21-013009,2021-02-18,A,8111.0,0.0,22508.0,D,,,,,,
860730,2021-02-22,HCA,Whalen Kathleen M,,0001209191-21-013011,2021-02-18,A,2231.0,0.0,6247.0,D,,,,,,
860730,2021-02-22,HCA,Wyatt Christopher F.,,0001209191-21-013013,2021-02-19,S,3200.0,177.0561,28180.0,D,,,,,,
860730,2021-02-22,HCA,Wyatt Christopher F.,,0001209191-21-013013,2021-02-18,F,2360.0,174.61,31380.0,D,,,,,,
860730,2021-02-22,HCA,Paslick P. Martin,,0001209191-21-013001,2021-02-18,F,4788.0,174.61,12878.0,D,,,,,,
860730,2021-02-22,HCA,Reiner Deborah M,,0001209191-21-013006,2021-02-18,A,6091.0,0.0,11575.0,D,,,,,,
860730,2021-02-25,HCA,WATERMAN ROBERT A,,0001209191-21-014497,2021-02-24,S,13497.0,178.2012,339205.0,D,,,,,,
860730,2021-02-25,HCA,Englebright Jane D.,,0001209191-21-014496,2021-02-23,S,600.0,175.7467,8660.0,D,,,,,,
860730,2021-03-10,HCA,Foster Jon M,,0001209191-21-019636,2021-03-10,S,5432.0,186.18,9838.0,D,,,,,,
860730,2021-03-10,HCA,Foster Jon M,,0001209191-21-019636,2021-03-08,F,6568.0,189.21,15270.0,D,,,,,,
860730,2021-03-10,HCA,Foster Jon M,,0001209191-21-019636,2021-03-08,M,12000.0,47.97,21838.0,D,,,,,,
860730,2021-03-10,HCA,Riley Wayne Joseph,,0001209191-21-019639,2021-03-08,S,1650.0,190.0,10819.0,D,,,,,,
860730,2021-04-20,HCA,Foster Jon M,,0001209191-21-027689,2021-04-16,M,12000.0,47.97,21838.0,D,,,,,,
860730,2021-04-20,HCA,Foster Jon M,,0001209191-21-027689,2021-04-16,F,6496.0,196.93,15342.0,D,,,,,,
860730,2021-04-20,HCA,Foster Jon M,,0001209191-21-027689,2021-04-20,S,5504.0,194.9,9838.0,D,,,,,,
860730,2021-04-27,HCA,Perlin Jonathan B,,0001209191-21-028737,2021-04-23,M,24000.0,68.96,86818.9415,D,,,,,,
860730,2021-04-27,HCA,Perlin Jonathan B,,0001209191-21-028737,2021-04-23,F,74065.0,202.5,101208.9415,D,,,,,,
860730,2021-04-27,HCA,Perlin Jonathan B,,0001209191-21-028737,2021-04-23,S,37305.0,200.0303,63903.9415,D,,,,,,
860730,2021-04-27,HCA,Perlin Jonathan B,,0001209191-21-028737,2021-04-27,G,25000.0,0.0,32802.0,I,,,,,,
860730,2021-04-27,HCA,Perlin Jonathan B,,0001209191-21-028737,2021-04-27,S,25000.0,200.0849,0.0,I,,,,,,
860730,2021-04-30,HCA,HOLLIDAY CHARLES O JR,,0001209191-21-029401,2021-04-28,A,881.0,0.0,18053.0,D,,,,,,
860730,2021-04-30,HCA,Dennis Robert J,,0001209191-21-029381,2021-04-28,A,881.0,0.0,22663.0,D,,,,,,
860730,2021-04-30,HCA,DEPARLE NANCY ANN,,0001209191-21-029382,2021-04-28,A,881.0,0.0,18581.0,D,,,,,,
860730,2021-04-30,HCA,FRIST THOMAS F III,,0001209191-21-029398,2021-04-28,A,1938.0,0.0,8918.0,D,,,,,,
860730,2021-04-30,HCA,Frist William R,,0001209191-21-029400,2021-04-28,A,1435.0,0.0,8471.0,D,,,,,,
860730,2021-04-30,HCA,CROFTON MEG,,0001209191-21-029380,2021-04-28,A,881.0,0.0,4156.0,D,,,,,,
860730,2021-04-30,HCA,MICHELSON MICHAEL W,,0001209191-21-029402,2021-04-28,A,1435.0,0.0,6776.0,D,,,,,,
860730,2021-04-30,HCA,Riley Wayne Joseph,,0001209191-21-029403,2021-04-28,A,881.0,0.0,11700.0,D,,,,,,
860730,2021-04-30,HCA,WATERMAN ROBERT A,,0001209191-21-029404,2021-04-30,S,1843.0,203.0577,131315.0,D,,,,,,
860730,2021-04-30,HCA,WATERMAN ROBERT A,,0001209191-21-029404,2021-04-29,S,4641.0,200.2982,201363.0,D,,,,,,
860730,2021-04-30,HCA,WATERMAN ROBERT A,,0001209191-21-029404,2021-04-28,S,8759.0,198.7512,270090.0,D,,,,,,
860730,2021-05-03,HCA,Cuffe Michael S.,,0001209191-21-029641,2021-04-29,M,5930.0,81.96,42827.3238,D,,,,,,
860730,2021-05-03,HCA,Cuffe Michael S.,,0001209191-21-029641,2021-04-29,F,3794.0,201.94,39033.3238,D,,,,,,
860730,2021-05-03,HCA,Cuffe Michael S.,,0001209191-21-029641,2021-04-29,S,18664.0,201.5315,20369.3238,D,,,,,,
860730,2021-05-05,HCA,Torres Kathryn A.,,0001209191-21-030489,2021-05-03,S,2417.0,204.3206,16899.0,D,,,,,,
860730,2021-05-05,HCA,MOORE A BRUCE JR,,0001209191-21-030488,2021-05-03,S,12000.0,205.3202,102381.0,D,,,,,,
860730,2021-05-06,HCA,Paslick P. Martin,,0001209191-21-030750,2021-05-04,F,11328.0,206.34,20550.0,D,,,,,,
860730,2021-05-06,HCA,Paslick P. Martin,,0001209191-21-030750,2021-05-06,S,7672.0,207.55,12878.0,D,,,,,,
860730,2021-05-06,HCA,Paslick P. Martin,,0001209191-21-030750,2021-05-04,M,19000.0,68.96,31878.0,D,,,,,,
860730,2021-05-13,HCA,Reiner Deborah M,,0001209191-21-032498,2021-05-11,S,3432.0,208.33,6576.0,D,,,,,,
860730,2021-07-23,HCA,Paslick P. Martin,,0001209191-21-048073,2021-07-21,M,17080.0,69.58,29958.0,D,,,,,,
860730,2021-07-23,HCA,Paslick P. Martin,,0001209191-21-048073,2021-07-21,F,9614.0,249.25,20344.0,D,,,,,,
860730,2021-07-23,HCA,Torres Kathryn A.,,0001209191-21-048069,2021-07-21,S,1000.0,252.0,15899.0,D,,,,,,
860730,2021-07-26,HCA,Whalen Kathleen M,,0001209191-21-048222,2021-07-22,S,886.0,246.8982,8877.0,D,,,,,,
860730,2021-07-29,HCA,Englebright Jane D.,,0001209191-21-048652,2021-07-29,S,200.0,249.36,7327.0,D,,,,,,
860730,2021-07-29,HCA,Paslick P. Martin,,0001209191-21-048657,2021-07-27,S,7466.0,250.0,12878.0,D,,,,,,
860730,2021-07-29,HCA,Englebright Jane D.,,0001209191-21-048652,2021-07-27,M,3300.0,47.97,6809.0,D,,,,,,
860730,2021-07-29,HCA,Hall Charles J,,0001209191-21-048654,2021-02-12,G,5736.0,0.0,210140.0,D,,,,,,
860730,2021-07-29,HCA,Hall Charles J,,0001209191-21-048654,2021-07-26,G,3270.0,0.0,206870.0,D,,,,,,
860730,2021-07-29,HCA,Hall Charles J,,0001209191-21-048654,2021-07-27,S,3000.0,249.94,203870.0,D,,,,,,
860730,2021-07-29,HCA,Englebright Jane D.,,0001209191-21-048652,2021-07-27,F,4782.0,247.69,7527.0,D,,,,,,
860730,2021-08-03,HCA,Englebright Jane D.,,0001209191-21-049480,2021-07-30,S,2900.0,249.4317,4427.0,D,,,,,,
860730,2021-08-03,HCA,Englebright Jane D.,,0001209191-21-049480,2021-08-02,S,409.0,249.568,4018.0,D,,,,,,
860730,2021-08-04,HCA,Perlin Jonathan B,,0001209191-21-049818,2021-08-02,S,20000.0,250.0,0.0,I,,,,,,
860730,2021-08-04,HCA,Perlin Jonathan B,,0001209191-21-049818,2021-04-30,G,23445.0,0.0,2085.1606,D,,,,,,
860730,2021-08-04,HCA,Hall Charles J,,0001209191-21-049817,2021-08-03,S,3000.0,251.94,197870.0,D,,,,,,
860730,2021-08-04,HCA,Perlin Jonathan B,,0001209191-21-049818,2021-07-28,G,3846.0,0.0,0.0,I,,,,,,
860730,2021-08-04,HCA,Hall Charles J,,0001209191-21-049817,2021-08-02,S,3000.0,250.94,200870.0,D,,,,,,
860730,2021-08-05,HCA,MOORE A BRUCE JR,,0001209191-21-050053,2021-08-03,M,37500.0,37.18,139881.0,D,,,,,,
860730,2021-08-05,HCA,MOORE A BRUCE JR,,0001209191-21-050053,2021-08-03,F,18093.0,253.51,121788.0,D,,,,,,
860730,2021-08-05,HCA,Cuffe Michael S.,,0001209191-21-050052,2021-08-03,S,2500.0,251.9098,17914.3007,D,,,,,,
860730,2021-08-09,HCA,Englebright Jane D.,,0001209191-21-050439,2021-08-05,S,4018.0,250.1236,0.0,D,,,,,,
860730,2021-09-03,HCA,Johnston Hugh F,,0001209191-21-054775,2021-09-01,A,455.0,0.0,465.0,D,,,,,,
860730,2021-11-02,HCA,HAZEN SAMUEL N,,0001209191-21-062527,2021-10-29,F,77790.0,250.46,373664.0,D,,,,,,
860730,2021-11-02,HCA,HAZEN SAMUEL N,,0001209191-21-062527,2021-10-29,M,152625.0,47.97,451454.0,D,,,,,,
860730,2021-11-02,HCA,RUTHERFORD BILL B,,0001209191-21-062528,2021-10-29,F,40073.0,250.46,88009.0,D,,,,,,
860730,2021-11-02,HCA,HAZEN SAMUEL N,,0001209191-21-062527,2021-11-02,S,8581.0,250.9647,365083.0,D,,,,,,
860730,2021-11-02,HCA,RUTHERFORD BILL B,,0001209191-21-062528,2021-07-28,G,200.0,0.0,49457.0,D,,,,,,
860730,2021-11-02,HCA,RUTHERFORD BILL B,,0001209191-21-062528,2021-10-29,M,78625.0,47.97,128082.0,D,,,,,,
860730,2021-11-02,HCA,Wyatt Christopher F.,,0001209191-21-062529,2021-10-29,F,3087.0,250.46,29920.0,D,,,,,,
860730,2021-11-02,HCA,Wyatt Christopher F.,,0001209191-21-062529,2021-10-29,M,5260.0,79.8,33007.0,D,,,,,,
860730,2021-11-04,HCA,Whalen Kathleen M,,0001209191-21-062999,2021-11-02,M,3325.0,47.97,12202.0,D,,,,,,
860730,2021-11-04,HCA,Whalen Kathleen M,,0001209191-21-062999,2021-11-02,F,4510.0,248.44,12692.0,D,,,,,,
860730,2021-11-04,HCA,Whalen Kathleen M,,0001209191-21-062999,2021-11-04,S,3815.0,250.4844,8877.0,D,,,,,,
860730,2021-11-05,HCA,RUTHERFORD BILL B,,0001209191-21-063264,2021-11-03,S,9353.0,250.0,78656.0,D,,,,,,
860730,2021-11-05,HCA,RUTHERFORD BILL B,,0001209191-21-063264,2021-11-04,S,20647.0,250.0,58009.0,D,,,,,,
860730,2021-11-05,HCA,Englebright Jane D.,,0001209191-21-063265,2021-11-03,M,7688.0,69.58,7688.0,D,,,,,,
860730,2021-11-05,HCA,Englebright Jane D.,,0001209191-21-063265,2021-11-03,F,4324.0,250.0,3364.0,D,,,,,,
860730,2021-11-09,HCA,Wyatt Christopher F.,,0001209191-21-063722,2021-11-05,S,2100.0,252.94,27820.0,D,,,,,,
860730,2021-11-09,HCA,Berres Jennifer,,0001209191-21-063720,2021-11-05,M,5130.0,69.58,8510.0,D,,,,,,
860730,2021-11-09,HCA,Berres Jennifer,,0001209191-21-063720,2021-11-05,F,6163.0,248.27,7857.0,D,,,,,,
860730,2021-11-10,HCA,Torres Kathryn A.,,0001209191-21-063966,2021-11-08,M,5335.0,139.06,21234.0,D,,,,,,
860730,2021-11-10,HCA,Torres Kathryn A.,,0001209191-21-063966,2021-11-08,F,5986.0,247.63,18008.0,D,,,,,,
860730,2021-11-10,HCA,Billington Phillip G,,0001209191-21-063964,2021-11-08,M,15000.0,22.95,52109.427,D,,,,,,
860730,2021-11-10,HCA,Billington Phillip G,,0001209191-21-063964,2021-11-08,F,6748.0,247.63,45361.427,D,,,,,,
860730,2021-11-10,HCA,Billington Phillip G,,0001209191-21-063964,2021-11-10,S,8252.0,246.255,37109.427,D,,,,,,
860730,2021-11-12,HCA,Englebright Jane D.,,0001209191-21-064276,2021-11-09,S,3364.0,249.6103,0.0,D,,,,,,
860730,2021-11-12,HCA,Foster Jon M,,0001209191-21-064277,2021-11-09,M,33375.0,47.97,33375.0,D,,,,,,
860730,2021-11-12,HCA,Foster Jon M,,0001209191-21-064277,2021-11-09,F,17081.0,246.14,16294.0,D,,,,,,
860730,2021-11-12,HCA,Foster Jon M,,0001209191-21-064277,2021-11-11,S,9000.0,241.1695,7294.0,D,,,,,,
860730,2021-11-12,HCA,Foster Jon M,,0001209191-21-064277,2021-05-13,G,4919.0,0.0,0.0,I,,,,,,
860730,2021-11-12,HCA,Foster Jon M,,0001209191-21-064277,2021-05-12,G,4919.0,0.0,4919.0,D,,,,,,
860730,2021-11-12,HCA,Reiner Deborah M,,0001209191-21-064279,2021-11-10,S,2052.0,246.2285,4524.0,D,,,,,,
860730,2022-01-03,HCA,Sowell Joseph A III,,0001209191-22-000339,2021-12-29,M,42750.0,37.18,55107.0,D,,,,,,
860730,2022-01-03,HCA,Sowell Joseph A III,,0001209191-22-000339,2021-12-29,F,20552.0,258.49,34555.0,D,,,,,,
860730,2022-02-01,HCA,RUTHERFORD BILL B,,0001209191-22-006084,2021-11-03,G,200.0,0.0,57809.0,D,,,,,,
860730,2022-02-01,HCA,Paslick P. Martin,,0001209191-22-006082,2021-11-11,G,4000.0,0.0,60000.0,I,,,,,,
860730,2022-02-01,HCA,Paslick P. Martin,,0001209191-22-006082,2021-11-12,G,4000.0,0.0,12878.0,D,,,,,,
860730,2022-02-01,HCA,Mosier Sammie S,,0001209191-22-006080,2022-01-29,M,323.0,,5297.0,D,,,,,,
860730,2022-02-01,HCA,Mosier Sammie S,,0001209191-22-006080,2022-01-29,F,96.0,236.61,5201.0,D,,,,,,
860730,2022-02-01,HCA,Hall Charles J,,0001209191-22-006073,2021-10-27,G,4170.0,0.0,190700.0,D,,,,,,
860730,2022-02-01,HCA,Smith Andrea B,,0001209191-22-006093,2022-01-28,A,177.0,0.0,177.0,D,,,,,,
860730,2022-02-01,HCA,Mosier Sammie S,,0001209191-22-006080,2022-01-30,M,272.0,,5473.0,D,,,,,,
860730,2022-02-01,HCA,Mosier Sammie S,,0001209191-22-006080,2022-01-30,F,73.0,236.61,5400.0,D,,,,,,
860730,2022-02-01,HCA,Mosier Sammie S,,0001209191-22-006080,2022-01-31,M,273.0,,5673.0,D,,,,,,
860730,2022-02-01,HCA,Mosier Sammie S,,0001209191-22-006080,2022-01-31,F,66.0,240.05,5607.0,D,,,,,,
860730,2022-02-07,HCA,Mosier Sammie S,,0001209191-22-007602,2022-02-03,M,137.0,,5744.0,D,,,,,,
860730,2022-02-07,HCA,Mosier Sammie S,,0001209191-22-007602,2022-02-03,F,34.0,240.86,5710.0,D,,,,,,
860730,2022-02-18,HCA,MOORE A BRUCE JR,,0001209191-22-011461,2022-02-17,S,9367.0,253.1763,91788.0,D,,,,,,
860730,2022-02-18,HCA,MOORE A BRUCE JR,,0001209191-22-011461,2022-02-16,S,20633.0,244.0113,101155.0,D,,,,,,
860730,2022-02-23,HCA,HAZEN SAMUEL N,,0001209191-22-012408,2022-02-18,F,35830.0,244.1,378885.0,D,,,,,,
860730,2022-02-23,HCA,Hall Charles J,,0001209191-22-012407,2022-02-18,F,6082.0,244.1,201638.0,D,,,,,,
860730,2022-02-23,HCA,Cuffe Michael S.,,0001209191-22-012404,2022-02-18,A,10840.0,0.0,28801.706,D,,,,,,
860730,2022-02-23,HCA,MOORE A BRUCE JR,,0001209191-22-012411,2022-02-18,F,3656.0,244.1,98972.0,D,,,,,,
860730,2022-02-23,HCA,Foster Jon M,,0001209191-22-012405,2022-02-18,F,6082.0,244.1,10938.0,D,,,,,,
860730,2022-02-23,HCA,Berres Jennifer,,0001209191-22-012400,2022-02-18,F,2827.0,244.1,13750.0,D,,,,,,
860730,2022-02-23,HCA,Foster Jon M,,0001209191-22-012405,2022-02-18,A,17020.0,0.0,17020.0,D,,,,,,
860730,2022-02-23,HCA,HAZEN SAMUEL N,,0001209191-22-012408,2022-02-18,A,85040.0,0.0,408704.0,D,,,,,,
860730,2022-02-23,HCA,HAZEN SAMUEL N,,0001209191-22-012408,2022-02-18,M,6011.0,,414715.0,D,,,,,,
860730,2022-02-23,HCA,Cuffe Michael S.,,0001209191-22-012404,2022-02-18,F,3658.0,244.1,25143.706,D,,,,,,
860730,2022-02-23,HCA,Cohen Jeffrey E.,,0001209191-22-012402,2022-02-18,A,4640.0,0.0,4640.0,D,,,,,,
860730,2022-02-23,HCA,Cohen Jeffrey E.,,0001209191-22-012402,2022-02-18,F,1634.0,244.1,3006.0,D,,,,,,
860730,2022-02-23,HCA,Billington Phillip G,,0001209191-22-012401,2022-02-18,A,4640.0,0.0,41749.427,D,,,,,,
860730,2022-02-23,HCA,Billington Phillip G,,0001209191-22-012401,2022-02-18,F,1224.0,244.1,40525.427,D,,,,,,
860730,2022-02-23,HCA,Berres Jennifer,,0001209191-22-012400,2022-02-18,A,2520.0,0.0,10377.0,D,,,,,,
860730,2022-02-23,HCA,MOORE A BRUCE JR,,0001209191-22-012411,2022-02-18,A,10840.0,0.0,102628.0,D,,,,,,
860730,2022-02-23,HCA,Hall Charles J,,0001209191-22-012407,2022-02-18,A,17020.0,0.0,207720.0,D,,,,,,
860730,2022-02-23,HCA,Whalen Kathleen M,,0001209191-22-012423,2022-02-18,A,4640.0,0.0,13097.0,D,,,,,,
860730,2022-02-23,HCA,Mosier Sammie S,,0001209191-22-012413,2022-02-18,F,229.0,244.1,6421.0,D,,,,,,
860730,2022-02-23,HCA,Whalen Kathleen M,,0001209191-22-012423,2022-02-18,F,1224.0,244.1,11873.0,D,,,,,,
860730,2022-02-23,HCA,Torres Kathryn A.,,0001209191-22-012422,2022-02-18,A,6200.0,0.0,24208.0,D,,,,,,
860730,2022-02-23,HCA,Mosier Sammie S,,0001209191-22-012413,2022-02-18,A,940.0,0.0,6650.0,D,,,,,,
860730,2022-02-23,HCA,Sowell Joseph A III,,0001209191-22-012420,2022-02-18,A,7740.0,0.0,31619.0,D,,,,,,
860730,2022-02-23,HCA,Sowell Joseph A III,,0001209191-22-012420,2022-02-18,F,3046.0,244.1,28573.0,D,,,,,,
860730,2022-02-23,HCA,Torres Kathryn A.,,0001209191-22-012422,2022-02-18,F,1836.0,244.1,22372.0,D,,,,,,
860730,2022-02-23,HCA,Wyatt Christopher F.,,0001209191-22-012425,2022-02-18,F,1836.0,244.1,32184.0,D,,,,,,
860730,2022-02-23,HCA,Wyatt Christopher F.,,0001209191-22-012425,2022-02-18,A,6200.0,0.0,34020.0,D,,,,,,
860730,2022-02-23,HCA,RUTHERFORD BILL B,,0001209191-22-012419,2022-02-18,A,23980.0,0.0,81789.0,D,,,,,,
860730,2022-02-23,HCA,RUTHERFORD BILL B,,0001209191-22-012419,2022-02-18,F,8821.0,244.1,72968.0,D,,,,,,
860730,2022-02-23,HCA,Reiner Deborah M,,0001209191-22-012417,2022-02-18,A,4640.0,0.0,9164.0,D,,,,,,
860730,2022-02-23,HCA,Reiner Deborah M,,0001209191-22-012417,2022-02-18,F,1223.0,244.1,7941.0,D,,,,,,
860730,2022-02-23,HCA,Paslick P. Martin,,0001209191-22-012415,2022-02-18,A,9280.0,0.0,22158.0,D,,,,,,
860730,2022-02-23,HCA,Paslick P. Martin,,0001209191-22-012415,2022-02-18,F,3046.0,244.1,19112.0,D,,,,,,
860730,2022-02-23,HCA,Whalen Kathleen M,,0001209191-22-012423,2022-02-09,G,420.0,0.0,8457.0,D,,,,,,
860730,2022-03-15,HCA,Sowell Joseph A III,,0001209191-22-018943,2022-03-11,S,11522.0,269.0,17051.0,D,,,,,,
860730,2022-04-27,HCA,FRIST THOMAS F III,,0001209191-22-025855,2022-04-25,A,1899.0,0.0,10817.0,D,,,,,,
860730,2022-04-27,HCA,Frist William R,,0001209191-22-025863,2022-04-25,A,1424.0,0.0,9895.0,D,,,,,,
860730,2022-04-27,HCA,CROFTON MEG,,0001209191-22-025851,2022-04-25,A,902.0,0.0,5058.0,D,,,,,,
860730,2022-04-27,HCA,Dennis Robert J,,0001209191-22-025854,2022-04-25,A,902.0,0.0,23565.0,D,,,,,,
860730,2022-04-27,HCA,DEPARLE NANCY ANN,,0001209191-22-025858,2022-04-25,A,902.0,0.0,19483.0,D,,,,,,
860730,2022-04-27,HCA,Johnston Hugh F,,0001209191-22-025874,2022-04-25,A,902.0,0.0,1367.0,D,,,,,,
860730,2022-04-27,HCA,MICHELSON MICHAEL W,,0001209191-22-025875,2022-04-25,A,1424.0,0.0,8200.0,D,,,,,,
860730,2022-04-27,HCA,Riley Wayne Joseph,,0001209191-22-025876,2022-04-25,A,902.0,0.0,12602.0,D,,,,,,
860730,2022-04-27,HCA,HOLLIDAY CHARLES O JR,,0001209191-22-025872,2022-04-25,A,902.0,0.0,18955.0,D,,,,,,
860730,2022-04-27,HCA,Smith Andrea B,,0001209191-22-025878,2022-04-25,A,902.0,0.0,1079.0,D,,,,,,
860730,2022-05-02,HCA,Smith Andrea B,,0001209191-22-026463,2022-04-28,P,1160.0,213.6339,2239.0,D,,,,,,
860730,2022-05-03,HCA,McAlevey Michael R,,0001209191-22-026849,2022-04-29,P,1110.0,218.5604,1110.0,D,,,,,,
860730,2022-05-04,HCA,FRIST THOMAS F JR,,0001209191-22-027202,2022-05-02,P,4128.0,209.7288,393983.0,D,,,,,,
860730,2022-05-05,HCA,Whalen Kathleen M,,0001209191-22-027398,2022-05-03,S,500.0,215.38,11373.0,D,,,,,,
860730,2022-05-17,HCA,Berres Jennifer,,0001209191-22-029783,2022-05-13,S,2358.0,218.8662,11392.0,D,,,,,,
860730,2022-07-27,HCA,Elcan Patricia F,,0001209191-22-043317,2022-07-25,P,325.0,198.66,89337.0149,I,,,,,,
860730,2022-10-26,HCA,Torres Kathryn A.,,0001209191-22-054668,2022-10-24,S,1700.0,202.1314,20672.0,D,,,,,,
860730,2022-10-27,HCA,Sowell Joseph A III,,0001209191-22-054745,2022-08-10,G,17051.0,0.0,0.0,D,,,,,,
860730,2022-10-27,HCA,Sowell Joseph A III,,0001209191-22-054745,2022-10-25,F,14554.0,214.4,12946.0,D,,,,,,
860730,2022-10-27,HCA,Sowell Joseph A III,,0001209191-22-054745,2022-08-04,G,5000.0,0.0,16320.0,I,,,,,,
860730,2022-10-27,HCA,Sowell Joseph A III,,0001209191-22-054745,2022-10-25,G,3600.0,0.0,29771.0,I,,,,,,
860730,2022-10-27,HCA,Sowell Joseph A III,,0001209191-22-054745,2022-10-25,M,27500.0,47.97,27500.0,D,,,,,,
860730,2022-10-28,HCA,Billington Phillip G,,0001209191-22-054854,2022-10-26,M,16575.0,37.18,57227.1056,D,,,,,,
860730,2022-10-28,HCA,Billington Phillip G,,0001209191-22-054854,2022-10-26,F,8243.0,217.48,48984.1056,D,,,,,,
860730,2022-10-28,HCA,Billington Phillip G,,0001209191-22-054854,2022-10-28,S,8332.0,222.5778,40652.1056,D,,,,,,
860730,2022-10-31,HCA,MOORE A BRUCE JR,,0001209191-22-054929,2022-10-27,M,35625.0,37.18,58516.0,D,,,,,,
860730,2022-10-31,HCA,MOORE A BRUCE JR,,0001209191-22-054929,2022-10-27,F,17709.0,217.77,40807.0,D,,,,,,
860730,2022-11-01,HCA,Sowell Joseph A III,,0001209191-22-055125,2022-10-28,S,12946.0,223.1812,0.0,D,,,,,,
860730,2022-11-01,HCA,Hall Charles J,,0001209191-22-055127,2022-10-28,M,9150.0,101.16,210788.0,D,,,,,,
860730,2022-11-01,HCA,Hall Charles J,,0001209191-22-055127,2022-10-28,F,23064.0,223.66,209721.0,D,,,,,,
860730,2022-11-01,HCA,Hall Charles J,,0001209191-22-055127,2022-10-28,S,9838.0,223.5,199883.0,D,,,,,,
860730,2022-11-15,HCA,MOORE A BRUCE JR,,0001209191-22-057100,2022-11-11,S,10000.0,224.069,30807.0,D,,,,,,
860730,2022-11-15,HCA,Hall Charles J,,0001209191-22-057098,2022-11-11,M,12000.0,145.24,211883.0,D,,,,,,
860730,2022-11-15,HCA,Hall Charles J,,0001209191-22-057098,2022-11-11,F,9440.0,224.08,202443.0,D,,,,,,
860730,2023-01-25,HCA,Paslick P. Martin,,0001209191-23-004910,2023-01-23,F,2966.0,263.81,22146.0,D,,,,,,
860730,2023-01-25,HCA,Paslick P. Martin,,0001209191-23-004910,2023-01-23,M,6000.0,81.96,25112.0,D,,,,,,
860730,2023-01-31,HCA,McAlevey Michael R,,0001209191-23-005806,2023-01-28,F,489.0,254.77,2561.0,D,,,,,,
860730,2023-01-31,HCA,Hammett Richard A,,0001209191-23-005805,2023-01-30,M,598.0,,8742.0,D,,,,,,
860730,2023-01-31,HCA,Hammett Richard A,,0001209191-23-005805,2023-01-29,F,165.0,254.77,8144.0,D,,,,,,
860730,2023-01-31,HCA,Hammett Richard A,,0001209191-23-005805,2023-01-29,M,600.0,,8309.0,D,,,,,,
860730,2023-01-31,HCA,Hammett Richard A,,0001209191-23-005805,2023-01-30,F,146.0,253.3,8596.0,D,,,,,,
860730,2023-01-31,HCA,McAlevey Michael R,,0001209191-23-005806,2023-01-28,M,1940.0,,3050.0,D,,,,,,
860730,2023-01-31,HCA,Mosier Sammie S,,0001209191-23-005807,2023-01-29,M,322.0,,6743.0,D,,,,,,
860730,2023-01-31,HCA,Mosier Sammie S,,0001209191-23-005807,2023-01-30,M,273.0,,6920.0,D,,,,,,
860730,2023-01-31,HCA,Mosier Sammie S,,0001209191-23-005807,2023-01-29,F,96.0,254.77,6647.0,D,,,,,,
860730,2023-01-31,HCA,Mosier Sammie S,,0001209191-23-005807,2023-01-30,F,74.0,253.3,6846.0,D,,,,,,
860730,2023-02-01,HCA,McManus Timothy M,,0001209191-23-006037,2023-01-30,S,7800.0,254.0522,14087.4141,D,,,,,,
860730,2023-02-01,HCA,Foster Jon M,,0001209191-23-006032,2023-01-30,M,24000.0,68.96,34938.0,D,,,,,,
860730,2023-02-01,HCA,Cuffe Michael S.,,0001209191-23-006031,2023-02-01,S,4000.0,257.1101,20822.5543,D,,,,,,
860730,2023-02-01,HCA,RUTHERFORD BILL B,,0001209191-23-006041,2022-11-02,G,450.0,0.0,82527.0,D,,,,,,
860730,2023-02-01,HCA,Cuffe Michael S.,,0001209191-23-006031,2022-10-31,G,450.0,0.0,24822.5543,D,,,,,,
860730,2023-02-01,HCA,Foster Jon M,,0001209191-23-006032,2023-02-01,S,16424.0,251.9776,10938.0,D,,,,,,
860730,2023-02-01,HCA,Foster Jon M,,0001209191-23-006032,2023-01-30,F,19531.0,253.3,27362.0,D,,,,,,
860730,2023-02-01,HCA,Paslick P. Martin,,0001209191-23-006039,2023-02-01,S,1000.0,256.9487,3000.0,I,,,,,,
860730,2023-02-01,HCA,Whalen Kathleen M,,0001209191-23-006044,2023-02-01,F,586.0,255.07,11696.0,D,,,,,,
860730,2023-02-01,HCA,Wyatt Christopher F.,,0001209191-23-006045,2023-01-31,G,379.0,0.0,37292.0,D,,,,,,
860730,2023-02-01,HCA,Whalen Kathleen M,,0001209191-23-006044,2023-01-31,G,341.0,0.0,11032.0,D,,,,,,
860730,2023-02-01,HCA,Whalen Kathleen M,,0001209191-23-006044,2023-01-31,M,1250.0,69.58,12282.0,D,,,,,,
860730,2023-02-01,HCA,RUTHERFORD BILL B,,0001209191-23-006041,2022-05-10,G,18640.0,0.0,0.0,I,,,,,,
860730,2023-02-01,HCA,Wyatt Christopher F.,,0001209191-23-006045,2023-01-30,M,12000.0,81.96,44184.0,D,,,,,,
860730,2023-02-01,HCA,Wyatt Christopher F.,,0001209191-23-006045,2023-01-30,F,6513.0,253.3,37671.0,D,,,,,,
860730,2023-02-01,HCA,Wyatt Christopher F.,,0001209191-23-006045,2023-02-01,S,4900.0,253.3,32392.0,D,,,,,,
860730,2023-02-03,HCA,RUTHERFORD BILL B,,0001209191-23-007165,2023-02-03,S,30000.0,258.1856,81632.0,D,,,,,,
860730,2023-02-03,HCA,RUTHERFORD BILL B,,0001209191-23-007165,2023-02-01,M,37000.0,68.96,119527.0,D,,,,,,
860730,2023-02-03,HCA,RUTHERFORD BILL B,,0001209191-23-007165,2023-02-01,F,34895.0,261.46,111632.0,D,,,,,,
860730,2023-02-06,HCA,Akdamar Erol R,,0001209191-23-007354,2023-02-02,S,3000.0,258.6304,34726.0,D,,,,,,
860730,2023-02-06,HCA,Akdamar Erol R,,0001209191-23-007354,2023-02-03,M,9000.0,45.3,43726.0,D,,,,,,
860730,2023-02-06,HCA,Akdamar Erol R,,0001209191-23-007354,2023-02-03,F,3932.0,258.08,39794.0,D,,,,,,
860730,2023-02-07,HCA,Reiner Deborah M,,0001209191-23-007676,2023-02-03,S,7941.0,257.6123,0.0,D,,,,,,
860730,2023-02-07,HCA,Mosier Sammie S,,0001209191-23-007675,2023-02-03,M,138.0,,6984.0,D,,,,,,
860730,2023-02-07,HCA,Mosier Sammie S,,0001209191-23-007675,2023-02-03,F,41.0,258.08,6943.0,D,,,,,,
860730,2023-02-07,HCA,HAZEN SAMUEL N,,0001209191-23-007674,2023-02-03,M,59000.0,68.96,137885.0,D,,,,,,
860730,2023-02-07,HCA,HAZEN SAMUEL N,,0001209191-23-007674,2023-02-03,F,32208.0,258.08,105677.0,D,,,,,,
860730,2023-02-09,HCA,Berres Jennifer,,0001209191-23-008144,2023-02-07,S,4000.0,255.228,7392.0,D,,,,,,
860730,2023-02-21,HCA,Torres Kathryn A.,,0001209191-23-011377,2023-02-16,F,2467.0,263.15,22480.0,D,,,,,,
860730,2023-02-21,HCA,Torres Kathryn A.,,0001209191-23-011377,2023-02-16,M,4575.0,101.16,24947.0,D,,,,,,
860730,2023-02-22,HCA,Hammett Richard A,,0001209191-23-011998,2023-02-17,A,2060.0,0.0,10656.0,D,,,,,,
860730,2023-02-22,HCA,HAZEN SAMUEL N,,0001209191-23-012000,2023-02-17,F,36770.0,262.84,163787.0,D,,,,,,
860730,2023-02-22,HCA,Foster Jon M,,0001209191-23-011996,2023-02-17,A,19740.0,0.0,30678.0,D,,,,,,
860730,2023-02-22,HCA,Hammett Richard A,,0001209191-23-011998,2023-02-17,F,3414.0,262.84,14862.0,D,,,,,,
860730,2023-02-22,HCA,Cuffe Michael S.,,0001209191-23-011993,2023-02-17,F,4232.0,262.84,28750.5543,D,,,,,,
860730,2023-02-22,HCA,Foster Jon M,,0001209191-23-011996,2023-02-17,F,7768.0,262.84,22910.0,D,,,,,,
860730,2023-02-22,HCA,Cohen Jeffrey E.,,0001209191-23-011985,2023-02-17,F,1652.0,262.84,5914.0,D,,,,,,
860730,2023-02-22,HCA,Akdamar Erol R,,0001209191-23-011970,2023-02-17,F,3110.0,262.84,45984.0,D,,,,,,
860730,2023-02-22,HCA,Billington Phillip G,,0001209191-23-011977,2023-02-17,A,4560.0,0.0,45212.1056,D,,,,,,
860730,2023-02-22,HCA,Akdamar Erol R,,0001209191-23-011970,2023-02-17,A,9300.0,0.0,49094.0,D,,,,,,
860730,2023-02-22,HCA,Billington Phillip G,,0001209191-23-011977,2023-02-17,F,1247.0,262.84,43965.1056,D,,,,,,
860730,2023-02-22,HCA,McManus Timothy M,,0001209191-23-012003,2023-02-17,F,2438.0,262.84,19149.4141,D,,,,,,
860730,2023-02-22,HCA,Berres Jennifer,,0001209191-23-011975,2023-02-17,F,2441.0,262.84,12551.0,D,,,,,,
860730,2023-02-22,HCA,Cuffe Michael S.,,0001209191-23-011993,2023-02-17,A,12160.0,0.0,32982.5543,D,,,,,,
860730,2023-02-22,HCA,HAZEN SAMUEL N,,0001209191-23-012000,2023-02-17,A,94880.0,0.0,200557.0,D,,,,,,
860730,2023-02-22,HCA,Cohen Jeffrey E.,,0001209191-23-011985,2023-02-17,A,4560.0,0.0,7566.0,D,,,,,,
860730,2023-02-22,HCA,Marks Mike A,,0001209191-23-012002,2023-02-17,A,6080.0,0.0,10440.0,D,,,,,,
860730,2023-02-22,HCA,Berres Jennifer,,0001209191-23-011975,2023-02-17,A,7600.0,0.0,14992.0,D,,,,,,
860730,2023-02-22,HCA,Paslick P. Martin,,0001209191-23-012005,2023-02-17,A,9120.0,0.0,31266.0,D,,,,,,
860730,2023-02-22,HCA,Mosier Sammie S,,0001209191-23-012004,2023-02-17,F,273.0,262.84,7790.0,D,,,,,,
860730,2023-02-22,HCA,Wyatt Christopher F.,,0001209191-23-012011,2023-02-17,F,2393.0,262.84,36079.0,D,,,,,,
860730,2023-02-22,HCA,Whalen Kathleen M,,0001209191-23-012010,2023-02-17,F,1356.0,262.84,13166.0,D,,,,,,
860730,2023-02-22,HCA,Whalen Kathleen M,,0001209191-23-012010,2023-02-17,A,4560.0,0.0,14522.0,D,,,,,,
860730,2023-02-22,HCA,Torres Kathryn A.,,0001209191-23-012009,2023-02-17,F,1844.0,262.84,26716.0,D,,,,,,
860730,2023-02-22,HCA,Torres Kathryn A.,,0001209191-23-012009,2023-02-17,A,6080.0,0.0,28560.0,D,,,,,,
860730,2023-02-22,HCA,RUTHERFORD BILL B,,0001209191-23-012007,2023-02-17,F,9563.0,262.84,96369.0,D,,,,,,
860730,2023-02-22,HCA,Sowell Joseph A III,,0001209191-23-012008,2023-02-17,A,7600.0,0.0,7600.0,D,,,,,,
860730,2023-02-22,HCA,Mosier Sammie S,,0001209191-23-012004,2023-02-17,A,1120.0,0.0,8063.0,D,,,,,,
860730,2023-02-22,HCA,Reiner Deborah M,,0001209191-23-012006,2023-02-17,F,1246.0,262.84,3314.0,D,,,,,,
860730,2023-02-22,HCA,Sowell Joseph A III,,0001209191-23-012008,2023-02-17,F,2441.0,262.84,5159.0,D,,,,,,
860730,2023-02-22,HCA,Paslick P. Martin,,0001209191-23-012005,2023-02-17,F,3589.0,262.84,27677.0,D,,,,,,
860730,2023-02-22,HCA,McManus Timothy M,,0001209191-23-012003,2023-02-17,A,7600.0,0.0,21587.4141,D,,,,,,
860730,2023-02-22,HCA,Wyatt Christopher F.,,0001209191-23-012011,2023-02-17,A,6080.0,0.0,38472.0,D,,,,,,
860730,2023-02-22,HCA,RUTHERFORD BILL B,,0001209191-23-012007,2023-02-17,A,24300.0,0.0,105932.0,D,,,,,,
860730,2023-02-22,HCA,Whalen Kathleen M,,0001209191-23-012010,2023-02-17,S,1734.0,263.6083,9962.0,D,,,,,,
860730,2023-02-22,HCA,Reiner Deborah M,,0001209191-23-012006,2023-02-17,A,4560.0,0.0,4560.0,D,,,,,,
860730,2023-02-22,HCA,Marks Mike A,,0001209191-23-012002,2023-02-17,F,1847.0,262.84,8593.0,D,,,,,,
860730,2023-04-06,HCA,Paslick P. Martin,,0001209191-23-023644,2023-04-05,F,3461.0,271.31,27182.0,D,,,,,,
860730,2023-04-06,HCA,Paslick P. Martin,,0001209191-23-023644,2023-04-05,M,6000.0,81.96,30643.0,D,,,,,,
860730,2023-04-06,HCA,Paslick P. Martin,,0001209191-23-023644,2023-04-04,S,3034.0,265.0,24643.0,D,,,,,,
860730,2023-04-12,HCA,Paslick P. Martin,,0001209191-23-024164,2023-04-10,S,2539.0,270.0,24643.0,D,,,,,,
860730,2023-04-14,HCA,Paslick P. Martin,,0001209191-23-024369,2023-04-12,M,6340.0,81.96,30983.0,D,,,,,,
860730,2023-04-14,HCA,Paslick P. Martin,,0001209191-23-024369,2023-04-12,F,3653.0,272.38,27330.0,D,,,,,,
860730,2023-04-14,HCA,Paslick P. Martin,,0001209191-23-024369,2023-04-14,S,2687.0,275.0,24643.0,D,,,,,,
860730,2023-04-26,HCA,Dennis Robert J,,0001209191-23-025696,2023-04-24,A,1047.0,0.0,24612.0,D,,,,,,
860730,2023-04-26,HCA,DEPARLE NANCY ANN,,0001209191-23-025697,2023-04-24,A,663.0,0.0,20146.0,D,,,,,,
860730,2023-04-26,HCA,Cuffe Michael S.,,0001209191-23-025692,2023-04-24,F,19464.0,286.25,41339.3569,D,,,,,,
860730,2023-04-26,HCA,Cuffe Michael S.,,0001209191-23-025692,2023-04-24,M,32020.0,101.16,60803.3569,D,,,,,,
860730,2023-04-26,HCA,Torres Kathryn A.,,0001209191-23-025693,2023-04-24,S,4473.0,288.3776,22243.0,D,,,,,,
860730,2023-04-26,HCA,CROFTON MEG,,0001209191-23-025694,2023-04-24,A,663.0,0.0,5721.0,D,,,,,,
860730,2023-04-26,HCA,MICHELSON MICHAEL W,,0001209191-23-025707,2023-04-24,A,1187.0,0.0,9387.0,D,,,,,,
860730,2023-04-26,HCA,Riley Wayne Joseph,,0001209191-23-025709,2023-04-24,A,663.0,0.0,13265.0,D,,,,,,
860730,2023-04-26,HCA,Smith Andrea B,,0001209191-23-025712,2023-04-24,A,663.0,0.0,2902.0,D,,,,,,
860730,2023-04-26,HCA,Frist William R,,0001209191-23-025701,2023-04-24,A,1047.0,0.0,10942.0,D,,,,,,
860730,2023-04-26,HCA,FRIST THOMAS F III,,0001209191-23-025702,2023-04-24,A,1396.0,0.0,12213.0,D,,,,,,
860730,2023-04-26,HCA,Johnston Hugh F,,0001209191-23-025705,2023-04-24,A,663.0,0.0,2030.0,D,,,,,,
860730,2023-05-02,HCA,Cuffe Michael S.,,0001209191-23-026609,2023-04-28,S,12556.0,284.4374,28783.3569,D,,,,,,
860730,2023-05-02,HCA,Akdamar Erol R,,0001209191-23-026608,2023-04-28,S,3500.0,285.0,42484.0,D,,,,,,
860730,2023-05-02,HCA,Akdamar Erol R,,0001209191-23-026608,2023-05-01,G,42484.0,0.0,0.0,D,,,,,,
860730,2023-05-02,HCA,Torres Kathryn A.,,0001209191-23-026610,2023-04-28,M,5335.0,139.06,27578.0,D,,,,,,
860730,2023-05-02,HCA,Torres Kathryn A.,,0001209191-23-026610,2023-04-28,F,6123.0,287.33,24964.0,D,,,,,,
860730,2023-05-08,HCA,HAZEN SAMUEL N,,0001209191-23-028013,2023-05-04,G,7864.0,0.0,155923.0,D,,,,,,
860730,2023-05-16,HCA,Hammett Richard A,,0001209191-23-029882,2023-05-12,G,1100.0,0.0,13762.0,D,,,,,,
860730,2023-08-03,HCA,Foster Jon M,,0001209191-23-044506,2023-08-01,G,6100.0,0.0,16810.0,D,,,,,,
860730,2023-08-04,HCA,RUTHERFORD BILL B,,0001209191-23-044609,2023-08-02,G,49500.0,0.0,46869.0,D,,,,,,
860730,2023-08-07,HCA,Whalen Kathleen M,,0001209191-23-044831,2023-08-03,S,2916.0,270.0,10250.0,D,,,,,,
860730,2023-08-07,HCA,Marks Mike A,,0001209191-23-044830,2023-08-03,G,8343.0,0.0,250.0,D,,,,,,
860730,2023-08-07,HCA,Marks Mike A,,0001209191-23-044830,2023-08-04,G,205.0,0.0,45.0,D,,,,,,
860730,2023-08-15,HCA,Cohen Jeffrey E.,,0001209191-23-045895,2023-08-11,S,1500.0,270.0,4414.0,D,,,,,,
860730,2023-08-16,HCA,Torres Kathryn A.,,0001209191-23-046060,2023-08-14,S,5204.0,269.1229,19760.0,D,,,,,,
860730,2023-08-16,HCA,RUTHERFORD BILL B,,0001209191-23-046058,2023-08-14,G,40500.0,0.0,6369.0,D,,,,,,
860730,2023-11-14,HCA,Billington Phillip G,,0001209191-23-055220,2023-11-10,M,12025.0,47.97,56097.4544,D,,,,,,
860730,2023-11-14,HCA,Billington Phillip G,,0001209191-23-055220,2023-11-10,F,6237.0,232.82,49860.4544,D,,,,,,
860730,2023-11-14,HCA,Sowell Joseph A III,,0001209191-23-055226,2023-11-10,G,29771.0,0.0,0.0,I,,,,,,
860730,2023-11-14,HCA,Sowell Joseph A III,,0001209191-23-055226,2023-11-14,G,29771.0,0.0,29771.0,I,,,,,,
860730,2023-11-15,HCA,Akdamar Erol R,,0001209191-23-055408,2023-11-13,M,26825.0,47.97,26825.0,D,,,,,,
860730,2023-11-15,HCA,Akdamar Erol R,,0001209191-23-055408,2023-11-13,F,13951.0,229.99,12874.0,D,,,,,,
860730,2024-01-30,HCA,McAlevey Michael R,,0001209191-24-002455,2024-01-28,M,1940.0,,4501.0,D,,,,,,
860730,2024-01-30,HCA,McAlevey Michael R,,0001209191-24-002455,2024-01-28,F,489.0,283.43,4012.0,D,,,,,,
860730,2024-01-31,HCA,Mosier Sammie S,,0001209191-24-002509,2024-01-29,M,323.0,,8113.0,D,,,,,,
860730,2024-01-31,HCA,Mosier Sammie S,,0001209191-24-002509,2024-01-29,F,96.0,286.73,8017.0,D,,,,,,
860730,2024-01-31,HCA,Hammett Richard A,,0001209191-24-002508,2024-01-29,M,600.0,,14362.0,D,,,,,,
860730,2024-01-31,HCA,Hammett Richard A,,0001209191-24-002508,2024-01-29,F,164.0,286.73,14198.0,D,,,,,,
860730,2024-02-02,HCA,Cuffe Michael S.,,0001209191-24-002721,2024-01-31,S,3200.0,306.7918,24928.9672,D,,,,,,
860730,2024-02-02,HCA,Wyatt Christopher F.,,0001209191-24-002734,2024-01-31,M,2680.0,81.96,38759.0,D,,,,,,
860730,2024-02-02,HCA,Torres Kathryn A.,,0001209191-24-002732,2024-02-01,F,9268.0,314.66,19625.0,D,,,,,,
860730,2024-02-02,HCA,Wyatt Christopher F.,,0001209191-24-002734,2024-01-31,F,6376.0,304.9,41383.0,D,,,,,,
860730,2024-02-02,HCA,Torres Kathryn A.,,0001209191-24-002732,2024-01-31,S,3861.0,307.0,15899.0,D,,,,,,
860730,2024-02-02,HCA,Torres Kathryn A.,,0001209191-24-002732,2024-02-01,M,4771.0,145.24,20670.0,D,,,,,,
860730,2024-02-02,HCA,Cuffe Michael S.,,0001209191-24-002721,2024-01-31,G,728.0,0.0,28128.9672,D,,,,,,
860730,2024-02-06,HCA,Mosier Sammie S,,0001209191-24-002936,2024-02-03,F,34.0,309.42,9291.0,D,,,,,,
860730,2024-02-06,HCA,Mosier Sammie S,,0001209191-24-002936,2024-02-03,M,137.0,,9325.0,D,,,,,,
860730,2024-02-06,HCA,Wasserman Chad J,,0001209191-24-002935,2024-02-03,F,38.0,309.42,379.3102,D,,,,,,
860730,2024-02-06,HCA,Wasserman Chad J,,0001209191-24-002935,2024-02-03,M,127.0,,417.3102,D,,,,,,
860730,2024-02-06,HCA,Wasserman Chad J,,0001209191-24-002935,2024-02-02,S,652.0,312.0407,290.3102,D,,,,,,
860730,2024-02-06,HCA,Mosier Sammie S,,0001209191-24-002936,2024-02-05,S,1645.0,312.0,7646.0,D,,,,,,
860730,2024-02-06,HCA,RUTHERFORD BILL B,,0001209191-24-002937,2024-02-05,G,175.0,0.0,15642.0,D,,,,,,
860730,2024-02-06,HCA,RUTHERFORD BILL B,,0001209191-24-002937,2024-02-02,F,9652.0,309.42,15817.0,D,,,,,,
860730,2024-02-06,HCA,RUTHERFORD BILL B,,0001209191-24-002937,2024-02-02,M,19100.0,69.58,25469.0,D,,,,,,
860730,2024-02-06,HCA,Mosier Sammie S,,0001209191-24-002936,2024-02-02,F,5127.0,309.42,9188.0,D,,,,,,
860730,2024-02-06,HCA,Mosier Sammie S,,0001209191-24-002936,2024-02-02,M,920.0,173.12,8937.0,D,,,,,,
860730,2024-02-06,HCA,RUTHERFORD BILL B,,0001209191-24-002937,2024-02-06,S,6000.0,310.63,8448.0,D,,,,,,
860730,2024-02-07,HCA,Whalen Kathleen M,,0001209191-24-002970,2024-02-05,M,2510.0,69.58,12760.0,D,,,,,,
860730,2024-02-07,HCA,Whalen Kathleen M,,0001209191-24-002970,2024-02-05,F,4288.0,310.62,14512.0,D,,,,,,
860730,2024-02-07,HCA,Wyatt Christopher F.,,0001209191-24-002971,2024-02-05,S,4000.0,312.42,37383.0,D,,,,,,
860730,2024-02-08,HCA,Akdamar Erol R,,0001209191-24-003002,2024-02-06,G,12874.0,0.0,0.0,D,,,,,,
860730,2024-02-08,HCA,Torres Kathryn A.,,0001209191-24-003003,2024-02-06,M,2092.0,173.12,21717.0,D,,,,,,
860730,2024-02-08,HCA,Torres Kathryn A.,,0001209191-24-003003,2024-02-06,F,1423.0,306.82,20294.0,D,,,,,,
860730,2024-02-13,HCA,Whalen Kathleen M,,0001209191-24-003242,2024-02-09,S,4262.0,306.2117,10250.0,D,,,,,,
860730,2024-02-16,HCA,Whalen Kathleen M,,0001209191-24-003460,2024-02-14,G,349.0,0.0,9901.0,D,,,,,,
860730,2024-02-21,HCA,Marks Mike A,,0001209191-24-003748,2024-02-16,A,3780.0,0.0,3825.0,D,,,,,,
860730,2024-02-21,HCA,Hammett Richard A,,0001209191-24-003745,2024-02-16,F,1762.0,308.55,17936.0,D,,,,,,
860730,2024-02-21,HCA,HAZEN SAMUEL N,,0001209191-24-003747,2024-02-16,A,78440.0,0.0,296131.0,D,,,,,,
860730,2024-02-21,HCA,Cuffe Michael S.,,0001209191-24-003743,2024-02-16,F,6212.0,308.55,35696.9672,D,,,,,,
860730,2024-02-21,HCA,Marks Mike A,,0001209191-24-003748,2024-02-16,F,1022.0,308.55,2803.0,D,,,,,,
860730,2024-02-21,HCA,Foster Jon M,,0001209191-24-003744,2024-02-16,A,16320.0,0.0,27780.0,D,,,,,,
860730,2024-02-21,HCA,Foster Jon M,,0001209191-24-003744,2024-02-16,F,5950.0,308.55,21830.0,D,,,,,,
860730,2024-02-21,HCA,Cuffe Michael S.,,0001209191-24-003743,2024-02-16,A,12560.0,0.0,37488.9672,D,,,,,,
860730,2024-02-21,HCA,Billington Phillip G,,0001209191-24-003741,2024-02-16,A,3780.0,0.0,53640.4544,D,,,,,,
860730,2024-02-21,HCA,Billington Phillip G,,0001209191-24-003741,2024-02-16,F,1022.0,308.55,52618.4544,D,,,,,,
860730,2024-02-21,HCA,Berres Jennifer,,0001209191-24-003739,2024-02-16,A,9420.0,0.0,21971.0,D,,,,,,
860730,2024-02-21,HCA,Berres Jennifer,,0001209191-24-003739,2024-02-16,F,3240.0,308.55,18731.0,D,,,,,,
860730,2024-02-21,HCA,Akdamar Erol R,,0001209191-24-003738,2024-02-16,A,7700.0,0.0,7700.0,D,,,,,,
860730,2024-02-21,HCA,Akdamar Erol R,,0001209191-24-003738,2024-02-16,F,2561.0,308.55,5139.0,D,,,,,,
860730,2024-02-21,HCA,Cohen Jeffrey E.,,0001209191-24-003742,2024-02-16,A,3780.0,0.0,8194.0,D,,,,,,
860730,2024-02-21,HCA,Cohen Jeffrey E.,,0001209191-24-003742,2024-02-16,F,1359.0,308.55,6835.0,D,,,,,,
860730,2024-02-21,HCA,HAZEN SAMUEL N,,0001209191-24-003747,2024-02-16,F,30387.0,308.55,265744.0,D,,,,,,
860730,2024-02-21,HCA,Hammett Richard A,,0001209191-24-003745,2024-02-16,A,5500.0,0.0,19698.0,D,,,,,,
860730,2024-02-21,HCA,Wyatt Christopher F.,,0001209191-24-003757,2024-02-16,F,1976.0,308.55,40427.0,D,,,,,,
860730,2024-02-21,HCA,Whalen Kathleen M,,0001209191-24-003756,2024-02-16,A,3780.0,0.0,13681.0,D,,,,,,
860730,2024-02-21,HCA,Whalen Kathleen M,,0001209191-24-003756,2024-02-16,F,1023.0,308.55,12658.0,D,,,,,,
860730,2024-02-21,HCA,McManus Timothy M,,0001209191-24-003749,2024-02-16,F,2002.0,308.55,23427.4141,D,,,,,,
860730,2024-02-21,HCA,Wasserman Chad J,,0001209191-24-003755,2024-02-16,A,2040.0,0.0,2419.3102,D,,,,,,
860730,2024-02-21,HCA,McManus Timothy M,,0001209191-24-003749,2024-02-16,A,6280.0,0.0,25429.4141,D,,,,,,
860730,2024-02-21,HCA,Wasserman Chad J,,0001209191-24-003755,2024-02-16,F,499.0,308.55,1920.3102,D,,,,,,
860730,2024-02-21,HCA,Torres Kathryn A.,,0001209191-24-003754,2024-02-16,A,5020.0,0.0,25314.0,D,,,,,,
860730,2024-02-21,HCA,Torres Kathryn A.,,0001209191-24-003754,2024-02-16,F,1976.0,308.55,23338.0,D,,,,,,
860730,2024-02-21,HCA,Wyatt Christopher F.,,0001209191-24-003757,2024-02-16,A,5020.0,0.0,42403.0,D,,,,,,
860730,2024-02-21,HCA,RUTHERFORD BILL B,,0001209191-24-003752,2024-02-16,F,8177.0,308.55,22251.0,D,,,,,,
860730,2024-02-21,HCA,Reiner Deborah M,,0001209191-24-003751,2024-02-16,A,5020.0,0.0,8334.0,D,,,,,,
860730,2024-02-21,HCA,Reiner Deborah M,,0001209191-24-003751,2024-02-16,F,1510.0,308.55,6824.0,D,,,,,,
860730,2024-02-21,HCA,Mosier Sammie S,,0001209191-24-003750,2024-02-16,A,2200.0,0.0,9846.0,D,,,,,,
860730,2024-02-21,HCA,Mosier Sammie S,,0001209191-24-003750,2024-02-16,F,1068.0,308.55,10398.0,D,,,,,,
860730,2024-02-21,HCA,Sowell Joseph A III,,0001209191-24-003753,2024-02-16,A,6280.0,0.0,6280.0,D,,,,,,
860730,2024-02-21,HCA,Sowell Joseph A III,,0001209191-24-003753,2024-02-16,F,2005.0,308.55,4275.0,D,,,,,,
860730,2024-02-21,HCA,RUTHERFORD BILL B,,0001209191-24-003752,2024-02-16,A,21980.0,0.0,30428.0,D,,,,,,
860730,2024-03-20,HCA,Wasserman Chad J,,0001209191-24-004999,2024-03-18,M,2100.0,101.16,4020.3102,D,,,,,,
860730,2024-03-20,HCA,Wasserman Chad J,,0001209191-24-004999,2024-03-18,F,1224.0,327.17,2796.3102,D,,,,,,
860730,2024-03-20,HCA,Wasserman Chad J,,0001209191-24-004999,2024-03-18,S,344.0,321.97,2452.3102,D,,,,,,
860730,2024-03-20,HCA,Wasserman Chad J,,0001209191-24-004999,2024-03-20,S,876.0,330.25,1576.3102,D,,,,,,
860730,2024-05-01,HCA,DEPARLE NANCY ANN,,0001209191-24-005447,2024-04-29,A,610.0,0.0,20756.0,D,,,,,,
860730,2024-05-01,HCA,Marks Mike A,,0001209191-24-005443,2024-05-01,G,566.0,0.0,2237.0,D,,,,,,
860730,2024-05-01,HCA,CROFTON MEG,,0001209191-24-005445,2024-04-29,A,610.0,0.0,6331.0,D,,,,,,
860730,2024-05-01,HCA,Johnston Hugh F,,0001209191-24-005448,2024-04-29,A,610.0,0.0,2640.0,D,,,,,,
860730,2024-05-01,HCA,Dennis Robert J,,0001209191-24-005446,2024-04-29,A,963.0,0.0,25575.0,D,,,,,,
860730,2024-05-01,HCA,Riley Wayne Joseph,,0001209191-24-005450,2024-04-29,A,610.0,0.0,13875.0,D,,,,,,
860730,2024-05-01,HCA,Smith Andrea B,,0001209191-24-005451,2024-04-29,A,610.0,0.0,3512.0,D,,,,,,
860730,2024-05-01,HCA,Frist William R,,0001209191-24-005454,2024-04-29,A,963.0,0.0,11905.0,D,,,,,,
860730,2024-05-01,HCA,FRIST THOMAS F III,,0001209191-24-005455,2024-04-29,A,1284.0,0.0,13497.0,D,,,,,,
860730,2024-05-01,HCA,MICHELSON MICHAEL W,,0001209191-24-005449,2024-04-29,A,1091.0,0.0,10478.0,D,,,,,,
860730,2024-05-06,HCA,Torres Kathryn A.,,0001209191-24-005549,2024-05-02,S,973.0,312.0,22365.0,D,,,,,,
860730,2024-05-06,HCA,Torres Kathryn A.,,0001209191-24-005549,2024-05-03,S,890.0,312.0,21475.0,D,,,,,,
860730,2024-05-08,HCA,Cuffe Michael S.,,0001209191-24-005570,2024-05-06,S,1600.0,309.0,34123.9692,D,,,,,,
860730,2024-05-08,HCA,Cuffe Michael S.,,0001209191-24-005570,2024-05-07,M,18660.0,139.06,52783.9692,D,,,,,,
860730,2024-05-08,HCA,Cuffe Michael S.,,0001209191-24-005570,2024-05-07,F,12349.0,314.45,40434.9692,D,,,,,,
860730,2024-05-08,HCA,Cuffe Michael S.,,0001209191-24-005570,2024-05-08,G,4500.0,0.0,35934.9692,D,,,,,,
860730,2024-05-13,HCA,Cuffe Michael S.,,0001209191-24-005627,2024-05-09,S,6311.0,316.8792,29623.9692,D,,,,,,
860730,2024-05-13,HCA,Cohen Jeffrey E.,,0001209191-24-005626,2024-05-09,S,1650.0,313.0,5185.0,D,,,,,,
860730,2024-05-13,HCA,Akdamar Erol R,,0001209191-24-005625,2024-05-09,G,5139.0,0.0,0.0,D,,,,,,
860730,2024-05-17,HCA,Sowell Joseph A III,,0001209191-24-005662,2024-05-15,M,19000.0,68.96,23275.0,D,,,,,,
860730,2024-05-17,HCA,Foster Jon M,,0001209191-24-005661,2024-05-15,F,21258.0,326.96,40037.0,D,,,,,,
860730,2024-05-17,HCA,Torres Kathryn A.,,0001209191-24-005663,2024-05-15,S,1863.0,326.1799,19612.0,D,,,,,,
860730,2024-05-17,HCA,Sowell Joseph A III,,0001209191-24-005662,2024-05-15,F,9908.0,326.96,13367.0,D,,,,,,
860730,2024-05-17,HCA,Foster Jon M,,0001209191-24-005661,2024-05-15,M,11955.0,69.58,33785.0,D,,,,,,
860730,2024-05-20,HCA,Whalen Kathleen M,,0001209191-24-005677,2024-05-16,S,3204.0,326.3,9454.0,D,,,,,,
860730,2024-05-20,HCA,Whalen Kathleen M,,0001209191-24-005677,2024-05-17,M,3040.0,101.16,12494.0,D,,,,,,
860730,2024-05-20,HCA,Whalen Kathleen M,,0001209191-24-005677,2024-05-17,F,2861.0,322.86,11318.0,D,,,,,,
860730,2024-07-29,HCA,Wyatt Christopher F.,isOfficer,0000950170-24-087383,2024-07-25,M,9300.0,101.16,49727.0,D,,,,,,
860730,2024-07-29,HCA,Wyatt Christopher F.,isOfficer,0000950170-24-087383,2024-07-25,F,5278.0,352.79,44449.0,D,,,,,,
860730,2024-07-29,HCA,Wyatt Christopher F.,isOfficer,0000950170-24-087383,2024-07-29,S,4000.0,360.1956,40449.0,D,,,,,,
860730,2024-07-29,HCA,Torres Kathryn A.,isOfficer,0000950170-24-087361,2024-07-25,S,1857.0,355.05,17755.0,D,,,,,,
860730,2024-07-31,HCA,Whalen Kathleen M,isOfficer,0000950170-24-088748,2024-07-31,S,2987.0,363.51,9454.0,D,,,,,,
860730,2024-07-31,HCA,Whalen Kathleen M,isOfficer,0000950170-24-088748,2024-07-29,M,8280.0,145.24,19598.0,D,,,,,,
860730,2024-07-31,HCA,Whalen Kathleen M,isOfficer,0000950170-24-088748,2024-07-29,F,5293.0,358.73,14305.0,D,,,,,,
860730,2024-07-31,HCA,Whalen Kathleen M,isOfficer,0000950170-24-088748,2024-07-29,S,1864.0,359.92,12441.0,D,,,,,,
860730,2024-07-31,HCA,Reiner Deborah M,isOfficer,0000950170-24-088693,2024-07-29,S,3314.0,359.9621,3510.0,D,,,,,,
860730,2024-08-02,HCA,McManus Timothy M,isOfficer,0000950170-24-090123,2024-07-31,F,3919.0,363.05,27008.4141,D,,,,,,
860730,2024-08-02,HCA,McManus Timothy M,isOfficer,0000950170-24-090123,2024-07-31,M,7500.0,77.13,30927.4141,D,,,,,,
860730,2024-08-07,HCA,Sowell Joseph A III,isOfficer,0000950170-24-093147,2024-08-05,G,13367.0,0.0,0.0,D,,,,,,
860730,2024-08-08,HCA,HAZEN SAMUEL N,"isDirector,isOfficer",0000950170-24-094233,2024-08-06,G,7115.0,0.0,78296.0,D,,,,,,
860730,2024-08-08,HCA,HAZEN SAMUEL N,"isDirector,isOfficer",0000950170-24-094233,2024-08-08,G,7115.0,0.0,0.0,I,,,,,,
860730,2024-08-12,HCA,Marks Mike A,isOfficer,0000950170-24-095535,2024-08-08,G,2237.0,0.0,0.0,D,,,,,,
860730,2024-09-12,HCA,Cuffe Michael S.,isOfficer,0000950170-24-106008,2024-09-10,M,22080.0,145.24,51758.2085,D,,,,,,
860730,2024-09-12,HCA,Cuffe Michael S.,isOfficer,0000950170-24-106008,2024-09-10,F,13722.0,386.43,38036.2085,D,,,,,,
860730,2024-09-12,HCA,Cuffe Michael S.,isOfficer,0000950170-24-106008,2024-09-12,S,8358.0,385.42,29678.2085,D,,,,,,
860730,2024-11-01,HCA,Elcan Patricia F,,0000891836-24-000048,2024-10-30,J,244626.0359,361.55,404512.0997,I,,,,,,
860730,2024-11-13,HCA,Whalen Kathleen M,isOfficer,0000950170-24-126550,2024-11-11,M,4710.0,173.12,14164.0,D,,,,,,
860730,2024-11-13,HCA,Whalen Kathleen M,isOfficer,0000950170-24-126550,2024-11-11,F,3236.0,357.99,10928.0,D,,,,,,
860730,2024-11-14,HCA,Akdamar Erol R,isOfficer,0000950170-24-127310,2024-11-12,F,10257.0,350.53,9743.0,D,,,,,,
860730,2024-11-14,HCA,Akdamar Erol R,isOfficer,0000950170-24-127310,2024-11-12,M,20000.0,68.96,20000.0,D,,,,,,
860730,2024-11-14,HCA,Akdamar Erol R,isOfficer,0000950170-24-127310,2024-11-14,S,2900.0,353.0,6843.0,D,,,,,,
860730,2024-11-14,HCA,Billington Phillip G,isOfficer,0000950170-24-127316,2024-11-14,S,3897.0,350.0,52702.0749,D,,,,,,
860730,2024-11-14,HCA,Billington Phillip G,isOfficer,0000950170-24-127316,2024-11-12,F,4103.0,350.53,56599.0749,D,,,,,,
860730,2024-11-14,HCA,Billington Phillip G,isOfficer,0000950170-24-127316,2024-11-12,M,8000.0,68.96,60702.0749,D,,,,,,
860730,2024-11-18,HCA,Foster Jon M,isOfficer,0000950170-24-128118,2024-11-14,F,20902.0,345.51,26278.0,D,,,,,,
860730,2024-11-18,HCA,Foster Jon M,isOfficer,0000950170-24-128118,2024-11-14,M,36600.0,101.16,47180.0,D,,,,,,
860730,2024-11-18,HCA,Foster Jon M,isOfficer,0000950170-24-128118,2024-11-14,G,1955.0,0.0,28580.0,D,,,,,,
860730,2024-11-18,HCA,Whalen Kathleen M,isOfficer,0000950170-24-128122,2024-11-14,S,1474.0,357.99,9454.0,D,,,,,,
860730,2024-11-18,HCA,Foster Jon M,isOfficer,0000950170-24-128118,2024-05-15,G,5350.0,0.0,0.0,I,,,,,,
860730,2024-11-18,HCA,Foster Jon M,isOfficer,0000950170-24-128118,2024-11-14,J,9502.0,352.74,30535.0,D,,,,,,
860730,2025-02-05,HCA,Mosier Sammie S,isOfficer,0000950170-25-014816,2025-02-03,M,138.0,,10536.0,D,,,,,,
860730,2025-02-05,HCA,Mosier Sammie S,isOfficer,0000950170-25-014816,2025-02-03,F,41.0,334.3,10495.0,D,,,,,,
860730,2025-02-11,HCA,Berres Jennifer,isOfficer,0000950170-25-018161,2025-02-07,M,7440.0,101.16,26171.0,D,,,,,,
860730,2025-02-11,HCA,Berres Jennifer,isOfficer,0000950170-25-018161,2025-02-07,F,6747.0,322.05,23764.0,D,,,,,,
860730,2025-02-18,HCA,HAZEN SAMUEL N,"isDirector,isOfficer",0000950170-25-022662,2025-02-13,F,4742.0,321.92,71676.0,D,,,,,,
860730,2025-02-18,HCA,McAlevey Michael R,isOfficer,0000950170-25-022664,2025-02-13,F,531.0,321.92,2696.0,D,,,,,,
860730,2025-02-18,HCA,Cuffe Michael S.,isOfficer,0000950170-25-022652,2025-02-13,F,583.0,321.92,31425.2085,D,,,,,,
860730,2025-02-18,HCA,Berres Jennifer,isOfficer,0000950170-25-022648,2025-02-13,A,1588.0,0.0,25352.0,D,,,,,,
860730,2025-02-18,HCA,HAZEN SAMUEL N,"isDirector,isOfficer",0000950170-25-022662,2025-02-13,A,13218.0,0.0,76418.0,D,,,,,,
860730,2025-02-18,HCA,Foster Jon M,isOfficer,0000950170-25-022661,2025-02-13,F,684.0,321.92,28344.0,D,,,,,,
860730,2025-02-18,HCA,Mosier Sammie S,isOfficer,0000950170-25-022666,2025-02-13,F,227.0,321.92,11113.0,D,,,,,,
860730,2025-02-18,HCA,Wyatt Christopher F.,isOfficer,0000950170-25-022667,2025-02-13,A,845.0,0.0,41294.0,D,,,,,,
860730,2025-02-18,HCA,Berres Jennifer,isOfficer,0000950170-25-022648,2025-02-13,F,407.0,321.92,24945.0,D,,,,,,
860730,2025-02-18,HCA,Cuffe Michael S.,isOfficer,0000950170-25-022652,2025-02-13,A,2330.0,0.0,32008.2085,D,,,,,,
860730,2025-02-18,HCA,Wyatt Christopher F.,isOfficer,0000950170-25-022667,2025-02-13,F,227.0,321.92,41067.0,D,,,,,,
860730,2025-02-18,HCA,Berres Jennifer,isOfficer,0000950170-25-022648,2025-02-14,S,4155.0,322.955,20790.0,D,,,,,,
860730,2025-02-18,HCA,Marks Mike A,isOfficer,0000950170-25-022663,2025-02-13,A,638.0,0.0,638.0,D,,,,,,
860730,2025-02-18,HCA,Mosier Sammie S,isOfficer,0000950170-25-022666,2025-02-13,A,845.0,0.0,11340.0,D,,,,,,
860730,2025-02-18,HCA,Foster Jon M,isOfficer,0000950170-25-022661,2025-02-13,A,2750.0,0.0,29028.0,D,,,,,,
860730,2025-02-18,HCA,Marks Mike A,isOfficer,0000950170-25-022663,2025-02-13,F,172.0,321.92,466.0,D,,,,,,
860730,2025-02-18,HCA,McAlevey Michael R,isOfficer,0000950170-25-022664,2025-02-13,A,2117.0,0.0,3227.0,D,,,,,,
860730,2025-03-28,HCA,BANK OF AMERICA CORP /DE/,isTenPercentOwner,0001140361-25-010977,2012-01-25,P,100.0,26.58,0.0,I,,,,,,
860730,2025-03-28,HCA,BANK OF AMERICA CORP /DE/,isTenPercentOwner,0001140361-25-010977,2012-02-22,S,200.0,25.4089,0.0,I,,,,,,
860730,2025-03-28,HCA,BANK OF AMERICA CORP /DE/,isTenPercentOwner,0001140361-25-010977,2012-03-15,S,2.0,25.34,0.0,I,,,,,,
860730,2025-03-28,HCA,BANK OF AMERICA CORP /DE/,isTenPercentOwner,0001140361-25-010977,2012-03-08,P,1580.0,25.28,0.0,I,,,,,,
860730,2025-03-28,HCA,BANK OF AMERICA CORP /DE/,isTenPercentOwner,0001140361-25-010977,2012-02-07,P,32.0,29.0,0.0,I,,,,,,
860730,2025-03-28,HCA,BANK OF AMERICA CORP /DE/,isTenPercentOwner,0001140361-25-010977,2012-03-09,P,2.0,25.63,0.0,I,,,,,,
860730,2025-03-28,HCA,BANK OF AMERICA CORP /DE/,isTenPercentOwner,0001140361-25-010977,2012-02-14,S,32.0,25.17,0.0,I,,,,,,
860730,2025-03-28,HCA,BANK OF AMERICA CORP /DE/,isTenPercentOwner,0001140361-25-010977,2012-03-16,S,25.0,25.33,0.0,I,,,,,,
860730,2025-03-28,HCA,BANK OF AMERICA CORP /DE/,isTenPercentOwner,0001140361-25-010977,2012-03-19,P,25.0,25.18,0.0,I,,,,,,
860730,2025-03-28,HCA,BANK OF AMERICA CORP /DE/,isTenPercentOwner,0001140361-25-010977,2012-02-17,S,1.0,25.16,0.0,I,,,,,,
860730,2025-03-28,HCA,BANK OF AMERICA CORP /DE/,isTenPercentOwner,0001140361-25-010977,2012-04-03,S,112.0,26.83,0.0,I,,,,,,
860730,2025-03-28,HCA,BANK OF AMERICA CORP /DE/,isTenPercentOwner,0001140361-25-010977,2012-02-13,P,1.0,27.78,0.0,I,,,,,,
860730,2025-03-28,HCA,BANK OF AMERICA CORP /DE/,isTenPercentOwner,0001140361-25-010977,2012-02-03,P,1.0,26.27,0.0,I,,,,,,
860730,2025-03-28,HCA,BANK OF AMERICA CORP /DE/,isTenPercentOwner,0001140361-25-010977,2012-01-13,P,477.0,23.2884,0.0,I,,,,,,
860730,2025-03-28,HCA,BANK OF AMERICA CORP /DE/,isTenPercentOwner,0001140361-25-010977,2012-02-01,S,148.0,25.1542,0.0,I,,,,,,
860730,2025-03-28,HCA,BANK OF AMERICA CORP /DE/,isTenPercentOwner,0001140361-25-010977,2011-07-26,P,670.0,27.97,0.0,I,,,,,,
860730,2025-03-28,HCA,BANK OF AMERICA CORP /DE/,isTenPercentOwner,0001140361-25-010977,2012-01-25,S,100.0,26.58,0.0,I,,,,,,
860730,2025-03-28,HCA,BANK OF AMERICA CORP /DE/,isTenPercentOwner,0001140361-25-010977,2012-02-02,P,148.0,24.911,0.0,I,,,,,,
860730,2025-03-28,HCA,BANK OF AMERICA CORP /DE/,isTenPercentOwner,0001140361-25-010977,2012-01-10,S,477.0,21.9,0.0,I,,,,,,
860730,2025-03-28,HCA,BANK OF AMERICA CORP /DE/,isTenPercentOwner,0001140361-25-010977,2012-03-08,S,80.0,25.31,0.0,I,,,,,,
860730,2025-03-28,HCA,BANK OF AMERICA CORP /DE/,isTenPercentOwner,0001140361-25-010977,2012-02-22,P,200.0,25.4637,0.0,I,,,,,,
860730,2025-05-01,HCA,Dennis Robert J,isDirector,0000950170-25-062112,2025-04-29,A,1026.0,0.0,26601.0,D,,,,,,
860730,2025-05-01,HCA,DEPARLE NANCY ANN,isDirector,0000950170-25-062120,2025-04-29,A,645.0,0.0,21401.0,D,,,,,,
860730,2025-05-01,HCA,Johnston Hugh F,isDirector,0000950170-25-062126,2025-04-29,A,1026.0,0.0,3666.0,D,,,,,,
860730,2025-05-01,HCA,Smith Andrea B,isDirector,0000950170-25-062141,2025-04-29,A,645.0,0.0,4157.0,D,,,,,,
860730,2025-05-01,HCA,Riley Wayne Joseph,isDirector,0000950170-25-062139,2025-04-29,A,645.0,0.0,14520.0,D,,,,,,
860730,2025-05-01,HCA,Frist William R,"isDirector,isTenPercentOwner",0001140361-25-016965,2025-04-30,J,10504.5617,340.6,1574896.8051,I,,,,,,
860730,2025-05-01,HCA,Frist William R,"isDirector,isTenPercentOwner",0001140361-25-016965,2025-04-29,A,1026.0,0.0,12931.0,D,,,,,,
860730,2025-05-01,HCA,FRIST THOMAS F III,"isDirector,isTenPercentOwner",0001140361-25-016961,2025-04-29,A,1320.0,0.0,14817.0,D,,,,,,
860730,2025-05-01,HCA,MICHELSON MICHAEL W,isDirector,0000950170-25-062136,2025-04-29,A,1173.0,0.0,11651.0,D,,,,,,
860730,2025-05-08,HCA,Marks Mike A,isOfficer,0000950170-25-067306,2025-05-07,J,285.0,356.84,0.0,I,,,,,,
860730,2025-05-08,HCA,Marks Mike A,isOfficer,0000950170-25-067306,2025-05-07,G,181.0,0.0,285.0,I,,,,,,
860730,2025-05-08,HCA,Marks Mike A,isOfficer,0000950170-25-067306,2025-05-06,G,466.0,0.0,0.0,D,,,,,,
860730,2025-05-08,HCA,Marks Mike A,isOfficer,0000950170-25-067306,2025-05-06,J,288.0,353.575,42939.0,I,,,,,,
860730,2025-05-15,HCA,HAZEN SAMUEL N,"isDirector,isOfficer",0000950170-25-072916,2025-05-13,G,90076.0,0.0,0.0,I,,,,,,
860730,2025-05-15,HCA,Foster Jon M,isOfficer,0000950170-25-072914,2025-05-13,S,15698.0,369.3248,12646.0,D,,,,,,
860730,2025-05-15,HCA,Foster Jon M,isOfficer,0000950170-25-072914,2025-05-13,G,1080.0,0.0,11566.0,D,,,,,,
860730,2025-05-15,HCA,Foster Jon M,isOfficer,0000950170-25-072914,2025-05-13,J,15925.0,367.195,0.0,I,,,,,,
860730,2025-07-31,HCA,CHIDSEY JOHN,isDirector,0000950170-25-101052,2025-07-29,A,496.0,0.0,496.0,D,,,,,,
860730,2025-09-08,HCA,Cuffe Michael S.,isOfficer,0001632835-25-000003,2025-09-04,M,10920.0,173.12,42422.9017,D,,,,,,
860730,2025-09-08,HCA,Cuffe Michael S.,isOfficer,0001632835-25-000003,2025-09-04,F,7084.0,411.59,35338.9017,D,,,,,,
860730,2025-09-08,HCA,Cuffe Michael S.,isOfficer,0001632835-25-000003,2025-09-08,S,3836.0,418.84,31502.9017,D,,,,,,
860730,2025-11-04,HCA,HAZEN SAMUEL N,"isDirector,isOfficer",0001193125-25-265148,2025-10-31,M,58050.0,69.58,75279.0,D,,,,,,
860730,2025-11-04,HCA,HAZEN SAMUEL N,"isDirector,isOfficer",0001193125-25-265148,2025-10-31,F,28173.0,459.68,47106.0,D,,,,,,
860730,2025-11-05,HCA,Marks Mike A,isOfficer,0001193125-25-267406,2025-11-05,G,165.0,0.0,0.0,D,,,,,,
860730,2025-11-05,HCA,McAlevey Michael R,isOfficer,0001193125-25-267409,2025-11-05,S,3892.0,473.79,3487.0,D,,,,,,
860730,2025-11-05,HCA,Marks Mike A,isOfficer,0001193125-25-267406,2025-11-03,G,165.0,0.0,43240.0,I,,,,,,
860730,2025-11-05,HCA,McAlevey Michael R,isOfficer,0001193125-25-267409,2025-11-03,M,13170.0,236.61,16657.0,D,,,,,,
860730,2025-11-05,HCA,McAlevey Michael R,isOfficer,0001193125-25-267409,2025-11-03,F,9278.0,461.56,7379.0,D,,,,,,
860730,2025-11-18,HCA,HAZEN SAMUEL N,"isDirector,isOfficer",0001193125-25-286555,2025-11-14,G,14830.0,0.0,32276.0,D,,,,,,
860730,2026-02-02,HCA,HAZEN SAMUEL N,"isDirector,isOfficer",0001193125-26-034005,2026-01-30,M,84360.0,81.96,116636.0,D,,,,,,
860730,2026-02-02,HCA,HAZEN SAMUEL N,"isDirector,isOfficer",0001193125-26-034005,2026-01-30,F,41483.0,488.27,75153.0,D,,,,,,
860730,2026-02-05,HCA,HAZEN SAMUEL N,"isDirector,isOfficer",0001193125-26-039805,2026-02-03,S,14716.0,502.9482,60437.0,D,,,,,,
860730,2026-02-05,HCA,HAZEN SAMUEL N,"isDirector,isOfficer",0001193125-26-039805,2026-02-04,J,1045.0,498.35,31231.0,D,,,,,,
860730,2026-02-05,HCA,Cuffe Michael S.,isOfficer,0001193125-26-039795,2026-02-03,S,1500.0,498.0901,30002.9017,D,,,,,,
860730,2026-02-05,HCA,Cuffe Michael S.,isOfficer,0001193125-26-039795,2026-02-03,G,4050.0,0.0,25952.9017,D,,,,,,
860730,2026-02-09,HCA,Wyatt Christopher F.,isOfficer,0001193125-26-043147,2026-02-05,M,10670.0,139.06,51737.0,D,,,,,,
860730,2026-02-09,HCA,Wyatt Christopher F.,isOfficer,0001193125-26-043147,2026-02-05,F,5674.0,513.76,46063.0,D,,,,,,
860730,2026-02-09,HCA,Foster Jon M,isOfficer,0001193125-26-043139,2026-02-05,M,29330.0,139.06,29330.0,D,,,,,,
860730,2026-02-09,HCA,Foster Jon M,isOfficer,0001193125-26-043139,2026-02-05,F,16076.0,513.76,13254.0,D,,,,,,
860730,2026-02-10,HCA,Frisco Holding II,isTenPercentOwner,0001140361-26-004681,2026-02-06,J,36629188.0,,0.0,D,,,,,,
860730,2026-02-10,HCA,Elcan Patricia F,isTenPercentOwner,0001140361-26-004683,2026-02-06,J,36629188.0,,0.0,I,,,,,,
860730,2026-02-10,HCA,HERCULES HOLDING II,isTenPercentOwner,0001140361-26-004682,2026-02-06,J,36629188.0,0.0,32282889.0,D,,,,,,
860730,2026-02-10,HCA,FRIST THOMAS F III,"isDirector,isTenPercentOwner",0001140361-26-004684,2026-02-06,J,36629188.0,,0.0,I,,,,,,
860730,2026-02-10,HCA,FRIST THOMAS F JR,isTenPercentOwner,0001140361-26-004686,2026-02-06,J,36629188.0,,0.0,I,,,,,,
860730,2026-02-10,HCA,Frist William R,"isDirector,isTenPercentOwner",0001140361-26-004685,2026-02-06,J,36629188.0,,0.0,I,,,,,,
860730,2026-02-12,HCA,Berres Jennifer,isOfficer,0001193125-26-049184,2026-02-10,F,2515.0,502.05,20013.0,D,,,,,,
860730,2026-02-12,HCA,HAZEN SAMUEL N,"isDirector,isOfficer",0001193125-26-049200,2026-02-10,F,21323.0,502.05,64842.0,D,,,,,,
860730,2026-02-12,HCA,Foster Jon M,isOfficer,0001193125-26-049197,2026-02-10,A,15696.0,0.0,28950.0,D,,,,,,
860730,2026-02-12,HCA,HAZEN SAMUEL N,"isDirector,isOfficer",0001193125-26-049200,2026-02-10,A,54934.0,0.0,86165.0,D,,,,,,
860730,2026-02-12,HCA,Berres Jennifer,isOfficer,0001193125-26-049184,2026-02-10,A,7116.0,0.0,22528.0,D,,,,,,
860730,2026-02-12,HCA,Cuffe Michael S.,isOfficer,0001193125-26-049186,2026-02-10,F,3501.0,502.05,32079.9017,D,,,,,,
860730,2026-02-12,HCA,Cuffe Michael S.,isOfficer,0001193125-26-049186,2026-02-10,A,9628.0,0.0,35580.9017,D,,,,,,
860730,2026-02-12,HCA,Foster Jon M,isOfficer,0001193125-26-049197,2026-02-10,F,5888.0,502.05,23062.0,D,,,,,,
860730,2026-02-12,HCA,Berres Jennifer,isOfficer,0001193125-26-049184,2026-02-11,S,4010.0,503.0,16003.0,D,,,,,,
860730,2026-02-12,HCA,Marks Mike A,isOfficer,0001193125-26-049208,2026-02-10,F,1690.0,502.05,3336.0,D,,,,,,
860730,2026-02-12,HCA,Rossitto Erica,isOfficer,0001193125-26-049221,2026-02-10,F,418.0,502.05,10407.0,D,,,,,,
860730,2026-02-12,HCA,Rossitto Erica,isOfficer,0001193125-26-049221,2026-02-10,A,1676.0,0.0,10825.0,D,,,,,,
860730,2026-02-12,HCA,Wyatt Christopher F.,isOfficer,0001193125-26-049224,2026-02-11,S,4000.0,505.0,44379.0,D,,,,,,
860730,2026-02-12,HCA,Wyatt Christopher F.,isOfficer,0001193125-26-049224,2026-02-10,F,1034.0,502.05,48379.0,D,,,,,,
860730,2026-02-12,HCA,McAlevey Michael R,isOfficer,0001193125-26-049217,2026-02-10,F,3006.0,502.05,8853.0,D,,,,,,
860730,2026-02-12,HCA,McAlevey Michael R,isOfficer,0001193125-26-049217,2026-02-10,A,8372.0,0.0,11859.0,D,,,,,,
860730,2026-02-12,HCA,Marks Mike A,isOfficer,0001193125-26-049208,2026-02-10,A,5026.0,0.0,5026.0,D,,,,,,
860730,2026-02-12,HCA,Wyatt Christopher F.,isOfficer,0001193125-26-049224,2026-02-10,A,3350.0,0.0,49413.0,D,,,,,,
860730,2026-02-18,HCA,McAlevey Michael R,isOfficer,0001193125-26-057701,2026-02-18,S,1694.0,533.3747,8853.0,D,,,,,,
860730,2026-02-18,HCA,McAlevey Michael R,isOfficer,0001193125-26-057701,2026-02-13,M,5000.0,236.61,13853.0,D,,,,,,
860730,2026-02-18,HCA,McAlevey Michael R,isOfficer,0001193125-26-057701,2026-02-13,F,3306.0,540.29,10547.0,D,,,,,,
860730,2026-04-30,HCA,DEPARLE NANCY ANN,isDirector,0001193125-26-197746,2026-04-28,A,509.0,0.0,21910.0,D,non_derivative,Common Stock,,,,
860730,2026-04-30,HCA,MICHELSON MICHAEL W,isDirector,0001193125-26-197763,2026-04-28,A,925.0,0.0,12576.0,D,non_derivative,Common Stock,,,,
860730,2026-04-30,HCA,Smith Andrea B,isDirector,0001193125-26-197781,2026-04-28,A,509.0,0.0,4666.0,D,non_derivative,Common Stock,,,,
860730,2026-04-30,HCA,Riley Wayne Joseph,isDirector,0001193125-26-197773,2026-04-28,A,509.0,0.0,15029.0,D,non_derivative,Common Stock,,,,
860730,2026-04-30,HCA,FRIST THOMAS F III,"isDirector,isTenPercentOwner",0001140361-26-018352,2026-04-28,A,1041.0,0.0,15858.0,D,non_derivative,"Common Stock, par value $0.01 per share",,,,
860730,2026-04-30,HCA,Johnston Hugh F,isDirector,0001193125-26-197757,2026-04-28,A,809.0,0.0,4475.0,D,non_derivative,Common Stock,,,,
860730,2026-04-30,HCA,CHIDSEY JOHN,isDirector,0001193125-26-197734,2026-04-28,A,809.0,0.0,1305.0,D,non_derivative,Common Stock,,,,
860730,2026-04-30,HCA,Frist William R,"isDirector,isTenPercentOwner",0001140361-26-018355,2026-04-28,A,809.0,0.0,13740.0,D,,,,,,
860730,2026-04-30,HCA,MICHELSON MICHAEL W,isDirector,0001193125-26-197763,2026-04-28,A,925.0,0.0,12576.0,D,,,,,,
860730,2026-04-30,HCA,Riley Wayne Joseph,isDirector,0001193125-26-197773,2026-04-28,A,509.0,0.0,15029.0,D,,,,,,
860730,2026-04-30,HCA,Smith Andrea B,isDirector,0001193125-26-197781,2026-04-28,A,509.0,0.0,4666.0,D,,,,,,
860730,2026-04-30,HCA,FRIST THOMAS F III,"isDirector,isTenPercentOwner",0001140361-26-018352,2026-04-28,A,1041.0,0.0,15858.0,D,,,,,,
860730,2026-04-30,HCA,DEPARLE NANCY ANN,isDirector,0001193125-26-197746,2026-04-28,A,509.0,0.0,21910.0,D,,,,,,
860730,2026-04-30,HCA,Johnston Hugh F,isDirector,0001193125-26-197757,2026-04-28,A,809.0,0.0,4475.0,D,,,,,,
860730,2026-04-30,HCA,Frist William R,"isDirector,isTenPercentOwner",0001140361-26-018355,2026-04-28,A,809.0,0.0,13740.0,D,non_derivative,"Common Stock, par value $0.01 per share",,,,
860730,2026-04-30,HCA,CHIDSEY JOHN,isDirector,0001193125-26-197734,2026-04-28,A,809.0,0.0,1305.0,D,,,,,,
860730,2026-05-11,HCA,Marks Mike A,isOfficer,0001193125-26-217167,2026-05-07,G,3336.0,0.0,0.0,D,,,,,,
860730,2026-05-11,HCA,Marks Mike A,isOfficer,0001193125-26-217167,2026-05-07,G,3336.0,0.0,0.0,D,non_derivative,Common Stock,,,,
