cik,filingDate,issuerTradingSymbol,reportingOwnerName,reportingOwnerRelationship,accessionNumber,transactionDate,transactionCode,transactionShares,transactionPricePerShare,sharesOwnedFollowingTransaction,directOrIndirectOwnership,transactionType,securityTitle,underlyingSecurityTitle,underlyingSecurityShares,exercisePrice,expirationDate
879169,2018-05-03,INCY,Hoppenot Herve,,0001209191-18-027697,2018-05-02,P,15000,60.94,276690,D,,,,,,
879169,2018-05-03,INCY,BAKER BROS. ADVISORS LP,,0001638599-18-000457,2018-05-02,M,20000,9.92,4407408,I,,,,,,
879169,2018-05-08,INCY,BROOKE PAUL A,,0001209191-18-028548,2018-05-04,G,20000,0.0,197859,D,,,,,,
879169,2018-06-06,INCY,BROOKE PAUL A,,0001209191-18-036063,2018-06-04,M,20000,2.8,217859,D,,,,,,
879169,2018-07-03,INCY,BROOKE PAUL A,,0001209191-18-040987,2018-06-20,G,20000,0.0,197859,D,,,,,,
879169,2018-07-03,INCY,BROOKE PAUL A,,0001209191-18-040987,2018-06-29,A,354,67.0,198213,D,,,,,,
879169,2018-07-03,INCY,BIENAIME JEAN JACQUES,,0001209191-18-040951,2018-06-29,A,216,67.0,5459,D,,,,,,
879169,2018-07-03,INCY,DIXON WENDY L,,0001209191-18-040933,2018-06-29,A,242,67.0,9709,D,,,,,,
879169,2018-07-03,INCY,FOUSE JACQUALYN A,,0001209191-18-040920,2018-06-29,A,186,67.0,336,D,,,,,,
879169,2018-07-03,INCY,BAKER BROS. ADVISORS LP,,0001638599-18-000723,2018-06-29,A,283,67.0,4407691,I,,,,,,
879169,2018-07-05,INCY,Iyengar Vijay K,,0001209191-18-041719,2018-07-05,F,273,68.28,8709,D,,,,,,
879169,2018-07-05,INCY,Hoppenot Herve,,0001209191-18-041748,2018-07-05,F,1532,68.28,187125,D,,,,,,
879169,2018-07-05,INCY,GRYSKA DAVID W,,0001209191-18-041743,2018-07-05,F,280,68.28,10690,D,,,,,,
879169,2018-07-05,INCY,Huber Reid M,,0001209191-18-041730,2018-07-05,F,284,68.28,35019,D,,,,,,
879169,2018-07-05,INCY,Flannelly Barry P,,0001209191-18-041702,2018-07-05,F,273,68.28,13857,D,,,,,,
879169,2018-07-05,INCY,Stein Steven H,,0001209191-18-041685,2018-07-05,F,262,68.28,15197,D,,,,,,
879169,2018-07-05,INCY,Trower Paul,,0001209191-18-041613,2018-07-02,A,2694,0.0,14469,D,,,,,,
879169,2018-07-05,INCY,Trower Paul,,0001209191-18-041613,2018-07-05,F,101,68.28,14368,D,,,,,,
879169,2018-07-05,INCY,Wenqing Yao,,0001209191-18-041610,2018-07-05,F,273,68.28,35647,D,,,,,,
879169,2018-07-05,INCY,SWAIN PAULA J,,0001209191-18-041628,2018-07-05,F,404,68.28,32963,D,,,,,,
879169,2018-07-11,INCY,SWAIN PAULA J,,0001209191-18-042343,2018-07-09,M,10000,18.32,42963,D,,,,,,
879169,2018-07-11,INCY,SWAIN PAULA J,,0001209191-18-042343,2018-07-09,S,10000,71.11,32963,D,,,,,,
879169,2018-07-11,INCY,Iyengar Vijay K,,0001209191-18-042339,2018-07-09,S,606,71.34,8103,D,,,,,,
879169,2018-07-18,INCY,Wenqing Yao,,0001209191-18-043120,2018-07-16,F,430,70.19,35217,D,,,,,,
879169,2018-07-18,INCY,Stein Steven H,,0001209191-18-043106,2018-07-16,F,577,70.19,14620,D,,,,,,
879169,2018-07-18,INCY,SWAIN PAULA J,,0001209191-18-043111,2018-07-16,F,639,70.19,32324,D,,,,,,
879169,2018-07-18,INCY,Trower Paul,,0001209191-18-043115,2018-07-16,F,196,70.19,14172,D,,,,,,
879169,2018-07-18,INCY,Huber Reid M,,0001209191-18-043040,2018-07-16,F,448,70.19,34571,D,,,,,,
879169,2018-07-18,INCY,Flannelly Barry P,,0001209191-18-043025,2018-07-16,F,430,70.19,13427,D,,,,,,
879169,2018-07-18,INCY,GRYSKA DAVID W,,0001209191-18-043028,2018-07-16,F,455,70.19,10235,D,,,,,,
879169,2018-07-18,INCY,Hoppenot Herve,,0001209191-18-043035,2018-07-16,F,2359,70.19,184766,D,,,,,,
879169,2018-08-22,INCY,SWAIN PAULA J,,0001209191-18-047908,2018-08-21,M,10000,18.32,42324,D,,,,,,
879169,2018-08-22,INCY,SWAIN PAULA J,,0001209191-18-047908,2018-08-21,S,10000,70.0,32324,D,,,,,,
879169,2018-09-06,INCY,SWAIN PAULA J,,0001209191-18-049827,2018-09-04,M,10000,18.32,42324,D,,,,,,
879169,2018-09-06,INCY,SWAIN PAULA J,,0001209191-18-049827,2018-09-04,S,10000,73.21,32324,D,,,,,,
879169,2018-10-02,INCY,BAKER BROS. ADVISORS LP,,0001638599-18-001150,2018-09-28,A,275,69.08,4407966,I,,,,,,
879169,2018-10-02,INCY,BROOKE PAUL A,,0001209191-18-053138,2018-09-28,A,343,69.08,198556,D,,,,,,
879169,2018-10-02,INCY,FOUSE JACQUALYN A,,0001209191-18-053114,2018-09-28,A,180,69.08,516,D,,,,,,
879169,2018-10-02,INCY,DIXON WENDY L,,0001209191-18-053099,2018-09-28,A,235,69.08,9944,D,,,,,,
879169,2018-10-02,INCY,BIENAIME JEAN JACQUES,,0001209191-18-053090,2018-09-28,A,209,69.08,5668,D,,,,,,
879169,2018-10-05,INCY,SWAIN PAULA J,,0001209191-18-054387,2018-10-03,M,10000,18.32,42324,D,,,,,,
879169,2018-10-05,INCY,Trower Paul,,0001209191-18-054389,2018-10-03,M,10000,17.79,24172,D,,,,,,
879169,2018-10-05,INCY,SWAIN PAULA J,,0001209191-18-054387,2018-10-03,S,10000,70.0,32324,D,,,,,,
879169,2018-10-05,INCY,Flannelly Barry P,,0001209191-18-054382,2018-10-03,S,1000,70.0,12427,D,,,,,,
879169,2018-10-05,INCY,Trower Paul,,0001209191-18-054389,2018-10-03,S,10000,70.0,14172,D,,,,,,
879169,2018-11-09,INCY,BIENAIME JEAN JACQUES,,0001209191-18-057953,2018-11-08,P,500,68.62,6168,D,,,,,,
879169,2018-12-12,INCY,Dhanak Dashyant,,0001209191-18-062223,2018-12-10,A,6878,0.0,6878,D,,,,,,
879169,2019-01-02,INCY,BAKER BROS. ADVISORS LP,,0001638599-19-000003,2018-12-31,A,298,63.59,4408264,I,,,,,,
879169,2019-01-03,INCY,DIXON WENDY L,,0001209191-19-000889,2018-12-31,A,255,63.59,10199,D,,,,,,
879169,2019-01-03,INCY,FOUSE JACQUALYN A,,0001209191-19-000904,2018-12-31,A,196,63.59,712,D,,,,,,
879169,2019-01-03,INCY,BIENAIME JEAN JACQUES,,0001209191-19-000858,2018-12-31,A,228,63.59,6896,D,,,,,,
879169,2019-01-03,INCY,BROOKE PAUL A,,0001209191-19-000880,2018-12-31,A,373,63.59,198929,D,,,,,,
879169,2019-01-03,INCY,Hoppenot Herve,,0001209191-19-000921,2019-01-02,F,27630,63.56,157136,D,,,,,,
879169,2019-01-08,INCY,Wenqing Yao,,0001209191-19-002811,2019-01-07,F,808,74.21,34409,D,,,,,,
879169,2019-01-08,INCY,Trower Paul,,0001209191-19-002803,2019-01-07,M,9187,17.79,23359,D,,,,,,
879169,2019-01-08,INCY,Wenqing Yao,,0001209191-19-002811,2019-01-07,M,10000,17.79,45217,D,,,,,,
879169,2019-01-08,INCY,Wenqing Yao,,0001209191-19-002811,2019-01-07,S,10000,75.0,35217,D,,,,,,
879169,2019-01-08,INCY,Stein Steven H,,0001209191-19-002792,2019-01-07,F,847,74.21,13773,D,,,,,,
879169,2019-01-08,INCY,Trower Paul,,0001209191-19-002803,2019-01-07,S,9187,75.0,14172,D,,,,,,
879169,2019-01-08,INCY,SWAIN PAULA J,,0001209191-19-002796,2019-01-07,F,1200,74.21,31124,D,,,,,,
879169,2019-01-08,INCY,SWAIN PAULA J,,0001209191-19-002796,2019-01-04,M,30000,18.32,62324,D,,,,,,
879169,2019-01-08,INCY,SWAIN PAULA J,,0001209191-19-002796,2019-01-04,S,30000,70.0,32324,D,,,,,,
879169,2019-01-08,INCY,Flannelly Barry P,,0001209191-19-002767,2019-01-07,F,896,74.21,11658,D,,,,,,
879169,2019-01-08,INCY,Trower Paul,,0001209191-19-002803,2019-01-07,F,272,74.21,13900,D,,,,,,
879169,2019-01-08,INCY,Hoppenot Herve,,0001209191-19-002773,2019-01-07,F,4604,74.21,152532,D,,,,,,
879169,2019-01-10,INCY,Flannelly Barry P,,0001209191-19-003251,2019-01-08,S,1714,75.56,9944,D,,,,,,
879169,2019-01-17,INCY,Trower Paul,,0001209191-19-004192,2019-01-15,M,5813,17.79,19713,D,,,,,,
879169,2019-01-17,INCY,Trower Paul,,0001209191-19-004192,2019-01-15,S,5813,75.0,13900,D,,,,,,
879169,2019-01-22,INCY,Wenqing Yao,,0001209191-19-004819,2019-01-17,M,15354,17.79,49763,D,,,,,,
879169,2019-01-22,INCY,Wenqing Yao,,0001209191-19-004819,2019-01-17,S,15354,77.61,34409,D,,,,,,
879169,2019-01-30,INCY,Flannelly Barry P,,0001209191-19-006004,2019-01-28,S,1000,80.0,8944,D,,,,,,
879169,2019-02-05,INCY,SWAIN PAULA J,,0001209191-19-007362,2019-02-01,M,10000,18.32,41124,D,,,,,,
879169,2019-02-05,INCY,SWAIN PAULA J,,0001209191-19-007362,2019-02-01,S,10000,81.19,31124,D,,,,,,
879169,2019-02-13,INCY,Stamoulis Christiana,,0001209191-19-009612,2019-02-11,A,10285,80.21,10285,D,,,,,,
879169,2019-02-19,INCY,Hoppenot Herve,,0001209191-19-011330,2019-02-14,A,20971,0.0,158503,D,,,,,,
879169,2019-02-19,INCY,Wenqing Yao,,0001209191-19-011309,2019-02-14,A,5389,0.0,39798,D,,,,,,
879169,2019-02-19,INCY,Flannelly Barry P,,0001209191-19-011191,2019-02-14,A,5389,0.0,14333,D,,,,,,
879169,2019-02-19,INCY,SWAIN PAULA J,,0001209191-19-011289,2019-02-14,A,5389,0.0,36513,D,,,,,,
879169,2019-02-19,INCY,Pasquale Maria E,,0001209191-19-011230,2019-02-14,A,5389,0.0,11530,D,,,,,,
879169,2019-02-19,INCY,Iyengar Vijay K,,0001209191-19-011213,2019-02-14,A,5389,0.0,13492,D,,,,,,
879169,2019-02-19,INCY,Stein Steven H,,0001209191-19-011238,2019-02-14,A,5389,0.0,19162,D,,,,,,
879169,2019-02-27,INCY,BAKER BROS. ADVISORS LP,,0001638599-19-000292,2019-02-26,M,20000,2.8,4428264,I,,,,,,
879169,2019-03-05,INCY,SWAIN PAULA J,,0001209191-19-016612,2019-03-01,M,10000,18.32,46513,D,,,,,,
879169,2019-03-05,INCY,SWAIN PAULA J,,0001209191-19-016612,2019-03-01,S,10000,86.68,36513,D,,,,,,
879169,2019-04-02,INCY,SWAIN PAULA J,,0001209191-19-022610,2019-04-01,M,1782,18.32,38295,D,,,,,,
879169,2019-04-02,INCY,SWAIN PAULA J,,0001209191-19-022610,2019-04-01,S,1782,87.01,36513,D,,,,,,
879169,2019-04-02,INCY,BAKER BROS. ADVISORS LP,,0001638599-19-000402,2019-03-29,A,220,86.01,4428484,I,,,,,,
879169,2019-04-02,INCY,Clancy Paul J,,0001209191-19-022646,2019-03-29,A,203,86.01,203,D,,,,,,
879169,2019-04-02,INCY,BROOKE PAUL A,,0001209191-19-022505,2019-03-29,A,276,86.01,199205,D,,,,,,
879169,2019-04-02,INCY,BIENAIME JEAN JACQUES,,0001209191-19-022490,2019-03-29,A,168,86.01,7064,D,,,,,,
879169,2019-04-02,INCY,FOUSE JACQUALYN A,,0001209191-19-022599,2019-03-29,A,145,86.01,857,D,,,,,,
879169,2019-04-02,INCY,DIXON WENDY L,,0001209191-19-022585,2019-03-29,A,188,86.01,10387,D,,,,,,
879169,2019-04-11,INCY,Pasquale Maria E,,0001209191-19-024383,2019-04-09,F,517,82.73,11013,D,,,,,,
879169,2019-04-29,INCY,FRIEDMAN PAUL A,,0001209191-19-026442,2019-04-26,A,1520,0.0,255531,D,,,,,,
879169,2019-04-29,INCY,FOUSE JACQUALYN A,,0001209191-19-026439,2019-04-26,A,1520,0.0,2377,D,,,,,,
879169,2019-04-29,INCY,DIXON WENDY L,,0001209191-19-026436,2019-04-26,A,1520,0.0,11907,D,,,,,,
879169,2019-04-29,INCY,Clancy Paul J,,0001209191-19-026434,2019-04-26,A,1520,0.0,1723,D,,,,,,
879169,2019-04-29,INCY,BROOKE PAUL A,,0001209191-19-026432,2019-04-26,A,1520,0.0,200725,D,,,,,,
879169,2019-04-29,INCY,BIENAIME JEAN JACQUES,,0001209191-19-026425,2019-04-26,A,1520,0.0,8584,D,,,,,,
879169,2019-04-30,INCY,BAKER BROS. ADVISORS LP,,0001638599-19-000433,2019-04-26,A,1520,0.0,4430004,I,,,,,,
879169,2019-05-10,INCY,Iyengar Vijay K,,0001209191-19-028962,2019-05-09,F,1434,82.02,12468,D,,,,,,
879169,2019-06-07,INCY,BAKER BROS. ADVISORS LP,,0001638599-19-000602,2019-06-06,J,1603238,0.0,2826766,I,,,,,,
879169,2019-06-18,INCY,SWAIN PAULA J,,0001209191-19-037771,2019-06-17,M,2500,64.55,39013,D,,,,,,
879169,2019-06-18,INCY,SWAIN PAULA J,,0001209191-19-037771,2019-06-17,S,2500,80.0,36513,D,,,,,,
879169,2019-06-25,INCY,Stein Steven H,,0001209191-19-039000,2019-06-24,S,8357,87.96,10805,D,,,,,,
879169,2019-07-02,INCY,FOUSE JACQUALYN A,,0001209191-19-040335,2019-06-28,A,203,84.96,2580,D,,,,,,
879169,2019-07-02,INCY,DIXON WENDY L,,0001209191-19-040315,2019-06-28,A,208,84.96,12115,D,,,,,,
879169,2019-07-02,INCY,Clancy Paul J,,0001209191-19-040306,2019-06-28,A,237,84.96,1960,D,,,,,,
879169,2019-07-02,INCY,BROOKE PAUL A,,0001209191-19-040297,2019-06-28,A,291,84.96,201016,D,,,,,,
879169,2019-07-02,INCY,BIENAIME JEAN JACQUES,,0001209191-19-040281,2019-06-28,A,195,84.96,8779,D,,,,,,
879169,2019-07-02,INCY,BAKER BROS. ADVISORS LP,,0001638599-19-000640,2019-06-28,A,310,84.96,2827076,I,,,,,,
879169,2019-07-03,INCY,Stein Steven H,,0001209191-19-040919,2019-07-02,A,6761,0.0,17566,D,,,,,,
879169,2019-07-03,INCY,Hoppenot Herve,,0001209191-19-040962,2019-07-02,A,39648,0.0,218558,D,,,,,,
879169,2019-07-03,INCY,Hoppenot Herve,,0001209191-19-040962,2019-07-02,F,2410,85.01,216148,D,,,,,,
879169,2019-07-03,INCY,SWAIN PAULA J,,0001209191-19-040932,2019-07-02,A,6761,0.0,43274,D,,,,,,
879169,2019-07-03,INCY,Trower Paul,,0001209191-19-040947,2019-07-02,A,3770,0.0,18081,D,,,,,,
879169,2019-07-03,INCY,Trower Paul,,0001209191-19-040947,2019-07-02,F,336,85.01,17745,D,,,,,,
879169,2019-07-03,INCY,Wenqing Yao,,0001209191-19-040952,2019-07-02,A,6761,0.0,46970,D,,,,,,
879169,2019-07-03,INCY,SWAIN PAULA J,,0001209191-19-040932,2019-07-02,F,619,85.01,42655,D,,,,,,
879169,2019-07-03,INCY,Dhanak Dashyant,,0001209191-19-040882,2019-07-02,A,6761,0.0,13639,D,,,,,,
879169,2019-07-03,INCY,Flannelly Barry P,,0001209191-19-040898,2019-07-02,A,6761,0.0,21327,D,,,,,,
879169,2019-07-03,INCY,Pasquale Maria E,,0001209191-19-040912,2019-07-02,F,470,85.01,17304,D,,,,,,
879169,2019-07-03,INCY,Iyengar Vijay K,,0001209191-19-040906,2019-07-02,A,6761,0.0,19229,D,,,,,,
879169,2019-07-03,INCY,Pasquale Maria E,,0001209191-19-040912,2019-07-02,A,6761,0.0,17774,D,,,,,,
879169,2019-07-03,INCY,Iyengar Vijay K,,0001209191-19-040906,2019-07-02,F,417,85.01,18812,D,,,,,,
879169,2019-07-03,INCY,Stein Steven H,,0001209191-19-040919,2019-07-02,F,417,85.01,17149,D,,,,,,
879169,2019-07-03,INCY,Flannelly Barry P,,0001209191-19-040898,2019-07-02,F,417,85.01,20910,D,,,,,,
879169,2019-07-03,INCY,Wenqing Yao,,0001209191-19-040952,2019-07-02,F,619,85.01,46351,D,,,,,,
879169,2019-07-09,INCY,Flannelly Barry P,,0001209191-19-041565,2019-07-05,F,273,85.28,20637,D,,,,,,
879169,2019-07-09,INCY,Wenqing Yao,,0001209191-19-041584,2019-07-05,F,404,85.28,45947,D,,,,,,
879169,2019-07-09,INCY,Trower Paul,,0001209191-19-041579,2019-07-05,F,148,85.28,17597,D,,,,,,
879169,2019-07-09,INCY,SWAIN PAULA J,,0001209191-19-041576,2019-07-05,F,404,85.28,42251,D,,,,,,
879169,2019-07-09,INCY,Stein Steven H,,0001209191-19-041573,2019-07-05,F,267,85.28,16882,D,,,,,,
879169,2019-07-09,INCY,Iyengar Vijay K,,0001209191-19-041571,2019-07-05,F,273,85.28,18539,D,,,,,,
879169,2019-07-09,INCY,Hoppenot Herve,,0001209191-19-041568,2019-07-05,F,1552,85.28,214596,D,,,,,,
879169,2019-07-16,INCY,SWAIN PAULA J,,0001209191-19-042178,2019-07-15,S,2500,80.0,42251,D,,,,,,
879169,2019-07-16,INCY,Stein Steven H,,0001209191-19-042176,2019-07-15,F,409,81.39,16473,D,,,,,,
879169,2019-07-16,INCY,SWAIN PAULA J,,0001209191-19-042178,2019-07-15,F,639,81.39,41612,D,,,,,,
879169,2019-07-16,INCY,Flannelly Barry P,,0001209191-19-042173,2019-07-15,F,430,81.39,20207,D,,,,,,
879169,2019-07-16,INCY,SWAIN PAULA J,,0001209191-19-042178,2019-07-15,M,2500,64.55,44751,D,,,,,,
879169,2019-07-16,INCY,Hoppenot Herve,,0001209191-19-042202,2019-07-15,F,2400,81.39,212196,D,,,,,,
879169,2019-07-16,INCY,Trower Paul,,0001209191-19-042181,2019-07-15,F,291,81.39,17306,D,,,,,,
879169,2019-07-16,INCY,Wenqing Yao,,0001209191-19-042183,2019-07-15,F,639,81.39,45308,D,,,,,,
879169,2019-07-18,INCY,Flannelly Barry P,,0001209191-19-042668,2019-07-17,S,959,79.91,19248,D,,,,,,
879169,2019-08-05,INCY,BIENAIME JEAN JACQUES,,0001209191-19-044574,2019-08-01,S,1347,85.16,7432,D,,,,,,
879169,2019-08-05,INCY,BIENAIME JEAN JACQUES,,0001209191-19-044574,2019-08-02,S,377,84.73,7055,D,,,,,,
879169,2019-08-06,INCY,FRIEDMAN PAUL A,,0001209191-19-044887,2019-08-06,S,77934,82.2,255531,D,,,,,,
879169,2019-08-06,INCY,FRIEDMAN PAUL A,,0001209191-19-044887,2019-08-06,M,77934,18.32,333465,D,,,,,,
879169,2019-08-06,INCY,FRIEDMAN PAUL A,,0001209191-19-044887,2019-08-02,M,22066,18.32,277597,D,,,,,,
879169,2019-08-06,INCY,FRIEDMAN PAUL A,,0001209191-19-044887,2019-08-02,S,22066,84.41,255531,D,,,,,,
879169,2019-08-13,INCY,Pasquale Maria E,,0001209191-19-045756,2019-08-09,M,1223,65.36,18527,D,,,,,,
879169,2019-08-19,INCY,SWAIN PAULA J,,0001209191-19-046539,2019-08-15,S,2500,80.96,41612,D,,,,,,
879169,2019-08-19,INCY,SWAIN PAULA J,,0001209191-19-046539,2019-08-15,M,2500,64.55,44112,D,,,,,,
879169,2019-09-11,INCY,Pasquale Maria E,,0001209191-19-049170,2019-09-09,M,76,65.36,18603,D,,,,,,
879169,2019-09-19,INCY,SWAIN PAULA J,,0001209191-19-050238,2019-09-18,S,2500,80.0,41612,D,,,,,,
879169,2019-09-19,INCY,Flannelly Barry P,,0001209191-19-050234,2019-09-17,S,2491,77.71,16757,D,,,,,,
879169,2019-09-19,INCY,SWAIN PAULA J,,0001209191-19-050238,2019-09-18,M,2500,64.55,44112,D,,,,,,
879169,2019-10-02,INCY,BROOKE PAUL A,,0001209191-19-051604,2019-09-30,A,304,74.23,201320,D,,,,,,
879169,2019-10-02,INCY,Clancy Paul J,,0001209191-19-051625,2019-09-30,A,266,74.23,2226,D,,,,,,
879169,2019-10-02,INCY,BIENAIME JEAN JACQUES,,0001209191-19-051595,2019-09-30,A,219,74.23,7274,D,,,,,,
879169,2019-10-02,INCY,DIXON WENDY L,,0001209191-19-051639,2019-09-30,A,225,74.23,12340,D,,,,,,
879169,2019-10-02,INCY,BAKER BROS. ADVISORS LP,,0001638599-19-000906,2019-09-30,A,364,74.23,2827440,I,,,,,,
879169,2019-10-02,INCY,FOUSE JACQUALYN A,,0001209191-19-051647,2019-09-30,A,251,74.23,2831,D,,,,,,
879169,2019-10-11,INCY,Pasquale Maria E,,0001209191-19-053052,2019-10-10,M,77,65.36,18680,D,,,,,,
879169,2019-10-24,INCY,SWAIN PAULA J,,0001209191-19-053903,2019-10-22,M,2500,64.55,44112,D,,,,,,
879169,2019-10-24,INCY,SWAIN PAULA J,,0001209191-19-053903,2019-10-22,S,2500,80.0,41612,D,,,,,,
879169,2019-10-31,INCY,Stein Steven H,,0001209191-19-054618,2019-10-30,A,50000,0.0,66473,D,,,,,,
879169,2019-10-31,INCY,Trower Paul,,0001209191-19-054620,2019-10-29,S,6601,80.0,17306,D,,,,,,
879169,2019-10-31,INCY,Trower Paul,,0001209191-19-054620,2019-10-29,M,6601,18.32,23907,D,,,,,,
879169,2019-10-31,INCY,Iyengar Vijay K,,0001209191-19-054616,2019-10-29,S,930,85.0,17609,D,,,,,,
879169,2019-10-31,INCY,Wenqing Yao,,0001209191-19-054622,2019-10-29,M,2040,18.32,47348,D,,,,,,
879169,2019-10-31,INCY,Wenqing Yao,,0001209191-19-054622,2019-10-29,S,2040,85.0,45308,D,,,,,,
879169,2019-10-31,INCY,Wenqing Yao,,0001209191-19-054622,2019-10-30,A,50000,0.0,95308,D,,,,,,
879169,2019-11-05,INCY,Trower Paul,,0001209191-19-055212,2019-11-01,M,8500,18.32,25806,D,,,,,,
879169,2019-11-05,INCY,Trower Paul,,0001209191-19-055212,2019-11-01,S,8500,85.0,17306,D,,,,,,
879169,2019-11-05,INCY,Wenqing Yao,,0001209191-19-055288,2019-11-01,M,7960,18.32,103268,D,,,,,,
879169,2019-11-05,INCY,Wenqing Yao,,0001209191-19-055288,2019-11-01,S,7960,85.0,95308,D,,,,,,
879169,2019-11-08,INCY,DIXON WENDY L,,0001209191-19-055857,2019-11-08,M,22884,12.46,35224,D,,,,,,
879169,2019-11-08,INCY,DIXON WENDY L,,0001209191-19-055857,2019-11-08,S,22884,83.87,12340,D,,,,,,
879169,2019-11-08,INCY,DIXON WENDY L,,0001209191-19-055857,2019-11-07,M,1540,12.46,13880,D,,,,,,
879169,2019-11-08,INCY,DIXON WENDY L,,0001209191-19-055857,2019-11-07,S,1540,83.6,12340,D,,,,,,
879169,2019-11-08,INCY,DIXON WENDY L,,0001209191-19-055857,2019-11-06,M,10576,12.46,22916,D,,,,,,
879169,2019-11-08,INCY,DIXON WENDY L,,0001209191-19-055857,2019-11-06,S,10576,84.16,12340,D,,,,,,
879169,2019-11-14,INCY,Pasquale Maria E,,0001209191-19-056610,2019-11-13,M,76,65.36,18756,D,,,,,,
879169,2019-11-19,INCY,SWAIN PAULA J,,0001209191-19-057276,2019-11-15,S,2500,86.46,41612,D,,,,,,
879169,2019-11-19,INCY,SWAIN PAULA J,,0001209191-19-057276,2019-11-15,M,2500,64.55,44112,D,,,,,,
879169,2019-11-26,INCY,Trower Paul,,0001209191-19-058092,2019-11-25,M,15000,18.32,32306,D,,,,,,
879169,2019-11-26,INCY,Trower Paul,,0001209191-19-058092,2019-11-25,S,15000,90.0,17306,D,,,,,,
879169,2019-11-26,INCY,Wenqing Yao,,0001209191-19-058098,2019-11-25,S,15000,90.0,95308,D,,,,,,
879169,2019-11-26,INCY,Flannelly Barry P,,0001209191-19-058122,2019-11-25,S,422,90.0,16979,D,,,,,,
879169,2019-11-26,INCY,Wenqing Yao,,0001209191-19-058098,2019-11-25,M,15000,18.32,110308,D,,,,,,
879169,2019-11-26,INCY,Flannelly Barry P,,0001209191-19-058122,2019-11-25,M,422,48.44,17401,D,,,,,,
879169,2019-12-03,INCY,Wenqing Yao,,0001209191-19-058714,2019-11-29,S,3165,95.0,95308,D,,,,,,
879169,2019-12-03,INCY,Iyengar Vijay K,,0001209191-19-058709,2019-11-29,M,500,72.86,18109,D,,,,,,
879169,2019-12-03,INCY,Iyengar Vijay K,,0001209191-19-058709,2019-11-29,S,500,95.0,17609,D,,,,,,
879169,2019-12-03,INCY,Wenqing Yao,,0001209191-19-058714,2019-11-29,M,3165,18.32,98473,D,,,,,,
879169,2019-12-03,INCY,Wenqing Yao,,0001209191-19-058714,2019-12-02,S,16835,95.0,95308,D,,,,,,
879169,2019-12-03,INCY,Wenqing Yao,,0001209191-19-058714,2019-12-02,M,16835,18.32,112143,D,,,,,,
879169,2019-12-03,INCY,Iyengar Vijay K,,0001209191-19-058709,2019-12-02,S,7366,95.0,17609,D,,,,,,
879169,2019-12-03,INCY,Flannelly Barry P,,0001209191-19-058699,2019-12-02,M,6582,73.21,23561,D,,,,,,
879169,2019-12-03,INCY,Iyengar Vijay K,,0001209191-19-058709,2019-12-02,M,7366,72.86,24975,D,,,,,,
879169,2019-12-03,INCY,Flannelly Barry P,,0001209191-19-058699,2019-11-29,S,600,95.0,16979,D,,,,,,
879169,2019-12-03,INCY,Flannelly Barry P,,0001209191-19-058699,2019-12-02,S,6582,95.0,16979,D,,,,,,
879169,2019-12-03,INCY,Flannelly Barry P,,0001209191-19-058699,2019-11-29,M,600,73.21,17579,D,,,,,,
879169,2019-12-12,INCY,Dhanak Dashyant,,0001209191-19-060228,2019-12-10,F,533,95.72,13106,D,,,,,,
879169,2019-12-16,INCY,Pasquale Maria E,,0001209191-19-060663,2019-12-12,M,77,65.36,18833,D,,,,,,
879169,2019-12-18,INCY,SWAIN PAULA J,,0001209191-19-061156,2019-12-16,M,2500,64.55,44112,D,,,,,,
879169,2019-12-18,INCY,SWAIN PAULA J,,0001209191-19-061156,2019-12-16,S,2500,91.61,41612,D,,,,,,
879169,2019-12-19,INCY,HARRIGAN EDMUND,,0001209191-19-061321,2019-12-17,A,462,0.0,462,D,,,,,,
879169,2020-01-03,INCY,FOUSE JACQUALYN A,,0001209191-20-000886,2019-12-31,A,218,87.32,3049,D,,,,,,
879169,2020-01-03,INCY,Clancy Paul J,,0001209191-20-000810,2019-12-31,A,231,87.32,2457,D,,,,,,
879169,2020-01-03,INCY,BROOKE PAUL A,,0001209191-20-000791,2019-12-31,A,264,87.32,201584,D,,,,,,
879169,2020-01-03,INCY,BIENAIME JEAN JACQUES,,0001209191-20-000773,2019-12-31,A,190,87.32,7464,D,,,,,,
879169,2020-01-03,INCY,DIXON WENDY L,,0001209191-20-000850,2019-12-31,A,196,87.32,12536,D,,,,,,
879169,2020-01-03,INCY,Hoppenot Herve,,0001209191-20-000931,2020-01-02,F,28345,85.97,183851,D,,,,,,
879169,2020-01-03,INCY,BAKER BROS. ADVISORS LP,,0001638599-20-000014,2019-12-31,A,316,87.32,2827756,I,,,,,,
879169,2020-01-08,INCY,Morrissey Michael James,,0001209191-20-002556,2020-01-06,F,111,77.34,42939,D,,,,,,
879169,2020-01-08,INCY,Dickinson Jonathan Elliott,,0001209191-20-002626,2020-01-06,F,111,77.34,24733,D,,,,,,
879169,2020-01-14,INCY,Pasquale Maria E,,0001209191-20-003319,2020-01-10,M,127,65.36,18960,D,,,,,,
879169,2020-01-17,INCY,SWAIN PAULA J,,0001209191-20-003970,2020-01-15,S,2500,81.12,41612,D,,,,,,
879169,2020-01-17,INCY,SWAIN PAULA J,,0001209191-20-003970,2020-01-15,M,2500,64.55,44112,D,,,,,,
879169,2020-01-22,INCY,Morrissey Michael James,,0001209191-20-004485,2020-01-17,A,5741,0.0,48680,D,,,,,,
879169,2020-01-22,INCY,Morrissey Michael James,,0001209191-20-004485,2020-01-17,F,59,80.5,48621,D,,,,,,
879169,2020-01-22,INCY,Dickinson Jonathan Elliott,,0001209191-20-004480,2020-01-17,A,5741,0.0,30474,D,,,,,,
879169,2020-01-22,INCY,Dickinson Jonathan Elliott,,0001209191-20-004480,2020-01-17,F,59,80.5,30415,D,,,,,,
879169,2020-01-22,INCY,Trower Paul,,0001209191-20-004492,2020-01-17,A,4018,0.0,21324,D,,,,,,
879169,2020-01-22,INCY,Flannelly Barry P,,0001209191-20-004487,2020-01-17,A,11482,0.0,28461,D,,,,,,
879169,2020-01-27,INCY,Morrissey Michael James,,0001209191-20-004992,2020-01-23,F,64,78.24,48557,D,,,,,,
879169,2020-01-27,INCY,Dickinson Jonathan Elliott,,0001209191-20-004985,2020-01-23,F,64,78.24,30351,D,,,,,,
879169,2020-02-07,INCY,Wenqing Yao,,0001209191-20-007561,2020-02-05,M,17542,18.32,112850,D,,,,,,
879169,2020-02-07,INCY,Wenqing Yao,,0001209191-20-007561,2020-02-05,S,17542,75.97,95308,D,,,,,,
879169,2020-02-12,INCY,Pasquale Maria E,,0001209191-20-008842,2020-02-10,M,127,65.36,19087,D,,,,,,
879169,2020-02-13,INCY,Stamoulis Christiana,,0001209191-20-009349,2020-02-11,F,780,76.14,14089,D,,,,,,
879169,2020-02-13,INCY,Stamoulis Christiana,,0001209191-20-009349,2020-02-11,A,4268,76.14,14869,D,,,,,,
879169,2020-02-18,INCY,Hoppenot Herve,,0001209191-20-010140,2020-02-13,A,40360,0.0,224211,D,,,,,,
879169,2020-02-18,INCY,Iyengar Vijay K,,0001209191-20-010244,2020-02-13,A,6881,0.0,24490,D,,,,,,
879169,2020-02-18,INCY,Wenqing Yao,,0001209191-20-010112,2020-02-13,A,6881,0.0,102189,D,,,,,,
879169,2020-02-18,INCY,Stein Steven H,,0001209191-20-010197,2020-02-13,A,6881,0.0,73354,D,,,,,,
879169,2020-02-18,INCY,Pasquale Maria E,,0001209191-20-010076,2020-02-13,A,6881,0.0,25968,D,,,,,,
879169,2020-02-18,INCY,Dhanak Dashyant,,0001209191-20-010034,2020-02-13,A,6881,0.0,19987,D,,,,,,
879169,2020-02-18,INCY,SWAIN PAULA J,,0001209191-20-010093,2020-02-13,A,6881,0.0,48493,D,,,,,,
879169,2020-02-18,INCY,Flannelly Barry P,,0001209191-20-010045,2020-02-13,A,6881,0.0,35342,D,,,,,,
879169,2020-02-21,INCY,SWAIN PAULA J,,0001209191-20-011512,2020-02-19,M,2500,64.55,50993,D,,,,,,
879169,2020-02-21,INCY,SWAIN PAULA J,,0001209191-20-011512,2020-02-19,S,2500,80.0,48493,D,,,,,,
879169,2020-02-25,INCY,BROOKE PAUL A,,0001209191-20-012498,2020-02-21,M,20000,13.34,221584,D,,,,,,
879169,2020-03-13,INCY,Pasquale Maria E,,0001209191-20-018866,2020-03-11,M,128,65.36,26096,D,,,,,,
879169,2020-03-30,INCY,High Katherine A,,0001209191-20-021730,2020-03-26,A,139,0.0,139,D,,,,,,
879169,2020-04-01,INCY,BAKER BROS. ADVISORS LP,,0001638599-20-000358,2020-03-31,A,392,73.23,2828148,I,,,,,,
879169,2020-04-02,INCY,SWAIN PAULA J,,0001209191-20-022716,2020-03-31,M,1639,64.55,50132,D,,,,,,
879169,2020-04-02,INCY,BIENAIME JEAN JACQUES,,0001209191-20-022643,2020-03-31,A,236,73.23,7700,D,,,,,,
879169,2020-04-02,INCY,Clancy Paul J,,0001209191-20-022680,2020-03-31,A,287,73.23,2744,D,,,,,,
879169,2020-04-02,INCY,BROOKE PAUL A,,0001209191-20-022671,2020-03-31,A,327,73.23,221911,D,,,,,,
879169,2020-04-02,INCY,HARRIGAN EDMUND,,0001209191-20-022768,2020-03-31,A,202,73.23,664,D,,,,,,
879169,2020-04-02,INCY,SWAIN PAULA J,,0001209191-20-022716,2020-03-31,S,1639,71.44,48493,D,,,,,,
879169,2020-04-02,INCY,FOUSE JACQUALYN A,,0001209191-20-022695,2020-03-31,A,270,73.23,3319,D,,,,,,
879169,2020-04-02,INCY,DIXON WENDY L,,0001209191-20-022684,2020-03-31,A,243,73.23,12779,D,,,,,,
879169,2020-04-08,INCY,Dhanak Dashyant,,0001209191-20-023920,2020-04-06,M,3844,65.42,23831,D,,,,,,
879169,2020-04-08,INCY,Dhanak Dashyant,,0001209191-20-023920,2020-04-06,S,3844,85.0,19987,D,,,,,,
879169,2020-04-08,INCY,Pasquale Maria E,,0001209191-20-023922,2020-04-06,S,1842,85.0,24254,D,,,,,,
879169,2020-04-10,INCY,Pasquale Maria E,,0001209191-20-024139,2020-04-09,F,517,86.81,23737,D,,,,,,
879169,2020-04-15,INCY,Pasquale Maria E,,0001209191-20-024494,2020-04-13,S,965,85.68,22899,D,,,,,,
879169,2020-04-15,INCY,Pasquale Maria E,,0001209191-20-024494,2020-04-13,M,127,65.36,23864,D,,,,,,
879169,2020-04-15,INCY,Pasquale Maria E,,0001209191-20-024494,2020-04-14,M,17827,65.36,40726,D,,,,,,
879169,2020-04-15,INCY,Pasquale Maria E,,0001209191-20-024494,2020-04-14,S,17827,90.0,22899,D,,,,,,
879169,2020-04-20,INCY,Pasquale Maria E,,0001209191-20-025112,2020-04-17,M,9488,72.27,32837,D,,,,,,
879169,2020-04-20,INCY,Pasquale Maria E,,0001209191-20-025112,2020-04-16,S,9488,95.0,22899,D,,,,,,
879169,2020-04-20,INCY,Pasquale Maria E,,0001209191-20-025112,2020-04-16,M,9488,68.62,32837,D,,,,,,
879169,2020-04-20,INCY,Pasquale Maria E,,0001209191-20-025112,2020-04-17,S,9488,100.0,22899,D,,,,,,
879169,2020-04-21,INCY,Flannelly Barry P,,0001209191-20-025253,2020-04-17,M,6583,73.21,41925,D,,,,,,
879169,2020-04-21,INCY,Trower Paul,,0001209191-20-025268,2020-04-17,M,1143,64.55,22467,D,,,,,,
879169,2020-04-21,INCY,Trower Paul,,0001209191-20-025268,2020-04-17,S,1143,100.0,21324,D,,,,,,
879169,2020-04-21,INCY,Flannelly Barry P,,0001209191-20-025253,2020-04-17,S,6583,100.0,35342,D,,,,,,
879169,2020-04-29,INCY,BAKER BROS. ADVISORS LP,,0001638599-20-000404,2020-04-28,M,20000,13.34,2848148,I,,,,,,
879169,2020-05-08,INCY,Dhanak Dashyant,,0001209191-20-027959,2020-05-06,S,961,96.84,19987,D,,,,,,
879169,2020-05-08,INCY,Dhanak Dashyant,,0001209191-20-027959,2020-05-06,M,961,65.42,20948,D,,,,,,
879169,2020-05-13,INCY,Pasquale Maria E,,0001209191-20-028838,2020-05-11,M,128,65.36,23534,D,,,,,,
879169,2020-05-28,INCY,FRIEDMAN PAUL A,,0001209191-20-032596,2020-05-26,A,1282,0.0,256813,D,,,,,,
879169,2020-05-28,INCY,BAKER BROS. ADVISORS LP,,0001638599-20-000518,2020-05-26,A,1282,0.0,2849430,I,,,,,,
879169,2020-05-28,INCY,High Katherine A,,0001209191-20-032607,2020-05-26,A,1282,0.0,1421,D,,,,,,
879169,2020-05-28,INCY,BAKER BROS. ADVISORS LP,,0001638599-20-000518,2020-05-28,P,1,102.55,2849431,I,,,,,,
879169,2020-05-28,INCY,Clancy Paul J,,0001209191-20-032579,2020-05-26,A,1282,0.0,4026,D,,,,,,
879169,2020-05-28,INCY,DIXON WENDY L,,0001209191-20-032583,2020-05-26,A,1282,0.0,14061,D,,,,,,
879169,2020-05-28,INCY,BIENAIME JEAN JACQUES,,0001209191-20-032575,2020-05-26,A,1282,0.0,8982,D,,,,,,
879169,2020-05-28,INCY,HARRIGAN EDMUND,,0001209191-20-032603,2020-05-26,A,1282,0.0,1946,D,,,,,,
879169,2020-05-28,INCY,FOUSE JACQUALYN A,,0001209191-20-032592,2020-05-26,A,1282,0.0,4601,D,,,,,,
879169,2020-06-10,INCY,Dhanak Dashyant,,0001209191-20-035524,2020-06-08,M,961,65.42,20948,D,,,,,,
879169,2020-06-10,INCY,Dhanak Dashyant,,0001209191-20-035524,2020-06-08,S,961,91.87,19987,D,,,,,,
879169,2020-06-12,INCY,Pasquale Maria E,,0001209191-20-036246,2020-06-10,M,1423,68.62,24957,D,,,,,,
879169,2020-06-12,INCY,Pasquale Maria E,,0001209191-20-036246,2020-06-10,S,1423,95.0,23534,D,,,,,,
879169,2020-06-15,AGEN,INCYTE CORP,,0001104659-20-073512,2020-06-12,S,9100,3.5776,17570993,D,,,,,,
879169,2020-06-15,AGEN,INCYTE CORP,,0001104659-20-073512,2020-06-11,S,183875,3.7677,17580093,D,,,,,,
879169,2020-06-15,AGEN,INCYTE CORP,,0001104659-20-073512,2020-06-15,S,384025,3.5731,17186968,D,,,,,,
879169,2020-06-16,INCY,Pasquale Maria E,,0001209191-20-036975,2020-06-12,M,127,65.36,23661,D,,,,,,
879169,2020-06-18,AGEN,INCYTE CORP,,0001104659-20-074735,2020-06-17,S,141920,3.6558,16972968,D,,,,,,
879169,2020-06-18,AGEN,INCYTE CORP,,0001104659-20-074735,2020-06-16,S,72080,3.6627,17114888,D,,,,,,
879169,2020-06-22,INCY,Wenqing Yao,,0001209191-20-038189,2020-06-18,A,25000,0.0,152188,D,,,,,,
879169,2020-06-22,INCY,Stein Steven H,,0001209191-20-038174,2020-06-18,A,25000,0.0,98354,D,,,,,,
879169,2020-06-23,INCY,Pasquale Maria E,,0001209191-20-038487,2020-06-19,M,1423,72.27,25084,D,,,,,,
879169,2020-06-23,INCY,Iyengar Vijay K,,0001209191-20-038474,2020-06-19,M,7866,72.86,32767,D,,,,,,
879169,2020-06-23,INCY,Pasquale Maria E,,0001209191-20-038487,2020-06-19,S,1423,100.0,23661,D,,,,,,
879169,2020-06-23,INCY,Flannelly Barry P,,0001209191-20-038461,2020-06-19,M,7181,73.21,43043,D,,,,,,
879169,2020-06-23,INCY,Dickinson Jonathan Elliott,,0001209191-20-038453,2020-06-22,S,9000,105.31,21762,D,,,,,,
879169,2020-06-23,INCY,Flannelly Barry P,,0001209191-20-038461,2020-06-19,S,7181,105.0,35862,D,,,,,,
879169,2020-06-23,INCY,Iyengar Vijay K,,0001209191-20-038474,2020-06-19,S,7866,105.0,24901,D,,,,,,
879169,2020-06-25,INCY,Trower Paul,,0001209191-20-038950,2020-06-23,M,6943,64.55,28677,D,,,,,,
879169,2020-06-25,INCY,Trower Paul,,0001209191-20-038950,2020-06-23,S,6943,110.0,21734,D,,,,,,
879169,2020-06-25,INCY,Flannelly Barry P,,0001209191-20-038947,2020-06-23,M,599,73.21,36461,D,,,,,,
879169,2020-06-25,INCY,Flannelly Barry P,,0001209191-20-038947,2020-06-23,S,400,110.0,36061,D,,,,,,
879169,2020-06-30,INCY,Hoppenot Herve,,0001209191-20-039435,2020-06-26,M,4647,64.55,245250,D,,,,,,
879169,2020-06-30,INCY,Hoppenot Herve,,0001209191-20-039435,2020-06-26,S,4647,102.91,240603,D,,,,,,
879169,2020-07-01,INCY,BIENAIME JEAN JACQUES,,0001209191-20-039764,2020-06-30,A,208,103.97,9190,D,,,,,,
879169,2020-07-01,INCY,Clancy Paul J,,0001209191-20-039772,2020-06-30,A,229,103.97,4255,D,,,,,,
879169,2020-07-01,INCY,HARRIGAN EDMUND,,0001209191-20-039796,2020-06-30,A,152,103.97,2098,D,,,,,,
879169,2020-07-01,INCY,FOUSE JACQUALYN A,,0001209191-20-039885,2020-06-30,A,202,103.97,4803,D,,,,,,
879169,2020-07-01,INCY,DIXON WENDY L,,0001209191-20-039784,2020-06-30,A,182,103.97,14243,D,,,,,,
879169,2020-07-02,INCY,BAKER BROS. ADVISORS LP,,0001638599-20-000649,2020-06-30,A,294,0.0,2849725,I,,,,,,
879169,2020-07-07,INCY,SWAIN PAULA J,,0001209191-20-041568,2020-07-02,A,6661,0.0,55154,D,,,,,,
879169,2020-07-07,INCY,Stein Steven H,,0001209191-20-041566,2020-07-06,F,269,107.79,103272,D,,,,,,
879169,2020-07-07,INCY,SWAIN PAULA J,,0001209191-20-041568,2020-07-02,F,1474,106.47,53680,D,,,,,,
879169,2020-07-07,INCY,Stein Steven H,,0001209191-20-041566,2020-07-06,M,596,83.83,101346,D,,,,,,
879169,2020-07-07,INCY,Wenqing Yao,,0001209191-20-041572,2020-07-02,F,2187,106.47,156662,D,,,,,,
879169,2020-07-07,INCY,Trower Paul,,0001209191-20-041570,2020-07-02,F,564,106.47,24702,D,,,,,,
879169,2020-07-07,INCY,Wenqing Yao,,0001209191-20-041572,2020-07-02,A,6661,0.0,158849,D,,,,,,
879169,2020-07-07,INCY,Stein Steven H,,0001209191-20-041566,2020-07-02,A,6661,0.0,105015,D,,,,,,
879169,2020-07-07,INCY,Wenqing Yao,,0001209191-20-041572,2020-07-06,S,905,107.32,156258,D,,,,,,
879169,2020-07-07,INCY,Trower Paul,,0001209191-20-041570,2020-07-06,F,104,107.79,24598,D,,,,,,
879169,2020-07-07,INCY,Stein Steven H,,0001209191-20-041566,2020-07-02,F,1474,106.47,103541,D,,,,,,
879169,2020-07-07,INCY,Stein Steven H,,0001209191-20-041566,2020-07-06,S,2522,106.4,100750,D,,,,,,
879169,2020-07-07,INCY,Wenqing Yao,,0001209191-20-041572,2020-07-06,F,404,107.79,156258,D,,,,,,
879169,2020-07-07,INCY,SWAIN PAULA J,,0001209191-20-041568,2020-07-06,F,273,107.97,53407,D,,,,,,
879169,2020-07-07,INCY,Trower Paul,,0001209191-20-041570,2020-07-02,A,3532,0.0,25266,D,,,,,,
879169,2020-07-07,INCY,Stamoulis Christiana,,0001209191-20-041563,2020-07-02,A,6661,0.0,21067,D,,,,,,
879169,2020-07-07,INCY,Wenqing Yao,,0001209191-20-041572,2020-07-06,M,905,64.55,157163,D,,,,,,
879169,2020-07-07,INCY,Pasquale Maria E,,0001209191-20-041561,2020-07-02,F,2373,106.47,27949,D,,,,,,
879169,2020-07-07,INCY,Hoppenot Herve,,0001209191-20-041557,2020-07-02,F,11602,106.47,268060,D,,,,,,
879169,2020-07-07,INCY,Hoppenot Herve,,0001209191-20-041557,2020-07-07,S,1365,110.0,266501,D,,,,,,
879169,2020-07-07,INCY,Iyengar Vijay K,,0001209191-20-041559,2020-07-02,A,6661,0.0,31562,D,,,,,,
879169,2020-07-07,INCY,Flannelly Barry P,,0001209191-20-041553,2020-07-06,F,404,107.79,40542,D,,,,,,
879169,2020-07-07,INCY,Hoppenot Herve,,0001209191-20-041557,2020-07-06,F,1559,107.79,266501,D,,,,,,
879169,2020-07-07,INCY,Dhanak Dashyant,,0001209191-20-041549,2020-07-06,M,961,65.42,26552,D,,,,,,
879169,2020-07-07,INCY,Iyengar Vijay K,,0001209191-20-041559,2020-07-06,F,404,107.79,29521,D,,,,,,
879169,2020-07-07,INCY,Iyengar Vijay K,,0001209191-20-041559,2020-07-02,F,1637,106.47,29925,D,,,,,,
879169,2020-07-07,INCY,Hoppenot Herve,,0001209191-20-041557,2020-07-02,A,39059,0.0,279662,D,,,,,,
879169,2020-07-07,INCY,Pasquale Maria E,,0001209191-20-041561,2020-07-02,A,6661,0.0,30322,D,,,,,,
879169,2020-07-07,INCY,Dhanak Dashyant,,0001209191-20-041549,2020-07-02,F,1057,106.47,25591,D,,,,,,
879169,2020-07-07,INCY,Hoppenot Herve,,0001209191-20-041557,2020-07-07,M,1365,73.21,267866,D,,,,,,
879169,2020-07-07,INCY,Dhanak Dashyant,,0001209191-20-041549,2020-07-06,S,961,106.58,25591,D,,,,,,
879169,2020-07-07,INCY,Flannelly Barry P,,0001209191-20-041553,2020-07-02,A,6661,0.0,42722,D,,,,,,
879169,2020-07-07,INCY,Dhanak Dashyant,,0001209191-20-041549,2020-07-02,A,6661,0.0,26648,D,,,,,,
879169,2020-07-07,INCY,Flannelly Barry P,,0001209191-20-041553,2020-07-02,F,1776,106.47,40946,D,,,,,,
879169,2020-07-08,INCY,Stein Steven H,,0001209191-20-041784,2020-07-08,S,610,108.56,96857,D,,,,,,
879169,2020-07-08,INCY,Stein Steven H,,0001209191-20-041784,2020-07-07,M,3381,88.68,104131,D,,,,,,
879169,2020-07-08,INCY,Stein Steven H,,0001209191-20-041784,2020-07-07,S,3381,110.04,100750,D,,,,,,
879169,2020-07-08,INCY,Iyengar Vijay K,,0001209191-20-041787,2020-07-07,S,3120,107.98,26401,D,,,,,,
879169,2020-07-08,INCY,Iyengar Vijay K,,0001209191-20-041787,2020-07-08,S,475,108.56,25926,D,,,,,,
879169,2020-07-14,INCY,Pasquale Maria E,,0001209191-20-042371,2020-07-10,M,127,65.36,28076,D,,,,,,
879169,2020-07-14,INCY,Dhanak Dashyant,,0001209191-20-042366,2020-07-13,M,2419,65.42,28010,D,,,,,,
879169,2020-07-17,INCY,Wenqing Yao,,0001209191-20-042855,2020-07-15,F,639,104.25,155619,D,,,,,,
879169,2020-07-17,INCY,Flannelly Barry P,,0001209191-20-042791,2020-07-15,F,639,104.25,39903,D,,,,,,
879169,2020-07-17,INCY,Hoppenot Herve,,0001209191-20-042798,2020-07-15,F,2420,104.25,264081,D,,,,,,
879169,2020-07-17,INCY,Trower Paul,,0001209191-20-042843,2020-07-15,F,203,104.25,24395,D,,,,,,
879169,2020-07-17,INCY,Stein Steven H,,0001209191-20-042829,2020-07-16,S,766,103.83,95468,D,,,,,,
879169,2020-07-17,INCY,Stein Steven H,,0001209191-20-042829,2020-07-15,F,623,104.25,96234,D,,,,,,
879169,2020-07-17,INCY,SWAIN PAULA J,,0001209191-20-042836,2020-07-15,F,626,104.25,52781,D,,,,,,
879169,2020-08-10,INCY,Dhanak Dashyant,,0001209191-20-045938,2020-08-06,M,961,65.42,28971,D,,,,,,
879169,2020-08-10,INCY,Dhanak Dashyant,,0001209191-20-045938,2020-08-06,S,961,97.8,28010,D,,,,,,
879169,2020-08-12,INCY,Pasquale Maria E,,0001209191-20-046341,2020-08-10,M,128,65.36,28204,D,,,,,,
879169,2020-08-31,INCY,DIXON WENDY L,,0001209191-20-048766,2020-08-27,M,20000,18.97,34243,D,,,,,,
879169,2020-08-31,INCY,DIXON WENDY L,,0001209191-20-048766,2020-08-27,S,20000,94.51,14243,D,,,,,,
879169,2020-09-10,INCY,Dhanak Dashyant,,0001209191-20-049959,2020-09-08,S,961,88.94,28010,D,,,,,,
879169,2020-09-10,INCY,Dhanak Dashyant,,0001209191-20-049959,2020-09-08,M,961,65.42,28971,D,,,,,,
879169,2020-09-14,INCY,Pasquale Maria E,,0001209191-20-050277,2020-09-10,M,2193,65.36,30397,D,,,,,,
879169,2020-09-14,INCY,Pasquale Maria E,,0001209191-20-050277,2020-09-11,M,127,65.36,28331,D,,,,,,
879169,2020-09-14,INCY,Pasquale Maria E,,0001209191-20-050277,2020-09-10,S,2193,90.83,28204,D,,,,,,
879169,2020-10-01,INCY,DIXON WENDY L,,0001209191-20-052633,2020-09-30,A,197,89.74,14440,D,,,,,,
879169,2020-10-01,INCY,Clancy Paul J,,0001209191-20-052629,2020-09-30,A,260,89.74,4515,D,,,,,,
879169,2020-10-01,INCY,BIENAIME JEAN JACQUES,,0001209191-20-052627,2020-09-30,A,254,89.74,9444,D,,,,,,
879169,2020-10-01,INCY,HARRIGAN EDMUND,,0001209191-20-052642,2020-09-30,A,187,89.74,2285,D,,,,,,
879169,2020-10-01,INCY,FOUSE JACQUALYN A,,0001209191-20-052637,2020-09-30,A,219,89.74,5022,D,,,,,,
879169,2020-10-02,INCY,BAKER BROS. ADVISORS LP,,0001638599-20-000844,2020-09-30,A,317,0.0,2850042,I,,,,,,
879169,2020-10-08,INCY,Dhanak Dashyant,,0001209191-20-054279,2020-10-06,S,961,91.97,28010,D,,,,,,
879169,2020-10-08,INCY,Dhanak Dashyant,,0001209191-20-054279,2020-10-06,M,961,65.42,28971,D,,,,,,
879169,2020-10-13,INCY,Pasquale Maria E,,0001209191-20-054677,2020-10-09,M,1423,68.62,29754,D,,,,,,
879169,2020-10-13,INCY,Pasquale Maria E,,0001209191-20-054677,2020-10-09,S,1423,95.0,28331,D,,,,,,
879169,2020-10-13,INCY,Pasquale Maria E,,0001209191-20-054677,2020-10-12,M,128,65.36,28459,D,,,,,,
879169,2020-11-04,INCY,Flannelly Barry P,,0001209191-20-056888,2020-11-02,M,20000,48.44,59984,D,,,,,,
879169,2020-11-04,INCY,Flannelly Barry P,,0001209191-20-056888,2020-11-02,S,20000,86.6,39984,D,,,,,,
879169,2020-11-10,INCY,Dhanak Dashyant,,0001209191-20-057648,2020-11-06,S,961,85.17,28010,D,,,,,,
879169,2020-11-10,INCY,Dhanak Dashyant,,0001209191-20-057648,2020-11-06,M,961,65.42,28971,D,,,,,,
879169,2020-11-12,INCY,BIENAIME JEAN JACQUES,,0001209191-20-057977,2020-11-10,S,798,83.0,8646,D,,,,,,
879169,2020-11-16,INCY,Pasquale Maria E,,0001209191-20-058483,2020-11-12,M,127,65.36,28586,D,,,,,,
879169,2020-11-18,INCY,Wenqing Yao,,0001209191-20-059167,2020-11-16,A,1232,0.0,156851,D,,,,,,
879169,2020-11-18,INCY,Hoppenot Herve,,0001209191-20-059104,2020-11-16,A,7225,0.0,271306,D,,,,,,
879169,2020-11-18,INCY,Iyengar Vijay K,,0001209191-20-059122,2020-11-16,A,1232,0.0,27158,D,,,,,,
879169,2020-11-18,INCY,Stamoulis Christiana,,0001209191-20-059139,2020-11-16,A,1232,0.0,22299,D,,,,,,
879169,2020-11-18,INCY,Pasquale Maria E,,0001209191-20-059127,2020-11-16,A,1232,0.0,29818,D,,,,,,
879169,2020-11-18,INCY,Stein Steven H,,0001209191-20-059152,2020-11-16,A,1232,0.0,96700,D,,,,,,
879169,2020-11-18,INCY,SWAIN PAULA J,,0001209191-20-059156,2020-11-16,A,1232,0.0,54013,D,,,,,,
879169,2020-11-18,INCY,Flannelly Barry P,,0001209191-20-059084,2020-11-16,A,1232,0.0,41216,D,,,,,,
879169,2020-11-18,INCY,Dhanak Dashyant,,0001209191-20-059070,2020-11-16,A,1232,0.0,29242,D,,,,,,
879169,2020-12-14,INCY,Dhanak Dashyant,,0001209191-20-063210,2020-12-10,F,720,82.05,28522,D,,,,,,
879169,2020-12-15,INCY,Pasquale Maria E,,0001209191-20-063508,2020-12-11,M,128,65.36,29946,D,,,,,,
879169,2021-01-05,INCY,BAKER BROS. ADVISORS LP,,0001638599-21-000030,2020-12-31,A,343,0.0,2850385,I,,,,,,
879169,2021-01-05,INCY,HARRIGAN EDMUND,,0001209191-21-001236,2020-12-31,A,207,86.98,2492,D,,,,,,
879169,2021-01-05,INCY,Clancy Paul J,,0001209191-21-001226,2020-12-31,A,281,86.98,4796,D,,,,,,
879169,2021-01-05,INCY,FOUSE JACQUALYN A,,0001209191-21-001217,2020-12-31,A,237,86.98,5259,D,,,,,,
879169,2021-01-05,INCY,BIENAIME JEAN JACQUES,,0001209191-21-001207,2020-12-31,A,275,86.98,8921,D,,,,,,
879169,2021-01-05,INCY,DIXON WENDY L,,0001209191-21-001195,2020-12-31,A,213,86.98,14653,D,,,,,,
879169,2021-01-06,INCY,Morrissey Michael James,,0001209191-21-002103,2021-01-04,F,136,86.45,48421,D,,,,,,
879169,2021-01-06,INCY,Dickinson Jonathan Elliott,,0001209191-21-002075,2021-01-04,F,136,86.45,21626,D,,,,,,
879169,2021-01-13,INCY,Pasquale Maria E,,0001209191-21-003414,2021-01-11,M,127,65.36,30073,D,,,,,,
879169,2021-01-20,INCY,Flannelly Barry P,,0001209191-21-004365,2021-01-15,A,11522,0.0,52738,D,,,,,,
879169,2021-01-20,INCY,Wenqing Yao,,0001209191-21-004418,2021-01-15,A,11522,0.0,143784,D,,,,,,
879169,2021-01-20,INCY,Dickinson Jonathan Elliott,,0001209191-21-004334,2021-01-19,F,174,93.96,27213,D,,,,,,
879169,2021-01-20,INCY,Stein Steven H,,0001209191-21-004378,2021-01-15,A,23044,0.0,119744,D,,,,,,
879169,2021-01-20,INCY,Dickinson Jonathan Elliott,,0001209191-21-004334,2021-01-15,A,5761,0.0,27387,D,,,,,,
879169,2021-01-20,INCY,Morrissey Michael James,,0001209191-21-004354,2021-01-15,A,11522,0.0,59943,D,,,,,,
879169,2021-01-20,INCY,Stamoulis Christiana,,0001209191-21-004447,2021-01-15,A,11522,0.0,33821,D,,,,,,
879169,2021-01-20,INCY,Morrissey Michael James,,0001209191-21-004354,2021-01-19,F,174,93.96,65530,D,,,,,,
879169,2021-01-20,INCY,Trower Paul,,0001209191-21-004342,2021-01-15,A,4032,0.0,28427,D,,,,,,
879169,2021-01-25,MRUS,INCYTE CORP,,0001104659-21-007219,2021-01-25,A,350000,24.75,3550000,D,,,,,,
879169,2021-01-27,INCY,Dickinson Jonathan Elliott,,0001209191-21-005682,2021-01-25,F,78,100.5,27135,D,,,,,,
879169,2021-01-27,INCY,Morrissey Michael James,,0001209191-21-005686,2021-01-25,F,78,100.5,65452,D,,,,,,
879169,2021-01-27,INCY,Flannelly Barry P,,0001209191-21-005694,2021-01-25,S,2744,100.0,49994,D,,,,,,
879169,2021-01-27,INCY,Iyengar Vijay K,,0001209191-21-005711,2021-01-25,S,4116,99.0,27158,D,,,,,,
879169,2021-01-27,INCY,Stein Steven H,,0001209191-21-005718,2021-01-25,S,3795,100.0,119744,D,,,,,,
879169,2021-01-27,INCY,Stein Steven H,,0001209191-21-005718,2021-01-25,M,3795,68.62,123539,D,,,,,,
879169,2021-01-27,INCY,Wenqing Yao,,0001209191-21-005731,2021-01-25,S,1559,100.0,143784,D,,,,,,
879169,2021-01-27,INCY,Wenqing Yao,,0001209191-21-005731,2021-01-25,M,1559,73.21,145343,D,,,,,,
879169,2021-01-27,INCY,Iyengar Vijay K,,0001209191-21-005711,2021-01-25,M,4116,72.86,31274,D,,,,,,
879169,2021-02-03,INCY,Dhanak Dashyant,,0001209191-21-007253,2021-02-01,S,961,90.0,28522,D,,,,,,
879169,2021-02-03,INCY,Dhanak Dashyant,,0001209191-21-007253,2021-02-01,M,961,65.42,29483,D,,,,,,
879169,2021-02-16,INCY,Stamoulis Christiana,,0001209191-21-010768,2021-02-11,F,1210,84.99,32611,D,,,,,,
879169,2021-02-18,INCY,Pasquale Maria E,,0001209191-21-011876,2021-02-16,M,127,65.36,30200,D,,,,,,
879169,2021-02-23,INCY,Hoppenot Herve,,0001209191-21-013261,2021-02-23,P,12925,77.37,284231,D,,,,,,
879169,2021-03-03,INCY,Dhanak Dashyant,,0001209191-21-016865,2021-03-01,S,395,79.73,27732,D,,,,,,
879169,2021-03-16,INCY,Pasquale Maria E,,0001209191-21-020775,2021-03-12,M,128,65.36,30328,D,,,,,,
879169,2021-03-31,INCY,Morrissey Michael James,,0001209191-21-023770,2021-03-29,S,20000,81.08,45452,D,,,,,,
879169,2021-04-01,INCY,FOUSE JACQUALYN A,,0001209191-21-024210,2021-03-31,A,251,81.27,5510,D,,,,,,
879169,2021-04-01,INCY,DIXON WENDY L,,0001209191-21-024154,2021-03-31,A,225,81.27,14878,D,,,,,,
879169,2021-04-01,INCY,BAKER BROS. ADVISORS LP,,0001638599-21-000390,2021-03-31,A,364,0.0,2850749,I,,,,,,
879169,2021-04-01,INCY,Clancy Paul J,,0001209191-21-024152,2021-03-31,A,298,81.27,5094,D,,,,,,
879169,2021-04-01,INCY,HARRIGAN EDMUND,,0001209191-21-024163,2021-03-31,A,219,81.27,2711,D,,,,,,
879169,2021-04-05,INCY,Dhanak Dashyant,,0001209191-21-025137,2021-04-01,S,396,81.57,27336,D,,,,,,
879169,2021-04-13,INCY,Pasquale Maria E,,0001209191-21-026432,2021-04-09,F,517,79.96,29811,D,,,,,,
879169,2021-04-27,INCY,Pasquale Maria E,,0001209191-21-028579,2021-04-23,M,127,65.36,29938,D,,,,,,
879169,2021-05-05,INCY,Dhanak Dashyant,,0001209191-21-030291,2021-05-03,S,396,85.4,26940,D,,,,,,
879169,2021-05-18,INCY,BAKER BROS. ADVISORS LP,,0001638599-21-000466,2021-05-14,M,20000,18.97,2870749,I,,,,,,
879169,2021-05-28,INCY,HARRIGAN EDMUND,,0001209191-21-036407,2021-05-26,A,1923,0.0,4634,D,,,,,,
879169,2021-05-28,INCY,High Katherine A,,0001209191-21-036409,2021-05-26,A,1923,0.0,3344,D,,,,,,
879169,2021-05-28,INCY,BAKER BROS. ADVISORS LP,,0001638599-21-000475,2021-05-26,A,1923,0.0,2872672,I,,,,,,
879169,2021-05-28,INCY,DIXON WENDY L,,0001209191-21-036403,2021-05-26,A,1923,0.0,16801,D,,,,,,
879169,2021-05-28,INCY,FOUSE JACQUALYN A,,0001209191-21-036405,2021-05-26,A,1923,0.0,7433,D,,,,,,
879169,2021-05-28,INCY,Clancy Paul J,,0001209191-21-036401,2021-05-26,A,1923,0.0,7017,D,,,,,,
879169,2021-05-28,INCY,BIENAIME JEAN JACQUES,,0001209191-21-036399,2021-05-26,A,1923,0.0,10844,D,,,,,,
879169,2021-06-03,INCY,Dhanak Dashyant,,0001209191-21-037695,2021-06-01,S,395,84.13,26545,D,,,,,,
879169,2021-06-14,INCY,Dhanak Dashyant,,0001209191-21-040231,2021-06-10,M,3845,65.42,30390,D,,,,,,
879169,2021-06-14,INCY,Dhanak Dashyant,,0001209191-21-040231,2021-06-10,S,3845,87.0,26545,D,,,,,,
879169,2021-06-22,INCY,Pasquale Maria E,,0001209191-21-042374,2021-06-18,M,255,65.36,30193,D,,,,,,
879169,2021-06-30,INCY,Stein Steven H,,0001209191-21-043978,2021-06-28,F,22079,85.61,97665,D,,,,,,
879169,2021-06-30,INCY,Wenqing Yao,,0001209191-21-043975,2021-06-28,F,22806,85.61,121274,D,,,,,,
879169,2021-06-30,INCY,Wenqing Yao,,0001209191-21-043975,2021-06-29,S,27194,85.37,94080,D,,,,,,
879169,2021-07-02,INCY,BAKER BROS. ADVISORS LP,,0001638599-21-000596,2021-06-30,A,345,0.0,2873017,I,,,,,,
879169,2021-07-02,INCY,Dhanak Dashyant,,0001209191-21-045189,2021-07-01,S,396,84.09,26149,D,,,,,,
879169,2021-07-02,INCY,HARRIGAN EDMUND,,0001209191-21-044648,2021-06-30,A,208,84.13,4842,D,,,,,,
879169,2021-07-02,INCY,FOUSE JACQUALYN A,,0001209191-21-044644,2021-06-30,A,238,84.13,7671,D,,,,,,
879169,2021-07-02,INCY,DIXON WENDY L,,0001209191-21-044646,2021-06-30,A,214,84.13,17015,D,,,,,,
879169,2021-07-02,INCY,Clancy Paul J,,0001209191-21-044642,2021-06-30,A,283,84.13,7300,D,,,,,,
879169,2021-07-07,INCY,Hoppenot Herve,,0001209191-21-045789,2021-07-02,F,16089,83.58,331439,D,,,,,,
879169,2021-07-07,INCY,Stein Steven H,,0001209191-21-045888,2021-07-06,F,402,83.34,102163,D,,,,,,
879169,2021-07-07,INCY,Wenqing Yao,,0001209191-21-045892,2021-07-02,A,7853,0.0,101933,D,,,,,,
879169,2021-07-07,INCY,Stamoulis Christiana,,0001209191-21-045822,2021-07-02,A,7853,0.0,40781,D,,,,,,
879169,2021-07-07,INCY,Hoppenot Herve,,0001209191-21-045789,2021-07-02,A,44264,0.0,347528,D,,,,,,
879169,2021-07-07,INCY,Iyengar Vijay K,,0001209191-21-045800,2021-07-02,A,7853,0.0,34307,D,,,,,,
879169,2021-07-07,INCY,Wenqing Yao,,0001209191-21-045892,2021-07-06,F,405,83.34,98575,D,,,,,,
879169,2021-07-07,INCY,Trower Paul,,0001209191-21-045906,2021-07-02,F,872,83.58,32372,D,,,,,,
879169,2021-07-07,INCY,Pasquale Maria E,,0001209191-21-045819,2021-07-02,A,7853,0.0,38046,D,,,,,,
879169,2021-07-07,INCY,Trower Paul,,0001209191-21-045906,2021-07-06,F,104,83.34,32268,D,,,,,,
879169,2021-07-07,INCY,Hoppenot Herve,,0001209191-21-045789,2021-07-06,F,1562,83.34,329877,D,,,,,,
879169,2021-07-07,INCY,Dhanak Dashyant,,0001209191-21-045780,2021-07-02,F,1573,83.58,32429,D,,,,,,
879169,2021-07-07,INCY,Stein Steven H,,0001209191-21-045888,2021-07-02,A,7853,0.0,105518,D,,,,,,
879169,2021-07-07,INCY,SWAIN PAULA J,,0001209191-21-045824,2021-07-06,F,273,83.34,59603,D,,,,,,
879169,2021-07-07,INCY,Pasquale Maria E,,0001209191-21-045819,2021-07-02,F,2241,83.58,35805,D,,,,,,
879169,2021-07-07,INCY,SWAIN PAULA J,,0001209191-21-045824,2021-07-02,F,1990,83.58,59876,D,,,,,,
879169,2021-07-07,INCY,Trower Paul,,0001209191-21-045906,2021-07-02,A,4521,0.0,33244,D,,,,,,
879169,2021-07-07,INCY,Dhanak Dashyant,,0001209191-21-045780,2021-07-02,A,7853,0.0,34002,D,,,,,,
879169,2021-07-07,INCY,Flannelly Barry P,,0001209191-21-045783,2021-07-02,A,7853,0.0,58143,D,,,,,,
879169,2021-07-07,INCY,Stein Steven H,,0001209191-21-045888,2021-07-02,F,2953,83.58,102565,D,,,,,,
879169,2021-07-07,INCY,Flannelly Barry P,,0001209191-21-045783,2021-07-02,F,1990,83.58,56153,D,,,,,,
879169,2021-07-07,INCY,Wenqing Yao,,0001209191-21-045892,2021-07-02,F,2953,83.58,98980,D,,,,,,
879169,2021-07-07,INCY,Stamoulis Christiana,,0001209191-21-045822,2021-07-02,F,516,0.0,40265,D,,,,,,
879169,2021-07-07,INCY,SWAIN PAULA J,,0001209191-21-045824,2021-07-02,A,7853,0.0,61866,D,,,,,,
879169,2021-07-07,INCY,Iyengar Vijay K,,0001209191-21-045800,2021-07-06,F,401,83.34,31916,D,,,,,,
879169,2021-07-07,INCY,Flannelly Barry P,,0001209191-21-045783,2021-07-06,F,273,83.34,55880,D,,,,,,
879169,2021-07-07,INCY,Iyengar Vijay K,,0001209191-21-045800,2021-07-02,F,1990,83.58,32317,D,,,,,,
879169,2021-08-02,INCY,Iyengar Vijay K,,0001209191-21-049063,2021-07-29,S,4911,78.29,27005,D,,,,,,
879169,2021-08-04,INCY,Dhanak Dashyant,,0001209191-21-049611,2021-08-02,S,389,77.49,32040,D,,,,,,
879169,2021-09-03,INCY,Dhanak Dashyant,,0001209191-21-054617,2021-09-01,S,388,76.71,31652,D,,,,,,
879169,2021-09-21,INCY,SWAIN PAULA J,,0001209191-21-057026,2021-09-20,M,1356,73.21,60959,D,,,,,,
879169,2021-09-28,INCY,Pasquale Maria E,,0001209191-21-057866,2021-09-24,M,382,65.36,36187,D,,,,,,
879169,2021-09-29,INCY,BRAWLEY OTIS W,,0001209191-21-058108,2021-09-27,A,1255,0.0,1255,D,,,,,,
879169,2021-10-04,INCY,HARRIGAN EDMUND,,0001209191-21-058993,2021-09-30,A,237,68.78,5079,D,,,,,,
879169,2021-10-04,INCY,FOUSE JACQUALYN A,,0001209191-21-058982,2021-09-30,A,271,68.78,7942,D,,,,,,
879169,2021-10-04,INCY,Dhanak Dashyant,,0001209191-21-059017,2021-10-01,S,389,68.67,31263,D,,,,,,
879169,2021-10-04,INCY,BAKER BROS. ADVISORS LP,,0001638599-21-000737,2021-09-30,A,393,0.0,2873410,I,,,,,,
879169,2021-10-04,INCY,DIXON WENDY L,,0001209191-21-058967,2021-09-30,A,244,68.78,17259,D,,,,,,
879169,2021-10-04,INCY,Clancy Paul J,,0001209191-21-058958,2021-09-30,A,321,68.78,7621,D,,,,,,
879169,2021-11-23,INCY,SWAIN PAULA J,,0001209191-21-066435,2021-11-19,A,379,0.0,61338,D,,,,,,
879169,2021-11-23,INCY,Stein Steven H,,0001209191-21-066430,2021-11-19,A,379,0.0,102542,D,,,,,,
879169,2021-11-23,INCY,Stamoulis Christiana,,0001209191-21-066421,2021-11-19,A,379,0.0,40644,D,,,,,,
879169,2021-11-23,INCY,Pasquale Maria E,,0001209191-21-066415,2021-11-19,A,379,0.0,36757,D,,,,,,
879169,2021-11-23,INCY,Hoppenot Herve,,0001209191-21-066406,2021-11-19,A,2227,0.0,332104,D,,,,,,
879169,2021-11-23,INCY,Flannelly Barry P,,0001209191-21-066402,2021-11-19,A,379,0.0,56259,D,,,,,,
879169,2021-11-23,INCY,Dhanak Dashyant,,0001209191-21-066394,2021-11-19,A,379,0.0,31642,D,,,,,,
879169,2021-11-23,INCY,Iyengar Vijay K,,0001209191-21-066409,2021-11-19,A,379,0.0,27384,D,,,,,,
879169,2021-12-14,INCY,Dhanak Dashyant,,0001209191-21-069427,2021-12-10,F,533,65.4,33464,D,,,,,,
879169,2021-12-17,INCY,BAKER BROS. ADVISORS LP,"isDirector,isTenPercentOwner",0001415889-21-006085,2021-12-17,P,881875,72.7744,30738699,I,,,,,,
879169,2021-12-17,INCY,BAKER BROS. ADVISORS LP,"isDirector,isTenPercentOwner",0001415889-21-006085,2021-12-15,P,861,67.8982,29338038,I,,,,,,
879169,2021-12-17,INCY,BAKER BROS. ADVISORS LP,"isDirector,isTenPercentOwner",0001415889-21-006085,2021-12-16,P,139612,71.9551,29827121,I,,,,,,
879169,2021-12-27,INCY,DIXON WENDY L,,0001209191-21-071241,2021-12-23,M,20000,73.25,37259,D,,,,,,
879169,2021-12-27,INCY,DIXON WENDY L,,0001209191-21-071241,2021-12-23,S,20000,22.05,17259,D,,,,,,
879169,2022-01-04,INCY,HARRIGAN EDMUND,,0001209191-22-000712,2021-12-31,A,253,73.4,5332,D,,,,,,
879169,2022-01-04,INCY,DIXON WENDY L,,0001209191-22-000697,2021-12-31,A,260,73.4,17519,D,,,,,,
879169,2022-01-04,INCY,BAKER BROS. ADVISORS LP,"isDirector,isTenPercentOwner",0001415889-22-000198,2021-12-31,A,419,0.0,2873829,I,,,,,,
879169,2022-01-04,INCY,FOUSE JACQUALYN A,,0001209191-22-000702,2021-12-31,A,289,73.4,8231,D,,,,,,
879169,2022-01-04,INCY,Clancy Paul J,,0001209191-22-000690,2021-12-31,A,343,73.4,7964,D,,,,,,
879169,2022-01-05,INCY,Dickinson Jonathan Elliott,,0001209191-22-001637,2022-01-01,A,3615,0.0,31046,D,,,,,,
879169,2022-01-05,INCY,SWAIN PAULA J,,0001209191-22-001688,2022-01-04,M,9319,73.21,81690,D,,,,,,
879169,2022-01-05,INCY,Morrissey Michael James,,0001209191-22-001645,2022-01-01,A,3615,0.0,49067,D,,,,,,
879169,2022-01-05,INCY,Trower Paul,,0001209191-22-001736,2022-01-03,S,6818,73.31,32268,D,,,,,,
879169,2022-01-05,INCY,Iyengar Vijay K,,0001209191-22-001643,2022-01-01,A,8678,0.0,38417,D,,,,,,
879169,2022-01-05,INCY,SWAIN PAULA J,,0001209191-22-001688,2022-01-04,S,9319,73.46,72371,D,,,,,,
879169,2022-01-05,INCY,Stein Steven H,,0001209191-22-001670,2022-01-01,A,28926,0.0,133823,D,,,,,,
879169,2022-01-05,INCY,SWAIN PAULA J,,0001209191-22-001688,2022-01-01,A,8678,0.0,72371,D,,,,,,
879169,2022-01-05,INCY,Stamoulis Christiana,,0001209191-22-001661,2022-01-01,A,14463,0.0,57462,D,,,,,,
879169,2022-01-05,INCY,Trower Paul,,0001209191-22-001736,2022-01-03,M,6818,73.21,39086,D,,,,,,
879169,2022-01-05,INCY,Flannelly Barry P,,0001209191-22-001641,2022-01-01,A,8678,0.0,67292,D,,,,,,
879169,2022-01-05,INCY,Dhanak Dashyant,,0001209191-22-001631,2022-01-01,A,8678,0.0,42142,D,,,,,,
879169,2022-01-05,INCY,Pasquale Maria E,,0001209191-22-001656,2022-01-01,A,14463,0.0,53575,D,,,,,,
879169,2022-01-06,INCY,Dickinson Jonathan Elliott,,0001209191-22-002190,2022-01-04,F,136,71.81,30910,D,,,,,,
879169,2022-01-06,INCY,Morrissey Michael James,,0001209191-22-002192,2022-01-04,F,136,71.81,48931,D,,,,,,
879169,2022-01-11,INCY,SWAIN PAULA J,,0001209191-22-002853,2022-01-07,M,10870,73.21,83241,D,,,,,,
879169,2022-01-11,INCY,SWAIN PAULA J,,0001209191-22-002853,2022-01-07,S,10870,73.31,72371,D,,,,,,
879169,2022-01-20,INCY,Morrissey Michael James,,0001209191-22-004039,2022-01-19,A,6959,0.0,55688,D,,,,,,
879169,2022-01-20,INCY,Morrissey Michael James,,0001209191-22-004039,2022-01-18,F,101,75.01,48830,D,,,,,,
879169,2022-01-20,INCY,Dickinson Jonathan Elliott,,0001209191-22-004036,2022-01-19,A,6959,0.0,37667,D,,,,,,
879169,2022-01-20,INCY,Dickinson Jonathan Elliott,,0001209191-22-004036,2022-01-18,F,101,75.01,30809,D,,,,,,
879169,2022-01-26,INCY,Morrissey Michael James,,0001209191-22-005057,2022-01-24,F,78,75.34,55610,D,,,,,,
879169,2022-01-26,INCY,Dickinson Jonathan Elliott,,0001209191-22-005051,2022-01-24,F,78,75.34,37589,D,,,,,,
879169,2022-02-02,INCY,Dickinson Jonathan Elliott,,0001209191-22-006373,2022-01-31,S,7375,74.19,30214,D,,,,,,
879169,2022-02-14,INCY,BAKER BROS. ADVISORS LP,,0001209191-22-009411,2022-02-11,P,265522,66.8129,32017652,I,,,,,,
879169,2022-02-14,INCY,BAKER BROS. ADVISORS LP,,0001209191-22-009411,2022-02-14,P,320526,66.0164,32349163,I,,,,,,
879169,2022-02-14,INCY,BAKER BROS. ADVISORS LP,,0001209191-22-009411,2022-02-10,P,40164,66.5665,30973279,I,,,,,,
879169,2022-02-15,INCY,Stamoulis Christiana,,0001209191-22-009777,2022-02-11,F,846,66.76,56616,D,,,,,,
879169,2022-02-22,INCY,BAKER BROS. ADVISORS LP,,0001209191-22-011843,2022-02-18,P,8296,68.3672,2882125,I,,,,,,
879169,2022-02-22,INCY,BAKER BROS. ADVISORS LP,,0001209191-22-011843,2022-02-22,P,7566,68.0715,2891518,I,,,,,,
879169,2022-02-22,INCY,BAKER BROS. ADVISORS LP,,0001209191-22-011843,2022-02-17,P,7300,67.395,32538789,I,,,,,,
879169,2022-03-10,INCY,BAKER BROS. ADVISORS LP,,0001209191-22-018023,2022-03-08,P,7615,70.675,2919133,I,,,,,,
879169,2022-03-10,INCY,BAKER BROS. ADVISORS LP,,0001209191-22-018023,2022-03-08,M,20000,22.05,2911518,I,,,,,,
879169,2022-03-10,INCY,BAKER BROS. ADVISORS LP,,0001209191-22-018023,2022-03-10,P,2070,71.8973,2926573,I,,,,,,
879169,2022-03-10,INCY,BAKER BROS. ADVISORS LP,,0001209191-22-018023,2022-03-09,P,5370,71.721,2924503,I,,,,,,
879169,2022-04-04,INCY,Clancy Paul J,,0001209191-22-022282,2022-03-31,A,326,79.42,8290,D,,,,,,
879169,2022-04-04,INCY,HARRIGAN EDMUND,,0001209191-22-022292,2022-03-31,A,240,79.42,5572,D,,,,,,
879169,2022-04-04,INCY,DIXON WENDY L,,0001209191-22-022285,2022-03-31,A,249,79.42,17768,D,,,,,,
879169,2022-04-04,INCY,BAKER BROS. ADVISORS LP,,0001209191-22-022469,2022-03-31,A,440,0.0,2941587,I,,,,,,
879169,2022-04-04,INCY,FOUSE JACQUALYN A,,0001209191-22-022293,2022-03-31,A,280,79.42,8511,D,,,,,,
879169,2022-04-12,INCY,Pasquale Maria E,,0001209191-22-024137,2022-04-09,F,517,80.95,53058,D,,,,,,
879169,2022-04-12,INCY,Flannelly Barry P,,0001209191-22-024136,2022-04-08,M,20516,68.62,87808,D,,,,,,
879169,2022-04-12,INCY,Flannelly Barry P,,0001209191-22-024136,2022-04-08,S,20516,83.01,67292,D,,,,,,
879169,2022-06-17,INCY,High Katherine A,,0001209191-22-037799,2022-06-15,A,2144,0.0,5488,D,,,,,,
879169,2022-06-17,INCY,FOUSE JACQUALYN A,,0001209191-22-037800,2022-06-15,A,2144,0.0,10655,D,,,,,,
879169,2022-06-17,INCY,BAKER BROS. ADVISORS LP,,0001209191-22-037929,2022-06-15,A,2144,0.0,2943731,I,,,,,,
879169,2022-06-17,INCY,Clancy Paul J,,0001209191-22-037801,2022-06-15,A,2144,0.0,10434,D,,,,,,
879169,2022-06-17,INCY,BIENAIME JEAN JACQUES,,0001209191-22-037797,2022-06-15,A,2144,0.0,12988,D,,,,,,
879169,2022-06-17,INCY,BRAWLEY OTIS W,,0001209191-22-037793,2022-06-15,A,2144,0.0,3399,D,,,,,,
879169,2022-06-17,INCY,HARRIGAN EDMUND,,0001209191-22-037798,2022-06-15,A,2144,0.0,7716,D,,,,,,
879169,2022-06-30,INCY,Stein Steven H,,0001209191-22-039904,2022-06-28,F,11488,75.63,122335,D,,,,,,
879169,2022-07-01,INCY,BAKER BROS. ADVISORS LP,,0001209191-22-040235,2022-06-30,A,433,0.0,2944164,I,,,,,,
879169,2022-07-01,INCY,Clancy Paul J,,0001209191-22-040183,2022-06-30,A,321,75.97,10755,D,,,,,,
879169,2022-07-01,INCY,FOUSE JACQUALYN A,,0001209191-22-040182,2022-06-30,A,275,75.97,10930,D,,,,,,
879169,2022-07-01,INCY,HARRIGAN EDMUND,,0001209191-22-040184,2022-06-30,A,236,75.97,7952,D,,,,,,
879169,2022-07-06,INCY,Stamoulis Christiana,,0001209191-22-041079,2022-07-05,F,1124,79.25,72659,D,,,,,,
879169,2022-07-06,INCY,Iyengar Vijay K,,0001209191-22-041074,2022-07-05,F,2599,79.25,46100,D,,,,,,
879169,2022-07-06,INCY,SWAIN PAULA J,,0001209191-22-041084,2022-07-02,A,9921,0.0,82292,D,,,,,,
879169,2022-07-06,INCY,Tray Thomas,,0001209191-22-041086,2022-07-02,A,4149,0.0,20253,D,,,,,,
879169,2022-07-06,INCY,Tray Thomas,,0001209191-22-041086,2022-07-05,F,987,79.25,19266,D,,,,,,
879169,2022-07-06,INCY,Stein Steven H,,0001209191-22-041082,2022-07-05,F,3856,79.25,137420,D,,,,,,
879169,2022-07-06,INCY,Pasquale Maria E,,0001209191-22-041077,2022-07-02,A,13529,0.0,66587,D,,,,,,
879169,2022-07-06,INCY,Stein Steven H,,0001209191-22-041082,2022-07-02,A,18941,0.0,141276,D,,,,,,
879169,2022-07-06,INCY,SWAIN PAULA J,,0001209191-22-041084,2022-07-05,F,2599,79.25,79693,D,,,,,,
879169,2022-07-06,INCY,Hoppenot Herve,,0001209191-22-041071,2022-07-02,A,60433,0.0,427117,D,,,,,,
879169,2022-07-06,INCY,Iyengar Vijay K,,0001209191-22-041074,2022-07-02,A,9921,0.0,48699,D,,,,,,
879169,2022-07-06,INCY,Flannelly Barry P,,0001209191-22-041066,2022-07-02,A,13529,0.0,79053,D,,,,,,
879169,2022-07-06,INCY,Hoppenot Herve,,0001209191-22-041071,2022-07-05,F,21174,79.25,405943,D,,,,,,
879169,2022-07-06,INCY,Dhanak Dashyant,,0001209191-22-041062,2022-07-05,F,2181,79.25,51235,D,,,,,,
879169,2022-07-06,INCY,Stamoulis Christiana,,0001209191-22-041079,2022-07-02,A,17317,0.0,73783,D,,,,,,
879169,2022-07-06,INCY,Pasquale Maria E,,0001209191-22-041077,2022-07-05,F,3043,79.25,63544,D,,,,,,
879169,2022-07-06,INCY,Flannelly Barry P,,0001209191-22-041066,2022-07-05,F,3506,79.25,75547,D,,,,,,
879169,2022-07-06,INCY,Dhanak Dashyant,,0001209191-22-041062,2022-07-02,A,11274,0.0,53416,D,,,,,,
879169,2022-07-11,INCY,Flannelly Barry P,,0001209191-22-041761,2022-07-07,S,2873,79.38,72674,D,,,,,,
879169,2022-07-11,INCY,Iyengar Vijay K,,0001209191-22-041762,2022-07-07,S,5787,79.38,40313,D,,,,,,
879169,2022-07-26,INCY,Tray Thomas,,0001209191-22-043203,2022-07-22,S,1564,83.13,17702,D,,,,,,
879169,2022-10-04,INCY,Clancy Paul J,,0001209191-22-052162,2022-09-30,A,339,66.64,11094,D,,,,,,
879169,2022-10-04,INCY,HARRIGAN EDMUND,,0001209191-22-052166,2022-09-30,A,250,66.64,8202,D,,,,,,
879169,2022-10-04,INCY,BAKER BROS. ADVISORS LP,,0001209191-22-052206,2022-09-30,A,457,0.0,2944621,I,,,,,,
879169,2022-10-04,INCY,FOUSE JACQUALYN A,,0001209191-22-052164,2022-09-30,A,291,66.64,11221,D,,,,,,
879169,2022-10-05,INCY,Schaffert Susanne,,0001209191-22-052801,2022-10-03,A,1625,0.0,1625,D,,,,,,
879169,2022-10-20,INCY,HARRIGAN EDMUND,,0001209191-22-054184,2022-10-19,A,165,69.59,8367,D,,,,,,
879169,2022-12-13,INCY,Dhanak Dashyant,,0001209191-22-060896,2022-12-12,F,533,82.36,50702,D,,,,,,
879169,2022-12-21,INCY,Tray Thomas,,0001209191-22-062319,2022-12-19,S,1223,82.16,16606,D,,,,,,
879169,2022-12-28,INCY,Iyengar Vijay K,,0001209191-22-062808,2022-12-23,M,7866,72.86,48179,D,,,,,,
879169,2022-12-28,INCY,Iyengar Vijay K,,0001209191-22-062808,2022-12-23,S,7866,80.8,40313,D,,,,,,
879169,2023-01-04,INCY,BAKER BROS. ADVISORS LP,,0001209191-23-000812,2022-12-30,A,397,0.0,2945018,I,,,,,,
879169,2023-01-04,INCY,Clancy Paul J,,0001209191-23-000806,2022-12-30,A,294,80.32,11388,D,,,,,,
879169,2023-01-04,INCY,FOUSE JACQUALYN A,,0001209191-23-000801,2022-12-30,A,252,80.32,11473,D,,,,,,
879169,2023-01-04,INCY,HARRIGAN EDMUND,,0001209191-23-000800,2022-12-30,A,302,80.32,8669,D,,,,,,
879169,2023-01-06,INCY,Stein Steven H,,0001209191-23-002318,2023-01-04,S,28399,79.78,109021,D,,,,,,
879169,2023-01-06,INCY,Dickinson Jonathan Elliott,,0001209191-23-002310,2023-01-04,F,117,79.08,30458,D,,,,,,
879169,2023-01-06,INCY,Morrissey Michael James,,0001209191-23-002319,2023-01-04,F,117,79.08,55493,D,,,,,,
879169,2023-01-18,INCY,Morrissey Michael James,,0001209191-23-003695,2023-01-15,F,87,81.26,55406,D,,,,,,
879169,2023-01-18,INCY,Morrissey Michael James,,0001209191-23-003695,2023-01-17,F,87,81.26,55319,D,,,,,,
879169,2023-01-18,INCY,Dickinson Jonathan Elliott,,0001209191-23-003696,2023-01-15,F,87,81.26,30371,D,,,,,,
879169,2023-01-18,INCY,Dickinson Jonathan Elliott,,0001209191-23-003696,2023-01-17,F,87,81.26,30284,D,,,,,,
879169,2023-01-23,INCY,Morrissey Michael James,,0001209191-23-004403,2023-01-19,F,105,83.88,55214,D,,,,,,
879169,2023-01-23,INCY,Dickinson Jonathan Elliott,,0001209191-23-004404,2023-01-19,F,105,83.88,30179,D,,,,,,
879169,2023-01-24,INCY,Morrissey Michael James,,0001209191-23-004562,2023-01-20,A,6159,0.0,61373,D,,,,,,
879169,2023-01-24,INCY,Dickinson Jonathan Elliott,,0001209191-23-004561,2023-01-20,A,6159,0.0,36338,D,,,,,,
879169,2023-01-24,INCY,SWAIN PAULA J,,0001209191-23-004563,2023-01-20,A,4980,0.0,84673,D,,,,,,
879169,2023-01-24,INCY,Iyengar Vijay K,,0001209191-23-004569,2023-01-20,A,4980,0.0,42835,D,,,,,,
879169,2023-01-24,INCY,Tray Thomas,,0001209191-23-004567,2023-01-20,A,2833,0.0,19439,D,,,,,,
879169,2023-01-24,INCY,Flannelly Barry P,,0001209191-23-004560,2023-01-20,A,4980,0.0,77654,D,,,,,,
879169,2023-01-24,INCY,Hoppenot Herve,,0001209191-23-004564,2023-01-20,A,29196,0.0,435139,D,,,,,,
879169,2023-01-24,INCY,Dhanak Dashyant,,0001209191-23-004558,2023-01-20,A,4980,0.0,55682,D,,,,,,
879169,2023-01-24,INCY,Stamoulis Christiana,,0001209191-23-004566,2023-01-20,A,4980,0.0,77639,D,,,,,,
879169,2023-01-24,INCY,Stein Steven H,,0001209191-23-004568,2023-01-20,A,4980,0.0,114001,D,,,,,,
879169,2023-01-24,INCY,Pasquale Maria E,,0001209191-23-004565,2023-01-20,A,4980,0.0,68524,D,,,,,,
879169,2023-01-30,INCY,Iyengar Vijay K,,0001209191-23-005452,2023-01-26,S,7000,85.0,42835,D,,,,,,
879169,2023-01-30,INCY,Dhanak Dashyant,,0001209191-23-005451,2023-01-26,S,2419,85.0,53263,D,,,,,,
879169,2023-01-30,INCY,Iyengar Vijay K,,0001209191-23-005452,2023-01-26,M,7000,68.62,49835,D,,,,,,
879169,2023-02-01,INCY,Pasquale Maria E,,0001209191-23-005896,2023-01-30,M,12865,65.36,81389,D,,,,,,
879169,2023-02-01,INCY,Pasquale Maria E,,0001209191-23-005896,2023-01-30,S,12865,84.69,68524,D,,,,,,
879169,2023-02-02,INCY,Pasquale Maria E,,0001209191-23-006174,2023-01-31,M,802,74.78,69326,D,,,,,,
879169,2023-02-02,INCY,Pasquale Maria E,,0001209191-23-006174,2023-01-31,S,802,84.06,68524,D,,,,,,
879169,2023-02-15,INCY,Stamoulis Christiana,,0001209191-23-009691,2023-02-13,F,848,80.08,76791,D,,,,,,
879169,2023-02-21,INCY,Dhanak Dashyant,,0001209191-23-011110,2023-02-16,M,3693,65.42,56956,D,,,,,,
879169,2023-03-15,INCY,BAKER BROS. ADVISORS LP,,0001209191-23-018879,2023-03-13,M,20000,22.74,2965018,I,,,,,,
879169,2023-04-04,INCY,BAKER BROS. ADVISORS LP,,0001209191-23-022623,2023-03-31,A,429,0.0,2965447,I,,,,,,
879169,2023-04-04,INCY,HARRIGAN EDMUND,,0001209191-23-022634,2023-03-31,A,326,72.27,8995,D,,,,,,
879169,2023-04-04,INCY,Clancy Paul J,,0001209191-23-022633,2023-03-31,A,318,72.27,11706,D,,,,,,
879169,2023-06-07,INCY,CAGNONI PABLO J,,0001209191-23-034977,2023-06-05,A,179613,0.0,179613,D,,,,,,
879169,2023-06-16,INCY,BIENAIME JEAN JACQUES,,0001209191-23-037794,2023-06-14,A,2505,0.0,15493,D,,,,,,
879169,2023-06-16,INCY,BRAWLEY OTIS W,,0001209191-23-037793,2023-06-14,A,2505,0.0,5904,D,,,,,,
879169,2023-06-16,INCY,High Katherine A,,0001209191-23-037798,2023-06-14,A,2505,0.0,7993,D,,,,,,
879169,2023-06-16,INCY,Clancy Paul J,,0001209191-23-037795,2023-06-14,A,2505,0.0,14211,D,,,,,,
879169,2023-06-16,INCY,Schaffert Susanne,,0001209191-23-037796,2023-06-14,A,2505,0.0,4130,D,,,,,,
879169,2023-06-16,INCY,FOUSE JACQUALYN A,,0001209191-23-037797,2023-06-14,A,2505,0.0,13978,D,,,,,,
879169,2023-06-16,INCY,Schaffert Susanne,,0001209191-23-037796,2023-06-14,F,488,61.44,3642,D,,,,,,
879169,2023-06-16,INCY,HARRIGAN EDMUND,,0001209191-23-037799,2023-06-14,A,2505,0.0,11500,D,,,,,,
879169,2023-06-16,INCY,BAKER BROS. ADVISORS LP,,0001209191-23-037800,2023-06-14,A,2505,0.0,2967952,I,,,,,,
879169,2023-07-05,INCY,Clancy Paul J,,0001209191-23-040943,2023-06-30,A,380,62.25,14591,D,,,,,,
879169,2023-07-05,INCY,BAKER BROS. ADVISORS LP,,0001209191-23-041188,2023-06-30,A,512,0.0,2968464,I,,,,,,
879169,2023-07-05,INCY,HARRIGAN EDMUND,,0001209191-23-040945,2023-06-30,A,390,62.25,11890,D,,,,,,
879169,2023-07-06,INCY,Flannelly Barry P,,0001209191-23-041509,2023-07-03,F,6304,62.08,71710,D,,,,,,
879169,2023-07-06,INCY,Stein Steven H,,0001209191-23-041511,2023-07-03,F,8442,62.08,105559,D,,,,,,
879169,2023-07-06,INCY,Pasquale Maria E,,0001209191-23-041507,2023-07-03,F,8468,62.08,60056,D,,,,,,
879169,2023-07-06,INCY,Tray Thomas,,0001209191-23-041508,2023-07-03,F,1136,62.08,18524,D,,,,,,
879169,2023-07-06,INCY,Dhanak Dashyant,,0001209191-23-041504,2023-07-03,F,6044,62.08,50912,D,,,,,,
879169,2023-07-06,INCY,Hoppenot Herve,,0001209191-23-041510,2023-07-03,F,43467,62.08,391672,D,,,,,,
879169,2023-07-06,INCY,Stamoulis Christiana,,0001209191-23-041512,2023-07-03,F,6073,62.08,70747,D,,,,,,
879169,2023-07-06,INCY,Iyengar Vijay K,,0001209191-23-041506,2023-07-03,F,6215,62.08,36980,D,,,,,,
879169,2023-07-06,INCY,SWAIN PAULA J,,0001209191-23-041513,2023-07-03,F,5783,62.08,78890,D,,,,,,
879169,2023-07-18,INCY,SWAIN PAULA J,,0001209191-23-042549,2023-07-14,A,7089,0.0,85979,D,,,,,,
879169,2023-07-18,INCY,Pasquale Maria E,,0001209191-23-042548,2023-07-14,A,9668,0.0,69724,D,,,,,,
879169,2023-07-18,INCY,Iyengar Vijay K,,0001209191-23-042552,2023-07-14,A,7089,0.0,44069,D,,,,,,
879169,2023-07-18,INCY,Dhanak Dashyant,,0001209191-23-042553,2023-07-14,A,8056,0.0,58968,D,,,,,,
879169,2023-07-18,INCY,Hoppenot Herve,,0001209191-23-042547,2023-07-14,A,43184,0.0,434856,D,,,,,,
879169,2023-07-18,INCY,Stein Steven H,,0001209191-23-042550,2023-07-14,A,13535,0.0,119094,D,,,,,,
879169,2023-07-18,INCY,CAGNONI PABLO J,,0001209191-23-042551,2023-07-14,A,9668,0.0,202068,D,,,,,,
879169,2023-07-18,INCY,Flannelly Barry P,,0001209191-23-042546,2023-07-14,A,9668,0.0,81378,D,,,,,,
879169,2023-07-18,INCY,Tray Thomas,,0001209191-23-042555,2023-07-14,A,6015,0.0,24539,D,,,,,,
879169,2023-07-18,INCY,Stamoulis Christiana,,0001209191-23-042554,2023-07-14,A,12246,0.0,82993,D,,,,,,
879169,2023-08-03,INCY,Stein Steven H,,0001209191-23-044393,2023-08-01,S,21511,63.28,97583,D,,,,,,
879169,2023-09-06,INCY,SWAIN PAULA J,,0001209191-23-048336,2023-09-01,S,8449,65.13,77530,D,,,,,,
879169,2023-10-03,INCY,HARRIGAN EDMUND,,0000879169-23-000031,2023-09-29,A,389,57.77,12279,D,,,,,,
879169,2023-10-03,INCY,Clancy Paul J,,0000879169-23-000030,2023-09-29,A,379,57.77,14970,D,,,,,,
879169,2023-10-03,INCY,BAKER BROS. ADVISORS LP,,0001209191-23-051676,2023-09-29,A,510,0.0,2968974,I,,,,,,
879169,2023-10-04,INCY,Denton Sheila A.,,0000879169-23-000033,2023-10-02,A,26524,0.0,26524,D,,,,,,
879169,2023-12-14,INCY,Tray Thomas,,0000879169-23-000043,2023-12-13,S,1067,62.37,23436,D,,,,,,
879169,2023-12-14,INCY,Tray Thomas,,0000879169-23-000043,2023-12-12,S,210,57.36,24503,D,,,,,,
879169,2024-01-03,INCY,HARRIGAN EDMUND,,0000879169-24-000003,2023-12-29,A,423,62.79,12702,D,,,,,,
879169,2024-01-03,INCY,Clancy Paul J,,0000879169-24-000004,2023-12-29,A,412,62.79,15382,D,,,,,,
879169,2024-01-03,INCY,BAKER BROS. ADVISORS LP,"isDirector,isTenPercentOwner",0000950170-24-001261,2023-12-29,A,556,0.0,2969530,I,,,,,,
879169,2024-01-04,INCY,Iyengar Vijay K,,0000879169-24-000006,2024-01-02,S,657,65.0,43412,D,,,,,,
879169,2024-01-05,INCY,Stein Steven H,,0000879169-24-000008,2024-01-03,S,7365,65.51,90218,D,,,,,,
879169,2024-01-18,INCY,Dickinson Jonathan Elliott,,0000879169-24-000012,2024-01-16,F,101,61.34,36597,D,,,,,,
879169,2024-01-18,INCY,Dickinson Jonathan Elliott,,0000879169-24-000012,2024-01-17,F,101,61.48,36496,D,,,,,,
879169,2024-01-18,INCY,Morrissey Michael James,,0000879169-24-000011,2024-01-16,F,101,61.34,61272,D,,,,,,
879169,2024-01-18,INCY,Morrissey Michael James,,0000879169-24-000011,2024-01-17,F,101,61.48,61171,D,,,,,,
879169,2024-01-19,INCY,Flannelly Barry P,,0000879169-24-000016,2024-01-17,F,3675,61.48,77703,D,,,,,,
879169,2024-01-19,INCY,Tray Thomas,,0000879169-24-000015,2024-01-17,F,1021,61.48,22415,D,,,,,,
879169,2024-01-22,INCY,Morrissey Michael James,,0000879169-24-000033,2024-01-19,F,122,61.49,72408,D,,,,,,
879169,2024-01-22,INCY,Morrissey Michael James,,0000879169-24-000033,2024-01-18,A,11359,61.18,72530,D,,,,,,
879169,2024-01-22,INCY,Dickinson Jonathan Elliott,,0000879169-24-000032,2024-01-19,F,122,61.49,44488,D,,,,,,
879169,2024-01-22,INCY,Dickinson Jonathan Elliott,,0000879169-24-000032,2024-01-18,A,8114,61.18,44610,D,,,,,,
879169,2024-01-24,INCY,Dickinson Jonathan Elliott,,0000879169-24-000037,2024-01-22,F,108,61.5,44380,D,,,,,,
879169,2024-01-24,INCY,Morrissey Michael James,,0000879169-24-000038,2024-01-22,F,108,61.5,72300,D,,,,,,
879169,2024-02-14,INCY,Stamoulis Christiana,,0000879169-24-000047,2024-02-12,F,387,57.84,82606,D,,,,,,
879169,2024-02-16,INCY,SWAIN PAULA J,,0000879169-24-000059,2024-02-14,A,7377,0.0,84907,D,,,,,,
879169,2024-02-16,INCY,Iyengar Vijay K,,0000879169-24-000056,2024-02-14,A,7377,0.0,50789,D,,,,,,
879169,2024-02-16,INCY,Hoppenot Herve,,0000879169-24-000060,2024-02-14,A,41577,0.0,502333,D,,,,,,
879169,2024-02-16,INCY,Flannelly Barry P,,0000879169-24-000055,2024-02-14,A,7377,0.0,85080,D,,,,,,
879169,2024-02-16,INCY,Stein Steven H,,0000879169-24-000058,2024-02-14,A,7377,0.0,97595,D,,,,,,
879169,2024-02-16,INCY,Stamoulis Christiana,,0000879169-24-000057,2024-02-14,A,7377,0.0,89983,D,,,,,,
879169,2024-03-27,INCY,Trotta Matteo,,0000879169-24-000066,2024-03-25,A,7828,0.0,7828,D,,,,,,
879169,2024-04-01,INCY,BAKER BROS. ADVISORS LP,"isDirector,isTenPercentOwner",0000950170-24-039366,2024-03-28,A,543,0.0,2970073,I,,,,,,
879169,2024-04-02,INCY,HARRIGAN EDMUND,,0000879169-24-000069,2024-03-28,A,413,56.97,13115,D,,,,,,
879169,2024-04-02,INCY,Clancy Paul J,,0000879169-24-000070,2024-03-28,A,403,56.97,15785,D,,,,,,
879169,2024-05-09,INCY,BAKER BROS. ADVISORS LP,"isDirector,isTenPercentOwner",0000950170-24-057330,2024-05-07,M,15000,49.01,2985073,I,,,,,,
879169,2024-06-10,INCY,Tray Thomas,,0000879169-24-000079,2024-06-06,S,1093,58.91,21634,D,,,,,,
879169,2024-06-14,INCY,BAKER BROS. ADVISORS LP,"isDirector,isTenPercentOwner",0000950170-24-073677,2024-06-12,D,175977,60.0,2811926,I,,,,,,
879169,2024-06-14,INCY,BRAWLEY OTIS W,,0000879169-24-000094,2024-06-12,A,2830,0.0,8734,D,,,,,,
879169,2024-06-14,INCY,Schaffert Susanne,,0000879169-24-000093,2024-06-12,F,752,59.94,2890,D,,,,,,
879169,2024-06-14,INCY,HARRIGAN EDMUND,,0000879169-24-000092,2024-06-12,A,2830,0.0,15945,D,,,,,,
879169,2024-06-14,INCY,Flannelly Barry P,,0000879169-24-000098,2024-06-12,S,19164,60.0,66377,D,,,,,,
879169,2024-06-14,INCY,High Katherine A,,0000879169-24-000095,2024-06-12,A,2830,0.0,10823,D,,,,,,
879169,2024-06-14,INCY,FOUSE JACQUALYN A,,0000879169-24-000096,2024-06-12,A,2830,0.0,16808,D,,,,,,
879169,2024-06-14,INCY,BIENAIME JEAN JACQUES,,0000879169-24-000097,2024-06-12,A,2830,0.0,18323,D,,,,,,
879169,2024-06-14,INCY,Clancy Paul J,,0000879169-24-000091,2024-06-12,A,2830,0.0,18615,D,,,,,,
879169,2024-06-14,INCY,BAKER BROS. ADVISORS LP,"isDirector,isTenPercentOwner",0000950170-24-073677,2024-06-12,A,2830,0.0,2987903,I,,,,,,
879169,2024-06-14,INCY,Schaffert Susanne,,0000879169-24-000093,2024-06-12,A,2830,0.0,5720,D,,,,,,
879169,2024-07-02,INCY,BAKER BROS. ADVISORS LP,"isDirector,isTenPercentOwner",0000950170-24-080630,2024-06-28,A,537,0.0,2812463,I,,,,,,
879169,2024-07-02,INCY,Clancy Paul J,,0000879169-24-000102,2024-06-28,A,399,60.62,19014,D,,,,,,
879169,2024-07-02,INCY,HARRIGAN EDMUND,,0000879169-24-000101,2024-06-28,A,409,60.62,16354,D,,,,,,
879169,2024-07-03,INCY,Hoppenot Herve,,0000879169-24-000116,2024-07-02,F,41723,59.02,460610,D,,,,,,
879169,2024-07-03,INCY,Stamoulis Christiana,,0000879169-24-000113,2024-07-02,F,6870,59.02,83573,D,,,,,,
879169,2024-07-03,INCY,Tray Thomas,,0000879169-24-000110,2024-07-02,F,844,59.02,20790,D,,,,,,
879169,2024-07-03,INCY,SWAIN PAULA J,,0000879169-24-000111,2024-07-02,F,5560,59.02,79347,D,,,,,,
879169,2024-07-03,INCY,Iyengar Vijay K,,0000879169-24-000114,2024-07-02,F,5706,59.02,45543,D,,,,,,
879169,2024-07-03,INCY,Flannelly Barry P,,0000879169-24-000115,2024-07-02,F,7695,59.02,58682,D,,,,,,
879169,2024-07-03,INCY,Stein Steven H,,0000879169-24-000112,2024-07-02,F,8316,59.02,89279,D,,,,,,
879169,2024-07-11,INCY,Flannelly Barry P,,0000879169-24-000118,2024-07-09,S,8148,60.0,50534,D,,,,,,
879169,2024-07-17,INCY,Denton Sheila A.,,0000879169-24-000136,2024-07-15,A,5955,0.0,32479,D,,,,,,
879169,2024-07-17,INCY,Trotta Matteo,,0000879169-24-000135,2024-07-15,A,2646,0.0,10474,D,,,,,,
879169,2024-07-17,INCY,Stamoulis Christiana,,0000879169-24-000131,2024-07-15,A,12572,0.0,96145,D,,,,,,
879169,2024-07-17,INCY,Iyengar Vijay K,,0000879169-24-000132,2024-07-15,A,7278,0.0,52821,D,,,,,,
879169,2024-07-17,INCY,Stein Steven H,,0000879169-24-000139,2024-07-15,A,13895,0.0,103174,D,,,,,,
879169,2024-07-17,INCY,Tray Thomas,,0000879169-24-000138,2024-07-15,A,5073,0.0,25863,D,,,,,,
879169,2024-07-17,INCY,Iyengar Vijay K,,0000879169-24-000132,2024-07-15,F,549,64.25,52272,D,,,,,,
879169,2024-07-17,INCY,SWAIN PAULA J,,0000879169-24-000137,2024-07-15,A,7278,0.0,86625,D,,,,,,
879169,2024-07-17,INCY,Tray Thomas,,0000879169-24-000138,2024-07-15,F,466,64.25,25397,D,,,,,,
879169,2024-07-17,INCY,Stein Steven H,,0000879169-24-000139,2024-07-15,F,1555,64.25,101619,D,,,,,,
879169,2024-07-17,INCY,Flannelly Barry P,,0000879169-24-000130,2024-07-16,S,1306,64.19,58042,D,,,,,,
879169,2024-07-17,INCY,Flannelly Barry P,,0000879169-24-000130,2024-07-15,A,9925,0.0,60459,D,,,,,,
879169,2024-07-17,INCY,Hoppenot Herve,,0000879169-24-000133,2024-07-15,F,4961,64.25,496674,D,,,,,,
879169,2024-07-17,INCY,CAGNONI PABLO J,,0000879169-24-000134,2024-07-15,A,19851,0.0,221919,D,,,,,,
879169,2024-07-17,INCY,Flannelly Barry P,,0000879169-24-000130,2024-07-15,F,1111,64.25,59348,D,,,,,,
879169,2024-07-17,INCY,Hoppenot Herve,,0000879169-24-000133,2024-07-15,A,41025,0.0,501635,D,,,,,,
879169,2024-07-17,INCY,SWAIN PAULA J,,0000879169-24-000137,2024-07-15,F,549,64.25,86076,D,,,,,,
879169,2024-07-17,INCY,Stamoulis Christiana,,0000879169-24-000131,2024-07-15,F,948,64.25,95197,D,,,,,,
879169,2024-07-17,INCY,CAGNONI PABLO J,,0000879169-24-000134,2024-07-15,F,749,64.25,221170,D,,,,,,
879169,2024-07-29,INCY,Iyengar Vijay K,,0000879169-24-000143,2024-07-25,S,15571,70.0,36701,D,,,,,,
879169,2024-08-14,INCY,Stein Steven H,,0000879169-24-000151,2024-08-12,S,11608,60.63,90011,D,,,,,,
879169,2024-09-16,INCY,Dickinson Jonathan Elliott,,0000879169-24-000154,2024-09-12,S,1117,62.3,43723,D,,,,,,
879169,2024-09-16,INCY,Tray Thomas,,0000879169-24-000155,2024-09-12,S,572,62.94,24825,D,,,,,,
879169,2024-09-16,INCY,Tray Thomas,,0000879169-24-000155,2024-09-13,S,382,63.37,24443,D,,,,,,
879169,2024-10-02,INCY,HARRIGAN EDMUND,,0000879169-24-000158,2024-09-30,A,378,66.1,16732,D,,,,,,
879169,2024-10-02,INCY,Clancy Paul J,,0000879169-24-000159,2024-09-30,A,368,66.1,19382,D,,,,,,
879169,2024-10-02,INCY,BAKER BROS. ADVISORS LP,"isDirector,isTenPercentOwner",0000950170-24-111462,2024-09-30,A,496,0.0,2812959,I,,,,,,
879169,2024-10-03,INCY,Heeson Lee,,0000879169-24-000163,2024-10-01,A,26447,0.0,26447,D,,,,,,
879169,2024-10-04,INCY,Denton Sheila A.,,0000879169-24-000165,2024-10-02,F,2136,67.63,30343,D,,,,,,
879169,2024-11-08,INCY,Flannelly Barry P,,0000879169-24-000174,2024-11-06,S,1424,82.0,60298,D,,,,,,
879169,2024-11-08,INCY,Flannelly Barry P,,0000879169-24-000174,2024-11-06,M,1424,72.27,59466,D,,,,,,
879169,2024-12-03,INCY,Iyengar Vijay K,,0000879169-24-000176,2024-11-29,S,360,75.6,36341,D,,,,,,
879169,2024-12-11,INCY,Flannelly Barry P,,0000879169-24-000179,2024-12-09,F,1510,72.11,56532,D,,,,,,
879169,2024-12-11,INCY,SWAIN PAULA J,,0000879169-24-000180,2024-12-09,F,873,72.11,85203,D,,,,,,
879169,2024-12-17,INCY,Tray Thomas,,0000879169-24-000182,2024-12-16,S,650,69.31,23312,D,,,,,,
879169,2024-12-17,INCY,Tray Thomas,,0000879169-24-000182,2024-12-13,S,650,70.64,23962,D,,,,,,
879169,2025-01-03,INCY,HARRIGAN EDMUND,,0000879169-25-000003,2024-12-31,A,339,69.07,17071,D,,,,,,
879169,2025-01-03,INCY,BAKER BROS. ADVISORS LP,"isDirector,isTenPercentOwner",0000950170-25-001355,2024-12-31,A,446,0.0,2813405,I,,,,,,
879169,2025-01-03,INCY,Clancy Paul J,,0000879169-25-000004,2024-12-31,A,331,69.07,19713,D,,,,,,
879169,2025-01-08,INCY,Issa Mohamed Khairie,,0000879169-25-000009,2025-01-06,A,48671,0.0,48671,D,,,,,,
879169,2025-01-17,INCY,Flannelly Barry P,,0000879169-25-000019,2025-01-15,F,3158,72.46,53374,D,,,,,,
879169,2025-01-17,INCY,Stamoulis Christiana,,0000879169-25-000017,2025-01-15,F,3672,72.46,91525,D,,,,,,
879169,2025-01-17,INCY,Stein Steven H,,0000879169-25-000016,2025-01-15,F,10692,72.46,79319,D,,,,,,
879169,2025-01-17,INCY,Morrissey Michael James,,0000879169-25-000018,2025-01-15,F,908,72.46,71392,D,,,,,,
879169,2025-01-22,INCY,Morrissey Michael James,,0000879169-25-000031,2025-01-21,F,429,73.47,70963,D,,,,,,
879169,2025-01-22,INCY,Stein Steven H,,0000879169-25-000032,2025-01-21,S,12352,72.69,66967,D,,,,,,
879169,2025-02-03,INCY,Morrissey Michael James,,0000879169-25-000045,2025-01-31,A,10552,0.0,81515,D,,,,,,
879169,2025-02-03,INCY,Heeson Lee,,0000879169-25-000044,2025-01-31,A,6331,0.0,32778,D,,,,,,
879169,2025-02-28,INCY,Denton Sheila A.,,0001104659-25-019280,2025-02-26,M,9574,58.06,39917,D,,,,,,
879169,2025-02-28,INCY,Denton Sheila A.,,0001104659-25-019280,2025-02-26,S,9574,74.07,30343,D,,,,,,
879169,2025-03-06,INCY,Denton Sheila A.,,0001628280-25-010973,2025-03-04,S,599,69.99,25848,D,,,,,,
879169,2025-03-06,INCY,Denton Sheila A.,,0001628280-25-010973,2025-03-04,M,599,58.06,26447,D,,,,,,
879169,2025-03-18,INCY,Flannelly Barry P,,0001628280-25-013444,2025-03-14,S,461,67.85,52913,D,,,,,,
879169,2025-03-27,INCY,Trotta Matteo,,0001628280-25-015196,2025-03-25,F,537,62.08,9937,D,,,,,,
879169,2025-04-02,INCY,BAKER BROS. ADVISORS LP,"isDirector,isTenPercentOwner",0000950170-25-049436,2025-03-31,A,487,0.0,2813892,I,,,,,,
879169,2025-04-02,INCY,HARRIGAN EDMUND,,0001628280-25-016170,2025-03-31,A,363,60.55,17434,D,,,,,,
879169,2025-04-02,INCY,Clancy Paul J,,0001628280-25-016172,2025-03-31,A,358,60.55,20071,D,,,,,,
879169,2025-04-03,INCY,SWAIN PAULA J,,0001628280-25-016572,2025-04-01,A,11159,0.0,96362,D,,,,,,
879169,2025-04-03,INCY,Iyengar Vijay K,,0001628280-25-016581,2025-04-01,A,11159,0.0,41817,D,,,,,,
879169,2025-04-03,INCY,Flannelly Barry P,,0001628280-25-016582,2025-04-01,A,11159,0.0,44726,D,,,,,,
879169,2025-04-03,INCY,Stamoulis Christiana,,0001628280-25-016579,2025-04-01,A,18598,0.0,110123,D,,,,,,
879169,2025-04-03,INCY,Stein Steven H,,0001628280-25-016576,2025-04-01,A,37198,0.0,104165,D,,,,,,
879169,2025-04-03,INCY,Morrissey Michael James,,0001628280-25-016580,2025-04-01,A,4649,0.0,86164,D,,,,,,
879169,2025-04-03,INCY,Hoppenot Herve,,0001628280-25-016570,2025-04-01,A,66899,0.0,563573,D,,,,,,
879169,2025-06-03,INCY,Tray Thomas,,0001628280-25-029011,2025-05-30,S,963,65.71,22654,D,,,,,,
879169,2025-06-03,INCY,Tray Thomas,,0001628280-25-029011,2025-06-02,S,651,64.88,22003,D,,,,,,
879169,2025-06-05,INCY,Denton Sheila A.,,0001628280-25-029631,2025-06-03,M,1795,58.06,28299,D,,,,,,
879169,2025-06-05,INCY,Denton Sheila A.,,0001628280-25-029631,2025-06-03,S,1795,68.0,26504,D,,,,,,
879169,2025-06-12,INCY,HARRIGAN EDMUND,,0001628280-25-030999,2025-06-10,A,2518,0.0,19952,D,,,,,,
879169,2025-06-12,INCY,Schaffert Susanne,,0001628280-25-031001,2025-06-10,A,2518,0.0,7389,D,,,,,,
879169,2025-06-12,INCY,BAKER BROS. ADVISORS LP,"isDirector,isTenPercentOwner",0000950170-25-085458,2025-06-10,A,2518,0.0,2816410,I,,,,,,
879169,2025-06-12,INCY,Clancy Paul J,,0001628280-25-031006,2025-06-10,A,2518,0.0,22589,D,,,,,,
879169,2025-06-12,INCY,Schaffert Susanne,,0001628280-25-031001,2025-06-10,F,849,70.07,4871,D,,,,,,
879169,2025-06-12,INCY,FOUSE JACQUALYN A,,0001628280-25-031013,2025-06-10,A,2518,0.0,19326,D,,,,,,
879169,2025-06-12,INCY,BIENAIME JEAN JACQUES,,0001628280-25-031009,2025-06-10,A,2518,0.0,20841,D,,,,,,
879169,2025-06-12,INCY,High Katherine A,,0001628280-25-031007,2025-06-10,A,2518,0.0,13341,D,,,,,,
879169,2025-06-12,INCY,BRAWLEY OTIS W,,0001628280-25-031014,2025-06-10,A,2518,0.0,11252,D,,,,,,
879169,2025-06-30,INCY,Hoppenot Herve,,0001628280-25-033513,2025-06-26,A,6016,0.0,569589,D,,,,,,
879169,2025-07-02,INCY,BAKER BROS. ADVISORS LP,"isDirector,isTenPercentOwner",0000950170-25-093244,2025-06-30,A,492,0.0,2816902,I,,,,,,
879169,2025-07-02,INCY,Clancy Paul J,,0000879169-25-000070,2025-06-30,A,361,68.1,22950,D,,,,,,
879169,2025-07-02,INCY,HARRIGAN EDMUND,,0000879169-25-000069,2025-06-30,A,367,68.1,20319,D,,,,,,
879169,2025-07-02,INCY,Issa Mohamed Khairie,,0000879169-25-000068,2025-06-30,A,27812,0.0,76483,D,,,,,,
879169,2025-07-02,INCY,Meury William,,0000879169-25-000067,2025-07-02,A,36101,0.0,36101,D,,,,,,
879169,2025-07-07,INCY,Iyengar Vijay K,,0000879169-25-000072,2025-07-02,F,6809,68.17,46318,D,,,,,,
879169,2025-07-07,INCY,Hoppenot Herve,,0000879169-25-000071,2025-07-02,F,42769,68.17,526820,D,,,,,,
879169,2025-07-07,INCY,Stamoulis Christiana,,0000879169-25-000075,2025-07-02,F,11589,68.17,117504,D,,,,,,
879169,2025-07-07,INCY,Denton Sheila A.,,0000879169-25-000073,2025-07-02,M,599,58.06,27103,D,,,,,,
879169,2025-07-07,INCY,Denton Sheila A.,,0000879169-25-000073,2025-07-02,S,599,68.61,26504,D,,,,,,
879169,2025-07-07,INCY,Flannelly Barry P,,0000879169-25-000074,2025-07-03,S,10903,68.15,39744,D,,,,,,
879169,2025-07-07,INCY,Flannelly Barry P,,0000879169-25-000074,2025-07-02,F,9055,68.17,50647,D,,,,,,
879169,2025-07-07,INCY,SWAIN PAULA J,,0000879169-25-000078,2025-07-02,F,6285,68.17,101059,D,,,,,,
879169,2025-07-07,INCY,Stein Steven H,,0000879169-25-000076,2025-07-02,F,12714,68.17,112418,D,,,,,,
879169,2025-07-07,INCY,Tray Thomas,,0000879169-25-000077,2025-07-02,F,897,68.17,21106,D,,,,,,
879169,2025-07-07,INCY,Iyengar Vijay K,,0000879169-25-000072,2025-07-03,S,2682,68.16,43636,D,,,,,,
879169,2025-07-16,INCY,Hoppenot Herve,,0000879169-25-000079,2025-07-14,F,4961,69.98,521859,D,,,,,,
879169,2025-07-16,INCY,Hoppenot Herve,,0000879169-25-000079,2025-07-15,F,4713,68.25,517146,D,,,,,,
879169,2025-07-16,INCY,Stamoulis Christiana,,0000879169-25-000083,2025-07-15,A,11107,0.0,125759,D,,,,,,
879169,2025-07-16,INCY,Iyengar Vijay K,,0000879169-25-000081,2025-07-15,F,836,68.25,35093,D,,,,,,
879169,2025-07-16,INCY,CAGNONI PABLO J,,0000879169-25-000086,2025-07-15,F,2628,68.25,217262,D,,,,,,
879169,2025-07-16,INCY,SWAIN PAULA J,,0000879169-25-000084,2025-07-15,A,6430,0.0,106482,D,,,,,,
879169,2025-07-16,INCY,CAGNONI PABLO J,,0000879169-25-000086,2025-07-15,A,17538,0.0,234800,D,,,,,,
879169,2025-07-16,INCY,Stamoulis Christiana,,0000879169-25-000083,2025-07-14,F,1407,69.98,116097,D,,,,,,
879169,2025-07-16,INCY,Stein Steven H,,0000879169-25-000085,2025-07-15,F,1596,68.25,94315,D,,,,,,
879169,2025-07-16,INCY,CAGNONI PABLO J,,0000879169-25-000086,2025-07-14,F,1280,69.98,219890,D,,,,,,
879169,2025-07-16,INCY,Stein Steven H,,0000879169-25-000085,2025-07-15,A,12277,0.0,106592,D,,,,,,
879169,2025-07-16,INCY,Flannelly Barry P,,0000879169-25-000080,2025-07-15,S,1192,69.86,37630,D,,,,,,
879169,2025-07-16,INCY,Stein Steven H,,0000879169-25-000085,2025-07-14,F,1555,69.98,95911,D,,,,,,
879169,2025-07-16,INCY,Stamoulis Christiana,,0000879169-25-000083,2025-07-15,F,1445,68.25,114652,D,,,,,,
879169,2025-07-16,INCY,SWAIN PAULA J,,0000879169-25-000084,2025-07-15,F,563,68.25,100052,D,,,,,,
879169,2025-07-16,INCY,Flannelly Barry P,,0000879169-25-000080,2025-07-14,F,922,69.98,38822,D,,,,,,
879169,2025-07-16,INCY,Tray Thomas,,0000879169-25-000082,2025-07-14,F,692,69.98,20414,D,,,,,,
879169,2025-07-16,INCY,Iyengar Vijay K,,0000879169-25-000081,2025-07-14,F,595,69.98,37106,D,,,,,,
879169,2025-07-16,INCY,Stein Steven H,,0000879169-25-000085,2025-07-14,S,14952,68.47,97466,D,,,,,,
879169,2025-07-16,INCY,Tray Thomas,,0000879169-25-000082,2025-07-15,A,4482,0.0,24313,D,,,,,,
879169,2025-07-16,INCY,Flannelly Barry P,,0000879169-25-000080,2025-07-15,F,1141,68.25,36489,D,,,,,,
879169,2025-07-16,INCY,Tray Thomas,,0000879169-25-000082,2025-07-15,F,583,68.25,19831,D,,,,,,
879169,2025-07-16,INCY,SWAIN PAULA J,,0000879169-25-000084,2025-07-14,F,444,69.98,100615,D,,,,,,
879169,2025-07-16,INCY,Iyengar Vijay K,,0000879169-25-000081,2025-07-15,S,1177,69.86,35929,D,,,,,,
879169,2025-07-16,INCY,Iyengar Vijay K,,0000879169-25-000081,2025-07-15,A,6430,0.0,41523,D,,,,,,
879169,2025-07-17,INCY,Flannelly Barry P,,0000879169-25-000093,2025-07-16,S,1340,68.36,35149,D,,,,,,
879169,2025-07-17,INCY,Denton Sheila A.,,0000879169-25-000091,2025-07-15,M,3330,64.25,29834,D,,,,,,
879169,2025-07-17,INCY,Denton Sheila A.,,0000879169-25-000091,2025-07-15,S,3330,69.86,26504,D,,,,,,
879169,2025-07-17,INCY,Iyengar Vijay K,,0000879169-25-000092,2025-07-16,S,983,68.36,40540,D,,,,,,
879169,2025-07-17,INCY,Denton Sheila A.,,0000879169-25-000091,2025-07-15,F,703,68.25,25801,D,,,,,,
879169,2025-07-17,INCY,Trotta Matteo,,0000879169-25-000089,2025-07-15,A,5261,0.0,15016,D,,,,,,
879169,2025-07-17,INCY,Issa Mohamed Khairie,,0000879169-25-000090,2025-07-15,A,8769,0.0,85252,D,,,,,,
879169,2025-07-17,INCY,Denton Sheila A.,,0000879169-25-000091,2025-07-16,S,785,68.36,33200,D,,,,,,
879169,2025-07-17,INCY,Trotta Matteo,,0000879169-25-000089,2025-07-15,F,182,68.25,9755,D,,,,,,
879169,2025-07-17,INCY,Denton Sheila A.,,0000879169-25-000091,2025-07-15,A,8184,0.0,33985,D,,,,,,
879169,2025-07-23,INCY,Stein Steven H,,0000879169-25-000095,2025-07-21,S,3706,67.94,102886,D,,,,,,
879169,2025-08-06,INCY,Denton Sheila A.,,0000879169-25-000106,2025-08-04,S,598,75.77,33200,D,,,,,,
879169,2025-08-06,INCY,Denton Sheila A.,,0000879169-25-000106,2025-08-04,M,598,58.06,33798,D,,,,,,
879169,2025-08-19,INCY,Denton Sheila A.,,0000879169-25-000109,2025-08-15,S,277,86.81,33200,D,,,,,,
879169,2025-08-19,INCY,Denton Sheila A.,,0000879169-25-000109,2025-08-15,M,277,64.25,33477,D,,,,,,
879169,2025-08-27,INCY,Basi Ramitpal K,,0002083591-25-000004,2025-08-25,A,6506,0.0,6506,D,,,,,,
879169,2025-09-04,INCY,Denton Sheila A.,,0001995298-25-000004,2025-09-02,S,598,84.97,33200,D,,,,,,
879169,2025-09-04,INCY,Denton Sheila A.,,0001995298-25-000004,2025-09-02,M,598,58.06,33798,D,,,,,,
879169,2025-09-18,INCY,Denton Sheila A.,,0001995298-25-000006,2025-09-16,S,278,83.15,33200,D,,,,,,
879169,2025-09-18,INCY,Denton Sheila A.,,0001995298-25-000006,2025-09-16,M,278,64.25,33478,D,,,,,,
879169,2025-09-24,INCY,Gardner David H,,0002085970-25-000004,2025-09-22,A,9429,0.0,9429,D,,,,,,
879169,2025-10-02,INCY,HARRIGAN EDMUND,,0001177917-25-000004,2025-09-30,A,289,84.81,20608,D,,,,,,
879169,2025-10-02,INCY,BAKER BROS. ADVISORS LP,"isDirector,isTenPercentOwner",0001193125-25-228466,2025-09-30,A,388,0.0,2817290,I,,,,,,
879169,2025-10-02,INCY,Clancy Paul J,,0001409601-25-000004,2025-09-30,A,285,84.81,23235,D,,,,,,
879169,2025-10-03,INCY,Mayes Patrick A,,0002079962-25-000002,2025-10-01,F,1569,86.7,65819,D,,,,,,
879169,2025-10-03,INCY,Heeson Lee,,0002039219-25-000003,2025-10-01,F,463,86.7,32315,D,,,,,,
879169,2025-10-06,INCY,Denton Sheila A.,,0001995298-25-000008,2025-10-02,S,599,87.65,33200,D,,,,,,
879169,2025-10-06,INCY,Denton Sheila A.,,0001995298-25-000008,2025-10-02,F,3130,86.28,30070,D,,,,,,
879169,2025-10-06,INCY,Denton Sheila A.,,0001995298-25-000008,2025-10-02,M,599,58.06,33799,D,,,,,,
879169,2025-10-06,INCY,Denton Sheila A.,,0001995298-25-000008,2025-10-03,S,3501,85.54,26569,D,,,,,,
879169,2025-10-17,INCY,Denton Sheila A.,,0001995298-25-000010,2025-10-15,S,277,85.13,26569,D,,,,,,
879169,2025-10-17,INCY,Denton Sheila A.,,0001995298-25-000010,2025-10-15,M,277,64.25,26846,D,,,,,,
879169,2025-11-05,INCY,Heeson Lee,,0002039219-25-000005,2025-11-03,S,3074,94.02,29241,D,,,,,,
879169,2025-11-06,INCY,Denton Sheila A.,,0001995298-25-000012,2025-11-04,M,598,58.06,27167,D,,,,,,
879169,2025-11-06,INCY,Denton Sheila A.,,0001995298-25-000012,2025-11-04,S,598,101.36,26569,D,,,,,,
879169,2025-11-07,INCY,Stein Steven H,,0001673776-25-000004,2025-11-05,M,1194,83.83,104080,D,,,,,,
879169,2025-11-07,INCY,Stein Steven H,,0001673776-25-000004,2025-11-05,S,5233,102.2,102886,D,,,,,,
879169,2025-11-12,INCY,Hoppenot Herve,,0001596492-25-000008,2025-11-10,S,187500,105.46,329646,D,,,,,,
879169,2025-11-19,INCY,Denton Sheila A.,,0001995298-25-000014,2025-11-17,M,278,64.25,26847,D,,,,,,
879169,2025-11-19,INCY,Denton Sheila A.,,0001995298-25-000014,2025-11-17,S,278,104.36,26569,D,,,,,,
879169,2025-11-25,INCY,Tray Thomas,,0001912317-25-000003,2025-11-24,S,600,103.0,23573,D,,,,,,
879169,2025-11-25,INCY,Tray Thomas,,0001912317-25-000003,2025-11-21,S,169,102.0,24173,D,,,,,,
879169,2025-12-03,INCY,Morrissey Michael James,,0001780915-25-000003,2025-12-01,F,326,102.04,85838,D,,,,,,
879169,2025-12-03,INCY,Stein Steven H,,0001673776-25-000006,2025-12-01,F,17093,102.04,83234,D,,,,,,
879169,2025-12-03,INCY,Hoffman Richard A.,,0002098091-25-000004,2025-12-01,A,9466,0.0,9466,D,,,,,,
879169,2025-12-03,INCY,Stein Steven H,,0001673776-25-000006,2025-12-01,S,2559,102.96,100327,D,,,,,,
879169,2025-12-03,INCY,Stein Steven H,,0001673776-25-000006,2025-12-02,S,20105,102.51,63129,D,,,,,,
879169,2025-12-10,INCY,Hoppenot Herve,,0001596492-25-000010,2025-12-08,F,2843,96.7,326803,D,,,,,,
879169,2025-12-12,INCY,Mayes Patrick A,,0002079962-25-000004,2025-12-10,S,5553,95.58,60266,D,,,,,,
879169,2025-12-12,INCY,Mayes Patrick A,,0002079962-25-000004,2025-12-11,S,255,94.94,60011,D,,,,,,
879169,2025-12-18,INCY,Morrissey Michael James,,0001780915-25-000005,2025-12-16,S,833,97.42,85005,D,,,,,,
879169,2025-12-18,INCY,Morrissey Michael James,,0001780915-25-000005,2025-12-17,S,4323,97.26,27507,D,,,,,,
879169,2025-12-22,INCY,Tray Thomas,,0001912317-25-000005,2025-12-18,S,600,98.25,22973,D,,,,,,
879169,2025-12-22,INCY,Tray Thomas,,0001912317-25-000005,2025-12-19,M,1044,95.76,24017,D,,,,,,
879169,2025-12-22,INCY,Tray Thomas,,0001912317-25-000005,2025-12-19,S,2774,100.0,22973,D,,,,,,
879169,2026-01-05,INCY,Clancy Paul J,,0001409601-26-000002,2025-12-31,A,241,98.77,23476,D,,,,,,
879169,2026-01-05,INCY,Morrissey Michael James,,0001780915-26-000002,2025-12-31,F,254,98.77,27253,D,,,,,,
879169,2026-01-05,INCY,HARRIGAN EDMUND,,0001177917-26-000002,2025-12-31,A,245,98.77,20853,D,,,,,,
879169,2026-01-05,INCY,BAKER BROS. ADVISORS LP,"isDirector,isTenPercentOwner",0001193125-26-002378,2025-12-31,A,328,0.0,2817618,I,,,,,,
879169,2026-01-05,INCY,Stein Steven H,,0001673776-26-000002,2025-12-31,F,13292,98.77,49837,D,,,,,,
879169,2026-01-07,INCY,Stein Steven H,,0001673776-26-000004,2026-01-05,S,15634,101.7,34203,D,,,,,,
879169,2026-01-08,INCY,Issa Mohamed Khairie,,0002050035-26-000002,2026-01-06,F,8264,106.66,76988,D,,,,,,
879169,2026-01-08,INCY,Issa Mohamed Khairie,,0002050035-26-000002,2026-01-07,S,10856,109.07,66132,D,,,,,,
879169,2026-01-21,INCY,Morrissey Michael James,,0001780915-26-000004,2026-01-20,F,429,102.62,34250,D,,,,,,
879169,2026-01-21,INCY,Heeson Lee,,0002039219-26-000002,2026-01-16,A,8911,0.0,38152,D,,,,,,
879169,2026-01-21,INCY,Morrissey Michael James,,0001780915-26-000004,2026-01-16,A,7426,0.0,34679,D,,,,,,
879169,2026-02-04,INCY,Morrissey Michael James,,0001780915-26-000006,2026-02-02,F,185,102.67,34065,D,,,,,,
879169,2026-02-04,INCY,Heeson Lee,,0002039219-26-000004,2026-02-02,F,111,102.67,38041,D,,,,,,
879169,2026-02-23,INCY,CAGNONI PABLO J,,0001205703-26-000006,2026-02-19,S,18668,100.91,234800,D,,,,,,
879169,2026-02-23,INCY,CAGNONI PABLO J,,0001205703-26-000006,2026-02-19,M,13093,61.76,247893,D,,,,,,
879169,2026-03-19,INCY,CAGNONI PABLO J,,0001205703-26-000008,2026-03-17,S,18667,94.24,234800,D,,,,,,
879169,2026-03-19,INCY,CAGNONI PABLO J,,0001205703-26-000008,2026-03-17,M,7166,61.18,241966,D,,,,,,
879169,2026-03-26,INCY,Trotta Matteo,,0002015975-26-000006,2026-03-25,F,537,92.23,14882,D,,,,,,
879169,2026-04-02,INCY,HARRIGAN EDMUND,,0001177917-26-000006,2026-03-31,A,269,94.12,21122,D,,,,,,
879169,2026-04-02,INCY,Clancy Paul J,,0001409601-26-000004,2026-03-31,A,265,94.12,23741,D,,,,,,
879169,2026-04-02,INCY,BAKER BROS. ADVISORS LP,"isDirector,isTenPercentOwner",0001193125-26-140097,2026-03-31,A,421,0.0,2818039,I,,,,,,
879169,2026-04-17,INCY,CAGNONI PABLO J,,0001205703-26-000010,2026-04-15,A,27892,0.0,262692,D,,,,,,
879169,2026-04-17,INCY,Stein Steven H,,0001673776-26-000010,2026-04-15,A,39049,0.0,73252,D,,,,,,
879169,2026-04-17,INCY,Meury William,,0001536778-26-000004,2026-04-15,M,125000,0.0,161101,D,,,,,,
879169,2026-04-21,INCY,CAGNONI PABLO J,,0001205703-26-000012,2026-04-17,S,18667,96.5,262692,D,non_derivative,Common Stock,,,,
879169,2026-04-21,INCY,CAGNONI PABLO J,,0001205703-26-000012,2026-04-17,M,6077,64.25,268769,D,non_derivative,Common Stock,,,,
879169,2026-04-21,INCY,CAGNONI PABLO J,,0001205703-26-000012,2026-04-17,M,6077,64.25,268769,D,,,,,,
879169,2026-04-21,INCY,CAGNONI PABLO J,,0001205703-26-000012,2026-04-17,M,6077,0.0,26833,D,derivative,Employee Stock Option (right to buy),Common Stock,6077.0,64.25,2034-07-14
879169,2026-04-21,INCY,CAGNONI PABLO J,,0001205703-26-000012,2026-04-17,S,18667,96.5,262692,D,,,,,,
879169,2026-05-06,INCY,Upadhyay Suketu,,0001533149-26-000014,2026-05-04,A,13171,0.0,26342,D,derivative,Performance Shares,Common Stock,13171.0,,2029-05-04
879169,2026-05-06,INCY,Upadhyay Suketu,,0001533149-26-000014,2026-05-04,A,26343,0.0,26343,D,non_derivative,Common Stock,,,,
879169,2026-05-06,INCY,Upadhyay Suketu,,0001533149-26-000014,2026-05-04,A,38429,0.0,38429,D,derivative,Employee Stock Option (right to buy),Common Stock,38429.0,97.14,2036-05-04
879169,2026-05-06,INCY,Upadhyay Suketu,,0001533149-26-000014,2026-05-04,A,26343,0.0,26343,D,,,,,,
879169,2026-05-11,INCY,BAKER BROS. ADVISORS LP,"isDirector,isTenPercentOwner",0001193125-26-216988,2026-05-08,M,15000,84.53,2833039,I,,,,,,
879169,2026-05-11,INCY,BAKER BROS. ADVISORS LP,"isDirector,isTenPercentOwner",0001193125-26-216988,2026-05-08,M,15000,84.53,2833039,I,non_derivative,Common Stock,,,,
879169,2026-05-11,INCY,BAKER BROS. ADVISORS LP,"isDirector,isTenPercentOwner",0001193125-26-216988,2026-05-08,M,15000,0.0,0,I,derivative,Non-Qualified Stock Options,Common Stock,15000.0,84.53,2026-05-26
879169,2026-05-21,INCY,Clancy Paul J,,0001409601-26-000006,2026-05-19,M,15000,84.53,38741,D,non_derivative,Common Stock,,,,
879169,2026-05-21,INCY,Clancy Paul J,,0001409601-26-000006,2026-05-19,M,15000,84.53,38741,D,,,,,,
879169,2026-05-21,INCY,Clancy Paul J,,0001409601-26-000006,2026-05-19,M,15000,0.0,0,D,derivative,Non-Qualified Stock Option (right to buy),Common Stock,15000.0,84.53,2026-05-26
879169,2026-05-21,INCY,Clancy Paul J,,0001409601-26-000006,2026-05-19,S,15000,94.93,23741,D,,,,,,
879169,2026-05-21,INCY,Clancy Paul J,,0001409601-26-000006,2026-05-19,S,15000,94.93,23741,D,non_derivative,Common Stock,,,,
879169,2026-05-28,INCY,BIENAIME JEAN JACQUES,,0001221590-26-000011,2026-05-26,F,13059,97.1,22782,D,non_derivative,Common Stock,,,,
879169,2026-05-28,INCY,BIENAIME JEAN JACQUES,,0001221590-26-000011,2026-05-26,M,15000,84.53,35841,D,non_derivative,Common Stock,,,,
879169,2026-05-28,INCY,Tray Thomas,,0001912317-26-000007,2026-05-26,S,2051,97.35,21132,D,non_derivative,Common Stock,,,,
879169,2026-05-28,INCY,BIENAIME JEAN JACQUES,,0001221590-26-000011,2026-05-26,M,15000,0.0,0,D,derivative,Non-Qualified Stock Option (right to buy),Common Stock,15000.0,84.53,2026-05-26
879169,2026-06-03,INCY,CAGNONI PABLO J,,0001205703-26-000017,2026-06-01,F,25469,95.59,240848,D,non_derivative,Common Stock,,,,
879169,2026-06-08,INCY,Tray Thomas,,0001912317-26-000009,2026-06-04,S,2639,100.0,21132,D,non_derivative,Common Stock,,,,
879169,2026-06-08,INCY,Tray Thomas,,0001912317-26-000009,2026-06-04,M,2639,0.0,0,D,derivative,Non-Qualified Stock Option (right to buy),Common Stock,2639.0,83.83,2026-07-14
879169,2026-06-08,INCY,Tray Thomas,,0001912317-26-000009,2026-06-04,M,2639,83.83,23771,D,non_derivative,Common Stock,,,,
879169,2026-06-10,INCY,FOUSE JACQUALYN A,,0001405288-26-000006,2026-06-08,A,6111,0.0,6111,D,derivative,Non Qualfied Stock Option (right to buy),Common Stock,6111.0,100.64,2036-06-07
879169,2026-06-10,INCY,High Katherine A,,0001631248-26-000002,2026-06-08,A,6111,0.0,6111,D,derivative,Non Qualfied Stock Option (right to buy),Common Stock,6111.0,100.64,2036-06-07
879169,2026-06-10,INCY,BRAWLEY OTIS W,,0001213029-26-000005,2026-06-08,A,1642,0.0,12894,D,non_derivative,Common Stock,,,,
879169,2026-06-10,INCY,BIENAIME JEAN JACQUES,,0001221590-26-000017,2026-06-08,A,1642,0.0,24424,D,non_derivative,Common Stock,,,,
879169,2026-06-10,INCY,High Katherine A,,0001631248-26-000002,2026-06-08,A,1642,0.0,14983,D,non_derivative,Common Stock,,,,
879169,2026-06-10,INCY,BIENAIME JEAN JACQUES,,0001221590-26-000017,2026-06-08,A,6111,0.0,6111,D,derivative,Non Qualfied Stock Option (right to buy),Common Stock,6111.0,100.64,2036-06-07
879169,2026-06-10,INCY,BRAWLEY OTIS W,,0001213029-26-000005,2026-06-08,A,6111,0.0,6111,D,derivative,Non Qualfied Stock Option (right to buy),Common Stock,6111.0,100.64,2036-06-07
879169,2026-06-10,INCY,Clancy Paul J,,0001409601-26-000008,2026-06-08,A,1642,0.0,25383,D,non_derivative,Common Stock,,,,
879169,2026-06-10,INCY,HARRIGAN EDMUND,,0001177917-26-000011,2026-06-08,A,1642,0.0,22764,D,non_derivative,Common Stock,,,,
879169,2026-06-10,INCY,FOUSE JACQUALYN A,,0001405288-26-000006,2026-06-08,A,1642,0.0,20968,D,non_derivative,Common Stock,,,,
879169,2026-06-10,INCY,HARRIGAN EDMUND,,0001177917-26-000011,2026-06-08,A,6111,0.0,6111,D,derivative,Non Qualfied Stock Option (right to buy),Common Stock,6111.0,100.64,2036-06-07
879169,2026-06-10,INCY,BAKER BROS. ADVISORS LP,"isDirector,isTenPercentOwner",0001193125-26-265952,2026-06-08,A,6111,0.0,6111,I,derivative,Non-Qualified Stock Options (right to buy),Common Stock,6111.0,100.64,2036-06-07
879169,2026-06-10,INCY,BAKER BROS. ADVISORS LP,"isDirector,isTenPercentOwner",0001193125-26-265952,2026-06-08,A,1642,0.0,2834681,I,non_derivative,Common Stock,,,,
879169,2026-06-10,INCY,Clancy Paul J,,0001409601-26-000008,2026-06-08,A,6111,0.0,6111,D,derivative,Non Qualfied Stock Option (right to buy),Common Stock,6111.0,100.64,2036-06-07
879169,2026-07-02,INCY,BAKER BROS. ADVISORS LP,"isDirector,isTenPercentOwner",0001193125-26-294712,2026-06-30,A,400,0.0,2835081,I,non_derivative,Common Stock,,,,
879169,2026-07-02,INCY,Clancy Paul J,,0001409601-26-000011,2026-06-30,A,252,113.36,25635,D,non_derivative,Common Stock,,,,
879169,2026-07-02,INCY,HARRIGAN EDMUND,,0001177917-26-000012,2026-06-30,A,255,113.36,23019,D,non_derivative,Common Stock,,,,
879169,2026-07-07,INCY,Tray Thomas,,0001912317-26-000011,2026-07-02,F,477,116.86,20655,D,non_derivative,Common Stock,,,,
879169,2026-07-07,INCY,Meury William,,0001536778-26-000007,2026-07-02,F,4779,116.86,156322,D,non_derivative,Common Stock,,,,
879169,2026-07-07,INCY,Mayes Patrick A,,0002079962-26-000007,2026-07-02,F,350,116.86,59661,D,non_derivative,Common Stock,,,,
879169,2026-07-07,INCY,Stein Steven H,,0001673776-26-000015,2026-07-02,F,2177,116.86,76150,D,non_derivative,Common Stock,,,,
879169,2026-07-16,INCY,Tray Thomas,,0001912317-26-000013,2026-07-14,F,692,114.88,19963,D,non_derivative,Common Stock,,,,
879169,2026-07-16,INCY,Stein Steven H,,0001673776-26-000017,2026-07-15,S,28237,113.05,26083,D,non_derivative,Common Stock,,,,
879169,2026-07-16,INCY,Tray Thomas,,0001912317-26-000013,2026-07-15,F,1098,115.09,18865,D,non_derivative,Common Stock,,,,
879169,2026-07-16,INCY,Issa Mohamed Khairie,,0002050035-26-000009,2026-07-15,F,1099,115.09,65033,D,non_derivative,Common Stock,,,,
879169,2026-07-16,INCY,Stein Steven H,,0001673776-26-000017,2026-07-14,F,21830,114.88,54320,D,non_derivative,Common Stock,,,,
879169,2026-07-16,INCY,Stein Steven H,,0001673776-26-000017,2026-07-15,F,3088,115.09,22995,D,non_derivative,Common Stock,,,,
879169,2026-07-16,INCY,Mayes Patrick A,,0002079962-26-000009,2026-07-15,F,1512,115.09,57712,D,non_derivative,Common Stock,,,,
879169,2026-07-16,INCY,Mayes Patrick A,,0002079962-26-000009,2026-07-14,F,437,114.88,59224,D,non_derivative,Common Stock,,,,
879169,2026-07-16,INCY,CAGNONI PABLO J,,0001205703-26-000019,2026-07-14,F,17969,114.88,222879,D,non_derivative,Common Stock,,,,
879169,2026-07-16,INCY,CAGNONI PABLO J,,0001205703-26-000019,2026-07-15,F,4950,115.09,217929,D,non_derivative,Common Stock,,,,
879169,2026-07-20,INCY,Hoffman Richard A.,,0002098091-26-000005,2026-07-16,A,18487,0.0,18487,D,derivative,Performance Shares,Common Stock,18487.0,,2029-07-16
879169,2026-07-20,INCY,Gardner David H,,0002085970-26-000005,2026-07-16,A,31923,0.0,31923,D,derivative,Employee Stock Option (right to buy),Common Stock,31923.0,116.65,2036-07-15
879169,2026-07-20,INCY,Basi Ramitpal K,,0002083591-26-000005,2026-07-16,A,12479,0.0,12479,D,derivative,Performance Shares,Common Stock,12479.0,,2029-07-16
879169,2026-07-20,INCY,Basi Ramitpal K,,0002083591-26-000005,2026-07-16,A,4991,0.0,11497,D,non_derivative,Common Stock,,,,
879169,2026-07-20,INCY,Issa Mohamed Khairie,,0002050035-26-000011,2026-07-16,A,7857,0.0,71797,D,non_derivative,Common Stock,,,,
879169,2026-07-20,INCY,Gardner David H,,0002085970-26-000005,2026-07-16,A,7395,0.0,16824,D,non_derivative,Common Stock,,,,
879169,2026-07-20,INCY,Hoffman Richard A.,,0002098091-26-000005,2026-07-16,A,7395,0.0,16861,D,non_derivative,Common Stock,,,,
879169,2026-07-20,INCY,Basi Ramitpal K,,0002083591-26-000005,2026-07-16,A,21548,0.0,21548,D,derivative,Employee Stock Option (right to buy),Common Stock,21548.0,116.65,2036-07-15
879169,2026-07-20,INCY,Gardner David H,,0002085970-26-000005,2026-07-16,A,18487,0.0,18487,D,derivative,Performance Shares,Common Stock,18487.0,,2029-07-16
879169,2026-07-20,INCY,Hoffman Richard A.,,0002098091-26-000005,2026-07-16,A,31923,0.0,31923,D,derivative,Employee Stock Option (right to buy),Common Stock,31923.0,116.65,2036-07-15
879169,2026-07-20,INCY,Meury William,,0001536778-26-000009,2026-07-16,A,26807,0.0,183129,D,non_derivative,Common Stock,,,,
879169,2026-07-20,INCY,Issa Mohamed Khairie,,0002050035-26-000011,2026-07-16,A,19643,0.0,19643,D,derivative,Performance Shares,Common Stock,19643.0,,2029-07-16
879169,2026-07-20,INCY,Meury William,,0001536778-26-000009,2026-07-16,A,80421,0.0,80421,D,derivative,Performance Shares,Common Stock,80421.0,,2029-07-16
879169,2026-07-20,INCY,Issa Mohamed Khairie,,0002050035-26-000011,2026-07-16,A,33918,0.0,33918,D,derivative,Employee Stock Option (right to buy),Common Stock,33918.0,116.65,2036-07-15
879169,2026-07-20,INCY,Mayes Patrick A,,0002079962-26-000011,2026-07-16,A,25538,0.0,25538,D,derivative,Employee Stock Option (right to buy),Common Stock,25538.0,116.65,2036-07-15
879169,2026-07-20,INCY,Stein Steven H,,0001673776-26-000019,2026-07-16,A,24496,0.0,24496,D,derivative,Performance Shares,Common Stock,24496.0,,2029-07-16
879169,2026-07-20,INCY,Mayes Patrick A,,0002079962-26-000011,2026-07-16,A,5916,0.0,63628,D,non_derivative,Common Stock,,,,
879169,2026-07-20,INCY,Stein Steven H,,0001673776-26-000019,2026-07-16,A,42298,0.0,42298,D,derivative,Employee Stock Option (right to buy),Common Stock,42298.0,116.65,2036-07-15
879169,2026-07-20,INCY,Meury William,,0001536778-26-000009,2026-07-16,A,77148,0.0,77148,D,derivative,Employee Stock Option (right to buy),Common Stock,77148.0,116.65,2036-07-15
879169,2026-07-20,INCY,Mayes Patrick A,,0002079962-26-000011,2026-07-16,A,14790,0.0,14790,D,derivative,Performance Shares,Common Stock,14790.0,,2029-07-16
879169,2026-07-20,INCY,CAGNONI PABLO J,,0001205703-26-000021,2026-07-16,A,13403,0.0,231332,D,non_derivative,Common Stock,,,,
879169,2026-07-20,INCY,CAGNONI PABLO J,,0001205703-26-000021,2026-07-16,A,57861,0.0,57861,D,derivative,Employee Stock Option (right to buy),Common Stock,57861.0,116.65,2036-07-15
879169,2026-07-20,INCY,Stein Steven H,,0001673776-26-000019,2026-07-16,A,9798,0.0,30916,D,non_derivative,Common Stock,,,,
879169,2026-07-20,INCY,Stein Steven H,,0001673776-26-000019,2026-07-16,S,1877,114.73,21118,D,non_derivative,Common Stock,,,,
879169,2026-07-20,INCY,CAGNONI PABLO J,,0001205703-26-000021,2026-07-16,A,33508,0.0,33508,D,derivative,Performance Shares,Common Stock,33508.0,,2029-07-16
879169,2026-07-20,INCY,Tray Thomas,,0001912317-26-000015,2026-07-16,A,2834,0.0,21699,D,non_derivative,Common Stock,,,,
879169,2026-07-20,INCY,Issa Mohamed Khairie,,0002050035-26-000011,2026-07-16,S,1093,115.01,63940,D,non_derivative,Common Stock,,,,
879169,2026-07-20,INCY,Tray Thomas,,0001912317-26-000015,2026-07-16,A,4079,0.0,4079,D,derivative,Employee Stock Option (right to buy),Common Stock,4079.0,116.65,2036-07-15
879169,2026-07-27,INCY,Heeson Lee,,0002039219-26-000008,2026-07-23,A,15423,0.0,15423,D,derivative,Employee Stock Option (right to buy),Common Stock,15423.0,116.69,2036-07-22
879169,2026-07-27,INCY,Morrissey Michael James,,0001780915-26-000010,2026-07-23,A,6426,0.0,6426,D,derivative,Employee Stock Option (right to buy),Common Stock,6426.0,116.69,2036-07-22
879169,2026-07-27,INCY,Morrissey Michael James,,0001780915-26-000010,2026-07-23,A,8999,0.0,8999,D,derivative,Performance Shares,Common Stock,8999.0,,2029-07-23
879169,2026-07-27,INCY,Heeson Lee,,0002039219-26-000008,2026-07-23,A,13498,0.0,13498,D,derivative,Performance Shares,Common Stock,13498.0,,2029-07-23
879169,2026-08-04,INCY,Mayes Patrick A,,0002079962-26-000013,2026-08-03,M,6055,105.43,67496,D,non_derivative,Common Stock,,,,
879169,2026-08-04,INCY,Mayes Patrick A,,0002079962-26-000013,2026-07-31,M,2918,61.18,66546,D,non_derivative,Common Stock,,,,
879169,2026-08-04,INCY,CAGNONI PABLO J,,0001205703-26-000023,2026-07-31,S,15888,119.7,215444,D,non_derivative,Common Stock,,,,
879169,2026-08-04,INCY,Mayes Patrick A,,0002079962-26-000013,2026-08-03,M,6055,0.0,0,D,derivative,Employee Stock Option (right to buy),Common Stock,6055.0,105.43,2027-11-06
879169,2026-08-04,INCY,Mayes Patrick A,,0002079962-26-000013,2026-07-31,M,2918,0.0,1328,D,derivative,Employee Stock Option (right to buy),Common Stock,2918.0,61.18,2034-01-17
879169,2026-08-04,INCY,Mayes Patrick A,,0002079962-26-000013,2026-08-03,S,6055,120.43,61441,D,non_derivative,Common Stock,,,,
879169,2026-08-04,INCY,Mayes Patrick A,,0002079962-26-000013,2026-07-31,S,14661,119.46,88679,D,non_derivative,Common Stock,,,,
879169,2026-08-07,INCY,Mayes Patrick A,,0002079962-26-000015,2026-08-05,S,2207,123.99,61441,D,non_derivative,Common Stock,,,,
879169,2026-08-07,INCY,Mayes Patrick A,,0002079962-26-000015,2026-08-05,M,2207,0.0,0,D,derivative,Employee Stock Option (right to buy),Common Stock,2207.0,106.47,2030-07-01
879169,2026-08-07,INCY,Mayes Patrick A,,0002079962-26-000015,2026-08-05,M,2207,106.47,63648,D,non_derivative,Common Stock,,,,
879169,2026-08-07,INCY,CAGNONI PABLO J,,0001205703-26-000025,2026-08-05,S,10640,122.69,204804,D,non_derivative,Common Stock,,,,
879169,2026-08-14,INCY,CAGNONI PABLO J,,0001205703-26-000027,2026-08-12,S,10803,120.04,194001,D,non_derivative,Common Stock,,,,
