cik,filingDate,issuerTradingSymbol,reportingOwnerName,reportingOwnerRelationship,accessionNumber,transactionDate,transactionCode,transactionShares,transactionPricePerShare,sharesOwnedFollowingTransaction,directOrIndirectOwnership,transactionType,securityTitle,underlyingSecurityTitle,underlyingSecurityShares,exercisePrice,expirationDate
896878,2019-12-20,INTU,SMITH BRAD D,,0000896878-19-000192,2019-12-20,G,18773.0,0.0,303762.0,D,,,,,,
896878,2019-12-20,INTU,COOK SCOTT D,,0000896878-19-000191,2019-12-20,S,7548.0,265.062,125785.0,I,,,,,,
896878,2019-12-26,INTU,COOK SCOTT D,,0001567619-19-023615,2019-12-23,S,10071.0,266.8737,11240.0,I,,,,,,
896878,2020-01-03,INTU,Johnson Gregory N,,0001567619-20-000429,2019-12-31,M,361.0,0.0,10067.0,D,,,,,,
896878,2020-01-03,INTU,Goodarzi Sasan K,,0001567619-20-000436,2019-12-31,F,394.0,261.93,63335.0,D,,,,,,
896878,2020-01-03,INTU,SMITH BRAD D,,0001567619-20-000433,2019-12-31,M,202.0,0.0,303964.0,D,,,,,,
896878,2020-01-03,INTU,SMITH BRAD D,,0001567619-20-000433,2019-12-31,F,202.0,261.93,303762.0,D,,,,,,
896878,2020-01-03,INTU,McLean Kerry J,,0001567619-20-000431,2019-12-31,M,216.0,0.0,4951.0,D,,,,,,
896878,2020-01-03,INTU,McLean Kerry J,,0001567619-20-000431,2019-12-31,F,329.0,261.93,5066.0,D,,,,,,
896878,2020-01-03,INTU,Tessel Marianna,,0001567619-20-000430,2019-12-31,M,108.0,0.0,768.0,D,,,,,,
896878,2020-01-03,INTU,Tessel Marianna,,0001567619-20-000430,2019-12-31,F,54.0,261.93,714.0,D,,,,,,
896878,2020-01-03,INTU,Chriss James Alexander,,0001567619-20-000424,2019-12-31,F,47.0,261.93,173.0,D,,,,,,
896878,2020-01-03,INTU,Goodarzi Sasan K,,0001567619-20-000436,2019-12-31,M,793.0,0.0,63729.0,D,,,,,,
896878,2020-01-03,INTU,FLOURNOY MARK J,,0001567619-20-000427,2019-12-31,M,188.0,0.0,1802.0,D,,,,,,
896878,2020-01-03,INTU,FLOURNOY MARK J,,0001567619-20-000427,2019-12-31,F,94.0,261.93,1708.0,D,,,,,,
896878,2020-01-03,INTU,FENNELL LAURA A,,0001567619-20-000426,2019-12-31,M,433.0,0.0,45236.0,D,,,,,,
896878,2020-01-03,INTU,FENNELL LAURA A,,0001567619-20-000426,2019-12-31,F,215.0,261.93,45021.0,D,,,,,,
896878,2020-01-03,INTU,Clatterbuck Michelle M,,0001567619-20-000425,2019-12-31,M,433.0,0.0,2143.0,D,,,,,,
896878,2020-01-03,INTU,Clatterbuck Michelle M,,0001567619-20-000425,2019-12-31,F,215.0,261.93,1928.0,D,,,,,,
896878,2020-01-03,INTU,Chriss James Alexander,,0001567619-20-000424,2019-12-31,M,94.0,0.0,220.0,D,,,,,,
896878,2020-01-03,INTU,Chriss James Alexander,,0001567619-20-000424,2020-01-02,S,47.0,261.08,126.0,D,,,,,,
896878,2020-01-03,INTU,Johnson Gregory N,,0001567619-20-000429,2019-12-31,F,179.0,261.93,9888.0,D,,,,,,
896878,2020-01-27,INTU,WEINER JEFF,,0000896878-20-000018,2020-01-23,M,2907.0,0.0,16474.0,D,,,,,,
896878,2020-01-27,INTU,NORA JOHNSON SUZANNE M,,0000896878-20-000015,2020-01-23,M,2907.0,0.0,30831.0,D,,,,,,
896878,2020-01-27,INTU,POWELL DENNIS D,,0000896878-20-000014,2020-01-23,M,2907.0,0.0,6457.0,D,,,,,,
896878,2020-02-04,INTU,Tessel Marianna,,0000896878-20-000024,2020-02-01,M,1607.0,0.0,2321.0,D,,,,,,
896878,2020-02-04,INTU,Tessel Marianna,,0000896878-20-000024,2020-02-01,F,566.0,280.38,1755.0,D,,,,,,
896878,2020-02-04,INTU,Chriss James Alexander,,0000896878-20-000023,2020-02-01,M,1436.0,0.0,1562.0,D,,,,,,
896878,2020-02-04,INTU,Chriss James Alexander,,0000896878-20-000023,2020-02-01,F,1330.0,280.38,2535.0,D,,,,,,
896878,2020-02-27,INTU,Chriss James Alexander,,0001567619-20-004946,2020-02-26,S,2409.0,286.28,126.0,D,,,,,,
896878,2020-03-03,INTU,Clatterbuck Michelle M,,0001209191-20-015039,2020-03-01,M,3746.0,0.0,5674.0,D,,,,,,
896878,2020-03-03,INTU,Clatterbuck Michelle M,,0001209191-20-015039,2020-03-01,F,1294.0,265.85,4380.0,D,,,,,,
896878,2020-04-03,INTU,Goodarzi Sasan K,,0000896878-20-000041,2020-04-01,M,794.0,0.0,64129.0,D,,,,,,
896878,2020-04-03,INTU,McLean Kerry J,,0000896878-20-000043,2020-04-01,F,140.0,218.12,5399.0,D,,,,,,
896878,2020-04-03,INTU,Johnson Gregory N,,0000896878-20-000042,2020-04-01,M,360.0,0.0,10248.0,D,,,,,,
896878,2020-04-03,INTU,Johnson Gregory N,,0000896878-20-000042,2020-04-01,F,125.0,218.12,10123.0,D,,,,,,
896878,2020-04-03,INTU,Tessel Marianna,,0000896878-20-000045,2020-04-01,M,108.0,0.0,1957.0,D,,,,,,
896878,2020-04-03,INTU,SMITH BRAD D,,0000896878-20-000044,2020-04-01,M,45.0,0.0,303897.0,D,,,,,,
896878,2020-04-03,INTU,SMITH BRAD D,,0000896878-20-000044,2020-04-01,F,73.0,218.12,303852.0,D,,,,,,
896878,2020-04-03,INTU,McLean Kerry J,,0000896878-20-000043,2020-04-01,M,217.0,0.0,5349.0,D,,,,,,
896878,2020-04-03,INTU,Tessel Marianna,,0000896878-20-000045,2020-04-01,F,38.0,218.12,1919.0,D,,,,,,
896878,2020-04-03,INTU,Chriss James Alexander,,0000896878-20-000037,2020-04-01,F,47.0,218.12,267.0,D,,,,,,
896878,2020-04-03,INTU,FENNELL LAURA A,,0000896878-20-000039,2020-04-01,F,150.0,218.12,45387.0,D,,,,,,
896878,2020-04-03,INTU,Clatterbuck Michelle M,,0000896878-20-000038,2020-04-01,M,432.0,0.0,4812.0,D,,,,,,
896878,2020-04-03,INTU,Clatterbuck Michelle M,,0000896878-20-000038,2020-04-01,F,215.0,218.12,4597.0,D,,,,,,
896878,2020-04-03,INTU,Chriss James Alexander,,0000896878-20-000037,2020-04-01,M,94.0,0.0,314.0,D,,,,,,
896878,2020-04-03,INTU,FLOURNOY MARK J,,0000896878-20-000040,2020-04-01,M,187.0,0.0,1895.0,D,,,,,,
896878,2020-04-03,INTU,FLOURNOY MARK J,,0000896878-20-000040,2020-04-01,F,68.0,218.12,1827.0,D,,,,,,
896878,2020-04-03,INTU,FENNELL LAURA A,,0000896878-20-000039,2020-04-01,M,432.0,0.0,45537.0,D,,,,,,
896878,2020-04-03,INTU,Goodarzi Sasan K,,0000896878-20-000041,2020-04-01,F,275.0,218.12,63855.0,D,,,,,,
896878,2020-05-05,INTU,Chriss James Alexander,,0000896878-20-000048,2020-05-01,M,576.0,0.0,843.0,D,,,,,,
896878,2020-05-05,INTU,Chriss James Alexander,,0000896878-20-000048,2020-05-01,F,286.0,261.13,557.0,D,,,,,,
896878,2020-05-05,INTU,Tessel Marianna,,0000896878-20-000049,2020-05-01,M,401.0,0.0,2320.0,D,,,,,,
896878,2020-05-05,INTU,Tessel Marianna,,0000896878-20-000049,2020-05-01,F,139.0,261.13,2181.0,D,,,,,,
896878,2020-05-28,INTU,McLean Kerry J,,0000896878-20-000072,2020-05-26,S,200.0,283.29,23199.0,D,,,,,,
896878,2020-05-28,INTU,Chriss James Alexander,,0000896878-20-000070,2020-05-26,S,337.0,291.1,220.0,D,,,,,,
896878,2020-05-28,INTU,McLean Kerry J,,0000896878-20-000072,2020-05-26,M,18000.0,113.19,23399.0,D,,,,,,
896878,2020-06-03,INTU,Tessel Marianna,,0000896878-20-000074,2020-06-01,M,7726.0,0.0,9907.0,D,,,,,,
896878,2020-06-03,INTU,Tessel Marianna,,0000896878-20-000074,2020-06-01,F,3618.0,289.95,6289.0,D,,,,,,
896878,2020-07-02,INTU,McLean Kerry J,,0000896878-20-000089,2020-07-01,M,1189.0,0.0,6622.0,D,,,,,,
896878,2020-07-02,INTU,Johnson Gregory N,,0000896878-20-000088,2020-07-01,M,1232.0,0.0,11355.0,D,,,,,,
896878,2020-07-02,INTU,Johnson Gregory N,,0000896878-20-000088,2020-07-01,F,1325.0,302.58,12389.0,D,,,,,,
896878,2020-07-02,INTU,Goodarzi Sasan K,,0000896878-20-000087,2020-07-01,M,4925.0,0.0,68780.0,D,,,,,,
896878,2020-07-02,INTU,Tessel Marianna,,0000896878-20-000090,2020-07-01,M,109.0,0.0,6399.0,D,,,,,,
896878,2020-07-02,INTU,Tessel Marianna,,0000896878-20-000090,2020-07-01,F,1046.0,302.58,7351.0,D,,,,,,
896878,2020-07-02,INTU,McLean Kerry J,,0000896878-20-000089,2020-07-01,F,782.0,302.58,6246.0,D,,,,,,
896878,2020-07-02,INTU,Goodarzi Sasan K,,0000896878-20-000087,2020-07-01,F,2588.0,302.58,67144.0,D,,,,,,
896878,2020-07-02,INTU,FENNELL LAURA A,,0000896878-20-000081,2020-07-01,F,2155.0,302.58,48554.0,D,,,,,,
896878,2020-07-02,INTU,Chriss James Alexander,,0000896878-20-000079,2020-07-01,M,1232.0,0.0,1453.0,D,,,,,,
896878,2020-07-02,INTU,Clatterbuck Michelle M,,0000896878-20-000080,2020-07-01,M,924.0,0.0,5521.0,D,,,,,,
896878,2020-07-02,INTU,Chriss James Alexander,,0000896878-20-000079,2020-07-01,F,1649.0,302.58,1896.0,D,,,,,,
896878,2020-07-02,INTU,FLOURNOY MARK J,,0000896878-20-000082,2020-07-01,F,600.0,302.58,2955.0,D,,,,,,
896878,2020-07-02,INTU,FENNELL LAURA A,,0000896878-20-000081,2020-07-01,M,3323.0,0.0,48722.0,D,,,,,,
896878,2020-07-02,INTU,FLOURNOY MARK J,,0000896878-20-000082,2020-07-01,M,874.0,0.0,2701.0,D,,,,,,
896878,2020-07-02,INTU,Clatterbuck Michelle M,,0000896878-20-000080,2020-07-01,F,1445.0,302.58,6063.0,D,,,,,,
896878,2020-07-06,INTU,SMITH BRAD D,,0000896878-20-000092,2020-07-01,M,11464.0,0.0,315321.0,D,,,,,,
896878,2020-07-06,INTU,SMITH BRAD D,,0000896878-20-000092,2020-07-01,F,12352.0,302.58,318241.0,D,,,,,,
896878,2020-08-04,INTU,Tessel Marianna,,0000896878-20-000121,2020-08-01,M,402.0,0.0,7753.0,D,,,,,,
896878,2020-08-04,INTU,Tessel Marianna,,0000896878-20-000121,2020-08-01,F,200.0,306.37,7553.0,D,,,,,,
896878,2020-08-04,INTU,Chriss James Alexander,,0000896878-20-000119,2020-08-01,M,576.0,0.0,2472.0,D,,,,,,
896878,2020-08-04,INTU,Chriss James Alexander,,0000896878-20-000119,2020-08-01,F,286.0,306.37,2186.0,D,,,,,,
896878,2020-08-12,INTU,McLean Kerry J,,0000896878-20-000130,2020-08-11,F,185.0,299.2,6448.0,D,,,,,,
896878,2020-08-12,INTU,FENNELL LAURA A,,0000896878-20-000129,2020-08-11,M,576.0,0.0,49130.0,D,,,,,,
896878,2020-08-12,INTU,SMITH BRAD D,,0000896878-20-000131,2020-08-11,F,1884.0,299.2,320321.0,D,,,,,,
896878,2020-08-12,INTU,McLean Kerry J,,0000896878-20-000130,2020-08-11,M,197.0,0.0,6443.0,D,,,,,,
896878,2020-08-12,INTU,SMITH BRAD D,,0000896878-20-000131,2020-08-11,M,2017.0,0.0,320258.0,D,,,,,,
896878,2020-08-12,INTU,Chriss James Alexander,,0000896878-20-000127,2020-08-11,F,266.0,299.2,2468.0,D,,,,,,
896878,2020-08-12,INTU,FENNELL LAURA A,,0000896878-20-000129,2020-08-11,F,543.0,299.2,49140.0,D,,,,,,
896878,2020-08-12,INTU,Clatterbuck Michelle M,,0000896878-20-000128,2020-08-11,M,356.0,0.0,6444.0,D,,,,,,
896878,2020-08-12,INTU,Chriss James Alexander,,0000896878-20-000127,2020-08-11,M,274.0,0.0,2460.0,D,,,,,,
896878,2020-08-12,INTU,Clatterbuck Michelle M,,0000896878-20-000128,2020-08-11,F,346.0,299.2,6454.0,D,,,,,,
896878,2020-08-31,INTU,Chriss James Alexander,,0000896878-20-000150,2020-08-27,S,2247.0,341.84,221.0,D,,,,,,
896878,2020-08-31,INTU,Clatterbuck Michelle M,,0000896878-20-000152,2020-08-27,S,1000.0,340.092,15652.0,D,,,,,,
896878,2020-08-31,INTU,Clatterbuck Michelle M,,0000896878-20-000152,2020-08-27,M,10198.0,113.19,16652.0,D,,,,,,
896878,2020-08-31,INTU,Goodarzi Sasan K,,0000896878-20-000154,2020-08-28,S,7567.0,344.37,82461.0,D,,,,,,
896878,2020-08-31,INTU,Goodarzi Sasan K,,0000896878-20-000154,2020-08-27,S,15603.0,346.98,212799.0,D,,,,,,
896878,2020-08-31,INTU,Goodarzi Sasan K,,0000896878-20-000154,2020-08-28,M,22884.0,113.19,90028.0,D,,,,,,
896878,2020-08-31,INTU,Johnson Gregory N,,0000896878-20-000156,2020-08-27,M,803.0,82.59,13192.0,D,,,,,,
896878,2020-08-31,INTU,Johnson Gregory N,,0000896878-20-000156,2020-08-27,S,803.0,341.84,12389.0,D,,,,,,
896878,2020-08-31,INTU,SMITH BRAD D,,0000896878-20-000158,2020-08-27,S,3453.0,339.9277,15320.0,I,,,,,,
896878,2020-08-31,INTU,SMITH BRAD D,,0000896878-20-000158,2020-08-27,G,15615.0,0.0,304706.0,D,,,,,,
896878,2020-08-31,INTU,Goodarzi Sasan K,,0000896878-20-000154,2020-08-27,M,87162.0,113.19,154306.0,D,,,,,,
896878,2020-09-03,INTU,Clatterbuck Michelle M,,0000896878-20-000163,2020-09-01,M,9223.0,0.0,9769.0,D,,,,,,
896878,2020-09-03,INTU,SMITH BRAD D,,0000896878-20-000174,2020-09-01,F,45315.0,347.18,355334.0,D,,,,,,
896878,2020-09-03,INTU,FENNELL LAURA A,,0000896878-20-000164,2020-09-01,M,32580.0,0.0,81720.0,D,,,,,,
896878,2020-09-03,INTU,FLOURNOY MARK J,,0000896878-20-000166,2020-09-01,S,4240.0,346.49,2955.0,D,,,,,,
896878,2020-09-03,INTU,FLOURNOY MARK J,,0000896878-20-000166,2020-09-01,M,4240.0,135.35,7195.0,D,,,,,,
896878,2020-09-03,INTU,Goodarzi Sasan K,,0000896878-20-000168,2020-09-01,F,24393.0,347.18,91948.0,D,,,,,,
896878,2020-09-03,INTU,Tessel Marianna,,0000896878-20-000176,2020-09-01,M,6147.0,0.0,13700.0,D,,,,,,
896878,2020-09-03,INTU,Tessel Marianna,,0000896878-20-000176,2020-09-01,F,3049.0,347.18,10651.0,D,,,,,,
896878,2020-09-03,INTU,Clatterbuck Michelle M,,0000896878-20-000163,2020-09-01,F,4574.0,347.18,5195.0,D,,,,,,
896878,2020-09-03,INTU,Chriss James Alexander,,0000896878-20-000160,2020-09-01,M,12297.0,0.0,12518.0,D,,,,,,
896878,2020-09-03,INTU,FENNELL LAURA A,,0000896878-20-000164,2020-09-01,F,15611.0,347.18,66109.0,D,,,,,,
896878,2020-09-03,INTU,SMITH BRAD D,,0000896878-20-000174,2020-09-01,M,95943.0,0.0,400649.0,D,,,,,,
896878,2020-09-03,INTU,McLean Kerry J,,0000896878-20-000172,2020-09-01,M,5303.0,113.19,11751.0,D,,,,,,
896878,2020-09-03,INTU,Chriss James Alexander,,0000896878-20-000160,2020-09-01,F,6099.0,347.18,6419.0,D,,,,,,
896878,2020-09-03,INTU,Chriss James Alexander,,0000896878-20-000160,2020-09-02,S,2196.0,348.55,4223.0,D,,,,,,
896878,2020-09-03,INTU,Goodarzi Sasan K,,0000896878-20-000168,2020-09-01,M,49197.0,0.0,116341.0,D,,,,,,
896878,2020-09-03,INTU,Johnson Gregory N,,0000896878-20-000170,2020-09-02,S,5998.0,349.5043,10323.0,D,,,,,,
896878,2020-09-03,INTU,Johnson Gregory N,,0000896878-20-000170,2020-09-01,F,6099.0,347.18,16321.0,D,,,,,,
896878,2020-09-03,INTU,Johnson Gregory N,,0000896878-20-000170,2020-09-01,M,12297.0,0.0,22420.0,D,,,,,,
896878,2020-09-03,INTU,Clatterbuck Michelle M,,0000896878-20-000163,2020-09-02,S,4649.0,348.67,546.0,D,,,,,,
896878,2020-09-03,INTU,McLean Kerry J,,0000896878-20-000172,2020-09-01,S,5303.0,346.34,6448.0,D,,,,,,
896878,2020-09-14,INTU,FENNELL LAURA A,,0001209191-20-050279,2020-09-10,M,16332.0,107.25,82441.0,D,,,,,,
896878,2020-09-14,INTU,FENNELL LAURA A,,0001209191-20-050279,2020-09-11,S,4604.0,320.5541,80166.0,D,,,,,,
896878,2020-09-14,INTU,FENNELL LAURA A,,0001209191-20-050279,2020-09-10,S,4399.0,326.3557,78042.0,D,,,,,,
896878,2020-09-14,INTU,FENNELL LAURA A,,0001209191-20-050279,2020-09-11,M,18661.0,107.25,84770.0,D,,,,,,
896878,2020-09-15,INTU,FENNELL LAURA A,,0001209191-20-050533,2020-09-14,S,29204.0,320.3424,66109.0,D,,,,,,
896878,2020-09-15,INTU,FENNELL LAURA A,,0001209191-20-050533,2020-09-14,M,29204.0,107.25,95313.0,D,,,,,,
896878,2020-09-16,INTU,FENNELL LAURA A,,0000896878-20-000178,2020-09-15,S,9797.0,321.3632,56312.0,D,,,,,,
896878,2020-10-01,INTU,COOK SCOTT D,,0000896878-20-000180,2020-08-31,G,1203563.0,0.0,7116469.0,I,,,,,,
896878,2020-10-05,INTU,Johnson Gregory N,,0000896878-20-000196,2020-10-01,M,361.0,0.0,6821.0,D,,,,,,
896878,2020-10-05,INTU,Tessel Marianna,,0000896878-20-000199,2020-10-01,M,108.0,0.0,10759.0,D,,,,,,
896878,2020-10-05,INTU,Tessel Marianna,,0000896878-20-000199,2020-10-01,F,302.0,332.34,10956.0,D,,,,,,
896878,2020-10-05,INTU,SMITH BRAD D,,0000896878-20-000198,2020-10-01,M,1281.0,0.0,356615.0,D,,,,,,
896878,2020-10-05,INTU,SMITH BRAD D,,0000896878-20-000198,2020-10-01,F,892.0,332.34,356202.0,D,,,,,,
896878,2020-10-05,INTU,McLean Kerry J,,0000896878-20-000197,2020-10-01,M,216.0,0.0,6664.0,D,,,,,,
896878,2020-10-05,INTU,Goodarzi Sasan K,,0000896878-20-000195,2020-10-01,M,793.0,0.0,92741.0,D,,,,,,
896878,2020-10-05,INTU,McLean Kerry J,,0000896878-20-000197,2020-10-01,F,203.0,332.34,6651.0,D,,,,,,
896878,2020-10-05,INTU,Johnson Gregory N,,0000896878-20-000196,2020-10-01,F,427.0,332.34,6893.0,D,,,,,,
896878,2020-10-05,INTU,Chriss James Alexander,,0000896878-20-000190,2020-10-01,F,295.0,332.34,518.0,D,,,,,,
896878,2020-10-05,INTU,Goodarzi Sasan K,,0000896878-20-000195,2020-10-01,F,434.0,332.34,92347.0,D,,,,,,
896878,2020-10-05,INTU,FLOURNOY MARK J,,0000896878-20-000194,2020-10-01,M,187.0,0.0,1707.0,D,,,,,,
896878,2020-10-05,INTU,FLOURNOY MARK J,,0000896878-20-000194,2020-10-01,F,176.0,332.34,1697.0,D,,,,,,
896878,2020-10-05,INTU,FENNELL LAURA A,,0000896878-20-000193,2020-10-01,M,433.0,0.0,46761.0,D,,,,,,
896878,2020-10-05,INTU,FENNELL LAURA A,,0000896878-20-000193,2020-10-01,F,408.0,332.34,46741.0,D,,,,,,
896878,2020-10-05,INTU,Clatterbuck Michelle M,,0000896878-20-000191,2020-10-01,M,433.0,0.0,979.0,D,,,,,,
896878,2020-10-05,INTU,Clatterbuck Michelle M,,0000896878-20-000191,2020-10-01,F,408.0,332.34,959.0,D,,,,,,
896878,2020-10-05,INTU,Chriss James Alexander,,0000896878-20-000190,2020-10-01,M,93.0,0.0,314.0,D,,,,,,
896878,2020-11-03,INTU,Tessel Marianna,,0000896878-20-000216,2020-11-01,M,402.0,0.0,11358.0,D,,,,,,
896878,2020-11-03,INTU,Tessel Marianna,,0000896878-20-000216,2020-11-01,F,200.0,314.68,11158.0,D,,,,,,
896878,2020-11-03,INTU,Chriss James Alexander,,0000896878-20-000215,2020-11-01,M,576.0,0.0,1094.0,D,,,,,,
896878,2020-11-03,INTU,Chriss James Alexander,,0000896878-20-000215,2020-11-01,F,286.0,314.68,808.0,D,,,,,,
896878,2020-11-24,INTU,Clatterbuck Michelle M,,0000896878-20-000227,2020-11-23,S,413.0,348.07,546.0,D,,,,,,
896878,2020-11-24,INTU,Chriss James Alexander,,0000896878-20-000226,2020-11-23,S,587.0,348.07,221.0,D,,,,,,
896878,2020-12-21,INTU,SMITH BRAD D,,0000896878-20-000242,2020-12-18,M,1063.0,0.0,357265.0,D,,,,,,
896878,2020-12-21,INTU,McLean Kerry J,,0000896878-20-000241,2020-12-18,F,332.0,380.11,6651.0,D,,,,,,
896878,2020-12-21,INTU,Liu Deborah,,0000896878-20-000245,2020-12-17,J,82.0,369.26,82.0,I,,,,,,
896878,2020-12-21,INTU,SMITH BRAD D,,0000896878-20-000242,2020-12-18,F,1376.0,380.11,356202.0,D,,,,,,
896878,2020-12-21,INTU,McLean Kerry J,,0000896878-20-000241,2020-12-18,M,179.0,0.0,6830.0,D,,,,,,
896878,2020-12-21,INTU,FLOURNOY MARK J,,0000896878-20-000239,2020-12-18,M,11.0,0.0,1708.0,D,,,,,,
896878,2020-12-21,INTU,FLOURNOY MARK J,,0000896878-20-000239,2020-12-18,F,15.0,380.11,1697.0,D,,,,,,
896878,2020-12-21,INTU,FENNELL LAURA A,,0000896878-20-000240,2020-12-18,F,642.0,380.11,46741.0,D,,,,,,
896878,2020-12-21,INTU,FENNELL LAURA A,,0000896878-20-000240,2020-12-18,M,358.0,0.0,47099.0,D,,,,,,
896878,2020-12-30,INTU,McLean Kerry J,,0000896878-20-000247,2020-12-29,S,2393.0,378.038,4258.0,D,,,,,,
896878,2021-01-04,INTU,FLOURNOY MARK J,,0000896878-21-000011,2020-12-31,F,229.0,379.85,1926.0,D,,,,,,
896878,2021-01-04,INTU,Tessel Marianna,,0000896878-21-000014,2020-12-31,M,108.0,0.0,11266.0,D,,,,,,
896878,2021-01-04,INTU,Tessel Marianna,,0000896878-21-000014,2020-12-31,F,302.0,379.85,11463.0,D,,,,,,
896878,2021-01-04,INTU,McLean Kerry J,,0000896878-21-000013,2020-12-31,F,459.0,379.85,3022.0,D,,,,,,
896878,2021-01-04,INTU,Johnson Gregory N,,0000896878-21-000012,2020-12-31,M,360.0,0.0,7253.0,D,,,,,,
896878,2021-01-04,INTU,Johnson Gregory N,,0000896878-21-000012,2020-12-31,F,427.0,379.85,7325.0,D,,,,,,
896878,2021-01-04,INTU,McLean Kerry J,,0000896878-21-000013,2020-12-31,M,217.0,0.0,2775.0,D,,,,,,
896878,2021-01-04,INTU,FLOURNOY MARK J,,0000896878-21-000011,2020-12-31,M,188.0,0.0,1885.0,D,,,,,,
896878,2021-01-04,INTU,Clatterbuck Michelle M,,0000896878-21-000008,2021-01-04,S,412.0,379.23,546.0,D,,,,,,
896878,2021-01-04,INTU,FENNELL LAURA A,,0000896878-21-000010,2020-12-31,M,432.0,0.0,47173.0,D,,,,,,
896878,2021-01-04,INTU,Chriss James Alexander,,0000896878-21-000002,2021-01-04,S,298.0,379.23,221.0,D,,,,,,
896878,2021-01-04,INTU,FENNELL LAURA A,,0000896878-21-000010,2020-12-31,F,791.0,379.85,47542.0,D,,,,,,
896878,2021-01-04,INTU,Clatterbuck Michelle M,,0000896878-21-000008,2020-12-31,M,432.0,0.0,978.0,D,,,,,,
896878,2021-01-04,INTU,Clatterbuck Michelle M,,0000896878-21-000008,2020-12-31,F,408.0,379.85,958.0,D,,,,,,
896878,2021-01-04,INTU,Chriss James Alexander,,0000896878-21-000002,2020-12-31,M,94.0,0.0,315.0,D,,,,,,
896878,2021-01-04,INTU,Chriss James Alexander,,0000896878-21-000002,2020-12-31,F,295.0,379.85,519.0,D,,,,,,
896878,2021-01-05,INTU,Goodarzi Sasan K,,0000896878-21-000017,2020-12-31,F,434.0,379.85,92747.0,D,,,,,,
896878,2021-01-05,INTU,Goodarzi Sasan K,,0000896878-21-000017,2020-12-31,M,794.0,0.0,93141.0,D,,,,,,
896878,2021-01-05,INTU,SMITH BRAD D,,0000896878-21-000018,2020-12-31,M,1281.0,0.0,357483.0,D,,,,,,
896878,2021-01-05,INTU,SMITH BRAD D,,0000896878-21-000018,2020-12-31,F,2649.0,379.85,359001.0,D,,,,,,
896878,2021-01-25,INTU,POWELL DENNIS D,,0000896878-21-000037,2021-01-22,M,2777.0,0.0,9234.0,D,,,,,,
896878,2021-01-25,INTU,WEINER JEFF,,0000896878-21-000040,2021-01-22,M,2777.0,0.0,20436.0,D,,,,,,
896878,2021-01-25,INTU,NORA JOHNSON SUZANNE M,,0000896878-21-000036,2021-01-22,M,2777.0,0.0,33608.0,D,,,,,,
896878,2021-02-02,INTU,Tessel Marianna,,0000896878-21-000045,2021-02-01,F,152.0,373.58,11713.0,D,,,,,,
896878,2021-02-02,INTU,Chriss James Alexander,,0000896878-21-000042,2021-02-01,F,212.0,373.58,585.0,D,,,,,,
896878,2021-02-02,INTU,Tessel Marianna,,0000896878-21-000045,2021-02-01,M,402.0,0.0,11865.0,D,,,,,,
896878,2021-02-02,INTU,Chriss James Alexander,,0000896878-21-000042,2021-02-01,M,576.0,0.0,797.0,D,,,,,,
896878,2021-03-01,INTU,Chriss James Alexander,,0000896878-21-000061,2021-02-25,S,364.0,407.38,221.0,D,,,,,,
896878,2021-03-02,INTU,SMITH BRAD D,,0000896878-21-000063,2021-02-26,G,6380.0,0.0,352621.0,D,,,,,,
896878,2021-03-03,INTU,Clatterbuck Michelle M,,0000896878-21-000066,2021-03-01,M,3747.0,0.0,4293.0,D,,,,,,
896878,2021-03-03,INTU,Clatterbuck Michelle M,,0000896878-21-000066,2021-03-01,F,1494.0,406.41,2799.0,D,,,,,,
896878,2021-03-03,INTU,Clatterbuck Michelle M,,0000896878-21-000066,2021-03-02,S,733.0,401.6554,2066.0,D,,,,,,
896878,2021-03-26,INTU,COOK SCOTT D,,0000896878-21-000068,2021-03-09,G,250000.0,0.0,6616469.0,I,,,,,,
896878,2021-04-05,INTU,McLean Kerry J,,0000896878-21-000085,2021-04-01,M,216.0,0.0,3298.0,D,,,,,,
896878,2021-04-05,INTU,Goodarzi Sasan K,,0000896878-21-000082,2021-04-01,M,793.0,0.0,93540.0,D,,,,,,
896878,2021-04-05,INTU,SMITH BRAD D,,0000896878-21-000087,2021-04-01,F,1046.0,395.23,354507.0,D,,,,,,
896878,2021-04-05,INTU,Johnson Gregory N,,0000896878-21-000080,2021-04-01,M,361.0,0.0,7686.0,D,,,,,,
896878,2021-04-05,INTU,Tessel Marianna,,0000896878-21-000088,2021-04-01,M,108.0,0.0,11900.0,D,,,,,,
896878,2021-04-05,INTU,SMITH BRAD D,,0000896878-21-000087,2021-04-01,M,1294.0,0.0,353990.0,D,,,,,,
896878,2021-04-05,INTU,Tessel Marianna,,0000896878-21-000088,2021-04-01,F,211.0,395.23,12189.0,D,,,,,,
896878,2021-04-05,INTU,Goodarzi Sasan K,,0000896878-21-000082,2021-04-01,F,306.0,395.23,93265.0,D,,,,,,
896878,2021-04-05,INTU,McLean Kerry J,,0000896878-21-000085,2021-04-01,F,229.0,395.23,3516.0,D,,,,,,
896878,2021-04-05,INTU,Johnson Gregory N,,0000896878-21-000080,2021-04-01,F,298.0,395.23,7888.0,D,,,,,,
896878,2021-04-05,INTU,FLOURNOY MARK J,,0000896878-21-000078,2021-04-01,F,145.0,395.23,2185.0,D,,,,,,
896878,2021-04-05,INTU,FENNELL LAURA A,,0000896878-21-000077,2021-04-01,M,433.0,0.0,48045.0,D,,,,,,
896878,2021-04-05,INTU,FENNELL LAURA A,,0000896878-21-000077,2021-04-01,F,418.0,395.23,48401.0,D,,,,,,
896878,2021-04-05,INTU,Clatterbuck Michelle M,,0000896878-21-000076,2021-04-01,M,433.0,0.0,979.0,D,,,,,,
896878,2021-04-05,INTU,FLOURNOY MARK J,,0000896878-21-000078,2021-04-01,M,187.0,0.0,2113.0,D,,,,,,
896878,2021-04-05,INTU,Chriss James Alexander,,0000896878-21-000075,2021-04-01,M,94.0,0.0,394.0,D,,,,,,
896878,2021-04-05,INTU,Chriss James Alexander,,0000896878-21-000075,2021-04-01,F,206.0,395.23,688.0,D,,,,,,
896878,2021-04-05,INTU,Clatterbuck Michelle M,,0000896878-21-000076,2021-04-01,F,408.0,395.23,960.0,D,,,,,,
896878,2021-05-04,INTU,Tessel Marianna,,0000896878-21-000095,2021-05-01,M,401.0,0.0,12590.0,D,,,,,,
896878,2021-05-04,INTU,Tessel Marianna,,0000896878-21-000095,2021-05-01,F,139.0,412.16,12451.0,D,,,,,,
896878,2021-05-04,INTU,Chriss James Alexander,,0000896878-21-000094,2021-05-01,M,575.0,0.0,1263.0,D,,,,,,
896878,2021-05-04,INTU,Chriss James Alexander,,0000896878-21-000094,2021-05-01,F,199.0,412.16,1064.0,D,,,,,,
896878,2021-05-05,INTU,Vazquez Raul,,0000896878-21-000097,2021-05-05,M,1942.0,0.0,1942.0,D,,,,,,
896878,2021-06-01,INTU,POWELL DENNIS D,,0000896878-21-000123,2021-05-27,S,5000.0,431.67,4234.0,D,,,,,,
896878,2021-06-01,INTU,SMITH BRAD D,,0000896878-21-000125,2021-05-27,M,163061.0,107.25,517568.0,D,,,,,,
896878,2021-06-01,INTU,SMITH BRAD D,,0000896878-21-000125,2021-05-27,S,7475.0,428.1785,510093.0,D,,,,,,
896878,2021-06-01,INTU,Chriss James Alexander,,0000896878-21-000119,2021-05-28,S,327.0,435.0,300.0,D,,,,,,
896878,2021-06-01,INTU,Chriss James Alexander,,0000896878-21-000119,2021-05-27,S,437.0,436.21,627.0,D,,,,,,
896878,2021-06-01,INTU,Clatterbuck Michelle M,,0000896878-21-000121,2021-05-27,S,414.0,436.21,546.0,D,,,,,,
896878,2021-06-21,INTU,FLOURNOY MARK J,,0000896878-21-000130,2021-06-17,S,665.0,475.27,1520.0,D,,,,,,
896878,2021-06-28,INTU,Vazquez Raul,,0000896878-21-000132,2021-06-25,S,1100.0,483.0786,1589.0,D,,,,,,
896878,2021-07-02,INTU,Goodarzi Sasan K,,0000896878-21-000146,2021-07-01,M,793.0,0.0,94058.0,D,,,,,,
896878,2021-07-02,INTU,SMITH BRAD D,,0000896878-21-000149,2021-07-01,M,444.0,0.0,354954.0,D,,,,,,
896878,2021-07-02,INTU,SMITH BRAD D,,0000896878-21-000149,2021-07-01,F,5322.0,491.05,360306.0,D,,,,,,
896878,2021-07-02,INTU,Tessel Marianna,,0000896878-21-000150,2021-07-01,F,1138.0,491.05,13874.0,D,,,,,,
896878,2021-07-02,INTU,McLean Kerry J,,0000896878-21-000148,2021-07-01,F,230.0,491.05,3964.0,D,,,,,,
896878,2021-07-02,INTU,Johnson Gregory N,,0000896878-21-000147,2021-07-01,M,360.0,0.0,8248.0,D,,,,,,
896878,2021-07-02,INTU,Johnson Gregory N,,0000896878-21-000147,2021-07-01,F,1197.0,491.05,9504.0,D,,,,,,
896878,2021-07-02,INTU,Tessel Marianna,,0000896878-21-000150,2021-07-01,M,108.0,0.0,12559.0,D,,,,,,
896878,2021-07-02,INTU,McLean Kerry J,,0000896878-21-000148,2021-07-01,M,216.0,0.0,3747.0,D,,,,,,
896878,2021-07-02,INTU,FLOURNOY MARK J,,0000896878-21-000145,2021-07-01,M,188.0,0.0,1708.0,D,,,,,,
896878,2021-07-02,INTU,Chriss James Alexander,,0000896878-21-000136,2021-07-01,F,917.0,491.05,1416.0,D,,,,,,
896878,2021-07-02,INTU,Chriss James Alexander,,0000896878-21-000136,2021-07-01,M,94.0,0.0,394.0,D,,,,,,
896878,2021-07-02,INTU,Clatterbuck Michelle M,,0000896878-21-000138,2021-07-01,F,1225.0,491.05,1788.0,D,,,,,,
896878,2021-07-02,INTU,Goodarzi Sasan K,,0000896878-21-000146,2021-07-01,F,2008.0,491.05,95658.0,D,,,,,,
896878,2021-07-02,INTU,FENNELL LAURA A,,0000896878-21-000144,2021-07-01,F,443.0,491.05,49172.0,D,,,,,,
896878,2021-07-02,INTU,FENNELL LAURA A,,0000896878-21-000144,2021-07-01,M,433.0,0.0,48841.0,D,,,,,,
896878,2021-07-02,INTU,FLOURNOY MARK J,,0000896878-21-000145,2021-07-01,F,142.0,491.05,1784.0,D,,,,,,
896878,2021-07-02,INTU,Clatterbuck Michelle M,,0000896878-21-000138,2021-07-01,M,433.0,0.0,979.0,D,,,,,,
896878,2021-08-02,INTU,Tessel Marianna,,0000896878-21-000171,2021-08-01,F,200.0,529.97,14076.0,D,,,,,,
896878,2021-08-02,INTU,Chriss James Alexander,,0000896878-21-000156,2021-08-01,M,576.0,0.0,1992.0,D,,,,,,
896878,2021-08-02,INTU,Chriss James Alexander,,0000896878-21-000156,2021-08-01,F,286.0,529.97,3456.0,D,,,,,,
896878,2021-08-02,INTU,Tessel Marianna,,0000896878-21-000171,2021-08-01,M,402.0,0.0,14276.0,D,,,,,,
896878,2021-08-12,INTU,FLOURNOY MARK J,,0000896878-21-000187,2021-08-10,M,95.0,0.0,1879.0,D,,,,,,
896878,2021-08-12,INTU,SMITH BRAD D,,0000896878-21-000191,2021-08-10,M,1467.0,0.0,361773.0,D,,,,,,
896878,2021-08-12,INTU,SMITH BRAD D,,0000896878-21-000191,2021-08-10,F,1369.0,530.13,361819.0,D,,,,,,
896878,2021-08-12,INTU,Tessel Marianna,,0000896878-21-000194,2021-08-10,M,271.0,0.0,14347.0,D,,,,,,
896878,2021-08-12,INTU,Tessel Marianna,,0000896878-21-000194,2021-08-10,F,263.0,530.13,14355.0,D,,,,,,
896878,2021-08-12,INTU,McLean Kerry J,,0000896878-21-000189,2021-08-10,F,166.0,530.13,4145.0,D,,,,,,
896878,2021-08-12,INTU,McLean Kerry J,,0000896878-21-000189,2021-08-10,M,177.0,0.0,4141.0,D,,,,,,
896878,2021-08-12,INTU,Clatterbuck Michelle M,,0000896878-21-000183,2021-08-10,M,398.0,0.0,2186.0,D,,,,,,
896878,2021-08-12,INTU,Clatterbuck Michelle M,,0000896878-21-000183,2021-08-10,F,386.0,530.13,2198.0,D,,,,,,
896878,2021-08-12,INTU,Chriss James Alexander,,0000896878-21-000181,2021-08-10,M,287.0,0.0,1993.0,D,,,,,,
896878,2021-08-12,INTU,Chriss James Alexander,,0000896878-21-000181,2021-08-10,F,279.0,530.13,2001.0,D,,,,,,
896878,2021-08-12,INTU,FENNELL LAURA A,,0000896878-21-000185,2021-08-10,F,476.0,530.13,49695.0,D,,,,,,
896878,2021-08-12,INTU,FLOURNOY MARK J,,0000896878-21-000187,2021-08-10,F,61.0,530.13,1909.0,D,,,,,,
896878,2021-08-12,INTU,FENNELL LAURA A,,0000896878-21-000185,2021-08-10,M,509.0,0.0,49681.0,D,,,,,,
896878,2021-08-30,INTU,Johnson Gregory N,,0000896878-21-000211,2021-08-26,S,94.0,547.0353,16365.0,D,,,,,,
896878,2021-08-30,INTU,Chriss James Alexander,,0000896878-21-000207,2021-08-26,S,481.0,549.26,1520.0,D,,,,,,
896878,2021-08-30,INTU,Johnson Gregory N,,0000896878-21-000211,2021-08-26,M,6955.0,107.25,16459.0,D,,,,,,
896878,2021-08-30,INTU,Chriss James Alexander,,0000896878-21-000207,2021-08-27,S,1220.0,554.61,300.0,D,,,,,,
896878,2021-08-30,INTU,Clatterbuck Michelle M,,0000896878-21-000209,2021-08-26,S,1652.0,549.26,546.0,D,,,,,,
896878,2021-09-02,INTU,Goodarzi Sasan K,,0000896878-21-000225,2021-09-01,F,16848.0,563.13,112789.0,D,,,,,,
896878,2021-09-02,INTU,Johnson Gregory N,,0000896878-21-000226,2021-09-01,F,7659.0,563.13,9400.0,D,,,,,,
896878,2021-09-02,INTU,Tessel Marianna,,0000896878-21-000230,2021-09-01,F,2297.0,563.13,16689.0,D,,,,,,
896878,2021-09-02,INTU,SMITH BRAD D,,0000896878-21-000228,2021-09-01,M,83146.0,0.0,444965.0,D,,,,,,
896878,2021-09-02,INTU,McLean Kerry J,,0000896878-21-000227,2021-09-01,F,4282.0,563.13,8787.0,D,,,,,,
896878,2021-09-02,INTU,Johnson Gregory N,,0000896878-21-000226,2021-09-01,M,15443.0,0.0,17059.0,D,,,,,,
896878,2021-09-02,INTU,Tessel Marianna,,0000896878-21-000230,2021-09-01,M,4631.0,0.0,18986.0,D,,,,,,
896878,2021-09-02,INTU,SMITH BRAD D,,0000896878-21-000228,2021-09-01,F,39271.0,563.13,405694.0,D,,,,,,
896878,2021-09-02,INTU,Goodarzi Sasan K,,0000896878-21-000225,2021-09-01,M,33979.0,0.0,129637.0,D,,,,,,
896878,2021-09-02,INTU,McLean Kerry J,,0000896878-21-000227,2021-09-01,M,8924.0,0.0,13069.0,D,,,,,,
896878,2021-09-02,INTU,FENNELL LAURA A,,0000896878-21-000219,2021-09-01,M,17832.0,0.0,67527.0,D,,,,,,
896878,2021-09-02,INTU,Chriss James Alexander,,0000896878-21-000215,2021-08-31,S,10658.0,563.9236,21129.0,D,,,,,,
896878,2021-09-02,INTU,Chriss James Alexander,,0000896878-21-000215,2021-09-01,M,4014.0,0.0,4314.0,D,,,,,,
896878,2021-09-02,INTU,FENNELL LAURA A,,0000896878-21-000219,2021-09-01,F,8557.0,563.13,58970.0,D,,,,,,
896878,2021-09-02,INTU,Chriss James Alexander,,0000896878-21-000215,2021-09-01,F,1992.0,563.13,2322.0,D,,,,,,
896878,2021-09-02,INTU,Chriss James Alexander,,0000896878-21-000215,2021-09-02,S,527.0,560.2127,1795.0,D,,,,,,
896878,2021-09-02,INTU,Clatterbuck Michelle M,,0000896878-21-000217,2021-09-01,M,18533.0,0.0,19079.0,D,,,,,,
896878,2021-09-02,INTU,Chriss James Alexander,,0000896878-21-000215,2021-08-31,M,2934.0,216.64,3234.0,D,,,,,,
896878,2021-09-02,INTU,Clatterbuck Michelle M,,0000896878-21-000217,2021-09-01,F,9190.0,563.13,9889.0,D,,,,,,
896878,2021-09-02,INTU,Clatterbuck Michelle M,,0000896878-21-000217,2021-09-02,S,2388.0,560.156,7501.0,D,,,,,,
896878,2021-09-30,INTU,FLOURNOY MARK J,,0000896878-21-000235,2021-09-29,S,389.0,551.33,0.0,D,,,,,,
896878,2021-10-04,INTU,SMITH BRAD D,,0000896878-21-000247,2021-10-01,M,1281.0,0.0,406975.0,D,,,,,,
896878,2021-10-04,INTU,McLean Kerry J,,0000896878-21-000245,2021-10-01,M,217.0,0.0,9004.0,D,,,,,,
896878,2021-10-04,INTU,SMITH BRAD D,,0000896878-21-000247,2021-10-01,F,1409.0,543.97,407121.0,D,,,,,,
896878,2021-10-04,INTU,Johnson Gregory N,,0000896878-21-000253,2021-10-01,F,669.0,543.97,10080.0,D,,,,,,
896878,2021-10-04,INTU,FENNELL LAURA A,,0000896878-21-000252,2021-10-01,M,432.0,0.0,59402.0,D,,,,,,
896878,2021-10-04,INTU,FENNELL LAURA A,,0000896878-21-000252,2021-10-01,F,599.0,543.97,59577.0,D,,,,,,
896878,2021-10-04,INTU,Johnson Gregory N,,0000896878-21-000253,2021-10-01,M,361.0,0.0,9761.0,D,,,,,,
896878,2021-10-04,INTU,Tessel Marianna,,0000896878-21-000249,2021-10-01,M,108.0,0.0,16797.0,D,,,,,,
896878,2021-10-04,INTU,Tessel Marianna,,0000896878-21-000249,2021-10-01,F,544.0,543.97,17241.0,D,,,,,,
896878,2021-10-04,INTU,Goodarzi Sasan K,,0000896878-21-000243,2021-10-01,M,794.0,0.0,113583.0,D,,,,,,
896878,2021-10-04,INTU,Chriss James Alexander,,0000896878-21-000237,2021-10-01,F,473.0,543.97,779.0,D,,,,,,
896878,2021-10-04,INTU,Clatterbuck Michelle M,,0000896878-21-000239,2021-10-01,M,432.0,0.0,978.0,D,,,,,,
896878,2021-10-04,INTU,Clatterbuck Michelle M,,0000896878-21-000239,2021-10-01,F,612.0,543.97,1166.0,D,,,,,,
896878,2021-10-04,INTU,Chriss James Alexander,,0000896878-21-000237,2021-10-01,M,93.0,0.0,393.0,D,,,,,,
896878,2021-10-04,INTU,McLean Kerry J,,0000896878-21-000245,2021-10-01,F,331.0,543.97,9121.0,D,,,,,,
896878,2021-10-04,INTU,FLOURNOY MARK J,,0000896878-21-000242,2021-10-01,F,141.0,543.97,264.0,D,,,,,,
896878,2021-10-04,INTU,Goodarzi Sasan K,,0000896878-21-000243,2021-10-01,F,879.0,543.97,113635.0,D,,,,,,
896878,2021-10-04,INTU,FLOURNOY MARK J,,0000896878-21-000242,2021-10-01,M,187.0,0.0,187.0,D,,,,,,
896878,2021-11-03,INTU,Tessel Marianna,,0001062993-21-010201,2021-11-01,M,402.0,0.0,17643.0,D,,,,,,
896878,2021-11-03,INTU,Tessel Marianna,,0001062993-21-010201,2021-11-01,F,200.0,608.81,17443.0,D,,,,,,
896878,2021-11-03,INTU,Chriss James Alexander,,0001062993-21-010199,2021-11-01,M,576.0,0.0,1355.0,D,,,,,,
896878,2021-11-03,INTU,Chriss James Alexander,,0001062993-21-010199,2021-11-01,F,286.0,608.81,1069.0,D,,,,,,
896878,2021-11-24,INTU,Goodarzi Sasan K,,0001062993-21-011561,2021-11-22,S,1956.0,679.5997,111679.0,D,,,,,,
896878,2021-11-24,INTU,Clatterbuck Michelle M,,0001062993-21-011559,2021-11-22,S,620.0,691.96,546.0,D,,,,,,
896878,2021-11-24,INTU,Chriss James Alexander,,0001062993-21-011557,2021-11-22,S,336.0,691.96,733.0,D,,,,,,
896878,2021-11-24,INTU,Chriss James Alexander,,0001062993-21-011557,2021-11-23,S,433.0,652.75,300.0,D,,,,,,
896878,2021-12-21,INTU,FENNELL LAURA A,,0001062993-21-013308,2021-12-17,M,285.0,0.0,59862.0,D,,,,,,
896878,2021-12-21,INTU,FLOURNOY MARK J,,0001062993-21-013312,2021-12-17,M,28.0,0.0,292.0,D,,,,,,
896878,2021-12-21,INTU,FLOURNOY MARK J,,0001062993-21-013312,2021-12-17,F,36.0,620.27,264.0,D,,,,,,
896878,2021-12-21,INTU,FENNELL LAURA A,,0001062993-21-013308,2021-12-17,F,610.0,620.27,59577.0,D,,,,,,
896878,2021-12-21,INTU,SMITH BRAD D,,0001062993-21-013320,2021-12-17,M,325.0,0.0,407446.0,D,,,,,,
896878,2021-12-21,INTU,McLean Kerry J,,0001062993-21-013317,2021-12-17,F,357.0,620.27,9121.0,D,,,,,,
896878,2021-12-21,INTU,SMITH BRAD D,,0001062993-21-013320,2021-12-17,F,547.0,620.27,407121.0,D,,,,,,
896878,2021-12-21,INTU,McLean Kerry J,,0001062993-21-013317,2021-12-17,M,143.0,0.0,9264.0,D,,,,,,
896878,2022-01-04,INTU,Goodarzi Sasan K,,0001062993-22-000459,2021-12-31,F,879.0,650.0,78487.0,D,,,,,,
896878,2022-01-04,INTU,McLean Kerry J,,0001062993-22-000387,2021-12-31,M,216.0,0.0,9337.0,D,,,,,,
896878,2022-01-04,INTU,SMITH BRAD D,,0001062993-22-000460,2021-12-31,F,1461.0,650.0,408549.0,D,,,,,,
896878,2022-01-04,INTU,Clatterbuck Michelle M,,0001062993-22-000374,2021-12-31,F,612.0,650.0,1166.0,D,,,,,,
896878,2022-01-04,INTU,FLOURNOY MARK J,,0001062993-22-000378,2021-12-31,F,232.0,650.0,534.0,D,,,,,,
896878,2022-01-04,INTU,Chriss James Alexander,,0001062993-22-000373,2022-01-04,S,479.0,631.47,300.0,D,,,,,,
896878,2022-01-04,INTU,McLean Kerry J,,0001062993-22-000387,2021-12-31,F,509.0,650.0,9632.0,D,,,,,,
896878,2022-01-04,INTU,Tessel Marianna,,0001062993-22-000390,2021-12-31,F,544.0,650.0,13002.0,D,,,,,,
896878,2022-01-04,INTU,FENNELL LAURA A,,0001062993-22-000377,2021-12-31,M,433.0,0.0,60010.0,D,,,,,,
896878,2022-01-04,INTU,Clatterbuck Michelle M,,0001062993-22-000374,2021-12-31,M,433.0,0.0,979.0,D,,,,,,
896878,2022-01-04,INTU,SMITH BRAD D,,0001062993-22-000460,2021-12-31,M,1281.0,0.0,408402.0,D,,,,,,
896878,2022-01-04,INTU,Goodarzi Sasan K,,0001062993-22-000459,2021-12-31,M,793.0,0.0,78434.0,D,,,,,,
896878,2022-01-04,INTU,Johnson Gregory N,,0001062993-22-000385,2021-12-31,M,360.0,0.0,10440.0,D,,,,,,
896878,2022-01-04,INTU,Chriss James Alexander,,0001062993-22-000373,2021-12-31,M,94.0,0.0,394.0,D,,,,,,
896878,2022-01-04,INTU,Clatterbuck Michelle M,,0001062993-22-000374,2022-01-03,S,620.0,640.03,546.0,D,,,,,,
896878,2022-01-04,INTU,Chriss James Alexander,,0001062993-22-000373,2021-12-31,F,474.0,650.0,779.0,D,,,,,,
896878,2022-01-04,INTU,Tessel Marianna,,0001062993-22-000390,2021-12-31,M,108.0,0.0,12559.0,D,,,,,,
896878,2022-01-04,INTU,FENNELL LAURA A,,0001062993-22-000377,2021-12-31,F,851.0,650.0,60439.0,D,,,,,,
896878,2022-01-04,INTU,FLOURNOY MARK J,,0001062993-22-000378,2021-12-31,M,188.0,0.0,452.0,D,,,,,,
896878,2022-01-04,INTU,Johnson Gregory N,,0001062993-22-000385,2021-12-31,F,669.0,650.0,10758.0,D,,,,,,
896878,2022-01-04,INTU,Tessel Marianna,,0001062993-22-000390,2021-12-30,S,4471.0,645.9287,12972.0,D,,,,,,
896878,2022-01-06,INTU,FENNELL LAURA A,,0001062993-22-000726,2022-01-05,S,350.0,602.447,60089.0,D,,,,,,
896878,2022-01-24,INTU,POWELL DENNIS D,,0001062993-22-001496,2022-01-20,M,2220.0,0.0,6454.0,D,,,,,,
896878,2022-01-24,INTU,DALZELL RICHARD L,,0001062993-22-001497,2022-01-23,M,2907.0,0.0,6045.0,D,,,,,,
896878,2022-01-24,INTU,NORA JOHNSON SUZANNE M,,0001062993-22-001495,2022-01-20,M,2220.0,0.0,35828.0,D,,,,,,
896878,2022-01-24,INTU,WEINER JEFF,,0001062993-22-001498,2022-01-20,M,2220.0,0.0,23564.0,D,,,,,,
896878,2022-01-24,INTU,Vazquez Raul,,0001062993-22-001499,2022-01-20,M,2220.0,0.0,3809.0,D,,,,,,
896878,2022-01-24,INTU,DALZELL RICHARD L,,0001062993-22-001497,2022-01-20,M,2220.0,0.0,2220.0,D,,,,,,
896878,2022-02-03,INTU,Chriss James Alexander,,0001062993-22-002442,2022-02-01,F,208.0,560.83,668.0,D,,,,,,
896878,2022-02-03,INTU,Chriss James Alexander,,0001062993-22-002442,2022-02-01,M,576.0,0.0,876.0,D,,,,,,
896878,2022-02-03,INTU,Tessel Marianna,,0001062993-22-002446,2022-02-01,M,402.0,0.0,13404.0,D,,,,,,
896878,2022-02-03,INTU,Tessel Marianna,,0001062993-22-002446,2022-02-01,F,148.0,560.83,13256.0,D,,,,,,
896878,2022-03-01,INTU,SMITH BRAD D,,0001062993-22-006214,2022-03-01,G,8327.0,0.0,400222.0,D,,,,,,
896878,2022-03-01,INTU,Chriss James Alexander,,0001062993-22-006212,2022-02-28,S,368.0,478.84,300.0,D,,,,,,
896878,2022-03-04,INTU,FENNELL LAURA A,,0001062993-22-006925,2022-03-02,S,5100.0,471.418,92125.0,D,,,,,,
896878,2022-03-04,INTU,FENNELL LAURA A,,0001062993-22-006925,2022-03-02,M,51786.0,113.19,97225.0,D,,,,,,
896878,2022-03-15,INTU,SMITH BRAD D,,0001062993-22-007790,2022-03-11,J,44311.0,0.0,355911.0,D,,,,,,
896878,2022-04-04,INTU,McLean Kerry J,,0001062993-22-009369,2022-04-01,F,292.0,483.93,10224.0,D,,,,,,
896878,2022-04-04,INTU,Johnson Gregory N,,0001062993-22-009368,2022-04-01,F,468.0,483.93,11639.0,D,,,,,,
896878,2022-04-04,INTU,Tessel Marianna,,0001062993-22-009371,2022-04-01,M,108.0,0.0,13407.0,D,,,,,,
896878,2022-04-04,INTU,Tessel Marianna,,0001062993-22-009371,2022-04-01,F,381.0,483.93,14014.0,D,,,,,,
896878,2022-04-04,INTU,SMITH BRAD D,,0001062993-22-009370,2022-04-01,M,1223.0,0.0,357134.0,D,,,,,,
896878,2022-04-04,INTU,SMITH BRAD D,,0001062993-22-009370,2022-04-01,F,643.0,483.93,358011.0,D,,,,,,
896878,2022-04-04,INTU,McLean Kerry J,,0001062993-22-009369,2022-04-01,M,216.0,0.0,9891.0,D,,,,,,
896878,2022-04-04,INTU,Johnson Gregory N,,0001062993-22-009368,2022-04-01,M,361.0,0.0,11119.0,D,,,,,,
896878,2022-04-04,INTU,Hotz Lauren D,,0001062993-22-009367,2022-04-01,M,86.0,0.0,1600.0,D,,,,,,
896878,2022-04-04,INTU,Chriss James Alexander,,0001062993-22-009356,2022-04-01,M,94.0,0.0,437.0,D,,,,,,
896878,2022-04-04,INTU,Goodarzi Sasan K,,0001062993-22-009366,2022-04-01,M,793.0,0.0,79280.0,D,,,,,,
896878,2022-04-04,INTU,Clatterbuck Michelle M,,0001062993-22-009358,2022-04-01,F,428.0,483.93,1350.0,D,,,,,,
896878,2022-04-04,INTU,Chriss James Alexander,,0001062993-22-009356,2022-04-01,F,331.0,483.93,965.0,D,,,,,,
896878,2022-04-04,INTU,FENNELL LAURA A,,0001062993-22-009359,2022-04-01,F,724.0,483.93,38716.0,D,,,,,,
896878,2022-04-04,INTU,Goodarzi Sasan K,,0001062993-22-009366,2022-04-01,F,617.0,483.93,79585.0,D,,,,,,
896878,2022-04-04,INTU,Hotz Lauren D,,0001062993-22-009367,2022-04-01,F,95.0,483.93,1675.0,D,,,,,,
896878,2022-04-04,INTU,FENNELL LAURA A,,0001062993-22-009359,2022-04-01,M,433.0,0.0,38415.0,D,,,,,,
896878,2022-04-04,INTU,Clatterbuck Michelle M,,0001062993-22-009358,2022-04-01,M,433.0,0.0,979.0,D,,,,,,
896878,2022-05-03,INTU,Chriss James Alexander,,0001062993-22-011464,2022-05-01,M,576.0,0.0,1541.0,D,,,,,,
896878,2022-05-03,INTU,Tessel Marianna,,0001062993-22-011474,2022-05-01,M,401.0,0.0,14415.0,D,,,,,,
896878,2022-05-03,INTU,Tessel Marianna,,0001062993-22-011474,2022-05-01,F,139.0,418.75,14276.0,D,,,,,,
896878,2022-05-03,INTU,Chriss James Alexander,,0001062993-22-011464,2022-05-01,F,214.0,418.75,1327.0,D,,,,,,
896878,2022-05-27,INTU,Chriss James Alexander,,0001062993-22-013763,2022-05-26,S,984.0,386.29,343.0,D,,,,,,
896878,2022-06-27,INTU,FENNELL LAURA A,,0001062993-22-015468,2022-06-23,S,5760.0,392.0195,32956.799,D,,,,,,
896878,2022-06-27,INTU,Vazquez Raul,,0001062993-22-015469,2022-06-23,S,1790.0,390.365,2019.0,D,,,,,,
896878,2022-07-05,INTU,SMITH BRAD D,,0001062993-22-015973,2022-06-30,F,982.0,385.44,359105.0,D,,,,,,
896878,2022-07-05,INTU,SMITH BRAD D,,0001062993-22-015973,2022-06-30,M,341.0,0.0,358352.0,D,,,,,,
896878,2022-07-06,INTU,Goodarzi Sasan K,,0001062993-22-016113,2022-07-01,M,794.0,0.0,80379.0,D,,,,,,
896878,2022-07-06,INTU,Clatterbuck Michelle M,,0001062993-22-016111,2022-07-01,F,1023.0,388.31,2691.0,D,,,,,,
896878,2022-07-06,INTU,Chriss James Alexander,,0001062993-22-016102,2022-07-01,F,1124.0,388.31,1482.799,D,,,,,,
896878,2022-07-06,INTU,Chriss James Alexander,,0001062993-22-016102,2022-07-01,M,94.0,0.0,437.799,D,,,,,,
896878,2022-07-06,INTU,Hotz Lauren D,,0001062993-22-016103,2022-07-01,F,188.0,388.31,2025.227,D,,,,,,
896878,2022-07-06,INTU,Goodarzi Sasan K,,0001062993-22-016113,2022-07-01,F,2708.0,388.31,82458.0,D,,,,,,
896878,2022-07-06,INTU,FENNELL LAURA A,,0001062993-22-016112,2022-07-01,M,433.0,0.0,29149.799,D,,,,,,
896878,2022-07-06,INTU,FENNELL LAURA A,,0001062993-22-016112,2022-07-01,F,726.0,388.31,29451.799,D,,,,,,
896878,2022-07-06,INTU,Hotz Lauren D,,0001062993-22-016103,2022-07-01,M,87.0,0.0,1765.227,D,,,,,,
896878,2022-07-06,INTU,SMITH BRAD D,,0001062993-22-016115,2022-07-01,M,1224.0,0.0,360329.0,D,,,,,,
896878,2022-07-06,INTU,Tessel Marianna,,0001062993-22-016105,2022-07-01,M,109.0,0.0,14385.799,D,,,,,,
896878,2022-07-06,INTU,Tessel Marianna,,0001062993-22-016105,2022-07-01,F,1172.0,388.31,15510.799,D,,,,,,
896878,2022-07-06,INTU,Krishna Varun,,0001062993-22-016114,2022-07-01,F,259.0,388.31,985.0,D,,,,,,
896878,2022-07-06,INTU,Krishna Varun,,0001062993-22-016114,2022-07-01,M,289.0,0.0,798.0,D,,,,,,
896878,2022-07-06,INTU,SMITH BRAD D,,0001062993-22-016115,2022-07-01,F,942.0,388.31,360907.0,D,,,,,,
896878,2022-07-06,INTU,Clatterbuck Michelle M,,0001062993-22-016111,2022-07-01,M,433.0,0.0,1783.0,D,,,,,,
896878,2022-07-06,INTU,McLean Kerry J,,0001062993-22-016104,2022-07-01,M,217.0,0.0,10441.799,D,,,,,,
896878,2022-07-06,INTU,McLean Kerry J,,0001062993-22-016104,2022-07-01,F,293.0,388.31,10773.799,D,,,,,,
896878,2022-07-22,INTU,Liu Deborah,,0001062993-22-016676,2022-07-21,M,803.0,0.0,885.0,D,,,,,,
896878,2022-08-03,INTU,Tessel Marianna,,0001062993-22-017150,2022-08-01,M,402.0,0.0,15912.8,D,,,,,,
896878,2022-08-03,INTU,Tessel Marianna,,0001062993-22-017150,2022-08-01,F,200.0,448.46,15712.8,D,,,,,,
896878,2022-08-03,INTU,Chriss James Alexander,,0001062993-22-017149,2022-08-01,F,286.0,448.46,1772.8,D,,,,,,
896878,2022-08-03,INTU,Chriss James Alexander,,0001062993-22-017149,2022-08-01,M,576.0,0.0,2058.8,D,,,,,,
896878,2022-08-11,INTU,Hotz Lauren D,,0001062993-22-017687,2022-08-09,M,20.0,0.0,2045.22,D,,,,,,
896878,2022-08-11,INTU,Chriss James Alexander,,0001062993-22-017694,2022-08-09,M,293.0,0.0,2065.8,D,,,,,,
896878,2022-08-11,INTU,McLean Kerry J,,0001062993-22-017685,2022-08-09,M,131.0,0.0,10904.8,D,,,,,,
896878,2022-08-11,INTU,FENNELL LAURA A,,0001062993-22-017692,2022-08-09,M,393.0,0.0,29844.8,D,,,,,,
896878,2022-08-11,INTU,Tessel Marianna,,0001062993-22-017695,2022-08-09,F,252.0,462.07,15980.8,D,,,,,,
896878,2022-08-11,INTU,Clatterbuck Michelle M,,0001062993-22-017693,2022-08-09,F,424.0,462.07,3141.0,D,,,,,,
896878,2022-08-11,INTU,Tessel Marianna,,0001062993-22-017695,2022-08-09,M,260.0,0.0,15972.8,D,,,,,,
896878,2022-08-11,INTU,Chriss James Alexander,,0001062993-22-017694,2022-08-09,F,285.0,462.07,2073.8,D,,,,,,
896878,2022-08-11,INTU,Hotz Lauren D,,0001062993-22-017687,2022-08-09,F,14.0,462.07,2051.22,D,,,,,,
896878,2022-08-11,INTU,SMITH BRAD D,,0001062993-22-017683,2022-08-09,F,268.0,462.07,361343.0,D,,,,,,
896878,2022-08-11,INTU,McLean Kerry J,,0001062993-22-017685,2022-08-09,F,123.0,462.07,10907.8,D,,,,,,
896878,2022-08-11,INTU,FENNELL LAURA A,,0001062993-22-017692,2022-08-09,F,368.0,462.07,29855.8,D,,,,,,
896878,2022-08-11,INTU,Clatterbuck Michelle M,,0001062993-22-017693,2022-08-09,M,437.0,0.0,3128.0,D,,,,,,
896878,2022-08-11,INTU,SMITH BRAD D,,0001062993-22-017683,2022-08-09,M,704.0,0.0,361611.0,D,,,,,,
896878,2022-08-29,INTU,Chriss James Alexander,,0001062993-22-018824,2022-08-25,S,78.0,458.2446,1995.8,D,,,,,,
896878,2022-08-29,INTU,Clatterbuck Michelle M,,0001062993-22-018826,2022-08-25,S,120.0,458.2695,3021.0,D,,,,,,
896878,2022-08-29,INTU,Goodarzi Sasan K,,0001062993-22-018828,2022-08-25,S,510.0,458.938,81948.0,D,,,,,,
896878,2022-09-06,INTU,SMITH BRAD D,,0001062993-22-019218,2022-09-01,F,24726.0,425.5,388966.0,D,,,,,,
896878,2022-09-06,INTU,SMITH BRAD D,,0001062993-22-019218,2022-09-01,M,52349.0,0.0,413692.0,D,,,,,,
896878,2022-09-06,INTU,FENNELL LAURA A,,0001062993-22-019224,2022-09-01,M,12872.0,0.0,42727.8,D,,,,,,
896878,2022-09-06,INTU,Krishna Varun,,0001062993-22-019217,2022-09-01,M,2760.0,0.0,3745.0,D,,,,,,
896878,2022-09-06,INTU,Goodarzi Sasan K,,0001062993-22-019223,2022-09-01,F,1368.0,425.5,60208.0,D,,,,,,
896878,2022-09-06,INTU,Tessel Marianna,,0001062993-22-019209,2022-09-01,F,8560.0,425.5,24682.8,D,,,,,,
896878,2022-09-06,INTU,Chriss James Alexander,,0001062993-22-019207,2022-09-01,F,8560.0,425.5,9704.8,D,,,,,,
896878,2022-09-06,INTU,Clatterbuck Michelle M,,0001062993-22-019213,2022-09-01,F,6659.0,425.5,8118.0,D,,,,,,
896878,2022-09-06,INTU,Krishna Varun,,0001062993-22-019217,2022-09-01,F,1302.0,425.5,2443.0,D,,,,,,
896878,2022-09-06,INTU,Goodarzi Sasan K,,0001062993-22-019223,2022-09-01,M,1368.0,0.0,61576.0,D,,,,,,
896878,2022-09-06,INTU,Chriss James Alexander,,0001062993-22-019207,2022-09-01,M,17262.0,0.0,18264.8,D,,,,,,
896878,2022-09-06,INTU,McLean Kerry J,,0001062993-22-019211,2022-09-01,F,3084.0,425.5,14258.8,D,,,,,,
896878,2022-09-06,INTU,McLean Kerry J,,0001062993-22-019211,2022-09-01,M,6435.0,0.0,17342.8,D,,,,,,
896878,2022-09-06,INTU,Clatterbuck Michelle M,,0001062993-22-019213,2022-09-01,M,13427.0,0.0,14777.0,D,,,,,,
896878,2022-09-06,INTU,FENNELL LAURA A,,0001062993-22-019224,2022-09-01,F,6168.0,425.5,36559.8,D,,,,,,
896878,2022-09-06,INTU,Tessel Marianna,,0001062993-22-019209,2022-09-01,M,17262.0,0.0,33242.8,D,,,,,,
896878,2022-09-07,INTU,Chriss James Alexander,,0001062993-22-019272,2022-09-02,S,470.0,424.8793,9234.8,D,,,,,,
896878,2022-09-13,INTU,Krishna Varun,,0001062993-22-019505,2022-09-09,S,2452.0,451.5012,0.0,D,,,,,,
896878,2022-09-13,INTU,Clatterbuck Michelle M,,0001062993-22-019503,2022-09-09,S,6768.0,450.0,1350.0,D,,,,,,
896878,2022-09-13,INTU,Krishna Varun,,0001062993-22-019505,2022-09-09,M,2377.0,281.6,2377.0,D,,,,,,
896878,2022-10-04,INTU,Tessel Marianna,,0001062993-22-020436,2022-10-01,F,654.0,387.32,25343.799,D,,,,,,
896878,2022-10-04,INTU,Tessel Marianna,,0001062993-22-020436,2022-10-01,M,499.0,0.0,25181.799,D,,,,,,
896878,2022-10-04,INTU,SMITH BRAD D,,0001062993-22-020437,2022-10-01,M,1223.0,0.0,399651.0,D,,,,,,
896878,2022-10-04,INTU,Goodarzi Sasan K,,0001062993-22-020438,2022-10-01,F,958.0,387.32,61144.0,D,,,,,,
896878,2022-10-04,INTU,Goodarzi Sasan K,,0001062993-22-020438,2022-10-01,M,887.0,0.0,61095.0,D,,,,,,
896878,2022-10-04,INTU,McLean Kerry J,,0001062993-22-020435,2022-10-01,M,191.0,0.0,14449.799,D,,,,,,
896878,2022-10-04,INTU,Clatterbuck Michelle M,,0001062993-22-020431,2022-10-01,F,537.0,387.32,1894.0,D,,,,,,
896878,2022-10-04,INTU,Hotz Lauren D,,0001062993-22-020433,2022-10-01,F,85.0,387.32,2231.839,D,,,,,,
896878,2022-10-04,INTU,Krishna Varun,,0001062993-22-020434,2022-10-01,M,80.0,0.0,80.0,D,,,,,,
896878,2022-10-04,INTU,SMITH BRAD D,,0001062993-22-020437,2022-10-01,F,941.0,387.32,400230.0,D,,,,,,
896878,2022-10-04,INTU,Chriss James Alexander,,0001062993-22-020430,2022-10-01,F,590.0,387.32,1598.799,D,,,,,,
896878,2022-10-04,INTU,McLean Kerry J,,0001062993-22-020435,2022-10-01,F,312.0,387.32,14573.799,D,,,,,,
896878,2022-10-04,INTU,FENNELL LAURA A,,0001062993-22-020432,2022-10-01,F,510.0,387.32,37075.799,D,,,,,,
896878,2022-10-04,INTU,Chriss James Alexander,,0001062993-22-020430,2022-10-01,M,499.0,0.0,1501.799,D,,,,,,
896878,2022-10-04,INTU,Clatterbuck Michelle M,,0001062993-22-020431,2022-10-01,M,388.0,0.0,1738.0,D,,,,,,
896878,2022-10-04,INTU,Hotz Lauren D,,0001062993-22-020433,2022-10-01,M,67.0,0.0,2127.839,D,,,,,,
896878,2022-10-04,INTU,Krishna Varun,,0001062993-22-020434,2022-10-01,F,116.0,387.32,115.0,D,,,,,,
896878,2022-10-04,INTU,FENNELL LAURA A,,0001062993-22-020432,2022-10-01,M,388.0,0.0,36947.799,D,,,,,,
896878,2022-11-03,INTU,Tessel Marianna,,0001062993-22-021484,2022-11-01,F,200.0,394.77,25545.8,D,,,,,,
896878,2022-11-03,INTU,Chriss James Alexander,,0001062993-22-021483,2022-11-01,M,576.0,0.0,2174.8,D,,,,,,
896878,2022-11-03,INTU,Chriss James Alexander,,0001062993-22-021483,2022-11-01,F,286.0,394.77,1888.8,D,,,,,,
896878,2022-11-03,INTU,Tessel Marianna,,0001062993-22-021484,2022-11-01,M,402.0,0.0,25745.8,D,,,,,,
896878,2022-12-05,INTU,Hotz Lauren D,,0001062993-22-023269,2022-12-01,M,387.0,0.0,2600.839,D,,,,,,
896878,2022-12-05,INTU,Chriss James Alexander,,0001062993-22-023270,2022-12-01,S,722.0,407.89,1166.799,D,,,,,,
896878,2022-12-05,INTU,Clatterbuck Michelle M,,0001062993-22-023271,2022-12-01,S,544.0,410.0,1350.0,D,,,,,,
896878,2022-12-05,INTU,Hotz Lauren D,,0001062993-22-023269,2022-12-01,S,400.0,416.0085,2066.839,D,,,,,,
896878,2022-12-05,INTU,Hotz Lauren D,,0001062993-22-023269,2022-12-01,F,134.0,416.07,2466.839,D,,,,,,
896878,2022-12-15,INTU,McLean Kerry J,,0001062993-22-023939,2022-12-14,S,9000.0,428.0,14573.799,D,,,,,,
896878,2022-12-15,INTU,McLean Kerry J,,0001062993-22-023939,2022-12-14,M,9000.0,135.35,23573.799,D,,,,,,
896878,2022-12-20,INTU,McLean Kerry J,,0001062993-22-024232,2022-12-16,M,192.0,0.0,14765.799,D,,,,,,
896878,2022-12-20,INTU,McLean Kerry J,,0001062993-22-024232,2022-12-16,F,320.0,384.98,14573.799,D,,,,,,
896878,2022-12-20,INTU,FENNELL LAURA A,,0001062993-22-024231,2022-12-16,M,288.0,0.0,37363.799,D,,,,,,
896878,2022-12-20,INTU,FENNELL LAURA A,,0001062993-22-024231,2022-12-16,F,492.0,384.98,37075.799,D,,,,,,
896878,2023-01-04,INTU,Hotz Lauren D,,0001062993-23-000245,2022-12-31,F,85.0,389.22,2225.194,D,,,,,,
896878,2023-01-04,INTU,Goodarzi Sasan K,,0001062993-23-000248,2022-12-31,M,888.0,0.0,62032.0,D,,,,,,
896878,2023-01-04,INTU,Goodarzi Sasan K,,0001062993-23-000248,2022-12-31,F,957.0,389.22,62083.0,D,,,,,,
896878,2023-01-04,INTU,SMITH BRAD D,,0001062993-23-000246,2022-12-31,F,941.0,389.22,402032.0,D,,,,,,
896878,2023-01-04,INTU,SMITH BRAD D,,0001062993-23-000246,2022-12-31,M,1223.0,0.0,401453.0,D,,,,,,
896878,2023-01-04,INTU,FENNELL LAURA A,,0001062993-23-000241,2022-12-31,M,389.0,0.0,37464.799,D,,,,,,
896878,2023-01-04,INTU,McLean Kerry J,,0001062993-23-000244,2022-12-31,M,190.0,0.0,14763.799,D,,,,,,
896878,2023-01-04,INTU,McLean Kerry J,,0001062993-23-000244,2022-12-31,F,554.0,389.22,15132.799,D,,,,,,
896878,2023-01-04,INTU,Hotz Lauren D,,0001062993-23-000245,2022-12-31,M,66.0,0.0,2136.194,D,,,,,,
896878,2023-01-04,INTU,FENNELL LAURA A,,0001062993-23-000241,2022-12-31,F,942.0,389.22,38031.799,D,,,,,,
896878,2023-01-04,INTU,Krishna Varun,,0001062993-23-000231,2022-12-31,M,80.0,0.0,195.0,D,,,,,,
896878,2023-01-04,INTU,Chriss James Alexander,,0001062993-23-000212,2022-12-31,M,500.0,0.0,843.799,D,,,,,,
896878,2023-01-04,INTU,Chriss James Alexander,,0001062993-23-000212,2022-12-31,F,590.0,389.22,940.799,D,,,,,,
896878,2023-01-04,INTU,Clatterbuck Michelle M,,0001062993-23-000228,2022-12-31,F,538.0,389.22,1895.0,D,,,,,,
896878,2023-01-04,INTU,Krishna Varun,,0001062993-23-000231,2022-12-31,F,116.0,389.22,230.0,D,,,,,,
896878,2023-01-04,INTU,Tessel Marianna,,0001062993-23-000234,2022-12-31,F,653.0,389.22,26207.799,D,,,,,,
896878,2023-01-04,INTU,Clatterbuck Michelle M,,0001062993-23-000228,2022-12-31,M,389.0,0.0,1739.0,D,,,,,,
896878,2023-01-04,INTU,Tessel Marianna,,0001062993-23-000234,2022-12-31,M,500.0,0.0,26045.799,D,,,,,,
896878,2023-01-10,INTU,Chriss James Alexander,,0001062993-23-000765,2023-01-09,S,597.0,400.0,343.799,D,,,,,,
896878,2023-01-20,INTU,SMITH BRAD D,,0001062993-23-001225,2023-01-18,M,2563.0,0.0,404595.0,D,,,,,,
896878,2023-01-20,INTU,WEINER JEFF,,0001062993-23-001172,2023-01-18,M,1550.0,0.0,25839.0,D,,,,,,
896878,2023-01-20,INTU,POWELL DENNIS D,,0001062993-23-001171,2023-01-18,M,1550.0,0.0,8004.0,D,,,,,,
896878,2023-01-23,INTU,Vazquez Raul,,0001062993-23-001268,2023-01-19,M,1550.0,0.0,3569.0,D,,,,,,
896878,2023-01-23,INTU,DALZELL RICHARD L,,0001062993-23-001265,2023-01-19,M,1550.0,0.0,9383.0,D,,,,,,
896878,2023-01-23,INTU,NORA JOHNSON SUZANNE M,,0001062993-23-001267,2023-01-19,M,1550.0,0.0,37378.0,D,,,,,,
896878,2023-01-23,INTU,SZKUTAK THOMAS J,,0001062993-23-001266,2023-01-19,M,1550.0,0.0,1550.0,D,,,,,,
896878,2023-01-24,INTU,Burton Eve B,,0001062993-23-001300,2023-01-22,M,961.0,0.0,961.0,D,,,,,,
896878,2023-01-24,INTU,DALZELL RICHARD L,,0001062993-23-001299,2023-01-22,M,2777.0,0.0,12320.0,D,,,,,,
896878,2023-02-03,INTU,Chriss James Alexander,,0001062993-23-002086,2023-02-01,F,314.0,435.55,605.799,D,,,,,,
896878,2023-02-03,INTU,Chriss James Alexander,,0001062993-23-002086,2023-02-01,M,576.0,0.0,919.799,D,,,,,,
896878,2023-02-03,INTU,Tessel Marianna,,0001062993-23-002087,2023-02-01,M,402.0,0.0,26609.799,D,,,,,,
896878,2023-02-03,INTU,Tessel Marianna,,0001062993-23-002087,2023-02-01,F,152.0,435.55,26457.799,D,,,,,,
896878,2023-02-28,INTU,Clatterbuck Michelle M,,0001062993-23-005177,2023-02-27,S,545.0,421.38,1350.0,D,,,,,,
896878,2023-02-28,INTU,Chriss James Alexander,,0001062993-23-005175,2023-02-27,S,262.0,421.38,343.799,D,,,,,,
896878,2023-03-02,INTU,Hotz Lauren D,,0001062993-23-005640,2023-03-01,M,96.0,0.0,2321.194,D,,,,,,
896878,2023-03-02,INTU,Hotz Lauren D,,0001062993-23-005640,2023-03-01,F,40.0,401.27,2281.194,D,,,,,,
896878,2023-03-06,INTU,Tessel Marianna,,0001062993-23-006106,2023-03-03,S,1744.0,407.3578,26457.799,D,,,,,,
896878,2023-03-06,INTU,Tessel Marianna,,0001062993-23-006106,2023-03-03,M,1744.0,140.21,28201.799,D,,,,,,
896878,2023-03-08,INTU,Hotz Lauren D,,0001062993-23-006312,2023-03-07,S,500.0,413.16,1781.194,D,,,,,,
896878,2023-03-08,INTU,Burton Eve B,,0001062993-23-006313,2023-03-07,S,4539.0,412.5681,0.0,D,,,,,,
896878,2023-04-04,INTU,Chriss James Alexander,,0001062993-23-008407,2023-04-01,M,499.0,0.0,907.7376,D,,,,,,
896878,2023-04-04,INTU,Tessel Marianna,,0001062993-23-008422,2023-04-01,M,499.0,0.0,27021.7376,D,,,,,,
896878,2023-04-04,INTU,Krishna Varun,,0001062993-23-008420,2023-04-01,F,80.0,445.83,382.0,D,,,,,,
896878,2023-04-04,INTU,Chriss James Alexander,,0001062993-23-008407,2023-04-01,F,622.0,445.83,971.7376,D,,,,,,
896878,2023-04-04,INTU,McLean Kerry J,,0001062993-23-008421,2023-04-01,M,190.0,0.0,15377.1006,D,,,,,,
896878,2023-04-04,INTU,McLean Kerry J,,0001062993-23-008421,2023-04-01,F,302.0,445.83,15754.1006,D,,,,,,
896878,2023-04-04,INTU,Goodarzi Sasan K,,0001062993-23-008413,2023-04-01,F,670.0,445.83,63302.0,D,,,,,,
896878,2023-04-04,INTU,Tessel Marianna,,0001062993-23-008422,2023-04-01,F,537.0,445.83,27299.7376,D,,,,,,
896878,2023-04-04,INTU,FENNELL LAURA A,,0001062993-23-008412,2023-04-01,M,388.0,0.0,38483.1506,D,,,,,,
896878,2023-04-04,INTU,Hotz Lauren D,,0001062993-23-008419,2023-04-01,M,67.0,0.0,1852.2252,D,,,,,,
896878,2023-04-04,INTU,Goodarzi Sasan K,,0001062993-23-008413,2023-04-01,M,888.0,0.0,62971.0,D,,,,,,
896878,2023-04-04,INTU,Clatterbuck Michelle M,,0001062993-23-008411,2023-04-01,M,388.0,0.0,1738.0,D,,,,,,
896878,2023-04-04,INTU,Hotz Lauren D,,0001062993-23-008419,2023-04-01,F,85.0,445.83,1939.2252,D,,,,,,
896878,2023-04-04,INTU,FENNELL LAURA A,,0001062993-23-008412,2023-04-01,F,507.0,445.83,39049.1506,D,,,,,,
896878,2023-04-04,INTU,Clatterbuck Michelle M,,0001062993-23-008411,2023-04-01,F,375.0,445.83,2056.0,D,,,,,,
896878,2023-04-04,INTU,Krishna Varun,,0001062993-23-008420,2023-04-01,M,80.0,0.0,310.0,D,,,,,,
896878,2023-05-08,INTU,DALZELL RICHARD L,,0001209191-23-028011,2023-05-04,M,141.0,0.0,13609.0,D,,,,,,
896878,2023-05-08,INTU,SZKUTAK THOMAS J,,0001209191-23-028015,2023-05-04,M,112.0,0.0,1788.0,D,,,,,,
896878,2023-05-30,INTU,Chriss James Alexander,,0001062993-23-012419,2023-05-25,S,563.0,418.4,408.7376,D,,,,,,
896878,2023-05-30,INTU,Clatterbuck Michelle M,,0001062993-23-012420,2023-05-25,S,706.0,418.4,1350.0,D,,,,,,
896878,2023-06-05,INTU,Hotz Lauren D,,0001062993-23-012871,2023-06-01,F,34.0,422.12,2002.2252,D,,,,,,
896878,2023-06-05,INTU,Hotz Lauren D,,0001062993-23-012871,2023-06-01,M,97.0,0.0,2036.2252,D,,,,,,
896878,2023-07-03,INTU,Clatterbuck Michelle M,,0001062993-23-014315,2023-07-01,F,1066.0,458.19,2762.0,D,,,,,,
896878,2023-07-03,INTU,Hotz Lauren D,,0001062993-23-014321,2023-07-01,F,289.0,458.19,2540.4062,D,,,,,,
896878,2023-07-03,INTU,McLean Kerry J,,0001062993-23-014318,2023-07-01,F,303.0,458.19,16330.8936,D,,,,,,
896878,2023-07-03,INTU,Goodarzi Sasan K,,0001062993-23-014320,2023-07-01,M,888.0,0.0,64190.0,D,,,,,,
896878,2023-07-03,INTU,Hotz Lauren D,,0001062993-23-014321,2023-07-01,M,67.0,0.0,2072.4062,D,,,,,,
896878,2023-07-03,INTU,Chriss James Alexander,,0001062993-23-014314,2023-07-01,M,500.0,0.0,908.7376,D,,,,,,
896878,2023-07-03,INTU,Clatterbuck Michelle M,,0001062993-23-014315,2023-07-01,M,389.0,0.0,1739.0,D,,,,,,
896878,2023-07-03,INTU,Tessel Marianna,,0001062993-23-014319,2023-07-01,M,500.0,0.0,27799.7376,D,,,,,,
896878,2023-07-03,INTU,Krishna Varun,,0001062993-23-014317,2023-07-01,M,80.0,0.0,462.0,D,,,,,,
896878,2023-07-03,INTU,FENNELL LAURA A,,0001062993-23-014316,2023-07-01,F,618.0,458.19,39895.6116,D,,,,,,
896878,2023-07-03,INTU,Goodarzi Sasan K,,0001062993-23-014320,2023-07-01,F,2308.0,458.19,65663.0,D,,,,,,
896878,2023-07-03,INTU,Chriss James Alexander,,0001062993-23-014314,2023-07-01,F,1535.0,458.19,1802.7376,D,,,,,,
896878,2023-07-03,INTU,FENNELL LAURA A,,0001062993-23-014316,2023-07-01,M,389.0,0.0,39439.6116,D,,,,,,
896878,2023-07-03,INTU,Krishna Varun,,0001062993-23-014317,2023-07-01,F,612.0,458.19,1534.0,D,,,,,,
896878,2023-07-03,INTU,McLean Kerry J,,0001062993-23-014318,2023-07-01,M,191.0,0.0,15954.8936,D,,,,,,
896878,2023-07-03,INTU,Tessel Marianna,,0001062993-23-014319,2023-07-01,F,1518.0,458.19,28839.7376,D,,,,,,
896878,2023-07-05,INTU,Clatterbuck Michelle M,,0001062993-23-014545,2023-07-03,S,1412.0,452.74,1350.0,D,,,,,,
896878,2023-07-05,INTU,Chriss James Alexander,,0001062993-23-014544,2023-07-03,S,1394.0,452.74,408.7376,D,,,,,,
896878,2023-07-05,INTU,FENNELL LAURA A,,0001062993-23-014547,2023-07-03,S,7895.0,449.8663,85741.6116,D,,,,,,
896878,2023-07-05,INTU,FENNELL LAURA A,,0001062993-23-014547,2023-07-03,M,53741.0,135.35,93636.6116,D,,,,,,
896878,2023-07-31,INTU,SZKUTAK THOMAS J,,0001062993-23-015531,2023-07-27,M,100.0,0.0,1888.0,D,,,,,,
896878,2023-07-31,INTU,DALZELL RICHARD L,,0001062993-23-015528,2023-07-27,M,126.0,0.0,13735.0,D,,,,,,
896878,2023-08-15,INTU,Tessel Marianna,,0001062993-23-016568,2023-08-14,M,344.0,0.0,29183.7376,D,,,,,,
896878,2023-08-15,INTU,Hotz Lauren D,,0001062993-23-016565,2023-08-14,F,14.0,505.8,2564.4062,D,,,,,,
896878,2023-08-15,INTU,McLean Kerry J,,0001062993-23-016567,2023-08-14,F,127.0,505.8,16468.8936,D,,,,,,
896878,2023-08-15,INTU,Hotz Lauren D,,0001062993-23-016565,2023-08-14,M,19.0,0.0,2559.4062,D,,,,,,
896878,2023-08-15,INTU,Tessel Marianna,,0001062993-23-016568,2023-08-14,F,356.0,505.8,29171.7376,D,,,,,,
896878,2023-08-15,INTU,McLean Kerry J,,0001062993-23-016567,2023-08-14,M,136.0,0.0,16466.8936,D,,,,,,
896878,2023-08-15,INTU,Chriss James Alexander,,0001062993-23-016563,2023-08-14,F,354.0,505.8,742.7376,D,,,,,,
896878,2023-08-15,INTU,Chriss James Alexander,,0001062993-23-016563,2023-08-14,M,344.0,0.0,752.7376,D,,,,,,
896878,2023-08-15,INTU,Aujla Sandeep,,0001062993-23-016562,2023-08-14,F,197.0,505.8,339.404,D,,,,,,
896878,2023-08-15,INTU,FENNELL LAURA A,,0001062993-23-016564,2023-08-14,F,321.0,505.8,40248.6116,D,,,,,,
896878,2023-08-15,INTU,Aujla Sandeep,,0001062993-23-016562,2023-08-14,M,202.0,0.0,334.404,D,,,,,,
896878,2023-08-15,INTU,FENNELL LAURA A,,0001062993-23-016564,2023-08-14,M,344.0,0.0,40239.6116,D,,,,,,
896878,2023-08-30,INTU,Notarainni Mark P.,,0001062993-23-017294,2023-08-28,M,616.0,216.64,1600.0,D,,,,,,
896878,2023-08-30,INTU,Notarainni Mark P.,,0001062993-23-017294,2023-08-28,S,50.0,514.52,1907.0,D,,,,,,
896878,2023-08-30,INTU,Tessel Marianna,,0001062993-23-017295,2023-08-29,M,6978.0,140.21,35817.7376,D,,,,,,
896878,2023-08-30,INTU,Tessel Marianna,,0001062993-23-017295,2023-08-29,S,332.0,530.6521,28839.7376,D,,,,,,
896878,2023-08-30,INTU,Aujla Sandeep,,0001062993-23-017292,2023-08-28,S,104.0,519.05,235.404,D,,,,,,
896878,2023-08-30,INTU,Chriss James Alexander,,0001062993-23-017293,2023-08-28,S,334.0,519.05,408.7376,D,,,,,,
896878,2023-08-30,INTU,Aujla Sandeep,,0001062993-23-017292,2023-08-29,S,10732.0,531.0103,235.404,D,,,,,,
896878,2023-08-30,INTU,Aujla Sandeep,,0001062993-23-017292,2023-08-29,M,5010.0,303.94,5245.404,D,,,,,,
896878,2023-09-06,INTU,McLean Kerry J,,0001062993-23-017693,2023-09-01,M,11610.0,0.0,28078.8936,D,,,,,,
896878,2023-09-06,INTU,McLean Kerry J,,0001062993-23-017693,2023-09-01,F,6052.0,549.6,22026.8936,D,,,,,,
896878,2023-09-06,INTU,Notarainni Mark P.,,0001062993-23-017695,2023-09-01,F,7274.0,549.6,8143.0,D,,,,,,
896878,2023-09-06,INTU,Hotz Lauren D,,0001062993-23-017698,2023-09-01,F,56.0,549.6,2604.4062,D,,,,,,
896878,2023-09-06,INTU,Tessel Marianna,,0001062993-23-017696,2023-09-01,F,10819.0,549.6,40872.7376,D,,,,,,
896878,2023-09-06,INTU,Notarainni Mark P.,,0001062993-23-017695,2023-09-01,M,14433.0,0.0,15417.0,D,,,,,,
896878,2023-09-06,INTU,Tessel Marianna,,0001062993-23-017696,2023-09-01,M,22852.0,0.0,51691.7376,D,,,,,,
896878,2023-09-06,INTU,Hotz Lauren D,,0001062993-23-017698,2023-09-01,M,96.0,0.0,2660.4062,D,,,,,,
896878,2023-09-06,INTU,Goodarzi Sasan K,,0001062993-23-017688,2023-09-01,M,29322.0,0.0,94985.0,D,,,,,,
896878,2023-09-06,INTU,Goodarzi Sasan K,,0001062993-23-017688,2023-09-01,F,15471.0,549.6,79514.0,D,,,,,,
896878,2023-09-06,INTU,Aujla Sandeep,,0001062993-23-017689,2023-09-01,F,2407.0,549.6,2778.404,D,,,,,,
896878,2023-09-06,INTU,Aujla Sandeep,,0001062993-23-017689,2023-09-01,M,140.0,0.0,375.404,D,,,,,,
896878,2023-09-06,INTU,FENNELL LAURA A,,0001062993-23-017691,2023-09-01,F,9080.0,549.6,48585.6116,D,,,,,,
896878,2023-09-06,INTU,Chriss James Alexander,,0001062993-23-017690,2023-09-01,F,8022.0,549.6,9223.7376,D,,,,,,
896878,2023-09-06,INTU,Chriss James Alexander,,0001062993-23-017690,2023-09-01,M,16837.0,0.0,17245.7376,D,,,,,,
896878,2023-09-06,INTU,FENNELL LAURA A,,0001062993-23-017691,2023-09-01,M,17417.0,0.0,57665.6116,D,,,,,,
896878,2023-09-07,INTU,Aujla Sandeep,,0001062993-23-017808,2023-09-05,S,1206.0,548.64,1572.404,D,,,,,,
896878,2023-09-07,INTU,Aujla Sandeep,,0001062993-23-017808,2023-09-06,S,1167.0,546.4227,405.404,D,,,,,,
896878,2023-09-07,INTU,Hotz Lauren D,,0001062993-23-017810,2023-09-06,S,550.0,549.42,2054.4062,D,,,,,,
896878,2023-09-07,INTU,Notarainni Mark P.,,0001062993-23-017812,2023-09-05,S,1200.0,546.3039,6943.0,D,,,,,,
896878,2023-09-07,INTU,Chriss James Alexander,,0001062993-23-017809,2023-09-05,S,1400.0,546.3192,7823.7376,D,,,,,,
896878,2023-09-07,INTU,McLean Kerry J,,0001062993-23-017811,2023-09-05,M,10237.0,135.35,32263.8936,D,,,,,,
896878,2023-09-07,INTU,McLean Kerry J,,0001062993-23-017811,2023-09-05,S,8452.0,550.8776,23811.8936,D,,,,,,
896878,2023-09-13,INTU,Tessel Marianna,,0001062993-23-017985,2023-09-11,S,8702.0,552.63,32170.7376,D,,,,,,
896878,2023-10-03,INTU,Goodarzi Sasan K,,0001062993-23-018754,2023-10-01,F,1265.0,510.94,80795.0,D,,,,,,
896878,2023-10-03,INTU,Tessel Marianna,,0001062993-23-018757,2023-10-01,M,488.0,0.0,32658.7376,D,,,,,,
896878,2023-10-03,INTU,Tessel Marianna,,0001062993-23-018757,2023-10-01,F,660.0,510.94,32760.7376,D,,,,,,
896878,2023-10-03,INTU,McLean Kerry J,,0001062993-23-018755,2023-10-01,F,338.0,510.94,22368.8936,D,,,,,,
896878,2023-10-03,INTU,Balazs Alex G.,,0001062993-23-018752,2023-10-01,F,213.0,510.94,3962.03,D,,,,,,
896878,2023-10-03,INTU,Goodarzi Sasan K,,0001062993-23-018754,2023-10-01,M,847.0,0.0,80361.0,D,,,,,,
896878,2023-10-03,INTU,Balazs Alex G.,,0001062993-23-018752,2023-10-01,M,103.0,0.0,3877.063,D,,,,,,
896878,2023-10-03,INTU,Aujla Sandeep,,0001062993-23-018751,2023-10-01,F,1468.0,510.94,1794.404,D,,,,,,
896878,2023-10-03,INTU,McLean Kerry J,,0001062993-23-018755,2023-10-01,M,257.0,0.0,22283.8936,D,,,,,,
896878,2023-10-03,INTU,Aujla Sandeep,,0001062993-23-018751,2023-10-01,M,103.0,0.0,508.404,D,,,,,,
896878,2023-10-03,INTU,Notarainni Mark P.,,0001062993-23-018756,2023-10-01,F,355.0,510.94,1227.0,D,,,,,,
896878,2023-10-03,INTU,Notarainni Mark P.,,0001062993-23-018756,2023-10-01,M,308.0,0.0,1177.0,D,,,,,,
896878,2023-10-03,INTU,FENNELL LAURA A,,0001062993-23-018753,2023-10-01,F,534.0,510.94,49125.6116,D,,,,,,
896878,2023-10-03,INTU,Balazs Alex G.,,0001062993-23-018752,2023-09-29,S,2307.0,523.58,3774.063,D,,,,,,
896878,2023-10-03,INTU,FENNELL LAURA A,,0001062993-23-018753,2023-10-01,M,385.0,0.0,48970.6116,D,,,,,,
896878,2023-10-04,INTU,Notarainni Mark P.,,0001062993-23-019023,2023-10-03,S,358.0,511.29,869.0,D,,,,,,
896878,2023-10-04,INTU,Aujla Sandeep,,0001062993-23-019022,2023-10-03,S,696.0,511.29,1098.404,D,,,,,,
896878,2023-10-04,INTU,Hotz Lauren D,,0001062993-23-018954,2023-10-01,F,160.0,510.94,2224.9502,D,,,,,,
896878,2023-10-04,INTU,Hotz Lauren D,,0001062993-23-018954,2023-10-01,M,61.0,0.0,2129.9502,D,,,,,,
896878,2023-10-06,INTU,Vazquez Raul,,0001062993-23-019115,2023-10-05,S,1938.0,516.521,1631.0,D,,,,,,
896878,2023-11-01,INTU,SZKUTAK THOMAS J,,0001062993-23-020004,2023-11-01,M,100.0,0.0,1988.0,D,,,,,,
896878,2023-11-01,INTU,DALZELL RICHARD L,,0001062993-23-020003,2023-11-01,M,126.0,0.0,13861.0,D,,,,,,
896878,2023-12-05,INTU,Aujla Sandeep,,0001062993-23-021905,2023-12-01,F,72.0,574.32,1166.404,D,,,,,,
896878,2023-12-05,INTU,Hotz Lauren D,,0001062993-23-021910,2023-12-01,F,49.0,574.32,2272.9502,D,,,,,,
896878,2023-12-05,INTU,Balazs Alex G.,,0001062993-23-021908,2023-12-01,F,45.0,574.32,4001.063,D,,,,,,
896878,2023-12-05,INTU,Balazs Alex G.,,0001062993-23-021908,2023-12-01,M,84.0,0.0,4046.063,D,,,,,,
896878,2023-12-05,INTU,Aujla Sandeep,,0001062993-23-021905,2023-12-01,M,140.0,0.0,1238.404,D,,,,,,
896878,2023-12-05,INTU,Hotz Lauren D,,0001062993-23-021910,2023-12-01,M,97.0,0.0,2321.9502,D,,,,,,
896878,2023-12-05,INTU,Aujla Sandeep,,0001062993-23-021905,2023-12-04,S,34.0,568.62,1132.404,D,,,,,,
896878,2023-12-08,INTU,Goodarzi Sasan K,,0001062993-23-022248,2023-12-06,M,78170.0,135.35,158965.0,D,,,,,,
896878,2023-12-08,INTU,Goodarzi Sasan K,,0001062993-23-022248,2023-12-06,S,10521.0,566.284,148444.0,D,,,,,,
896878,2023-12-12,INTU,FENNELL LAURA A,,0001062993-23-022420,2023-12-08,M,106.0,0.0,49231.6116,D,,,,,,
896878,2023-12-12,INTU,McLean Kerry J,,0001062993-23-022421,2023-12-08,M,75.0,0.0,22443.8936,D,,,,,,
896878,2023-12-12,INTU,McLean Kerry J,,0001062993-23-022421,2023-12-08,F,228.0,573.9,22368.8936,D,,,,,,
896878,2023-12-12,INTU,Goodarzi Sasan K,,0001062993-23-022419,2023-12-08,M,692.0,0.0,66016.0,D,,,,,,
896878,2023-12-12,INTU,Goodarzi Sasan K,,0001062993-23-022419,2023-12-08,F,1374.0,573.9,65324.0,D,,,,,,
896878,2023-12-12,INTU,FENNELL LAURA A,,0001062993-23-022420,2023-12-08,F,370.0,573.9,49125.6116,D,,,,,,
896878,2023-12-20,INTU,Aujla Sandeep,,0001062993-23-022983,2023-12-20,G,350.0,0.0,782.404,D,,,,,,
896878,2023-12-22,INTU,Vazquez Raul,,0001209191-23-059632,2023-12-22,S,1631.0,622.917,0.0,D,,,,,,
896878,2024-01-02,INTU,Aujla Sandeep,,0001062993-24-000069,2024-01-01,M,2665.0,0.0,3540.404,D,,,,,,
896878,2024-01-02,INTU,Goodarzi Sasan K,,0001062993-24-000077,2023-12-31,F,1338.0,625.03,66607.0,D,,,,,,
896878,2024-01-02,INTU,FENNELL LAURA A,,0001062993-24-000071,2023-12-31,M,386.0,0.0,49511.6116,D,,,,,,
896878,2024-01-02,INTU,Tessel Marianna,,0001062993-24-000075,2023-12-31,M,489.0,0.0,33249.7376,D,,,,,,
896878,2024-01-02,INTU,FENNELL LAURA A,,0001062993-24-000071,2023-12-31,F,893.0,625.03,50029.6116,D,,,,,,
896878,2024-01-02,INTU,Goodarzi Sasan K,,0001062993-24-000077,2023-12-31,M,848.0,0.0,66172.0,D,,,,,,
896878,2024-01-02,INTU,Notarainni Mark P.,,0001062993-24-000074,2023-12-31,M,309.0,0.0,1178.0,D,,,,,,
896878,2024-01-02,INTU,Balazs Alex G.,,0001062993-24-000070,2023-12-31,F,213.0,625.03,4189.063,D,,,,,,
896878,2024-01-02,INTU,Aujla Sandeep,,0001062993-24-000069,2024-01-01,F,1273.0,625.03,2267.404,D,,,,,,
896878,2024-01-02,INTU,Hotz Lauren D,,0001062993-24-000072,2023-12-31,M,62.0,0.0,2337.9992,D,,,,,,
896878,2024-01-02,INTU,Hotz Lauren D,,0001062993-24-000072,2023-12-31,F,161.0,625.03,2434.9992,D,,,,,,
896878,2024-01-02,INTU,Balazs Alex G.,,0001062993-24-000070,2023-12-31,M,103.0,0.0,4104.063,D,,,,,,
896878,2024-01-02,INTU,Tessel Marianna,,0001062993-24-000075,2023-12-31,F,661.0,625.03,33350.7376,D,,,,,,
896878,2024-01-02,INTU,McLean Kerry J,,0001062993-24-000073,2023-12-31,F,573.0,625.03,22947.8936,D,,,,,,
896878,2024-01-02,INTU,Notarainni Mark P.,,0001062993-24-000074,2023-12-31,F,356.0,625.03,1226.0,D,,,,,,
896878,2024-01-02,INTU,Aujla Sandeep,,0001062993-24-000069,2023-12-31,M,103.0,0.0,885.404,D,,,,,,
896878,2024-01-02,INTU,McLean Kerry J,,0001062993-24-000073,2023-12-31,M,257.0,0.0,22625.8936,D,,,,,,
896878,2024-01-02,INTU,Aujla Sandeep,,0001062993-24-000069,2023-12-31,F,99.0,625.03,875.404,D,,,,,,
896878,2024-01-04,INTU,Aujla Sandeep,,0001062993-24-000507,2024-01-03,M,24.0,597.56,2243.404,D,,,,,,
896878,2024-01-04,INTU,Notarainni Mark P.,,0001062993-24-000508,2024-01-03,M,357.0,597.56,869.0,D,,,,,,
896878,2024-01-09,INTU,FENNELL LAURA A,,0001062993-24-000717,2024-01-05,M,14771.0,216.64,64800.6116,D,,,,,,
896878,2024-01-09,INTU,FENNELL LAURA A,,0001062993-24-000717,2024-01-08,M,14772.0,216.64,64801.6116,D,,,,,,
896878,2024-01-09,INTU,FENNELL LAURA A,,0001062993-24-000717,2024-01-08,S,1902.0,595.1366,62899.6116,D,,,,,,
896878,2024-01-09,INTU,FENNELL LAURA A,,0001062993-24-000717,2024-01-05,S,5298.0,587.8994,59502.6116,D,,,,,,
896878,2024-01-10,INTU,Balazs Alex G.,,0001062993-24-000749,2024-01-09,S,2975.0,599.5161,1214.063,D,,,,,,
896878,2024-01-22,INTU,Liu Deborah,,0001062993-24-001134,2024-01-18,M,1215.0,0.0,2656.0,D,,,,,,
896878,2024-01-22,INTU,NORA JOHNSON SUZANNE M,,0001062993-24-001130,2024-01-18,M,1215.0,0.0,38593.0,D,,,,,,
896878,2024-01-22,INTU,Burton Eve B,,0001062993-24-001132,2024-01-20,M,2220.0,0.0,2220.0,D,,,,,,
896878,2024-01-22,INTU,DALZELL RICHARD L,,0001062993-24-001133,2024-01-18,M,1215.0,0.0,15076.0,D,,,,,,
896878,2024-01-22,INTU,Vazquez Raul,,0001062993-24-001128,2024-01-18,M,1215.0,0.0,1215.0,D,,,,,,
896878,2024-01-22,INTU,SZKUTAK THOMAS J,,0001062993-24-001136,2024-01-18,M,1215.0,0.0,3203.0,D,,,,,,
896878,2024-02-27,INTU,Hotz Lauren D,,0001062993-24-004663,2024-02-26,S,745.0,655.13,3179.9992,D,,,,,,
896878,2024-02-27,INTU,McLean Kerry J,,0001062993-24-004664,2024-02-27,M,3692.0,216.64,26639.8936,D,,,,,,
896878,2024-02-27,INTU,McLean Kerry J,,0001062993-24-004664,2024-02-27,S,3692.0,663.8387,22947.8936,D,,,,,,
896878,2024-03-04,INTU,Hotz Lauren D,,0001062993-24-005275,2024-03-01,M,96.0,0.0,3275.9992,D,,,,,,
896878,2024-03-04,INTU,Balazs Alex G.,,0001062993-24-005274,2024-03-01,F,48.0,666.52,261.063,D,,,,,,
896878,2024-03-04,INTU,Hotz Lauren D,,0001062993-24-005275,2024-03-01,F,40.0,666.52,3235.9992,D,,,,,,
896878,2024-03-04,INTU,Aujla Sandeep,,0001062993-24-005273,2024-03-01,M,140.0,0.0,2383.404,D,,,,,,
896878,2024-03-04,INTU,Balazs Alex G.,,0001062993-24-005274,2024-03-01,M,84.0,0.0,309.063,D,,,,,,
896878,2024-03-04,INTU,Aujla Sandeep,,0001062993-24-005273,2024-03-01,F,72.0,666.52,2311.404,D,,,,,,
896878,2024-03-21,INTU,Balazs Alex G.,,0001062993-24-006939,2024-03-20,S,224.0,636.38,56.092,D,,,,,,
896878,2024-04-02,INTU,Notarainni Mark P.,,0001062993-24-007817,2024-04-01,M,308.0,0.0,1177.0,D,,,,,,
896878,2024-04-02,INTU,Balazs Alex G.,,0001062993-24-007825,2024-04-01,M,103.0,0.0,103.0,D,,,,,,
896878,2024-04-02,INTU,Aujla Sandeep,,0001062993-24-007831,2024-04-01,M,103.0,0.0,2461.132,D,,,,,,
896878,2024-04-02,INTU,Tessel Marianna,,0001062993-24-007820,2024-04-01,M,488.0,0.0,33885.4656,D,,,,,,
896878,2024-04-02,INTU,FENNELL LAURA A,,0001062993-24-007826,2024-04-01,F,714.0,639.84,50789.6856,D,,,,,,
896878,2024-04-02,INTU,Goodarzi Sasan K,,0001062993-24-007861,2024-04-01,F,1085.0,639.84,68133.0,D,,,,,,
896878,2024-04-02,INTU,Hotz Lauren D,,0001062993-24-007830,2024-04-01,M,62.0,0.0,3300.6122,D,,,,,,
896878,2024-04-02,INTU,Hotz Lauren D,,0001062993-24-007830,2024-04-01,F,113.0,639.84,3443.6122,D,,,,,,
896878,2024-04-02,INTU,McLean Kerry J,,0001062993-24-007827,2024-04-01,M,257.0,0.0,23240.4156,D,,,,,,
896878,2024-04-02,INTU,Balazs Alex G.,,0001062993-24-007825,2024-04-01,F,205.0,639.84,196.0,D,,,,,,
896878,2024-04-02,INTU,Notarainni Mark P.,,0001062993-24-007817,2024-04-01,F,248.0,639.84,1334.0,D,,,,,,
896878,2024-04-02,INTU,Aujla Sandeep,,0001062993-24-007831,2024-04-01,F,1468.0,639.84,3747.132,D,,,,,,
896878,2024-04-02,INTU,Goodarzi Sasan K,,0001062993-24-007861,2024-04-01,M,987.0,0.0,67594.0,D,,,,,,
896878,2024-04-02,INTU,FENNELL LAURA A,,0001062993-24-007826,2024-04-01,M,385.0,0.0,50453.6856,D,,,,,,
896878,2024-04-02,INTU,McLean Kerry J,,0001062993-24-007827,2024-04-01,F,456.0,639.84,23442.4156,D,,,,,,
896878,2024-04-02,INTU,Tessel Marianna,,0001062993-24-007820,2024-04-01,F,473.0,639.84,34175.4656,D,,,,,,
896878,2024-05-06,INTU,SZKUTAK THOMAS J,,0001062993-24-009472,2024-05-03,M,100.0,248.86,3419.0,D,,,,,,
896878,2024-05-06,INTU,DALZELL RICHARD L,,0001062993-24-009468,2024-05-03,M,123.0,248.86,15342.0,D,,,,,,
896878,2024-05-29,INTU,Aujla Sandeep,isOfficer,0001415889-24-014813,2024-05-28,S,1415.0,604.58,2332.132,D,,,,,,
896878,2024-05-29,INTU,Notarainni Mark P.,isOfficer,0001415889-24-014815,2024-05-28,S,465.0,604.58,869.0,D,,,,,,
896878,2024-05-30,INTU,COOK SCOTT D,"isDirector,isOfficer",0001415889-24-014954,2024-05-29,S,900.0,593.2,6790569.0,I,,,,,,
896878,2024-05-30,INTU,COOK SCOTT D,"isDirector,isOfficer",0001415889-24-014954,2024-05-28,S,1300.0,593.8721,6865169.0,I,,,,,,
896878,2024-05-31,INTU,COOK SCOTT D,"isDirector,isOfficer",0001415889-24-015097,2024-05-30,S,3216.0,562.9639,6713253.0,I,,,,,,
896878,2024-06-04,INTU,Hotz Lauren D,isOfficer,0001415889-24-015392,2024-06-01,M,97.0,0.0,3540.6122,D,,,,,,
896878,2024-06-04,INTU,Hotz Lauren D,isOfficer,0001415889-24-015392,2024-06-01,F,34.0,576.44,3506.6122,D,,,,,,
896878,2024-06-12,INTU,COOK SCOTT D,"isDirector,isOfficer",0001415889-24-016588,2024-06-12,S,500.0,579.776,6551221.0,I,,,,,,
896878,2024-06-12,INTU,COOK SCOTT D,"isDirector,isOfficer",0001415889-24-016588,2024-06-10,S,10378.0,566.3934,6691343.0,I,,,,,,
896878,2024-06-12,INTU,COOK SCOTT D,"isDirector,isOfficer",0001415889-24-016588,2024-06-11,S,1900.0,563.1006,6624821.0,I,,,,,,
896878,2024-07-03,INTU,Notarainni Mark P.,isOfficer,0001415889-24-019281,2024-07-01,F,857.0,650.77,1985.0,D,,,,,,
896878,2024-07-03,INTU,Notarainni Mark P.,isOfficer,0001415889-24-019281,2024-07-01,M,309.0,0.0,1178.0,D,,,,,,
896878,2024-07-03,INTU,Goodarzi Sasan K,isOfficer,0001415889-24-019296,2024-07-01,M,848.0,0.0,68981.0,D,,,,,,
896878,2024-07-03,INTU,FENNELL LAURA A,isOfficer,0001415889-24-019291,2024-07-01,M,386.0,0.0,51182.1816,D,,,,,,
896878,2024-07-03,INTU,Aujla Sandeep,isOfficer,0001415889-24-019293,2024-07-03,S,1061.0,651.27,3333.132,D,,,,,,
896878,2024-07-03,INTU,Aujla Sandeep,isOfficer,0001415889-24-019293,2024-07-01,F,2181.0,650.77,4394.132,D,,,,,,
896878,2024-07-03,INTU,Hotz Lauren D,isOfficer,0001415889-24-019283,2024-07-01,M,42.0,0.0,3551.3502,D,,,,,,
896878,2024-07-03,INTU,FENNELL LAURA A,isOfficer,0001415889-24-019291,2024-07-01,F,714.0,650.77,51518.1816,D,,,,,,
896878,2024-07-03,INTU,Hotz Lauren D,isOfficer,0001415889-24-019283,2024-07-01,F,248.0,650.77,3969.3502,D,,,,,,
896878,2024-07-03,INTU,McLean Kerry J,isOfficer,0001415889-24-019287,2024-07-01,M,257.0,0.0,23708.9256,D,,,,,,
896878,2024-07-03,INTU,Tessel Marianna,isOfficer,0001415889-24-019289,2024-07-01,F,1581.0,650.77,35671.4656,D,,,,,,
896878,2024-07-03,INTU,Goodarzi Sasan K,isOfficer,0001415889-24-019296,2024-07-01,F,2906.0,650.77,71206.0,D,,,,,,
896878,2024-07-03,INTU,Notarainni Mark P.,isOfficer,0001415889-24-019281,2024-07-03,S,466.0,651.27,554.0,D,,,,,,
896878,2024-07-03,INTU,Tessel Marianna,isOfficer,0001415889-24-019289,2024-07-01,M,489.0,0.0,34664.4656,D,,,,,,
896878,2024-07-03,INTU,McLean Kerry J,isOfficer,0001415889-24-019287,2024-07-01,F,457.0,650.77,23910.9256,D,,,,,,
896878,2024-07-03,INTU,Balazs Alex G.,isOfficer,0001415889-24-019285,2024-07-01,F,657.0,650.77,842.939,D,,,,,,
896878,2024-07-03,INTU,Balazs Alex G.,isOfficer,0001415889-24-019285,2024-07-01,M,103.0,0.0,318.939,D,,,,,,
896878,2024-07-03,INTU,Notarainni Mark P.,isOfficer,0001415889-24-019281,2024-07-02,S,965.0,651.0,1020.0,D,,,,,,
896878,2024-07-03,INTU,Aujla Sandeep,isOfficer,0001415889-24-019293,2024-07-01,M,103.0,0.0,2435.132,D,,,,,,
896878,2024-07-29,INTU,SZKUTAK THOMAS J,isDirector,0001415889-24-020274,2024-07-25,M,89.0,0.0,3508.0,D,,,,,,
896878,2024-07-29,INTU,DALZELL RICHARD L,isDirector,0001415889-24-020272,2024-07-25,M,109.0,0.0,15451.0,D,,,,,,
896878,2024-08-15,INTU,Aujla Sandeep,isOfficer,0001415889-24-021355,2024-08-13,F,129.453,645.83,3461.679,D,,,,,,
896878,2024-08-15,INTU,Aujla Sandeep,isOfficer,0001415889-24-021355,2024-08-13,M,129.0,0.0,3462.132,D,,,,,,
896878,2024-08-15,INTU,Hotz Lauren D,isOfficer,0001415889-24-021359,2024-08-13,M,16.0,0.0,3985.3502,D,,,,,,
896878,2024-08-15,INTU,Hotz Lauren D,isOfficer,0001415889-24-021359,2024-08-13,F,10.69,645.83,3990.6602,D,,,,,,
896878,2024-08-27,INTU,Aujla Sandeep,isOfficer,0001415889-24-022315,2024-08-26,S,32.0,622.55,3429.679,D,,,,,,
896878,2024-08-28,INTU,McLean Kerry J,isOfficer,0001415889-24-022416,2024-08-26,G,1602.0,0.0,22308.9256,D,,,,,,
896878,2024-08-28,INTU,COOK SCOTT D,"isDirector,isOfficer",0001415889-24-022418,2024-08-27,S,400.0,612.6475,6536615.0,I,,,,,,
896878,2024-08-28,INTU,COOK SCOTT D,"isDirector,isOfficer",0001415889-24-022418,2024-08-26,S,13343.0,616.708,6598672.0,I,,,,,,
896878,2024-09-04,INTU,Goodarzi Sasan K,"isDirector,isOfficer",0001415889-24-022850,2024-09-01,F,20629.225,630.26,94244.775,D,,,,,,
896878,2024-09-04,INTU,Aujla Sandeep,isOfficer,0001415889-24-022824,2024-09-01,M,2615.0,0.0,6044.679,D,,,,,,
896878,2024-09-04,INTU,Goodarzi Sasan K,"isDirector,isOfficer",0001415889-24-022850,2024-09-01,M,43668.0,0.0,114874.0,D,,,,,,
896878,2024-09-04,INTU,Tessel Marianna,isOfficer,0001415889-24-022836,2024-09-01,F,5048.61,630.26,40211.8556,D,,,,,,
896878,2024-09-04,INTU,Notarainni Mark P.,isOfficer,0001415889-24-022848,2024-09-01,M,5230.0,0.0,5784.0,D,,,,,,
896878,2024-09-04,INTU,Tessel Marianna,isOfficer,0001415889-24-022836,2024-09-01,M,9589.0,0.0,45260.4656,D,,,,,,
896878,2024-09-04,INTU,Aujla Sandeep,isOfficer,0001415889-24-022824,2024-09-01,F,1342.803,630.26,4701.876,D,,,,,,
896878,2024-09-04,INTU,McLean Kerry J,isOfficer,0001415889-24-022845,2024-09-03,S,9687.0,631.4997,26333.4186,D,,,,,,
896878,2024-09-04,INTU,Hotz Lauren D,isOfficer,0001415889-24-022839,2024-09-01,F,45.019,630.26,4041.6412,D,,,,,,
896878,2024-09-04,INTU,McLean Kerry J,isOfficer,0001415889-24-022845,2024-09-01,M,5042.0,0.0,27350.9256,D,,,,,,
896878,2024-09-04,INTU,Notarainni Mark P.,isOfficer,0001415889-24-022848,2024-09-01,F,2593.609,630.26,3191.0,D,,,,,,
896878,2024-09-04,INTU,Aujla Sandeep,isOfficer,0001415889-24-022824,2024-09-04,S,862.0,621.03,3839.876,D,,,,,,
896878,2024-09-04,INTU,McLean Kerry J,isOfficer,0001415889-24-022845,2024-09-03,M,11079.0,216.64,36020.4186,D,,,,,,
896878,2024-09-04,INTU,McLean Kerry J,isOfficer,0001415889-24-022845,2024-09-01,F,2409.507,630.26,24941.4186,D,,,,,,
896878,2024-09-04,INTU,Hotz Lauren D,isOfficer,0001415889-24-022839,2024-09-01,M,96.0,0.0,4086.6602,D,,,,,,
896878,2024-09-04,INTU,FENNELL LAURA A,isOfficer,0001415889-24-022849,2024-09-01,F,3413.81,630.26,55497.2326,D,,,,,,
896878,2024-09-04,INTU,FENNELL LAURA A,isOfficer,0001415889-24-022849,2024-09-01,M,7143.0,0.0,58911.0426,D,,,,,,
896878,2024-09-04,INTU,Balazs Alex G.,isOfficer,0001415889-24-022847,2024-09-01,M,1859.0,0.0,2701.939,D,,,,,,
896878,2024-09-04,INTU,Balazs Alex G.,isOfficer,0001415889-24-022847,2024-09-01,F,2355.562,630.26,2961.377,D,,,,,,
896878,2024-09-11,INTU,Balazs Alex G.,,0001992041-24-000002,2024-09-10,S,2941.438,628.7635,19.939,D,,,,,,
896878,2024-09-19,INTU,COOK SCOTT D,,0001628280-24-040961,2024-09-18,S,705.0,632.9819,6454861.0,I,,,,,,
896878,2024-09-19,INTU,COOK SCOTT D,,0001628280-24-040961,2024-09-17,S,25270.0,644.7874,6505296.0,I,,,,,,
896878,2024-09-19,INTU,Burton Eve B,,0001587289-24-000002,2024-09-19,S,2988.0,649.866,0.0,D,,,,,,
896878,2024-09-24,INTU,FENNELL LAURA A,,0001628280-24-041239,2024-09-20,S,3458.861,640.5575,78738.3716,D,,,,,,
896878,2024-09-24,INTU,FENNELL LAURA A,,0001628280-24-041239,2024-09-20,M,26700.0,281.6,82197.2326,D,,,,,,
896878,2024-10-03,INTU,Notarainni Mark P.,,0001628280-24-042237,2024-10-01,F,356.551,606.28,3668.057,D,,,,,,
896878,2024-10-03,INTU,Notarainni Mark P.,,0001628280-24-042237,2024-10-01,M,178.0,0.0,3483.608,D,,,,,,
896878,2024-10-03,INTU,Aujla Sandeep,,0001628280-24-042241,2024-10-01,M,89.0,0.0,3807.2966,D,,,,,,
896878,2024-10-03,INTU,Aujla Sandeep,,0001628280-24-042241,2024-10-01,F,1591.852,606.28,5226.4446,D,,,,,,
896878,2024-10-03,INTU,Aujla Sandeep,,0001628280-24-042241,2024-10-03,S,775.0,601.31,4451.4446,D,,,,,,
896878,2024-10-03,INTU,Balazs Alex G.,,0001628280-24-042231,2024-10-01,M,89.0,0.0,112.673,D,,,,,,
896878,2024-10-03,INTU,Tessel Marianna,,0001628280-24-042229,2024-10-01,M,327.0,0.0,39324.8556,D,,,,,,
896878,2024-10-03,INTU,FENNELL LAURA A,,0001628280-24-042233,2024-10-01,F,520.79,606.28,41615.5816,D,,,,,,
896878,2024-10-03,INTU,Hotz Lauren D,,0001628280-24-042239,2024-10-01,M,70.0,0.0,2646.5312,D,,,,,,
896878,2024-10-03,INTU,FENNELL LAURA A,,0001628280-24-042233,2024-10-01,M,252.0,0.0,41338.3716,D,,,,,,
896878,2024-10-03,INTU,Hotz Lauren D,,0001628280-24-042239,2024-10-01,F,154.195,606.28,2733.3362,D,,,,,,
896878,2024-10-03,INTU,Tessel Marianna,,0001628280-24-042229,2024-10-01,F,641.805,606.28,39575.0506,D,,,,,,
896878,2024-10-03,INTU,Balazs Alex G.,,0001628280-24-042231,2024-10-01,F,272.728,606.28,268.945,D,,,,,,
896878,2024-10-03,INTU,Goodarzi Sasan K,,0001628280-24-042243,2024-10-01,F,1255.241,606.28,97148.299,I,,,,,,
896878,2024-10-03,INTU,Goodarzi Sasan K,,0001628280-24-042243,2024-10-01,M,932.0,0.0,96796.775,I,,,,,,
896878,2024-10-11,INTU,Aujla Sandeep,,0001628280-24-042748,2024-10-10,S,3999.892,617.2805,451.5526,D,,,,,,
896878,2024-11-04,INTU,SZKUTAK THOMAS J,,0001628280-24-045081,2024-10-31,M,98.0,0.0,3606.0,D,,,,,,
896878,2024-11-04,INTU,DALZELL RICHARD L,,0001628280-24-045079,2024-10-31,M,119.0,0.0,15570.0,D,,,,,,
896878,2024-11-27,INTU,COOK SCOTT D,,0001628280-24-049408,2024-11-25,S,2279.0,633.6431,6450826.0,I,,,,,,
896878,2024-11-27,INTU,COOK SCOTT D,,0001628280-24-049408,2024-11-26,S,500.0,632.974,6377605.0,I,,,,,,
896878,2024-12-03,INTU,Hotz Lauren D,,0001628280-24-049770,2024-12-02,F,48.093,641.73,2782.2432,D,,,,,,
896878,2024-12-03,INTU,Hotz Lauren D,,0001628280-24-049770,2024-12-01,M,97.0,0.0,2830.3362,D,,,,,,
896878,2024-12-03,INTU,Balazs Alex G.,,0001628280-24-049772,2024-12-02,F,244.296,641.73,488.649,D,,,,,,
896878,2024-12-03,INTU,Balazs Alex G.,,0001628280-24-049772,2024-12-01,M,464.0,0.0,732.945,D,,,,,,
896878,2024-12-09,INTU,Notarainni Mark P.,,0001628280-24-050513,2024-12-05,M,9810.0,303.94,13478.057,D,,,,,,
896878,2024-12-09,INTU,Notarainni Mark P.,,0001628280-24-050516,2024-12-05,S,40.0,641.7925,3628.057,D,,,,,,
896878,2024-12-09,INTU,Notarainni Mark P.,,0001628280-24-050513,2024-12-05,S,375.0,642.0707,13103.057,D,,,,,,
896878,2024-12-10,INTU,McLean Kerry J,,0001628280-24-050617,2024-12-06,S,1403.0,649.8014,37714.0976,D,,,,,,
896878,2024-12-10,INTU,McLean Kerry J,,0001628280-24-050617,2024-12-09,S,960.0,651.784,35426.0976,D,,,,,,
896878,2024-12-10,INTU,McLean Kerry J,,0001628280-24-050617,2024-12-06,M,13350.0,281.6,39117.0976,D,,,,,,
896878,2024-12-11,INTU,FENNELL LAURA A,,0001628280-24-050826,2024-12-10,S,2700.0,655.6644,38915.5816,D,,,,,,
896878,2024-12-13,INTU,Balazs Alex G.,,0001628280-24-051269,2024-12-12,M,1436.0,216.64,1924.649,D,,,,,,
896878,2024-12-13,INTU,Balazs Alex G.,,0001628280-24-051269,2024-12-12,S,4820.0,664.8209,19478.649,D,,,,,,
896878,2024-12-16,INTU,McLean Kerry J,,0001628280-24-051563,2024-12-12,M,108.0,0.0,22084.0976,D,,,,,,
896878,2024-12-16,INTU,McLean Kerry J,,0001628280-24-051563,2024-12-12,F,263.0,672.25,21976.0976,D,,,,,,
896878,2024-12-16,INTU,Goodarzi Sasan K,,0001628280-24-051565,2024-12-12,F,930.0,672.25,97148.299,I,,,,,,
896878,2024-12-16,INTU,FENNELL LAURA A,,0001628280-24-051567,2024-12-12,M,193.0,0.0,34108.5816,D,,,,,,
896878,2024-12-16,INTU,Goodarzi Sasan K,,0001628280-24-051565,2024-12-12,M,393.0,0.0,97541.299,I,,,,,,
896878,2024-12-16,INTU,FENNELL LAURA A,,0001628280-24-051567,2024-12-12,F,438.0,672.25,33915.5816,D,,,,,,
896878,2024-12-20,INTU,COOK SCOTT D,,0001628280-24-052216,2024-12-18,S,600.0,648.26,6374341.0,I,,,,,,
896878,2025-01-02,INTU,Goodarzi Sasan K,,0001628280-25-000067,2024-12-31,S,1900.0,629.254,74410.299,I,,,,,,
896878,2025-01-02,INTU,Goodarzi Sasan K,,0001628280-25-000064,2024-12-30,M,13628.0,216.64,110776.299,I,,,,,,
896878,2025-01-02,INTU,Goodarzi Sasan K,,0001628280-25-000067,2024-12-31,F,2057.158,628.5,37868.879,I,,,,,,
896878,2025-01-02,INTU,Goodarzi Sasan K,,0001628280-25-000064,2024-12-30,S,594.0,624.4073,110182.299,I,,,,,,
896878,2025-01-02,INTU,Goodarzi Sasan K,,0001628280-25-000067,2024-12-31,M,40534.0,216.64,76310.299,I,,,,,,
896878,2025-01-02,INTU,Goodarzi Sasan K,,0001628280-25-000067,2024-12-30,S,300.0,633.96,35776.299,I,,,,,,
896878,2025-01-03,INTU,Aujla Sandeep,,0001628280-25-000356,2025-01-01,M,2665.0,0.0,3328.1796,D,,,,,,
896878,2025-01-03,INTU,Aujla Sandeep,,0001628280-25-000356,2025-01-01,F,1275.428,628.5,2052.7516,D,,,,,,
896878,2025-01-03,INTU,FENNELL LAURA A,,0001628280-25-000325,2024-12-31,F,867.328,628.5,34797.2536,D,,,,,,
896878,2025-01-03,INTU,Aujla Sandeep,,0001628280-25-000356,2024-12-31,M,89.0,0.0,540.5526,D,,,,,,
896878,2025-01-03,INTU,Aujla Sandeep,,0001628280-25-000356,2024-12-31,F,223.373,628.5,663.1796,D,,,,,,
896878,2025-01-03,INTU,FENNELL LAURA A,,0001628280-25-000325,2024-12-31,M,253.0,0.0,34168.5816,D,,,,,,
896878,2025-01-03,INTU,Balazs Alex G.,,0001628280-25-000336,2024-12-31,M,89.0,0.0,577.649,D,,,,,,
896878,2025-01-03,INTU,Balazs Alex G.,,0001628280-25-000336,2024-12-31,F,272.729,628.5,733.92,D,,,,,,
896878,2025-01-03,INTU,Notarainni Mark P.,,0001628280-25-000317,2024-12-31,M,179.0,0.0,198.217,D,,,,,,
896878,2025-01-03,INTU,Tessel Marianna,,0001628280-25-000319,2024-12-31,F,641.279,628.5,40151.7716,D,,,,,,
896878,2025-01-03,INTU,McLean Kerry J,,0001628280-25-000315,2024-12-31,M,179.0,0.0,22155.0976,D,,,,,,
896878,2025-01-03,INTU,Hotz Lauren D,,0001628280-25-000322,2024-12-31,F,155.187,628.5,2942.7062,D,,,,,,
896878,2025-01-03,INTU,McLean Kerry J,,0001628280-25-000315,2024-12-31,F,525.186,628.5,22508.9116,D,,,,,,
896878,2025-01-03,INTU,Notarainni Mark P.,,0001628280-25-000317,2024-12-31,F,357.039,628.5,382.178,D,,,,,,
896878,2025-01-03,INTU,Hotz Lauren D,,0001628280-25-000322,2024-12-31,M,69.0,0.0,2853.8932,D,,,,,,
896878,2025-01-03,INTU,Tessel Marianna,,0001628280-25-000319,2024-12-31,M,327.0,0.0,39902.0506,D,,,,,,
896878,2025-01-06,INTU,Goodarzi Sasan K,,0001628280-25-000631,2025-01-02,S,1514.0,620.4392,62916.879,I,,,,,,
896878,2025-01-06,INTU,Goodarzi Sasan K,,0001628280-25-000631,2025-01-02,M,26562.0,281.6,64430.879,I,,,,,,
896878,2025-01-06,INTU,Aujla Sandeep,,0001628280-25-000628,2025-01-03,S,109.0,628.5,1943.7516,D,,,,,,
896878,2025-01-06,INTU,Notarainni Mark P.,,0001628280-25-000626,2025-01-03,S,362.0,628.5,20.178,D,,,,,,
896878,2025-01-08,INTU,FENNELL LAURA A,,0001628280-25-001012,2025-01-07,S,1934.0,612.6818,32863.2536,D,,,,,,
896878,2025-01-10,INTU,Aujla Sandeep,,0001628280-25-001150,2025-01-08,S,1300.0,626.4233,643.7516,D,,,,,,
896878,2025-01-13,INTU,Hotz Lauren D,,0001628280-25-001386,2025-01-10,S,27.407,620.74,2915.2992,D,,,,,,
896878,2025-01-22,INTU,Burton Eve B,,0001628280-25-002193,2025-01-19,M,1550.0,0.0,1558.427,D,,,,,,
896878,2025-01-28,INTU,SZKUTAK THOMAS J,,0001628280-25-002818,2025-01-24,M,903.0,0.0,4509.0,D,,,,,,
896878,2025-01-28,INTU,NORA JOHNSON SUZANNE M,,0001628280-25-002801,2025-01-24,M,903.0,0.0,25455.0,I,,,,,,
896878,2025-01-28,INTU,DALZELL RICHARD L,,0001628280-25-002796,2025-01-24,M,903.0,0.0,16473.0,D,,,,,,
896878,2025-01-28,INTU,Vazquez Raul,,0001628280-25-002822,2025-01-24,M,903.0,0.0,2118.0,D,,,,,,
896878,2025-03-03,INTU,COOK SCOTT D,,0001628280-25-009519,2025-02-27,S,5550.0,600.6061,6295796.0,I,,,,,,
896878,2025-03-03,INTU,COOK SCOTT D,,0001628280-25-009522,2025-02-28,S,1000.0,600.135,6225346.0,I,,,,,,
896878,2025-03-04,INTU,Hotz Lauren D,,0001628280-25-009939,2025-03-01,M,96.0,0.0,1960.2992,D,,,,,,
896878,2025-03-04,INTU,Hotz Lauren D,,0001628280-25-009939,2025-03-01,F,39.053,613.84,1921.2462,D,,,,,,
896878,2025-03-04,INTU,Balazs Alex G.,,0001628280-25-009931,2025-03-01,M,465.0,0.0,1198.92,D,,,,,,
896878,2025-03-04,INTU,Balazs Alex G.,,0001628280-25-009931,2025-03-01,F,242.155,613.84,956.765,D,,,,,,
896878,2025-03-12,INTU,COOK SCOTT D,,0001628280-25-012376,2025-03-11,S,200.0,578.3769,6144700.0,I,,,,,,
896878,2025-03-12,INTU,COOK SCOTT D,,0001628280-25-012371,2025-03-10,S,1100.0,576.2568,6218800.0,I,,,,,,
896878,2025-03-21,INTU,Burton Eve B,,0001628280-25-014365,2025-03-20,S,1702.0,600.0,8.427,D,,,,,,
896878,2025-03-24,INTU,Tessel Marianna,,0001628280-25-014584,2025-03-21,S,7385.0,600.1266,40190.4556,D,,,,,,
896878,2025-03-24,INTU,Tessel Marianna,,0001628280-25-014584,2025-03-21,M,7385.0,216.64,47575.4556,D,,,,,,
896878,2025-03-25,INTU,FENNELL LAURA A,,0001628280-25-014823,2025-03-24,S,8163.0,612.455,21881.9046,D,,,,,,
896878,2025-04-03,INTU,FENNELL LAURA A,,0001628280-25-016575,2025-04-01,F,485.027,613.99,22795.8776,D,,,,,,
896878,2025-04-03,INTU,Notarainni Mark P.,,0001628280-25-016540,2025-04-01,F,249.838,613.99,488.379,D,,,,,,
896878,2025-04-03,INTU,Tessel Marianna,,0001628280-25-016530,2025-04-01,F,641.279,613.99,40767.1766,D,,,,,,
896878,2025-04-03,INTU,FENNELL LAURA A,,0001628280-25-016575,2025-04-01,M,253.0,0.0,22134.9046,D,,,,,,
896878,2025-04-03,INTU,McLean Kerry J,,0001628280-25-016555,2025-04-01,F,298.006,0.0,23100.8746,D,,,,,,
896878,2025-04-03,INTU,Goodarzi Sasan K,,0001628280-25-016534,2025-04-01,M,933.0,0.0,38801.879,I,,,,,,
896878,2025-04-03,INTU,Notarainni Mark P.,,0001628280-25-016540,2025-04-01,M,178.0,0.0,197.217,D,,,,,,
896878,2025-04-03,INTU,Hotz Lauren D,,0001628280-25-016562,2025-04-01,M,70.0,0.0,1993.6972,D,,,,,,
896878,2025-04-03,INTU,Goodarzi Sasan K,,0001628280-25-016534,2025-04-01,F,1655.774,613.99,39556.327,I,,,,,,
896878,2025-04-03,INTU,Aujla Sandeep,,0001987166-25-000006,2025-04-01,M,89.0,0.0,771.4356,D,,,,,,
896878,2025-04-03,INTU,Hotz Lauren D,,0001628280-25-016562,2025-04-01,F,109.106,613.99,2126.5912,D,,,,,,
896878,2025-04-03,INTU,Aujla Sandeep,,0001987166-25-000006,2025-04-01,F,1591.851,613.99,2190.5846,D,,,,,,
896878,2025-04-03,INTU,Balazs Alex G.,,0001628280-25-016568,2025-04-01,F,262.369,613.99,1229.851,D,,,,,,
896878,2025-04-03,INTU,McLean Kerry J,,0001628280-25-016555,2025-04-01,M,178.0,0.0,22719.8806,D,,,,,,
896878,2025-04-03,INTU,Balazs Alex G.,,0001628280-25-016568,2025-04-01,M,89.0,0.0,1063.22,D,,,,,,
896878,2025-04-03,INTU,Tessel Marianna,,0001628280-25-016530,2025-04-01,M,327.0,0.0,40517.4556,D,,,,,,
896878,2025-05-06,INTU,Burton Eve B,,0001628280-25-022768,2025-05-04,M,135.0,189.45,143.427,D,,,,,,
896878,2025-05-12,INTU,SZKUTAK THOMAS J,,0001628280-25-024751,2025-05-08,M,90.0,280.36,4686.0,D,,,,,,
896878,2025-05-29,INTU,FENNELL LAURA A,,0001628280-25-028360,2025-05-28,M,16185.0,448.59,38980.8776,D,,,,,,
896878,2025-05-29,INTU,FENNELL LAURA A,,0001628280-25-028360,2025-05-27,M,25049.0,303.94,47844.8776,D,,,,,,
896878,2025-05-29,INTU,Notarainni Mark P.,,0001628280-25-028365,2025-05-27,S,469.0,725.0,19.379,D,,,,,,
896878,2025-05-29,INTU,FENNELL LAURA A,,0001628280-25-028360,2025-05-28,S,4295.0,752.0688,34685.8776,D,,,,,,
896878,2025-05-29,INTU,FENNELL LAURA A,,0001628280-25-028360,2025-05-27,S,579.0,725.0,47265.8776,D,,,,,,
896878,2025-05-29,INTU,McLean Kerry J,,0001628280-25-028372,2025-05-27,S,772.0,725.0,39028.8746,D,,,,,,
896878,2025-05-29,INTU,McLean Kerry J,,0001628280-25-028372,2025-05-27,M,16700.0,303.94,39800.8746,D,,,,,,
896878,2025-05-29,INTU,COOK SCOTT D,,0001628280-25-028385,2025-05-27,S,1100.0,726.4636,6134837.0,I,,,,,,
896878,2025-05-29,INTU,Aujla Sandeep,,0001628280-25-028369,2025-05-27,M,1670.0,303.94,3860.5846,D,,,,,,
896878,2025-05-29,INTU,Aujla Sandeep,,0001628280-25-028369,2025-05-27,S,1217.0,725.0,15041.5846,D,,,,,,
896878,2025-05-30,INTU,FENNELL LAURA A,,0001628280-25-028608,2025-05-29,S,4548.0,748.4383,43895.8776,D,,,,,,
896878,2025-05-30,INTU,FENNELL LAURA A,,0001628280-25-028608,2025-05-29,M,16671.0,525.51,39466.8776,D,,,,,,
896878,2025-06-02,INTU,Hotz Lauren D,,0001628280-25-028927,2025-06-01,M,97.0,0.0,2223.5912,D,,,,,,
896878,2025-06-02,INTU,Hotz Lauren D,,0001628280-25-028927,2025-06-01,F,33.543,753.47,2190.0482,D,,,,,,
896878,2025-06-02,INTU,Balazs Alex G.,,0001628280-25-028925,2025-06-01,M,464.0,0.0,1693.851,D,,,,,,
896878,2025-06-02,INTU,Balazs Alex G.,,0001628280-25-028925,2025-06-01,F,235.017,753.47,1458.834,D,,,,,,
896878,2025-06-05,INTU,Balazs Alex G.,,0001628280-25-029719,2025-06-05,S,41.128,768.9312,1417.706,D,,,,,,
896878,2025-06-05,INTU,Tessel Marianna,,0001628280-25-029731,2025-06-03,M,34329.0,281.6,75096.1766,D,,,,,,
896878,2025-06-05,INTU,Tessel Marianna,,0001628280-25-029731,2025-06-03,S,24495.0,760.2393,50601.1766,D,,,,,,
896878,2025-06-10,INTU,COOK SCOTT D,,0001628280-25-030583,2025-06-09,S,4314.0,763.209,6059181.0,I,,,,,,
896878,2025-06-27,INTU,Hotz Lauren D,,0001628280-25-033393,2025-06-27,S,1738.347,784.0867,454.5452,D,,,,,,
896878,2025-07-03,INTU,FENNELL LAURA A,,0001628280-25-034296,2025-07-01,M,253.0,0.0,23052.5226,D,,,,,,
896878,2025-07-03,INTU,Aujla Sandeep,,0001628280-25-034279,2025-07-01,F,2310.239,787.63,2385.9106,D,,,,,,
896878,2025-07-03,INTU,McLean Kerry J,,0001628280-25-034334,2025-07-01,M,179.0,0.0,23286.0086,D,,,,,,
896878,2025-07-03,INTU,McLean Kerry J,,0001628280-25-034334,2025-07-01,F,426.161,787.63,23539.8476,D,,,,,,
896878,2025-07-03,INTU,Tessel Marianna,,0001628280-25-034342,2025-07-01,M,328.0,0.0,41095.1766,D,,,,,,
896878,2025-07-03,INTU,Notarainni Mark P.,,0001628280-25-034346,2025-07-01,F,921.103,787.63,1166.114,D,,,,,,
896878,2025-07-03,INTU,FENNELL LAURA A,,0001628280-25-034296,2025-07-01,F,694.259,787.63,23505.2636,D,,,,,,
896878,2025-07-03,INTU,Goodarzi Sasan K,,0001628280-25-034350,2025-07-01,M,933.0,0.0,40489.327,I,,,,,,
896878,2025-07-03,INTU,Hotz Lauren D,,0001628280-25-034298,2025-07-01,F,229.612,787.63,888.9332,D,,,,,,
896878,2025-07-03,INTU,Balazs Alex G.,,0001628280-25-034288,2025-07-01,F,956.254,787.63,881.999,D,,,,,,
896878,2025-07-03,INTU,Balazs Alex G.,,0001628280-25-034288,2025-07-01,M,90.0,0.0,110.253,D,,,,,,
896878,2025-07-03,INTU,Aujla Sandeep,,0001628280-25-034279,2025-07-02,S,1618.0,773.9,767.9106,D,,,,,,
896878,2025-07-03,INTU,Hotz Lauren D,,0001628280-25-034298,2025-07-01,M,70.0,0.0,524.5452,D,,,,,,
896878,2025-07-03,INTU,Notarainni Mark P.,,0001628280-25-034346,2025-07-02,S,1146.897,773.8992,19.217,D,,,,,,
896878,2025-07-03,INTU,Aujla Sandeep,,0001628280-25-034279,2025-07-01,M,90.0,0.0,287.1496,D,,,,,,
896878,2025-07-03,INTU,Goodarzi Sasan K,,0001628280-25-034350,2025-07-01,F,1657.548,787.63,41245.123,I,,,,,,
896878,2025-07-03,INTU,Notarainni Mark P.,,0001628280-25-034346,2025-07-01,M,179.0,0.0,198.217,D,,,,,,
896878,2025-07-03,INTU,Tessel Marianna,,0001628280-25-034342,2025-07-01,F,1510.004,787.63,42125.1726,D,,,,,,
896878,2025-07-08,INTU,Aujla Sandeep,,0001628280-25-034527,2025-07-03,S,2591.0,782.2248,767.9106,D,,,,,,
896878,2025-07-08,INTU,Aujla Sandeep,,0001628280-25-034527,2025-07-03,M,640.0,525.51,1407.9106,D,,,,,,
896878,2025-07-09,INTU,Balazs Alex G.,,0001628280-25-034651,2025-07-08,S,20.253,781.5509,861.746,D,,,,,,
896878,2025-07-09,INTU,DALZELL RICHARD L,,0001628280-25-034665,2025-07-08,S,333.0,784.57,16140.0,D,,,,,,
896878,2025-07-09,INTU,DALZELL RICHARD L,,0001628280-25-034665,2025-07-09,S,333.0,782.67,15807.0,D,,,,,,
896878,2025-07-10,INTU,DALZELL RICHARD L,,0001628280-25-034744,2025-07-10,S,333.0,768.43,15474.0,D,,,,,,
896878,2025-07-29,INTU,Burton Eve B,,0001628280-25-036511,2025-07-27,M,120.0,0.0,263.427,D,,,,,,
896878,2025-07-31,INTU,SZKUTAK THOMAS J,,0001628280-25-037098,2025-07-31,M,82.0,0.0,4768.0,D,,,,,,
896878,2025-08-14,INTU,Hotz Lauren D,,0001911779-25-000007,2025-08-12,F,33.885,706.09,925.0482,D,,,,,,
896878,2025-08-14,INTU,Hotz Lauren D,,0001911779-25-000007,2025-08-12,M,35.0,0.0,923.9332,D,,,,,,
896878,2025-08-14,INTU,Aujla Sandeep,,0001987166-25-000010,2025-08-12,M,105.0,0.0,872.9106,D,,,,,,
896878,2025-08-14,INTU,McLean Kerry J,,0001749067-25-000007,2025-08-12,F,172.515,706.09,23730.3326,D,,,,,,
896878,2025-08-14,INTU,McLean Kerry J,,0001749067-25-000007,2025-08-12,M,185.0,0.0,23724.8476,D,,,,,,
896878,2025-08-14,INTU,Hanebrink Anton,,0001990298-25-000005,2025-08-12,M,201.0,0.0,23599.948,D,,,,,,
896878,2025-08-14,INTU,Aujla Sandeep,,0001987166-25-000010,2025-08-12,F,105.368,706.09,872.5426,D,,,,,,
896878,2025-08-14,INTU,Hilliard Caryl Lyn,,0002080571-25-000002,2025-08-12,M,111.0,0.0,20567.629,D,,,,,,
896878,2025-08-14,INTU,Hilliard Caryl Lyn,,0002080571-25-000002,2025-08-12,F,104.538,706.09,20569.091,D,,,,,,
896878,2025-08-14,INTU,Hanebrink Anton,,0001990298-25-000005,2025-08-12,F,203.714,706.09,23597.234,D,,,,,,
896878,2025-08-26,INTU,COOK SCOTT D,isDirector,0001415889-25-023021,2025-08-25,S,529.0,664.99,6162547.0,I,,,,,,
896878,2025-08-26,INTU,Aujla Sandeep,isOfficer,0001415889-25-023018,2025-08-25,S,42.0,664.99,830.5426,D,,,,,,
896878,2025-09-03,INTU,Hotz Lauren D,,0001911779-25-000009,2025-09-01,F,47.597,667.0,973.4512,D,,,,,,
896878,2025-09-03,INTU,Hilliard Caryl Lyn,,0002080571-25-000004,2025-09-01,F,1802.261,667.0,22399.83,D,,,,,,
896878,2025-09-03,INTU,Goodarzi Sasan K,,0001412321-25-000005,2025-09-01,F,9051.677,667.0,51348.477,I,,,,,,
896878,2025-09-03,INTU,Hanebrink Anton,,0001990298-25-000007,2025-09-01,F,5573.358,667.0,28772.876,D,,,,,,
896878,2025-09-03,INTU,McLean Kerry J,,0001749067-25-000009,2025-09-01,M,7267.0,0.0,30997.3326,D,,,,,,
896878,2025-09-03,INTU,Hilliard Caryl Lyn,,0002080571-25-000004,2025-09-01,M,3633.0,0.0,24202.091,D,,,,,,
896878,2025-09-03,INTU,McLean Kerry J,,0001749067-25-000009,2025-09-01,F,3478.0,667.0,27519.3326,D,,,,,,
896878,2025-09-03,INTU,Hotz Lauren D,,0001911779-25-000009,2025-09-01,M,96.0,0.0,1021.0482,D,,,,,,
896878,2025-09-03,INTU,Hanebrink Anton,,0001990298-25-000007,2025-09-01,M,10749.0,0.0,34346.234,D,,,,,,
896878,2025-09-03,INTU,Goodarzi Sasan K,,0001412321-25-000005,2025-09-01,M,19155.031,0.0,60400.154,I,,,,,,
896878,2025-09-11,INTU,DALZELL RICHARD L,,0001184753-25-000005,2025-09-09,S,333.0,669.31,15141.0,D,,,,,,
896878,2025-09-11,INTU,DALZELL RICHARD L,,0001184753-25-000005,2025-09-10,S,333.0,669.39,14808.0,D,,,,,,
896878,2025-09-11,INTU,DALZELL RICHARD L,,0001184753-25-000005,2025-09-11,S,80.0,658.568,14728.0,D,,,,,,
896878,2025-10-02,INTU,McLean Kerry J,,0001628280-25-043859,2025-10-01,F,336.95,682.91,27861.3826,D,,,,,,
896878,2025-10-02,INTU,Hotz Lauren D,,0001628280-25-043857,2025-10-01,M,41.0,0.0,1669.5482,D,,,,,,
896878,2025-10-02,INTU,Goodarzi Sasan K,,0001628280-25-043864,2025-10-01,M,653.531,0.0,52002.008,I,,,,,,
896878,2025-10-02,INTU,Hotz Lauren D,,0001628280-25-043857,2025-10-01,F,163.12,682.91,1794.4282,D,,,,,,
896878,2025-10-02,INTU,Goodarzi Sasan K,,0001628280-25-043864,2025-10-01,F,1185.817,682.91,52544.676,I,,,,,,
896878,2025-10-02,INTU,McLean Kerry J,,0001628280-25-043859,2025-10-01,M,244.0,0.0,27763.3326,D,,,,,,
896878,2025-10-02,INTU,Hilliard Caryl Lyn,,0001628280-25-043855,2025-10-01,F,164.834,682.91,22555.996,D,,,,,,
896878,2025-10-02,INTU,Aujla Sandeep,,0001628280-25-043853,2025-10-01,F,1725.361,682.91,2465.1816,D,,,,,,
896878,2025-10-02,INTU,Hanebrink Anton,,0001628280-25-043850,2025-10-01,M,349.0,0.0,29121.876,D,,,,,,
896878,2025-10-02,INTU,Hilliard Caryl Lyn,,0001628280-25-043855,2025-10-01,M,122.0,0.0,22521.83,D,,,,,,
896878,2025-10-02,INTU,Aujla Sandeep,,0001628280-25-043853,2025-10-01,M,2665.0,0.0,3495.5426,D,,,,,,
896878,2025-10-02,INTU,Hanebrink Anton,,0001628280-25-043850,2025-10-01,F,427.246,682.91,29169.63,D,,,,,,
896878,2025-10-07,INTU,Aujla Sandeep,,0001628280-25-044547,2025-10-03,S,1170.0,677.06,1295.1816,D,,,,,,
896878,2025-10-21,INTU,Mawakana Tekedra,,0001628280-25-045696,2025-10-19,M,194.0,0.0,194.0,D,,,,,,
896878,2025-11-03,INTU,SZKUTAK THOMAS J,,0001628280-25-048454,2025-10-30,M,80.0,0.0,4848.0,D,,,,,,
896878,2025-11-04,INTU,Burton Eve B,,0001628280-25-049047,2025-11-01,M,120.0,0.0,383.427,D,,,,,,
896878,2025-12-01,INTU,Hotz Lauren D,,0001628280-25-054558,2025-12-01,F,48.093,634.08,1843.3352,D,,,,,,
896878,2025-12-01,INTU,Hotz Lauren D,,0001628280-25-054558,2025-12-01,M,97.0,0.0,1891.4282,D,,,,,,
896878,2025-12-05,INTU,COOK SCOTT D,,0001628280-25-055643,2025-12-04,S,1560.0,648.8159,6117119.0,I,,,,,,
896878,2025-12-05,INTU,COOK SCOTT D,,0001628280-25-055638,2025-12-03,S,970.0,632.1463,6161577.0,I,,,,,,
896878,2025-12-05,INTU,COOK SCOTT D,,0001628280-25-055643,2025-12-05,S,2177.0,664.6065,6041502.0,I,,,,,,
896878,2025-12-10,INTU,COOK SCOTT D,,0001628280-25-056339,2025-12-08,S,2000.0,654.1888,5966679.0,I,,,,,,
896878,2025-12-10,INTU,COOK SCOTT D,,0001628280-25-056339,2025-12-09,S,968.0,650.9605,5892711.0,I,,,,,,
896878,2025-12-10,INTU,DALZELL RICHARD L,,0001628280-25-056377,2025-12-10,S,333.0,653.95,13809.0,D,,,,,,
896878,2025-12-10,INTU,DALZELL RICHARD L,,0001628280-25-056377,2025-12-09,S,333.0,653.42,14142.0,D,,,,,,
896878,2025-12-12,INTU,DALZELL RICHARD L,,0001628280-25-056813,2025-12-11,S,333.0,659.95,13476.0,D,,,,,,
896878,2025-12-15,INTU,McLean Kerry J,,0001628280-25-057194,2025-12-11,M,111.0,0.0,27972.3826,D,,,,,,
896878,2025-12-15,INTU,Hilliard Caryl Lyn,,0001628280-25-057198,2025-12-11,F,130.0,662.43,22555.996,D,,,,,,
896878,2025-12-15,INTU,Hilliard Caryl Lyn,,0001628280-25-057198,2025-12-11,M,54.0,0.0,22609.996,D,,,,,,
896878,2025-12-15,INTU,Goodarzi Sasan K,,0001628280-25-057196,2025-12-11,M,375.0,0.0,52919.676,I,,,,,,
896878,2025-12-15,INTU,McLean Kerry J,,0001628280-25-057194,2025-12-11,F,244.0,662.43,27861.3826,D,,,,,,
896878,2025-12-15,INTU,Goodarzi Sasan K,,0001628280-25-057196,2025-12-11,F,907.0,662.43,52544.676,I,,,,,,
896878,2025-12-19,INTU,Aujla Sandeep,,0001628280-25-058347,2025-12-19,S,1098.032,675.0,197.1496,D,,,,,,
896878,2025-12-30,INTU,COOK SCOTT D,,0001628280-25-059105,2025-12-29,S,17673.0,671.6569,5801911.0,I,,,,,,
896878,2025-12-31,INTU,COOK SCOTT D,,0001628280-25-059252,2025-12-30,S,1397.0,669.0754,5743187.0,I,,,,,,
896878,2026-01-02,INTU,COOK SCOTT D,,0001628280-26-000183,2025-12-31,S,1402.0,668.02,5668182.0,I,,,,,,
896878,2026-01-05,INTU,Aujla Sandeep,,0001628280-26-000521,2025-12-31,M,347.0,0.0,544.1496,D,,,,,,
896878,2026-01-05,INTU,Hanebrink Anton,,0001628280-26-000556,2025-12-31,M,348.0,0.0,29517.63,D,,,,,,
896878,2026-01-05,INTU,Hilliard Caryl Lyn,,0001628280-26-000561,2025-12-31,F,318.372,669.88,22857.624,D,,,,,,
896878,2026-01-05,INTU,Aujla Sandeep,,0001628280-26-000521,2026-01-01,M,2665.0,0.0,3200.7526,D,,,,,,
896878,2026-01-05,INTU,Aujla Sandeep,,0001628280-26-000521,2026-01-01,F,1330.366,662.42,1870.3866,D,,,,,,
896878,2026-01-05,INTU,Hanebrink Anton,,0001628280-26-000556,2025-12-31,F,427.765,669.88,29566.865,D,,,,,,
896878,2026-01-05,INTU,Aujla Sandeep,,0001628280-26-000521,2025-12-31,F,357.397,669.88,535.7526,D,,,,,,
896878,2026-01-05,INTU,Hilliard Caryl Lyn,,0001628280-26-000561,2025-12-31,M,301.0,0.0,22856.996,D,,,,,,
896878,2026-01-05,INTU,Hotz Lauren D,,0001628280-26-000571,2025-12-31,M,42.0,0.0,1888.0962,D,,,,,,
896878,2026-01-05,INTU,Hotz Lauren D,,0001628280-26-000571,2025-12-31,F,164.112,669.88,2012.9842,D,,,,,,
896878,2026-01-05,INTU,McLean Kerry J,,0001628280-26-000581,2025-12-31,M,341.0,0.0,28202.3826,D,,,,,,
896878,2026-01-05,INTU,Goodarzi Sasan K,,0001628280-26-000596,2025-12-31,M,653.53,0.0,53198.206,I,,,,,,
896878,2026-01-05,INTU,McLean Kerry J,,0001628280-26-000581,2025-12-31,F,507.0,669.88,28375.3826,D,,,,,,
896878,2026-01-05,INTU,Goodarzi Sasan K,,0001628280-26-000596,2025-12-31,F,2028.024,669.88,54611.428,I,,,,,,
896878,2026-01-06,INTU,Aujla Sandeep,,0001628280-26-001017,2026-01-05,S,0.634,627.415,1869.7526,D,,,,,,
896878,2026-01-08,INTU,Goodarzi Sasan K,,0001628280-26-001365,2026-01-07,S,40960.0,650.0957,13651.428,I,,,,,,
896878,2026-01-09,INTU,COOK SCOTT D,,0001628280-26-001647,2026-01-08,G,30750.0,0.0,5637432.0,I,,,,,,
896878,2026-01-21,INTU,Burton Eve B,,0001628280-26-002894,2026-01-18,M,1215.0,0.0,1598.427,D,,,,,,
896878,2026-01-26,INTU,Roslansky Ryan,,0001628280-26-003454,2026-01-22,M,407.0,0.0,407.0,D,,,,,,
896878,2026-01-26,INTU,Vazquez Raul,,0001628280-26-003463,2026-01-22,M,347.0,0.0,1406.0,D,,,,,,
896878,2026-01-26,INTU,SZKUTAK THOMAS J,,0001628280-26-003456,2026-01-22,M,694.0,0.0,5542.0,D,,,,,,
896878,2026-01-26,INTU,DALZELL RICHARD L,,0001628280-26-003435,2026-01-22,M,694.0,0.0,14170.0,D,,,,,,
896878,2026-01-26,INTU,Mawakana Tekedra,,0001628280-26-003441,2026-01-22,M,694.0,0.0,888.0,D,,,,,,
896878,2026-01-26,INTU,NORA JOHNSON SUZANNE M,,0001628280-26-003444,2026-01-22,M,694.0,0.0,40190.0,I,,,,,,
896878,2026-03-12,INTU,DALZELL RICHARD L,,0001628280-26-017427,2026-03-10,S,333.0,474.01,13919.0,D,,,,,,
896878,2026-03-12,INTU,DALZELL RICHARD L,,0001628280-26-017427,2026-03-11,S,333.0,458.1,13586.0,D,,,,,,
896878,2026-03-12,INTU,DALZELL RICHARD L,,0001628280-26-017427,2026-03-12,S,333.0,440.4,13253.0,D,,,,,,
896878,2026-04-03,INTU,Goodarzi Sasan K,,0001628280-26-023706,2026-04-01,F,1277.861,432.38,15576.559,I,,,,,,
896878,2026-04-03,INTU,Hotz Lauren D,,0001628280-26-023701,2026-04-01,F,120.548,432.38,2224.1872,D,,,,,,
896878,2026-04-03,INTU,McLean Kerry J,,0001628280-26-023704,2026-04-01,M,244.0,0.0,28657.7666,D,,,,,,
896878,2026-04-03,INTU,Hotz Lauren D,,0001628280-26-023701,2026-04-01,M,41.0,0.0,2055.7352,D,,,,,,
896878,2026-04-03,INTU,Goodarzi Sasan K,,0001628280-26-023706,2026-04-01,M,653.529,0.0,14264.957,I,,,,,,
896878,2026-04-03,INTU,McLean Kerry J,,0001628280-26-023704,2026-04-01,F,301.627,432.38,28961.1396,D,,,,,,
896878,2026-04-03,INTU,Aujla Sandeep,,0001628280-26-023690,2026-04-01,M,2665.0,0.0,3239.1366,D,,,,,,
896878,2026-04-03,INTU,Hilliard Caryl Lyn,,0001628280-26-023698,2026-04-01,F,212.093,432.38,23152.915,D,,,,,,
896878,2026-04-03,INTU,Hilliard Caryl Lyn,,0001628280-26-023698,2026-04-01,M,122.0,0.0,23018.008,D,,,,,,
896878,2026-04-03,INTU,Aujla Sandeep,,0001628280-26-023690,2026-04-01,F,1725.362,432.38,2208.7746,D,,,,,,
896878,2026-04-03,INTU,Hanebrink Anton,,0001628280-26-023696,2026-04-01,F,418.253,432.38,30010.996,D,,,,,,
896878,2026-04-03,INTU,Hanebrink Anton,,0001628280-26-023696,2026-04-01,M,348.0,0.0,29953.249,D,,,,,,
896878,2026-05-05,INTU,Burton Eve B,,0001628280-26-030785,2026-05-03,M,118.0,248.86,1853.427,D,non_derivative,Common Stock,,,,
896878,2026-05-05,INTU,Burton Eve B,,0001628280-26-030785,2026-05-03,M,118.0,248.86,0.0,D,derivative,Restricted Stock Units,Common Stock,118.0,,2026-05-03
896878,2026-05-05,INTU,Burton Eve B,,0001628280-26-030785,2026-05-03,M,118.0,248.86,1853.427,D,,,,,,
896878,2026-05-11,INTU,SZKUTAK THOMAS J,,0001628280-26-033701,2026-05-08,A,87.0,396.31,87.0,D,derivative,Restricted Stock Units,Common Stock,87.0,,2031-05-08
896878,2026-05-11,INTU,Liu Deborah,,0001628280-26-033705,2026-05-08,A,75.0,396.31,75.0,D,derivative,Restricted Stock Units,Common Stock,75.0,,2036-05-08
896878,2026-05-11,INTU,SZKUTAK THOMAS J,,0001628280-26-033701,2026-05-07,M,63.0,401.04,5672.0,D,non_derivative,Common Stock,,,,
896878,2026-05-11,INTU,DALZELL RICHARD L,,0001628280-26-033698,2026-05-07,M,77.0,401.04,0.0,D,derivative,Restricted Stock Units,Common Stock,77.0,,2026-05-07
896878,2026-05-11,INTU,DALZELL RICHARD L,,0001628280-26-033698,2026-05-07,M,77.0,401.04,13330.0,D,non_derivative,Common Stock,,,,
896878,2026-05-11,INTU,DALZELL RICHARD L,,0001628280-26-033698,2026-05-08,A,81.0,396.31,81.0,D,derivative,Restricted Stock Units,Common Stock,81.0,,2031-05-08
896878,2026-05-11,INTU,DALZELL RICHARD L,,0001628280-26-033698,2026-05-07,M,77.0,401.04,13330.0,D,,,,,,
896878,2026-05-11,INTU,Mawakana Tekedra,,0001628280-26-033710,2026-05-08,A,64.0,396.31,64.0,D,derivative,Restricted Stock Units,Common Stock,64.0,,2036-05-08
896878,2026-05-11,INTU,Norrod Forrest Eugene,,0001628280-26-033713,2026-05-08,A,64.0,396.31,64.0,D,derivative,Restricted Stock Units,Common Stock,64.0,,2031-05-08
896878,2026-05-11,INTU,SZKUTAK THOMAS J,,0001628280-26-033701,2026-05-07,M,63.0,401.04,5672.0,D,,,,,,
896878,2026-05-11,INTU,Burton Eve B,,0001628280-26-033703,2026-05-08,A,70.0,396.31,70.0,D,derivative,Restricted Stock Units,Common Stock,70.0,,2033-05-08
896878,2026-05-11,INTU,SZKUTAK THOMAS J,,0001628280-26-033701,2026-05-07,M,63.0,401.04,0.0,D,derivative,Restricted Stock Units,Common Stock,63.0,,2026-05-07
896878,2026-05-26,INTU,PRABHU VASANT M,,0001628280-26-038218,2026-05-22,P,1250.0,309.4461,1250.0,D,non_derivative,Common Stock,,,,
896878,2026-05-26,INTU,PRABHU VASANT M,,0001628280-26-038218,2026-05-26,P,500.0,309.715,1750.0,D,non_derivative,Common Stock,,,,
896878,2026-06-11,INTU,DALZELL RICHARD L,,0001628280-26-042587,2026-06-11,S,338.0,279.86,12326.0,D,non_derivative,Common Stock,,,,
896878,2026-06-11,INTU,DALZELL RICHARD L,,0001628280-26-042587,2026-06-10,S,333.0,287.5,12664.0,D,non_derivative,Common Stock,,,,
896878,2026-06-11,INTU,DALZELL RICHARD L,,0001628280-26-042587,2026-06-09,S,333.0,297.65,12997.0,D,non_derivative,Common Stock,,,,
896878,2026-06-17,INTU,DALZELL RICHARD L,,0001628280-26-044071,2026-06-16,S,284.0,282.2,12042.0,D,non_derivative,Common Stock,,,,
896878,2026-06-24,INTU,DALZELL RICHARD L,,0001628280-26-045254,2026-06-23,S,284.0,262.32,11758.0,D,non_derivative,Common Stock,,,,
896878,2026-07-06,INTU,McLean Kerry J,,0001628280-26-047350,2026-07-01,M,244.0,0.0,0.0,D,derivative,Restricted Stock Units,Common Stock,244.0,,
896878,2026-07-06,INTU,Aujla Sandeep,,0001628280-26-047331,2026-07-01,F,953.571,261.0,3112.2036,D,non_derivative,Common Stock,,,,
896878,2026-07-06,INTU,Hanebrink Anton,,0001628280-26-047334,2026-07-01,F,791.121,261.0,30806.875,D,non_derivative,Common Stock,,,,
896878,2026-07-06,INTU,Hanebrink Anton,,0001628280-26-047334,2026-07-01,M,349.0,0.0,0.0,D,derivative,Restricted Stock Units,Common Stock,349.0,,
896878,2026-07-06,INTU,Goodarzi Sasan K,,0001628280-26-047356,2026-07-01,F,1607.435,261.0,17208.482,I,non_derivative,Common Stock,,,,
896878,2026-07-06,INTU,Goodarzi Sasan K,,0001628280-26-047356,2026-07-01,M,653.526,0.0,0.0,D,derivative,Restricted Stock Units,Common Stock,653.526,,
896878,2026-07-06,INTU,Hilliard Caryl Lyn,,0001628280-26-047342,2026-07-01,M,122.0,0.0,23274.915,D,non_derivative,Common Stock,,,,
896878,2026-07-06,INTU,Hanebrink Anton,,0001628280-26-047334,2026-07-01,M,349.0,0.0,30359.996,D,non_derivative,Common Stock,,,,
896878,2026-07-06,INTU,Hilliard Caryl Lyn,,0001628280-26-047342,2026-07-01,F,208.608,261.0,23414.307,D,non_derivative,Common Stock,,,,
896878,2026-07-06,INTU,McLean Kerry J,,0001628280-26-047350,2026-07-01,F,294.316,261.0,29516.8236,D,non_derivative,Common Stock,,,,
896878,2026-07-06,INTU,Goodarzi Sasan K,,0001628280-26-047356,2026-07-01,M,653.526,0.0,16230.085,I,non_derivative,Common Stock,,,,
896878,2026-07-06,INTU,Hotz Lauren D,,0001628280-26-047345,2026-07-01,M,42.0,0.0,2272.5692,D,non_derivative,Common Stock,,,,
896878,2026-07-06,INTU,Aujla Sandeep,,0001628280-26-047331,2026-07-01,M,346.0,0.0,2554.7746,D,non_derivative,Common Stock,,,,
896878,2026-07-06,INTU,McLean Kerry J,,0001628280-26-047350,2026-07-01,M,244.0,0.0,29205.1396,D,non_derivative,Common Stock,,,,
896878,2026-07-06,INTU,Hilliard Caryl Lyn,,0001628280-26-047342,2026-07-01,M,122.0,0.0,0.0,D,derivative,Restricted Stock Units,Common Stock,122.0,,
896878,2026-07-06,INTU,Aujla Sandeep,,0001628280-26-047331,2026-07-01,M,346.0,0.0,1385.0,D,derivative,Restricted Stock Units,Common Stock,346.0,,
896878,2026-07-06,INTU,Hotz Lauren D,,0001628280-26-047345,2026-07-01,M,42.0,0.0,0.0,D,derivative,Restricted Stock Units,Common Stock,42.0,,
896878,2026-07-06,INTU,Hotz Lauren D,,0001628280-26-047345,2026-07-01,F,347.628,261.0,2534.9412,D,non_derivative,Common Stock,,,,
896878,2026-07-27,INTU,Hilliard Caryl Lyn,,0001628280-26-049893,2026-07-23,A,12791.0,0.0,12791.0,D,derivative,Restricted Stock Units (performance-based vesting),Common Stock,12791.0,,
896878,2026-07-27,INTU,Hanebrink Anton,,0001628280-26-049891,2026-07-23,A,17209.0,0.0,17209.0,D,derivative,Restricted Stock Units,Common Stock,17209.0,,
896878,2026-07-27,INTU,Goodarzi Sasan K,,0001628280-26-049897,2026-07-23,A,52064.0,0.0,52064.0,D,derivative,Restricted Stock Units (performance-based vesting),Common Stock,52064.0,,
896878,2026-07-27,INTU,Goodarzi Sasan K,,0001628280-26-049897,2026-07-23,A,31338.0,0.0,31338.0,D,derivative,Restricted Stock Units,Common Stock,31338.0,,
896878,2026-07-27,INTU,Aujla Sandeep,,0001628280-26-049889,2026-07-23,A,32606.0,0.0,32606.0,D,derivative,Restricted Stock Units,Common Stock,32606.0,,
896878,2026-07-27,INTU,Hanebrink Anton,,0001628280-26-049891,2026-07-23,A,14295.0,0.0,14295.0,D,derivative,Restricted Stock Units (performance-based vesting),Common Stock,14295.0,,
896878,2026-07-27,INTU,Hilliard Caryl Lyn,,0001628280-26-049893,2026-07-23,A,15397.0,0.0,15397.0,D,derivative,Restricted Stock Units,Common Stock,15397.0,,
896878,2026-07-27,INTU,Goodarzi Sasan K,,0001628280-26-049897,2026-07-23,A,69434.0,0.0,69434.0,D,derivative,Non-Qualified Stock Options (right to buy),Common Stock,69434.0,281.53,2033-07-22
896878,2026-07-27,INTU,Aujla Sandeep,,0001628280-26-049889,2026-07-23,A,27086.0,0.0,27086.0,D,derivative,Restricted Stock Units (performance-based vesting),Common Stock,27086.0,,
896878,2026-07-27,INTU,Hotz Lauren D,,0001628280-26-049895,2026-07-23,A,18114.0,0.0,18114.0,D,derivative,Restricted Stock Units,Common Stock,18114.0,,
896878,2026-07-27,INTU,Hotz Lauren D,,0001628280-26-049895,2026-07-23,A,15048.0,0.0,15048.0,D,derivative,Restricted Stock Units (performance-based vesting),Common Stock,15048.0,,
896878,2026-07-28,INTU,Burton Eve B,,0001628280-26-050300,2026-07-24,A,100.0,275.62,100.0,D,derivative,Restricted Stock Units,Common Stock,100.0,,2033-07-24
896878,2026-07-28,INTU,DALZELL RICHARD L,,0001628280-26-050298,2026-07-24,A,116.0,275.62,116.0,D,derivative,Restricted Stock Units,Common Stock,116.0,,2031-07-24
896878,2026-07-28,INTU,Liu Deborah,,0001628280-26-050296,2026-07-24,A,107.0,275.62,107.0,D,derivative,Restricted Stock Units,Common Stock,107.0,,2036-07-24
896878,2026-07-28,INTU,Burton Eve B,,0001628280-26-050300,2026-07-25,M,105.0,281.6,0.0,D,derivative,Restricted Stock Units,Common Stock,105.0,,2026-07-25
896878,2026-07-28,INTU,Burton Eve B,,0001628280-26-050300,2026-07-25,M,105.0,281.6,1963.757,D,non_derivative,Common Stock,,,,
896878,2026-07-28,INTU,Mawakana Tekedra,,0001628280-26-050294,2026-07-24,A,91.0,275.62,91.0,D,derivative,Restricted Stock Units,Common Stock,91.0,,2036-07-24
896878,2026-07-28,INTU,Norrod Forrest Eugene,,0001628280-26-050291,2026-07-24,A,91.0,275.62,91.0,D,derivative,Restricted Stock Units,Common Stock,91.0,,2031-07-24
896878,2026-07-28,INTU,SZKUTAK THOMAS J,,0001628280-26-050288,2026-07-24,A,125.0,275.62,125.0,D,derivative,Restricted Stock Units,Common Stock,125.0,,2031-07-24
896878,2026-07-31,INTU,SZKUTAK THOMAS J,,0001628280-26-051443,2026-07-30,M,48.0,529.97,5720.0,D,non_derivative,Common Stock,,,,
896878,2026-07-31,INTU,SZKUTAK THOMAS J,,0001628280-26-051443,2026-07-30,M,48.0,529.97,0.0,D,derivative,Restricted Stock Units,Common Stock,48.0,,2026-07-30
896878,2026-07-31,INTU,DALZELL RICHARD L,,0001628280-26-051432,2026-07-30,M,58.0,529.97,0.0,D,derivative,Restricted Stock Units,Common Stock,58.0,,2026-07-30
896878,2026-07-31,INTU,DALZELL RICHARD L,,0001628280-26-051432,2026-07-30,M,58.0,529.97,11816.0,D,non_derivative,Common Stock,,,,
896878,2026-08-05,INTU,McDermott William R,,0001628280-26-053719,2026-08-03,A,413.0,0.0,413.0,D,derivative,Restricted Stock Units,Common Stock,413.0,,2031-08-03
896878,2026-08-05,INTU,FRIEDMAN ADENA T,,0001628280-26-053716,2026-08-03,A,413.0,0.0,413.0,D,derivative,Restricted Stock Units,Common Stock,413.0,,2031-08-03
896878,2026-08-13,INTU,Cozzens Tyler Ralph,,0001628280-26-056890,2026-08-11,M,89.0,0.0,6185.604,D,non_derivative,Common Stock,,,,
896878,2026-08-13,INTU,Aujla Sandeep,,0001628280-26-056888,2026-08-11,F,120.42,334.43,3231.7836,D,non_derivative,Common Stock,,,,
896878,2026-08-13,INTU,Aujla Sandeep,,0001628280-26-056888,2026-08-11,M,120.0,0.0,3232.2036,D,non_derivative,Common Stock,,,,
896878,2026-08-13,INTU,Cozzens Tyler Ralph,,0001628280-26-056890,2026-08-11,M,84.0,0.0,0.0,D,derivative,Restricted Stock Units (MSPP Matching Award),Common Stock,84.0,,
896878,2026-08-13,INTU,Cozzens Tyler Ralph,,0001628280-26-056890,2026-08-11,M,89.0,497.77,0.0,D,derivative,Restricted Stock Units (MSPP Purchased Award),Common Stock,89.0,,2026-08-11
896878,2026-08-13,INTU,Cozzens Tyler Ralph,,0001628280-26-056890,2026-08-11,F,56.229,334.43,6213.375,D,non_derivative,Common Stock,,,,
896878,2026-08-13,INTU,Aujla Sandeep,,0001628280-26-056888,2026-08-11,M,120.0,497.77,0.0,D,derivative,Restricted Stock Units (MSPP Purchased Award),Common Stock,120.0,,2026-08-11
896878,2026-08-13,INTU,Hanebrink Anton,,0001628280-26-056892,2026-08-11,M,194.0,0.0,0.0,D,derivative,Restricted Stock Units (MSPP Matching Award),Common Stock,194.0,,
896878,2026-08-13,INTU,Hanebrink Anton,,0001628280-26-056892,2026-08-11,F,196.621,334.43,30998.254,D,non_derivative,Common Stock,,,,
896878,2026-08-13,INTU,Hanebrink Anton,,0001628280-26-056892,2026-08-11,M,194.0,0.0,31000.875,D,non_derivative,Common Stock,,,,
896878,2026-08-13,INTU,Hilliard Caryl Lyn,,0001628280-26-056894,2026-08-11,M,104.0,0.0,0.0,D,derivative,Restricted Stock Units (MSPP Matching Award),Common Stock,104.0,,
896878,2026-08-13,INTU,Hilliard Caryl Lyn,,0001628280-26-056894,2026-08-11,M,109.0,497.77,0.0,D,derivative,Restricted Stock Units (MSPP Purchased Award),Common Stock,109.0,,2026-08-11
896878,2026-08-13,INTU,Hilliard Caryl Lyn,,0001628280-26-056894,2026-08-11,F,90.048,334.43,23537.259,D,non_derivative,Common Stock,,,,
896878,2026-08-13,INTU,Hilliard Caryl Lyn,,0001628280-26-056894,2026-08-11,M,109.0,0.0,23523.307,D,non_derivative,Common Stock,,,,
896878,2026-08-13,INTU,Hanebrink Anton,,0001628280-26-056892,2026-08-11,M,194.0,497.77,0.0,D,derivative,Restricted Stock Units (MSPP Purchased Award),Common Stock,194.0,,2026-08-11
896878,2026-08-13,INTU,Aujla Sandeep,,0001628280-26-056888,2026-08-11,M,120.0,0.0,0.0,D,derivative,Restricted Stock Units (MSPP Matching Award),Common Stock,120.0,,
0000896878,2026-08-17,INTU,Cozzens Tyler Ralph,,0001628280-26-057504,2026-08-14,A,207,0,207,D,derivative,Restricted Stock Units (MSPP Matching Award),Common Stock,207,,
0000896878,2026-08-17,INTU,Cozzens Tyler Ralph,,0001628280-26-057504,2026-08-14,A,207,345.66,207,D,derivative,Restricted Stock Units (MSPP Purchased Award),Common Stock,207,,2029-08-14
0000896878,2026-08-17,INTU,Hilliard Caryl Lyn,,0001628280-26-057501,2026-08-14,A,264,345.66,264,D,derivative,Restricted Stock Units (MSPP Purchased Award),Common Stock,264,,2029-08-14
0000896878,2026-08-17,INTU,Hotz Lauren D,,0001628280-26-057506,2026-08-14,A,201,345.66,201,D,derivative,Restricted Stock Units (MSPP Purchased Award),Common Stock,201,,2029-08-14
0000896878,2026-08-17,INTU,Hotz Lauren D,,0001628280-26-057506,2026-08-14,A,201,0,201,D,derivative,Restricted Stock Units (MSPP Matching Award),Common Stock,201,,
0000896878,2026-08-17,INTU,Hilliard Caryl Lyn,,0001628280-26-057501,2026-08-14,A,264,0,264,D,derivative,Restricted Stock Units (MSPP Matching Award),Common Stock,264,,
