cik,filingDate,issuerTradingSymbol,reportingOwnerName,reportingOwnerRelationship,accessionNumber,transactionDate,transactionCode,transactionShares,transactionPricePerShare,sharesOwnedFollowingTransaction,directOrIndirectOwnership,transactionType,securityTitle,underlyingSecurityTitle,underlyingSecurityShares,exercisePrice,expirationDate
728535,2016-07-19,JBHT,Simpson Shelley,isOther,0001562180-16-002820,2016-07-15,M,3000.0,0.0,49018.0,D,,,,,,
728535,2016-07-19,JBHT,Simpson Shelley,isOther,0001562180-16-002820,2016-07-15,F,5896.0,85.27,56335.0,D,,,,,,
728535,2016-07-19,JBHT,Bracy Kevin,isOther,0001562180-16-002819,2016-07-15,M,80.0,0.0,1854.0,D,,,,,,
728535,2016-07-19,JBHT,Bracy Kevin,isOther,0001562180-16-002819,2016-07-15,F,291.0,85.27,2113.0,D,,,,,,
728535,2016-07-19,JBHT,Scott Stuart Lockard,isOther,0001562180-16-002818,2016-07-15,M,3000.0,0.0,3000.0,D,,,,,,
728535,2016-07-19,JBHT,ROBERTS JOHN N,isOfficer,0001562180-16-002817,2016-07-15,M,9094.0,0.0,236061.0,D,,,,,,
728535,2016-07-19,JBHT,ROBERTS JOHN N,isOfficer,0001562180-16-002817,2016-07-15,F,3542.0,85.27,277210.0,D,,,,,,
728535,2016-07-19,JBHT,MEE DAVID G,"isOfficer,isOther",0001562180-16-002816,2016-07-15,M,2000.0,0.0,116500.0,D,,,,,,
728535,2016-07-19,JBHT,MEE DAVID G,"isOfficer,isOther",0001562180-16-002816,2016-07-15,F,4735.0,85.27,134000.0,D,,,,,,
728535,2016-07-19,JBHT,MATTHEWS TERRENCE D,isOther,0001562180-16-002815,2016-07-15,M,17500.0,0.0,22409.0,D,,,,,,
728535,2016-07-19,JBHT,MATTHEWS TERRENCE D,isOther,0001562180-16-002815,2016-07-15,F,1451.0,85.27,37276.0,D,,,,,,
728535,2016-07-19,JBHT,Kuhlow John,isOther,0001562180-16-002814,2016-07-15,M,1000.0,0.0,3786.0,D,,,,,,
728535,2016-07-19,JBHT,Kuhlow John,isOther,0001562180-16-002814,2016-07-15,F,152.0,85.27,5239.0,D,,,,,,
728535,2016-07-19,JBHT,HARPER ALFRED C,isOther,0001562180-16-002813,2016-07-15,M,3125.0,0.0,14552.0,D,,,,,,
728535,2016-07-19,JBHT,HARPER ALFRED C,isOther,0001562180-16-002813,2016-07-15,F,846.0,85.27,24593.0,D,,,,,,
728535,2016-07-19,JBHT,Hobbs Nicholas,isOfficer,0001562180-16-002812,2016-07-15,M,1000.0,0.0,39824.0,D,,,,,,
728535,2016-07-19,JBHT,Hobbs Nicholas,isOfficer,0001562180-16-002812,2016-07-15,F,414.0,85.27,58623.0,D,,,,,,
728535,2016-07-19,JBHT,THOMPSON JAMES K,"isDirector,isOfficer",0001562180-16-002811,2016-07-15,M,10000.0,0.0,75346.0,D,,,,,,
728535,2016-07-19,JBHT,THOMPSON JAMES K,"isDirector,isOfficer",0001562180-16-002811,2016-07-15,F,3143.0,85.27,100697.0,D,,,,,,
728535,2016-07-22,JBHT,THOMPSON JAMES K,"isDirector,isOfficer",0001562180-16-002832,2016-07-20,S,20000.0,81.183,67921.0,D,,,,,,
728535,2016-07-22,JBHT,THOMPSON JAMES K,"isDirector,isOfficer",0001562180-16-002832,2016-07-20,J,2175.0,81.55,65746.0,D,,,,,,
728535,2016-07-25,JBHT,MATTHEWS TERRENCE D,isOther,0001562180-16-002835,2016-07-21,S,18122.0,81.5,4252.0,D,,,,,,
728535,2016-07-28,JBHT,GARRISON EARL WAYNE,isDirector,0001562180-16-002850,2016-07-26,S,50000.0,84.0416,2350000.0,D,,,,,,
728535,2016-08-02,JBHT,Scott Stuart Lockard,isOther,0001562180-16-002880,2016-07-29,S,4360.0,83.12,5130.0,D,,,,,,
728535,2016-08-03,JBHT,MEE DAVID G,"isOfficer,isOther",0001562180-16-002895,2016-08-01,G,850.0,82.51,126408.0,D,,,,,,
728535,2016-08-03,JBHT,HARPER ALFRED C,isOther,0001562180-16-002894,2016-08-01,S,5944.0,83.1864,11597.0,D,,,,,,
728535,2016-08-10,JBHT,MATTHEWS TERRENCE D,isOther,0001562180-16-002958,2016-08-09,G,2870.0,82.13,27491.0,I,,,,,,
728535,2016-08-10,JBHT,MEE DAVID G,"isOfficer,isOther",0001562180-16-002957,2016-08-08,S,6408.0,81.93,120000.0,D,,,,,,
728535,2016-08-19,JBHT,Simpson Shelley,isOther,0001562180-16-003024,2016-08-17,G,2500.0,82.41,53835.0,D,,,,,,
728535,2016-08-23,JBHT,Hobbs Nicholas,isOfficer,0001562180-16-003035,2016-08-19,S,1201.0,83.3,49474.0,D,,,,,,
728535,2016-10-28,JBHT,THOMPSON JAMES K,"isDirector,isOfficer",0001562180-16-003286,2016-10-26,S,5400.0,79.523,60346.0,D,,,,,,
728535,2016-11-10,JBHT,George Gary Charles,isDirector,0001562180-16-003456,2016-11-08,S,46464.0,83.28,570018.0,I,,,,,,
728535,2016-11-10,JBHT,GARRISON EARL WAYNE,isDirector,0001562180-16-003455,2016-11-08,S,50000.0,84.7579,2300000.0,D,,,,,,
728535,2016-11-14,JBHT,Hobbs Nicholas,isOfficer,0001562180-16-003469,2016-11-07,G,1852.0,82.62,47622.0,D,,,,,,
728535,2016-11-14,JBHT,Hobbs Nicholas,isOfficer,0001562180-16-003469,2016-11-07,S,618.0,81.025,47004.0,D,,,,,,
728535,2016-11-16,JBHT,JOHNELLE HUNT LLC,isTenPercentOwner,0001562180-16-003529,2016-11-14,S,51310.0,91.8532,240000.0,D,,,,,,
728535,2016-12-01,JBHT,ROBERTS JOHN N,isOfficer,0001562180-16-003631,2016-11-21,G,3608.0,91.67,255977.0,D,,,,,,
728535,2016-12-01,JBHT,ROBERTS JOHN N,isOfficer,0001562180-16-003631,2016-11-23,G,219.0,92.92,255758.0,D,,,,,,
728535,2016-12-01,JBHT,ROBERTS JOHN N,isOfficer,0001562180-16-003631,2016-11-28,G,55.0,93.12,255703.0,D,,,,,,
728535,2016-12-01,JBHT,ROBERTS JOHN N,isOfficer,0001562180-16-003631,2016-11-29,G,693.0,93.52,255010.0,D,,,,,,
728535,2016-12-02,JBHT,THOMPSON JAMES K,"isDirector,isOfficer",0001562180-16-003660,2016-12-02,S,10000.0,96.617,50346.0,D,,,,,,
728535,2016-12-12,JBHT,ROBERTS JOHN N,isOfficer,0001562180-16-003734,2016-12-09,S,15000.0,101.5667,240010.0,D,,,,,,
728535,2016-12-12,JBHT,MEE DAVID G,"isOfficer,isOther",0001562180-16-003733,2016-12-09,S,7000.0,100.321,113000.0,D,,,,,,
728535,2016-12-12,JBHT,GARRISON EARL WAYNE,isDirector,0001562180-16-003732,2016-12-08,S,50000.0,100.2796,2250000.0,D,,,,,,
728535,2017-02-15,JBHT,George Gary Charles,isDirector,0001562180-17-000711,2017-02-13,G,3900.0,100.36,37248.0,D,,,,,,
728535,2017-03-13,JBHT,Kuhlow John,isOther,0001562180-17-001243,2017-03-10,S,500.0,96.68,3999.0,D,,,,,,
728535,2017-04-25,JBHT,Peterson Coleman H,isDirector,0001562180-17-001545,2017-04-20,A,2228.0,89.77,36401.0,D,,,,,,
728535,2017-04-25,JBHT,HUNT JOHNNIE B JR,isDirector,0001562180-17-001544,2017-04-20,A,2228.0,89.77,73025.0,D,,,,,,
728535,2017-04-25,JBHT,ROBO JAMES L,isDirector,0001562180-17-001546,2017-04-20,A,2228.0,89.77,41523.0,D,,,,,,
728535,2017-04-25,JBHT,Edwardson Francesca M.,isDirector,0001562180-17-001541,2017-04-20,A,2228.0,89.77,16620.0,D,,,,,,
728535,2017-04-25,JBHT,George Gary Charles,isDirector,0001562180-17-001543,2017-04-20,A,2228.0,89.77,39476.0,D,,,,,,
728535,2017-04-25,JBHT,GASAWAY SHARILYN S,isDirector,0001562180-17-001542,2017-04-20,A,1114.0,89.77,19540.0,D,,,,,,
728535,2017-06-05,JBHT,Scott Stuart Lockard,isOfficer,0001562180-17-002164,2016-08-19,P,13.714,84.6828,5143.714,D,,,,,,
728535,2017-06-05,JBHT,Scott Stuart Lockard,isOfficer,0001562180-17-002164,2016-11-18,P,12.389,91.3407,5156.103,D,,,,,,
728535,2017-06-05,JBHT,Scott Stuart Lockard,isOfficer,0001562180-17-002164,2017-02-24,P,12.206,97.1571,5168.309,D,,,,,,
728535,2017-06-05,JBHT,Scott Stuart Lockard,isOfficer,0001562180-17-002164,2017-05-19,P,14.121,84.1802,5182.43,D,,,,,,
728535,2017-07-18,JBHT,Bracy Kevin,isOfficer,0001562180-17-002490,2017-07-15,F,256.0,91.85,2500.0,D,,,,,,
728535,2017-07-18,JBHT,Simpson Shelley,isOfficer,0001562180-17-002485,2017-07-15,F,6626.0,91.85,62144.0,D,,,,,,
728535,2017-07-18,JBHT,McGee Eric,isOfficer,0001562180-17-002488,2017-07-15,F,918.0,91.85,3008.0,D,,,,,,
728535,2017-07-18,JBHT,Field Darren P.,isOfficer,0001562180-17-002489,2017-07-15,F,97.0,91.85,5060.0,D,,,,,,
728535,2017-07-18,JBHT,THOMPSON JAMES K,"isDirector,isOfficer",0001562180-17-002484,2017-07-15,M,4295.0,91.85,54641.0,D,,,,,,
728535,2017-07-18,JBHT,Bracy Kevin,isOfficer,0001562180-17-002490,2017-07-15,M,183.0,91.85,2296.0,D,,,,,,
728535,2017-07-18,JBHT,Scott Stuart Lockard,isOfficer,0001562180-17-002487,2017-07-15,F,4586.0,91.85,10933.43,D,,,,,,
728535,2017-07-18,JBHT,Kuhlow John,isOfficer,0001562180-17-002486,2017-07-15,M,440.0,91.85,4439.0,D,,,,,,
728535,2017-07-18,JBHT,Kuhlow John,isOfficer,0001562180-17-002486,2017-07-15,F,431.0,91.85,4809.0,D,,,,,,
728535,2017-07-18,JBHT,Simpson Shelley,isOfficer,0001562180-17-002485,2017-07-15,M,3047.0,91.85,56882.0,D,,,,,,
728535,2017-07-18,JBHT,Scott Stuart Lockard,isOfficer,0001562180-17-002487,2017-07-15,M,3047.0,0.0,8229.43,D,,,,,,
728535,2017-07-18,JBHT,McGee Eric,isOfficer,0001562180-17-002488,2017-07-15,M,400.0,91.85,2040.0,D,,,,,,
728535,2017-07-18,JBHT,Field Darren P.,isOfficer,0001562180-17-002489,2017-07-15,M,340.0,91.85,1177.0,D,,,,,,
728535,2017-07-18,JBHT,MEE DAVID G,isOfficer,0001562180-17-002482,2017-07-15,M,3000.0,91.85,116000.0,D,,,,,,
728535,2017-07-18,JBHT,MATTHEWS TERRENCE D,isOfficer,0001562180-17-002481,2017-07-15,M,2000.0,91.85,6252.0,D,,,,,,
728535,2017-07-18,JBHT,Hicks Bradley W.,isOfficer,0001562180-17-002480,2017-07-15,M,460.0,91.85,17418.0,D,,,,,,
728535,2017-07-18,JBHT,ROBERTS JOHN N,isOfficer,0001562180-17-002483,2017-07-15,M,15000.0,91.85,255010.0,D,,,,,,
728535,2017-07-18,JBHT,MEE DAVID G,isOfficer,0001562180-17-002482,2017-07-15,F,6806.0,91.85,120267.0,D,,,,,,
728535,2017-07-18,JBHT,ROBERTS JOHN N,isOfficer,0001562180-17-002483,2017-07-15,F,31989.0,91.85,274177.0,D,,,,,,
728535,2017-07-18,JBHT,THOMPSON JAMES K,"isDirector,isOfficer",0001562180-17-002484,2017-07-15,F,6492.0,91.85,60349.0,D,,,,,,
728535,2017-07-18,JBHT,MATTHEWS TERRENCE D,isOfficer,0001562180-17-002481,2017-07-15,F,14079.0,91.85,25946.0,D,,,,,,
728535,2017-07-18,JBHT,Hobbs Nicholas,isOfficer,0001562180-17-002479,2017-07-15,M,2000.0,91.85,49004.0,D,,,,,,
728535,2017-07-18,JBHT,Hobbs Nicholas,isOfficer,0001562180-17-002479,2017-07-15,F,7707.0,91.85,55232.0,D,,,,,,
728535,2017-07-18,JBHT,HARPER ALFRED C,isOfficer,0001562180-17-002478,2017-07-15,M,3048.0,91.85,14645.0,D,,,,,,
728535,2017-07-18,JBHT,HARPER ALFRED C,isOfficer,0001562180-17-002478,2017-07-15,F,6000.0,91.85,16632.0,D,,,,,,
728535,2017-07-18,JBHT,Hicks Bradley W.,isOfficer,0001562180-17-002480,2017-07-15,F,1622.0,91.85,19690.0,D,,,,,,
728535,2017-07-20,JBHT,THOMPSON JAMES K,"isDirector,isOfficer",0001562180-17-002494,2017-07-19,S,8503.0,91.7574,51846.0,D,,,,,,
728535,2017-07-26,JBHT,Hobbs Nicholas,isOfficer,0001562180-17-002504,2017-07-25,S,4000.0,93.55,51232.0,D,,,,,,
728535,2017-07-27,JBHT,McGee Eric,isOfficer,0001562180-17-002525,2017-07-26,S,1368.0,93.3712,1640.0,D,,,,,,
728535,2017-07-27,JBHT,Kuhlow John,isOfficer,0001562180-17-002524,2017-07-25,S,810.0,93.71,3999.0,D,,,,,,
728535,2017-07-27,JBHT,Hobbs Nicholas,isOfficer,0001562180-17-002523,2017-07-25,G,1603.0,93.36,49629.0,D,,,,,,
728535,2017-07-27,JBHT,Hobbs Nicholas,isOfficer,0001562180-17-002523,2017-07-26,G,268.0,93.6,49361.0,D,,,,,,
728535,2017-07-31,JBHT,THOMPSON JAMES K,"isDirector,isOfficer",0001562180-17-002535,2017-07-28,G,1500.0,90.37,50346.0,D,,,,,,
728535,2017-08-09,JBHT,MEE DAVID G,isOfficer,0001562180-17-002624,2017-08-08,S,10767.0,91.2909,109500.0,D,,,,,,
728535,2017-08-10,JBHT,ROBERTS JOHN N,isOfficer,0001562180-17-002648,2017-08-08,S,7000.0,91.46,260177.0,D,,,,,,
728535,2017-08-10,JBHT,ROBERTS JOHN N,isOfficer,0001562180-17-002643,2017-08-08,S,6800.0,91.2441,267377.0,D,,,,,,
728535,2017-08-14,JBHT,Hicks Bradley W.,isOfficer,0001562180-17-002665,2017-08-11,S,1000.0,94.7301,18690.0,D,,,,,,
728535,2017-08-18,JBHT,Simpson Shelley,isOfficer,0001562180-17-002767,2017-08-18,S,3700.0,97.05,55944.0,D,,,,,,
728535,2017-08-18,JBHT,George Gary Charles,isDirector,0001562180-17-002766,2017-08-16,G,2000.0,97.3,37476.0,D,,,,,,
728535,2017-08-18,JBHT,Simpson Shelley,isOfficer,0001562180-17-002765,2017-08-17,G,2500.0,96.89,59644.0,D,,,,,,
728535,2017-08-21,JBHT,ROBERTS JOHN N,isOfficer,0001562180-17-002771,2017-08-15,G,2571.0,97.38,257606.0,D,,,,,,
728535,2017-08-21,JBHT,ROBERTS JOHN N,isOfficer,0001562180-17-002771,2017-08-16,G,103.0,97.3,257503.0,D,,,,,,
728535,2017-08-21,JBHT,ROBERTS JOHN N,isOfficer,0001562180-17-002771,2017-08-17,G,52.0,96.89,255906.0,D,,,,,,
728535,2017-08-21,JBHT,ROBERTS JOHN N,isOfficer,0001562180-17-002771,2017-08-18,G,52.0,96.63,255854.0,D,,,,,,
728535,2017-08-29,JBHT,MATTHEWS TERRENCE D,isOfficer,0001562180-17-002802,2017-08-11,G,2112.0,94.7,23834.0,D,,,,,,
728535,2017-08-29,JBHT,Hicks Bradley W.,isOfficer,0001562180-17-002799,2017-08-29,S,1000.0,100.4001,17690.0,D,,,,,,
728535,2017-08-30,JBHT,GARRISON EARL WAYNE,isDirector,0001562180-17-002805,2017-08-29,S,36030.0,100.2261,2213970.0,D,,,,,,
728535,2017-08-31,JBHT,J B HUNT LLC,isTenPercentOwner,0001562180-17-002809,2017-08-29,S,975000.0,98.0,17477085.0,D,,,,,,
728535,2017-08-31,JBHT,HUNT JOHNELLE D,isTenPercentOwner,0001562180-17-002808,2017-08-29,S,975000.0,98.0,17477085.0,I,,,,,,
728535,2017-08-31,JBHT,GARRISON EARL WAYNE,isDirector,0001562180-17-002807,2017-08-29,S,63970.0,100.392,2150000.0,D,,,,,,
728535,2017-09-06,JBHT,Field Darren P.,isOfficer,0001562180-17-002846,2017-09-06,S,1000.0,99.1018,4060.0,D,,,,,,
728535,2017-09-07,JBHT,ROBERTS JOHN N,isOfficer,0001562180-17-002910,2017-09-07,G,505.0,100.74,255349.0,D,,,,,,
728535,2017-09-11,JBHT,MATTHEWS TERRENCE D,isOfficer,0001562180-17-002928,2017-09-08,S,2694.0,101.0,21140.0,D,,,,,,
728535,2017-10-30,JBHT,GARRISON EARL WAYNE,isDirector,0001562180-17-003351,2017-10-27,S,100000.0,109.2944,2050000.0,D,,,,,,
728535,2017-11-02,JBHT,MATTHEWS TERRENCE D,isOfficer,0001562180-17-003445,2017-11-01,G,330.0,106.18,20810.0,D,,,,,,
728535,2017-12-01,JBHT,GARRISON EARL WAYNE,isDirector,0001562180-17-003703,2017-11-30,G,35000.0,111.14,2015000.0,D,,,,,,
728535,2017-12-08,JBHT,Hicks Bradley W.,isOfficer,0001562180-17-003795,2017-12-06,S,1000.0,110.3322,16690.0,D,,,,,,
728535,2017-12-11,JBHT,Kuhlow John,isOfficer,0001562180-17-003822,2017-12-08,S,500.0,112.55,3499.0,D,,,,,,
728535,2018-01-31,JBHT,GARRISON EARL WAYNE,isDirector,0001562180-18-000496,2018-01-24,S,21343.8308,125.79,0.0,D,,,,,,
728535,2018-03-01,JBHT,George Gary Charles,isDirector,0001562180-18-001331,2018-02-27,G,3090.0,0.0,34386.0,D,,,,,,
728535,2018-03-05,JBHT,THOMPSON JAMES K,"isDirector,isOfficer",0001562180-18-001430,2017-02-24,P,24.754,97.159,50482.449,D,,,,,,
728535,2018-03-05,JBHT,THOMPSON JAMES K,"isDirector,isOfficer",0001562180-18-001430,2017-05-19,P,28.639,84.177,50511.088,D,,,,,,
728535,2018-03-05,JBHT,THOMPSON JAMES K,"isDirector,isOfficer",0001562180-18-001430,2017-08-18,P,24.976,96.789,50536.064,D,,,,,,
728535,2018-03-05,JBHT,THOMPSON JAMES K,"isDirector,isOfficer",0001562180-18-001430,2017-11-17,P,23.386,103.613,50559.45,D,,,,,,
728535,2018-03-09,JBHT,HUNT JOHNNIE B JR,isDirector,0001562180-18-001577,2018-03-09,S,2328.0,121.0,70697.0,D,,,,,,
728535,2018-03-27,JBHT,George Gary Charles,isDirector,0001562180-18-001711,2018-03-15,G,37145.0,0.0,798706.0,I,,,,,,
728535,2018-04-11,JBHT,GARRISON EARL WAYNE,isDirector,0001562180-18-001885,2018-04-06,G,45000.0,0.0,1970000.0,D,,,,,,
728535,2018-04-20,JBHT,George Gary Charles,isDirector,0001562180-18-001952,2018-04-19,A,1772.0,121.27,36158.0,D,,,,,,
728535,2018-04-20,JBHT,ROBO JAMES L,isDirector,0001562180-18-001951,2018-04-19,A,1772.0,121.27,43295.0,D,,,,,,
728535,2018-04-20,JBHT,Peterson Coleman H,isDirector,0001562180-18-001950,2018-04-19,A,1772.0,121.27,38173.0,D,,,,,,
728535,2018-04-20,JBHT,GASAWAY SHARILYN S,isDirector,0001562180-18-001949,2018-04-19,A,886.0,121.27,20426.0,D,,,,,,
728535,2018-04-20,JBHT,Edwardson Francesca M.,isDirector,0001562180-18-001948,2018-04-19,A,1772.0,121.27,18392.0,D,,,,,,
728535,2018-04-26,JBHT,Field Darren P.,isOfficer,0001562180-18-001986,2018-04-18,S,1200.0,120.6174,2860.0,D,,,,,,
728535,2018-04-30,JBHT,George Gary Charles,isDirector,0001562180-18-002061,2018-04-27,G,988.0,0.0,568086.0,I,,,,,,
728535,2018-05-09,JBHT,GARRISON EARL WAYNE,isDirector,0001562180-18-002425,2018-05-09,S,100000.0,120.5427,1870000.0,D,,,,,,
728535,2018-05-09,JBHT,Hicks Bradley W.,isOfficer,0001562180-18-002424,2018-05-09,S,1300.0,120.6931,15390.0,D,,,,,,
728535,2018-05-18,JBHT,GARRISON EARL WAYNE,isDirector,0001562180-18-002579,2018-05-17,S,63439.0,126.1683,1806561.0,D,,,,,,
728535,2018-05-22,JBHT,Field Darren P.,isOfficer,0001562180-18-002603,2018-05-18,S,500.0,126.12,2360.0,D,,,,,,
728535,2018-05-31,JBHT,GARRISON EARL WAYNE,isDirector,0001562180-18-002731,2018-05-30,S,40800.0,129.4791,4200.0,I,,,,,,
728535,2018-06-08,JBHT,ROBO JAMES L,isDirector,0001562180-18-002925,2018-06-07,G,43295.0,0.0,0.0,D,,,,,,
728535,2018-07-16,JBHT,ROBERTS JOHN N,isOfficer,0001562180-18-003297,2018-07-15,M,15000.0,121.83,270349.0,D,,,,,,
728535,2018-07-16,JBHT,ROBERTS JOHN N,isOfficer,0001562180-18-003297,2018-07-15,F,25351.0,121.83,287155.0,D,,,,,,
728535,2018-07-16,JBHT,Field Darren P.,isOfficer,0001562180-18-003296,2018-07-15,M,600.0,121.83,2960.0,D,,,,,,
728535,2018-07-16,JBHT,Field Darren P.,isOfficer,0001562180-18-003296,2018-07-15,F,773.0,121.83,5587.0,D,,,,,,
728535,2018-07-16,JBHT,MATTHEWS TERRENCE D,isOfficer,0001562180-18-003295,2018-07-15,F,6777.0,121.83,28973.0,D,,,,,,
728535,2018-07-16,JBHT,HARPER ALFRED C,isOfficer,0001562180-18-003298,2018-07-15,M,1500.0,121.83,18132.0,D,,,,,,
728535,2018-07-16,JBHT,MATTHEWS TERRENCE D,isOfficer,0001562180-18-003295,2018-07-15,M,3000.0,121.83,23810.0,D,,,,,,
728535,2018-07-16,JBHT,HARPER ALFRED C,isOfficer,0001562180-18-003298,2018-07-15,F,4999.0,121.83,21181.0,D,,,,,,
728535,2018-07-16,JBHT,MEE DAVID G,isOfficer,0001562180-18-003291,2018-07-15,M,2916.0,121.83,112416.0,D,,,,,,
728535,2018-07-16,JBHT,McGee Eric,isOfficer,0001562180-18-003294,2018-07-15,F,706.0,121.83,2688.0,D,,,,,,
728535,2018-07-16,JBHT,MEE DAVID G,isOfficer,0001562180-18-003291,2018-07-15,F,6948.0,121.83,116626.0,D,,,,,,
728535,2018-07-16,JBHT,McGee Eric,isOfficer,0001562180-18-003294,2018-07-15,M,514.0,121.83,2154.0,D,,,,,,
728535,2018-07-16,JBHT,Hobbs Nicholas,isOfficer,0001562180-18-003293,2018-07-15,M,3048.0,121.83,52409.0,D,,,,,,
728535,2018-07-16,JBHT,Hobbs Nicholas,isOfficer,0001562180-18-003293,2018-07-15,F,6925.0,121.83,57372.0,D,,,,,,
728535,2018-07-16,JBHT,Bracy Kevin,isOfficer,0001562180-18-003292,2018-07-15,M,80.0,121.83,2580.0,D,,,,,,
728535,2018-07-16,JBHT,Bracy Kevin,isOfficer,0001562180-18-003292,2018-07-15,F,226.0,121.83,2817.0,D,,,,,,
728535,2018-07-17,JBHT,Scott Stuart Lockard,isOfficer,0001562180-18-003315,2018-07-15,M,2430.0,121.83,13363.43,D,,,,,,
728535,2018-07-17,JBHT,Scott Stuart Lockard,isOfficer,0001562180-18-003315,2018-07-15,F,4586.0,121.83,16685.43,D,,,,,,
728535,2018-07-17,JBHT,Simpson Shelley,isOfficer,0001562180-18-003314,2018-07-15,M,3000.0,121.83,58944.0,D,,,,,,
728535,2018-07-17,JBHT,Simpson Shelley,isOfficer,0001562180-18-003314,2018-07-15,F,6626.0,121.83,64254.0,D,,,,,,
728535,2018-07-17,JBHT,THOMPSON JAMES K,"isDirector,isOfficer",0001562180-18-003311,2018-07-15,M,4295.0,121.83,54854.45,D,,,,,,
728535,2018-07-17,JBHT,THOMPSON JAMES K,"isDirector,isOfficer",0001562180-18-003311,2018-07-15,F,1626.0,121.83,57828.45,D,,,,,,
728535,2018-07-17,JBHT,Kuhlow John,isOfficer,0001562180-18-003309,2018-07-15,M,440.0,121.83,3939.0,D,,,,,,
728535,2018-07-17,JBHT,Kuhlow John,isOfficer,0001562180-18-003309,2018-07-15,F,447.0,121.83,4293.0,D,,,,,,
728535,2018-07-17,JBHT,Hicks Bradley W.,isOfficer,0001562180-18-003308,2018-07-15,M,440.0,121.83,15830.0,D,,,,,,
728535,2018-07-17,JBHT,Hicks Bradley W.,isOfficer,0001562180-18-003308,2018-07-15,F,1804.0,121.83,17400.0,D,,,,,,
728535,2018-07-17,JBHT,BOATTINI JENNIFER,isOfficer,0001562180-18-003307,2018-07-15,M,70.0,121.83,5241.0,D,,,,,,
728535,2018-07-17,JBHT,BOATTINI JENNIFER,isOfficer,0001562180-18-003307,2018-07-15,F,250.0,121.83,5509.0,D,,,,,,
728535,2018-07-17,JBHT,BOATTINI JENNIFER,isOfficer,0001562180-18-003307,2018-07-16,F,265.0,121.83,5683.0,I,,,,,,
728535,2018-07-18,JBHT,THOMPSON JAMES K,"isDirector,isOfficer",0001562180-18-003329,2018-07-18,S,16269.0,122.0,41559.45,D,,,,,,
728535,2018-07-18,JBHT,THOMPSON JAMES K,"isDirector,isOfficer",0001562180-18-003329,2018-07-18,G,1000.0,0.0,40559.45,D,,,,,,
728535,2018-07-19,JBHT,MEE DAVID G,isOfficer,0001562180-18-003333,2018-07-18,S,6126.0,121.4706,110500.0,D,,,,,,
728535,2018-07-20,JBHT,McGee Eric,isOfficer,0001562180-18-003389,2018-07-20,S,1735.0,121.494,953.0,D,,,,,,
728535,2018-07-23,JBHT,ROBERTS JOHN N,isOfficer,0001562180-18-003390,2018-07-20,S,1905.0,121.6005,285250.0,D,,,,,,
728535,2018-08-02,JBHT,Hicks Bradley W.,isOfficer,0001562180-18-003461,2018-08-02,S,500.0,122.43,16900.0,D,,,,,,
728535,2018-08-09,JBHT,MATTHEWS TERRENCE D,isOfficer,0001562180-18-003541,2018-08-08,S,5163.0,122.11,23810.0,D,,,,,,
728535,2018-08-16,JBHT,ROBERTS JOHN N,isOfficer,0001562180-18-003634,2018-08-15,G,414.0,0.0,278516.0,D,,,,,,
728535,2018-10-24,JBHT,GARRISON EARL WAYNE,isDirector,0001562180-18-004266,2018-10-23,G,51503.0,0.0,1718497.0,D,,,,,,
728535,2018-11-01,JBHT,Simpson Shelley,isOfficer,0001562180-18-004356,2018-10-31,M,135.0,110.61,10669.0,I,,,,,,
728535,2018-11-01,JBHT,Simpson Shelley,isOfficer,0001562180-18-004356,2018-10-31,F,60.0,110.61,10609.0,I,,,,,,
728535,2018-11-01,JBHT,Kuhlow John,isOfficer,0001562180-18-004355,2018-10-31,M,254.0,110.61,4547.0,D,,,,,,
728535,2018-11-01,JBHT,Kuhlow John,isOfficer,0001562180-18-004355,2018-10-31,F,88.0,110.61,4459.0,D,,,,,,
728535,2018-11-01,JBHT,Bracy Kevin,isOfficer,0001562180-18-004354,2018-10-31,M,119.0,110.61,2936.0,D,,,,,,
728535,2018-11-01,JBHT,Bracy Kevin,isOfficer,0001562180-18-004354,2018-10-31,F,38.0,110.61,2898.0,D,,,,,,
728535,2018-11-02,JBHT,BOATTINI JENNIFER,isOfficer,0001562180-18-004376,2018-10-31,M,119.0,110.61,5628.0,D,,,,,,
728535,2018-11-02,JBHT,BOATTINI JENNIFER,isOfficer,0001562180-18-004376,2018-10-31,F,47.0,110.61,5581.0,D,,,,,,
728535,2018-12-10,JBHT,HUNT JOHNELLE D,isTenPercentOwner,0001562180-18-004894,2018-12-07,J,177.4303,101.51,2229.5697,D,,,,,,
728535,2018-12-10,JBHT,Simpson Shelley,isOfficer,0001562180-18-004893,2018-12-07,G,3000.0,0.0,61254.0,D,,,,,,
728535,2019-01-02,JBHT,GARRISON EARL WAYNE,isDirector,0001562180-19-000072,2018-12-31,G,68497.0,0.0,1650000.0,D,,,,,,
728535,2019-02-01,JBHT,McGee Eric,isOfficer,0001562180-19-000643,2019-01-31,M,885.0,107.04,1838.0,D,,,,,,
728535,2019-02-01,JBHT,McGee Eric,isOfficer,0001562180-19-000643,2019-01-31,F,358.0,107.04,1480.0,D,,,,,,
728535,2019-02-01,JBHT,Scott Stuart Lockard,isOfficer,0001562180-19-000642,2019-01-31,M,4457.0,107.04,21142.43,D,,,,,,
728535,2019-02-01,JBHT,Scott Stuart Lockard,isOfficer,0001562180-19-000642,2019-01-31,F,2066.0,107.04,19076.43,D,,,,,,
728535,2019-02-01,JBHT,MEE DAVID G,isOfficer,0001562180-19-000641,2019-01-31,M,5699.0,107.04,116199.0,D,,,,,,
728535,2019-02-01,JBHT,MEE DAVID G,isOfficer,0001562180-19-000641,2019-01-31,F,2813.0,107.04,113386.0,D,,,,,,
728535,2019-02-01,JBHT,HARPER ALFRED C,isOfficer,0001562180-19-000640,2019-01-31,M,1274.0,107.04,22455.0,D,,,,,,
728535,2019-02-01,JBHT,HARPER ALFRED C,isOfficer,0001562180-19-000640,2019-01-31,F,2941.0,107.04,23856.0,D,,,,,,
728535,2019-02-01,JBHT,MATTHEWS TERRENCE D,isOfficer,0001562180-19-000639,2019-01-31,M,5699.0,107.04,29509.0,D,,,,,,
728535,2019-02-01,JBHT,MATTHEWS TERRENCE D,isOfficer,0001562180-19-000639,2019-01-31,F,2528.0,107.04,26981.0,D,,,,,,
728535,2019-02-01,JBHT,Hicks Bradley W.,isOfficer,0001562180-19-000638,2019-01-31,M,885.0,107.04,17785.0,D,,,,,,
728535,2019-02-01,JBHT,Hicks Bradley W.,isOfficer,0001562180-19-000638,2019-01-31,F,331.0,107.04,17454.0,D,,,,,,
728535,2019-02-01,JBHT,ROBERTS JOHN N,isOfficer,0001562180-19-000637,2019-01-31,M,15917.0,107.04,293480.0,D,,,,,,
728535,2019-02-01,JBHT,ROBERTS JOHN N,isOfficer,0001562180-19-000637,2019-01-31,F,7060.0,107.04,286420.0,D,,,,,,
728535,2019-02-01,JBHT,Hobbs Nicholas,isOfficer,0001562180-19-000636,2019-01-31,M,5699.0,107.04,63071.0,D,,,,,,
728535,2019-02-01,JBHT,Hobbs Nicholas,isOfficer,0001562180-19-000636,2019-01-31,F,2699.0,107.04,60372.0,D,,,,,,
728535,2019-02-01,JBHT,Simpson Shelley,isOfficer,0001562180-19-000635,2019-01-31,M,5699.0,107.04,66953.0,D,,,,,,
728535,2019-02-01,JBHT,Simpson Shelley,isOfficer,0001562180-19-000635,2019-01-31,F,2528.0,107.04,64425.0,D,,,,,,
728535,2019-02-01,JBHT,Field Darren P.,isOfficer,0001562180-19-000634,2019-01-31,M,885.0,107.04,6472.0,D,,,,,,
728535,2019-02-01,JBHT,Field Darren P.,isOfficer,0001562180-19-000634,2019-01-31,F,154.0,107.04,6318.0,D,,,,,,
728535,2019-02-11,JBHT,MEE DAVID G,isOfficer,0001562180-19-000882,2019-02-11,S,2886.0,109.06,110500.0,D,,,,,,
728535,2019-02-21,JBHT,Hobbs Nicholas,isOfficer,0001562180-19-001146,2019-02-21,S,3000.0,112.0407,57372.0,D,,,,,,
728535,2019-03-05,JBHT,HARPER ALFRED C,isOfficer,0001562180-19-001629,2019-03-04,S,7100.0,105.87,16756.0,D,,,,,,
728535,2019-04-22,JBHT,ROBO JAMES L,isDirector,0001562180-19-002317,2019-04-18,A,2211.0,97.21,2211.0,D,,,,,,
728535,2019-04-22,JBHT,Peterson Coleman H,isDirector,0001562180-19-002316,2019-04-18,A,2211.0,97.21,40384.0,D,,,,,,
728535,2019-04-22,JBHT,GASAWAY SHARILYN S,isDirector,0001562180-19-002315,2019-04-18,A,1105.0,97.21,21531.0,D,,,,,,
728535,2019-04-22,JBHT,Edwardson Francesca M.,isDirector,0001562180-19-002314,2019-04-18,A,2211.0,97.21,20603.0,D,,,,,,
728535,2019-04-23,JBHT,George Gary Charles,isDirector,0001562180-19-002326,2019-04-18,A,2211.0,97.21,38369.0,D,,,,,,
728535,2019-05-06,JBHT,George Gary Charles,isDirector,0001562180-19-002582,2019-05-03,P,5000.0,94.52,43369.0,D,,,,,,
728535,2019-05-30,JBHT,ROBERTS JOHN N,"isDirector,isOfficer",0001562180-19-003175,2019-05-28,P,2319.0,86.23,288739.0,D,,,,,,
728535,2019-07-16,JBHT,Kuhlow John,isOfficer,0001562180-19-003955,2019-07-15,M,150.0,92.58,4609.0,D,,,,,,
728535,2019-07-16,JBHT,Kuhlow John,isOfficer,0001562180-19-003955,2019-07-15,F,346.0,92.58,5114.0,D,,,,,,
728535,2019-07-16,JBHT,BOATTINI JENNIFER,isOfficer,0001562180-19-003954,2019-07-15,M,200.0,92.58,5781.0,D,,,,,,
728535,2019-07-16,JBHT,ROBERTS JOHN N,"isDirector,isOfficer",0001562180-19-003950,2019-07-15,M,9095.0,92.58,297834.0,D,,,,,,
728535,2019-07-16,JBHT,BOATTINI JENNIFER,isOfficer,0001562180-19-003954,2019-07-15,F,164.0,92.58,5935.0,D,,,,,,
728535,2019-07-16,JBHT,MATTHEWS TERRENCE D,isOfficer,0001562180-19-003953,2019-07-15,M,3000.0,92.58,29981.0,D,,,,,,
728535,2019-07-16,JBHT,MEE DAVID G,isOfficer,0001562180-19-003951,2019-07-15,F,6965.0,92.58,117641.0,D,,,,,,
728535,2019-07-16,JBHT,McGee Eric,isOfficer,0001562180-19-003952,2019-07-15,M,400.0,92.58,1880.0,D,,,,,,
728535,2019-07-16,JBHT,ROBERTS JOHN N,"isDirector,isOfficer",0001562180-19-003950,2019-07-15,F,14707.0,92.58,307190.0,D,,,,,,
728535,2019-07-16,JBHT,McGee Eric,isOfficer,0001562180-19-003952,2019-07-15,F,1221.0,92.58,3279.0,D,,,,,,
728535,2019-07-16,JBHT,MATTHEWS TERRENCE D,isOfficer,0001562180-19-003953,2019-07-15,F,1391.0,92.58,28590.0,D,,,,,,
728535,2019-07-16,JBHT,MEE DAVID G,isOfficer,0001562180-19-003951,2019-07-15,M,3000.0,92.58,113500.0,D,,,,,,
728535,2019-07-16,JBHT,Scott Stuart Lockard,isOfficer,0001562180-19-003949,2019-07-15,M,1860.0,92.58,20936.43,D,,,,,,
728535,2019-07-16,JBHT,Scott Stuart Lockard,isOfficer,0001562180-19-003949,2019-07-15,F,3243.0,92.58,26171.43,D,,,,,,
728535,2019-07-16,JBHT,Field Darren P.,isOfficer,0001562180-19-003944,2019-07-15,M,500.0,92.58,6818.0,D,,,,,,
728535,2019-07-16,JBHT,Simpson Shelley,isOfficer,0001562180-19-003948,2019-07-15,F,6686.0,92.58,72809.0,D,,,,,,
728535,2019-07-16,JBHT,THOMPSON JAMES K,"isDirector,isOfficer",0001562180-19-003947,2019-07-15,M,4295.0,92.58,44854.45,D,,,,,,
728535,2019-07-16,JBHT,THOMPSON JAMES K,"isDirector,isOfficer",0001562180-19-003947,2019-07-15,F,1175.0,92.58,43679.45,D,,,,,,
728535,2019-07-16,JBHT,Simpson Shelley,isOfficer,0001562180-19-003948,2019-07-15,M,3000.0,92.58,67425.0,D,,,,,,
728535,2019-07-16,JBHT,Hobbs Nicholas,isOfficer,0001562180-19-003946,2019-07-15,M,3000.0,92.58,60372.0,D,,,,,,
728535,2019-07-16,JBHT,Bracy Kevin,isOfficer,0001562180-19-003943,2019-07-15,M,200.0,92.58,3098.0,D,,,,,,
728535,2019-07-16,JBHT,Bracy Kevin,isOfficer,0001562180-19-003943,2019-07-15,F,165.0,92.58,3196.0,D,,,,,,
728535,2019-07-16,JBHT,Hobbs Nicholas,isOfficer,0001562180-19-003946,2019-07-15,F,7138.0,92.58,65304.0,D,,,,,,
728535,2019-07-16,JBHT,Hicks Bradley W.,isOfficer,0001562180-19-003945,2019-07-15,F,1175.0,92.58,19693.0,D,,,,,,
728535,2019-07-16,JBHT,Hicks Bradley W.,isOfficer,0001562180-19-003945,2019-07-15,M,460.0,92.58,17914.0,D,,,,,,
728535,2019-07-16,JBHT,Field Darren P.,isOfficer,0001562180-19-003944,2019-07-15,F,74.0,92.58,9344.0,D,,,,,,
728535,2019-07-18,JBHT,Field Darren P.,isOfficer,0001562180-19-003988,2019-07-18,S,1200.0,99.07,8144.0,D,,,,,,
728535,2019-07-18,JBHT,THOMPSON JAMES K,"isDirector,isOfficer",0001562180-19-003985,2019-07-18,S,2000.0,97.33,41679.45,D,,,,,,
728535,2019-07-19,JBHT,Hicks Bradley W.,isOfficer,0001562180-19-003993,2019-07-18,S,2000.0,98.5125,17693.0,D,,,,,,
728535,2019-07-24,JBHT,MEE DAVID G,isOfficer,0001562180-19-004040,2019-07-09,G,350.0,0.0,117291.0,D,,,,,,
728535,2019-07-24,JBHT,MEE DAVID G,isOfficer,0001562180-19-004040,2019-07-22,S,6141.0,103.8161,111150.0,D,,,,,,
728535,2019-07-26,JBHT,Scott Stuart Lockard,isOfficer,0001562180-19-004076,2019-07-26,S,10000.0,102.5057,16171.43,D,,,,,,
728535,2019-08-21,JBHT,Hobbs Nicholas,isOfficer,0001562180-19-004435,2019-08-21,S,1485.0,101.77,63819.0,D,,,,,,
728535,2019-08-23,JBHT,MATTHEWS TERRENCE D,isOfficer,0001562180-19-004450,2019-08-22,G,500.0,0.0,28090.0,D,,,,,,
728535,2019-08-27,JBHT,Simpson Shelley,isOfficer,0001562180-19-004499,2019-08-26,S,5000.0,100.745,67809.0,D,,,,,,
728535,2019-08-30,JBHT,Scott Stuart Lockard,isOfficer,0001562180-19-004535,2019-08-28,S,5000.0,104.2575,11171.43,D,,,,,,
728535,2019-09-05,JBHT,Hobbs Nicholas,isOfficer,0001562180-19-004665,2019-09-05,S,2300.0,110.804,61519.0,D,,,,,,
728535,2019-09-09,JBHT,GARRISON EARL WAYNE,isDirector,0001562180-19-004699,2019-09-06,S,41042.0,111.0565,1608958.0,D,,,,,,
728535,2019-10-21,JBHT,Hicks Bradley W.,isOfficer,0001562180-19-005203,2019-10-18,S,1500.0,116.6681,16193.0,D,,,,,,
728535,2019-10-21,JBHT,THOMPSON JAMES K,"isDirector,isOfficer",0001562180-19-005200,2019-10-18,G,1100.0,0.0,40579.45,D,,,,,,
728535,2019-10-22,JBHT,Field Darren P.,isOfficer,0001562180-19-005205,2019-10-21,S,3800.0,115.5759,4344.0,D,,,,,,
728535,2019-10-22,JBHT,GARRISON EARL WAYNE,isDirector,0001562180-19-005208,2019-10-18,S,9269.0,116.151,42234.0,I,,,,,,
728535,2019-10-22,JBHT,GARRISON EARL WAYNE,isDirector,0001562180-19-005208,2019-10-21,S,5642.0,116.0969,32938.0,I,,,,,,
728535,2019-10-23,JBHT,GARRISON EARL WAYNE,isDirector,0001562180-19-005211,2019-10-22,S,5500.0,116.9075,27138.0,I,,,,,,
728535,2019-11-04,JBHT,Bracy Kevin,isOfficer,0001562180-19-005309,2019-10-31,F,216.0,117.56,3646.0,D,,,,,,
728535,2019-11-04,JBHT,Scott Stuart Lockard,isOfficer,0001562180-19-005321,2019-11-04,S,8000.0,120.5837,3171.43,D,,,,,,
728535,2019-11-04,JBHT,BOATTINI JENNIFER,isOfficer,0001562180-19-005318,2019-10-31,M,119.0,117.56,6054.0,D,,,,,,
728535,2019-11-04,JBHT,MATTHEWS TERRENCE D,isOfficer,0001562180-19-005328,2019-11-04,S,6000.0,120.5031,22590.0,D,,,,,,
728535,2019-11-04,JBHT,BOATTINI JENNIFER,isOfficer,0001562180-19-005318,2019-10-31,F,122.0,117.56,6198.0,D,,,,,,
728535,2019-11-04,JBHT,Hobbs Nicholas,isOfficer,0001562180-19-005322,2019-11-04,S,3310.0,120.2941,58209.0,D,,,,,,
728535,2019-11-04,JBHT,Simpson Shelley,isOfficer,0001562180-19-005311,2019-10-31,F,155.0,117.56,11207.0,I,,,,,,
728535,2019-11-04,JBHT,Simpson Shelley,isOfficer,0001562180-19-005311,2019-10-31,A,212.0,117.56,11227.0,I,,,,,,
728535,2019-11-04,JBHT,Kuhlow John,isOfficer,0001562180-19-005310,2019-10-31,M,254.0,117.56,5368.0,D,,,,,,
728535,2019-11-04,JBHT,Kuhlow John,isOfficer,0001562180-19-005310,2019-10-31,F,118.0,117.56,5593.0,D,,,,,,
728535,2019-11-04,JBHT,Bracy Kevin,isOfficer,0001562180-19-005309,2019-10-31,M,119.0,117.56,3315.0,D,,,,,,
728535,2019-11-05,JBHT,MEE DAVID G,isOfficer,0001562180-19-005351,2019-11-04,S,2500.0,121.0624,108650.0,D,,,,,,
728535,2019-11-06,JBHT,GARRISON EARL WAYNE,isDirector,0001562180-19-005360,2019-11-05,S,16646.0,119.0455,1583354.0,D,,,,,,
728535,2019-11-12,JBHT,MATTHEWS TERRENCE D,isOfficer,0001562180-19-005440,2019-11-04,S,53910.853,120.4281,0.0,D,,,,,,
728535,2019-11-12,JBHT,Hobbs Nicholas,isOfficer,0001562180-19-005435,2019-11-05,G,1250.0,0.0,56959.0,D,,,,,,
728535,2019-11-13,JBHT,McGee Eric,isOfficer,0001562180-19-005479,2019-10-18,M,1480.0,116.683,1799.0,D,,,,,,
728535,2019-12-10,JBHT,HUNT JOHNELLE D,isTenPercentOwner,0001562180-19-005963,2019-12-09,J,146.2366,114.64,2102.7634,D,,,,,,
728535,2019-12-11,JBHT,Simpson Shelley,isOfficer,0001562180-19-005997,2019-12-09,G,4515.0,0.0,63294.0,D,,,,,,
728535,2019-12-11,JBHT,Simpson Shelley,isOfficer,0001562180-19-005997,2019-12-09,S,2000.0,114.59,61294.0,D,,,,,,
728535,2019-12-13,JBHT,ROBERTS JOHN N,"isDirector,isOfficer",0001562180-19-006065,2019-12-12,G,1100.0,0.0,306090.0,D,,,,,,
728535,2019-12-18,JBHT,GARRISON EARL WAYNE,isDirector,0001562180-19-006173,2019-12-17,G,35091.0,0.0,1464909.0,D,,,,,,
728535,2020-01-14,JBHT,ROBERTS JOHN N,"isDirector,isOfficer",0001562180-20-000366,2020-01-10,G,335.0,0.0,305755.0,D,,,,,,
728535,2020-02-04,JBHT,Hicks Bradley W.,isOfficer,0001562180-20-000849,2020-01-31,F,273.0,107.93,16607.0,D,,,,,,
728535,2020-02-04,JBHT,ROBERTS JOHN N,"isDirector,isOfficer",0001562180-20-000848,2020-01-31,M,7959.0,107.93,313714.0,D,,,,,,
728535,2020-02-04,JBHT,Hobbs Nicholas,isOfficer,0001562180-20-000847,2020-01-31,M,5051.0,107.93,62010.0,D,,,,,,
728535,2020-02-04,JBHT,MEE DAVID G,isOfficer,0001562180-20-000846,2020-01-31,M,2849.0,107.93,111499.0,D,,,,,,
728535,2020-02-04,JBHT,Hobbs Nicholas,isOfficer,0001562180-20-000847,2020-01-31,F,2233.0,107.93,59777.0,D,,,,,,
728535,2020-02-04,JBHT,Simpson Shelley,isOfficer,0001562180-20-000854,2020-01-31,M,2849.0,107.93,64143.0,D,,,,,,
728535,2020-02-04,JBHT,Simpson Shelley,isOfficer,0001562180-20-000854,2020-01-31,F,1264.0,107.93,62879.0,D,,,,,,
728535,2020-02-04,JBHT,Hicks Bradley W.,isOfficer,0001562180-20-000849,2020-01-31,M,687.0,107.93,16880.0,D,,,,,,
728535,2020-02-04,JBHT,MEE DAVID G,isOfficer,0001562180-20-000846,2020-01-31,F,1406.0,107.93,110093.0,D,,,,,,
728535,2020-02-04,JBHT,ROBERTS JOHN N,"isDirector,isOfficer",0001562180-20-000848,2020-01-31,F,3530.0,107.93,310184.0,D,,,,,,
728535,2020-02-04,JBHT,MATTHEWS TERRENCE D,isOfficer,0001562180-20-000843,2020-01-31,F,1293.0,107.93,24146.0,D,,,,,,
728535,2020-02-04,JBHT,McGee Eric,isOfficer,0001562180-20-000842,2020-01-31,M,443.0,107.93,2242.0,D,,,,,,
728535,2020-02-04,JBHT,HARPER ALFRED C,isOfficer,0001562180-20-000845,2020-01-31,M,2172.0,107.93,18928.0,D,,,,,,
728535,2020-02-04,JBHT,McGee Eric,isOfficer,0001562180-20-000842,2020-01-31,F,200.0,107.93,2042.0,D,,,,,,
728535,2020-02-04,JBHT,Scott Stuart Lockard,isOfficer,0001562180-20-000841,2020-01-31,M,3952.0,107.93,7123.43,D,,,,,,
728535,2020-02-04,JBHT,HARPER ALFRED C,isOfficer,0001562180-20-000845,2020-01-31,F,1108.0,107.93,17820.0,D,,,,,,
728535,2020-02-04,JBHT,MATTHEWS TERRENCE D,isOfficer,0001562180-20-000843,2020-01-31,M,2849.0,107.93,25439.0,D,,,,,,
728535,2020-02-04,JBHT,Field Darren P.,isOfficer,0001562180-20-000844,2020-01-31,M,687.0,107.93,5031.0,D,,,,,,
728535,2020-02-04,JBHT,MATTHEWS TERRENCE D,isOfficer,0001562180-20-000843,2020-01-31,S,9000.0,108.19,21964.0,D,,,,,,
728535,2020-02-04,JBHT,Field Darren P.,isOfficer,0001562180-20-000844,2020-01-31,F,163.0,107.93,4868.0,D,,,,,,
728535,2020-02-12,JBHT,McGee Eric,isOfficer,0001562180-20-001113,2020-02-11,S,1000.0,112.68,1415.0,D,,,,,,
728535,2020-02-13,JBHT,MEE DAVID G,isOfficer,0001562180-20-001146,2020-02-11,S,6777.0226,112.5993,0.066,D,,,,,,
728535,2020-02-14,JBHT,MEE DAVID G,isOfficer,0001562180-20-001212,2020-02-13,S,4776.0,114.2954,108650.0,D,,,,,,
728535,2020-02-25,JBHT,MATTHEWS TERRENCE D,isOfficer,0001562180-20-001685,2020-02-21,S,6654.0,110.0,15310.0,D,,,,,,
728535,2020-04-03,JBHT,MEE DAVID G,isOfficer,0001562180-20-002874,2020-04-01,M,3111.0,90.5,111761.0,D,,,,,,
728535,2020-04-03,JBHT,MEE DAVID G,isOfficer,0001562180-20-002874,2020-04-01,F,1162.0,90.5,110599.0,D,,,,,,
728535,2020-04-20,JBHT,MEE DAVID G,isOther,0001562180-20-003059,2020-04-17,G,1500.0,0.0,142590.0,D,,,,,,
728535,2020-04-20,JBHT,MEE DAVID G,isOther,0001562180-20-003059,2020-04-17,S,12000.0,105.7956,130590.0,D,,,,,,
728535,2020-04-24,JBHT,KING GALE V.,isDirector,0001562180-20-003114,2020-04-23,A,1115.0,100.87,1115.0,D,,,,,,
728535,2020-04-24,JBHT,GASAWAY SHARILYN S,isDirector,0001562180-20-003113,2020-04-23,A,1115.0,100.87,22646.0,D,,,,,,
728535,2020-04-24,JBHT,HUNT JOHNNIE B JR,isDirector,0001562180-20-003112,2020-04-23,A,2230.0,100.87,72927.0,D,,,,,,
728535,2020-04-24,JBHT,Edwardson Francesca M.,isDirector,0001562180-20-003111,2020-04-23,A,2230.0,100.87,22833.0,D,,,,,,
728535,2020-04-24,JBHT,George Gary Charles,isDirector,0001562180-20-003110,2020-04-23,A,2230.0,100.87,45599.0,D,,,,,,
728535,2020-04-24,JBHT,ROBO JAMES L,isDirector,0001562180-20-003109,2020-04-23,A,2230.0,100.87,4441.0,D,,,,,,
728535,2020-05-29,JBHT,George Gary Charles,isDirector,0001562180-20-003970,2020-05-28,S,5000.0,120.0,40599.0,D,,,,,,
728535,2020-05-29,JBHT,Scott Stuart Lockard,isOfficer,0001562180-20-003969,2020-05-28,S,2000.0,120.4,7351.43,D,,,,,,
728535,2020-06-01,JBHT,ROBERTS JOHN N,"isDirector,isOfficer",0001562180-20-004026,2020-06-01,G,1064.0,0.0,316941.0,D,,,,,,
728535,2020-06-01,JBHT,Hobbs Nicholas,isOfficer,0001562180-20-004025,2020-05-28,S,4200.0,119.5312,57190.0,D,,,,,,
728535,2020-06-01,JBHT,GARRISON EARL WAYNE,isDirector,0001562180-20-004024,2020-05-28,S,12073.0,119.4711,1452836.0,D,,,,,,
728535,2020-06-01,JBHT,GARRISON EARL WAYNE,isDirector,0001562180-20-004024,2020-05-29,S,3477.0,119.0402,1442114.0,D,,,,,,
728535,2020-06-01,JBHT,Field Darren P.,isOfficer,0001562180-20-004023,2020-05-28,S,1100.0,119.7701,4109.0,D,,,,,,
728535,2020-06-03,JBHT,HARPER ALFRED C,isOfficer,0001562180-20-004110,2020-06-03,S,4300.0,117.5863,15980.0,D,,,,,,
728535,2020-06-04,JBHT,Kuhlow John,isOfficer,0001562180-20-004295,2020-06-04,S,1880.0,117.0,3625.0,D,,,,,,
728535,2020-06-04,JBHT,Hicks Bradley W.,isOfficer,0001562180-20-004294,2020-04-17,S,1000.0,105.4294,15877.0,D,,,,,,
728535,2020-06-10,JBHT,Simpson Shelley,isOfficer,0001562180-20-004404,2020-06-08,S,6000.0,121.801,59647.0,D,,,,,,
728535,2020-06-10,JBHT,Simpson Shelley,isOfficer,0001562180-20-004404,2020-06-09,G,2500.0,0.0,57147.0,D,,,,,,
728535,2020-07-16,JBHT,THOMPSON JAMES K,"isDirector,isOfficer",0001562180-20-005146,2020-07-15,F,9098.0,130.34,55838.45,D,,,,,,
728535,2020-07-16,JBHT,THOMPSON JAMES K,"isDirector,isOfficer",0001562180-20-005146,2020-07-15,M,24357.0,130.34,64936.45,D,,,,,,
728535,2020-07-16,JBHT,Kuhlow John,isOfficer,0001562180-20-005145,2020-07-15,F,1444.0,130.34,6362.0,D,,,,,,
728535,2020-07-16,JBHT,ROBERTS JOHN N,"isDirector,isOfficer",0001562180-20-005143,2020-07-15,M,24063.0,130.34,341004.0,D,,,,,,
728535,2020-07-16,JBHT,Hobbs Nicholas,isOfficer,0001562180-20-005144,2020-07-15,M,14914.0,130.34,72104.0,D,,,,,,
728535,2020-07-16,JBHT,Hobbs Nicholas,isOfficer,0001562180-20-005144,2020-07-15,F,7064.0,130.34,65040.0,D,,,,,,
728535,2020-07-16,JBHT,Simpson Shelley,isOfficer,0001562180-20-005150,2020-07-15,M,14914.0,130.34,72061.0,D,,,,,,
728535,2020-07-16,JBHT,Simpson Shelley,isOfficer,0001562180-20-005150,2020-07-15,F,6915.0,130.34,65146.0,D,,,,,,
728535,2020-07-16,JBHT,BOATTINI JENNIFER,isOfficer,0001562180-20-005147,2020-07-15,M,1984.0,130.34,8182.0,D,,,,,,
728535,2020-07-16,JBHT,Kuhlow John,isOfficer,0001562180-20-005145,2020-07-15,M,4181.0,130.34,7806.0,D,,,,,,
728535,2020-07-16,JBHT,BOATTINI JENNIFER,isOfficer,0001562180-20-005147,2020-07-15,F,693.0,130.34,7489.0,D,,,,,,
728535,2020-07-16,JBHT,McGee Eric,isOfficer,0001562180-20-005140,2020-07-15,F,1033.0,130.34,3003.0,D,,,,,,
728535,2020-07-16,JBHT,Bracy Kevin,isOfficer,0001562180-20-005139,2020-07-15,M,1929.0,130.34,5528.0,D,,,,,,
728535,2020-07-16,JBHT,Bracy Kevin,isOfficer,0001562180-20-005139,2020-07-15,F,680.0,130.34,4848.0,D,,,,,,
728535,2020-07-16,JBHT,Scott Stuart Lockard,isOfficer,0001562180-20-005138,2020-07-15,M,10338.0,130.34,17689.43,D,,,,,,
728535,2020-07-16,JBHT,Field Darren P.,isOfficer,0001562180-20-005142,2020-07-15,M,2600.0,130.34,6709.0,D,,,,,,
728535,2020-07-16,JBHT,Field Darren P.,isOfficer,0001562180-20-005142,2020-07-15,F,556.0,130.34,6153.0,D,,,,,,
728535,2020-07-16,JBHT,Scott Stuart Lockard,isOfficer,0001562180-20-005138,2020-07-15,F,5414.0,130.34,12275.43,D,,,,,,
728535,2020-07-16,JBHT,ROBERTS JOHN N,"isDirector,isOfficer",0001562180-20-005143,2020-07-15,F,11877.0,130.34,329127.0,D,,,,,,
728535,2020-07-16,JBHT,McGee Eric,isOfficer,0001562180-20-005140,2020-07-15,M,2621.0,130.34,4036.0,D,,,,,,
728535,2020-07-16,JBHT,Hicks Bradley W.,isOfficer,0001562180-20-005141,2020-07-15,M,4620.0,130.34,20497.0,D,,,,,,
728535,2020-07-16,JBHT,Hicks Bradley W.,isOfficer,0001562180-20-005141,2020-07-15,F,2097.0,130.34,18400.0,D,,,,,,
728535,2020-07-17,JBHT,MATTHEWS TERRENCE D,isOther,0001562180-20-005155,2020-07-15,M,3000.0,130.34,18310.0,D,,,,,,
728535,2020-07-17,JBHT,MATTHEWS TERRENCE D,isOther,0001562180-20-005155,2020-07-15,F,1331.0,130.34,16979.0,D,,,,,,
728535,2020-07-17,JBHT,MATTHEWS TERRENCE D,isOther,0001562180-20-005155,2020-07-16,M,21255.0,132.55,38234.0,D,,,,,,
728535,2020-07-17,JBHT,MATTHEWS TERRENCE D,isOther,0001562180-20-005155,2020-07-16,F,9619.0,132.55,28615.0,D,,,,,,
728535,2020-07-20,JBHT,Hicks Bradley W.,isOfficer,0001562180-20-005187,2020-07-20,S,2523.0,137.1383,15877.0,D,,,,,,
728535,2020-07-20,JBHT,McGee Eric,isOfficer,0001562180-20-005186,2020-07-20,S,1588.0,135.6302,1415.0,D,,,,,,
728535,2020-07-20,JBHT,George Gary Charles,isDirector,0001562180-20-005185,2020-07-20,S,37818.0,135.0703,313763.0,I,,,,,,
728535,2020-07-21,JBHT,George Gary Charles,isDirector,0001562180-20-005196,2020-07-20,S,35841.0,134.6095,696946.0,I,,,,,,
728535,2020-07-21,JBHT,MATTHEWS TERRENCE D,isOther,0001562180-20-005195,2020-07-21,S,1805.0,135.0,26810.0,D,,,,,,
728535,2020-07-21,JBHT,THOMPSON JAMES K,"isDirector,isOfficer",0001562180-20-005194,2020-07-21,S,15000.0,135.0,40838.45,D,,,,,,
728535,2020-07-22,JBHT,Bracy Kevin,isOfficer,0001562180-20-005201,2020-07-22,S,1249.0,133.2626,3599.0,D,,,,,,
728535,2020-07-22,JBHT,MATTHEWS TERRENCE D,isOther,0001562180-20-005200,2020-07-21,G,1865.0,0.0,24945.0,D,,,,,,
728535,2020-07-30,JBHT,MATTHEWS TERRENCE D,isOther,0001562180-20-005229,2020-07-29,S,2000.0,130.25,22945.0,D,,,,,,
728535,2020-08-07,JBHT,ROBERTS JOHN N,"isDirector,isOfficer",0001562180-20-005358,2020-08-07,S,7400.0,135.17,321727.0,D,,,,,,
728535,2020-08-10,JBHT,GARRISON EARL WAYNE,isDirector,0001562180-20-005362,2020-08-07,S,50000.0,135.0515,1389157.0,D,,,,,,
728535,2020-08-11,JBHT,Field Darren P.,isOfficer,0001562180-20-005377,2020-08-10,S,1100.0,137.78,5053.0,D,,,,,,
728535,2020-08-14,JBHT,George Gary Charles,isDirector,0001562180-20-005431,2020-08-12,S,261.69,141.0,337996.0,I,,,,,,
728535,2020-08-21,JBHT,Simpson Shelley,isOfficer,0001562180-20-005605,2020-08-20,G,1015.0,0.0,64131.0,D,,,,,,
728535,2020-08-21,JBHT,THOMPSON JAMES K,"isDirector,isOfficer",0001562180-20-005604,2020-08-20,G,800.0,0.0,40038.45,D,,,,,,
728535,2020-08-25,JBHT,GARRISON EARL WAYNE,isDirector,0001562180-20-005651,2020-08-24,G,25000.0,0.0,1364157.0,D,,,,,,
728535,2020-08-25,JBHT,George Gary Charles,isDirector,0001562180-20-005638,2020-08-21,S,8302.0,140.3499,684724.0,I,,,,,,
728535,2020-08-25,JBHT,George Gary Charles,isDirector,0001562180-20-005638,2020-08-24,S,191.0,142.0,329979.0,I,,,,,,
728535,2020-08-26,JBHT,ROBERTS JOHN N,"isDirector,isOfficer",0001562180-20-005662,2020-08-24,G,145.0,0.0,321582.0,D,,,,,,
728535,2020-08-26,JBHT,GARRISON EARL WAYNE,isDirector,0001562180-20-005660,2020-08-25,S,44681.0,141.0112,1319476.0,D,,,,,,
728535,2020-08-27,JBHT,George Gary Charles,isDirector,0001562180-20-005684,2020-08-26,S,5043.0,142.0897,669597.0,I,,,,,,
728535,2020-08-27,JBHT,GARRISON EARL WAYNE,isDirector,0001562180-20-005683,2020-08-26,S,5319.0,141.0,1314157.0,D,,,,,,
728535,2020-08-28,JBHT,Hicks Bradley W.,isOfficer,0001562180-20-005690,2020-08-27,S,2000.0,142.8025,13877.0,D,,,,,,
728535,2020-09-03,JBHT,Kuhlow John,isOfficer,0001562180-20-005809,2020-09-03,S,2737.0,140.09,3625.0,D,,,,,,
728535,2020-09-03,JBHT,MATTHEWS TERRENCE D,isOther,0001562180-20-005808,2020-09-03,S,1000.0,141.0,21945.0,D,,,,,,
728535,2020-11-03,JBHT,Bracy Kevin,isOfficer,0001562180-20-006513,2020-10-31,F,101.0,121.74,4104.0,D,,,,,,
728535,2020-11-03,JBHT,Bracy Kevin,isOfficer,0001562180-20-006513,2020-10-31,M,244.0,121.74,3843.0,D,,,,,,
728535,2020-11-03,JBHT,Simpson Shelley,isOfficer,0001562180-20-006514,2020-10-31,F,50.0,121.74,11918.0,I,,,,,,
728535,2020-11-03,JBHT,Simpson Shelley,isOfficer,0001562180-20-006514,2020-10-31,M,159.0,121.74,11621.0,I,,,,,,
728535,2020-11-03,JBHT,BOATTINI JENNIFER,isOfficer,0001562180-20-006512,2020-10-31,F,41.0,121.74,8096.0,D,,,,,,
728535,2020-11-03,JBHT,BOATTINI JENNIFER,isOfficer,0001562180-20-006512,2020-10-31,M,262.0,121.74,7751.0,D,,,,,,
728535,2020-11-03,JBHT,Kuhlow John,isOfficer,0001562180-20-006511,2020-10-31,F,88.0,121.74,4437.0,D,,,,,,
728535,2020-11-03,JBHT,Kuhlow John,isOfficer,0001562180-20-006511,2020-10-31,M,302.0,121.74,3927.0,D,,,,,,
728535,2020-11-27,JBHT,GARRISON EARL WAYNE,isDirector,0001562180-20-006933,2020-11-24,J,9633.0,136.68,1304524.0,D,,,,,,
728535,2020-12-09,JBHT,ROBERTS JOHN N,"isDirector,isOfficer",0001562180-20-007121,2020-12-07,G,15000.0,0.0,306582.0,D,,,,,,
728535,2020-12-10,JBHT,George Gary Charles,isDirector,0001562180-20-007147,2020-12-08,S,7330.0,139.5764,33269.0,D,,,,,,
728535,2020-12-10,JBHT,George Gary Charles,isDirector,0001562180-20-007147,2020-12-09,S,1576.0,140.233,31693.0,D,,,,,,
728535,2021-02-02,JBHT,McGee Eric,isOfficer,0001562180-21-000751,2021-01-31,M,687.0,134.66,2102.0,D,,,,,,
728535,2021-02-02,JBHT,Hicks Bradley W.,isOfficer,0001562180-21-000750,2021-01-31,M,687.0,134.66,14564.0,D,,,,,,
728535,2021-02-02,JBHT,HARPER ALFRED C,isOfficer,0001562180-21-000749,2021-01-31,F,1017.0,134.66,18812.0,D,,,,,,
728535,2021-02-02,JBHT,HARPER ALFRED C,isOfficer,0001562180-21-000749,2021-01-31,M,3849.0,134.66,19829.0,D,,,,,,
728535,2021-02-02,JBHT,Scott Stuart Lockard,isOfficer,0001562180-21-000748,2021-01-31,F,1714.0,134.66,14513.43,D,,,,,,
728535,2021-02-02,JBHT,McGee Eric,isOfficer,0001562180-21-000751,2021-01-31,F,307.0,134.66,1795.0,D,,,,,,
728535,2021-02-02,JBHT,Scott Stuart Lockard,isOfficer,0001562180-21-000748,2021-01-31,M,3952.0,134.66,16227.43,D,,,,,,
728535,2021-02-02,JBHT,Hicks Bradley W.,isOfficer,0001562180-21-000750,2021-01-31,F,321.0,134.66,14243.0,D,,,,,,
728535,2021-02-02,JBHT,Field Darren P.,isOfficer,0001562180-21-000744,2021-01-31,M,1639.0,134.66,6692.0,D,,,,,,
728535,2021-02-02,JBHT,Hobbs Nicholas,isOfficer,0001562180-21-000746,2021-01-31,M,5051.0,134.66,70091.0,D,,,,,,
728535,2021-02-02,JBHT,ROBERTS JOHN N,"isDirector,isOfficer",0001562180-21-000745,2021-01-31,F,6282.0,134.66,314408.0,D,,,,,,
728535,2021-02-02,JBHT,Simpson Shelley,isOfficer,0001562180-21-000747,2021-01-31,F,2275.0,134.66,66907.0,D,,,,,,
728535,2021-02-02,JBHT,Field Darren P.,isOfficer,0001562180-21-000744,2021-01-31,F,342.0,134.66,6350.0,D,,,,,,
728535,2021-02-02,JBHT,ROBERTS JOHN N,"isDirector,isOfficer",0001562180-21-000745,2021-01-31,M,14108.0,134.66,320690.0,D,,,,,,
728535,2021-02-02,JBHT,Simpson Shelley,isOfficer,0001562180-21-000747,2021-01-31,M,5051.0,134.66,69182.0,D,,,,,,
728535,2021-02-02,JBHT,Hobbs Nicholas,isOfficer,0001562180-21-000746,2021-01-31,F,2376.0,134.66,67715.0,D,,,,,,
728535,2021-02-22,JBHT,McGee Eric,isOfficer,0001562180-21-001377,2021-02-22,S,1500.0,146.792,952.0,D,,,,,,
728535,2021-02-23,JBHT,Hobbs Nicholas,isOfficer,0001562180-21-001502,2021-02-19,G,1390.0,0.0,70196.0,D,,,,,,
728535,2021-03-01,JBHT,THOMPSON JAMES K,"isDirector,isOfficer",0001562180-21-001656,2021-03-01,S,5000.0,150.8709,35038.45,D,,,,,,
728535,2021-03-02,JBHT,Field Darren P.,isOfficer,0001562180-21-001724,2021-02-26,G,66.0,0.0,8495.0,D,,,,,,
728535,2021-03-03,JBHT,Hobbs Nicholas,isOfficer,0001562180-21-001923,2019-02-22,G,1790.0,0.0,58270.0,D,,,,,,
728535,2021-03-03,JBHT,Hobbs Nicholas,isOfficer,0001562180-21-001923,2020-05-28,G,1261.0,0.0,57009.0,D,,,,,,
728535,2021-03-10,JBHT,GARRISON EARL WAYNE,isDirector,0001562180-21-002158,2021-03-08,S,12921.0,158.9313,1291603.0,D,,,,,,
728535,2021-04-20,JBHT,Simpson Shelley,isOfficer,0001562180-21-002891,2021-04-16,M,244.0,172.16,12052.0,I,,,,,,
728535,2021-04-20,JBHT,Simpson Shelley,isOfficer,0001562180-21-002891,2021-04-16,F,109.0,172.16,11943.0,I,,,,,,
728535,2021-04-23,JBHT,GASAWAY SHARILYN S,isDirector,0001562180-21-002927,2021-04-22,A,1444.0,169.59,24090.0,D,,,,,,
728535,2021-04-23,JBHT,Edwardson Francesca M.,isDirector,0001562180-21-002926,2021-04-22,A,1444.0,169.59,24277.0,D,,,,,,
728535,2021-04-23,JBHT,ROBO JAMES L,isDirector,0001562180-21-002925,2021-04-22,A,1444.0,169.59,23227.0,D,,,,,,
728535,2021-04-23,JBHT,KING GALE V.,isDirector,0001562180-21-002924,2021-04-22,A,1444.0,169.59,2559.0,D,,,,,,
728535,2021-04-23,JBHT,DUNCAN DOUGLAS G,isDirector,0001562180-21-002923,2021-04-22,A,433.0,169.59,11261.0,D,,,,,,
728535,2021-04-23,JBHT,George Gary Charles,isDirector,0001562180-21-002922,2021-04-22,A,722.0,169.59,32415.0,D,,,,,,
728535,2021-04-23,JBHT,Hill Thad,isDirector,0001562180-21-002921,2021-04-22,A,1444.0,169.59,1444.0,D,,,,,,
728535,2021-04-27,JBHT,Field Darren P.,isOfficer,0001562180-21-002962,2021-04-27,S,1300.0,169.4298,7195.0,D,,,,,,
728535,2021-04-30,JBHT,GARRISON EARL WAYNE,isDirector,0001562180-21-003057,2021-04-29,S,8101.0,172.122,27284.0,I,,,,,,
728535,2021-05-03,JBHT,GARRISON EARL WAYNE,isDirector,0001562180-21-003078,2021-05-03,S,1532.0,174.0159,25752.0,I,,,,,,
728535,2021-05-04,JBHT,Simpson Shelley,isOfficer,0001562180-21-003134,2021-05-04,S,3000.0,174.5,67923.0,D,,,,,,
728535,2021-05-05,JBHT,GARRISON EARL WAYNE,isDirector,0001562180-21-003204,2021-05-04,S,17809.0,174.7394,1236715.0,D,,,,,,
728535,2021-05-10,JBHT,George Gary Charles,isDirector,0001562180-21-003377,2021-05-10,S,5000.0,182.2901,27415.0,D,,,,,,
728535,2021-05-11,JBHT,GARRISON EARL WAYNE,isDirector,0001562180-21-003385,2021-05-10,S,6369.0,181.0752,1198155.0,D,,,,,,
728535,2021-06-08,JBHT,BOATTINI JENNIFER,isOfficer,0001562180-21-004136,2021-06-04,S,3662.0,169.21,3041.0,I,,,,,,
728535,2021-06-08,JBHT,HUNT JOHNNIE B JR,isDirector,0001562180-21-004118,2021-06-04,G,2230.0,167.08,70697.0,D,,,,,,
728535,2021-06-21,JBHT,GASAWAY SHARILYN S,isDirector,0001562180-21-004386,2021-06-17,S,10.0,164.92,265.0,I,,,,,,
728535,2021-07-12,JBHT,Field Darren P.,isOfficer,0001562180-21-004873,2021-07-07,W,200.0,0.0,7395.0,D,,,,,,
728535,2021-07-19,JBHT,Hobbs Nicholas,isOfficer,0001562180-21-005001,2021-07-15,M,6666.0,0.0,76862.0,D,,,,,,
728535,2021-07-19,JBHT,Hobbs Nicholas,isOfficer,0001562180-21-005001,2021-07-15,F,2957.0,167.76,76953.0,D,,,,,,
728535,2021-07-19,JBHT,McGee Eric,isOfficer,0001562180-21-004997,2021-07-15,M,1667.0,0.0,2619.0,D,,,,,,
728535,2021-07-19,JBHT,Scott Stuart Lockard,isOfficer,0001562180-21-005003,2021-07-15,M,3000.0,0.0,20748.43,D,,,,,,
728535,2021-07-19,JBHT,BOATTINI JENNIFER,isOfficer,0001562180-21-005004,2021-07-15,M,1667.0,0.0,9581.0,D,,,,,,
728535,2021-07-19,JBHT,Scott Stuart Lockard,isOfficer,0001562180-21-005003,2021-07-15,F,1271.0,167.76,19477.43,D,,,,,,
728535,2021-07-19,JBHT,BOATTINI JENNIFER,isOfficer,0001562180-21-005004,2021-07-15,F,665.0,167.76,8916.0,D,,,,,,
728535,2021-07-19,JBHT,Hicks Bradley W.,isOfficer,0001562180-21-004996,2021-07-15,M,514.0,0.0,15395.0,D,,,,,,
728535,2021-07-19,JBHT,Kuhlow John,isOfficer,0001562180-21-005000,2021-07-15,F,1008.0,167.76,6537.0,D,,,,,,
728535,2021-07-19,JBHT,McGee Eric,isOfficer,0001562180-21-004997,2021-07-15,F,673.0,167.76,1946.0,D,,,,,,
728535,2021-07-19,JBHT,Bracy Kevin,isOfficer,0001562180-21-004993,2021-07-15,F,636.0,167.76,4984.0,D,,,,,,
728535,2021-07-19,JBHT,Kuhlow John,isOfficer,0001562180-21-005000,2021-07-15,M,3330.0,0.0,7545.0,D,,,,,,
728535,2021-07-19,JBHT,Bracy Kevin,isOfficer,0001562180-21-004993,2021-07-15,M,1667.0,0.0,5620.0,D,,,,,,
728535,2021-07-19,JBHT,Simpson Shelley,isOfficer,0001562180-21-004995,2021-07-15,F,2957.0,167.76,71632.0,D,,,,,,
728535,2021-07-19,JBHT,Hicks Bradley W.,isOfficer,0001562180-21-004996,2021-07-15,F,192.0,167.76,16870.0,D,,,,,,
728535,2021-07-19,JBHT,ROBERTS JOHN N,"isDirector,isOfficer",0001562180-21-004994,2021-07-15,M,12371.0,0.0,338037.0,D,,,,,,
728535,2021-07-19,JBHT,ROBERTS JOHN N,"isDirector,isOfficer",0001562180-21-004994,2021-07-15,F,5487.0,167.76,332550.0,D,,,,,,
728535,2021-07-19,JBHT,Simpson Shelley,isOfficer,0001562180-21-004995,2021-07-15,M,6666.0,0.0,74589.0,D,,,,,,
728535,2021-07-28,JBHT,McGee Eric,isOfficer,0001562180-21-005075,2021-07-26,S,1300.0,165.5301,952.0,D,,,,,,
728535,2021-08-30,JBHT,Hicks Bradley W.,isOfficer,0001562180-21-005626,2021-08-27,S,500.0,179.19,15747.0,D,,,,,,
728535,2021-09-07,JBHT,Scott Stuart Lockard,isOfficer,0001562180-21-005851,2021-09-03,S,1757.0,183.342,19477.43,D,,,,,,
728535,2021-10-20,JBHT,GARRISON EARL WAYNE,isDirector,0001562180-21-006591,2021-10-19,G,22276.0,0.0,1158992.0,D,,,,,,
728535,2021-10-21,JBHT,Hobbs Nicholas,isOfficer,0001562180-21-006594,2021-10-19,F,3900.0,190.74,71701.0,D,,,,,,
728535,2021-10-25,JBHT,George Gary Charles,isDirector,0001562180-21-006639,2021-10-21,G,306.0,0.0,327961.0,I,,,,,,
728535,2021-10-25,JBHT,Field Darren P.,isOfficer,0001562180-21-006625,2021-10-22,S,1000.0,196.44,6395.0,D,,,,,,
728535,2021-11-01,JBHT,Bracy Kevin,isOfficer,0001562180-21-006715,2021-10-31,M,119.0,0.0,5217.0,D,,,,,,
728535,2021-11-01,JBHT,BOATTINI JENNIFER,isOfficer,0001562180-21-006735,2021-10-31,M,262.0,0.0,9310.0,D,,,,,,
728535,2021-11-01,JBHT,BOATTINI JENNIFER,isOfficer,0001562180-21-006735,2021-10-31,F,111.0,197.19,9585.0,D,,,,,,
728535,2021-11-01,JBHT,Kuhlow John,isOfficer,0001562180-21-006714,2021-10-31,F,86.0,197.19,7637.0,D,,,,,,
728535,2021-11-01,JBHT,Bracy Kevin,isOfficer,0001562180-21-006715,2021-10-31,F,99.0,197.19,5605.0,D,,,,,,
728535,2021-11-01,JBHT,Kuhlow John,isOfficer,0001562180-21-006714,2021-10-31,M,302.0,0.0,7125.0,D,,,,,,
728535,2021-11-04,JBHT,McGee Eric,isOfficer,0001562180-21-006826,2021-11-03,S,250.0,194.41,702.0,D,,,,,,
728535,2021-11-08,JBHT,Hicks Bradley W.,isOfficer,0001562180-21-006881,2021-11-05,S,1000.0,197.0971,14747.0,D,,,,,,
728535,2021-11-12,JBHT,Kuhlow John,isOfficer,0001562180-21-007010,2021-11-12,S,1000.0,201.1706,6421.0,D,,,,,,
728535,2021-11-29,JBHT,Simpson Shelley,isOfficer,0001562180-21-007309,2021-11-24,G,3000.0,0.0,71997.0,D,,,,,,
728535,2021-12-09,JBHT,Bracy Kevin,isOfficer,0001562180-21-007590,2021-12-08,G,300.0,0.0,5157.0,D,,,,,,
728535,2021-12-13,JBHT,HUNT JOHNELLE D,isTenPercentOwner,0001562180-21-007637,2021-12-09,J,148.0329,199.4594,1995.9671,D,,,,,,
728535,2022-02-02,JBHT,Scott Stuart Lockard,isOfficer,0001562180-22-000969,2022-01-31,M,2036.0,0.0,21513.43,D,,,,,,
728535,2022-02-02,JBHT,McGee Eric,isOfficer,0001562180-22-000970,2022-01-31,F,278.0,192.54,1111.0,D,,,,,,
728535,2022-02-02,JBHT,Hobbs Nicholas,isOfficer,0001562180-22-000964,2022-01-31,F,981.0,192.54,72906.0,D,,,,,,
728535,2022-02-02,JBHT,McGee Eric,isOfficer,0001562180-22-000970,2022-01-31,M,687.0,0.0,1389.0,D,,,,,,
728535,2022-02-02,JBHT,Field Darren P.,isOfficer,0001562180-22-000962,2022-01-31,F,377.0,192.54,7114.0,D,,,,,,
728535,2022-02-02,JBHT,BOATTINI JENNIFER,isOfficer,0001562180-22-000972,2022-01-31,M,424.0,0.0,9844.0,D,,,,,,
728535,2022-02-02,JBHT,Simpson Shelley,isOfficer,0001562180-22-000963,2022-01-31,F,2241.0,192.54,74807.0,D,,,,,,
728535,2022-02-02,JBHT,HARPER ALFRED C,isOfficer,0001562180-22-000968,2022-01-31,M,1909.0,0.0,25764.0,D,,,,,,
728535,2022-02-02,JBHT,Bracy Kevin,isOfficer,0001562180-22-000971,2022-01-31,M,339.0,0.0,5496.0,D,,,,,,
728535,2022-02-02,JBHT,Hicks Bradley W.,isOfficer,0001562180-22-000965,2022-01-31,M,443.0,0.0,15190.0,D,,,,,,
728535,2022-02-02,JBHT,HARPER ALFRED C,isOfficer,0001562180-22-000968,2022-01-31,F,542.0,192.54,25222.0,D,,,,,,
728535,2022-02-02,JBHT,Field Darren P.,isOfficer,0001562180-22-000962,2022-01-31,M,1096.0,0.0,7491.0,D,,,,,,
728535,2022-02-02,JBHT,Kuhlow John,isOfficer,0001562180-22-000967,2022-01-31,F,743.0,192.54,7905.0,D,,,,,,
728535,2022-02-02,JBHT,Hicks Bradley W.,isOfficer,0001562180-22-000965,2022-01-31,F,188.0,192.54,15002.0,D,,,,,,
728535,2022-02-02,JBHT,ROBERTS JOHN N,"isDirector,isOfficer",0001562180-22-000966,2022-01-31,M,9425.0,0.0,341975.0,D,,,,,,
728535,2022-02-02,JBHT,Bracy Kevin,isOfficer,0001562180-22-000971,2022-01-31,F,173.0,192.54,5323.0,D,,,,,,
728535,2022-02-02,JBHT,BOATTINI JENNIFER,isOfficer,0001562180-22-000972,2022-01-31,F,180.0,192.54,9664.0,D,,,,,,
728535,2022-02-02,JBHT,Scott Stuart Lockard,isOfficer,0001562180-22-000969,2022-01-31,F,863.0,192.54,20650.43,D,,,,,,
728535,2022-02-02,JBHT,Kuhlow John,isOfficer,0001562180-22-000967,2022-01-31,M,2227.0,0.0,8648.0,D,,,,,,
728535,2022-02-02,JBHT,Hobbs Nicholas,isOfficer,0001562180-22-000964,2022-01-31,M,2186.0,0.0,73887.0,D,,,,,,
728535,2022-02-02,JBHT,ROBERTS JOHN N,"isDirector,isOfficer",0001562180-22-000966,2022-01-31,F,4180.0,192.54,337795.0,D,,,,,,
728535,2022-02-02,JBHT,Scott Stuart Lockard,isOfficer,0001562180-22-000973,2022-02-01,S,5473.0,192.9969,21179.43,D,,,,,,
728535,2022-02-02,JBHT,Simpson Shelley,isOfficer,0001562180-22-000963,2022-01-31,M,5051.0,0.0,77048.0,D,,,,,,
728535,2022-02-09,JBHT,McGee Eric,isOfficer,0001562180-22-001306,2022-02-09,S,1765.0,194.335,401.0,D,,,,,,
728535,2022-03-07,JBHT,Hicks Bradley W.,isOfficer,0001562180-22-002385,2022-03-07,S,800.0,204.9368,16353.0,D,,,,,,
728535,2022-04-27,JBHT,ROBERTS JOHN N,"isDirector,isOfficer",0001562180-22-003559,2022-04-26,G,100000.0,0.0,257645.0,D,,,,,,
728535,2022-04-29,JBHT,ROBO JAMES L,isDirector,0001562180-22-003572,2022-04-28,A,1460.0,174.59,31017.0,D,,,,,,
728535,2022-04-29,JBHT,Edwardson Francesca M.,isDirector,0001562180-22-003575,2022-04-28,A,1460.0,174.59,25737.0,D,,,,,,
728535,2022-04-29,JBHT,DUNCAN DOUGLAS G,isDirector,0001562180-22-003569,2022-04-28,A,365.0,174.59,11626.0,D,,,,,,
728535,2022-04-29,JBHT,KING GALE V.,isDirector,0001562180-22-003571,2022-04-28,A,1460.0,174.59,4019.0,D,,,,,,
728535,2022-04-29,JBHT,George Gary Charles,isDirector,0001562180-22-003573,2022-04-28,A,1460.0,174.59,28875.0,D,,,,,,
728535,2022-04-29,JBHT,GASAWAY SHARILYN S,isDirector,0001562180-22-003574,2022-04-28,A,1460.0,174.59,25550.0,D,,,,,,
728535,2022-04-29,JBHT,Hill Thad,isDirector,0001562180-22-003570,2022-04-28,A,1460.0,174.59,2904.0,D,,,,,,
728535,2022-05-12,JBHT,George Gary Charles,isDirector,0001562180-22-003992,2022-05-09,G,1800.0,172.5,27075.0,D,,,,,,
728535,2022-05-20,JBHT,GASAWAY SHARILYN S,isDirector,0001562180-22-004262,2022-05-19,P,300.0,162.4501,25850.0,D,,,,,,
728535,2022-07-19,JBHT,Bracy Kevin,isOfficer,0001562180-22-005700,2022-07-15,M,1667.0,0.0,6990.0,D,,,,,,
728535,2022-07-19,JBHT,Kuhlow John,isOfficer,0001562180-22-005704,2022-07-15,M,3340.0,0.0,11245.0,D,,,,,,
728535,2022-07-19,JBHT,Kuhlow John,isOfficer,0001562180-22-005704,2022-07-15,F,997.0,167.58,10248.0,D,,,,,,
728535,2022-07-19,JBHT,Hobbs Nicholas,isOfficer,0001562180-22-005703,2022-07-15,M,6667.0,0.0,87210.0,D,,,,,,
728535,2022-07-19,JBHT,Webb Brian,isOfficer,0001562180-22-005721,2022-07-15,M,2500.0,0.0,13990.0,D,,,,,,
728535,2022-07-19,JBHT,Webb Brian,isOfficer,0001562180-22-005721,2022-07-15,F,1209.0,167.58,12781.0,D,,,,,,
728535,2022-07-19,JBHT,Hicks Bradley W.,isOfficer,0001562180-22-005701,2022-07-15,M,1667.0,0.0,18020.0,D,,,,,,
728535,2022-07-19,JBHT,Bracy Kevin,isOfficer,0001562180-22-005700,2022-07-15,F,631.0,167.58,6359.0,D,,,,,,
728535,2022-07-19,JBHT,Simpson Shelley,isOfficer,0001562180-22-005702,2022-07-15,M,6667.0,0.0,87587.0,D,,,,,,
728535,2022-07-19,JBHT,BOATTINI JENNIFER,isOfficer,0001562180-22-005698,2022-07-15,F,656.0,167.58,10675.0,D,,,,,,
728535,2022-07-19,JBHT,Hicks Bradley W.,isOfficer,0001562180-22-005701,2022-07-15,F,498.0,167.58,17522.0,D,,,,,,
728535,2022-07-19,JBHT,Scott Stuart Lockard,isOfficer,0001562180-22-005699,2022-07-15,M,3000.0,0.0,24179.43,D,,,,,,
728535,2022-07-19,JBHT,Scott Stuart Lockard,isOfficer,0001562180-22-005699,2022-07-15,F,1271.0,167.58,22908.43,D,,,,,,
728535,2022-07-19,JBHT,Simpson Shelley,isOfficer,0001562180-22-005702,2022-07-15,F,2957.0,167.58,84630.0,D,,,,,,
728535,2022-07-19,JBHT,Hobbs Nicholas,isOfficer,0001562180-22-005703,2022-07-15,F,3124.0,167.58,84086.0,D,,,,,,
728535,2022-07-19,JBHT,BOATTINI JENNIFER,isOfficer,0001562180-22-005698,2022-07-15,M,1667.0,0.0,11331.0,D,,,,,,
728535,2022-08-01,JBHT,Field Darren P.,isOfficer,0001562180-22-005768,2022-07-28,S,2200.0,179.8468,9058.0,D,,,,,,
728535,2022-09-08,JBHT,McGee Eric,isOfficer,0001562180-22-006563,2022-09-07,P,210.0,167.747,611.0,D,,,,,,
728535,2022-11-02,JBHT,BOATTINI JENNIFER,isOfficer,0001562180-22-007416,2022-10-31,M,120.0,0.0,10795.0,D,,,,,,
728535,2022-11-02,JBHT,Frazier Spencer,isOfficer,0001562180-22-007415,2022-10-31,M,263.0,0.0,763.0,D,,,,,,
728535,2022-11-02,JBHT,Keefauver David,isOfficer,0001562180-22-007414,2022-10-31,F,91.0,171.07,1615.0,D,,,,,,
728535,2022-11-02,JBHT,Keefauver David,isOfficer,0001562180-22-007414,2022-10-31,M,199.0,0.0,767.0,D,,,,,,
728535,2022-11-02,JBHT,BOATTINI JENNIFER,isOfficer,0001562180-22-007416,2022-10-31,F,51.0,171.07,11771.0,D,,,,,,
728535,2022-11-02,JBHT,Frazier Spencer,isOfficer,0001562180-22-007415,2022-10-31,F,77.0,171.07,5459.0,D,,,,,,
728535,2022-11-02,JBHT,Kuhlow John,isOfficer,0001562180-22-007413,2022-10-31,M,255.0,0.0,10503.0,D,,,,,,
728535,2022-11-02,JBHT,Bracy Kevin,isOfficer,0001562180-22-007411,2022-10-31,M,120.0,0.0,6479.0,D,,,,,,
728535,2022-11-02,JBHT,Webb Brian,isOfficer,0001562180-22-007412,2022-10-31,M,319.0,0.0,13100.0,D,,,,,,
728535,2022-11-02,JBHT,Bracy Kevin,isOfficer,0001562180-22-007411,2022-10-31,F,59.0,171.07,7220.0,D,,,,,,
728535,2022-11-02,JBHT,Webb Brian,isOfficer,0001562180-22-007412,2022-10-31,F,161.0,171.07,15690.0,D,,,,,,
728535,2022-11-02,JBHT,Kuhlow John,isOfficer,0001562180-22-007413,2022-10-31,F,6.0,171.07,11143.0,D,,,,,,
728535,2022-11-09,JBHT,Frazier Spencer,isOfficer,0001562180-22-007577,2022-11-07,S,1000.0,177.1558,3060.0,D,,,,,,
728535,2022-11-15,JBHT,Simpson Shelley,isOfficer,0001562180-22-007654,2022-11-11,S,7000.0,186.0228,77630.0,D,,,,,,
728535,2022-11-15,JBHT,Simpson Shelley,isOfficer,0001562180-22-007654,2022-11-11,G,5400.0,0.0,72230.0,D,,,,,,
728535,2022-11-29,JBHT,Field Darren P.,isOfficer,0001562180-22-007916,2022-11-25,W,65.356,0.0,9123.356,D,,,,,,
728535,2023-01-05,JBHT,George Gary Charles,isDirector,0001562180-23-000212,2023-01-03,G,1913.0,0.0,25162.0,D,,,,,,
728535,2023-01-05,JBHT,ROBERTS JOHN N,"isDirector,isOfficer",0001562180-23-000213,2023-01-03,G,5715.0,0.0,251930.0,D,,,,,,
728535,2023-02-02,JBHT,ROBERTS JOHN N,"isDirector,isOfficer",0001562180-23-000859,2023-01-31,F,6258.0,189.05,259781.0,D,,,,,,
728535,2023-02-02,JBHT,Field Darren P.,isOfficer,0001562180-23-000854,2023-01-31,M,2105.0,0.0,11228.356,D,,,,,,
728535,2023-02-02,JBHT,Scott Stuart Lockard,isOfficer,0001562180-23-000862,2023-01-31,M,2541.0,0.0,25449.43,D,,,,,,
728535,2023-02-02,JBHT,Bracy Kevin,isOfficer,0001562180-23-000861,2023-01-31,F,110.0,189.05,7061.0,D,,,,,,
728535,2023-02-02,JBHT,BOATTINI JENNIFER,isOfficer,0001562180-23-000858,2023-01-31,M,424.0,0.0,11759.0,D,,,,,,
728535,2023-02-02,JBHT,Kuhlow John,isOfficer,0001562180-23-000863,2023-01-31,M,2227.0,0.0,13353.0,D,,,,,,
728535,2023-02-02,JBHT,Simpson Shelley,isOfficer,0001562180-23-000867,2023-01-31,F,2241.0,189.05,75040.0,D,,,,,,
728535,2023-02-02,JBHT,Simpson Shelley,isOfficer,0001562180-23-000867,2023-01-31,M,5051.0,0.0,77281.0,D,,,,,,
728535,2023-02-02,JBHT,Field Darren P.,isOfficer,0001562180-23-000854,2023-01-31,F,576.0,189.05,10652.356,D,,,,,,
728535,2023-02-02,JBHT,Bracy Kevin,isOfficer,0001562180-23-000861,2023-01-31,M,339.0,0.0,7171.0,D,,,,,,
728535,2023-02-02,JBHT,McGee Eric,isOfficer,0001562180-23-000860,2023-01-31,M,687.0,0.0,1298.0,D,,,,,,
728535,2023-02-02,JBHT,Hicks Bradley W.,isOfficer,0001562180-23-000855,2023-01-31,F,319.0,189.05,17890.0,D,,,,,,
728535,2023-02-02,JBHT,HARPER ALFRED C,isOfficer,0001562180-23-000857,2023-01-31,M,3849.0,0.0,36318.0,D,,,,,,
728535,2023-02-02,JBHT,McGee Eric,isOfficer,0001562180-23-000860,2023-01-31,F,278.0,189.05,1020.0,D,,,,,,
728535,2023-02-02,JBHT,Kuhlow John,isOfficer,0001562180-23-000863,2023-01-31,F,941.0,189.05,12412.0,D,,,,,,
728535,2023-02-02,JBHT,ROBERTS JOHN N,"isDirector,isOfficer",0001562180-23-000859,2023-01-31,M,14109.0,0.0,266039.0,D,,,,,,
728535,2023-02-02,JBHT,Hobbs Nicholas,isOfficer,0001562180-23-000856,2023-01-31,M,5051.0,0.0,75155.0,D,,,,,,
728535,2023-02-02,JBHT,Scott Stuart Lockard,isOfficer,0001562180-23-000862,2023-01-31,F,1077.0,189.05,24372.43,D,,,,,,
728535,2023-02-02,JBHT,Hobbs Nicholas,isOfficer,0001562180-23-000856,2023-01-31,F,2241.0,189.05,72914.0,D,,,,,,
728535,2023-02-02,JBHT,HARPER ALFRED C,isOfficer,0001562180-23-000857,2023-01-31,F,1704.0,189.05,34614.0,D,,,,,,
728535,2023-02-02,JBHT,Hicks Bradley W.,isOfficer,0001562180-23-000855,2023-01-31,M,687.0,0.0,18209.0,D,,,,,,
728535,2023-02-14,JBHT,HARPER ALFRED C,isOfficer,0001562180-23-001367,2023-02-13,S,5300.0,190.3304,32556.0,D,,,,,,
728535,2023-02-28,JBHT,Hobbs Nicholas,isOfficer,0001562180-23-001952,2023-02-27,G,1400.0,0.0,75996.0,D,,,,,,
728535,2023-04-04,JBHT,ROBERTS JOHN N,"isDirector,isOfficer",0001562180-23-003394,2023-03-31,F,7965.0,175.46,282932.0,D,,,,,,
728535,2023-04-04,JBHT,Simpson Shelley,isOfficer,0001562180-23-003399,2023-03-31,M,6246.0,0.0,85768.0,D,,,,,,
728535,2023-04-04,JBHT,Scott Stuart Lockard,isOfficer,0001562180-23-003396,2023-03-31,F,2051.0,175.46,31584.43,D,,,,,,
728535,2023-04-04,JBHT,Simpson Shelley,isOfficer,0001562180-23-003399,2023-03-31,F,2771.0,175.46,82997.0,D,,,,,,
728535,2023-04-04,JBHT,Scott Stuart Lockard,isOfficer,0001562180-23-003396,2023-03-31,M,4841.0,0.0,33635.43,D,,,,,,
728535,2023-04-04,JBHT,McGee Eric,isOfficer,0001562180-23-003395,2023-03-31,F,379.0,175.46,2410.0,D,,,,,,
728535,2023-04-04,JBHT,McGee Eric,isOfficer,0001562180-23-003395,2023-03-31,M,937.0,0.0,2789.0,D,,,,,,
728535,2023-04-04,JBHT,ROBERTS JOHN N,"isDirector,isOfficer",0001562180-23-003394,2023-03-31,M,17958.0,0.0,290897.0,D,,,,,,
728535,2023-04-04,JBHT,HARPER ALFRED C,isOfficer,0001562180-23-003391,2023-03-31,M,4686.0,0.0,37242.0,D,,,,,,
728535,2023-04-04,JBHT,Hicks Bradley W.,isOfficer,0001562180-23-003392,2023-03-31,M,937.0,0.0,21212.0,D,,,,,,
728535,2023-04-04,JBHT,Hicks Bradley W.,isOfficer,0001562180-23-003392,2023-03-31,F,276.0,175.46,20936.0,D,,,,,,
728535,2023-04-04,JBHT,Field Darren P.,isOfficer,0001562180-23-003390,2023-03-31,F,1230.0,175.46,16810.356,D,,,,,,
728535,2023-04-04,JBHT,HARPER ALFRED C,isOfficer,0001562180-23-003391,2023-03-31,F,2074.0,175.46,35168.0,D,,,,,,
728535,2023-04-04,JBHT,Hobbs Nicholas,isOfficer,0001562180-23-003393,2023-03-31,F,2771.0,175.46,79471.0,D,,,,,,
728535,2023-04-04,JBHT,Field Darren P.,isOfficer,0001562180-23-003390,2023-03-31,M,3124.0,0.0,18040.356,D,,,,,,
728535,2023-04-04,JBHT,Hobbs Nicholas,isOfficer,0001562180-23-003393,2023-03-31,M,6246.0,0.0,82242.0,D,,,,,,
728535,2023-04-21,JBHT,Scott Stuart Lockard,isOfficer,0001562180-23-003643,2023-04-20,S,2458.0,178.3366,29126.43,D,,,,,,
728535,2023-04-21,JBHT,Field Darren P.,isOfficer,0001562180-23-003642,2023-04-20,S,2500.0,182.3,14310.356,D,,,,,,
728535,2023-04-28,JBHT,Lisboa Persio V,isDirector,0001562180-23-003725,2023-04-28,A,1101.0,170.07,1101.0,D,,,,,,
728535,2023-04-28,JBHT,McGee Eric,isOfficer,0001562180-23-003726,2023-04-28,S,1200.0,175.3,1210.0,D,,,,,,
728535,2023-04-28,JBHT,Edwardson Francesca M.,isDirector,0001562180-23-003724,2023-04-28,A,1572.0,170.07,27309.0,D,,,,,,
728535,2023-04-28,JBHT,Hill Thad,isDirector,0001562180-23-003723,2023-04-28,A,1572.0,170.07,4476.0,D,,,,,,
728535,2023-04-28,JBHT,GASAWAY SHARILYN S,isDirector,0001562180-23-003721,2023-04-28,A,1572.0,170.07,27772.0,D,,,,,,
728535,2023-04-28,JBHT,ROBO JAMES L,isDirector,0001562180-23-003722,2023-04-28,A,1572.0,170.07,32589.0,D,,,,,,
728535,2023-05-15,JBHT,Kuhlow John,isOfficer,0001562180-23-004120,2023-05-12,S,3500.0,176.0514,9911.0,D,,,,,,
728535,2023-07-18,JBHT,Scott Stuart Lockard,isOfficer,0001562180-23-005931,2023-07-15,M,3000.0,0.0,32126.43,D,,,,,,
728535,2023-07-18,JBHT,Scott Stuart Lockard,isOfficer,0001562180-23-005931,2023-07-15,F,1391.0,183.3,30735.43,D,,,,,,
728535,2023-07-18,JBHT,Hobbs Nicholas,isOfficer,0001562180-23-005930,2023-07-15,M,6667.0,0.0,86138.0,D,,,,,,
728535,2023-07-18,JBHT,Hobbs Nicholas,isOfficer,0001562180-23-005930,2023-07-15,F,2951.0,183.3,83187.0,D,,,,,,
728535,2023-07-18,JBHT,Simpson Shelley,isOfficer,0001562180-23-005929,2023-07-15,M,6667.0,0.0,89664.0,D,,,,,,
728535,2023-07-18,JBHT,Simpson Shelley,isOfficer,0001562180-23-005929,2023-07-15,F,2957.0,183.3,86707.0,D,,,,,,
728535,2023-07-21,JBHT,THOMPSON JAMES K,"isDirector,isOfficer",0001562180-23-005992,2023-07-20,S,2479.0,192.3117,32559.45,D,,,,,,
728535,2023-07-25,JBHT,Scott Stuart Lockard,isOfficer,0001562180-23-006008,2023-07-24,S,1609.0,198.284,29126.43,D,,,,,,
728535,2023-07-25,JBHT,Hicks Bradley W.,isOfficer,0001562180-23-006015,2023-07-25,S,500.0,198.64,20436.0,D,,,,,,
728535,2023-07-25,JBHT,Hobbs Nicholas,isOfficer,0001562180-23-006014,2023-07-25,S,3716.0,198.7755,79471.0,D,,,,,,
728535,2023-07-27,JBHT,McGee Eric,isOfficer,0001562180-23-006027,2023-07-26,S,310.0,202.5154,900.0,D,,,,,,
728535,2023-07-31,JBHT,Keefauver David,isOfficer,0001562180-23-006049,2023-07-31,S,488.0,205.245,699.0,D,,,,,,
728535,2023-08-02,JBHT,Field Darren P.,isOfficer,0001562180-23-006123,2023-08-02,S,2500.0,204.3542,11810.356,D,,,,,,
728535,2023-08-02,JBHT,Hicks Bradley W.,isOfficer,0001562180-23-006122,2023-08-01,M,577.0,0.0,21013.0,D,,,,,,
728535,2023-08-02,JBHT,Hicks Bradley W.,isOfficer,0001562180-23-006122,2023-08-01,F,262.0,203.87,20751.0,D,,,,,,
728535,2023-08-02,JBHT,Simpson Shelley,isOfficer,0001562180-23-006121,2023-08-01,M,2888.0,0.0,89595.0,D,,,,,,
728535,2023-08-02,JBHT,Simpson Shelley,isOfficer,0001562180-23-006121,2023-08-01,F,1281.0,203.87,88314.0,D,,,,,,
728535,2023-08-21,JBHT,McGee Eric,isOfficer,0001562180-23-006470,2023-08-18,S,400.0,190.2601,500.0,D,,,,,,
728535,2023-09-12,JBHT,THOMPSON JAMES K,"isDirector,isOfficer",0001562180-23-006822,2023-09-11,G,300.0,0.0,32259.45,D,,,,,,
728535,2023-11-02,JBHT,Kuhlow John,isOfficer,0001562180-23-007494,2023-10-31,F,129.0,171.87,10429.0,D,,,,,,
728535,2023-11-02,JBHT,Keefauver David,isOfficer,0001562180-23-007492,2023-10-31,F,926.0,171.87,2552.0,D,,,,,,
728535,2023-11-02,JBHT,Kuhlow John,isOfficer,0001562180-23-007494,2023-10-31,M,344.0,0.0,10255.0,D,,,,,,
728535,2023-11-02,JBHT,BOATTINI JENNIFER,isOfficer,0001562180-23-007495,2023-10-31,F,650.0,171.87,14448.0,D,,,,,,
728535,2023-11-02,JBHT,Frazier Spencer,isOfficer,0001562180-23-007491,2023-10-31,M,2000.0,0.0,5060.0,D,,,,,,
728535,2023-11-02,JBHT,Bracy Kevin,isOfficer,0001562180-23-007493,2023-10-31,F,816.0,171.87,9153.0,D,,,,,,
728535,2023-11-02,JBHT,Frazier Spencer,isOfficer,0001562180-23-007491,2023-10-31,F,747.0,171.87,7088.0,D,,,,,,
728535,2023-11-02,JBHT,Webb Brian,isOfficer,0001562180-23-007490,2023-10-31,F,110.0,171.87,16947.0,D,,,,,,
728535,2023-11-02,JBHT,Keefauver David,isOfficer,0001562180-23-007492,2023-10-31,M,1838.0,0.0,2537.0,D,,,,,,
728535,2023-11-02,JBHT,BOATTINI JENNIFER,isOfficer,0001562180-23-007495,2023-10-31,M,499.0,0.0,12258.0,D,,,,,,
728535,2023-11-02,JBHT,Webb Brian,isOfficer,0001562180-23-007490,2023-10-31,M,218.0,0.0,14521.0,D,,,,,,
728535,2023-11-02,JBHT,Bracy Kevin,isOfficer,0001562180-23-007493,2023-10-31,M,1838.0,0.0,8899.0,D,,,,,,
728535,2023-12-01,JBHT,Frazier Spencer,isOfficer,0001562180-23-008001,2023-11-30,S,1527.0,184.7707,4522.0,D,,,,,,
728535,2023-12-06,JBHT,Simpson Shelley,isOfficer,0001562180-23-008150,2023-12-05,S,5350.0,188.5,82964.0,D,,,,,,
728535,2023-12-06,JBHT,Simpson Shelley,isOfficer,0001562180-23-008150,2023-12-05,G,5563.0,0.0,77401.0,D,,,,,,
728535,2024-01-03,JBHT,HARPER ALFRED C,isOfficer,0001562180-24-000081,2023-12-31,M,22011.0,0.0,57179.0,D,,,,,,
728535,2024-01-03,JBHT,HARPER ALFRED C,isOfficer,0001562180-24-000081,2023-12-31,F,8268.0,199.74,48911.0,D,,,,,,
728535,2024-01-24,JBHT,Keefauver David,isOfficer,0001562180-24-000585,2024-01-23,S,978.0,205.056,1119.0,D,,,,,,
728535,2024-01-24,JBHT,THOMPSON JAMES K,"isDirector,isOfficer",0001562180-24-000574,2024-01-23,S,4000.0,206.48,28259.45,D,,,,,,
728535,2024-02-02,JBHT,Hicks Bradley W.,isOfficer,0001562180-24-000932,2024-01-31,M,687.0,0.0,21438.0,D,,,,,,
728535,2024-02-02,JBHT,Hobbs Nicholas,isOfficer,0001562180-24-000933,2024-01-31,M,3279.0,0.0,82750.0,D,,,,,,
728535,2024-02-02,JBHT,BOATTINI JENNIFER,isOfficer,0001562180-24-000938,2024-01-31,M,424.0,0.0,14872.0,D,,,,,,
728535,2024-02-02,JBHT,BOATTINI JENNIFER,isOfficer,0001562180-24-000938,2024-01-31,F,212.0,200.98,14660.0,D,,,,,,
728535,2024-02-02,JBHT,Keefauver David,isOfficer,0001562180-24-000937,2024-01-31,M,431.0,0.0,1550.0,D,,,,,,
728535,2024-02-02,JBHT,Keefauver David,isOfficer,0001562180-24-000937,2024-01-31,F,216.0,200.98,1334.0,D,,,,,,
728535,2024-02-02,JBHT,Scott Stuart Lockard,isOfficer,0001562180-24-000936,2024-01-31,M,2541.0,0.0,31667.43,D,,,,,,
728535,2024-02-02,JBHT,Scott Stuart Lockard,isOfficer,0001562180-24-000936,2024-01-31,F,1079.0,200.98,30588.43,D,,,,,,
728535,2024-02-02,JBHT,Kuhlow John,isOfficer,0001562180-24-000935,2024-01-31,M,2228.0,0.0,12543.0,D,,,,,,
728535,2024-02-02,JBHT,Kuhlow John,isOfficer,0001562180-24-000935,2024-01-31,F,860.0,200.98,11683.0,D,,,,,,
728535,2024-02-02,JBHT,ROBERTS JOHN N,"isDirector,isOfficer",0001562180-24-000934,2024-01-31,F,4193.0,200.98,288164.0,D,,,,,,
728535,2024-02-02,JBHT,Hobbs Nicholas,isOfficer,0001562180-24-000933,2024-01-31,F,1474.0,200.98,81276.0,D,,,,,,
728535,2024-02-02,JBHT,ROBERTS JOHN N,"isDirector,isOfficer",0001562180-24-000934,2024-01-31,M,9425.0,0.0,292357.0,D,,,,,,
728535,2024-02-02,JBHT,Hicks Bradley W.,isOfficer,0001562180-24-000932,2024-01-31,F,312.0,200.98,21126.0,D,,,,,,
728535,2024-02-02,JBHT,Simpson Shelley,isOfficer,0001562180-24-000931,2024-01-31,F,1819.0,200.98,79639.0,D,,,,,,
728535,2024-02-02,JBHT,Frazier Spencer,isOfficer,0001562180-24-000930,2024-01-31,F,141.0,200.98,4812.0,D,,,,,,
728535,2024-02-02,JBHT,Bracy Kevin,isOfficer,0001562180-24-000929,2024-01-31,M,339.0,0.0,9015.0,D,,,,,,
728535,2024-02-02,JBHT,Bracy Kevin,isOfficer,0001562180-24-000929,2024-01-31,F,26.0,200.98,8989.0,D,,,,,,
728535,2024-02-02,JBHT,Webb Brian,isOfficer,0001562180-24-000928,2024-01-31,M,532.0,0.0,16198.0,D,,,,,,
728535,2024-02-02,JBHT,Webb Brian,isOfficer,0001562180-24-000928,2024-01-31,F,266.0,200.98,15932.0,D,,,,,,
728535,2024-02-02,JBHT,McGee Eric,isOfficer,0001562180-24-000927,2024-01-31,M,687.0,0.0,1187.0,D,,,,,,
728535,2024-02-02,JBHT,McGee Eric,isOfficer,0001562180-24-000927,2024-01-31,F,168.0,200.98,1019.0,D,,,,,,
728535,2024-02-02,JBHT,Field Darren P.,isOfficer,0001562180-24-000926,2024-01-31,M,687.0,0.0,12497.356,D,,,,,,
728535,2024-02-02,JBHT,Simpson Shelley,isOfficer,0001562180-24-000931,2024-01-31,M,4057.0,0.0,81458.0,D,,,,,,
728535,2024-02-02,JBHT,Field Darren P.,isOfficer,0001562180-24-000926,2024-01-31,F,230.0,200.98,12267.356,D,,,,,,
728535,2024-02-02,JBHT,Frazier Spencer,isOfficer,0001562180-24-000930,2024-01-31,M,431.0,0.0,4953.0,D,,,,,,
728535,2024-02-14,JBHT,Hobbs Nicholas,isOfficer,0001562180-24-001297,2024-02-12,G,1397.0,0.0,83898.0,D,,,,,,
728535,2024-02-23,JBHT,HARPER ALFRED C,isOther,0001562180-24-001667,2024-02-23,S,6500.0,212.7081,42411.0,D,,,,,,
728535,2024-02-23,JBHT,McGee Eric,isOfficer,0001562180-24-001666,2024-02-23,S,3800.0,212.56,464.0,D,,,,,,
728535,2024-02-23,JBHT,Field Darren P.,isOfficer,0001562180-24-001665,2024-02-23,S,6000.0,212.9823,14295.356,D,,,,,,
728535,2024-02-26,JBHT,Kuhlow John,isOfficer,0001562180-24-001715,2024-02-23,S,3500.0,213.0006,10537.0,D,,,,,,
728535,2024-02-26,JBHT,Hicks Bradley W.,isOfficer,0001562180-24-001713,2024-02-23,S,1000.0,212.235,25355.0,D,,,,,,
728535,2024-02-27,JBHT,Webb Brian,isOfficer,0001562180-24-001775,2024-02-26,S,900.0,208.5429,15032.0,D,,,,,,
728535,2024-02-27,JBHT,Bracy Kevin,isOfficer,0001562180-24-001774,2024-02-23,S,754.0,211.79,8235.0,D,,,,,,
728535,2024-03-06,JBHT,Ottensmeyer Patrick J,isDirector,0001562180-24-002366,2024-03-04,P,5000.0,202.99,5000.0,D,,,,,,
728535,2024-03-07,JBHT,Ottensmeyer Patrick J,isDirector,0001562180-24-002387,2024-03-06,A,315.0,211.7,5315.0,D,,,,,,
728535,2024-04-02,JBHT,ROBERTS JOHN N,"isDirector,isOfficer",0001562180-24-003143,2024-03-31,M,13479.0,0.0,313733.0,D,,,,,,
728535,2024-04-02,JBHT,Scott Stuart Lockard,isOfficer,0001562180-24-003144,2024-03-31,F,1436.0,199.25,35935.43,D,,,,,,
728535,2024-04-02,JBHT,McGee Eric,isOfficer,0001562180-24-003142,2024-03-31,M,868.0,0.0,1332.0,D,,,,,,
728535,2024-04-02,JBHT,Simpson Shelley,isOfficer,0001562180-24-003145,2024-03-31,F,2022.0,199.25,88264.0,D,,,,,,
728535,2024-04-02,JBHT,Simpson Shelley,isOfficer,0001562180-24-003145,2024-03-31,M,4558.0,0.0,90286.0,D,,,,,,
728535,2024-04-02,JBHT,McGee Eric,isOfficer,0001562180-24-003142,2024-03-31,F,212.0,199.25,1120.0,D,,,,,,
728535,2024-04-02,JBHT,Scott Stuart Lockard,isOfficer,0001562180-24-003144,2024-03-31,M,3472.0,0.0,37371.43,D,,,,,,
728535,2024-04-02,JBHT,ROBERTS JOHN N,"isDirector,isOfficer",0001562180-24-003143,2024-03-31,F,5978.0,199.25,307755.0,D,,,,,,
728535,2024-04-02,JBHT,Hicks Bradley W.,isOfficer,0001562180-24-003139,2024-03-31,M,3799.0,0.0,29154.0,D,,,,,,
728535,2024-04-02,JBHT,Hicks Bradley W.,isOfficer,0001562180-24-003139,2024-03-31,F,1040.0,199.25,28114.0,D,,,,,,
728535,2024-04-02,JBHT,Kuhlow John,isOfficer,0001562180-24-003141,2024-03-31,M,3799.0,0.0,14336.0,D,,,,,,
728535,2024-04-02,JBHT,Field Darren P.,isOfficer,0001562180-24-003138,2024-03-31,F,1703.0,199.25,17150.356,D,,,,,,
728535,2024-04-02,JBHT,Field Darren P.,isOfficer,0001562180-24-003138,2024-03-31,M,4558.0,0.0,18853.356,D,,,,,,
728535,2024-04-02,JBHT,Hobbs Nicholas,isOfficer,0001562180-24-003140,2024-03-31,M,4558.0,0.0,88456.0,D,,,,,,
728535,2024-04-02,JBHT,Hobbs Nicholas,isOfficer,0001562180-24-003140,2024-03-31,F,2022.0,199.25,86434.0,D,,,,,,
728535,2024-04-02,JBHT,Kuhlow John,isOfficer,0001562180-24-003141,2024-03-31,F,1419.0,199.25,12917.0,D,,,,,,
728535,2024-04-29,JBHT,Lisboa Persio V,isDirector,0001562180-24-003534,2024-04-25,A,1893.0,163.74,2994.0,D,,,,,,
728535,2024-04-29,JBHT,Ottensmeyer Patrick J,isDirector,0001562180-24-003536,2024-04-25,A,1862.0,163.74,7177.0,D,,,,,,
728535,2024-04-29,JBHT,ROBERTS JOHN N,"isDirector,isOfficer",0001562180-24-003584,2024-04-26,P,6200.0,161.0565,313955.0,D,,,,,,
728535,2024-04-29,JBHT,Hill Thad,isDirector,0001562180-24-003531,2024-04-25,A,1710.0,163.74,6186.0,D,,,,,,
728535,2024-04-29,JBHT,GASAWAY SHARILYN S,isDirector,0001562180-24-003533,2024-04-25,A,2137.0,163.74,29909.0,D,,,,,,
728535,2024-04-29,JBHT,ROBO JAMES L,isDirector,0001562180-24-003535,2024-04-25,A,2076.0,163.74,34665.0,D,,,,,,
728535,2024-04-29,JBHT,Edwardson Francesca M.,isDirector,0001562180-24-003532,2024-04-25,A,1893.0,163.74,29202.0,D,,,,,,
728535,2024-07-16,JBHT,Scott Stuart Lockard,isOfficer,0001562180-24-005740,2024-07-15,M,3000.0,0.0,38935.43,D,,,,,,
728535,2024-07-19,JBHT,Lisboa Persio V,isDirector,0001562180-24-005807,2024-07-19,P,600.0,163.47,3594.0,D,,,,,,
728535,2024-08-23,JBHT,Field Darren P.,isOfficer,0001562180-24-006482,2024-08-23,S,3000.0,175.03,14150.356,D,,,,,,
728535,2024-10-18,JBHT,McGee Eric,isOfficer,0001562180-24-007375,2024-10-18,S,175.0,175.6125,945.0,D,,,,,,
728535,2024-10-30,JBHT,Field Darren P.,isOfficer,0001562180-24-007470,2024-10-30,S,1500.0,183.5,12650.356,D,,,,,,
728535,2024-11-05,JBHT,Webb Brian,isOfficer,0001562180-24-007534,2024-10-31,F,825.0,180.62,15874.0,D,,,,,,
728535,2024-11-05,JBHT,BOATTINI JENNIFER,isOfficer,0001562180-24-007537,2024-10-31,M,1838.0,0.0,16498.0,D,,,,,,
728535,2024-11-05,JBHT,Woodruff Ronald Greer,isOfficer,0001562180-24-007535,2024-10-31,M,1500.0,0.0,5519.0,D,,,,,,
728535,2024-11-05,JBHT,Keefauver David,isOfficer,0001562180-24-007536,2024-10-31,M,1838.0,0.0,3172.0,D,,,,,,
728535,2024-11-05,JBHT,THOMPSON JAMES K,"isDirector,isOther",0001562180-24-007541,2024-11-01,G,300.0,0.0,27959.45,D,,,,,,
728535,2024-11-05,JBHT,Bracy Kevin,isOfficer,0001562180-24-007540,2024-10-31,M,1838.0,0.0,10073.0,D,,,,,,
728535,2024-11-05,JBHT,Keefauver David,isOfficer,0001562180-24-007536,2024-10-31,F,889.0,180.62,2283.0,D,,,,,,
728535,2024-11-05,JBHT,Frazier Spencer,isOfficer,0001562180-24-007538,2024-10-31,F,688.0,180.62,5791.0,D,,,,,,
728535,2024-11-05,JBHT,Webb Brian,isOfficer,0001562180-24-007534,2024-10-31,M,1667.0,0.0,16699.0,D,,,,,,
728535,2024-11-05,JBHT,Frazier Spencer,isOfficer,0001562180-24-007538,2024-10-31,M,1667.0,0.0,6479.0,D,,,,,,
728535,2024-11-05,JBHT,Kuhlow John,isOfficer,0001562180-24-007539,2024-10-31,F,125.0,180.62,13095.0,D,,,,,,
728535,2024-11-05,JBHT,Kuhlow John,isOfficer,0001562180-24-007539,2024-10-31,M,303.0,0.0,13220.0,D,,,,,,
728535,2024-11-05,JBHT,BOATTINI JENNIFER,isOfficer,0001562180-24-007537,2024-10-31,F,852.0,180.62,15646.0,D,,,,,,
728535,2024-11-05,JBHT,Bracy Kevin,isOfficer,0001562180-24-007540,2024-10-31,F,816.0,180.62,9257.0,D,,,,,,
728535,2024-11-05,JBHT,Woodruff Ronald Greer,isOfficer,0001562180-24-007535,2024-10-31,F,576.0,180.62,4943.0,D,,,,,,
728535,2024-11-06,JBHT,Woodruff Ronald Greer,isOfficer,0001562180-24-007572,2024-11-06,S,1583.0,191.42,4019.0,D,,,,,,
728535,2024-11-06,JBHT,Hicks Bradley W.,isOfficer,0001562180-24-007571,2024-11-06,S,500.0,192.8602,27614.0,D,,,,,,
728535,2024-11-06,JBHT,McGee Eric,isOfficer,0001562180-24-007556,2024-11-06,S,100.0,194.8238,845.0,D,,,,,,
728535,2024-11-06,JBHT,Frazier Spencer,isOfficer,0001562180-24-007552,2024-11-06,S,2200.0,194.205,4050.0,D,,,,,,
728535,2024-11-06,JBHT,Keefauver David,isOfficer,0001562180-24-007551,2024-11-06,S,1151.0,195.0301,1477.0,D,,,,,,
728535,2024-11-08,JBHT,Bracy Kevin,isOfficer,0001562180-24-007620,2024-11-07,S,1614.0,189.869,8235.0,D,,,,,,
728535,2024-11-08,JBHT,Webb Brian,isOfficer,0001562180-24-007619,2024-11-07,S,530.0,192.83,15733.0,D,,,,,,
728535,2024-12-09,JBHT,McGee Eric,isOfficer,0001562180-24-008228,2024-12-06,S,145.0,182.724,700.0,D,,,,,,
728535,2024-12-09,JBHT,Simpson Shelley,isOfficer,0001562180-24-008233,2024-12-05,S,6000.0,183.4698,82264.0,D,,,,,,
728535,2024-12-09,JBHT,Simpson Shelley,isOfficer,0001562180-24-008233,2024-12-05,G,4160.0,0.0,78104.0,D,,,,,,
728535,2024-12-10,JBHT,Simpson Shelley,isOfficer,0001562180-24-008297,2024-12-10,G,450.0,0.0,77204.0,D,,,,,,
728535,2025-01-23,JBHT,THOMPSON JAMES K,"isDirector,isOther",0001562180-25-000462,2025-01-21,S,4400.0,175.3697,23559.45,D,,,,,,
728535,2025-02-03,JBHT,Frazier Spencer,isOfficer,0001562180-25-000781,2025-01-31,F,159.0,171.22,4322.0,D,,,,,,
728535,2025-02-03,JBHT,Keefauver David,isOfficer,0001562180-25-000783,2025-01-31,F,211.0,171.22,1697.0,D,,,,,,
728535,2025-02-03,JBHT,Webb Brian,isOfficer,0001562180-25-000782,2025-01-31,F,268.0,171.22,15997.0,D,,,,,,
728535,2025-02-03,JBHT,ROBERTS JOHN N,"isDirector,isOfficer",0001562180-25-000784,2025-01-31,M,7905.0,0.0,321860.0,D,,,,,,
728535,2025-02-03,JBHT,Frazier Spencer,isOfficer,0001562180-25-000781,2025-01-31,M,431.0,0.0,4481.0,D,,,,,,
728535,2025-02-03,JBHT,ROBERTS JOHN N,"isDirector,isOfficer",0001562180-25-000784,2025-01-31,F,3530.0,171.22,318330.0,D,,,,,,
728535,2025-02-03,JBHT,BOATTINI JENNIFER,isOfficer,0001562180-25-000786,2025-01-31,F,211.0,171.22,16753.0,D,,,,,,
728535,2025-02-03,JBHT,Bracy Kevin,isOfficer,0001562180-25-000785,2025-01-31,F,27.0,171.22,8548.0,D,,,,,,
728535,2025-02-03,JBHT,Bracy Kevin,isOfficer,0001562180-25-000785,2025-01-31,M,340.0,0.0,8575.0,D,,,,,,
728535,2025-02-03,JBHT,Woodruff Ronald Greer,isOfficer,0001562180-25-000787,2025-01-31,M,180.0,0.0,4199.0,D,,,,,,
728535,2025-02-03,JBHT,Woodruff Ronald Greer,isOfficer,0001562180-25-000787,2025-01-31,F,90.0,171.22,4109.0,D,,,,,,
728535,2025-02-03,JBHT,Webb Brian,isOfficer,0001562180-25-000782,2025-01-31,M,532.0,0.0,16265.0,D,,,,,,
728535,2025-02-03,JBHT,BOATTINI JENNIFER,isOfficer,0001562180-25-000786,2025-01-31,M,425.0,0.0,16964.0,D,,,,,,
728535,2025-02-03,JBHT,Keefauver David,isOfficer,0001562180-25-000783,2025-01-31,M,431.0,0.0,1908.0,D,,,,,,
728535,2025-02-03,JBHT,Scott Stuart Lockard,isOfficer,0001562180-25-000775,2025-01-31,M,2037.0,0.0,40972.43,D,,,,,,
728535,2025-02-03,JBHT,Kuhlow John,isOfficer,0001562180-25-000780,2025-01-31,M,2228.0,0.0,15323.0,D,,,,,,
728535,2025-02-03,JBHT,McGee Eric,isOfficer,0001562180-25-000778,2025-01-31,M,2364.0,0.0,3064.0,D,,,,,,
728535,2025-02-03,JBHT,Field Darren P.,isOfficer,0001562180-25-000776,2025-01-31,M,2364.0,0.0,15014.356,D,,,,,,
728535,2025-02-03,JBHT,Simpson Shelley,isOfficer,0001562180-25-000779,2025-01-31,F,1186.0,171.22,78691.0,D,,,,,,
728535,2025-02-03,JBHT,Hicks Bradley W.,isOfficer,0001562180-25-000774,2025-01-31,F,949.0,171.22,28711.0,D,,,,,,
728535,2025-02-03,JBHT,McGee Eric,isOfficer,0001562180-25-000778,2025-01-31,F,523.0,171.22,2541.0,D,,,,,,
728535,2025-02-03,JBHT,Scott Stuart Lockard,isOfficer,0001562180-25-000775,2025-01-31,F,979.0,171.22,39993.43,D,,,,,,
728535,2025-02-03,JBHT,Kuhlow John,isOfficer,0001562180-25-000780,2025-01-31,F,1001.0,171.22,14322.0,D,,,,,,
728535,2025-02-03,JBHT,Hobbs Nicholas,isOfficer,0001562180-25-000777,2025-01-31,F,1215.0,171.22,87892.0,D,,,,,,
728535,2025-02-03,JBHT,Simpson Shelley,isOfficer,0001562180-25-000779,2025-01-31,M,2673.0,0.0,79877.0,D,,,,,,
728535,2025-02-03,JBHT,Field Darren P.,isOfficer,0001562180-25-000776,2025-01-31,F,505.0,171.22,14509.356,D,,,,,,
728535,2025-02-03,JBHT,Hicks Bradley W.,isOfficer,0001562180-25-000774,2025-01-31,M,2046.0,0.0,29660.0,D,,,,,,
728535,2025-02-03,JBHT,Hobbs Nicholas,isOfficer,0001562180-25-000777,2025-01-31,M,2673.0,0.0,89107.0,D,,,,,,
728535,2025-02-04,JBHT,McGee Eric,isOfficer,0001562180-25-000866,2025-02-04,S,3300.0,169.0,825.0,D,,,,,,
728535,2025-02-18,JBHT,ROBO JAMES L,isDirector,0001562180-25-001230,2025-02-14,P,23940.0,167.19,53256.0,D,,,,,,
728535,2025-02-26,JBHT,ROBO JAMES L,isDirector,0001562180-25-001669,2025-02-24,J,24972.0,165.245,113735.0,D,,,,,,
728535,2025-03-11,JBHT,Field Darren P.,isOfficer,0001562180-25-002277,2025-03-07,S,1200.0,161.67,17822.356,D,,,,,,
728535,2025-04-01,JBHT,McGee Eric,isOfficer,0001562180-25-002834,2025-03-31,F,81.0,147.95,1141.0,D,,,,,,
728535,2025-04-01,JBHT,Hicks Bradley W.,isOfficer,0001562180-25-002833,2025-03-31,F,681.0,147.95,32499.0,D,,,,,,
728535,2025-04-01,JBHT,Kuhlow John,isOfficer,0001562180-25-002829,2025-03-31,F,785.0,147.95,16320.0,D,,,,,,
728535,2025-04-01,JBHT,McGee Eric,isOfficer,0001562180-25-002834,2025-03-31,M,397.0,0.0,1222.0,D,,,,,,
728535,2025-04-01,JBHT,Hobbs Nicholas,isOfficer,0001562180-25-002831,2025-03-31,F,934.0,147.95,90318.0,D,,,,,,
728535,2025-04-01,JBHT,Simpson Shelley,isOfficer,0001562180-25-002832,2025-03-31,F,934.0,147.95,84528.0,D,,,,,,
728535,2025-04-01,JBHT,Field Darren P.,isOfficer,0001562180-25-002827,2025-03-31,F,450.0,147.95,19476.356,D,,,,,,
728535,2025-04-01,JBHT,Hicks Bradley W.,isOfficer,0001562180-25-002833,2025-03-31,M,1730.0,0.0,33180.0,D,,,,,,
728535,2025-04-01,JBHT,Scott Stuart Lockard,isOfficer,0001562180-25-002830,2025-03-31,M,1684.0,0.0,44560.43,D,,,,,,
728535,2025-04-01,JBHT,Simpson Shelley,isOfficer,0001562180-25-002832,2025-03-31,M,2104.0,0.0,85462.0,D,,,,,,
728535,2025-04-01,JBHT,Kuhlow John,isOfficer,0001562180-25-002829,2025-03-31,M,1730.0,0.0,17105.0,D,,,,,,
728535,2025-04-01,JBHT,Scott Stuart Lockard,isOfficer,0001562180-25-002830,2025-03-31,F,781.0,147.95,43779.43,D,,,,,,
728535,2025-04-01,JBHT,Hobbs Nicholas,isOfficer,0001562180-25-002831,2025-03-31,M,2104.0,0.0,91252.0,D,,,,,,
728535,2025-04-01,JBHT,ROBERTS JOHN N,"isDirector,isOfficer",0001562180-25-002828,2025-03-31,F,2801.0,147.95,325686.0,D,,,,,,
728535,2025-04-01,JBHT,ROBERTS JOHN N,"isDirector,isOfficer",0001562180-25-002828,2025-03-31,M,6315.0,0.0,328487.0,D,,,,,,
728535,2025-04-01,JBHT,Field Darren P.,isOfficer,0001562180-25-002827,2025-03-31,M,2104.0,0.0,19926.356,D,,,,,,
728535,2025-04-25,JBHT,Hobbs Nicholas,isOfficer,0001562180-25-003245,2025-04-23,P,1529.0,130.7452,91847.0,D,,,,,,
728535,2025-04-25,JBHT,Hobbs Nicholas,isOfficer,0001562180-25-003245,2025-04-24,P,1509.0,132.43,93356.0,D,,,,,,
728535,2025-04-28,JBHT,ROBO JAMES L,isDirector,0001562180-25-003256,2025-04-24,A,2594.0,132.98,2594.0,D,,,,,,
728535,2025-04-28,JBHT,Hill Thad,isDirector,0001562180-25-003255,2025-04-24,A,2519.0,132.98,8705.0,D,,,,,,
728535,2025-04-28,JBHT,GASAWAY SHARILYN S,isDirector,0001562180-25-003254,2025-04-24,A,2669.0,132.98,32578.0,D,,,,,,
728535,2025-04-28,JBHT,Biggs M. Brett,isDirector,0001562180-25-003252,2025-04-24,A,1515.0,132.98,1515.0,D,,,,,,
728535,2025-04-28,JBHT,Lisboa Persio V,isDirector,0001562180-25-003251,2025-04-24,A,2368.0,132.98,5962.0,D,,,,,,
728535,2025-04-28,JBHT,Edwardson Francesca M.,isDirector,0001562180-25-003250,2025-04-24,A,2368.0,132.98,31570.0,D,,,,,,
728535,2025-07-16,JBHT,Scott Stuart Lockard,isOfficer,0001562180-25-005438,2025-07-15,M,3000.0,0.0,46779.43,D,,,,,,
728535,2025-07-16,JBHT,Scott Stuart Lockard,isOfficer,0001562180-25-005438,2025-07-15,F,1361.0,148.86,45418.43,D,,,,,,
728535,2025-07-24,JBHT,Keefauver David,isOfficer,0001562180-25-005500,2025-07-23,S,989.0,151.97,946.0,D,,,,,,
728535,2025-08-08,JBHT,McGee Eric,isOfficer,0001562180-25-005685,2025-07-28,I,284.9531,149.2031,6249.4208,I,,,,,,
728535,2025-08-08,JBHT,McGee Eric,isOfficer,0001562180-25-005685,2025-08-04,P,1147.7296,140.7587,7396.667,I,,,,,,
728535,2025-10-23,JBHT,THOMPSON JAMES K,"isDirector,isOther",0001190258-25-000003,2025-10-22,G,300.0,0.0,23259.45,D,,,,,,
728535,2025-10-29,JBHT,Field Darren P.,isOfficer,0001705960-25-000002,2025-10-29,S,6500.0,169.0,12976.356,D,,,,,,
728535,2025-11-04,JBHT,Delco Albert Brad,isOfficer,0002084757-25-000001,2025-10-31,M,1662.0,0.0,7801.0,D,,,,,,
728535,2025-11-04,JBHT,BOATTINI JENNIFER,isOfficer,0001745627-25-000003,2025-10-31,F,837.0,168.86,17811.0,D,,,,,,
728535,2025-11-04,JBHT,BOATTINI JENNIFER,isOfficer,0001745627-25-000003,2025-10-31,M,1895.0,0.0,18648.0,D,,,,,,
728535,2025-11-04,JBHT,Bracy Kevin,isOfficer,0001657302-25-000002,2025-10-31,F,557.0,168.86,9886.0,D,,,,,,
728535,2025-11-04,JBHT,Webb Brian,isOfficer,0001909306-25-000002,2025-10-31,F,132.0,168.86,16383.0,D,,,,,,
728535,2025-11-04,JBHT,Keefauver David,isOfficer,0001943782-25-000003,2025-10-31,M,1895.0,0.0,2841.0,D,,,,,,
728535,2025-11-04,JBHT,Webb Brian,isOfficer,0001909306-25-000002,2025-10-31,M,265.0,0.0,16515.0,D,,,,,,
728535,2025-11-04,JBHT,Frazier Spencer,isOfficer,0001940280-25-000002,2025-10-31,M,258.0,0.0,4875.0,D,,,,,,
728535,2025-11-04,JBHT,Bracy Kevin,isOfficer,0001657302-25-000002,2025-10-31,M,1895.0,0.0,10443.0,D,,,,,,
728535,2025-11-04,JBHT,Woodruff Ronald Greer,isOfficer,0002006590-25-000002,2025-10-31,M,258.0,0.0,4367.0,D,,,,,,
728535,2025-11-04,JBHT,Delco Albert Brad,isOfficer,0002084757-25-000001,2025-10-31,F,636.0,168.86,7165.0,D,,,,,,
728535,2025-11-04,JBHT,Woodruff Ronald Greer,isOfficer,0002006590-25-000002,2025-10-31,F,109.0,168.86,4258.0,D,,,,,,
728535,2025-11-04,JBHT,Keefauver David,isOfficer,0001943782-25-000003,2025-10-31,F,917.0,168.86,1924.0,D,,,,,,
728535,2025-12-03,JBHT,Hicks Bradley W.,isOfficer,0001705615-25-000002,2025-12-03,S,2000.0,190.045,30499.0,D,,,,,,
728535,2025-12-03,JBHT,Delco Albert Brad,isOfficer,0002084757-25-000002,2025-12-02,S,1000.0,179.54,7043.0,D,,,,,,
728535,2025-12-03,JBHT,Kuhlow John,isOfficer,0001532918-25-000002,2025-12-01,S,3225.0,179.76,13095.0,D,,,,,,
728535,2025-12-03,JBHT,Simpson Shelley,isOfficer,0001406572-25-000002,2025-12-01,D,8500.0,179.9033,76028.0,D,,,,,,
728535,2025-12-03,JBHT,Simpson Shelley,isOfficer,0001406572-25-000002,2025-12-01,G,640.0,0.0,75388.0,D,,,,,,
728535,2025-12-03,JBHT,Simpson Shelley,isOfficer,0001406572-25-000002,2025-12-03,G,2510.0,0.0,72878.0,D,,,,,,
728535,2025-12-09,JBHT,Webb Brian,isOfficer,0001909306-25-000003,2025-12-09,S,796.0,189.106,15697.0,D,,,,,,
728535,2025-12-09,JBHT,ROBERTS JOHN N,"isDirector,isOfficer",0001190255-25-000002,2025-12-08,G,9258.0,0.0,316428.0,D,,,,,,
728535,2025-12-09,JBHT,Bracy Kevin,isOfficer,0001657302-25-000004,2025-12-08,S,1100.0,191.15,9574.0,D,,,,,,
728535,2025-12-09,JBHT,Keefauver David,isOfficer,0001943782-25-000004,2025-12-08,S,1588.0,189.2901,550.0,D,,,,,,
728535,2025-12-31,JBHT,Simpson Shelley,isOfficer,0001406572-25-000003,2025-12-30,G,555.0,0.0,72323.0,D,,,,,,
728535,2026-01-21,JBHT,Hobbs Nicholas,isOfficer,0001504649-26-000001,2026-01-20,S,3038.0,201.9689,90318.0,D,,,,,,
728535,2026-01-23,JBHT,Woodruff Ronald Greer,isOfficer,0002006590-26-000001,2026-01-21,S,1391.0,207.0,4019.0,D,,,,,,
728535,2026-01-23,JBHT,Hicks Bradley W.,isOfficer,0001705615-26-000001,2026-01-22,S,3919.0,210.1334,26580.0,D,,,,,,
728535,2026-02-02,JBHT,ROBERTS JOHN N,"isDirector,isOfficer",0001190255-26-000002,2026-01-31,M,5046.0,0.0,321474.0,D,,,,,,
728535,2026-02-02,JBHT,ROBERTS JOHN N,"isDirector,isOfficer",0001190255-26-000002,2026-01-31,F,119.0,202.72,321355.0,D,,,,,,
728535,2026-02-02,JBHT,Field Darren P.,isOfficer,0001705960-26-000002,2026-01-31,M,2638.0,0.0,15614.356,D,,,,,,
728535,2026-02-02,JBHT,Simpson Shelley,isOfficer,0001406572-26-000002,2026-01-31,M,2888.0,0.0,75211.0,D,,,,,,
728535,2026-02-02,JBHT,Webb Brian,isOfficer,0001909306-26-000002,2026-01-31,F,262.0,202.72,15968.0,D,,,,,,
728535,2026-02-02,JBHT,Frazier Spencer,isOfficer,0001940280-26-000002,2026-01-31,F,140.0,202.72,5446.0,D,,,,,,
728535,2026-02-02,JBHT,Woodruff Ronald Greer,isOfficer,0002006590-26-000003,2026-01-31,M,387.0,0.0,4406.0,D,,,,,,
728535,2026-02-02,JBHT,Woodruff Ronald Greer,isOfficer,0002006590-26-000003,2026-01-31,F,161.0,202.72,4245.0,D,,,,,,
728535,2026-02-02,JBHT,Hobbs Nicholas,isOfficer,0001504649-26-000003,2026-01-31,M,2258.0,0.0,92576.0,D,,,,,,
728535,2026-02-02,JBHT,Simpson Shelley,isOfficer,0001406572-26-000002,2026-01-31,F,1281.0,202.72,73930.0,D,,,,,,
728535,2026-02-02,JBHT,Kuhlow John,isOfficer,0001532918-26-000002,2026-01-31,M,2029.0,0.0,15124.0,D,,,,,,
728535,2026-02-02,JBHT,Keefauver David,isOfficer,0001943782-26-000002,2026-01-31,M,474.0,0.0,1024.0,D,,,,,,
728535,2026-02-02,JBHT,Hobbs Nicholas,isOfficer,0001504649-26-000003,2026-01-31,F,1047.0,202.72,91529.0,D,,,,,,
728535,2026-02-02,JBHT,Kuhlow John,isOfficer,0001532918-26-000002,2026-01-31,F,880.0,202.72,14244.0,D,,,,,,
728535,2026-02-02,JBHT,Hicks Bradley W.,isOfficer,0001705615-26-000003,2026-01-31,F,251.0,202.72,26907.0,D,,,,,,
728535,2026-02-02,JBHT,Hicks Bradley W.,isOfficer,0001705615-26-000003,2026-01-31,M,578.0,0.0,27158.0,D,,,,,,
728535,2026-02-02,JBHT,Scott Stuart Lockard,isOfficer,0001662995-26-000002,2026-01-31,M,1627.0,0.0,47045.43,D,,,,,,
728535,2026-02-02,JBHT,Frazier Spencer,isOfficer,0001940280-26-000002,2026-01-31,M,474.0,0.0,5586.0,D,,,,,,
728535,2026-02-02,JBHT,Field Darren P.,isOfficer,0001705960-26-000002,2026-01-31,F,458.0,202.72,15156.356,D,,,,,,
728535,2026-02-02,JBHT,Webb Brian,isOfficer,0001909306-26-000002,2026-01-31,M,533.0,0.0,16230.0,D,,,,,,
728535,2026-02-02,JBHT,Delco Albert Brad,isOfficer,0002084757-26-000002,2026-01-31,F,660.0,202.72,7983.0,D,,,,,,
728535,2026-02-02,JBHT,Delco Albert Brad,isOfficer,0002084757-26-000002,2026-01-31,M,1600.0,0.0,8643.0,D,,,,,,
728535,2026-02-02,JBHT,Keefauver David,isOfficer,0001943782-26-000002,2026-01-31,F,218.0,202.72,806.0,D,,,,,,
728535,2026-02-03,JBHT,Field Darren P.,isOfficer,0001705960-26-000003,2026-02-03,S,9000.0,219.758,10736.356,D,,,,,,
728535,2026-02-04,JBHT,Hicks Bradley W.,isOfficer,0001705615-26-000004,2026-02-04,S,4028.0,225.1313,30395.0,D,,,,,,
728535,2026-02-05,JBHT,Woodruff Ronald Greer,isOfficer,0002006590-26-000004,2026-02-04,S,331.0,225.57,4019.0,D,,,,,,
728535,2026-02-05,JBHT,Kuhlow John,isOfficer,0001532918-26-000003,2026-02-04,S,1000.0,225.675,17931.0,D,,,,,,
728535,2026-02-06,JBHT,Delco Albert Brad,isOfficer,0002084757-26-000003,2026-02-06,S,1000.0,227.25,6983.0,D,,,,,,
728535,2026-02-12,JBHT,THOMPSON JAMES K,"isDirector,isOther",0001190258-26-000001,2026-02-10,G,400.0,0.0,22859.45,D,,,,,,
728535,2026-02-12,JBHT,THOMPSON JAMES K,"isDirector,isOther",0001190258-26-000001,2026-02-11,S,2300.0,230.7485,20559.45,D,,,,,,
728535,2026-02-13,JBHT,Hobbs Nicholas,isOfficer,0001504649-26-000004,2026-02-11,G,447.0,0.0,93289.0,D,,,,,,
728535,2026-02-17,JBHT,Hobbs Nicholas,isOfficer,0001504649-26-000005,2026-02-13,G,447.0,0.0,92842.0,D,,,,,,
728535,2026-02-18,JBHT,Hobbs Nicholas,isOfficer,0001504649-26-000006,2026-02-18,G,1106.0,0.0,91736.0,D,,,,,,
728535,2026-03-02,JBHT,BOATTINI JENNIFER,isOfficer,0001745627-26-000002,2026-02-27,S,2238.0,232.0,16650.0,D,,,,,,
728535,2026-03-13,JBHT,Frazier Spencer,isOfficer,0001940280-26-000004,2023-01-25,P,3.0,207.37,6056.9508,D,,,,,,
728535,2026-03-13,JBHT,Frazier Spencer,isOfficer,0001940280-26-000004,2025-08-22,P,14.637,142.1,6170.8628,D,,,,,,
728535,2026-03-13,JBHT,Frazier Spencer,isOfficer,0001940280-26-000004,2024-05-24,P,1.3726,159.38,6094.9324,D,,,,,,
728535,2026-03-13,JBHT,Frazier Spencer,isOfficer,0001940280-26-000004,2023-05-26,P,7.5737,170.55,6071.5584,D,,,,,,
728535,2026-03-13,JBHT,Frazier Spencer,isOfficer,0001940280-26-000004,2024-11-22,P,9.6843,183.06,6128.9793,D,,,,,,
728535,2026-03-13,JBHT,Frazier Spencer,isOfficer,0001940280-26-000004,2023-08-18,P,5.6945,190.3,6077.2529,D,,,,,,
728535,2026-03-13,JBHT,Frazier Spencer,isOfficer,0001940280-26-000004,2024-02-23,P,1.0897,184.91,6093.5598,D,,,,,,
728535,2026-03-13,JBHT,Frazier Spencer,isOfficer,0001940280-26-000004,2025-05-23,P,13.397,137.88,6154.6029,D,,,,,,
728535,2026-03-13,JBHT,Frazier Spencer,isOfficer,0001940280-26-000004,2024-08-16,P,11.112,168.83,6117.9864,D,,,,,,
728535,2026-03-13,JBHT,Frazier Spencer,isOfficer,0001940280-26-000004,2022-11-18,P,7.9508,179.1013,6053.9508,D,,,,,,
728535,2026-03-13,JBHT,Frazier Spencer,isOfficer,0001940280-26-000004,2023-11-24,P,12.955,180.75,6091.2729,D,,,,,,
728535,2026-03-13,JBHT,Frazier Spencer,isOfficer,0001940280-26-000004,2025-02-21,P,12.2266,169.15,6141.2059,D,,,,,,
728535,2026-03-13,JBHT,Frazier Spencer,isOfficer,0001940280-26-000004,2025-11-21,P,12.904,161.69,6183.7668,D,,,,,,
728535,2026-03-13,JBHT,Frazier Spencer,isOfficer,0001940280-26-000004,2025-04-07,P,67.0,133.19,1730.9352,I,,,,,,
728535,2026-03-13,JBHT,Frazier Spencer,isOfficer,0001940280-26-000004,2023-02-24,P,5.8914,183.7,6062.8422,D,,,,,,
728535,2026-04-02,JBHT,Hicks Bradley W.,isOfficer,0001705615-26-000005,2026-03-31,M,2174.0,0.0,32569.0,D,,,,,,
728535,2026-04-02,JBHT,Hicks Bradley W.,isOfficer,0001705615-26-000005,2026-03-31,F,943.0,211.9,31626.0,D,,,,,,
728535,2026-04-02,JBHT,Keefauver David,isOfficer,0001943782-26-000003,2026-03-31,M,420.0,0.0,1686.0,D,,,,,,
728535,2026-04-02,JBHT,Simpson Shelley,isOfficer,0001406572-26-000003,2026-03-31,F,1754.0,211.9,83623.0,D,,,,,,
728535,2026-04-02,JBHT,Simpson Shelley,isOfficer,0001406572-26-000003,2026-03-31,M,3954.0,0.0,85377.0,D,,,,,,
728535,2026-04-02,JBHT,Kuhlow John,isOfficer,0001532918-26-000004,2026-03-31,M,1977.0,0.0,19908.0,D,,,,,,
728535,2026-04-02,JBHT,ROBERTS JOHN N,"isDirector,isOfficer",0001190255-26-000003,2026-03-31,M,7316.0,0.0,335413.0,D,,,,,,
728535,2026-04-02,JBHT,Kuhlow John,isOfficer,0001532918-26-000004,2026-03-31,F,858.0,211.9,19050.0,D,,,,,,
728535,2026-04-02,JBHT,Keefauver David,isOfficer,0001943782-26-000003,2026-03-31,F,193.0,211.9,1493.0,D,,,,,,
728535,2026-04-02,JBHT,Scott Stuart Lockard,isOfficer,0001662995-26-000003,2026-03-31,M,1878.0,0.0,54301.43,D,,,,,,
728535,2026-04-02,JBHT,Field Darren P.,isOfficer,0001705960-26-000004,2026-03-31,F,412.0,211.9,12696.356,D,,,,,,
728535,2026-04-02,JBHT,Frazier Spencer,isOfficer,0001940280-26-000005,2026-03-31,M,420.0,0.0,6603.7668,D,,,,,,
728535,2026-04-02,JBHT,ROBERTS JOHN N,"isDirector,isOfficer",0001190255-26-000003,2026-03-31,F,172.0,211.9,335241.0,D,,,,,,
728535,2026-04-02,JBHT,Hobbs Nicholas,isOfficer,0001504649-26-000007,2026-03-31,F,1100.0,211.9,93008.0,D,,,,,,
728535,2026-04-02,JBHT,Hobbs Nicholas,isOfficer,0001504649-26-000007,2026-03-31,M,2372.0,0.0,94108.0,D,,,,,,
728535,2026-04-02,JBHT,Webb Brian,isOfficer,0001909306-26-000003,2026-03-31,M,1338.0,0.0,17780.0,D,,,,,,
728535,2026-04-02,JBHT,Webb Brian,isOfficer,0001909306-26-000003,2026-03-31,F,918.0,211.9,17381.0,D,,,,,,
728535,2026-04-02,JBHT,Field Darren P.,isOfficer,0001705960-26-000004,2026-03-31,M,2372.0,0.0,13108.356,D,,,,,,
728535,2026-04-22,JBHT,THOMPSON JAMES K,"isDirector,isOther",0001190258-26-000002,2026-04-21,S,1000.0,254.275,19559.45,D,non_derivative,Common Stock,,,,
728535,2026-04-22,JBHT,Hobbs Nicholas,isOfficer,0001504649-26-000008,2026-04-22,S,1272.0,250.7493,91736.0,D,non_derivative,Common Stock,,,,
728535,2026-04-22,JBHT,Hobbs Nicholas,isOfficer,0001504649-26-000008,2026-04-22,S,1272.0,250.7493,91736.0,D,,,,,,
728535,2026-04-22,JBHT,THOMPSON JAMES K,"isDirector,isOther",0001190258-26-000002,2026-04-21,S,1000.0,254.275,19559.45,D,,,,,,
728535,2026-04-27,JBHT,GASAWAY SHARILYN S,isDirector,0001187410-26-000005,2026-04-23,A,1399.0,253.71,33977.0,D,,,,,,
728535,2026-04-27,JBHT,Biggs M. Brett,isDirector,0001662848-26-000001,2026-04-23,A,855.0,253.71,2370.0,D,,,,,,
728535,2026-04-27,JBHT,Hill Thad,isDirector,0001351761-26-000001,2026-04-23,A,1320.0,253.71,10025.0,D,,,,,,
728535,2026-04-27,JBHT,ROBO JAMES L,isDirector,0001183254-26-000003,2026-04-23,A,1359.0,253.71,42257.0,D,,,,,,
728535,2026-04-27,JBHT,Edwardson Francesca M.,isDirector,0001077473-26-000001,2026-04-23,A,1241.0,253.71,32811.0,D,,,,,,
728535,2026-04-27,JBHT,Lisboa Persio V,isDirector,0001624583-26-000001,2026-04-23,A,1241.0,253.71,7203.0,D,,,,,,
728535,2026-04-27,JBHT,ROBO JAMES L,isDirector,0001183254-26-000003,2026-04-23,A,1359.0,253.71,42257.0,D,non_derivative,Common Stock,,,,
728535,2026-04-27,JBHT,Hill Thad,isDirector,0001351761-26-000001,2026-04-23,A,1320.0,253.71,10025.0,D,non_derivative,Common Stock,,,,
728535,2026-04-27,JBHT,GASAWAY SHARILYN S,isDirector,0001187410-26-000005,2026-04-23,A,1399.0,253.71,33977.0,D,non_derivative,Common Stock,,,,
728535,2026-04-27,JBHT,Edwardson Francesca M.,isDirector,0001077473-26-000001,2026-04-23,A,1241.0,253.71,32811.0,D,non_derivative,Common Stock,,,,
728535,2026-04-27,JBHT,Biggs M. Brett,isDirector,0001662848-26-000001,2026-04-23,A,855.0,253.71,2370.0,D,non_derivative,Common Stock,,,,
728535,2026-04-27,JBHT,Lisboa Persio V,isDirector,0001624583-26-000001,2026-04-23,A,1241.0,253.71,7203.0,D,non_derivative,Common Stock,,,,
728535,2026-05-05,JBHT,Delco Albert Brad,isOfficer,0002084757-26-000004,2026-05-05,G,98.0,0.0,6885.0,D,,,,,,
728535,2026-05-05,JBHT,Delco Albert Brad,isOfficer,0002084757-26-000004,2026-05-05,G,98.0,0.0,6885.0,D,non_derivative,Common Stock,,,,
728535,2026-05-15,JBHT,Field Darren P.,isOfficer,0001705960-26-000005,2026-05-14,S,4000.0,254.485,8696.356,D,,,,,,
728535,2026-05-15,JBHT,Field Darren P.,isOfficer,0001705960-26-000005,2026-05-14,S,4000.0,254.485,8696.356,D,non_derivative,Common Stock,,,,
728535,2026-05-18,JBHT,Hicks Bradley W.,isOfficer,0001705615-26-000006,2026-05-15,S,7644.0,261.9059,23982.0,D,non_derivative,Common Stock,,,,
728535,2026-05-18,JBHT,Hicks Bradley W.,isOfficer,0001705615-26-000006,2026-05-15,S,7644.0,261.9059,23982.0,D,,,,,,
728535,2026-05-26,JBHT,Frazier Spencer,isOfficer,0001940280-26-000006,2026-05-19,S,2000.0,258.2028,4603.7668,D,non_derivative,Common Stock,,,,
728535,2026-06-01,JBHT,ROBO JAMES L,isDirector,0001183254-26-000004,2026-05-28,J,37856.0,270.24,80113.0,D,non_derivative,Common Stock,,,,
728535,2026-06-02,JBHT,Hobbs Nicholas,isOfficer,0001504649-26-000009,2026-05-29,G,6204.0,0.0,85532.0,D,non_derivative,Common Stock,,,,
728535,2026-06-02,JBHT,GARRISON EARL WAYNE,isOfficer,0001190241-26-000001,2026-06-02,G,76744.0,0.0,1108000.0,D,non_derivative,Common Stock,,,,
728535,2026-06-08,JBHT,Keefauver David,isOfficer,0001943782-26-000004,2026-06-05,S,703.0,285.126,790.0,D,non_derivative,Common Stock,,,,
728535,2026-06-08,JBHT,Webb Brian,isOfficer,0001909306-26-000004,2026-06-05,S,1500.0,284.0101,15881.0,D,non_derivative,Common Stock,,,,
