cik,filingDate,issuerTradingSymbol,reportingOwnerName,reportingOwnerRelationship,accessionNumber,transactionDate,transactionCode,transactionShares,transactionPricePerShare,sharesOwnedFollowingTransaction,directOrIndirectOwnership,transactionType,securityTitle,underlyingSecurityTitle,underlyingSecurityShares,exercisePrice,expirationDate
723125,2016-10-21,MU,Thorsen Steven L. JR,,0000723125-16-000253,2016-10-19,A,45594.0,0.0,298088.0,D,,,,,,
723125,2016-10-21,MU,ARNZEN APRIL S,,0000723125-16-000241,2016-10-19,A,25847.0,0.0,54515.0,D,,,,,,
723125,2016-10-21,MU,BAILEY ROBERT L,,0000723125-16-000242,2016-10-19,A,14360.0,0.0,126284.0,D,,,,,,
723125,2016-10-21,MU,BEYER RICHARD M,,0000723125-16-000243,2016-10-19,A,14360.0,0.0,69060.0,D,,,,,,
723125,2016-10-21,MU,Deboer Scott J,,0000723125-16-000245,2016-10-20,F,3406.0,17.22,210232.0,D,,,,,,
723125,2016-10-21,MU,Deboer Scott J,,0000723125-16-000245,2016-10-19,A,51694.0,0.0,213638.0,D,,,,,,
723125,2016-10-21,MU,DURCAN DERMOT MARK,,0000723125-16-000246,2016-10-19,A,206778.0,0.0,1929300.0,D,,,,,,
723125,2016-10-21,MU,JOHNSON MERCEDES,,0000723125-16-000247,2016-10-19,A,14360.0,0.0,81775.0,D,,,,,,
723125,2016-10-21,MU,Byrne Patrick J,,0000723125-16-000244,2016-10-19,A,14360.0,0.0,137586.0,D,,,,,,
723125,2016-10-21,MU,Mondry Lawrence N,,0000723125-16-000249,2016-10-19,A,14360.0,0.0,202367.0,D,,,,,,
723125,2016-10-21,MU,Poppen Joel L,,0000723125-16-000250,2016-10-20,F,2181.0,17.22,183553.0,D,,,,,,
723125,2016-10-21,MU,Poppen Joel L,,0000723125-16-000250,2016-10-19,A,41485.0,0.0,185734.0,D,,,,,,
723125,2016-10-21,MU,Shirley Brian,,0000723125-16-000251,2016-10-20,F,6280.0,17.22,348365.0,D,,,,,,
723125,2016-10-21,MU,MADDOCK ERNEST E,,0000723125-16-000248,2016-10-19,A,77542.0,0.0,191931.0,D,,,,,,
723125,2016-10-21,MU,Shirley Brian,,0000723125-16-000251,2016-10-19,A,84107.0,0.0,354645.0,D,,,,,,
723125,2016-10-21,MU,SWITZ ROBERT E,,0000723125-16-000252,2016-10-19,A,14360.0,0.0,139242.0,D,,,,,,
723125,2016-10-21,MU,Thorsen Steven L. JR,,0000723125-16-000253,2016-10-20,F,2398.0,17.22,295690.0,D,,,,,,
723125,2016-10-27,MU,Thorsen Steven L. JR,,0000723125-16-000262,2016-10-25,S,63000.0,17.5849,295690.0,D,,,,,,
723125,2016-10-27,MU,Thorsen Steven L. JR,,0000723125-16-000262,2016-10-25,M,63000.0,5.16,358690.0,D,,,,,,
723125,2016-11-09,MU,DURCAN DERMOT MARK,,0000723125-16-000273,2016-07-18,S,1803.0,13.2842,1298.0,I,,,,,,
723125,2016-11-21,MU,Deboer Scott J,,0000723125-16-000283,2016-11-17,S,10000.0,19.0,200232.0,D,,,,,,
723125,2016-11-21,MU,Shirley Brian,,0000723125-16-000282,2016-11-17,M,63000.0,5.72,411365.0,D,,,,,,
723125,2016-11-21,MU,Shirley Brian,,0000723125-16-000282,2016-11-17,S,63000.0,19.0,348365.0,D,,,,,,
723125,2016-11-21,MU,Poppen Joel L,,0000723125-16-000281,2016-11-19,M,3368.0,0.0,186921.0,D,,,,,,
723125,2016-11-21,MU,Poppen Joel L,,0000723125-16-000281,2016-11-19,F,1171.0,19.21,185750.0,D,,,,,,
723125,2016-12-07,MU,ARNZEN APRIL S,,0000723125-16-000292,2016-12-05,F,391.0,18.79,55249.0,D,,,,,,
723125,2016-12-07,MU,ARNZEN APRIL S,,0000723125-16-000292,2016-12-05,M,1125.0,0.0,55640.0,D,,,,,,
723125,2016-12-15,MU,ARNZEN APRIL S,,0000723125-16-000299,2016-12-14,M,750.0,0.0,55999.0,D,,,,,,
723125,2016-12-15,MU,ARNZEN APRIL S,,0000723125-16-000299,2016-12-14,F,261.0,20.13,55738.0,D,,,,,,
723125,2016-12-15,MU,Poppen Joel L,,0000723125-16-000300,2016-12-14,M,4167.0,0.0,189917.0,D,,,,,,
723125,2016-12-15,MU,Poppen Joel L,,0000723125-16-000300,2016-12-14,F,1449.0,20.13,188468.0,D,,,,,,
723125,2016-12-27,MU,Deboer Scott J,,0000723125-16-000307,2016-12-22,M,38750.0,5.16,238982.0,D,,,,,,
723125,2016-12-27,MU,Deboer Scott J,,0000723125-16-000307,2016-12-22,S,38780.0,23.014,200232.0,D,,,,,,
723125,2017-01-10,MU,Shirley Brian,,0000723125-17-000006,2017-01-06,M,64750.0,5.16,403872.0,D,,,,,,
723125,2017-01-10,MU,Shirley Brian,,0000723125-17-000006,2017-01-06,S,64750.0,22.0969,339122.0,D,,,,,,
723125,2017-01-12,MU,ARNZEN APRIL S,,0000723125-17-000007,2017-01-10,M,889.0,0.0,56627.0,D,,,,,,
723125,2017-01-12,MU,ARNZEN APRIL S,,0000723125-17-000007,2017-01-10,F,357.0,22.34,56270.0,D,,,,,,
723125,2017-01-24,MU,Poppen Joel L,,0000723125-17-000011,2017-01-22,F,1502.0,21.96,186966.0,D,,,,,,
723125,2017-02-10,MU,Thorsen Steven L. JR,,0000723125-17-000017,2017-02-09,M,126000.0,5.72,421690.0,D,,,,,,
723125,2017-02-10,MU,Thorsen Steven L. JR,,0000723125-17-000017,2017-02-09,S,126000.0,24.6351,295690.0,D,,,,,,
723125,2017-02-16,MU,Shirley Brian,,0000723125-17-000021,2017-02-15,M,27250.0,16.92,340542.0,D,,,,,,
723125,2017-02-16,MU,Shirley Brian,,0000723125-17-000021,2017-02-15,S,27250.0,23.1206,313292.0,D,,,,,,
723125,2017-03-27,MU,ARNZEN APRIL S,,0000723125-17-000034,2017-03-24,F,728.0,26.47,55542.0,D,,,,,,
723125,2017-03-29,MU,Deboer Scott J,,0000723125-17-000038,2017-03-27,S,31500.0,28.8112,190232.0,D,,,,,,
723125,2017-03-29,MU,Deboer Scott J,,0000723125-17-000038,2017-03-27,M,31500.0,5.72,221732.0,D,,,,,,
723125,2017-03-30,MU,Shirley Brian,,0000723125-17-000039,2017-03-28,S,63000.0,28.6682,313292.0,D,,,,,,
723125,2017-03-30,MU,Shirley Brian,,0000723125-17-000039,2017-03-28,M,63000.0,5.72,376292.0,D,,,,,,
723125,2017-03-31,MU,ARNZEN APRIL S,,0000723125-17-000041,2017-03-30,M,2250.0,6.66,57792.0,D,,,,,,
723125,2017-03-31,MU,ARNZEN APRIL S,,0000723125-17-000041,2017-03-30,S,10638.0,28.9545,55542.0,D,,,,,,
723125,2017-03-31,MU,Thorsen Steven L. JR,,0000723125-17-000040,2017-03-29,S,50000.0,28.4591,245690.0,D,,,,,,
723125,2017-04-05,MU,ARNZEN APRIL S,,0000723125-17-000042,2017-04-03,S,1000.0,28.95,54542.0,D,,,,,,
723125,2017-05-01,MU,ARNZEN APRIL S,,0000723125-17-000055,2017-05-01,S,1000.0,27.85,53542.0,D,,,,,,
723125,2017-05-01,MU,JOHNSON MERCEDES,,0000723125-17-000054,2017-04-28,S,27242.0,27.6621,54533.0,D,,,,,,
723125,2017-05-10,MU,MEHROTRA SANJAY,,0000723125-17-000058,2017-05-08,A,244171.0,0.0,244171.0,D,,,,,,
723125,2017-05-17,MU,Shirley Brian,,0000723125-17-000061,2017-05-15,M,27250.0,16.92,315542.0,D,,,,,,
723125,2017-05-17,MU,Shirley Brian,,0000723125-17-000061,2017-05-15,S,27250.0,28.7735,288292.0,D,,,,,,
723125,2017-05-18,MU,Byrne Patrick J,,0000723125-17-000062,2017-05-16,S,14143.0,28.9126,123443.0,D,,,,,,
723125,2017-06-01,MU,ARNZEN APRIL S,,0000723125-17-000067,2017-06-01,S,1000.0,30.75,52542.0,D,,,,,,
723125,2017-06-01,MU,Deboer Scott J,,0000723125-17-000066,2017-05-30,S,10000.0,30.0,160232.0,D,,,,,,
723125,2017-06-06,MU,MADDOCK ERNEST E,,0000723125-17-000068,2017-06-03,F,2946.0,31.21,188985.0,D,,,,,,
723125,2017-06-08,MU,Deboer Scott J,,0000723125-17-000069,2017-06-07,S,10000.0,32.0,150232.0,D,,,,,,
723125,2017-06-27,MU,Sadana Sumit,,0000723125-17-000072,2017-06-23,A,25086.0,0.0,25086.0,D,,,,,,
723125,2017-07-06,MU,ARNZEN APRIL S,,0000723125-17-000086,2017-07-03,S,1000.0,30.12,51542.0,D,,,,,,
723125,2017-07-06,MU,BAILEY ROBERT L,,0000723125-17-000087,2017-07-03,S,1900.0,29.0126,124384.0,D,,,,,,
723125,2017-07-14,MU,Shirley Brian,,0000723125-17-000088,2017-07-12,M,27250.0,16.92,292211.0,D,,,,,,
723125,2017-07-14,MU,Shirley Brian,,0000723125-17-000088,2017-07-12,S,27250.0,31.5414,264961.0,D,,,,,,
723125,2017-08-02,MU,BAILEY ROBERT L,,0000723125-17-000094,2017-08-01,S,3000.0,28.4715,120284.0,D,,,,,,
723125,2017-08-02,MU,ARNZEN APRIL S,,0000723125-17-000093,2017-08-01,S,1000.0,28.22,50542.0,D,,,,,,
723125,2017-08-15,MU,MADDOCK ERNEST E,,0000723125-17-000095,2017-08-11,P,3400.0,27.8894,192385.0,D,,,,,,
723125,2017-08-18,MU,Mondry Lawrence N,,0000723125-17-000096,2017-08-16,S,25000.0,30.6194,177367.0,D,,,,,,
723125,2017-09-06,MU,BAILEY ROBERT L,,0000723125-17-000099,2017-09-01,S,3000.0,32.6367,117284.0,D,,,,,,
723125,2017-09-06,MU,ARNZEN APRIL S,,0000723125-17-000098,2017-09-01,S,327.0,32.13,50215.0,D,,,,,,
723125,2017-09-13,MU,ARNZEN APRIL S,,0000723125-17-000101,2017-09-11,M,104.0,0.0,50319.0,D,,,,,,
723125,2017-09-13,MU,ARNZEN APRIL S,,0000723125-17-000101,2017-09-11,F,37.0,32.45,50282.0,D,,,,,,
723125,2017-09-13,MU,Deboer Scott J,,0000723125-17-000100,2017-09-12,S,10000.0,34.0,140232.0,D,,,,,,
723125,2017-09-19,MU,Deboer Scott J,,0000723125-17-000102,2017-09-15,M,29500.0,16.92,169732.0,D,,,,,,
723125,2017-09-19,MU,Deboer Scott J,,0000723125-17-000102,2017-09-15,S,29500.0,35.0,140232.0,D,,,,,,
723125,2017-10-02,MU,Poppen Joel L,,0000723125-17-000108,2017-09-29,S,80000.0,38.6133,186966.0,D,,,,,,
723125,2017-10-02,MU,Deboer Scott J,,0000723125-17-000107,2017-09-28,S,13694.0,38.0,140232.0,D,,,,,,
723125,2017-10-02,MU,Deboer Scott J,,0000723125-17-000107,2017-09-28,M,13694.0,18.18,153926.0,D,,,,,,
723125,2017-10-02,MU,Thorsen Steven L. JR,,0000723125-17-000109,2017-09-29,M,44250.0,16.92,289940.0,D,,,,,,
723125,2017-10-02,MU,Poppen Joel L,,0000723125-17-000108,2017-09-29,M,80000.0,5.82,266966.0,D,,,,,,
723125,2017-10-02,MU,Thorsen Steven L. JR,,0000723125-17-000109,2017-09-29,S,44250.0,38.0963,245690.0,D,,,,,,
723125,2017-10-04,MU,BAILEY ROBERT L,,0000723125-17-000110,2017-10-02,S,3000.0,39.861,114284.0,D,,,,,,
723125,2017-10-12,MU,Deboer Scott J,,0000723125-17-000111,2017-10-10,M,16950.0,28.765,157182.0,D,,,,,,
723125,2017-10-12,MU,Deboer Scott J,,0000723125-17-000111,2017-10-10,S,16950.0,41.4,140232.0,D,,,,,,
723125,2017-10-18,MU,ARNZEN APRIL S,,0000723125-17-000115,2017-10-14,F,2151.0,40.4,48131.0,D,,,,,,
723125,2017-10-18,MU,Deboer Scott J,,0000723125-17-000116,2017-10-16,F,5799.0,40.4,129045.0,D,,,,,,
723125,2017-10-18,MU,Deboer Scott J,,0000723125-17-000116,2017-10-14,F,5388.0,40.4,134844.0,D,,,,,,
723125,2017-10-18,MU,BHATIA MANISH H,,0000723125-17-000114,2017-10-16,A,61881.0,0.0,61881.0,D,,,,,,
723125,2017-10-18,MU,Poppen Joel L,,0000723125-17-000118,2017-10-14,F,4902.0,40.4,182064.0,D,,,,,,
723125,2017-10-18,MU,Thorsen Steven L. JR,,0000723125-17-000119,2017-10-14,F,5388.0,40.4,179302.0,D,,,,,,
723125,2017-10-18,MU,Thorsen Steven L. JR,,0000723125-17-000119,2017-10-16,F,5799.0,40.4,173503.0,D,,,,,,
723125,2017-10-18,MU,MADDOCK ERNEST E,,0000723125-17-000117,2017-10-14,F,5682.0,40.4,186703.0,D,,,,,,
723125,2017-10-23,MU,Thorsen Steven L. JR,,0000723125-17-000124,2017-10-19,F,5625.0,41.65,167878.0,D,,,,,,
723125,2017-10-23,MU,Deboer Scott J,,0000723125-17-000121,2017-10-20,S,30000.0,42.0046,89261.0,D,,,,,,
723125,2017-10-23,MU,Deboer Scott J,,0000723125-17-000121,2017-10-20,F,3406.0,41.31,119261.0,D,,,,,,
723125,2017-10-23,MU,Deboer Scott J,,0000723125-17-000121,2017-10-19,F,6378.0,41.65,122667.0,D,,,,,,
723125,2017-10-23,MU,MADDOCK ERNEST E,,0000723125-17-000122,2017-10-19,F,9299.0,41.65,177404.0,D,,,,,,
723125,2017-10-23,MU,Poppen Joel L,,0000723125-17-000123,2017-10-20,F,3097.0,41.31,173848.0,D,,,,,,
723125,2017-10-23,MU,Thorsen Steven L. JR,,0000723125-17-000124,2017-10-20,F,3406.0,41.31,164472.0,D,,,,,,
723125,2017-10-23,MU,Poppen Joel L,,0000723125-17-000123,2017-10-19,F,5119.0,41.65,176945.0,D,,,,,,
723125,2017-10-23,MU,ARNZEN APRIL S,,0000723125-17-000120,2017-10-19,F,2246.0,41.65,45885.0,D,,,,,,
723125,2017-10-26,MU,ARNZEN APRIL S,,0000723125-17-000139,2017-10-24,A,10828.0,0.0,56713.0,D,,,,,,
723125,2017-10-26,MU,ARNZEN APRIL S,,0000723125-17-000139,2017-10-24,M,2187.0,0.0,58900.0,D,,,,,,
723125,2017-10-26,MU,ARNZEN APRIL S,,0000723125-17-000139,2017-10-24,F,760.0,41.56,58140.0,D,,,,,,
723125,2017-10-26,MU,Poppen Joel L,,0000723125-17-000138,2017-10-24,A,17324.0,0.0,191172.0,D,,,,,,
723125,2017-10-26,MU,BHATIA MANISH H,,0000723125-17-000134,2017-10-24,A,41145.0,0.0,164907.0,D,,,,,,
723125,2017-10-26,MU,MADDOCK ERNEST E,,0000723125-17-000135,2017-10-24,A,32483.0,0.0,209887.0,D,,,,,,
723125,2017-10-26,MU,Deboer Scott J,,0000723125-17-000136,2017-10-24,F,3678.0,41.56,120104.0,D,,,,,,
723125,2017-10-26,MU,Deboer Scott J,,0000723125-17-000136,2017-10-24,M,7452.0,0.0,123782.0,D,,,,,,
723125,2017-10-26,MU,Deboer Scott J,,0000723125-17-000136,2017-10-24,A,27069.0,0.0,116330.0,D,,,,,,
723125,2017-10-26,MU,Thorsen Steven L. JR,,0000723125-17-000137,2017-10-24,F,3678.0,41.56,187736.0,D,,,,,,
723125,2017-10-26,MU,BEYER RICHARD M,,0000723125-17-000141,2017-10-24,A,6015.0,0.0,75075.0,D,,,,,,
723125,2017-10-26,MU,Byrne Patrick J,,0000723125-17-000142,2017-10-24,A,6015.0,0.0,129458.0,D,,,,,,
723125,2017-10-26,MU,JOHNSON MERCEDES,,0000723125-17-000143,2017-10-24,A,6015.0,0.0,60548.0,D,,,,,,
723125,2017-10-26,MU,Mondry Lawrence N,,0000723125-17-000144,2017-10-24,A,6015.0,0.0,183382.0,D,,,,,,
723125,2017-10-26,MU,SWITZ ROBERT E,,0000723125-17-000145,2017-10-24,A,6015.0,0.0,145257.0,D,,,,,,
723125,2017-10-26,MU,Sadana Sumit,,0000723125-17-000133,2017-10-24,A,43311.0,0.0,68397.0,D,,,,,,
723125,2017-10-26,MU,Poppen Joel L,,0000723125-17-000138,2017-10-24,M,6804.0,0.0,197976.0,D,,,,,,
723125,2017-10-26,MU,Poppen Joel L,,0000723125-17-000138,2017-10-24,F,3358.0,41.56,194618.0,D,,,,,,
723125,2017-10-26,MU,Thorsen Steven L. JR,,0000723125-17-000137,2017-10-24,A,19490.0,0.0,183962.0,D,,,,,,
723125,2017-10-26,MU,Thorsen Steven L. JR,,0000723125-17-000137,2017-10-24,M,7452.0,0.0,191414.0,D,,,,,,
723125,2017-10-26,MU,BAILEY ROBERT L,,0000723125-17-000140,2017-10-24,A,6015.0,0.0,120299.0,D,,,,,,
723125,2017-10-26,MU,MEHROTRA SANJAY,,0000723125-17-000132,2017-10-24,A,108277.0,0.0,352448.0,D,,,,,,
723125,2017-11-03,MU,BAILEY ROBERT L,,0000723125-17-000146,2017-11-01,S,3000.0,44.5519,117299.0,D,,,,,,
723125,2017-11-21,MU,Poppen Joel L,,0000723125-17-000149,2017-11-19,F,1663.0,46.16,196324.0,D,,,,,,
723125,2017-11-21,MU,Poppen Joel L,,0000723125-17-000149,2017-11-19,M,3369.0,0.0,197987.0,D,,,,,,
723125,2017-12-05,MU,BAILEY ROBERT L,,0000723125-17-000151,2017-12-01,S,600.0,40.6467,116699.0,D,,,,,,
723125,2017-12-07,MU,ARNZEN APRIL S,,0000723125-17-000156,2017-12-05,M,1125.0,0.0,59265.0,D,,,,,,
723125,2017-12-07,MU,ARNZEN APRIL S,,0000723125-17-000156,2017-12-05,F,556.0,39.9,58709.0,D,,,,,,
723125,2017-12-27,MU,ARNZEN APRIL S,,0000723125-17-000167,2017-12-20,G,50.0,0.0,58659.0,D,,,,,,
723125,2017-12-27,MU,ARNZEN APRIL S,,0000723125-17-000167,2017-12-22,M,313.0,16.26,58972.0,D,,,,,,
723125,2017-12-27,MU,ARNZEN APRIL S,,0000723125-17-000167,2017-12-22,S,27878.0,44.2715,58659.0,D,,,,,,
723125,2018-01-02,MU,Thorsen Steven L. JR,,0000723125-18-000002,2017-12-28,M,14750.0,16.92,202486.0,D,,,,,,
723125,2018-01-02,MU,Thorsen Steven L. JR,,0000723125-18-000002,2017-12-28,S,40175.0,42.3988,187736.0,D,,,,,,
723125,2018-01-04,MU,BAILEY ROBERT L,,0000723125-18-000005,2018-01-02,S,714.0,41.9105,113585.0,D,,,,,,
723125,2018-01-12,MU,ARNZEN APRIL S,,0000723125-18-000008,2018-01-10,M,889.0,0.0,59548.0,D,,,,,,
723125,2018-01-12,MU,ARNZEN APRIL S,,0000723125-18-000008,2018-01-10,F,357.0,42.97,59191.0,D,,,,,,
723125,2018-01-24,MU,Poppen Joel L,,0000723125-18-000011,2018-01-22,F,1284.0,42.75,195040.0,D,,,,,,
723125,2018-02-02,MU,BAILEY ROBERT L,,0000723125-18-000012,2018-02-01,S,1378.0,42.7844,109921.0,D,,,,,,
723125,2018-02-09,MU,Deboer Scott J,,0000723125-18-000018,2018-02-07,M,14750.0,16.92,134854.0,D,,,,,,
723125,2018-02-09,MU,Deboer Scott J,,0000723125-18-000018,2018-02-07,S,14750.0,43.28,120104.0,D,,,,,,
723125,2018-02-16,MU,ARNZEN APRIL S,,0000723125-18-000020,2018-02-15,S,1222.0,43.77,57969.0,D,,,,,,
723125,2018-02-16,MU,Mondry Lawrence N,,0000723125-18-000019,2018-02-14,S,50000.0,43.4669,133382.0,D,,,,,,
723125,2018-02-20,MU,Zinsner David,,0000723125-18-000023,2018-02-19,A,48066.0,0.0,48066.0,D,,,,,,
723125,2018-03-05,MU,BAILEY ROBERT L,,0000723125-18-000024,2018-03-01,S,1400.0,47.5789,106899.0,D,,,,,,
723125,2018-03-19,MU,ARNZEN APRIL S,,0000723125-18-000026,2018-03-15,S,532.0,59.8,57437.0,D,,,,,,
723125,2018-03-28,MU,Deboer Scott J,,0000723125-18-000039,2018-03-26,M,13695.0,18.18,133799.0,D,,,,,,
723125,2018-03-28,MU,Deboer Scott J,,0000723125-18-000039,2018-03-26,S,13695.0,56.1109,120104.0,D,,,,,,
723125,2018-03-28,MU,ARNZEN APRIL S,,0000723125-18-000038,2018-03-24,F,624.0,54.21,56813.0,D,,,,,,
723125,2018-04-04,MU,BAILEY ROBERT L,,0000723125-18-000041,2018-04-02,S,2200.0,50.2232,103099.0,D,,,,,,
723125,2018-04-04,MU,JOHNSON MERCEDES,,0000723125-18-000040,2018-04-02,S,25000.0,50.5035,35548.0,D,,,,,,
723125,2018-05-03,MU,BAILEY ROBERT L,,0000723125-18-000044,2018-05-01,S,2000.0,46.2755,100299.0,D,,,,,,
723125,2018-05-03,MU,Byrne Patrick J,,0000723125-18-000045,2018-05-02,S,14360.0,46.3132,115098.0,D,,,,,,
723125,2018-05-10,MU,Thorsen Steven L. JR,,0000723125-18-000047,2018-05-08,M,13695.0,18.18,180685.0,D,,,,,,
723125,2018-05-10,MU,Thorsen Steven L. JR,,0000723125-18-000047,2018-05-08,S,28089.0,48.4096,166990.0,D,,,,,,
723125,2018-05-10,MU,MEHROTRA SANJAY,,0000723125-18-000046,2018-05-08,F,26507.0,48.48,325941.0,D,,,,,,
723125,2018-05-30,MU,Deboer Scott J,,0000723125-18-000054,2018-05-25,M,8475.0,28.765,128579.0,D,,,,,,
723125,2018-05-30,MU,Deboer Scott J,,0000723125-18-000054,2018-05-25,S,24795.0,62.0,120104.0,D,,,,,,
723125,2018-06-05,MU,BAILEY ROBERT L,,0000723125-18-000057,2018-06-01,S,1000.0,58.047,98299.0,D,,,,,,
723125,2018-06-28,MU,Sadana Sumit,,0000723125-18-000067,2018-06-23,F,2169.0,57.1,66228.0,D,,,,,,
723125,2018-07-24,MU,SWITZ ROBERT E,,0000723125-18-000080,2018-07-13,S,25000.0,56.0014,45257.0,D,,,,,,
723125,2018-07-24,MU,SWITZ ROBERT E,,0000723125-18-000080,2018-07-02,S,25000.0,52.0004,120257.0,D,,,,,,
723125,2018-07-24,MU,Thorsen Steven L. JR,,0000723125-18-000079,2018-07-20,S,40000.0,55.0887,126990.0,D,,,,,,
723125,2018-10-16,MU,Bokan Michael W,,0000723125-18-000094,2018-10-15,F,2673.0,42.47,17776.0,D,,,,,,
723125,2018-10-16,MU,ARNZEN APRIL S,,0000723125-18-000093,2018-10-15,F,1963.0,42.47,54850.0,D,,,,,,
723125,2018-10-16,MU,Bokan Michael W,,0000723125-18-000094,2018-10-14,M,5775.0,0.0,20449.0,D,,,,,,
723125,2018-10-16,MU,Deboer Scott J,,0000723125-18-000095,2018-10-15,F,5052.0,42.47,115052.0,D,,,,,,
723125,2018-10-16,MU,Poppen Joel L,,0000723125-18-000096,2018-10-15,F,3107.0,42.47,191933.0,D,,,,,,
723125,2018-10-18,MU,BHATIA MANISH H,,0000723125-18-000114,2018-10-16,A,44875.0,0.0,174797.0,D,,,,,,
723125,2018-10-18,MU,McCarthy Mary Pat,,0000723125-18-000113,2018-10-16,A,5159.0,0.0,5159.0,D,,,,,,
723125,2018-10-18,MU,BHATIA MANISH H,,0000723125-18-000114,2018-10-16,F,34985.0,42.34,129922.0,D,,,,,,
723125,2018-10-18,MU,GOMO STEVEN J,,0000723125-18-000111,2018-10-16,A,5159.0,0.0,5159.0,D,,,,,,
723125,2018-10-18,MU,ARNZEN APRIL S,,0000723125-18-000117,2018-10-16,F,11384.0,42.34,87936.0,D,,,,,,
723125,2018-10-18,MU,Mondry Lawrence N,,0000723125-18-000108,2018-10-16,A,5905.0,0.0,139287.0,D,,,,,,
723125,2018-10-18,MU,JOHNSON MERCEDES,,0000723125-18-000107,2018-10-16,A,5905.0,0.0,41453.0,D,,,,,,
723125,2018-10-18,MU,BEYER RICHARD M,,0000723125-18-000104,2018-10-16,A,5905.0,0.0,80980.0,D,,,,,,
723125,2018-10-18,MU,BAILEY ROBERT L,,0000723125-18-000103,2018-10-16,A,5905.0,0.0,102204.0,D,,,,,,
723125,2018-10-18,MU,Deboer Scott J,,0000723125-18-000116,2018-10-16,A,35427.0,0.0,150479.0,D,,,,,,
723125,2018-10-18,MU,Byrne Patrick J,,0000723125-18-000106,2018-10-16,A,5905.0,0.0,121003.0,D,,,,,,
723125,2018-10-18,MU,Poppen Joel L,,0000723125-18-000118,2018-10-16,A,17714.0,0.0,209647.0,D,,,,,,
723125,2018-10-18,MU,SWITZ ROBERT E,,0000723125-18-000109,2018-10-16,S,5905.0,0.0,51162.0,D,,,,,,
723125,2018-10-18,MU,MEHROTRA SANJAY,,0000723125-18-000120,2018-10-16,A,141710.0,0.0,467651.0,D,,,,,,
723125,2018-10-18,MU,Zinsner David,,0000723125-18-000122,2018-10-16,A,35427.0,0.0,83493.0,D,,,,,,
723125,2018-10-18,MU,Sadana Sumit,,0000723125-18-000121,2018-10-16,A,51960.0,0.0,118188.0,D,,,,,,
723125,2018-10-18,MU,Bokan Michael W,,0000723125-18-000119,2018-10-16,M,15352.0,0.0,33128.0,D,,,,,,
723125,2018-10-18,MU,Deboer Scott J,,0000723125-18-000116,2018-10-16,M,51362.0,0.0,201841.0,D,,,,,,
723125,2018-10-18,MU,Poppen Joel L,,0000723125-18-000118,2018-10-16,M,46734.0,0.0,256381.0,D,,,,,,
723125,2018-10-18,MU,Poppen Joel L,,0000723125-18-000118,2018-10-16,F,20146.0,42.34,236235.0,D,,,,,,
723125,2018-10-18,MU,Deboer Scott J,,0000723125-18-000116,2018-10-16,F,23769.0,42.34,178072.0,D,,,,,,
723125,2018-10-18,MU,ARNZEN APRIL S,,0000723125-18-000117,2018-10-16,A,15352.0,0.0,70202.0,D,,,,,,
723125,2018-10-18,MU,ARNZEN APRIL S,,0000723125-18-000117,2018-10-16,M,29118.0,0.0,99320.0,D,,,,,,
723125,2018-10-22,MU,Poppen Joel L,,0000723125-18-000125,2018-10-20,F,2904.0,40.45,230049.0,D,,,,,,
723125,2018-10-22,MU,Deboer Scott J,,0000723125-18-000126,2018-10-19,F,5981.0,41.3,172091.0,D,,,,,,
723125,2018-10-22,MU,Bokan Michael W,,0000723125-18-000123,2018-10-19,M,6031.0,0.0,39159.0,D,,,,,,
723125,2018-10-22,MU,Bokan Michael W,,0000723125-18-000123,2018-10-19,F,2791.0,41.3,36368.0,D,,,,,,
723125,2018-10-22,MU,Deboer Scott J,,0000723125-18-000126,2018-10-20,F,3193.0,40.45,168898.0,D,,,,,,
723125,2018-10-22,MU,Poppen Joel L,,0000723125-18-000125,2018-10-19,F,3282.0,41.3,232953.0,D,,,,,,
723125,2018-10-22,MU,Bokan Michael W,,0000723125-18-000123,2018-10-21,M,2800.0,0.0,39168.0,D,,,,,,
723125,2018-10-22,MU,Bokan Michael W,,0000723125-18-000123,2018-10-21,F,1296.0,40.45,37872.0,D,,,,,,
723125,2018-10-22,MU,ARNZEN APRIL S,,0000723125-18-000124,2018-10-19,F,2021.0,41.3,85915.0,D,,,,,,
723125,2018-10-25,MU,ARNZEN APRIL S,,0000723125-18-000127,2018-10-24,F,1671.0,38.68,84244.0,D,,,,,,
723125,2018-10-25,MU,Bokan Michael W,,0000723125-18-000129,2018-10-24,F,1316.0,38.68,39398.0,D,,,,,,
723125,2018-10-25,MU,Bokan Michael W,,0000723125-18-000129,2018-10-24,M,2842.0,0.0,40714.0,D,,,,,,
723125,2018-10-25,MU,BHATIA MANISH H,,0000723125-18-000128,2017-10-24,F,6800.0,38.68,167997.0,D,,,,,,
723125,2018-10-25,MU,MEHROTRA SANJAY,,0000723125-18-000131,2018-10-24,F,17895.0,38.68,449756.0,D,,,,,,
723125,2018-10-25,MU,Deboer Scott J,,0000723125-18-000130,2018-10-24,F,4176.0,38.68,164722.0,D,,,,,,
723125,2018-10-25,MU,Poppen Joel L,,0000723125-18-000132,2018-10-24,F,2672.0,38.68,227377.0,D,,,,,,
723125,2018-10-25,MU,Sadana Sumit,,0000723125-18-000133,2018-10-24,F,7158.0,38.68,111030.0,D,,,,,,
723125,2018-12-07,MU,ARNZEN APRIL S,,0000723125-18-000146,2018-12-06,M,1125.0,0.0,85369.0,D,,,,,,
723125,2018-12-07,MU,ARNZEN APRIL S,,0000723125-18-000146,2018-12-06,F,521.0,36.88,84848.0,D,,,,,,
723125,2018-12-13,MU,Poppen Joel L,,0000723125-18-000147,2018-12-12,M,50000.0,6.66,277377.0,D,,,,,,
723125,2018-12-13,MU,Poppen Joel L,,0000723125-18-000147,2018-12-12,F,28219.0,35.21,249158.0,D,,,,,,
723125,2019-02-19,MU,Zinsner David,,0000723125-19-000008,2019-02-19,F,3789.0,41.99,79704.0,D,,,,,,
723125,2019-03-25,MU,ARNZEN APRIL S,,0000723125-19-000015,2019-03-25,F,656.0,41.62,84192.0,D,,,,,,
723125,2019-03-25,MU,Deboer Scott J,,0000723125-19-000016,2019-03-22,S,14486.0,42.8774,150236.0,D,,,,,,
723125,2019-03-28,MU,ARNZEN APRIL S,,0000723125-19-000017,2019-03-27,S,21182.0,39.3875,84192.0,D,,,,,,
723125,2019-03-28,MU,ARNZEN APRIL S,,0000723125-19-000017,2019-03-27,M,2800.0,28.02,86992.0,D,,,,,,
723125,2019-04-16,MU,Poppen Joel L,,0000723125-19-000021,2019-04-15,M,20210.0,19.29,269368.0,D,,,,,,
723125,2019-04-16,MU,Poppen Joel L,,0000723125-19-000021,2019-04-15,S,20210.0,41.4532,249158.0,D,,,,,,
723125,2019-05-09,MU,MEHROTRA SANJAY,,0000723125-19-000024,2018-11-08,G,52732.0,0.0,397024.0,D,,,,,,
723125,2019-05-09,MU,MEHROTRA SANJAY,,0000723125-19-000024,2019-05-08,F,26555.0,40.26,370469.0,D,,,,,,
723125,2019-06-24,MU,Sadana Sumit,,0000723125-19-000029,2019-06-23,F,2169.0,33.25,108861.0,D,,,,,,
723125,2019-07-08,MU,Wright Mary Ann,,0000723125-19-000041,2019-07-01,A,1068.0,0.0,1068.0,D,,,,,,
723125,2019-07-16,MU,Deboer Scott J,,0000723125-19-000043,2019-07-15,S,20000.0,45.0,130236.0,D,,,,,,
723125,2019-07-16,MU,ARNZEN APRIL S,,0000723125-19-000042,2019-07-15,S,4800.0,45.0,79392.0,D,,,,,,
723125,2019-07-22,MU,Bokan Michael W,,0000723125-19-000049,2019-07-19,S,20488.0,45.7058,39398.0,D,,,,,,
723125,2019-07-22,MU,Bokan Michael W,,0000723125-19-000049,2019-07-19,M,3719.0,19.29,43117.0,D,,,,,,
723125,2019-07-26,MU,ARNZEN APRIL S,,0000723125-19-000053,2019-07-25,S,2400.0,48.44,76992.0,D,,,,,,
723125,2019-07-26,MU,Deboer Scott J,,0000723125-19-000052,2019-07-24,M,8475.0,28.765,138711.0,D,,,,,,
723125,2019-07-26,MU,Deboer Scott J,,0000723125-19-000052,2019-07-24,S,8475.0,48.0,130236.0,D,,,,,,
723125,2019-08-02,MU,Bokan Michael W,,0000723125-19-000057,2019-08-01,S,427.0,45.6406,39398.0,D,,,,,,
723125,2019-08-02,MU,Poppen Joel L,,0000723125-19-000056,2019-08-01,S,654.0,45.6406,249158.0,D,,,,,,
723125,2019-08-30,MU,ARNZEN APRIL S,,0000723125-19-000063,2019-08-29,S,2491.0,45.0,74908.0,D,,,,,,
723125,2019-09-12,MU,Deboer Scott J,,0000723125-19-000065,2019-09-11,S,20000.0,50.0,110236.0,D,,,,,,
723125,2019-09-27,MU,ARNZEN APRIL S,,0000723125-19-000070,2019-09-25,S,2477.0,48.47,72431.0,D,,,,,,
723125,2019-10-15,MU,Byrne Patrick J,,0000723125-19-000080,2019-10-10,S,23264.0,43.2671,97739.0,D,,,,,,
723125,2019-10-16,MU,Poppen Joel L,,0000723125-19-000087,2019-10-14,F,3107.0,45.1,246051.0,D,,,,,,
723125,2019-10-16,MU,ARNZEN APRIL S,,0000723125-19-000085,2019-10-14,F,1936.0,45.1,70495.0,D,,,,,,
723125,2019-10-16,MU,Deboer Scott J,,0000723125-19-000084,2019-10-14,F,3414.0,45.1,106822.0,D,,,,,,
723125,2019-10-18,MU,GOMO STEVEN J,,0000723125-19-000099,2019-10-16,A,5381.0,0.0,10540.0,D,,,,,,
723125,2019-10-18,MU,Deboer Scott J,,0000723125-19-000106,2019-10-16,A,40357.0,0.0,143485.0,D,,,,,,
723125,2019-10-18,MU,Deboer Scott J,,0000723125-19-000106,2019-10-16,F,3694.0,46.46,103128.0,D,,,,,,
723125,2019-10-18,MU,Bokan Michael W,,0000723125-19-000105,2019-10-16,A,21524.0,0.0,63928.0,D,,,,,,
723125,2019-10-18,MU,BHATIA MANISH H,,0000723125-19-000104,2019-10-16,A,53810.0,0.0,210640.0,D,,,,,,
723125,2019-10-18,MU,Bokan Michael W,,0000723125-19-000105,2019-10-16,F,1601.0,46.46,42404.0,D,,,,,,
723125,2019-10-18,MU,Sadana Sumit,,0000723125-19-000109,2019-10-16,F,6032.0,46.46,102829.0,D,,,,,,
723125,2019-10-18,MU,ARNZEN APRIL S,,0000723125-19-000103,2019-10-16,F,1601.0,46.46,88266.0,D,,,,,,
723125,2019-10-18,MU,ARNZEN APRIL S,,0000723125-19-000103,2019-10-16,M,28294.0,0.0,116560.0,D,,,,,,
723125,2019-10-18,MU,SWITZ ROBERT E,,0000723125-19-000100,2019-10-16,A,5381.0,0.0,56543.0,D,,,,,,
723125,2019-10-18,MU,McCarthy Mary Pat,,0000723125-19-000101,2019-10-16,A,5381.0,0.0,10540.0,D,,,,,,
723125,2019-10-18,MU,BHATIA MANISH H,,0000723125-19-000104,2019-10-16,F,5350.0,46.46,163594.0,D,,,,,,
723125,2019-10-18,MU,Bokan Michael W,,0000723125-19-000105,2019-10-14,M,5776.0,0.0,45812.0,D,,,,,,
723125,2019-10-18,MU,ARNZEN APRIL S,,0000723125-19-000103,2019-10-16,A,19372.0,0.0,89867.0,D,,,,,,
723125,2019-10-18,MU,BEYER RICHARD M,,0000723125-19-000097,2019-10-16,A,5381.0,0.0,86361.0,D,,,,,,
723125,2019-10-18,MU,MEHROTRA SANJAY,,0000723125-19-000107,2019-10-16,A,161429.0,0.0,561207.0,D,,,,,,
723125,2019-10-18,MU,Poppen Joel L,,0000723125-19-000108,2019-10-16,A,19372.0,0.0,263576.0,D,,,,,,
723125,2019-10-18,MU,Poppen Joel L,,0000723125-19-000108,2019-10-16,F,1847.0,46.46,244204.0,D,,,,,,
723125,2019-10-18,MU,Sadana Sumit,,0000723125-19-000109,2019-10-16,A,59191.0,0.0,162020.0,D,,,,,,
723125,2019-10-18,MU,Byrne Patrick J,,0000723125-19-000098,2019-10-16,A,5381.0,0.0,103120.0,D,,,,,,
723125,2019-10-18,MU,MEHROTRA SANJAY,,0000723125-19-000107,2019-10-16,F,23423.0,46.46,399778.0,D,,,,,,
723125,2019-10-18,MU,Deboer Scott J,,0000723125-19-000106,2019-10-16,M,56586.0,0.0,200071.0,D,,,,,,
723125,2019-10-18,MU,BAILEY ROBERT L,,0000723125-19-000096,2019-10-16,A,5381.0,0.0,107585.0,D,,,,,,
723125,2019-10-18,MU,Zinsner David,,0000723125-19-000110,2019-10-16,F,3865.0,46.46,75937.0,D,,,,,,
723125,2019-10-18,MU,Poppen Joel L,,0000723125-19-000108,2019-10-16,M,45410.0,0.0,308986.0,D,,,,,,
723125,2019-10-18,MU,Bokan Michael W,,0000723125-19-000105,2019-10-14,F,1807.0,46.46,44005.0,D,,,,,,
723125,2019-10-18,MU,Zinsner David,,0000723125-19-000110,2019-10-16,A,43048.0,0.0,118985.0,D,,,,,,
723125,2019-10-21,MU,Wright Mary Ann,,0000723125-19-000118,2019-10-16,A,5381.0,0.0,6449.0,D,,,,,,
723125,2019-10-22,MU,Bokan Michael W,,0000723125-19-000126,2019-10-19,M,6031.0,0.0,69959.0,D,,,,,,
723125,2019-10-22,MU,Deboer Scott J,,0000723125-19-000125,2019-10-19,F,4042.0,43.47,172544.0,D,,,,,,
723125,2019-10-22,MU,ARNZEN APRIL S,,0000723125-19-000127,2019-10-19,F,2021.0,43.47,103110.0,D,,,,,,
723125,2019-10-22,MU,Poppen Joel L,,0000723125-19-000124,2019-10-19,F,4800.0,43.47,284068.0,D,,,,,,
723125,2019-10-22,MU,Bokan Michael W,,0000723125-19-000126,2019-10-19,F,1887.0,43.47,68072.0,D,,,,,,
723125,2019-10-28,MU,Bokan Michael W,,0000723125-19-000137,2019-10-24,F,1316.0,44.66,69598.0,D,,,,,,
723125,2019-10-28,MU,BHATIA MANISH H,,0000723125-19-000136,2019-10-24,F,6800.0,44.66,203840.0,D,,,,,,
723125,2019-10-28,MU,Sadana Sumit,,0000723125-19-000141,2019-10-24,F,7158.0,44.66,154862.0,D,,,,,,
723125,2019-10-28,MU,Poppen Joel L,,0000723125-19-000140,2019-10-24,F,2673.0,44.66,281395.0,D,,,,,,
723125,2019-10-28,MU,MEHROTRA SANJAY,,0000723125-19-000139,2019-10-24,F,17895.0,44.66,543312.0,D,,,,,,
723125,2019-10-28,MU,Deboer Scott J,,0000723125-19-000138,2019-10-24,F,4176.0,44.66,168368.0,D,,,,,,
723125,2019-10-28,MU,Bokan Michael W,,0000723125-19-000137,2019-10-24,M,2842.0,0.0,70914.0,D,,,,,,
723125,2019-10-28,MU,ARNZEN APRIL S,,0000723125-19-000135,2019-10-24,F,1671.0,44.66,101439.0,D,,,,,,
723125,2019-10-28,MU,ARNZEN APRIL S,,0000723125-19-000135,2019-10-25,S,4252.0,47.22,97187.0,D,,,,,,
723125,2019-11-26,MU,ARNZEN APRIL S,,0000723125-19-000150,2019-11-25,S,4534.0,46.1,92680.0,D,,,,,,
723125,2019-12-10,MU,Marosvari Paul,,0000723125-19-000162,2019-12-06,M,799.0,0.0,4801.0,D,,,,,,
723125,2019-12-10,MU,Marosvari Paul,,0000723125-19-000162,2019-12-06,F,250.0,46.62,4551.0,D,,,,,,
723125,2019-12-10,MU,Marosvari Paul,,0000723125-19-000162,2019-12-08,M,884.0,0.0,5435.0,D,,,,,,
723125,2019-12-10,MU,Marosvari Paul,,0000723125-19-000162,2019-12-08,F,277.0,47.93,5158.0,D,,,,,,
723125,2019-12-20,MU,Deboer Scott J,,0000723125-19-000176,2019-12-19,S,20000.0,55.0,148368.0,D,,,,,,
723125,2019-12-26,MU,ARNZEN APRIL S,,0000723125-19-000186,2019-12-24,S,4400.0,55.45,88280.0,D,,,,,,
723125,2019-12-26,MU,Deboer Scott J,,0000723125-19-000189,2019-12-23,S,13694.0,56.0,148368.0,D,,,,,,
723125,2019-12-26,MU,Deboer Scott J,,0000723125-19-000189,2019-12-23,M,13694.0,18.18,162062.0,D,,,,,,
723125,2020-01-08,MU,Poppen Joel L,,0000723125-20-000002,2020-01-07,M,20000.0,23.12,301395.0,D,,,,,,
723125,2020-01-08,MU,Poppen Joel L,,0000723125-20-000002,2020-01-07,S,20000.0,56.965,281395.0,D,,,,,,
723125,2020-01-27,MU,ARNZEN APRIL S,,0000723125-20-000014,2020-01-24,S,4400.0,60.0,83880.0,D,,,,,,
723125,2020-02-20,MU,Zinsner David,,0001209191-20-011229,2020-02-19,F,3782.0,57.75,115203.0,D,,,,,,
723125,2020-02-26,MU,ARNZEN APRIL S,,0000723125-20-000018,2020-02-25,S,4400.0,54.75,80037.0,D,,,,,,
723125,2020-03-27,MU,ARNZEN APRIL S,,0000723125-20-000036,2020-03-26,S,4441.0,45.0,75596.0,D,,,,,,
723125,2020-04-28,MU,ARNZEN APRIL S,,0000723125-20-000038,2020-04-27,S,2542.0,45.0,73054.0,D,,,,,,
723125,2020-05-12,MU,MEHROTRA SANJAY,,0000723125-20-000043,2019-11-12,G,20341.0,0.0,470239.0,D,,,,,,
723125,2020-05-12,MU,MEHROTRA SANJAY,,0000723125-20-000043,2020-05-08,F,27046.0,46.59,443193.0,D,,,,,,
723125,2020-06-24,MU,Sadana Sumit,,0000723125-20-000058,2020-06-23,F,2169.0,51.15,152693.0,D,,,,,,
723125,2020-07-01,MU,Deboer Scott J,,0000723125-20-000071,2020-06-30,S,10000.0,51.79,128368.0,D,,,,,,
723125,2020-07-01,MU,Deboer Scott J,,0000723125-20-000070,2020-06-29,S,10000.0,48.5,138368.0,D,,,,,,
723125,2020-07-02,MU,ARNZEN APRIL S,,0000723125-20-000072,2020-07-01,M,2800.0,28.02,75854.0,D,,,,,,
723125,2020-07-02,MU,ARNZEN APRIL S,,0000723125-20-000072,2020-07-01,S,25739.0,50.0713,73054.0,D,,,,,,
723125,2020-08-05,MU,Marosvari Paul,,0001062993-20-003715,2020-08-03,S,308.0,50.361,5907.0,D,,,,,,
723125,2020-08-14,MU,Deboer Scott J,,0001062993-20-004034,2020-08-12,S,13695.0,48.34,128368.0,D,,,,,,
723125,2020-08-14,MU,Deboer Scott J,,0001062993-20-004034,2020-08-12,M,13695.0,18.18,142063.0,D,,,,,,
723125,2020-08-24,MU,Dugle Lynn A,,0001062993-20-004152,2020-08-20,A,407.0,0.0,767.0,D,,,,,,
723125,2020-10-20,MU,Dugle Lynn A,,0001062993-20-005033,2020-10-16,A,4813.0,0.0,5580.0,D,,,,,,
723125,2020-10-20,MU,Bokan Michael W,,0001062993-20-005049,2020-10-16,A,33693.0,0.0,103847.0,D,,,,,,
723125,2020-10-20,MU,Bokan Michael W,,0001062993-20-005049,2020-10-16,M,11708.0,0.0,111710.0,D,,,,,,
723125,2020-10-20,MU,BHATIA MANISH H,,0001062993-20-005046,2020-10-16,F,21281.0,51.94,240875.0,D,,,,,,
723125,2020-10-20,MU,McCarthy Mary Pat,,0001062993-20-005039,2020-10-16,A,4813.0,0.0,15353.0,D,,,,,,
723125,2020-10-20,MU,MEHROTRA SANJAY,,0001062993-20-005056,2020-10-16,A,178090.0,0.0,621285.0,D,,,,,,
723125,2020-10-20,MU,Sadana Sumit,,0001062993-20-005061,2020-10-16,F,16409.0,51.94,198856.0,D,,,,,,
723125,2020-10-20,MU,ARNZEN APRIL S,,0001062993-20-005065,2020-10-16,A,28879.0,0.0,102485.0,D,,,,,,
723125,2020-10-20,MU,BHATIA MANISH H,,0001062993-20-005046,2020-10-16,M,29618.0,0.0,270493.0,D,,,,,,
723125,2020-10-20,MU,Zinsner David,,0001062993-20-005063,2020-10-16,F,11231.0,51.94,148027.0,D,,,,,,
723125,2020-10-20,MU,Deboer Scott J,,0001062993-20-005051,2020-10-16,F,9999.0,51.94,166501.0,D,,,,,,
723125,2020-10-20,MU,Sadana Sumit,,0001062993-20-005061,2020-10-16,M,31174.0,0.0,230030.0,D,,,,,,
723125,2020-10-20,MU,Zinsner David,,0001062993-20-005063,2020-10-14,G,4341.0,0.0,111126.0,D,,,,,,
723125,2020-10-20,MU,Poppen Joel L,,0001062993-20-005058,2020-10-16,F,4808.0,51.94,298256.0,D,,,,,,
723125,2020-10-20,MU,MEHROTRA SANJAY,,0001062993-20-005056,2020-10-16,M,77939.0,0.0,649125.0,D,,,,,,
723125,2020-10-20,MU,Deboer Scott J,,0001062993-20-005051,2020-10-16,A,48132.0,0.0,176500.0,D,,,,,,
723125,2020-10-20,MU,Marosvari Paul,,0001062993-20-005054,2020-10-16,F,505.0,51.94,7016.0,D,,,,,,
723125,2020-10-20,MU,Marosvari Paul,,0001062993-20-005054,2020-10-16,M,1614.0,0.0,7521.0,D,,,,,,
723125,2020-10-20,MU,ARNZEN APRIL S,,0001062993-20-005065,2020-10-16,M,7794.0,0.0,105939.0,D,,,,,,
723125,2020-10-20,MU,Zinsner David,,0001062993-20-005063,2020-10-16,A,48132.0,0.0,159258.0,D,,,,,,
723125,2020-10-20,MU,Poppen Joel L,,0001062993-20-005058,2020-10-16,A,28879.0,0.0,303064.0,D,,,,,,
723125,2020-10-20,MU,BHATIA MANISH H,,0001062993-20-005046,2020-10-16,A,57759.0,0.0,262156.0,D,,,,,,
723125,2020-10-20,MU,Poppen Joel L,,0001062993-20-005058,2020-10-16,M,12470.0,0.0,310726.0,D,,,,,,
723125,2020-10-20,MU,GOMO STEVEN J,,0001062993-20-005036,2020-10-16,A,4813.0,0.0,15353.0,D,,,,,,
723125,2020-10-20,MU,BEYER RICHARD M,,0001062993-20-005031,2020-10-16,A,4813.0,0.0,91174.0,D,,,,,,
723125,2020-10-20,MU,ARNZEN APRIL S,,0001062993-20-005065,2020-10-16,F,4340.0,51.94,98145.0,D,,,,,,
723125,2020-10-20,MU,Sadana Sumit,,0001062993-20-005061,2020-10-16,A,62572.0,0.0,215265.0,D,,,,,,
723125,2020-10-20,MU,Wright Mary Ann,,0001062993-20-005043,2020-10-16,A,4813.0,0.0,11262.0,D,,,,,,
723125,2020-10-20,MU,SWITZ ROBERT E,,0001062993-20-005041,2020-10-16,A,4813.0,0.0,61356.0,D,,,,,,
723125,2020-10-20,MU,BAILEY ROBERT L,,0001062993-20-005028,2020-10-16,A,4813.0,0.0,112398.0,D,,,,,,
723125,2020-10-20,MU,MEHROTRA SANJAY,,0001062993-20-005056,2020-10-16,F,50099.0,51.94,571186.0,D,,,,,,
723125,2020-10-20,MU,Deboer Scott J,,0001062993-20-005051,2020-10-16,M,19486.0,0.0,185987.0,D,,,,,,
723125,2020-10-20,MU,Bokan Michael W,,0001062993-20-005049,2020-10-16,F,3845.0,51.94,100002.0,D,,,,,,
723125,2020-10-21,MU,Bokan Michael W,,0001062993-20-005099,2020-10-19,F,2791.0,51.61,110203.0,D,,,,,,
723125,2020-10-21,MU,Poppen Joel L,,0001062993-20-005095,2020-10-19,F,4800.0,51.61,307331.0,D,,,,,,
723125,2020-10-21,MU,Deboer Scott J,,0001062993-20-005093,2020-10-19,F,5981.0,51.61,185344.0,D,,,,,,
723125,2020-10-21,MU,Bokan Michael W,,0001062993-20-005099,2020-10-19,M,6031.0,0.0,112994.0,D,,,,,,
723125,2020-10-21,MU,ARNZEN APRIL S,,0001062993-20-005097,2020-10-19,F,2991.0,51.61,105559.0,D,,,,,,
723125,2020-10-27,MU,Deboer Scott J,,0001062993-20-005200,2020-10-24,F,4176.0,52.85,181168.0,D,,,,,,
723125,2020-10-27,MU,Poppen Joel L,,0001062993-20-005202,2020-10-24,F,2673.0,52.85,304658.0,D,,,,,,
723125,2020-10-27,MU,Bokan Michael W,,0001062993-20-005205,2020-10-24,F,1316.0,52.85,111729.0,D,,,,,,
723125,2020-10-27,MU,ARNZEN APRIL S,,0001062993-20-005196,2020-10-24,F,1671.0,52.85,103888.0,D,,,,,,
723125,2020-10-27,MU,BHATIA MANISH H,,0001062993-20-005207,2020-10-24,F,6800.0,52.85,272672.0,D,,,,,,
723125,2020-10-27,MU,Sadana Sumit,,0001062993-20-005210,2020-10-24,F,7158.0,52.85,227115.0,D,,,,,,
723125,2020-10-27,MU,Bokan Michael W,,0001062993-20-005205,2020-10-24,M,2842.0,0.0,113045.0,D,,,,,,
723125,2020-10-27,MU,MEHROTRA SANJAY,,0001062993-20-005209,2020-10-24,F,17895.0,52.85,648828.0,D,,,,,,
723125,2020-11-10,MU,Poppen Joel L,,0001062993-20-005497,2020-11-09,M,30900.0,28.765,335558.0,D,,,,,,
723125,2020-11-10,MU,Poppen Joel L,,0001062993-20-005497,2020-11-09,S,30900.0,56.8012,304658.0,D,,,,,,
723125,2020-11-10,MU,Deboer Scott J,,0001062993-20-005499,2020-11-06,S,17640.0,55.0,181168.0,D,,,,,,
723125,2020-11-10,MU,Deboer Scott J,,0001062993-20-005499,2020-11-06,M,17640.0,17.41,198808.0,D,,,,,,
723125,2020-11-17,MU,Deboer Scott J,,0001062993-20-005774,2020-11-16,M,15000.0,17.41,186168.0,D,,,,,,
723125,2020-11-17,MU,Deboer Scott J,,0001062993-20-005774,2020-11-16,S,15000.0,60.0,171168.0,D,,,,,,
723125,2020-11-17,MU,ARNZEN APRIL S,,0001062993-20-005772,2020-11-16,M,8160.0,17.41,112048.0,D,,,,,,
723125,2020-11-17,MU,ARNZEN APRIL S,,0001062993-20-005772,2020-11-16,S,11668.0,61.1601,103888.0,D,,,,,,
723125,2020-11-30,MU,Deboer Scott J,,0001062993-20-005963,2020-11-30,S,12446.0,65.0,148722.0,D,,,,,,
723125,2020-12-03,MU,Deboer Scott J,,0001062993-20-006036,2020-12-03,S,10000.0,70.72,138722.0,D,,,,,,
723125,2020-12-07,MU,Deboer Scott J,,0001062993-20-006126,2020-12-04,M,17538.0,41.56,156260.0,D,,,,,,
723125,2020-12-07,MU,Deboer Scott J,,0001062993-20-006126,2020-12-04,S,17538.0,72.0,138722.0,D,,,,,,
723125,2020-12-22,MU,Zinsner David,,0001062993-20-006533,2020-12-18,S,3514.0,71.66,134751.0,D,,,,,,
723125,2020-12-22,MU,Zinsner David,,0001062993-20-006533,2020-10-22,G,33170.0,0.0,129214.0,D,,,,,,
723125,2020-12-22,MU,Zinsner David,,0001062993-20-006533,2020-12-18,M,9051.0,44.21,138265.0,D,,,,,,
723125,2021-01-13,MU,Poppen Joel L,,0001062993-21-000350,2021-01-11,M,4985.0,18.18,306903.0,D,,,,,,
723125,2021-01-13,MU,Poppen Joel L,,0001062993-21-000350,2021-01-11,S,200.0,77.08,306703.0,D,,,,,,
723125,2021-01-13,MU,ARNZEN APRIL S,,0001062993-21-000356,2021-01-13,S,15000.0,79.13,88888.0,D,,,,,,
723125,2021-01-13,MU,Poppen Joel L,,0001062993-21-000350,2020-12-17,G,2740.0,0.0,301918.0,D,,,,,,
723125,2021-01-14,MU,BHATIA MANISH H,,0001062993-21-000386,2021-01-13,S,50000.0,79.01,222672.0,D,,,,,,
723125,2021-01-19,MU,Zinsner David,,0001062993-21-000439,2021-01-15,M,8050.0,44.21,137264.0,D,,,,,,
723125,2021-01-19,MU,Zinsner David,,0001062993-21-000439,2021-01-15,S,3860.0,80.54,133404.0,D,,,,,,
723125,2021-02-16,MU,Poppen Joel L,isOfficer,0001562180-21-001168,2021-02-11,M,4984.0,18.18,303252.0,D,,,,,,
723125,2021-02-16,MU,Poppen Joel L,isOfficer,0001562180-21-001168,2021-02-11,S,860.0,84.93,302392.0,D,,,,,,
723125,2021-02-17,MU,Haynesworth Linnie M,isDirector,0001562180-21-001241,2021-02-15,A,1561.0,0.0,1561.0,D,,,,,,
723125,2021-02-18,MU,Poppen Joel L,isOfficer,0001562180-21-001286,2021-02-16,S,46554.0,87.79,252213.0,D,,,,,,
723125,2021-02-18,MU,Zinsner David,isOfficer,0001562180-21-001284,2021-02-16,M,4250.0,44.21,133464.0,D,,,,,,
723125,2021-02-18,MU,Zinsner David,isOfficer,0001562180-21-001284,2021-02-16,S,6350.0,87.75,130914.0,D,,,,,,
723125,2021-02-18,MU,Sadana Sumit,isOfficer,0001562180-21-001287,2020-12-18,G,101490.0,0.0,0.0,I,,,,,,
723125,2021-02-18,MU,Sadana Sumit,isOfficer,0001562180-21-001287,2020-12-08,G,11381.0,0.0,125625.0,D,,,,,,
723125,2021-02-18,MU,Sadana Sumit,isOfficer,0001562180-21-001287,2020-12-07,G,90109.0,0.0,137006.0,D,,,,,,
723125,2021-02-18,MU,Sadana Sumit,isOfficer,0001562180-21-001287,2021-02-16,S,35000.0,88.0,15745.0,I,,,,,,
723125,2021-02-22,MU,Zinsner David,isOfficer,0001562180-21-001406,2021-02-19,F,4368.0,88.54,124924.0,D,,,,,,
723125,2021-03-15,MU,Poppen Joel L,isOfficer,0001562180-21-002238,2021-03-11,S,863.0,87.63,256334.0,D,,,,,,
723125,2021-03-15,MU,Poppen Joel L,isOfficer,0001562180-21-002238,2021-03-11,M,4984.0,18.18,257197.0,D,,,,,,
723125,2021-03-17,MU,Zinsner David,isOfficer,0001562180-21-002293,2021-03-15,M,3800.0,44.21,128724.0,D,,,,,,
723125,2021-03-17,MU,Zinsner David,isOfficer,0001562180-21-002293,2021-03-15,S,3001.0,86.95,129973.0,D,,,,,,
723125,2021-03-29,MU,ARNZEN APRIL S,isOfficer,0001562180-21-002465,2021-03-25,S,8300.0,80.95,81087.0,D,,,,,,
723125,2021-04-06,MU,Deboer Scott J,isOfficer,0001562180-21-002696,2021-04-05,M,16320.0,17.41,155042.0,D,,,,,,
723125,2021-04-06,MU,Deboer Scott J,isOfficer,0001562180-21-002696,2021-04-05,S,25089.0,93.31,138722.0,D,,,,,,
723125,2021-04-13,MU,Poppen Joel L,isOfficer,0001562180-21-002798,2021-04-12,M,4984.0,18.18,257197.0,D,,,,,,
723125,2021-04-13,MU,Poppen Joel L,isOfficer,0001562180-21-002798,2021-04-12,S,4180.0,95.53,253017.0,D,,,,,,
723125,2021-04-16,MU,Zinsner David,isOfficer,0001562180-21-002850,2021-04-15,M,3800.0,44.21,128724.0,D,,,,,,
723125,2021-04-16,MU,Zinsner David,isOfficer,0001562180-21-002850,2021-04-15,S,7480.0,90.08,125494.0,D,,,,,,
723125,2021-05-11,MU,MEHROTRA SANJAY,"isDirector,isOfficer",0001562180-21-003420,2021-03-02,G,28500.0,0.0,621468.0,D,,,,,,
723125,2021-05-11,MU,MEHROTRA SANJAY,"isDirector,isOfficer",0001562180-21-003420,2021-05-08,F,28984.0,85.98,592484.0,D,,,,,,
723125,2021-05-11,MU,MEHROTRA SANJAY,"isDirector,isOfficer",0001562180-21-003420,2020-11-06,G,22312.0,0.0,711822.0,D,,,,,,
723125,2021-05-11,MU,MEHROTRA SANJAY,"isDirector,isOfficer",0001562180-21-003420,2020-12-17,G,61854.0,0.0,649968.0,D,,,,,,
723125,2021-05-12,MU,Poppen Joel L,isOfficer,0001562180-21-003440,2021-05-11,M,4984.0,18.18,257197.0,D,,,,,,
723125,2021-05-12,MU,Poppen Joel L,isOfficer,0001562180-21-003440,2021-05-11,S,100.0,76.96,257097.0,D,,,,,,
723125,2021-05-19,MU,Zinsner David,isOfficer,0001562180-21-003608,2021-05-17,M,4250.0,44.21,121525.0,D,,,,,,
723125,2021-05-19,MU,Zinsner David,isOfficer,0001562180-21-003608,2021-05-17,S,1200.0,78.38,124125.0,D,,,,,,
723125,2021-05-19,MU,Zinsner David,isOfficer,0001562180-21-003608,2021-04-28,G,7649.0,0.0,117275.0,D,,,,,,
723125,2021-05-20,MU,Sadana Sumit,isOfficer,0001562180-21-003680,2021-05-19,S,15745.0,79.35,0.0,I,,,,,,
723125,2021-06-14,MU,Poppen Joel L,isOfficer,0001562180-21-004252,2021-06-11,M,4984.0,18.18,257197.0,D,,,,,,
723125,2021-06-14,MU,Poppen Joel L,isOfficer,0001562180-21-004252,2021-06-11,S,4784.0,79.57,252413.0,D,,,,,,
723125,2021-06-16,MU,Zinsner David,isOfficer,0001562180-21-004324,2021-06-15,M,4250.0,44.21,121525.0,D,,,,,,
723125,2021-06-16,MU,Zinsner David,isOfficer,0001562180-21-004324,2021-06-15,S,300.0,80.5,125025.0,D,,,,,,
723125,2021-06-24,MU,Sadana Sumit,isOfficer,0001562180-21-004488,2021-06-23,F,2169.0,77.66,123456.0,D,,,,,,
723125,2021-06-29,MU,ARNZEN APRIL S,isOfficer,0001562180-21-004567,2021-06-25,S,8300.0,81.57,72787.0,D,,,,,,
723125,2021-07-07,MU,Sadana Sumit,isOfficer,0001562180-21-004837,2021-07-06,S,42092.0,80.42,181541.0,D,,,,,,
723125,2021-07-07,MU,Sadana Sumit,isOfficer,0001562180-21-004837,2021-07-06,M,42092.0,41.56,165548.0,D,,,,,,
723125,2021-07-13,MU,Poppen Joel L,isOfficer,0001562180-21-004912,2021-07-12,M,4984.0,18.18,257197.0,D,,,,,,
723125,2021-07-13,MU,Poppen Joel L,isOfficer,0001562180-21-004912,2021-07-12,S,4984.0,78.76,252213.0,D,,,,,,
723125,2021-07-16,MU,Zinsner David,isOfficer,0001562180-21-004968,2021-07-15,S,5547.0,76.9,119778.0,D,,,,,,
723125,2021-07-16,MU,Zinsner David,isOfficer,0001562180-21-004968,2021-07-15,M,4250.0,44.21,121525.0,D,,,,,,
723125,2021-08-12,MU,Poppen Joel L,isOfficer,0001562180-21-005304,2021-08-11,M,4984.0,18.18,257197.0,D,,,,,,
723125,2021-08-12,MU,Poppen Joel L,isOfficer,0001562180-21-005304,2021-08-11,S,4984.0,76.0,252213.0,D,,,,,,
723125,2021-08-18,MU,Zinsner David,isOfficer,0001562180-21-005428,2021-08-16,M,3800.0,44.21,121125.0,D,,,,,,
723125,2021-08-18,MU,Zinsner David,isOfficer,0001562180-21-005428,2021-08-16,S,7350.0,70.51,118025.0,D,,,,,,
723125,2021-09-15,MU,Poppen Joel L,isOfficer,0001562180-21-005952,2021-09-13,M,4984.0,18.18,257197.0,D,,,,,,
723125,2021-09-15,MU,Poppen Joel L,isOfficer,0001562180-21-005952,2021-09-13,S,4984.0,74.39,252213.0,D,,,,,,
723125,2021-09-16,MU,Zinsner David,isOfficer,0001562180-21-005963,2021-09-15,M,4250.0,44.21,121575.0,D,,,,,,
723125,2021-09-16,MU,Zinsner David,isOfficer,0001562180-21-005963,2021-09-15,S,1710.0,72.76,123665.0,D,,,,,,
723125,2021-09-27,MU,ARNZEN APRIL S,isOfficer,0001562180-21-006114,2021-09-24,S,8300.0,73.32,64487.0,D,,,,,,
723125,2021-10-12,MU,Poppen Joel L,isOfficer,0001562180-21-006416,2021-10-11,S,4484.0,69.81,252713.0,D,,,,,,
723125,2021-10-12,MU,Poppen Joel L,isOfficer,0001562180-21-006416,2021-10-11,M,4984.0,18.18,257197.0,D,,,,,,
723125,2021-10-14,MU,McCarthy Mary Pat,isDirector,0001562180-21-006462,2021-10-13,A,3747.0,0.0,19100.0,D,,,,,,
723125,2021-10-14,MU,Dugle Lynn A,isDirector,0001562180-21-006459,2021-10-13,A,3747.0,0.0,9327.0,D,,,,,,
723125,2021-10-14,MU,GOMO STEVEN J,isDirector,0001562180-21-006460,2021-10-13,A,3747.0,0.0,19100.0,D,,,,,,
723125,2021-10-14,MU,BEYER RICHARD M,isDirector,0001562180-21-006458,2021-10-13,A,3747.0,0.0,94921.0,D,,,,,,
723125,2021-10-14,MU,Haynesworth Linnie M,isDirector,0001562180-21-006461,2021-10-13,A,3747.0,0.0,5308.0,D,,,,,,
723125,2021-10-14,MU,Wright Mary Ann,isDirector,0001562180-21-006464,2021-10-13,A,3747.0,0.0,15009.0,D,,,,,,
723125,2021-10-14,MU,SWITZ ROBERT E,isDirector,0001562180-21-006463,2021-10-13,A,3747.0,0.0,65103.0,D,,,,,,
723125,2021-10-15,MU,BHATIA MANISH H,isOfficer,0001562180-21-006483,2021-10-13,F,444.0,66.72,222727.0,D,,,,,,
723125,2021-10-15,MU,MEHROTRA SANJAY,"isDirector,isOfficer",0001562180-21-006479,2021-10-13,M,135114.0,0.0,727598.0,D,,,,,,
723125,2021-10-15,MU,Zinsner David,isOfficer,0001562180-21-006482,2021-10-13,A,52458.0,0.0,186206.0,D,,,,,,
723125,2021-10-15,MU,ARNZEN APRIL S,isOfficer,0001562180-21-006477,2021-10-13,F,189.0,66.72,110943.0,D,,,,,,
723125,2021-10-15,MU,MEHROTRA SANJAY,"isDirector,isOfficer",0001562180-21-006479,2021-10-13,F,1690.0,66.72,905595.0,D,,,,,,
723125,2021-10-15,MU,BHATIA MANISH H,isOfficer,0001562180-21-006483,2021-10-13,A,59952.0,0.0,269188.0,D,,,,,,
723125,2021-10-15,MU,Poppen Joel L,isOfficer,0001562180-21-006478,2021-10-13,F,7134.0,66.72,245079.0,D,,,,,,
723125,2021-10-15,MU,Deboer Scott J,isOfficer,0001562180-21-006480,2021-10-13,M,896.0,0.0,139618.0,D,,,,,,
723125,2021-10-15,MU,Deboer Scott J,isOfficer,0001562180-21-006480,2021-10-13,A,46838.0,0.0,186456.0,D,,,,,,
723125,2021-10-15,MU,MEHROTRA SANJAY,"isDirector,isOfficer",0001562180-21-006479,2021-10-13,A,176109.0,0.0,903707.0,D,,,,,,
723125,2021-10-15,MU,Deboer Scott J,isOfficer,0001562180-21-006480,2021-10-13,F,14862.0,66.72,205427.0,D,,,,,,
723125,2021-10-15,MU,Zinsner David,isOfficer,0001562180-21-006482,2021-10-13,F,15852.0,66.72,97124.0,D,,,,,,
723125,2021-10-15,MU,ALLEN SCOTT R.,isOfficer,0001562180-21-006484,2021-10-13,A,14988.0,0.0,15307.0,D,,,,,,
723125,2021-10-15,MU,Sadana Sumit,isOfficer,0001562180-21-006481,2021-10-13,F,620.0,66.72,231355.0,D,,,,,,
723125,2021-10-15,MU,Sadana Sumit,isOfficer,0001562180-21-006481,2021-10-13,A,61826.0,0.0,182490.0,D,,,,,,
723125,2021-10-15,MU,ARNZEN APRIL S,isOfficer,0001562180-21-006477,2021-10-13,A,29976.0,0.0,111132.0,D,,,,,,
723125,2021-10-15,MU,Zinsner David,isOfficer,0001562180-21-006482,2021-10-13,M,36088.0,0.0,132792.0,D,,,,,,
723125,2021-10-15,MU,Bokan Michael W,isOfficer,0001562180-21-006485,2021-10-13,F,211.0,66.72,74768.0,D,,,,,,
723125,2021-10-15,MU,Zinsner David,isOfficer,0001562180-21-006482,2021-10-07,G,4349.0,0.0,112976.0,D,,,,,,
723125,2021-10-15,MU,BHATIA MANISH H,isOfficer,0001562180-21-006483,2021-10-13,M,1200.0,0.0,209236.0,D,,,,,,
723125,2021-10-15,MU,ARNZEN APRIL S,isOfficer,0001562180-21-006477,2021-10-13,M,16240.0,0.0,80727.0,D,,,,,,
723125,2021-10-15,MU,Bokan Michael W,isOfficer,0001562180-21-006485,2021-10-13,M,18124.0,0.0,87175.0,D,,,,,,
723125,2021-10-15,MU,Sadana Sumit,isOfficer,0001562180-21-006481,2021-10-13,M,1311.0,0.0,120664.0,D,,,,,,
723125,2021-10-15,MU,Poppen Joel L,isOfficer,0001562180-21-006478,2021-10-13,M,16240.0,0.0,261130.0,D,,,,,,
723125,2021-10-15,MU,Bokan Michael W,isOfficer,0001562180-21-006485,2021-10-13,A,33723.0,0.0,121377.0,D,,,,,,
723125,2021-10-19,MU,ARNZEN APRIL S,isOfficer,0001562180-21-006566,2021-10-16,M,7173.0,0.0,113230.0,D,,,,,,
723125,2021-10-19,MU,Bokan Michael W,isOfficer,0001562180-21-006570,2021-10-16,F,2368.0,67.68,131119.0,D,,,,,,
723125,2021-10-19,MU,Deboer Scott J,isOfficer,0001562180-21-006565,2021-10-16,M,16554.0,0.0,221587.0,D,,,,,,
723125,2021-10-19,MU,BHATIA MANISH H,isOfficer,0001562180-21-006568,2021-10-16,F,2225.0,67.68,347689.0,D,,,,,,
723125,2021-10-19,MU,Poppen Joel L,isOfficer,0001562180-21-006567,2021-10-16,F,4455.0,67.68,271077.0,D,,,,,,
723125,2021-10-19,MU,ALLEN SCOTT R.,isOfficer,0001562180-21-006571,2021-10-16,M,6612.0,0.0,21919.0,D,,,,,,
723125,2021-10-19,MU,MEHROTRA SANJAY,"isDirector,isOfficer",0001562180-21-006569,2021-10-16,F,23421.0,67.68,930147.0,D,,,,,,
723125,2021-10-19,MU,Bokan Michael W,isOfficer,0001562180-21-006570,2021-10-16,M,2057.0,0.0,123434.0,D,,,,,,
723125,2021-10-19,MU,ARNZEN APRIL S,isOfficer,0001562180-21-006566,2021-10-16,F,2989.0,67.68,115178.0,D,,,,,,
723125,2021-10-19,MU,ALLEN SCOTT R.,isOfficer,0001562180-21-006571,2021-10-16,F,2068.0,67.68,19851.0,D,,,,,,
723125,2021-10-19,MU,Sadana Sumit,isOfficer,0001562180-21-006563,2021-10-16,F,10341.0,67.68,238630.0,D,,,,,,
723125,2021-10-19,MU,Sadana Sumit,isOfficer,0001562180-21-006563,2021-10-16,M,6962.0,0.0,214945.0,D,,,,,,
723125,2021-10-19,MU,MEHROTRA SANJAY,"isDirector,isOfficer",0001562180-21-006569,2021-10-16,M,66213.0,0.0,907993.0,D,,,,,,
723125,2021-10-19,MU,Zinsner David,isOfficer,0001562180-21-006564,2021-10-16,F,6641.0,67.68,207513.0,D,,,,,,
723125,2021-10-19,MU,BHATIA MANISH H,isOfficer,0001562180-21-006568,2021-10-16,M,6013.0,0.0,320528.0,D,,,,,,
723125,2021-10-19,MU,Deboer Scott J,isOfficer,0001562180-21-006565,2021-10-16,F,7272.0,67.68,225709.0,D,,,,,,
723125,2021-10-19,MU,Poppen Joel L,isOfficer,0001562180-21-006567,2021-10-16,M,2373.0,0.0,263932.0,D,,,,,,
723125,2021-10-19,MU,Zinsner David,isOfficer,0001562180-21-006564,2021-10-16,M,16554.0,0.0,202760.0,D,,,,,,
723125,2021-10-26,MU,Bokan Michael W,isOfficer,0001562180-21-006648,2021-10-24,F,1316.0,67.51,118807.0,D,,,,,,
723125,2021-10-26,MU,Bokan Michael W,isOfficer,0001562180-21-006648,2021-10-24,M,2843.0,0.0,120123.0,D,,,,,,
723125,2021-12-21,MU,ARNZEN APRIL S,isOfficer,0001562180-21-007820,2021-11-08,G,284.0,0.0,102750.0,D,,,,,,
723125,2021-12-21,MU,ARNZEN APRIL S,isOfficer,0001562180-21-007820,2021-12-20,S,8300.0,82.09,94450.0,D,,,,,,
723125,2021-12-23,MU,Deboer Scott J,isOfficer,0001562180-21-007874,2021-12-22,S,15000.0,90.0,186587.0,D,,,,,,
723125,2022-01-06,MU,Beard Robert P,isOfficer,0001562180-22-000322,2022-01-04,A,9036.0,0.0,10688.0,D,,,,,,
723125,2022-01-13,MU,Bokan Michael W,isOfficer,0001562180-22-000464,2022-01-11,S,20000.0,93.83,17201.0,I,,,,,,
723125,2022-01-14,MU,BHATIA MANISH H,isOfficer,0001562180-22-000491,2022-01-14,S,97107.0,96.02,213099.0,D,,,,,,
723125,2022-01-19,MU,MEHROTRA SANJAY,"isDirector,isOfficer",0001562180-22-000529,2021-11-05,G,170000.0,0.0,651236.0,D,,,,,,
723125,2022-01-19,MU,MEHROTRA SANJAY,"isDirector,isOfficer",0001562180-22-000529,2021-12-22,G,25065.0,0.0,676301.0,D,,,,,,
723125,2022-01-19,MU,MEHROTRA SANJAY,"isDirector,isOfficer",0001562180-22-000529,2022-01-14,M,100000.0,28.2,776301.0,D,,,,,,
723125,2022-01-19,MU,MEHROTRA SANJAY,"isDirector,isOfficer",0001562180-22-000529,2022-01-14,S,100000.0,97.16,676301.0,D,,,,,,
723125,2022-02-17,MU,Beard Robert P,isOfficer,0001562180-22-001596,2022-02-16,S,266.0,96.17,10688.0,D,,,,,,
723125,2022-03-15,MU,Beard Robert P,isOfficer,0001562180-22-002660,2022-03-15,F,213.0,69.4,11057.0,D,,,,,,
723125,2022-03-15,MU,Beard Robert P,isOfficer,0001562180-22-002660,2022-03-15,M,582.0,0.0,11270.0,D,,,,,,
723125,2022-03-28,MU,ARNZEN APRIL S,isOfficer,0001562180-22-002954,2022-03-24,S,5600.0,76.0,89172.0,D,,,,,,
723125,2022-04-20,MU,Murphy Mark J.,isOfficer,0001562180-22-003500,2022-04-18,A,71296.0,0.0,71296.0,D,,,,,,
723125,2022-07-26,MU,Beard Robert P,isOfficer,0001562180-22-005751,2022-07-26,M,81.0,0.0,11138.0,D,,,,,,
723125,2022-07-26,MU,Beard Robert P,isOfficer,0001562180-22-005751,2022-07-26,F,25.0,60.15,11113.0,D,,,,,,
723125,2022-08-18,MU,Bokan Michael W,isOfficer,0001562180-22-006202,2022-08-16,M,16600.0,29.69,135726.0,D,,,,,,
723125,2022-08-18,MU,Bokan Michael W,isOfficer,0001562180-22-006202,2022-08-16,S,16600.0,63.8223,119126.0,D,,,,,,
723125,2022-10-04,MU,Beard Robert P,isOfficer,0001562180-22-007010,2022-10-01,M,101.0,0.0,11268.0,D,,,,,,
723125,2022-10-04,MU,Beard Robert P,isOfficer,0001562180-22-007010,2022-10-01,F,31.0,50.1,11237.0,D,,,,,,
723125,2022-10-17,MU,ALLEN SCOTT R.,isOfficer,0001562180-22-007213,2022-10-16,M,6613.0,0.0,46501.0,D,,,,,,
723125,2022-10-17,MU,Sadana Sumit,isOfficer,0001562180-22-007206,2022-10-13,M,49485.0,0.0,297953.0,D,,,,,,
723125,2022-10-17,MU,ALLEN SCOTT R.,isOfficer,0001562180-22-007213,2022-10-13,A,20853.0,0.0,41026.0,D,,,,,,
723125,2022-10-17,MU,Beard Robert P,isOfficer,0001562180-22-007212,2022-10-16,F,336.0,52.72,43661.0,D,,,,,,
723125,2022-10-17,MU,Beard Robert P,isOfficer,0001562180-22-007212,2022-10-13,F,370.0,52.75,42890.0,D,,,,,,
723125,2022-10-17,MU,Beard Robert P,isOfficer,0001562180-22-007212,2022-10-13,M,1217.0,0.0,43260.0,D,,,,,,
723125,2022-10-17,MU,ARNZEN APRIL S,isOfficer,0001562180-22-007210,2022-10-13,F,5640.0,52.75,142426.0,D,,,,,,
723125,2022-10-17,MU,Bokan Michael W,isOfficer,0001562180-22-007211,2022-10-13,A,45024.0,0.0,164150.0,D,,,,,,
723125,2022-10-17,MU,ALLEN SCOTT R.,isOfficer,0001562180-22-007213,2022-10-13,F,1138.0,52.75,39888.0,D,,,,,,
723125,2022-10-17,MU,ARNZEN APRIL S,isOfficer,0001562180-22-007210,2022-10-13,A,42654.0,0.0,131826.0,D,,,,,,
723125,2022-10-17,MU,BEYER RICHARD M,isDirector,0001562180-22-007201,2022-10-13,A,4739.0,0.0,99660.0,D,,,,,,
723125,2022-10-17,MU,Sadana Sumit,isOfficer,0001562180-22-007206,2022-10-16,F,9783.0,52.72,278996.0,D,,,,,,
723125,2022-10-17,MU,Wright Mary Ann,isDirector,0001562180-22-007199,2022-10-13,A,4739.0,0.0,19748.0,D,,,,,,
723125,2022-10-17,MU,Dugle Lynn A,isDirector,0001562180-22-007198,2022-10-13,A,4739.0,0.0,14066.0,D,,,,,,
723125,2022-10-17,MU,McCarthy Mary Pat,isDirector,0001562180-22-007197,2022-10-13,A,4739.0,0.0,23839.0,D,,,,,,
723125,2022-10-17,MU,Haynesworth Linnie M,isDirector,0001562180-22-007196,2022-10-13,A,4739.0,0.0,10047.0,D,,,,,,
723125,2022-10-17,MU,BHATIA MANISH H,isOfficer,0001562180-22-007205,2022-10-13,M,45328.0,0.0,336948.0,D,,,,,,
723125,2022-10-17,MU,Bokan Michael W,isOfficer,0001562180-22-007211,2022-10-13,F,7794.0,52.75,174480.0,D,,,,,,
723125,2022-10-17,MU,Deboer Scott J,isOfficer,0001562180-22-007209,2022-10-13,A,61611.0,0.0,248683.0,D,,,,,,
723125,2022-10-17,MU,ARNZEN APRIL S,isOfficer,0001562180-22-007210,2022-10-16,F,2929.0,52.72,147196.0,D,,,,,,
723125,2022-10-17,MU,Deboer Scott J,isOfficer,0001562180-22-007209,2022-10-16,F,6101.0,52.72,275616.0,D,,,,,,
723125,2022-10-17,MU,Bokan Michael W,isOfficer,0001562180-22-007211,2022-10-16,F,3254.0,52.72,179865.0,D,,,,,,
723125,2022-10-17,MU,BHATIA MANISH H,isOfficer,0001562180-22-007205,2022-10-13,F,21409.0,52.75,315539.0,D,,,,,,
723125,2022-10-17,MU,Sadana Sumit,isOfficer,0001562180-22-007206,2022-10-13,A,80569.0,0.0,248468.0,D,,,,,,
723125,2022-10-17,MU,BHATIA MANISH H,isOfficer,0001562180-22-007205,2022-10-16,F,8894.0,52.72,319488.0,D,,,,,,
723125,2022-10-17,MU,GOMO STEVEN J,isDirector,0001562180-22-007200,2022-10-13,A,4739.0,0.0,23839.0,D,,,,,,
723125,2022-10-17,MU,SWITZ ROBERT E,isDirector,0001562180-22-007202,2022-10-13,A,4739.0,0.0,69842.0,D,,,,,,
723125,2022-10-17,MU,Sadana Sumit,isOfficer,0001562180-22-007206,2022-10-13,F,23372.0,52.75,274581.0,D,,,,,,
723125,2022-10-17,MU,ALLEN SCOTT R.,isOfficer,0001562180-22-007213,2022-10-16,F,2008.0,52.72,44493.0,D,,,,,,
723125,2022-10-17,MU,BHATIA MANISH H,isOfficer,0001562180-22-007205,2022-10-13,A,78199.0,0.0,291620.0,D,,,,,,
723125,2022-10-17,MU,Murphy Mark J.,isOfficer,0001562180-22-007214,2022-10-13,A,73460.0,0.0,163521.0,D,,,,,,
723125,2022-10-17,MU,Deboer Scott J,isOfficer,0001562180-22-007209,2022-10-13,M,33834.0,0.0,282517.0,D,,,,,,
723125,2022-10-17,MU,Beard Robert P,isOfficer,0001562180-22-007212,2022-10-13,A,30806.0,0.0,42043.0,D,,,,,,
723125,2022-10-17,MU,MEHROTRA SANJAY,"isDirector,isOfficer",0001562180-22-007207,2022-10-13,A,225118.0,0.0,854647.0,D,,,,,,
723125,2022-10-17,MU,MEHROTRA SANJAY,"isDirector,isOfficer",0001562180-22-007207,2022-10-13,M,135115.0,0.0,989762.0,D,,,,,,
723125,2022-10-17,MU,MEHROTRA SANJAY,"isDirector,isOfficer",0001562180-22-007207,2022-10-13,F,63815.0,52.75,925947.0,D,,,,,,
723125,2022-10-17,MU,MEHROTRA SANJAY,"isDirector,isOfficer",0001562180-22-007207,2022-10-16,F,26679.0,52.72,931491.0,D,,,,,,
723125,2022-10-17,MU,Deboer Scott J,isOfficer,0001562180-22-007209,2022-10-13,F,14049.0,52.75,268468.0,D,,,,,,
723125,2022-10-17,MU,Bokan Michael W,isOfficer,0001562180-22-007211,2022-10-13,M,18124.0,0.0,182274.0,D,,,,,,
723125,2022-10-17,MU,ARNZEN APRIL S,isOfficer,0001562180-22-007210,2022-10-13,M,16240.0,0.0,148066.0,D,,,,,,
723125,2022-10-17,MU,Beard Robert P,isOfficer,0001562180-22-007212,2022-10-16,M,1107.0,0.0,43997.0,D,,,,,,
723125,2022-11-03,MU,Beard Robert P,isOfficer,0001562180-22-007480,2022-11-01,M,431.0,0.0,44092.0,D,,,,,,
723125,2022-11-03,MU,Beard Robert P,isOfficer,0001562180-22-007480,2022-11-01,F,131.0,54.1,43961.0,D,,,,,,
723125,2022-11-22,MU,Beard Robert P,isOfficer,0001562180-22-007810,2022-11-18,M,3313.0,0.0,47914.0,D,,,,,,
723125,2022-11-22,MU,Beard Robert P,isOfficer,0001562180-22-007810,2022-11-18,F,1006.0,58.74,46908.0,D,,,,,,
723125,2023-01-05,MU,Beard Robert P,isOfficer,0001562180-23-000243,2023-01-04,F,1068.0,50.37,45840.0,D,,,,,,
723125,2023-01-23,MU,ALLEN SCOTT R.,isOfficer,0001562180-23-000549,2023-01-19,M,1077.0,0.0,45570.0,D,,,,,,
723125,2023-01-23,MU,ALLEN SCOTT R.,isOfficer,0001562180-23-000549,2023-01-19,F,382.0,56.51,45188.0,D,,,,,,
723125,2023-01-25,MU,Beard Robert P,isOfficer,0001562180-23-000578,2023-01-23,S,3000.0,61.25,42840.0,D,,,,,,
723125,2023-01-27,MU,Deboer Scott J,isOfficer,0001562180-23-000653,2023-01-26,S,20000.0,62.23,248340.0,D,,,,,,
723125,2023-01-31,MU,BHATIA MANISH H,isOfficer,0001562180-23-000767,2023-01-27,S,50000.0,63.29,260347.0,D,,,,,,
723125,2023-02-01,MU,ARNZEN APRIL S,isOfficer,0001562180-23-000775,2022-12-02,G,350.0,0.0,142480.0,D,,,,,,
723125,2023-02-01,MU,ARNZEN APRIL S,isOfficer,0001562180-23-000775,2023-01-30,S,24000.0,61.91,118885.0,D,,,,,,
723125,2023-03-14,MU,Deboer Scott J,isOfficer,0001562180-23-002776,2023-03-13,S,20000.0,53.4,228340.0,D,,,,,,
723125,2023-03-16,MU,Beard Robert P,isOfficer,0001562180-23-002875,2023-03-15,M,581.0,0.0,43825.0,D,,,,,,
723125,2023-03-16,MU,Beard Robert P,isOfficer,0001562180-23-002875,2023-03-15,F,176.0,54.27,43649.0,D,,,,,,
723125,2023-03-24,MU,Deboer Scott J,isOfficer,0001562180-23-003111,2023-03-22,S,20000.0,60.0,208340.0,D,,,,,,
723125,2023-04-12,MU,MEHROTRA SANJAY,"isDirector,isOfficer",0001562180-23-003527,2023-04-10,G,15272.0,0.0,555797.0,D,,,,,,
723125,2023-04-12,MU,Bokan Michael W,isOfficer,0001562180-23-003526,2023-04-10,M,5590.0,18.18,180676.0,D,,,,,,
723125,2023-04-12,MU,MEHROTRA SANJAY,"isDirector,isOfficer",0001562180-23-003527,2022-12-28,G,138467.0,0.0,1040525.0,D,,,,,,
723125,2023-04-12,MU,MEHROTRA SANJAY,"isDirector,isOfficer",0001562180-23-003527,2023-01-18,G,500000.0,0.0,540525.0,D,,,,,,
723125,2023-04-12,MU,Bokan Michael W,isOfficer,0001562180-23-003526,2023-04-10,S,5590.0,63.14,175086.0,D,,,,,,
723125,2023-04-18,MU,Murphy Mark J.,isOfficer,0001562180-23-003620,2023-04-18,F,2825.0,62.54,160696.0,D,,,,,,
723125,2023-04-18,MU,Beard Robert P,isOfficer,0001562180-23-003611,2023-04-15,A,4790.0,0.0,48439.0,D,,,,,,
723125,2023-04-21,MU,ALLEN SCOTT R.,isOfficer,0001562180-23-003646,2023-04-19,M,269.0,0.0,45861.0,D,,,,,,
723125,2023-04-21,MU,ALLEN SCOTT R.,isOfficer,0001562180-23-003646,2023-04-19,F,80.0,61.93,45781.0,D,,,,,,
723125,2023-05-02,MU,Sadana Sumit,isOfficer,0001562180-23-003838,2023-05-01,S,17000.0,62.44,251654.0,D,,,,,,
723125,2023-05-10,MU,BEYER RICHARD M,isDirector,0001562180-23-004051,2023-05-09,S,4000.0,59.88,95660.0,D,,,,,,
723125,2023-05-30,MU,Deboer Scott J,isOfficer,0001562180-23-004583,2023-05-26,S,20000.0,70.0,188340.0,D,,,,,,
723125,2023-07-12,MU,ALLEN SCOTT R.,isOfficer,0001562180-23-005874,2023-07-10,S,13687.0,60.8,32094.0,D,,,,,,
723125,2023-07-18,MU,ALLEN SCOTT R.,isOfficer,0001562180-23-005962,2023-07-15,A,7803.0,0.0,39897.0,D,,,,,,
723125,2023-07-19,MU,ALLEN SCOTT R.,isOfficer,0001562180-23-005978,2023-07-19,F,81.0,64.94,40085.0,D,,,,,,
723125,2023-07-19,MU,ALLEN SCOTT R.,isOfficer,0001562180-23-005978,2023-07-19,M,269.0,0.0,40166.0,D,,,,,,
723125,2023-07-28,MU,Bokan Michael W,isOfficer,0001562180-23-006046,2023-07-27,M,9091.0,17.41,184177.0,D,,,,,,
723125,2023-07-28,MU,Bokan Michael W,isOfficer,0001562180-23-006046,2023-07-27,S,9091.0,70.87,175086.0,D,,,,,,
723125,2023-08-02,MU,Deboer Scott J,isOfficer,0001562180-23-006127,2023-08-01,S,20000.0,70.67,168340.0,D,,,,,,
723125,2023-08-02,MU,MEHROTRA SANJAY,"isDirector,isOfficer",0001562180-23-006125,2023-08-01,G,27065.0,0.0,582862.0,D,,,,,,
723125,2023-08-04,MU,Sadana Sumit,isOfficer,0001562180-23-006202,2023-08-04,S,42667.0,70.05,208987.0,D,,,,,,
723125,2023-08-16,MU,MEHROTRA SANJAY,"isDirector,isOfficer",0001562180-23-006387,2023-08-14,M,30000.0,41.56,612862.0,D,,,,,,
723125,2023-08-16,MU,MEHROTRA SANJAY,"isDirector,isOfficer",0001562180-23-006387,2023-08-14,S,1079.0,64.78,611783.0,D,,,,,,
723125,2023-08-16,MU,MEHROTRA SANJAY,"isDirector,isOfficer",0001562180-23-006387,2023-08-15,M,7000.0,41.56,589862.0,D,,,,,,
723125,2023-08-16,MU,MEHROTRA SANJAY,"isDirector,isOfficer",0001562180-23-006387,2023-08-15,S,6643.0,66.17,583219.0,D,,,,,,
723125,2023-08-17,MU,Bokan Michael W,isOfficer,0001562180-23-006423,2023-08-16,S,17000.0,64.58,133177.0,D,,,,,,
723125,2023-08-24,MU,MEHROTRA SANJAY,"isDirector,isOfficer",0001562180-23-006565,2023-08-22,S,5374.0,63.75,584488.0,D,,,,,,
723125,2023-08-24,MU,MEHROTRA SANJAY,"isDirector,isOfficer",0001562180-23-006565,2023-08-22,M,7000.0,41.56,589862.0,D,,,,,,
723125,2023-08-31,MU,MEHROTRA SANJAY,"isDirector,isOfficer",0001562180-23-006649,2023-08-31,M,30000.0,41.56,612862.0,D,,,,,,
723125,2023-08-31,MU,MEHROTRA SANJAY,"isDirector,isOfficer",0001562180-23-006649,2023-08-31,S,30000.0,70.0,582862.0,D,,,,,,
723125,2023-08-31,MU,MEHROTRA SANJAY,"isDirector,isOfficer",0001562180-23-006649,2023-08-29,S,2175.0,65.52,587687.0,D,,,,,,
723125,2023-08-31,MU,MEHROTRA SANJAY,"isDirector,isOfficer",0001562180-23-006649,2023-08-29,M,7000.0,41.56,589862.0,D,,,,,,
723125,2023-09-08,MU,MEHROTRA SANJAY,"isDirector,isOfficer",0001562180-23-006793,2023-09-06,M,7000.0,41.56,589862.0,D,,,,,,
723125,2023-09-08,MU,MEHROTRA SANJAY,"isDirector,isOfficer",0001562180-23-006793,2023-09-06,S,7000.0,70.11,582862.0,D,,,,,,
723125,2023-09-14,MU,MEHROTRA SANJAY,"isDirector,isOfficer",0001562180-23-006866,2023-09-12,S,388.0,70.88,589474.0,D,,,,,,
723125,2023-09-14,MU,MEHROTRA SANJAY,"isDirector,isOfficer",0001562180-23-006866,2023-09-12,M,7000.0,41.56,589862.0,D,,,,,,
723125,2023-09-21,MU,MEHROTRA SANJAY,"isDirector,isOfficer",0001562180-23-006982,2023-09-19,M,7000.0,41.56,589862.0,D,,,,,,
723125,2023-09-21,MU,MEHROTRA SANJAY,"isDirector,isOfficer",0001562180-23-006982,2023-09-19,S,7000.0,70.39,582862.0,D,,,,,,
723125,2023-09-28,MU,MEHROTRA SANJAY,"isDirector,isOfficer",0001562180-23-007056,2023-09-26,S,6673.0,68.27,583189.0,D,,,,,,
723125,2023-09-28,MU,MEHROTRA SANJAY,"isDirector,isOfficer",0001562180-23-007056,2023-09-26,M,7000.0,41.56,589862.0,D,,,,,,
723125,2023-10-05,MU,MEHROTRA SANJAY,"isDirector,isOfficer",0001562180-23-007226,2023-10-03,S,4059.0,67.95,585803.0,D,,,,,,
723125,2023-10-05,MU,MEHROTRA SANJAY,"isDirector,isOfficer",0001562180-23-007226,2023-10-03,M,7000.0,41.56,589862.0,D,,,,,,
723125,2023-10-12,MU,MEHROTRA SANJAY,"isDirector,isOfficer",0001562180-23-007280,2023-10-10,M,7000.0,41.56,589862.0,D,,,,,,
723125,2023-10-12,MU,MEHROTRA SANJAY,"isDirector,isOfficer",0001562180-23-007280,2023-10-10,S,5992.0,69.46,583870.0,D,,,,,,
723125,2023-10-17,MU,ARNZEN APRIL S,isOfficer,0001562180-23-007347,2023-10-13,A,35842.0,0.0,154727.0,D,,,,,,
723125,2023-10-17,MU,ALLEN SCOTT R.,isOfficer,0001562180-23-007348,2023-10-13,A,18638.0,0.0,58723.0,D,,,,,,
723125,2023-10-17,MU,BHATIA MANISH H,isOfficer,0001562180-23-007350,2023-10-13,F,13640.0,69.75,340102.0,D,,,,,,
723125,2023-10-17,MU,ALLEN SCOTT R.,isOfficer,0001562180-23-007348,2023-10-15,F,2352.0,69.21,54681.0,D,,,,,,
723125,2023-10-17,MU,BHATIA MANISH H,isOfficer,0001562180-23-007350,2023-10-16,F,9546.0,69.21,323921.0,D,,,,,,
723125,2023-10-17,MU,Bokan Michael W,isOfficer,0001562180-23-007349,2023-10-13,A,35842.0,0.0,169019.0,D,,,,,,
723125,2023-10-17,MU,ARNZEN APRIL S,isOfficer,0001562180-23-007347,2023-10-13,F,6181.0,69.75,162986.0,D,,,,,,
723125,2023-10-17,MU,Bokan Michael W,isOfficer,0001562180-23-007349,2023-10-13,F,7211.0,69.75,178654.0,D,,,,,,
723125,2023-10-17,MU,ALLEN SCOTT R.,isOfficer,0001562180-23-007348,2023-10-16,F,2983.0,69.21,58310.0,D,,,,,,
723125,2023-10-17,MU,ALLEN SCOTT R.,isOfficer,0001562180-23-007348,2023-10-16,M,6612.0,0.0,61293.0,D,,,,,,
723125,2023-10-17,MU,ARNZEN APRIL S,isOfficer,0001562180-23-007347,2023-10-13,M,14440.0,0.0,169167.0,D,,,,,,
723125,2023-10-17,MU,ALLEN SCOTT R.,isOfficer,0001562180-23-007348,2023-10-13,F,1690.0,69.75,57033.0,D,,,,,,
723125,2023-10-17,MU,Bokan Michael W,isOfficer,0001562180-23-007349,2023-10-13,M,16846.0,0.0,185865.0,D,,,,,,
723125,2023-10-17,MU,GOMO STEVEN J,isDirector,0001562180-23-007342,2023-10-13,A,3585.0,0.0,27424.0,D,,,,,,
723125,2023-10-17,MU,ARNZEN APRIL S,isOfficer,0001562180-23-007347,2023-10-16,F,4347.0,69.21,155352.0,D,,,,,,
723125,2023-10-17,MU,ARNZEN APRIL S,isOfficer,0001562180-23-007347,2023-10-15,F,6420.0,69.21,159699.0,D,,,,,,
723125,2023-10-17,MU,Bokan Michael W,isOfficer,0001562180-23-007349,2023-10-16,F,5071.0,69.21,170469.0,D,,,,,,
723125,2023-10-17,MU,SWITZ ROBERT E,isDirector,0001562180-23-007346,2023-10-13,A,3585.0,0.0,73427.0,D,,,,,,
723125,2023-10-17,MU,ARNZEN APRIL S,isOfficer,0001562180-23-007347,2023-10-16,M,3508.0,41.56,158860.0,D,,,,,,
723125,2023-10-17,MU,Bokan Michael W,isOfficer,0001562180-23-007349,2023-10-15,F,6777.0,69.21,175540.0,D,,,,,,
723125,2023-10-17,MU,McCarthy Mary Pat,isDirector,0001562180-23-007344,2023-10-13,A,3585.0,0.0,27424.0,D,,,,,,
723125,2023-10-17,MU,Deboer Scott J,isOfficer,0001562180-23-007351,2023-10-13,A,51971.0,0.0,220311.0,D,,,,,,
723125,2023-10-17,MU,Deboer Scott J,isOfficer,0001562180-23-007351,2023-10-13,F,10301.0,69.75,234076.0,D,,,,,,
723125,2023-10-17,MU,Dugle Lynn A,isDirector,0001562180-23-007341,2023-10-13,A,3585.0,0.0,17651.0,D,,,,,,
723125,2023-10-17,MU,BEYER RICHARD M,isDirector,0001562180-23-007340,2023-10-13,A,3585.0,0.0,99245.0,D,,,,,,
723125,2023-10-17,MU,Sadana Sumit,isOfficer,0001562180-23-007353,2023-10-13,A,64516.0,0.0,273503.0,D,,,,,,
723125,2023-10-17,MU,MEHROTRA SANJAY,"isDirector,isOfficer",0001562180-23-007354,2023-10-13,A,119176.0,0.0,702038.0,D,,,,,,
723125,2023-10-17,MU,MEHROTRA SANJAY,"isDirector,isOfficer",0001562180-23-007354,2023-10-15,F,37205.0,69.21,724870.0,D,,,,,,
723125,2023-10-17,MU,Haynesworth Linnie M,isDirector,0001562180-23-007343,2023-10-13,A,3585.0,0.0,13632.0,D,,,,,,
723125,2023-10-17,MU,ARNZEN APRIL S,isOfficer,0001562180-23-007347,2023-10-16,S,3508.0,69.71,155352.0,D,,,,,,
723125,2023-10-17,MU,BHATIA MANISH H,isOfficer,0001562180-23-007350,2023-10-13,M,28879.0,0.0,353742.0,D,,,,,,
723125,2023-10-17,MU,MEHROTRA SANJAY,"isDirector,isOfficer",0001562180-23-007354,2023-10-16,F,29433.0,69.21,695437.0,D,,,,,,
723125,2023-10-17,MU,Murphy Mark J.,isOfficer,0001562180-23-007352,2023-10-13,A,60932.0,0.0,213298.0,D,,,,,,
723125,2023-10-17,MU,Sadana Sumit,isOfficer,0001562180-23-007353,2023-10-16,F,10341.0,69.21,270939.0,D,,,,,,
723125,2023-10-17,MU,Sadana Sumit,isOfficer,0001562180-23-007353,2023-10-13,F,14777.0,69.75,290012.0,D,,,,,,
723125,2023-10-17,MU,Sadana Sumit,isOfficer,0001562180-23-007353,2023-10-13,M,31286.0,0.0,304789.0,D,,,,,,
723125,2023-10-17,MU,BHATIA MANISH H,isOfficer,0001562180-23-007350,2023-10-15,F,12924.0,69.21,333467.0,D,,,,,,
723125,2023-10-17,MU,MEHROTRA SANJAY,"isDirector,isOfficer",0001562180-23-007354,2023-10-13,M,89045.0,0.0,791083.0,D,,,,,,
723125,2023-10-17,MU,Deboer Scott J,isOfficer,0001562180-23-007351,2023-10-15,F,9273.0,69.21,230044.0,D,,,,,,
723125,2023-10-17,MU,Murphy Mark J.,isOfficer,0001562180-23-007352,2023-10-15,F,11056.0,69.21,215267.0,D,,,,,,
723125,2023-10-17,MU,Deboer Scott J,isOfficer,0001562180-23-007351,2023-10-13,M,24066.0,0.0,244377.0,D,,,,,,
723125,2023-10-17,MU,Murphy Mark J.,isOfficer,0001562180-23-007352,2023-10-13,F,368.0,69.75,213704.0,D,,,,,,
723125,2023-10-17,MU,Wright MaryAnn,isDirector,0001562180-23-007345,2023-10-13,A,3585.0,0.0,23333.0,D,,,,,,
723125,2023-10-17,MU,MEHROTRA SANJAY,"isDirector,isOfficer",0001562180-23-007354,2023-10-13,F,42056.0,69.75,749027.0,D,,,,,,
723125,2023-10-17,MU,Sadana Sumit,isOfficer,0001562180-23-007353,2023-10-15,F,13316.0,69.21,281280.0,D,,,,,,
723125,2023-10-17,MU,BHATIA MANISH H,isOfficer,0001562180-23-007350,2023-10-13,A,64516.0,0.0,324863.0,D,,,,,,
723125,2023-10-17,MU,Murphy Mark J.,isOfficer,0001562180-23-007352,2023-10-13,M,774.0,0.0,214072.0,D,,,,,,
723125,2023-10-17,MU,Deboer Scott J,isOfficer,0001562180-23-007351,2023-10-16,F,7244.0,69.21,222800.0,D,,,,,,
723125,2023-10-19,MU,MEHROTRA SANJAY,"isDirector,isOfficer",0001562180-23-007400,2023-10-17,M,7000.0,41.56,702437.0,D,,,,,,
723125,2023-10-19,MU,MEHROTRA SANJAY,"isDirector,isOfficer",0001562180-23-007400,2023-10-17,S,2434.0,68.52,700003.0,D,,,,,,
723125,2023-10-23,MU,ALLEN SCOTT R.,isOfficer,0001562180-23-007417,2023-10-19,M,269.0,0.0,58579.0,D,,,,,,
723125,2023-10-23,MU,ALLEN SCOTT R.,isOfficer,0001562180-23-007417,2023-10-19,F,122.0,69.14,58457.0,D,,,,,,
723125,2023-10-26,MU,MEHROTRA SANJAY,"isDirector,isOfficer",0001562180-23-007432,2023-10-24,M,7000.0,41.56,702437.0,D,,,,,,
723125,2023-10-26,MU,MEHROTRA SANJAY,"isDirector,isOfficer",0001562180-23-007432,2023-10-24,S,7000.0,67.54,695437.0,D,,,,,,
723125,2023-10-26,MU,ALLEN SCOTT R.,isOfficer,0001562180-23-007433,2023-10-24,S,8882.0,67.79,49575.0,D,,,,,,
723125,2023-11-02,MU,MEHROTRA SANJAY,"isDirector,isOfficer",0001562180-23-007517,2023-10-31,M,3692.0,28.2,699129.0,D,,,,,,
723125,2023-11-02,MU,MEHROTRA SANJAY,"isDirector,isOfficer",0001562180-23-007517,2023-10-31,S,4899.0,65.91,697538.0,D,,,,,,
723125,2023-11-07,MU,ARNZEN APRIL S,isOfficer,0001562180-23-007584,2023-11-03,G,300.0,0.0,155052.0,D,,,,,,
723125,2023-11-09,MU,MEHROTRA SANJAY,"isDirector,isOfficer",0001562180-23-007614,2023-11-07,S,7000.0,72.66,695437.0,D,,,,,,
723125,2023-11-09,MU,MEHROTRA SANJAY,"isDirector,isOfficer",0001562180-23-007614,2023-11-07,G,68322.0,0.0,763759.0,D,,,,,,
723125,2023-11-09,MU,MEHROTRA SANJAY,"isDirector,isOfficer",0001562180-23-007614,2023-11-07,M,7000.0,28.2,702437.0,D,,,,,,
723125,2023-11-16,MU,MEHROTRA SANJAY,"isDirector,isOfficer",0001562180-23-007738,2023-11-14,M,7000.0,28.2,770759.0,D,,,,,,
723125,2023-11-16,MU,MEHROTRA SANJAY,"isDirector,isOfficer",0001562180-23-007738,2023-11-14,S,3212.0,76.77,767547.0,D,,,,,,
723125,2023-11-22,MU,MEHROTRA SANJAY,"isDirector,isOfficer",0001562180-23-007906,2023-11-21,M,7000.0,28.2,755759.0,D,,,,,,
723125,2023-11-22,MU,MEHROTRA SANJAY,"isDirector,isOfficer",0001562180-23-007906,2023-11-21,S,6257.0,76.65,749502.0,D,,,,,,
723125,2023-11-30,MU,MEHROTRA SANJAY,"isDirector,isOfficer",0001562180-23-007985,2023-11-28,S,2783.0,74.68,752976.0,D,,,,,,
723125,2023-11-30,MU,MEHROTRA SANJAY,"isDirector,isOfficer",0001562180-23-007985,2023-11-28,M,7000.0,28.2,755759.0,D,,,,,,
723125,2023-12-07,MU,MEHROTRA SANJAY,"isDirector,isOfficer",0001562180-23-008209,2023-12-05,M,7000.0,28.2,755759.0,D,,,,,,
723125,2023-12-07,MU,MEHROTRA SANJAY,"isDirector,isOfficer",0001562180-23-008209,2023-12-05,S,7000.0,73.55,748759.0,D,,,,,,
723125,2023-12-14,MU,MEHROTRA SANJAY,"isDirector,isOfficer",0001562180-23-008375,2023-12-12,M,7000.0,28.2,755759.0,D,,,,,,
723125,2023-12-14,MU,MEHROTRA SANJAY,"isDirector,isOfficer",0001562180-23-008375,2023-12-12,S,7000.0,77.6,748759.0,D,,,,,,
723125,2023-12-14,MU,MEHROTRA SANJAY,"isDirector,isOfficer",0001562180-23-008375,2023-12-13,M,30000.0,28.2,778759.0,D,,,,,,
723125,2023-12-14,MU,MEHROTRA SANJAY,"isDirector,isOfficer",0001562180-23-008375,2023-12-13,S,127000.0,80.01,651759.0,D,,,,,,
723125,2023-12-21,MU,MEHROTRA SANJAY,"isDirector,isOfficer",0001562180-23-008540,2023-12-19,M,7000.0,28.2,658759.0,D,,,,,,
723125,2023-12-21,MU,MEHROTRA SANJAY,"isDirector,isOfficer",0001562180-23-008540,2023-12-19,S,7000.0,81.61,651759.0,D,,,,,,
723125,2023-12-28,MU,MEHROTRA SANJAY,"isDirector,isOfficer",0001562180-23-008576,2023-12-27,M,7000.0,28.2,658759.0,D,,,,,,
723125,2023-12-28,MU,MEHROTRA SANJAY,"isDirector,isOfficer",0001562180-23-008576,2023-12-27,S,6980.0,86.52,651779.0,D,,,,,,
723125,2023-12-28,MU,Deboer Scott J,isOfficer,0001562180-23-008577,2023-12-27,S,28228.0,87.24,203342.0,D,,,,,,
723125,2023-12-28,MU,Deboer Scott J,isOfficer,0001562180-23-008577,2023-12-27,M,8770.0,41.56,231570.0,D,,,,,,
723125,2024-01-05,MU,MEHROTRA SANJAY,"isDirector,isOfficer",0001562180-24-000309,2024-01-03,M,7000.0,28.2,658759.0,D,,,,,,
723125,2024-01-05,MU,MEHROTRA SANJAY,"isDirector,isOfficer",0001562180-24-000309,2024-01-03,S,1629.0,81.74,657130.0,D,,,,,,
723125,2024-01-11,MU,MEHROTRA SANJAY,"isDirector,isOfficer",0001562180-24-000444,2024-01-09,M,7000.0,28.2,658759.0,D,,,,,,
723125,2024-01-11,MU,MEHROTRA SANJAY,"isDirector,isOfficer",0001562180-24-000444,2024-01-09,S,6575.0,83.6,652184.0,D,,,,,,
723125,2024-01-17,MU,ALLEN SCOTT R.,isOfficer,0001562180-24-000494,2024-01-15,F,730.0,82.39,48845.0,D,,,,,,
723125,2024-01-17,MU,MEHROTRA SANJAY,"isDirector,isOfficer",0001562180-24-000500,2024-01-15,F,9508.0,82.39,642251.0,D,,,,,,
723125,2024-01-17,MU,MEHROTRA SANJAY,"isDirector,isOfficer",0001562180-24-000500,2024-01-17,S,7000.0,83.2,642251.0,D,,,,,,
723125,2024-01-17,MU,BHATIA MANISH H,isOfficer,0001562180-24-000499,2024-01-15,F,2411.0,82.39,321510.0,D,,,,,,
723125,2024-01-17,MU,ARNZEN APRIL S,isOfficer,0001562180-24-000497,2024-01-15,F,1695.0,82.39,153357.0,D,,,,,,
723125,2024-01-17,MU,Bokan Michael W,isOfficer,0001562180-24-000498,2024-01-15,F,1223.0,82.39,169246.0,D,,,,,,
723125,2024-01-17,MU,Deboer Scott J,isOfficer,0001562180-24-000493,2024-01-15,F,2406.0,82.39,200936.0,D,,,,,,
723125,2024-01-17,MU,Sadana Sumit,isOfficer,0001562180-24-000495,2024-01-15,F,3488.0,82.39,267451.0,D,,,,,,
723125,2024-01-17,MU,MEHROTRA SANJAY,"isDirector,isOfficer",0001562180-24-000500,2024-01-17,M,7000.0,28.2,649251.0,D,,,,,,
723125,2024-01-17,MU,Murphy Mark J.,isOfficer,0001562180-24-000496,2024-01-15,F,2793.0,82.39,212474.0,D,,,,,,
723125,2024-01-22,MU,ALLEN SCOTT R.,isOfficer,0001562180-24-000562,2024-01-19,F,152.0,84.82,48963.0,D,,,,,,
723125,2024-01-22,MU,ALLEN SCOTT R.,isOfficer,0001562180-24-000562,2024-01-19,M,270.0,0.0,49115.0,D,,,,,,
723125,2024-01-23,MU,RAY MICHAEL CHARLES,isOfficer,0001562180-24-000571,2024-01-22,A,91418.0,0.0,91418.0,D,,,,,,
723125,2024-01-24,MU,MEHROTRA SANJAY,"isDirector,isOfficer",0001562180-24-000598,2024-01-23,M,7000.0,28.2,649251.0,D,,,,,,
723125,2024-01-24,MU,MEHROTRA SANJAY,"isDirector,isOfficer",0001562180-24-000598,2024-01-23,S,6665.0,87.36,642586.0,D,,,,,,
723125,2024-01-24,MU,MEHROTRA SANJAY,"isDirector,isOfficer",0001562180-24-000598,2024-01-23,G,161306.0,0.0,803557.0,D,,,,,,
723125,2024-01-29,MU,MEHROTRA SANJAY,"isDirector,isOfficer",0001562180-24-000788,2024-01-25,M,30000.0,28.2,833557.0,D,,,,,,
723125,2024-01-29,MU,MEHROTRA SANJAY,"isDirector,isOfficer",0001562180-24-000788,2024-01-25,S,45000.0,90.0,788557.0,D,,,,,,
723125,2024-02-01,MU,MEHROTRA SANJAY,"isDirector,isOfficer",0001562180-24-000907,2024-01-30,M,7000.0,28.2,795557.0,D,,,,,,
723125,2024-02-01,MU,MEHROTRA SANJAY,"isDirector,isOfficer",0001562180-24-000907,2024-01-30,S,3207.0,86.35,792350.0,D,,,,,,
723125,2024-02-08,MU,MEHROTRA SANJAY,"isDirector,isOfficer",0001562180-24-001195,2024-02-06,S,3977.0,84.27,791580.0,D,,,,,,
723125,2024-02-08,MU,MEHROTRA SANJAY,"isDirector,isOfficer",0001562180-24-001195,2024-02-06,M,7000.0,28.2,795557.0,D,,,,,,
723125,2024-02-15,MU,MEHROTRA SANJAY,"isDirector,isOfficer",0001562180-24-001344,2024-02-13,M,7000.0,28.2,795557.0,D,,,,,,
723125,2024-02-15,MU,MEHROTRA SANJAY,"isDirector,isOfficer",0001562180-24-001344,2024-02-13,S,3104.0,81.57,792453.0,D,,,,,,
723125,2024-02-23,MU,MEHROTRA SANJAY,"isDirector,isOfficer",0001562180-24-001709,2024-02-21,M,7000.0,28.2,795557.0,D,,,,,,
723125,2024-02-23,MU,MEHROTRA SANJAY,"isDirector,isOfficer",0001562180-24-001709,2024-02-21,S,7000.0,80.44,788557.0,D,,,,,,
723125,2024-02-29,MU,MEHROTRA SANJAY,"isDirector,isOfficer",0001562180-24-001996,2024-02-27,M,7000.0,28.2,795557.0,D,,,,,,
723125,2024-02-29,MU,MEHROTRA SANJAY,"isDirector,isOfficer",0001562180-24-001996,2024-02-27,S,4067.0,91.09,791490.0,D,,,,,,
723125,2024-03-07,MU,MEHROTRA SANJAY,"isDirector,isOfficer",0001562180-24-002439,2024-03-05,S,3910.0,93.94,791647.0,D,,,,,,
723125,2024-03-07,MU,MEHROTRA SANJAY,"isDirector,isOfficer",0001562180-24-002439,2024-03-05,M,7000.0,28.2,795557.0,D,,,,,,
723125,2024-03-12,MU,MEHROTRA SANJAY,"isDirector,isOfficer",0001562180-24-002624,2024-03-12,M,7000.0,28.2,780557.0,D,,,,,,
723125,2024-03-12,MU,MEHROTRA SANJAY,"isDirector,isOfficer",0001562180-24-002624,2024-03-08,M,30000.0,28.2,818557.0,D,,,,,,
723125,2024-03-12,MU,MEHROTRA SANJAY,"isDirector,isOfficer",0001562180-24-002624,2024-03-08,S,45000.0,100.0,773557.0,D,,,,,,
723125,2024-03-12,MU,MEHROTRA SANJAY,"isDirector,isOfficer",0001562180-24-002624,2024-03-12,S,1316.0,94.58,779241.0,D,,,,,,
723125,2024-03-13,MU,SWAN ROBERT HOLMES,isDirector,0001562180-24-002665,2024-03-11,A,1211.0,0.0,1211.0,D,,,,,,
723125,2024-03-21,MU,MEHROTRA SANJAY,"isDirector,isOfficer",0001562180-24-002928,2024-03-19,M,7000.0,28.2,780557.0,D,,,,,,
723125,2024-03-21,MU,MEHROTRA SANJAY,"isDirector,isOfficer",0001562180-24-002928,2024-03-19,S,1903.0,91.77,778654.0,D,,,,,,
723125,2024-03-21,MU,MEHROTRA SANJAY,"isDirector,isOfficer",0001562180-24-002928,2024-03-21,M,30000.0,28.2,803557.0,D,,,,,,
723125,2024-03-21,MU,MEHROTRA SANJAY,"isDirector,isOfficer",0001562180-24-002928,2024-03-21,S,45000.0,113.38,758557.0,D,,,,,,
723125,2024-03-27,MU,MEHROTRA SANJAY,"isDirector,isOfficer",0001562180-24-003027,2024-03-25,M,30000.0,28.2,788557.0,D,,,,,,
723125,2024-03-27,MU,MEHROTRA SANJAY,"isDirector,isOfficer",0001562180-24-003027,2024-03-25,S,45000.0,120.0,743557.0,D,,,,,,
723125,2024-03-27,MU,MEHROTRA SANJAY,"isDirector,isOfficer",0001562180-24-003027,2024-03-26,M,7000.0,28.2,750557.0,D,,,,,,
723125,2024-03-27,MU,MEHROTRA SANJAY,"isDirector,isOfficer",0001562180-24-003027,2024-03-26,S,5367.0,119.6,745190.0,D,,,,,,
723125,2024-03-29,MU,ARNZEN APRIL S,isOfficer,0001562180-24-003043,2024-03-27,S,4890.0,119.3,148817.0,D,,,,,,
723125,2024-04-04,MU,MEHROTRA SANJAY,"isDirector,isOfficer",0001562180-24-003309,2024-04-04,S,45000.0,130.0,728557.0,D,,,,,,
723125,2024-04-04,MU,MEHROTRA SANJAY,"isDirector,isOfficer",0001562180-24-003309,2024-04-04,M,30000.0,28.2,773557.0,D,,,,,,
723125,2024-04-04,MU,MEHROTRA SANJAY,"isDirector,isOfficer",0001562180-24-003309,2024-04-02,S,6112.0,122.01,744445.0,D,,,,,,
723125,2024-04-04,MU,MEHROTRA SANJAY,"isDirector,isOfficer",0001562180-24-003309,2024-04-02,M,7000.0,28.2,750557.0,D,,,,,,
723125,2024-04-11,MU,MEHROTRA SANJAY,"isDirector,isOfficer",0001562180-24-003394,2024-04-09,M,7000.0,28.2,735557.0,D,,,,,,
723125,2024-04-11,MU,MEHROTRA SANJAY,"isDirector,isOfficer",0001562180-24-003394,2024-04-09,S,3961.0,121.95,731596.0,D,,,,,,
723125,2024-04-17,MU,BHATIA MANISH H,isOfficer,0001562180-24-003464,2024-04-15,F,2741.0,122.52,319119.0,D,,,,,,
723125,2024-04-17,MU,ALLEN SCOTT R.,isOfficer,0001562180-24-003465,2024-04-15,F,661.0,122.52,48652.0,D,,,,,,
723125,2024-04-17,MU,Bokan Michael W,isOfficer,0001562180-24-003466,2024-04-15,F,1132.0,122.52,168387.0,D,,,,,,
723125,2024-04-17,MU,ARNZEN APRIL S,isOfficer,0001562180-24-003462,2024-04-15,F,1606.0,122.52,147211.0,D,,,,,,
723125,2024-04-17,MU,Deboer Scott J,isOfficer,0001562180-24-003463,2024-04-15,F,2319.0,122.52,198617.0,D,,,,,,
723125,2024-04-17,MU,MEHROTRA SANJAY,"isDirector,isOfficer",0001562180-24-003469,2024-04-15,F,9508.0,122.52,719049.0,D,,,,,,
723125,2024-04-17,MU,Sadana Sumit,isOfficer,0001562180-24-003467,2024-04-15,F,3403.0,122.52,264048.0,D,,,,,,
723125,2024-04-17,MU,Murphy Mark J.,isOfficer,0001562180-24-003468,2024-04-15,F,2716.0,122.52,209758.0,D,,,,,,
723125,2024-04-17,MU,MEHROTRA SANJAY,"isDirector,isOfficer",0001562180-24-003469,2024-04-16,S,1568.0,119.31,724481.0,D,,,,,,
723125,2024-04-17,MU,MEHROTRA SANJAY,"isDirector,isOfficer",0001562180-24-003469,2024-04-16,M,7000.0,28.2,726049.0,D,,,,,,
723125,2024-04-22,MU,Murphy Mark J.,isOfficer,0001562180-24-003490,2024-04-18,F,13316.0,116.33,196442.0,D,,,,,,
723125,2024-04-23,MU,ALLEN SCOTT R.,isOfficer,0001562180-24-003513,2024-04-19,F,137.0,111.93,48784.0,D,,,,,,
723125,2024-04-23,MU,ALLEN SCOTT R.,isOfficer,0001562180-24-003513,2024-04-19,M,269.0,0.0,48921.0,D,,,,,,
723125,2024-04-25,MU,MEHROTRA SANJAY,"isDirector,isOfficer",0001562180-24-003524,2024-04-23,S,402.0,110.11,725647.0,D,,,,,,
723125,2024-04-25,MU,MEHROTRA SANJAY,"isDirector,isOfficer",0001562180-24-003524,2024-04-23,M,7000.0,28.2,726049.0,D,,,,,,
723125,2024-05-02,MU,Bokan Michael W,isOfficer,0001562180-24-003744,2024-04-30,S,15000.0,115.55,153387.0,D,,,,,,
723125,2024-05-02,MU,MEHROTRA SANJAY,"isDirector,isOfficer",0001562180-24-003743,2024-04-30,M,7000.0,28.2,726049.0,D,,,,,,
723125,2024-05-02,MU,MEHROTRA SANJAY,"isDirector,isOfficer",0001562180-24-003743,2024-04-30,S,5178.0,114.63,720871.0,D,,,,,,
723125,2024-05-03,MU,Deboer Scott J,isOfficer,0001562180-24-003838,2024-05-01,S,40000.0,110.31,158617.0,D,,,,,,
723125,2024-05-08,MU,BHATIA MANISH H,isOfficer,0001562180-24-003919,2024-05-06,M,53317.0,41.56,372436.0,D,,,,,,
723125,2024-05-08,MU,BHATIA MANISH H,isOfficer,0001562180-24-003919,2024-05-06,S,53317.0,119.18,319119.0,D,,,,,,
723125,2024-05-09,MU,MEHROTRA SANJAY,"isDirector,isOfficer",0001562180-24-003949,2024-05-07,M,7000.0,28.2,726049.0,D,,,,,,
723125,2024-05-09,MU,MEHROTRA SANJAY,"isDirector,isOfficer",0001562180-24-003949,2024-05-07,S,3223.0,119.9,722826.0,D,,,,,,
723125,2024-05-13,MU,Sadana Sumit,isOfficer,0001562180-24-003999,2024-05-09,M,10048.0,41.56,274096.0,D,,,,,,
723125,2024-05-13,MU,Sadana Sumit,isOfficer,0001562180-24-003999,2024-05-09,S,13239.0,118.77,260857.0,D,,,,,,
723125,2024-05-13,MU,Sadana Sumit,isOfficer,0001562180-24-003999,2024-05-10,M,3983.0,41.56,264840.0,D,,,,,,
723125,2024-05-13,MU,Sadana Sumit,isOfficer,0001562180-24-003999,2024-05-10,S,30909.0,120.5,233931.0,D,,,,,,
723125,2024-05-13,MU,Sadana Sumit,isOfficer,0001562180-24-003999,2024-05-13,S,12000.0,123.01,218048.0,D,,,,,,
723125,2024-05-14,MU,BHATIA MANISH H,isOfficer,0001562180-24-004043,2024-05-10,S,40650.0,120.89,278469.0,D,,,,,,
723125,2024-05-16,MU,MEHROTRA SANJAY,"isDirector,isOfficer",0001562180-24-004114,2024-05-14,M,7000.0,28.2,726049.0,D,,,,,,
723125,2024-05-16,MU,Bokan Michael W,isOfficer,0001562180-24-004115,2024-05-14,S,15000.0,123.42,138387.0,D,,,,,,
723125,2024-05-16,MU,MEHROTRA SANJAY,"isDirector,isOfficer",0001562180-24-004114,2024-05-14,S,3802.0,122.59,722247.0,D,,,,,,
723125,2024-05-23,MU,MEHROTRA SANJAY,"isDirector,isOfficer",0001562180-24-004347,2024-05-21,M,7000.0,28.2,726049.0,D,,,,,,
723125,2024-05-23,MU,MEHROTRA SANJAY,"isDirector,isOfficer",0001562180-24-004347,2024-05-21,S,20.0,124.09,726029.0,D,,,,,,
723125,2024-05-31,MU,MEHROTRA SANJAY,"isDirector,isOfficer",0001562180-24-004549,2024-05-29,M,7000.0,28.2,726049.0,D,,,,,,
723125,2024-05-31,MU,MEHROTRA SANJAY,"isDirector,isOfficer",0001562180-24-004549,2024-05-29,S,20.0,129.9,726029.0,D,,,,,,
723125,2024-06-06,MU,MEHROTRA SANJAY,"isDirector,isOfficer",0001562180-24-004775,2024-06-04,M,7000.0,28.2,726049.0,D,,,,,,
723125,2024-06-06,MU,MEHROTRA SANJAY,"isDirector,isOfficer",0001562180-24-004775,2024-06-04,S,6282.0,126.02,719767.0,D,,,,,,
723125,2024-06-13,MU,MEHROTRA SANJAY,"isDirector,isOfficer",0001562180-24-005042,2024-06-12,M,30000.0,28.2,749049.0,D,,,,,,
723125,2024-06-13,MU,MEHROTRA SANJAY,"isDirector,isOfficer",0001562180-24-005042,2024-06-11,M,7000.0,28.2,726049.0,D,,,,,,
723125,2024-06-13,MU,MEHROTRA SANJAY,"isDirector,isOfficer",0001562180-24-005042,2024-06-11,S,283.0,132.76,725766.0,D,,,,,,
723125,2024-06-13,MU,MEHROTRA SANJAY,"isDirector,isOfficer",0001562180-24-005042,2024-06-12,S,30000.0,140.0,719049.0,D,,,,,,
723125,2024-06-21,MU,MEHROTRA SANJAY,"isDirector,isOfficer",0001562180-24-005234,2024-06-18,S,20.0,151.75,753313.0,D,,,,,,
723125,2024-06-21,MU,MEHROTRA SANJAY,"isDirector,isOfficer",0001562180-24-005234,2024-06-18,M,34284.0,28.2,753333.0,D,,,,,,
723125,2024-07-01,MU,ARNZEN APRIL S,isOfficer,0001562180-24-005406,2024-06-27,S,4890.0,135.86,142321.0,D,,,,,,
723125,2024-07-02,MU,SWAN ROBERT HOLMES,isDirector,0001562180-24-005557,2024-06-30,A,238.0,0.0,1449.0,D,,,,,,
723125,2024-07-17,MU,ARNZEN APRIL S,isOfficer,0001562180-24-005783,2024-07-15,F,1601.0,133.55,140720.0,D,,,,,,
723125,2024-07-17,MU,BHATIA MANISH H,isOfficer,0001562180-24-005786,2024-07-15,F,3303.0,133.55,275166.0,D,,,,,,
723125,2024-07-17,MU,ALLEN SCOTT R.,isOfficer,0001562180-24-005782,2024-07-15,F,1650.0,133.55,47134.0,D,,,,,,
723125,2024-07-17,MU,MEHROTRA SANJAY,"isDirector,isOfficer",0001562180-24-005789,2024-07-15,F,9508.0,133.55,709541.0,D,,,,,,
723125,2024-07-17,MU,Sadana Sumit,isOfficer,0001562180-24-005788,2024-07-15,F,3403.0,133.55,214645.0,D,,,,,,
723125,2024-07-17,MU,Murphy Mark J.,isOfficer,0001562180-24-005787,2024-07-15,F,2715.0,133.55,193727.0,D,,,,,,
723125,2024-07-17,MU,Deboer Scott J,isOfficer,0001562180-24-005785,2024-07-15,F,2313.0,133.55,156304.0,D,,,,,,
723125,2024-07-17,MU,Bokan Michael W,isOfficer,0001562180-24-005784,2024-07-15,F,1438.0,133.55,136949.0,D,,,,,,
723125,2024-07-23,MU,ALLEN SCOTT R.,isOfficer,0001562180-24-005832,2024-07-19,F,137.0,117.45,47266.0,D,,,,,,
723125,2024-07-23,MU,ALLEN SCOTT R.,isOfficer,0001562180-24-005832,2024-07-19,M,269.0,0.0,47403.0,D,,,,,,
723125,2024-08-12,MU,MEHROTRA SANJAY,"isDirector,isOfficer",0001562180-24-006150,2024-08-08,G,14531.0,0.0,338694.0,I,,,,,,
723125,2024-09-30,MU,ARNZEN APRIL S,isOfficer,0001562180-24-006995,2024-09-26,S,4890.0,113.0,135830.0,D,,,,,,
723125,2024-10-02,MU,SWAN ROBERT HOLMES,isDirector,0001562180-24-007173,2024-09-30,A,291.0,0.0,1740.0,D,,,,,,
723125,2024-10-15,MU,McCarthy Mary Pat,isDirector,0001562180-24-007335,2024-10-13,A,2338.0,0.0,29762.0,D,,,,,,
723125,2024-10-15,MU,BEYER RICHARD M,isDirector,0001562180-24-007339,2024-10-13,A,2338.0,0.0,101583.0,D,,,,,,
723125,2024-10-15,MU,SWAN ROBERT HOLMES,isDirector,0001562180-24-007338,2024-10-13,A,2338.0,0.0,4078.0,D,,,,,,
723125,2024-10-15,MU,SWITZ ROBERT E,isDirector,0001562180-24-007337,2024-10-13,A,2338.0,0.0,75765.0,D,,,,,,
723125,2024-10-15,MU,GOMO STEVEN J,isDirector,0001562180-24-007336,2024-10-13,A,2338.0,0.0,29762.0,D,,,,,,
723125,2024-10-16,MU,Sadana Sumit,isOfficer,0001562180-24-007354,2024-10-15,F,3403.0,108.34,300853.0,D,,,,,,
723125,2024-10-16,MU,MEHROTRA SANJAY,"isDirector,isOfficer",0001562180-24-007355,2024-10-13,A,83015.0,0.0,810960.0,D,,,,,,
723125,2024-10-16,MU,BHATIA MANISH H,isOfficer,0001562180-24-007356,2024-10-13,A,44426.0,0.0,319592.0,D,,,,,,
723125,2024-10-16,MU,BHATIA MANISH H,isOfficer,0001562180-24-007356,2024-10-13,F,10128.0,106.92,309464.0,D,,,,,,
723125,2024-10-16,MU,ALLEN SCOTT R.,isOfficer,0001562180-24-007357,2024-10-16,F,3352.0,104.32,59386.0,D,,,,,,
723125,2024-10-16,MU,Sadana Sumit,isOfficer,0001562180-24-007354,2024-10-13,A,44426.0,0.0,259071.0,D,,,,,,
723125,2024-10-16,MU,ALLEN SCOTT R.,isOfficer,0001562180-24-007357,2024-10-13,A,14029.0,0.0,61295.0,D,,,,,,
723125,2024-10-16,MU,MEHROTRA SANJAY,"isDirector,isOfficer",0001562180-24-007355,2024-10-15,F,9508.0,108.34,939980.0,D,,,,,,
723125,2024-10-16,MU,MEHROTRA SANJAY,"isDirector,isOfficer",0001562180-24-007355,2024-10-13,F,20133.0,106.92,790827.0,D,,,,,,
723125,2024-10-16,MU,MEHROTRA SANJAY,"isDirector,isOfficer",0001562180-24-007355,2024-10-13,M,109848.0,0.0,870924.0,D,,,,,,
723125,2024-10-16,MU,BHATIA MANISH H,isOfficer,0001562180-24-007356,2024-10-13,M,37395.0,0.0,335960.0,D,,,,,,
723125,2024-10-16,MU,Sadana Sumit,isOfficer,0001562180-24-007354,2024-10-13,M,38563.0,0.0,276290.0,D,,,,,,
723125,2024-10-16,MU,ALLEN SCOTT R.,isOfficer,0001562180-24-007357,2024-10-13,F,2362.0,106.92,58933.0,D,,,,,,
723125,2024-10-16,MU,BHATIA MANISH H,isOfficer,0001562180-24-007356,2024-10-15,F,3303.0,108.34,359793.0,D,,,,,,
723125,2024-10-16,MU,ALLEN SCOTT R.,isOfficer,0001562180-24-007357,2024-10-15,F,248.0,108.34,56786.0,D,,,,,,
723125,2024-10-16,MU,ALLEN SCOTT R.,isOfficer,0001562180-24-007357,2024-10-16,M,6613.0,0.0,62738.0,D,,,,,,
723125,2024-10-16,MU,Sadana Sumit,isOfficer,0001562180-24-007354,2024-10-13,F,10899.0,106.92,248172.0,D,,,,,,
723125,2024-10-16,MU,Deboer Scott J,isOfficer,0001562180-24-007362,2024-10-13,M,29214.0,0.0,209261.0,D,,,,,,
723125,2024-10-16,MU,Murphy Mark J.,isOfficer,0001562180-24-007360,2024-10-13,F,9008.0,106.92,226807.0,D,,,,,,
723125,2024-10-16,MU,Deboer Scott J,isOfficer,0001562180-24-007362,2024-10-15,F,2314.0,108.34,234104.0,D,,,,,,
723125,2024-10-16,MU,Murphy Mark J.,isOfficer,0001562180-24-007360,2024-10-13,A,42088.0,0.0,235815.0,D,,,,,,
723125,2024-10-16,MU,RAY MICHAEL CHARLES,isOfficer,0001562180-24-007361,2024-10-13,A,28058.0,0.0,119476.0,D,,,,,,
723125,2024-10-16,MU,Bokan Michael W,isOfficer,0001562180-24-007358,2024-10-15,F,1691.0,108.34,189032.0,D,,,,,,
723125,2024-10-16,MU,Deboer Scott J,isOfficer,0001562180-24-007362,2024-10-13,F,7033.0,106.92,187851.0,D,,,,,,
723125,2024-10-16,MU,Murphy Mark J.,isOfficer,0001562180-24-007360,2024-10-13,M,44471.0,0.0,271278.0,D,,,,,,
723125,2024-10-16,MU,Bokan Michael W,isOfficer,0001562180-24-007358,2024-10-13,A,23382.0,0.0,160395.0,D,,,,,,
723125,2024-10-16,MU,ARNZEN APRIL S,isOfficer,0001562180-24-007359,2024-10-13,A,24785.0,0.0,160615.0,D,,,,,,
723125,2024-10-16,MU,Murphy Mark J.,isOfficer,0001562180-24-007360,2024-10-15,F,2716.0,108.34,320901.0,D,,,,,,
723125,2024-10-16,MU,ARNZEN APRIL S,isOfficer,0001562180-24-007359,2024-10-13,M,18698.0,0.0,169430.0,D,,,,,,
723125,2024-10-16,MU,ARNZEN APRIL S,isOfficer,0001562180-24-007359,2024-10-15,F,1602.0,108.34,186113.0,D,,,,,,
723125,2024-10-16,MU,Deboer Scott J,isOfficer,0001562180-24-007362,2024-10-13,A,38580.0,0.0,194884.0,D,,,,,,
723125,2024-10-16,MU,Bokan Michael W,isOfficer,0001562180-24-007358,2024-10-13,F,5064.0,106.92,155331.0,D,,,,,,
723125,2024-10-16,MU,ARNZEN APRIL S,isOfficer,0001562180-24-007359,2024-10-13,F,5382.0,106.92,155233.0,D,,,,,,
723125,2024-10-16,MU,Bokan Michael W,isOfficer,0001562180-24-007358,2024-10-13,M,21035.0,0.0,170984.0,D,,,,,,
723125,2024-10-22,MU,ALLEN SCOTT R.,isOfficer,0001562180-24-007431,2024-10-19,F,137.0,111.15,59518.0,D,,,,,,
723125,2024-10-22,MU,ALLEN SCOTT R.,isOfficer,0001562180-24-007431,2024-10-19,M,269.0,0.0,59655.0,D,,,,,,
723125,2024-10-23,MU,Bokan Michael W,isOfficer,0001562180-24-007438,2024-10-21,S,10000.0,109.03,179032.0,D,,,,,,
723125,2024-12-26,MU,ARNZEN APRIL S,isOfficer,0001562180-24-008587,2024-12-20,S,4890.0,85.21,181223.0,D,,,,,,
723125,2025-01-03,MU,SWAN ROBERT HOLMES,isDirector,0001562180-25-000113,2024-12-31,A,366.0,0.0,4444.0,D,,,,,,
723125,2025-01-10,MU,ALLEN SCOTT R.,isOfficer,0001562180-25-000319,2025-01-07,S,5000.0,101.76,54518.0,D,,,,,,
723125,2025-01-17,MU,BHATIA MANISH H,isOfficer,0001562180-25-000412,2025-01-15,F,2402.0,97.36,357391.0,D,,,,,,
723125,2025-01-17,MU,Sadana Sumit,isOfficer,0001562180-25-000411,2025-01-15,F,3479.0,97.36,297374.0,D,,,,,,
723125,2025-01-17,MU,Murphy Mark J.,isOfficer,0001562180-25-000410,2025-01-15,F,2768.0,97.36,318133.0,D,,,,,,
723125,2025-01-17,MU,MEHROTRA SANJAY,"isDirector,isOfficer",0001562180-25-000409,2025-01-15,F,9571.0,97.36,930409.0,D,,,,,,
723125,2025-01-17,MU,Bokan Michael W,isOfficer,0001562180-25-000408,2025-01-15,F,1210.0,97.36,177822.0,D,,,,,,
723125,2025-01-17,MU,Deboer Scott J,isOfficer,0001562180-25-000407,2025-01-15,F,2391.0,97.36,231713.0,D,,,,,,
723125,2025-01-17,MU,ARNZEN APRIL S,isOfficer,0001562180-25-000406,2025-01-15,F,1682.0,97.36,179541.0,D,,,,,,
723125,2025-01-17,MU,ALLEN SCOTT R.,isOfficer,0001562180-25-000405,2025-01-15,F,991.0,97.36,53527.0,D,,,,,,
723125,2025-01-21,MU,ALLEN SCOTT R.,isOfficer,0001562180-25-000440,2025-01-19,M,269.0,0.0,53796.0,D,,,,,,
723125,2025-01-21,MU,ALLEN SCOTT R.,isOfficer,0001562180-25-000440,2025-01-19,F,137.0,105.75,53659.0,D,,,,,,
723125,2025-01-24,MU,RAY MICHAEL CHARLES,isOfficer,0001562180-25-000509,2025-01-22,F,14161.0,109.38,105315.0,D,,,,,,
723125,2025-01-27,MU,MEHROTRA SANJAY,"isDirector,isOfficer",0001562180-25-000545,2025-01-23,G,182401.0,0.0,0.0,I,,,,,,
723125,2025-01-27,MU,MEHROTRA SANJAY,"isDirector,isOfficer",0001562180-25-000545,2025-01-27,J,500000.0,0.0,586702.0,D,,,,,,
723125,2025-01-27,MU,MEHROTRA SANJAY,"isDirector,isOfficer",0001562180-25-000545,2025-01-23,J,156293.0,0.0,182401.0,I,,,,,,
723125,2025-02-19,MU,MEHROTRA SANJAY,"isDirector,isOfficer",0001562180-25-001366,2025-02-14,S,924.0,100.24,585778.0,D,,,,,,
723125,2025-02-19,MU,MEHROTRA SANJAY,"isDirector,isOfficer",0001562180-25-001366,2025-02-18,S,434.0,102.81,585344.0,D,,,,,,
723125,2025-02-19,MU,Deboer Scott J,isOfficer,0001562180-25-001365,2025-02-14,S,23047.0,100.0,208666.0,D,,,,,,
723125,2025-02-19,MU,RAY MICHAEL CHARLES,isOfficer,0001562180-25-001364,2025-02-14,S,6525.0,100.0,98962.0,D,,,,,,
723125,2025-03-05,MU,McCarthy Mary Pat,isDirector,0001562180-25-002125,2025-03-03,S,502.0,90.18,29260.0,D,,,,,,
723125,2025-03-07,MU,Liu Teyin M,isDirector,0001562180-25-002229,2025-03-05,A,1333.0,0.0,1333.0,D,,,,,,
723125,2025-03-07,MU,Simons Anna C,isDirector,0001562180-25-002228,2025-03-05,A,1333.0,0.0,2456.0,D,,,,,,
723125,2025-03-18,MU,RAY MICHAEL CHARLES,isOfficer,0001562180-25-002548,2025-03-14,S,6525.0,100.0,92437.0,D,,,,,,
723125,2025-03-27,MU,ARNZEN APRIL S,isOfficer,0001562180-25-002782,2025-03-25,S,15000.0,96.18,164769.0,D,,,,,,
723125,2025-04-17,MU,Murphy Mark J.,isOfficer,0001562180-25-003197,2025-04-15,F,2934.0,71.02,315199.0,D,,,,,,
723125,2025-04-17,MU,MEHROTRA SANJAY,"isDirector,isOfficer",0001562180-25-003195,2025-04-15,F,9527.0,71.02,569675.0,D,,,,,,
723125,2025-04-17,MU,ALLEN SCOTT R.,isOfficer,0001562180-25-003192,2025-04-15,F,911.0,71.02,52976.0,D,,,,,,
723125,2025-04-17,MU,Deboer Scott J,isOfficer,0001562180-25-003194,2025-04-15,F,2313.0,71.02,206353.0,D,,,,,,
723125,2025-04-17,MU,Sadana Sumit,isOfficer,0001562180-25-003198,2025-04-15,F,3410.0,71.02,293964.0,D,,,,,,
723125,2025-04-17,MU,ARNZEN APRIL S,isOfficer,0001562180-25-003193,2025-04-15,F,1602.0,71.02,163167.0,D,,,,,,
723125,2025-04-17,MU,BHATIA MANISH H,isOfficer,0001562180-25-003196,2025-04-15,F,2552.0,71.02,355067.0,D,,,,,,
723125,2025-04-22,MU,ALLEN SCOTT R.,isOfficer,0001562180-25-003228,2025-04-19,F,137.0,68.8,53108.0,D,,,,,,
723125,2025-04-22,MU,ALLEN SCOTT R.,isOfficer,0001562180-25-003228,2025-04-19,M,269.0,0.0,53245.0,D,,,,,,
723125,2025-04-22,MU,Murphy Mark J.,isOfficer,0001562180-25-003229,2025-04-18,F,14386.0,68.8,300813.0,D,,,,,,
723125,2025-04-25,MU,MEHROTRA SANJAY,"isDirector,isOfficer",0001562180-25-003246,2025-04-23,J,175000.0,0.0,394675.0,D,,,,,,
723125,2025-05-06,MU,McCarthy Mary Pat,isDirector,0001562180-25-003629,2025-05-02,S,2404.0,80.0,24954.0,D,,,,,,
723125,2025-06-10,MU,MEHROTRA SANJAY,"isDirector,isOfficer",0001562180-25-004702,2025-06-09,S,647.0,109.35,390466.0,D,,,,,,
723125,2025-06-10,MU,Deboer Scott J,isOfficer,0001562180-25-004700,2025-06-06,S,20000.0,110.0,186353.0,D,,,,,,
723125,2025-06-10,MU,MEHROTRA SANJAY,"isDirector,isOfficer",0001562180-25-004702,2025-06-06,S,3562.0,110.46,391113.0,D,,,,,,
723125,2025-06-18,MU,MEHROTRA SANJAY,"isDirector,isOfficer",0001562180-25-004955,2025-06-16,S,2290.0,120.31,384885.0,D,,,,,,
723125,2025-06-18,MU,MEHROTRA SANJAY,"isDirector,isOfficer",0001562180-25-004955,2025-06-17,S,1094.0,119.97,383791.0,D,,,,,,
723125,2025-06-26,MU,Deboer Scott J,isOfficer,0001562180-25-005090,2025-06-24,S,20000.0,125.11,166353.0,D,,,,,,
723125,2025-06-26,MU,ARNZEN APRIL S,isOfficer,0001562180-25-005089,2025-06-24,S,15000.0,125.12,148167.0,D,,,,,,
723125,2025-07-01,MU,GOMO STEVEN J,isDirector,0001562180-25-005207,2025-06-27,S,7000.0,125.15,22762.0,D,,,,,,
723125,2025-07-01,MU,Sadana Sumit,isOfficer,0001562180-25-005208,2025-06-27,S,92638.0,125.49,201326.0,D,,,,,,
723125,2025-07-02,MU,BHATIA MANISH H,isOfficer,0001562180-25-005267,2025-06-30,S,80000.0,123.16,275067.0,D,,,,,,
723125,2025-07-03,MU,McCarthy Mary Pat,isDirector,0001562180-25-005326,2025-07-01,S,700.0,120.38,24254.0,D,,,,,,
723125,2025-07-17,MU,BHATIA MANISH H,isOfficer,0001689498-25-000003,2025-07-15,F,3310.0,118.61,271757.0,D,,,,,,
723125,2025-07-17,MU,MEHROTRA SANJAY,"isDirector,isOfficer",0001242654-25-000003,2025-07-15,F,9527.0,118.61,370148.0,D,,,,,,
723125,2025-07-17,MU,Sadana Sumit,isOfficer,0001311079-25-000004,2025-07-15,F,3410.0,118.61,197916.0,D,,,,,,
723125,2025-07-17,MU,Deboer Scott J,isOfficer,0001568238-25-000003,2025-07-15,F,2293.0,118.61,164060.0,D,,,,,,
723125,2025-07-17,MU,Murphy Mark J.,isOfficer,0001498287-25-000003,2025-07-15,F,2777.0,118.61,298036.0,D,,,,,,
723125,2025-07-17,MU,ALLEN SCOTT R.,isOfficer,0001652149-25-000003,2025-07-15,F,910.0,118.61,52198.0,D,,,,,,
723125,2025-07-17,MU,ARNZEN APRIL S,isOfficer,0001632063-25-000004,2025-07-15,F,1587.0,118.61,146580.0,D,,,,,,
723125,2025-07-22,MU,ALLEN SCOTT R.,isOfficer,0001652149-25-000004,2025-07-19,M,270.0,0.0,52468.0,D,,,,,,
723125,2025-07-22,MU,ALLEN SCOTT R.,isOfficer,0001652149-25-000004,2025-07-19,F,138.0,114.39,52330.0,D,,,,,,
723125,2025-07-24,MU,Murphy Mark J.,isOfficer,0001498287-25-000004,2025-07-22,S,16099.0,108.76,281937.0,D,,,,,,
723125,2025-09-04,MU,McCarthy Mary Pat,isDirector,0001565570-25-000004,2025-09-02,S,2404.0,115.67,20146.0,D,,,,,,
723125,2025-09-09,MU,MEHROTRA SANJAY,"isDirector,isOfficer",0001242654-25-000005,2025-09-05,S,4174.0,130.54,365974.0,D,,,,,,
723125,2025-09-12,MU,MEHROTRA SANJAY,"isDirector,isOfficer",0001242654-25-000006,2025-09-11,S,2119.0,150.76,353029.0,D,,,,,,
723125,2025-09-12,MU,MEHROTRA SANJAY,"isDirector,isOfficer",0001242654-25-000006,2025-09-10,S,5322.0,140.28,357326.0,D,,,,,,
723125,2025-09-17,MU,MEHROTRA SANJAY,"isDirector,isOfficer",0001242654-25-000008,2025-09-15,S,181.0,160.04,347467.0,D,,,,,,
723125,2025-09-17,MU,MEHROTRA SANJAY,"isDirector,isOfficer",0001242654-25-000008,2025-09-16,S,4249.0,157.97,343218.0,D,,,,,,
723125,2025-09-22,MU,MEHROTRA SANJAY,"isDirector,isOfficer",0001242654-25-000009,2025-09-18,S,1202.0,170.18,338946.0,D,,,,,,
723125,2025-09-22,MU,MEHROTRA SANJAY,"isDirector,isOfficer",0001242654-25-000009,2025-09-19,S,363.0,159.73,338583.0,D,,,,,,
723125,2025-09-29,MU,BEYER RICHARD M,isDirector,0001224905-25-000004,2025-09-25,S,5552.0,155.68,96031.0,D,,,,,,
723125,2025-10-02,MU,ARNZEN APRIL S,isOfficer,0001632063-25-000006,2025-09-30,S,15000.0,164.04,131580.0,D,,,,,,
723125,2025-10-03,MU,MEHROTRA SANJAY,"isDirector,isOfficer",0001242654-25-000011,2025-10-01,S,9476.0,180.38,315672.0,D,,,,,,
723125,2025-10-07,MU,MEHROTRA SANJAY,"isDirector,isOfficer",0001242654-25-000013,2025-10-06,S,396.0,190.45,304615.0,D,,,,,,
723125,2025-10-07,MU,MEHROTRA SANJAY,"isDirector,isOfficer",0001242654-25-000013,2025-10-07,S,1015.0,184.23,293196.0,D,,,,,,
723125,2025-10-07,MU,MEHROTRA SANJAY,"isDirector,isOfficer",0001242654-25-000013,2025-10-03,S,4387.0,190.37,305761.0,D,,,,,,
723125,2025-10-15,MU,Dugle Lynn A,isDirector,0001453368-25-000004,2025-10-13,A,1377.0,0.0,19028.0,D,,,,,,
723125,2025-10-15,MU,ALLEN SCOTT R.,isOfficer,0001652149-25-000005,2025-10-13,A,4130.0,0.0,56460.0,D,,,,,,
723125,2025-10-15,MU,McCarthy Mary Pat,isDirector,0001565570-25-000005,2025-10-13,A,1377.0,0.0,21523.0,D,,,,,,
723125,2025-10-15,MU,BHATIA MANISH H,isOfficer,0001689498-25-000004,2025-10-13,F,10921.0,181.6,291122.0,D,,,,,,
723125,2025-10-15,MU,BHATIA MANISH H,isOfficer,0001689498-25-000004,2025-10-15,F,3310.0,187.06,350109.0,D,,,,,,
723125,2025-10-15,MU,Deboer Scott J,isOfficer,0001568238-25-000004,2025-10-15,F,2293.0,187.06,236145.0,D,,,,,,
723125,2025-10-15,MU,Simons Anna C,isDirector,0002058781-25-000005,2025-10-13,A,1377.0,0.0,3833.0,D,,,,,,
723125,2025-10-15,MU,BHATIA MANISH H,isOfficer,0001689498-25-000004,2025-10-13,M,26002.0,0.0,309603.0,D,,,,,,
723125,2025-10-15,MU,Deboer Scott J,isOfficer,0001568238-25-000004,2025-10-13,M,20486.0,0.0,196537.0,D,,,,,,
723125,2025-10-15,MU,Liu Teyin M,isDirector,0002058769-25-000006,2025-10-13,A,1377.0,0.0,2710.0,D,,,,,,
723125,2025-10-15,MU,ARNZEN APRIL S,isOfficer,0001632063-25-000007,2025-10-13,A,16520.0,0.0,148100.0,D,,,,,,
723125,2025-10-15,MU,ARNZEN APRIL S,isOfficer,0001632063-25-000007,2025-10-13,F,5335.0,181.6,142765.0,D,,,,,,
723125,2025-10-15,MU,CORDANO MICHAEL D,isOfficer,0001201490-25-000007,2025-10-13,A,17896.0,0.0,56739.0,D,,,,,,
723125,2025-10-15,MU,ALLEN SCOTT R.,isOfficer,0001652149-25-000005,2025-10-15,F,662.0,187.06,49153.0,D,,,,,,
723125,2025-10-15,MU,BHATIA MANISH H,isOfficer,0001689498-25-000004,2025-10-13,A,30286.0,0.0,302043.0,D,,,,,,
723125,2025-10-15,MU,ALLEN SCOTT R.,isOfficer,0001652149-25-000005,2025-10-13,F,1903.0,181.6,54557.0,D,,,,,,
723125,2025-10-15,MU,ARNZEN APRIL S,isOfficer,0001632063-25-000007,2025-10-15,F,1588.0,187.06,180618.0,D,,,,,,
723125,2025-10-15,MU,ARNZEN APRIL S,isOfficer,0001632063-25-000007,2025-10-13,M,14183.0,0.0,153259.0,D,,,,,,
723125,2025-10-15,MU,MEHROTRA SANJAY,"isDirector,isOfficer",0001242654-25-000015,2025-10-13,F,20173.0,181.6,310294.0,D,,,,,,
723125,2025-10-15,MU,GOMO STEVEN J,isDirector,0001224095-25-000004,2025-10-13,A,1377.0,0.0,24139.0,D,,,,,,
723125,2025-10-15,MU,Murphy Mark J.,isOfficer,0001498287-25-000006,2025-10-13,M,24425.0,0.0,300319.0,D,,,,,,
723125,2025-10-15,MU,RAY MICHAEL CHARLES,isOfficer,0001593199-25-000005,2025-10-13,A,17896.0,0.0,110512.0,D,,,,,,
723125,2025-10-15,MU,Murphy Mark J.,isOfficer,0001498287-25-000005,2025-10-13,A,27533.0,0.0,291569.0,D,,,,,,
723125,2025-10-15,MU,Murphy Mark J.,isOfficer,0001498287-25-000005,2025-10-15,F,2795.0,187.06,345693.0,D,,,,,,
723125,2025-10-15,MU,MEHROTRA SANJAY,"isDirector,isOfficer",0001242654-25-000015,2025-10-13,A,57819.0,0.0,330467.0,D,,,,,,
723125,2025-10-15,MU,Deboer Scott J,isOfficer,0001568238-25-000004,2025-10-13,F,7735.0,181.6,181793.0,D,,,,,,
723125,2025-10-15,MU,Sadana Sumit,isOfficer,0001311079-25-000005,2025-10-15,F,3410.0,187.06,277521.0,D,,,,,,
723125,2025-10-15,MU,Sadana Sumit,isOfficer,0001311079-25-000005,2025-10-13,M,26789.0,0.0,236549.0,D,,,,,,
723125,2025-10-15,MU,MEHROTRA SANJAY,"isDirector,isOfficer",0001242654-25-000015,2025-10-15,F,9527.0,187.06,501578.0,D,,,,,,
723125,2025-10-15,MU,Murphy Mark J.,isOfficer,0001498287-25-000006,2025-10-13,F,9271.0,181.6,282298.0,D,,,,,,
723125,2025-10-15,MU,Sadana Sumit,isOfficer,0001311079-25-000005,2025-10-13,F,10921.0,181.6,217281.0,D,,,,,,
723125,2025-10-15,MU,Deboer Scott J,isOfficer,0001568238-25-000004,2025-10-13,A,25468.0,0.0,189528.0,D,,,,,,
723125,2025-10-15,MU,MEHROTRA SANJAY,"isDirector,isOfficer",0001242654-25-000015,2025-10-13,M,74852.0,0.0,371094.0,D,,,,,,
723125,2025-10-15,MU,Murphy Mark J.,isOfficer,0001498287-25-000006,2025-10-15,F,2795.0,187.06,345693.0,D,,,,,,
723125,2025-10-15,MU,Murphy Mark J.,isOfficer,0001498287-25-000005,2025-10-13,M,24425.0,0.0,300319.0,D,,,,,,
723125,2025-10-15,MU,RAY MICHAEL CHARLES,isOfficer,0001593199-25-000005,2025-10-13,F,4750.0,181.6,105762.0,D,,,,,,
723125,2025-10-15,MU,Murphy Mark J.,isOfficer,0001498287-25-000006,2025-10-13,A,27533.0,0.0,291569.0,D,,,,,,
723125,2025-10-15,MU,Murphy Mark J.,isOfficer,0001498287-25-000005,2025-10-13,F,9271.0,181.6,282298.0,D,,,,,,
723125,2025-10-15,MU,Sadana Sumit,isOfficer,0001311079-25-000005,2025-10-13,A,30286.0,0.0,228202.0,D,,,,,,
723125,2025-10-15,MU,BEYER RICHARD M,isDirector,0001224905-25-000006,2025-10-13,A,1377.0,0.0,97408.0,D,,,,,,
723125,2025-10-20,MU,RAY MICHAEL CHARLES,isOfficer,0001593199-25-000006,2025-10-16,S,200.0,196.43,105562.0,D,,,,,,
723125,2025-10-21,MU,ALLEN SCOTT R.,isOfficer,0001652149-25-000006,2025-10-19,F,137.0,202.38,49037.0,D,,,,,,
723125,2025-10-21,MU,ALLEN SCOTT R.,isOfficer,0001652149-25-000006,2025-10-19,M,269.0,0.0,49174.0,D,,,,,,
723125,2025-10-21,MU,ALLEN SCOTT R.,isOfficer,0001652149-25-000006,2025-10-20,S,8800.0,210.02,40237.0,D,,,,,,
723125,2025-10-22,MU,MEHROTRA SANJAY,"isDirector,isOfficer",0001242654-25-000016,2025-10-20,G,10000.0,0.0,491578.0,D,,,,,,
723125,2025-10-22,MU,MEHROTRA SANJAY,"isDirector,isOfficer",0001242654-25-000016,2025-10-20,S,1206.0,210.5,490372.0,D,,,,,,
723125,2025-10-22,MU,MEHROTRA SANJAY,"isDirector,isOfficer",0001242654-25-000016,2025-10-21,S,3151.0,201.89,485688.0,D,,,,,,
723125,2025-10-29,MU,MEHROTRA SANJAY,"isDirector,isOfficer",0001242654-25-000017,2025-10-27,S,17018.0,220.17,452060.0,D,,,,,,
723125,2025-10-29,MU,MEHROTRA SANJAY,"isDirector,isOfficer",0001242654-25-000017,2025-10-27,G,5000.0,0.0,441578.0,D,,,,,,
723125,2025-10-29,MU,Deboer Scott J,isOfficer,0001568238-25-000005,2025-10-27,S,82000.0,222.81,154145.0,D,,,,,,
723125,2025-10-31,MU,MEHROTRA SANJAY,"isDirector,isOfficer",0001242654-25-000018,2025-10-30,S,527.0,221.68,419153.0,D,,,,,,
723125,2025-10-31,MU,MEHROTRA SANJAY,"isDirector,isOfficer",0001242654-25-000018,2025-10-29,G,10000.0,0.0,431578.0,D,,,,,,
723125,2025-10-31,MU,MEHROTRA SANJAY,"isDirector,isOfficer",0001242654-25-000018,2025-10-29,S,8968.0,230.23,422610.0,D,,,,,,
723125,2025-11-03,MU,Murphy Mark J.,isOfficer,0001498287-25-000007,2025-10-30,S,3820.0,221.64,341873.0,D,,,,,,
723125,2025-11-05,MU,Sadana Sumit,isOfficer,0001311079-25-000006,2025-11-03,G,4500.0,0.0,273021.0,D,,,,,,
723125,2025-11-10,MU,MEHROTRA SANJAY,"isDirector,isOfficer",0001242654-25-000019,2025-11-07,S,296.0,227.72,400025.0,D,,,,,,
723125,2025-11-10,MU,MEHROTRA SANJAY,"isDirector,isOfficer",0001242654-25-000019,2025-11-06,S,4562.0,240.42,404516.0,D,,,,,,
723125,2025-12-23,MU,GOMO STEVEN J,isDirector,0001224095-25-000006,2025-12-19,S,5000.0,263.63,19139.0,D,,,,,,
723125,2025-12-23,MU,ARNZEN APRIL S,isOfficer,0001632063-25-000011,2025-12-22,G,110.0,0.0,165508.0,D,,,,,,
723125,2025-12-23,MU,ARNZEN APRIL S,isOfficer,0001632063-25-000011,2025-12-22,S,15000.0,277.09,165618.0,D,,,,,,
723125,2025-12-29,MU,Murphy Mark J.,isOfficer,0001498287-25-000009,2025-12-24,J,35000.0,0.0,184693.0,D,,,,,,
723125,2026-01-06,MU,CORDANO MICHAEL D,isOfficer,0001201490-26-000001,2026-01-02,F,6058.0,285.41,50681.0,D,,,,,,
723125,2026-01-08,MU,ALLEN SCOTT R.,isOfficer,0001652149-26-000001,2026-01-06,S,2000.0,337.5,38237.0,D,,,,,,
723125,2026-01-15,MU,Liu Teyin M,isDirector,0002058769-26-000002,2026-01-13,P,11600.0,337.07,14310.0,D,,,,,,
723125,2026-01-15,MU,Liu Teyin M,isDirector,0002058769-26-000002,2026-01-14,P,3780.0,336.63,18090.0,D,,,,,,
723125,2026-01-20,MU,ALLEN SCOTT R.,isOfficer,0001652149-26-000002,2026-01-19,M,269.0,0.0,37569.0,D,,,,,,
723125,2026-01-20,MU,ALLEN SCOTT R.,isOfficer,0001652149-26-000002,2026-01-19,F,137.0,362.75,37432.0,D,,,,,,
723125,2026-01-20,MU,ALLEN SCOTT R.,isOfficer,0001652149-26-000002,2026-01-15,F,248.0,333.35,37989.0,D,,,,,,
723125,2026-01-26,MU,BHATIA MANISH H,isOfficer,0001689498-26-000001,2026-01-22,S,5128.0,388.78,344981.0,D,,,,,,
723125,2026-01-26,MU,RAY MICHAEL CHARLES,isOfficer,0001593199-26-000001,2026-01-22,F,15137.0,389.11,86943.0,D,,,,,,
723125,2026-01-29,MU,RAY MICHAEL CHARLES,isOfficer,0001593199-26-000002,2026-01-27,S,200.0,401.16,86743.0,D,,,,,,
723125,2026-02-04,MU,Sadana Sumit,isOfficer,0001311079-26-000001,2026-02-02,S,17450.0,429.43,255571.0,D,,,,,,
723125,2026-04-02,MU,Liu Teyin M,isDirector,0002058769-26-000003,2026-03-31,A,97.0,0.0,26007.0,D,,,,,,
723125,2026-04-03,MU,ARNZEN APRIL S,isOfficer,0001632063-26-000002,2026-04-01,S,8630.0,345.13,157107.0,D,,,,,,
723125,2026-04-13,MU,CORDANO MICHAEL D,isOfficer,0001201490-26-000002,2026-04-09,S,3407.0,420.81,47466.0,D,,,,,,
723125,2026-04-13,MU,CORDANO MICHAEL D,isOfficer,0001201490-26-000002,2026-04-09,S,3407.0,420.81,47466.0,D,non_derivative,Common Stock,,,,
723125,2026-04-14,MU,Sadana Sumit,isOfficer,0001311079-26-000002,2026-04-10,S,24000.0,421.35,224021.0,D,non_derivative,Common Stock,,,,
723125,2026-04-14,MU,Sadana Sumit,isOfficer,0001311079-26-000002,2026-04-10,S,24000.0,421.35,224021.0,D,,,,,,
723125,2026-04-16,MU,CORDANO MICHAEL D,isOfficer,0001201490-26-000003,2026-04-14,S,3407.0,435.0,44059.0,D,non_derivative,Common Stock,,,,
723125,2026-04-16,MU,CORDANO MICHAEL D,isOfficer,0001201490-26-000003,2026-04-14,S,3407.0,435.0,44059.0,D,,,,,,
723125,2026-04-17,MU,ALLEN SCOTT R.,isOfficer,0001652149-26-000003,2026-04-15,F,663.0,465.66,36998.0,D,,,,,,
723125,2026-04-17,MU,ALLEN SCOTT R.,isOfficer,0001652149-26-000003,2026-04-15,F,663.0,465.66,36998.0,D,non_derivative,Common Stock,,,,
723125,2026-05-05,MU,RAY MICHAEL CHARLES,isOfficer,0001593199-26-000003,2026-05-01,S,120.0,511.64,74708.0,D,,,,,,
723125,2026-05-05,MU,MEHROTRA SANJAY,"isDirector,isOfficer",0001242654-26-000005,2026-05-01,S,503.0,511.91,464000.0,D,,,,,,
723125,2026-05-05,MU,RAY MICHAEL CHARLES,isOfficer,0001593199-26-000003,2026-05-01,S,120.0,511.64,74708.0,D,non_derivative,Common Stock,,,,
723125,2026-05-05,MU,MEHROTRA SANJAY,"isDirector,isOfficer",0001242654-26-000005,2026-05-01,S,503.0,511.91,464000.0,D,non_derivative,Common Stock,,,,
723125,2026-05-13,MU,GOMO STEVEN J,isDirector,0001224095-26-000001,2026-05-11,S,1000.0,786.47,18139.0,D,,,,,,
723125,2026-05-13,MU,GOMO STEVEN J,isDirector,0001224095-26-000001,2026-05-11,S,1000.0,786.47,18139.0,D,non_derivative,Common Stock,,,,
723125,2026-06-02,MU,MEHROTRA SANJAY,"isDirector,isOfficer",0001242654-26-000010,2026-05-29,S,560.0,973.75,386504.0,D,non_derivative,Common Stock,,,,
723125,2026-06-02,MU,MEHROTRA SANJAY,"isDirector,isOfficer",0001242654-26-000009,2026-05-29,S,105.0,942.14,424398.0,D,non_derivative,Common Stock,,,,
723125,2026-06-11,MU,Bjorlin Alexis,isDirector,0001798757-26-000006,2026-06-09,A,63.0,0.0,63.0,D,non_derivative,Common Stock,,,,
723125,2026-06-30,MU,MEHROTRA SANJAY,"isDirector,isOfficer",0001242654-26-000011,2026-06-26,S,243.0,1128.41,384260.0,D,non_derivative,Common Stock,,,,
723125,2026-06-30,MU,MEHROTRA SANJAY,"isDirector,isOfficer",0001242654-26-000012,2026-06-26,S,496.0,1170.6,355501.0,D,non_derivative,Common Stock,,,,
723125,2026-07-02,MU,Dugle Lynn A,isDirector,0001453368-26-000001,2026-06-30,S,1300.0,1150.43,17728.0,D,non_derivative,Common Stock,,,,
723125,2026-07-02,MU,Liu Teyin M,isDirector,0002058769-26-000004,2026-06-30,A,27.0,0.0,26034.0,D,non_derivative,Common Stock,,,,
723125,2026-07-02,MU,Dugle Lynn A,isDirector,0001453368-26-000001,2026-06-30,G,700.0,0.0,17028.0,D,non_derivative,Common Stock,,,,
723125,2026-07-02,MU,SWAN ROBERT HOLMES,isDirector,0001218363-26-000003,2026-06-30,A,35.0,0.0,35.0,D,derivative,Restricted Stock Units,Common Stock,35.0,0.0,
723125,2026-07-06,MU,ARNZEN APRIL S,isOfficer,0001632063-26-000003,2026-07-01,S,4279.0,1077.05,121458.0,D,non_derivative,Common Stock,,,,
723125,2026-07-17,MU,ALLEN SCOTT R.,isOfficer,0001652149-26-000004,2026-07-15,F,663.0,983.12,36086.0,D,non_derivative,Common Stock,,,,
723125,2026-07-27,MU,ALLEN SCOTT R.,isOfficer,0001652149-26-000005,2026-07-23,S,879.0,1000.0,34958.0,D,non_derivative,Common Stock,,,,
723125,2026-07-28,MU,MEHROTRA SANJAY,"isDirector,isOfficer",0001242654-26-000014,2026-07-24,S,1050.0,942.87,312168.0,D,non_derivative,Common Stock,,,,
723125,2026-07-28,MU,MEHROTRA SANJAY,"isDirector,isOfficer",0001242654-26-000013,2026-07-24,S,808.0,906.48,343695.0,D,non_derivative,Common Stock,,,,
