cik,filingDate,issuerTradingSymbol,reportingOwnerName,reportingOwnerRelationship,accessionNumber,transactionDate,transactionCode,transactionShares,transactionPricePerShare,sharesOwnedFollowingTransaction,directOrIndirectOwnership,transactionType,securityTitle,underlyingSecurityTitle,underlyingSecurityShares,exercisePrice,expirationDate
73124,2019-04-02,NTRS,Tribbett Charles A,,0000073124-19-000122,2019-03-31,A,345.65,90.41,22142.46,D,,,,,,
73124,2019-04-02,NTRS,Harrison Dean M,,0000073124-19-000118,2019-04-01,A,8.73,92.7,7522.15,D,,,,,,
73124,2019-04-02,NTRS,CROWN SUSAN,,0001124194-19-000003,2019-03-31,A,331.82,90.41,23684.79,D,,,,,,
73124,2019-04-02,NTRS,BYNOE LINDA,,0000073124-19-000117,2019-04-01,A,8.4,92.7,22814.11,D,,,,,,
73124,2019-04-02,NTRS,Harrison Dean M,,0000073124-19-000118,2019-03-31,A,359.47,90.41,7513.42,D,,,,,,
73124,2019-04-02,NTRS,Prado Becerra Jose Luis,,0000073124-19-000119,2019-04-01,A,8.06,92.7,10442.72,D,,,,,,
73124,2019-04-02,NTRS,BYNOE LINDA,,0000073124-19-000117,2019-03-31,A,345.65,90.41,22805.71,D,,,,,,
73124,2019-04-02,NTRS,Richards Thomas E,,0000073124-19-000120,2019-04-01,A,8.06,92.7,6512.05,D,,,,,,
73124,2019-04-02,NTRS,Richards Thomas E,,0000073124-19-000120,2019-03-31,A,331.82,90.41,6503.99,D,,,,,,
73124,2019-04-02,NTRS,Thompson Donald,,0000073124-19-000121,2019-03-31,A,400.95,90.41,5683.54,D,,,,,,
73124,2019-04-02,NTRS,Tribbett Charles A,,0000073124-19-000122,2019-04-01,A,8.4,92.7,22150.86,D,,,,,,
73124,2019-04-02,NTRS,Prado Becerra Jose Luis,,0000073124-19-000119,2019-03-31,A,331.82,90.41,10434.66,D,,,,,,
73124,2019-04-02,NTRS,Thompson Donald,,0000073124-19-000121,2019-04-01,A,9.74,92.7,5693.28,D,,,,,,
73124,2019-04-25,NTRS,BYNOE LINDA,,0000073124-19-000145,2019-04-23,A,22.83,95.94,22491.29,D,,,,,,
73124,2019-04-25,NTRS,Harrison Dean M,,0000073124-19-000146,2019-04-23,A,22.83,95.94,7544.98,D,,,,,,
73124,2019-04-25,NTRS,POWELL CHARLES D,,0000073124-19-000150,2019-04-23,M,1033.0,,1033.0,D,,,,,,
73124,2019-04-25,NTRS,Henderson Jay L,,0000073124-19-000147,2019-04-23,A,1146.0,0.0,8553.0,D,,,,,,
73124,2019-04-25,NTRS,Klevorn Marcy S,,0000073124-19-000148,2019-04-23,A,1.5,95.94,241.5,D,,,,,,
73124,2019-04-25,NTRS,Mehta Siddharth N,,0000073124-19-000149,2019-04-23,A,1146.0,0.0,1386.0,D,,,,,,
73124,2019-04-25,NTRS,POWELL CHARLES D,,0000073124-19-000150,2019-04-23,D,1033.0,94.3,0.0,D,,,,,,
73124,2019-04-25,NTRS,CROWN SUSAN,,0001124194-19-000004,2019-04-23,A,1146.0,95.94,24853.62,D,,,,,,
73124,2019-04-25,NTRS,Prado Becerra Jose Luis,,0000073124-19-000151,2019-04-23,A,22.83,95.94,10465.55,D,,,,,,
73124,2019-04-25,NTRS,Tribbett Charles A,,0000073124-19-000157,2019-04-23,A,22.83,95.94,22173.69,D,,,,,,
73124,2019-04-25,NTRS,Richards Thomas E,,0000073124-19-000152,2019-04-23,A,22.83,95.94,6534.88,D,,,,,,
73124,2019-04-25,NTRS,ROWE JOHN W,,0000073124-19-000153,2019-04-23,A,22.83,95.94,22922.57,D,,,,,,
73124,2019-04-25,NTRS,SLARK MARTIN P,,0000073124-19-000154,2019-04-23,A,22.83,95.94,8880.5,D,,,,,,
73124,2019-04-25,NTRS,SMITH DAVID BYRON JR,,0000073124-19-000155,2019-04-23,A,1146.0,0.0,1146.0,D,,,,,,
73124,2019-04-25,NTRS,Thompson Donald,,0000073124-19-000156,2019-04-23,A,22.83,95.94,5716.11,D,,,,,,
73124,2019-04-26,NTRS,Thomas Shundrawn A,,0000073124-19-000161,2019-04-25,S,11084.0,97.65,34561.0,D,,,,,,
73124,2019-04-26,NTRS,Thomas Shundrawn A,,0000073124-19-000161,2019-04-25,M,5700.0,52.64,40261.0,D,,,,,,
73124,2019-04-26,NTRS,Parker Teresa,,0000073124-19-000160,2019-04-25,S,3000.0,97.5,38244.0,D,,,,,,
73124,2019-06-14,NTRS,BROWNE ROBERT P,,0000073124-19-000170,2019-06-14,S,12156.0,86.88,60776.0,D,,,,,,
73124,2019-07-02,NTRS,Tribbett Charles A,,0000073124-19-000189,2019-06-30,A,347.22,90.0,23666.91,D,,,,,,
73124,2019-07-02,NTRS,Tribbett Charles A,,0000073124-19-000189,2019-07-01,A,17.72,91.65,23684.63,D,,,,,,
73124,2019-07-02,NTRS,Thompson Donald,,0000073124-19-000188,2019-06-30,A,402.78,90.0,7264.89,D,,,,,,
73124,2019-07-02,NTRS,Thompson Donald,,0000073124-19-000188,2019-07-01,A,19.45,91.65,7284.34,D,,,,,,
73124,2019-07-02,NTRS,SLARK MARTIN P,,0000073124-19-000187,2019-07-01,A,6.91,91.65,10033.41,D,,,,,,
73124,2019-07-02,NTRS,Richards Thomas E,,0000073124-19-000186,2019-06-30,A,333.33,90.0,8014.21,D,,,,,,
73124,2019-07-02,NTRS,Richards Thomas E,,0000073124-19-000186,2019-07-01,A,17.29,91.65,8031.5,D,,,,,,
73124,2019-07-02,NTRS,Prado Becerra Jose Luis,,0000073124-19-000185,2019-06-30,A,312.27,90.0,11923.82,D,,,,,,
73124,2019-07-02,NTRS,Prado Becerra Jose Luis,,0000073124-19-000185,2019-07-01,A,17.29,91.65,11941.11,D,,,,,,
73124,2019-07-02,NTRS,Klevorn Marcy S,,0000073124-19-000184,2019-07-01,A,1.58,91.65,1389.08,D,,,,,,
73124,2019-07-02,NTRS,Harrison Dean M,,0000073124-19-000183,2019-06-30,A,392.7,90.0,9083.68,D,,,,,,
73124,2019-07-02,NTRS,Harrison Dean M,,0000073124-19-000183,2019-07-01,A,18.15,91.65,9101.83,D,,,,,,
73124,2019-07-02,NTRS,BYNOE LINDA,,0000073124-19-000182,2019-07-01,A,15.46,91.65,23652.75,D,,,,,,
73124,2019-07-02,NTRS,CROWN SUSAN,,0001124194-19-000006,2019-06-30,A,333.33,90.0,25204.24,D,,,,,,
73124,2019-07-30,NTRS,BROWNE ROBERT P,,0000073124-19-000199,2019-07-29,S,9983.0,99.17,48776.0,D,,,,,,
73124,2019-07-30,NTRS,BROWNE ROBERT P,,0000073124-19-000199,2019-07-29,M,9983.0,60.85,58759.0,D,,,,,,
73124,2019-07-30,NTRS,BROWNE ROBERT P,,0000073124-19-000199,2019-07-26,M,3206.0,52.64,51982.0,D,,,,,,
73124,2019-07-30,NTRS,BROWNE ROBERT P,,0000073124-19-000199,2019-07-26,S,12000.0,99.6,48776.0,D,,,,,,
73124,2019-08-06,NTRS,Bowman Biff,,0000073124-19-000201,2019-08-02,M,20337.0,60.85,111343.0,D,,,,,,
73124,2019-08-06,NTRS,Bowman Biff,,0000073124-19-000201,2019-08-02,S,45906.0,92.81,91304.0,D,,,,,,
73124,2019-08-22,NTRS,St Clair Joyce,,0000073124-19-000203,2019-08-21,G,154.0,0.0,26183.0,I,,,,,,
73124,2019-09-16,NTRS,South Thomas A,,0000073124-19-000210,2019-09-13,S,1000.0,98.54,15963.0,D,,,,,,
73124,2019-09-16,NTRS,Leech Wilson,,0000073124-19-000209,2019-09-13,M,593.0,60.85,44872.63,D,,,,,,
73124,2019-09-16,NTRS,Leech Wilson,,0000073124-19-000209,2019-09-13,S,4377.0,99.26,44279.63,D,,,,,,
73124,2019-10-02,NTRS,BYNOE LINDA,,0000073124-19-000221,2019-10-01,A,18.51,89.88,23671.26,D,,,,,,
73124,2019-10-02,NTRS,Harrison Dean M,,0000073124-19-000222,2019-09-30,A,388.45,93.32,9490.28,D,,,,,,
73124,2019-10-02,NTRS,Harrison Dean M,,0000073124-19-000222,2019-04-03,S,4.0,93.99,47.0,I,,,,,,
73124,2019-10-02,NTRS,Klevorn Marcy S,,0000073124-19-000223,2019-10-01,A,1.89,89.88,1390.97,D,,,,,,
73124,2019-10-02,NTRS,Prado Becerra Jose Luis,,0000073124-19-000224,2019-10-01,A,23.13,89.88,12258.92,D,,,,,,
73124,2019-10-02,NTRS,Prado Becerra Jose Luis,,0000073124-19-000224,2019-09-30,A,294.68,93.32,12235.79,D,,,,,,
73124,2019-10-02,NTRS,Richards Thomas E,,0000073124-19-000225,2019-09-30,A,321.47,93.32,8352.97,D,,,,,,
73124,2019-10-02,NTRS,Richards Thomas E,,0000073124-19-000225,2019-10-01,A,23.3,89.88,8376.27,D,,,,,,
73124,2019-10-02,NTRS,SLARK MARTIN P,,0000073124-19-000226,2019-10-01,A,8.28,89.88,10041.69,D,,,,,,
73124,2019-10-02,NTRS,Thompson Donald,,0000073124-19-000227,2019-10-01,A,26.43,89.88,7699.22,D,,,,,,
73124,2019-10-02,NTRS,Thompson Donald,,0000073124-19-000227,2019-09-30,A,388.45,93.32,7672.79,D,,,,,,
73124,2019-10-02,NTRS,Tribbett Charles A,,0000073124-19-000228,2019-10-01,A,23.92,89.88,24043.42,D,,,,,,
73124,2019-10-02,NTRS,Tribbett Charles A,,0000073124-19-000228,2019-09-30,A,334.87,93.32,24019.5,D,,,,,,
73124,2019-10-02,NTRS,Harrison Dean M,,0000073124-19-000222,2019-10-01,A,24.76,89.88,9515.04,D,,,,,,
73124,2019-10-02,NTRS,CROWN SUSAN,,0001124194-19-000008,2019-09-30,A,321.47,93.32,25549.01,D,,,,,,
73124,2019-10-29,NTRS,BROWNE ROBERT P,,0000073124-19-000239,2019-10-25,M,3562.0,52.64,36425.0,D,,,,,,
73124,2019-10-29,NTRS,BROWNE ROBERT P,,0000073124-19-000239,2019-10-25,S,10680.0,101.56,32863.0,D,,,,,,
73124,2019-10-29,NTRS,BROWNE ROBERT P,,0000073124-19-000239,2019-10-28,M,11093.0,60.85,43956.0,D,,,,,,
73124,2019-10-29,NTRS,BROWNE ROBERT P,,0000073124-19-000239,2019-10-28,S,22963.0,102.06,32863.0,D,,,,,,
73124,2019-10-29,NTRS,BROWNE ROBERT P,,0000073124-19-000239,2019-10-29,M,12359.0,58.25,45222.0,D,,,,,,
73124,2019-10-29,NTRS,BROWNE ROBERT P,,0000073124-19-000239,2019-10-29,S,18812.0,102.96,32863.0,D,,,,,,
73124,2019-10-31,NTRS,St Clair Joyce,,0000073124-19-000243,2019-10-30,S,8110.0,100.52,0.0,I,,,,,,
73124,2019-10-31,NTRS,Bowman Biff,,0000073124-19-000242,2019-10-31,G,2489.0,0.0,88517.0,D,,,,,,
73124,2019-11-08,NTRS,BROWNE ROBERT P,,0000073124-19-000245,2019-11-07,S,11534.0,107.85,32863.0,D,,,,,,
73124,2019-11-08,NTRS,BROWNE ROBERT P,,0000073124-19-000245,2019-11-07,M,11534.0,58.25,44397.0,D,,,,,,
73124,2019-11-25,NTRS,Bowman Biff,,0000073124-19-000249,2019-11-22,G,329.0,0.0,88188.0,D,,,,,,
73124,2019-11-25,NTRS,Bowman Biff,,0000073124-19-000249,2019-11-22,S,13208.0,106.53,74980.0,D,,,,,,
73124,2019-12-12,NTRS,BROWNE ROBERT P,,0000073124-19-000251,2019-12-11,M,356.0,52.64,33219.0,D,,,,,,
73124,2019-12-12,NTRS,BROWNE ROBERT P,,0000073124-19-000251,2019-12-11,S,14046.0,109.28,32863.0,D,,,,,,
73124,2019-12-16,NTRS,Levy Susan Cohen,,0000073124-19-000260,2019-12-12,F,288.0,108.68,51954.0,D,,,,,,
73124,2019-12-16,NTRS,FRADKIN STEVEN L,,0000073124-19-000259,2019-12-12,F,406.0,108.68,44725.0,D,,,,,,
73124,2019-12-16,NTRS,Cherecwich Peter,,0000073124-19-000258,2019-12-12,F,852.0,108.68,23914.0,D,,,,,,
73124,2019-12-16,NTRS,Parker Teresa,,0000073124-19-000261,2019-12-12,F,436.0,108.68,37808.0,D,,,,,,
73124,2019-12-16,NTRS,Bowman Biff,,0000073124-19-000257,2019-12-12,F,352.0,108.68,74628.0,D,,,,,,
73124,2020-01-02,NTRS,CROWN SUSAN,,0001124194-20-000001,2019-12-31,A,282.38,106.24,25853.37,D,,,,,,
73124,2020-01-03,NTRS,Harrison Dean M,,0000073124-20-000005,2020-01-01,A,23.7,106.24,9879.95,D,,,,,,
73124,2020-01-03,NTRS,Richards Thomas E,,0000073124-20-000008,2019-12-31,A,282.38,106.24,8658.65,D,,,,,,
73124,2020-01-03,NTRS,Harrison Dean M,,0000073124-20-000005,2019-12-31,A,341.21,106.24,9856.25,D,,,,,,
73124,2020-01-03,NTRS,Prado Becerra Jose Luis,,0000073124-20-000007,2020-01-01,A,21.67,106.24,12539.44,D,,,,,,
73124,2020-01-03,NTRS,Klevorn Marcy S,,0000073124-20-000006,2020-01-01,A,1.61,106.24,1392.58,D,,,,,,
73124,2020-01-03,NTRS,Prado Becerra Jose Luis,,0000073124-20-000007,2019-12-31,A,258.85,106.24,12517.77,D,,,,,,
73124,2020-01-03,NTRS,SLARK MARTIN P,,0000073124-20-000009,2020-01-01,A,7.06,106.24,10048.75,D,,,,,,
73124,2020-01-03,NTRS,Tribbett Charles A,,0000073124-20-000011,2020-01-01,A,22.6,106.24,24360.17,D,,,,,,
73124,2020-01-03,NTRS,Tribbett Charles A,,0000073124-20-000011,2019-12-31,A,294.15,106.24,24337.57,D,,,,,,
73124,2020-01-03,NTRS,Richards Thomas E,,0000073124-20-000008,2020-01-01,A,21.98,106.24,8680.63,D,,,,,,
73124,2020-01-03,NTRS,BYNOE LINDA,,0000073124-20-000004,2020-01-01,A,15.78,106.24,23687.04,D,,,,,,
73124,2020-01-03,NTRS,Thompson Donald,,0000073124-20-000010,2020-01-01,A,25.09,106.24,8065.52,D,,,,,,
73124,2020-01-03,NTRS,Thompson Donald,,0000073124-20-000010,2019-12-31,A,341.21,106.24,8040.43,D,,,,,,
73124,2020-01-22,NTRS,Thomas Shundrawn A,,0000073124-20-000033,2020-01-21,A,4180.0,0.0,38741.0,D,,,,,,
73124,2020-01-22,NTRS,Thomas Shundrawn A,,0000073124-20-000033,2020-01-21,F,1274.0,109.23,37467.0,D,,,,,,
73124,2020-01-22,NTRS,Levy Susan Cohen,,0000073124-20-000030,2020-01-21,A,11287.0,0.0,63241.0,D,,,,,,
73124,2020-01-22,NTRS,BROWNE ROBERT P,,0000073124-20-000026,2020-01-21,F,4850.0,109.23,41947.0,D,,,,,,
73124,2020-01-22,NTRS,FRADKIN STEVEN L,,0000073124-20-000028,2020-01-21,A,15049.0,0.0,59774.0,D,,,,,,
73124,2020-01-22,NTRS,Leech Wilson,,0000073124-20-000029,2020-01-21,F,6394.0,109.23,49246.63,D,,,,,,
73124,2020-01-22,NTRS,Leech Wilson,,0000073124-20-000029,2020-01-21,A,11361.0,0.0,55640.63,D,,,,,,
73124,2020-01-22,NTRS,Levy Susan Cohen,,0000073124-20-000030,2020-01-21,F,3678.0,109.23,59563.0,D,,,,,,
73124,2020-01-22,NTRS,Tyler Jason J.,,0000073124-20-000034,2020-01-21,F,665.0,109.23,11374.0,D,,,,,,
73124,2020-01-22,NTRS,BROWNE ROBERT P,,0000073124-20-000026,2020-01-21,A,13934.0,0.0,46797.0,D,,,,,,
73124,2020-01-22,NTRS,O'Grady Michael,,0000073124-20-000031,2020-01-21,A,21946.0,0.0,71302.0,D,,,,,,
73124,2020-01-22,NTRS,St Clair Joyce,,0000073124-20-000032,2020-01-21,F,4926.0,109.23,24018.0,D,,,,,,
73124,2020-01-22,NTRS,St Clair Joyce,,0000073124-20-000032,2020-01-21,A,14108.0,0.0,38126.0,D,,,,,,
73124,2020-01-22,NTRS,St Clair Joyce,,0000073124-20-000032,2019-12-12,F,304.0,108.68,24018.0,D,,,,,,
73124,2020-01-22,NTRS,Tyler Jason J.,,0000073124-20-000034,2020-01-21,A,2091.0,0.0,12039.0,D,,,,,,
73124,2020-01-22,NTRS,O'Grady Michael,,0000073124-20-000031,2020-01-21,F,8392.0,109.23,49356.0,D,,,,,,
73124,2020-01-22,NTRS,FRADKIN STEVEN L,,0000073124-20-000028,2020-01-21,F,5343.0,109.23,44725.0,D,,,,,,
73124,2020-01-22,NTRS,Cherecwich Peter,,0000073124-20-000027,2020-01-21,A,14108.0,0.0,38022.0,D,,,,,,
73124,2020-01-22,NTRS,Cherecwich Peter,,0000073124-20-000027,2020-01-21,F,4926.0,109.23,23914.0,D,,,,,,
73124,2020-01-27,NTRS,Parker Teresa,,0000073124-20-000036,2020-01-24,M,6163.0,60.85,43971.0,D,,,,,,
73124,2020-01-27,NTRS,Parker Teresa,,0000073124-20-000036,2020-01-24,S,8427.0,102.38,46171.0,D,,,,,,
73124,2020-02-10,NTRS,Parker Teresa,,0000073124-20-000040,2020-02-06,S,1057.0,102.84,37808.0,D,,,,,,
73124,2020-02-10,NTRS,Parker Teresa,,0000073124-20-000040,2020-02-06,M,1057.0,58.25,38865.0,D,,,,,,
73124,2020-02-11,NTRS,Gossett Mark C,,0000073124-20-000042,2020-02-07,I,2459.33,101.26,2459.33,I,,,,,,
73124,2020-02-13,NTRS,Thomas Shundrawn A,,0000073124-20-000044,2020-02-11,G,1950.0,0.0,35517.0,D,,,,,,
73124,2020-02-19,NTRS,Levy Susan Cohen,,0000073124-20-000062,2020-02-16,F,1712.0,100.6,57851.0,D,,,,,,
73124,2020-02-19,NTRS,South Thomas A,,0000073124-20-000065,2020-02-16,F,789.0,100.6,15174.0,D,,,,,,
73124,2020-02-19,NTRS,Gossett Mark C,,0000073124-20-000061,2020-02-18,A,1649.0,0.0,15135.0,D,,,,,,
73124,2020-02-19,NTRS,O'Grady Michael,,0000073124-20-000063,2020-02-16,F,2139.0,100.6,44528.0,D,,,,,,
73124,2020-02-19,NTRS,O'Grady Michael,,0000073124-20-000063,2020-02-18,A,23691.0,0.0,68219.0,D,,,,,,
73124,2020-02-19,NTRS,Tyler Jason J.,,0000073124-20-000068,2020-02-16,F,189.0,100.6,11185.0,D,,,,,,
73124,2020-02-19,NTRS,Tyler Jason J.,,0000073124-20-000068,2020-02-18,A,2083.0,0.0,13268.0,D,,,,,,
73124,2020-02-19,NTRS,Thomas Shundrawn A,,0000073124-20-000067,2020-02-16,F,318.0,100.6,35199.0,D,,,,,,
73124,2020-02-19,NTRS,Thomas Shundrawn A,,0000073124-20-000067,2020-02-18,A,8019.0,0.0,43218.0,D,,,,,,
73124,2020-02-19,NTRS,St Clair Joyce,,0000073124-20-000066,2020-02-16,F,2853.0,100.6,17580.0,D,,,,,,
73124,2020-02-19,NTRS,South Thomas A,,0000073124-20-000065,2020-02-18,A,5832.0,0.0,21006.0,D,,,,,,
73124,2020-02-19,NTRS,Parker Teresa,,0000073124-20-000064,2020-02-16,F,509.0,100.6,37299.0,D,,,,,,
73124,2020-02-19,NTRS,Cherecwich Peter,,0000073124-20-000059,2020-02-18,A,8505.0,0.0,28664.0,D,,,,,,
73124,2020-02-19,NTRS,BROWNE ROBERT P,,0000073124-20-000058,2020-02-16,F,2045.0,100.6,36234.0,D,,,,,,
73124,2020-02-19,NTRS,Cherecwich Peter,,0000073124-20-000059,2020-02-16,F,1664.0,100.6,20159.0,D,,,,,,
73124,2020-02-19,NTRS,BROWNE ROBERT P,,0000073124-20-000058,2020-02-18,A,7533.0,0.0,43767.0,D,,,,,,
73124,2020-02-19,NTRS,Allnutt Lauren E,,0000073124-20-000057,2020-02-16,F,119.0,100.6,2855.0,D,,,,,,
73124,2020-02-19,NTRS,Allnutt Lauren E,,0000073124-20-000057,2020-02-18,A,655.0,0.0,3510.0,D,,,,,,
73124,2020-02-19,NTRS,Levy Susan Cohen,,0000073124-20-000062,2020-02-18,A,6318.0,0.0,64169.0,D,,,,,,
73124,2020-02-19,NTRS,Gossett Mark C,,0000073124-20-000061,2020-02-16,F,1044.0,100.6,13486.0,D,,,,,,
73124,2020-02-19,NTRS,FRADKIN STEVEN L,,0000073124-20-000060,2020-02-16,F,2139.0,100.6,39897.0,D,,,,,,
73124,2020-02-19,NTRS,FRADKIN STEVEN L,,0000073124-20-000060,2020-02-18,A,8991.0,0.0,48888.0,D,,,,,,
73124,2020-02-19,NTRS,St Clair Joyce,,0000073124-20-000066,2020-02-18,A,6440.0,0.0,24020.0,D,,,,,,
73124,2020-02-20,NTRS,Parker Teresa,,0000073124-20-000070,2020-02-18,A,13017.0,0.0,50316.0,D,,,,,,
73124,2020-02-21,NTRS,BROWNE ROBERT P,,0000073124-20-000073,2020-02-20,M,3708.0,58.25,47475.0,D,,,,,,
73124,2020-02-21,NTRS,BROWNE ROBERT P,,0000073124-20-000073,2020-02-20,S,3708.0,104.07,43767.0,D,,,,,,
73124,2020-02-21,NTRS,Cherecwich Peter,,0000073124-20-000074,2020-02-20,M,18991.0,70.21,47655.0,D,,,,,,
73124,2020-02-21,NTRS,Cherecwich Peter,,0000073124-20-000074,2020-02-20,S,32403.0,103.19,28664.0,D,,,,,,
73124,2020-02-25,NTRS,St Clair Joyce,,0000073124-20-000098,2020-02-21,F,1155.0,101.35,21267.0,D,,,,,,
73124,2020-02-25,NTRS,South Thomas A,,0000073124-20-000097,2020-02-21,F,541.0,101.35,20465.0,D,,,,,,
73124,2020-02-25,NTRS,Levy Susan Cohen,,0000073124-20-000095,2020-02-21,F,926.0,101.35,63243.0,D,,,,,,
73124,2020-02-25,NTRS,Allnutt Lauren E,,0000073124-20-000090,2020-02-21,F,79.0,101.35,3431.0,D,,,,,,
73124,2020-02-25,NTRS,Thomas Shundrawn A,,0000073124-20-000099,2020-02-21,F,250.0,101.35,42968.0,D,,,,,,
73124,2020-02-25,NTRS,BROWNE ROBERT P,,0000073124-20-000091,2020-02-21,F,1258.0,101.35,42509.0,D,,,,,,
73124,2020-02-25,NTRS,Tyler Jason J.,,0000073124-20-000100,2020-02-21,F,125.0,101.35,13143.0,D,,,,,,
73124,2020-02-25,NTRS,O'Grady Michael,,0000073124-20-000096,2020-02-21,F,1982.0,101.35,63747.0,D,,,,,,
73124,2020-02-25,NTRS,Gossett Mark C,,0000073124-20-000094,2020-02-21,F,594.0,101.35,14541.0,D,,,,,,
73124,2020-02-25,NTRS,FRADKIN STEVEN L,,0000073124-20-000093,2020-02-21,F,1233.0,101.35,45951.0,D,,,,,,
73124,2020-02-25,NTRS,Cherecwich Peter,,0000073124-20-000092,2020-02-21,F,1157.0,101.35,25906.0,D,,,,,,
73124,2020-03-03,NTRS,Gossett Mark C,,0000073124-20-000117,2020-03-02,F,809.0,86.63,13732.0,D,,,,,,
73124,2020-03-03,NTRS,Cherecwich Peter,,0000073124-20-000115,2020-03-02,F,1722.0,86.63,21803.0,D,,,,,,
73124,2020-03-03,NTRS,O'Grady Michael,,0000073124-20-000119,2020-03-02,F,4391.0,86.63,53837.0,D,,,,,,
73124,2020-03-03,NTRS,FRADKIN STEVEN L,,0000073124-20-000116,2020-03-02,F,1782.0,86.63,41705.0,D,,,,,,
73124,2020-03-03,NTRS,Levy Susan Cohen,,0000073124-20-000118,2020-03-02,F,1289.0,86.63,61954.0,D,,,,,,
73124,2020-03-03,NTRS,St Clair Joyce,,0000073124-20-000121,2020-03-02,F,1438.0,86.63,17841.0,D,,,,,,
73124,2020-03-03,NTRS,Allnutt Lauren E,,0000073124-20-000113,2020-03-02,F,49.0,86.63,3382.0,D,,,,,,
73124,2020-03-03,NTRS,Thomas Shundrawn A,,0000073124-20-000122,2020-03-02,F,1345.0,86.63,41623.0,D,,,,,,
73124,2020-03-03,NTRS,Tyler Jason J.,,0000073124-20-000123,2020-03-02,F,250.0,86.63,12893.0,D,,,,,,
73124,2020-03-03,NTRS,South Thomas A,,0000073124-20-000120,2020-03-02,F,826.0,86.63,19639.0,D,,,,,,
73124,2020-03-03,NTRS,BROWNE ROBERT P,,0000073124-20-000114,2020-03-02,F,1727.0,86.63,38820.0,D,,,,,,
73124,2020-03-11,NTRS,BROWNE ROBERT P,,0000073124-20-000124,2020-03-10,S,4500.0,72.31,34320.0,D,,,,,,
73124,2020-04-02,NTRS,BYNOE LINDA,,0000073124-20-000137,2020-04-01,A,23.12,73.0,23710.16,D,,,,,,
73124,2020-04-02,NTRS,Harrison Dean M,,0000073124-20-000138,2020-04-01,A,38.0,73.0,10414.9,D,,,,,,
73124,2020-04-02,NTRS,Harrison Dean M,,0000073124-20-000138,2020-03-31,A,496.95,75.46,10376.9,D,,,,,,
73124,2020-04-02,NTRS,Klevorn Marcy S,,0000073124-20-000139,2020-04-01,A,2.36,73.0,1394.94,D,,,,,,
73124,2020-04-02,NTRS,Prado Becerra Jose Luis,,0000073124-20-000140,2020-03-31,A,364.43,75.46,12903.87,D,,,,,,
73124,2020-04-02,NTRS,CROWN SUSAN,,0001124194-20-000002,2020-04-01,A,34.91,73.0,25888.28,D,,,,,,
73124,2020-04-02,NTRS,Prado Becerra Jose Luis,,0000073124-20-000140,2020-04-01,A,34.22,73.0,12938.09,D,,,,,,
73124,2020-04-02,NTRS,Tribbett Charles A,,0000073124-20-000144,2020-03-31,A,430.69,75.46,24790.86,D,,,,,,
73124,2020-04-02,NTRS,Richards Thomas E,,0000073124-20-000141,2020-04-01,A,34.91,73.0,9113.1,D,,,,,,
73124,2020-04-02,NTRS,Richards Thomas E,,0000073124-20-000141,2020-03-31,A,397.56,75.46,9078.19,D,,,,,,
73124,2020-04-02,NTRS,Thompson Donald,,0000073124-20-000143,2020-04-01,A,40.03,73.0,8602.5,D,,,,,,
73124,2020-04-02,NTRS,Thompson Donald,,0000073124-20-000143,2020-03-31,A,496.95,75.46,8562.47,D,,,,,,
73124,2020-04-02,NTRS,Tribbett Charles A,,0000073124-20-000144,2020-04-01,A,35.93,73.0,24826.79,D,,,,,,
73124,2020-04-02,NTRS,SLARK MARTIN P,,0000073124-20-000142,2020-04-01,A,10.34,73.0,10059.09,D,,,,,,
73124,2020-04-23,NTRS,Mehta Siddharth N,,0000073124-20-000165,2020-04-21,A,1679.0,0.0,3065.0,D,,,,,,
73124,2020-04-23,NTRS,POWELL CHARLES D,,0000073124-20-000166,2020-04-21,D,1146.0,74.43,0.0,D,,,,,,
73124,2020-04-23,NTRS,CROWN SUSAN,,0001124194-20-000003,2020-04-21,A,1679.0,74.43,27608.85,D,,,,,,
73124,2020-04-23,NTRS,Harrison Dean M,,0000073124-20-000162,2020-04-21,A,41.57,74.43,10456.51,D,,,,,,
73124,2020-04-23,NTRS,Klevorn Marcy S,,0000073124-20-000164,2020-04-21,A,41.57,74.43,1436.51,D,,,,,,
73124,2020-04-23,NTRS,BYNOE LINDA,,0000073124-20-000161,2020-04-21,A,41.57,74.43,23751.73,D,,,,,,
73124,2020-04-23,NTRS,Henderson Jay L,,0000073124-20-000163,2020-04-21,A,1679.0,0.0,10232.0,D,,,,,,
73124,2020-04-23,NTRS,SLARK MARTIN P,,0000073124-20-000169,2020-04-21,A,41.57,74.43,10100.66,D,,,,,,
73124,2020-04-23,NTRS,Tribbett Charles A,,0000073124-20-000172,2020-04-21,A,41.57,74.43,24868.37,D,,,,,,
73124,2020-04-23,NTRS,Thompson Donald,,0000073124-20-000171,2020-04-21,A,41.57,74.43,8644.07,D,,,,,,
73124,2020-04-23,NTRS,Prado Becerra Jose Luis,,0000073124-20-000167,2020-04-21,A,41.57,74.43,12979.65,D,,,,,,
73124,2020-04-23,NTRS,Richards Thomas E,,0000073124-20-000168,2020-04-21,A,41.57,74.43,9154.67,D,,,,,,
73124,2020-04-23,NTRS,POWELL CHARLES D,,0000073124-20-000166,2020-04-21,M,1146.0,,1146.0,D,,,,,,
73124,2020-04-23,NTRS,SMITH DAVID BYRON JR,,0000073124-20-000170,2020-04-21,A,1679.0,0.0,1679.0,D,,,,,,
73124,2020-05-29,NTRS,Gossett Mark C,,0000073124-20-000182,2020-05-27,S,5115.0,83.08,8617.0,D,,,,,,
73124,2020-06-05,NTRS,BROWNE ROBERT P,,0000073124-20-000184,2020-06-03,S,5000.0,84.82,29320.0,D,,,,,,
73124,2020-07-02,NTRS,BYNOE LINDA,,0000073124-20-000195,2020-07-01,A,32.95,76.94,25463.68,D,,,,,,
73124,2020-07-02,NTRS,Prado Becerra Jose Luis,,0000073124-20-000198,2020-06-30,A,346.61,79.34,15005.26,D,,,,,,
73124,2020-07-02,NTRS,Klevorn Marcy S,,0000073124-20-000197,2020-07-01,A,13.06,76.94,3128.57,D,,,,,,
73124,2020-07-02,NTRS,CROWN SUSAN,,0001124194-20-000005,2020-07-01,A,44.24,76.94,27653.09,D,,,,,,
73124,2020-07-02,NTRS,Prado Becerra Jose Luis,,0000073124-20-000198,2020-07-01,A,46.9,76.94,15052.16,D,,,,,,
73124,2020-07-02,NTRS,Harrison Dean M,,0000073124-20-000196,2020-06-30,A,472.65,79.34,12608.16,D,,,,,,
73124,2020-07-02,NTRS,Harrison Dean M,,0000073124-20-000196,2020-07-01,A,51.7,76.94,12659.86,D,,,,,,
73124,2020-07-02,NTRS,Tribbett Charles A,,0000073124-20-000202,2020-06-30,A,360.46,79.34,26907.83,D,,,,,,
73124,2020-07-02,NTRS,Tribbett Charles A,,0000073124-20-000202,2020-07-01,A,49.15,76.94,26956.98,D,,,,,,
73124,2020-07-02,NTRS,Richards Thomas E,,0000073124-20-000199,2020-06-30,A,427.29,79.34,11260.96,D,,,,,,
73124,2020-07-02,NTRS,SLARK MARTIN P,,0000073124-20-000200,2020-07-01,A,20.7,76.94,11800.36,D,,,,,,
73124,2020-07-02,NTRS,Thompson Donald,,0000073124-20-000201,2020-07-01,A,53.65,76.94,10849.37,D,,,,,,
73124,2020-07-02,NTRS,Richards Thomas E,,0000073124-20-000199,2020-07-01,A,47.86,76.94,11308.82,D,,,,,,
73124,2020-07-02,NTRS,Thompson Donald,,0000073124-20-000201,2020-06-30,A,472.65,79.34,10795.72,D,,,,,,
73124,2020-08-03,NTRS,SMITH DAVID BYRON JR,,0000073124-20-000214,2020-07-30,G,1300.0,0.0,18694.0,I,,,,,,
73124,2020-08-10,NTRS,Cherecwich Peter,,0000073124-20-000216,2020-08-07,G,2500.0,0.0,32257.0,I,,,,,,
73124,2020-08-25,NTRS,Parker Teresa,,0000073124-20-000218,2020-08-21,F,612.0,81.17,49704.0,D,,,,,,
73124,2020-09-01,NTRS,Tyler Jason J.,,0000073124-20-000220,2020-08-28,G,183.0,0.0,12710.0,D,,,,,,
73124,2020-10-02,NTRS,Prado Becerra Jose Luis,,0000073124-20-000232,2020-09-30,A,352.7,77.97,15404.86,D,,,,,,
73124,2020-10-02,NTRS,Harrison Dean M,,0000073124-20-000230,2020-10-01,A,56.43,77.05,13197.24,D,,,,,,
73124,2020-10-02,NTRS,BYNOE LINDA,,0000073124-20-000229,2020-10-01,A,33.21,77.05,25496.89,D,,,,,,
73124,2020-10-02,NTRS,CROWN SUSAN,,0001124194-20-000006,2020-10-01,A,44.58,77.05,27697.67,D,,,,,,
73124,2020-10-02,NTRS,Harrison Dean M,,0000073124-20-000230,2020-09-30,A,480.95,77.97,13140.81,D,,,,,,
73124,2020-10-02,NTRS,Klevorn Marcy S,,0000073124-20-000231,2020-10-01,A,13.17,77.05,3141.74,D,,,,,,
73124,2020-10-02,NTRS,Prado Becerra Jose Luis,,0000073124-20-000232,2020-10-01,A,50.42,77.05,15455.28,D,,,,,,
73124,2020-10-02,NTRS,Tribbett Charles A,,0000073124-20-000236,2020-10-01,A,52.8,77.05,27362.48,D,,,,,,
73124,2020-10-02,NTRS,Richards Thomas E,,0000073124-20-000233,2020-10-01,A,52.1,77.05,11809.81,D,,,,,,
73124,2020-10-02,NTRS,Thompson Donald,,0000073124-20-000235,2020-10-01,A,58.38,77.05,11388.7,D,,,,,,
73124,2020-10-02,NTRS,Thompson Donald,,0000073124-20-000235,2020-09-30,A,480.95,77.97,11330.32,D,,,,,,
73124,2020-10-02,NTRS,Richards Thomas E,,0000073124-20-000233,2020-09-30,A,448.89,77.97,11757.71,D,,,,,,
73124,2020-10-02,NTRS,SLARK MARTIN P,,0000073124-20-000234,2020-10-01,A,20.87,77.05,11821.23,D,,,,,,
73124,2020-10-02,NTRS,Tribbett Charles A,,0000073124-20-000236,2020-09-30,A,352.7,77.97,27309.68,D,,,,,,
73124,2020-11-02,NTRS,SMITH DAVID BYRON JR,,0000073124-20-000246,2020-10-29,G,1300.0,0.0,19994.0,I,,,,,,
73124,2020-11-05,NTRS,FRADKIN STEVEN L,,0000073124-20-000248,2020-11-03,M,7117.0,52.69,48822.0,D,,,,,,
73124,2020-11-05,NTRS,FRADKIN STEVEN L,,0000073124-20-000248,2020-11-03,S,7117.0,82.88,41705.0,D,,,,,,
73124,2020-11-12,NTRS,FRADKIN STEVEN L,,0000073124-20-000252,2020-11-09,J,75000.0,90.2,0.0,I,,,,,,
73124,2020-11-12,NTRS,BROWNE ROBERT P,,0000073124-20-000251,2020-11-10,M,5355.0,58.25,34675.0,D,,,,,,
73124,2020-11-12,NTRS,BROWNE ROBERT P,,0000073124-20-000251,2020-11-10,S,5355.0,91.55,29320.0,D,,,,,,
73124,2020-11-13,NTRS,St Clair Joyce,,0000073124-20-000254,2020-11-11,M,6162.0,60.85,24003.0,D,,,,,,
73124,2020-11-13,NTRS,St Clair Joyce,,0000073124-20-000254,2020-11-11,S,29154.0,90.05,17841.0,D,,,,,,
73124,2020-11-19,NTRS,Parker Teresa,,0000073124-20-000256,2020-11-18,S,2289.0,94.26,47415.0,D,,,,,,
73124,2020-11-25,NTRS,Cherecwich Peter,,0000073124-20-000258,2020-11-24,S,15400.0,97.24,16857.0,I,,,,,,
73124,2020-11-25,NTRS,BROWNE ROBERT P,,0000073124-20-000260,2020-11-24,S,1100.0,97.29,28220.0,D,,,,,,
73124,2020-12-01,NTRS,Allnutt Lauren E,,0000073124-20-000262,2020-11-30,S,1286.0,95.37,3382.0,D,,,,,,
73124,2020-12-01,NTRS,Allnutt Lauren E,,0000073124-20-000262,2020-11-30,M,573.0,43.65,3955.0,D,,,,,,
73124,2020-12-07,NTRS,St Clair Joyce,,0000073124-20-000276,2020-12-03,F,261.0,93.31,17580.0,D,,,,,,
73124,2020-12-07,NTRS,St Clair Joyce,,0000073124-20-000276,2020-12-07,S,10000.0,94.24,28774.0,I,,,,,,
73124,2020-12-07,NTRS,Parker Teresa,,0000073124-20-000275,2020-12-03,F,488.0,93.31,46927.0,D,,,,,,
73124,2020-12-07,NTRS,Levy Susan Cohen,,0000073124-20-000274,2020-12-03,F,256.0,93.31,17892.0,D,,,,,,
73124,2020-12-07,NTRS,Gossett Mark C,,0000073124-20-000273,2020-12-03,F,67.0,93.31,8550.0,D,,,,,,
73124,2020-12-07,NTRS,FRADKIN STEVEN L,,0000073124-20-000272,2020-12-03,F,364.0,93.31,41341.0,D,,,,,,
73124,2020-12-07,NTRS,Cherecwich Peter,,0000073124-20-000271,2020-12-03,F,345.0,93.31,21458.0,D,,,,,,
73124,2020-12-07,NTRS,BROWNE ROBERT P,,0000073124-20-000270,2020-12-03,F,823.0,93.31,27397.0,D,,,,,,
73124,2020-12-11,NTRS,FRADKIN STEVEN L,,0000073124-20-000278,2020-12-09,G,33800.0,0.0,44528.0,I,,,,,,
73124,2020-12-16,NTRS,South Thomas A,,0000073124-20-000282,2020-12-14,G,300.0,0.0,19339.0,D,,,,,,
73124,2020-12-16,NTRS,FRADKIN STEVEN L,,0000073124-20-000281,2020-12-15,G,622.0,0.0,0.0,I,,,,,,
73124,2021-01-05,NTRS,Klevorn Marcy S,,0000073124-21-000011,2021-01-01,A,11.0,93.14,3152.74,D,,,,,,
73124,2021-01-05,NTRS,Harrison Dean M,,0000073124-21-000010,2020-12-31,A,402.62,93.14,13599.86,D,,,,,,
73124,2021-01-05,NTRS,Thompson Donald,,0000073124-21-000015,2021-01-01,A,52.34,93.14,11843.66,D,,,,,,
73124,2021-01-05,NTRS,Richards Thomas E,,0000073124-21-000013,2020-12-31,A,375.78,93.14,12185.59,D,,,,,,
73124,2021-01-05,NTRS,Prado Becerra Jose Luis,,0000073124-21-000012,2020-12-31,A,295.25,93.14,15750.53,D,,,,,,
73124,2021-01-05,NTRS,Tribbett Charles A,,0000073124-21-000016,2021-01-01,A,46.72,93.14,27704.45,D,,,,,,
73124,2021-01-05,NTRS,BYNOE LINDA,,0000073124-21-000009,2021-01-01,A,27.72,93.14,25524.61,D,,,,,,
73124,2021-01-05,NTRS,Prado Becerra Jose Luis,,0000073124-21-000012,2021-01-01,A,44.74,93.14,15795.27,D,,,,,,
73124,2021-01-05,NTRS,Harrison Dean M,,0000073124-21-000010,2021-01-01,A,50.7,93.14,13650.56,D,,,,,,
73124,2021-01-05,NTRS,Richards Thomas E,,0000073124-21-000013,2021-01-01,A,46.87,93.14,12232.46,D,,,,,,
73124,2021-01-05,NTRS,SLARK MARTIN P,,0000073124-21-000014,2021-01-01,A,17.42,93.14,11838.65,D,,,,,,
73124,2021-01-05,NTRS,CROWN SUSAN,,0001124194-21-000001,2021-01-01,A,37.22,93.14,27734.89,D,,,,,,
73124,2021-01-05,NTRS,Thompson Donald,,0000073124-21-000015,2020-12-31,A,402.62,93.14,11791.32,D,,,,,,
73124,2021-01-05,NTRS,Tribbett Charles A,,0000073124-21-000016,2020-12-31,A,295.25,93.14,27657.73,D,,,,,,
73124,2021-01-21,NTRS,Cherecwich Peter,,0000073124-21-000030,2021-01-19,A,11990.0,0.0,33448.0,D,,,,,,
73124,2021-01-21,NTRS,FRADKIN STEVEN L,,0000073124-21-000031,2021-01-19,F,4062.0,96.76,41341.0,D,,,,,,
73124,2021-01-21,NTRS,BROWNE ROBERT P,,0000073124-21-000029,2021-01-19,A,11445.0,0.0,38842.0,D,,,,,,
73124,2021-01-21,NTRS,BROWNE ROBERT P,,0000073124-21-000029,2021-01-19,F,3581.0,96.76,35261.0,D,,,,,,
73124,2021-01-21,NTRS,Levy Susan Cohen,,0000073124-21-000032,2021-01-19,A,9265.0,0.0,27157.0,D,,,,,,
73124,2021-01-21,NTRS,Cherecwich Peter,,0000073124-21-000030,2021-01-19,F,3821.0,96.76,21458.0,D,,,,,,
73124,2021-01-21,NTRS,FRADKIN STEVEN L,,0000073124-21-000031,2021-01-19,A,12535.0,0.0,53876.0,D,,,,,,
73124,2021-01-21,NTRS,Levy Susan Cohen,,0000073124-21-000032,2021-01-19,F,2776.0,96.76,24381.0,D,,,,,,
73124,2021-01-21,NTRS,Thomas Shundrawn A,,0000073124-21-000035,2021-01-19,A,8175.0,0.0,49798.0,D,,,,,,
73124,2021-01-21,NTRS,Thomas Shundrawn A,,0000073124-21-000035,2021-01-19,F,2455.0,96.76,47343.0,D,,,,,,
73124,2021-01-21,NTRS,Tyler Jason J.,,0000073124-21-000036,2021-01-19,A,1745.0,0.0,14455.0,D,,,,,,
73124,2021-01-21,NTRS,St Clair Joyce,,0000073124-21-000034,2021-01-19,A,11036.0,0.0,28616.0,D,,,,,,
73124,2021-01-21,NTRS,St Clair Joyce,,0000073124-21-000034,2021-01-19,F,3398.0,96.76,17580.0,D,,,,,,
73124,2021-01-21,NTRS,O'Grady Michael,,0000073124-21-000033,2021-01-19,F,10211.0,96.76,53837.0,D,,,,,,
73124,2021-01-21,NTRS,O'Grady Michael,,0000073124-21-000033,2021-01-19,A,26432.0,0.0,80269.0,D,,,,,,
73124,2021-01-21,NTRS,Tyler Jason J.,,0000073124-21-000036,2021-01-19,F,574.0,96.76,13881.0,D,,,,,,
73124,2021-02-01,NTRS,SMITH DAVID BYRON JR,,0000073124-21-000040,2021-01-28,G,1110.0,0.0,21104.0,I,,,,,,
73124,2021-02-01,NTRS,FRADKIN STEVEN L,,0000073124-21-000039,2021-01-28,S,8473.0,91.5,51006.0,I,,,,,,
73124,2021-02-09,NTRS,Thomas Shundrawn A,,0000073124-21-000042,2021-02-08,G,1997.0,0.0,45346.0,D,,,,,,
73124,2021-02-19,NTRS,Parker Teresa,,0000073124-21-000063,2021-02-17,A,13368.0,0.0,60295.0,D,,,,,,
73124,2021-02-19,NTRS,FRADKIN STEVEN L,,0000073124-21-000059,2021-02-17,A,9338.0,0.0,50679.0,D,,,,,,
73124,2021-02-19,NTRS,Tyler Jason J.,,0000073124-21-000068,2021-02-17,A,6285.0,0.0,20166.0,D,,,,,,
73124,2021-02-19,NTRS,Parker Teresa,,0000073124-21-000063,2021-02-18,F,1247.0,96.31,59048.0,D,,,,,,
73124,2021-02-19,NTRS,Levy Susan Cohen,,0000073124-21-000061,2021-02-17,A,6285.0,0.0,30666.0,D,,,,,,
73124,2021-02-19,NTRS,Gossett Mark C,,0000073124-21-000060,2021-02-17,A,5477.0,0.0,14027.0,D,,,,,,
73124,2021-02-19,NTRS,South Thomas A,,0000073124-21-000064,2021-02-17,A,6554.0,0.0,25893.0,D,,,,,,
73124,2021-02-19,NTRS,St Clair Joyce,,0000073124-21-000065,2021-02-17,A,6554.0,0.0,24134.0,D,,,,,,
73124,2021-02-19,NTRS,O'Grady Michael,,0000073124-21-000062,2021-02-17,A,24511.0,0.0,78348.0,D,,,,,,
73124,2021-02-19,NTRS,BROWNE ROBERT P,,0000073124-21-000057,2021-02-17,A,7542.0,0.0,42803.0,D,,,,,,
73124,2021-02-19,NTRS,Allnutt Lauren E,,0000073124-21-000056,2021-02-17,A,943.0,0.0,4325.0,D,,,,,,
73124,2021-02-19,NTRS,Cherecwich Peter,,0000073124-21-000058,2021-02-17,A,8799.0,0.0,30257.0,D,,,,,,
73124,2021-02-19,NTRS,Thomas Shundrawn A,,0000073124-21-000066,2021-02-17,A,8799.0,0.0,54145.0,D,,,,,,
73124,2021-02-24,NTRS,BROWNE ROBERT P,,0000073124-21-000084,2021-02-22,F,1143.0,96.92,41660.0,D,,,,,,
73124,2021-02-24,NTRS,Cherecwich Peter,,0000073124-21-000085,2021-02-22,F,1157.0,96.92,27499.0,D,,,,,,
73124,2021-02-24,NTRS,O'Grady Michael,,0000073124-21-000089,2021-02-22,F,1981.0,96.92,73877.0,D,,,,,,
73124,2021-02-24,NTRS,Gossett Mark C,,0000073124-21-000087,2021-02-22,F,594.0,96.92,13433.0,D,,,,,,
73124,2021-02-24,NTRS,FRADKIN STEVEN L,,0000073124-21-000086,2021-02-22,F,1232.0,96.92,47743.0,D,,,,,,
73124,2021-02-24,NTRS,St Clair Joyce,,0000073124-21-000091,2021-02-22,F,1155.0,96.92,21382.0,D,,,,,,
73124,2021-02-24,NTRS,South Thomas A,,0000073124-21-000090,2021-02-22,F,579.0,96.92,25314.0,D,,,,,,
73124,2021-02-24,NTRS,Allnutt Lauren E,,0000073124-21-000083,2021-02-22,F,79.0,96.92,4246.0,D,,,,,,
73124,2021-02-24,NTRS,Thomas Shundrawn A,,0000073124-21-000092,2021-02-22,F,250.0,96.92,53895.0,D,,,,,,
73124,2021-02-24,NTRS,Tyler Jason J.,,0000073124-21-000093,2021-02-22,F,125.0,96.92,20041.0,D,,,,,,
73124,2021-02-24,NTRS,Levy Susan Cohen,,0000073124-21-000088,2021-02-22,F,871.0,96.92,29795.0,D,,,,,,
73124,2021-03-03,NTRS,FRADKIN STEVEN L,,0000073124-21-000109,2021-03-01,F,2687.0,98.43,41341.0,D,,,,,,
73124,2021-03-03,NTRS,Gossett Mark C,,0000073124-21-000110,2021-03-01,F,673.0,98.43,12760.0,D,,,,,,
73124,2021-03-03,NTRS,Levy Susan Cohen,,0000073124-21-000111,2021-03-01,F,1924.0,98.43,27871.0,D,,,,,,
73124,2021-03-03,NTRS,Allnutt Lauren E,,0000073124-21-000106,2021-03-01,F,97.0,98.43,4149.0,D,,,,,,
73124,2021-03-03,NTRS,BROWNE ROBERT P,,0000073124-21-000107,2021-03-01,F,2328.0,98.43,38699.0,D,,,,,,
73124,2021-03-03,NTRS,Cherecwich Peter,,0000073124-21-000108,2021-03-01,F,2577.0,98.43,21358.0,D,,,,,,
73124,2021-03-03,NTRS,Tyler Jason J.,,0000073124-21-000117,2021-03-01,F,423.0,98.43,19618.0,D,,,,,,
73124,2021-03-03,NTRS,O'Grady Michael,,0000073124-21-000112,2021-03-01,F,7015.0,98.43,58045.0,D,,,,,,
73124,2021-03-03,NTRS,South Thomas A,,0000073124-21-000114,2021-03-01,F,1261.0,98.43,24053.0,D,,,,,,
73124,2021-03-03,NTRS,Parker Teresa,,0000073124-21-000113,2021-03-01,F,384.0,98.43,58664.0,D,,,,,,
73124,2021-03-03,NTRS,St Clair Joyce,,0000073124-21-000115,2021-03-01,F,2085.0,98.43,16414.0,D,,,,,,
73124,2021-03-03,NTRS,Thomas Shundrawn A,,0000073124-21-000116,2021-03-01,F,2233.0,98.43,51662.0,D,,,,,,
73124,2021-03-15,NTRS,BROWNE ROBERT P,,0000073124-21-000119,2021-03-12,S,10000.0,102.18,28699.0,D,,,,,,
73124,2021-04-02,NTRS,Tribbett Charles A,,0000073124-21-000140,2021-04-01,A,43.81,105.63,28111.15,D,,,,,,
73124,2021-04-02,NTRS,Thompson Donald,,0000073124-21-000139,2021-04-01,A,49.15,105.63,12249.58,D,,,,,,
73124,2021-04-02,NTRS,Richards Thomas E,,0000073124-21-000137,2021-03-31,A,332.98,105.11,12565.44,D,,,,,,
73124,2021-04-02,NTRS,Harrison Dean M,,0000073124-21-000134,2021-04-01,A,47.69,105.63,14078.8,D,,,,,,
73124,2021-04-02,NTRS,Prado Becerra Jose Luis,,0000073124-21-000136,2021-04-01,A,41.7,105.63,16098.6,D,,,,,,
73124,2021-04-02,NTRS,Klevorn Marcy S,,0000073124-21-000135,2021-04-01,A,9.76,105.63,3162.5,D,,,,,,
73124,2021-04-02,NTRS,Richards Thomas E,,0000073124-21-000137,2021-04-01,A,44.13,105.63,12609.57,D,,,,,,
73124,2021-04-02,NTRS,Tribbett Charles A,,0000073124-21-000140,2021-03-31,A,309.2,105.11,28067.34,D,,,,,,
73124,2021-04-02,NTRS,SLARK MARTIN P,,0000073124-21-000138,2021-04-01,A,15.47,105.63,11854.12,D,,,,,,
73124,2021-04-02,NTRS,Thompson Donald,,0000073124-21-000139,2021-03-31,A,356.77,105.11,12200.43,D,,,,,,
73124,2021-04-02,NTRS,Harrison Dean M,,0000073124-21-000134,2021-03-31,A,380.55,105.11,14031.11,D,,,,,,
73124,2021-04-02,NTRS,Prado Becerra Jose Luis,,0000073124-21-000136,2021-03-31,A,261.63,105.11,16056.9,D,,,,,,
73124,2021-04-02,NTRS,BYNOE LINDA,,0000073124-21-000133,2021-04-01,A,24.62,105.63,25549.23,D,,,,,,
73124,2021-04-05,NTRS,CROWN SUSAN,,0001124194-21-000002,2021-04-01,A,33.06,105.63,27767.95,D,,,,,,
73124,2021-04-22,NTRS,Henderson Jay L,,0000073124-21-000165,2021-04-20,A,1164.0,0.0,11396.0,D,,,,,,
73124,2021-04-22,NTRS,Harrison Dean M,,0000073124-21-000164,2021-04-20,A,43.79,107.37,14122.59,D,,,,,,
73124,2021-04-22,NTRS,Klevorn Marcy S,,0000073124-21-000166,2021-04-20,A,43.79,107.37,3206.29,D,,,,,,
73124,2021-04-22,NTRS,BYNOE LINDA,,0000073124-21-000163,2021-04-20,A,43.79,107.37,25593.02,D,,,,,,
73124,2021-04-22,NTRS,POWELL CHARLES D,,0000073124-21-000168,2021-04-20,D,1679.0,107.37,0.0,D,,,,,,
73124,2021-04-22,NTRS,Mehta Siddharth N,,0000073124-21-000167,2021-04-20,A,1164.0,0.0,4229.0,D,,,,,,
73124,2021-04-22,NTRS,CROWN SUSAN,,0001124194-21-000003,2021-04-20,A,1164.0,107.37,28975.74,D,,,,,,
73124,2021-04-22,NTRS,POWELL CHARLES D,,0000073124-21-000168,2021-04-20,M,1679.0,,1679.0,D,,,,,,
73124,2021-04-22,NTRS,SLARK MARTIN P,,0000073124-21-000171,2021-04-20,A,43.79,107.37,11897.91,D,,,,,,
73124,2021-04-22,NTRS,SMITH DAVID BYRON JR,,0000073124-21-000172,2021-04-20,A,1164.0,0.0,1164.0,D,,,,,,
73124,2021-04-22,NTRS,Tribbett Charles A,,0000073124-21-000174,2021-04-20,A,43.79,107.37,28154.94,D,,,,,,
73124,2021-04-22,NTRS,Prado Becerra Jose Luis,,0000073124-21-000169,2021-04-20,A,43.79,107.37,16142.39,D,,,,,,
73124,2021-04-22,NTRS,Thompson Donald,,0000073124-21-000173,2021-04-20,A,43.79,107.37,12293.37,D,,,,,,
73124,2021-04-22,NTRS,Richards Thomas E,,0000073124-21-000170,2021-04-20,A,43.79,107.37,12653.36,D,,,,,,
73124,2021-04-26,NTRS,Thomas Shundrawn A,,0000073124-21-000183,2021-04-22,M,4748.0,70.21,56410.0,D,,,,,,
73124,2021-04-26,NTRS,Thomas Shundrawn A,,0000073124-21-000183,2021-04-22,S,4748.0,107.48,51662.0,D,,,,,,
73124,2021-04-26,NTRS,St Clair Joyce,,0000073124-21-000182,2021-04-23,S,9248.0,107.42,0.0,I,,,,,,
73124,2021-04-26,NTRS,Parker Teresa,,0000073124-21-000181,2021-04-23,S,3000.0,109.5,55664.0,D,,,,,,
73124,2021-04-26,NTRS,Parker Teresa,,0000073124-21-000181,2021-04-23,M,1916.0,58.25,57580.0,D,,,,,,
73124,2021-04-26,NTRS,Allnutt Lauren E,,0000073124-21-000180,2021-04-23,S,375.0,109.57,3774.0,D,,,,,,
73124,2021-04-28,NTRS,South Thomas A,,0000073124-21-000187,2021-04-26,S,1000.0,109.65,23053.0,D,,,,,,
73124,2021-04-30,NTRS,BROWNE ROBERT P,,0000073124-21-000189,2021-04-29,S,13500.0,114.37,25199.0,D,,,,,,
73124,2021-04-30,NTRS,BROWNE ROBERT P,,0000073124-21-000189,2021-04-29,M,10000.0,88.06,38699.0,D,,,,,,
73124,2021-05-03,NTRS,SMITH DAVID BYRON JR,,0000073124-21-000192,2021-04-29,G,1780.0,0.0,22884.0,I,,,,,,
73124,2021-05-03,NTRS,St Clair Joyce,,0000073124-21-000193,2021-04-30,G,2293.0,0.0,44239.0,I,,,,,,
73124,2021-05-07,NTRS,O'Grady Michael,,0000073124-21-000198,2021-05-05,S,42638.0,117.52,58045.0,D,,,,,,
73124,2021-05-07,NTRS,Cherecwich Peter,,0000073124-21-000199,2021-05-05,G,2000.0,0.0,35930.0,I,,,,,,
73124,2021-05-07,NTRS,BROWNE ROBERT P,,0000073124-21-000197,2021-05-05,M,6755.0,88.06,31954.0,D,,,,,,
73124,2021-05-07,NTRS,O'Grady Michael,,0000073124-21-000198,2021-05-05,M,42638.0,38.78,100683.0,D,,,,,,
73124,2021-05-07,NTRS,O'Grady Michael,,0000073124-21-000198,2021-05-06,M,54062.0,38.78,112107.0,D,,,,,,
73124,2021-05-07,NTRS,BROWNE ROBERT P,,0000073124-21-000197,2021-05-05,S,6755.0,116.83,25199.0,D,,,,,,
73124,2021-05-07,NTRS,O'Grady Michael,,0000073124-21-000198,2021-05-06,S,37699.0,117.61,74408.0,D,,,,,,
73124,2021-05-10,NTRS,Thomas Shundrawn A,,0000073124-21-000201,2021-05-07,M,2741.0,58.25,54403.0,D,,,,,,
73124,2021-05-10,NTRS,Thomas Shundrawn A,,0000073124-21-000201,2021-05-07,S,2741.0,118.26,51662.0,D,,,,,,
73124,2021-05-13,NTRS,FRADKIN STEVEN L,,0000073124-21-000203,2021-05-11,S,33653.0,118.63,43752.0,D,,,,,,
73124,2021-05-13,NTRS,FRADKIN STEVEN L,,0000073124-21-000203,2021-05-11,M,12325.0,60.85,53666.0,D,,,,,,
73124,2021-05-18,NTRS,Tyler Jason J.,,0000073124-21-000209,2021-05-14,S,3014.0,120.03,21439.0,D,,,,,,
73124,2021-05-18,NTRS,Tyler Jason J.,,0000073124-21-000209,2021-05-14,M,4835.0,38.78,24453.0,D,,,,,,
73124,2021-05-18,NTRS,Gossett Mark C,,0000073124-21-000208,2021-05-14,S,3276.0,119.91,9504.0,D,,,,,,
73124,2021-05-18,NTRS,Cherecwich Peter,,0000073124-21-000207,2021-05-17,S,15000.0,120.51,20930.0,I,,,,,,
73124,2021-05-24,NTRS,St Clair Joyce,,0000073124-21-000211,2021-05-21,S,6568.0,120.0,0.0,I,,,,,,
73124,2021-07-02,NTRS,Prado Becerra Jose Luis,,0000073124-21-000226,2021-07-01,A,50.04,116.32,17594.28,D,,,,,,
73124,2021-07-02,NTRS,Harrison Dean M,,0000073124-21-000224,2021-07-01,A,56.27,116.32,15688.82,D,,,,,,
73124,2021-07-02,NTRS,BYNOE LINDA,,0000073124-21-000223,2021-07-01,A,32.88,116.32,26789.9,D,,,,,,
73124,2021-07-02,NTRS,CROWN SUSAN,,0001124194-21-000005,2021-07-01,A,40.59,116.32,28999.61,D,,,,,,
73124,2021-07-02,NTRS,Prado Becerra Jose Luis,,0000073124-21-000226,2021-06-30,A,237.85,115.62,17544.24,D,,,,,,
73124,2021-07-02,NTRS,Harrison Dean M,,0000073124-21-000224,2021-06-30,A,345.96,115.62,15632.55,D,,,,,,
73124,2021-07-02,NTRS,Klevorn Marcy S,,0000073124-21-000225,2021-07-01,A,19.3,116.32,4389.59,D,,,,,,
73124,2021-07-02,NTRS,Tribbett Charles A,,0000073124-21-000230,2021-07-01,A,50.42,116.32,29650.45,D,,,,,,
73124,2021-07-02,NTRS,SLARK MARTIN P,,0000073124-21-000228,2021-07-01,A,24.51,116.32,13086.42,D,,,,,,
73124,2021-07-02,NTRS,Tribbett Charles A,,0000073124-21-000230,2021-06-30,A,281.09,115.62,29600.03,D,,,,,,
73124,2021-07-02,NTRS,Richards Thomas E,,0000073124-21-000227,2021-07-01,A,52.71,116.32,14121.46,D,,,,,,
73124,2021-07-02,NTRS,Richards Thomas E,,0000073124-21-000227,2021-06-30,A,251.39,115.62,14068.75,D,,,,,,
73124,2021-07-02,NTRS,Thompson Donald,,0000073124-21-000229,2021-07-01,A,57.46,116.32,13787.84,D,,,,,,
73124,2021-07-02,NTRS,Thompson Donald,,0000073124-21-000229,2021-06-30,A,273.01,115.62,13730.38,D,,,,,,
73124,2021-07-28,NTRS,Thomas Shundrawn A,,0000073124-21-000241,2021-07-27,M,5000.0,58.25,56662.0,D,,,,,,
73124,2021-07-28,NTRS,Thomas Shundrawn A,,0000073124-21-000241,2021-07-27,S,5000.0,112.47,51662.0,D,,,,,,
73124,2021-08-02,NTRS,SMITH DAVID BYRON JR,,0000073124-21-000244,2021-07-30,G,1780.0,0.0,24664.0,I,,,,,,
73124,2021-08-02,NTRS,South Thomas A,,0000073124-21-000245,2021-07-28,G,444.0,0.0,22609.0,D,,,,,,
73124,2021-08-13,NTRS,St Clair Joyce,,0000073124-21-000247,2021-08-11,M,23739.0,70.21,40153.0,D,,,,,,
73124,2021-08-13,NTRS,St Clair Joyce,,0000073124-21-000247,2021-08-11,S,49871.0,116.0,16414.0,D,,,,,,
73124,2021-08-13,NTRS,St Clair Joyce,,0000073124-21-000247,2021-08-11,G,3192.0,0.0,41047.0,I,,,,,,
73124,2021-08-25,NTRS,Parker Teresa,,0000073124-21-000249,2021-08-23,F,612.0,115.62,55052.0,D,,,,,,
73124,2021-10-04,NTRS,BYNOE LINDA,,0000073124-21-000258,2021-10-01,A,35.23,109.23,26825.13,D,,,,,,
73124,2021-10-04,NTRS,Klevorn Marcy S,,0000073124-21-000260,2021-10-01,A,20.68,109.23,4410.27,D,,,,,,
73124,2021-10-04,NTRS,SLARK MARTIN P,,0000073124-21-000263,2021-10-01,A,26.27,109.23,13112.69,D,,,,,,
73124,2021-10-04,NTRS,Richards Thomas E,,0000073124-21-000262,2021-09-30,A,255.08,107.81,14376.54,D,,,,,,
73124,2021-10-04,NTRS,Prado Becerra Jose Luis,,0000073124-21-000261,2021-10-01,A,55.17,109.23,17904.53,D,,,,,,
73124,2021-10-04,NTRS,Tribbett Charles A,,0000073124-21-000265,2021-09-30,A,301.46,107.81,29953.77,D,,,,,,
73124,2021-10-04,NTRS,Prado Becerra Jose Luis,,0000073124-21-000261,2021-09-30,A,255.08,107.81,17849.36,D,,,,,,
73124,2021-10-04,NTRS,Thompson Donald,,0000073124-21-000264,2021-10-01,A,63.32,109.23,14129.43,D,,,,,,
73124,2021-10-04,NTRS,Tribbett Charles A,,0000073124-21-000265,2021-10-01,A,57.83,109.23,30011.6,D,,,,,,
73124,2021-10-04,NTRS,Thompson Donald,,0000073124-21-000264,2021-09-30,A,278.27,107.81,14066.11,D,,,,,,
73124,2021-10-04,NTRS,Richards Thomas E,,0000073124-21-000262,2021-10-01,A,58.11,109.23,14434.65,D,,,,,,
73124,2021-10-04,NTRS,Harrison Dean M,,0000073124-21-000259,2021-10-01,A,62.51,109.23,16122.35,D,,,,,,
73124,2021-10-04,NTRS,Harrison Dean M,,0000073124-21-000259,2021-09-30,A,371.02,107.81,16059.84,D,,,,,,
73124,2021-10-05,NTRS,CROWN SUSAN,,0001124194-21-000006,2021-10-01,A,43.5,109.23,29059.83,D,,,,,,
73124,2021-10-26,NTRS,Parker Teresa,,0000073124-21-000276,2021-10-22,S,4000.0,125.22,51052.0,D,,,,,,
73124,2021-10-26,NTRS,Cherecwich Peter,,0000073124-21-000275,2021-10-22,S,3568.0,126.25,0.0,I,,,,,,
73124,2021-10-29,NTRS,SMITH DAVID BYRON JR,,0000073124-21-000278,2021-10-29,G,1650.0,0.0,26314.0,I,,,,,,
73124,2021-11-05,NTRS,St Clair Joyce,,0000073124-21-000280,2021-11-03,S,9395.0,125.0,31652.0,I,,,,,,
73124,2021-11-17,NTRS,FRADKIN STEVEN L,,0000073124-21-000282,2021-11-15,J,64000.0,125.68,11000.0,I,,,,,,
73124,2021-12-07,NTRS,St Clair Joyce,,0000073124-21-000296,2021-12-03,F,266.0,117.38,16148.0,D,,,,,,
73124,2021-12-07,NTRS,Parker Teresa,,0000073124-21-000295,2021-12-03,F,404.0,117.38,50648.0,D,,,,,,
73124,2021-12-07,NTRS,O'Grady Michael,,0000073124-21-000294,2021-12-03,F,2353.0,117.38,55692.0,D,,,,,,
73124,2021-12-07,NTRS,Levy Susan Cohen,,0000073124-21-000293,2021-12-03,F,255.0,117.38,42385.0,D,,,,,,
73124,2021-12-07,NTRS,Gossett Mark C,,0000073124-21-000292,2021-12-03,F,222.0,117.38,9282.0,D,,,,,,
73124,2021-12-07,NTRS,FRADKIN STEVEN L,,0000073124-21-000291,2021-12-03,F,379.0,117.38,40962.0,D,,,,,,
73124,2021-12-07,NTRS,Cherecwich Peter,,0000073124-21-000290,2021-12-03,F,357.0,117.38,21001.0,D,,,,,,
73124,2021-12-10,NTRS,O'Grady Michael,,0000073124-21-000301,2021-12-09,S,48110.0,119.03,55692.0,D,,,,,,
73124,2021-12-10,NTRS,St Clair Joyce,,0000073124-21-000298,2021-12-08,G,12700.0,0.0,18952.0,I,,,,,,
73124,2021-12-10,NTRS,O'Grady Michael,,0000073124-21-000301,2021-12-09,M,48110.0,43.65,103802.0,D,,,,,,
73124,2021-12-10,NTRS,South Thomas A,,0000073124-21-000302,2021-12-09,S,2000.0,118.22,20621.0,D,,,,,,
73124,2022-01-04,NTRS,Harrison Dean M,,0000073124-22-000009,2021-12-31,A,334.42,119.61,16456.77,D,,,,,,
73124,2022-01-04,NTRS,BYNOE LINDA,,0000073124-22-000008,2022-01-01,A,32.37,119.61,26857.5,D,,,,,,
73124,2022-01-04,NTRS,Klevorn Marcy S,,0000073124-22-000010,2022-01-01,A,19.0,119.61,4429.27,D,,,,,,
73124,2022-01-04,NTRS,CROWN SUSAN,,0001124194-22-000001,2022-01-01,A,39.97,119.61,29099.8,D,,,,,,
73124,2022-01-04,NTRS,Prado Becerra Jose Luis,,0000073124-22-000011,2022-01-01,A,52.18,119.61,18186.62,D,,,,,,
73124,2022-01-04,NTRS,Harrison Dean M,,0000073124-22-000009,2022-01-01,A,59.62,119.61,16516.39,D,,,,,,
73124,2022-01-04,NTRS,Tribbett Charles A,,0000073124-22-000014,2022-01-01,A,54.91,119.61,30338.23,D,,,,,,
73124,2022-01-04,NTRS,Thompson Donald,,0000073124-22-000013,2021-12-31,A,250.82,119.61,14380.25,D,,,,,,
73124,2022-01-04,NTRS,Prado Becerra Jose Luis,,0000073124-22-000011,2021-12-31,A,229.91,119.61,18134.44,D,,,,,,
73124,2022-01-04,NTRS,SLARK MARTIN P,,0000073124-22-000012,2022-01-01,A,24.14,119.61,13136.83,D,,,,,,
73124,2022-01-04,NTRS,Thompson Donald,,0000073124-22-000013,2022-01-01,A,59.82,119.61,14440.07,D,,,,,,
73124,2022-01-04,NTRS,Tribbett Charles A,,0000073124-22-000014,2021-12-31,A,271.72,119.61,30283.32,D,,,,,,
73124,2022-01-20,NTRS,Levy Susan Cohen,,0000073124-22-000030,2022-01-18,A,8811.0,0.0,51196.0,D,,,,,,
73124,2022-01-20,NTRS,FRADKIN STEVEN L,,0000073124-22-000028,2022-01-18,F,4404.0,132.16,40962.0,D,,,,,,
73124,2022-01-20,NTRS,Cherecwich Peter,,0000073124-22-000027,2022-01-18,A,12075.0,0.0,33076.0,D,,,,,,
73124,2022-01-20,NTRS,Levy Susan Cohen,,0000073124-22-000030,2022-01-18,F,2815.0,132.16,48381.0,D,,,,,,
73124,2022-01-20,NTRS,Cherecwich Peter,,0000073124-22-000027,2022-01-18,F,4259.0,132.16,21001.0,D,,,,,,
73124,2022-01-20,NTRS,FRADKIN STEVEN L,,0000073124-22-000028,2022-01-18,A,12401.0,0.0,53363.0,D,,,,,,
73124,2022-01-20,NTRS,Gossett Mark C,,0000073124-22-000029,2022-01-18,A,843.0,0.0,10125.0,D,,,,,,
73124,2022-01-20,NTRS,Gossett Mark C,,0000073124-22-000029,2022-01-18,F,292.0,132.16,9833.0,D,,,,,,
73124,2022-01-20,NTRS,O'Grady Michael,,0000073124-22-000031,2022-01-18,F,11761.0,132.16,55692.0,D,,,,,,
73124,2022-01-20,NTRS,South Thomas A,,0000073124-22-000032,2022-01-18,A,4196.0,0.0,24817.0,D,,,,,,
73124,2022-01-20,NTRS,South Thomas A,,0000073124-22-000032,2022-01-18,F,1277.0,132.16,23540.0,D,,,,,,
73124,2022-01-20,NTRS,St Clair Joyce,,0000073124-22-000033,2022-01-18,A,9301.0,0.0,25449.0,D,,,,,,
73124,2022-01-20,NTRS,St Clair Joyce,,0000073124-22-000033,2022-01-18,F,3031.0,132.16,16148.0,D,,,,,,
73124,2022-01-20,NTRS,Thomas Shundrawn A,,0000073124-22-000034,2022-01-18,F,2814.0,132.16,57659.0,D,,,,,,
73124,2022-01-20,NTRS,Tyler Jason J.,,0000073124-22-000035,2022-01-18,F,179.0,132.16,21785.0,D,,,,,,
73124,2022-01-20,NTRS,Tyler Jason J.,,0000073124-22-000035,2022-01-18,A,517.0,0.0,21964.0,D,,,,,,
73124,2022-01-20,NTRS,O'Grady Michael,,0000073124-22-000031,2022-01-18,A,29021.0,0.0,84713.0,D,,,,,,
73124,2022-01-20,NTRS,Thomas Shundrawn A,,0000073124-22-000034,2022-01-18,A,8811.0,0.0,60473.0,D,,,,,,
73124,2022-02-02,NTRS,Tyler Jason J.,,0000073124-22-000039,2022-01-31,M,3437.0,43.65,25222.0,D,,,,,,
73124,2022-02-02,NTRS,Tyler Jason J.,,0000073124-22-000039,2022-01-31,S,1936.0,115.6,23286.0,D,,,,,,
73124,2022-02-02,NTRS,SMITH DAVID BYRON JR,,0000073124-22-000038,2022-01-31,G,1730.0,0.0,28044.0,I,,,,,,
73124,2022-02-11,NTRS,Thomas Shundrawn A,,0000073124-22-000041,2022-02-09,G,1000.0,0.0,56659.0,D,,,,,,
73124,2022-02-22,NTRS,Parker Teresa,,0000073124-22-000043,2022-02-17,F,1299.0,121.75,49349.0,D,,,,,,
73124,2022-02-25,NTRS,O'Grady Michael,,0000073124-22-000061,2022-02-23,A,26180.0,0.0,81872.0,D,,,,,,
73124,2022-02-25,NTRS,St Clair Joyce,,0000073124-22-000064,2022-02-23,A,7223.0,0.0,23371.0,D,,,,,,
73124,2022-02-25,NTRS,Gossett Mark C,,0000073124-22-000059,2022-02-23,A,6468.0,0.0,16301.0,D,,,,,,
73124,2022-02-25,NTRS,Cherecwich Peter,,0000073124-22-000057,2022-02-23,A,10349.0,0.0,31350.0,D,,,,,,
73124,2022-02-25,NTRS,Levy Susan Cohen,,0000073124-22-000060,2022-02-23,A,6468.0,0.0,54849.0,D,,,,,,
73124,2022-02-25,NTRS,FRADKIN STEVEN L,,0000073124-22-000058,2022-02-23,A,10349.0,0.0,51311.0,D,,,,,,
73124,2022-02-25,NTRS,Parker Teresa,,0000073124-22-000062,2022-02-23,A,14578.0,0.0,63927.0,D,,,,,,
73124,2022-02-25,NTRS,Thomas Shundrawn A,,0000073124-22-000065,2022-02-23,A,10349.0,0.0,67008.0,D,,,,,,
73124,2022-02-25,NTRS,Tyler Jason J.,,0000073124-22-000066,2022-02-23,A,7762.0,0.0,31048.0,D,,,,,,
73124,2022-02-25,NTRS,Allnutt Lauren E,,0000073124-22-000056,2022-02-23,A,1320.0,0.0,5094.0,D,,,,,,
73124,2022-02-25,NTRS,South Thomas A,,0000073124-22-000063,2022-02-23,A,7546.0,0.0,31086.0,D,,,,,,
73124,2022-03-03,NTRS,Thomas Shundrawn A,,0000073124-22-000092,2022-03-01,F,3208.0,109.14,63800.0,D,,,,,,
73124,2022-03-03,NTRS,Allnutt Lauren E,,0000073124-22-000083,2022-03-01,F,167.0,109.14,4927.0,D,,,,,,
73124,2022-03-03,NTRS,Levy Susan Cohen,,0000073124-22-000087,2022-03-01,F,2557.0,109.14,52292.0,D,,,,,,
73124,2022-03-03,NTRS,Gossett Mark C,,0000073124-22-000086,2022-03-01,F,1526.0,109.14,14775.0,D,,,,,,
73124,2022-03-03,NTRS,Tyler Jason J.,,0000073124-22-000093,2022-03-01,F,1305.0,109.14,29743.0,D,,,,,,
73124,2022-03-03,NTRS,Parker Teresa,,0000073124-22-000089,2022-03-01,F,1273.0,109.14,62654.0,D,,,,,,
73124,2022-03-03,NTRS,Cherecwich Peter,,0000073124-22-000084,2022-03-01,F,3463.0,109.14,23099.0,D,,,,,,
73124,2022-03-03,NTRS,St Clair Joyce,,0000073124-22-000091,2022-03-01,F,2746.0,109.14,16830.0,D,,,,,,
73124,2022-03-03,NTRS,O'Grady Michael,,0000073124-22-000088,2022-03-01,F,8841.0,109.14,60804.0,D,,,,,,
73124,2022-03-03,NTRS,South Thomas A,,0000073124-22-000090,2022-03-01,F,2199.0,109.14,28887.0,D,,,,,,
73124,2022-03-03,NTRS,FRADKIN STEVEN L,,0000073124-22-000085,2022-03-01,F,3627.0,109.14,42669.0,D,,,,,,
73124,2022-03-14,NTRS,Allnutt Lauren E,,0000073124-22-000095,2022-03-10,S,393.0,105.61,4534.0,D,,,,,,
73124,2022-04-04,NTRS,Klevorn Marcy S,,0000073124-22-000105,2022-04-01,A,19.79,115.55,4449.06,D,,,,,,
73124,2022-04-04,NTRS,Prado Becerra Jose Luis,,0000073124-22-000106,2022-04-01,A,55.71,115.55,18478.48,D,,,,,,
73124,2022-04-04,NTRS,BYNOE LINDA,,0000073124-22-000103,2022-04-01,A,33.71,115.55,26891.21,D,,,,,,
73124,2022-04-04,NTRS,Harrison Dean M,,0000073124-22-000104,2022-04-01,A,64.1,115.55,16934.72,D,,,,,,
73124,2022-04-04,NTRS,CROWN SUSAN,,0001124194-22-000002,2022-04-01,A,41.6,115.55,29141.4,D,,,,,,
73124,2022-04-04,NTRS,Harrison Dean M,,0000073124-22-000104,2022-03-31,A,354.23,116.45,16870.62,D,,,,,,
73124,2022-04-04,NTRS,Thompson Donald,,0000073124-22-000108,2022-03-31,A,257.62,116.45,14697.69,D,,,,,,
73124,2022-04-04,NTRS,Prado Becerra Jose Luis,,0000073124-22-000106,2022-03-31,A,236.15,116.45,18422.77,D,,,,,,
73124,2022-04-04,NTRS,Tribbett Charles A,,0000073124-22-000109,2022-04-01,A,58.83,115.55,30686.88,D,,,,,,
73124,2022-04-04,NTRS,Tribbett Charles A,,0000073124-22-000109,2022-03-31,A,289.82,116.45,30628.05,D,,,,,,
73124,2022-04-04,NTRS,SLARK MARTIN P,,0000073124-22-000107,2022-04-01,A,25.13,115.55,13161.96,D,,,,,,
73124,2022-04-04,NTRS,Thompson Donald,,0000073124-22-000108,2022-04-01,A,63.8,115.55,14761.49,D,,,,,,
73124,2022-04-28,NTRS,Henderson Jay L,,0000073124-22-000135,2022-04-26,A,1343.0,0.0,12739.0,D,,,,,,
73124,2022-04-28,NTRS,Mehta Siddharth N,,0000073124-22-000131,2022-04-26,A,1343.0,0.0,5572.0,D,,,,,,
73124,2022-04-28,NTRS,SLARK MARTIN P,,0000073124-22-000132,2022-04-26,A,30.2,107.93,13192.16,D,,,,,,
73124,2022-04-28,NTRS,SLARK MARTIN P,,0000073124-22-000133,2022-04-26,A,30.2,107.93,13192.16,D,,,,,,
73124,2022-04-28,NTRS,POWELL CHARLES D,,0000073124-22-000134,2022-04-26,D,1164.0,107.93,0.0,D,,,,,,
73124,2022-04-28,NTRS,POWELL CHARLES D,,0000073124-22-000134,2022-04-26,M,1164.0,,1164.0,D,,,,,,
73124,2022-04-28,NTRS,SMITH DAVID BYRON JR,,0000073124-22-000136,2022-04-26,A,1343.0,0.0,1343.0,D,,,,,,
73124,2022-04-28,NTRS,Klevorn Marcy S,,0000073124-22-000141,2022-04-26,A,30.2,107.93,4479.26,D,,,,,,
73124,2022-04-28,NTRS,Harrison Dean M,,0000073124-22-000138,2022-04-26,A,30.2,107.93,16964.92,D,,,,,,
73124,2022-04-28,NTRS,Thompson Donald,,0000073124-22-000139,2022-04-26,A,30.2,107.93,14791.69,D,,,,,,
73124,2022-04-28,NTRS,BYNOE LINDA,,0000073124-22-000140,2022-04-26,A,30.2,107.93,26921.41,D,,,,,,
73124,2022-04-28,NTRS,Prado Becerra Jose Luis,,0000073124-22-000142,2022-04-26,A,30.2,107.93,18508.68,D,,,,,,
73124,2022-04-28,NTRS,CROWN SUSAN,,0001124194-22-000003,2022-04-26,A,1343.0,107.93,30514.6,D,,,,,,
73124,2022-04-28,NTRS,Tribbett Charles A,,0000073124-22-000137,2022-04-26,A,30.2,107.93,30717.08,D,,,,,,
73124,2022-05-03,NTRS,SMITH DAVID BYRON JR,,0000073124-22-000150,2022-04-29,G,1840.0,0.0,29884.0,I,,,,,,
73124,2022-05-17,NTRS,Levy Susan Cohen,,0000073124-22-000152,2022-05-13,G,12137.0,0.0,0.0,I,,,,,,
73124,2022-05-18,NTRS,FRADKIN STEVEN L,,0000073124-22-000154,2022-05-16,G,8000.0,0.0,136437.0,I,,,,,,
73124,2022-05-20,NTRS,O'Grady Michael,,0000073124-22-000156,2022-05-18,G,16379.0,0.0,0.0,I,,,,,,
73124,2022-07-05,NTRS,Tribbett Charles A,,0000073124-22-000174,2022-06-30,A,302.83,96.48,32362.91,D,,,,,,
73124,2022-07-05,NTRS,Tribbett Charles A,,0000073124-22-000174,2022-07-01,A,80.6,97.72,32443.51,D,,,,,,
73124,2022-07-05,NTRS,Prado Becerra Jose Luis,,0000073124-22-000171,2022-06-30,A,285.03,96.48,20136.71,D,,,,,,
73124,2022-07-05,NTRS,SLARK MARTIN P,,0000073124-22-000172,2022-07-01,A,38.44,97.72,14573.6,D,,,,,,
73124,2022-07-05,NTRS,Thompson Donald,,0000073124-22-000173,2022-07-01,A,86.29,97.72,16578.91,D,,,,,,
73124,2022-07-05,NTRS,Thompson Donald,,0000073124-22-000173,2022-06-30,A,357.93,96.48,16492.62,D,,,,,,
73124,2022-07-05,NTRS,Prado Becerra Jose Luis,,0000073124-22-000171,2022-07-01,A,76.52,97.72,20213.23,D,,,,,,
73124,2022-07-05,NTRS,BYNOE LINDA,,0000073124-22-000168,2022-07-01,A,48.64,97.72,28313.05,D,,,,,,
73124,2022-07-05,NTRS,Harrison Dean M,,0000073124-22-000169,2022-06-30,A,427.55,96.48,18735.47,D,,,,,,
73124,2022-07-05,NTRS,CROWN SUSAN,,0001124194-22-000005,2022-07-01,A,58.05,97.72,30572.65,D,,,,,,
73124,2022-07-05,NTRS,Harrison Dean M,,0000073124-22-000169,2022-07-01,A,87.33,97.72,18822.8,D,,,,,,
73124,2022-07-05,NTRS,Klevorn Marcy S,,0000073124-22-000170,2022-07-01,A,32.08,97.72,5854.34,D,,,,,,
73124,2022-08-01,NTRS,SMITH DAVID BYRON JR,,0000073124-22-000183,2022-07-29,G,2040.0,0.0,31924.0,I,,,,,,
73124,2022-10-04,NTRS,Prado Becerra Jose Luis,,0000073124-22-000194,2022-09-30,A,321.41,85.56,20534.64,D,,,,,,
73124,2022-10-04,NTRS,Tribbett Charles A,,0000073124-22-000197,2022-10-01,A,101.97,85.56,32866.89,D,,,,,,
73124,2022-10-04,NTRS,Thompson Donald,,0000073124-22-000196,2022-09-30,A,423.68,85.56,17002.59,D,,,,,,
73124,2022-10-04,NTRS,Thompson Donald,,0000073124-22-000196,2022-10-01,A,109.49,85.56,17112.08,D,,,,,,
73124,2022-10-04,NTRS,SLARK MARTIN P,,0000073124-22-000195,2022-10-01,A,47.38,85.56,14620.98,D,,,,,,
73124,2022-10-04,NTRS,Tribbett Charles A,,0000073124-22-000197,2022-09-30,A,321.41,85.56,32764.92,D,,,,,,
73124,2022-10-04,NTRS,Harrison Dean M,,0000073124-22-000192,2022-10-01,A,111.39,85.56,19416.31,D,,,,,,
73124,2022-10-04,NTRS,BYNOE LINDA,,0000073124-22-000191,2022-10-01,A,59.95,85.56,28373.0,D,,,,,,
73124,2022-10-04,NTRS,CROWN SUSAN,,0001124194-22-000006,2022-10-01,A,71.55,85.56,30644.2,D,,,,,,
73124,2022-10-04,NTRS,Klevorn Marcy S,,0000073124-22-000193,2022-10-01,A,39.54,85.56,5893.88,D,,,,,,
73124,2022-10-04,NTRS,Prado Becerra Jose Luis,,0000073124-22-000194,2022-10-01,A,96.83,85.56,20631.47,D,,,,,,
73124,2022-10-04,NTRS,Harrison Dean M,,0000073124-22-000192,2022-09-30,A,482.12,85.56,19304.92,D,,,,,,
73124,2022-10-19,NTRS,Taylor Alexandria,,0000073124-22-000205,2022-10-17,A,34515.0,0.0,34515.0,D,,,,,,
73124,2022-11-02,NTRS,SMITH DAVID BYRON JR,,0000073124-22-000210,2022-10-31,G,2360.0,0.0,34284.0,I,,,,,,
73124,2022-12-07,NTRS,Gossett Mark C,,0000073124-22-000219,2022-12-05,F,262.0,90.19,14513.0,D,,,,,,
73124,2022-12-07,NTRS,Cherecwich Peter,,0000073124-22-000220,2022-12-05,F,419.0,90.19,22680.0,D,,,,,,
73124,2022-12-07,NTRS,Levy Susan Cohen,,0000073124-22-000221,2022-12-05,F,262.0,90.19,68930.0,D,,,,,,
73124,2022-12-07,NTRS,O'Grady Michael,,0000073124-22-000222,2022-12-05,F,1060.0,90.19,59744.0,D,,,,,,
73124,2022-12-07,NTRS,FRADKIN STEVEN L,,0000073124-22-000224,2022-12-05,F,419.0,90.19,42250.0,D,,,,,,
73124,2022-12-07,NTRS,Parker Teresa,,0000073124-22-000223,2022-12-05,F,545.0,90.19,62109.0,D,,,,,,
73124,2023-01-04,NTRS,Thompson Donald,,0000073124-23-000013,2022-12-31,A,409.65,88.49,17521.73,D,,,,,,
73124,2023-01-04,NTRS,SLARK MARTIN P,,0000073124-23-000012,2023-01-01,A,46.22,88.49,14667.2,D,,,,,,
73124,2023-01-04,NTRS,Thompson Donald,,0000073124-23-000013,2023-01-01,A,110.4,88.49,17632.13,D,,,,,,
73124,2023-01-04,NTRS,Prado Becerra Jose Luis,,0000073124-23-000011,2022-12-31,A,310.77,88.49,20942.24,D,,,,,,
73124,2023-01-04,NTRS,Tribbett Charles A,,0000073124-23-000014,2022-12-31,A,310.77,88.49,33177.66,D,,,,,,
73124,2023-01-04,NTRS,Tribbett Charles A,,0000073124-23-000014,2023-01-01,A,102.2,88.49,33279.86,D,,,,,,
73124,2023-01-04,NTRS,Harrison Dean M,,0000073124-23-000009,2023-01-01,A,112.76,88.49,19995.22,D,,,,,,
73124,2023-01-04,NTRS,Klevorn Marcy S,,0000073124-23-000010,2023-01-01,A,38.57,88.49,5932.45,D,,,,,,
73124,2023-01-04,NTRS,BYNOE LINDA,,0000073124-23-000008,2023-01-01,A,58.48,88.49,28431.48,D,,,,,,
73124,2023-01-04,NTRS,CROWN SUSAN,,0001124194-23-000001,2023-01-01,A,69.8,88.49,30714.0,D,,,,,,
73124,2023-01-04,NTRS,Harrison Dean M,,0000073124-23-000009,2022-12-31,A,466.15,88.49,19882.46,D,,,,,,
73124,2023-01-04,NTRS,Prado Becerra Jose Luis,,0000073124-23-000011,2023-01-01,A,97.16,88.49,21039.4,D,,,,,,
73124,2023-02-02,NTRS,SMITH DAVID BYRON JR,,0000073124-23-000020,2023-01-31,G,2160.0,0.0,36444.0,I,,,,,,
73124,2023-02-07,NTRS,Tyler Jason J.,,0000073124-23-000022,2023-02-06,M,2491.0,52.69,32234.0,D,,,,,,
73124,2023-02-07,NTRS,Tyler Jason J.,,0000073124-23-000022,2023-02-06,S,1764.0,96.98,30470.0,D,,,,,,
73124,2023-02-09,NTRS,O'Grady Michael,,0000073124-23-000024,2023-02-07,M,28469.0,52.69,59744.0,D,,,,,,
73124,2023-02-23,NTRS,Gossett Mark C,,0000073124-23-000039,2023-02-22,A,7170.0,0.0,23560.0,D,,,,,,
73124,2023-02-23,NTRS,Tyler Jason J.,,0000073124-23-000044,2023-02-21,A,3439.0,0.0,33909.0,D,,,,,,
73124,2023-02-23,NTRS,O'Grady Michael,,0000073124-23-000041,2023-02-22,A,31660.0,0.0,91404.0,D,,,,,,
73124,2023-02-23,NTRS,Gossett Mark C,,0000073124-23-000039,2023-02-21,A,2723.0,0.0,17236.0,D,,,,,,
73124,2023-02-23,NTRS,Cherecwich Peter,,0000073124-23-000037,2023-02-22,A,11472.0,0.0,34152.0,D,,,,,,
73124,2023-02-23,NTRS,South Thomas A,,0000073124-23-000042,2023-02-21,A,9629.0,0.0,38516.0,D,,,,,,
73124,2023-02-23,NTRS,O'Grady Michael,,0000073124-23-000041,2023-02-21,A,39114.0,0.0,98858.0,D,,,,,,
73124,2023-02-23,NTRS,Levy Susan Cohen,,0000073124-23-000040,2023-02-22,A,7170.0,0.0,29961.0,D,,,,,,
73124,2023-02-23,NTRS,South Thomas A,,0000073124-23-000042,2023-02-21,F,2868.0,94.7,35648.0,D,,,,,,
73124,2023-02-23,NTRS,Levy Susan Cohen,,0000073124-23-000040,2023-02-21,A,10431.0,0.0,25895.0,D,,,,,,
73124,2023-02-23,NTRS,FRADKIN STEVEN L,,0000073124-23-000038,2023-02-21,F,5046.0,94.7,42250.0,D,,,,,,
73124,2023-02-23,NTRS,South Thomas A,,0000073124-23-000042,2023-02-22,A,8669.0,0.0,44317.0,D,,,,,,
73124,2023-02-23,NTRS,Allnutt Lauren E,,0000073124-23-000036,2023-02-22,A,1836.0,0.0,6370.0,D,,,,,,
73124,2023-02-23,NTRS,Cherecwich Peter,,0000073124-23-000037,2023-02-21,A,14041.0,0.0,36721.0,D,,,,,,
73124,2023-02-23,NTRS,Taylor Alexandria,,0000073124-23-000043,2023-02-22,A,2794.0,0.0,37309.0,D,,,,,,
73124,2023-02-23,NTRS,Gossett Mark C,,0000073124-23-000039,2023-02-21,F,846.0,94.7,16390.0,D,,,,,,
73124,2023-02-23,NTRS,Cherecwich Peter,,0000073124-23-000037,2023-02-21,F,4676.0,94.7,22680.0,D,,,,,,
73124,2023-02-23,NTRS,Tyler Jason J.,,0000073124-23-000044,2023-02-21,F,1007.0,94.7,32902.0,D,,,,,,
73124,2023-02-23,NTRS,Tyler Jason J.,,0000073124-23-000044,2023-02-22,A,9386.0,0.0,42288.0,D,,,,,,
73124,2023-02-23,NTRS,FRADKIN STEVEN L,,0000073124-23-000038,2023-02-22,A,11472.0,0.0,53722.0,D,,,,,,
73124,2023-02-23,NTRS,Levy Susan Cohen,,0000073124-23-000040,2023-02-21,F,3104.0,94.7,22791.0,D,,,,,,
73124,2023-02-23,NTRS,FRADKIN STEVEN L,,0000073124-23-000038,2023-02-21,A,14844.0,0.0,57094.0,D,,,,,,
73124,2023-02-23,NTRS,O'Grady Michael,,0000073124-23-000041,2023-02-21,F,17328.0,94.7,59744.0,D,,,,,,
73124,2023-02-24,NTRS,Parker Teresa,,0000073124-23-000046,2023-02-22,A,17950.0,0.0,80058.0,D,,,,,,
73124,2023-02-24,NTRS,Parker Teresa,,0000073124-23-000046,2023-02-23,F,1418.0,93.7,78640.0,D,,,,,,
73124,2023-03-03,NTRS,Tyler Jason J.,,0000073124-23-000067,2023-03-01,F,2044.0,94.49,39727.0,D,,,,,,
73124,2023-03-03,NTRS,FRADKIN STEVEN L,,0000073124-23-000061,2023-03-01,F,3895.0,94.49,44441.0,D,,,,,,
73124,2023-03-03,NTRS,Gossett Mark C,,0000073124-23-000062,2023-03-01,F,1753.0,94.49,21723.0,D,,,,,,
73124,2023-03-03,NTRS,Allnutt Lauren E,,0000073124-23-000059,2023-03-01,F,235.0,94.49,6135.0,D,,,,,,
73124,2023-03-03,NTRS,O'Grady Michael,,0000073124-23-000064,2023-03-01,F,9845.0,94.49,67941.0,D,,,,,,
73124,2023-03-03,NTRS,Parker Teresa,,0000073124-23-000065,2023-03-01,F,2218.0,94.49,76422.0,D,,,,,,
73124,2023-03-03,NTRS,Levy Susan Cohen,,0000073124-23-000063,2023-03-01,F,2636.0,94.49,26085.0,D,,,,,,
73124,2023-03-03,NTRS,Cherecwich Peter,,0000073124-23-000060,2023-03-01,F,3765.0,94.49,25180.0,D,,,,,,
73124,2023-03-03,NTRS,South Thomas A,,0000073124-23-000066,2023-03-01,F,2585.0,94.49,40812.0,D,,,,,,
73124,2023-03-13,NTRS,Allnutt Lauren E,,0000073124-23-000069,2023-03-09,S,559.0,87.3,5576.0,D,,,,,,
73124,2023-04-04,NTRS,CROWN SUSAN,,0001124194-23-000002,2023-04-01,A,70.67,88.13,30784.67,D,,,,,,
73124,2023-04-04,NTRS,BYNOE LINDA,,0000073124-23-000086,2023-04-01,A,59.22,88.13,28490.7,D,,,,,,
73124,2023-04-04,NTRS,Harrison Dean M,,0000073124-23-000087,2023-04-01,A,118.12,88.13,20581.4,D,,,,,,
73124,2023-04-04,NTRS,Harrison Dean M,,0000073124-23-000087,2023-03-31,A,468.06,88.13,20463.28,D,,,,,,
73124,2023-04-04,NTRS,Klevorn Marcy S,,0000073124-23-000088,2023-04-01,A,39.06,88.13,5971.51,D,,,,,,
73124,2023-04-04,NTRS,SLARK MARTIN P,,0000073124-23-000090,2023-04-01,A,46.8,88.13,14714.0,D,,,,,,
73124,2023-04-04,NTRS,Thompson Donald,,0000073124-23-000091,2023-04-01,A,115.27,88.13,18158.72,D,,,,,,
73124,2023-04-04,NTRS,Thompson Donald,,0000073124-23-000091,2023-03-31,A,411.32,88.13,18043.45,D,,,,,,
73124,2023-04-04,NTRS,Tribbett Charles A,,0000073124-23-000092,2023-04-01,A,106.13,88.13,33385.99,D,,,,,,
73124,2023-04-04,NTRS,Prado Becerra Jose Luis,,0000073124-23-000089,2023-04-01,A,101.04,88.13,21140.44,D,,,,,,
73124,2023-04-05,NTRS,Gamba Daniel,,0000073124-23-000096,2023-04-03,A,54720.0,0.0,54720.0,D,,,,,,
73124,2023-04-27,NTRS,Klevorn Marcy S,,0000073124-23-000120,2023-04-25,A,50.69,78.16,6022.2,D,,,,,,
73124,2023-04-27,NTRS,Prado Becerra Jose Luis,,0000073124-23-000123,2023-04-25,A,50.69,78.16,21191.13,D,,,,,,
73124,2023-04-27,NTRS,SLARK MARTIN P,,0000073124-23-000124,2023-04-25,A,50.69,78.16,14764.69,D,,,,,,
73124,2023-04-27,NTRS,CROWN SUSAN,,0001124194-23-000003,2023-04-25,A,1855.0,78.16,32690.36,D,,,,,,
73124,2023-04-27,NTRS,Harrison Dean M,,0000073124-23-000118,2023-04-25,A,50.69,78.16,20632.09,D,,,,,,
73124,2023-04-27,NTRS,BYNOE LINDA,,0000073124-23-000117,2023-04-25,A,50.69,78.16,28541.39,D,,,,,,
73124,2023-04-27,NTRS,Henderson Jay L,,0000073124-23-000119,2023-04-25,A,1855.0,0.0,1855.0,D,,,,,,
73124,2023-04-27,NTRS,Mehta Siddharth N,,0000073124-23-000121,2023-04-25,A,1855.0,0.0,7427.0,D,,,,,,
73124,2023-04-27,NTRS,POWELL CHARLES D,,0000073124-23-000122,2023-04-25,D,1343.0,80.8,0.0,D,,,,,,
73124,2023-04-27,NTRS,Thompson Donald,,0000073124-23-000126,2023-04-25,A,50.69,78.16,18209.41,D,,,,,,
73124,2023-04-27,NTRS,Tribbett Charles A,,0000073124-23-000127,2023-04-25,A,50.69,78.16,33436.68,D,,,,,,
73124,2023-04-27,NTRS,SMITH DAVID BYRON JR,,0000073124-23-000125,2023-04-25,A,1855.0,0.0,1855.0,D,,,,,,
73124,2023-04-27,NTRS,POWELL CHARLES D,,0000073124-23-000122,2023-04-25,M,1343.0,,1343.0,D,,,,,,
73124,2023-05-02,NTRS,SMITH DAVID BYRON JR,,0000073124-23-000132,2023-04-28,G,2700.0,0.0,40487.0,I,,,,,,
73124,2023-07-05,NTRS,Tribbett Charles A,,0000073124-23-000153,2023-07-01,A,141.29,74.14,35432.97,D,,,,,,
73124,2023-07-05,NTRS,Thompson Donald,,0000073124-23-000152,2023-06-30,A,488.94,74.14,20553.35,D,,,,,,
73124,2023-07-05,NTRS,Thompson Donald,,0000073124-23-000152,2023-07-01,A,156.43,74.14,20709.78,D,,,,,,
73124,2023-07-05,NTRS,SLARK MARTIN P,,0000073124-23-000151,2023-07-01,A,70.2,74.14,16689.89,D,,,,,,
73124,2023-07-05,NTRS,Prado Becerra Jose Luis,,0000073124-23-000150,2023-07-01,A,135.21,74.14,23181.34,D,,,,,,
73124,2023-07-05,NTRS,Klevorn Marcy S,,0000073124-23-000149,2023-07-01,A,60.91,74.14,7938.11,D,,,,,,
73124,2023-07-05,NTRS,Harrison Dean M,,0000073124-23-000148,2023-06-30,A,556.38,74.14,23043.47,D,,,,,,
73124,2023-07-05,NTRS,Harrison Dean M,,0000073124-23-000148,2023-07-01,A,160.44,74.14,23203.91,D,,,,,,
73124,2023-07-05,NTRS,BYNOE LINDA,,0000073124-23-000147,2023-07-01,A,85.08,74.14,30481.47,D,,,,,,
73124,2023-07-05,NTRS,CROWN SUSAN,,0001124194-23-000005,2023-07-01,A,98.81,74.14,32789.17,D,,,,,,
73124,2023-08-02,NTRS,SMITH DAVID BYRON JR,,0000073124-23-000161,2023-07-31,G,2600.0,0.0,43087.0,I,,,,,,
73124,2023-10-02,NTRS,CROWN SUSAN,,0001124194-23-000006,2023-10-01,A,106.53,69.48,32895.7,D,,,,,,
73124,2023-10-03,NTRS,Thompson Donald,,0000073124-23-000174,2023-10-01,A,173.89,69.48,21405.4,D,,,,,,
73124,2023-10-03,NTRS,Harrison Dean M,,0000073124-23-000170,2023-10-01,A,178.94,69.48,23976.55,D,,,,,,
73124,2023-10-03,NTRS,Tribbett Charles A,,0000073124-23-000175,2023-10-01,A,152.34,69.48,35585.31,D,,,,,,
73124,2023-10-03,NTRS,SLARK MARTIN P,,0000073124-23-000173,2023-10-01,A,75.68,69.48,16765.57,D,,,,,,
73124,2023-10-03,NTRS,Prado Becerra Jose Luis,,0000073124-23-000172,2023-10-01,A,145.76,69.48,23327.1,D,,,,,,
73124,2023-10-03,NTRS,Harrison Dean M,,0000073124-23-000170,2023-09-30,A,593.7,69.48,23797.61,D,,,,,,
73124,2023-10-03,NTRS,Thompson Donald,,0000073124-23-000174,2023-09-30,A,521.73,69.48,21231.51,D,,,,,,
73124,2023-10-03,NTRS,Klevorn Marcy S,,0000073124-23-000171,2023-10-01,A,65.67,69.48,8003.78,D,,,,,,
73124,2023-10-03,NTRS,BYNOE LINDA,,0000073124-23-000169,2023-10-01,A,91.72,69.48,30573.19,D,,,,,,
73124,2023-10-06,NTRS,Prado Becerra Jose Luis,,0000073124-23-000178,2015-03-10,P,6.0,69.38,6.0,I,,,,,,
73124,2023-10-06,NTRS,Prado Becerra Jose Luis,,0000073124-23-000178,2022-03-23,S,4.0,115.54,4.0,I,,,,,,
73124,2023-10-06,NTRS,Prado Becerra Jose Luis,,0000073124-23-000178,2020-03-05,P,9.0,80.89,33.0,I,,,,,,
73124,2023-10-06,NTRS,Prado Becerra Jose Luis,,0000073124-23-000178,2021-02-23,S,3.0,97.48,20.0,I,,,,,,
73124,2023-10-06,NTRS,Prado Becerra Jose Luis,,0000073124-23-000178,2022-04-26,P,1.0,108.74,5.0,I,,,,,,
73124,2023-10-06,NTRS,Prado Becerra Jose Luis,,0000073124-23-000178,2020-01-21,P,6.0,108.57,24.0,I,,,,,,
73124,2023-10-06,NTRS,Prado Becerra Jose Luis,,0000073124-23-000178,2022-10-14,P,1.0,84.58,19.0,I,,,,,,
73124,2023-10-06,NTRS,Prado Becerra Jose Luis,,0000073124-23-000178,2019-11-20,P,5.0,106.3,11.0,I,,,,,,
73124,2023-10-06,NTRS,Prado Becerra Jose Luis,,0000073124-23-000179,2023-02-14,S,1.0,97.69,2.0,I,,,,,,
73124,2023-10-06,NTRS,Prado Becerra Jose Luis,,0000073124-23-000178,2023-01-13,S,2.0,98.65,3.0,I,,,,,,
73124,2023-10-06,NTRS,Prado Becerra Jose Luis,,0000073124-23-000178,2022-12-23,S,2.0,87.87,17.0,I,,,,,,
73124,2023-10-06,NTRS,Prado Becerra Jose Luis,,0000073124-23-000178,2020-12-18,S,2.0,91.81,21.0,I,,,,,,
73124,2023-10-06,NTRS,Prado Becerra Jose Luis,,0000073124-23-000178,2020-07-07,S,3.0,77.85,10.0,I,,,,,,
73124,2023-10-06,NTRS,Prado Becerra Jose Luis,,0000073124-23-000178,2020-05-05,S,12.0,75.39,21.0,I,,,,,,
73124,2023-10-06,NTRS,Prado Becerra Jose Luis,,0000073124-23-000179,2023-06-02,S,3.0,75.6,15.0,I,,,,,,
73124,2023-10-06,NTRS,Prado Becerra Jose Luis,,0000073124-23-000179,2023-01-23,P,1.0,94.2,18.0,I,,,,,,
73124,2023-10-06,NTRS,Prado Becerra Jose Luis,,0000073124-23-000178,2021-09-10,P,5.0,113.17,27.0,I,,,,,,
73124,2023-10-06,NTRS,Prado Becerra Jose Luis,,0000073124-23-000178,2021-12-20,P,1.0,113.5,12.0,I,,,,,,
73124,2023-10-06,NTRS,Prado Becerra Jose Luis,,0000073124-23-000178,2019-12-09,P,7.0,109.14,18.0,I,,,,,,
73124,2023-10-06,NTRS,Prado Becerra Jose Luis,,0000073124-23-000178,2021-03-26,P,2.0,104.75,22.0,I,,,,,,
73124,2023-10-06,NTRS,Prado Becerra Jose Luis,,0000073124-23-000179,2023-04-17,P,1.0,85.61,3.0,I,,,,,,
73124,2023-10-06,NTRS,Prado Becerra Jose Luis,,0000073124-23-000178,2021-01-19,P,3.0,97.41,23.0,I,,,,,,
73124,2023-10-06,NTRS,Prado Becerra Jose Luis,,0000073124-23-000178,2021-09-13,S,2.0,94.95,25.0,I,,,,,,
73124,2023-10-06,NTRS,Prado Becerra Jose Luis,,0000073124-23-000178,2019-11-05,P,7.0,105.5,7.0,I,,,,,,
73124,2023-10-06,NTRS,Prado Becerra Jose Luis,,0000073124-23-000178,2021-09-27,S,8.0,112.55,17.0,I,,,,,,
73124,2023-10-06,NTRS,Prado Becerra Jose Luis,,0000073124-23-000178,2020-06-09,P,2.0,92.28,23.0,I,,,,,,
73124,2023-10-06,NTRS,Prado Becerra Jose Luis,,0000073124-23-000178,2021-10-29,P,1.0,123.54,18.0,I,,,,,,
73124,2023-10-06,NTRS,Prado Becerra Jose Luis,,0000073124-23-000178,2022-01-28,S,5.0,115.64,7.0,I,,,,,,
73124,2023-10-06,NTRS,Prado Becerra Jose Luis,,0000073124-23-000178,2022-03-02,P,1.0,110.9,8.0,I,,,,,,
73124,2023-10-19,NTRS,Taylor Alexandria,,0000073124-23-000183,2023-10-17,F,2800.0,69.41,34509.0,D,,,,,,
73124,2023-10-25,NTRS,O'Grady Michael,,0000073124-23-000192,2023-10-23,P,20000.0,65.1,219779.0,I,,,,,,
73124,2023-10-25,NTRS,Levy Susan Cohen,,0000073124-23-000191,2023-10-24,P,5000.0,64.41,31085.0,D,,,,,,
73124,2023-10-25,NTRS,Tyler Jason J.,,0000073124-23-000190,2023-10-24,P,1350.0,64.55,41077.0,D,,,,,,
73124,2023-10-25,NTRS,Tyler Jason J.,,0000073124-23-000190,2023-10-25,P,400.0,62.69,41477.0,D,,,,,,
73124,2023-11-01,NTRS,SMITH DAVID BYRON JR,,0000073124-23-000198,2023-10-31,G,3220.0,0.0,46307.0,I,,,,,,
73124,2023-12-07,NTRS,Cherecwich Peter,,0000073124-23-000209,2023-04-17,S,3.0,85.63,7.0,I,,,,,,
73124,2023-12-07,NTRS,Cherecwich Peter,,0000073124-23-000209,2019-03-29,P,5.0,90.41,5.0,I,,,,,,
73124,2023-12-07,NTRS,Cherecwich Peter,,0000073124-23-000209,2023-02-10,P,2.0,97.19,10.0,I,,,,,,
73124,2023-12-07,NTRS,Gossett Mark C,,0000073124-23-000207,2023-12-05,F,291.0,80.36,21432.0,D,,,,,,
73124,2023-12-07,NTRS,Cherecwich Peter,,0000073124-23-000209,2023-07-21,S,5.0,78.54,6.0,I,,,,,,
73124,2023-12-07,NTRS,Cherecwich Peter,,0000073124-23-000209,2022-12-06,S,2.0,87.99,7.0,I,,,,,,
73124,2023-12-07,NTRS,Cherecwich Peter,,0000073124-23-000209,2023-06-20,P,4.0,73.55,11.0,I,,,,,,
73124,2023-12-07,NTRS,Cherecwich Peter,,0000073124-23-000209,2023-01-10,P,1.0,95.02,8.0,I,,,,,,
73124,2023-12-07,NTRS,Cherecwich Peter,,0000073124-23-000209,2023-12-05,F,465.0,80.36,24715.0,D,,,,,,
73124,2023-12-07,NTRS,Cherecwich Peter,,0000073124-23-000209,2021-05-12,P,1.0,116.35,6.0,I,,,,,,
73124,2023-12-07,NTRS,Cherecwich Peter,,0000073124-23-000209,2022-08-23,S,2.0,98.36,7.0,I,,,,,,
73124,2023-12-07,NTRS,Parker Teresa,,0000073124-23-000212,2023-12-05,F,670.0,80.36,75752.0,D,,,,,,
73124,2023-12-07,NTRS,Cherecwich Peter,,0000073124-23-000209,2021-11-02,P,1.0,123.78,9.0,I,,,,,,
73124,2023-12-07,NTRS,O'Grady Michael,,0000073124-23-000208,2023-12-05,F,1282.0,80.36,66659.0,D,,,,,,
73124,2023-12-07,NTRS,FRADKIN STEVEN L,,0000073124-23-000210,2023-12-05,F,465.0,80.36,43976.0,D,,,,,,
73124,2023-12-07,NTRS,Cherecwich Peter,,0000073124-23-000209,2021-05-21,P,2.0,119.88,8.0,I,,,,,,
73124,2023-12-07,NTRS,Cherecwich Peter,,0000073124-23-000209,2022-09-26,P,2.0,86.74,9.0,I,,,,,,
73124,2023-12-07,NTRS,Levy Susan Cohen,,0000073124-23-000211,2023-12-05,F,291.0,80.36,30794.0,D,,,,,,
73124,2024-01-02,NTRS,CROWN SUSAN,,0001124194-24-000001,2024-01-01,A,88.64,84.38,32984.34,D,,,,,,
73124,2024-01-03,NTRS,Harrison Dean M,,0000073124-24-000010,2023-12-31,A,488.86,84.38,24465.41,D,,,,,,
73124,2024-01-03,NTRS,SLARK MARTIN P,,0000073124-24-000008,2024-01-01,A,62.98,84.38,16828.55,D,,,,,,
73124,2024-01-03,NTRS,Prado Becerra Jose Luis,,0000073124-24-000014,2024-01-01,A,121.28,84.38,23448.38,D,,,,,,
73124,2024-01-03,NTRS,Harrison Dean M,,0000073124-24-000010,2024-01-01,A,154.23,84.38,24619.64,D,,,,,,
73124,2024-01-03,NTRS,Tribbett Charles A,,0000073124-24-000013,2024-01-01,A,126.77,84.38,35712.08,D,,,,,,
73124,2024-01-03,NTRS,Thompson Donald,,0000073124-24-000009,2023-12-31,A,429.6,84.38,21835.0,D,,,,,,
73124,2024-01-03,NTRS,Thompson Donald,,0000073124-24-000009,2024-01-01,A,149.38,84.38,21984.38,D,,,,,,
73124,2024-01-03,NTRS,BYNOE LINDA,,0000073124-24-000011,2024-01-01,A,76.33,84.38,30649.52,D,,,,,,
73124,2024-01-03,NTRS,Klevorn Marcy S,,0000073124-24-000012,2024-01-01,A,54.65,84.38,8058.43,D,,,,,,
73124,2024-01-26,NTRS,O'Grady Michael,,0000073124-24-000021,2024-01-24,M,24651.0,60.85,244430.0,I,,,,,,
73124,2024-01-26,NTRS,O'Grady Michael,,0000073124-24-000021,2024-01-24,F,20333.0,81.38,224097.0,I,,,,,,
73124,2024-02-01,NTRS,SMITH DAVID BYRON JR,,0000073124-24-000023,2024-01-31,G,2500.0,0.0,48807.0,I,,,,,,
73124,2024-02-08,NTRS,Tyler Jason J.,,0000073124-24-000025,2024-02-06,M,2466.0,60.85,43943.0,D,,,,,,
73124,2024-02-08,NTRS,Tyler Jason J.,,0000073124-24-000025,2024-02-06,F,2100.0,78.61,41843.0,D,,,,,,
73124,2024-02-22,NTRS,South Thomas A,,0000073124-24-000042,2024-02-20,A,16067.0,0.0,56879.0,D,,,,,,
73124,2024-02-22,NTRS,Levy Susan Cohen,,0000073124-24-000039,2024-02-20,A,15407.0,0.0,46201.0,D,,,,,,
73124,2024-02-22,NTRS,Tyler Jason J.,,0000073124-24-000037,2024-02-20,A,15407.0,0.0,57250.0,D,,,,,,
73124,2024-02-22,NTRS,O'Grady Michael,,0000073124-24-000038,2024-02-20,A,60085.0,0.0,126744.0,D,,,,,,
73124,2024-02-22,NTRS,Karpinski Jane,,0000073124-24-000043,2024-02-20,A,880.0,0.0,15615.0,D,,,,,,
73124,2024-02-22,NTRS,Levy Susan Cohen,,0000073124-24-000039,2024-02-20,F,6298.0,79.51,39903.0,D,,,,,,
73124,2024-02-22,NTRS,Gossett Mark C,,0000073124-24-000040,2024-02-20,F,5420.0,79.51,29438.0,D,,,,,,
73124,2024-02-22,NTRS,South Thomas A,,0000073124-24-000042,2024-02-20,F,6901.0,79.51,49978.0,D,,,,,,
73124,2024-02-22,NTRS,Cherecwich Peter,,0000073124-24-000036,2024-02-20,F,9556.0,79.51,24715.0,D,,,,,,
73124,2024-02-22,NTRS,Gossett Mark C,,0000073124-24-000040,2024-02-20,A,13426.0,0.0,34858.0,D,,,,,,
73124,2024-02-22,NTRS,Tyler Jason J.,,0000073124-24-000037,2024-02-20,F,6826.0,79.51,50424.0,D,,,,,,
73124,2024-02-22,NTRS,Cherecwich Peter,,0000073124-24-000036,2024-02-20,A,21570.0,0.0,46285.0,D,,,,,,
73124,2024-02-22,NTRS,FRADKIN STEVEN L,,0000073124-24-000041,2024-02-20,A,22890.0,0.0,66866.0,D,,,,,,
73124,2024-02-22,NTRS,FRADKIN STEVEN L,,0000073124-24-000041,2024-02-20,F,10141.0,79.51,43976.0,D,,,,,,
73124,2024-02-22,NTRS,O'Grady Michael,,0000073124-24-000038,2024-02-20,F,26618.0,79.51,66659.0,D,,,,,,
73124,2024-02-22,NTRS,Karpinski Jane,,0000073124-24-000043,2024-02-20,F,402.0,79.51,15213.0,D,,,,,,
73124,2024-02-23,NTRS,Cherecwich Peter,,0000073124-24-000059,2024-02-21,A,11731.0,0.0,36446.0,D,,,,,,
73124,2024-02-23,NTRS,O'Grady Michael,,0000073124-24-000056,2024-02-21,A,33734.0,0.0,100393.0,D,,,,,,
73124,2024-02-23,NTRS,Levy Susan Cohen,,0000073124-24-000057,2024-02-21,A,7361.0,0.0,47264.0,D,,,,,,
73124,2024-02-23,NTRS,Gamba Daniel,,0000073124-24-000060,2024-02-21,A,11731.0,0.0,66451.0,D,,,,,,
73124,2024-02-23,NTRS,FRADKIN STEVEN L,,0000073124-24-000061,2024-02-22,S,30392.0,80.11,55707.0,D,,,,,,
73124,2024-02-23,NTRS,FRADKIN STEVEN L,,0000073124-24-000061,2024-02-22,M,30392.0,58.25,86099.0,D,,,,,,
73124,2024-02-23,NTRS,Gossett Mark C,,0000073124-24-000058,2024-02-21,A,7361.0,0.0,36799.0,D,,,,,,
73124,2024-02-23,NTRS,Tyler Jason J.,,0000073124-24-000062,2024-02-21,A,10121.0,0.0,60545.0,D,,,,,,
73124,2024-02-23,NTRS,Landers John,,0000073124-24-000063,2024-02-21,A,1183.0,0.0,8846.0,D,,,,,,
73124,2024-02-23,NTRS,South Thomas A,,0000073124-24-000064,2024-02-21,A,9047.0,0.0,59025.0,D,,,,,,
73124,2024-02-23,NTRS,Karpinski Jane,,0000073124-24-000066,2024-02-21,A,11672.0,0.0,26885.0,D,,,,,,
73124,2024-02-23,NTRS,Taylor Alexandria,,0000073124-24-000067,2024-02-21,A,7667.0,0.0,42227.536,D,,,,,,
73124,2024-02-23,NTRS,FRADKIN STEVEN L,,0000073124-24-000061,2024-02-21,A,11731.0,0.0,55707.0,D,,,,,,
73124,2024-02-23,NTRS,Parker Teresa,,0000073124-24-000065,2024-02-21,A,18731.0,0.0,94483.0,D,,,,,,
73124,2024-02-26,NTRS,Parker Teresa,,0000073124-24-000070,2024-02-22,F,1715.0,80.15,92768.0,D,,,,,,
73124,2024-03-05,NTRS,Cherecwich Peter,,0000073124-24-000090,2024-03-01,F,3939.0,81.9,27061.0,D,,,,,,
73124,2024-03-05,NTRS,O'Grady Michael,,0000073124-24-000091,2024-03-01,F,10673.0,81.9,74956.0,D,,,,,,
73124,2024-03-05,NTRS,Levy Susan Cohen,,0000073124-24-000093,2024-03-01,F,2642.0,81.9,44622.0,D,,,,,,
73124,2024-03-05,NTRS,Parker Teresa,,0000073124-24-000098,2024-03-01,F,3120.0,81.9,89648.0,D,,,,,,
73124,2024-03-05,NTRS,Taylor Alexandria,,0000073124-24-000092,2024-03-01,F,205.0,81.9,42022.536,D,,,,,,
73124,2024-03-05,NTRS,Tyler Jason J.,,0000073124-24-000089,2024-03-01,F,2827.0,81.9,57718.0,D,,,,,,
73124,2024-03-05,NTRS,FRADKIN STEVEN L,,0000073124-24-000094,2024-03-01,F,4042.0,81.9,46078.0,D,,,,,,
73124,2024-03-05,NTRS,South Thomas A,,0000073124-24-000088,2024-03-01,F,3169.0,81.9,55856.0,D,,,,,,
73124,2024-03-05,NTRS,Karpinski Jane,,0000073124-24-000095,2024-03-01,F,1517.0,81.9,23836.0,D,,,,,,
73124,2024-03-05,NTRS,Gossett Mark C,,0000073124-24-000096,2024-03-01,F,2092.0,81.9,34707.0,D,,,,,,
73124,2024-03-05,NTRS,Landers John,,0000073124-24-000097,2024-03-01,F,306.0,81.9,8540.0,D,,,,,,
73124,2024-04-02,NTRS,Tribbett Charles A,,0000073124-24-000114,2024-04-01,A,122.03,88.44,35834.11,D,,,,,,
73124,2024-04-02,NTRS,SLARK MARTIN P,,0000073124-24-000113,2024-04-01,A,60.62,88.44,16889.17,D,,,,,,
73124,2024-04-02,NTRS,Thompson Donald,,0000073124-24-000110,2024-04-01,A,147.42,88.44,22539.47,D,,,,,,
73124,2024-04-02,NTRS,BYNOE LINDA,,0000073124-24-000111,2024-04-01,A,73.47,88.44,30722.99,D,,,,,,
73124,2024-04-02,NTRS,Klevorn Marcy S,,0000073124-24-000112,2024-04-01,A,52.6,88.44,8111.03,D,,,,,,
73124,2024-04-02,NTRS,Harrison Dean M,,0000073124-24-000115,2024-03-31,A,463.9,88.92,25083.54,D,,,,,,
73124,2024-04-02,NTRS,Thompson Donald,,0000073124-24-000110,2024-03-31,A,407.67,88.92,22392.05,D,,,,,,
73124,2024-04-02,NTRS,Harrison Dean M,,0000073124-24-000115,2024-04-01,A,152.58,88.44,25236.12,D,,,,,,
73124,2024-04-02,NTRS,Prado Becerra Jose Luis,,0000073124-24-000116,2024-04-01,A,116.77,88.44,23565.15,D,,,,,,
73124,2024-04-03,NTRS,CROWN SUSAN,,0001124194-24-000002,2024-04-01,A,85.33,88.44,33069.67,D,,,,,,
73124,2024-04-05,NTRS,Gamba Daniel,,0000073124-24-000118,2024-04-03,F,6061.0,87.77,60390.0,D,,,,,,
73124,2024-04-18,NTRS,POWELL CHARLES D,,0000073124-24-000149,2024-04-16,D,1855.0,81.82,0.0,D,,,,,,
73124,2024-04-18,NTRS,SLARK MARTIN P,,0000073124-24-000145,2024-04-16,A,69.95,79.56,16959.12,D,,,,,,
73124,2024-04-18,NTRS,CROWN SUSAN,,0001124194-24-000003,2024-04-16,A,1822.0,79.56,34961.62,D,,,,,,
73124,2024-04-18,NTRS,Mehta Siddharth N,,0000073124-24-000144,2024-04-16,A,69.95,79.56,7496.95,D,,,,,,
73124,2024-04-18,NTRS,Thompson Donald,,0000073124-24-000147,2024-04-16,A,69.95,79.56,22609.42,D,,,,,,
73124,2024-04-18,NTRS,Harrison Dean M,,0000073124-24-000143,2024-04-16,A,69.95,79.56,25306.07,D,,,,,,
73124,2024-04-18,NTRS,SMITH DAVID BYRON JR,,0000073124-24-000152,2024-04-16,A,1822.0,0.0,1822.0,D,,,,,,
73124,2024-04-18,NTRS,POWELL CHARLES D,,0000073124-24-000149,2024-04-16,M,1855.0,,1855.0,D,,,,,,
73124,2024-04-18,NTRS,Henderson Jay L,,0000073124-24-000146,2024-04-16,A,1822.0,0.0,1822.0,D,,,,,,
73124,2024-04-18,NTRS,BYNOE LINDA,,0000073124-24-000150,2024-04-16,A,69.95,79.56,30792.94,D,,,,,,
73124,2024-04-18,NTRS,Tribbett Charles A,,0000073124-24-000151,2024-04-16,A,1822.0,0.0,35801.11,D,,,,,,
73124,2024-04-18,NTRS,Klevorn Marcy S,,0000073124-24-000148,2024-04-16,A,69.95,79.56,8180.98,D,,,,,,
73124,2024-04-25,NTRS,South Thomas A,,0000073124-24-000161,2024-04-23,G,600.0,0.0,55256.0,D,,,,,,
73124,2024-05-02,NTRS,SMITH DAVID BYRON JR,,0000073124-24-000163,2024-04-30,G,2400.0,0.0,53062.0,I,,,,,,
73124,2024-05-03,NTRS,FRADKIN STEVEN L,,0000073124-24-000165,2024-05-01,M,4097.0,58.25,50175.0,D,,,,,,
73124,2024-05-03,NTRS,FRADKIN STEVEN L,,0000073124-24-000165,2024-05-01,S,4097.0,82.56,46078.0,D,,,,,,
73124,2024-05-17,NTRS,Cherecwich Peter,,0000073124-24-000171,2024-05-15,S,12000.0,87.09,31471.0,I,,,,,,
73124,2024-05-31,NTRS,Dhandapani Chandra,,0000073124-24-000179,2024-05-29,A,1607.0,0.0,1607.0,D,,,,,,
73124,2024-07-02,NTRS,Harrison Dean M,,0000073124-24-000197,2024-07-01,A,183.72,83.83,27802.98,D,,,,,,
73124,2024-07-02,NTRS,Tribbett Charles A,,0000073124-24-000190,2024-07-01,A,129.85,83.83,35930.96,D,,,,,,
73124,2024-07-02,NTRS,Dhandapani Chandra,,0000073124-24-000195,2024-06-30,A,118.75,83.98,1725.75,D,,,,,,
73124,2024-07-02,NTRS,Mehta Siddharth N,,0000073124-24-000193,2024-07-01,A,17.22,83.83,9336.17,D,,,,,,
73124,2024-07-02,NTRS,SLARK MARTIN P,,0000073124-24-000194,2024-07-01,A,81.72,83.83,18862.84,D,,,,,,
73124,2024-07-02,NTRS,BYNOE LINDA,,0000073124-24-000196,2024-07-01,A,95.4,83.83,32710.34,D,,,,,,
73124,2024-07-02,NTRS,Klevorn Marcy S,,0000073124-24-000192,2024-07-01,A,73.19,83.83,10076.17,D,,,,,,
73124,2024-07-02,NTRS,Harrison Dean M,,0000073124-24-000197,2024-06-30,A,491.19,83.98,27619.26,D,,,,,,
73124,2024-07-02,NTRS,Thompson Donald,,0000073124-24-000191,2024-06-30,A,431.65,83.98,24863.07,D,,,,,,
73124,2024-07-02,NTRS,Thompson Donald,,0000073124-24-000191,2024-07-01,A,177.71,83.83,25040.78,D,,,,,,
73124,2024-07-02,NTRS,CROWN SUSAN,,0001124194-24-000005,2024-07-01,A,108.02,83.83,35069.64,D,,,,,,
73124,2024-08-01,NTRS,SMITH DAVID BYRON JR,,0000073124-24-000208,2024-07-31,G,2250.0,0.0,55312.0,I,,,,,,
73124,2024-08-12,NTRS,Parker Teresa,,0000073124-24-000212,2024-08-09,S,5883.0,84.06,83765.0,D,,,,,,
73124,2024-08-27,NTRS,Gossett Mark C,,0000073124-24-000218,2024-08-27,S,6000.0,88.9,28707.0,D,,,,,,
73124,2024-09-16,NTRS,Tribbett Charles A,,0000073124-24-000221,2024-09-13,S,1855.0,88.12,1000.0,I,,,,,,
73124,2024-10-02,NTRS,BYNOE LINDA,,0000073124-24-000236,2024-10-01,A,90.94,88.72,32801.28,D,,,,,,
73124,2024-10-02,NTRS,Tribbett Charles A,,0000073124-24-000232,2024-10-01,A,123.77,88.72,36054.73,D,,,,,,
73124,2024-10-02,NTRS,SLARK MARTIN P,,0000073124-24-000233,2024-10-01,A,77.9,88.72,18940.74,D,,,,,,
73124,2024-10-02,NTRS,Mehta Siddharth N,,0000073124-24-000234,2024-10-01,A,16.42,88.72,9352.59,D,,,,,,
73124,2024-10-02,NTRS,Klevorn Marcy S,,0000073124-24-000235,2024-10-01,A,69.77,88.72,10145.94,D,,,,,,
73124,2024-10-02,NTRS,Harrison Dean M,,0000073124-24-000238,2024-10-01,A,179.29,88.72,28440.45,D,,,,,,
73124,2024-10-02,NTRS,Dhandapani Chandra,,0000073124-24-000239,2024-09-30,A,305.45,90.03,2031.2,D,,,,,,
73124,2024-10-02,NTRS,Thompson Donald,,0000073124-24-000237,2024-10-01,A,173.08,88.72,25616.5,D,,,,,,
73124,2024-10-02,NTRS,Harrison Dean M,,0000073124-24-000238,2024-09-30,A,458.18,90.03,28261.16,D,,,,,,
73124,2024-10-02,NTRS,Thompson Donald,,0000073124-24-000237,2024-09-30,A,402.64,90.03,25443.42,D,,,,,,
73124,2024-10-03,NTRS,CROWN SUSAN,,0001124194-24-000006,2024-10-01,A,102.97,88.72,35172.61,D,,,,,,
73124,2024-10-21,NTRS,Taylor Alexandria,,0000073124-24-000247,2024-10-17,F,3523.0,96.38,38499.536,D,,,,,,
73124,2024-10-29,NTRS,South Thomas A,,0000073124-24-000263,2024-10-28,G,500.0,0.0,54756.0,D,,,,,,
73124,2024-10-29,NTRS,Karpinski Jane,,0000073124-24-000265,2024-10-25,S,4338.0,100.96,19498.0,D,,,,,,
73124,2024-10-29,NTRS,FRADKIN STEVEN L,,0000073124-24-000266,2024-10-25,S,27563.0,100.5,46389.0,D,,,,,,
73124,2024-10-29,NTRS,Levy Susan Cohen,,0000073124-24-000267,2024-10-25,M,19585.0,70.21,36717.0,D,,,,,,
73124,2024-10-29,NTRS,Levy Susan Cohen,,0000073124-24-000267,2024-10-25,S,19585.0,102.26,17132.0,D,,,,,,
73124,2024-10-29,NTRS,FRADKIN STEVEN L,,0000073124-24-000266,2024-10-25,M,27874.0,88.06,73952.0,D,,,,,,
73124,2024-10-29,NTRS,Parker Teresa,,0000073124-24-000264,2024-10-25,S,4439.0,100.86,79326.0,D,,,,,,
73124,2024-11-04,NTRS,SMITH DAVID BYRON JR,,0000073124-24-000269,2024-10-31,G,1990.0,0.0,57302.0,I,,,,,,
73124,2024-11-07,NTRS,Cherecwich Peter,,0000073124-24-000276,2024-11-07,S,16153.0,105.18,4397.0,I,,,,,,
73124,2024-11-08,NTRS,South Thomas A,,0000073124-24-000278,2024-11-07,S,5000.0,105.8,49756.0,D,,,,,,
73124,2024-12-03,NTRS,FRADKIN STEVEN L,,0000073124-24-000284,2024-11-29,S,4550.0,111.01,153962.0,I,,,,,,
73124,2024-12-04,NTRS,Bellows Clive,,0000073124-24-000286,2024-12-02,F,168.0,110.64,26666.0,D,,,,,,
73124,2024-12-05,NTRS,Levy Susan Cohen,,0000073124-24-000299,2024-12-03,F,298.0,110.31,16834.0,D,,,,,,
73124,2024-12-05,NTRS,Fox David W Jr,,0000073124-24-000296,2024-12-03,F,276.0,110.31,14969.0,D,,,,,,
73124,2024-12-05,NTRS,Parker Teresa,,0000073124-24-000295,2024-12-03,F,759.0,110.31,78567.0,D,,,,,,
73124,2024-12-05,NTRS,FRADKIN STEVEN L,,0000073124-24-000301,2024-12-03,F,475.0,110.31,45603.0,D,,,,,,
73124,2024-12-05,NTRS,O'Grady Michael,,0000073124-24-000298,2024-12-03,F,1366.0,110.31,73590.0,D,,,,,,
73124,2024-12-05,NTRS,Cherecwich Peter,,0000073124-24-000302,2024-12-03,F,475.0,110.31,26586.0,D,,,,,,
73124,2024-12-05,NTRS,South Thomas A,,0000073124-24-000297,2024-12-03,F,851.0,110.31,48905.0,D,,,,,,
73124,2024-12-05,NTRS,Gossett Mark C,,0000073124-24-000300,2024-12-03,F,298.0,110.31,28409.0,D,,,,,,
73124,2025-01-03,NTRS,Harrison Dean M,,0000073124-25-000016,2025-01-01,A,159.83,102.5,29002.72,D,,,,,,
73124,2025-01-03,NTRS,Thompson Donald,,0000073124-25-000015,2024-12-31,A,353.66,102.5,25970.16,D,,,,,,
73124,2025-01-03,NTRS,Klevorn Marcy S,,0000073124-25-000012,2025-01-01,A,60.91,102.5,10206.85,D,,,,,,
73124,2025-01-03,NTRS,CROWN SUSAN,,0001124194-25-000001,2025-01-01,A,89.88,102.5,35262.49,D,,,,,,
73124,2025-01-03,NTRS,Tribbett Charles A,,0000073124-25-000009,2025-01-01,A,108.04,102.5,36162.77,D,,,,,,
73124,2025-01-03,NTRS,Mehta Siddharth N,,0000073124-25-000011,2025-01-01,A,14.33,102.5,9366.92,D,,,,,,
73124,2025-01-03,NTRS,BYNOE LINDA,,0000073124-25-000013,2025-01-01,A,79.38,102.5,32880.66,D,,,,,,
73124,2025-01-03,NTRS,SLARK MARTIN P,,0000073124-25-000010,2025-01-01,A,68.0,102.5,19008.74,D,,,,,,
73124,2025-01-03,NTRS,Harrison Dean M,,0000073124-25-000016,2024-12-31,A,402.44,102.5,28842.89,D,,,,,,
73124,2025-01-03,NTRS,Thompson Donald,,0000073124-25-000015,2025-01-01,A,154.02,102.5,26124.18,D,,,,,,
73124,2025-01-03,NTRS,Dhandapani Chandra,,0000073124-25-000014,2024-12-31,A,268.29,102.5,2299.49,D,,,,,,
73124,2025-01-24,NTRS,Petrino Richard,,0000073124-25-000027,2025-01-22,A,419.0,0.0,419.0,D,,,,,,
73124,2025-01-31,NTRS,O'Grady Michael,,0000073124-25-000031,2025-01-30,M,23739.0,70.21,309773.32,I,,,,,,
73124,2025-01-31,NTRS,O'Grady Michael,,0000073124-25-000031,2025-01-30,F,17432.0,113.21,292341.32,I,,,,,,
73124,2025-01-31,NTRS,Cherecwich Peter,,0000073124-25-000032,2025-01-29,S,26132.0,112.36,26586.0,D,,,,,,
73124,2025-01-31,NTRS,Tyler Jason J.,,0000073124-25-000034,2025-01-30,S,2237.0,112.67,58449.0,D,,,,,,
73124,2025-01-31,NTRS,Cherecwich Peter,,0000073124-25-000032,2025-01-29,M,26132.0,88.06,52718.0,D,,,,,,
73124,2025-01-31,NTRS,Tyler Jason J.,,0000073124-25-000034,2025-01-30,M,2968.0,70.21,60686.0,D,,,,,,
73124,2025-02-04,NTRS,SMITH DAVID BYRON JR,,0000073124-25-000045,2025-01-31,G,1780.0,0.0,59082.0,I,,,,,,
73124,2025-02-04,NTRS,Karpinski Jane,,0000073124-25-000044,2025-02-03,S,2262.0,111.33,17236.0,D,,,,,,
73124,2025-02-05,NTRS,Landers John,,0000073124-25-000047,2025-02-04,S,900.0,111.44,7640.0,D,,,,,,
73124,2025-02-07,NTRS,Karpinski Jane,,0000073124-25-000076,2025-02-05,A,12411.0,0.0,29647.0,D,,,,,,
73124,2025-02-07,NTRS,Gossett Mark C,,0000073124-25-000067,2025-02-05,A,4978.0,0.0,33387.0,D,,,,,,
73124,2025-02-07,NTRS,South Thomas A,,0000073124-25-000074,2025-02-05,A,25850.0,0.0,74755.0,D,,,,,,
73124,2025-02-07,NTRS,O'Grady Michael,,0000073124-25-000066,2025-02-05,A,19012.0,0.0,92602.0,D,,,,,,
73124,2025-02-07,NTRS,Landers John,,0000073124-25-000069,2025-02-05,A,754.0,0.0,8394.0,D,,,,,,
73124,2025-02-07,NTRS,FRADKIN STEVEN L,,0000073124-25-000064,2025-02-05,A,8278.0,0.0,53881.0,D,,,,,,
73124,2025-02-07,NTRS,Gamba Daniel,,0000073124-25-000072,2025-02-05,A,8819.0,0.0,69209.0,D,,,,,,
73124,2025-02-07,NTRS,Cherecwich Peter,,0000073124-25-000065,2025-02-05,A,7737.0,0.0,34323.0,D,,,,,,
73124,2025-02-07,NTRS,Bellows Clive,,0000073124-25-000077,2025-02-05,A,8814.0,0.0,35480.0,D,,,,,,
73124,2025-02-07,NTRS,Fox David W Jr,,0000073124-25-000071,2025-02-05,A,4740.0,0.0,19709.0,D,,,,,,
73124,2025-02-07,NTRS,Taylor Alexandria,,0000073124-25-000073,2025-02-05,A,6384.0,0.0,44883.536,D,,,,,,
73124,2025-02-07,NTRS,Tyler Jason J.,,0000073124-25-000070,2025-02-05,A,7358.0,0.0,65807.0,D,,,,,,
73124,2025-02-07,NTRS,Conway Kelley,,0000073124-25-000068,2025-02-05,A,2783.0,0.0,13135.0,D,,,,,,
73124,2025-02-07,NTRS,Parker Teresa,,0000073124-25-000075,2025-02-05,A,12640.0,0.0,91207.0,D,,,,,,
73124,2025-02-07,NTRS,Levy Susan Cohen,,0000073124-25-000063,2025-02-05,A,5519.0,0.0,22353.0,D,,,,,,
73124,2025-02-20,NTRS,Fox David W Jr,,0000073124-25-000094,2025-02-18,A,2382.0,0.0,22091.0,D,,,,,,
73124,2025-02-20,NTRS,South Thomas A,,0000073124-25-000095,2025-02-18,A,18190.0,0.0,92945.0,D,,,,,,
73124,2025-02-20,NTRS,O'Grady Michael,,0000073124-25-000099,2025-02-18,A,63107.0,0.0,155709.0,D,,,,,,
73124,2025-02-20,NTRS,Levy Susan Cohen,,0000073124-25-000092,2025-02-18,A,15592.0,0.0,37945.0,D,,,,,,
73124,2025-02-20,NTRS,FRADKIN STEVEN L,,0000073124-25-000093,2025-02-18,F,11052.0,112.69,53881.0,D,,,,,,
73124,2025-02-20,NTRS,Tyler Jason J.,,0000073124-25-000098,2025-02-18,F,8289.0,112.69,76227.0,D,,,,,,
73124,2025-02-20,NTRS,Karpinski Jane,,0000073124-25-000091,2025-02-18,F,555.0,112.69,30271.0,D,,,,,,
73124,2025-02-20,NTRS,Cherecwich Peter,,0000073124-25-000097,2025-02-18,F,11052.0,112.69,34323.0,D,,,,,,
73124,2025-02-20,NTRS,South Thomas A,,0000073124-25-000095,2025-02-19,S,3804.0,113.0,81794.0,D,,,,,,
73124,2025-02-20,NTRS,FRADKIN STEVEN L,,0000073124-25-000093,2025-02-18,A,24946.0,0.0,78827.0,D,,,,,,
73124,2025-02-20,NTRS,South Thomas A,,0000073124-25-000095,2025-02-18,F,7347.0,112.69,85598.0,D,,,,,,
73124,2025-02-20,NTRS,Fox David W Jr,,0000073124-25-000094,2025-02-18,F,698.0,112.69,21393.0,D,,,,,,
73124,2025-02-20,NTRS,Gossett Mark C,,0000073124-25-000096,2025-02-18,A,15592.0,0.0,48979.0,D,,,,,,
73124,2025-02-20,NTRS,Cherecwich Peter,,0000073124-25-000097,2025-02-18,A,24946.0,0.0,59269.0,D,,,,,,
73124,2025-02-20,NTRS,Tyler Jason J.,,0000073124-25-000098,2025-02-18,A,18709.0,0.0,84516.0,D,,,,,,
73124,2025-02-20,NTRS,O'Grady Michael,,0000073124-25-000099,2025-02-18,F,27957.0,112.69,92602.0,D,,,,,,
73124,2025-02-20,NTRS,Gossett Mark C,,0000073124-25-000096,2025-02-18,F,6495.0,112.69,42484.0,D,,,,,,
73124,2025-02-20,NTRS,Levy Susan Cohen,,0000073124-25-000092,2025-02-18,F,6595.0,112.69,31350.0,D,,,,,,
73124,2025-02-20,NTRS,Karpinski Jane,,0000073124-25-000091,2025-02-18,A,1179.0,0.0,30826.0,D,,,,,,
73124,2025-02-25,NTRS,Karpinski Jane,,0000073124-25-000109,2025-02-21,F,1192.0,113.16,29079.0,D,,,,,,
73124,2025-02-25,NTRS,Parker Teresa,,0000073124-25-000108,2025-02-21,F,1757.0,113.16,89450.0,D,,,,,,
73124,2025-02-25,NTRS,Bellows Clive,,0000073124-25-000111,2025-02-21,F,1007.0,79.71,34473.0,D,,,,,,
73124,2025-03-04,NTRS,Gossett Mark C,,0000073124-25-000133,2025-03-01,F,2667.0,110.27,39817.0,D,,,,,,
73124,2025-03-04,NTRS,Taylor Alexandria,,0000073124-25-000140,2025-03-01,F,1001.0,110.27,43882.536,D,,,,,,
73124,2025-03-04,NTRS,Levy Susan Cohen,,0000073124-25-000136,2025-03-01,F,2748.0,110.27,28602.0,D,,,,,,
73124,2025-03-04,NTRS,Gamba Daniel,,0000073124-25-000132,2025-03-01,F,1300.0,110.27,67909.0,D,,,,,,
73124,2025-03-04,NTRS,Cherecwich Peter,,0000073124-25-000129,2025-03-01,F,4264.0,110.27,24165.0,D,,,,,,
73124,2025-03-04,NTRS,Tyler Jason J.,,0000073124-25-000141,2025-03-01,F,3718.0,110.27,72509.0,D,,,,,,
73124,2025-03-04,NTRS,O'Grady Michael,,0000073124-25-000137,2025-03-01,F,11684.0,110.27,64756.0,D,,,,,,
73124,2025-03-04,NTRS,Parker Teresa,,0000073124-25-000138,2025-03-01,F,3592.0,110.27,85858.0,D,,,,,,
73124,2025-03-04,NTRS,South Thomas A,,0000073124-25-000139,2025-03-01,F,3203.0,110.27,78591.0,D,,,,,,
73124,2025-03-04,NTRS,Conway Kelley,,0000073124-25-000145,2025-02-18,A,828.0,0.0,13963.0,D,,,,,,
73124,2025-03-04,NTRS,Moritz Robert Edward Jr.,,0000073124-25-000128,2025-03-01,A,255.0,0.0,255.0,D,,,,,,
73124,2025-03-04,NTRS,Bellows Clive,,0000073124-25-000143,2025-03-01,F,662.0,110.27,33811.0,D,,,,,,
73124,2025-03-04,NTRS,Conway Kelley,,0000073124-25-000145,2025-03-01,F,1007.0,110.27,12713.0,D,,,,,,
73124,2025-03-04,NTRS,Landers John,,0000073124-25-000135,2025-03-01,F,315.0,110.27,8079.0,D,,,,,,
73124,2025-03-04,NTRS,Fox David W Jr,,0000073124-25-000131,2025-03-01,F,2318.0,110.27,19075.0,D,,,,,,
73124,2025-03-04,NTRS,Conway Kelley,,0000073124-25-000145,2025-02-18,F,243.0,112.69,13720.0,D,,,,,,
73124,2025-03-04,NTRS,Karpinski Jane,,0000073124-25-000134,2025-03-01,F,1168.0,110.27,27911.0,D,,,,,,
73124,2025-03-04,NTRS,FRADKIN STEVEN L,,0000073124-25-000130,2025-03-01,F,4318.0,110.27,49563.0,D,,,,,,
73124,2025-04-07,NTRS,Gamba Daniel,,0000073124-25-000149,2025-04-03,F,6061.0,92.33,61848.0,D,,,,,,
73124,2025-04-24,NTRS,Dhandapani Chandra,,0000073124-25-000173,2025-03-31,A,287.49,98.65,2591.09,D,,,,,,
73124,2025-04-24,NTRS,Thompson Donald,,0000073124-25-000169,2025-04-01,A,165.07,97.95,26656.71,D,,,,,,
73124,2025-04-24,NTRS,Mehta Siddharth N,,0000073124-25-000165,2025-04-22,A,61.17,89.36,9443.2,D,,,,,,
73124,2025-04-24,NTRS,BYNOE LINDA,,0000073124-25-000161,2025-04-01,A,83.69,97.95,32964.35,D,,,,,,
73124,2025-04-24,NTRS,Klevorn Marcy S,,0000073124-25-000163,2025-04-22,A,61.17,89.36,10332.23,D,,,,,,
73124,2025-04-24,NTRS,Thompson Donald,,0000073124-25-000169,2025-03-31,A,367.46,98.65,26491.64,D,,,,,,
73124,2025-04-24,NTRS,Klevorn Marcy S,,0000073124-25-000163,2025-04-01,A,64.21,97.95,10271.06,D,,,,,,
73124,2025-04-24,NTRS,SLARK MARTIN P,,0000073124-25-000167,2025-04-01,A,71.69,97.95,19080.43,D,,,,,,
73124,2025-04-24,NTRS,SLARK MARTIN P,,0000073124-25-000167,2025-04-22,A,61.17,89.36,19141.6,D,,,,,,
73124,2025-04-24,NTRS,Thompson Donald,,0000073124-25-000169,2025-04-22,A,61.17,89.36,26717.88,D,,,,,,
73124,2025-04-24,NTRS,Harrison Dean M,,0000073124-25-000171,2025-04-01,A,168.49,97.95,29589.35,D,,,,,,
73124,2025-04-24,NTRS,CROWN SUSAN,,0001124194-25-000002,2025-04-22,A,1902.0,89.36,37320.41,D,,,,,,
73124,2025-04-24,NTRS,Mehta Siddharth N,,0000073124-25-000165,2025-04-01,A,15.11,97.95,9382.03,D,,,,,,
73124,2025-04-24,NTRS,Harrison Dean M,,0000073124-25-000171,2025-04-22,A,61.17,89.36,29650.52,D,,,,,,
73124,2025-04-24,NTRS,Tribbett Charles A,,0000073124-25-000183,2025-04-01,A,113.9,97.95,36276.67,D,,,,,,
73124,2025-04-24,NTRS,Dhandapani Chandra,,0000073124-25-000173,2025-01-01,A,3.11,102.5,2303.6,D,,,,,,
73124,2025-04-24,NTRS,Dhandapani Chandra,,0000073124-25-000173,2025-04-22,A,53.95,89.36,2650.37,D,,,,,,
73124,2025-04-24,NTRS,Petrino Richard,,0000073124-25-000179,2025-04-22,A,3.52,89.36,422.52,D,,,,,,
73124,2025-04-24,NTRS,Harrison Dean M,,0000073124-25-000171,2025-03-31,A,418.14,98.65,29420.86,D,,,,,,
73124,2025-04-24,NTRS,Moritz Robert Edward Jr.,,0000073124-25-000177,2025-04-22,A,1902.0,0.0,2157.0,D,,,,,,
73124,2025-04-24,NTRS,SMITH DAVID BYRON JR,,0000073124-25-000181,2025-04-22,A,1902.0,0.0,1902.0,D,,,,,,
73124,2025-04-24,NTRS,Dhandapani Chandra,,0000073124-25-000173,2025-04-01,A,5.33,97.95,2596.42,D,,,,,,
73124,2025-04-24,NTRS,Henderson Jay L,,0000073124-25-000175,2025-04-22,A,1902.0,0.0,1902.0,D,,,,,,
73124,2025-04-24,NTRS,Moritz Robert Edward Jr.,,0000073124-25-000177,2025-04-24,P,112.0,91.62,2269.0,D,,,,,,
73124,2025-04-24,NTRS,Dhandapani Chandra,,0000073124-25-000173,2024-10-01,A,1.0,88.72,2300.49,D,,,,,,
73124,2025-04-24,NTRS,Tribbett Charles A,,0000073124-25-000183,2025-04-22,A,1902.0,0.0,36356.67,D,,,,,,
73124,2025-05-01,NTRS,SMITH DAVID BYRON JR,,0000073124-25-000189,2025-04-30,G,2160.0,0.0,63064.0,I,,,,,,
73124,2025-05-12,NTRS,Bellows Clive,,0000073124-25-000193,2025-05-08,S,3300.0,99.95,28736.0,D,,,,,,
73124,2025-05-12,NTRS,Parker Teresa,,0000073124-25-000192,2025-05-09,S,6467.0,100.62,79391.0,D,,,,,,
73124,2025-05-13,NTRS,Fox David W Jr,,0000073124-25-000197,2025-05-12,S,5076.0,105.55,13999.0,D,,,,,,
73124,2025-05-13,NTRS,Conway Kelley,,0000073124-25-000196,2025-05-12,S,500.0,105.28,12213.0,D,,,,,,
73124,2025-05-23,NTRS,South Thomas A,,0000073124-25-000199,2025-05-22,G,500.0,0.0,78091.0,D,,,,,,
73124,2025-06-04,NTRS,Hallinan Aengus,,0000073124-25-000203,2025-05-19,A,11807.0,0.0,11812.04,D,,,,,,
73124,2025-06-04,NTRS,Hallinan Aengus,,0000073124-25-000203,2025-05-22,S,5.04,104.84,11807.0,D,,,,,,
73124,2025-07-02,NTRS,SLARK MARTIN P,,0000073124-25-000217,2025-07-01,A,66.32,127.99,21109.92,D,,,,,,
73124,2025-07-02,NTRS,CROWN SUSAN,,0000073124-25-000220,2025-07-01,A,84.11,127.99,37404.52,D,,,,,,
73124,2025-07-02,NTRS,Mehta Siddharth N,,0000073124-25-000216,2025-07-01,A,22.68,127.99,11367.88,D,,,,,,
73124,2025-07-02,NTRS,Tribbett Charles A,,0000073124-25-000218,2025-07-01,A,87.83,127.99,36444.5,D,,,,,,
73124,2025-07-02,NTRS,Petrino Richard,,0000073124-25-000219,2025-07-01,A,2.48,127.99,2327.0,D,,,,,,
73124,2025-07-02,NTRS,Klevorn Marcy S,,0000073124-25-000215,2025-07-01,A,60.55,127.99,12294.78,D,,,,,,
73124,2025-07-02,NTRS,Dhandapani Chandra,,0000073124-25-000224,2025-07-01,A,15.53,127.99,4834.85,D,,,,,,
73124,2025-07-02,NTRS,Dhandapani Chandra,,0000073124-25-000224,2025-06-30,A,266.95,126.79,4819.32,D,,,,,,
73124,2025-07-02,NTRS,Harrison Dean M,,0000073124-25-000225,2025-07-01,A,145.8,127.99,32046.41,D,,,,,,
73124,2025-07-02,NTRS,Thompson Donald,,0000073124-25-000226,2025-06-30,A,293.49,126.79,28913.37,D,,,,,,
73124,2025-07-02,NTRS,Harrison Dean M,,0000073124-25-000225,2025-06-30,A,348.09,126.79,31900.61,D,,,,,,
73124,2025-07-02,NTRS,Thompson Donald,,0000073124-25-000226,2025-07-01,A,140.49,127.99,29053.86,D,,,,,,
73124,2025-07-30,NTRS,FRADKIN STEVEN L,,0001214324-25-000006,2025-07-28,S,8775.0,129.52,165051.0,I,,,,,,
73124,2025-07-30,NTRS,FRADKIN STEVEN L,,0001214324-25-000006,2025-07-29,S,5680.0,132.11,159371.0,I,,,,,,
73124,2025-07-30,NTRS,FRADKIN STEVEN L,,0001214324-25-000006,2025-07-30,S,3775.0,132.5,155596.0,I,,,,,,
73124,2025-07-31,NTRS,SMITH DAVID BYRON JR,,0001478669-25-000008,2025-07-31,G,1520.0,0.0,64584.0,I,,,,,,
73124,2025-08-01,NTRS,Parker Teresa,,0001705976-25-000005,2025-07-31,S,7602.0,131.21,71789.0,D,,,,,,
73124,2025-08-18,NTRS,Moritz Robert Edward Jr.,,0002033834-25-000004,2025-08-13,P,256.0,126.34,2525.0,D,,,,,,
73124,2025-08-26,NTRS,Fox David W Jr,,0002039870-25-000003,2025-08-25,G,191.0,0.0,40445.0,I,,,,,,
73124,2025-09-09,NTRS,South Thomas A,,0001751051-25-000003,2025-09-09,G,155.0,0.0,77936.0,D,,,,,,
73124,2025-10-02,NTRS,Klevorn Marcy S,,0001692367-25-000005,2025-10-01,A,63.37,131.2,12358.15,D,,,,,,
73124,2025-10-02,NTRS,Dhandapani Chandra,,0001750288-25-000004,2025-10-01,A,17.89,131.2,5112.77,D,,,,,,
73124,2025-10-02,NTRS,Harrison Dean M,,0001629460-25-000004,2025-10-01,A,154.72,131.2,32538.56,D,,,,,,
73124,2025-10-02,NTRS,Dhandapani Chandra,,0001750288-25-000004,2025-09-30,A,260.03,134.6,5094.88,D,,,,,,
73124,2025-10-02,NTRS,Harrison Dean M,,0001629460-25-000004,2025-09-30,A,334.32,134.6,32383.84,D,,,,,,
73124,2025-10-02,NTRS,SLARK MARTIN P,,0001012930-25-000004,2025-10-01,A,69.41,131.2,21179.33,D,,,,,,
73124,2025-10-02,NTRS,Thompson Donald,,0001374074-25-000005,2025-09-30,A,278.6,134.6,29332.46,D,,,,,,
73124,2025-10-02,NTRS,Tribbett Charles A,,0001323371-25-000004,2025-10-01,A,91.93,131.2,36536.43,D,,,,,,
73124,2025-10-02,NTRS,Mehta Siddharth N,,0001321443-25-000004,2025-10-01,A,23.74,131.2,11391.62,D,,,,,,
73124,2025-10-02,NTRS,CROWN SUSAN,,0001124194-25-000006,2025-10-01,A,88.02,131.2,37492.54,D,,,,,,
73124,2025-10-02,NTRS,Petrino Richard,,0001736600-25-000004,2025-10-01,A,2.59,131.2,2329.59,D,,,,,,
73124,2025-10-02,NTRS,Thompson Donald,,0001374074-25-000005,2025-10-01,A,148.84,131.2,29481.3,D,,,,,,
73124,2025-10-21,NTRS,Taylor Alexandria,,0001950022-25-000004,2025-10-17,F,3823.0,123.43,40059.536,D,,,,,,
73124,2025-10-28,NTRS,Moritz Robert Edward Jr.,,0002033834-25-000009,2025-10-27,P,270.0,126.66,2795.0,D,,,,,,
73124,2025-11-04,NTRS,SMITH DAVID BYRON JR,,0001478669-25-000014,2025-10-31,G,1580.0,0.0,66164.0,I,,,,,,
73124,2025-11-05,NTRS,Moritz Robert Edward Jr.,,0002033834-25-000011,2025-11-04,P,3891.0,128.57,6686.0,D,,,,,,
73124,2025-11-05,NTRS,Levy Susan Cohen,,0001607570-25-000005,2025-11-04,S,20414.0,127.92,55434.0,D,,,,,,
73124,2025-11-05,NTRS,Levy Susan Cohen,,0001607570-25-000005,2025-11-04,M,27591.0,58.25,75848.0,D,,,,,,
73124,2025-11-07,NTRS,FRADKIN STEVEN L,,0001214324-25-000011,2025-11-06,S,4688.0,128.0,150908.0,I,,,,,,
73124,2025-11-18,NTRS,Landers John,,0002003731-25-000006,2025-11-17,S,766.0,124.35,7313.0,D,,,,,,
73124,2025-12-03,NTRS,Bellows Clive,,0002027224-25-000004,2025-12-01,F,169.0,131.01,28567.0,D,,,,,,
73124,2025-12-05,NTRS,Fox David W Jr,,0002039870-25-000006,2025-12-03,F,192.0,131.32,13807.0,D,,,,,,
73124,2025-12-05,NTRS,Cherecwich Peter,,0001614598-25-000005,2025-12-03,F,314.0,131.32,23851.0,D,,,,,,
73124,2025-12-05,NTRS,FRADKIN STEVEN L,,0001214324-25-000013,2025-12-03,F,336.0,131.32,43257.0,D,,,,,,
73124,2025-12-05,NTRS,Levy Susan Cohen,,0001607570-25-000007,2025-12-03,F,224.0,131.32,48033.0,D,,,,,,
73124,2025-12-05,NTRS,O'Grady Michael,,0001527742-25-000005,2025-12-03,F,770.0,131.32,63986.0,D,,,,,,
73124,2025-12-05,NTRS,South Thomas A,,0001751051-25-000006,2025-12-03,F,1048.0,131.32,76888.0,D,,,,,,
73124,2025-12-10,NTRS,Fox David W Jr,,0002039870-25-000008,2025-12-10,G,1870.0,0.0,38575.0,I,,,,,,
73124,2025-12-15,NTRS,South Thomas A,,0001751051-25-000011,2025-12-11,S,5000.0,139.03,71888.0,D,,,,,,
73124,2025-12-15,NTRS,South Thomas A,,0001751051-25-000011,2025-12-11,G,80.0,0.0,71808.0,D,,,,,,
73124,2026-01-05,NTRS,Tribbett Charles A,,0001323371-26-000002,2026-01-01,A,88.84,136.59,36625.27,D,,,,,,
73124,2026-01-05,NTRS,Mehta Siddharth N,,0001321443-26-000002,2026-01-01,A,22.95,136.59,11414.57,D,,,,,,
73124,2026-01-05,NTRS,CROWN SUSAN,,0001124194-26-000002,2026-01-01,A,85.06,136.59,37577.6,D,,,,,,
73124,2026-01-05,NTRS,Klevorn Marcy S,,0001692367-26-000005,2026-01-01,A,61.24,136.59,12419.39,D,,,,,,
73124,2026-01-05,NTRS,Thompson Donald,,0001374074-26-000002,2026-01-01,A,145.48,136.59,29901.32,D,,,,,,
73124,2026-01-05,NTRS,Thompson Donald,,0001374074-26-000002,2025-12-31,A,274.54,136.59,29755.84,D,,,,,,
73124,2026-01-05,NTRS,SLARK MARTIN P,,0001012930-26-000002,2026-01-01,A,67.08,136.59,21246.41,D,,,,,,
73124,2026-01-05,NTRS,Petrino Richard,,0001736600-26-000002,2026-01-01,A,2.5,136.59,2332.09,D,,,,,,
73124,2026-01-05,NTRS,Dhandapani Chandra,,0001750288-26-000002,2026-01-01,A,18.8,136.59,5387.81,D,,,,,,
73124,2026-01-05,NTRS,Harrison Dean M,,0001629460-26-000002,2026-01-01,A,151.52,136.59,33019.53,D,,,,,,
73124,2026-01-05,NTRS,Dhandapani Chandra,,0001750288-26-000002,2025-12-31,A,256.24,136.59,5369.01,D,,,,,,
73124,2026-01-05,NTRS,Harrison Dean M,,0001629460-26-000002,2025-12-31,A,329.45,136.59,32868.01,D,,,,,,
73124,2026-01-27,NTRS,Cherecwich Peter,,0001614598-26-000004,2026-01-26,S,25000.0,149.62,26259.0,I,,,,,,
73124,2026-02-02,NTRS,O'Grady Michael,,0001527742-26-000005,2026-01-29,M,34489.0,58.25,383557.44,I,,,,,,
73124,2026-02-02,NTRS,O'Grady Michael,,0001527742-26-000005,2026-01-29,F,21739.0,150.78,361818.44,I,,,,,,
73124,2026-02-02,NTRS,SMITH DAVID BYRON JR,,0001478669-26-000003,2026-01-30,G,1340.0,0.0,82935.0,I,,,,,,
73124,2026-02-03,NTRS,Moritz Robert Edward Jr.,,0002033834-26-000004,2026-02-02,P,245.0,151.85,6931.0,D,,,,,,
73124,2026-02-05,NTRS,Petrino Richard,,0001736600-26-000004,2026-02-05,P,1000.0,148.91,3332.09,D,,,,,,
73124,2026-02-09,NTRS,Tyler Jason J.,,0001664676-26-000002,2026-02-05,A,7185.0,0.0,79694.0,D,,,,,,
73124,2026-02-09,NTRS,Hallinan Aengus,,0002071440-26-000002,2026-02-05,A,4029.0,0.0,15836.0,D,,,,,,
73124,2026-02-09,NTRS,O'Grady Michael,,0001527742-26-000007,2026-02-05,A,19437.0,0.0,83423.0,D,,,,,,
73124,2026-02-09,NTRS,Bellows Clive,,0002027224-26-000002,2026-02-05,A,7758.0,0.0,36325.0,D,,,,,,
73124,2026-02-09,NTRS,Bellows Clive,,0002027224-26-000002,2026-02-05,F,1044.0,112.39,35281.0,D,,,,,,
73124,2026-02-09,NTRS,Fox David W Jr,,0002039870-26-000002,2026-02-05,A,6355.0,0.0,20162.0,D,,,,,,
73124,2026-02-09,NTRS,Landers John,,0002003731-26-000002,2026-02-05,A,801.0,0.0,8114.0,D,,,,,,
73124,2026-02-09,NTRS,Cherecwich Peter,,0001614598-26-000006,2026-02-05,A,8016.0,0.0,31867.0,D,,,,,,
73124,2026-02-09,NTRS,Gibson Guy,,0002104487-26-000004,2026-02-05,F,925.0,148.88,36056.0,D,,,,,,
73124,2026-02-09,NTRS,Taylor Alexandria,,0001950022-26-000002,2026-02-05,A,5690.0,0.0,45749.536,D,,,,,,
73124,2026-02-09,NTRS,South Thomas A,,0001751051-26-000002,2026-02-05,F,1063.0,148.88,87595.0,D,,,,,,
73124,2026-02-09,NTRS,South Thomas A,,0001751051-26-000002,2026-02-05,A,16850.0,0.0,88658.0,D,,,,,,
73124,2026-02-09,NTRS,Levy Susan Cohen,,0001607570-26-000002,2026-02-05,A,4694.0,0.0,52727.0,D,,,,,,
73124,2026-02-09,NTRS,Hunstad Michael,,0002086167-26-000002,2026-02-05,A,4527.0,0.0,29712.0,D,,,,,,
73124,2026-02-09,NTRS,Gibson Guy,,0002104487-26-000004,2026-02-05,A,6449.0,0.0,36981.0,D,,,,,,
73124,2026-02-13,NTRS,Gibson Guy,,0002104487-26-000006,2026-02-12,S,1043.0,147.43,35013.0,D,,,,,,
73124,2026-02-13,NTRS,Bellows Clive,,0002027224-26-000004,2026-02-12,S,1148.0,145.26,34133.0,D,,,,,,
73124,2026-02-18,NTRS,Tyler Jason J.,,0001664676-26-000007,2026-02-13,M,4599.0,58.25,84293.0,D,,,,,,
73124,2026-02-18,NTRS,Tyler Jason J.,,0001664676-26-000007,2026-02-13,F,3057.0,146.38,81236.0,D,,,,,,
73124,2026-02-19,NTRS,Fox David W Jr,,0002039870-26-000004,2026-02-17,F,1154.0,147.24,21612.0,D,,,,,,
73124,2026-02-19,NTRS,O'Grady Michael,,0001527742-26-000009,2026-02-17,F,32181.0,147.24,83423.0,D,,,,,,
73124,2026-02-19,NTRS,Levy Susan Cohen,,0001607570-26-000004,2026-02-17,F,7130.0,147.24,62049.0,D,,,,,,
73124,2026-02-19,NTRS,Tyler Jason J.,,0001664676-26-000009,2026-02-17,F,9541.0,147.24,93232.0,D,,,,,,
73124,2026-02-19,NTRS,South Thomas A,,0001751051-26-000004,2026-02-17,A,19892.0,0.0,107487.0,D,,,,,,
73124,2026-02-19,NTRS,Levy Susan Cohen,,0001607570-26-000004,2026-02-17,A,16452.0,0.0,69179.0,D,,,,,,
73124,2026-02-19,NTRS,Cherecwich Peter,,0001614598-26-000008,2026-02-17,A,26322.0,0.0,58189.0,D,,,,,,
73124,2026-02-19,NTRS,Tyler Jason J.,,0001664676-26-000009,2026-02-17,A,21537.0,0.0,102773.0,D,,,,,,
73124,2026-02-19,NTRS,Taylor Alexandria,,0001950022-26-000004,2026-02-17,F,2840.0,147.24,49319.536,D,,,,,,
73124,2026-02-19,NTRS,O'Grady Michael,,0001527742-26-000009,2026-02-17,A,72642.0,0.0,156065.0,D,,,,,,
73124,2026-02-19,NTRS,Taylor Alexandria,,0001950022-26-000004,2026-02-17,A,6410.0,0.0,52159.536,D,,,,,,
73124,2026-02-19,NTRS,Cherecwich Peter,,0001614598-26-000008,2026-02-17,F,11661.0,147.24,31867.0,D,,,,,,
73124,2026-02-19,NTRS,Fox David W Jr,,0002039870-26-000004,2026-02-17,A,2604.0,0.0,22766.0,D,,,,,,
73124,2026-02-19,NTRS,South Thomas A,,0001751051-26-000004,2026-02-17,F,8606.0,147.24,98881.0,D,,,,,,
73124,2026-02-26,NTRS,Fox David W Jr,,0002039870-26-000006,2026-02-25,S,1450.0,144.05,20162.0,D,,,,,,
73124,2026-03-04,NTRS,Landers John,,0002003731-26-000004,2026-03-01,F,300.0,143.15,7814.0,D,,,,,,
73124,2026-03-04,NTRS,Gibson Guy,,0002104487-26-000008,2026-03-01,F,2672.0,143.15,32341.0,D,,,,,,
73124,2026-03-04,NTRS,Levy Susan Cohen,,0001607570-26-000006,2026-03-01,F,2671.0,143.15,59378.0,D,,,,,,
73124,2026-03-04,NTRS,Tyler Jason J.,,0001664676-26-000011,2026-03-01,F,3837.0,143.15,89395.0,D,,,,,,
73124,2026-03-04,NTRS,Cherecwich Peter,,0001614598-26-000010,2026-03-01,F,4157.0,143.15,21962.0,D,,,,,,
73124,2026-03-04,NTRS,Bellows Clive,,0002027224-26-000007,2026-03-01,F,662.0,143.15,33471.0,D,,,,,,
73124,2026-03-04,NTRS,Taylor Alexandria,,0001950022-26-000006,2026-03-01,F,1868.0,143.15,47451.536,D,,,,,,
73124,2026-03-04,NTRS,O'Grady Michael,,0001527742-26-000011,2026-03-01,F,11129.0,143.15,56897.0,D,,,,,,
73124,2026-03-04,NTRS,South Thomas A,,0001751051-26-000006,2026-03-01,F,2544.0,143.15,96337.0,D,,,,,,
73124,2026-03-04,NTRS,Fox David W Jr,,0002039870-26-000008,2026-03-01,F,2355.0,143.15,17807.0,D,,,,,,
73124,2026-03-04,NTRS,Hunstad Michael,,0002086167-26-000004,2026-03-01,F,3867.0,143.15,25845.0,D,,,,,,
73124,2026-03-05,NTRS,Fox David W Jr,,0002039870-26-000010,2026-03-04,S,3255.0,143.89,14552.0,D,,,,,,
73124,2026-03-06,NTRS,Gibson Guy,,0002104487-26-000010,2026-03-05,S,3009.0,142.39,29332.0,D,,,,,,
73124,2026-04-02,NTRS,Harrison Dean M,,0001629460-26-000004,2026-03-31,A,322.42,139.57,33341.95,D,,,,,,
73124,2026-04-02,NTRS,Thompson Donald,,0001374074-26-000004,2026-03-31,A,268.68,139.57,30170.0,D,,,,,,
73124,2026-04-02,NTRS,Dhandapani Chandra,,0001750288-26-000004,2026-04-01,A,19.72,141.41,5658.3,D,,,,,,
73124,2026-04-02,NTRS,Klevorn Marcy S,,0001692367-26-000007,2026-04-01,A,59.5,141.41,12478.89,D,,,,,,
73124,2026-04-02,NTRS,CROWN SUSAN,,0001124194-26-000007,2026-04-01,A,82.65,141.41,37660.25,D,,,,,,
73124,2026-04-02,NTRS,Tribbett Charles A,,0001323371-26-000004,2026-04-01,A,86.31,141.41,36711.58,D,,,,,,
73124,2026-04-02,NTRS,Petrino Richard,,0001736600-26-000006,2026-04-01,A,2.43,141.41,3334.52,D,,,,,,
73124,2026-04-02,NTRS,Harrison Dean M,,0001629460-26-000004,2026-04-01,A,149.03,141.41,33490.98,D,,,,,,
73124,2026-04-02,NTRS,SLARK MARTIN P,,0001012930-26-000004,2026-04-01,A,65.17,141.41,21311.58,D,,,,,,
73124,2026-04-02,NTRS,Mehta Siddharth N,,0001321443-26-000004,2026-04-01,A,22.29,141.41,11436.86,D,,,,,,
73124,2026-04-02,NTRS,Thompson Donald,,0001374074-26-000004,2026-04-01,A,142.85,141.41,30312.85,D,,,,,,
73124,2026-04-02,NTRS,Dhandapani Chandra,,0001750288-26-000004,2026-03-31,A,250.77,139.57,5638.58,D,,,,,,
73124,2026-04-23,NTRS,SMITH DAVID BYRON JR,,0001478669-26-000009,2026-04-21,A,989.0,0.0,989.0,D,non_derivative,Common Stock,,,,
73124,2026-04-23,NTRS,CROWN SUSAN,,0001124194-26-000009,2026-04-21,A,34.89,171.74,37695.14,D,non_derivative,Common Stock Units,,,,
73124,2026-04-23,NTRS,Mehta Siddharth N,,0001321443-26-000006,2026-04-21,A,34.89,171.74,11471.75,D,non_derivative,Common Stock,,,,
73124,2026-04-23,NTRS,SLARK MARTIN P,,0001012930-26-000006,2026-04-21,A,34.89,171.74,21346.47,D,non_derivative,Common Stock,,,,
73124,2026-04-23,NTRS,Dhandapani Chandra,,0001750288-26-000006,2026-04-21,A,34.89,171.74,5693.19,D,non_derivative,Common Stock,,,,
73124,2026-04-23,NTRS,Harrison Dean M,,0001629460-26-000006,2026-04-21,A,34.89,171.74,33525.87,D,non_derivative,Common Stock,,,,
73124,2026-04-23,NTRS,Moritz Robert Edward Jr.,,0002033834-26-000010,2026-04-21,A,989.0,0.0,7920.0,D,non_derivative,Common Stock,,,,
73124,2026-04-23,NTRS,Klevorn Marcy S,,0001692367-26-000009,2026-04-21,A,34.89,171.74,12513.78,D,non_derivative,Common Stock,,,,
73124,2026-04-23,NTRS,Petrino Richard,,0001736600-26-000008,2026-04-21,A,17.45,171.74,3351.97,D,non_derivative,Common Stock,,,,
73124,2026-04-23,NTRS,Tribbett Charles A,,0001323371-26-000006,2026-04-21,A,989.0,0.0,35798.58,D,non_derivative,Common Stock,,,,
73124,2026-04-23,NTRS,Thompson Donald,,0001374074-26-000006,2026-04-21,A,34.89,171.74,30347.74,D,non_derivative,Common Stock,,,,
73124,2026-04-23,NTRS,Henderson Jay L,,0001673525-26-000002,2026-04-21,A,989.0,0.0,989.0,D,non_derivative,Common Stock,,,,
73124,2026-04-23,NTRS,Klevorn Marcy S,,0001692367-26-000009,2026-04-21,A,34.89,171.74,12513.78,D,,,,,,
73124,2026-04-23,NTRS,Moritz Robert Edward Jr.,,0002033834-26-000010,2026-04-21,A,989.0,0.0,7920.0,D,,,,,,
73124,2026-04-23,NTRS,SLARK MARTIN P,,0001012930-26-000006,2026-04-21,A,34.89,171.74,21346.47,D,,,,,,
73124,2026-04-23,NTRS,Thompson Donald,,0001374074-26-000006,2026-04-21,A,34.89,171.74,30347.74,D,,,,,,
73124,2026-04-23,NTRS,Petrino Richard,,0001736600-26-000008,2026-04-21,A,17.45,171.74,3351.97,D,,,,,,
73124,2026-04-23,NTRS,Mehta Siddharth N,,0001321443-26-000006,2026-04-21,A,34.89,171.74,11471.75,D,,,,,,
73124,2026-04-23,NTRS,SMITH DAVID BYRON JR,,0001478669-26-000009,2026-04-21,A,989.0,0.0,989.0,D,,,,,,
73124,2026-04-23,NTRS,Harrison Dean M,,0001629460-26-000006,2026-04-21,A,34.89,171.74,33525.87,D,,,,,,
73124,2026-04-23,NTRS,Tribbett Charles A,,0001323371-26-000006,2026-04-21,A,989.0,0.0,35798.58,D,,,,,,
73124,2026-04-23,NTRS,CROWN SUSAN,,0001124194-26-000009,2026-04-21,A,34.89,171.74,37695.14,D,,,,,,
73124,2026-04-23,NTRS,Henderson Jay L,,0001673525-26-000002,2026-04-21,A,989.0,0.0,989.0,D,,,,,,
73124,2026-04-23,NTRS,Dhandapani Chandra,,0001750288-26-000006,2026-04-21,A,34.89,171.74,5693.19,D,,,,,,
73124,2026-04-28,NTRS,Bellows Clive,,0002027224-26-000009,2026-04-24,S,2800.0,165.02,28217.0,D,,,,,,
73124,2026-04-28,NTRS,Bellows Clive,,0002027224-26-000009,2026-04-24,S,2800.0,165.02,28217.0,D,non_derivative,Common Stock,,,,
73124,2026-04-29,NTRS,Fox David W Jr,,0002039870-26-000014,2026-04-29,S,13.0,165.74,18575.0,I,non_derivative,Common Stock,,,,
73124,2026-04-29,NTRS,Fox David W Jr,,0002039870-26-000014,2026-04-29,S,13.0,165.74,18575.0,I,,,,,,
73124,2026-04-29,NTRS,Fox David W Jr,,0002039870-26-000014,2026-04-28,S,19987.0,166.16,18588.0,I,non_derivative,Common Stock,,,,
73124,2026-04-29,NTRS,Fox David W Jr,,0002039870-26-000014,2026-04-28,S,19987.0,166.16,18588.0,I,,,,,,
73124,2026-05-01,NTRS,SMITH DAVID BYRON JR,,0001478669-26-000011,2026-04-30,G,1200.0,0.0,86037.0,I,,,,,,
73124,2026-05-01,NTRS,SMITH DAVID BYRON JR,,0001478669-26-000011,2026-04-30,G,1200.0,0.0,86037.0,I,non_derivative,Common Stock,,,,
73124,2026-05-04,NTRS,South Thomas A,,0001751051-26-000008,2026-05-04,G,1300.0,0.0,95037.0,D,non_derivative,Common Stock,,,,
73124,2026-05-04,NTRS,Moritz Robert Edward Jr.,,0002033834-26-000012,2026-05-01,P,225.0,166.41,8145.0,D,non_derivative,Common Stock,,,,
73124,2026-05-04,NTRS,South Thomas A,,0001751051-26-000008,2026-05-04,G,1300.0,0.0,95037.0,D,,,,,,
73124,2026-05-04,NTRS,Moritz Robert Edward Jr.,,0002033834-26-000012,2026-05-01,P,225.0,166.41,8145.0,D,,,,,,
73124,2026-05-26,NTRS,South Thomas A,,0001751051-26-000010,2026-05-22,G,320.0,0.0,94717.0,D,non_derivative,Common Stock,,,,
73124,2026-06-02,NTRS,Hallinan Aengus,,0002071440-26-000004,2026-06-01,F,2707.0,166.82,13129.0,D,non_derivative,Common Stock,,,,
73124,2026-06-04,NTRS,Hallinan Aengus,,0002071440-26-000006,2026-06-03,S,2555.0,167.1,10574.0,D,non_derivative,Common Stock,,,,
73124,2026-07-02,NTRS,Harrison Dean M,,0001629460-26-000008,2026-06-30,A,258.86,173.84,34773.73,D,non_derivative,Common Stock,,,,
73124,2026-07-02,NTRS,Harrison Dean M,,0001629460-26-000008,2026-07-01,A,130.96,175.6,34904.69,D,non_derivative,Common Stock,,,,
73124,2026-07-02,NTRS,Dhandapani Chandra,,0001750288-26-000008,2026-06-30,A,201.33,173.84,6883.52,D,non_derivative,Common Stock,,,,
73124,2026-07-02,NTRS,Dhandapani Chandra,,0001750288-26-000008,2026-07-01,A,25.94,175.6,6909.46,D,non_derivative,Common Stock,,,,
73124,2026-07-02,NTRS,Mehta Siddharth N,,0001321443-26-000008,2026-07-01,A,26.88,175.6,12487.63,D,non_derivative,Common Stock,,,,
73124,2026-07-02,NTRS,Klevorn Marcy S,,0001692367-26-000011,2026-07-01,A,57.01,175.6,13559.79,D,non_derivative,Common Stock,,,,
73124,2026-07-02,NTRS,SLARK MARTIN P,,0001012930-26-000008,2026-07-01,A,61.6,175.6,22397.07,D,non_derivative,Common Stock,,,,
73124,2026-07-02,NTRS,Thompson Donald,,0001374074-26-000010,2026-07-01,A,125.75,175.6,31678.21,D,non_derivative,Common Stock,,,,
73124,2026-07-02,NTRS,Thompson Donald,,0001374074-26-000010,2026-06-30,A,215.72,173.84,31552.46,D,non_derivative,Common Stock,,,,
73124,2026-07-02,NTRS,Tribbett Charles A,,0001323371-26-000008,2026-07-01,A,69.9,175.6,35868.48,D,non_derivative,Common Stock,,,,
73124,2026-07-02,NTRS,Petrino Richard,,0001736600-26-000010,2026-07-01,A,5.39,175.6,4343.9,D,non_derivative,Common Stock,,,,
73124,2026-07-02,NTRS,CROWN SUSAN,,0001124194-26-000013,2026-07-01,A,75.75,175.6,38759.89,D,non_derivative,Common Stock Units,,,,
73124,2026-07-30,NTRS,Moritz Robert Edward Jr.,,0002033834-26-000019,2026-07-29,P,255.0,179.57,8400.0,D,non_derivative,Common Stock,,,,
73124,2026-08-04,NTRS,SMITH DAVID BYRON JR,,0001478669-26-000015,2026-07-31,G,1120.0,0.0,87157.0,I,non_derivative,Common Stock,,,,
