cik,filingDate,issuerTradingSymbol,reportingOwnerName,reportingOwnerRelationship,accessionNumber,transactionDate,transactionCode,transactionShares,transactionPricePerShare,sharesOwnedFollowingTransaction,directOrIndirectOwnership,transactionType,securityTitle,underlyingSecurityTitle,underlyingSecurityShares,exercisePrice,expirationDate
1660134,2017-04-12,OKTA,"SC US (TTGP), LTD.",,0000899243-17-010142,2017-04-12,C,10356116,0.0,10356116,I,,,,,,
1660134,2017-04-12,OKTA,"SC US (TTGP), LTD.",,0000899243-17-010142,2017-04-12,J,10356116,0.0,0,I,,,,,,
1660134,2017-04-12,OKTA,McKinnon Todd,,0000899243-17-010139,2017-04-12,J,5868133,,0,I,,,,,,
1660134,2017-04-12,OKTA,"Andreessen Horowitz Fund I, L.P.",,0000899243-17-010138,2017-04-12,C,12685586,0.0,12685586,I,,,,,,
1660134,2017-04-12,OKTA,"Andreessen Horowitz Fund I, L.P.",,0000899243-17-010138,2017-04-12,J,12685586,,0,I,,,,,,
1660134,2017-04-12,OKTA,Grady Patrick W,,0000899243-17-010137,2017-04-12,C,10356116,0.0,10356116,I,,,,,,
1660134,2017-04-12,OKTA,Grady Patrick W,,0000899243-17-010137,2017-04-12,J,10356116,0.0,0,I,,,,,,
1660134,2017-04-12,OKTA,HOROWITZ BENJAMIN A,,0000899243-17-010136,2017-04-12,C,12685586,,12685586,I,,,,,,
1660134,2017-04-12,OKTA,HOROWITZ BENJAMIN A,,0000899243-17-010136,2017-04-12,J,12685586,,0,I,,,,,,
1660134,2017-04-12,OKTA,WILSON L MICHELLE,,0000899243-17-010131,2017-04-12,J,190000,,190000,D,,,,,,
1660134,2017-04-12,OKTA,Kerrest Jacques Frederic,,0000899243-17-010128,2017-04-12,J,3274189,,0,I,,,,,,
1660134,2017-04-12,OKTA,Losch William E,,0000899243-17-010121,2017-04-12,J,361422,,0,I,,,,,,
1660134,2017-04-12,OKTA,"Khosla Ventures IV, L.P.",,0000899243-17-010087,2017-04-12,C,6197759,,6197759,I,,,,,,
1660134,2017-04-12,OKTA,"Khosla Ventures IV, L.P.",,0000899243-17-010087,2017-04-12,J,6197759,,0,I,,,,,,
1660134,2017-04-12,OKTA,Greylock XIII GP LLC,,0000899243-17-010054,2017-04-12,C,12255309,0.0,12255309,I,,,,,,
1660134,2017-04-12,OKTA,Greylock XIII GP LLC,,0000899243-17-010054,2017-04-12,J,12255309,0.0,0,I,,,,,,
1660134,2017-10-04,OKTA,Greylock XIII GP LLC,,0000899243-17-023528,2017-10-04,J,3119410,0.0,0,I,,,,,,
1660134,2017-10-04,OKTA,Greylock XIII GP LLC,,0000899243-17-023528,2017-10-03,C,3119410,0.0,3119410,I,,,,,,
1660134,2017-10-06,OKTA,"Khosla Ventures IV, L.P.",,0000899243-17-023744,2017-10-04,C,1644842,0.0,1644842,I,,,,,,
1660134,2017-10-06,OKTA,"Khosla Ventures IV, L.P.",,0000899243-17-023744,2017-10-04,J,1644842,0.0,0,I,,,,,,
1660134,2017-10-06,OKTA,Runyan Jonathan T,,0001209191-17-056289,2017-10-04,C,300000,0.0,300000,D,,,,,,
1660134,2017-10-06,OKTA,Runyan Jonathan T,,0001209191-17-056289,2017-10-04,S,267811,27.0109,32189,D,,,,,,
1660134,2017-10-13,OKTA,Losch William E,,0001209191-17-056909,2017-10-11,C,12200,0.0,12200,D,,,,,,
1660134,2017-10-13,OKTA,Kerrest Jacques Frederic,,0001209191-17-056910,2017-10-11,C,85225,0.0,85225,I,,,,,,
1660134,2017-10-13,OKTA,Kerrest Jacques Frederic,,0001209191-17-056910,2017-10-11,S,85225,28.616,0,I,,,,,,
1660134,2017-10-13,OKTA,Kerrest Jacques Frederic,,0001209191-17-056910,2017-10-12,C,33879,0.0,33879,I,,,,,,
1660134,2017-10-13,OKTA,Kerrest Jacques Frederic,,0001209191-17-056910,2017-10-12,S,33879,28.5188,0,I,,,,,,
1660134,2017-10-13,OKTA,Losch William E,,0001209191-17-056909,2017-10-11,S,12200,28.6331,0,D,,,,,,
1660134,2017-10-13,OKTA,McKinnon Todd,,0001209191-17-056906,2017-10-11,C,40158,0.0,40158,I,,,,,,
1660134,2017-10-13,OKTA,McKinnon Todd,,0001209191-17-056906,2017-10-11,S,40158,28.6132,0,I,,,,,,
1660134,2017-10-13,OKTA,McKinnon Todd,,0001209191-17-056906,2017-10-12,C,9387,0.0,9387,I,,,,,,
1660134,2017-10-13,OKTA,McKinnon Todd,,0001209191-17-056906,2017-10-12,S,9387,28.5161,0,I,,,,,,
1660134,2017-10-17,OKTA,Kerrest Jacques Frederic,,0001209191-17-057170,2017-10-13,S,33505,27.648,800,I,,,,,,
1660134,2017-10-17,OKTA,Kerrest Jacques Frederic,,0001209191-17-057170,2017-10-16,S,5400,27.3932,0,I,,,,,,
1660134,2017-10-17,OKTA,Kerrest Jacques Frederic,,0001209191-17-057170,2017-10-13,C,34305,0.0,34305,I,,,,,,
1660134,2017-10-17,OKTA,Kerrest Jacques Frederic,,0001209191-17-057170,2017-10-16,C,5400,0.0,5400,I,,,,,,
1660134,2017-10-17,OKTA,McKinnon Todd,,0001209191-17-057172,2017-10-13,S,15099,27.6287,300,I,,,,,,
1660134,2017-10-17,OKTA,McKinnon Todd,,0001209191-17-057172,2017-10-16,S,9422,26.7555,634,I,,,,,,
1660134,2017-10-17,OKTA,McKinnon Todd,,0001209191-17-057172,2017-10-16,C,10056,0.0,10056,I,,,,,,
1660134,2017-10-17,OKTA,McKinnon Todd,,0001209191-17-057172,2017-10-13,C,15399,0.0,15399,I,,,,,,
1660134,2017-10-20,OKTA,Kerrest Jacques Frederic,,0001209191-17-057689,2017-10-18,C,95366,0.0,95366,I,,,,,,
1660134,2017-10-20,OKTA,Kerrest Jacques Frederic,,0001209191-17-057689,2017-10-18,S,95366,27.1352,0,I,,,,,,
1660134,2017-10-31,OKTA,Runyan Jonathan T,,0001209191-17-058498,2017-10-27,C,23065,0.0,23065,D,,,,,,
1660134,2017-10-31,OKTA,Runyan Jonathan T,,0001209191-17-058498,2017-10-27,S,9375,29.0,13690,D,,,,,,
1660134,2017-11-02,OKTA,Runyan Jonathan T,,0001209191-17-058958,2017-10-31,C,19366,0.0,19366,D,,,,,,
1660134,2017-11-02,OKTA,Runyan Jonathan T,,0001209191-17-058958,2017-10-31,S,11270,29.0,8066,D,,,,,,
1660134,2017-11-02,OKTA,Runyan Jonathan T,,0001209191-17-058958,2017-11-01,C,45060,0.0,45060,D,,,,,,
1660134,2017-11-02,OKTA,Runyan Jonathan T,,0001209191-17-058958,2017-11-01,S,1042,29.0,44018,D,,,,,,
1660134,2017-11-03,OKTA,McKinnon Todd,,0001209191-17-059304,2017-11-01,C,75000,0.0,75000,I,,,,,,
1660134,2017-11-03,OKTA,McKinnon Todd,,0001209191-17-059304,2017-11-01,S,75000,28.9799,0,I,,,,,,
1660134,2017-11-13,OKTA,Kerrest Jacques Frederic,,0001209191-17-060459,2017-11-10,C,32380,0.0,32380,I,,,,,,
1660134,2017-11-13,OKTA,Kerrest Jacques Frederic,,0001209191-17-060459,2017-11-10,S,32380,29.1367,0,I,,,,,,
1660134,2017-11-13,OKTA,Kerrest Jacques Frederic,,0001209191-17-060459,2017-11-09,C,52345,0.0,52345,I,,,,,,
1660134,2017-11-13,OKTA,Kerrest Jacques Frederic,,0001209191-17-060459,2017-11-09,S,52345,28.8776,0,I,,,,,,
1660134,2017-11-15,OKTA,Losch William E,,0001209191-17-061001,2017-11-13,C,12200,0.0,12200,D,,,,,,
1660134,2017-11-15,OKTA,Losch William E,,0001209191-17-061001,2017-11-13,S,12200,29.0455,0,D,,,,,,
1660134,2017-11-21,OKTA,Kerrest Jacques Frederic,,0001209191-17-062189,2017-11-17,C,4800,0.0,4800,I,,,,,,
1660134,2017-11-21,OKTA,Kerrest Jacques Frederic,,0001209191-17-062189,2017-11-17,S,4800,30.0,0,I,,,,,,
1660134,2017-11-21,OKTA,Losch William E,,0001209191-17-062188,2017-11-17,C,2400,0.0,2400,D,,,,,,
1660134,2017-11-21,OKTA,Losch William E,,0001209191-17-062188,2017-11-17,S,2600,30.0,0,D,,,,,,
1660134,2017-11-22,OKTA,Runyan Jonathan T,,0001209191-17-062406,2017-11-20,C,9375,0.0,9375,D,,,,,,
1660134,2017-11-22,OKTA,Runyan Jonathan T,,0001209191-17-062406,2017-11-20,S,9375,29.273,0,D,,,,,,
1660134,2017-11-24,OKTA,Kerrest Jacques Frederic,,0001209191-17-062472,2017-11-22,S,144671,30.0692,0,I,,,,,,
1660134,2017-11-24,OKTA,Kerrest Jacques Frederic,,0001209191-17-062472,2017-11-21,C,13367,0.0,13367,I,,,,,,
1660134,2017-11-24,OKTA,Kerrest Jacques Frederic,,0001209191-17-062472,2017-11-21,S,13367,30.0,0,I,,,,,,
1660134,2017-11-24,OKTA,Kerrest Jacques Frederic,,0001209191-17-062472,2017-11-22,C,144671,0.0,144671,I,,,,,,
1660134,2017-11-24,OKTA,Losch William E,,0001209191-17-062473,2017-11-22,S,4500,30.0013,0,D,,,,,,
1660134,2017-11-24,OKTA,Losch William E,,0001209191-17-062473,2017-11-21,C,6900,0.0,6900,D,,,,,,
1660134,2017-11-24,OKTA,Losch William E,,0001209191-17-062473,2017-11-21,S,9300,30.0,0,D,,,,,,
1660134,2017-11-24,OKTA,Losch William E,,0001209191-17-062473,2017-11-22,C,4500,0.0,4500,D,,,,,,
1660134,2017-11-28,OKTA,Kerrest Jacques Frederic,,0001209191-17-062751,2017-11-24,C,6612,0.0,6612,I,,,,,,
1660134,2017-11-28,OKTA,Kerrest Jacques Frederic,,0001209191-17-062751,2017-11-24,S,6612,30.3377,0,I,,,,,,
1660134,2017-12-05,OKTA,McKinnon Todd,,0001209191-17-064054,2017-12-01,C,57236,0.0,57236,I,,,,,,
1660134,2017-12-05,OKTA,McKinnon Todd,,0001209191-17-064054,2017-12-01,S,56808,28.7696,428,I,,,,,,
1660134,2017-12-05,OKTA,McKinnon Todd,,0001209191-17-064054,2017-12-04,C,17764,0.0,17764,I,,,,,,
1660134,2017-12-05,OKTA,McKinnon Todd,,0001209191-17-064054,2017-12-04,S,16964,28.5048,800,I,,,,,,
1660134,2017-12-05,OKTA,Runyan Jonathan T,,0001209191-17-064053,2017-12-01,C,3124,0.0,3124,D,,,,,,
1660134,2017-12-05,OKTA,Runyan Jonathan T,,0001209191-17-064053,2017-12-01,S,3124,28.9776,0,D,,,,,,
1660134,2017-12-11,OKTA,Greylock XIII GP LLC,,0000899243-17-028429,2017-12-08,C,3119410,0.0,3119410,I,,,,,,
1660134,2017-12-11,OKTA,Greylock XIII GP LLC,,0000899243-17-028429,2017-12-08,J,3119410,0.0,0,I,,,,,,
1660134,2017-12-12,OKTA,"Andreessen Horowitz Fund I, L.P.",,0000899243-17-028583,2017-12-08,J,6342793,0.0,0,I,,,,,,
1660134,2017-12-12,OKTA,"Andreessen Horowitz Fund I, L.P.",,0000899243-17-028581,2017-10-04,J,1279,0.0,1279,I,,,,,,
1660134,2017-12-12,OKTA,"Andreessen Horowitz Fund I, L.P.",,0000899243-17-028581,2017-12-08,J,1278,0.0,1278,I,,,,,,
1660134,2017-12-12,OKTA,"Andreessen Horowitz Fund I, L.P.",,0000899243-17-028583,2017-12-08,C,6342793,0.0,6342793,I,,,,,,
1660134,2017-12-12,OKTA,HOROWITZ BENJAMIN A,,0000899243-17-028585,2017-12-08,C,6342793,0.0,6342793,I,,,,,,
1660134,2017-12-12,OKTA,HOROWITZ BENJAMIN A,,0000899243-17-028585,2017-12-08,J,6342793,0.0,0,I,,,,,,
1660134,2017-12-13,OKTA,"Khosla Ventures IV, L.P.",,0000899243-17-028657,2017-12-12,S,262672,25.45,19301,I,,,,,,
1660134,2017-12-13,OKTA,"Khosla Ventures IV, L.P.",,0000899243-17-028657,2017-12-11,J,939910,0.0,0,I,,,,,,
1660134,2017-12-13,OKTA,"Khosla Ventures IV, L.P.",,0000899243-17-028657,2017-12-12,C,281973,0.0,281973,I,,,,,,
1660134,2017-12-13,OKTA,"Khosla Ventures IV, L.P.",,0000899243-17-028657,2017-12-11,C,939910,0.0,939910,I,,,,,,
1660134,2017-12-13,OKTA,"Khosla Ventures IV, L.P.",,0000899243-17-028657,2017-12-13,C,234977,0.0,234977,I,,,,,,
1660134,2017-12-13,OKTA,"Khosla Ventures IV, L.P.",,0000899243-17-028657,2017-12-13,S,234789,25.45,188,I,,,,,,
1660134,2017-12-13,OKTA,Losch William E,,0001209191-17-065511,2017-12-11,S,9575,26.0219,2625,D,,,,,,
1660134,2017-12-13,OKTA,Losch William E,,0001209191-17-065511,2017-12-11,C,12200,0.0,12200,D,,,,,,
1660134,2017-12-19,OKTA,"SC US (TTGP), LTD.",,0000899243-17-029260,2017-12-15,C,2071223,0.0,2071223,I,,,,,,
1660134,2017-12-19,OKTA,"SC US (TTGP), LTD.",,0000899243-17-029260,2017-12-15,J,2071223,0.0,0,I,,,,,,
1660134,2017-12-19,OKTA,Grady Patrick W,,0000899243-17-029258,2017-12-15,C,2071223,0.0,2071223,I,,,,,,
1660134,2017-12-19,OKTA,Grady Patrick W,,0000899243-17-029258,2017-12-15,J,2071223,0.0,0,I,,,,,,
1660134,2017-12-22,OKTA,Runyan Jonathan T,,0001209191-17-067141,2017-12-21,G,45038,0.0,0,D,,,,,,
1660134,2017-12-22,OKTA,Runyan Jonathan T,,0001209191-17-067141,2017-12-20,C,53163,0.0,54413,D,,,,,,
1660134,2017-12-22,OKTA,Runyan Jonathan T,,0001209191-17-067141,2017-12-20,S,9375,25.2178,45038,D,,,,,,
1660134,2017-12-26,OKTA,McKinnon Todd,,0001209191-17-067275,2017-12-22,G,10000,0.0,0,I,,,,,,
1660134,2017-12-26,OKTA,McKinnon Todd,,0001209191-17-067275,2017-12-22,C,10000,0.0,10000,I,,,,,,
1660134,2017-12-26,OKTA,Kerrest Jacques Frederic,,0001209191-17-067274,2017-12-21,G,15000,0.0,0,I,,,,,,
1660134,2017-12-26,OKTA,Kerrest Jacques Frederic,,0001209191-17-067274,2017-12-21,C,15000,0.0,15000,I,,,,,,
1660134,2018-01-04,OKTA,Grady Patrick W,,0000899243-18-000548,2018-01-04,J,2071223,0.0,0,I,,,,,,
1660134,2018-01-04,OKTA,McKinnon Todd,,0001209191-18-002245,2018-01-02,S,67159,26.0686,7841,I,,,,,,
1660134,2018-01-04,OKTA,Runyan Jonathan T,,0001209191-18-002244,2018-01-02,C,3125,0.0,3125,D,,,,,,
1660134,2018-01-04,OKTA,Runyan Jonathan T,,0001209191-18-002244,2018-01-02,S,3125,25.9939,0,D,,,,,,
1660134,2018-01-04,OKTA,Grady Patrick W,,0000899243-18-000548,2018-01-04,C,2071223,0.0,2071223,I,,,,,,
1660134,2018-01-04,OKTA,McKinnon Todd,,0001209191-18-002245,2018-01-02,C,75000,0.0,75000,I,,,,,,
1660134,2018-01-04,OKTA,Grady Patrick W,,0000899243-18-000548,2018-01-02,C,2071223,0.0,2071223,I,,,,,,
1660134,2018-01-04,OKTA,"SC US (TTGP), LTD.",,0000899243-18-000551,2018-01-02,J,2071223,0.0,0,I,,,,,,
1660134,2018-01-04,OKTA,"SC US (TTGP), LTD.",,0000899243-18-000551,2018-01-02,C,2071223,0.0,2071223,I,,,,,,
1660134,2018-01-04,OKTA,Grady Patrick W,,0000899243-18-000548,2018-01-02,J,2071223,0.0,0,I,,,,,,
1660134,2018-01-04,OKTA,"SC US (TTGP), LTD.",,0000899243-18-000551,2018-01-04,J,2071223,0.0,0,I,,,,,,
1660134,2018-01-04,OKTA,"SC US (TTGP), LTD.",,0000899243-18-000551,2018-01-04,C,2071223,0.0,2071223,I,,,,,,
1660134,2018-01-12,OKTA,Losch William E,,0001209191-18-003474,2018-01-11,C,12200,0.0,12200,D,,,,,,
1660134,2018-01-12,OKTA,Losch William E,,0001209191-18-003474,2018-01-11,S,12200,26.4825,0,D,,,,,,
1660134,2018-01-17,OKTA,Grady Patrick W,,0000899243-18-001238,2018-01-12,J,2071223,0.0,0,I,,,,,,
1660134,2018-01-17,OKTA,Grady Patrick W,,0000899243-18-001238,2018-01-12,C,2071223,0.0,2071223,I,,,,,,
1660134,2018-01-17,OKTA,"SC US (TTGP), LTD.",,0000899243-18-001239,2018-01-12,C,2071223,0.0,2071223,I,,,,,,
1660134,2018-01-17,OKTA,"SC US (TTGP), LTD.",,0000899243-18-001239,2018-01-12,J,2071223,0.0,0,I,,,,,,
1660134,2018-01-24,OKTA,Runyan Jonathan T,,0001209191-18-005247,2018-01-22,C,9375,0.0,9375,D,,,,,,
1660134,2018-01-24,OKTA,Runyan Jonathan T,,0001209191-18-005247,2018-01-22,S,9275,30.0147,100,D,,,,,,
1660134,2018-01-24,OKTA,Losch William E,,0001209191-18-005243,2018-01-22,C,16400,0.0,16400,D,,,,,,
1660134,2018-01-24,OKTA,Losch William E,,0001209191-18-005243,2018-01-22,S,16400,30.0443,0,D,,,,,,
1660134,2018-02-05,OKTA,McKinnon Todd,,0001209191-18-007653,2018-02-01,C,75000,0.0,75000,I,,,,,,
1660134,2018-02-05,OKTA,McKinnon Todd,,0001209191-18-007653,2018-02-01,S,75000,29.6736,0,I,,,,,,
1660134,2018-02-14,OKTA,Losch William E,,0001209191-18-010184,2018-02-12,C,20400,0.0,20400,D,,,,,,
1660134,2018-02-14,OKTA,Losch William E,,0001209191-18-010184,2018-02-12,S,15998,29.9012,4402,D,,,,,,
1660134,2018-02-23,OKTA,Runyan Jonathan T,,0001209191-18-013182,2018-02-21,S,4800,35.6504,200,D,,,,,,
1660134,2018-02-23,OKTA,Runyan Jonathan T,,0001209191-18-013182,2018-02-21,C,5000,0.0,5000,D,,,,,,
1660134,2018-03-05,OKTA,McKinnon Todd,,0001209191-18-016920,2018-03-01,C,75000,0.0,75000,I,,,,,,
1660134,2018-03-05,OKTA,McKinnon Todd,,0001209191-18-016920,2018-03-01,S,45644,36.1712,29356,I,,,,,,
1660134,2018-03-09,OKTA,Runyan Jonathan T,,0001209191-18-018655,2018-03-07,C,2500,0.0,2500,D,,,,,,
1660134,2018-03-09,OKTA,Runyan Jonathan T,,0001209191-18-018655,2018-03-07,S,449,37.8618,2051,D,,,,,,
1660134,2018-03-12,OKTA,"Andreessen Horowitz Fund I, L.P.",,0000899243-18-007133,2018-03-09,C,3171398,0.0,3171398,I,,,,,,
1660134,2018-03-12,OKTA,Grady Patrick W,,0000899243-18-007185,2018-03-09,J,2071224,0.0,0,I,,,,,,
1660134,2018-03-12,OKTA,Greylock XIII GP LLC,,0000899243-18-007138,2018-03-08,C,3119410,0.0,3119410,I,,,,,,
1660134,2018-03-12,OKTA,Grady Patrick W,,0000899243-18-007185,2018-03-09,C,2071224,0.0,2071224,I,,,,,,
1660134,2018-03-12,OKTA,"Andreessen Horowitz Fund I, L.P.",,0000899243-18-007133,2018-03-08,J,1266,0.0,974601,I,,,,,,
1660134,2018-03-12,OKTA,Greylock XIII GP LLC,,0000899243-18-007138,2018-03-08,J,3119410,0.0,0,I,,,,,,
1660134,2018-03-12,OKTA,"Andreessen Horowitz Fund I, L.P.",,0000899243-18-007133,2018-03-09,J,3171398,0.0,0,I,,,,,,
1660134,2018-03-13,OKTA,HOROWITZ BENJAMIN A,,0000899243-18-007319,2018-03-09,C,3171398,0.0,3171398,I,,,,,,
1660134,2018-03-13,OKTA,HOROWITZ BENJAMIN A,,0000899243-18-007319,2018-03-09,J,3171398,0.0,0,I,,,,,,
1660134,2018-03-14,OKTA,Losch William E,,0001209191-18-019698,2018-03-12,S,20400,39.6004,0,D,,,,,,
1660134,2018-03-14,OKTA,Losch William E,,0001209191-18-019698,2018-03-12,C,20400,0.0,20400,D,,,,,,
1660134,2018-03-27,OKTA,KOUREY MICHAEL R,,0001209191-18-021758,2018-03-23,C,17500,0.0,17500,D,,,,,,
1660134,2018-03-27,OKTA,KOUREY MICHAEL R,,0001209191-18-021758,2018-03-23,S,17500,38.79,0,D,,,,,,
1660134,2018-03-30,OKTA,Runyan Jonathan T,,0001209191-18-022228,2018-03-28,C,2500,0.0,2500,D,,,,,,
1660134,2018-03-30,OKTA,Runyan Jonathan T,,0001209191-18-022228,2018-03-28,S,1900,38.28,600,D,,,,,,
1660134,2018-04-10,OKTA,WILSON L MICHELLE,,0001209191-18-024531,2018-04-06,M,11765,,11765,D,,,,,,
1660134,2018-04-10,OKTA,Stankey Michael A.,,0001209191-18-024530,2018-04-06,M,11765,,11765,D,,,,,,
1660134,2018-04-10,OKTA,KOUREY MICHAEL R,,0001209191-18-024529,2018-04-06,M,11765,,11765,D,,,,,,
1660134,2018-04-10,OKTA,HOROWITZ BENJAMIN A,,0001209191-18-024523,2018-04-06,M,11765,,11765,D,,,,,,
1660134,2018-04-10,OKTA,Grady Patrick W,,0001209191-18-024517,2018-04-06,M,11765,,401085,D,,,,,,
1660134,2018-04-12,OKTA,Runyan Jonathan T,,0001209191-18-024766,2018-04-10,C,2500,0.0,2500,D,,,,,,
1660134,2018-04-12,OKTA,Runyan Jonathan T,,0001209191-18-024766,2018-04-10,S,2500,39.3091,0,D,,,,,,
1660134,2018-04-17,OKTA,Losch William E,,0001209191-18-025213,2018-04-16,C,15000,0.0,15000,D,,,,,,
1660134,2018-04-17,OKTA,Losch William E,,0001209191-18-025213,2018-04-13,G,9000,0.0,0,I,,,,,,
1660134,2018-04-17,OKTA,Losch William E,,0001209191-18-025213,2018-04-16,S,15000,40.5632,0,D,,,,,,
1660134,2018-04-17,OKTA,Losch William E,,0001209191-18-025213,2018-04-13,C,9000,0.0,9000,I,,,,,,
1660134,2018-04-19,OKTA,Kerrest Jacques Frederic,,0001209191-18-025608,2018-04-17,S,146537,40.6872,15707,I,,,,,,
1660134,2018-04-19,OKTA,Kerrest Jacques Frederic,,0001209191-18-025608,2018-04-17,C,162244,0.0,162244,I,,,,,,
1660134,2018-04-27,OKTA,Runyan Jonathan T,,0001209191-18-026640,2018-04-25,C,2500,0.0,2500,D,,,,,,
1660134,2018-04-27,OKTA,Runyan Jonathan T,,0001209191-18-026640,2018-04-25,S,800,41.31,1700,D,,,,,,
1660134,2018-05-10,OKTA,Runyan Jonathan T,,0001209191-18-029289,2018-05-08,C,2500,0.0,2500,D,,,,,,
1660134,2018-05-10,OKTA,Runyan Jonathan T,,0001209191-18-029289,2018-05-08,S,2198,47.4839,302,D,,,,,,
1660134,2018-05-16,OKTA,Losch William E,,0001209191-18-030599,2018-05-14,C,15000,0.0,15000,D,,,,,,
1660134,2018-05-16,OKTA,Losch William E,,0001209191-18-030599,2018-05-14,S,6662,48.2535,8338,D,,,,,,
1660134,2018-05-21,OKTA,Runyan Jonathan T,,0001209191-18-031961,2018-05-17,C,2500,0.0,2500,D,,,,,,
1660134,2018-05-21,OKTA,Runyan Jonathan T,,0001209191-18-031961,2018-05-17,S,2500,49.3568,0,D,,,,,,
1660134,2018-06-01,OKTA,Runyan Jonathan T,,0001209191-18-034752,2018-05-30,C,2500,0.0,2500,D,,,,,,
1660134,2018-06-01,OKTA,Runyan Jonathan T,,0001209191-18-034752,2018-05-30,S,1525,54.4193,975,D,,,,,,
1660134,2018-06-12,OKTA,HOROWITZ BENJAMIN A,,0000899243-18-016276,2018-06-08,C,3171395,0.0,3171395,I,,,,,,
1660134,2018-06-12,OKTA,HOROWITZ BENJAMIN A,,0000899243-18-016276,2018-06-08,J,3171395,0.0,0,I,,,,,,
1660134,2018-06-15,OKTA,Kerrest Jacques Frederic,,0001209191-18-038107,2018-06-13,C,324488,0.0,324488,I,,,,,,
1660134,2018-06-15,OKTA,Kerrest Jacques Frederic,,0001209191-18-038107,2018-06-13,S,198878,52.6382,125610,I,,,,,,
1660134,2018-06-19,OKTA,KOUREY MICHAEL R,,0001209191-18-038611,2018-06-15,S,3200,52.4289,14300,D,,,,,,
1660134,2018-06-19,OKTA,KOUREY MICHAEL R,,0001209191-18-038611,2018-06-15,C,17500,0.0,17500,D,,,,,,
1660134,2018-06-27,OKTA,Losch William E,,0001209191-18-039680,2018-06-25,C,15000,0.0,15000,D,,,,,,
1660134,2018-06-27,OKTA,Losch William E,,0001209191-18-039680,2018-06-25,S,10667,48.9907,4333,D,,,,,,
1660134,2018-06-29,OKTA,Runyan Jonathan T,,0001209191-18-040067,2018-06-28,C,2500,0.0,2500,D,,,,,,
1660134,2018-06-29,OKTA,Runyan Jonathan T,,0001209191-18-040067,2018-06-28,S,200,47.825,2300,D,,,,,,
1660134,2018-07-18,OKTA,Losch William E,,0001209191-18-043100,2018-07-16,C,15000,0.0,15000,D,,,,,,
1660134,2018-07-18,OKTA,Losch William E,,0001209191-18-043100,2018-07-16,S,14400,53.7494,600,D,,,,,,
1660134,2018-07-19,OKTA,Kerrest Jacques Frederic,,0001209191-18-043363,2018-07-17,C,1177,0.0,1177,I,,,,,,
1660134,2018-07-19,OKTA,Kerrest Jacques Frederic,,0001209191-18-043363,2018-07-17,S,402,54.2507,775,I,,,,,,
1660134,2018-07-20,OKTA,Runyan Jonathan T,,0001209191-18-043496,2018-07-19,C,2500,0.0,2500,D,,,,,,
1660134,2018-07-20,OKTA,Runyan Jonathan T,,0001209191-18-043496,2018-07-19,S,2500,56.0626,0,D,,,,,,
1660134,2018-08-02,OKTA,Runyan Jonathan T,,0001209191-18-045014,2018-07-31,C,2500,0.0,2500,D,,,,,,
1660134,2018-08-02,OKTA,Runyan Jonathan T,,0001209191-18-045014,2018-07-31,S,1044,49.6134,1456,D,,,,,,
1660134,2018-08-10,OKTA,Runyan Jonathan T,,0001209191-18-046248,2018-08-09,C,2500,0.0,2500,D,,,,,,
1660134,2018-08-10,OKTA,Runyan Jonathan T,,0001209191-18-046248,2018-08-09,S,200,55.305,2300,D,,,,,,
1660134,2018-08-15,OKTA,McKinnon Todd,,0001209191-18-046849,2018-08-13,S,101807,54.76,74800,I,,,,,,
1660134,2018-08-15,OKTA,Losch William E,,0001209191-18-046852,2018-08-13,S,7457,54.7509,7543,D,,,,,,
1660134,2018-08-15,OKTA,Losch William E,,0001209191-18-046852,2018-08-13,C,15000,0.0,15000,D,,,,,,
1660134,2018-08-15,OKTA,McKinnon Todd,,0001209191-18-046849,2018-08-13,C,176607,0.0,176607,I,,,,,,
1660134,2018-08-15,OKTA,McKinnon Todd,,0001209191-18-046849,2018-08-14,C,48393,0.0,48393,I,,,,,,
1660134,2018-08-15,OKTA,McKinnon Todd,,0001209191-18-046849,2018-08-14,S,9562,54.3174,38831,I,,,,,,
1660134,2018-08-17,OKTA,Kerrest Jacques Frederic,,0001209191-18-047429,2018-08-15,C,1177,0.0,1177,I,,,,,,
1660134,2018-08-17,OKTA,Kerrest Jacques Frederic,,0001209191-18-047429,2018-08-15,S,1177,54.4111,0,I,,,,,,
1660134,2018-08-24,OKTA,Runyan Jonathan T,,0001209191-18-048428,2018-08-22,C,2500,0.0,2500,D,,,,,,
1660134,2018-08-24,OKTA,Runyan Jonathan T,,0001209191-18-048428,2018-08-22,S,1044,56.6348,1456,D,,,,,,
1660134,2018-08-24,OKTA,Runyan Jonathan T,,0001209191-18-048428,2018-08-24,C,2500,0.0,2500,D,,,,,,
1660134,2018-08-24,OKTA,Runyan Jonathan T,,0001209191-18-048428,2018-08-24,S,2500,60.0,0,D,,,,,,
1660134,2018-08-29,OKTA,Runyan Jonathan T,,0001209191-18-048820,2018-08-27,S,8481,60.0359,0,D,,,,,,
1660134,2018-08-29,OKTA,Runyan Jonathan T,,0001209191-18-048820,2018-08-27,C,8481,0.0,8481,D,,,,,,
1660134,2018-08-29,OKTA,Runyan Jonathan T,,0001209191-18-048820,2018-08-28,S,39019,60.1644,0,D,,,,,,
1660134,2018-08-29,OKTA,Runyan Jonathan T,,0001209191-18-048820,2018-08-28,C,39019,0.0,39019,D,,,,,,
1660134,2018-09-07,OKTA,Runyan Jonathan T,,0001209191-18-050178,2018-09-07,S,10000,70.0,0,D,,,,,,
1660134,2018-09-07,OKTA,Runyan Jonathan T,,0001209191-18-050178,2018-09-07,C,10000,0.0,10000,D,,,,,,
1660134,2018-09-13,OKTA,Grady Patrick W,,0000899243-18-024454,2018-09-11,J,162,0.0,401239,D,,,,,,
1660134,2018-09-17,OKTA,HOROWITZ BENJAMIN A,,0000899243-18-024606,2018-09-13,C,206732,0.0,206732,I,,,,,,
1660134,2018-09-17,OKTA,HOROWITZ BENJAMIN A,,0000899243-18-024606,2018-09-14,S,34256,71.05,41963,I,,,,,,
1660134,2018-09-17,OKTA,HOROWITZ BENJAMIN A,,0000899243-18-024606,2018-09-13,S,20299,71.9,186433,I,,,,,,
1660134,2018-09-19,OKTA,Kerrest Jacques Frederic,,0001209191-18-051661,2018-09-17,C,1177,0.0,1177,I,,,,,,
1660134,2018-09-19,OKTA,Kerrest Jacques Frederic,,0001209191-18-051661,2018-09-17,S,977,69.7304,200,I,,,,,,
1660134,2018-09-19,OKTA,KOUREY MICHAEL R,,0001209191-18-051660,2018-09-17,C,17500,0.0,17500,D,,,,,,
1660134,2018-09-19,OKTA,KOUREY MICHAEL R,,0001209191-18-051660,2018-09-17,S,10320,69.5846,7180,D,,,,,,
1660134,2018-09-26,OKTA,Losch William E,,0001209191-18-052314,2018-09-24,C,15000,0.0,15000,D,,,,,,
1660134,2018-09-26,OKTA,Losch William E,,0001209191-18-052314,2018-09-24,S,600,66.4683,14400,D,,,,,,
1660134,2018-10-24,OKTA,Losch William E,,0001209191-18-056071,2018-10-22,S,3800,55.9066,16200,D,,,,,,
1660134,2018-10-24,OKTA,Losch William E,,0001209191-18-056071,2018-10-22,C,20000,0.0,20000,D,,,,,,
1660134,2018-12-12,OKTA,HOROWITZ BENJAMIN A,,0001209191-18-062260,2018-12-11,S,1100,66.1851,219095,I,,,,,,
1660134,2018-12-12,OKTA,HOROWITZ BENJAMIN A,,0001209191-18-062260,2018-12-12,S,45135,67.0303,173960,I,,,,,,
1660134,2018-12-12,OKTA,HOROWITZ BENJAMIN A,,0001209191-18-062260,2018-12-10,C,620195,0.0,620195,I,,,,,,
1660134,2018-12-12,OKTA,HOROWITZ BENJAMIN A,,0001209191-18-062260,2018-12-10,S,184669,64.8522,435526,I,,,,,,
1660134,2018-12-19,OKTA,Losch William E,,0001209191-18-063524,2018-12-17,S,8198,60.54,11820,D,,,,,,
1660134,2018-12-19,OKTA,Losch William E,,0001209191-18-063524,2018-12-17,C,20000,0.0,20000,D,,,,,,
1660134,2018-12-19,OKTA,Kerrest Jacques Frederic,,0001209191-18-063518,2018-12-17,C,9934,0.0,9934,I,,,,,,
1660134,2018-12-19,OKTA,KOUREY MICHAEL R,,0001209191-18-063520,2018-12-17,S,6675,60.6,10825,D,,,,,,
1660134,2018-12-19,OKTA,KOUREY MICHAEL R,,0001209191-18-063520,2018-12-17,C,17500,0.0,17500,D,,,,,,
1660134,2018-12-19,OKTA,Kerrest Jacques Frederic,,0001209191-18-063518,2018-12-18,G,9934,0.0,0,I,,,,,,
1660134,2018-12-19,OKTA,HOROWITZ BENJAMIN A,,0001209191-18-063517,2018-12-17,S,8765,65.212,1703351,I,,,,,,
1660134,2018-12-27,OKTA,McKinnon Todd,,0001209191-18-064197,2018-12-24,C,3500,0.0,3500,I,,,,,,
1660134,2018-12-27,OKTA,McKinnon Todd,,0001209191-18-064197,2018-12-27,G,3500,0.0,0,I,,,,,,
1660134,2019-01-17,OKTA,HOROWITZ BENJAMIN A,,0001209191-19-004269,2019-01-15,S,17947,70.7352,1685404,I,,,,,,
1660134,2019-01-24,OKTA,Losch William E,,0001209191-19-005195,2019-01-22,S,1900,75.78,18100,D,,,,,,
1660134,2019-01-24,OKTA,Losch William E,,0001209191-19-005195,2019-01-22,C,20000,0.0,20000,D,,,,,,
1660134,2019-01-24,OKTA,Kerrest Jacques Frederic,,0001209191-19-005192,2019-01-22,S,17903,75.7,132522,I,,,,,,
1660134,2019-01-24,OKTA,Kerrest Jacques Frederic,,0001209191-19-005192,2019-01-22,C,150425,0.0,150425,I,,,,,,
1660134,2019-02-13,OKTA,Race Charles,,0001209191-19-009714,2019-02-11,C,30000,0.0,32536,D,,,,,,
1660134,2019-02-13,OKTA,Race Charles,,0001209191-19-009714,2019-02-11,S,4100,82.5161,28436,D,,,,,,
1660134,2019-02-20,OKTA,HOROWITZ BENJAMIN A,,0001209191-19-011617,2019-02-15,S,30269,84.5327,1574840,I,,,,,,
1660134,2019-03-13,OKTA,Race Charles,,0001209191-19-019192,2019-03-11,C,30000,0.0,32536,D,,,,,,
1660134,2019-03-13,OKTA,Race Charles,,0001209191-19-019192,2019-03-11,S,4986,78.7449,27550,D,,,,,,
1660134,2019-03-19,OKTA,Race Charles,,0001209191-19-020382,2019-03-15,M,6325,0.0,8861,D,,,,,,
1660134,2019-03-19,OKTA,Runyan Jonathan T,,0001209191-19-020400,2019-03-15,M,5625,0.0,5625,D,,,,,,
1660134,2019-03-19,OKTA,McKinnon Todd,,0001209191-19-020372,2019-03-18,S,5223,82.3127,8902,D,,,,,,
1660134,2019-03-19,OKTA,Race Charles,,0001209191-19-020382,2019-03-18,S,3176,82.3127,5685,D,,,,,,
1660134,2019-03-19,OKTA,Runyan Jonathan T,,0001209191-19-020400,2019-03-18,S,2017,82.3127,3608,D,,,,,,
1660134,2019-03-19,OKTA,HOROWITZ BENJAMIN A,,0001209191-19-020340,2019-03-15,S,7926,79.2881,1561514,I,,,,,,
1660134,2019-03-19,OKTA,Losch William E,,0001209191-19-020367,2019-03-15,M,8825,0.0,11465,D,,,,,,
1660134,2019-03-19,OKTA,McKinnon Todd,,0001209191-19-020372,2019-03-15,M,14125,0.0,14125,D,,,,,,
1660134,2019-03-19,OKTA,Kerrest Jacques Frederic,,0001209191-19-020359,2019-03-18,S,4374,82.3127,7976,D,,,,,,
1660134,2019-03-19,OKTA,Losch William E,,0001209191-19-020367,2019-03-18,S,4431,82.3127,7034,D,,,,,,
1660134,2019-03-19,OKTA,Kerrest Jacques Frederic,,0001209191-19-020359,2019-03-15,M,12350,0.0,12350,D,,,,,,
1660134,2019-03-21,OKTA,Race Charles,,0001209191-19-020801,2019-03-19,M,5792,0.0,11477,D,,,,,,
1660134,2019-03-21,OKTA,Race Charles,,0001209191-19-020801,2019-03-20,S,2887,80.93,8590,D,,,,,,
1660134,2019-03-21,OKTA,McKinnon Todd,,0001209191-19-020800,2019-03-19,M,3572,0.0,12474,D,,,,,,
1660134,2019-03-21,OKTA,McKinnon Todd,,0001209191-19-020800,2019-03-20,S,1781,80.93,10693,D,,,,,,
1660134,2019-03-21,OKTA,Losch William E,,0001209191-19-020797,2019-03-19,M,3517,0.0,10551,D,,,,,,
1660134,2019-03-21,OKTA,Kerrest Jacques Frederic,,0001209191-19-020795,2019-03-20,S,1573,80.93,9640,D,,,,,,
1660134,2019-03-21,OKTA,Losch William E,,0001209191-19-020797,2019-03-20,S,1753,80.93,8798,D,,,,,,
1660134,2019-03-21,OKTA,Kerrest Jacques Frederic,,0001209191-19-020795,2019-03-19,S,382,81.136,1402,I,,,,,,
1660134,2019-03-21,OKTA,Kerrest Jacques Frederic,,0001209191-19-020795,2019-03-19,C,1784,0.0,1784,I,,,,,,
1660134,2019-03-21,OKTA,Runyan Jonathan T,,0001209191-19-020803,2019-03-20,S,964,80.93,5416,D,,,,,,
1660134,2019-03-21,OKTA,Kerrest Jacques Frederic,,0001209191-19-020795,2019-03-19,M,3237,0.0,11213,D,,,,,,
1660134,2019-03-21,OKTA,Runyan Jonathan T,,0001209191-19-020803,2019-03-19,M,2772,0.0,6380,D,,,,,,
1660134,2019-03-26,OKTA,KOUREY MICHAEL R,,0001209191-19-021351,2019-03-22,C,17500,0.0,17500,D,,,,,,
1660134,2019-03-26,OKTA,KOUREY MICHAEL R,,0001209191-19-021351,2019-03-22,S,9570,83.46,7930,D,,,,,,
1660134,2019-03-27,OKTA,Losch William E,,0001209191-19-021450,2019-03-25,C,20000,0.0,28798,D,,,,,,
1660134,2019-03-27,OKTA,Losch William E,,0001209191-19-021450,2019-03-25,S,1400,79.89,27398,D,,,,,,
1660134,2019-04-03,OKTA,Kerrest Jacques Frederic,,0001209191-19-023270,2019-04-01,C,1784,0.0,9760,I,,,,,,
1660134,2019-04-03,OKTA,Kerrest Jacques Frederic,,0001209191-19-023270,2019-04-01,S,905,83.22,8855,I,,,,,,
1660134,2019-04-12,OKTA,Race Charles,,0001209191-19-024493,2019-04-10,C,30000,0.0,38590,D,,,,,,
1660134,2019-04-12,OKTA,Race Charles,,0001209191-19-024493,2019-04-10,S,7300,92.0264,31290,D,,,,,,
1660134,2019-04-17,OKTA,HOROWITZ BENJAMIN A,,0001209191-19-025065,2019-04-15,S,25373,95.2381,1508398,I,,,,,,
1660134,2019-04-24,OKTA,Losch William E,,0001209191-19-025773,2019-04-22,C,20000,0.0,28798,D,,,,,,
1660134,2019-04-24,OKTA,Losch William E,,0001209191-19-025773,2019-04-22,S,4011,91.7584,24787,D,,,,,,
1660134,2019-05-03,OKTA,Kerrest Jacques Frederic,,0001209191-19-027447,2019-05-01,S,584,102.58,9176,I,,,,,,
1660134,2019-05-03,OKTA,Kerrest Jacques Frederic,,0001209191-19-027447,2019-05-01,C,1784,0.0,9760,I,,,,,,
1660134,2019-05-14,OKTA,Race Charles,,0001209191-19-029702,2019-05-10,C,30000,0.0,38590,D,,,,,,
1660134,2019-05-14,OKTA,Race Charles,,0001209191-19-029702,2019-05-10,S,7000,103.3454,31590,D,,,,,,
1660134,2019-05-17,OKTA,Runyan Jonathan T,,0001209191-19-031077,2019-05-15,S,200,103.215,51644,I,,,,,,
1660134,2019-05-17,OKTA,HOROWITZ BENJAMIN A,,0001209191-19-031074,2019-05-15,S,3200,103.4033,1494902,I,,,,,,
1660134,2019-06-12,OKTA,Race Charles,,0001209191-19-036454,2019-06-10,C,30000,0.0,38590,D,,,,,,
1660134,2019-06-12,OKTA,Race Charles,,0001209191-19-036454,2019-06-10,S,6500,129.47,32090,D,,,,,,
1660134,2019-06-12,OKTA,Kerrest Jacques Frederic,,0001209191-19-036450,2019-06-10,C,1784,0.0,9760,I,,,,,,
1660134,2019-06-12,OKTA,Kerrest Jacques Frederic,,0001209191-19-036450,2019-06-10,S,513,130.1171,9247,I,,,,,,
1660134,2019-06-14,OKTA,Stankey Michael A.,,0001209191-19-037196,2019-06-12,M,3970,,15735,D,,,,,,
1660134,2019-06-14,OKTA,WILSON L MICHELLE,,0001209191-19-037198,2019-06-12,M,3970,,15735,D,,,,,,
1660134,2019-06-14,OKTA,HOROWITZ BENJAMIN A,,0001209191-19-037185,2019-06-12,M,3970,,15735,D,,,,,,
1660134,2019-06-14,OKTA,KOUREY MICHAEL R,,0001209191-19-037189,2019-06-12,M,3970,,3970,D,,,,,,
1660134,2019-06-14,OKTA,Grady Patrick W,,0001209191-19-037291,2019-06-12,M,3970,,405209,D,,,,,,
1660134,2019-06-18,OKTA,Race Charles,,0001209191-19-037769,2019-06-17,S,794,127.8455,9377,D,,,,,,
1660134,2019-06-18,OKTA,McKinnon Todd,,0001209191-19-037768,2019-06-15,M,3531,0.0,14224,D,,,,,,
1660134,2019-06-18,OKTA,Race Charles,,0001209191-19-037769,2019-06-15,M,1581,0.0,10171,D,,,,,,
1660134,2019-06-18,OKTA,Runyan Jonathan T,,0001209191-19-037770,2019-06-17,S,493,127.8455,913,D,,,,,,
1660134,2019-06-18,OKTA,Losch William E,,0001209191-19-037765,2019-06-15,M,2206,0.0,11004,D,,,,,,
1660134,2019-06-18,OKTA,Kerrest Jacques Frederic,,0001209191-19-037761,2019-06-17,S,1550,127.8455,3201,D,,,,,,
1660134,2019-06-18,OKTA,Losch William E,,0001209191-19-037765,2019-06-17,S,1108,127.8455,9896,D,,,,,,
1660134,2019-06-18,OKTA,Kerrest Jacques Frederic,,0001209191-19-037761,2019-06-15,M,3087,0.0,4751,D,,,,,,
1660134,2019-06-18,OKTA,McKinnon Todd,,0001209191-19-037768,2019-06-17,S,1773,127.8455,12451,D,,,,,,
1660134,2019-06-18,OKTA,Runyan Jonathan T,,0001209191-19-037770,2019-06-15,M,1406,0.0,1406,D,,,,,,
1660134,2019-06-19,OKTA,HOROWITZ BENJAMIN A,,0001209191-19-038073,2019-06-17,S,20461,127.1908,1428744,I,,,,,,
1660134,2019-06-19,OKTA,KOUREY MICHAEL R,,0001209191-19-038075,2019-06-17,C,17500,0.0,17500,D,,,,,,
1660134,2019-06-19,OKTA,KOUREY MICHAEL R,,0001209191-19-038075,2019-06-17,S,8807,127.28,8693,D,,,,,,
1660134,2019-06-21,OKTA,Runyan Jonathan T,,0001209191-19-038564,2019-06-19,S,1913,129.2277,47844,I,,,,,,
1660134,2019-06-26,OKTA,Losch William E,,0001209191-19-039136,2019-06-24,S,6309,124.8941,24057,D,,,,,,
1660134,2019-06-26,OKTA,Losch William E,,0001209191-19-039136,2019-06-24,C,9000,0.0,9000,I,,,,,,
1660134,2019-06-26,OKTA,Losch William E,,0001209191-19-039136,2019-06-26,G,9000,0.0,0,I,,,,,,
1660134,2019-07-10,OKTA,Runyan Jonathan T,,0001209191-19-041707,2019-07-08,C,46876,0.0,46876,D,,,,,,
1660134,2019-07-10,OKTA,Runyan Jonathan T,,0001209191-19-041707,2019-07-08,S,19182,126.6529,27694,D,,,,,,
1660134,2019-07-11,OKTA,McKinnon Todd,,0001209191-19-041850,2019-07-09,G,8000,0.0,0,I,,,,,,
1660134,2019-07-11,OKTA,McKinnon Todd,,0001209191-19-041850,2019-07-09,C,8000,0.0,8000,I,,,,,,
1660134,2019-07-16,OKTA,Race Charles,,0001209191-19-042192,2019-07-12,C,50000,0.0,59753,D,,,,,,
1660134,2019-07-16,OKTA,Race Charles,,0001209191-19-042192,2019-07-12,S,12326,132.7252,47427,D,,,,,,
1660134,2019-07-17,OKTA,Losch William E,,0001209191-19-042403,2019-07-15,C,20000,0.0,30366,D,,,,,,
1660134,2019-07-17,OKTA,Losch William E,,0001209191-19-042403,2019-07-15,S,2000,135.3249,28366,D,,,,,,
1660134,2019-07-18,OKTA,HOROWITZ BENJAMIN A,,0001209191-19-042660,2019-07-16,S,23372,134.4706,1376936,I,,,,,,
1660134,2019-08-01,OKTA,McKinnon Todd,,0001209191-19-044054,2019-07-30,S,55139,131.3959,194861,D,,,,,,
1660134,2019-08-01,OKTA,McKinnon Todd,,0001209191-19-044054,2019-07-30,C,194049,0.0,206500,D,,,,,,
1660134,2019-08-01,OKTA,McKinnon Todd,,0001209191-19-044054,2019-07-30,M,43500,0.0,250000,D,,,,,,
1660134,2019-08-13,OKTA,Race Charles,,0001209191-19-045775,2019-08-09,C,50000,0.0,59753,D,,,,,,
1660134,2019-08-13,OKTA,Race Charles,,0001209191-19-045775,2019-08-09,S,24459,132.4542,35294,D,,,,,,
1660134,2019-08-14,OKTA,Grady Patrick W,,0001209191-19-045967,2019-08-12,S,21540,129.3999,383669,D,,,,,,
1660134,2019-08-14,OKTA,Grady Patrick W,,0001209191-19-045967,2019-08-13,S,14833,130.2345,290376,D,,,,,,
1660134,2019-08-19,OKTA,HOROWITZ BENJAMIN A,,0001209191-19-046633,2019-08-15,S,14650,126.4916,1336761,I,,,,,,
1660134,2019-09-12,OKTA,Race Charles,,0001209191-19-049350,2019-09-10,C,50000,0.0,59753,D,,,,,,
1660134,2019-09-12,OKTA,Race Charles,,0001209191-19-049350,2019-09-10,S,9355,105.7368,50398,D,,,,,,
1660134,2019-09-18,OKTA,KOUREY MICHAEL R,,0001209191-19-050093,2019-09-16,C,17500,0.0,17500,D,,,,,,
1660134,2019-09-18,OKTA,Kerrest Jacques Frederic,,0001209191-19-050092,2019-09-16,S,1551,102.5651,4738,D,,,,,,
1660134,2019-09-18,OKTA,Kerrest Jacques Frederic,,0001209191-19-050092,2019-09-15,M,3088,0.0,6289,D,,,,,,
1660134,2019-09-18,OKTA,HOROWITZ BENJAMIN A,,0001209191-19-050091,2019-09-16,S,9600,101.3283,1292914,I,,,,,,
1660134,2019-09-18,OKTA,KOUREY MICHAEL R,,0001209191-19-050093,2019-09-16,S,1973,101.1034,15527,D,,,,,,
1660134,2019-09-18,OKTA,Losch William E,,0001209191-19-050094,2019-09-16,S,1108,102.5651,11464,D,,,,,,
1660134,2019-09-18,OKTA,Losch William E,,0001209191-19-050094,2019-09-16,C,20000,0.0,31464,D,,,,,,
1660134,2019-09-18,OKTA,Losch William E,,0001209191-19-050094,2019-09-15,M,2206,0.0,12572,D,,,,,,
1660134,2019-09-18,OKTA,Race Charles,,0001209191-19-050096,2019-09-15,M,1581,0.0,11334,D,,,,,,
1660134,2019-09-18,OKTA,Runyan Jonathan T,,0001209191-19-050099,2019-09-15,M,1406,0.0,1406,D,,,,,,
1660134,2019-09-18,OKTA,Runyan Jonathan T,,0001209191-19-050099,2019-09-16,S,707,102.5651,699,D,,,,,,
1660134,2019-09-18,OKTA,McKinnon Todd,,0001209191-19-050095,2019-09-15,M,3531,0.0,3531,D,,,,,,
1660134,2019-09-18,OKTA,McKinnon Todd,,0001209191-19-050095,2019-09-16,S,1773,102.5651,1758,D,,,,,,
1660134,2019-09-18,OKTA,Race Charles,,0001209191-19-050096,2019-09-16,S,794,102.5651,10540,D,,,,,,
1660134,2019-10-15,OKTA,Race Charles,,0001209191-19-053180,2019-10-10,C,50000,0.0,60540,D,,,,,,
1660134,2019-10-15,OKTA,Race Charles,,0001209191-19-053180,2019-10-10,S,1919,115.3459,58621,D,,,,,,
1660134,2019-10-16,OKTA,Losch William E,,0001209191-19-053302,2019-10-14,S,12231,116.0568,19233,D,,,,,,
1660134,2019-10-16,OKTA,Losch William E,,0001209191-19-053302,2019-10-14,C,20000,0.0,31464,D,,,,,,
1660134,2019-10-17,OKTA,HOROWITZ BENJAMIN A,,0001209191-19-053440,2019-10-15,S,16884,115.1516,1236733,I,,,,,,
1660134,2019-11-01,OKTA,Kerrest Jacques Frederic,,0001209191-19-054740,2019-10-30,C,13449,0.0,21425,I,,,,,,
1660134,2019-11-01,OKTA,Kerrest Jacques Frederic,,0001209191-19-054740,2019-10-30,S,13449,110.1264,7976,I,,,,,,
1660134,2019-11-12,OKTA,Race Charles,,0001209191-19-056075,2019-11-08,C,50000,0.0,60540,D,,,,,,
1660134,2019-11-12,OKTA,Race Charles,,0001209191-19-056075,2019-11-08,S,9500,105.2672,51040,D,,,,,,
1660134,2019-11-15,OKTA,Kerrest Jacques Frederic,,0001209191-19-056784,2019-11-13,C,18287,0.0,26263,I,,,,,,
1660134,2019-11-15,OKTA,Kerrest Jacques Frederic,,0001209191-19-056784,2019-11-13,S,18287,115.049,7976,I,,,,,,
1660134,2019-11-20,OKTA,Kerrest Jacques Frederic,,0001209191-19-057481,2019-11-18,C,36575,0.0,44551,I,,,,,,
1660134,2019-11-20,OKTA,Kerrest Jacques Frederic,,0001209191-19-057481,2019-11-19,C,36575,0.0,44551,I,,,,,,
1660134,2019-11-20,OKTA,Kerrest Jacques Frederic,,0001209191-19-057481,2019-11-19,S,36575,125.1,7976,I,,,,,,
1660134,2019-11-20,OKTA,Kerrest Jacques Frederic,,0001209191-19-057481,2019-11-18,S,36575,120.0972,7976,I,,,,,,
1660134,2019-11-25,OKTA,Kerrest Jacques Frederic,,0001209191-19-057957,2019-11-21,S,100,130.0,7976,I,,,,,,
1660134,2019-11-25,OKTA,Kerrest Jacques Frederic,,0001209191-19-057957,2019-11-21,C,100,0.0,8076,I,,,,,,
1660134,2019-11-29,OKTA,Kerrest Jacques Frederic,,0001209191-19-058437,2019-11-26,C,73049,0.0,81025,I,,,,,,
1660134,2019-11-29,OKTA,Kerrest Jacques Frederic,,0001209191-19-058437,2019-11-26,S,73049,130.2518,7976,I,,,,,,
1660134,2019-12-12,OKTA,Race Charles,,0001209191-19-060242,2019-12-10,C,50000,0.0,60540,D,,,,,,
1660134,2019-12-12,OKTA,Race Charles,,0001209191-19-060242,2019-12-10,S,19346,118.5869,41194,D,,,,,,
1660134,2019-12-16,OKTA,Runyan Jonathan T,,0001209191-19-060732,2019-12-15,M,1406,0.0,1406,D,,,,,,
1660134,2019-12-16,OKTA,Runyan Jonathan T,,0001209191-19-060732,2019-12-12,M,459,0.0,459,D,,,,,,
1660134,2019-12-16,OKTA,Runyan Jonathan T,,0001209191-19-060732,2019-12-16,S,707,116.6294,699,D,,,,,,
1660134,2019-12-16,OKTA,Runyan Jonathan T,,0001209191-19-060732,2019-10-11,G,3595,0.0,44000,I,,,,,,
1660134,2019-12-16,OKTA,Runyan Jonathan T,,0001209191-19-060732,2019-12-12,S,459,117.75,0,D,,,,,,
1660134,2019-12-17,OKTA,ARCHAMBEAU SHELLYE L,,0001209191-19-060935,2019-12-13,M,1734,0.0,1734,D,,,,,,
1660134,2019-12-18,OKTA,KRAMER CHRISTOPHER K,,0001209191-19-061165,2019-12-15,M,768,0.0,6311,D,,,,,,
1660134,2019-12-18,OKTA,Losch William E,,0001209191-19-061166,2019-12-16,C,20000,0.0,32562,D,,,,,,
1660134,2019-12-18,OKTA,McKinnon Todd,,0001209191-19-061167,2019-12-16,S,1773,116.6294,3516,D,,,,,,
1660134,2019-12-18,OKTA,Kerrest Jacques Frederic,,0001209191-19-061164,2019-12-15,M,3087,0.0,3087,D,,,,,,
1660134,2019-12-18,OKTA,KRAMER CHRISTOPHER K,,0001209191-19-061165,2019-12-16,S,386,116.6294,5925,D,,,,,,
1660134,2019-12-18,OKTA,KOUREY MICHAEL R,,0001209191-19-061175,2019-12-11,G,983,0.0,14752,I,,,,,,
1660134,2019-12-18,OKTA,KOUREY MICHAEL R,,0001209191-19-061175,2019-12-16,C,17500,0.0,17500,D,,,,,,
1660134,2019-12-18,OKTA,KOUREY MICHAEL R,,0001209191-19-061175,2019-12-16,S,11729,116.2591,5771,D,,,,,,
1660134,2019-12-18,OKTA,Losch William E,,0001209191-19-061166,2019-12-16,S,1108,116.6294,12562,D,,,,,,
1660134,2019-12-18,OKTA,Kerrest Jacques Frederic,,0001209191-19-061164,2019-12-16,G,27852,0.0,7976,I,,,,,,
1660134,2019-12-18,OKTA,Kerrest Jacques Frederic,,0001209191-19-061164,2019-12-16,C,27952,0.0,35928,I,,,,,,
1660134,2019-12-18,OKTA,McKinnon Todd,,0001209191-19-061167,2019-12-15,M,3531,0.0,5289,D,,,,,,
1660134,2019-12-18,OKTA,Race Charles,,0001209191-19-061169,2019-12-15,M,1581,0.0,12121,D,,,,,,
1660134,2019-12-18,OKTA,Kerrest Jacques Frederic,,0001209191-19-061164,2019-12-16,S,1550,116.6294,1537,D,,,,,,
1660134,2019-12-18,OKTA,Losch William E,,0001209191-19-061166,2019-12-15,M,2206,0.0,13670,D,,,,,,
1660134,2019-12-18,OKTA,Race Charles,,0001209191-19-061169,2019-12-16,S,794,116.6294,11327,D,,,,,,
1660134,2019-12-18,OKTA,Losch William E,,0001209191-19-061166,2019-12-16,G,20000,0.0,0,I,,,,,,
1660134,2020-01-08,OKTA,WILSON L MICHELLE,,0001209191-20-002550,2020-01-06,C,10000,,25735,D,,,,,,
1660134,2020-01-08,OKTA,WILSON L MICHELLE,,0001209191-20-002550,2020-01-06,S,10000,123.2872,15735,D,,,,,,
1660134,2020-01-15,OKTA,Losch William E,,0001209191-20-003497,2020-01-13,S,1700,130.5103,40862,D,,,,,,
1660134,2020-01-15,OKTA,Losch William E,,0001209191-20-003497,2020-01-13,C,30000,0.0,42562,D,,,,,,
1660134,2020-01-15,OKTA,Losch William E,,0001209191-20-003497,2020-01-13,G,20000,0.0,0,I,,,,,,
1660134,2020-01-17,OKTA,KRAMER CHRISTOPHER K,,0001209191-20-004071,2020-01-15,S,2971,130.0,5981,D,,,,,,
1660134,2020-01-17,OKTA,KRAMER CHRISTOPHER K,,0001209191-20-004071,2020-01-15,C,2413,0.0,8952,D,,,,,,
1660134,2020-01-24,OKTA,Saeger Rebecca,,0001209191-20-004885,2020-01-22,M,1511,0.0,1511,D,,,,,,
1660134,2020-02-03,OKTA,KOUREY MICHAEL R,,0001209191-20-006136,2019-08-21,J,928,0.0,16663,I,,,,,,
1660134,2020-02-10,OKTA,Runyan Jonathan T,,0001209191-20-007998,2020-02-06,C,10000,0.0,10000,D,,,,,,
1660134,2020-02-10,OKTA,Runyan Jonathan T,,0001209191-20-007998,2020-02-06,S,200,125.405,9800,D,,,,,,
1660134,2020-02-12,OKTA,Race Charles,,0001209191-20-008875,2020-02-10,C,50000,0.0,61365,D,,,,,,
1660134,2020-02-12,OKTA,Race Charles,,0001209191-20-008875,2020-02-10,S,13431,132.9834,47934,D,,,,,,
1660134,2020-02-20,OKTA,HOROWITZ BENJAMIN A,,0001209191-20-011186,2020-02-18,S,8801,135.6402,1147770,I,,,,,,
1660134,2020-03-12,OKTA,Race Charles,,0001209191-20-018582,2020-03-10,S,2600,110.9185,58765,D,,,,,,
1660134,2020-03-12,OKTA,Race Charles,,0001209191-20-018582,2020-03-10,C,50000,0.0,61365,D,,,,,,
1660134,2020-03-12,OKTA,Runyan Jonathan T,,0001209191-20-018587,2020-03-10,S,300,111.07,4874,D,,,,,,
1660134,2020-03-12,OKTA,Runyan Jonathan T,,0001209191-20-018587,2020-03-10,C,5174,0.0,5174,D,,,,,,
1660134,2020-03-18,OKTA,Kerrest Jacques Frederic,,0001209191-20-020040,2020-03-16,S,951,97.6704,883,D,,,,,,
1660134,2020-03-18,OKTA,KRAMER CHRISTOPHER K,,0001209191-20-020042,2020-03-16,S,196,97.6704,6301,D,,,,,,
1660134,2020-03-18,OKTA,Kerrest Jacques Frederic,,0001209191-20-020040,2020-03-15,M,1747,0.0,1834,D,,,,,,
1660134,2020-03-18,OKTA,Kerrest Jacques Frederic,,0001209191-20-020040,2020-03-13,G,7976,0.0,0,I,,,,,,
1660134,2020-03-18,OKTA,Losch William E,,0001209191-20-020044,2020-03-16,S,921,97.6704,13332,D,,,,,,
1660134,2020-03-18,OKTA,Losch William E,,0001209191-20-020044,2020-03-16,C,30000,0.0,46726,D,,,,,,
1660134,2020-03-18,OKTA,KRAMER CHRISTOPHER K,,0001209191-20-020042,2020-03-15,M,516,0.0,6497,D,,,,,,
1660134,2020-03-18,OKTA,McKinnon Todd,,0001209191-20-020046,2020-03-15,M,1597,0.0,5113,D,,,,,,
1660134,2020-03-18,OKTA,McKinnon Todd,,0001209191-20-020046,2020-03-16,S,869,97.6704,4244,D,,,,,,
1660134,2020-03-18,OKTA,Race Charles,,0001209191-20-020047,2020-03-15,M,2785,0.0,14150,D,,,,,,
1660134,2020-03-18,OKTA,Runyan Jonathan T,,0001209191-20-020048,2020-03-16,S,726,97.6704,607,D,,,,,,
1660134,2020-03-18,OKTA,Race Charles,,0001209191-20-020047,2020-03-16,S,1516,97.6704,12634,D,,,,,,
1660134,2020-03-18,OKTA,Runyan Jonathan T,,0001209191-20-020048,2020-03-15,M,1333,0.0,1333,D,,,,,,
1660134,2020-03-18,OKTA,Losch William E,,0001209191-20-020044,2020-03-15,M,1691,0.0,14253,D,,,,,,
1660134,2020-03-20,OKTA,Runyan Jonathan T,,0001209191-20-020520,2020-03-20,C,4826,0.0,4826,D,,,,,,
1660134,2020-03-20,OKTA,Runyan Jonathan T,,0001209191-20-020520,2020-03-20,S,4826,120.0,0,D,,,,,,
1660134,2020-03-20,OKTA,HOROWITZ BENJAMIN A,,0001209191-20-020494,2020-03-18,S,13990,110.2287,1104703,I,,,,,,
1660134,2020-03-25,OKTA,KOUREY MICHAEL R,,0001209191-20-021142,2020-03-23,S,500,112.0967,19500,D,,,,,,
1660134,2020-03-25,OKTA,KOUREY MICHAEL R,,0001209191-20-021142,2020-03-23,C,20000,0.0,20000,D,,,,,,
1660134,2020-04-13,OKTA,McKinnon Todd,,0001209191-20-024222,2020-04-13,G,15000,0.0,0,I,,,,,,
1660134,2020-04-13,OKTA,McKinnon Todd,,0001209191-20-024222,2020-04-09,C,15000,0.0,15000,I,,,,,,
1660134,2020-04-15,OKTA,Losch William E,,0001209191-20-024499,2020-04-13,S,1900,131.0079,44826,D,,,,,,
1660134,2020-04-15,OKTA,Grady Patrick W,,0001209191-20-024497,2020-04-13,S,2500,130.8456,202709,D,,,,,,
1660134,2020-04-15,OKTA,Race Charles,,0001209191-20-024501,2020-04-13,S,4808,131.0089,60593,D,,,,,,
1660134,2020-04-15,OKTA,Losch William E,,0001209191-20-024499,2020-04-13,C,30000,0.0,46726,D,,,,,,
1660134,2020-04-15,OKTA,Race Charles,,0001209191-20-024501,2020-04-13,C,50000,0.0,65401,D,,,,,,
1660134,2020-04-17,OKTA,KRAMER CHRISTOPHER K,,0001209191-20-024875,2020-04-15,C,1034,0.0,7948,D,,,,,,
1660134,2020-04-17,OKTA,KRAMER CHRISTOPHER K,,0001209191-20-024875,2020-04-15,S,1730,138.24,6218,D,,,,,,
1660134,2020-04-20,OKTA,WILSON L MICHELLE,,0001209191-20-025121,2020-04-16,C,10000,,25735,D,,,,,,
1660134,2020-04-20,OKTA,WILSON L MICHELLE,,0001209191-20-025121,2020-04-16,S,10000,148.2825,15735,D,,,,,,
1660134,2020-04-22,OKTA,Grady Patrick W,,0001209191-20-025357,2020-04-20,S,11900,151.144,143309,D,,,,,,
1660134,2020-04-29,OKTA,HOROWITZ BENJAMIN A,,0001209191-20-026201,2020-04-27,S,9113,152.5212,1071702,I,,,,,,
1660134,2020-05-13,OKTA,Race Charles,,0001209191-20-028870,2020-05-11,C,50000,0.0,65401,D,,,,,,
1660134,2020-05-13,OKTA,Race Charles,,0001209191-20-028870,2020-05-11,S,3625,169.5593,61776,D,,,,,,
1660134,2020-05-20,OKTA,HOROWITZ BENJAMIN A,,0001209191-20-030939,2020-05-18,S,5100,179.1078,1037837,I,,,,,,
1660134,2020-06-12,OKTA,Race Charles,,0001209191-20-036343,2020-06-10,S,1000,176.081,64401,D,,,,,,
1660134,2020-06-12,OKTA,Race Charles,,0001209191-20-036343,2020-06-10,C,50000,0.0,65401,D,,,,,,
1660134,2020-06-15,OKTA,WILSON L MICHELLE,,0001209191-20-036693,2020-06-13,M,1535,,17270,D,,,,,,
1660134,2020-06-15,OKTA,Saeger Rebecca,,0001209191-20-036689,2020-06-13,M,1535,,3046,D,,,,,,
1660134,2020-06-15,OKTA,KOUREY MICHAEL R,,0001209191-20-036686,2020-06-13,M,1535,,1535,D,,,,,,
1660134,2020-06-15,OKTA,Stankey Michael A.,,0001209191-20-036692,2020-06-13,M,1535,,17270,D,,,,,,
1660134,2020-06-15,OKTA,Grady Patrick W,,0001209191-20-036676,2020-06-13,M,1535,,106744,D,,,,,,
1660134,2020-06-15,OKTA,HOROWITZ BENJAMIN A,,0001209191-20-036685,2020-06-13,M,1535,,17270,D,,,,,,
1660134,2020-06-15,OKTA,Dixon Robert L JR,,0001209191-20-036681,2020-06-14,M,905,,905,D,,,,,,
1660134,2020-06-15,OKTA,ARCHAMBEAU SHELLYE L,,0001209191-20-036662,2020-06-13,M,1535,,3269,D,,,,,,
1660134,2020-06-17,OKTA,Losch William E,,0001209191-20-037331,2020-06-15,C,30000,0.0,48663,D,,,,,,
1660134,2020-06-17,OKTA,KRAMER CHRISTOPHER K,,0001209191-20-037329,2020-06-16,S,269,185.6219,6717,D,,,,,,
1660134,2020-06-17,OKTA,Kerrest Jacques Frederic,,0001209191-20-037314,2020-06-16,S,1550,185.6219,9079,D,,,,,,
1660134,2020-06-17,OKTA,KRAMER CHRISTOPHER K,,0001209191-20-037329,2020-06-15,M,768,0.0,6986,D,,,,,,
1660134,2020-06-17,OKTA,Kerrest Jacques Frederic,,0001209191-20-037314,2020-06-15,M,3087,0.0,10629,D,,,,,,
1660134,2020-06-17,OKTA,KOUREY MICHAEL R,,0001209191-20-037325,2020-06-15,S,1600,180.65,19935,D,,,,,,
1660134,2020-06-17,OKTA,KOUREY MICHAEL R,,0001209191-20-037325,2020-06-15,C,20000,0.0,21535,D,,,,,,
1660134,2020-06-17,OKTA,Losch William E,,0001209191-20-037331,2020-06-15,S,900,180.5689,47763,D,,,,,,
1660134,2020-06-17,OKTA,Losch William E,,0001209191-20-037331,2020-06-16,S,1108,185.6219,17824,D,,,,,,
1660134,2020-06-17,OKTA,McKinnon Todd,,0001209191-20-037337,2020-06-15,M,3531,0.0,16676,D,,,,,,
1660134,2020-06-17,OKTA,Race Charles,,0001209191-20-037343,2020-06-16,S,794,185.6219,16188,D,,,,,,
1660134,2020-06-17,OKTA,Race Charles,,0001209191-20-037343,2020-06-15,M,1581,0.0,16982,D,,,,,,
1660134,2020-06-17,OKTA,Losch William E,,0001209191-20-037331,2020-06-15,M,2206,0.0,18932,D,,,,,,
1660134,2020-06-17,OKTA,McKinnon Todd,,0001209191-20-037337,2020-06-16,S,1773,185.6219,14903,D,,,,,,
1660134,2020-06-17,OKTA,Runyan Jonathan T,,0001209191-20-037346,2020-06-15,M,1406,0.0,1406,D,,,,,,
1660134,2020-06-17,OKTA,Runyan Jonathan T,,0001209191-20-037346,2020-06-16,S,706,185.6219,700,D,,,,,,
1660134,2020-06-18,OKTA,HOROWITZ BENJAMIN A,,0001209191-20-037657,2020-06-16,G,17270,0.0,0,D,,,,,,
1660134,2020-06-24,OKTA,McKinnon Todd,,0001209191-20-038747,2020-06-22,C,73673,0.0,90323,D,,,,,,
1660134,2020-06-24,OKTA,HOROWITZ BENJAMIN A,,0001209191-20-038750,2020-06-22,S,3900,196.8751,1018429,I,,,,,,
1660134,2020-06-24,OKTA,McKinnon Todd,,0001209191-20-038747,2020-06-22,S,17493,196.8169,142312,D,,,,,,
1660134,2020-06-24,OKTA,McKinnon Todd,,0001209191-20-038747,2020-06-22,M,32625,0.0,122948,D,,,,,,
1660134,2020-07-14,OKTA,Race Charles,,0001209191-20-042392,2020-07-10,C,50000,0.0,66932,D,,,,,,
1660134,2020-07-14,OKTA,Race Charles,,0001209191-20-042392,2020-07-10,S,8965,217.7333,57967,D,,,,,,
1660134,2020-07-15,OKTA,Runyan Jonathan T,,0001209191-20-042510,2020-07-13,C,18650,0.0,19993,D,,,,,,
1660134,2020-07-15,OKTA,Runyan Jonathan T,,0001209191-20-042510,2020-07-13,S,2438,200.4323,17555,D,,,,,,
1660134,2020-07-15,OKTA,Losch William E,,0001209191-20-042507,2020-07-13,S,3498,200.3783,45361,D,,,,,,
1660134,2020-07-15,OKTA,Losch William E,,0001209191-20-042507,2020-07-13,M,10000,0.0,48859,D,,,,,,
1660134,2020-07-15,OKTA,Losch William E,,0001209191-20-042507,2020-07-13,C,20000,0.0,38859,D,,,,,,
1660134,2020-07-16,OKTA,WILSON L MICHELLE,,0001209191-20-042659,2020-07-14,C,30000,,47270,D,,,,,,
1660134,2020-07-16,OKTA,WILSON L MICHELLE,,0001209191-20-042659,2020-07-14,S,200,194.525,47070,D,,,,,,
1660134,2020-07-17,OKTA,KRAMER CHRISTOPHER K,,0001209191-20-042900,2020-07-15,C,690,0.0,8890,D,,,,,,
1660134,2020-07-17,OKTA,KRAMER CHRISTOPHER K,,0001209191-20-042900,2020-07-15,S,1387,205.34,7503,D,,,,,,
1660134,2020-07-22,OKTA,HOROWITZ BENJAMIN A,,0001209191-20-043324,2020-07-20,S,4878,205.3446,979573,I,,,,,,
1660134,2020-07-22,OKTA,Kerrest Jacques Frederic,,0001209191-20-043325,2020-07-20,C,31240,0.0,31240,I,,,,,,
1660134,2020-07-22,OKTA,Kerrest Jacques Frederic,,0001209191-20-043325,2020-07-20,S,1060,204.8197,30180,I,,,,,,
1660134,2020-08-03,OKTA,WILSON L MICHELLE,,0001209191-20-044515,2020-07-30,C,10000,,27270,D,,,,,,
1660134,2020-08-03,OKTA,WILSON L MICHELLE,,0001209191-20-044515,2020-07-30,S,9600,219.4222,17670,D,,,,,,
1660134,2020-08-12,OKTA,Race Charles,,0001209191-20-046392,2020-08-10,S,6193,196.8588,60739,D,,,,,,
1660134,2020-08-12,OKTA,Race Charles,,0001209191-20-046392,2020-08-10,C,50000,0.0,66932,D,,,,,,
1660134,2020-09-02,OKTA,Kerrest Jacques Frederic,,0001209191-20-049178,2020-08-31,S,100,210.1,0,I,,,,,,
1660134,2020-09-02,OKTA,Kerrest Jacques Frederic,,0001209191-20-049178,2020-08-31,C,100,0.0,100,I,,,,,,
1660134,2020-09-14,OKTA,Race Charles,,0001209191-20-050299,2020-09-10,C,50000,0.0,66932,D,,,,,,
1660134,2020-09-14,OKTA,Race Charles,,0001209191-20-050299,2020-09-10,S,1206,201.6727,65726,D,,,,,,
1660134,2020-09-16,OKTA,Kerrest Jacques Frederic,,0001209191-20-050722,2020-09-15,M,3088,0.0,10630,D,,,,,,
1660134,2020-09-16,OKTA,Kerrest Jacques Frederic,,0001209191-20-050722,2020-09-16,S,100,200.0,10530,D,,,,,,
1660134,2020-09-16,OKTA,Losch William E,,0001209191-20-050777,2020-09-14,C,20000,0.0,38859,D,,,,,,
1660134,2020-09-16,OKTA,Losch William E,,0001209191-20-050777,2020-09-14,M,10000,0.0,48859,D,,,,,,
1660134,2020-09-16,OKTA,Losch William E,,0001209191-20-050777,2020-09-14,S,6273,193.8634,42586,D,,,,,,
1660134,2020-09-16,OKTA,Losch William E,,0001209191-20-050777,2020-09-16,G,20000,0.0,0,I,,,,,,
1660134,2020-09-16,OKTA,Losch William E,,0001209191-20-050777,2020-09-15,M,2206,0.0,21065,D,,,,,,
1660134,2020-09-16,OKTA,Losch William E,,0001209191-20-050777,2020-09-16,S,1108,194.3084,19957,D,,,,,,
1660134,2020-09-17,OKTA,McKinnon Todd,,0001209191-20-050975,2020-09-16,S,1773,194.3084,1922,D,,,,,,
1660134,2020-09-17,OKTA,KRAMER CHRISTOPHER K,,0001209191-20-050971,2020-09-16,S,386,194.3084,5461,D,,,,,,
1660134,2020-09-17,OKTA,KRAMER CHRISTOPHER K,,0001209191-20-050971,2020-09-15,M,767,0.0,5847,D,,,,,,
1660134,2020-09-17,OKTA,KRAMER CHRISTOPHER K,,0001209191-20-050971,2020-09-15,C,2865,0.0,10513,D,,,,,,
1660134,2020-09-17,OKTA,KRAMER CHRISTOPHER K,,0001209191-20-050971,2020-09-15,S,16887,195.7947,5080,D,,,,,,
1660134,2020-09-17,OKTA,McKinnon Todd,,0001209191-20-050975,2020-09-15,M,3531,0.0,3695,D,,,,,,
1660134,2020-09-17,OKTA,KOUREY MICHAEL R,,0001209191-20-050992,2020-09-15,C,20000,0.0,20000,D,,,,,,
1660134,2020-09-17,OKTA,Race Charles,,0001209191-20-050977,2020-09-15,M,1581,0.0,18513,D,,,,,,
1660134,2020-09-17,OKTA,Race Charles,,0001209191-20-050977,2020-09-16,S,794,194.3084,17719,D,,,,,,
1660134,2020-09-17,OKTA,KOUREY MICHAEL R,,0001209191-20-050992,2020-09-15,S,3863,192.7767,16137,D,,,,,,
1660134,2020-09-17,OKTA,Runyan Jonathan T,,0001209191-20-050979,2020-09-15,M,1406,0.0,1406,D,,,,,,
1660134,2020-09-17,OKTA,Runyan Jonathan T,,0001209191-20-050979,2020-09-16,S,706,194.3084,700,D,,,,,,
1660134,2020-10-13,OKTA,Race Charles,,0001209191-20-054671,2020-10-09,C,50000,0.0,68638,D,,,,,,
1660134,2020-10-13,OKTA,Race Charles,,0001209191-20-054671,2020-10-09,S,1160,235.097,67478,D,,,,,,
1660134,2020-10-14,OKTA,Losch William E,,0001209191-20-054793,2020-10-12,M,15000,39.21,50974,D,,,,,,
1660134,2020-10-14,OKTA,Losch William E,,0001209191-20-054793,2020-10-12,S,200,239.76,50774,D,,,,,,
1660134,2020-10-14,OKTA,HOROWITZ BENJAMIN A,,0001209191-20-054808,2020-10-13,S,3724,243.2364,892845,I,,,,,,
1660134,2020-10-14,OKTA,Losch William E,,0001209191-20-054793,2020-10-12,C,15000,0.0,35974,D,,,,,,
1660134,2020-10-14,OKTA,HOROWITZ BENJAMIN A,,0001209191-20-054808,2020-10-12,S,600,239.7375,945969,I,,,,,,
1660134,2020-10-16,OKTA,HOROWITZ BENJAMIN A,,0001209191-20-055075,2020-10-14,S,7267,241.3416,839302,I,,,,,,
1660134,2020-10-19,OKTA,KRAMER CHRISTOPHER K,,0001209191-20-055293,2020-10-15,S,939,237.7,5601,D,,,,,,
1660134,2020-11-12,OKTA,Race Charles,,0001209191-20-058038,2020-11-10,C,50000,0.0,68638,D,,,,,,
1660134,2020-11-12,OKTA,Race Charles,,0001209191-20-058038,2020-11-10,S,1300,204.2377,67338,D,,,,,,
1660134,2020-11-18,OKTA,McKinnon Todd,,0001209191-20-059180,2020-11-16,M,13593,39.21,13593,D,,,,,,
1660134,2020-11-18,OKTA,McKinnon Todd,,0001209191-20-059180,2020-11-16,S,800,214.765,24311,D,,,,,,
1660134,2020-11-18,OKTA,Race Charles,,0001209191-20-059183,2020-11-16,C,11148,0.0,29786,D,,,,,,
1660134,2020-11-18,OKTA,McKinnon Todd,,0001209191-20-059180,2020-10-15,G,3824,0.0,0,D,,,,,,
1660134,2020-12-09,OKTA,Kerrest Jacques Frederic,,0001209191-20-062554,2020-12-07,C,21302,0.0,21302,I,,,,,,
1660134,2020-12-09,OKTA,Kerrest Jacques Frederic,,0001209191-20-062554,2020-12-08,G,21302,0.0,0,I,,,,,,
1660134,2020-12-14,OKTA,WILSON L MICHELLE,,0001209191-20-063268,2020-12-10,C,30000,,47270,D,,,,,,
1660134,2020-12-14,OKTA,WILSON L MICHELLE,,0001209191-20-063268,2020-12-10,S,30000,249.0,17270,D,,,,,,
1660134,2020-12-14,OKTA,Race Charles,,0001209191-20-063266,2020-12-10,C,50000,0.0,79786,D,,,,,,
1660134,2020-12-14,OKTA,Race Charles,,0001209191-20-063266,2020-12-10,S,5531,232.0412,74255,D,,,,,,
1660134,2020-12-15,OKTA,ARCHAMBEAU SHELLYE L,,0001209191-20-063527,2020-12-13,M,1734,0.0,5003,D,,,,,,
1660134,2020-12-16,OKTA,Losch William E,,0001209191-20-063892,2020-12-15,M,2206,0.0,23180,D,,,,,,
1660134,2020-12-16,OKTA,Losch William E,,0001209191-20-063892,2020-12-14,S,400,249.2075,50574,D,,,,,,
1660134,2020-12-16,OKTA,Losch William E,,0001209191-20-063892,2020-12-16,S,1108,258.9059,22072,D,,,,,,
1660134,2020-12-16,OKTA,Losch William E,,0001209191-20-063892,2020-12-14,C,49000,0.0,49000,I,,,,,,
1660134,2020-12-16,OKTA,Losch William E,,0001209191-20-063892,2020-12-14,M,20000,39.21,50974,D,,,,,,
1660134,2020-12-16,OKTA,Losch William E,,0001209191-20-063892,2020-12-16,G,40000,0.0,9000,I,,,,,,
1660134,2020-12-17,OKTA,KOUREY MICHAEL R,,0001209191-20-064165,2020-12-15,G,425,0.0,16790,I,,,,,,
1660134,2020-12-17,OKTA,Runyan Jonathan T,,0001209191-20-064154,2020-12-15,M,1406,0.0,1406,D,,,,,,
1660134,2020-12-17,OKTA,Race Charles,,0001209191-20-064151,2020-12-16,S,794,258.9059,30573,D,,,,,,
1660134,2020-12-17,OKTA,Runyan Jonathan T,,0001209191-20-064154,2020-12-16,S,706,258.9059,700,D,,,,,,
1660134,2020-12-17,OKTA,KOUREY MICHAEL R,,0001209191-20-064165,2020-12-15,S,2219,253.9641,17781,D,,,,,,
1660134,2020-12-17,OKTA,McKinnon Todd,,0001209191-20-064148,2020-12-16,S,1773,258.9059,1758,D,,,,,,
1660134,2020-12-17,OKTA,KOUREY MICHAEL R,,0001209191-20-064165,2020-12-15,C,20000,0.0,20000,D,,,,,,
1660134,2020-12-17,OKTA,Race Charles,,0001209191-20-064151,2020-12-15,M,1581,0.0,31367,D,,,,,,
1660134,2020-12-17,OKTA,Kerrest Jacques Frederic,,0001209191-20-064138,2020-12-15,M,3087,0.0,13567,D,,,,,,
1660134,2020-12-17,OKTA,McKinnon Todd,,0001209191-20-064148,2020-12-15,M,3531,0.0,3531,D,,,,,,
1660134,2020-12-17,OKTA,Kerrest Jacques Frederic,,0001209191-20-064138,2020-12-16,S,1550,258.9059,12017,D,,,,,,
1660134,2020-12-17,OKTA,KRAMER CHRISTOPHER K,,0001209191-20-064145,2020-12-15,M,768,0.0,6369,D,,,,,,
1660134,2020-12-17,OKTA,KRAMER CHRISTOPHER K,,0001209191-20-064145,2020-12-16,S,386,258.9059,5983,D,,,,,,
1660134,2020-12-23,OKTA,McKinnon Todd,,0001209191-20-065036,2020-12-21,M,2719,39.21,6436,D,,,,,,
1660134,2020-12-23,OKTA,McKinnon Todd,,0001209191-20-065036,2020-12-21,S,700,270.6829,8040,D,,,,,,
1660134,2021-01-12,OKTA,Race Charles,,0001209191-21-003259,2021-01-08,S,1397,248.3143,80162,D,,,,,,
1660134,2021-01-12,OKTA,Race Charles,,0001209191-21-003259,2021-01-08,C,50000,0.0,81559,D,,,,,,
1660134,2021-01-13,OKTA,Losch William E,,0001209191-21-003438,2021-01-11,S,300,246.6767,47855,D,,,,,,
1660134,2021-01-13,OKTA,Losch William E,,0001209191-21-003438,2021-01-11,C,8000,0.0,31155,D,,,,,,
1660134,2021-01-13,OKTA,Losch William E,,0001209191-21-003438,2021-01-11,M,4000,39.21,35155,D,,,,,,
1660134,2021-01-15,OKTA,Runyan Jonathan T,,0001209191-21-003866,2021-01-13,C,7767,0.0,7767,D,,,,,,
1660134,2021-01-15,OKTA,Runyan Jonathan T,,0001209191-21-003866,2021-01-13,S,11946,256.5213,38054,D,,,,,,
1660134,2021-01-20,OKTA,KRAMER CHRISTOPHER K,,0001209191-21-004355,2021-01-15,S,940,260.99,6089,D,,,,,,
1660134,2021-01-26,OKTA,Saeger Rebecca,,0001209191-21-005403,2021-01-22,M,1511,,4557,D,,,,,,
1660134,2021-03-17,OKTA,Kerrest Jacques Frederic,,0001209191-21-021416,2021-03-15,M,3088,0.0,16575,D,,,,,,
1660134,2021-03-17,OKTA,McKinnon Todd,,0001209191-21-021421,2021-03-15,M,3532,0.0,3532,D,,,,,,
1660134,2021-03-17,OKTA,KRAMER CHRISTOPHER K,,0001209191-21-021418,2021-03-15,M,767,0.0,6856,D,,,,,,
1660134,2021-03-17,OKTA,KRAMER CHRISTOPHER K,,0001209191-21-021418,2021-03-16,S,269,228.8101,6587,D,,,,,,
1660134,2021-03-17,OKTA,KRAMER CHRISTOPHER K,,0001209191-21-021418,2021-03-15,C,3333,0.0,9422,D,,,,,,
1660134,2021-03-17,OKTA,KRAMER CHRISTOPHER K,,0001209191-21-021418,2021-03-15,S,1067,223.0696,8355,D,,,,,,
1660134,2021-03-17,OKTA,Runyan Jonathan T,,0001209191-21-021426,2021-03-16,S,707,228.8101,700,D,,,,,,
1660134,2021-03-17,OKTA,Runyan Jonathan T,,0001209191-21-021426,2021-03-15,M,1407,0.0,1407,D,,,,,,
1660134,2021-03-17,OKTA,McKinnon Todd,,0001209191-21-021421,2021-03-16,S,1265,228.8101,2267,D,,,,,,
1660134,2021-03-17,OKTA,Kerrest Jacques Frederic,,0001209191-21-021416,2021-03-16,S,1107,228.8101,15468,D,,,,,,
1660134,2021-03-24,OKTA,KOUREY MICHAEL R,,0001209191-21-022863,2021-03-22,C,20000,0.0,20000,D,,,,,,
1660134,2021-03-24,OKTA,KOUREY MICHAEL R,,0001209191-21-022863,2021-03-22,S,1284,217.6216,18716,D,,,,,,
1660134,2021-04-19,OKTA,KRAMER CHRISTOPHER K,,0001209191-21-027325,2021-04-15,C,3333,0.0,11806,D,,,,,,
1660134,2021-04-19,OKTA,KRAMER CHRISTOPHER K,,0001209191-21-027325,2021-04-15,S,783,263.4816,11023,D,,,,,,
1660134,2021-05-24,OKTA,McKinnon Todd,,0001209191-21-035410,2021-05-20,M,5438,39.21,15225,D,,,,,,
1660134,2021-05-24,OKTA,McKinnon Todd,,0001209191-21-035410,2021-05-20,S,500,229.6718,23104,D,,,,,,
1660134,2021-06-16,OKTA,Dixon Robert L JR,,0001209191-21-040952,2021-06-16,M,1064,0.0,2874,D,,,,,,
1660134,2021-06-16,OKTA,Dixon Robert L JR,,0001209191-21-040952,2021-06-14,M,905,0.0,1810,D,,,,,,
1660134,2021-06-17,OKTA,Tighe Brett,,0001209191-21-041627,2021-06-15,M,768,0.0,18687,D,,,,,,
1660134,2021-06-17,OKTA,Runyan Jonathan T,,0001209191-21-041624,2021-06-16,S,706,223.3725,700,D,,,,,,
1660134,2021-06-17,OKTA,Runyan Jonathan T,,0001209191-21-041624,2021-06-15,M,1406,0.0,1406,D,,,,,,
1660134,2021-06-17,OKTA,KRAMER CHRISTOPHER K,,0001209191-21-041619,2021-06-15,M,768,0.0,9241,D,,,,,,
1660134,2021-06-17,OKTA,Kerrest Jacques Frederic,,0001209191-21-041616,2021-06-15,M,3087,0.0,24065,D,,,,,,
1660134,2021-06-17,OKTA,Kerrest Jacques Frederic,,0001209191-21-041616,2021-06-16,S,1550,223.3725,22515,D,,,,,,
1660134,2021-06-17,OKTA,KRAMER CHRISTOPHER K,,0001209191-21-041619,2021-06-16,S,386,223.3725,8855,D,,,,,,
1660134,2021-06-17,OKTA,Tighe Brett,,0001209191-21-041627,2021-06-16,S,269,223.3725,18418,D,,,,,,
1660134,2021-06-17,OKTA,McKinnon Todd,,0001209191-21-041622,2021-06-16,S,1773,223.3725,11545,D,,,,,,
1660134,2021-06-17,OKTA,KRAMER CHRISTOPHER K,,0001209191-21-041619,2021-06-15,C,3333,0.0,11806,D,,,,,,
1660134,2021-06-17,OKTA,KRAMER CHRISTOPHER K,,0001209191-21-041619,2021-06-15,S,3333,227.03,8473,D,,,,,,
1660134,2021-06-17,OKTA,McKinnon Todd,,0001209191-21-041622,2021-06-15,M,3531,0.0,13318,D,,,,,,
1660134,2021-06-21,OKTA,Grady Patrick W,,0001209191-21-042122,2021-06-16,M,1064,0.0,107808,D,,,,,,
1660134,2021-06-21,OKTA,HOROWITZ BENJAMIN A,,0001209191-21-042127,2021-06-16,M,1064,,1064,D,,,,,,
1660134,2021-06-21,OKTA,Stankey Michael A.,,0001209191-21-042133,2021-06-16,M,1064,0.0,18334,D,,,,,,
1660134,2021-06-21,OKTA,WILSON L MICHELLE,,0001209191-21-042138,2021-06-16,M,1064,0.0,18334,D,,,,,,
1660134,2021-06-21,OKTA,ARCHAMBEAU SHELLYE L,,0001209191-21-042105,2021-06-16,M,1064,0.0,6067,D,,,,,,
1660134,2021-06-21,OKTA,Saeger Rebecca,,0001209191-21-042130,2021-06-16,M,1064,,5621,D,,,,,,
1660134,2021-06-23,OKTA,McKinnon Todd,,0001209191-21-042770,2021-06-21,S,856,233.2251,13587,D,,,,,,
1660134,2021-06-23,OKTA,McKinnon Todd,,0001209191-21-042770,2021-06-21,M,13818,142.47,23605,D,,,,,,
1660134,2021-07-08,OKTA,HOROWITZ BENJAMIN A,,0001209191-21-045999,2021-07-06,S,2700,243.8844,793869,I,,,,,,
1660134,2021-07-08,OKTA,HOROWITZ BENJAMIN A,,0001209191-21-045999,2021-07-07,S,14872,248.9346,701697,I,,,,,,
1660134,2021-07-19,OKTA,KRAMER CHRISTOPHER K,,0001209191-21-047200,2021-07-15,S,3333,242.94,9809,D,,,,,,
1660134,2021-07-19,OKTA,KRAMER CHRISTOPHER K,,0001209191-21-047200,2021-07-15,C,3333,0.0,13142,D,,,,,,
1660134,2021-07-22,OKTA,McKinnon Todd,,0001209191-21-047793,2021-07-20,S,998,241.434,20405,D,,,,,,
1660134,2021-07-22,OKTA,McKinnon Todd,,0001209191-21-047793,2021-07-20,M,6595,142.47,16382,D,,,,,,
1660134,2021-08-04,OKTA,HOROWITZ BENJAMIN A,,0001209191-21-049684,2021-08-02,S,2000,241.4127,634969,I,,,,,,
1660134,2021-08-04,OKTA,HOROWITZ BENJAMIN A,,0001209191-21-049684,2021-08-03,S,200,245.42,556769,I,,,,,,
1660134,2021-08-24,OKTA,McKinnon Todd,,0001209191-21-053176,2021-08-20,M,2719,39.21,10304,D,,,,,,
1660134,2021-08-24,OKTA,McKinnon Todd,,0001209191-21-053176,2021-08-20,S,6490,231.1706,7769,D,,,,,,
1660134,2021-08-27,OKTA,Kerrest Jacques Frederic,,0001209191-21-053651,2021-08-25,C,4842,0.0,4842,I,,,,,,
1660134,2021-08-27,OKTA,Kerrest Jacques Frederic,,0001209191-21-053651,2021-08-25,S,2152,255.0,2690,I,,,,,,
1660134,2021-08-27,OKTA,Kerrest Jacques Frederic,,0001209191-21-053651,2021-08-25,G,7542,0.0,16917,D,,,,,,
1660134,2021-09-07,OKTA,Kerrest Jacques Frederic,,0001209191-21-055011,2021-09-02,S,3228,270.127,0,I,,,,,,
1660134,2021-09-07,OKTA,Kerrest Jacques Frederic,,0001209191-21-055011,2021-09-02,C,3228,0.0,3228,I,,,,,,
1660134,2021-09-13,OKTA,Dixon Robert L JR,,0001209191-21-055701,2021-09-09,S,800,263.45,2074,D,,,,,,
1660134,2021-09-17,OKTA,Runyan Jonathan T,,0001209191-21-056682,2021-09-15,M,1406,0.0,1406,D,,,,,,
1660134,2021-09-17,OKTA,KRAMER CHRISTOPHER K,,0001209191-21-056679,2021-09-15,C,3333,0.0,13218,D,,,,,,
1660134,2021-09-17,OKTA,KRAMER CHRISTOPHER K,,0001209191-21-056679,2021-09-16,S,563,252.6464,10443,D,,,,,,
1660134,2021-09-17,OKTA,St. Ledger Susan,,0001209191-21-056685,2021-09-16,S,26469,252.6464,27443,D,,,,,,
1660134,2021-09-17,OKTA,McKinnon Todd,,0001209191-21-056680,2021-09-16,S,1773,252.6464,2199,D,,,,,,
1660134,2021-09-17,OKTA,KRAMER CHRISTOPHER K,,0001209191-21-056679,2021-09-15,S,3333,252.61,9885,D,,,,,,
1660134,2021-09-17,OKTA,Kerrest Jacques Frederic,,0001209191-21-056678,2021-09-16,S,1551,252.6464,18454,D,,,,,,
1660134,2021-09-17,OKTA,Runyan Jonathan T,,0001209191-21-056682,2021-09-16,S,706,252.6464,700,D,,,,,,
1660134,2021-09-17,OKTA,Tighe Brett,,0001209191-21-056686,2021-09-15,M,760,0.0,20395,D,,,,,,
1660134,2021-09-17,OKTA,St. Ledger Susan,,0001209191-21-056685,2021-09-15,M,53912,0.0,53912,D,,,,,,
1660134,2021-09-17,OKTA,Tighe Brett,,0001209191-21-056686,2021-09-16,S,382,252.6464,20013,D,,,,,,
1660134,2021-09-17,OKTA,Kerrest Jacques Frederic,,0001209191-21-056678,2021-09-15,M,3088,0.0,20005,D,,,,,,
1660134,2021-09-17,OKTA,KRAMER CHRISTOPHER K,,0001209191-21-056679,2021-09-15,M,1121,0.0,11006,D,,,,,,
1660134,2021-09-17,OKTA,McKinnon Todd,,0001209191-21-056680,2021-09-15,M,3531,0.0,3972,D,,,,,,
1660134,2021-09-21,OKTA,Kerrest Jacques Frederic,,0001209191-21-057073,2021-09-17,G,2938,0.0,17461,D,,,,,,
1660134,2021-09-21,OKTA,Kerrest Jacques Frederic,,0001209191-21-057073,2021-09-17,S,1000,255.8365,1938,I,,,,,,
1660134,2021-09-22,OKTA,McKinnon Todd,,0001209191-21-057279,2021-09-20,M,5438,39.21,10535,D,,,,,,
1660134,2021-09-22,OKTA,McKinnon Todd,,0001209191-21-057279,2021-09-20,S,3607,250.7788,15308,D,,,,,,
1660134,2021-10-15,OKTA,KRAMER CHRISTOPHER K,,0001209191-21-060623,2021-10-14,C,3335,0.0,14174,D,,,,,,
1660134,2021-10-15,OKTA,KRAMER CHRISTOPHER K,,0001209191-21-060623,2021-10-14,S,516,251.0615,13658,D,,,,,,
1660134,2021-10-15,OKTA,Runyan Jonathan T,,0001209191-21-060622,2021-10-14,C,18392,0.0,18392,D,,,,,,
1660134,2021-10-15,OKTA,Runyan Jonathan T,,0001209191-21-060622,2021-10-14,S,18392,260.0,0,D,,,,,,
1660134,2021-10-22,OKTA,McKinnon Todd,,0001209191-21-061391,2021-10-20,S,1400,255.1156,12859,D,,,,,,
1660134,2021-10-22,OKTA,McKinnon Todd,,0001209191-21-061391,2021-10-20,M,5437,39.21,5878,D,,,,,,
1660134,2021-11-23,OKTA,McKinnon Todd,,0001209191-21-066547,2021-11-19,M,5438,39.21,5879,D,,,,,,
1660134,2021-11-23,OKTA,McKinnon Todd,,0001209191-21-066547,2021-11-19,S,2189,240.5627,12070,D,,,,,,
1660134,2021-12-15,OKTA,ARCHAMBEAU SHELLYE L,,0001209191-21-069794,2021-12-13,M,1735,0.0,7802,D,,,,,,
1660134,2021-12-17,OKTA,Tighe Brett,,0001209191-21-070422,2021-12-16,S,391,214.8897,23236,D,,,,,,
1660134,2021-12-17,OKTA,Tighe Brett,,0001209191-21-070422,2021-12-15,M,760,0.0,23627,D,,,,,,
1660134,2021-12-17,OKTA,McKinnon Todd,,0001209191-21-070420,2021-12-15,M,3531,0.0,3972,D,,,,,,
1660134,2021-12-17,OKTA,Runyan Jonathan T,,0001209191-21-070421,2021-12-16,S,723,214.8897,683,D,,,,,,
1660134,2021-12-17,OKTA,Runyan Jonathan T,,0001209191-21-070421,2021-12-15,M,1406,0.0,1406,D,,,,,,
1660134,2021-12-17,OKTA,Kerrest Jacques Frederic,,0001209191-21-070418,2021-12-15,M,3087,0.0,17066,D,,,,,,
1660134,2021-12-17,OKTA,Kerrest Jacques Frederic,,0001209191-21-070418,2021-12-16,S,1587,214.8897,15479,D,,,,,,
1660134,2021-12-17,OKTA,KRAMER CHRISTOPHER K,,0001209191-21-070419,2021-12-15,M,1122,0.0,11961,D,,,,,,
1660134,2021-12-17,OKTA,KRAMER CHRISTOPHER K,,0001209191-21-070419,2021-12-16,S,577,214.8897,11384,D,,,,,,
1660134,2021-12-17,OKTA,McKinnon Todd,,0001209191-21-070420,2021-12-16,S,1815,214.8897,2157,D,,,,,,
1660134,2021-12-21,OKTA,Kerrest Jacques Frederic,,0001209191-21-070826,2021-12-17,C,100,0.0,100,I,,,,,,
1660134,2021-12-21,OKTA,Kerrest Jacques Frederic,,0001209191-21-070826,2021-12-17,S,4,201.0325,96,I,,,,,,
1660134,2021-12-22,OKTA,McKinnon Todd,,0001209191-21-070955,2021-12-20,S,200,212.27,18604,D,,,,,,
1660134,2021-12-22,OKTA,McKinnon Todd,,0001209191-21-070955,2021-12-20,M,5437,39.21,10423,D,,,,,,
1660134,2021-12-27,OKTA,Kerrest Jacques Frederic,,0001209191-21-071301,2021-12-22,C,35445,0.0,35445,I,,,,,,
1660134,2021-12-27,OKTA,Kerrest Jacques Frederic,,0001209191-21-071301,2021-12-27,G,35445,0.0,0,I,,,,,,
1660134,2022-01-25,OKTA,Saeger Rebecca,,0001209191-22-004823,2022-01-22,M,1511,,7132,D,,,,,,
1660134,2022-02-14,OKTA,Kerrest Jacques Frederic,,0001209191-22-009388,2022-02-10,S,8800,200.419,985,I,,,,,,
1660134,2022-02-14,OKTA,Kerrest Jacques Frederic,,0001209191-22-009388,2022-02-10,C,525,0.0,525,I,,,,,,
1660134,2022-02-14,OKTA,Kerrest Jacques Frederic,,0001209191-22-009388,2022-02-10,G,9785,0.0,7592,D,,,,,,
1660134,2022-03-17,OKTA,Kerrest Jacques Frederic,,0001209191-22-019664,2022-03-16,S,1110,152.9228,9570,D,,,,,,
1660134,2022-03-17,OKTA,KRAMER CHRISTOPHER K,,0001209191-22-019670,2022-03-16,S,423,152.9228,12487,D,,,,,,
1660134,2022-03-17,OKTA,Kerrest Jacques Frederic,,0001209191-22-019664,2022-03-15,M,3088,0.0,10680,D,,,,,,
1660134,2022-03-17,OKTA,KRAMER CHRISTOPHER K,,0001209191-22-019670,2022-03-15,M,1122,0.0,12910,D,,,,,,
1660134,2022-03-17,OKTA,McKinnon Todd,,0001209191-22-019674,2022-03-15,M,3532,0.0,3973,D,,,,,,
1660134,2022-03-17,OKTA,McKinnon Todd,,0001209191-22-019674,2022-03-16,S,1271,152.9228,2702,D,,,,,,
1660134,2022-03-17,OKTA,Tighe Brett,,0001209191-22-019680,2022-03-15,M,760,0.0,26784,D,,,,,,
1660134,2022-03-17,OKTA,Tighe Brett,,0001209191-22-019680,2022-03-16,S,291,152.9228,26493,D,,,,,,
1660134,2022-03-17,OKTA,Runyan Jonathan T,,0001209191-22-019677,2022-03-16,S,521,152.9228,886,D,,,,,,
1660134,2022-03-17,OKTA,St. Ledger Susan,,0001209191-22-019709,2022-03-16,S,4407,152.9228,33926,D,,,,,,
1660134,2022-03-17,OKTA,St. Ledger Susan,,0001209191-22-019709,2022-03-15,M,10783,0.0,38333,D,,,,,,
1660134,2022-03-17,OKTA,Runyan Jonathan T,,0001209191-22-019677,2022-03-15,M,1407,0.0,1407,D,,,,,,
1660134,2022-05-04,OKTA,Runyan Jonathan T,,0001209191-22-027150,2022-05-02,C,100,0.0,100,D,,,,,,
1660134,2022-05-04,OKTA,Runyan Jonathan T,,0001209191-22-027150,2022-05-02,S,100,118.41,0,D,,,,,,
1660134,2022-05-27,OKTA,Epstein Jeff,,0001209191-22-032623,2022-05-25,M,478,0.0,478,D,,,,,,
1660134,2022-06-16,OKTA,Dixon Robert L JR,,0001209191-22-037475,2022-06-14,M,905,0.0,2979,D,,,,,,
1660134,2022-06-17,OKTA,KRAMER CHRISTOPHER K,,0001209191-22-037959,2022-06-16,S,418,79.9734,14316,D,,,,,,
1660134,2022-06-17,OKTA,Kerrest Jacques Frederic,,0001209191-22-037955,2022-06-15,M,2058,0.0,16404,D,,,,,,
1660134,2022-06-17,OKTA,McKinnon Todd,,0001209191-22-037966,2022-06-15,M,3181,0.0,13171,D,,,,,,
1660134,2022-06-17,OKTA,McKinnon Todd,,0001209191-22-037966,2022-06-16,S,1697,79.9734,11474,D,,,,,,
1660134,2022-06-17,OKTA,Kerrest Jacques Frederic,,0001209191-22-037955,2022-06-16,S,1098,79.9734,15306,D,,,,,,
1660134,2022-06-17,OKTA,KRAMER CHRISTOPHER K,,0001209191-22-037959,2022-06-15,M,1122,0.0,14734,D,,,,,,
1660134,2022-06-17,OKTA,Runyan Jonathan T,,0001209191-22-037967,2022-06-16,S,349,79.9734,587,D,,,,,,
1660134,2022-06-17,OKTA,Runyan Jonathan T,,0001209191-22-037967,2022-06-15,M,936,0.0,936,D,,,,,,
1660134,2022-06-17,OKTA,St. Ledger Susan,,0001209191-22-037976,2022-06-15,M,2695,0.0,38079,D,,,,,,
1660134,2022-06-17,OKTA,Tighe Brett,,0001209191-22-037981,2022-06-15,M,761,0.0,31595,D,,,,,,
1660134,2022-06-17,OKTA,St. Ledger Susan,,0001209191-22-037976,2022-06-16,S,1438,79.9734,36641,D,,,,,,
1660134,2022-06-17,OKTA,Tighe Brett,,0001209191-22-037981,2022-06-16,S,406,79.9734,31189,D,,,,,,
1660134,2022-06-21,OKTA,Epstein Jeff,,0001209191-22-038490,2022-06-17,M,862,0.0,1340,D,,,,,,
1660134,2022-06-21,OKTA,HOROWITZ BENJAMIN A,,0001209191-22-038495,2022-06-17,M,862,,1926,D,,,,,,
1660134,2022-06-21,OKTA,ARCHAMBEAU SHELLYE L,,0001209191-22-038486,2022-06-17,M,862,0.0,8664,D,,,,,,
1660134,2022-06-21,OKTA,Dixon Robert L JR,,0001209191-22-038488,2022-06-17,M,862,0.0,3841,D,,,,,,
1660134,2022-06-21,OKTA,Grady Patrick W,,0001209191-22-038508,2022-06-17,M,862,0.0,108670,D,,,,,,
1660134,2022-06-21,OKTA,Saeger Rebecca,,0001209191-22-038497,2022-06-17,M,862,0.0,7994,D,,,,,,
1660134,2022-06-21,OKTA,Stankey Michael A.,,0001209191-22-038500,2022-06-17,M,862,0.0,19196,D,,,,,,
1660134,2022-06-21,OKTA,WILSON L MICHELLE,,0001209191-22-038501,2022-06-17,M,862,0.0,862,D,,,,,,
1660134,2022-06-29,OKTA,Kerrest Jacques Frederic,,0001209191-22-039820,2022-06-27,C,100,0.0,100,I,,,,,,
1660134,2022-06-29,OKTA,Kerrest Jacques Frederic,,0001209191-22-039820,2022-06-27,S,38,98.3676,62,I,,,,,,
1660134,2022-09-12,OKTA,Dixon Robert L JR,,0001209191-22-049586,2022-09-08,S,400,60.1,3441,D,,,,,,
1660134,2022-09-19,OKTA,Runyan Jonathan T,,0001209191-22-050552,2022-09-16,S,489,59.3931,446,D,,,,,,
1660134,2022-09-19,OKTA,McKinnon Todd,,0001209191-22-050548,2022-09-16,S,1661,59.3931,15012,D,,,,,,
1660134,2022-09-19,OKTA,Kerrest Jacques Frederic,,0001209191-22-050543,2022-09-15,M,2058,0.0,18619,D,,,,,,
1660134,2022-09-19,OKTA,Kerrest Jacques Frederic,,0001209191-22-050543,2022-09-16,S,1075,59.3931,17544,D,,,,,,
1660134,2022-09-19,OKTA,McKinnon Todd,,0001209191-22-050548,2022-09-15,M,3180,0.0,16673,D,,,,,,
1660134,2022-09-19,OKTA,Tighe Brett,,0001209191-22-050563,2022-09-15,M,466,0.0,36577,D,,,,,,
1660134,2022-09-19,OKTA,Tighe Brett,,0001209191-22-050563,2022-09-16,S,240,59.3931,36337,D,,,,,,
1660134,2022-09-19,OKTA,St. Ledger Susan,,0001209191-22-050555,2022-09-16,S,1408,59.3931,39106,D,,,,,,
1660134,2022-09-19,OKTA,St. Ledger Susan,,0001209191-22-050555,2022-09-15,M,2696,0.0,40514,D,,,,,,
1660134,2022-09-19,OKTA,Runyan Jonathan T,,0001209191-22-050552,2022-09-15,M,935,0.0,935,D,,,,,,
1660134,2022-11-07,OKTA,Kerrest Jacques Frederic,,0001209191-22-056016,2022-11-03,S,11921,48.7096,6908,D,,,,,,
1660134,2022-12-19,OKTA,McKinnon Todd,,0001209191-22-061989,2022-12-16,S,1597,67.4129,18662,D,,,,,,
1660134,2022-12-19,OKTA,Runyan Jonathan T,,0001209191-22-061990,2022-12-15,M,935,0.0,935,D,,,,,,
1660134,2022-12-19,OKTA,McKinnon Todd,,0001209191-22-061989,2022-12-15,M,3180,0.0,20259,D,,,,,,
1660134,2022-12-19,OKTA,Runyan Jonathan T,,0001209191-22-061990,2022-12-16,S,470,67.4129,465,D,,,,,,
1660134,2022-12-19,OKTA,St. Ledger Susan,,0001209191-22-062016,2022-12-16,S,1354,67.4129,67298,D,,,,,,
1660134,2022-12-19,OKTA,St. Ledger Susan,,0001209191-22-062016,2022-12-15,M,2695,0.0,68652,D,,,,,,
1660134,2022-12-19,OKTA,Tighe Brett,,0001209191-22-061991,2022-12-15,M,467,0.0,39700,D,,,,,,
1660134,2022-12-19,OKTA,Tighe Brett,,0001209191-22-061991,2022-12-16,S,228,67.4129,39472,D,,,,,,
1660134,2022-12-28,OKTA,Kerrest Jacques Frederic,,0001209191-22-062854,2022-12-27,G,26000,0.0,0,I,,,,,,
1660134,2022-12-28,OKTA,Kerrest Jacques Frederic,,0001209191-22-062854,2022-12-23,C,26000,0.0,26000,I,,,,,,
1660134,2023-01-19,OKTA,Runyan Jonathan T,,0001209191-23-004067,2023-01-17,S,10,69.77,72210,I,,,,,,
1660134,2023-03-17,OKTA,McKinnon Todd,,0001209191-23-019816,2023-03-15,M,3181,0.0,23996,D,,,,,,
1660134,2023-03-17,OKTA,Ninan Shibu,,0001209191-23-019818,2023-03-16,S,197,82.4782,279,D,,,,,,
1660134,2023-03-17,OKTA,Tighe Brett,,0001209191-23-019833,2023-03-16,S,179,82.4782,42843,D,,,,,,
1660134,2023-03-17,OKTA,Ninan Shibu,,0001209191-23-019818,2023-03-15,M,476,0.0,476,D,,,,,,
1660134,2023-03-17,OKTA,Kerrest Jacques Frederic,,0001209191-23-019803,2023-03-15,M,1024,0.0,1124,D,,,,,,
1660134,2023-03-17,OKTA,Kerrest Jacques Frederic,,0001209191-23-019803,2023-03-16,S,423,82.4782,701,D,,,,,,
1660134,2023-03-17,OKTA,Schwartz Larissa,,0001209191-23-019820,2023-03-15,M,262,0.0,20258,D,,,,,,
1660134,2023-03-17,OKTA,Tighe Brett,,0001209191-23-019833,2023-03-15,M,466,0.0,43022,D,,,,,,
1660134,2023-03-17,OKTA,McKinnon Todd,,0001209191-23-019816,2023-03-16,S,1183,82.4782,22813,D,,,,,,
1660134,2023-03-17,OKTA,Schwartz Larissa,,0001209191-23-019820,2023-03-16,S,109,82.4782,20149,D,,,,,,
1660134,2023-04-26,OKTA,Kerrest Jacques Frederic,,0001209191-23-025711,2023-04-24,S,100,75.99,601,D,,,,,,
1660134,2023-05-30,OKTA,Epstein Jeff,,0001209191-23-032950,2023-05-25,M,478,0.0,1818,D,,,,,,
1660134,2023-06-20,OKTA,Ninan Shibu,,0001209191-23-038486,2023-06-16,S,195,75.5996,639,D,,,,,,
1660134,2023-06-20,OKTA,McKinnon Todd,,0001209191-23-038484,2023-06-15,M,2642,0.0,29037,D,,,,,,
1660134,2023-06-20,OKTA,Tighe Brett,,0001209191-23-038495,2023-06-15,M,467,0.0,48668,D,,,,,,
1660134,2023-06-20,OKTA,McKinnon Todd,,0001209191-23-038484,2023-06-16,S,926,75.5996,28111,D,,,,,,
1660134,2023-06-20,OKTA,Ninan Shibu,,0001209191-23-038486,2023-06-15,M,555,0.0,834,D,,,,,,
1660134,2023-06-20,OKTA,Schwartz Larissa,,0001209191-23-038489,2023-06-15,M,263,0.0,20615,D,,,,,,
1660134,2023-06-20,OKTA,Schwartz Larissa,,0001209191-23-038489,2023-06-16,S,93,75.5996,20522,D,,,,,,
1660134,2023-06-20,OKTA,Tighe Brett,,0001209191-23-038495,2023-06-16,S,152,75.5996,48516,D,,,,,,
1660134,2023-06-23,OKTA,ARCHAMBEAU SHELLYE L,,0001209191-23-039520,2023-06-21,M,2378,0.0,11042,D,,,,,,
1660134,2023-06-23,OKTA,HOROWITZ BENJAMIN A,,0001209191-23-039539,2023-06-21,M,2378,0.0,4304,D,,,,,,
1660134,2023-06-23,OKTA,Epstein Jeff,,0001209191-23-039533,2023-06-21,M,2378,0.0,4196,D,,,,,,
1660134,2023-06-23,OKTA,Dixon Robert L JR,,0001209191-23-039559,2023-06-21,M,2378,0.0,5819,D,,,,,,
1660134,2023-06-23,OKTA,Saeger Rebecca,,0001209191-23-039561,2023-06-21,M,2378,0.0,10372,D,,,,,,
1660134,2023-06-23,OKTA,Stankey Michael A.,,0001209191-23-039544,2023-06-21,M,2378,0.0,21574,D,,,,,,
1660134,2023-06-23,OKTA,Grady Patrick W,,0001209191-23-039536,2023-06-21,M,2378,0.0,111048,D,,,,,,
1660134,2023-08-22,OKTA,Choi Emilie,,0001209191-23-046917,2023-08-19,M,1212,0.0,1212,D,,,,,,
1660134,2023-09-19,OKTA,Ninan Shibu,,0001209191-23-050046,2023-09-15,M,8784,0.0,9920,D,,,,,,
1660134,2023-09-19,OKTA,McKinnon Todd,,0001209191-23-050044,2023-09-18,S,1331,83.0072,35641,D,,,,,,
1660134,2023-09-19,OKTA,Tighe Brett,,0001209191-23-050057,2023-09-18,S,140,83.0072,56613,D,,,,,,
1660134,2023-09-19,OKTA,Schwartz Larissa,,0001209191-23-050048,2023-09-18,S,63,83.0072,24090,D,,,,,,
1660134,2023-09-19,OKTA,McKinnon Todd,,0001209191-23-050044,2023-09-15,M,2643,0.0,36972,D,,,,,,
1660134,2023-09-19,OKTA,Ninan Shibu,,0001209191-23-050046,2023-09-18,S,3086,83.0072,6834,D,,,,,,
1660134,2023-09-19,OKTA,Tighe Brett,,0001209191-23-050057,2023-09-15,M,301,0.0,56753,D,,,,,,
1660134,2023-09-19,OKTA,Schwartz Larissa,,0001209191-23-050048,2023-09-15,M,177,0.0,24153,D,,,,,,
1660134,2023-10-17,OKTA,Schwartz Larissa,,0001209191-23-052986,2023-10-13,S,3578,85.03,23811,D,,,,,,
1660134,2023-11-08,OKTA,Schwartz Larissa,,0001209191-23-054723,2023-11-06,S,2334,70.0,21477,D,,,,,,
1660134,2023-12-07,OKTA,Schwartz Larissa,,0001209191-23-057738,2023-12-05,S,1125,71.82,20352,D,,,,,,
1660134,2023-12-15,OKTA,Kerrest Jacques Frederic,,0001209191-23-058875,2023-12-13,C,8800,0.0,8800,I,,,,,,
1660134,2023-12-19,OKTA,Kerrest Jacques Frederic,,0001209191-23-059207,2023-12-18,S,754,83.3306,1905,D,,,,,,
1660134,2023-12-19,OKTA,Tighe Brett,,0001209191-23-059215,2023-12-18,S,139,83.3306,63565,D,,,,,,
1660134,2023-12-19,OKTA,Schwartz Larissa,,0001209191-23-059212,2023-12-18,S,90,83.3306,20440,D,,,,,,
1660134,2023-12-19,OKTA,McKinnon Todd,,0001209191-23-059209,2023-12-15,M,2642,0.0,44333,D,,,,,,
1660134,2023-12-19,OKTA,Ninan Shibu,,0001209191-23-059211,2023-12-18,S,864,83.3306,8525,D,,,,,,
1660134,2023-12-19,OKTA,Tighe Brett,,0001209191-23-059215,2023-12-15,M,302,0.0,63704,D,,,,,,
1660134,2023-12-19,OKTA,Ninan Shibu,,0001209191-23-059211,2023-12-15,M,2195,0.0,9389,D,,,,,,
1660134,2023-12-19,OKTA,Kerrest Jacques Frederic,,0001209191-23-059207,2023-12-15,M,2058,0.0,2659,D,,,,,,
1660134,2023-12-19,OKTA,McKinnon Todd,,0001209191-23-059209,2023-12-18,S,1327,83.3306,43006,D,,,,,,
1660134,2023-12-19,OKTA,Kerrest Jacques Frederic,,0001209191-23-059207,2023-12-19,G,8800,0.0,0,I,,,,,,
1660134,2023-12-19,OKTA,Schwartz Larissa,,0001209191-23-059212,2023-12-15,M,178,0.0,20530,D,,,,,,
1660134,2023-12-26,OKTA,McKinnon Todd,,0001209191-23-059685,2023-12-21,G,39084,0.0,9990,D,,,,,,
1660134,2024-01-18,OKTA,Schwartz Larissa,,0001660134-24-000002,2024-01-16,S,872,82.83,22125,D,,,,,,
1660134,2024-02-21,OKTA,Ninan Shibu,,0001660134-24-000009,2024-02-16,S,2500,90.23,6539,D,,,,,,
1660134,2024-03-13,OKTA,Ninan Shibu,,0001660134-24-000032,2024-03-11,A,1095,0.0,7634,D,,,,,,
1660134,2024-03-13,OKTA,McKinnon Todd,,0001660134-24-000033,2024-03-11,A,42020,0.0,52010,D,,,,,,
1660134,2024-03-13,OKTA,Tighe Brett,,0001660134-24-000036,2024-03-11,A,5049,0.0,75432,D,,,,,,
1660134,2024-03-13,OKTA,Schwartz Larissa,,0001660134-24-000035,2024-03-11,A,8758,0.0,30883,D,,,,,,
1660134,2024-03-18,OKTA,ARCHAMBEAU SHELLYE L,,0001660134-24-000038,2024-03-14,S,3633,106.6164,7409,D,,,,,,
1660134,2024-03-19,OKTA,Tighe Brett,,0001660134-24-000040,2024-03-15,F,6172,0.0,81667,D,,,,,,
1660134,2024-03-19,OKTA,Kerrest Jacques Frederic,,0001660134-24-000048,2024-03-15,M,2058,0.0,5747,D,,,,,,
1660134,2024-03-19,OKTA,Addison Jonathan James,,0001660134-24-000050,2024-03-15,F,584,0.0,18824,D,,,,,,
1660134,2024-03-19,OKTA,McKinnon Todd,,0001660134-24-000046,2024-03-15,F,21296,0.0,30714,D,,,,,,
1660134,2024-03-19,OKTA,Ninan Shibu,,0001660134-24-000044,2024-03-15,M,2196,0.0,9275,D,,,,,,
1660134,2024-03-19,OKTA,Kerrest Jacques Frederic,,0001660134-24-000048,2024-03-15,F,1047,0.0,4700,D,,,,,,
1660134,2024-03-19,OKTA,Addison Jonathan James,,0001660134-24-000050,2024-03-15,M,1069,0.0,19408,D,,,,,,
1660134,2024-03-19,OKTA,Tighe Brett,,0001660134-24-000040,2024-03-15,M,302,0.0,81969,D,,,,,,
1660134,2024-03-19,OKTA,Schwartz Larissa,,0001660134-24-000042,2024-03-15,F,4439,0.0,26444,D,,,,,,
1660134,2024-03-19,OKTA,Ninan Shibu,,0001660134-24-000044,2024-03-15,F,555,0.0,7079,D,,,,,,
1660134,2024-03-19,OKTA,Schwartz Larissa,,0001660134-24-000042,2024-03-15,M,177,0.0,26621,D,,,,,,
1660134,2024-03-19,OKTA,McKinnon Todd,,0001660134-24-000046,2024-03-15,M,2643,0.0,33357,D,,,,,,
1660134,2024-03-21,OKTA,Ninan Shibu,,0001660134-24-000051,2024-03-19,S,4279,104.14,4111,D,,,,,,
1660134,2024-05-29,OKTA,Epstein Jeff,,0001660134-24-000087,2024-05-25,M,478,0.0,4674,D,,,,,,
1660134,2024-06-12,OKTA,Kerrest Jacques Frederic,,0001660134-24-000090,2024-06-10,C,12707,0.0,18878,D,,,,,,
1660134,2024-06-12,OKTA,Kerrest Jacques Frederic,,0001660134-24-000090,2024-06-10,S,14010,86.9578,4868,D,,,,,,
1660134,2024-06-18,OKTA,McKinnon Todd,,0001660134-24-000094,2024-06-15,M,1684,0.0,41073,D,,,,,,
1660134,2024-06-18,OKTA,Addison Jonathan James,,0001660134-24-000092,2024-06-15,F,584,0.0,25456,D,,,,,,
1660134,2024-06-18,OKTA,Kerrest Jacques Frederic,,0001660134-24-000093,2024-06-15,F,798,0.0,1052,D,,,,,,
1660134,2024-06-18,OKTA,Kerrest Jacques Frederic,,0001660134-24-000093,2024-06-15,M,1850,0.0,1850,D,,,,,,
1660134,2024-06-18,OKTA,McKinnon Todd,,0001660134-24-000094,2024-06-15,F,854,0.0,40219,D,,,,,,
1660134,2024-06-18,OKTA,Addison Jonathan James,,0001660134-24-000092,2024-06-15,M,1069,0.0,26040,D,,,,,,
1660134,2024-06-18,OKTA,Tighe Brett,,0001660134-24-000097,2024-06-15,M,302,0.0,89641,D,,,,,,
1660134,2024-06-18,OKTA,Schwartz Larissa,,0001660134-24-000096,2024-06-15,F,91,0.0,29114,D,,,,,,
1660134,2024-06-18,OKTA,Schwartz Larissa,,0001660134-24-000096,2024-06-15,M,178,0.0,29205,D,,,,,,
1660134,2024-06-18,OKTA,Tighe Brett,,0001660134-24-000097,2024-06-15,F,135,0.0,89506,D,,,,,,
1660134,2024-06-18,OKTA,Ninan Shibu,,0001660134-24-000095,2024-06-15,F,1113,0.0,5194,D,,,,,,
1660134,2024-06-18,OKTA,Ninan Shibu,,0001660134-24-000095,2024-06-15,M,2196,0.0,6307,D,,,,,,
1660134,2024-06-21,OKTA,Epstein Jeff,,0001660134-24-000101,2024-06-19,M,2818,0.0,7492,D,,,,,,
1660134,2024-06-21,OKTA,Choi Emilie,,0001660134-24-000100,2024-06-19,M,2818,0.0,4030,D,,,,,,
1660134,2024-06-21,OKTA,Dixon Robert L JR,,0001660134-24-000105,2024-06-19,M,2818,0.0,8637,D,,,,,,
1660134,2024-06-21,OKTA,ARCHAMBEAU SHELLYE L,,0001660134-24-000099,2024-06-19,M,2818,0.0,8860,D,,,,,,
1660134,2024-06-21,OKTA,HOROWITZ BENJAMIN A,,0001660134-24-000102,2024-06-19,M,2818,0.0,2818,D,,,,,,
1660134,2024-06-21,OKTA,Saeger Rebecca,,0001660134-24-000104,2024-06-19,M,2818,0.0,13190,D,,,,,,
1660134,2024-06-21,OKTA,Stankey Michael A.,,0001660134-24-000103,2024-06-19,M,2818,0.0,24392,D,,,,,,
1660134,2024-06-24,OKTA,Kerrest Jacques Frederic,,0001660134-24-000108,2024-06-20,S,1252,86.8219,300,D,,,,,,
1660134,2024-07-02,OKTA,Kerrest Jacques Frederic,,0001660134-24-000114,2024-06-28,C,2100,0.0,2100,D,,,,,,
1660134,2024-07-02,OKTA,Kerrest Jacques Frederic,,0001660134-24-000114,2024-06-28,S,2100,95.1213,0,D,,,,,,
1660134,2024-07-05,OKTA,Kerrest Jacques Frederic,,0001660134-24-000115,2024-07-02,S,3280,95.6369,0,D,,,,,,
1660134,2024-07-05,OKTA,Kerrest Jacques Frederic,,0001660134-24-000115,2024-07-02,C,3280,0.0,3280,D,,,,,,
1660134,2024-07-09,OKTA,Kerrest Jacques Frederic,,0001660134-24-000117,2024-07-05,C,34620,0.0,34620,D,,,,,,
1660134,2024-07-09,OKTA,Kerrest Jacques Frederic,,0001660134-24-000117,2024-07-05,S,16783,95.836,17837,D,,,,,,
1660134,2024-07-18,OKTA,Schwartz Larissa,,0001660134-24-000119,2024-07-16,S,2792,99.4,29809,D,,,,,,
1660134,2024-07-18,OKTA,Kerrest Jacques Frederic,,0001660134-24-000118,2024-07-16,C,26618,0.0,26618,D,,,,,,
1660134,2024-07-18,OKTA,Kerrest Jacques Frederic,,0001660134-24-000118,2024-07-16,S,26618,100.2869,0,D,,,,,,
1660134,2024-07-23,OKTA,McKinnon Todd,,0001660134-24-000120,2024-07-22,C,44846,0.0,92729,D,,,,,,
1660134,2024-07-23,OKTA,McKinnon Todd,,0001660134-24-000120,2024-07-19,C,179687,0.0,227570,D,,,,,,
1660134,2024-07-23,OKTA,McKinnon Todd,,0001660134-24-000120,2024-07-22,S,64199,94.7308,28530,D,,,,,,
1660134,2024-07-23,OKTA,McKinnon Todd,,0001660134-24-000120,2024-07-19,S,130896,93.2623,96674,D,,,,,,
1660134,2024-08-15,OKTA,Schwartz Larissa,,0001660134-24-000121,2024-08-13,S,2795,92.02,27014,D,,,,,,
1660134,2024-08-21,OKTA,Choi Emilie,,0001660134-24-000122,2024-08-19,M,1213,0.0,5243,D,,,,,,
1660134,2024-09-17,OKTA,McKinnon Todd,,0001660134-24-000142,2024-09-15,M,1685,0.0,1685,D,,,,,,
1660134,2024-09-17,OKTA,Schwartz Larissa,,0001660134-24-000140,2024-09-15,M,104,0.0,27118,D,,,,,,
1660134,2024-09-17,OKTA,Addison Jonathan James,,0001660134-24-000144,2024-09-15,M,1069,0.0,20855,D,,,,,,
1660134,2024-09-17,OKTA,Tighe Brett,,0001660134-24-000139,2024-09-15,M,415,0.0,99445,D,,,,,,
1660134,2024-09-17,OKTA,Ninan Shibu,,0001660134-24-000141,2024-09-15,F,1113,0.0,6951,D,,,,,,
1660134,2024-09-17,OKTA,Schwartz Larissa,,0001660134-24-000140,2024-09-16,S,2790,74.01,27713,D,,,,,,
1660134,2024-09-17,OKTA,McKinnon Todd,,0001660134-24-000142,2024-09-15,F,854,0.0,831,D,,,,,,
1660134,2024-09-17,OKTA,Ninan Shibu,,0001660134-24-000141,2024-09-15,M,2196,0.0,8064,D,,,,,,
1660134,2024-09-17,OKTA,Kerrest Jacques Frederic,,0001660134-24-000143,2024-09-15,F,752,0.0,1097,D,,,,,,
1660134,2024-09-17,OKTA,Kerrest Jacques Frederic,,0001660134-24-000143,2024-09-15,M,1849,0.0,1849,D,,,,,,
1660134,2024-09-17,OKTA,Addison Jonathan James,,0001660134-24-000144,2024-09-15,F,584,0.0,20271,D,,,,,,
1660134,2024-09-17,OKTA,Schwartz Larissa,,0001660134-24-000140,2024-09-15,F,53,0.0,27065,D,,,,,,
1660134,2024-09-17,OKTA,Tighe Brett,,0001660134-24-000139,2024-09-15,F,181,0.0,99264,D,,,,,,
1660134,2024-09-24,OKTA,McKinnon Todd,,0001660134-24-000145,2024-09-23,C,24021,0.0,32516,D,,,,,,
1660134,2024-09-24,OKTA,McKinnon Todd,,0001660134-24-000145,2024-09-23,S,32516,76.222,0,D,,,,,,
1660134,2024-09-24,OKTA,McKinnon Todd,,0001660134-24-000145,2024-09-20,S,118614,74.9681,90393,D,,,,,,
1660134,2024-09-24,OKTA,McKinnon Todd,,0001660134-24-000145,2024-09-20,C,200512,0.0,209007,D,,,,,,
1660134,2024-10-16,OKTA,Addison Jonathan James,,0001660134-24-000148,2024-10-14,S,9250,77.5931,15201,D,,,,,,
1660134,2024-10-16,OKTA,Schwartz Larissa,,0001660134-24-000147,2024-10-14,S,2797,77.63,24916,D,,,,,,
1660134,2024-10-22,OKTA,McKinnon Todd,,0001660134-24-000149,2024-10-18,C,224533,0.0,224533,D,,,,,,
1660134,2024-10-22,OKTA,McKinnon Todd,,0001660134-24-000149,2024-10-18,S,222637,74.6203,1896,D,,,,,,
1660134,2024-11-06,OKTA,Schwartz Larissa,,0001660134-24-000150,2024-11-04,S,2791,71.5,22125,D,,,,,,
1660134,2024-12-04,OKTA,Kerrest Jacques Frederic,,0001660134-24-000169,2024-12-03,S,37268,80.4117,2263,D,,,,,,
1660134,2024-12-04,OKTA,Kerrest Jacques Frederic,,0001660134-24-000169,2024-12-03,C,37909,0.0,39531,D,,,,,,
1660134,2024-12-04,OKTA,Kerrest Jacques Frederic,,0001660134-24-000169,2024-12-02,S,117746,80.6218,15302,D,,,,,,
1660134,2024-12-04,OKTA,Kerrest Jacques Frederic,,0001660134-24-000169,2024-12-02,C,131426,0.0,133048,D,,,,,,
1660134,2024-12-17,OKTA,Kerrest Jacques Frederic,,0001660134-24-000172,2024-12-15,M,1850,0.0,3472,D,,,,,,
1660134,2024-12-17,OKTA,McKinnon Todd,,0001660134-24-000173,2024-12-15,F,854,0.0,831,D,,,,,,
1660134,2024-12-17,OKTA,Addison Jonathan James,,0001660134-24-000171,2024-12-15,F,627,0.0,15043,D,,,,,,
1660134,2024-12-17,OKTA,Addison Jonathan James,,0001660134-24-000171,2024-12-15,M,1069,0.0,15670,D,,,,,,
1660134,2024-12-17,OKTA,Kerrest Jacques Frederic,,0001660134-24-000172,2024-12-15,F,712,0.0,2760,D,,,,,,
1660134,2024-12-17,OKTA,McKinnon Todd,,0001660134-24-000173,2024-12-15,M,1685,0.0,1685,D,,,,,,
1660134,2024-12-17,OKTA,Ninan Shibu,,0001660134-24-000174,2024-12-15,M,2196,0.0,9659,D,,,,,,
1660134,2024-12-17,OKTA,Tighe Brett,,0001660134-24-000176,2024-12-15,F,180,0.0,108513,D,,,,,,
1660134,2024-12-17,OKTA,Tighe Brett,,0001660134-24-000176,2024-12-15,M,415,0.0,108693,D,,,,,,
1660134,2024-12-17,OKTA,Ninan Shibu,,0001660134-24-000174,2024-12-15,F,1113,0.0,8546,D,,,,,,
1660134,2024-12-17,OKTA,Schwartz Larissa,,0001660134-24-000175,2024-12-15,F,53,0.0,22176,D,,,,,,
1660134,2024-12-17,OKTA,Schwartz Larissa,,0001660134-24-000175,2024-12-15,M,104,0.0,22229,D,,,,,,
1660134,2024-12-26,OKTA,McKinnon Todd,,0001660134-24-000177,2024-12-20,S,37054,80.8562,195974,D,,,,,,
1660134,2024-12-26,OKTA,McKinnon Todd,,0001660134-24-000177,2024-12-20,C,224533,0.0,233028,D,,,,,,
1660134,2025-01-02,OKTA,Schwartz Larissa,,0001660134-25-000001,2024-12-30,S,2704,80.5,24462,D,,,,,,
1660134,2025-01-02,OKTA,Schwartz Larissa,,0001660134-25-000001,2024-12-30,C,1553,0.0,27166,D,,,,,,
1660134,2025-01-23,OKTA,Tighe Brett,,0001660134-25-000003,2025-01-21,S,3179,88.7407,114354,D,,,,,,
1660134,2025-01-23,OKTA,Kerrest Jacques Frederic,,0001660134-25-000002,2025-01-21,S,1936,88.5481,1370,D,,,,,,
1660134,2025-01-24,OKTA,Schwartz Larissa,,0001660134-25-000004,2025-01-22,C,1553,0.0,26015,D,,,,,,
1660134,2025-01-24,OKTA,Schwartz Larissa,,0001660134-25-000004,2025-01-22,S,2704,89.58,23311,D,,,,,,
1660134,2025-01-27,OKTA,Kerrest Jacques Frederic,,0001660134-25-000006,2025-01-23,S,325520,86.9914,64480,D,,,,,,
1660134,2025-01-27,OKTA,Tighe Brett,,0001660134-25-000005,2025-01-23,S,4000,87.1355,108533,D,,,,,,
1660134,2025-01-27,OKTA,Kerrest Jacques Frederic,,0001660134-25-000006,2025-01-23,C,390000,0.0,390000,D,,,,,,
1660134,2025-01-27,OKTA,Kerrest Jacques Frederic,,0001660134-25-000006,2025-01-24,C,65000,0.0,65000,D,,,,,,
1660134,2025-01-27,OKTA,Kerrest Jacques Frederic,,0001660134-25-000006,2025-01-24,S,65000,88.5,0,D,,,,,,
1660134,2025-01-30,OKTA,Kerrest Jacques Frederic,,0001660134-25-000008,2025-01-28,C,130000,0.0,130000,D,,,,,,
1660134,2025-01-30,OKTA,Kerrest Jacques Frederic,,0001660134-25-000008,2025-01-28,S,65000,91.5,65000,D,,,,,,
1660134,2025-01-30,OKTA,Tighe Brett,,0001660134-25-000007,2025-01-28,S,300,91.5567,107233,D,,,,,,
1660134,2025-02-03,OKTA,Tighe Brett,,0001660134-25-000011,2025-01-30,S,2010,94.136,100523,D,,,,,,
1660134,2025-02-07,OKTA,Kerrest Jacques Frederic,,0001660134-25-000019,2025-02-05,C,65000,0.0,65000,D,,,,,,
1660134,2025-02-07,OKTA,Kerrest Jacques Frederic,,0001660134-25-000019,2025-02-05,S,65000,97.5,0,D,,,,,,
1660134,2025-02-13,OKTA,Schwartz Larissa,,0001660134-25-000030,2025-02-11,C,1554,0.0,24865,D,,,,,,
1660134,2025-02-13,OKTA,Tighe Brett,,0001660134-25-000031,2025-02-11,A,12540,0.0,110073,D,,,,,,
1660134,2025-02-13,OKTA,Schwartz Larissa,,0001660134-25-000030,2025-02-11,S,2740,97.59,22125,D,,,,,,
1660134,2025-02-13,OKTA,Ninan Shibu,,0001660134-25-000029,2025-02-11,A,1095,0.0,10274,D,,,,,,
1660134,2025-02-13,OKTA,Schwartz Larissa,,0001660134-25-000030,2025-02-11,A,8758,0.0,30883,D,,,,,,
1660134,2025-02-13,OKTA,Addison Jonathan James,,0001660134-25-000027,2025-02-11,A,5810,0.0,24877,D,,,,,,
1660134,2025-02-13,OKTA,McKinnon Todd,,0001660134-25-000028,2025-02-11,A,42021,0.0,42021,D,,,,,,
1660134,2025-02-18,OKTA,Schwartz Larissa,,0001660134-25-000033,2025-02-13,C,9507,0.0,48136,D,,,,,,
1660134,2025-02-18,OKTA,Schwartz Larissa,,0001660134-25-000033,2025-02-13,S,9507,100.0001,38629,D,,,,,,
1660134,2025-02-18,OKTA,Kerrest Jacques Frederic,,0001660134-25-000032,2025-02-13,C,65000,0.0,65000,D,,,,,,
1660134,2025-02-18,OKTA,Kerrest Jacques Frederic,,0001660134-25-000032,2025-02-13,S,65000,100.5,0,D,,,,,,
1660134,2025-03-06,OKTA,Kerrest Jacques Frederic,,0001660134-25-000053,2025-03-04,C,130000,0.0,130000,D,,,,,,
1660134,2025-03-06,OKTA,Kerrest Jacques Frederic,,0001660134-25-000053,2025-03-04,S,65000,103.5,65000,D,,,,,,
1660134,2025-03-06,OKTA,Kerrest Jacques Frederic,,0001660134-25-000053,2025-03-05,C,143852,0.0,143852,D,,,,,,
1660134,2025-03-06,OKTA,Kerrest Jacques Frederic,,0001660134-25-000053,2025-03-05,S,65000,109.5,78852,D,,,,,,
1660134,2025-03-18,OKTA,Schwartz Larissa,,0001660134-25-000058,2025-03-15,M,169,0.0,30416,D,,,,,,
1660134,2025-03-18,OKTA,Tighe Brett,,0001660134-25-000057,2025-03-15,M,203,0.0,122134,D,,,,,,
1660134,2025-03-18,OKTA,Kerrest Jacques Frederic,,0001660134-25-000060,2025-03-15,F,678,0.0,1172,D,,,,,,
1660134,2025-03-18,OKTA,Addison Jonathan James,,0001660134-25-000055,2025-03-15,M,1069,0.0,22709,D,,,,,,
1660134,2025-03-18,OKTA,Kelleher Eric Robert,,0001660134-25-000054,2025-03-17,S,2531,113.3327,13192,D,,,,,,
1660134,2025-03-18,OKTA,McKinnon Todd,,0001660134-25-000059,2025-03-15,F,36681,0.0,35551,D,,,,,,
1660134,2025-03-18,OKTA,Addison Jonathan James,,0001660134-25-000055,2025-03-15,F,3237,0.0,21640,D,,,,,,
1660134,2025-03-18,OKTA,Schwartz Larissa,,0001660134-25-000058,2025-03-15,F,8382,0.0,30247,D,,,,,,
1660134,2025-03-18,OKTA,Kelleher Eric Robert,,0001660134-25-000054,2025-03-15,F,98,0.0,7528,D,,,,,,
1660134,2025-03-18,OKTA,Kerrest Jacques Frederic,,0001660134-25-000060,2025-03-15,M,1850,0.0,1850,D,,,,,,
1660134,2025-03-18,OKTA,Ninan Shibu,,0001660134-25-000056,2025-03-15,M,2196,0.0,12865,D,,,,,,
1660134,2025-03-18,OKTA,Tighe Brett,,0001660134-25-000057,2025-03-15,F,16042,0.0,121931,D,,,,,,
1660134,2025-03-18,OKTA,McKinnon Todd,,0001660134-25-000059,2025-03-15,M,1685,0.0,37236,D,,,,,,
1660134,2025-03-18,OKTA,Kelleher Eric Robert,,0001660134-25-000054,2025-03-15,M,180,0.0,7626,D,,,,,,
1660134,2025-03-18,OKTA,Ninan Shibu,,0001660134-25-000056,2025-03-15,F,1541,0.0,10669,D,,,,,,
1660134,2025-03-21,OKTA,Schwartz Larissa,,0001660134-25-000061,2025-03-19,S,3283,113.5739,30394,D,,,,,,
1660134,2025-03-24,OKTA,Kerrest Jacques Frederic,,0001660134-25-000062,2025-03-20,S,518,112.3539,1219,D,,,,,,
1660134,2025-03-24,OKTA,McKinnon Todd,,0001660134-25-000063,2025-03-20,S,57366,112.2644,212474,D,,,,,,
1660134,2025-03-24,OKTA,McKinnon Todd,,0001660134-25-000063,2025-03-20,C,224533,0.0,269840,D,,,,,,
1660134,2025-04-15,OKTA,Addison Jonathan James,,0001660134-25-000071,2025-04-11,S,7005,101.19,19067,D,,,,,,
1660134,2025-06-13,OKTA,Kerrest Jacques Frederic,,0001660134-25-000095,2025-06-13,G,130000,0.0,0,I,,,,,,
1660134,2025-06-13,OKTA,Kerrest Jacques Frederic,,0001660134-25-000095,2025-06-11,C,130000,0.0,130000,I,,,,,,
1660134,2025-06-17,OKTA,McKinnon Todd,,0001660134-25-000099,2025-06-15,F,5335,0.0,40721,D,,,,,,
1660134,2025-06-17,OKTA,Tighe Brett,,0001660134-25-000103,2025-06-15,M,4580,0.0,135524,D,,,,,,
1660134,2025-06-17,OKTA,Schwartz Larissa,,0001660134-25-000102,2025-06-15,F,161,0.0,22280,D,,,,,,
1660134,2025-06-17,OKTA,Ninan Shibu,,0001660134-25-000100,2025-06-15,F,1115,0.0,13295,D,,,,,,
1660134,2025-06-17,OKTA,Ninan Shibu,,0001660134-25-000100,2025-06-15,M,2195,0.0,14410,D,,,,,,
1660134,2025-06-17,OKTA,Tighe Brett,,0001660134-25-000103,2025-06-15,F,1836,0.0,133688,D,,,,,,
1660134,2025-06-17,OKTA,Schwartz Larissa,,0001660134-25-000102,2025-06-15,M,316,0.0,22441,D,,,,,,
1660134,2025-06-17,OKTA,Addison Jonathan James,,0001660134-25-000096,2025-06-15,M,1069,0.0,20136,D,,,,,,
1660134,2025-06-17,OKTA,Kelleher Eric Robert,,0001660134-25-000097,2025-06-15,M,385,0.0,10213,D,,,,,,
1660134,2025-06-17,OKTA,Kerrest Jacques Frederic,,0001660134-25-000098,2025-06-15,F,261,0.0,581,D,,,,,,
1660134,2025-06-17,OKTA,McKinnon Todd,,0001660134-25-000099,2025-06-15,M,10505,0.0,46056,D,,,,,,
1660134,2025-06-17,OKTA,Kelleher Eric Robert,,0001660134-25-000097,2025-06-15,F,196,0.0,10017,D,,,,,,
1660134,2025-06-17,OKTA,Addison Jonathan James,,0001660134-25-000096,2025-06-15,F,614,0.0,19522,D,,,,,,
1660134,2025-06-17,OKTA,Kerrest Jacques Frederic,,0001660134-25-000098,2025-06-15,M,842,0.0,842,D,,,,,,
1660134,2025-06-20,OKTA,Schwartz Larissa,,0001660134-25-000105,2025-06-20,S,2244,100.0,23640,D,,,,,,
1660134,2025-06-20,OKTA,Schwartz Larissa,,0001660134-25-000105,2025-06-17,S,1105,98.5,25884,D,,,,,,
1660134,2025-06-24,OKTA,Choi Emilie,,0001660134-25-000111,2025-06-20,M,2832,0.0,8075,D,,,,,,
1660134,2025-06-24,OKTA,Kerrest Jacques Frederic,,0001660134-25-000117,2025-06-20,M,2832,0.0,2832,D,,,,,,
1660134,2025-06-24,OKTA,Kerrest Jacques Frederic,,0001660134-25-000117,2025-06-20,S,163,99.7341,418,D,,,,,,
1660134,2025-06-24,OKTA,HOROWITZ BENJAMIN A,,0001660134-25-000114,2025-06-20,M,2832,0.0,5650,D,,,,,,
1660134,2025-06-24,OKTA,Bates Anthony John,,0001660134-25-000110,2025-06-21,M,2033,0.0,2033,D,,,,,,
1660134,2025-06-24,OKTA,Stankey Michael A.,,0001660134-25-000116,2025-06-20,M,2832,0.0,27224,D,,,,,,
1660134,2025-06-24,OKTA,Epstein Jeff,,0001660134-25-000113,2025-06-20,M,2832,0.0,10324,D,,,,,,
1660134,2025-06-24,OKTA,Dixon Robert L JR,,0001660134-25-000112,2025-06-20,M,2832,0.0,11469,D,,,,,,
1660134,2025-06-24,OKTA,ARCHAMBEAU SHELLYE L,,0001660134-25-000109,2025-06-20,M,2832,0.0,11692,D,,,,,,
1660134,2025-06-24,OKTA,Saeger Rebecca,,0001660134-25-000115,2025-06-20,M,2832,0.0,16022,D,,,,,,
1660134,2025-07-16,OKTA,Addison Jonathan James,,0001660134-25-000121,2025-07-15,S,2500,91.6961,16567,D,,,,,,
1660134,2025-07-16,OKTA,Addison Jonathan James,,0001660134-25-000121,2025-07-14,S,2863,91.7831,22231,D,,,,,,
1660134,2025-07-17,OKTA,Kelleher Eric Robert,,0001660134-25-000124,2025-07-15,S,12546,91.6646,10516,D,,,,,,
1660134,2025-07-17,OKTA,Kelleher Eric Robert,,0001660134-25-000124,2025-07-15,C,2410,0.0,23062,D,,,,,,
1660134,2025-07-21,OKTA,Tighe Brett,,0001660134-25-000126,2025-07-18,S,10000,95.0,132288,D,,,,,,
1660134,2025-07-23,OKTA,McKinnon Todd,,0001660134-25-000128,2025-07-21,S,11482,94.9793,40792,D,,,,,,
1660134,2025-07-23,OKTA,McKinnon Todd,,0001660134-25-000128,2025-07-21,M,5438,39.21,52274,D,,,,,,
1660134,2025-07-29,OKTA,Addison Jonathan James,,0001660134-25-000130,2025-07-25,S,9000,100.0,7067,D,,,,,,
1660134,2025-07-30,OKTA,Schwartz Larissa,,0001660134-25-000132,2025-07-28,C,14000,0.0,37640,D,,,,,,
1660134,2025-08-21,OKTA,Choi Emilie,,0001851658-25-000006,2025-08-19,M,1213,0.0,9288,D,,,,,,
1660134,2025-09-17,OKTA,Schwartz Larissa,,0001968125-25-000007,2025-09-15,M,316,0.0,37956,D,,,,,,
1660134,2025-09-17,OKTA,McKinnon Todd,,0001700626-25-000004,2025-09-15,F,5335,0.0,25852,D,,,,,,
1660134,2025-09-17,OKTA,Addison Jonathan James,,0002010033-25-000003,2025-09-15,F,609,0.0,7527,D,,,,,,
1660134,2025-09-17,OKTA,McKinnon Todd,,0001700626-25-000004,2025-09-15,M,10505,0.0,31187,D,,,,,,
1660134,2025-09-17,OKTA,Ninan Shibu,,0001940985-25-000004,2025-09-15,M,2196,0.0,16593,D,,,,,,
1660134,2025-09-17,OKTA,Schwartz Larissa,,0001968125-25-000007,2025-09-15,F,161,0.0,37795,D,,,,,,
1660134,2025-09-17,OKTA,Tighe Brett,,0001865084-25-000003,2025-09-15,M,4580,0.0,136868,D,,,,,,
1660134,2025-09-17,OKTA,Kelleher Eric Robert,,0002053652-25-000004,2025-09-15,M,385,0.0,7429,D,,,,,,
1660134,2025-09-17,OKTA,Addison Jonathan James,,0002010033-25-000003,2025-09-15,M,1069,0.0,8136,D,,,,,,
1660134,2025-09-17,OKTA,Tighe Brett,,0001865084-25-000003,2025-09-15,F,1834,0.0,135034,D,,,,,,
1660134,2025-09-17,OKTA,Kelleher Eric Robert,,0002053652-25-000004,2025-09-15,F,196,0.0,7233,D,,,,,,
1660134,2025-09-17,OKTA,Ninan Shibu,,0001940985-25-000004,2025-09-15,F,1116,0.0,15477,D,,,,,,
1660134,2025-09-17,OKTA,Kerrest Jacques Frederic,,0001700842-25-000005,2025-09-15,F,246,0.0,3429,D,,,,,,
1660134,2025-09-17,OKTA,Kerrest Jacques Frederic,,0001700842-25-000005,2025-09-15,M,843,0.0,3675,D,,,,,,
1660134,2025-09-19,OKTA,Schwartz Larissa,,0001968125-25-000009,2025-09-17,S,1400,89.8257,41103,D,,,,,,
1660134,2025-09-22,OKTA,Kelleher Eric Robert,,0002053652-25-000005,2025-09-18,S,600,91.2017,17096,D,,,,,,
1660134,2025-09-22,OKTA,Addison Jonathan James,,0002010033-25-000005,2025-09-18,S,400,91.14,12758,D,,,,,,
1660134,2025-09-24,OKTA,McKinnon Todd,,0001700626-25-000005,2025-09-22,S,18953,91.8091,13015,D,,,,,,
1660134,2025-09-25,OKTA,Kerrest Jacques Frederic,,0001700842-25-000006,2025-09-25,G,73000,0.0,0,I,,,,,,
1660134,2025-09-25,OKTA,Kerrest Jacques Frederic,,0001700842-25-000006,2025-09-23,C,73000,0.0,73000,I,,,,,,
1660134,2025-10-03,OKTA,Kelleher Eric Robert,,0002053652-25-000006,2025-10-01,C,2410,0.0,11584,D,,,,,,
1660134,2025-10-03,OKTA,Kelleher Eric Robert,,0002053652-25-000006,2025-10-01,S,1610,91.4495,9974,D,,,,,,
1660134,2025-10-06,OKTA,Tighe Brett,,0001865084-25-000004,2025-10-02,S,10000,95.0,133336,D,,,,,,
1660134,2025-10-10,OKTA,Schwartz Larissa,,0001968125-25-000010,2025-10-08,S,1318,91.65,37837,D,,,,,,
1660134,2025-11-13,OKTA,Schwartz Larissa,,0001968125-25-000012,2025-11-11,S,1318,85.26,36519,D,,,,,,
1660134,2025-12-09,OKTA,Schwartz Larissa,,0001968125-25-000013,2025-12-05,S,1318,85.71,35201,D,,,,,,
1660134,2025-12-10,OKTA,Kerrest Jacques Frederic,,0001700842-25-000007,2025-12-08,C,83500,0.0,83500,I,,,,,,
1660134,2025-12-10,OKTA,Kerrest Jacques Frederic,,0001700842-25-000007,2025-12-10,G,83000,0.0,500,I,,,,,,
1660134,2025-12-17,OKTA,Kerrest Jacques Frederic,,0001700842-25-000008,2025-12-15,F,233,0.0,4038,D,,,,,,
1660134,2025-12-17,OKTA,Kelleher Eric Robert,,0002053652-25-000007,2025-12-15,M,1187,0.0,10361,D,,,,,,
1660134,2025-12-17,OKTA,Addison Jonathan James,,0002010033-25-000006,2025-12-15,F,605,0.0,7531,D,,,,,,
1660134,2025-12-17,OKTA,McKinnon Todd,,0001700626-25-000006,2025-12-15,F,5335,0.0,5170,D,,,,,,
1660134,2025-12-17,OKTA,Kerrest Jacques Frederic,,0001700842-25-000008,2025-12-15,M,842,0.0,4271,D,,,,,,
1660134,2025-12-17,OKTA,Addison Jonathan James,,0002010033-25-000006,2025-12-15,M,1069,0.0,8136,D,,,,,,
1660134,2025-12-17,OKTA,Kelleher Eric Robert,,0002053652-25-000007,2025-12-15,F,603,0.0,9758,D,,,,,,
1660134,2025-12-17,OKTA,Ninan Shibu,,0001940985-25-000005,2025-12-15,M,2196,0.0,18595,D,,,,,,
1660134,2025-12-17,OKTA,Tighe Brett,,0001865084-25-000005,2025-12-15,M,4580,0.0,137916,D,,,,,,
1660134,2025-12-17,OKTA,McKinnon Todd,,0001700626-25-000006,2025-12-15,M,10505,0.0,10505,D,,,,,,
1660134,2025-12-17,OKTA,Schwartz Larissa,,0001968125-25-000014,2025-12-15,F,161,0.0,35356,D,,,,,,
1660134,2025-12-17,OKTA,Schwartz Larissa,,0001968125-25-000014,2025-12-15,M,316,0.0,35517,D,,,,,,
1660134,2025-12-17,OKTA,Tighe Brett,,0001865084-25-000005,2025-12-15,F,1832,0.0,136084,D,,,,,,
1660134,2025-12-17,OKTA,Ninan Shibu,,0001940985-25-000005,2025-12-15,F,1116,0.0,17479,D,,,,,,
1660134,2025-12-22,OKTA,Kelleher Eric Robert,,0002053652-25-000008,2025-12-18,S,5711,90.0061,13925,D,,,,,,
1660134,2025-12-22,OKTA,Kelleher Eric Robert,,0002053652-25-000008,2025-12-22,S,127,91.4,11266,D,,,,,,
1660134,2025-12-23,OKTA,McKinnon Todd,,0001700626-25-000007,2025-12-22,S,3445,90.2764,7841,D,,,,,,
1660134,2026-01-06,OKTA,Kelleher Eric Robert,,0002053652-26-000001,2026-01-02,C,2409,0.0,13675,D,,,,,,
1660134,2026-01-06,OKTA,Kelleher Eric Robert,,0002053652-26-000001,2026-01-02,S,1709,83.9819,11966,D,,,,,,
1660134,2026-01-09,OKTA,Schwartz Larissa,,0001968125-26-000001,2026-01-07,S,1899,90.74,38164,D,,,,,,
1660134,2026-01-15,OKTA,Ninan Shibu,,0001940985-26-000001,2026-01-13,S,1052,95.0,17468,D,,,,,,
1660134,2026-01-15,OKTA,Tighe Brett,,0001865084-26-000001,2026-01-13,S,10000,95.0691,134385,D,,,,,,
1660134,2026-02-10,OKTA,Schwartz Larissa,,0001968125-26-000002,2026-02-06,S,1836,83.47,36328,D,,,,,,
1660134,2026-02-27,OKTA,Tighe Brett,,0001865084-26-000002,2026-02-25,A,35226,0.0,169611,D,,,,,,
1660134,2026-02-27,OKTA,Schwartz Larissa,,0001968125-26-000003,2026-02-25,A,24864,0.0,61192,D,,,,,,
1660134,2026-02-27,OKTA,Ninan Shibu,,0001940985-26-000002,2026-02-25,A,3109,0.0,20577,D,,,,,,
1660134,2026-02-27,OKTA,McKinnon Todd,,0001700626-26-000001,2026-02-25,A,119298,0.0,119298,D,,,,,,
1660134,2026-02-27,OKTA,Kelleher Eric Robert,,0002053652-26-000002,2026-02-25,A,21119,0.0,32385,D,,,,,,
1660134,2026-02-27,OKTA,Addison Jonathan James,,0002010033-26-000001,2026-02-25,A,5810,0.0,19015,D,,,,,,
1660134,2026-03-12,OKTA,Schwartz Larissa,,0001968125-26-000004,2026-03-10,S,1836,79.8935,79422,D,,,,,,
1660134,2026-03-17,OKTA,Addison Jonathan James,,0002010033-26-000002,2026-03-15,M,849,0.0,22818,D,,,,,,
1660134,2026-03-17,OKTA,Kerrest Jacques Frederic,,0001700842-26-000001,2026-03-15,M,843,0.0,4881,D,,,,,,
1660134,2026-03-17,OKTA,Kerrest Jacques Frederic,,0001700842-26-000001,2026-03-15,F,245,0.0,4636,D,,,,,,
1660134,2026-03-17,OKTA,Kelleher Eric Robert,,0002053652-26-000003,2026-03-15,M,1188,0.0,23034,D,,,,,,
1660134,2026-03-17,OKTA,Kelleher Eric Robert,,0002053652-26-000003,2026-03-15,F,10539,0.0,21846,D,,,,,,
1660134,2026-03-17,OKTA,Addison Jonathan James,,0002010033-26-000002,2026-03-15,F,9365,0.0,21969,D,,,,,,
1660134,2026-03-17,OKTA,McKinnon Todd,,0001700626-26-000002,2026-03-15,M,10506,0.0,107589,D,,,,,,
1660134,2026-03-17,OKTA,Schwartz Larissa,,0001968125-26-000005,2026-03-15,F,22919,0.0,56503,D,,,,,,
1660134,2026-03-17,OKTA,Tighe Brett,,0001865084-26-000003,2026-03-15,M,4581,0.0,178264,D,,,,,,
1660134,2026-03-17,OKTA,Schwartz Larissa,,0001968125-26-000005,2026-03-15,M,109,0.0,56612,D,,,,,,
1660134,2026-03-17,OKTA,Tighe Brett,,0001865084-26-000003,2026-03-15,F,25500,0.0,173683,D,,,,,,
1660134,2026-03-17,OKTA,Ninan Shibu,,0001940985-26-000003,2026-03-15,M,2196,0.0,23715,D,,,,,,
1660134,2026-03-17,OKTA,McKinnon Todd,,0001700626-26-000002,2026-03-15,F,96777,0.0,97083,D,,,,,,
1660134,2026-03-17,OKTA,Ninan Shibu,,0001940985-26-000003,2026-03-15,F,4339,0.0,21519,D,,,,,,
1660134,2026-03-23,OKTA,Kelleher Eric Robert,,0002053652-26-000004,2026-03-19,S,16818,80.0,15470,D,,,,,,
1660134,2026-03-25,OKTA,McKinnon Todd,,0001700626-26-000004,2026-03-23,S,400,78.7899,107946,D,,,,,,
1660134,2026-03-27,OKTA,Addison Jonathan James,,0002010033-26-000004,2026-03-25,S,6782,77.1011,20886,D,,,,,,
1660134,2026-04-03,OKTA,Kelleher Eric Robert,,0002053652-26-000005,2026-04-01,C,2409,0.0,17879,D,,,,,,
1660134,2026-04-03,OKTA,Kelleher Eric Robert,,0002053652-26-000005,2026-04-01,S,2409,80.0,15470,D,,,,,,
1660134,2026-04-09,OKTA,Schwartz Larissa,,0001968125-26-000007,2026-04-07,S,1999,79.1492,59203,D,,,,,,
1660134,2026-04-20,OKTA,Schellhase David,,0001294735-26-000001,2026-04-16,P,2612,71.8594,2612,D,non_derivative,Class A Common Stock,,,,
1660134,2026-04-20,OKTA,Schellhase David,,0001294735-26-000001,2026-04-16,P,2612,71.8594,2612,D,,,,,,
1660134,2026-05-08,OKTA,Schwartz Larissa,,0001968125-26-000008,2026-05-06,S,2993,76.7263,51832,D,,,,,,
1660134,2026-05-08,OKTA,Schwartz Larissa,,0001968125-26-000008,2026-05-06,S,2993,76.7263,51832,D,non_derivative,Class A Common Stock,,,,
1660134,2026-05-08,OKTA,Schwartz Larissa,,0001968125-26-000008,2026-05-07,S,1054,80.0,48448,D,non_derivative,Class A Common Stock,,,,
1660134,2026-05-08,OKTA,Schwartz Larissa,,0001968125-26-000008,2026-05-07,S,1054,80.0,48448,D,,,,,,
1660134,2026-05-20,OKTA,ARCHAMBEAU SHELLYE L,,0001191713-26-000004,2026-05-18,S,2500,85.0,9192,I,,,,,,
1660134,2026-05-20,OKTA,ARCHAMBEAU SHELLYE L,,0001191713-26-000004,2026-05-18,S,2500,85.0,9192,I,non_derivative,Class A Common Stock,,,,
1660134,2026-06-04,OKTA,Schwartz Larissa,,0001968125-26-000009,2026-06-02,S,1400,129.904,47048,D,non_derivative,Class A Common Stock,,,,
1660134,2026-06-10,OKTA,Tighe Brett,,0001865084-26-000005,2026-06-08,S,28548,116.6656,156132,D,non_derivative,Class A Common Stock,,,,
1660134,2026-06-17,OKTA,Schwartz Larissa,,0001968125-26-000010,2026-06-15,M,1937,0.0,25414,D,non_derivative,Class A Common Stock,,,,
1660134,2026-06-17,OKTA,Ninan Shibu,,0001940985-26-000005,2026-06-15,F,1118,0.0,24595,D,non_derivative,Class A Common Stock,,,,
1660134,2026-06-17,OKTA,Tighe Brett,,0001865084-26-000006,2026-06-15,M,3874,0.0,123554,D,non_derivative,Class A Common Stock,,,,
1660134,2026-06-17,OKTA,Tighe Brett,,0001865084-26-000006,2026-06-15,F,1525,0.0,122029,D,non_derivative,Class A Common Stock,,,,
1660134,2026-06-17,OKTA,McKinnon Todd,,0001700626-26-000005,2026-06-15,M,5035,0.0,102118,D,non_derivative,Class A Common Stock,,,,
1660134,2026-06-17,OKTA,Kerrest Jacques Frederic,,0001700842-26-000002,2026-06-17,M,2487,0.0,7123,D,non_derivative,Class A Common Stock,,,,
1660134,2026-06-17,OKTA,Ninan Shibu,,0001940985-26-000005,2026-06-16,G,2492,0.0,23304,D,non_derivative,Class A Common Stock,,,,
1660134,2026-06-17,OKTA,Addison Jonathan James,,0002010033-26-000005,2026-06-15,M,3591,0.0,7182,D,derivative,Restricted Stock Units,Class A Common Stock,3591.0,,
1660134,2026-06-17,OKTA,Ninan Shibu,,0001940985-26-000005,2026-06-15,M,2196,0.0,25713,D,non_derivative,Class A Common Stock,,,,
1660134,2026-06-17,OKTA,McKinnon Todd,,0001700626-26-000005,2026-06-15,M,5035,0.0,15106,D,derivative,Restricted Stock Units,Class A Common Stock,5035.0,,
1660134,2026-06-17,OKTA,Schwartz Larissa,,0001968125-26-000010,2026-06-15,M,1937,0.0,5810,D,derivative,Restricted Stock Units,Class A Common Stock,1937.0,,
1660134,2026-06-17,OKTA,Addison Jonathan James,,0002010033-26-000005,2026-06-15,M,3591,0.0,7955,D,non_derivative,Class A Common Stock,,,,
1660134,2026-06-17,OKTA,Schwartz Larissa,,0001968125-26-000010,2026-06-15,F,986,0.0,24428,D,non_derivative,Class A Common Stock,,,,
1660134,2026-06-17,OKTA,Kerrest Jacques Frederic,,0001700842-26-000002,2026-06-15,C,6300,0.0,837187,I,derivative,Class B Common Stock,Class A Common Stock,6300.0,,
1660134,2026-06-17,OKTA,Kerrest Jacques Frederic,,0001700842-26-000002,2026-06-15,C,6300,0.0,6800,I,non_derivative,Class A Common Stock,,,,
1660134,2026-06-17,OKTA,Ninan Shibu,,0001940985-26-000005,2026-06-15,M,2196,0.0,2196,D,derivative,Restricted Stock Units,Class A Common Stock,2196.0,,
1660134,2026-06-17,OKTA,Kelleher Eric Robert,,0002053652-26-000006,2026-06-15,F,2464,0.0,17848,D,non_derivative,Class A Common Stock,,,,
1660134,2026-06-17,OKTA,Addison Jonathan James,,0002010033-26-000005,2026-06-15,F,1929,0.0,6026,D,non_derivative,Class A Common Stock,,,,
1660134,2026-06-17,OKTA,Kerrest Jacques Frederic,,0001700842-26-000002,2026-06-17,M,2487,0.0,0,D,derivative,Restricted Stock Units,Class A Common Stock,2487.0,,
1660134,2026-06-17,OKTA,Tighe Brett,,0001865084-26-000006,2026-06-15,M,3874,0.0,11620,D,derivative,Restricted Stock Units,Class A Common Stock,3874.0,,
1660134,2026-06-17,OKTA,McKinnon Todd,,0001700626-26-000005,2026-06-15,F,2562,0.0,99556,D,non_derivative,Class A Common Stock,,,,
1660134,2026-06-17,OKTA,Kelleher Eric Robert,,0002053652-26-000006,2026-06-15,M,4842,0.0,20312,D,non_derivative,Class A Common Stock,,,,
1660134,2026-06-17,OKTA,Kelleher Eric Robert,,0002053652-26-000006,2026-06-15,M,4842,0.0,14525,D,derivative,Restricted Stock Units,Class A Common Stock,4842.0,,
1660134,2026-06-22,OKTA,Bates Anthony John,,0001580378-26-000001,2026-06-21,M,2033,0.0,6553,D,non_derivative,Class A Common Stock,,,,
1660134,2026-06-22,OKTA,Dixon Robert L JR,,0001524849-26-000005,2026-06-17,M,2487,0.0,0,D,derivative,Restricted Stock Units,Class A Common Stock,2487.0,,
1660134,2026-06-22,OKTA,Kerrest Jacques Frederic,,0001700842-26-000003,2026-06-18,A,2080,0.0,2080,D,derivative,Restricted Stock Units,Class A Common Stock,2080.0,,
1660134,2026-06-22,OKTA,Choi Emilie,,0001851658-26-000004,2026-06-18,A,2080,0.0,2080,D,derivative,Restricted Stock Units,Class A Common Stock,2080.0,,
1660134,2026-06-22,OKTA,Bates Anthony John,,0001580378-26-000001,2026-06-21,M,2033,0.0,2033,D,derivative,Restricted Stock Units,Class A Common Stock,2033.0,,
1660134,2026-06-22,OKTA,Choi Emilie,,0001851658-26-000004,2026-06-17,M,2487,0.0,0,D,derivative,Restricted Stock Units,Class A Common Stock,2487.0,,
1660134,2026-06-22,OKTA,BERNSHTEYN ROBERT,,0001628280-26-044757,2026-06-18,A,2080,0.0,2080,D,derivative,Restricted Stock Units,Class A Common Stock,2080.0,,
1660134,2026-06-22,OKTA,Bates Anthony John,,0001580378-26-000001,2026-06-18,A,2080,0.0,2080,D,derivative,Restricted Stock Units,Class A Common Stock,2080.0,,
1660134,2026-06-22,OKTA,Bates Anthony John,,0001580378-26-000001,2026-06-17,M,2487,0.0,4520,D,non_derivative,Class A Common Stock,,,,
1660134,2026-06-22,OKTA,ARCHAMBEAU SHELLYE L,,0001191713-26-000006,2026-06-17,A,2487,0.0,2487,D,non_derivative,Class A Common Stock,,,,
1660134,2026-06-22,OKTA,Kerrest Jacques Frederic,,0001700842-26-000003,2026-06-18,G,6800,0.0,0,I,non_derivative,Class A Common Stock,,,,
1660134,2026-06-22,OKTA,Epstein Jeff,,0001228718-26-000005,2026-06-17,M,2487,0.0,12811,D,non_derivative,Class A Common Stock,,,,
1660134,2026-06-22,OKTA,Schellhase David,,0001294735-26-000003,2026-06-18,A,2080,0.0,2080,D,derivative,Restricted Stock Units,Class A Common Stock,2080.0,,
1660134,2026-06-22,OKTA,SAGAN PAUL,,0001628280-26-044758,2026-06-18,A,2080,0.0,2080,D,derivative,Restricted Stock Units,Class A Common Stock,2080.0,,
1660134,2026-06-22,OKTA,ARCHAMBEAU SHELLYE L,,0001191713-26-000006,2026-06-17,M,2487,0.0,0,D,derivative,Restricted Stock Units,Class A Common Stock,2487.0,,
1660134,2026-06-22,OKTA,Dixon Robert L JR,,0001524849-26-000005,2026-06-17,M,2487,0.0,13956,D,non_derivative,Class A Common Stock,,,,
1660134,2026-06-22,OKTA,Choi Emilie,,0001851658-26-000004,2026-06-17,M,2487,0.0,11775,D,non_derivative,Class A Common Stock,,,,
1660134,2026-06-22,OKTA,Epstein Jeff,,0001228718-26-000005,2026-06-17,M,2487,0.0,0,D,derivative,Restricted Stock Units,Class A Common Stock,2487.0,,
1660134,2026-06-22,OKTA,Bates Anthony John,,0001580378-26-000001,2026-06-17,M,2487,0.0,0,D,derivative,Restricted Stock Units,Class A Common Stock,2487.0,,
1660134,2026-06-23,OKTA,Kelleher Eric Robert,,0002053652-26-000007,2026-06-18,S,200,107.975,23395,D,non_derivative,Class A Common Stock,,,,
1660134,2026-06-24,OKTA,Schwartz Larissa,,0001968125-26-000011,2026-06-22,S,2463,120.0,25241,D,non_derivative,Class A Common Stock,,,,
1660134,2026-07-10,OKTA,McKinnon Todd,,0001700626-26-000006,2026-07-08,S,12695,145.629,94725,D,non_derivative,Class A Common Stock,,,,
0001660134,2026-08-17,OKTA,Schellhase David,,0001294735-26-000004,2026-08-13,M,1942,0,5654,D,non_derivative,Class A Common Stock,,,,
0001660134,2026-08-17,OKTA,Schellhase David,,0001294735-26-000004,2026-08-13,M,1942,0,3884,D,derivative,Restricted Stock Units,Class A Common Stock,1942,,
