cik,filingDate,issuerTradingSymbol,reportingOwnerName,reportingOwnerRelationship,accessionNumber,transactionDate,transactionCode,transactionShares,transactionPricePerShare,sharesOwnedFollowingTransaction,directOrIndirectOwnership,transactionType,securityTitle,underlyingSecurityTitle,underlyingSecurityShares,exercisePrice,expirationDate
1321655,2020-10-02,PLTR,Taylor Ryan D.,,0001209191-20-053426,2020-09-30,A,2611664,0.0,2611664,D,,,,,,
1321655,2020-10-02,PLTR,Schiff Alexandra W.,,0001209191-20-053407,2020-09-30,A,148305,0.0,148305,D,,,,,,
1321655,2020-10-02,PLTR,Cohen Stephen Andrew,,0001209191-20-053421,2020-09-30,S,1000000,10.0,2402647,D,,,,,,
1321655,2020-10-02,PLTR,Cohen Stephen Andrew,,0001209191-20-053421,2020-10-01,C,1000000,0.0,3402647,D,,,,,,
1321655,2020-10-02,PLTR,Moore Alexander D.,,0001209191-20-053409,2020-09-30,A,148305,0.0,2714249,D,,,,,,
1321655,2020-10-02,PLTR,Karp Alexander C.,,0001209191-20-053419,2020-09-30,S,1600000,9.7239,18926496,D,,,,,,
1321655,2020-10-02,PLTR,Karp Alexander C.,,0001209191-20-053419,2020-10-01,S,7900000,9.4322,9026496,D,,,,,,
1321655,2020-10-02,PLTR,Rascoff Spencer M,,0001209191-20-053412,2020-09-30,A,148305,0.0,148305,D,,,,,,
1321655,2020-10-02,PLTR,Cohen Stephen Andrew,,0001209191-20-053421,2020-10-01,S,1000000,9.4221,2402647,D,,,,,,
1321655,2020-10-02,PLTR,Moore Alexander D.,,0001209191-20-053409,2020-09-30,S,50000,10.2735,2664249,D,,,,,,
1321655,2020-10-02,PLTR,Moore Alexander D.,,0001209191-20-053409,2020-10-01,S,235000,9.3857,2429249,D,,,,,,
1321655,2020-10-02,PLTR,Glazer David A.,,0001209191-20-053422,2020-10-01,S,253700,9.5779,3940152,D,,,,,,
1321655,2020-10-02,PLTR,Cohen Stephen Andrew,,0001209191-20-053421,2020-09-30,C,1000000,0.0,3402647,D,,,,,,
1321655,2020-10-02,PLTR,Glazer David A.,,0001209191-20-053422,2020-09-30,A,5555773,0.0,5555773,D,,,,,,
1321655,2020-10-02,PLTR,Taylor Ryan D.,,0001209191-20-053426,2020-09-30,S,433979,9.7566,2177685,D,,,,,,
1321655,2020-10-02,PLTR,Long Matthew A.,,0001209191-20-053424,2020-10-01,S,140000,9.9,874006,D,,,,,,
1321655,2020-10-02,PLTR,Long Matthew A.,,0001209191-20-053424,2020-10-01,C,200,0.0,874206,D,,,,,,
1321655,2020-10-02,PLTR,Glazer David A.,,0001209191-20-053422,2020-09-30,S,864733,9.7566,4691040,D,,,,,,
1321655,2020-10-02,PLTR,Long Matthew A.,,0001209191-20-053424,2020-09-30,A,1313410,0.0,1313410,D,,,,,,
1321655,2020-10-02,PLTR,Taylor Ryan D.,,0001209191-20-053426,2020-10-01,S,73588,9.9152,1898164,D,,,,,,
1321655,2020-10-02,PLTR,Sankar Shyam,,0001209191-20-053425,2020-09-30,A,4210115,0.0,5666667,D,,,,,,
1321655,2020-10-02,PLTR,Long Matthew A.,,0001209191-20-053424,2020-09-30,S,278993,9.7566,1034417,D,,,,,,
1321655,2020-10-02,PLTR,Taylor Ryan D.,,0001209191-20-053426,2020-10-01,C,43588,0.0,1971752,D,,,,,,
1321655,2020-10-02,PLTR,Taylor Ryan D.,,0001209191-20-053426,2020-09-30,C,14500,0.0,1942644,D,,,,,,
1321655,2020-10-02,PLTR,Sankar Shyam,,0001209191-20-053425,2020-09-30,S,892540,9.7566,4774127,D,,,,,,
1321655,2020-10-05,PLTR,THIEL PETER,,0001209191-20-053428,2020-10-01,S,418672,9.7547,268840,I,,,,,,
1321655,2020-10-05,PLTR,THIEL PETER,,0001209191-20-053427,2020-10-02,S,908,9.14,24,I,,,,,,
1321655,2020-10-05,PLTR,THIEL PETER,,0001209191-20-053427,2020-09-30,J,276772,0.0,1157,I,,,,,,
1321655,2020-10-05,PLTR,THIEL PETER,,0001209191-20-053427,2020-09-30,S,18367343,10.131,5661683,I,,,,,,
1321655,2020-10-05,PLTR,Cohen Stephen Andrew,,0001209191-20-053908,2020-10-02,S,2000000,9.0861,2402647,D,,,,,,
1321655,2020-10-05,PLTR,THIEL PETER,,0001209191-20-053428,2020-10-02,C,96116105,0.0,97851188,I,,,,,,
1321655,2020-10-05,PLTR,Glazer David A.,,0001209191-20-053909,2020-10-02,S,186000,9.1602,3754152,D,,,,,,
1321655,2020-10-05,PLTR,Karp Alexander C.,,0001209191-20-053910,2020-10-02,S,2600000,9.0997,6426496,D,,,,,,
1321655,2020-10-05,PLTR,Moore Alexander D.,,0001209191-20-053911,2020-10-02,S,88000,9.1512,2341249,D,,,,,,
1321655,2020-10-05,PLTR,Taylor Ryan D.,,0001209191-20-053912,2020-10-02,S,33177,9.1627,1898164,D,,,,,,
1321655,2020-10-05,PLTR,Taylor Ryan D.,,0001209191-20-053912,2020-10-02,C,33177,0.0,1931341,D,,,,,,
1321655,2020-10-05,PLTR,Cohen Stephen Andrew,,0001209191-20-053908,2020-10-02,C,2000000,0.0,4402647,D,,,,,,
1321655,2020-11-18,PLTR,Glazer David A.,,0001209191-20-059306,2020-11-17,S,180000,18.0068,3298367,D,,,,,,
1321655,2020-11-18,PLTR,Taylor Ryan D.,,0001209191-20-059305,2020-11-16,C,132931,0.0,2031095,D,,,,,,
1321655,2020-11-18,PLTR,Sankar Shyam,,0001209191-20-059303,2020-11-17,S,300000,17.0272,3260952,D,,,,,,
1321655,2020-11-18,PLTR,Cohen Stephen Andrew,,0001209191-20-059294,2020-11-18,S,366244,18.0984,903403,D,,,,,,
1321655,2020-11-18,PLTR,Karp Alexander C.,,0001209191-20-059300,2020-11-16,C,1285123,0.0,7711619,D,,,,,,
1321655,2020-11-18,PLTR,Long Matthew A.,,0001209191-20-059302,2020-11-16,S,277042,15.795,877004,D,,,,,,
1321655,2020-11-18,PLTR,Long Matthew A.,,0001209191-20-059302,2020-11-16,C,280040,0.0,1154046,D,,,,,,
1321655,2020-11-18,PLTR,Glazer David A.,,0001209191-20-059306,2020-11-17,M,180000,4.72,3478367,D,,,,,,
1321655,2020-11-18,PLTR,Cohen Stephen Andrew,,0001209191-20-059294,2020-11-17,S,82125,16.8187,1720522,D,,,,,,
1321655,2020-11-18,PLTR,Taylor Ryan D.,,0001209191-20-059305,2020-11-17,S,132931,18.0047,1764049,D,,,,,,
1321655,2020-11-18,PLTR,Taylor Ryan D.,,0001209191-20-059305,2020-11-17,C,3399,0.0,1767448,D,,,,,,
1321655,2020-11-18,PLTR,Taylor Ryan D.,,0001209191-20-059305,2020-11-16,S,226548,15.88,1804547,D,,,,,,
1321655,2020-11-18,PLTR,Glazer David A.,,0001209191-20-059306,2020-11-16,S,451373,15.6898,3302779,D,,,,,,
1321655,2020-11-18,PLTR,Sankar Shyam,,0001209191-20-059303,2020-11-16,S,695268,15.5332,3565684,D,,,,,,
1321655,2020-11-18,PLTR,Karp Alexander C.,,0001209191-20-059300,2020-11-16,S,1269212,15.792,6442407,D,,,,,,
1321655,2020-11-18,PLTR,Moore Alexander D.,,0001209191-20-059299,2020-11-16,S,70000,15.8,2271249,D,,,,,,
1321655,2020-11-18,PLTR,Cohen Stephen Andrew,,0001209191-20-059294,2020-11-16,S,596621,15.5769,1806026,D,,,,,,
1321655,2020-11-23,PLTR,Cohen Stephen Andrew,,0001209191-20-060099,2020-11-19,S,533000,18.5505,203647,D,,,,,,
1321655,2020-11-24,PLTR,Sankar Shyam,,0001209191-20-060418,2020-11-23,S,500000,20.0012,3117608,D,,,,,,
1321655,2020-11-24,PLTR,Taylor Ryan D.,,0001209191-20-060417,2020-11-23,S,183171,19.9954,1620211,D,,,,,,
1321655,2020-11-24,PLTR,Taylor Ryan D.,,0001209191-20-060417,2020-11-20,S,77992,18.4266,1686057,D,,,,,,
1321655,2020-11-24,PLTR,Sankar Shyam,,0001209191-20-060418,2020-11-24,S,100000,22.5,3117608,D,,,,,,
1321655,2020-11-24,PLTR,Sankar Shyam,,0001209191-20-060418,2020-11-24,C,100000,0.0,3217608,D,,,,,,
1321655,2020-11-24,PLTR,Glazer David A.,,0001209191-20-060419,2020-11-20,S,78405,18.4266,3219962,D,,,,,,
1321655,2020-11-24,PLTR,Sankar Shyam,,0001209191-20-060418,2020-11-23,C,500000,0.0,3617608,D,,,,,,
1321655,2020-11-24,PLTR,Sankar Shyam,,0001209191-20-060418,2020-11-20,S,119444,18.4266,3141508,D,,,,,,
1321655,2020-11-24,PLTR,Glazer David A.,,0001209191-20-060419,2020-11-23,S,230710,20.1371,3153563,D,,,,,,
1321655,2020-11-24,PLTR,Long Matthew A.,,0001209191-20-060416,2020-11-20,S,33928,18.4266,840078,D,,,,,,
1321655,2020-11-24,PLTR,Glazer David A.,,0001209191-20-060419,2020-11-23,M,180000,4.72,3384273,D,,,,,,
1321655,2020-11-24,PLTR,Taylor Ryan D.,,0001209191-20-060417,2020-11-23,C,132931,0.0,1803382,D,,,,,,
1321655,2020-11-24,PLTR,Long Matthew A.,,0001209191-20-060416,2020-11-23,S,28855,19.9839,804434,D,,,,,,
1321655,2020-12-01,PLTR,Sankar Shyam,,0001209191-20-060981,2020-11-27,S,80305,31.39,3037303,D,,,,,,
1321655,2020-12-02,PLTR,THIEL PETER,,0001209191-20-061332,2020-11-30,C,14487124,0.0,14530420,I,,,,,,
1321655,2020-12-04,PLTR,Karp Alexander C.,,0001209191-20-061872,2020-12-02,C,1285123,0.0,7711619,D,,,,,,
1321655,2020-12-04,PLTR,Karp Alexander C.,,0001209191-20-061872,2020-12-02,S,372677,21.9523,7338942,D,,,,,,
1321655,2020-12-30,PLTR,Glazer David A.,,0001209191-20-065596,2020-12-29,M,3831,4.75,3118111,D,,,,,,
1321655,2021-01-06,PLTR,Karp Alexander C.,,0001209191-21-002390,2021-01-04,C,1285123,0.0,7711619,D,,,,,,
1321655,2021-01-06,PLTR,Karp Alexander C.,,0001209191-21-002390,2021-01-04,S,587624,23.3003,7123995,D,,,,,,
1321655,2021-01-21,PLTR,Stat Lauren Elaina Friedman,,0001209191-21-004775,2021-01-19,A,15026,0.0,15026,D,,,,,,
1321655,2021-02-04,PLTR,Karp Alexander C.,,0001209191-21-007926,2021-02-02,S,558542,31.1837,7153077,D,,,,,,
1321655,2021-02-04,PLTR,Karp Alexander C.,,0001209191-21-007926,2021-02-02,C,1285123,0.0,7711619,D,,,,,,
1321655,2021-02-11,PLTR,Buckley Jeffrey,,0001209191-21-009906,2021-02-09,A,572000,0.0,572000,D,,,,,,
1321655,2021-02-19,PLTR,THIEL PETER,,0000899243-21-007468,2021-02-17,C,6944440,0.0,3472220,I,,,,,,
1321655,2021-02-19,PLTR,THIEL PETER,,0000899243-21-007468,2021-02-17,J,596466,0.0,596466,I,,,,,,
1321655,2021-02-19,PLTR,THIEL PETER,,0000899243-21-007468,2021-02-18,S,15653541,25.0578,82197647,I,,,,,,
1321655,2021-02-22,PLTR,Cohen Stephen Andrew,,0001209191-21-013038,2021-02-19,S,300000,27.7067,753647,D,,,,,,
1321655,2021-02-22,PLTR,Cohen Stephen Andrew,,0001209191-21-013038,2021-02-18,S,924378,25.0689,1279269,D,,,,,,
1321655,2021-02-22,PLTR,Cohen Stephen Andrew,,0001209191-21-013038,2021-02-22,S,300000,30.03,203647,D,,,,,,
1321655,2021-02-22,PLTR,Cohen Stephen Andrew,,0001209191-21-013038,2021-02-18,C,2000000,0.0,2203647,D,,,,,,
1321655,2021-02-22,PLTR,Long Matthew A.,,0001209191-21-013039,2021-02-18,S,468762,25.0389,817041,D,,,,,,
1321655,2021-02-22,PLTR,Taylor Ryan D.,,0001209191-21-013040,2021-02-18,S,190991,25.07,1608198,D,,,,,,
1321655,2021-02-22,PLTR,Taylor Ryan D.,,0001209191-21-013040,2021-02-18,C,218255,0.0,1799189,D,,,,,,
1321655,2021-02-22,PLTR,Long Matthew A.,,0001209191-21-013039,2021-02-18,C,503864,0.0,1285803,D,,,,,,
1321655,2021-02-23,PLTR,Sankar Shyam,,0001209191-21-013598,2021-02-19,C,600000,0.0,3637303,D,,,,,,
1321655,2021-02-23,PLTR,Sankar Shyam,,0001209191-21-013598,2021-02-19,S,300000,28.0,3337303,D,,,,,,
1321655,2021-02-23,PLTR,Sankar Shyam,,0001209191-21-013598,2021-02-22,S,73913,28.1694,2963390,D,,,,,,
1321655,2021-02-23,PLTR,Sankar Shyam,,0001209191-21-013598,2021-02-23,S,2408,24.592,2927385,D,,,,,,
1321655,2021-02-24,PLTR,Taylor Ryan D.,,0001209191-21-014091,2021-02-22,S,57106,28.1694,1523828,D,,,,,,
1321655,2021-02-24,PLTR,Taylor Ryan D.,,0001209191-21-014091,2021-02-23,S,2471,24.4959,1495400,D,,,,,,
1321655,2021-02-24,PLTR,Long Matthew A.,,0001209191-21-014090,2021-02-22,S,21357,28.1694,760582,D,,,,,,
1321655,2021-02-24,PLTR,Long Matthew A.,,0001209191-21-014090,2021-02-23,S,1300,24.5008,749575,D,,,,,,
1321655,2021-02-24,PLTR,Glazer David A.,,0001209191-21-014089,2021-02-22,S,65333,28.1694,3052778,D,,,,,,
1321655,2021-02-24,PLTR,Glazer David A.,,0001209191-21-014089,2021-02-23,S,3900,24.5769,3019181,D,,,,,,
1321655,2021-02-25,PLTR,Long Matthew A.,,0001209191-21-014555,2021-02-22,C,220000,,970875,D,,,,,,
1321655,2021-02-25,PLTR,Long Matthew A.,,0001209191-21-014555,2021-02-22,S,220000,30.0186,710389,D,,,,,,
1321655,2021-03-03,PLTR,Moore Alexander D.,,0001209191-21-017473,2021-03-01,S,12000,24.9742,2259249,D,,,,,,
1321655,2021-03-18,PLTR,Cohen Stephen Andrew,,0001209191-21-021962,2021-03-16,S,101114,25.9437,102533,D,,,,,,
1321655,2021-03-31,PLTR,Karp Alexander C.,,0001209191-21-023907,2021-03-29,M,1131730,,7560315,D,,,,,,
1321655,2021-03-31,PLTR,Karp Alexander C.,,0001209191-21-023907,2021-03-30,S,161599,21.5527,7398716,D,,,,,,
1321655,2021-03-31,PLTR,Karp Alexander C.,,0001209191-21-023907,2021-03-31,S,121934,23.1206,7200602,D,,,,,,
1321655,2021-03-31,PLTR,Cohen Stephen Andrew,,0001209191-21-023906,2021-03-29,M,339411,,402603,D,,,,,,
1321655,2021-03-31,PLTR,Cohen Stephen Andrew,,0001209191-21-023906,2021-03-30,S,60800,21.5527,341803,D,,,,,,
1321655,2021-03-31,PLTR,Cohen Stephen Andrew,,0001209191-21-023906,2021-03-31,S,45875,23.1206,267317,D,,,,,,
1321655,2021-04-05,PLTR,Moore Alexander D.,,0001209191-21-025526,2021-04-01,S,11700,23.1616,2247549,D,,,,,,
1321655,2021-04-08,PLTR,Karp Alexander C.,,0001209191-21-026186,2021-04-06,C,638629,,7737410,D,,,,,,
1321655,2021-04-08,PLTR,Karp Alexander C.,,0001209191-21-026186,2021-04-06,S,1308465,23.1461,6428945,D,,,,,,
1321655,2021-04-08,PLTR,Karp Alexander C.,,0001209191-21-026186,2021-04-07,C,638629,,7067574,D,,,,,,
1321655,2021-04-08,PLTR,Karp Alexander C.,,0001209191-21-026186,2021-04-07,S,638629,23.0759,6428945,D,,,,,,
1321655,2021-04-08,PLTR,Karp Alexander C.,,0001209191-21-026186,2021-04-08,C,638629,,7067574,D,,,,,,
1321655,2021-04-08,PLTR,Karp Alexander C.,,0001209191-21-026186,2021-04-08,S,638629,23.1875,6428945,D,,,,,,
1321655,2021-04-08,PLTR,Cohen Stephen Andrew,,0001209191-21-026185,2021-04-06,S,60000,23.155,168958,D,,,,,,
1321655,2021-04-15,PLTR,Taylor Ryan D.,,0001209191-21-026895,2021-04-13,S,76000,25.0,1418434,D,,,,,,
1321655,2021-04-15,PLTR,Taylor Ryan D.,,0001209191-21-026895,2021-04-13,C,76000,,1494434,D,,,,,,
1321655,2021-04-16,PLTR,Taylor Ryan D.,,0001209191-21-027132,2021-04-15,A,1213,0.0,1419647,D,,,,,,
1321655,2021-04-16,PLTR,Sankar Shyam,,0001209191-21-027131,2021-04-15,A,1213,0.0,2881006,D,,,,,,
1321655,2021-04-16,PLTR,Long Matthew A.,,0001209191-21-027130,2021-04-15,A,1213,0.0,711602,D,,,,,,
1321655,2021-04-16,PLTR,Karp Alexander C.,,0001209191-21-027129,2021-04-15,A,1213,0.0,6430158,D,,,,,,
1321655,2021-04-16,PLTR,Glazer David A.,,0001209191-21-027128,2021-04-15,A,995,0.0,2917916,D,,,,,,
1321655,2021-04-16,PLTR,Cohen Stephen Andrew,,0001209191-21-027126,2021-04-15,A,1213,0.0,170171,D,,,,,,
1321655,2021-04-16,PLTR,Buckley Jeffrey,,0001209191-21-027124,2021-04-15,A,142,0.0,572142,D,,,,,,
1321655,2021-04-21,PLTR,Karp Alexander C.,,0001209191-21-027894,2021-04-19,C,638629,,7068787,D,,,,,,
1321655,2021-04-21,PLTR,Karp Alexander C.,,0001209191-21-027894,2021-04-19,S,638629,21.8587,6430158,D,,,,,,
1321655,2021-04-21,PLTR,Karp Alexander C.,,0001209191-21-027894,2021-04-20,C,638629,,7068787,D,,,,,,
1321655,2021-04-21,PLTR,Karp Alexander C.,,0001209191-21-027894,2021-04-20,S,573193,21.6759,6495594,D,,,,,,
1321655,2021-04-21,PLTR,Karp Alexander C.,,0001209191-21-027894,2021-04-21,C,638629,,7068787,D,,,,,,
1321655,2021-04-21,PLTR,Karp Alexander C.,,0001209191-21-027894,2021-04-21,S,393993,22.2556,6674794,D,,,,,,
1321655,2021-05-05,PLTR,Moore Alexander D.,,0001209191-21-030492,2021-05-03,S,11000,22.4904,2236249,D,,,,,,
1321655,2021-05-06,PLTR,Cohen Stephen Andrew,,0001209191-21-030756,2021-05-04,S,29400,21.3335,140771,D,,,,,,
1321655,2021-05-06,PLTR,Karp Alexander C.,,0001209191-21-030757,2021-05-06,S,512439,19.9914,6556348,D,,,,,,
1321655,2021-05-06,PLTR,Karp Alexander C.,,0001209191-21-030757,2021-05-05,C,638629,,7068787,D,,,,,,
1321655,2021-05-06,PLTR,Karp Alexander C.,,0001209191-21-030757,2021-05-05,S,638629,21.4955,6430158,D,,,,,,
1321655,2021-05-06,PLTR,Karp Alexander C.,,0001209191-21-030757,2021-05-06,C,638629,,7068787,D,,,,,,
1321655,2021-05-06,PLTR,Karp Alexander C.,,0001209191-21-030757,2021-05-04,C,638629,,7068787,D,,,,,,
1321655,2021-05-06,PLTR,Karp Alexander C.,,0001209191-21-030757,2021-05-04,S,619521,21.3138,6449266,D,,,,,,
1321655,2021-05-07,PLTR,THIEL PETER,,0000899243-21-018773,2021-05-05,M,3262,,3262,I,,,,,,
1321655,2021-05-13,PLTR,THIEL PETER,,0000899243-21-019441,2021-05-11,C,391269,,0,I,,,,,,
1321655,2021-05-17,PLTR,Cohen Stephen Andrew,,0001209191-21-033336,2021-05-13,S,442,18.409,139329,D,,,,,,
1321655,2021-05-17,PLTR,Karp Alexander C.,,0001209191-21-033341,2021-05-13,S,355,18.409,6432402,D,,,,,,
1321655,2021-05-17,PLTR,Glazer David A.,,0001209191-21-033338,2021-05-13,S,343,18.409,2917573,D,,,,,,
1321655,2021-05-17,PLTR,Taylor Ryan D.,,0001209191-21-033346,2021-05-13,S,442,18.409,1419205,D,,,,,,
1321655,2021-05-17,PLTR,Sankar Shyam,,0001209191-21-033342,2021-05-13,S,399,18.409,2880607,D,,,,,,
1321655,2021-05-21,PLTR,Karp Alexander C.,,0001209191-21-035147,2021-05-19,C,638629,,7070887,D,,,,,,
1321655,2021-05-21,PLTR,Karp Alexander C.,,0001209191-21-035147,2021-05-19,S,637129,20.661,6433758,D,,,,,,
1321655,2021-05-21,PLTR,Karp Alexander C.,,0001209191-21-035147,2021-05-20,C,638629,,7070887,D,,,,,,
1321655,2021-05-21,PLTR,Karp Alexander C.,,0001209191-21-035147,2021-05-20,S,638629,20.5218,6432258,D,,,,,,
1321655,2021-05-21,PLTR,Karp Alexander C.,,0001209191-21-035147,2021-05-21,C,638629,,7070887,D,,,,,,
1321655,2021-05-21,PLTR,Karp Alexander C.,,0001209191-21-035147,2021-05-21,S,638629,20.8528,6432258,D,,,,,,
1321655,2021-05-24,PLTR,Taylor Ryan D.,,0001209191-21-035583,2021-05-20,S,83061,20.5067,1335965,D,,,,,,
1321655,2021-05-24,PLTR,Glazer David A.,,0001209191-21-035581,2021-05-20,S,94508,20.5067,2822926,D,,,,,,
1321655,2021-05-24,PLTR,Sankar Shyam,,0001209191-21-035582,2021-05-24,S,50000,21.0031,2732392,D,,,,,,
1321655,2021-05-24,PLTR,Sankar Shyam,,0001209191-21-035582,2021-05-20,S,98053,20.5067,2782392,D,,,,,,
1321655,2021-05-24,PLTR,Glazer David A.,,0001209191-21-035581,2021-05-21,S,106682,20.8514,2716244,D,,,,,,
1321655,2021-05-27,PLTR,Taylor Ryan D.,,0001209191-21-036360,2021-05-25,S,79439,21.617,1256526,D,,,,,,
1321655,2021-06-03,PLTR,Moore Alexander D.,,0001209191-21-037993,2021-06-01,S,11000,22.9248,2225249,D,,,,,,
1321655,2021-06-03,PLTR,Cohen Stephen Andrew,,0001209191-21-037991,2021-06-01,S,89600,23.0369,49550,D,,,,,,
1321655,2021-06-03,PLTR,Cohen Stephen Andrew,,0001209191-21-037991,2021-06-02,S,30000,24.3945,19550,D,,,,,,
1321655,2021-06-09,PLTR,Karp Alexander C.,,0001209191-21-039309,2021-06-07,C,638629,,7070887,D,,,,,,
1321655,2021-06-09,PLTR,Karp Alexander C.,,0001209191-21-039309,2021-06-07,S,638629,24.418,6432258,D,,,,,,
1321655,2021-06-09,PLTR,Karp Alexander C.,,0001209191-21-039309,2021-06-08,C,638629,,7070887,D,,,,,,
1321655,2021-06-09,PLTR,Karp Alexander C.,,0001209191-21-039309,2021-06-08,S,612146,24.4507,6458741,D,,,,,,
1321655,2021-06-09,PLTR,Karp Alexander C.,,0001209191-21-039309,2021-06-09,C,638629,,7070887,D,,,,,,
1321655,2021-06-09,PLTR,Karp Alexander C.,,0001209191-21-039309,2021-06-09,S,638629,24.488,6432258,D,,,,,,
1321655,2021-06-11,PLTR,Moore Alexander D.,,0001209191-21-040104,2021-06-09,A,11377,0.0,2236626,D,,,,,,
1321655,2021-06-11,PLTR,Rascoff Spencer M,,0001209191-21-040105,2021-06-09,A,11377,0.0,159682,D,,,,,,
1321655,2021-06-11,PLTR,Schiff Alexandra W.,,0001209191-21-040106,2021-06-09,A,11377,0.0,159682,D,,,,,,
1321655,2021-06-11,PLTR,Stat Lauren Elaina Friedman,,0001209191-21-040107,2021-06-09,A,4137,0.0,19163,D,,,,,,
1321655,2021-06-21,PLTR,Cohen Stephen Andrew,,0001209191-21-042321,2021-06-15,S,3900,25.2067,15650,D,,,,,,
1321655,2021-06-21,PLTR,Cohen Stephen Andrew,,0001209191-21-042321,2021-06-17,C,11042,,26692,D,,,,,,
1321655,2021-06-21,PLTR,Cohen Stephen Andrew,,0001209191-21-042321,2021-06-17,S,26100,25.2148,592,D,,,,,,
1321655,2021-06-21,PLTR,Buckley Jeffrey,,0001209191-21-042318,2021-05-13,S,43,18.409,572099,D,,,,,,
1321655,2021-06-23,PLTR,Karp Alexander C.,,0001209191-21-042854,2021-06-22,S,638629,25.2103,6432258,D,,,,,,
1321655,2021-06-23,PLTR,Karp Alexander C.,,0001209191-21-042854,2021-06-23,S,638429,25.9995,6432458,D,,,,,,
1321655,2021-06-23,PLTR,Karp Alexander C.,,0001209191-21-042854,2021-06-23,C,638629,,7070887,D,,,,,,
1321655,2021-06-23,PLTR,Karp Alexander C.,,0001209191-21-042854,2021-06-21,C,638629,,7070887,D,,,,,,
1321655,2021-06-23,PLTR,Karp Alexander C.,,0001209191-21-042854,2021-06-22,C,638629,,7070887,D,,,,,,
1321655,2021-06-23,PLTR,Karp Alexander C.,,0001209191-21-042854,2021-06-21,S,628712,25.1486,6442175,D,,,,,,
1321655,2021-06-30,PLTR,Glazer David A.,,0001209191-21-044185,2021-06-28,M,9000,4.72,2725244,D,,,,,,
1321655,2021-06-30,PLTR,Glazer David A.,,0001209191-21-044185,2021-06-28,S,9000,27.0,2716244,D,,,,,,
1321655,2021-07-06,PLTR,Moore Alexander D.,,0001209191-21-045692,2021-07-01,S,9800,25.0229,2226826,D,,,,,,
1321655,2021-07-08,PLTR,Cohen Stephen Andrew,,0001209191-21-046079,2021-07-06,C,97100,,97692,D,,,,,,
1321655,2021-07-08,PLTR,Karp Alexander C.,,0001209191-21-046080,2021-07-08,C,638629,,7070887,D,,,,,,
1321655,2021-07-08,PLTR,Karp Alexander C.,,0001209191-21-046080,2021-07-08,S,638629,22.9603,6432258,D,,,,,,
1321655,2021-07-08,PLTR,Cohen Stephen Andrew,,0001209191-21-046079,2021-07-06,S,97100,24.7893,592,D,,,,,,
1321655,2021-07-08,PLTR,Karp Alexander C.,,0001209191-21-046080,2021-07-07,S,606668,23.0396,6464219,D,,,,,,
1321655,2021-07-08,PLTR,Karp Alexander C.,,0001209191-21-046080,2021-07-06,C,638629,,7070887,D,,,,,,
1321655,2021-07-08,PLTR,Karp Alexander C.,,0001209191-21-046080,2021-07-07,C,638629,,7070887,D,,,,,,
1321655,2021-07-08,PLTR,Karp Alexander C.,,0001209191-21-046080,2021-07-06,S,638629,24.7607,6432258,D,,,,,,
1321655,2021-07-21,PLTR,Sankar Shyam,,0001209191-21-047623,2021-07-19,S,164059,21.2939,2568333,D,,,,,,
1321655,2021-07-23,PLTR,Karp Alexander C.,,0001209191-21-048071,2021-07-21,C,638629,,7070887,D,,,,,,
1321655,2021-07-23,PLTR,Karp Alexander C.,,0001209191-21-048071,2021-07-21,S,638629,22.4763,6432258,D,,,,,,
1321655,2021-07-23,PLTR,Karp Alexander C.,,0001209191-21-048071,2021-07-22,C,638629,,7070887,D,,,,,,
1321655,2021-07-23,PLTR,Karp Alexander C.,,0001209191-21-048071,2021-07-22,S,638629,22.0771,6432258,D,,,,,,
1321655,2021-07-23,PLTR,Karp Alexander C.,,0001209191-21-048071,2021-07-23,C,638629,,7070887,D,,,,,,
1321655,2021-07-23,PLTR,Karp Alexander C.,,0001209191-21-048071,2021-07-23,S,638629,21.8233,6432258,D,,,,,,
1321655,2021-08-04,PLTR,Moore Alexander D.,,0001209191-21-049801,2021-08-02,S,11000,22.0579,2214626,D,,,,,,
1321655,2021-08-04,PLTR,Karp Alexander C.,,0001209191-21-049802,2021-08-04,S,638629,22.2709,6432258,D,,,,,,
1321655,2021-08-04,PLTR,Karp Alexander C.,,0001209191-21-049802,2021-08-04,C,638629,,7070887,D,,,,,,
1321655,2021-08-04,PLTR,Karp Alexander C.,,0001209191-21-049802,2021-08-03,S,638629,21.9577,6432258,D,,,,,,
1321655,2021-08-04,PLTR,Karp Alexander C.,,0001209191-21-049802,2021-08-03,C,638629,,7070887,D,,,,,,
1321655,2021-08-04,PLTR,Karp Alexander C.,,0001209191-21-049802,2021-08-02,C,638629,,7070887,D,,,,,,
1321655,2021-08-04,PLTR,Karp Alexander C.,,0001209191-21-049802,2021-08-02,S,638629,22.0493,6432258,D,,,,,,
1321655,2021-08-05,PLTR,Cohen Stephen Andrew,,0001209191-21-050049,2021-08-03,C,45000,,45592,D,,,,,,
1321655,2021-08-05,PLTR,Cohen Stephen Andrew,,0001209191-21-050049,2021-08-03,S,45000,22.0449,592,D,,,,,,
1321655,2021-08-16,PLTR,Glazer David A.,,0001209191-21-051695,2021-08-12,M,54000,4.72,2770244,D,,,,,,
1321655,2021-08-16,PLTR,Glazer David A.,,0001209191-21-051695,2021-08-12,S,54000,24.72,2716244,D,,,,,,
1321655,2021-08-17,PLTR,THIEL PETER,,0000899243-21-033350,2021-08-13,S,3262,25.0,0,I,,,,,,
1321655,2021-08-19,PLTR,Cohen Stephen Andrew,,0001209191-21-052639,2021-08-18,C,22900,,23492,D,,,,,,
1321655,2021-08-19,PLTR,Cohen Stephen Andrew,,0001209191-21-052639,2021-08-18,S,22900,25.4473,592,D,,,,,,
1321655,2021-08-19,PLTR,Cohen Stephen Andrew,,0001209191-21-052639,2021-08-17,S,15000,24.0672,592,D,,,,,,
1321655,2021-08-19,PLTR,Cohen Stephen Andrew,,0001209191-21-052639,2021-08-17,C,15000,,15592,D,,,,,,
1321655,2021-08-20,PLTR,Glazer David A.,,0001209191-21-052831,2021-08-18,M,9000,4.72,2725244,D,,,,,,
1321655,2021-08-20,PLTR,Glazer David A.,,0001209191-21-052831,2021-08-18,S,9000,25.9,2716244,D,,,,,,
1321655,2021-08-24,PLTR,Karp Alexander C.,,0001209191-21-053254,2021-08-24,C,1214974,,7647232,D,,,,,,
1321655,2021-08-24,PLTR,Karp Alexander C.,,0001209191-21-053254,2021-08-23,C,638629,,7070887,D,,,,,,
1321655,2021-08-24,PLTR,Karp Alexander C.,,0001209191-21-053254,2021-08-23,S,638629,24.6273,6432258,D,,,,,,
1321655,2021-08-24,PLTR,Cohen Stephen Andrew,,0001209191-21-053252,2021-08-20,C,345018,,345610,D,,,,,,
1321655,2021-08-24,PLTR,Glazer David A.,,0001209191-21-053253,2021-08-23,S,107229,24.6536,2515054,D,,,,,,
1321655,2021-08-24,PLTR,Glazer David A.,,0001209191-21-053253,2021-08-20,S,93961,23.9404,2622283,D,,,,,,
1321655,2021-08-24,PLTR,Karp Alexander C.,,0001209191-21-053254,2021-08-24,S,1214974,25.144,6432258,D,,,,,,
1321655,2021-08-24,PLTR,Cohen Stephen Andrew,,0001209191-21-053252,2021-08-20,S,345018,23.9404,592,D,,,,,,
1321655,2021-08-24,PLTR,Karp Alexander C.,,0001209191-21-053254,2021-08-20,S,398655,23.9404,6432258,D,,,,,,
1321655,2021-08-24,PLTR,Sankar Shyam,,0001209191-21-053255,2021-08-24,S,204030,25.2006,2349522,D,,,,,,
1321655,2021-08-24,PLTR,Sankar Shyam,,0001209191-21-053255,2021-08-24,C,204030,,2553552,D,,,,,,
1321655,2021-08-24,PLTR,Sankar Shyam,,0001209191-21-053255,2021-08-23,S,114435,24.6487,2349522,D,,,,,,
1321655,2021-08-24,PLTR,Sankar Shyam,,0001209191-21-053255,2021-08-20,S,266865,23.9404,2463957,D,,,,,,
1321655,2021-08-24,PLTR,Taylor Ryan D.,,0001209191-21-053256,2021-08-20,S,83061,23.9404,1173465,D,,,,,,
1321655,2021-08-24,PLTR,Karp Alexander C.,,0001209191-21-053254,2021-08-20,C,398655,,6830913,D,,,,,,
1321655,2021-08-24,PLTR,Sankar Shyam,,0001209191-21-053255,2021-08-20,C,170970,,2730822,D,,,,,,
1321655,2021-08-27,PLTR,Taylor Ryan D.,,0001209191-21-053760,2021-08-25,S,77718,24.6577,1095747,D,,,,,,
1321655,2021-09-02,PLTR,Rascoff Spencer M,,0001209191-21-054592,2021-08-31,S,100000,26.1862,115053,I,,,,,,
1321655,2021-09-03,PLTR,Moore Alexander D.,,0001209191-21-054905,2021-09-01,S,34000,26.2084,2180626,D,,,,,,
1321655,2021-09-09,PLTR,Karp Alexander C.,,0001209191-21-055393,2021-09-07,C,638629,,7070887,D,,,,,,
1321655,2021-09-09,PLTR,Karp Alexander C.,,0001209191-21-055393,2021-09-09,S,638629,26.0139,6432258,D,,,,,,
1321655,2021-09-09,PLTR,Karp Alexander C.,,0001209191-21-055393,2021-09-07,S,638629,26.5565,6432258,D,,,,,,
1321655,2021-09-09,PLTR,Cohen Stephen Andrew,,0001209191-21-055391,2021-09-08,C,900,,1492,D,,,,,,
1321655,2021-09-09,PLTR,Cohen Stephen Andrew,,0001209191-21-055391,2021-09-07,S,200000,26.5491,592,D,,,,,,
1321655,2021-09-09,PLTR,Cohen Stephen Andrew,,0001209191-21-055391,2021-09-08,S,900,26.1767,592,D,,,,,,
1321655,2021-09-09,PLTR,Karp Alexander C.,,0001209191-21-055393,2021-09-08,C,638629,,7070887,D,,,,,,
1321655,2021-09-09,PLTR,Karp Alexander C.,,0001209191-21-055393,2021-09-09,C,638629,,7070887,D,,,,,,
1321655,2021-09-09,PLTR,Karp Alexander C.,,0001209191-21-055393,2021-09-08,S,609241,25.5144,6461646,D,,,,,,
1321655,2021-09-09,PLTR,Cohen Stephen Andrew,,0001209191-21-055391,2021-09-09,C,18645,,19237,D,,,,,,
1321655,2021-09-09,PLTR,Cohen Stephen Andrew,,0001209191-21-055391,2021-09-09,S,18645,26.0938,592,D,,,,,,
1321655,2021-09-09,PLTR,Cohen Stephen Andrew,,0001209191-21-055391,2021-09-07,C,200000,,200592,D,,,,,,
1321655,2021-09-20,PLTR,Glazer David A.,,0001209191-21-056976,2021-09-16,M,9000,4.72,2524054,D,,,,,,
1321655,2021-09-20,PLTR,Glazer David A.,,0001209191-21-056976,2021-09-16,S,9000,27.9,2515054,D,,,,,,
1321655,2021-09-20,PLTR,Glazer David A.,,0001209191-21-056976,2021-09-20,M,18000,4.72,2533054,D,,,,,,
1321655,2021-09-20,PLTR,Glazer David A.,,0001209191-21-056976,2021-09-20,S,7461,26.2499,2525593,D,,,,,,
1321655,2021-09-23,PLTR,Glazer David A.,,0001209191-21-057512,2021-09-21,M,72000,4.72,2587054,D,,,,,,
1321655,2021-09-23,PLTR,Cohen Stephen Andrew,,0001209191-21-057513,2021-09-23,C,161820,,162412,D,,,,,,
1321655,2021-09-23,PLTR,Glazer David A.,,0001209191-21-057512,2021-09-21,S,71686,26.6199,2515368,D,,,,,,
1321655,2021-09-23,PLTR,Cohen Stephen Andrew,,0001209191-21-057513,2021-09-23,S,129199,28.5382,33213,D,,,,,,
1321655,2021-09-23,PLTR,Cohen Stephen Andrew,,0001209191-21-057513,2021-09-22,C,114000,,114592,D,,,,,,
1321655,2021-09-23,PLTR,Cohen Stephen Andrew,,0001209191-21-057513,2021-09-21,S,6000,27.0208,592,D,,,,,,
1321655,2021-09-23,PLTR,Cohen Stephen Andrew,,0001209191-21-057513,2021-09-22,S,114000,27.43,592,D,,,,,,
1321655,2021-09-23,PLTR,Cohen Stephen Andrew,,0001209191-21-057513,2021-09-21,C,6000,,6592,D,,,,,,
1321655,2021-09-30,PLTR,Karp Alexander C.,,0001209191-21-058299,2021-09-28,C,638629,,7070887,D,,,,,,
1321655,2021-09-30,PLTR,Karp Alexander C.,,0001209191-21-058299,2021-09-28,S,576186,25.6957,6494701,D,,,,,,
1321655,2021-09-30,PLTR,Karp Alexander C.,,0001209191-21-058299,2021-09-29,C,638629,,7070887,D,,,,,,
1321655,2021-09-30,PLTR,Karp Alexander C.,,0001209191-21-058299,2021-09-29,S,581952,24.9206,6488935,D,,,,,,
1321655,2021-09-30,PLTR,Karp Alexander C.,,0001209191-21-058299,2021-09-30,C,638629,,7070887,D,,,,,,
1321655,2021-09-30,PLTR,Karp Alexander C.,,0001209191-21-058299,2021-09-30,S,632929,24.2758,6437958,D,,,,,,
1321655,2021-10-05,PLTR,Moore Alexander D.,,0001209191-21-059669,2021-10-01,S,34000,24.1119,2146626,D,,,,,,
1321655,2021-10-07,PLTR,Cohen Stephen Andrew,,0001209191-21-059919,2021-10-05,C,60000,,60592,D,,,,,,
1321655,2021-10-07,PLTR,Cohen Stephen Andrew,,0001209191-21-059919,2021-10-05,S,60000,23.3236,592,D,,,,,,
1321655,2021-10-14,PLTR,Karp Alexander C.,,0001209191-21-060507,2021-10-14,S,638629,24.4601,6432258,D,,,,,,
1321655,2021-10-14,PLTR,Karp Alexander C.,,0001209191-21-060507,2021-10-13,S,638629,24.0572,6432258,D,,,,,,
1321655,2021-10-14,PLTR,Karp Alexander C.,,0001209191-21-060507,2021-10-14,C,638629,,7070887,D,,,,,,
1321655,2021-10-14,PLTR,Karp Alexander C.,,0001209191-21-060507,2021-10-12,S,638629,23.562,6432258,D,,,,,,
1321655,2021-10-14,PLTR,Karp Alexander C.,,0001209191-21-060507,2021-10-13,C,638629,,7070887,D,,,,,,
1321655,2021-10-14,PLTR,Karp Alexander C.,,0001209191-21-060507,2021-10-12,C,638629,,7070887,D,,,,,,
1321655,2021-10-28,PLTR,Karp Alexander C.,,0001209191-21-061977,2021-10-26,C,638629,,7070887,D,,,,,,
1321655,2021-10-28,PLTR,Karp Alexander C.,,0001209191-21-061977,2021-10-26,S,595525,25.7245,6475362,D,,,,,,
1321655,2021-10-28,PLTR,Karp Alexander C.,,0001209191-21-061977,2021-10-27,C,638629,,7070887,D,,,,,,
1321655,2021-10-28,PLTR,Karp Alexander C.,,0001209191-21-061977,2021-10-27,S,638629,25.3477,6432258,D,,,,,,
1321655,2021-10-28,PLTR,Karp Alexander C.,,0001209191-21-061977,2021-10-28,C,638629,,7070887,D,,,,,,
1321655,2021-10-28,PLTR,Karp Alexander C.,,0001209191-21-061977,2021-10-28,S,638629,25.505,6432258,D,,,,,,
1321655,2021-11-02,PLTR,Glazer David A.,,0001209191-21-062458,2021-10-29,S,9000,25.9087,2515054,D,,,,,,
1321655,2021-11-02,PLTR,Glazer David A.,,0001209191-21-062458,2021-10-29,M,9000,4.72,2524054,D,,,,,,
1321655,2021-11-03,PLTR,Moore Alexander D.,,0001209191-21-062751,2021-11-01,S,34000,26.2885,2112626,D,,,,,,
1321655,2021-11-04,PLTR,Cohen Stephen Andrew,,0001209191-21-063024,2021-11-02,C,132445,,133037,D,,,,,,
1321655,2021-11-04,PLTR,Cohen Stephen Andrew,,0001209191-21-063024,2021-11-02,S,130945,26.0083,2092,D,,,,,,
1321655,2021-11-04,PLTR,Cohen Stephen Andrew,,0001209191-21-063024,2021-11-03,C,17555,,18147,D,,,,,,
1321655,2021-11-04,PLTR,Cohen Stephen Andrew,,0001209191-21-063024,2021-11-03,S,17555,26.0855,592,D,,,,,,
1321655,2021-11-05,PLTR,Karp Alexander C.,,0001209191-21-063279,2021-11-05,S,638629,26.0616,6432258,D,,,,,,
1321655,2021-11-05,PLTR,Karp Alexander C.,,0001209191-21-063279,2021-11-05,C,638629,,7070887,D,,,,,,
1321655,2021-11-05,PLTR,Karp Alexander C.,,0001209191-21-063279,2021-11-04,S,638629,26.3873,6432258,D,,,,,,
1321655,2021-11-05,PLTR,Karp Alexander C.,,0001209191-21-063279,2021-11-04,C,638629,,7070887,D,,,,,,
1321655,2021-11-05,PLTR,Karp Alexander C.,,0001209191-21-063279,2021-11-03,S,633840,25.8846,6437047,D,,,,,,
1321655,2021-11-05,PLTR,Karp Alexander C.,,0001209191-21-063279,2021-11-03,C,638629,,7070887,D,,,,,,
1321655,2021-11-15,PLTR,Rascoff Spencer M,,0001209191-21-064591,2021-11-11,S,25000,22.8568,90053,I,,,,,,
1321655,2021-11-18,PLTR,Karp Alexander C.,,0001209191-21-065688,2021-11-18,C,638629,,7070887,D,,,,,,
1321655,2021-11-18,PLTR,Karp Alexander C.,,0001209191-21-065688,2021-11-17,S,638629,22.6631,6432258,D,,,,,,
1321655,2021-11-18,PLTR,Karp Alexander C.,,0001209191-21-065688,2021-11-18,S,631790,21.6599,6439097,D,,,,,,
1321655,2021-11-18,PLTR,Karp Alexander C.,,0001209191-21-065688,2021-11-16,S,638629,22.9123,6432258,D,,,,,,
1321655,2021-11-18,PLTR,Karp Alexander C.,,0001209191-21-065688,2021-11-16,C,638629,,7070887,D,,,,,,
1321655,2021-11-18,PLTR,Karp Alexander C.,,0001209191-21-065688,2021-11-17,C,638629,,7070887,D,,,,,,
1321655,2021-11-24,PLTR,Buckley Jeffrey,,0001209191-21-066896,2021-11-24,S,73340,21.0413,436081,D,,,,,,
1321655,2021-11-24,PLTR,Glazer David A.,,0001209191-21-066897,2021-11-23,S,24485,20.3639,2421276,D,,,,,,
1321655,2021-11-24,PLTR,Taylor Ryan D.,,0001209191-21-066898,2021-11-22,S,60504,20.7503,1033522,D,,,,,,
1321655,2021-11-24,PLTR,Sankar Shyam,,0001209191-21-066895,2021-11-22,S,194003,20.7503,2415926,D,,,,,,
1321655,2021-11-24,PLTR,Karp Alexander C.,,0001209191-21-066894,2021-11-23,S,104483,20.3639,6432258,D,,,,,,
1321655,2021-11-24,PLTR,Cohen Stephen Andrew,,0001209191-21-066893,2021-11-23,S,90556,20.3639,592,D,,,,,,
1321655,2021-11-24,PLTR,Glazer David A.,,0001209191-21-066897,2021-11-24,S,107412,21.0415,2313864,D,,,,,,
1321655,2021-11-24,PLTR,Buckley Jeffrey,,0001209191-21-066896,2021-11-23,S,16361,20.3639,509421,D,,,,,,
1321655,2021-11-24,PLTR,Sankar Shyam,,0001209191-21-066895,2021-11-23,S,69894,20.3639,2342210,D,,,,,,
1321655,2021-11-24,PLTR,Taylor Ryan D.,,0001209191-21-066898,2021-11-23,S,21801,20.3639,1010529,D,,,,,,
1321655,2021-11-24,PLTR,Sankar Shyam,,0001209191-21-066895,2021-11-22,C,171518,,2609929,D,,,,,,
1321655,2021-11-24,PLTR,Cohen Stephen Andrew,,0001209191-21-066893,2021-11-22,C,346826,,347418,D,,,,,,
1321655,2021-11-24,PLTR,Sankar Shyam,,0001209191-21-066895,2021-11-24,C,203482,,2545692,D,,,,,,
1321655,2021-11-24,PLTR,Karp Alexander C.,,0001209191-21-066894,2021-11-22,S,289971,20.7503,6542453,D,,,,,,
1321655,2021-11-24,PLTR,Cohen Stephen Andrew,,0001209191-21-066893,2021-11-22,S,251319,20.7503,96099,D,,,,,,
1321655,2021-11-24,PLTR,Glazer David A.,,0001209191-21-066897,2021-11-22,S,67954,20.7503,2447100,D,,,,,,
1321655,2021-11-24,PLTR,Buckley Jeffrey,,0001209191-21-066896,2021-11-22,S,45405,20.7503,526676,D,,,,,,
1321655,2021-11-24,PLTR,Karp Alexander C.,,0001209191-21-066894,2021-11-22,C,400166,,6832424,D,,,,,,
1321655,2021-11-24,PLTR,Sankar Shyam,,0001209191-21-066895,2021-11-24,S,317611,21.0253,2228081,D,,,,,,
1321655,2021-11-30,PLTR,Taylor Ryan D.,,0001209191-21-067225,2021-11-26,S,79003,20.8862,931526,D,,,,,,
1321655,2021-11-30,PLTR,Karp Alexander C.,,0001209191-21-067226,2021-11-30,C,189696,,6621954,D,,,,,,
1321655,2021-11-30,PLTR,Karp Alexander C.,,0001209191-21-067226,2021-11-29,S,189695,20.9641,6432258,D,,,,,,
1321655,2021-11-30,PLTR,Karp Alexander C.,,0001209191-21-067226,2021-11-30,S,179027,20.5873,6442927,D,,,,,,
1321655,2021-11-30,PLTR,Karp Alexander C.,,0001209191-21-067226,2021-11-26,S,195443,20.8866,6432258,D,,,,,,
1321655,2021-11-30,PLTR,Karp Alexander C.,,0001209191-21-067226,2021-11-26,C,195443,,6627701,D,,,,,,
1321655,2021-11-30,PLTR,Karp Alexander C.,,0001209191-21-067226,2021-11-29,C,189695,,6621953,D,,,,,,
1321655,2021-12-03,PLTR,Moore Alexander D.,,0001209191-21-068021,2021-12-01,S,14270,19.7434,2098356,D,,,,,,
1321655,2022-01-06,PLTR,Moore Alexander D.,,0001209191-22-002258,2022-01-04,S,32900,18.1428,2045726,D,,,,,,
1321655,2022-02-03,PLTR,Moore Alexander D.,,0001209191-22-006965,2022-02-01,S,33000,14.0974,2012626,D,,,,,,
1321655,2022-02-23,PLTR,Cohen Stephen Andrew,,0001209191-22-012469,2022-02-22,C,251863,,252455,D,,,,,,
1321655,2022-02-23,PLTR,Cohen Stephen Andrew,,0001209191-22-012469,2022-02-23,S,93155,10.8972,592,D,,,,,,
1321655,2022-02-23,PLTR,Cohen Stephen Andrew,,0001209191-22-012469,2022-02-23,C,93155,,93747,D,,,,,,
1321655,2022-02-23,PLTR,Cohen Stephen Andrew,,0001209191-22-012469,2022-02-22,S,251863,10.6204,592,D,,,,,,
1321655,2022-02-23,PLTR,Sankar Shyam,,0001209191-22-012471,2022-02-22,S,194817,10.6204,2157537,D,,,,,,
1321655,2022-02-23,PLTR,Sankar Shyam,,0001209191-22-012471,2022-02-22,C,124273,,2352354,D,,,,,,
1321655,2022-02-23,PLTR,Sankar Shyam,,0001209191-22-012471,2022-02-23,S,72055,10.8972,2131445,D,,,,,,
1321655,2022-02-23,PLTR,Sankar Shyam,,0001209191-22-012471,2022-02-23,C,45963,,2203500,D,,,,,,
1321655,2022-02-24,PLTR,Buckley Jeffrey,,0001209191-22-012884,2022-02-23,S,3448,10.8972,423312,D,,,,,,
1321655,2022-02-24,PLTR,Buckley Jeffrey,,0001209191-22-012884,2022-02-22,S,9321,10.6204,426760,D,,,,,,
1321655,2022-02-24,PLTR,Glazer David A.,,0001209191-22-012886,2022-02-24,S,106643,11.4068,2112674,D,,,,,,
1321655,2022-02-24,PLTR,Glazer David A.,,0001209191-22-012886,2022-02-23,S,25177,10.8972,2220617,D,,,,,,
1321655,2022-02-24,PLTR,Glazer David A.,,0001209191-22-012886,2022-02-22,S,68070,10.6204,2245794,D,,,,,,
1321655,2022-02-24,PLTR,Taylor Ryan D.,,0001209191-22-012887,2022-02-24,S,22680,10.6335,825785,D,,,,,,
1321655,2022-02-24,PLTR,Taylor Ryan D.,,0001209191-22-012887,2022-02-22,S,60635,10.6204,870891,D,,,,,,
1321655,2022-02-24,PLTR,Taylor Ryan D.,,0001209191-22-012887,2022-02-23,S,22426,10.8972,848465,D,,,,,,
1321655,2022-03-03,PLTR,Moore Alexander D.,,0001209191-22-015729,2022-03-01,S,36500,12.0169,1976126,D,,,,,,
1321655,2022-04-05,PLTR,Moore Alexander D.,,0001209191-22-023288,2022-04-01,S,36500,13.7519,1939626,D,,,,,,
1321655,2022-05-24,PLTR,Buckley Jeffrey,,0001209191-22-031780,2022-05-24,S,2023,7.5431,389423,D,,,,,,
1321655,2022-05-24,PLTR,Buckley Jeffrey,,0001209191-22-031780,2022-05-23,S,3380,8.0334,391446,D,,,,,,
1321655,2022-05-24,PLTR,Buckley Jeffrey,,0001209191-22-031780,2022-05-20,S,7255,8.0865,394826,D,,,,,,
1321655,2022-05-24,PLTR,Cohen Stephen Andrew,,0001209191-22-031781,2022-05-24,S,56668,7.5431,592,D,,,,,,
1321655,2022-05-24,PLTR,Cohen Stephen Andrew,,0001209191-22-031781,2022-05-24,C,56668,,57260,D,,,,,,
1321655,2022-05-24,PLTR,Cohen Stephen Andrew,,0001209191-22-031781,2022-05-23,S,94647,8.0334,592,D,,,,,,
1321655,2022-05-24,PLTR,Cohen Stephen Andrew,,0001209191-22-031781,2022-05-23,C,94647,,95239,D,,,,,,
1321655,2022-05-24,PLTR,Cohen Stephen Andrew,,0001209191-22-031781,2022-05-20,S,203178,8.0865,592,D,,,,,,
1321655,2022-05-24,PLTR,Cohen Stephen Andrew,,0001209191-22-031781,2022-05-20,C,203178,,203770,D,,,,,,
1321655,2022-05-24,PLTR,Glazer David A.,,0001209191-22-031782,2022-05-23,S,25535,8.0334,2032325,D,,,,,,
1321655,2022-05-24,PLTR,Glazer David A.,,0001209191-22-031782,2022-05-24,S,15288,7.5431,2017037,D,,,,,,
1321655,2022-05-24,PLTR,Taylor Ryan D.,,0001209191-22-031784,2022-05-20,S,48656,8.0865,720370,D,,,,,,
1321655,2022-05-24,PLTR,Sankar Shyam,,0001209191-22-031783,2022-05-24,S,43863,7.5431,2032200,D,,,,,,
1321655,2022-05-24,PLTR,Sankar Shyam,,0001209191-22-031783,2022-05-24,C,27998,,2076063,D,,,,,,
1321655,2022-05-24,PLTR,Sankar Shyam,,0001209191-22-031783,2022-05-23,S,73260,8.0334,2048065,D,,,,,,
1321655,2022-05-24,PLTR,Sankar Shyam,,0001209191-22-031783,2022-05-23,C,46762,,2121325,D,,,,,,
1321655,2022-05-24,PLTR,Sankar Shyam,,0001209191-22-031783,2022-05-20,S,157267,8.0865,2074563,D,,,,,,
1321655,2022-05-24,PLTR,Sankar Shyam,,0001209191-22-031783,2022-05-20,C,100385,,2231830,D,,,,,,
1321655,2022-05-24,PLTR,Taylor Ryan D.,,0001209191-22-031784,2022-05-24,S,13571,7.5431,684133,D,,,,,,
1321655,2022-05-24,PLTR,Taylor Ryan D.,,0001209191-22-031784,2022-05-23,S,22666,8.0334,697704,D,,,,,,
1321655,2022-05-24,PLTR,Glazer David A.,,0001209191-22-031782,2022-05-20,S,54814,8.0865,2057860,D,,,,,,
1321655,2022-06-09,PLTR,Stat Lauren Elaina Friedman,,0001209191-22-035659,2022-06-08,A,32679,0.0,51842,D,,,,,,
1321655,2022-06-09,PLTR,Schiff Alexandra W.,,0001209191-22-035658,2022-06-08,A,32679,0.0,192361,D,,,,,,
1321655,2022-06-09,PLTR,Moore Alexander D.,,0001209191-22-035657,2022-06-08,A,32679,0.0,1972305,D,,,,,,
1321655,2022-06-09,PLTR,Moore Alexander D.,,0001209191-22-035657,2022-06-09,S,11377,8.8865,1960928,D,,,,,,
1321655,2022-06-09,PLTR,Woersching Eric H.,,0001209191-22-035655,2022-06-07,A,43811,0.0,43811,D,,,,,,
1321655,2022-06-28,PLTR,Buckley Jeffrey,,0001209191-22-039667,2022-06-24,S,21342,10.0,368081,D,,,,,,
1321655,2022-06-28,PLTR,Taylor Ryan D.,,0001209191-22-039668,2022-06-24,S,77607,10.1098,606526,D,,,,,,
1321655,2022-07-06,PLTR,Moore Alexander D.,,0001209191-22-041166,2022-07-01,S,37076,9.1995,1923852,D,,,,,,
1321655,2022-07-26,PLTR,Sankar Shyam,,0001209191-22-043224,2022-07-22,S,125000,9.9478,1918506,D,,,,,,
1321655,2022-07-26,PLTR,Sankar Shyam,,0001209191-22-043224,2022-07-22,C,11306,,2043506,D,,,,,,
1321655,2022-08-04,PLTR,Glazer David A.,,0001209191-22-044428,2022-08-02,S,105553,11.0204,1911484,D,,,,,,
1321655,2022-08-23,PLTR,Sankar Shyam,,0001628280-22-023554,2022-08-05,G,524851,0.0,0,I,,,,,,
1321655,2022-08-24,PLTR,Cohen Stephen Andrew,,0001321655-22-000021,2022-08-24,S,97186,8.2273,592,D,,,,,,
1321655,2022-08-24,PLTR,Sankar Shyam,,0001321655-22-000020,2022-08-22,C,68558,,2223324,D,,,,,,
1321655,2022-08-24,PLTR,Sankar Shyam,,0001321655-22-000020,2022-08-22,S,107373,8.1421,2115951,D,,,,,,
1321655,2022-08-24,PLTR,Sankar Shyam,,0001321655-22-000020,2022-08-23,C,58897,,2174848,D,,,,,,
1321655,2022-08-24,PLTR,Sankar Shyam,,0001321655-22-000020,2022-08-24,C,47990,,2130595,D,,,,,,
1321655,2022-08-24,PLTR,Buckley Jeffrey,,0001321655-22-000017,2022-08-24,S,3414,8.2273,355598,D,,,,,,
1321655,2022-08-24,PLTR,Buckley Jeffrey,,0001321655-22-000017,2022-08-23,S,4191,8.0963,359012,D,,,,,,
1321655,2022-08-24,PLTR,Buckley Jeffrey,,0001321655-22-000017,2022-08-22,S,4878,8.1421,363203,D,,,,,,
1321655,2022-08-24,PLTR,Taylor Ryan D.,,0001321655-22-000018,2022-08-24,S,23397,8.2273,520990,D,,,,,,
1321655,2022-08-24,PLTR,Cohen Stephen Andrew,,0001321655-22-000021,2022-08-24,C,97186,,97778,D,,,,,,
1321655,2022-08-24,PLTR,Taylor Ryan D.,,0001321655-22-000018,2022-08-23,S,28715,8.0963,544387,D,,,,,,
1321655,2022-08-24,PLTR,Cohen Stephen Andrew,,0001321655-22-000021,2022-08-23,S,119274,8.0963,592,D,,,,,,
1321655,2022-08-24,PLTR,Cohen Stephen Andrew,,0001321655-22-000021,2022-08-23,C,119274,,119866,D,,,,,,
1321655,2022-08-24,PLTR,Cohen Stephen Andrew,,0001321655-22-000021,2022-08-22,S,138838,8.1421,592,D,,,,,,
1321655,2022-08-24,PLTR,Cohen Stephen Andrew,,0001321655-22-000021,2022-08-22,C,138838,,139430,D,,,,,,
1321655,2022-08-24,PLTR,Sankar Shyam,,0001321655-22-000020,2022-08-23,S,92243,8.0963,2082605,D,,,,,,
1321655,2022-08-24,PLTR,Sankar Shyam,,0001321655-22-000020,2022-08-24,S,75161,8.2273,2055434,D,,,,,,
1321655,2022-08-24,PLTR,Glazer David A.,,0001321655-22-000019,2022-08-22,S,37387,8.1421,1874097,D,,,,,,
1321655,2022-08-24,PLTR,Glazer David A.,,0001321655-22-000019,2022-08-23,S,32118,8.0963,1841979,D,,,,,,
1321655,2022-08-24,PLTR,Glazer David A.,,0001321655-22-000019,2022-08-24,S,26171,8.2273,1815808,D,,,,,,
1321655,2022-08-24,PLTR,Taylor Ryan D.,,0001321655-22-000018,2022-08-22,S,33424,8.1421,573102,D,,,,,,
1321655,2022-08-29,PLTR,Sankar Shyam,,0001321655-22-000023,2022-08-25,S,50000,8.2758,2005434,D,,,,,,
1321655,2022-11-23,PLTR,Sankar Shyam,,0001321655-22-000041,2022-11-21,S,108123,7.1705,1966381,D,,,,,,
1321655,2022-11-23,PLTR,Glazer David A.,,0001321655-22-000040,2022-11-21,S,37590,7.1705,1778218,D,,,,,,
1321655,2022-11-23,PLTR,Cohen Stephen Andrew,,0001321655-22-000042,2022-11-21,S,139580,7.1705,592,D,,,,,,
1321655,2022-11-23,PLTR,Cohen Stephen Andrew,,0001321655-22-000042,2022-11-22,S,139580,7.1767,592,D,,,,,,
1321655,2022-11-23,PLTR,Glazer David A.,,0001321655-22-000040,2022-11-22,S,37591,7.1767,1740627,D,,,,,,
1321655,2022-11-23,PLTR,Sankar Shyam,,0001321655-22-000041,2022-11-23,S,61786,7.2463,1905012,D,,,,,,
1321655,2022-11-23,PLTR,Cohen Stephen Andrew,,0001321655-22-000042,2022-11-23,S,79761,7.2463,592,D,,,,,,
1321655,2022-11-23,PLTR,Buckley Jeffrey,,0001321655-22-000038,2022-11-23,S,3758,7.2463,338687,D,,,,,,
1321655,2022-11-23,PLTR,Taylor Ryan D.,,0001321655-22-000039,2022-11-22,S,33606,7.1767,453778,D,,,,,,
1321655,2022-11-23,PLTR,Taylor Ryan D.,,0001321655-22-000039,2022-11-21,S,33606,7.1705,487384,D,,,,,,
1321655,2022-11-23,PLTR,Sankar Shyam,,0001321655-22-000041,2022-11-23,C,39470,,1966798,D,,,,,,
1321655,2022-11-23,PLTR,Sankar Shyam,,0001321655-22-000041,2022-11-21,C,69070,,2074504,D,,,,,,
1321655,2022-11-23,PLTR,Sankar Shyam,,0001321655-22-000041,2022-11-22,C,69071,,2035452,D,,,,,,
1321655,2022-11-23,PLTR,Sankar Shyam,,0001321655-22-000041,2022-11-22,S,108124,7.1767,1927328,D,,,,,,
1321655,2022-11-23,PLTR,Buckley Jeffrey,,0001321655-22-000038,2022-11-22,S,6577,7.1767,342445,D,,,,,,
1321655,2022-11-23,PLTR,Cohen Stephen Andrew,,0001321655-22-000042,2022-11-23,C,79761,,80353,D,,,,,,
1321655,2022-11-23,PLTR,Cohen Stephen Andrew,,0001321655-22-000042,2022-11-21,C,139580,,140172,D,,,,,,
1321655,2022-11-23,PLTR,Cohen Stephen Andrew,,0001321655-22-000042,2022-11-22,C,139580,,140172,D,,,,,,
1321655,2022-11-23,PLTR,Glazer David A.,,0001321655-22-000040,2022-11-23,S,21481,7.2463,1719146,D,,,,,,
1321655,2022-11-23,PLTR,Taylor Ryan D.,,0001321655-22-000039,2022-11-23,S,19203,7.2463,434575,D,,,,,,
1321655,2022-11-23,PLTR,Buckley Jeffrey,,0001321655-22-000038,2022-11-21,S,6576,7.1705,349022,D,,,,,,
1321655,2022-11-29,PLTR,Sankar Shyam,,0001321655-22-000043,2022-11-25,S,50000,7.2438,1855012,D,,,,,,
1321655,2022-12-08,PLTR,Karp Alexander C.,,0001321655-22-000045,2022-12-07,C,809398,,7241656,D,,,,,,
1321655,2022-12-08,PLTR,Karp Alexander C.,,0001321655-22-000045,2022-12-07,S,809398,7.1344,6432258,D,,,,,,
1321655,2022-12-08,PLTR,Karp Alexander C.,,0001321655-22-000045,2022-12-06,C,809398,,7241656,D,,,,,,
1321655,2022-12-08,PLTR,Karp Alexander C.,,0001321655-22-000045,2022-12-06,S,809398,6.998,6432258,D,,,,,,
1321655,2023-01-05,PLTR,Stat Lauren Elaina Friedman,,0001321655-23-000002,2023-01-03,S,7000,6.3804,213830,I,,,,,,
1321655,2023-02-17,PLTR,Taylor Ryan D.,,0001321655-23-000007,2023-02-15,S,153049,10.0707,281526,D,,,,,,
1321655,2023-02-17,PLTR,Glazer David A.,,0001321655-23-000006,2023-02-15,S,210042,9.5548,1509104,D,,,,,,
1321655,2023-02-23,PLTR,Sankar Shyam,,0001321655-23-000018,2023-02-23,C,69455,,1859925,D,,,,,,
1321655,2023-02-23,PLTR,Karp Alexander C.,,0001321655-23-000016,2023-02-21,C,132957,,6565215,D,,,,,,
1321655,2023-02-23,PLTR,Karp Alexander C.,,0001321655-23-000016,2023-02-23,C,164373,,6596631,D,,,,,,
1321655,2023-02-23,PLTR,Cohen Stephen Andrew,,0001321655-23-000017,2023-02-23,C,140632,,141224,D,,,,,,
1321655,2023-02-23,PLTR,Cohen Stephen Andrew,,0001321655-23-000017,2023-02-22,C,117523,,118115,D,,,,,,
1321655,2023-02-23,PLTR,Karp Alexander C.,,0001321655-23-000016,2023-02-22,S,137364,8.3473,6432258,D,,,,,,
1321655,2023-02-23,PLTR,Cohen Stephen Andrew,,0001321655-23-000017,2023-02-22,S,117523,8.3473,592,D,,,,,,
1321655,2023-02-23,PLTR,Karp Alexander C.,,0001321655-23-000016,2023-02-23,S,164373,8.1255,6432258,D,,,,,,
1321655,2023-02-23,PLTR,Cohen Stephen Andrew,,0001321655-23-000017,2023-02-23,S,140632,8.1255,592,D,,,,,,
1321655,2023-02-23,PLTR,Cohen Stephen Andrew,,0001321655-23-000017,2023-02-21,C,113753,,114345,D,,,,,,
1321655,2023-02-23,PLTR,Karp Alexander C.,,0001321655-23-000016,2023-02-22,C,137364,,6569622,D,,,,,,
1321655,2023-02-23,PLTR,Karp Alexander C.,,0001321655-23-000016,2023-02-21,S,132957,8.5508,6432258,D,,,,,,
1321655,2023-02-23,PLTR,Sankar Shyam,,0001321655-23-000018,2023-02-23,S,108701,8.1255,1751224,D,,,,,,
1321655,2023-02-23,PLTR,Glazer David A.,,0001321655-23-000019,2023-02-23,S,70347,8.1255,1323067,D,,,,,,
1321655,2023-02-23,PLTR,Glazer David A.,,0001321655-23-000019,2023-02-22,S,58788,8.3473,1393414,D,,,,,,
1321655,2023-02-23,PLTR,Cohen Stephen Andrew,,0001321655-23-000017,2023-02-21,S,113753,8.5508,592,D,,,,,,
1321655,2023-02-23,PLTR,Sankar Shyam,,0001321655-23-000018,2023-02-22,S,90840,8.3473,1790470,D,,,,,,
1321655,2023-02-23,PLTR,Taylor Ryan D.,,0001321655-23-000020,2023-02-23,S,19877,8.1255,228960,D,,,,,,
1321655,2023-02-23,PLTR,Taylor Ryan D.,,0001321655-23-000020,2023-02-21,S,16078,8.5508,265448,D,,,,,,
1321655,2023-02-23,PLTR,Sankar Shyam,,0001321655-23-000018,2023-02-21,S,87926,8.5508,1823267,D,,,,,,
1321655,2023-02-23,PLTR,Taylor Ryan D.,,0001321655-23-000020,2023-02-22,S,16611,8.3473,248837,D,,,,,,
1321655,2023-02-23,PLTR,Buckley Jeffrey,,0001321655-23-000021,2023-02-21,S,4636,8.5508,334051,D,,,,,,
1321655,2023-02-23,PLTR,Glazer David A.,,0001321655-23-000019,2023-02-21,S,56902,8.5508,1452202,D,,,,,,
1321655,2023-02-23,PLTR,Sankar Shyam,,0001321655-23-000018,2023-02-22,C,58043,,1881310,D,,,,,,
1321655,2023-02-23,PLTR,Sankar Shyam,,0001321655-23-000018,2023-02-21,C,56181,,1911193,D,,,,,,
1321655,2023-02-24,PLTR,Planishek Heather A.,,0001321655-23-000023,2023-02-22,A,683747,0.0,896770,D,,,,,,
1321655,2023-02-24,PLTR,Planishek Heather A.,,0001321655-23-000023,2023-02-22,S,3361,8.3473,893409,D,,,,,,
1321655,2023-02-24,PLTR,Planishek Heather A.,,0001321655-23-000023,2023-02-23,S,4023,8.1255,889386,D,,,,,,
1321655,2023-02-28,PLTR,Sankar Shyam,,0001321655-23-000024,2023-02-24,S,50000,8.0488,1701224,D,,,,,,
1321655,2023-03-03,PLTR,Moore Alexander D.,,0001321655-23-000026,2023-03-01,S,21900,7.75,1901952,D,,,,,,
1321655,2023-03-17,PLTR,Stat Lauren Elaina Friedman,,0001321655-23-000027,2023-03-15,S,7000,7.85,206830,I,,,,,,
1321655,2023-04-05,PLTR,Moore Alexander D.,,0001321655-23-000029,2023-04-03,S,21900,8.3509,1880052,D,,,,,,
1321655,2023-05-03,PLTR,Moore Alexander D.,,0001321655-23-000038,2023-05-01,S,21900,7.7393,1858152,D,,,,,,
1321655,2023-05-12,PLTR,Taylor Ryan D.,,0001321655-23-000046,2023-05-10,S,18700,10.0473,210260,D,,,,,,
1321655,2023-05-12,PLTR,Taylor Ryan D.,,0001321655-23-000046,2023-05-11,S,4611,10.0713,205649,D,,,,,,
1321655,2023-05-12,PLTR,Taylor Ryan D.,,0001321655-23-000046,2023-05-12,S,500,10.0,205149,D,,,,,,
1321655,2023-05-12,PLTR,Glazer David A.,,0001321655-23-000045,2023-05-10,S,48209,10.1869,1274858,D,,,,,,
1321655,2023-05-19,PLTR,Glazer David A.,,0001321655-23-000050,2023-05-17,S,141944,10.242,1132914,D,,,,,,
1321655,2023-05-19,PLTR,Taylor Ryan D.,,0001321655-23-000048,2023-05-17,S,19021,10.175,186128,D,,,,,,
1321655,2023-05-23,PLTR,Sankar Shyam,,0001321655-23-000053,2023-05-22,C,172236,,1873460,D,,,,,,
1321655,2023-05-23,PLTR,Karp Alexander C.,,0001321655-23-000051,2023-05-22,C,408862,,6841120,D,,,,,,
1321655,2023-05-23,PLTR,Cohen Stephen Andrew,,0001321655-23-000052,2023-05-22,S,348807,11.7643,592,D,,,,,,
1321655,2023-05-23,PLTR,Cohen Stephen Andrew,,0001321655-23-000052,2023-05-22,C,348807,,349399,D,,,,,,
1321655,2023-05-23,PLTR,Sankar Shyam,,0001321655-23-000053,2023-05-23,S,32529,12.6551,1571421,D,,,,,,
1321655,2023-05-23,PLTR,Sankar Shyam,,0001321655-23-000053,2023-05-22,S,269510,11.7643,1603950,D,,,,,,
1321655,2023-05-23,PLTR,Karp Alexander C.,,0001321655-23-000051,2023-05-22,S,408862,11.7643,6432258,D,,,,,,
1321655,2023-05-24,PLTR,Taylor Ryan D.,,0001321655-23-000055,2023-05-22,S,31958,11.7643,154170,D,,,,,,
1321655,2023-05-24,PLTR,Taylor Ryan D.,,0001321655-23-000055,2023-05-24,S,29887,12.1528,124283,D,,,,,,
1321655,2023-05-24,PLTR,Glazer David A.,,0001321655-23-000054,2023-05-24,S,201592,12.1528,756724,D,,,,,,
1321655,2023-05-24,PLTR,Planishek Heather A.,,0001321655-23-000056,2023-05-22,S,17362,11.7643,864815,D,,,,,,
1321655,2023-05-24,PLTR,Glazer David A.,,0001321655-23-000054,2023-05-22,S,174598,11.7643,958316,D,,,,,,
1321655,2023-06-01,PLTR,Sankar Shyam,,0001321655-23-000058,2023-05-30,C,791029,,2344979,D,,,,,,
1321655,2023-06-01,PLTR,Sankar Shyam,,0001321655-23-000058,2023-05-30,S,1031533,15.0,1313446,D,,,,,,
1321655,2023-06-07,PLTR,Karp Alexander C.,,0001321655-23-000059,2023-06-05,C,325000,,6757258,D,,,,,,
1321655,2023-06-07,PLTR,Karp Alexander C.,,0001321655-23-000059,2023-06-05,S,325000,15.4015,6432258,D,,,,,,
1321655,2023-06-09,PLTR,Planishek Heather A.,,0001321655-23-000062,2023-06-07,S,25511,14.7739,839304,D,,,,,,
1321655,2023-06-09,PLTR,Moore Alexander D.,,0001321655-23-000063,2023-06-08,S,31259,15.1354,1847315,D,,,,,,
1321655,2023-06-09,PLTR,Moore Alexander D.,,0001321655-23-000063,2023-06-07,A,20422,0.0,1878574,D,,,,,,
1321655,2023-06-09,PLTR,Schiff Alexandra W.,,0001321655-23-000064,2023-06-07,A,20422,0.0,212783,D,,,,,,
1321655,2023-06-09,PLTR,Stat Lauren Elaina Friedman,,0001321655-23-000065,2023-06-07,A,20422,0.0,72264,D,,,,,,
1321655,2023-06-09,PLTR,Woersching Eric H.,,0001321655-23-000066,2023-06-07,A,20422,0.0,64233,D,,,,,,
1321655,2023-06-20,PLTR,Stat Lauren Elaina Friedman,,0001321655-23-000068,2023-06-15,S,3595,16.3779,68669,D,,,,,,
1321655,2023-07-06,PLTR,Moore Alexander D.,,0001321655-23-000070,2023-07-03,S,37076,15.3784,1808819,D,,,,,,
1321655,2023-07-28,PLTR,Taylor Ryan D.,,0001321655-23-000079,2023-07-26,A,369067,0.0,493350,D,,,,,,
1321655,2023-08-03,PLTR,Stat Lauren Elaina Friedman,,0001321655-23-000082,2023-08-01,S,3595,19.45,65074,D,,,,,,
1321655,2023-08-03,PLTR,Planishek Heather A.,,0001321655-23-000081,2023-08-01,S,20000,20.0,817540,D,,,,,,
1321655,2023-08-03,PLTR,Planishek Heather A.,,0001321655-23-000081,2023-08-01,M,20000,4.72,837540,D,,,,,,
1321655,2023-08-03,PLTR,Sankar Shyam,,0001321655-23-000084,2023-08-01,C,1967500,,3280946,D,,,,,,
1321655,2023-08-03,PLTR,Moore Alexander D.,,0001321655-23-000083,2023-08-01,S,21900,19.8416,1786919,D,,,,,,
1321655,2023-08-03,PLTR,Sankar Shyam,,0001321655-23-000084,2023-08-01,S,1967500,20.002,1313446,D,,,,,,
1321655,2023-08-21,PLTR,Planishek Heather A.,,0001321655-23-000094,2023-08-17,S,5334,14.4038,812206,D,,,,,,
1321655,2023-08-22,PLTR,Cohen Stephen Andrew,,0001321655-23-000096,2023-08-22,S,150145,14.8054,592,D,,,,,,
1321655,2023-08-22,PLTR,Karp Alexander C.,,0001321655-23-000095,2023-08-21,C,231564,,6663822,D,,,,,,
1321655,2023-08-22,PLTR,Karp Alexander C.,,0001321655-23-000095,2023-08-21,S,231564,14.5476,6432258,D,,,,,,
1321655,2023-08-22,PLTR,Cohen Stephen Andrew,,0001321655-23-000096,2023-08-21,C,196888,,197480,D,,,,,,
1321655,2023-08-22,PLTR,Cohen Stephen Andrew,,0001321655-23-000096,2023-08-21,S,196888,14.5476,592,D,,,,,,
1321655,2023-08-22,PLTR,Cohen Stephen Andrew,,0001321655-23-000096,2023-08-22,C,150145,,150737,D,,,,,,
1321655,2023-08-22,PLTR,Karp Alexander C.,,0001321655-23-000095,2023-08-22,C,176588,,6608846,D,,,,,,
1321655,2023-08-22,PLTR,Karp Alexander C.,,0001321655-23-000095,2023-08-22,S,176588,14.8054,6432258,D,,,,,,
1321655,2023-08-23,PLTR,Sankar Shyam,,0001321655-23-000098,2023-08-21,C,97467,,1410913,D,,,,,,
1321655,2023-08-23,PLTR,Sankar Shyam,,0001321655-23-000098,2023-08-23,C,203205,,1419718,D,,,,,,
1321655,2023-08-23,PLTR,Sankar Shyam,,0001321655-23-000098,2023-08-23,G,65000,0.0,1038116,D,,,,,,
1321655,2023-08-23,PLTR,Planishek Heather A.,,0001321655-23-000099,2023-08-22,S,9853,14.8054,789232,D,,,,,,
1321655,2023-08-23,PLTR,Sankar Shyam,,0001321655-23-000098,2023-08-22,C,74328,,1332779,D,,,,,,
1321655,2023-08-23,PLTR,Sankar Shyam,,0001321655-23-000098,2023-08-23,S,316602,15.0243,1103116,D,,,,,,
1321655,2023-08-23,PLTR,Sankar Shyam,,0001321655-23-000098,2023-08-22,S,116266,14.8054,1216513,D,,,,,,
1321655,2023-08-23,PLTR,Sankar Shyam,,0001321655-23-000098,2023-08-21,S,152462,14.5476,1258451,D,,,,,,
1321655,2023-08-23,PLTR,Taylor Ryan D.,,0001321655-23-000101,2023-08-22,S,54793,14.8054,366705,D,,,,,,
1321655,2023-08-23,PLTR,Planishek Heather A.,,0001321655-23-000099,2023-08-21,S,12921,14.5476,799085,D,,,,,,
1321655,2023-08-23,PLTR,Glazer David A.,,0001321655-23-000100,2023-08-23,S,197257,15.1675,385924,D,,,,,,
1321655,2023-08-23,PLTR,Karp Alexander C.,,0001321655-23-000102,2023-08-23,S,325000,15.4022,6432258,D,,,,,,
1321655,2023-08-23,PLTR,Glazer David A.,,0001321655-23-000100,2023-08-21,S,98459,14.5476,658265,D,,,,,,
1321655,2023-08-23,PLTR,Taylor Ryan D.,,0001321655-23-000101,2023-08-21,S,71852,14.5476,421498,D,,,,,,
1321655,2023-08-23,PLTR,Glazer David A.,,0001321655-23-000100,2023-08-22,S,75084,14.8054,583181,D,,,,,,
1321655,2023-08-23,PLTR,Karp Alexander C.,,0001321655-23-000102,2023-08-23,C,325000,,6757258,D,,,,,,
1321655,2023-08-25,PLTR,Taylor Ryan D.,,0001321655-23-000103,2023-08-24,S,27049,14.2558,339656,D,,,,,,
1321655,2023-08-31,PLTR,Planishek Heather A.,,0001321655-23-000104,2023-08-29,S,26426,15.2959,762806,D,,,,,,
1321655,2023-09-06,PLTR,Moore Alexander D.,,0001321655-23-000105,2023-09-01,S,21900,15.0865,1765019,D,,,,,,
1321655,2023-09-07,PLTR,Woersching Eric H.,,0001321655-23-000106,2023-09-05,S,7000,15.167,57233,D,,,,,,
1321655,2023-09-14,PLTR,Stat Lauren Elaina Friedman,,0001321655-23-000108,2023-09-12,S,3595,15.7127,61479,D,,,,,,
1321655,2023-09-19,PLTR,Stat Lauren Elaina Friedman,,0001321655-23-000110,2023-09-15,S,7000,15.312,192830,I,,,,,,
1321655,2023-10-04,PLTR,Moore Alexander D.,,0001321655-23-000111,2023-10-02,S,21900,16.0204,1743119,D,,,,,,
1321655,2023-11-03,PLTR,Moore Alexander D.,,0001321655-23-000119,2023-11-01,S,21900,14.6953,1721219,D,,,,,,
1321655,2023-11-16,PLTR,Schiff Alexandra W.,,0001321655-23-000125,2023-11-16,S,4000,19.81,208783,D,,,,,,
1321655,2023-11-16,PLTR,Woersching Eric H.,,0001321655-23-000124,2023-11-14,S,5000,20.0,52233,D,,,,,,
1321655,2023-11-16,PLTR,THIEL PETER,,0001209191-23-055596,2023-11-14,C,3330804,0.0,0,I,,,,,,
1321655,2023-11-22,PLTR,Karp Alexander C.,,0001321655-23-000126,2023-11-20,C,325000,,6757258,D,,,,,,
1321655,2023-11-22,PLTR,Sankar Shyam,,0001321655-23-000128,2023-11-22,G,75000,0.0,752786,D,,,,,,
1321655,2023-11-22,PLTR,Cohen Stephen Andrew,,0001321655-23-000127,2023-11-20,S,201016,21.2701,736,D,,,,,,
1321655,2023-11-22,PLTR,Cohen Stephen Andrew,,0001321655-23-000127,2023-11-20,C,201160,,201752,D,,,,,,
1321655,2023-11-22,PLTR,Karp Alexander C.,,0001321655-23-000126,2023-11-21,S,144003,20.0885,6453539,D,,,,,,
1321655,2023-11-22,PLTR,Sankar Shyam,,0001321655-23-000128,2023-11-22,C,206103,,1148953,D,,,,,,
1321655,2023-11-22,PLTR,Cohen Stephen Andrew,,0001321655-23-000127,2023-11-21,C,140175,,140767,D,,,,,,
1321655,2023-11-22,PLTR,Sankar Shyam,,0001321655-23-000128,2023-11-22,S,321167,19.7575,827786,D,,,,,,
1321655,2023-11-22,PLTR,Karp Alexander C.,,0001321655-23-000126,2023-11-21,C,165284,,6597542,D,,,,,,
1321655,2023-11-22,PLTR,Cohen Stephen Andrew,,0001321655-23-000127,2023-11-21,S,122127,20.0885,18640,D,,,,,,
1321655,2023-11-22,PLTR,Karp Alexander C.,,0001321655-23-000126,2023-11-20,S,324300,21.3272,6432958,D,,,,,,
1321655,2023-11-22,PLTR,Sankar Shyam,,0001321655-23-000128,2023-11-21,C,69360,,1051333,D,,,,,,
1321655,2023-11-22,PLTR,Glazer David A.,,0001321655-23-000129,2023-11-20,S,100580,21.2701,279954,D,,,,,,
1321655,2023-11-22,PLTR,Glazer David A.,,0001321655-23-000129,2023-11-21,S,61107,20.0885,218775,D,,,,,,
1321655,2023-11-22,PLTR,Planishek Heather A.,,0001321655-23-000131,2023-11-20,S,13187,21.2701,748819,D,,,,,,
1321655,2023-11-22,PLTR,Sankar Shyam,,0001321655-23-000128,2023-11-20,S,155569,21.2701,982084,D,,,,,,
1321655,2023-11-22,PLTR,Taylor Ryan D.,,0001321655-23-000130,2023-11-21,S,44589,20.0885,218622,D,,,,,,
1321655,2023-11-22,PLTR,Taylor Ryan D.,,0001321655-23-000130,2023-11-20,S,73392,21.2701,263264,D,,,,,,
1321655,2023-11-22,PLTR,Planishek Heather A.,,0001321655-23-000131,2023-11-21,S,8012,20.0885,740798,D,,,,,,
1321655,2023-11-22,PLTR,Sankar Shyam,,0001321655-23-000128,2023-11-20,C,99537,,1137653,D,,,,,,
1321655,2023-11-22,PLTR,Glazer David A.,,0001321655-23-000129,2023-11-22,S,204900,19.7286,4844,D,,,,,,
1321655,2023-11-22,PLTR,Sankar Shyam,,0001321655-23-000128,2023-11-21,S,94515,20.0885,956818,D,,,,,,
1321655,2023-11-28,PLTR,Taylor Ryan D.,,0001321655-23-000133,2023-11-24,S,30573,19.2681,181460,D,,,,,,
1321655,2023-12-05,PLTR,Cohen Stephen Andrew,,0001321655-23-000134,2023-12-01,C,500000,,500592,D,,,,,,
1321655,2023-12-05,PLTR,Cohen Stephen Andrew,,0001321655-23-000134,2023-12-04,S,156100,19.1131,592,D,,,,,,
1321655,2023-12-05,PLTR,Cohen Stephen Andrew,,0001321655-23-000134,2023-12-01,S,500000,20.0181,592,D,,,,,,
1321655,2023-12-05,PLTR,Cohen Stephen Andrew,,0001321655-23-000134,2023-12-04,C,156100,,156692,D,,,,,,
1321655,2023-12-05,PLTR,Moore Alexander D.,,0001321655-23-000135,2023-12-01,S,21900,19.9368,1699319,D,,,,,,
1321655,2023-12-05,PLTR,Schiff Alexandra W.,,0001321655-23-000136,2023-12-01,S,4000,19.92,204783,D,,,,,,
1321655,2023-12-08,PLTR,Planishek Heather A.,,0001321655-23-000137,2023-12-06,S,27608,17.4262,712006,D,,,,,,
1321655,2024-01-04,PLTR,Moore Alexander D.,,0001321655-24-000001,2024-01-02,S,21900,16.7162,1677419,D,,,,,,
1321655,2024-01-04,PLTR,Stat Lauren Elaina Friedman,,0001321655-24-000002,2024-01-02,S,6000,16.6652,186830,I,,,,,,
1321655,2024-01-04,PLTR,Schiff Alexandra W.,,0001321655-24-000003,2024-01-03,S,4000,16.11,200783,D,,,,,,
1321655,2024-01-12,RBT,Palantir Technologies Inc.,,0001321655-24-000008,2024-01-05,S,24884,1.5161,5455953,D,,,,,,
1321655,2024-01-12,RBT,Palantir Technologies Inc.,,0001321655-24-000008,2024-01-04,S,12500,1.5861,5480837,D,,,,,,
1321655,2024-01-12,RBT,Palantir Technologies Inc.,,0001321655-24-000008,2024-01-03,S,15901,1.6506,5493337,D,,,,,,
1321655,2024-01-12,RBT,Palantir Technologies Inc.,,0001321655-24-000008,2024-01-09,S,28353,1.3757,5385494,D,,,,,,
1321655,2024-01-12,RBT,Palantir Technologies Inc.,,0001321655-24-000008,2024-01-10,S,19700,1.289,5365794,D,,,,,,
1321655,2024-01-12,RBT,Palantir Technologies Inc.,,0001321655-24-000008,2024-01-08,S,42106,1.3845,5413847,D,,,,,,
1321655,2024-02-05,PLTR,Schiff Alexandra W.,,0001321655-24-000012,2024-02-01,S,4000,16.2,196783,D,,,,,,
1321655,2024-02-05,PLTR,Moore Alexander D.,,0001321655-24-000011,2024-02-01,S,21900,16.2509,1655519,D,,,,,,
1321655,2024-02-08,PLTR,Taylor Ryan D.,,0001321655-24-000013,2024-02-06,M,120000,4.72,301460,D,,,,,,
1321655,2024-02-08,PLTR,Taylor Ryan D.,,0001321655-24-000013,2024-02-06,S,120000,22.0,181460,D,,,,,,
1321655,2024-02-08,PLTR,Taylor Ryan D.,,0001321655-24-000013,2024-02-08,M,150000,4.72,331460,D,,,,,,
1321655,2024-02-08,PLTR,Taylor Ryan D.,,0001321655-24-000013,2024-02-08,S,150000,24.0005,181460,D,,,,,,
1321655,2024-02-09,PLTR,Cohen Stephen Andrew,,0001321655-24-000015,2024-02-07,C,329980,,330572,D,,,,,,
1321655,2024-02-09,PLTR,Cohen Stephen Andrew,,0001321655-24-000015,2024-02-07,S,329980,23.6733,592,D,,,,,,
1321655,2024-02-09,PLTR,Karp Alexander C.,,0001321655-24-000014,2024-02-07,S,975000,22.4179,6432258,D,,,,,,
1321655,2024-02-09,PLTR,Karp Alexander C.,,0001321655-24-000014,2024-02-07,C,975000,,7407258,D,,,,,,
1321655,2024-02-12,PLTR,Sankar Shyam,,0001321655-24-000019,2024-02-12,C,29168,,781954,D,,,,,,
1321655,2024-02-12,PLTR,Sankar Shyam,,0001321655-24-000019,2024-02-09,C,89184,,841970,D,,,,,,
1321655,2024-02-12,PLTR,Sankar Shyam,,0001321655-24-000019,2024-02-09,S,89184,25.0302,752786,D,,,,,,
1321655,2024-02-12,PLTR,Sankar Shyam,,0001321655-24-000019,2024-02-08,S,418936,25.0048,752786,D,,,,,,
1321655,2024-02-12,PLTR,Sankar Shyam,,0001321655-24-000019,2024-02-08,C,418936,,1171722,D,,,,,,
1321655,2024-02-12,PLTR,Glazer David A.,,0001321655-24-000017,2024-02-08,S,360000,24.7358,4344,D,,,,,,
1321655,2024-02-12,PLTR,Sankar Shyam,,0001321655-24-000019,2024-02-12,S,29168,25.0026,752786,D,,,,,,
1321655,2024-02-12,PLTR,Glazer David A.,,0001321655-24-000017,2024-02-08,M,360000,4.72,364344,D,,,,,,
1321655,2024-02-13,PLTR,Stat Lauren Elaina Friedman,,0001321655-24-000020,2024-02-09,S,5000,25.1,181830,I,,,,,,
1321655,2024-02-22,PLTR,Karp Alexander C.,,0001321655-24-000027,2024-02-21,S,213846,22.6546,6432258,D,,,,,,
1321655,2024-02-22,PLTR,Karp Alexander C.,,0001321655-24-000027,2024-02-20,S,617460,23.1158,6464798,D,,,,,,
1321655,2024-02-22,PLTR,Sankar Shyam,,0001321655-24-000029,2024-02-20,C,88219,,841005,D,,,,,,
1321655,2024-02-22,PLTR,Cohen Stephen Andrew,,0001321655-24-000028,2024-02-21,S,181098,22.6546,592,D,,,,,,
1321655,2024-02-22,PLTR,Sankar Shyam,,0001321655-24-000029,2024-02-21,S,89562,22.6546,752786,D,,,,,,
1321655,2024-02-22,PLTR,Cohen Stephen Andrew,,0001321655-24-000028,2024-02-20,S,170661,23.2413,8313,D,,,,,,
1321655,2024-02-22,PLTR,Sankar Shyam,,0001321655-24-000029,2024-02-22,S,50000,23.565,752786,D,,,,,,
1321655,2024-02-22,PLTR,Planishek Heather A.,,0001321655-24-000030,2024-02-21,S,8651,22.6546,694834,D,,,,,,
1321655,2024-02-22,PLTR,Karp Alexander C.,,0001321655-24-000027,2024-02-21,C,213846,,6646104,D,,,,,,
1321655,2024-02-22,PLTR,Planishek Heather A.,,0001321655-24-000030,2024-02-20,S,8152,23.2413,703854,D,,,,,,
1321655,2024-02-22,PLTR,Cohen Stephen Andrew,,0001321655-24-000028,2024-02-21,C,181098,,181690,D,,,,,,
1321655,2024-02-22,PLTR,Sankar Shyam,,0001321655-24-000029,2024-02-21,C,89562,,842348,D,,,,,,
1321655,2024-02-22,PLTR,Cohen Stephen Andrew,,0001321655-24-000028,2024-02-20,C,178382,,178974,D,,,,,,
1321655,2024-02-22,PLTR,Sankar Shyam,,0001321655-24-000029,2024-02-20,S,84401,23.2413,756604,D,,,,,,
1321655,2024-02-22,PLTR,Karp Alexander C.,,0001321655-24-000027,2024-02-20,C,650000,,7082258,D,,,,,,
1321655,2024-02-22,PLTR,Sankar Shyam,,0001321655-24-000029,2024-02-22,C,50000,,802786,D,,,,,,
1321655,2024-03-05,PLTR,Moore Alexander D.,,0001321655-24-000037,2024-03-01,S,20000,24.9617,1635519,D,,,,,,
1321655,2024-03-05,PLTR,Schiff Alexandra W.,,0001321655-24-000038,2024-03-01,S,5000,24.9097,191783,D,,,,,,
1321655,2024-03-08,PLTR,Planishek Heather A.,,0001321655-24-000039,2024-03-06,S,6000,25.0347,688834,D,,,,,,
1321655,2024-03-12,PLTR,THIEL PETER,isDirector,0001415889-24-007747,2024-03-12,S,6914475,24.7724,70936713,I,,,,,,
1321655,2024-03-19,PLTR,Stat Lauren Elaina Friedman,,0001321655-24-000040,2024-03-15,S,6000,23.6832,175830,I,,,,,,
1321655,2024-04-02,PLTR,Taylor Ryan D.,,0001321655-24-000045,2024-03-31,A,173838,0.0,355298,D,,,,,,
1321655,2024-04-02,PLTR,Glazer David A.,,0001321655-24-000044,2024-03-31,A,173838,0.0,178182,D,,,,,,
1321655,2024-04-03,PLTR,Schiff Alexandra W.,,0001321655-24-000047,2024-04-01,S,5000,22.7434,186783,D,,,,,,
1321655,2024-04-03,PLTR,Moore Alexander D.,,0001321655-24-000046,2024-04-01,S,20000,22.7347,1615519,D,,,,,,
1321655,2024-04-16,RBT,Palantir Technologies Inc.,,0001321655-24-000049,2024-04-15,S,8859,0.3335,5338195,D,,,,,,
1321655,2024-04-16,RBT,Palantir Technologies Inc.,,0001321655-24-000049,2024-04-16,S,24362,0.3074,5313833,D,,,,,,
1321655,2024-04-16,RBT,Palantir Technologies Inc.,,0001321655-24-000049,2024-04-12,S,18740,0.3462,5347054,D,,,,,,
1321655,2024-04-19,RBT,Palantir Technologies Inc.,,0001321655-24-000050,2024-04-17,S,11690,0.3226,5302143,D,,,,,,
1321655,2024-04-19,RBT,Palantir Technologies Inc.,,0001321655-24-000050,2024-04-18,S,16140,0.3273,5286003,D,,,,,,
1321655,2024-04-19,RBT,Palantir Technologies Inc.,,0001321655-24-000050,2024-04-19,S,12086,0.3428,5273917,D,,,,,,
1321655,2024-04-24,RBT,Palantir Technologies Inc.,,0001321655-24-000051,2024-04-24,S,18621,0.3744,5233625,D,,,,,,
1321655,2024-04-24,RBT,Palantir Technologies Inc.,,0001321655-24-000051,2024-04-22,S,3200,0.3403,5270717,D,,,,,,
1321655,2024-04-24,RBT,Palantir Technologies Inc.,,0001321655-24-000051,2024-04-23,S,18471,0.3677,5252246,D,,,,,,
1321655,2024-05-03,PLTR,Moore Alexander D.,,0001321655-24-000064,2024-05-01,S,18900,21.9757,1596619,D,,,,,,
1321655,2024-05-10,PLTR,THIEL PETER,isDirector,0001415889-24-012934,2024-05-09,S,1669411,21.2601,62851188,I,,,,,,
1321655,2024-05-10,PLTR,THIEL PETER,isDirector,0001415889-24-012934,2024-05-08,S,6285833,21.3303,64520599,I,,,,,,
1321655,2024-05-10,PLTR,THIEL PETER,isDirector,0001415889-24-012934,2024-05-10,S,5000000,20.784,15733625,I,,,,,,
1321655,2024-05-22,PLTR,Sankar Shyam,,0001321655-24-000074,2024-05-20,S,82619,21.4268,752786,D,,,,,,
1321655,2024-05-22,PLTR,Karp Alexander C.,,0001321655-24-000072,2024-05-20,S,325000,21.459,6432258,D,,,,,,
1321655,2024-05-22,PLTR,Taylor Ryan D.,,0001321655-24-000076,2024-05-22,S,9657,21.2952,265447,D,,,,,,
1321655,2024-05-22,PLTR,Cohen Stephen Andrew,,0001321655-24-000073,2024-05-20,S,170584,21.4268,592,D,,,,,,
1321655,2024-05-22,PLTR,Sankar Shyam,,0001321655-24-000074,2024-05-21,S,68212,21.2405,752786,D,,,,,,
1321655,2024-05-22,PLTR,Planishek Heather A.,,0001321655-24-000077,2024-05-20,S,10907,21.4268,651099,D,,,,,,
1321655,2024-05-22,PLTR,Planishek Heather A.,,0001321655-24-000077,2024-05-22,S,2398,21.2952,639696,D,,,,,,
1321655,2024-05-22,PLTR,Glazer David A.,,0001321655-24-000075,2024-05-20,S,37921,21.4268,140261,D,,,,,,
1321655,2024-05-22,PLTR,Karp Alexander C.,,0001321655-24-000072,2024-05-22,S,43417,21.2952,6432258,D,,,,,,
1321655,2024-05-22,PLTR,Planishek Heather A.,,0001321655-24-000077,2024-05-21,S,9005,21.2405,642094,D,,,,,,
1321655,2024-05-22,PLTR,Cohen Stephen Andrew,,0001321655-24-000073,2024-05-22,C,37501,,38093,D,,,,,,
1321655,2024-05-22,PLTR,Cohen Stephen Andrew,,0001321655-24-000073,2024-05-21,C,140838,,141430,D,,,,,,
1321655,2024-05-22,PLTR,Sankar Shyam,,0001321655-24-000074,2024-05-22,C,18162,,770948,D,,,,,,
1321655,2024-05-22,PLTR,Karp Alexander C.,,0001321655-24-000072,2024-05-22,C,43417,,6475675,D,,,,,,
1321655,2024-05-22,PLTR,Glazer David A.,,0001321655-24-000075,2024-05-21,S,31308,21.2405,108953,D,,,,,,
1321655,2024-05-22,PLTR,Cohen Stephen Andrew,,0001321655-24-000073,2024-05-22,S,37501,21.2952,592,D,,,,,,
1321655,2024-05-22,PLTR,Sankar Shyam,,0001321655-24-000074,2024-05-20,C,82619,,835405,D,,,,,,
1321655,2024-05-22,PLTR,Karp Alexander C.,,0001321655-24-000072,2024-05-21,C,163056,,6595314,D,,,,,,
1321655,2024-05-22,PLTR,Cohen Stephen Andrew,,0001321655-24-000073,2024-05-20,C,170584,,171176,D,,,,,,
1321655,2024-05-22,PLTR,Taylor Ryan D.,,0001321655-24-000076,2024-05-20,S,43927,21.4268,311371,D,,,,,,
1321655,2024-05-22,PLTR,Glazer David A.,,0001321655-24-000075,2024-05-22,S,8336,21.2952,100617,D,,,,,,
1321655,2024-05-22,PLTR,Sankar Shyam,,0001321655-24-000074,2024-05-22,S,18162,21.2952,752786,D,,,,,,
1321655,2024-05-22,PLTR,Sankar Shyam,,0001321655-24-000074,2024-05-21,C,68212,,820998,D,,,,,,
1321655,2024-05-22,PLTR,Karp Alexander C.,,0001321655-24-000072,2024-05-21,S,163056,21.2405,6432258,D,,,,,,
1321655,2024-05-22,PLTR,Taylor Ryan D.,,0001321655-24-000076,2024-05-21,S,36267,21.2405,275104,D,,,,,,
1321655,2024-05-22,PLTR,Karp Alexander C.,,0001321655-24-000072,2024-05-20,C,325000,,6757258,D,,,,,,
1321655,2024-05-22,PLTR,Cohen Stephen Andrew,,0001321655-24-000073,2024-05-21,S,140838,21.2405,592,D,,,,,,
1321655,2024-05-28,PLTR,Sankar Shyam,,0001321655-24-000081,2024-05-23,C,50000,,802786,D,,,,,,
1321655,2024-05-28,PLTR,Sankar Shyam,,0001321655-24-000081,2024-05-23,S,50000,20.8855,752786,D,,,,,,
1321655,2024-06-04,RBT,Palantir Technologies Inc.,,0001321655-24-000086,2024-06-03,S,28192,0.2176,12191444,D,,,,,,
1321655,2024-06-04,RBT,Palantir Technologies Inc.,,0001321655-24-000086,2024-06-04,S,42300,0.1996,12149144,D,,,,,,
1321655,2024-06-04,RBT,Palantir Technologies Inc.,,0001321655-24-000086,2024-05-31,S,70698,0.2171,12219636,D,,,,,,
1321655,2024-06-07,RBT,Palantir Technologies Inc.,,0001321655-24-000089,2024-06-05,S,51063,0.1965,12098081,D,,,,,,
1321655,2024-06-07,RBT,Palantir Technologies Inc.,,0001321655-24-000089,2024-06-06,S,67448,0.1847,12030633,D,,,,,,
1321655,2024-06-07,RBT,Palantir Technologies Inc.,,0001321655-24-000089,2024-06-07,S,179695,0.1649,11850938,D,,,,,,
1321655,2024-06-10,PLTR,Woersching Eric H.,,0001321655-24-000093,2024-06-06,A,12610,0.0,64843,D,,,,,,
1321655,2024-06-10,PLTR,Moore Alexander D.,,0001321655-24-000090,2024-06-06,A,12610,0.0,1608129,D,,,,,,
1321655,2024-06-10,PLTR,Moore Alexander D.,,0001321655-24-000090,2024-06-10,S,20422,22.9432,1587707,D,,,,,,
1321655,2024-06-10,PLTR,Schiff Alexandra W.,,0001321655-24-000091,2024-06-06,A,12610,0.0,199393,D,,,,,,
1321655,2024-06-10,PLTR,Stat Lauren Elaina Friedman,,0001321655-24-000092,2024-06-06,A,12610,0.0,74089,D,,,,,,
1321655,2024-06-10,PLTR,Woersching Eric H.,,0001321655-24-000093,2024-06-07,S,26000,23.3151,38843,D,,,,,,
1321655,2024-06-13,RBTC,Palantir Technologies Inc.,,0001321655-24-000095,2024-06-11,S,772313,0.0561,11078625,D,,,,,,
1321655,2024-06-13,RBTC,Palantir Technologies Inc.,,0001321655-24-000095,2024-06-12,S,366853,0.081,10711772,D,,,,,,
1321655,2024-06-13,RBTC,Palantir Technologies Inc.,,0001321655-24-000095,2024-06-13,S,42287,0.0715,10669485,D,,,,,,
1321655,2024-06-13,PLTR,Taylor Ryan D.,,0001321655-24-000094,2024-06-11,S,593,23.09,264854,D,,,,,,
1321655,2024-06-14,PLTR,Woersching Eric H.,,0001321655-24-000097,2024-06-12,S,3000,24.24,35843,D,,,,,,
1321655,2024-06-14,PLTR,Planishek Heather A.,,0001321655-24-000096,2024-06-12,S,27690,23.9118,612006,D,,,,,,
1321655,2024-06-20,PLTR,Stat Lauren Elaina Friedman,,0001321655-24-000098,2024-06-17,S,1300,23.8054,72789,D,,,,,,
1321655,2024-06-21,PLTR,Woersching Eric H.,,0001321655-24-000099,2024-06-18,S,3000,26.0,32843,D,,,,,,
1321655,2024-07-02,PLTR,Glazer David A.,,0001321655-24-000103,2024-06-30,A,197395,0.0,298012,D,,,,,,
1321655,2024-07-02,PLTR,Taylor Ryan D.,,0001321655-24-000101,2024-06-30,A,197395,0.0,462249,D,,,,,,
1321655,2024-07-08,RBTC,Palantir Technologies Inc.,,0001321655-24-000115,2024-07-08,S,87182,0.1328,10552084,D,,,,,,
1321655,2024-07-08,RBTC,Palantir Technologies Inc.,,0001321655-24-000115,2024-07-05,S,20000,0.113,10639266,D,,,,,,
1321655,2024-07-08,RBTC,Palantir Technologies Inc.,,0001321655-24-000115,2024-07-03,S,10219,0.12,10659266,D,,,,,,
1321655,2024-07-11,RBTC,Palantir Technologies Inc.,,0001321655-24-000117,2024-07-11,S,30000,0.1098,10441315,D,,,,,,
1321655,2024-07-11,RBTC,Palantir Technologies Inc.,,0001321655-24-000117,2024-07-09,S,50000,0.1249,10502084,D,,,,,,
1321655,2024-07-11,RBTC,Palantir Technologies Inc.,,0001321655-24-000117,2024-07-10,S,30769,0.1218,10471315,D,,,,,,
1321655,2024-07-11,PLTR,Woersching Eric H.,,0001321655-24-000116,2024-07-09,S,3026,28.0,29817,D,,,,,,
1321655,2024-07-12,PLTR,Moore Alexander D.,,0001321655-24-000118,2024-07-10,S,36577,27.8053,1551130,D,,,,,,
1321655,2024-07-16,RBTC,Palantir Technologies Inc.,,0001321655-24-000119,2024-07-12,S,38400,0.1021,10402915,D,,,,,,
1321655,2024-07-16,RBTC,Palantir Technologies Inc.,,0001321655-24-000119,2024-07-15,S,50000,0.1009,10352915,D,,,,,,
1321655,2024-07-16,RBTC,Palantir Technologies Inc.,,0001321655-24-000119,2024-07-16,S,38672,0.0959,10314243,D,,,,,,
1321655,2024-07-17,PLTR,Stat Lauren Elaina Friedman,,0001321655-24-000120,2024-07-15,S,2000,28.97,69039,D,,,,,,
1321655,2024-07-19,RBTC,Palantir Technologies Inc.,,0001321655-24-000121,2024-07-17,S,3090,0.0935,10311153,D,,,,,,
1321655,2024-07-19,RBTC,Palantir Technologies Inc.,,0001321655-24-000121,2024-07-18,S,19164,0.0955,10291989,D,,,,,,
1321655,2024-07-19,RBTC,Palantir Technologies Inc.,,0001321655-24-000121,2024-07-19,S,23600,0.0911,10268389,D,,,,,,
1321655,2024-07-22,PLTR,Glazer David A.,,0001321655-24-000122,2024-07-18,M,52656,4.72,350668,D,,,,,,
1321655,2024-07-22,PLTR,Glazer David A.,,0001321655-24-000122,2024-07-18,S,90000,29.3638,298012,D,,,,,,
1321655,2024-07-24,RBTC,Palantir Technologies Inc.,,0001321655-24-000123,2024-07-22,S,19998,0.0915,10248391,D,,,,,,
1321655,2024-07-30,RBTC,Palantir Technologies Inc.,,0001321655-24-000125,2024-07-26,S,5278,0.0826,10243113,D,,,,,,
1321655,2024-07-30,RBTC,Palantir Technologies Inc.,,0001321655-24-000125,2024-07-29,S,19652,0.0877,10223461,D,,,,,,
1321655,2024-07-30,RBTC,Palantir Technologies Inc.,,0001321655-24-000125,2024-07-30,S,21327,0.08,10202134,D,,,,,,
1321655,2024-08-02,RBTC,Palantir Technologies Inc.,,0001321655-24-000128,2024-08-02,S,10066,0.07,10073971,D,,,,,,
1321655,2024-08-02,RBTC,Palantir Technologies Inc.,,0001321655-24-000128,2024-07-31,S,38097,0.0725,10164037,D,,,,,,
1321655,2024-08-02,RBTC,Palantir Technologies Inc.,,0001321655-24-000128,2024-08-01,S,80000,0.0684,10084037,D,,,,,,
1321655,2024-08-05,PLTR,Stat Lauren Elaina Friedman,,0001321655-24-000137,2024-08-01,S,2350,26.213,66689,D,,,,,,
1321655,2024-08-05,PLTR,Moore Alexander D.,,0001321655-24-000136,2024-08-01,S,11660,26.3828,1538970,D,,,,,,
1321655,2024-08-07,RBTC,Palantir Technologies Inc.,,0001321655-24-000140,2024-08-05,S,19300,0.0586,10054671,D,,,,,,
1321655,2024-08-07,RBTC,Palantir Technologies Inc.,,0001321655-24-000140,2024-08-06,S,17332,0.0601,10037339,D,,,,,,
1321655,2024-08-07,RBTC,Palantir Technologies Inc.,,0001321655-24-000140,2024-08-07,S,20000,0.0555,10017339,D,,,,,,
1321655,2024-08-12,RBTC,Palantir Technologies Inc.,,0001321655-24-000141,2024-08-09,S,20667,0.0792,9884112,D,,,,,,
1321655,2024-08-12,RBTC,Palantir Technologies Inc.,,0001321655-24-000141,2024-08-12,S,17358,0.0569,9866754,D,,,,,,
1321655,2024-08-12,RBTC,Palantir Technologies Inc.,,0001321655-24-000141,2024-08-08,S,112560,0.063,9904779,D,,,,,,
1321655,2024-08-13,PLTR,Taylor Ryan D.,,0001321655-24-000142,2024-08-09,M,160000,4.72,622249,D,,,,,,
1321655,2024-08-13,PLTR,Taylor Ryan D.,,0001321655-24-000142,2024-08-09,S,249684,30.0134,372565,D,,,,,,
1321655,2024-08-14,PLTR,Glazer David A.,,0001321655-24-000143,2024-08-14,S,72500,31.18,298012,D,,,,,,
1321655,2024-08-14,PLTR,Glazer David A.,,0001321655-24-000143,2024-08-12,S,107500,31.1804,298012,D,,,,,,
1321655,2024-08-14,PLTR,Planishek Heather A.,,0001321655-24-000144,2024-08-12,S,20000,30.2428,612006,D,,,,,,
1321655,2024-08-14,PLTR,Glazer David A.,,0001321655-24-000143,2024-08-12,M,107500,4.72,405512,D,,,,,,
1321655,2024-08-14,PLTR,Planishek Heather A.,,0001321655-24-000144,2024-08-12,M,20000,4.72,632006,D,,,,,,
1321655,2024-08-14,PLTR,Glazer David A.,,0001321655-24-000143,2024-08-14,M,72500,4.72,370512,D,,,,,,
1321655,2024-08-15,RBTC,Palantir Technologies Inc.,,0001321655-24-000145,2024-08-14,S,41930,0.0572,9767110,D,,,,,,
1321655,2024-08-15,RBTC,Palantir Technologies Inc.,,0001321655-24-000145,2024-08-13,S,57714,0.0566,9809040,D,,,,,,
1321655,2024-08-20,PLTR,Taylor Ryan D.,,0001321655-24-000146,2024-08-16,M,160000,4.72,532565,D,,,,,,
1321655,2024-08-20,PLTR,Taylor Ryan D.,,0001321655-24-000146,2024-08-16,S,160000,32.001,372565,D,,,,,,
1321655,2024-08-22,PLTR,Sankar Shyam,,0001321655-24-000149,2024-08-21,S,80691,32.2589,752786,D,,,,,,
1321655,2024-08-22,PLTR,Glazer David A.,,0001321655-24-000150,2024-08-21,S,41969,32.2589,210991,D,,,,,,
1321655,2024-08-22,PLTR,Cohen Stephen Andrew,,0001321655-24-000148,2024-08-21,S,166329,32.2589,592,D,,,,,,
1321655,2024-08-22,PLTR,Planishek Heather A.,,0001321655-24-000152,2024-08-21,S,10594,32.2589,590039,D,,,,,,
1321655,2024-08-22,PLTR,Taylor Ryan D.,,0001321655-24-000151,2024-08-21,S,47851,32.2589,273347,D,,,,,,
1321655,2024-08-22,PLTR,Planishek Heather A.,,0001321655-24-000152,2024-08-20,S,11335,32.2484,600671,D,,,,,,
1321655,2024-08-22,PLTR,Taylor Ryan D.,,0001321655-24-000151,2024-08-20,S,51196,32.2484,321369,D,,,,,,
1321655,2024-08-22,PLTR,Sankar Shyam,,0001321655-24-000149,2024-08-22,C,50000,,802786,D,,,,,,
1321655,2024-08-22,PLTR,Karp Alexander C.,,0001321655-24-000147,2024-08-22,C,575072,,7007330,D,,,,,,
1321655,2024-08-22,PLTR,Cohen Stephen Andrew,,0001321655-24-000148,2024-08-20,S,177956,32.2484,1187,D,,,,,,
1321655,2024-08-22,PLTR,Sankar Shyam,,0001321655-24-000149,2024-08-20,S,86332,32.2484,753075,D,,,,,,
1321655,2024-08-22,PLTR,Karp Alexander C.,,0001321655-24-000147,2024-08-22,S,535097,32.1682,6472233,D,,,,,,
1321655,2024-08-22,PLTR,Karp Alexander C.,,0001321655-24-000147,2024-08-21,C,192878,,6625136,D,,,,,,
1321655,2024-08-22,PLTR,Glazer David A.,,0001321655-24-000150,2024-08-20,S,44902,32.2484,253110,D,,,,,,
1321655,2024-08-22,PLTR,Sankar Shyam,,0001321655-24-000149,2024-08-21,C,80691,,833477,D,,,,,,
1321655,2024-08-22,PLTR,Karp Alexander C.,,0001321655-24-000147,2024-08-20,S,206360,32.2484,6432948,D,,,,,,
1321655,2024-08-22,PLTR,Karp Alexander C.,,0001321655-24-000147,2024-08-20,C,207050,,6639308,D,,,,,,
1321655,2024-08-22,PLTR,Cohen Stephen Andrew,,0001321655-24-000148,2024-08-20,C,178551,,179143,D,,,,,,
1321655,2024-08-22,PLTR,Sankar Shyam,,0001321655-24-000149,2024-08-20,C,86621,,839407,D,,,,,,
1321655,2024-08-22,PLTR,Karp Alexander C.,,0001321655-24-000147,2024-08-21,S,192878,32.2589,6432258,D,,,,,,
1321655,2024-08-22,PLTR,Sankar Shyam,,0001321655-24-000149,2024-08-22,S,50000,32.3466,752786,D,,,,,,
1321655,2024-08-22,PLTR,Cohen Stephen Andrew,,0001321655-24-000148,2024-08-21,C,166329,,166921,D,,,,,,
1321655,2024-08-26,RBTC,Palantir Technologies Inc.,,0001321655-24-000153,2024-08-23,S,100000,0.0635,9567110,D,,,,,,
1321655,2024-08-26,RBTC,Palantir Technologies Inc.,,0001321655-24-000153,2024-08-22,S,100000,0.0583,9667110,D,,,,,,
1321655,2024-08-26,RBTC,Palantir Technologies Inc.,,0001321655-24-000153,2024-08-26,S,10513,0.0551,9556597,D,,,,,,
1321655,2024-08-29,RBTC,Palantir Technologies Inc.,,0001321655-24-000154,2024-08-29,S,49360,0.0581,9471315,D,,,,,,
1321655,2024-08-29,RBTC,Palantir Technologies Inc.,,0001321655-24-000154,2024-08-27,S,34889,0.0576,9521708,D,,,,,,
1321655,2024-08-29,RBTC,Palantir Technologies Inc.,,0001321655-24-000154,2024-08-28,S,1033,0.05,9520675,D,,,,,,
1321655,2024-09-03,PLTR,Planishek Heather A.,,0001321655-24-000155,2024-08-29,S,14016,30.67,576023,D,,,,,,
1321655,2024-09-04,RBTC,Palantir Technologies Inc.,,0001321655-24-000156,2024-09-03,S,156629,0.0652,9174561,D,,,,,,
1321655,2024-09-04,RBTC,Palantir Technologies Inc.,,0001321655-24-000156,2024-08-30,S,140125,0.0626,9331190,D,,,,,,
1321655,2024-09-04,RBTC,Palantir Technologies Inc.,,0001321655-24-000156,2024-09-04,S,43211,0.0684,9131350,D,,,,,,
1321655,2024-09-05,PLTR,Moore Alexander D.,,0001321655-24-000157,2024-09-03,S,17996,30.8391,1512634,D,,,,,,
1321655,2024-09-09,RBTC,Palantir Technologies Inc.,,0001321655-24-000160,2024-09-05,S,40000,0.058,9091350,D,,,,,,
1321655,2024-09-09,RBTC,Palantir Technologies Inc.,,0001321655-24-000160,2024-09-06,S,87833,0.0577,9003517,D,,,,,,
1321655,2024-09-09,RBTC,Palantir Technologies Inc.,,0001321655-24-000160,2024-09-09,S,2271,0.0611,9001246,D,,,,,,
1321655,2024-09-09,PLTR,Taylor Ryan D.,,0001321655-24-000159,2024-09-05,A,149205,0.0,331369,D,,,,,,
1321655,2024-09-09,PLTR,Glazer David A.,,0001321655-24-000158,2024-09-05,A,149205,0.0,360196,D,,,,,,
1321655,2024-09-11,PLTR,Planishek Heather A.,,0001321655-24-000163,2024-09-09,M,20000,4.72,596023,D,,,,,,
1321655,2024-09-11,PLTR,Stat Lauren Elaina Friedman,,0001321655-24-000164,2024-09-09,S,6050,33.19,158280,I,,,,,,
1321655,2024-09-11,PLTR,Planishek Heather A.,,0001321655-24-000163,2024-09-09,S,20000,33.7427,576023,D,,,,,,
1321655,2024-09-12,RBTC,Palantir Technologies Inc.,,0001321655-24-000167,2024-09-12,S,22681,0.056,8848948,D,,,,,,
1321655,2024-09-12,PLTR,Taylor Ryan D.,,0001321655-24-000166,2024-09-12,M,155539,4.72,486908,D,,,,,,
1321655,2024-09-12,RBTC,Palantir Technologies Inc.,,0001321655-24-000167,2024-09-11,S,7917,0.0606,8871629,D,,,,,,
1321655,2024-09-12,PLTR,Taylor Ryan D.,,0001321655-24-000166,2024-09-10,M,4461,4.72,335830,D,,,,,,
1321655,2024-09-12,PLTR,Taylor Ryan D.,,0001321655-24-000166,2024-09-10,S,4461,35.0114,331369,D,,,,,,
1321655,2024-09-12,RBTC,Palantir Technologies Inc.,,0001321655-24-000167,2024-09-10,S,121700,0.0576,8879546,D,,,,,,
1321655,2024-09-12,PLTR,Taylor Ryan D.,,0001321655-24-000166,2024-09-12,S,155539,35.0175,331369,D,,,,,,
1321655,2024-09-16,SRFM,Palantir Technologies Inc.,,0001321655-24-000170,2024-09-12,S,8300,1.4965,1515122,D,,,,,,
1321655,2024-09-16,SRFM,Palantir Technologies Inc.,,0001321655-24-000170,2024-09-13,S,5131,1.4929,1509991,D,,,,,,
1321655,2024-09-16,SRFM,Palantir Technologies Inc.,,0001321655-24-000170,2024-09-16,S,6673,1.3456,1503318,D,,,,,,
1321655,2024-09-17,PLTR,Karp Alexander C.,,0001321655-24-000171,2024-09-13,S,246502,36.0,6432258,D,,,,,,
1321655,2024-09-17,PLTR,Karp Alexander C.,,0001321655-24-000171,2024-09-17,S,4048271,36.2611,6637485,D,,,,,,
1321655,2024-09-17,RBTC,Palantir Technologies Inc.,,0001321655-24-000172,2024-09-16,S,22812,0.0581,8768336,D,,,,,,
1321655,2024-09-17,PLTR,Karp Alexander C.,,0001321655-24-000171,2024-09-13,C,246502,,6678760,D,,,,,,
1321655,2024-09-17,PLTR,Karp Alexander C.,,0001321655-24-000171,2024-09-16,C,4500000,,10932258,D,,,,,,
1321655,2024-09-17,RBTC,Palantir Technologies Inc.,,0001321655-24-000172,2024-09-17,S,80000,0.0502,8688336,D,,,,,,
1321655,2024-09-17,PLTR,Karp Alexander C.,,0001321655-24-000171,2024-09-17,C,4253498,,10685756,D,,,,,,
1321655,2024-09-17,PLTR,Karp Alexander C.,,0001321655-24-000171,2024-09-16,S,4500000,36.0697,6432258,D,,,,,,
1321655,2024-09-17,RBTC,Palantir Technologies Inc.,,0001321655-24-000172,2024-09-13,S,57800,0.058,8791148,D,,,,,,
1321655,2024-09-18,PLTR,Stat Lauren Elaina Friedman,,0001321655-24-000173,2024-09-16,S,5300,36.2899,152980,I,,,,,,
1321655,2024-09-19,SRFM,Palantir Technologies Inc.,,0001321655-24-000175,2024-09-18,S,2929,1.2667,1493611,D,,,,,,
1321655,2024-09-19,SRFM,Palantir Technologies Inc.,,0001321655-24-000175,2024-09-19,S,7965,1.1535,1485646,D,,,,,,
1321655,2024-09-19,SRFM,Palantir Technologies Inc.,,0001321655-24-000175,2024-09-17,S,6778,1.2428,1496540,D,,,,,,
1321655,2024-09-20,RBTC,Palantir Technologies Inc.,,0001321655-24-000176,2024-09-20,S,55262,0.0562,8525105,D,,,,,,
1321655,2024-09-20,RBTC,Palantir Technologies Inc.,,0001321655-24-000176,2024-09-18,S,22348,0.0535,8665988,D,,,,,,
1321655,2024-09-20,RBTC,Palantir Technologies Inc.,,0001321655-24-000176,2024-09-19,S,85621,0.0564,8580367,D,,,,,,
1321655,2024-09-24,SRFM,Palantir Technologies Inc.,,0001321655-24-000177,2024-09-23,S,2000,1.24,1478746,D,,,,,,
1321655,2024-09-24,SRFM,Palantir Technologies Inc.,,0001321655-24-000177,2024-09-24,S,3400,1.2175,1475346,D,,,,,,
1321655,2024-09-24,SRFM,Palantir Technologies Inc.,,0001321655-24-000177,2024-09-20,S,4900,1.1942,1480746,D,,,,,,
1321655,2024-09-25,RBTC,Palantir Technologies Inc.,,0001321655-24-000179,2024-09-25,S,19000,0.0463,8423303,D,,,,,,
1321655,2024-09-25,PLTR,Stat Lauren Elaina Friedman,,0001321655-24-000178,2024-09-23,S,6655,38.17,145625,I,,,,,,
1321655,2024-09-25,RBTC,Palantir Technologies Inc.,,0001321655-24-000179,2024-09-24,S,22802,0.048,8442303,D,,,,,,
1321655,2024-09-25,RBTC,Palantir Technologies Inc.,,0001321655-24-000179,2024-09-23,S,60000,0.051,8465105,D,,,,,,
1321655,2024-09-26,PLTR,THIEL PETER,,0001321655-24-000181,2024-09-26,S,4561502,37.0694,46672773,I,,,,,,
1321655,2024-09-26,PLTR,THIEL PETER,,0001321655-24-000181,2024-09-24,S,7214637,36.8567,55636551,I,,,,,,
1321655,2024-09-26,PLTR,THIEL PETER,,0001321655-24-000181,2024-09-25,S,4254666,36.7702,51234275,I,,,,,,
1321655,2024-09-27,SRFM,Palantir Technologies Inc.,,0001321655-24-000182,2024-09-27,S,4102,1.2954,1462397,D,,,,,,
1321655,2024-09-27,SRFM,Palantir Technologies Inc.,,0001321655-24-000182,2024-09-25,S,4547,1.1563,1470799,D,,,,,,
1321655,2024-09-27,SRFM,Palantir Technologies Inc.,,0001321655-24-000182,2024-09-26,S,4300,1.1614,1466499,D,,,,,,
1321655,2024-10-01,PLTR,THIEL PETER,,0001321655-24-000183,2024-10-01,S,3350229,36.5425,35152222,I,,,,,,
1321655,2024-10-01,PLTR,THIEL PETER,,0001321655-24-000183,2024-09-27,S,3989204,36.9432,42683569,I,,,,,,
1321655,2024-10-01,PLTR,THIEL PETER,,0001321655-24-000183,2024-09-30,S,3144945,36.8113,39538624,I,,,,,,
1321655,2024-10-02,SRFM,Palantir Technologies Inc.,,0001321655-24-000184,2024-09-30,S,3100,1.3704,1459297,D,,,,,,
1321655,2024-10-03,PLTR,Moore Alexander D.,,0001321655-24-000185,2024-10-01,S,15869,36.5782,1494761,D,,,,,,
1321655,2024-10-03,PLTR,Stat Lauren Elaina Friedman,,0001321655-24-000186,2024-10-01,S,2750,36.5911,63239,D,,,,,,
1321655,2024-10-04,SRFM,Palantir Technologies Inc.,,0001321655-24-000190,2024-10-02,P,1270869,1.2479,2730166,D,,,,,,
1321655,2024-10-07,PLTR,Planishek Heather A.,,0001321655-24-000191,2024-10-04,M,20000,4.72,582006,D,,,,,,
1321655,2024-10-07,PLTR,Planishek Heather A.,,0001321655-24-000191,2024-10-03,S,3842,37.6298,572181,D,,,,,,
1321655,2024-10-07,PLTR,Planishek Heather A.,,0001321655-24-000191,2024-10-04,S,20000,39.9521,562006,D,,,,,,
1321655,2024-10-08,PLTR,Taylor Ryan D.,,0001321655-24-000193,2024-10-04,M,195500,4.72,526869,D,,,,,,
1321655,2024-10-08,PLTR,Taylor Ryan D.,,0001321655-24-000193,2024-10-04,S,195500,40.0036,331369,D,,,,,,
1321655,2024-10-15,PLTR,Stat Lauren Elaina Friedman,,0001321655-24-000195,2024-10-11,S,7321,43.9,138304,I,,,,,,
1321655,2024-10-29,PLTR,Karp Alexander C.,,0001321655-24-000196,2024-10-29,C,612404,,7044662,D,,,,,,
1321655,2024-10-29,PLTR,Karp Alexander C.,,0001321655-24-000196,2024-10-29,S,612404,45.0177,6432258,D,,,,,,
1321655,2024-10-29,PLTR,Karp Alexander C.,,0001321655-24-000196,2024-10-28,S,3337048,45.0168,6432258,D,,,,,,
1321655,2024-10-29,PLTR,Taylor Ryan D.,,0001321655-24-000197,2024-10-25,M,123334,4.72,454703,D,,,,,,
1321655,2024-10-29,PLTR,Karp Alexander C.,,0001321655-24-000196,2024-10-25,S,1706841,45.0062,6432258,D,,,,,,
1321655,2024-10-29,PLTR,Karp Alexander C.,,0001321655-24-000196,2024-10-25,C,1706841,,8139099,D,,,,,,
1321655,2024-10-29,PLTR,Karp Alexander C.,,0001321655-24-000196,2024-10-28,C,3337048,,9769306,D,,,,,,
1321655,2024-10-29,PLTR,Taylor Ryan D.,,0001321655-24-000197,2024-10-25,S,123334,45.0,331369,D,,,,,,
1321655,2024-11-01,LIFW,Palantir Technologies Inc.,,0001321655-24-000203,2024-10-31,S,381487,0.1122,4280911,D,,,,,,
1321655,2024-11-01,LIFW,Palantir Technologies Inc.,,0001321655-24-000203,2024-10-30,S,55921,0.1223,4662398,D,,,,,,
1321655,2024-11-01,LIFW,Palantir Technologies Inc.,,0001321655-24-000203,2024-11-01,S,337174,0.1061,3943737,D,,,,,,
1321655,2024-11-05,PLTR,Moore Alexander D.,,0001321655-24-000210,2024-11-01,S,20000,42.1159,1470630,D,,,,,,
1321655,2024-11-06,LIFW,Palantir Technologies Inc.,,0001321655-24-000211,2024-11-04,S,111760,0.1011,3831977,D,,,,,,
1321655,2024-11-06,LIFW,Palantir Technologies Inc.,,0001321655-24-000211,2024-11-05,S,340300,0.1097,3491677,D,,,,,,
1321655,2024-11-06,LIFW,Palantir Technologies Inc.,,0001321655-24-000211,2024-11-06,S,506296,0.1298,2985381,D,,,,,,
1321655,2024-11-07,PLTR,Karp Alexander C.,,0001321655-24-000212,2024-11-06,S,4500000,54.0401,6432258,D,,,,,,
1321655,2024-11-07,PLTR,Stat Lauren Elaina Friedman,,0001321655-24-000214,2024-11-05,S,8054,50.49,130250,I,,,,,,
1321655,2024-11-07,PLTR,Karp Alexander C.,,0001321655-24-000212,2024-11-06,C,4500000,,10932258,D,,,,,,
1321655,2024-11-07,PLTR,Karp Alexander C.,,0001321655-24-000212,2024-11-05,C,3343707,,9775965,D,,,,,,
1321655,2024-11-07,PLTR,Karp Alexander C.,,0001321655-24-000212,2024-11-05,S,1986948,47.4858,7789017,D,,,,,,
1321655,2024-11-07,PLTR,Planishek Heather A.,,0001321655-24-000213,2024-11-05,S,20000,49.9625,562006,D,,,,,,
1321655,2024-11-07,PLTR,Planishek Heather A.,,0001321655-24-000213,2024-11-05,M,10000,4.72,572006,D,,,,,,
1321655,2024-11-07,PLTR,Karp Alexander C.,,0001321655-24-000212,2024-11-07,S,2145911,54.2473,8786347,D,,,,,,
1321655,2024-11-07,PLTR,Karp Alexander C.,,0001321655-24-000212,2024-11-07,C,4500000,,10932258,D,,,,,,
1321655,2024-11-12,PLTR,Stat Lauren Elaina Friedman,,0001321655-24-000217,2024-11-08,S,8860,58.06,121390,I,,,,,,
1321655,2024-11-15,PLTR,Karp Alexander C.,,0001321655-24-000220,2024-11-15,S,4500000,63.1033,6432258,D,,,,,,
1321655,2024-11-15,PLTR,Karp Alexander C.,,0001321655-24-000220,2024-11-15,C,4500000,,10932258,D,,,,,,
1321655,2024-11-15,PLTR,Karp Alexander C.,,0001321655-24-000220,2024-11-13,C,1823602,,8255860,D,,,,,,
1321655,2024-11-15,PLTR,Karp Alexander C.,,0001321655-24-000220,2024-11-13,S,1823602,63.1164,6432258,D,,,,,,
1321655,2024-11-20,PLTR,Karp Alexander C.,,0001321655-24-000221,2024-11-19,C,98480,,6530738,D,,,,,,
1321655,2024-11-20,PLTR,Karp Alexander C.,,0001321655-24-000221,2024-11-18,S,469647,63.4074,6970107,D,,,,,,
1321655,2024-11-20,PLTR,Karp Alexander C.,,0001321655-24-000221,2024-11-18,C,1007496,,7439754,D,,,,,,
1321655,2024-11-20,PLTR,Karp Alexander C.,,0001321655-24-000221,2024-11-19,S,98480,63.0011,6432258,D,,,,,,
1321655,2024-11-20,PLTR,Karp Alexander C.,,0001321655-24-000221,2024-11-20,C,38093,,6470351,D,,,,,,
1321655,2024-11-20,PLTR,Karp Alexander C.,,0001321655-24-000221,2024-11-20,S,38093,63.0062,6432258,D,,,,,,
1321655,2024-11-22,PLTR,Cohen Stephen Andrew,,0001321655-24-000225,2024-11-21,C,119055,,119647,D,,,,,,
1321655,2024-11-22,PLTR,Karp Alexander C.,,0001321655-24-000224,2024-11-21,C,138130,,6570388,D,,,,,,
1321655,2024-11-22,PLTR,Karp Alexander C.,,0001321655-24-000224,2024-11-22,S,112755,62.1268,7939898,D,,,,,,
1321655,2024-11-22,PLTR,Karp Alexander C.,,0001321655-24-000224,2024-11-21,S,56343,61.2895,6514045,D,,,,,,
1321655,2024-11-22,PLTR,Karp Alexander C.,,0001321655-24-000224,2024-11-20,C,266563,,6698821,D,,,,,,
1321655,2024-11-22,PLTR,Cohen Stephen Andrew,,0001321655-24-000225,2024-11-20,C,229754,,230346,D,,,,,,
1321655,2024-11-22,PLTR,Cohen Stephen Andrew,,0001321655-24-000225,2024-11-20,S,45261,60.6791,185085,D,,,,,,
1321655,2024-11-22,PLTR,Karp Alexander C.,,0001321655-24-000224,2024-11-22,C,1620395,,8052653,D,,,,,,
1321655,2024-11-22,PLTR,Karp Alexander C.,,0001321655-24-000224,2024-11-20,S,52512,60.6791,6646309,D,,,,,,
1321655,2024-11-22,PLTR,Cohen Stephen Andrew,,0001321655-24-000225,2024-11-21,S,48563,61.2895,71084,D,,,,,,
1321655,2024-11-22,PLTR,Planishek Heather A.,,0001321655-24-000229,2024-11-21,S,3093,61.2895,544278,D,,,,,,
1321655,2024-11-22,PLTR,Taylor Ryan D.,,0001321655-24-000228,2024-11-21,S,10735,61.2895,269844,D,,,,,,
1321655,2024-11-22,PLTR,Glazer David A.,,0001321655-24-000227,2024-11-20,S,8666,60.6791,351530,D,,,,,,
1321655,2024-11-22,PLTR,Sankar Shyam,,0001321655-24-000226,2024-11-21,C,57689,,810475,D,,,,,,
1321655,2024-11-22,PLTR,Sankar Shyam,,0001321655-24-000226,2024-11-20,S,21931,60.6791,842183,D,,,,,,
1321655,2024-11-22,PLTR,Planishek Heather A.,,0001321655-24-000229,2024-11-20,S,2883,60.6791,559123,D,,,,,,
1321655,2024-11-22,PLTR,Glazer David A.,,0001321655-24-000227,2024-11-21,S,9298,61.2895,306908,D,,,,,,
1321655,2024-11-22,PLTR,Taylor Ryan D.,,0001321655-24-000228,2024-11-20,S,10005,60.6791,321364,D,,,,,,
1321655,2024-11-22,PLTR,Sankar Shyam,,0001321655-24-000226,2024-11-21,S,23531,61.2895,786944,D,,,,,,
1321655,2024-11-22,PLTR,Sankar Shyam,,0001321655-24-000226,2024-11-20,C,111328,,864114,D,,,,,,
1321655,2024-11-27,PLTR,Stat Lauren Elaina Friedman,,0001321655-24-000232,2024-11-25,S,9746,66.77,111644,I,,,,,,
1321655,2024-12-03,PLTR,Sankar Shyam,,0001321655-24-000233,2024-12-03,C,5250000,,6002786,D,,,,,,
1321655,2024-12-03,PLTR,Sankar Shyam,,0001321655-24-000233,2024-12-03,S,5250000,70.0782,752786,D,,,,,,
1321655,2024-12-03,PLTR,Sankar Shyam,,0001321655-24-000233,2024-11-29,S,27427,66.5599,755359,D,,,,,,
1321655,2024-12-03,PLTR,Sankar Shyam,,0001321655-24-000233,2024-11-29,C,30000,,782786,D,,,,,,
1321655,2024-12-04,PLTR,Moore Alexander D.,,0001321655-24-000234,2024-12-02,S,17431,66.6313,1453199,D,,,,,,
1321655,2024-12-06,PLTR,Planishek Heather A.,,0001321655-24-000235,2024-12-04,S,1553,68.2631,538235,D,,,,,,
1321655,2024-12-10,PLTR,Stat Lauren Elaina Friedman,,0001321655-24-000236,2024-12-06,S,10721,76.78,100923,I,,,,,,
1321655,2024-12-11,SRFM,Palantir Technologies Inc.,,0001321655-24-000237,2024-12-09,P,446830,4.4532,3176996,D,,,,,,
1321655,2024-12-13,PLTR,Sankar Shyam,,0001321655-24-000239,2024-12-11,G,50000,0.0,702786,D,,,,,,
1321655,2024-12-13,PLTR,Cohen Stephen Andrew,,0001321655-24-000238,2024-12-12,C,450000,,450592,D,,,,,,
1321655,2024-12-13,PLTR,Cohen Stephen Andrew,,0001321655-24-000238,2024-12-12,S,123508,72.707,327084,D,,,,,,
1321655,2024-12-13,PLTR,Cohen Stephen Andrew,,0001321655-24-000238,2024-12-11,S,47556,68.8346,403036,D,,,,,,
1321655,2024-12-13,PLTR,Cohen Stephen Andrew,,0001321655-24-000238,2024-12-13,C,416053,,416645,D,,,,,,
1321655,2024-12-13,PLTR,Cohen Stephen Andrew,,0001321655-24-000238,2024-12-13,S,67744,73.0772,348901,D,,,,,,
1321655,2024-12-13,PLTR,Cohen Stephen Andrew,,0001321655-24-000238,2024-12-11,C,450000,,450592,D,,,,,,
1321655,2024-12-16,PLTR,Glazer David A.,,0001321655-24-000240,2024-12-12,M,315126,4.72,608537,D,,,,,,
1321655,2024-12-16,PLTR,Glazer David A.,,0001321655-24-000240,2024-12-12,S,128996,72.6297,479541,D,,,,,,
1321655,2025-01-06,PLTR,Taylor Ryan D.,,0001321655-25-000002,2025-01-02,S,44740,73.1095,609520,D,,,,,,
1321655,2025-01-06,PLTR,Glazer David A.,,0001321655-25-000001,2025-01-02,M,96273,4.72,389684,D,,,,,,
1321655,2025-01-06,PLTR,Taylor Ryan D.,,0001321655-25-000002,2025-01-02,M,400000,4.72,654260,D,,,,,,
1321655,2025-01-06,PLTR,Stat Lauren Elaina Friedman,,0001321655-25-000004,2025-01-02,S,800,76.29,62139,D,,,,,,
1321655,2025-01-06,PLTR,Moore Alexander D.,,0001321655-25-000003,2025-01-02,S,2500,73.1528,1448130,D,,,,,,
1321655,2025-01-06,PLTR,Glazer David A.,,0001321655-25-000001,2025-01-02,S,91397,72.834,298287,D,,,,,,
1321655,2025-01-10,PLTR,Schiff Alexandra W.,,0001321655-25-000005,2025-01-07,S,1005,70.2349,198388,D,,,,,,
1321655,2025-02-05,PLTR,Moore Alexander D.,,0001321655-25-000008,2025-02-03,S,3100,79.2397,1427530,D,,,,,,
1321655,2025-02-06,PLTR,Stat Lauren Elaina Friedman,,0001321655-25-000010,2025-02-04,S,11794,102.8,88129,I,,,,,,
1321655,2025-02-06,PLTR,Schiff Alexandra W.,,0001321655-25-000009,2025-02-04,S,500,101.622,194893,D,,,,,,
1321655,2025-02-13,PLTR,Planishek Heather A.,,0001321655-25-000011,2025-02-11,S,2382,113.0346,523515,D,,,,,,
1321655,2025-02-24,PLTR,Cohen Stephen Andrew,,0001321655-25-000026,2025-02-20,S,3474,96.4327,305852,D,,,,,,
1321655,2025-02-24,PLTR,Karp Alexander C.,,0001321655-25-000025,2025-02-21,C,74675,,6506933,D,,,,,,
1321655,2025-02-24,PLTR,Karp Alexander C.,,0001321655-25-000025,2025-02-20,C,357890,,6790148,D,,,,,,
1321655,2025-02-24,PLTR,Karp Alexander C.,,0001321655-25-000025,2025-02-20,S,4027,96.4327,6786121,D,,,,,,
1321655,2025-02-24,PLTR,Cohen Stephen Andrew,,0001321655-25-000026,2025-02-21,C,64419,,65011,D,,,,,,
1321655,2025-02-24,PLTR,Cohen Stephen Andrew,,0001321655-25-000026,2025-02-21,S,10012,104.6997,54999,D,,,,,,
1321655,2025-02-24,PLTR,Karp Alexander C.,,0001321655-25-000025,2025-02-21,S,11606,104.6997,6495327,D,,,,,,
1321655,2025-02-24,PLTR,Cohen Stephen Andrew,,0001321655-25-000026,2025-02-20,C,308734,,309326,D,,,,,,
1321655,2025-02-24,PLTR,Sankar Shyam,,0001321655-25-000027,2025-02-20,C,375000,,1077786,D,,,,,,
1321655,2025-02-24,PLTR,Sankar Shyam,,0001321655-25-000027,2025-02-20,S,3241,96.3985,1074545,D,,,,,,
1321655,2025-02-24,PLTR,Sankar Shyam,,0001321655-25-000028,2025-02-20,C,149773,,852559,D,,,,,,
1321655,2025-02-24,PLTR,Sankar Shyam,,0001321655-25-000028,2025-02-24,S,6660,90.2664,726126,D,,,,,,
1321655,2025-02-24,PLTR,Sankar Shyam,,0001321655-25-000028,2025-02-21,C,31251,,734037,D,,,,,,
1321655,2025-02-24,PLTR,Sankar Shyam,,0001321655-25-000028,2025-02-20,S,1685,96.4327,850874,D,,,,,,
1321655,2025-02-24,PLTR,Sankar Shyam,,0001321655-25-000028,2025-02-24,C,30000,,732786,D,,,,,,
1321655,2025-02-24,PLTR,Taylor Ryan D.,,0001321655-25-000031,2025-02-20,A,232898,0.0,403171,D,,,,,,
1321655,2025-02-24,PLTR,Planishek Heather A.,,0001321655-25-000029,2025-02-21,S,601,104.6997,492868,D,,,,,,
1321655,2025-02-24,PLTR,Planishek Heather A.,,0001321655-25-000029,2025-02-20,S,209,96.4327,511797,D,,,,,,
1321655,2025-02-24,PLTR,Glazer David A.,,0001321655-25-000030,2025-02-20,A,232898,0.0,526309,D,,,,,,
1321655,2025-02-24,PLTR,Sankar Shyam,,0001321655-25-000028,2025-02-21,S,4857,104.6997,729180,D,,,,,,
1321655,2025-03-05,PLTR,Moore Alexander D.,,0001321655-25-000034,2025-03-03,S,2900,83.1029,1407730,D,,,,,,
1321655,2025-03-07,PLTR,Schiff Alexandra W.,,0001321655-25-000035,2025-03-05,S,200,83.425,191193,D,,,,,,
1321655,2025-03-11,PLTR,Woersching Eric H.,,0001321655-25-000036,2025-03-07,G,1000,0.0,28817,D,,,,,,
1321655,2025-03-14,PLTR,Cohen Stephen Andrew,,0001321655-25-000038,2025-03-12,C,1250000,,1250592,D,,,,,,
1321655,2025-03-14,PLTR,Cohen Stephen Andrew,,0001321655-25-000038,2025-03-12,S,107584,80.6297,1143008,D,,,,,,
1321655,2025-03-14,PLTR,Cohen Stephen Andrew,,0001321655-25-000038,2025-03-13,C,1250000,,1250592,D,,,,,,
1321655,2025-03-14,PLTR,Cohen Stephen Andrew,,0001321655-25-000038,2025-03-14,S,186092,82.882,1064500,D,,,,,,
1321655,2025-03-14,PLTR,Cohen Stephen Andrew,,0001321655-25-000038,2025-03-13,S,309208,79.0591,941384,D,,,,,,
1321655,2025-03-14,PLTR,Cohen Stephen Andrew,,0001321655-25-000038,2025-03-14,C,1250000,,1250592,D,,,,,,
1321655,2025-03-19,PLTR,Cohen Stephen Andrew,,0001321655-25-000039,2025-03-17,S,30604,85.1774,279988,D,,,,,,
1321655,2025-03-19,PLTR,Cohen Stephen Andrew,,0001321655-25-000039,2025-03-17,C,310000,,310592,D,,,,,,
1321655,2025-03-26,PLTR,Buckley Jeffrey,,0001321655-25-000042,2025-03-24,A,36176,0.0,36176,D,,,,,,
1321655,2025-03-27,SRFM,Palantir Technologies Inc.,,0001321655-25-000044,2025-03-25,P,244011,3.88,3421007,D,,,,,,
1321655,2025-04-02,PLTR,Taylor Ryan D.,,0001321655-25-000046,2025-03-31,S,5800,79.426,495548,D,,,,,,
1321655,2025-04-02,PLTR,Taylor Ryan D.,,0001321655-25-000046,2025-03-31,M,98177,,501348,D,,,,,,
1321655,2025-04-03,PLTR,Moore Alexander D.,,0001321655-25-000047,2025-04-01,S,3600,82.726,1387030,D,,,,,,
1321655,2025-04-07,PLTR,Stat Lauren Elaina Friedman,,0001321655-25-000048,2025-04-03,S,800,81.25,61339,D,,,,,,
1321655,2025-05-05,PLTR,Moore Alexander D.,,0001321655-25-000067,2025-05-01,S,6600,117.9302,1364030,D,,,,,,
1321655,2025-05-12,PLTR,Planishek Heather A.,,0001321655-25-000069,2025-05-08,P,10000,116.14,58006,D,,,,,,
1321655,2025-05-14,PLTR,Woersching Eric H.,,0001321655-25-000070,2025-05-12,G,1603,0.0,27214,D,,,,,,
1321655,2025-05-22,PLTR,Cohen Stephen Andrew,,0001321655-25-000076,2025-05-21,C,34357,,34949,D,,,,,,
1321655,2025-05-22,PLTR,Karp Alexander C.,,0001321655-25-000074,2025-05-21,S,14394,125.2605,6457689,D,,,,,,
1321655,2025-05-22,PLTR,Karp Alexander C.,,0001321655-25-000074,2025-05-21,C,39825,,6472083,D,,,,,,
1321655,2025-05-22,PLTR,Sankar Shyam,,0001321655-25-000077,2025-05-20,C,150814,,853600,D,,,,,,
1321655,2025-05-22,PLTR,Cohen Stephen Andrew,,0001321655-25-000076,2025-05-20,S,41744,125.4634,268544,D,,,,,,
1321655,2025-05-22,PLTR,Sankar Shyam,,0001321655-25-000077,2025-05-21,C,16731,,719517,D,,,,,,
1321655,2025-05-22,PLTR,Sankar Shyam,,0001321655-25-000077,2025-05-21,S,6047,125.2605,713470,D,,,,,,
1321655,2025-05-22,PLTR,Buckley Jeffrey,,0001321655-25-000082,2025-05-21,S,68,125.2605,34400,D,,,,,,
1321655,2025-05-22,PLTR,Cohen Stephen Andrew,,0001321655-25-000076,2025-05-21,S,12418,125.2605,22531,D,,,,,,
1321655,2025-05-22,PLTR,Karp Alexander C.,,0001321655-25-000074,2025-05-20,C,358982,,6791240,D,,,,,,
1321655,2025-05-22,PLTR,Cohen Stephen Andrew,,0001321655-25-000076,2025-05-20,C,309696,,310288,D,,,,,,
1321655,2025-05-22,PLTR,Taylor Ryan D.,,0001321655-25-000080,2025-05-20,S,4783,125.4634,398388,D,,,,,,
1321655,2025-05-22,PLTR,Glazer David A.,,0001321655-25-000078,2025-05-21,S,1235,125.2605,494262,D,,,,,,
1321655,2025-05-22,PLTR,Sankar Shyam,,0001321655-25-000077,2025-05-20,S,20328,125.4634,833272,D,,,,,,
1321655,2025-05-22,PLTR,Karp Alexander C.,,0001321655-25-000074,2025-05-20,S,48387,125.4634,6742853,D,,,,,,
1321655,2025-05-22,PLTR,Buckley Jeffrey,,0001321655-25-000082,2025-05-20,S,230,125.4634,35946,D,,,,,,
1321655,2025-05-22,PLTR,Glazer David A.,,0001321655-25-000078,2025-05-20,S,4153,125.4634,522156,D,,,,,,
1321655,2025-05-22,PLTR,Taylor Ryan D.,,0001321655-25-000080,2025-05-21,S,1422,125.2605,366269,D,,,,,,
1321655,2025-06-10,PLTR,Woersching Eric H.,,0001321655-25-000088,2025-06-09,S,900,125.2422,28662,D,,,,,,
1321655,2025-06-10,PLTR,Woersching Eric H.,,0001321655-25-000088,2025-06-06,A,2348,0.0,29562,D,,,,,,
1321655,2025-06-10,PLTR,Stat Lauren Elaina Friedman,,0001321655-25-000087,2025-06-06,A,2348,0.0,63687,D,,,,,,
1321655,2025-06-10,PLTR,Moore Alexander D.,,0001321655-25-000085,2025-06-06,A,2348,0.0,1352978,D,,,,,,
1321655,2025-06-10,PLTR,Schiff Alexandra W.,,0001321655-25-000086,2025-06-06,A,2348,0.0,186965,D,,,,,,
1321655,2025-06-10,PLTR,Moore Alexander D.,,0001321655-25-000085,2025-06-06,S,800,122.6542,1352178,D,,,,,,
1321655,2025-06-12,PLTR,Sankar Shyam,,0001321655-25-000089,2025-06-10,C,405000,,1107786,D,,,,,,
1321655,2025-06-12,PLTR,Sankar Shyam,,0001321655-25-000089,2025-06-10,S,8230,130.12,1099556,D,,,,,,
1321655,2025-06-16,PLTR,Stat Lauren Elaina Friedman,,0001321655-25-000090,2025-06-12,G,7335,0.0,80794,I,,,,,,
1321655,2025-06-23,SRFM,Palantir Technologies Inc.,,0001321655-25-000091,2025-06-18,P,1040557,2.07,4461564,D,,,,,,
1321655,2025-06-24,PLTR,Buckley Jeffrey,,0001321655-25-000093,2025-06-20,A,21850,0.0,56129,D,,,,,,
1321655,2025-07-03,PLTR,Moore Alexander D.,,0001321655-25-000095,2025-07-01,S,2400,129.4035,1330578,D,,,,,,
1321655,2025-07-03,PLTR,Woersching Eric H.,,0001321655-25-000096,2025-07-01,S,1315,129.3151,11247,D,,,,,,
1321655,2025-07-03,PLTR,Taylor Ryan D.,,0001321655-25-000094,2025-07-01,S,33335,135.3068,363755,D,,,,,,
1321655,2025-07-03,PLTR,Taylor Ryan D.,,0001321655-25-000094,2025-07-01,M,33335,4.72,397090,D,,,,,,
1321655,2025-07-11,PLTR,Stat Lauren Elaina Friedman,,0001321655-25-000097,2025-07-09,S,800,139.61,62887,D,,,,,,
1321655,2025-07-17,PLTR,Taylor Ryan D.,,0001321655-25-000098,2025-07-15,M,33335,4.72,397090,D,,,,,,
1321655,2025-07-17,PLTR,Taylor Ryan D.,,0001321655-25-000098,2025-07-15,S,33335,150.0,363755,D,,,,,,
1321655,2025-08-05,PLTR,Moore Alexander D.,,0001321655-25-000109,2025-08-01,S,1804,151.7799,1311174,D,,,,,,
1321655,2025-08-07,PLTR,Taylor Ryan D.,,0001321655-25-000110,2025-08-05,S,30000,175.0,363755,D,,,,,,
1321655,2025-08-07,PLTR,Taylor Ryan D.,,0001321655-25-000110,2025-08-05,M,30000,,393755,D,,,,,,
1321655,2025-08-22,PLTR,Cohen Stephen Andrew,,0001321655-25-000113,2025-08-21,S,8270,154.5119,152486,D,,,,,,
1321655,2025-08-22,PLTR,Karp Alexander C.,,0001321655-25-000112,2025-08-21,S,9614,154.5119,6608838,D,,,,,,
1321655,2025-08-22,PLTR,Karp Alexander C.,,0001321655-25-000112,2025-08-20,S,7521,143.123,6647615,D,,,,,,
1321655,2025-08-22,PLTR,Sankar Shyam,,0001321655-25-000115,2025-08-22,S,2137,154.756,730649,D,,,,,,
1321655,2025-08-22,PLTR,Sankar Shyam,,0001321655-25-000114,2025-08-20,S,13109,143.0363,1064677,D,,,,,,
1321655,2025-08-22,PLTR,Cohen Stephen Andrew,,0001321655-25-000113,2025-08-21,C,160164,,160756,D,,,,,,
1321655,2025-08-22,PLTR,Cohen Stephen Andrew,,0001321655-25-000113,2025-08-20,S,6470,143.123,185842,D,,,,,,
1321655,2025-08-22,PLTR,Cohen Stephen Andrew,,0001321655-25-000113,2025-08-20,C,191720,,192312,D,,,,,,
1321655,2025-08-22,PLTR,Sankar Shyam,,0001321655-25-000114,2025-08-20,C,375000,,1077786,D,,,,,,
1321655,2025-08-22,PLTR,Karp Alexander C.,,0001321655-25-000112,2025-08-20,C,222878,,6655136,D,,,,,,
1321655,2025-08-22,PLTR,Karp Alexander C.,,0001321655-25-000112,2025-08-21,C,186194,,6618452,D,,,,,,
1321655,2025-08-22,PLTR,Glazer David A.,,0001321655-25-000116,2025-08-20,S,325,143.123,491754,D,,,,,,
1321655,2025-08-22,PLTR,Glazer David A.,,0001321655-25-000116,2025-08-21,S,416,154.5119,482030,D,,,,,,
1321655,2025-08-22,PLTR,Buckley Jeffrey,,0001321655-25-000118,2025-08-20,S,43,143.123,56086,D,,,,,,
1321655,2025-08-22,PLTR,Taylor Ryan D.,,0001321655-25-000117,2025-08-20,S,372,143.123,363383,D,,,,,,
1321655,2025-08-22,PLTR,Taylor Ryan D.,,0001321655-25-000117,2025-08-21,S,476,154.5119,352253,D,,,,,,
1321655,2025-08-22,PLTR,Buckley Jeffrey,,0001321655-25-000118,2025-08-21,S,55,154.5119,54785,D,,,,,,
1321655,2025-08-22,PLTR,Sankar Shyam,,0001321655-25-000115,2025-08-20,C,93092,,795878,D,,,,,,
1321655,2025-08-22,PLTR,Sankar Shyam,,0001321655-25-000115,2025-08-22,C,30000,,732786,D,,,,,,
1321655,2025-08-22,PLTR,Sankar Shyam,,0001321655-25-000115,2025-08-20,S,3142,143.123,792736,D,,,,,,
1321655,2025-08-22,PLTR,Sankar Shyam,,0001321655-25-000115,2025-08-21,S,4015,154.5119,776540,D,,,,,,
1321655,2025-08-22,PLTR,Sankar Shyam,,0001321655-25-000115,2025-08-21,C,77769,,780555,D,,,,,,
1321655,2025-09-03,PLTR,Buckley Jeffrey,,0001321655-25-000119,2025-08-29,S,2803,157.0,50961,D,,,,,,
1321655,2025-09-04,PLTR,Moore Alexander D.,,0001321655-25-000121,2025-09-02,S,600,151.5567,1292378,D,,,,,,
1321655,2025-09-04,PLTR,Glazer David A.,,0001321655-25-000120,2025-09-02,M,26513,4.72,500912,D,,,,,,
1321655,2025-09-04,PLTR,Glazer David A.,,0001321655-25-000120,2025-09-02,S,200,150.85,511969,D,,,,,,
1321655,2025-09-08,PLTR,Sankar Shyam,,0001321655-25-000122,2025-09-04,G,60000,0.0,642786,D,,,,,,
1321655,2025-09-09,PLTR,Taylor Ryan D.,,0001823923-25-000006,2025-09-05,S,36048,158.346,307470,D,,,,,,
1321655,2025-09-15,PLTR,Stat Lauren Elaina Friedman,,0001840244-25-000003,2025-09-11,S,1673,164.2626,79121,I,,,,,,
1321655,2025-09-22,PLTR,Stat Lauren Elaina Friedman,,0001840244-25-000004,2025-09-18,S,9000,177.6,50794,I,,,,,,
1321655,2025-10-03,PLTR,Moore Alexander D.,,0001823952-25-000004,2025-10-01,S,1300,180.4306,1271678,D,,,,,,
1321655,2025-10-07,PLTR,Stat Lauren Elaina Friedman,,0001840244-25-000005,2025-10-03,S,800,186.39,62087,D,,,,,,
1321655,2025-11-05,PLTR,Moore Alexander D.,,0001823952-25-000006,2025-11-03,S,2305,202.6273,1250673,D,,,,,,
1321655,2025-11-24,PLTR,Sankar Shyam,,0001824159-25-000003,2025-11-20,S,9259,155.3089,783399,D,,,,,,
1321655,2025-11-24,PLTR,Cohen Stephen Andrew,,0001823920-25-000002,2025-11-20,C,308635,,309227,D,,,,,,
1321655,2025-11-24,PLTR,Karp Alexander C.,,0001823951-25-000002,2025-11-21,C,45564,,6477822,D,,,,,,
1321655,2025-11-24,PLTR,Cohen Stephen Andrew,,0001823920-25-000002,2025-11-20,S,19068,155.3089,290159,D,,,,,,
1321655,2025-11-24,PLTR,Cohen Stephen Andrew,,0001823920-25-000002,2025-11-21,C,39136,,39728,D,,,,,,
1321655,2025-11-24,PLTR,Sankar Shyam,,0001824159-25-000003,2025-11-21,C,19004,,661790,D,,,,,,
1321655,2025-11-24,PLTR,Karp Alexander C.,,0001823951-25-000002,2025-11-20,C,359325,,6791583,D,,,,,,
1321655,2025-11-24,PLTR,Karp Alexander C.,,0001823951-25-000002,2025-11-20,S,22200,155.3089,6769383,D,,,,,,
1321655,2025-11-24,PLTR,Cohen Stephen Andrew,,0001823920-25-000002,2025-11-21,S,365,153.4295,39363,D,,,,,,
1321655,2025-11-24,PLTR,Sankar Shyam,,0001824159-25-000003,2025-11-21,S,177,153.4295,661613,D,,,,,,
1321655,2025-11-24,PLTR,Karp Alexander C.,,0001823951-25-000002,2025-11-21,S,426,153.4295,6477396,D,,,,,,
1321655,2025-11-24,PLTR,Buckley Jeffrey,,0001705189-25-000004,2025-11-20,S,146,155.3089,50815,D,,,,,,
1321655,2025-11-24,PLTR,Sankar Shyam,,0001824159-25-000003,2025-11-20,C,149872,,792658,D,,,,,,
1321655,2025-11-24,PLTR,Taylor Ryan D.,,0001823923-25-000007,2025-11-20,S,1097,155.3089,306373,D,,,,,,
1321655,2025-11-24,PLTR,Glazer David A.,,0001823940-25-000003,2025-11-21,S,18,153.4295,415594,D,,,,,,
1321655,2025-11-24,PLTR,Taylor Ryan D.,,0001823923-25-000007,2025-11-24,S,1800,157.76,285657,D,,,,,,
1321655,2025-11-24,PLTR,Taylor Ryan D.,,0001823923-25-000007,2025-11-21,S,21,153.4295,289688,D,,,,,,
1321655,2025-11-24,PLTR,Glazer David A.,,0001823940-25-000003,2025-11-20,S,961,155.3089,430208,D,,,,,,
1321655,2025-11-24,PLTR,Buckley Jeffrey,,0001705189-25-000004,2025-11-24,S,1252,157.5,47044,D,,,,,,
1321655,2025-11-24,PLTR,Buckley Jeffrey,,0001705189-25-000004,2025-11-21,S,3,153.4295,48593,D,,,,,,
1321655,2025-12-03,PLTR,Moore Alexander D.,,0001823952-25-000007,2025-12-01,S,1121,164.0851,1231857,D,,,,,,
1321655,2025-12-16,PLTR,Glazer David A.,,0001823940-25-000004,2025-12-12,G,3831,0.0,409808,D,,,,,,
1321655,2025-12-16,PLTR,Glazer David A.,,0001823940-25-000004,2025-12-12,M,9000,4.72,422639,D,,,,,,
1321655,2025-12-16,PLTR,Glazer David A.,,0001823940-25-000004,2025-12-12,S,9000,185.91,413639,D,,,,,,
1321655,2026-01-06,PLTR,Taylor Ryan D.,,0001823923-26-000001,2026-01-02,S,12000,181.35,239409,D,,,,,,
1321655,2026-01-06,PLTR,Stat Lauren Elaina Friedman,,0001840244-26-000001,2026-01-02,S,3400,181.35,58687,D,,,,,,
1321655,2026-01-06,PLTR,Moore Alexander D.,,0001823952-26-000001,2026-01-02,S,1308,167.2982,1211670,D,,,,,,
1321655,2026-02-04,PLTR,Moore Alexander D.,,0001823952-26-000005,2026-02-02,S,720,147.4522,1192258,D,,,,,,
1321655,2026-02-04,PLTR,Stat Lauren Elaina Friedman,,0001840244-26-000005,2026-02-02,S,400,151.14,58287,D,,,,,,
1321655,2026-02-24,PLTR,Buckley Jeffrey,,0001705189-26-000006,2026-02-24,S,1232,129.08,43108,D,,,,,,
1321655,2026-02-24,PLTR,Karp Alexander C.,,0001823951-26-000006,2026-02-20,S,39893,132.0346,6795390,D,,,,,,
1321655,2026-02-24,PLTR,Glazer David A.,,0001823940-26-000007,2026-02-20,S,1726,132.0346,408082,D,,,,,,
1321655,2026-02-24,PLTR,Sankar Shyam,,0001824159-26-000006,2026-02-20,S,16630,132.0346,794160,D,,,,,,
1321655,2026-02-24,PLTR,Karp Alexander C.,,0001823951-26-000006,2026-02-20,C,403025,,6835283,D,,,,,,
1321655,2026-02-24,PLTR,Taylor Ryan D.,,0001823923-26-000008,2026-02-20,S,1978,132.0346,237431,D,,,,,,
1321655,2026-02-24,PLTR,Buckley Jeffrey,,0001705189-26-000006,2026-02-20,S,268,132.0346,46776,D,,,,,,
1321655,2026-02-24,PLTR,Cohen Stephen Andrew,,0001823920-26-000006,2026-02-20,S,32376,132.0346,295304,D,,,,,,
1321655,2026-02-24,PLTR,Sankar Shyam,,0001824159-26-000006,2026-02-20,C,168004,,810790,D,,,,,,
1321655,2026-02-24,PLTR,Cohen Stephen Andrew,,0001823920-26-000006,2026-02-20,C,327088,,327680,D,,,,,,
1321655,2026-03-02,PLTR,Stat Lauren Elaina Friedman,,0001840244-26-000008,2026-02-26,G,7000,0.0,43794,I,,,,,,
1321655,2026-03-04,PLTR,THIEL PETER,isDirector,0001211060-26-000007,2026-03-02,S,50026,140.9739,15683599,I,,,,,,
1321655,2026-03-18,PLTR,Moore Alexander D.,,0001823952-26-000009,2026-03-16,S,7045,151.9934,1165933,D,,,,,,
1321655,2026-04-17,PLTR,Moore Alexander D.,,0001823952-26-000010,2026-04-15,S,500,135.704,1156478,D,,,,,,
1321655,2026-04-28,PLTR,Buckley Jeffrey,,0001705189-26-000008,2026-04-26,A,21141,0.0,64249,D,,,,,,
1321655,2026-04-28,PLTR,Buckley Jeffrey,,0001705189-26-000008,2026-04-26,A,21141,0.0,64249,D,non_derivative,Class A Common Stock,,,,
1321655,2026-05-19,PLTR,Moore Alexander D.,,0001823952-26-000012,2026-05-15,S,2100,133.0538,1138878,D,non_derivative,Class A Common Stock,,,,
1321655,2026-05-19,PLTR,Moore Alexander D.,,0001823952-26-000012,2026-05-15,S,2100,133.0538,1138878,D,,,,,,
1321655,2026-05-22,PLTR,Cohen Stephen Andrew,,0001823920-26-000007,2026-05-20,S,5337,132.9528,315189,D,non_derivative,Class A Common Stock,,,,
1321655,2026-05-22,PLTR,Sankar Shyam,,0001824159-26-000007,2026-05-20,C,165514,,808300,D,,,,,,
1321655,2026-05-22,PLTR,Karp Alexander C.,,0001823951-26-000007,2026-05-20,S,6635,132.9528,6823367,D,non_derivative,Class A Common Stock,,,,
1321655,2026-05-22,PLTR,Cohen Stephen Andrew,,0001823920-26-000007,2026-05-20,M,675000,0.0,14206938,D,derivative,Class B Common Stock,Class A Common Stock,675000.0,,
1321655,2026-05-22,PLTR,Buckley Jeffrey,,0001705189-26-000009,2026-05-20,S,29,132.9528,64220,D,,,,,,
1321655,2026-05-22,PLTR,Taylor Ryan D.,,0001823923-26-000009,2026-05-20,S,328,132.9528,219093,D,non_derivative,Class A Common Stock,,,,
1321655,2026-05-22,PLTR,Karp Alexander C.,,0001823951-26-000007,2026-05-20,S,6635,132.9528,6823367,D,,,,,,
1321655,2026-05-22,PLTR,Cohen Stephen Andrew,,0001823920-26-000007,2026-05-20,S,5337,132.9528,315189,D,,,,,,
1321655,2026-05-22,PLTR,Cohen Stephen Andrew,,0001823920-26-000007,2026-05-20,C,319934,,320526,D,,,,,,
1321655,2026-05-22,PLTR,Taylor Ryan D.,,0001823923-26-000009,2026-05-20,S,328,132.9528,219093,D,,,,,,
1321655,2026-05-22,PLTR,Karp Alexander C.,,0001823951-26-000007,2026-05-20,C,397744,,6830002,D,non_derivative,Class A Common Stock,,,,
1321655,2026-05-22,PLTR,Glazer David A.,,0001823940-26-000008,2026-05-20,S,286,132.9528,392084,D,,,,,,
1321655,2026-05-22,PLTR,Cohen Stephen Andrew,,0001823920-26-000007,2026-05-20,M,675000,0.0,0,D,derivative,Restricted Stock Units,Class B Common Stock,675000.0,,2026-05-20
1321655,2026-05-22,PLTR,Buckley Jeffrey,,0001705189-26-000009,2026-05-20,S,29,132.9528,64220,D,non_derivative,Class A Common Stock,,,,
1321655,2026-05-22,PLTR,Sankar Shyam,,0001824159-26-000007,2026-05-20,M,375000,0.0,0,D,derivative,Restricted Stock Units,Class B Common Stock,375000.0,,2026-05-20
1321655,2026-05-22,PLTR,Buckley Jeffrey,,0001705189-26-000009,2026-05-22,S,830,137.41,61707,D,,,,,,
1321655,2026-05-22,PLTR,Sankar Shyam,,0001824159-26-000007,2026-05-20,M,375000,0.0,3864112,D,derivative,Class B Common Stock,Class A Common Stock,375000.0,,
1321655,2026-05-22,PLTR,Sankar Shyam,,0001824159-26-000007,2026-05-20,C,165514,0.0,3698598,D,derivative,Class B Common Stock,Class A Common Stock,165514.0,,
1321655,2026-05-22,PLTR,Karp Alexander C.,,0001823951-26-000007,2026-05-20,M,877500,0.0,17550000,D,derivative,Restricted Stock Units,Class B Common Stock,877500.0,,2031-05-20
1321655,2026-05-22,PLTR,Sankar Shyam,,0001824159-26-000007,2026-05-20,S,2761,132.9528,805539,D,,,,,,
1321655,2026-05-22,PLTR,Karp Alexander C.,,0001823951-26-000007,2026-05-20,C,397744,0.0,52010249,D,derivative,Class B Common Stock,Class A Common Stock,397744.0,,
1321655,2026-05-22,PLTR,Glazer David A.,,0001823940-26-000008,2026-05-20,S,286,132.9528,392084,D,non_derivative,Class A Common Stock,,,,
1321655,2026-05-22,PLTR,Sankar Shyam,,0001824159-26-000007,2026-05-20,C,165514,,808300,D,non_derivative,Class A Common Stock,,,,
1321655,2026-05-22,PLTR,Cohen Stephen Andrew,,0001823920-26-000007,2026-05-20,C,319934,,320526,D,non_derivative,Class A Common Stock,,,,
1321655,2026-05-22,PLTR,Cohen Stephen Andrew,,0001823920-26-000007,2026-05-20,C,319934,0.0,13887004,D,derivative,Class B Common Stock,Class A Common Stock,319934.0,,
1321655,2026-05-22,PLTR,Karp Alexander C.,,0001823951-26-000007,2026-05-20,C,397744,,6830002,D,,,,,,
1321655,2026-05-22,PLTR,Karp Alexander C.,,0001823951-26-000007,2026-05-20,M,877500,0.0,52310493,D,derivative,Class B Common Stock,Class A Common Stock,877500.0,,
1321655,2026-05-22,PLTR,Buckley Jeffrey,,0001705189-26-000009,2026-05-22,S,830,137.41,61707,D,non_derivative,Class A Common Stock,,,,
1321655,2026-05-22,PLTR,Sankar Shyam,,0001824159-26-000007,2026-05-20,S,2761,132.9528,805539,D,non_derivative,Class A Common Stock,,,,
1321655,2026-06-02,PLTR,Stat Lauren Elaina Friedman,,0001840244-26-000010,2026-06-01,S,1598,160.0,55022,D,non_derivative,Class A Common Stock,,,,
1321655,2026-06-02,PLTR,Stat Lauren Elaina Friedman,,0001840244-26-000010,2026-05-29,S,1667,150.0,56620,D,non_derivative,Class A Common Stock,,,,
1321655,2026-06-08,PLTR,Schiff Alexandra W.,,0001823944-26-000007,2026-06-04,A,2118,0.0,189083,D,non_derivative,Class A Common Stock,,,,
1321655,2026-06-08,PLTR,Stat Lauren Elaina Friedman,,0001840244-26-000012,2026-06-04,A,2118,0.0,57140,D,non_derivative,Class A Common Stock,,,,
1321655,2026-06-08,PLTR,Moore Alexander D.,,0001823952-26-000014,2026-06-04,A,2118,0.0,1127096,D,non_derivative,Class A Common Stock,,,,
1321655,2026-06-08,PLTR,Woersching Eric H.,,0001930526-26-000007,2026-06-04,A,2118,0.0,4466,D,non_derivative,Class A Common Stock,,,,
1321655,2026-06-15,PLTR,Buckley Jeffrey,,0001705189-26-000011,2026-06-11,S,1481,128.8,60226,D,non_derivative,Class A Common Stock,,,,
1321655,2026-06-17,PLTR,Moore Alexander D.,,0001823952-26-000016,2026-06-15,S,900,130.4783,1126195,D,non_derivative,Class A Common Stock,,,,
1321655,2026-07-07,PLTR,Sankar Shyam,,0001824159-26-000009,2026-07-02,C,35000,0.0,3663598,D,derivative,Class B Common Stock,Class A Common Stock,35000.0,,
1321655,2026-07-07,PLTR,Sankar Shyam,,0001824159-26-000009,2026-07-02,S,35000,130.0,642786,D,non_derivative,Class A Common Stock,,,,
1321655,2026-07-07,PLTR,Sankar Shyam,,0001824159-26-000009,2026-07-02,C,35000,,677786,D,non_derivative,Class A Common Stock,,,,
1321655,2026-07-17,PLTR,Moore Alexander D.,,0001823952-26-000018,2026-07-15,S,11800,133.7505,1099295,D,non_derivative,Class A Common Stock,,,,
1321655,2026-07-24,PLTR,Buckley Jeffrey,,0001705189-26-000013,2026-07-22,A,17124,0.0,17124,D,derivative,Stock Appreciation Rights,Class A Common Stock,12500.0,135.0,
1321655,2026-08-07,PLTR,Stat Lauren Elaina Friedman,,0001840244-26-000015,2026-08-05,S,3032,165.0,54107,D,non_derivative,Class A Common Stock,,,,
1321655,2026-08-10,PLTR,Sankar Shyam,,0001824159-26-000011,2026-08-06,S,2735,153.4046,675051,D,non_derivative,Class A Common Stock,,,,
1321655,2026-08-10,PLTR,Sankar Shyam,,0001824159-26-000011,2026-08-06,C,35000,,677786,D,non_derivative,Class A Common Stock,,,,
1321655,2026-08-10,PLTR,Sankar Shyam,,0001824159-26-000011,2026-08-06,C,35000,0.0,3628598,D,derivative,Class B Common Stock,Class A Common Stock,35000.0,,
1321655,2026-08-12,PLTR,Sankar Shyam,,0001824159-26-000013,2026-08-10,G,55498,0.0,587288,D,non_derivative,Class A Common Stock,,,,
1321655,2026-08-12,PLTR,Sankar Shyam,,0001824159-26-000013,2026-08-11,G,294502,0.0,292786,D,non_derivative,Class A Common Stock,,,,
