cik,filingDate,issuerTradingSymbol,reportingOwnerName,reportingOwnerRelationship,accessionNumber,transactionDate,transactionCode,transactionShares,transactionPricePerShare,sharesOwnedFollowingTransaction,directOrIndirectOwnership,transactionType,securityTitle,underlyingSecurityTitle,underlyingSecurityShares,exercisePrice,expirationDate
1604778,2016-11-09,QRVO,HARDING JOHN R,,0001140361-16-085596,2016-11-08,M,12500,28.2,19320,D,,,,,,
1604778,2016-11-09,QRVO,HARDING JOHN R,,0001140361-16-085596,2016-11-08,S,12500,49.98,6820,D,,,,,,
1604778,2016-11-10,QRVO,Murphy Mark J.,,0001140361-16-085830,2016-11-09,P,10000,51.655,65270,D,,,,,,
1604778,2016-11-14,QRVO,BRUGGEWORTH ROBERT A,,0001140361-16-086613,2016-11-11,F,190,53.52,207673,D,,,,,,
1604778,2016-11-14,QRVO,CREVISTON STEVEN E,,0001140361-16-086611,2016-11-11,F,99,53.52,122579,D,,,,,,
1604778,2016-11-15,QRVO,Harrison Gina,,0001140361-16-086793,2016-11-14,F,278,52.74,19751,D,,,,,,
1604778,2016-12-13,QRVO,CREVISTON STEVEN E,,0001140361-16-089542,2016-12-12,F,99,54.79,122480,D,,,,,,
1604778,2016-12-13,QRVO,BRUGGEWORTH ROBERT A,,0001140361-16-089540,2016-12-12,F,190,54.79,207483,D,,,,,,
1604778,2017-01-03,QRVO,SPRADLEY SUSAN LOUISE,,0001140361-17-000151,2017-01-01,A,2100,0.0,2100,D,,,,,,
1604778,2017-01-12,QRVO,CREVISTON STEVEN E,,0001140361-17-001709,2017-01-11,F,79,56.8,122401,D,,,,,,
1604778,2017-01-12,QRVO,BRUGGEWORTH ROBERT A,,0001140361-17-001706,2017-01-11,F,152,56.8,207331,D,,,,,,
1604778,2017-02-07,QRVO,WILKINSON WALTER H,,0001140361-17-004888,2017-02-06,M,6250,23.48,53043,D,,,,,,
1604778,2017-02-14,QRVO,CREVISTON STEVEN E,,0001140361-17-007497,2017-02-13,F,79,66.53,122322,D,,,,,,
1604778,2017-02-14,QRVO,BRUGGEWORTH ROBERT A,,0001140361-17-007493,2017-02-13,F,140,66.53,207191,D,,,,,,
1604778,2017-02-15,QRVO,DILEO DANIEL A,,0001140361-17-007691,2017-02-14,S,1125,66.64,22020,D,,,,,,
1604778,2017-02-15,QRVO,DILEO DANIEL A,,0001140361-17-007691,2017-02-14,M,1125,23.08,23145,D,,,,,,
1604778,2017-02-22,QRVO,QUINSEY RALPH,,0001140361-17-008631,2017-02-21,M,5863,12.38,118580,D,,,,,,
1604778,2017-02-22,QRVO,QUINSEY RALPH,,0001140361-17-008631,2017-02-21,S,131257,67.25,124998,D,,,,,,
1604778,2017-02-22,QRVO,Harrison Gina,,0001140361-17-008628,2017-02-21,M,500,25.24,20251,D,,,,,,
1604778,2017-02-22,QRVO,Harrison Gina,,0001140361-17-008628,2017-02-21,S,1500,67.11,18751,D,,,,,,
1604778,2017-02-23,QRVO,DILEO DANIEL A,,0001140361-17-008830,2017-02-22,M,1000,23.08,23020,D,,,,,,
1604778,2017-02-23,QRVO,DILEO DANIEL A,,0001140361-17-008830,2017-02-22,S,1000,68.0,22020,D,,,,,,
1604778,2017-03-09,QRVO,DILEO DANIEL A,,0001140361-17-011206,2017-03-08,M,1000,23.08,23020,D,,,,,,
1604778,2017-03-09,QRVO,DILEO DANIEL A,,0001140361-17-011206,2017-03-08,S,1000,66.59,22020,D,,,,,,
1604778,2017-03-14,QRVO,Klein James L,,0001140361-17-011964,2017-03-13,M,2600,14.19,41037,D,,,,,,
1604778,2017-03-14,QRVO,Klein James L,,0001140361-17-011964,2017-03-13,S,2600,67.13,38437,D,,,,,,
1604778,2017-03-14,QRVO,CREVISTON STEVEN E,,0001140361-17-011962,2017-03-13,F,78,67.68,122244,D,,,,,,
1604778,2017-03-14,QRVO,BRUGGEWORTH ROBERT A,,0001140361-17-011960,2017-03-13,F,131,67.68,207060,D,,,,,,
1604778,2017-04-10,QRVO,Klein James L,,0001140361-17-015464,2017-04-07,F,1085,69.29,37352,D,,,,,,
1604778,2017-04-11,QRVO,Klein James L,,0001140361-17-015562,2017-04-10,S,5465,71.22,34487,D,,,,,,
1604778,2017-04-11,QRVO,Klein James L,,0001140361-17-015562,2017-04-10,M,2600,14.19,39952,D,,,,,,
1604778,2017-04-12,QRVO,CREVISTON STEVEN E,,0001140361-17-015676,2017-04-11,F,67,70.2,122177,D,,,,,,
1604778,2017-04-12,QRVO,BRUGGEWORTH ROBERT A,,0001140361-17-015674,2017-04-11,F,131,70.2,206929,D,,,,,,
1604778,2017-04-18,QRVO,GIBSON C SCOTT,,0001140361-17-016093,2017-02-14,G,375,0.0,7717,D,,,,,,
1604778,2017-04-18,QRVO,GIBSON C SCOTT,,0001140361-17-016093,2017-02-22,G,74,0.0,7643,D,,,,,,
1604778,2017-04-18,QRVO,GARDNER JEFFERY R,,0001140361-17-016091,2016-08-19,G,2260,0.0,32984,D,,,,,,
1604778,2017-04-18,QRVO,GARDNER JEFFERY R,,0001140361-17-016091,2016-08-22,G,1000,0.0,31984,D,,,,,,
1604778,2017-05-10,QRVO,Klein James L,,0001140361-17-019360,2017-05-09,M,2321,14.19,36808,D,,,,,,
1604778,2017-05-10,QRVO,Klein James L,,0001140361-17-019360,2017-05-09,S,2600,65.81,34487,D,,,,,,
1604778,2017-05-15,QRVO,BRUGGEWORTH ROBERT A,,0001140361-17-020832,2017-05-11,A,38043,0.0,244972,D,,,,,,
1604778,2017-05-15,QRVO,Harrison Gina,,0001140361-17-020836,2017-05-12,F,635,67.02,21136,D,,,,,,
1604778,2017-05-15,QRVO,Murphy Mark J.,,0001140361-17-020834,2017-05-11,A,12965,0.0,78235,D,,,,,,
1604778,2017-05-15,QRVO,BRUGGEWORTH ROBERT A,,0001140361-17-020832,2017-05-12,F,9543,67.02,235429,D,,,,,,
1604778,2017-05-15,QRVO,Murphy Mark J.,,0001140361-17-020834,2017-05-12,F,2714,67.02,75521,D,,,,,,
1604778,2017-05-15,QRVO,Klein James L,,0001140361-17-020845,2017-05-12,F,2103,67.02,44490,D,,,,,,
1604778,2017-05-15,QRVO,Klein James L,,0001140361-17-020845,2017-05-11,A,12106,0.0,46593,D,,,,,,
1604778,2017-05-15,QRVO,Harrison Gina,,0001140361-17-020836,2017-05-11,A,3020,0.0,21771,D,,,,,,
1604778,2017-05-15,QRVO,CREVISTON STEVEN E,,0001140361-17-020843,2017-05-11,A,15556,0.0,137733,D,,,,,,
1604778,2017-05-15,QRVO,CREVISTON STEVEN E,,0001140361-17-020843,2017-05-12,F,3256,67.02,134477,D,,,,,,
1604778,2017-05-17,QRVO,BRUGGEWORTH ROBERT A,,0001140361-17-021192,2017-05-15,F,4740,71.54,216069,D,,,,,,
1604778,2017-05-17,QRVO,Nelson Roderick,,0001140361-17-021204,2017-05-16,S,2000,74.41,5907,D,,,,,,
1604778,2017-05-17,QRVO,Klein James L,,0001140361-17-021201,2017-05-15,S,5585,67.26,38905,D,,,,,,
1604778,2017-05-17,QRVO,Klein James L,,0001140361-17-021201,2017-05-15,F,608,71.54,38297,D,,,,,,
1604778,2017-05-17,QRVO,Klein James L,,0001140361-17-021201,2017-05-16,S,839,71.73,37458,D,,,,,,
1604778,2017-05-17,QRVO,CREVISTON STEVEN E,,0001140361-17-021199,2017-05-15,S,6000,67.26,128477,D,,,,,,
1604778,2017-05-17,QRVO,CREVISTON STEVEN E,,0001140361-17-021199,2017-05-15,F,1744,71.54,126733,D,,,,,,
1604778,2017-05-17,QRVO,Harrison Gina,,0001140361-17-021196,2017-05-15,F,108,71.54,21028,D,,,,,,
1604778,2017-05-17,QRVO,WILKINSON WALTER H,,0001140361-17-021194,2017-05-15,S,9250,71.83,43793,D,,,,,,
1604778,2017-05-17,QRVO,BRUGGEWORTH ROBERT A,,0001140361-17-021192,2017-05-15,S,14620,67.26,220809,D,,,,,,
1604778,2017-05-17,QRVO,BRUGGEWORTH ROBERT A,,0001140361-17-021192,2017-05-16,S,5227,71.73,210842,D,,,,,,
1604778,2017-05-19,QRVO,DILEO DANIEL A,,0001140361-17-021544,2017-05-17,S,2500,73.08,22020,D,,,,,,
1604778,2017-05-19,QRVO,DILEO DANIEL A,,0001140361-17-021544,2017-05-18,M,2500,15.72,24520,D,,,,,,
1604778,2017-05-19,QRVO,Nelson Roderick,,0001140361-17-021550,2017-05-18,S,1500,74.84,4407,D,,,,,,
1604778,2017-05-19,QRVO,DILEO DANIEL A,,0001140361-17-021544,2017-05-17,M,2500,15.72,24520,D,,,,,,
1604778,2017-05-19,QRVO,DILEO DANIEL A,,0001140361-17-021544,2017-05-18,S,2500,75.0,22020,D,,,,,,
1604778,2017-05-23,QRVO,CREVISTON STEVEN E,,0001140361-17-021950,2017-05-22,M,26911,25.24,153644,D,,,,,,
1604778,2017-05-23,QRVO,CREVISTON STEVEN E,,0001140361-17-021950,2017-05-22,S,26911,77.0,126733,D,,,,,,
1604778,2017-06-06,QRVO,Klein James L,,0001140361-17-023956,2017-06-05,M,2600,11.59,40058,D,,,,,,
1604778,2017-06-06,QRVO,Klein James L,,0001140361-17-023956,2017-06-05,S,2600,78.69,37458,D,,,,,,
1604778,2017-06-06,QRVO,BRUGGEWORTH ROBERT A,,0001140361-17-023953,2017-06-05,M,27840,25.24,238682,D,,,,,,
1604778,2017-06-06,QRVO,BRUGGEWORTH ROBERT A,,0001140361-17-023953,2017-06-05,S,18709,77.53,219973,D,,,,,,
1604778,2017-06-07,QRVO,Nelson Roderick,,0001140361-17-024367,2017-06-06,S,847,78.0,3560,D,,,,,,
1604778,2017-06-07,QRVO,GARDNER JEFFERY R,,0001140361-17-024365,2017-06-06,M,3925,47.96,35909,D,,,,,,
1604778,2017-06-07,QRVO,GARDNER JEFFERY R,,0001140361-17-024365,2017-06-06,S,3925,77.55,31984,D,,,,,,
1604778,2017-06-16,QRVO,CREVISTON STEVEN E,,0001140361-17-025348,2017-06-15,S,6000,70.75,120733,D,,,,,,
1604778,2017-07-05,QRVO,Klein James L,,0001140361-17-027159,2017-07-03,M,2600,11.59,40058,D,,,,,,
1604778,2017-07-05,QRVO,Klein James L,,0001140361-17-027159,2017-07-03,S,2600,63.49,37458,D,,,,,,
1604778,2017-07-06,QRVO,Murphy Mark J.,,0001140361-17-027358,2017-07-05,F,3762,65.02,71759,D,,,,,,
1604778,2017-07-10,QRVO,BRUGGEWORTH ROBERT A,,0001140361-17-027550,2017-07-07,M,21639,25.24,232481,D,,,,,,
1604778,2017-07-10,QRVO,BRUGGEWORTH ROBERT A,,0001140361-17-027550,2017-07-07,S,21639,65.03,210842,D,,,,,,
1604778,2017-07-10,QRVO,BRUGGEWORTH ROBERT A,,0001140361-17-027550,2017-07-06,S,6200,65.01,210842,D,,,,,,
1604778,2017-07-10,QRVO,BRUGGEWORTH ROBERT A,,0001140361-17-027550,2017-07-06,M,6200,25.24,217042,D,,,,,,
1604778,2017-07-18,QRVO,CREVISTON STEVEN E,,0001140361-17-028109,2017-07-17,S,6000,66.94,114733,D,,,,,,
1604778,2017-08-09,QRVO,CREVISTON STEVEN E,,0001140361-17-030857,2017-08-08,A,11628,0.0,124758,D,,,,,,
1604778,2017-08-09,QRVO,Klein James L,,0001140361-17-030867,2017-08-08,A,8140,0.0,42978,D,,,,,,
1604778,2017-08-09,QRVO,Murphy Mark J.,,0001140361-17-030862,2017-08-07,F,1335,68.8,70424,D,,,,,,
1604778,2017-08-09,QRVO,Klein James L,,0001140361-17-030867,2017-08-08,S,4120,68.41,34838,D,,,,,,
1604778,2017-08-09,QRVO,Harrison Gina,,0001140361-17-030874,2017-08-08,A,2035,0.0,22847,D,,,,,,
1604778,2017-08-09,QRVO,Klein James L,,0001140361-17-030867,2017-08-08,M,2305,11.59,38663,D,,,,,,
1604778,2017-08-09,QRVO,BRUGGEWORTH ROBERT A,,0001140361-17-030855,2017-08-08,A,31395,0.0,234000,D,,,,,,
1604778,2017-08-09,QRVO,BRUGGEWORTH ROBERT A,,0001140361-17-030855,2017-08-08,S,4320,68.19,202605,D,,,,,,
1604778,2017-08-09,QRVO,Klein James L,,0001140361-17-030867,2017-08-07,F,1100,68.8,36358,D,,,,,,
1604778,2017-08-09,QRVO,BRUGGEWORTH ROBERT A,,0001140361-17-030855,2017-08-07,F,3917,68.8,206925,D,,,,,,
1604778,2017-08-09,QRVO,CREVISTON STEVEN E,,0001140361-17-030857,2017-08-07,F,1603,68.8,113130,D,,,,,,
1604778,2017-08-09,QRVO,Murphy Mark J.,,0001140361-17-030862,2017-08-08,A,9302,0.0,79726,D,,,,,,
1604778,2017-08-09,QRVO,Nelson Roderick,,0001140361-17-030891,2017-08-08,A,2762,0.0,6322,D,,,,,,
1604778,2017-08-09,QRVO,RHINES WALDEN C,,0001140361-17-030895,2017-08-08,A,2762,0.0,34470,D,,,,,,
1604778,2017-08-09,QRVO,WILKINSON WALTER H,,0001140361-17-030898,2017-08-08,A,2762,0.0,46555,D,,,,,,
1604778,2017-08-09,QRVO,QUINSEY RALPH,,0001140361-17-030893,2017-08-08,A,2762,0.0,127760,D,,,,,,
1604778,2017-08-09,QRVO,Ho David H Y,,0001140361-17-030878,2017-08-08,A,2762,0.0,7536,D,,,,,,
1604778,2017-08-09,QRVO,SPRADLEY SUSAN LOUISE,,0001140361-17-030904,2017-08-08,A,2762,0.0,4862,D,,,,,,
1604778,2017-08-09,QRVO,DILEO DANIEL A,,0001140361-17-030881,2017-08-08,A,2762,0.0,24782,D,,,,,,
1604778,2017-08-09,QRVO,Ho David H Y,,0001140361-17-030878,2017-08-07,F,1068,68.8,4774,D,,,,,,
1604778,2017-08-09,QRVO,Harrison Gina,,0001140361-17-030874,2017-08-07,F,216,68.8,20812,D,,,,,,
1604778,2017-08-09,QRVO,GARDNER JEFFERY R,,0001140361-17-030883,2017-08-08,A,2762,0.0,34746,D,,,,,,
1604778,2017-08-09,QRVO,HARDING JOHN R,,0001140361-17-030888,2017-08-08,A,2762,0.0,9582,D,,,,,,
1604778,2017-08-09,QRVO,GIBSON C SCOTT,,0001140361-17-030885,2017-08-08,A,2762,0.0,10405,D,,,,,,
1604778,2017-08-14,QRVO,BRUGGEWORTH ROBERT A,,0001140361-17-032036,2017-08-10,F,3872,67.77,230128,D,,,,,,
1604778,2017-08-14,QRVO,CREVISTON STEVEN E,,0001140361-17-032041,2017-08-10,F,1458,67.77,123300,D,,,,,,
1604778,2017-08-14,QRVO,BRUGGEWORTH ROBERT A,,0001140361-17-032036,2017-08-11,S,4271,67.71,225857,D,,,,,,
1604778,2017-08-14,QRVO,Klein James L,,0001140361-17-032057,2017-08-10,F,1085,67.77,41893,D,,,,,,
1604778,2017-08-14,QRVO,Harrison Gina,,0001140361-17-032062,2017-08-10,F,206,67.77,22641,D,,,,,,
1604778,2017-08-14,QRVO,Klein James L,,0001140361-17-032057,2017-08-11,S,1500,67.67,40393,D,,,,,,
1604778,2017-08-16,QRVO,Harrison Gina,,0001140361-17-032490,2017-08-14,F,287,71.42,22354,D,,,,,,
1604778,2017-08-16,QRVO,Harrison Gina,,0001140361-17-032490,2017-08-15,F,124,71.76,22230,D,,,,,,
1604778,2017-08-16,QRVO,CREVISTON STEVEN E,,0001140361-17-032489,2017-08-14,F,3190,71.42,120110,D,,,,,,
1604778,2017-08-16,QRVO,CREVISTON STEVEN E,,0001140361-17-032489,2017-08-15,S,6000,71.34,114110,D,,,,,,
1604778,2017-08-16,QRVO,BRUGGEWORTH ROBERT A,,0001140361-17-032488,2017-08-15,F,2666,71.76,210284,D,,,,,,
1604778,2017-08-16,QRVO,CREVISTON STEVEN E,,0001140361-17-032489,2017-08-15,F,1385,71.76,112725,D,,,,,,
1604778,2017-08-16,QRVO,BRUGGEWORTH ROBERT A,,0001140361-17-032488,2017-08-14,F,6138,71.42,219719,D,,,,,,
1604778,2017-08-16,QRVO,BRUGGEWORTH ROBERT A,,0001140361-17-032488,2017-08-15,S,6769,71.34,212950,D,,,,,,
1604778,2017-08-17,QRVO,BRUGGEWORTH ROBERT A,,0001140361-17-032613,2017-08-16,S,2940,71.9,207344,D,,,,,,
1604778,2017-08-18,QRVO,HARDING JOHN R,,0001140361-17-032715,2017-08-17,S,3260,71.79,6322,D,,,,,,
1604778,2017-09-07,QRVO,Klein James L,,0001140361-17-034712,2017-09-05,M,2600,16.75,42993,D,,,,,,
1604778,2017-09-07,QRVO,Klein James L,,0001140361-17-034712,2017-09-05,S,2600,72.93,40393,D,,,,,,
1604778,2017-09-08,QRVO,Harrison Gina,,0001140361-17-034944,2017-09-07,S,5000,73.41,17230,D,,,,,,
1604778,2017-09-11,QRVO,GARDNER JEFFERY R,,0001140361-17-035041,2017-09-08,S,1700,71.95,33046,D,,,,,,
1604778,2017-09-18,QRVO,CREVISTON STEVEN E,,0001140361-17-035803,2017-09-15,S,6000,73.37,106725,D,,,,,,
1604778,2017-09-18,QRVO,BRUGGEWORTH ROBERT A,,0001140361-17-035802,2017-09-15,S,5000,73.37,202344,D,,,,,,
1604778,2017-10-03,QRVO,Klein James L,,0001140361-17-037377,2017-10-02,M,2600,16.75,42993,D,,,,,,
1604778,2017-10-03,QRVO,Klein James L,,0001140361-17-037377,2017-10-02,S,2600,70.84,40393,D,,,,,,
1604778,2017-10-17,QRVO,CREVISTON STEVEN E,,0001140361-17-038871,2017-10-16,S,6000,72.27,100725,D,,,,,,
1604778,2017-10-17,QRVO,BRUGGEWORTH ROBERT A,,0001140361-17-038870,2017-10-16,S,5000,72.27,197344,D,,,,,,
1604778,2017-11-08,QRVO,Klein James L,,0001140361-17-041638,2017-11-07,M,2600,16.75,42993,D,,,,,,
1604778,2017-11-08,QRVO,Klein James L,,0001140361-17-041638,2017-11-07,S,2600,77.58,40393,D,,,,,,
1604778,2017-11-14,QRVO,Harrison Gina,,0001140361-17-042881,2017-11-13,F,276,79.08,16954,D,,,,,,
1604778,2017-11-16,QRVO,CREVISTON STEVEN E,,0001140361-17-043124,2017-11-15,S,5000,76.71,95725,D,,,,,,
1604778,2017-11-16,QRVO,BRUGGEWORTH ROBERT A,,0001140361-17-043123,2017-11-15,S,4000,76.72,193344,D,,,,,,
1604778,2017-11-22,QRVO,Nelson Roderick,,0001140361-17-043677,2017-11-20,S,1700,78.5,4622,D,,,,,,
1604778,2017-11-22,QRVO,DILEO DANIEL A,,0001140361-17-043679,2017-11-21,M,2500,15.72,27282,D,,,,,,
1604778,2017-11-22,QRVO,DILEO DANIEL A,,0001140361-17-043679,2017-11-21,S,2500,80.0,24782,D,,,,,,
1604778,2017-11-28,QRVO,WILKINSON WALTER H,,0001140361-17-043991,2017-11-27,M,15925,13.44,62480,D,,,,,,
1604778,2017-11-28,QRVO,WILKINSON WALTER H,,0001140361-17-043991,2017-11-27,S,15925,80.02,46555,D,,,,,,
1604778,2017-12-05,QRVO,Klein James L,,0001140361-17-045078,2017-12-04,M,2211,16.75,42604,D,,,,,,
1604778,2017-12-05,QRVO,Klein James L,,0001140361-17-045078,2017-12-04,S,2211,74.76,40393,D,,,,,,
1604778,2017-12-08,QRVO,Nelson Roderick,,0001140361-17-045482,2017-12-07,S,860,69.03,3762,D,,,,,,
1604778,2017-12-08,QRVO,Harrison Gina,,0001140361-17-045479,2017-12-07,S,1000,71.53,15954,D,,,,,,
1604778,2017-12-18,QRVO,CREVISTON STEVEN E,,0001140361-17-046571,2017-12-15,S,6000,65.5,88725,D,,,,,,
1604778,2017-12-18,QRVO,BRUGGEWORTH ROBERT A,,0001140361-17-046568,2017-11-24,G,7000,0.0,185344,D,,,,,,
1604778,2017-12-18,QRVO,BRUGGEWORTH ROBERT A,,0001140361-17-046568,2017-12-15,S,5000,65.57,180344,D,,,,,,
1604778,2018-01-17,QRVO,CREVISTON STEVEN E,,0001140361-18-002174,2018-01-16,S,6000,71.37,82725,D,,,,,,
1604778,2018-02-16,QRVO,CREVISTON STEVEN E,,0001140361-18-008832,2018-02-15,S,6000,78.97,76725,D,,,,,,
1604778,2018-03-07,QRVO,DILEO DANIEL A,,0001140361-18-012469,2018-03-06,M,2500,15.72,27282,D,,,,,,
1604778,2018-03-07,QRVO,DILEO DANIEL A,,0001140361-18-012469,2018-03-06,S,2500,83.97,24782,D,,,,,,
1604778,2018-03-08,QRVO,Harrison Gina,,0001140361-18-012632,2018-03-07,S,1000,82.83,14954,D,,,,,,
1604778,2018-03-08,QRVO,QUINSEY RALPH,,0001140361-18-012634,2018-03-07,M,19474,5.14,147234,D,,,,,,
1604778,2018-03-08,QRVO,QUINSEY RALPH,,0001140361-18-012634,2018-03-07,S,19474,83.64,127760,D,,,,,,
1604778,2018-03-16,QRVO,CREVISTON STEVEN E,,0001140361-18-013874,2018-03-15,S,6000,79.48,70725,D,,,,,,
1604778,2018-04-17,QRVO,CREVISTON STEVEN E,,0001140361-18-018808,2018-04-16,S,6000,72.75,64725,D,,,,,,
1604778,2018-05-09,QRVO,Klein James L,,0001140361-18-022492,2018-05-08,M,6279,31.08,46672,D,,,,,,
1604778,2018-05-09,QRVO,Klein James L,,0001140361-18-022492,2018-05-08,S,8279,79.2,38393,D,,,,,,
1604778,2018-05-11,QRVO,GARDNER JEFFERY R,,0001140361-18-023055,2017-11-30,G,1860,0.0,31186,D,,,,,,
1604778,2018-05-11,QRVO,RHINES WALDEN C,,0001140361-18-023053,2017-08-17,G,19888,0.0,14582,D,,,,,,
1604778,2018-05-14,QRVO,Murphy Mark J.,,0001140361-18-023384,2018-05-10,A,19623,0.0,99349,D,,,,,,
1604778,2018-05-14,QRVO,Harrison Gina,,0001140361-18-023376,2018-05-10,A,4478,0.0,19432,D,,,,,,
1604778,2018-05-14,QRVO,Klein James L,,0001140361-18-023381,2018-05-10,A,17339,0.0,55732,D,,,,,,
1604778,2018-05-14,QRVO,BRUGGEWORTH ROBERT A,,0001140361-18-023370,2018-05-10,A,64322,0.0,243366,D,,,,,,
1604778,2018-05-14,QRVO,CREVISTON STEVEN E,,0001140361-18-023374,2018-05-10,A,24117,0.0,88842,D,,,,,,
1604778,2018-05-14,QRVO,BRUGGEWORTH ROBERT A,,0001140361-18-023370,2018-05-07,G,1300,0.0,179044,D,,,,,,
1604778,2018-05-16,QRVO,BRUGGEWORTH ROBERT A,,0001140361-18-024244,2018-05-15,S,22934,79.89,201338,D,,,,,,
1604778,2018-05-16,QRVO,BRUGGEWORTH ROBERT A,,0001140361-18-024244,2018-05-14,F,5169,81.67,238197,D,,,,,,
1604778,2018-05-16,QRVO,Harrison Gina,,0001140361-18-024248,2018-05-14,F,166,81.67,19266,D,,,,,,
1604778,2018-05-16,QRVO,Klein James L,,0001140361-18-024252,2018-05-14,F,1440,81.67,54292,D,,,,,,
1604778,2018-05-16,QRVO,CREVISTON STEVEN E,,0001140361-18-024246,2018-05-14,F,2049,81.67,86793,D,,,,,,
1604778,2018-05-16,QRVO,Klein James L,,0001140361-18-024252,2018-05-15,S,2216,81.13,49742,D,,,,,,
1604778,2018-05-16,QRVO,Murphy Mark J.,,0001140361-18-024255,2018-05-14,F,868,81.67,98481,D,,,,,,
1604778,2018-05-17,QRVO,DILEO DANIEL A,,0001140361-18-024452,2018-05-16,M,1625,15.72,26407,D,,,,,,
1604778,2018-05-17,QRVO,DILEO DANIEL A,,0001140361-18-024452,2018-05-16,S,1625,80.75,24782,D,,,,,,
1604778,2018-05-25,QRVO,WILKINSON WALTER H,,0001140361-18-025757,2018-05-24,S,9510,81.09,37045,D,,,,,,
1604778,2018-05-29,QRVO,Nelson Roderick,,0001140361-18-026049,2018-05-25,S,1000,81.48,2762,D,,,,,,
1604778,2018-06-04,QRVO,Klein James L,,0001140361-18-027138,2018-06-01,S,2093,80.63,49742,D,,,,,,
1604778,2018-06-04,QRVO,Klein James L,,0001140361-18-027138,2018-06-01,M,2093,31.08,51835,D,,,,,,
1604778,2018-06-08,QRVO,Harrison Gina,,0001140361-18-027888,2018-06-07,S,247,79.95,18286,D,,,,,,
1604778,2018-06-12,QRVO,CREVISTON STEVEN E,,0001140361-18-028227,2018-06-11,S,3000,79.99,79646,D,,,,,,
1604778,2018-07-03,QRVO,Klein James L,,0001140361-18-031274,2018-07-02,M,2094,31.08,51836,D,,,,,,
1604778,2018-07-03,QRVO,Klein James L,,0001140361-18-031274,2018-07-02,S,2094,79.75,49742,D,,,,,,
1604778,2018-07-06,QRVO,Murphy Mark J.,,0001140361-18-031789,2018-07-05,F,3960,81.82,91302,D,,,,,,
1604778,2018-07-11,QRVO,CREVISTON STEVEN E,,0001140361-18-032146,2018-07-10,S,3000,82.3,76646,D,,,,,,
1604778,2018-08-06,QRVO,FEGO PAUL J,,0001140361-18-035605,2018-08-05,A,15443,0.0,15443,D,,,,,,
1604778,2018-08-08,QRVO,Murphy Mark J.,,0001567619-18-000149,2018-08-07,A,7746,0.0,97785,D,,,,,,
1604778,2018-08-08,QRVO,Ho David H Y,,0001567619-18-000123,2018-08-06,F,829,85.2,6707,D,,,,,,
1604778,2018-08-08,QRVO,Ho David H Y,,0001567619-18-000123,2018-08-07,A,2347,0.0,9054,D,,,,,,
1604778,2018-08-08,QRVO,WILKINSON WALTER H,,0001567619-18-000135,2018-08-07,A,2347,0.0,39392,D,,,,,,
1604778,2018-08-08,QRVO,CREVISTON STEVEN E,,0001567619-18-000140,2018-08-06,F,1515,85.2,75131,D,,,,,,
1604778,2018-08-08,QRVO,FEGO PAUL J,,0001567619-18-000143,2018-08-07,A,4695,0.0,20138,D,,,,,,
1604778,2018-08-08,QRVO,QUINSEY RALPH,,0001567619-18-000128,2018-08-07,A,2347,0.0,130107,D,,,,,,
1604778,2018-08-08,QRVO,Nelson Roderick,,0001567619-18-000125,2018-08-07,A,2347,0.0,5109,D,,,,,,
1604778,2018-08-08,QRVO,DILEO DANIEL A,,0001567619-18-000109,2018-08-07,A,2347,0.0,27129,D,,,,,,
1604778,2018-08-08,QRVO,RHINES WALDEN C,,0001567619-18-000131,2018-08-07,A,2347,0.0,16929,D,,,,,,
1604778,2018-08-08,QRVO,Harrison Gina,,0001567619-18-000145,2018-08-07,A,1761,0.0,19850,D,,,,,,
1604778,2018-08-08,QRVO,BRUGGEWORTH ROBERT A,,0001567619-18-000138,2018-08-07,A,28169,0.0,221304,D,,,,,,
1604778,2018-08-08,QRVO,GIBSON C SCOTT,,0001567619-18-000115,2018-08-07,A,2347,0.0,12752,D,,,,,,
1604778,2018-08-08,QRVO,BRUGGEWORTH ROBERT A,,0001567619-18-000138,2018-08-07,S,3784,85.64,217520,D,,,,,,
1604778,2018-08-08,QRVO,Murphy Mark J.,,0001567619-18-000149,2018-08-06,F,1263,85.2,90039,D,,,,,,
1604778,2018-08-08,QRVO,CREVISTON STEVEN E,,0001567619-18-000140,2018-08-07,A,9390,0.0,84521,D,,,,,,
1604778,2018-08-08,QRVO,Klein James L,,0001567619-18-000147,2018-08-06,F,1031,85.2,48711,D,,,,,,
1604778,2018-08-08,QRVO,Harrison Gina,,0001567619-18-000145,2018-08-06,F,197,85.2,18089,D,,,,,,
1604778,2018-08-08,QRVO,HARDING JOHN R,,0001567619-18-000119,2018-08-07,A,2347,0.0,8669,D,,,,,,
1604778,2018-08-08,QRVO,SPRADLEY SUSAN LOUISE,,0001567619-18-000133,2018-08-07,A,2347,0.0,7209,D,,,,,,
1604778,2018-08-08,QRVO,GARDNER JEFFERY R,,0001567619-18-000112,2018-08-07,A,2347,0.0,33533,D,,,,,,
1604778,2018-08-08,QRVO,BRUGGEWORTH ROBERT A,,0001567619-18-000138,2018-08-06,F,3703,85.2,193135,D,,,,,,
1604778,2018-08-08,QRVO,Klein James L,,0001567619-18-000147,2018-08-07,A,7042,0.0,55753,D,,,,,,
1604778,2018-08-10,QRVO,Klein James L,,0001567619-18-000399,2018-08-08,F,801,85.55,54952,D,,,,,,
1604778,2018-08-10,QRVO,CREVISTON STEVEN E,,0001567619-18-000390,2018-08-08,F,1307,85.55,83214,D,,,,,,
1604778,2018-08-10,QRVO,Harrison Gina,,0001567619-18-000395,2018-08-08,F,153,85.55,19697,D,,,,,,
1604778,2018-08-10,QRVO,BRUGGEWORTH ROBERT A,,0001567619-18-000387,2018-08-09,S,4320,84.81,208921,D,,,,,,
1604778,2018-08-10,QRVO,Klein James L,,0001567619-18-000399,2018-08-08,S,3682,85.67,53363,D,,,,,,
1604778,2018-08-10,QRVO,Murphy Mark J.,,0001567619-18-000402,2018-08-08,F,1046,85.55,96739,D,,,,,,
1604778,2018-08-10,QRVO,BRUGGEWORTH ROBERT A,,0001567619-18-000387,2018-08-08,F,3528,85.55,213241,D,,,,,,
1604778,2018-08-10,QRVO,Klein James L,,0001567619-18-000399,2018-08-08,M,2093,31.08,57045,D,,,,,,
1604778,2018-08-10,QRVO,Klein James L,,0001567619-18-000399,2018-08-09,S,1234,85.0,52129,D,,,,,,
1604778,2018-08-14,QRVO,CREVISTON STEVEN E,,0001567619-18-001069,2018-08-10,F,1378,83.19,78836,D,,,,,,
1604778,2018-08-14,QRVO,BRUGGEWORTH ROBERT A,,0001567619-18-001065,2018-08-13,S,4066,83.15,196195,D,,,,,,
1604778,2018-08-14,QRVO,BRUGGEWORTH ROBERT A,,0001567619-18-001065,2018-08-10,F,3660,83.19,200261,D,,,,,,
1604778,2018-08-14,QRVO,BRUGGEWORTH ROBERT A,,0001567619-18-001065,2018-08-10,G,5000,0.0,203921,D,,,,,,
1604778,2018-08-14,QRVO,Klein James L,,0001567619-18-001079,2018-08-13,S,1567,83.0,49544,D,,,,,,
1604778,2018-08-14,QRVO,Klein James L,,0001567619-18-001079,2018-08-10,F,1018,83.19,51111,D,,,,,,
1604778,2018-08-14,QRVO,CREVISTON STEVEN E,,0001567619-18-001069,2018-08-10,S,3000,84.69,80214,D,,,,,,
1604778,2018-08-14,QRVO,Harrison Gina,,0001567619-18-001074,2018-08-10,F,187,83.19,19510,D,,,,,,
1604778,2018-08-17,QRVO,GIBSON C SCOTT,,0001567619-18-001397,2018-08-15,S,3250,81.86,9502,D,,,,,,
1604778,2018-08-17,QRVO,Harrison Gina,,0001567619-18-001395,2018-08-15,F,113,81.95,19397,D,,,,,,
1604778,2018-08-17,QRVO,BRUGGEWORTH ROBERT A,,0001567619-18-001389,2018-08-16,S,3086,82.09,190172,D,,,,,,
1604778,2018-08-17,QRVO,CREVISTON STEVEN E,,0001567619-18-001392,2018-08-15,F,1310,81.95,77526,D,,,,,,
1604778,2018-08-17,QRVO,BRUGGEWORTH ROBERT A,,0001567619-18-001389,2018-08-15,F,2521,81.95,193258,D,,,,,,
1604778,2018-08-23,QRVO,Nelson Roderick,,0001567619-18-001740,2018-08-22,S,1500,81.0,3609,D,,,,,,
1604778,2018-09-05,QRVO,Klein James L,,0001567619-18-002141,2018-09-04,M,628,31.08,50172,D,,,,,,
1604778,2018-09-05,QRVO,Klein James L,,0001567619-18-002141,2018-09-04,S,2093,79.88,49544,D,,,,,,
1604778,2018-09-10,QRVO,Harrison Gina,,0001567619-18-002368,2018-09-07,S,1016,74.0,18381,D,,,,,,
1604778,2018-09-11,QRVO,CREVISTON STEVEN E,,0001567619-18-002410,2018-09-05,G,1080,0.0,76446,D,,,,,,
1604778,2018-09-11,QRVO,CREVISTON STEVEN E,,0001567619-18-002410,2018-09-10,S,3000,74.88,73446,D,,,,,,
1604778,2018-09-11,QRVO,BRUGGEWORTH ROBERT A,,0001567619-18-002408,2018-09-10,S,5000,73.98,185172,D,,,,,,
1604778,2018-10-02,QRVO,Klein James L,,0001567619-18-003503,2018-10-01,M,2093,48.42,51637,D,,,,,,
1604778,2018-10-02,QRVO,Klein James L,,0001567619-18-003503,2018-10-01,S,2093,77.19,49544,D,,,,,,
1604778,2018-10-11,QRVO,CREVISTON STEVEN E,,0001567619-18-004000,2018-10-10,S,3000,73.45,70446,D,,,,,,
1604778,2018-10-16,QRVO,BRUGGEWORTH ROBERT A,,0001567619-18-004189,2018-10-15,S,4600,72.62,180572,D,,,,,,
1604778,2018-11-07,QRVO,HARDING JOHN R,,0001567619-18-005311,2018-11-06,S,3000,70.61,5669,D,,,,,,
1604778,2018-11-08,QRVO,Klein James L,,0001567619-18-005445,2018-11-07,M,2094,48.42,51638,D,,,,,,
1604778,2018-11-08,QRVO,Klein James L,,0001567619-18-005445,2018-11-07,S,2094,70.52,49544,D,,,,,,
1604778,2018-11-14,QRVO,CREVISTON STEVEN E,,0001567619-18-006397,2018-11-12,S,3000,65.0,67446,D,,,,,,
1604778,2018-11-14,QRVO,BRUGGEWORTH ROBERT A,,0001567619-18-006395,2018-11-13,S,1500,63.89,172446,D,,,,,,
1604778,2018-11-14,QRVO,BRUGGEWORTH ROBERT A,,0001567619-18-006395,2018-11-12,F,1226,63.8,173946,D,,,,,,
1604778,2018-11-14,QRVO,Harrison Gina,,0001567619-18-006399,2018-11-12,F,110,63.8,18271,D,,,,,,
1604778,2018-11-14,QRVO,Klein James L,,0001567619-18-006401,2018-11-12,F,342,63.8,49202,D,,,,,,
1604778,2018-11-14,QRVO,BRUGGEWORTH ROBERT A,,0001567619-18-006395,2018-11-12,S,1300,63.09,178872,D,,,,,,
1604778,2018-11-14,QRVO,CREVISTON STEVEN E,,0001567619-18-006397,2018-11-12,F,440,63.8,67006,D,,,,,,
1604778,2018-11-14,QRVO,Murphy Mark J.,,0001567619-18-006403,2018-11-12,F,448,63.8,96291,D,,,,,,
1604778,2018-11-14,QRVO,Harrison Gina,,0001567619-18-006399,2018-11-13,F,251,63.65,18020,D,,,,,,
1604778,2018-11-28,QRVO,Nelson Roderick,,0001567619-18-007045,2018-11-27,S,1262,64.8,2347,D,,,,,,
1604778,2018-12-11,QRVO,BRUGGEWORTH ROBERT A,,0001567619-18-007717,2018-12-10,S,500,60.34,171946,D,,,,,,
1604778,2018-12-13,QRVO,BRUGGEWORTH ROBERT A,,0001567619-18-007915,2018-12-11,S,2200,60.4,169746,D,,,,,,
1604778,2018-12-13,QRVO,BRUGGEWORTH ROBERT A,,0001567619-18-007915,2018-12-12,S,616,60.77,167872,D,,,,,,
1604778,2019-01-28,QRVO,CREVISTON STEVEN E,,0001567619-19-001786,2019-01-25,S,6000,65.0,61006,D,,,,,,
1604778,2019-02-08,QRVO,Harrison Gina,,0001567619-19-002801,2019-02-06,S,1016,70.0,17004,D,,,,,,
1604778,2019-02-13,QRVO,CREVISTON STEVEN E,,0001567619-19-003830,2019-02-11,S,3000,65.0,58006,D,,,,,,
1604778,2019-02-19,QRVO,RHINES WALDEN C,,0001567619-19-004849,2019-02-14,M,7327,8.96,24256,D,,,,,,
1604778,2019-02-26,QRVO,QUINSEY RALPH,,0001567619-19-005431,2019-02-25,M,209349,16.89,273591,D,,,,,,
1604778,2019-02-26,QRVO,QUINSEY RALPH,,0001567619-19-005431,2019-02-25,S,600,69.62,272991,D,,,,,,
1604778,2019-02-26,QRVO,QUINSEY RALPH,,0001567619-19-005431,2017-11-07,G,20000,0.0,64242,D,,,,,,
1604778,2019-02-26,QRVO,QUINSEY RALPH,,0001567619-19-005431,2015-11-30,G,45865,0.0,84242,D,,,,,,
1604778,2019-03-12,QRVO,CREVISTON STEVEN E,,0001567619-19-006688,2019-03-11,S,3000,68.87,55006,D,,,,,,
1604778,2019-03-18,QRVO,Klein James L,,0001567619-19-007084,2018-03-15,S,1914,69.06,47288,D,,,,,,
1604778,2019-03-18,QRVO,Harrison Gina,,0001567619-19-007082,2019-03-15,S,1016,70.0,15988,D,,,,,,
1604778,2019-04-11,QRVO,CREVISTON STEVEN E,,0001567619-19-008700,2019-04-10,S,3000,74.9,52006,D,,,,,,
1604778,2019-04-15,QRVO,GARDNER JEFFERY R,,0001567619-19-008801,2018-12-21,G,1335,0.0,32198,D,,,,,,
1604778,2019-04-16,QRVO,Klein James L,,0001567619-19-008852,2019-04-15,S,1914,77.16,45374,D,,,,,,
1604778,2019-05-13,QRVO,Murphy Mark J.,,0001567619-19-010600,2019-05-10,A,495,0.0,110980,D,,,,,,
1604778,2019-05-13,QRVO,BRUGGEWORTH ROBERT A,,0001567619-19-010596,2019-05-09,A,51614,0.0,219060,D,,,,,,
1604778,2019-05-13,QRVO,FEGO PAUL J,,0001567619-19-010604,2019-05-10,A,364,0.0,29103,D,,,,,,
1604778,2019-05-13,QRVO,FEGO PAUL J,,0001567619-19-010604,2019-05-10,F,1042,75.15,28061,D,,,,,,
1604778,2019-05-13,QRVO,Murphy Mark J.,,0001567619-19-010600,2019-05-09,A,14914,0.0,110485,D,,,,,,
1604778,2019-05-13,QRVO,Murphy Mark J.,,0001567619-19-010600,2019-05-10,F,2105,75.15,108875,D,,,,,,
1604778,2019-05-13,QRVO,BRUGGEWORTH ROBERT A,,0001567619-19-010596,2019-05-10,A,1354,0.0,220414,D,,,,,,
1604778,2019-05-13,QRVO,BRUGGEWORTH ROBERT A,,0001567619-19-010596,2019-05-10,F,9580,75.15,210834,D,,,,,,
1604778,2019-05-13,QRVO,FEGO PAUL J,,0001567619-19-010604,2019-05-09,A,8601,0.0,28739,D,,,,,,
1604778,2019-05-13,QRVO,Harrison Gina,,0001567619-19-010613,2019-05-10,F,497,75.15,18900,D,,,,,,
1604778,2019-05-13,QRVO,Klein James L,,0001567619-19-010610,2019-05-09,A,12904,0.0,58278,D,,,,,,
1604778,2019-05-13,QRVO,CREVISTON STEVEN E,,0001567619-19-010608,2019-05-10,A,485,0.0,69695,D,,,,,,
1604778,2019-05-13,QRVO,Klein James L,,0001567619-19-010610,2019-05-10,A,440,0.0,58718,D,,,,,,
1604778,2019-05-13,QRVO,Klein James L,,0001567619-19-010610,2019-05-10,F,1567,75.15,57151,D,,,,,,
1604778,2019-05-13,QRVO,Harrison Gina,,0001567619-19-010613,2019-05-09,A,3225,0.0,19213,D,,,,,,
1604778,2019-05-13,QRVO,CREVISTON STEVEN E,,0001567619-19-010608,2019-05-09,A,17204,0.0,69210,D,,,,,,
1604778,2019-05-13,QRVO,Harrison Gina,,0001567619-19-010613,2019-05-10,A,184,0.0,19397,D,,,,,,
1604778,2019-05-13,QRVO,CREVISTON STEVEN E,,0001567619-19-010608,2019-05-10,F,2553,75.15,67142,D,,,,,,
1604778,2019-05-15,QRVO,Klein James L,,0001567619-19-011303,2019-05-13,F,539,71.05,55773,D,,,,,,
1604778,2019-05-15,QRVO,Harrison Gina,,0001567619-19-011300,2019-05-13,F,164,71.05,18480,D,,,,,,
1604778,2019-05-15,QRVO,CREVISTON STEVEN E,,0001567619-19-011298,2019-05-13,F,1270,71.05,64364,D,,,,,,
1604778,2019-05-15,QRVO,BRUGGEWORTH ROBERT A,,0001567619-19-011296,2019-05-13,F,3103,71.05,201794,D,,,,,,
1604778,2019-05-15,QRVO,BRUGGEWORTH ROBERT A,,0001567619-19-011296,2019-05-14,S,12719,72.22,189075,D,,,,,,
1604778,2019-05-15,QRVO,Murphy Mark J.,,0001567619-19-011307,2019-05-13,F,713,71.05,106993,D,,,,,,
1604778,2019-05-16,QRVO,Klein James L,,0001567619-19-011431,2019-05-15,S,1914,72.0,53859,D,,,,,,
1604778,2019-06-18,QRVO,Klein James L,,0001567619-19-013570,2019-06-17,S,1914,61.71,51945,D,,,,,,
1604778,2019-06-18,QRVO,CREVISTON STEVEN E,,0001567619-19-013568,2019-05-10,S,3000,74.84,57887,D,,,,,,
1604778,2019-06-18,QRVO,CREVISTON STEVEN E,,0001567619-19-013568,2015-05-21,G,1200,0.0,63167,D,,,,,,
1604778,2019-06-18,QRVO,CREVISTON STEVEN E,,0001567619-19-013568,2017-09-19,G,1080,0.0,60887,D,,,,,,
1604778,2019-06-18,QRVO,CREVISTON STEVEN E,,0001567619-19-013568,2016-08-25,G,1200,0.0,61967,D,,,,,,
1604778,2019-07-08,QRVO,Murphy Mark J.,,0001567619-19-014520,2019-07-05,F,3938,68.97,103055,D,,,,,,
1604778,2019-07-16,QRVO,Klein James L,,0001567619-19-014853,2019-07-15,S,1914,70.56,50031,D,,,,,,
1604778,2019-08-07,QRVO,HARDING JOHN R,,0001567619-19-015972,2019-08-06,A,2935,0.0,8604,D,,,,,,
1604778,2019-08-07,QRVO,Ho David H Y,,0001567619-19-015975,2019-08-06,A,2935,0.0,11284,D,,,,,,
1604778,2019-08-07,QRVO,BRUGGEWORTH ROBERT A,,0001567619-19-015957,2019-08-05,F,3682,68.15,172284,D,,,,,,
1604778,2019-08-07,QRVO,FEGO PAUL J,,0001567619-19-015959,2019-08-06,A,13206,0.0,40327,D,,,,,,
1604778,2019-08-07,QRVO,CREVISTON STEVEN E,,0001567619-19-015961,2019-08-06,A,11739,0.0,68119,D,,,,,,
1604778,2019-08-07,QRVO,Harrison Gina,,0001567619-19-015968,2019-08-05,F,195,68.15,18285,D,,,,,,
1604778,2019-08-07,QRVO,CREVISTON STEVEN E,,0001567619-19-015961,2019-08-05,F,1507,68.15,56380,D,,,,,,
1604778,2019-08-07,QRVO,Murphy Mark J.,,0001567619-19-015964,2019-08-06,A,9685,0.0,111485,D,,,,,,
1604778,2019-08-07,QRVO,BRUGGEWORTH ROBERT A,,0001567619-19-015957,2019-08-06,A,35216,0.0,207500,D,,,,,,
1604778,2019-08-07,QRVO,Murphy Mark J.,,0001567619-19-015964,2019-08-05,F,1255,68.15,101800,D,,,,,,
1604778,2019-08-07,QRVO,FEGO PAUL J,,0001567619-19-015959,2019-08-05,F,940,68.15,27121,D,,,,,,
1604778,2019-08-07,QRVO,QUINSEY RALPH,,0001567619-19-015983,2019-08-05,F,1140,68.15,63101,D,,,,,,
1604778,2019-08-07,QRVO,WILKINSON WALTER H,,0001567619-19-015990,2019-08-06,A,2935,0.0,42327,D,,,,,,
1604778,2019-08-07,QRVO,Ho David H Y,,0001567619-19-015975,2019-08-05,F,705,68.15,8349,D,,,,,,
1604778,2019-08-07,QRVO,Nelson Roderick,,0001567619-19-015978,2019-08-06,A,2935,0.0,5282,D,,,,,,
1604778,2019-08-07,QRVO,RHINES WALDEN C,,0001567619-19-015986,2019-08-06,A,2935,0.0,27191,D,,,,,,
1604778,2019-08-07,QRVO,SPRADLEY SUSAN LOUISE,,0001567619-19-015988,2019-08-06,A,2935,0.0,10144,D,,,,,,
1604778,2019-08-07,QRVO,Klein James L,,0001567619-19-015966,2019-08-06,A,8804,0.0,58007,D,,,,,,
1604778,2019-08-07,QRVO,QUINSEY RALPH,,0001567619-19-015983,2019-08-06,A,2935,0.0,66036,D,,,,,,
1604778,2019-08-07,QRVO,Harrison Gina,,0001567619-19-015968,2019-08-06,A,2201,0.0,20486,D,,,,,,
1604778,2019-08-07,QRVO,Klein James L,,0001567619-19-015966,2019-08-05,F,828,68.15,49203,D,,,,,,
1604778,2019-08-07,QRVO,GARDNER JEFFERY R,,0001567619-19-015970,2019-08-06,A,2935,0.0,35133,D,,,,,,
1604778,2019-08-09,QRVO,FEGO PAUL J,,0001567619-19-016151,2019-08-07,F,286,70.77,40041,D,,,,,,
1604778,2019-08-09,QRVO,Klein James L,,0001567619-19-016155,2019-08-07,F,693,70.77,57314,D,,,,,,
1604778,2019-08-09,QRVO,Murphy Mark J.,,0001567619-19-016157,2019-08-08,F,1040,72.06,109579,D,,,,,,
1604778,2019-08-09,QRVO,Harrison Gina,,0001567619-19-016153,2019-08-08,F,152,72.06,20203,D,,,,,,
1604778,2019-08-09,QRVO,CREVISTON STEVEN E,,0001567619-19-016149,2019-08-07,F,1050,70.77,67069,D,,,,,,
1604778,2019-08-09,QRVO,Harrison Gina,,0001567619-19-016153,2019-08-07,F,131,70.77,20355,D,,,,,,
1604778,2019-08-09,QRVO,CREVISTON STEVEN E,,0001567619-19-016149,2019-08-08,F,1300,72.06,65769,D,,,,,,
1604778,2019-08-09,QRVO,Klein James L,,0001567619-19-016155,2019-08-08,F,801,72.06,56513,D,,,,,,
1604778,2019-08-09,QRVO,BRUGGEWORTH ROBERT A,,0001567619-19-016146,2019-08-08,F,3509,72.06,200843,D,,,,,,
1604778,2019-08-09,QRVO,BRUGGEWORTH ROBERT A,,0001567619-19-016146,2019-08-07,F,3148,70.77,204352,D,,,,,,
1604778,2019-08-09,QRVO,Murphy Mark J.,,0001567619-19-016157,2019-08-07,F,866,70.77,110619,D,,,,,,
1604778,2019-08-13,QRVO,Nelson Roderick,,0001567619-19-016566,2019-08-09,S,500,69.85,4782,D,,,,,,
1604778,2019-08-13,QRVO,Nelson Roderick,,0001567619-19-016566,2019-08-12,S,500,69.03,4282,D,,,,,,
1604778,2019-08-13,QRVO,BRUGGEWORTH ROBERT A,,0001567619-19-016569,2019-08-12,F,3640,69.39,197203,D,,,,,,
1604778,2019-08-13,QRVO,Harrison Gina,,0001567619-19-016575,2019-08-12,F,186,69.39,20017,D,,,,,,
1604778,2019-08-13,QRVO,Klein James L,,0001567619-19-016578,2019-08-12,F,1018,69.39,55495,D,,,,,,
1604778,2019-08-13,QRVO,CREVISTON STEVEN E,,0001567619-19-016572,2019-08-12,F,1371,69.39,64398,D,,,,,,
1604778,2019-08-15,QRVO,Nelson Roderick,,0001567619-19-017109,2019-08-13,S,1000,71.0,3282,D,,,,,,
1604778,2019-08-15,QRVO,BRUGGEWORTH ROBERT A,,0001567619-19-017107,2019-08-13,S,4201,69.55,193002,D,,,,,,
1604778,2019-08-16,QRVO,Klein James L,,0001567619-19-017197,2019-08-15,S,1914,69.93,53581,D,,,,,,
1604778,2019-08-16,QRVO,Nelson Roderick,,0001567619-19-017199,2019-08-15,S,347,70.13,2935,D,,,,,,
1604778,2019-08-16,QRVO,BRUGGEWORTH ROBERT A,,0001567619-19-017195,2019-08-15,S,1577,69.93,178334,D,,,,,,
1604778,2019-08-23,QRVO,WILKINSON WALTER H,,0001567619-19-017523,2019-08-22,S,3000,74.25,39327,D,,,,,,
1604778,2019-09-05,QRVO,HARDING JOHN R,,0001567619-19-017951,2019-09-04,S,2347,72.06,6257,D,,,,,,
1604778,2019-09-10,QRVO,Harrison Gina,,0001567619-19-018113,2019-09-09,S,1328,75.98,18689,D,,,,,,
1604778,2019-09-17,QRVO,Klein James L,,0001567619-19-018422,2019-09-16,S,1914,76.69,51667,D,,,,,,
1604778,2019-10-16,QRVO,Klein James L,,0001567619-19-019636,2019-10-15,S,1914,77.7,49753,D,,,,,,
1604778,2019-11-08,QRVO,WILKINSON WALTER H,,0001567619-19-020837,2019-11-07,S,2762,101.71,36565,D,,,,,,
1604778,2019-11-12,QRVO,Ho David H Y,,0001567619-19-021031,2019-11-11,S,10660,102.22,11284,D,,,,,,
1604778,2019-11-12,QRVO,Ho David H Y,,0001567619-19-021031,2019-11-11,M,5560,32.27,16844,D,,,,,,
1604778,2019-11-12,QRVO,Klein James L,,0001567619-19-021033,2019-11-11,F,174,104.04,49579,D,,,,,,
1604778,2019-11-12,QRVO,BRUGGEWORTH ROBERT A,,0001567619-19-021023,2019-11-11,F,606,104.04,177728,D,,,,,,
1604778,2019-11-12,QRVO,CREVISTON STEVEN E,,0001567619-19-021025,2019-11-11,F,217,104.04,64181,D,,,,,,
1604778,2019-11-12,QRVO,Murphy Mark J.,,0001567619-19-021036,2019-11-11,F,222,104.04,109357,D,,,,,,
1604778,2019-11-12,QRVO,FEGO PAUL J,,0001567619-19-021027,2019-11-11,F,89,104.04,39952,D,,,,,,
1604778,2019-11-12,QRVO,Harrison Gina,,0001567619-19-021029,2019-11-11,F,55,104.04,18634,D,,,,,,
1604778,2019-11-14,QRVO,Harrison Gina,,0001567619-19-021585,2019-11-13,F,248,102.58,18386,D,,,,,,
1604778,2019-11-18,QRVO,Murphy Mark J.,,0001567619-19-021767,2019-11-15,S,4000,104.4,105357,D,,,,,,
1604778,2019-11-18,QRVO,Klein James L,,0001567619-19-021765,2019-11-15,S,1914,104.4,47665,D,,,,,,
1604778,2019-11-26,QRVO,SPRADLEY SUSAN LOUISE,,0001567619-19-022267,2019-11-22,S,500,101.99,9644,D,,,,,,
1604778,2019-11-26,QRVO,WILKINSON WALTER H,,0001567619-19-022269,2019-11-25,G,10000,0.0,26565,D,,,,,,
1604778,2019-12-10,QRVO,Harrison Gina,,0001567619-19-022832,2019-12-09,S,1328,109.16,17058,D,,,,,,
1604778,2019-12-17,QRVO,Klein James L,,0001567619-19-023246,2019-12-16,S,1906,114.76,45759,D,,,,,,
1604778,2020-02-14,QRVO,CREVISTON STEVEN E,,0001567619-20-004012,2020-02-13,S,2000,110.15,62181,D,,,,,,
1604778,2020-02-18,QRVO,Murphy Mark J.,,0001567619-20-004228,2020-02-14,S,4000,109.96,101357,D,,,,,,
1604778,2020-02-25,QRVO,BRUGGEWORTH ROBERT A,,0001567619-20-004814,2020-02-21,S,5000,100.83,172728,D,,,,,,
1604778,2020-03-05,QRVO,RHINES WALDEN C,,0001567619-20-005740,2020-03-04,M,10064,17.25,37255,D,,,,,,
1604778,2020-03-09,QRVO,QUINSEY RALPH,,0001567619-20-005917,2020-03-06,S,19253,92.88,157697,D,,,,,,
1604778,2020-03-09,QRVO,QUINSEY RALPH,,0001567619-20-005917,2020-03-06,M,104674,30.0,171850,D,,,,,,
1604778,2020-03-10,QRVO,Harrison Gina,,0001567619-20-006024,2020-03-09,S,1328,87.69,15730,D,,,,,,
1604778,2020-03-12,QRVO,CREVISTON STEVEN E,,0001567619-20-006186,2020-03-11,S,2000,93.95,60181,D,,,,,,
1604778,2020-04-15,QRVO,CREVISTON STEVEN E,,0001567619-20-007996,2020-04-14,S,2000,90.0,58181,D,,,,,,
1604778,2020-05-12,QRVO,BRUGGEWORTH ROBERT A,,0001567619-20-009609,2020-05-11,F,10252,103.0,162476,D,,,,,,
1604778,2020-05-12,QRVO,CREVISTON STEVEN E,,0001567619-20-009610,2020-05-11,F,2737,103.0,55444,D,,,,,,
1604778,2020-05-12,QRVO,Klein James L,,0001567619-20-009611,2020-05-11,F,1623,103.0,44136,D,,,,,,
1604778,2020-05-12,QRVO,Murphy Mark J.,,0001567619-20-009614,2020-05-11,F,2221,103.0,99136,D,,,,,,
1604778,2020-05-12,QRVO,Harrison Gina,,0001567619-20-009613,2020-05-11,F,511,103.0,15219,D,,,,,,
1604778,2020-05-12,QRVO,FEGO PAUL J,,0001567619-20-009612,2020-05-11,F,520,103.0,39432,D,,,,,,
1604778,2020-05-14,QRVO,BRUGGEWORTH ROBERT A,,0001567619-20-010198,2020-05-12,S,2483,101.29,159993,D,,,,,,
1604778,2020-05-14,QRVO,CREVISTON STEVEN E,,0001567619-20-010200,2020-05-12,A,19961,0.0,69018,D,,,,,,
1604778,2020-05-14,QRVO,CREVISTON STEVEN E,,0001567619-20-010200,2020-05-12,F,4387,101.9,49057,D,,,,,,
1604778,2020-05-14,QRVO,CREVISTON STEVEN E,,0001567619-20-010200,2020-05-12,S,2000,102.76,53444,D,,,,,,
1604778,2020-05-14,QRVO,BRUGGEWORTH ROBERT A,,0001567619-20-010198,2020-05-12,A,59880,0.0,193039,D,,,,,,
1604778,2020-05-14,QRVO,BRUGGEWORTH ROBERT A,,0001567619-20-010198,2020-05-12,F,13384,101.9,133159,D,,,,,,
1604778,2020-05-14,QRVO,FEGO PAUL J,,0001567619-20-010202,2020-05-12,A,9980,0.0,48196,D,,,,,,
1604778,2020-05-14,QRVO,Murphy Mark J.,,0001567619-20-010208,2020-05-12,F,3344,101.9,95792,D,,,,,,
1604778,2020-05-14,QRVO,Harrison Gina,,0001567619-20-010204,2020-05-12,A,3742,0.0,18404,D,,,,,,
1604778,2020-05-14,QRVO,Murphy Mark J.,,0001567619-20-010208,2020-05-12,A,16468,0.0,112260,D,,,,,,
1604778,2020-05-14,QRVO,Harrison Gina,,0001567619-20-010204,2020-05-12,F,557,101.9,14662,D,,,,,,
1604778,2020-05-14,QRVO,Klein James L,,0001567619-20-010206,2020-05-12,A,14970,0.0,56621,D,,,,,,
1604778,2020-05-14,QRVO,Klein James L,,0001567619-20-010206,2020-05-12,F,2485,101.9,41651,D,,,,,,
1604778,2020-05-14,QRVO,FEGO PAUL J,,0001567619-20-010202,2020-05-12,F,1216,101.9,38216,D,,,,,,
1604778,2020-05-15,QRVO,FEGO PAUL J,,0001567619-20-010527,2020-05-14,S,1736,95.84,46460,D,,,,,,
1604778,2020-05-15,QRVO,BRUGGEWORTH ROBERT A,,0001567619-20-010518,2020-05-14,S,3500,94.38,189539,D,,,,,,
1604778,2020-05-18,QRVO,Murphy Mark J.,,0001567619-20-010677,2020-05-15,S,4000,94.03,108260,D,,,,,,
1604778,2020-06-03,QRVO,Klein James L,,0001567619-20-011595,2020-06-01,S,5000,104.74,51621,D,,,,,,
1604778,2020-06-05,QRVO,Nelson Roderick,,0001567619-20-011800,2020-06-04,M,1000,35.9,3935,D,,,,,,
1604778,2020-06-05,QRVO,Nelson Roderick,,0001567619-20-011800,2020-06-04,S,1000,112.82,2935,D,,,,,,
1604778,2020-06-05,QRVO,Nelson Roderick,,0001567619-20-011800,2020-06-03,S,2000,113.215,2935,D,,,,,,
1604778,2020-06-05,QRVO,Nelson Roderick,,0001567619-20-011800,2020-06-03,M,2000,35.9,4935,D,,,,,,
1604778,2020-06-08,QRVO,Nelson Roderick,,0001567619-20-011857,2020-06-05,M,2100,35.9,5035,D,,,,,,
1604778,2020-06-08,QRVO,Nelson Roderick,,0001567619-20-011857,2020-06-05,S,2100,116.379,2935,D,,,,,,
1604778,2020-06-09,QRVO,Harrison Gina,,0001567619-20-011892,2020-06-08,S,1328,116.08,17076,D,,,,,,
1604778,2020-06-12,QRVO,CREVISTON STEVEN E,,0001567619-20-012080,2020-06-11,S,2000,110.71,67018,D,,,,,,
1604778,2020-06-16,QRVO,Klein James L,,0001567619-20-012207,2020-06-15,S,1440,106.56,50181,D,,,,,,
1604778,2020-07-06,QRVO,Klein James L,,0001567619-20-012968,2020-07-02,S,1440,109.15,48741,D,,,,,,
1604778,2020-07-07,QRVO,Murphy Mark J.,,0001567619-20-012998,2020-07-06,F,3938,110.3,104322,D,,,,,,
1604778,2020-07-14,QRVO,CREVISTON STEVEN E,,0001567619-20-013266,2020-07-13,S,2000,113.15,65018,D,,,,,,
1604778,2020-08-04,QRVO,Ho David H Y,,0001567619-20-014153,2020-08-03,F,881,128.15,10403,D,,,,,,
1604778,2020-08-07,QRVO,Harrison Gina,,0001567619-20-014542,2020-08-05,F,195,131.25,16881,D,,,,,,
1604778,2020-08-07,QRVO,Ho David H Y,,0001567619-20-014533,2020-08-05,A,1524,0.0,11927,D,,,,,,
1604778,2020-08-07,QRVO,CREVISTON STEVEN E,,0001567619-20-014540,2020-08-06,F,1312,133.62,68294,D,,,,,,
1604778,2020-08-07,QRVO,CREVISTON STEVEN E,,0001567619-20-014540,2020-08-05,A,6095,0.0,69606,D,,,,,,
1604778,2020-08-07,QRVO,HARDING JOHN R,,0001567619-20-014531,2020-08-05,A,1524,0.0,7781,D,,,,,,
1604778,2020-08-07,QRVO,Nelson Roderick,,0001567619-20-014534,2020-08-05,A,1524,0.0,4459,D,,,,,,
1604778,2020-08-07,QRVO,WILKINSON WALTER H,,0001567619-20-014538,2020-08-06,S,2347,133.8,25742,D,,,,,,
1604778,2020-08-07,QRVO,SPRADLEY SUSAN LOUISE,,0001567619-20-014537,2020-08-05,A,1524,0.0,11168,D,,,,,,
1604778,2020-08-07,QRVO,RHINES WALDEN C,,0001567619-20-014536,2020-08-05,A,1524,0.0,38779,D,,,,,,
1604778,2020-08-07,QRVO,BRUGGEWORTH ROBERT A,,0001567619-20-014539,2020-08-05,A,20571,0.0,194695,D,,,,,,
1604778,2020-08-07,QRVO,FEGO PAUL J,,0001567619-20-014541,2020-08-05,A,4876,0.0,49816,D,,,,,,
1604778,2020-08-07,QRVO,Klein James L,,0001567619-20-014544,2020-08-05,F,1031,131.25,47710,D,,,,,,
1604778,2020-08-07,QRVO,Harrison Gina,,0001567619-20-014542,2020-08-05,A,1143,0.0,18024,D,,,,,,
1604778,2020-08-07,QRVO,BRUGGEWORTH ROBERT A,,0001567619-20-014539,2020-08-05,F,3683,131.25,174124,D,,,,,,
1604778,2020-08-07,QRVO,GARDNER JEFFERY R,,0001567619-20-014525,2020-08-05,A,1524,0.0,36657,D,,,,,,
1604778,2020-08-07,QRVO,Harrison Gina,,0001567619-20-014542,2020-08-06,F,164,133.62,17860,D,,,,,,
1604778,2020-08-07,QRVO,QUINSEY RALPH,,0001567619-20-014535,2020-08-05,A,1524,0.0,68700,D,,,,,,
1604778,2020-08-07,QRVO,BRUGGEWORTH ROBERT A,,0001567619-20-014539,2020-08-06,F,3936,133.62,190759,D,,,,,,
1604778,2020-08-07,QRVO,CREVISTON STEVEN E,,0001567619-20-014540,2020-08-05,F,1507,131.25,63511,D,,,,,,
1604778,2020-08-07,QRVO,Murphy Mark J.,,0001567619-20-014547,2020-08-05,F,1256,131.25,82078,D,,,,,,
1604778,2020-08-07,QRVO,WILKINSON WALTER H,,0001567619-20-014538,2020-08-05,A,1524,0.0,28089,D,,,,,,
1604778,2020-08-07,QRVO,Klein James L,,0001567619-20-014544,2020-08-06,F,867,133.62,51719,D,,,,,,
1604778,2020-08-07,QRVO,FEGO PAUL J,,0001567619-20-014541,2020-08-06,F,1299,133.62,48517,D,,,,,,
1604778,2020-08-07,QRVO,FEGO PAUL J,,0001567619-20-014541,2020-08-05,F,1520,131.25,44940,D,,,,,,
1604778,2020-08-07,QRVO,Murphy Mark J.,,0001567619-20-014547,2020-08-05,A,6095,0.0,88173,D,,,,,,
1604778,2020-08-07,QRVO,Klein James L,,0001567619-20-014544,2020-08-05,A,4876,0.0,52586,D,,,,,,
1604778,2020-08-07,QRVO,Murphy Mark J.,,0001567619-20-014547,2020-08-06,F,1083,133.62,87090,D,,,,,,
1604778,2020-08-11,QRVO,Klein James L,,0001567619-20-014738,2020-08-07,F,693,135.23,51026,D,,,,,,
1604778,2020-08-11,QRVO,CREVISTON STEVEN E,,0001567619-20-014737,2020-08-10,F,1300,130.97,65944,D,,,,,,
1604778,2020-08-11,QRVO,Murphy Mark J.,,0001567619-20-014736,2020-08-10,F,1040,130.97,85184,D,,,,,,
1604778,2020-08-11,QRVO,BRUGGEWORTH ROBERT A,,0001567619-20-014735,2020-08-10,F,3509,130.97,184102,D,,,,,,
1604778,2020-08-11,QRVO,Murphy Mark J.,,0001567619-20-014736,2020-08-07,F,866,135.23,86224,D,,,,,,
1604778,2020-08-11,QRVO,BRUGGEWORTH ROBERT A,,0001567619-20-014735,2020-08-07,F,3148,135.23,187611,D,,,,,,
1604778,2020-08-11,QRVO,Harrison Gina,,0001567619-20-014739,2020-08-10,F,152,130.97,17577,D,,,,,,
1604778,2020-08-11,QRVO,Harrison Gina,,0001567619-20-014739,2020-08-07,F,131,135.23,17729,D,,,,,,
1604778,2020-08-11,QRVO,Klein James L,,0001567619-20-014738,2020-08-10,F,801,130.97,50225,D,,,,,,
1604778,2020-08-11,QRVO,CREVISTON STEVEN E,,0001567619-20-014737,2020-08-07,F,1050,135.23,67244,D,,,,,,
1604778,2020-08-11,QRVO,FEGO PAUL J,,0001567619-20-014740,2020-08-07,F,462,135.23,48055,D,,,,,,
1604778,2020-08-19,QRVO,Klein James L,,0001567619-20-015761,2020-08-17,S,1440,131.4,48785,D,,,,,,
1604778,2020-08-19,QRVO,BRUGGEWORTH ROBERT A,,0001567619-20-015758,2020-08-18,S,4340,134.59,175207,D,,,,,,
1604778,2020-08-19,QRVO,FEGO PAUL J,,0001567619-20-015760,2020-08-17,S,2002,131.4,46053,D,,,,,,
1604778,2020-08-19,QRVO,CREVISTON STEVEN E,,0001567619-20-015759,2020-08-17,S,2000,131.4,63944,D,,,,,,
1604778,2020-08-19,QRVO,BRUGGEWORTH ROBERT A,,0001567619-20-015758,2020-08-17,S,4555,131.4,179547,D,,,,,,
1604778,2020-08-21,QRVO,BRUGGEWORTH ROBERT A,,0001567619-20-015863,2020-08-20,S,4868,130.63,166445,D,,,,,,
1604778,2020-08-21,QRVO,BRUGGEWORTH ROBERT A,,0001567619-20-015863,2020-08-19,S,3894,132.32,171313,D,,,,,,
1604778,2020-08-24,QRVO,BRUGGEWORTH ROBERT A,,0001567619-20-015898,2020-08-21,S,1324,131.0,165121,D,,,,,,
1604778,2020-09-09,QRVO,FEGO PAUL J,,0001567619-20-016568,2020-09-08,S,3000,114.21,43053,D,,,,,,
1604778,2020-09-09,QRVO,Murphy Mark J.,,0001567619-20-016570,2020-09-08,S,3000,114.21,82184,D,,,,,,
1604778,2020-09-09,QRVO,Harrison Gina,,0001567619-20-016569,2020-09-08,S,1114,114.21,16463,D,,,,,,
1604778,2020-09-14,QRVO,CREVISTON STEVEN E,,0001567619-20-016686,2020-09-11,S,2000,123.59,61944,D,,,,,,
1604778,2020-09-16,QRVO,Klein James L,,0001567619-20-016800,2020-09-15,S,1440,125.77,47345,D,,,,,,
1604778,2020-11-10,QRVO,SPRADLEY SUSAN LOUISE,,0001567619-20-019077,2020-11-09,S,4300,151.625,6868,D,,,,,,
1604778,2020-11-13,QRVO,SPRADLEY SUSAN LOUISE,,0001567619-20-019560,2020-11-12,S,200,148.6,6668,D,,,,,,
1604778,2020-11-17,QRVO,FEGO PAUL J,,0001567619-20-019970,2020-11-16,S,3000,147.84,40053,D,,,,,,
1604778,2020-11-17,QRVO,CREVISTON STEVEN E,,0001567619-20-019969,2020-11-16,S,4000,147.84,57944,D,,,,,,
1604778,2020-11-17,QRVO,Klein James L,,0001567619-20-019971,2020-11-16,S,2880,147.84,44465,D,,,,,,
1604778,2020-11-17,QRVO,Murphy Mark J.,,0001567619-20-019972,2020-11-16,S,3000,147.84,79184,D,,,,,,
1604778,2020-12-08,QRVO,Harrison Gina,,0001567619-20-020762,2020-12-07,S,1113,166.47,15350,D,,,,,,
1604778,2020-12-14,QRVO,CREVISTON STEVEN E,,0001567619-20-021041,2020-12-11,S,2000,156.77,55944,D,,,,,,
1604778,2020-12-16,QRVO,Klein James L,,0001567619-20-021205,2020-12-15,S,1444,159.79,43021,D,,,,,,
1604778,2021-02-17,QRVO,HARDING JOHN R,,0001567619-21-004278,2021-02-16,S,1200,177.13,6581,D,,,,,,
1604778,2021-02-17,QRVO,FEGO PAUL J,,0001567619-21-004277,2021-02-16,S,3000,178.19,37053,D,,,,,,
1604778,2021-02-17,QRVO,SPRADLEY SUSAN LOUISE,,0001567619-21-004276,2021-02-16,S,1086,178.19,5582,D,,,,,,
1604778,2021-02-17,QRVO,Murphy Mark J.,,0001567619-21-004275,2021-02-16,S,3000,178.19,76184,D,,,,,,
1604778,2021-02-17,QRVO,BRUGGEWORTH ROBERT A,,0001567619-21-004272,2021-02-16,S,5000,178.19,160121,D,,,,,,
1604778,2021-03-03,QRVO,QUINSEY RALPH,,0001567619-21-005544,2020-09-01,G,11000,0.0,57700,D,,,,,,
1604778,2021-03-03,QRVO,QUINSEY RALPH,,0001567619-21-005544,2021-03-02,S,67304,179.52,57700,D,,,,,,
1604778,2021-03-03,QRVO,QUINSEY RALPH,,0001567619-21-005544,2021-03-01,S,28885,179.28,126440,D,,,,,,
1604778,2021-03-03,QRVO,QUINSEY RALPH,,0001567619-21-005544,2021-03-01,M,97625,14.19,155325,D,,,,,,
1604778,2021-03-03,QRVO,QUINSEY RALPH,,0001567619-21-005544,2021-03-02,M,7049,14.19,64749,D,,,,,,
1604778,2021-03-09,QRVO,Harrison Gina,,0001567619-21-005914,2021-03-08,S,1113,171.2,14237,D,,,,,,
1604778,2021-05-11,QRVO,Klein James L,,0001567619-21-009571,2021-05-10,F,785,184.18,42236,D,,,,,,
1604778,2021-05-11,QRVO,BRUGGEWORTH ROBERT A,,0001567619-21-009568,2021-05-10,F,4956,184.18,155165,D,,,,,,
1604778,2021-05-11,QRVO,CREVISTON STEVEN E,,0001567619-21-009569,2021-05-10,F,1279,184.18,54665,D,,,,,,
1604778,2021-05-11,QRVO,Harrison Gina,,0001567619-21-009572,2021-05-10,F,251,184.18,13986,D,,,,,,
1604778,2021-05-11,QRVO,FEGO PAUL J,,0001567619-21-009570,2021-05-10,F,524,184.18,36529,D,,,,,,
1604778,2021-05-11,QRVO,RHINES WALDEN C,,0001567619-21-009574,2021-05-10,M,5560,32.27,44339,D,,,,,,
1604778,2021-05-11,QRVO,Murphy Mark J.,,0001567619-21-009573,2021-05-10,F,1055,184.18,75129,D,,,,,,
1604778,2021-05-12,QRVO,BRUNER JUDY,,0001567619-21-009710,2021-05-12,A,271,0.0,271,D,,,,,,
1604778,2021-05-13,QRVO,FEGO PAUL J,,0001567619-21-009886,2021-05-11,A,14066,0.0,47963,D,,,,,,
1604778,2021-05-13,QRVO,CREVISTON STEVEN E,,0001567619-21-009884,2021-05-12,F,2231,172.01,66087,D,,,,,,
1604778,2021-05-13,QRVO,BRUGGEWORTH ROBERT A,,0001567619-21-009880,2021-05-11,A,59341,0.0,201242,D,,,,,,
1604778,2021-05-13,QRVO,BRUGGEWORTH ROBERT A,,0001567619-21-009880,2021-05-12,F,6693,172.01,194549,D,,,,,,
1604778,2021-05-13,QRVO,FEGO PAUL J,,0001567619-21-009886,2021-05-11,F,2632,171.47,33897,D,,,,,,
1604778,2021-05-13,QRVO,CREVISTON STEVEN E,,0001567619-21-009884,2021-05-11,A,17584,0.0,68318,D,,,,,,
1604778,2021-05-13,QRVO,BRUGGEWORTH ROBERT A,,0001567619-21-009880,2021-05-11,F,13264,171.47,141901,D,,,,,,
1604778,2021-05-13,QRVO,FEGO PAUL J,,0001567619-21-009886,2021-05-12,F,983,172.01,46980,D,,,,,,
1604778,2021-05-13,QRVO,CREVISTON STEVEN E,,0001567619-21-009884,2021-05-11,F,3931,171.47,50734,D,,,,,,
1604778,2021-05-13,QRVO,Murphy Mark J.,,0001567619-21-009892,2021-05-12,F,1841,172.01,86941,D,,,,,,
1604778,2021-05-13,QRVO,Harrison Gina,,0001567619-21-009888,2021-05-11,F,490,171.47,13496,D,,,,,,
1604778,2021-05-13,QRVO,Harrison Gina,,0001567619-21-009888,2021-05-11,A,3298,0.0,16794,D,,,,,,
1604778,2021-05-13,QRVO,Klein James L,,0001567619-21-009891,2021-05-12,F,1473,172.01,52060,D,,,,,,
1604778,2021-05-13,QRVO,Klein James L,,0001567619-21-009891,2021-05-11,A,14066,0.0,53533,D,,,,,,
1604778,2021-05-13,QRVO,Klein James L,,0001567619-21-009891,2021-05-11,F,2769,171.47,39467,D,,,,,,
1604778,2021-05-13,QRVO,Murphy Mark J.,,0001567619-21-009892,2021-05-11,A,17584,0.0,88782,D,,,,,,
1604778,2021-05-13,QRVO,Harrison Gina,,0001567619-21-009888,2021-05-12,F,278,172.01,16516,D,,,,,,
1604778,2021-05-13,QRVO,Murphy Mark J.,,0001567619-21-009892,2021-05-11,F,3931,171.47,71198,D,,,,,,
1604778,2021-05-18,QRVO,Murphy Mark J.,,0001567619-21-010656,2021-05-17,S,3000,167.63,83941,D,,,,,,
1604778,2021-05-18,QRVO,Klein James L,,0001567619-21-010652,2021-05-17,S,1910,168.78,50150,D,,,,,,
1604778,2021-05-18,QRVO,FEGO PAUL J,,0001567619-21-010648,2021-05-17,S,3000,168.78,43980,D,,,,,,
1604778,2021-05-19,QRVO,BRUGGEWORTH ROBERT A,,0001567619-21-010730,2021-05-17,S,788,168.78,193761,D,,,,,,
1604778,2021-05-19,QRVO,BRUGGEWORTH ROBERT A,,0001567619-21-010730,2021-05-18,S,662,172.75,193099,D,,,,,,
1604778,2021-05-21,QRVO,BRUGGEWORTH ROBERT A,,0001567619-21-010906,2021-05-20,S,7615,174.64,179564,D,,,,,,
1604778,2021-05-21,QRVO,BRUGGEWORTH ROBERT A,,0001567619-21-010906,2021-05-19,S,5920,165.75,187179,D,,,,,,
1604778,2021-05-26,QRVO,BRUGGEWORTH ROBERT A,,0001567619-21-011189,2021-05-25,S,1240,180.74,168035,D,,,,,,
1604778,2021-05-26,QRVO,BRUGGEWORTH ROBERT A,,0001567619-21-011189,2021-05-24,S,10289,176.94,169275,D,,,,,,
1604778,2021-05-28,QRVO,BRUGGEWORTH ROBERT A,,0001567619-21-011365,2021-05-27,S,1112,178.16,165255,D,,,,,,
1604778,2021-05-28,QRVO,BRUGGEWORTH ROBERT A,,0001567619-21-011365,2021-05-26,S,1668,180.19,166367,D,,,,,,
1604778,2021-06-01,QRVO,BRUGGEWORTH ROBERT A,,0001567619-21-011435,2021-05-28,S,555,185.28,164700,D,,,,,,
1604778,2021-06-03,QRVO,SPRADLEY SUSAN LOUISE,,0001567619-21-011608,2021-06-02,S,2270,182.92,3312,D,,,,,,
1604778,2021-06-08,QRVO,Harrison Gina,,0001567619-21-011831,2021-06-07,S,1113,183.25,15403,D,,,,,,
1604778,2021-06-17,QRVO,Klein James L,,0001567619-21-012327,2021-06-15,S,1909,184.0,48241,D,,,,,,
1604778,2021-07-07,QRVO,Murphy Mark J.,,0001567619-21-013063,2021-07-06,F,3938,195.67,80003,D,,,,,,
1604778,2021-08-09,QRVO,BRUGGEWORTH ROBERT A,,0001567619-21-014725,2021-08-05,F,2299,193.88,162401,D,,,,,,
1604778,2021-08-09,QRVO,Murphy Mark J.,,0001567619-21-014736,2021-08-05,F,681,193.88,79322,D,,,,,,
1604778,2021-08-09,QRVO,BRUGGEWORTH ROBERT A,,0001567619-21-014725,2021-08-06,F,3936,194.76,158465,D,,,,,,
1604778,2021-08-09,QRVO,CREVISTON STEVEN E,,0001567619-21-014727,2021-08-05,F,681,193.88,65406,D,,,,,,
1604778,2021-08-09,QRVO,FEGO PAUL J,,0001567619-21-014730,2021-08-05,F,2000,193.88,41980,D,,,,,,
1604778,2021-08-09,QRVO,Klein James L,,0001567619-21-014735,2021-08-05,F,480,193.88,47761,D,,,,,,
1604778,2021-08-09,QRVO,FEGO PAUL J,,0001567619-21-014730,2021-08-06,F,1300,194.76,40680,D,,,,,,
1604778,2021-08-09,QRVO,CREVISTON STEVEN E,,0001567619-21-014727,2021-08-06,F,1312,194.76,64094,D,,,,,,
1604778,2021-08-09,QRVO,Harrison Gina,,0001567619-21-014731,2021-08-05,F,85,193.88,15318,D,,,,,,
1604778,2021-08-09,QRVO,Ho David H Y,,0001567619-21-014734,2021-08-05,F,458,193.88,11469,D,,,,,,
1604778,2021-08-09,QRVO,Harrison Gina,,0001567619-21-014731,2021-08-06,F,164,194.76,15154,D,,,,,,
1604778,2021-08-09,QRVO,Murphy Mark J.,,0001567619-21-014736,2021-08-06,F,1083,194.76,78239,D,,,,,,
1604778,2021-08-09,QRVO,Klein James L,,0001567619-21-014735,2021-08-06,F,867,194.76,46894,D,,,,,,
1604778,2021-08-11,QRVO,Nelson Roderick,,0001567619-21-015068,2021-08-10,A,1136,0.0,5595,D,,,,,,
1604778,2021-08-11,QRVO,CREVISTON STEVEN E,,0001567619-21-015051,2021-08-10,A,4752,0.0,66496,D,,,,,,
1604778,2021-08-11,QRVO,Harrison Gina,,0001567619-21-015054,2021-08-10,A,775,0.0,15631,D,,,,,,
1604778,2021-08-11,QRVO,Ho David H Y,,0001567619-21-015067,2021-08-10,A,1136,0.0,12605,D,,,,,,
1604778,2021-08-11,QRVO,Murphy Mark J.,,0001567619-21-015059,2021-08-09,F,1906,195.02,76333,D,,,,,,
1604778,2021-08-11,QRVO,FEGO PAUL J,,0001567619-21-015053,2021-08-09,F,462,195.02,40218,D,,,,,,
1604778,2021-08-11,QRVO,Harrison Gina,,0001567619-21-015054,2021-08-09,F,298,195.02,14856,D,,,,,,
1604778,2021-08-11,QRVO,Klein James L,,0001567619-21-015057,2021-08-09,F,1494,195.02,45400,D,,,,,,
1604778,2021-08-11,QRVO,FEGO PAUL J,,0001567619-21-015053,2021-08-10,A,4752,0.0,44970,D,,,,,,
1604778,2021-08-11,QRVO,WILKINSON WALTER H,,0001567619-21-015060,2021-08-09,S,2935,194.33,22807,D,,,,,,
1604778,2021-08-11,QRVO,RHINES WALDEN C,,0001567619-21-015071,2021-08-10,A,1136,0.0,45475,D,,,,,,
1604778,2021-08-11,QRVO,HARDING JOHN R,,0001567619-21-015066,2021-08-10,A,1136,0.0,7717,D,,,,,,
1604778,2021-08-11,QRVO,CREVISTON STEVEN E,,0001567619-21-015051,2021-08-09,F,2350,195.02,61744,D,,,,,,
1604778,2021-08-11,QRVO,SPRADLEY SUSAN LOUISE,,0001567619-21-015063,2021-08-10,A,1136,0.0,4448,D,,,,,,
1604778,2021-08-11,QRVO,BRUNER JUDY,,0001567619-21-015061,2021-08-10,A,1136,0.0,1407,D,,,,,,
1604778,2021-08-11,QRVO,GARDNER JEFFERY R,,0001567619-21-015065,2021-08-10,A,1136,0.0,37793,D,,,,,,
1604778,2021-08-11,QRVO,Klein James L,,0001567619-21-015057,2021-08-10,A,3305,0.0,48705,D,,,,,,
1604778,2021-08-11,QRVO,BRUGGEWORTH ROBERT A,,0001567619-21-015050,2021-08-09,F,6657,195.02,151808,D,,,,,,
1604778,2021-08-11,QRVO,QUINSEY RALPH,,0001567619-21-015069,2021-08-10,A,1136,0.0,58836,D,,,,,,
1604778,2021-08-11,QRVO,Murphy Mark J.,,0001567619-21-015059,2021-08-10,A,6198,0.0,82531,D,,,,,,
1604778,2021-08-11,QRVO,BRUGGEWORTH ROBERT A,,0001567619-21-015050,2021-08-10,A,15804,0.0,167612,D,,,,,,
1604778,2021-08-17,QRVO,Klein James L,,0001567619-21-016005,2021-08-16,S,1909,186.72,46796,D,,,,,,
1604778,2021-08-17,QRVO,SPRADLEY SUSAN LOUISE,,0001567619-21-016007,2021-08-16,S,1216,186.72,3232,D,,,,,,
1604778,2021-08-17,QRVO,Nelson Roderick,,0001567619-21-016009,2021-08-16,S,1587,186.72,5595,D,,,,,,
1604778,2021-08-17,QRVO,FEGO PAUL J,,0001567619-21-016004,2021-08-16,S,2714,186.72,42256,D,,,,,,
1604778,2021-08-17,QRVO,Nelson Roderick,,0001567619-21-016009,2021-08-16,M,1587,13.62,7182,D,,,,,,
1604778,2021-08-18,QRVO,BRUGGEWORTH ROBERT A,,0001567619-21-016052,2021-08-16,S,4340,186.72,163272,D,,,,,,
1604778,2021-08-18,QRVO,BRUGGEWORTH ROBERT A,,0001567619-21-016052,2021-08-17,S,3894,185.76,159378,D,,,,,,
1604778,2021-08-20,QRVO,BRUGGEWORTH ROBERT A,,0001567619-21-016170,2021-08-18,S,4868,181.8,154510,D,,,,,,
1604778,2021-08-20,QRVO,BRUGGEWORTH ROBERT A,,0001567619-21-016170,2021-08-19,S,2843,178.3,151667,D,,,,,,
1604778,2021-08-31,QRVO,RHINES WALDEN C,,0001567619-21-016505,2021-08-30,M,15390,11.68,60865,D,,,,,,
1604778,2021-08-31,QRVO,RHINES WALDEN C,,0001567619-21-016505,2021-08-30,S,15390,191.29,45475,D,,,,,,
1604778,2021-09-03,QRVO,HARDING JOHN R,,0001567619-21-016725,2021-09-02,S,1700,185.53,6017,D,,,,,,
1604778,2021-09-08,QRVO,Harrison Gina,,0001567619-21-016843,2021-09-07,S,1187,185.16,14444,D,,,,,,
1604778,2021-09-16,QRVO,Klein James L,,0001567619-21-017190,2021-09-15,S,1909,182.26,44887,D,,,,,,
1604778,2021-09-16,QRVO,FEGO PAUL J,,0001567619-21-017189,2021-09-15,S,2798,182.26,39458,D,,,,,,
1604778,2021-09-17,QRVO,Nelson Roderick,,0001567619-21-017241,2021-09-16,M,1587,13.62,7182,D,,,,,,
1604778,2021-09-17,QRVO,Nelson Roderick,,0001567619-21-017241,2021-09-16,S,1587,180.0,5595,D,,,,,,
1604778,2021-11-16,QRVO,FEGO PAUL J,,0001567619-21-020577,2021-11-15,S,5135,160.85,34323,D,,,,,,
1604778,2021-11-16,QRVO,Klein James L,,0001567619-21-020576,2021-11-15,S,1909,160.85,42978,D,,,,,,
1604778,2021-12-06,QRVO,HARDING JOHN R,,0001567619-21-021637,2021-12-03,S,1325,151.05,4692,D,,,,,,
1604778,2021-12-06,QRVO,Chesley Philip,,0001567619-21-021636,2021-12-05,A,20012,0.0,20012,D,,,,,,
1604778,2022-02-16,QRVO,FEGO PAUL J,,0001567619-22-004719,2022-02-15,S,861,131.78,33462,D,,,,,,
1604778,2022-05-13,QRVO,BRUGGEWORTH ROBERT A,,0001567619-22-010588,2022-05-12,F,6653,100.88,139845,D,,,,,,
1604778,2022-05-13,QRVO,Harrison Gina,,0001567619-22-010593,2022-05-11,F,259,105.25,14185,D,,,,,,
1604778,2022-05-13,QRVO,BRUGGEWORTH ROBERT A,,0001567619-22-010586,2022-05-12,F,6653,100.88,139845,D,,,,,,
1604778,2022-05-13,QRVO,BRUGGEWORTH ROBERT A,,0001567619-22-010586,2022-05-11,F,5169,105.25,146498,D,,,,,,
1604778,2022-05-13,QRVO,BRUGGEWORTH ROBERT A,,0001567619-22-010588,2022-05-11,F,5169,105.25,146498,D,,,,,,
1604778,2022-05-13,QRVO,Harrison Gina,,0001567619-22-010593,2022-05-12,F,276,100.88,13909,D,,,,,,
1604778,2022-05-13,QRVO,CREVISTON STEVEN E,,0001567619-22-010590,2022-05-11,F,1294,105.25,65202,D,,,,,,
1604778,2022-05-13,QRVO,Brown Grant,,0001567619-22-010583,2022-05-11,F,123,105.25,6698,D,,,,,,
1604778,2022-05-13,QRVO,FEGO PAUL J,,0001567619-22-010592,2022-05-12,F,609,100.88,31998,D,,,,,,
1604778,2022-05-13,QRVO,CREVISTON STEVEN E,,0001567619-22-010590,2022-05-12,F,1471,100.88,63731,D,,,,,,
1604778,2022-05-13,QRVO,FEGO PAUL J,,0001567619-22-010592,2022-05-11,F,855,105.25,32607,D,,,,,,
1604778,2022-05-13,QRVO,Brown Grant,,0001567619-22-010583,2022-05-12,F,83,100.88,6615,D,,,,,,
1604778,2022-05-18,QRVO,Harrison Gina,,0001567619-22-011195,2022-05-17,F,150,104.81,18608,D,,,,,,
1604778,2022-05-18,QRVO,CREVISTON STEVEN E,,0001567619-22-011196,2022-05-16,A,6337,0.0,70068,D,,,,,,
1604778,2022-05-18,QRVO,Nelson Roderick,,0001567619-22-011194,2022-05-16,M,4761,13.62,10356,D,,,,,,
1604778,2022-05-18,QRVO,CREVISTON STEVEN E,,0001567619-22-011196,2022-05-17,F,1360,104.81,68708,D,,,,,,
1604778,2022-05-18,QRVO,FEGO PAUL J,,0001567619-22-011193,2022-05-17,F,773,104.81,36417,D,,,,,,
1604778,2022-05-18,QRVO,Brown Grant,,0001567619-22-011191,2022-05-16,A,11926,0.0,18541,D,,,,,,
1604778,2022-05-18,QRVO,Brown Grant,,0001567619-22-011191,2022-05-17,F,90,104.81,19002,D,,,,,,
1604778,2022-05-18,QRVO,Harrison Gina,,0001567619-22-011195,2022-05-16,A,3816,0.0,17725,D,,,,,,
1604778,2022-05-18,QRVO,FEGO PAUL J,,0001567619-22-011193,2022-05-16,A,6337,0.0,38335,D,,,,,,
1604778,2022-05-18,QRVO,Nelson Roderick,,0001567619-22-011194,2022-05-16,S,4761,104.45,5595,D,,,,,,
1604778,2022-05-18,QRVO,BRUGGEWORTH ROBERT A,,0001567619-22-011190,2022-05-16,A,21079,0.0,160924,D,,,,,,
1604778,2022-05-18,QRVO,FEGO PAUL J,,0001567619-22-011193,2022-05-16,S,1145,104.45,37190,D,,,,,,
1604778,2022-05-18,QRVO,BRUGGEWORTH ROBERT A,,0001567619-22-011190,2022-05-17,F,4685,104.81,156239,D,,,,,,
1604778,2022-05-19,QRVO,FEGO PAUL J,,0001567619-22-011267,2022-05-18,S,1941,106.7,34476,D,,,,,,
1604778,2022-05-31,QRVO,GARDNER JEFFERY R,,0001567619-22-011923,2022-05-26,S,5000,108.68,32793,D,,,,,,
1604778,2022-06-01,QRVO,GARDNER JEFFERY R,,0001567619-22-012007,2022-05-31,S,1000,110.57,31793,D,,,,,,
1604778,2022-06-02,QRVO,GARDNER JEFFERY R,,0001567619-22-012124,2022-06-02,S,3000,109.6,28793,D,,,,,,
1604778,2022-06-17,QRVO,FEGO PAUL J,,0001567619-22-013088,2022-06-15,S,3403,97.38,31073,D,,,,,,
1604778,2022-06-21,QRVO,Nelson Roderick,,0001567619-22-013193,2022-06-16,M,4761,13.62,10356,D,,,,,,
1604778,2022-06-21,QRVO,Nelson Roderick,,0001567619-22-013193,2022-06-16,S,4761,95.26,5595,D,,,,,,
1604778,2022-08-09,QRVO,Ho David H Y,,0001567619-22-015297,2022-08-08,F,341,106.09,12264,D,,,,,,
1604778,2022-08-09,QRVO,Harrison Gina,,0001567619-22-015296,2022-08-05,F,85,108.61,18523,D,,,,,,
1604778,2022-08-09,QRVO,BRUGGEWORTH ROBERT A,,0001567619-22-015292,2022-08-05,F,2286,108.61,153953,D,,,,,,
1604778,2022-08-09,QRVO,FEGO PAUL J,,0001567619-22-015294,2022-08-05,F,2000,108.61,29073,D,,,,,,
1604778,2022-08-09,QRVO,Brown Grant,,0001567619-22-015295,2022-08-08,F,108,106.09,18797,D,,,,,,
1604778,2022-08-09,QRVO,Brown Grant,,0001567619-22-015295,2022-08-05,F,97,108.61,18905,D,,,,,,
1604778,2022-08-09,QRVO,BRUGGEWORTH ROBERT A,,0001567619-22-015292,2022-08-08,F,7043,106.09,146910,D,,,,,,
1604778,2022-08-09,QRVO,CREVISTON STEVEN E,,0001567619-22-015293,2022-08-08,F,2349,106.09,65681,D,,,,,,
1604778,2022-08-09,QRVO,CREVISTON STEVEN E,,0001567619-22-015293,2022-08-05,F,678,108.61,68030,D,,,,,,
1604778,2022-08-09,QRVO,FEGO PAUL J,,0001567619-22-015294,2022-08-08,F,1761,106.09,27312,D,,,,,,
1604778,2022-08-09,QRVO,Harrison Gina,,0001567619-22-015296,2022-08-08,F,292,106.09,18231,D,,,,,,
1604778,2022-08-11,QRVO,BRUGGEWORTH ROBERT A,,0001567619-22-015600,2022-08-09,A,4269,0.0,150230,D,,,,,,
1604778,2022-08-11,QRVO,FEGO PAUL J,,0001567619-22-015601,2022-08-10,F,468,102.23,36517,D,,,,,,
1604778,2022-08-11,QRVO,RHINES WALDEN C,,0001567619-22-015595,2022-08-09,A,2067,0.0,47542,D,,,,,,
1604778,2022-08-11,QRVO,Harrison Gina,,0001567619-22-015602,2022-08-09,F,31,106.43,18200,D,,,,,,
1604778,2022-08-11,QRVO,FEGO PAUL J,,0001567619-22-015601,2022-08-09,A,1282,0.0,28341,D,,,,,,
1604778,2022-08-11,QRVO,GARDNER JEFFERY R,,0001567619-22-015590,2022-08-09,A,2067,0.0,30860,D,,,,,,
1604778,2022-08-11,QRVO,BRUNER JUDY,,0001567619-22-015589,2022-08-09,A,2067,0.0,3474,D,,,,,,
1604778,2022-08-11,QRVO,SPRADLEY SUSAN LOUISE,,0001567619-22-015596,2022-08-09,A,2067,0.0,5299,D,,,,,,
1604778,2022-08-11,QRVO,BRUGGEWORTH ROBERT A,,0001567619-22-015600,2022-08-10,F,1756,102.23,186057,D,,,,,,
1604778,2022-08-11,QRVO,HARDING JOHN R,,0001567619-22-015591,2022-08-09,A,2067,0.0,6759,D,,,,,,
1604778,2022-08-11,QRVO,BRUGGEWORTH ROBERT A,,0001567619-22-015600,2022-08-09,F,949,106.43,145961,D,,,,,,
1604778,2022-08-11,QRVO,QUINSEY RALPH,,0001567619-22-015594,2022-08-09,A,2067,0.0,50903,D,,,,,,
1604778,2022-08-11,QRVO,Nelson Roderick,,0001567619-22-015593,2022-08-09,A,2067,0.0,7662,D,,,,,,
1604778,2022-08-11,QRVO,Ho David H Y,,0001567619-22-015592,2022-08-09,A,2067,0.0,14331,D,,,,,,
1604778,2022-08-11,QRVO,FEGO PAUL J,,0001567619-22-015601,2022-08-09,F,253,106.43,27059,D,,,,,,
1604778,2022-08-11,QRVO,CREVISTON STEVEN E,,0001567619-22-015604,2022-08-09,F,286,106.43,65395,D,,,,,,
1604778,2022-08-11,QRVO,CREVISTON STEVEN E,,0001567619-22-015604,2022-08-09,A,1282,0.0,66677,D,,,,,,
1604778,2022-08-11,QRVO,CREVISTON STEVEN E,,0001567619-22-015604,2022-08-10,F,528,102.23,74793,D,,,,,,
1604778,2022-08-11,QRVO,Brown Grant,,0001567619-22-015603,2022-08-10,F,76,102.23,20502,D,,,,,,
1604778,2022-08-11,QRVO,Brown Grant,,0001567619-22-015603,2022-08-09,A,110,0.0,18887,D,,,,,,
1604778,2022-08-11,QRVO,Brown Grant,,0001567619-22-015603,2022-08-09,F,20,106.43,18777,D,,,,,,
1604778,2022-08-11,QRVO,Chesley Philip,,0001567619-22-015605,2022-08-09,A,6389,0.0,26401,D,,,,,,
1604778,2022-08-11,QRVO,Harrison Gina,,0001567619-22-015602,2022-08-10,F,57,102.23,19816,D,,,,,,
1604778,2022-08-11,QRVO,Harrison Gina,,0001567619-22-015602,2022-08-09,A,207,0.0,18407,D,,,,,,
1604778,2022-08-16,QRVO,FEGO PAUL J,,0001567619-22-016378,2022-08-15,S,2438,110.18,34079,D,,,,,,
1604778,2022-08-24,QRVO,Stewart Frank P.,,0001567619-22-016630,2022-08-22,S,1224,100.27,4950,D,,,,,,
1604778,2022-09-06,QRVO,Brown Grant,,0001567619-22-017055,2022-09-05,A,11094,0.0,31596,D,,,,,,
1604778,2022-09-07,QRVO,GARDNER JEFFERY R,,0001567619-22-017121,2022-09-07,S,1500,89.16,29360,D,,,,,,
1604778,2022-09-16,QRVO,FEGO PAUL J,,0001567619-22-017544,2022-09-15,S,2413,85.42,31666,D,,,,,,
1604778,2022-10-06,QRVO,Brown Grant,,0001567619-22-018320,2022-10-05,F,72,86.07,31524,D,,,,,,
1604778,2022-11-09,QRVO,Brown Grant,,0001567619-22-019383,2022-11-07,F,120,86.85,31404,D,,,,,,
1604778,2022-11-17,QRVO,FEGO PAUL J,,0001567619-22-020560,2022-11-15,S,2505,98.33,29161,D,,,,,,
1604778,2022-12-06,QRVO,Chesley Philip,,0001567619-22-021347,2022-12-05,F,1887,97.19,24514,D,,,,,,
1604778,2022-12-14,QRVO,Harrison Gina,,0001567619-22-021568,2022-12-13,S,3559,104.0,16257,D,,,,,,
1604778,2022-12-16,QRVO,Brown Grant,,0001567619-22-021711,2022-12-15,F,77,100.94,31327,D,,,,,,
1604778,2023-02-16,QRVO,CREVISTON STEVEN E,,0001567619-23-003172,2023-02-15,S,3000,105.26,71793,D,,,,,,
1604778,2023-02-16,QRVO,FEGO PAUL J,,0001567619-23-003171,2023-02-15,S,3000,105.26,26161,D,,,,,,
1604778,2023-02-24,QRVO,RHINES WALDEN C,,0001567619-23-003739,2023-02-23,M,12471,14.34,60013,D,,,,,,
1604778,2023-03-03,QRVO,GARDNER JEFFERY R,,0001567619-23-004381,2023-03-01,S,4089,101.23,25271,D,,,,,,
1604778,2023-03-07,QRVO,Brown Grant,,0001567619-23-004570,2023-03-06,F,180,102.7,31147,D,,,,,,
1604778,2023-03-16,QRVO,CREVISTON STEVEN E,,0001567619-23-005176,2023-03-15,S,3000,94.44,68793,D,,,,,,
1604778,2023-05-15,QRVO,Harrison Gina,isOfficer,0001140361-23-024853,2023-05-11,F,242,92.59,16015,D,,,,,,
1604778,2023-05-15,QRVO,BRUGGEWORTH ROBERT A,"isDirector,isOfficer",0001140361-23-024850,2023-05-11,F,6562,92.59,159495,D,,,,,,
1604778,2023-05-15,QRVO,Stewart Frank P.,isOfficer,0001140361-23-024852,2023-05-11,F,112,92.59,4838,D,,,,,,
1604778,2023-05-15,QRVO,FEGO PAUL J,isOfficer,0001140361-23-024851,2023-05-11,F,877,92.59,25284,D,,,,,,
1604778,2023-05-15,QRVO,Brown Grant,isOfficer,0001140361-23-024854,2023-05-11,F,114,92.59,31323,D,,,,,,
1604778,2023-05-15,QRVO,CREVISTON STEVEN E,isOfficer,0001140361-23-024855,2023-05-11,F,1423,92.59,67370,D,,,,,,
1604778,2023-05-17,QRVO,CREVISTON STEVEN E,isOfficer,0001977249-23-000006,2023-05-15,F,2518,90.24,79591,D,,,,,,
1604778,2023-05-17,QRVO,BRUGGEWORTH ROBERT A,"isDirector,isOfficer",0001977249-23-000004,2023-05-15,F,14163,90.24,209416,D,,,,,,
1604778,2023-05-17,QRVO,CREVISTON STEVEN E,isOfficer,0001977249-23-000006,2023-05-15,A,14739,0.0,82109,D,,,,,,
1604778,2023-05-17,QRVO,BRUGGEWORTH ROBERT A,"isDirector,isOfficer",0001977249-23-000004,2023-05-16,F,2329,93.02,207087,D,,,,,,
1604778,2023-05-17,QRVO,Chesley Philip,isOfficer,0001977249-23-000005,2023-05-15,A,10893,0.0,35407,D,,,,,,
1604778,2023-05-17,QRVO,Brown Grant,isOfficer,0001977249-23-000003,2023-05-15,F,284,90.24,32320,D,,,,,,
1604778,2023-05-17,QRVO,CREVISTON STEVEN E,isOfficer,0001977249-23-000006,2023-05-16,F,700,93.02,78891,D,,,,,,
1604778,2023-05-17,QRVO,Harrison Gina,isOfficer,0001977249-23-000008,2023-05-16,F,77,93.02,18067,D,,,,,,
1604778,2023-05-17,QRVO,Brown Grant,isOfficer,0001977249-23-000003,2023-05-15,A,1281,0.0,32604,D,,,,,,
1604778,2023-05-17,QRVO,Chesley Philip,isOfficer,0001977249-23-000005,2023-05-15,F,1325,90.24,34082,D,,,,,,
1604778,2023-05-17,QRVO,FEGO PAUL J,isOfficer,0001977249-23-000007,2023-05-15,A,14739,0.0,40023,D,,,,,,
1604778,2023-05-17,QRVO,BRUGGEWORTH ROBERT A,"isDirector,isOfficer",0001977249-23-000004,2023-05-15,A,64084,0.0,223579,D,,,,,,
1604778,2023-05-17,QRVO,FEGO PAUL J,isOfficer,0001977249-23-000007,2023-05-15,F,2025,90.24,37998,D,,,,,,
1604778,2023-05-17,QRVO,Stewart Frank P.,isOfficer,0001977249-23-000009,2023-05-15,A,3844,0.0,8682,D,,,,,,
1604778,2023-05-17,QRVO,Stewart Frank P.,isOfficer,0001977249-23-000009,2023-05-15,F,571,90.24,8111,D,,,,,,
1604778,2023-05-17,QRVO,FEGO PAUL J,isOfficer,0001977249-23-000007,2023-05-16,F,624,93.02,37374,D,,,,,,
1604778,2023-05-17,QRVO,Harrison Gina,isOfficer,0001977249-23-000008,2023-05-15,A,2499,0.0,18514,D,,,,,,
1604778,2023-05-17,QRVO,Harrison Gina,isOfficer,0001977249-23-000008,2023-05-15,F,370,90.24,18144,D,,,,,,
1604778,2023-05-17,QRVO,Brown Grant,isOfficer,0001977249-23-000003,2023-05-16,F,4034,93.02,28286,D,,,,,,
1604778,2023-05-17,QRVO,Stewart Frank P.,isOfficer,0001977249-23-000009,2023-05-16,F,36,93.02,8075,D,,,,,,
1604778,2023-05-18,QRVO,BRUGGEWORTH ROBERT A,"isDirector,isOfficer",0001977249-23-000021,2023-05-17,S,17063,90.73,190024,D,,,,,,
1604778,2023-05-22,QRVO,FEGO PAUL J,isOfficer,0001977249-23-000022,2023-05-18,S,4304,95.0,33070,D,,,,,,
1604778,2023-05-23,QRVO,BRUGGEWORTH ROBERT A,"isDirector,isOfficer",0001977249-23-000023,2023-05-22,S,11218,93.84,178806,D,,,,,,
1604778,2023-05-30,QRVO,CREVISTON STEVEN E,isOfficer,0001977249-23-000025,2023-05-26,S,3000,100.0,75891,D,,,,,,
1604778,2023-06-09,QRVO,HARDING JOHN R,isDirector,0001977249-23-000026,2023-06-08,S,1000,99.72,5759,D,,,,,,
1604778,2023-08-08,QRVO,Harrison Gina,isOfficer,0001977249-23-000039,2023-08-07,F,408,106.88,17659,D,,,,,,
1604778,2023-08-08,QRVO,CREVISTON STEVEN E,isOfficer,0001977249-23-000037,2023-08-07,F,2421,106.88,73470,D,,,,,,
1604778,2023-08-08,QRVO,Stewart Frank P.,isOfficer,0001977249-23-000040,2023-08-07,F,460,106.88,7615,D,,,,,,
1604778,2023-08-08,QRVO,BRUGGEWORTH ROBERT A,"isDirector,isOfficer",0001977249-23-000035,2023-08-07,F,11294,106.88,167512,D,,,,,,
1604778,2023-08-08,QRVO,Brown Grant,isOfficer,0001977249-23-000034,2023-08-07,F,377,106.88,27909,D,,,,,,
1604778,2023-08-08,QRVO,Chesley Philip,isOfficer,0001977249-23-000036,2023-08-07,F,389,106.88,33693,D,,,,,,
1604778,2023-08-08,QRVO,FEGO PAUL J,isOfficer,0001977249-23-000038,2023-08-07,F,2028,106.88,31042,D,,,,,,
1604778,2023-08-10,QRVO,Ho David H Y,isDirector,0001977249-23-000047,2023-08-09,F,621,106.2,13710,D,,,,,,
1604778,2023-08-10,QRVO,Stewart Frank P.,isOfficer,0001977249-23-000046,2023-08-09,F,8,106.2,7607,D,,,,,,
1604778,2023-08-10,QRVO,Harrison Gina,isOfficer,0001977249-23-000045,2023-08-09,F,16,106.2,17643,D,,,,,,
1604778,2023-08-10,QRVO,FEGO PAUL J,isOfficer,0001977249-23-000044,2023-08-09,F,127,106.2,30915,D,,,,,,
1604778,2023-08-10,QRVO,CREVISTON STEVEN E,isOfficer,0001977249-23-000043,2023-08-09,F,142,106.2,73328,D,,,,,,
1604778,2023-08-10,QRVO,BRUGGEWORTH ROBERT A,"isDirector,isOfficer",0001977249-23-000042,2023-08-09,F,472,106.2,167040,D,,,,,,
1604778,2023-08-10,QRVO,Brown Grant,isOfficer,0001977249-23-000041,2023-08-09,F,13,106.2,27896,D,,,,,,
1604778,2023-08-17,QRVO,BRUGGEWORTH ROBERT A,"isDirector,isOfficer",0001977249-23-000059,2023-08-15,A,7315,0.0,161981,D,,,,,,
1604778,2023-08-17,QRVO,CREVISTON STEVEN E,isOfficer,0001977249-23-000061,2023-08-15,A,1681,0.0,74636,D,,,,,,
1604778,2023-08-17,QRVO,FEGO PAUL J,isOfficer,0001977249-23-000062,2023-08-15,A,1681,0.0,28056,D,,,,,,
1604778,2023-08-17,QRVO,Brown Grant,isOfficer,0001977249-23-000058,2023-08-15,A,147,0.0,21331,D,,,,,,
1604778,2023-08-17,QRVO,Nelson Roderick,isDirector,0001977249-23-000054,2023-08-15,A,2132,0.0,9794,D,,,,,,
1604778,2023-08-17,QRVO,BRUGGEWORTH ROBERT A,"isDirector,isOfficer",0001977249-23-000059,2023-08-15,F,1617,103.19,154666,D,,,,,,
1604778,2023-08-17,QRVO,HARDING JOHN R,isDirector,0001977249-23-000052,2023-08-15,A,2132,0.0,7891,D,,,,,,
1604778,2023-08-17,QRVO,GARDNER JEFFERY R,isDirector,0001977249-23-000051,2023-08-15,A,2132,0.0,14903,D,,,,,,
1604778,2023-08-17,QRVO,RHINES WALDEN C,isDirector,0001977249-23-000056,2023-08-15,A,2132,0.0,62145,D,,,,,,
1604778,2023-08-17,QRVO,SPRADLEY SUSAN LOUISE,isDirector,0001977249-23-000057,2023-08-15,A,2132,0.0,7431,D,,,,,,
1604778,2023-08-17,QRVO,HARDING JOHN R,isDirector,0001977249-23-000052,2023-08-15,M,7850,47.96,13609,D,,,,,,
1604778,2023-08-17,QRVO,Brown Grant,isOfficer,0001977249-23-000058,2023-08-15,S,6679,102.02,21217,D,,,,,,
1604778,2023-08-17,QRVO,FEGO PAUL J,isOfficer,0001977249-23-000062,2023-08-15,F,332,103.19,26375,D,,,,,,
1604778,2023-08-17,QRVO,Stewart Frank P.,isOfficer,0001977249-23-000064,2023-08-15,A,439,0.0,7981,D,,,,,,
1604778,2023-08-17,QRVO,FEGO PAUL J,isOfficer,0001977249-23-000062,2023-08-15,S,4208,102.02,26707,D,,,,,,
1604778,2023-08-17,QRVO,HARDING JOHN R,isDirector,0001977249-23-000052,2023-08-15,S,7850,102.02,5759,D,,,,,,
1604778,2023-08-17,QRVO,CREVISTON STEVEN E,isOfficer,0001977249-23-000061,2023-08-15,F,373,103.19,72955,D,,,,,,
1604778,2023-08-17,QRVO,Ho David H Y,isDirector,0001977249-23-000053,2023-08-15,A,2132,0.0,15842,D,,,,,,
1604778,2023-08-17,QRVO,Chesley Philip,isOfficer,0001977249-23-000060,2023-08-15,A,1243,0.0,34784,D,,,,,,
1604778,2023-08-17,QRVO,BRUNER JUDY,isDirector,0001977249-23-000050,2023-08-15,A,2132,0.0,5606,D,,,,,,
1604778,2023-08-17,QRVO,Brown Grant,isOfficer,0001977249-23-000058,2023-08-15,F,33,103.19,21184,D,,,,,,
1604778,2023-08-17,QRVO,Chesley Philip,isOfficer,0001977249-23-000060,2023-08-15,F,152,103.19,33541,D,,,,,,
1604778,2023-08-17,QRVO,Harrison Gina,isOfficer,0001977249-23-000063,2023-08-15,F,43,103.19,17600,D,,,,,,
1604778,2023-08-17,QRVO,Harrison Gina,isOfficer,0001977249-23-000063,2023-08-15,A,285,0.0,17885,D,,,,,,
1604778,2023-08-17,QRVO,BRUGGEWORTH ROBERT A,"isDirector,isOfficer",0001977249-23-000059,2023-08-15,S,10757,102.02,156283,D,,,,,,
1604778,2023-08-17,QRVO,QUINSEY RALPH,isDirector,0001977249-23-000055,2023-08-15,A,2132,0.0,53035,D,,,,,,
1604778,2023-08-17,QRVO,Stewart Frank P.,isOfficer,0001977249-23-000064,2023-08-15,F,65,103.19,7542,D,,,,,,
1604778,2023-08-24,QRVO,BRUGGEWORTH ROBERT A,"isDirector,isOfficer",0001977249-23-000065,2023-08-22,S,8689,101.37,193994,D,,,,,,
1604778,2023-08-31,QRVO,Nelson Roderick,isDirector,0001977249-23-000066,2023-08-30,S,2067,106.6,7727,D,,,,,,
1604778,2023-09-07,QRVO,Stewart Frank P.,isOfficer,0001977249-23-000067,2023-09-05,S,500,108.0,12520,D,,,,,,
1604778,2023-09-07,QRVO,Stewart Frank P.,isOfficer,0001977249-23-000067,2023-09-06,S,500,107.0,12020,D,,,,,,
1604778,2023-09-07,QRVO,Harrison Gina,isOfficer,0001977249-23-000068,2023-09-06,S,662,106.95,19161,D,,,,,,
1604778,2023-10-10,QRVO,Brown Grant,isOfficer,0001977249-23-000069,2023-10-05,F,89,94.1,31320,D,,,,,,
1604778,2023-11-16,QRVO,FEGO PAUL J,isOfficer,0001977249-23-000072,2023-11-15,S,4627,95.0,32732,D,,,,,,
1604778,2023-11-28,QRVO,RHINES WALDEN C,isDirector,0001977249-23-000077,2023-11-27,P,5000,93.19,67145,D,,,,,,
1604778,2023-12-07,QRVO,Chesley Philip,isOfficer,0001977249-23-000079,2023-12-05,F,2418,97.67,40119,D,,,,,,
1604778,2023-12-07,QRVO,Chesley Philip,isOfficer,0001977249-23-000079,2023-12-06,S,10580,97.72,29539,D,,,,,,
1604778,2023-12-12,QRVO,Harrison Gina,isOfficer,0001977249-23-000080,2023-12-11,S,365,105.0,18796,D,,,,,,
1604778,2023-12-15,QRVO,CREVISTON STEVEN E,isOfficer,0001977249-23-000081,2023-12-14,S,3000,110.0,80552,D,,,,,,
1604778,2024-02-16,QRVO,Chesley Philip,isOfficer,0001977249-24-000026,2024-02-15,S,4253,114.0,25286,D,,,,,,
1604778,2024-02-16,QRVO,FEGO PAUL J,isOfficer,0001977249-24-000028,2024-02-15,S,3027,114.0,29705,D,,,,,,
1604778,2024-02-16,QRVO,Harrison Gina,isOfficer,0001977249-24-000027,2024-02-15,S,354,114.0,18442,D,,,,,,
1604778,2024-03-05,QRVO,CREVISTON STEVEN E,isOfficer,0001977249-24-000034,2024-03-01,S,3000,120.0,77552,D,,,,,,
1604778,2024-05-10,QRVO,HARDING JOHN R,isDirector,0001977249-24-000038,2024-05-08,S,941,97.36,6950,D,,,,,,
1604778,2024-05-16,QRVO,BRUGGEWORTH ROBERT A,"isDirector,isOfficer",0001977249-24-000040,2024-05-15,S,22299,99.31,154714,D,,,,,,
1604778,2024-05-16,QRVO,CREVISTON STEVEN E,isOfficer,0001977249-24-000042,2024-05-15,F,1805,99.05,70081,D,,,,,,
1604778,2024-05-16,QRVO,BRUGGEWORTH ROBERT A,"isDirector,isOfficer",0001977249-24-000040,2024-05-14,F,16981,98.35,177013,D,,,,,,
1604778,2024-05-16,QRVO,BRUGGEWORTH ROBERT A,"isDirector,isOfficer",0001977249-24-000040,2024-05-15,A,78562,0.0,225432,D,,,,,,
1604778,2024-05-16,QRVO,Stewart Frank P.,isOfficer,0001977249-24-000045,2024-05-15,A,9725,0.0,20025,D,,,,,,
1604778,2024-05-16,QRVO,Chesley Philip,isOfficer,0001977249-24-000041,2024-05-15,F,1142,99.05,22322,D,,,,,,
1604778,2024-05-16,QRVO,BRUGGEWORTH ROBERT A,"isDirector,isOfficer",0001977249-24-000040,2024-05-15,F,7844,99.05,146870,D,,,,,,
1604778,2024-05-16,QRVO,Brown Grant,isOfficer,0001977249-24-000039,2024-05-14,F,3181,98.35,28424,D,,,,,,
1604778,2024-05-16,QRVO,Chesley Philip,isOfficer,0001977249-24-000041,2024-05-15,A,14964,0.0,37286,D,,,,,,
1604778,2024-05-16,QRVO,CREVISTON STEVEN E,isOfficer,0001977249-24-000042,2024-05-15,A,17208,0.0,87289,D,,,,,,
1604778,2024-05-16,QRVO,Brown Grant,isOfficer,0001977249-24-000039,2024-05-15,F,157,99.05,28267,D,,,,,,
1604778,2024-05-16,QRVO,FEGO PAUL J,isOfficer,0001977249-24-000043,2024-05-14,F,2372,98.35,27333,D,,,,,,
1604778,2024-05-16,QRVO,Stewart Frank P.,isOfficer,0001977249-24-000045,2024-05-15,F,312,99.05,10300,D,,,,,,
1604778,2024-05-16,QRVO,Chesley Philip,isOfficer,0001977249-24-000041,2024-05-14,F,1822,98.35,23464,D,,,,,,
1604778,2024-05-16,QRVO,Harrison Gina,isOfficer,0001977249-24-000044,2024-05-14,F,542,98.35,17900,D,,,,,,
1604778,2024-05-16,QRVO,CREVISTON STEVEN E,isOfficer,0001977249-24-000042,2024-05-14,F,2666,98.35,74886,D,,,,,,
1604778,2024-05-16,QRVO,CREVISTON STEVEN E,isOfficer,0001977249-24-000042,2024-05-15,S,3000,99.31,71886,D,,,,,,
1604778,2024-05-16,QRVO,Stewart Frank P.,isOfficer,0001977249-24-000045,2024-05-14,F,1408,98.35,10612,D,,,,,,
1604778,2024-05-16,QRVO,FEGO PAUL J,isOfficer,0001977249-24-000043,2024-05-15,S,2132,99.31,25201,D,,,,,,
1604778,2024-05-16,QRVO,Harrison Gina,isOfficer,0001977249-24-000044,2024-05-15,A,3739,0.0,21436,D,,,,,,
1604778,2024-05-16,QRVO,FEGO PAUL J,isOfficer,0001977249-24-000043,2024-05-15,F,1618,99.05,23583,D,,,,,,
1604778,2024-05-16,QRVO,Harrison Gina,isOfficer,0001977249-24-000044,2024-05-15,F,203,99.05,17697,D,,,,,,
1604778,2024-05-16,QRVO,FEGO PAUL J,isOfficer,0001977249-24-000043,2024-05-15,A,17958,0.0,41541,D,,,,,,
1604778,2024-05-16,QRVO,Brown Grant,isOfficer,0001977249-24-000039,2024-05-15,A,19454,0.0,47721,D,,,,,,
1604778,2024-05-20,QRVO,FEGO PAUL J,isOfficer,0001977249-24-000061,2024-05-16,S,962,99.38,40579,D,,,,,,
1604778,2024-05-20,QRVO,CREVISTON STEVEN E,isOfficer,0001977249-24-000060,2024-05-16,F,698,99.91,86591,D,,,,,,
1604778,2024-05-20,QRVO,BRUGGEWORTH ROBERT A,"isDirector,isOfficer",0001977249-24-000059,2024-05-16,F,2317,99.91,210161,D,,,,,,
1604778,2024-05-20,QRVO,Harrison Gina,isOfficer,0001977249-24-000062,2024-05-16,F,1181,99.91,20255,D,,,,,,
1604778,2024-05-20,QRVO,Stewart Frank P.,isOfficer,0001977249-24-000063,2024-05-16,F,36,99.91,19989,D,,,,,,
1604778,2024-05-20,QRVO,FEGO PAUL J,isOfficer,0001977249-24-000061,2024-05-16,F,625,99.91,39954,D,,,,,,
1604778,2024-05-20,QRVO,Brown Grant,isOfficer,0001977249-24-000058,2024-05-16,F,63,99.91,47658,D,,,,,,
1604778,2024-05-20,QRVO,BRUGGEWORTH ROBERT A,"isDirector,isOfficer",0001977249-24-000059,2024-05-16,S,12954,99.38,212478,D,,,,,,
1604778,2024-05-24,QRVO,BRUGGEWORTH ROBERT A,"isDirector,isOfficer",0001977249-24-000064,2024-05-23,S,4721,100.0,205440,D,,,,,,
1604778,2024-06-05,QRVO,Harrison Gina,isOfficer,0001977249-24-000066,2024-06-05,A,921,0.0,21176,D,,,,,,
1604778,2024-06-07,QRVO,BRUGGEWORTH ROBERT A,"isDirector,isOfficer",0001977249-24-000067,2024-06-06,S,15279,100.0,190161,D,,,,,,
1604778,2024-06-14,QRVO,Harrison Gina,isOfficer,0001977249-24-000068,2024-06-12,S,210,106.05,20966,D,,,,,,
1604778,2024-06-20,QRVO,CREVISTON STEVEN E,isOfficer,0001977249-24-000069,2024-06-17,S,3000,112.36,83591,D,,,,,,
1604778,2024-07-09,QRVO,Harrison Gina,isOfficer,0001977249-24-000071,2024-07-05,F,134,117.13,20832,D,,,,,,
1604778,2024-08-06,QRVO,Brown Grant,isOfficer,0001977249-24-000077,2024-08-05,F,1527,107.93,46131,D,,,,,,
1604778,2024-08-06,QRVO,FEGO PAUL J,isOfficer,0001977249-24-000081,2024-08-05,F,2714,107.93,37240,D,,,,,,
1604778,2024-08-06,QRVO,Harrison Gina,isOfficer,0001977249-24-000082,2024-08-05,F,388,107.93,20444,D,,,,,,
1604778,2024-08-06,QRVO,Chesley Philip,isOfficer,0001977249-24-000078,2024-08-05,F,1392,107.93,35894,D,,,,,,
1604778,2024-08-06,QRVO,Stewart Frank P.,isOfficer,0001977249-24-000083,2024-08-05,F,701,107.93,19288,D,,,,,,
1604778,2024-08-06,QRVO,BRUGGEWORTH ROBERT A,"isDirector,isOfficer",0001977249-24-000080,2024-08-05,F,12600,107.93,185854,D,,,,,,
1604778,2024-08-06,QRVO,CREVISTON STEVEN E,isOfficer,0001977249-24-000079,2024-08-05,F,3123,107.93,80468,D,,,,,,
1604778,2024-08-12,QRVO,Brown Grant,isOfficer,0001977249-24-000084,2024-08-09,F,15,107.08,46116,D,,,,,,
1604778,2024-08-12,QRVO,BRUGGEWORTH ROBERT A,"isDirector,isOfficer",0001977249-24-000085,2024-08-09,F,472,107.08,185382,D,,,,,,
1604778,2024-08-12,QRVO,CREVISTON STEVEN E,isOfficer,0001977249-24-000086,2024-08-09,F,144,107.08,80324,D,,,,,,
1604778,2024-08-12,QRVO,FEGO PAUL J,isOfficer,0001977249-24-000087,2024-08-09,F,128,107.08,37112,D,,,,,,
1604778,2024-08-12,QRVO,Harrison Gina,isOfficer,0001977249-24-000088,2024-08-09,F,18,107.08,20426,D,,,,,,
1604778,2024-08-12,QRVO,Stewart Frank P.,isOfficer,0001977249-24-000089,2024-08-09,F,13,107.08,19275,D,,,,,,
1604778,2024-08-14,QRVO,Stewart Frank P.,isOfficer,0001977249-24-000096,2024-08-13,A,5966,0.0,25241,D,,,,,,
1604778,2024-08-14,QRVO,Brown Grant,isOfficer,0001977249-24-000090,2024-08-13,A,10813,0.0,56929,D,,,,,,
1604778,2024-08-14,QRVO,FEGO PAUL J,isOfficer,0001977249-24-000094,2024-08-13,A,9694,0.0,46806,D,,,,,,
1604778,2024-08-14,QRVO,BRUGGEWORTH ROBERT A,"isDirector,isOfficer",0001977249-24-000091,2024-08-13,A,40268,0.0,225650,D,,,,,,
1604778,2024-08-14,QRVO,Chesley Philip,isOfficer,0001977249-24-000092,2024-08-13,A,7457,0.0,43351,D,,,,,,
1604778,2024-08-14,QRVO,Harrison Gina,isOfficer,0001977249-24-000095,2024-08-13,A,1864,0.0,22290,D,,,,,,
1604778,2024-08-14,QRVO,CREVISTON STEVEN E,isOfficer,0001977249-24-000093,2024-08-13,A,8576,0.0,88900,D,,,,,,
1604778,2024-08-14,QRVO,SPRADLEY SUSAN LOUISE,isDirector,0001977249-24-000102,2024-08-13,A,2097,0.0,9528,D,,,,,,
1604778,2024-08-14,QRVO,RHINES WALDEN C,isDirector,0001977249-24-000101,2024-08-13,A,2097,0.0,69242,D,,,,,,
1604778,2024-08-14,QRVO,Ho David H Y,isDirector,0001977249-24-000099,2024-08-13,A,2097,0.0,17299,D,,,,,,
1604778,2024-08-14,QRVO,Nelson Roderick,isDirector,0001977249-24-000100,2024-08-13,A,2097,0.0,9824,D,,,,,,
1604778,2024-08-14,QRVO,BRUNER JUDY,isDirector,0001977249-24-000097,2024-08-13,A,2097,0.0,7703,D,,,,,,
1604778,2024-08-14,QRVO,Ho David H Y,isDirector,0001977249-24-000099,2024-08-12,F,640,106.2,15202,D,,,,,,
1604778,2024-08-14,QRVO,HARDING JOHN R,isDirector,0001977249-24-000098,2024-08-13,A,2097,0.0,9047,D,,,,,,
1604778,2024-08-16,QRVO,CREVISTON STEVEN E,isOfficer,0001977249-24-000106,2024-08-15,S,3000,110.0,85900,D,,,,,,
1604778,2024-08-16,QRVO,Chesley Philip,isOfficer,0001977249-24-000105,2024-08-15,S,8516,109.73,34835,D,,,,,,
1604778,2024-08-16,QRVO,Brown Grant,isOfficer,0001977249-24-000103,2024-08-15,S,16292,109.73,40637,D,,,,,,
1604778,2024-08-16,QRVO,BRUGGEWORTH ROBERT A,"isDirector,isOfficer",0001977249-24-000104,2024-08-15,S,16664,109.73,208986,D,,,,,,
1604778,2024-08-16,QRVO,FEGO PAUL J,isOfficer,0001977249-24-000107,2024-08-15,S,2964,109.73,43842,D,,,,,,
1604778,2024-08-21,QRVO,FEGO PAUL J,isOfficer,0001977249-24-000108,2024-08-20,S,354,112.51,43488,D,,,,,,
1604778,2024-08-28,QRVO,Nelson Roderick,isDirector,0001977249-24-000109,2024-08-27,S,2132,111.51,7692,D,,,,,,
1604778,2024-09-04,QRVO,FEGO PAUL J,isOfficer,0001977249-24-000113,2024-09-03,S,2500,113.84,40988,D,,,,,,
1604778,2024-09-09,QRVO,Harrison Gina,isOfficer,0001977249-24-000114,2024-09-06,S,689,107.67,21601,D,,,,,,
1604778,2024-11-12,QRVO,Harrison Gina,isOfficer,0001977249-24-000124,2024-11-07,F,72,72.86,21853,D,,,,,,
1604778,2024-11-12,QRVO,BRUGGEWORTH ROBERT A,"isDirector,isOfficer",0001977249-24-000120,2024-11-07,A,6774,0.0,215760,D,,,,,,
1604778,2024-11-12,QRVO,FEGO PAUL J,isOfficer,0001977249-24-000123,2024-11-07,A,1548,0.0,42536,D,,,,,,
1604778,2024-11-12,QRVO,Chesley Philip,isOfficer,0001977249-24-000121,2024-11-07,F,254,72.86,35871,D,,,,,,
1604778,2024-11-12,QRVO,CREVISTON STEVEN E,isOfficer,0001977249-24-000122,2024-11-07,A,1484,0.0,84384,D,,,,,,
1604778,2024-11-12,QRVO,FEGO PAUL J,isOfficer,0001977249-24-000123,2024-11-07,F,306,72.86,42230,D,,,,,,
1604778,2024-11-12,QRVO,Stewart Frank P.,isOfficer,0001977249-24-000125,2024-11-07,F,186,72.86,25895,D,,,,,,
1604778,2024-11-12,QRVO,Harrison Gina,isOfficer,0001977249-24-000124,2024-11-07,A,324,0.0,21925,D,,,,,,
1604778,2024-11-12,QRVO,Brown Grant,isOfficer,0001977249-24-000119,2024-11-07,A,1676,0.0,42313,D,,,,,,
1604778,2024-11-12,QRVO,Chesley Philip,isOfficer,0001977249-24-000121,2024-11-07,A,1290,0.0,36125,D,,,,,,
1604778,2024-11-12,QRVO,BRUGGEWORTH ROBERT A,"isDirector,isOfficer",0001977249-24-000120,2024-11-07,F,1490,72.86,214270,D,,,,,,
1604778,2024-11-12,QRVO,Stewart Frank P.,isOfficer,0001977249-24-000125,2024-11-07,A,840,0.0,26081,D,,,,,,
1604778,2024-11-12,QRVO,CREVISTON STEVEN E,isOfficer,0001977249-24-000122,2024-11-07,F,326,72.86,84058,D,,,,,,
1604778,2024-11-12,QRVO,Brown Grant,isOfficer,0001977249-24-000119,2024-11-07,F,300,72.86,42013,D,,,,,,
1604778,2024-11-13,QRVO,LOWE ALAN S,isDirector,0001977249-24-000127,2024-11-11,A,2410,0.0,2410,D,,,,,,
1604778,2024-11-18,QRVO,Chesley Philip,isOfficer,0001977249-24-000128,2024-11-15,S,1565,65.63,34306,D,,,,,,
1604778,2024-12-06,QRVO,Chesley Philip,isOfficer,0001567619-24-000396,2024-12-05,S,4045,70.15,30261,D,,,,,,
1604778,2024-12-06,QRVO,Chesley Philip,isOfficer,0001567619-24-000396,2024-12-05,F,2626,70.08,27635,D,,,,,,
1604778,2025-04-15,QRVO,CLEMMER RICHARD L,isDirector,0001567619-25-000269,2025-04-13,A,1337,0.0,1587,D,,,,,,
1604778,2025-04-15,QRVO,Koopmans Chris,isDirector,0001567619-25-000273,2025-04-13,A,1337,0.0,1337,D,,,,,,
1604778,2025-05-07,QRVO,Stewart Frank P.,isOfficer,0001567619-25-000285,2025-05-05,F,767,70.9,25128,D,,,,,,
1604778,2025-05-07,QRVO,Brown Grant,isOfficer,0001567619-25-000279,2025-05-05,F,1851,70.9,40162,D,,,,,,
1604778,2025-05-07,QRVO,CREVISTON STEVEN E,isOfficer,0001567619-25-000282,2025-05-05,F,1341,70.9,82717,D,,,,,,
1604778,2025-05-07,QRVO,BRUGGEWORTH ROBERT A,"isDirector,isOfficer",0001567619-25-000280,2025-05-05,F,7207,70.9,207063,D,,,,,,
1604778,2025-05-07,QRVO,Chesley Philip,isOfficer,0001567619-25-000281,2025-05-05,F,987,70.9,26648,D,,,,,,
1604778,2025-05-07,QRVO,FEGO PAUL J,isOfficer,0001567619-25-000283,2025-05-05,F,1186,70.9,41044,D,,,,,,
1604778,2025-05-07,QRVO,Harrison Gina,isOfficer,0001567619-25-000284,2025-05-05,F,333,70.9,21520,D,,,,,,
1604778,2025-05-08,QRVO,HARDING JOHN R,isDirector,0001567619-25-000286,2025-05-07,S,1450,70.09,7597,D,,,,,,
1604778,2025-05-19,QRVO,Chesley Philip,isOfficer,0001567619-25-000303,2025-05-15,A,16861,0.0,34562,D,,,,,,
1604778,2025-05-19,QRVO,Stewart Frank P.,isOfficer,0001567619-25-000307,2025-05-15,A,13490,0.0,36240,D,,,,,,
1604778,2025-05-19,QRVO,Brown Grant,isOfficer,0001567619-25-000301,2025-05-15,F,5754,79.44,34408,D,,,,,,
1604778,2025-05-19,QRVO,Chesley Philip,isOfficer,0001567619-25-000303,2025-05-15,F,3576,79.44,17701,D,,,,,,
1604778,2025-05-19,QRVO,Chesley Philip,isOfficer,0001567619-25-000303,2025-05-16,S,6004,78.49,28558,D,,,,,,
1604778,2025-05-19,QRVO,Chesley Philip,isOfficer,0001567619-25-000303,2025-05-15,S,5371,78.5,21277,D,,,,,,
1604778,2025-05-19,QRVO,BRUGGEWORTH ROBERT A,"isDirector,isOfficer",0001567619-25-000302,2025-05-15,F,29053,79.44,178010,D,,,,,,
1604778,2025-05-19,QRVO,Harrison Gina,isOfficer,0001567619-25-000306,2025-05-15,F,850,79.44,20670,D,,,,,,
1604778,2025-05-19,QRVO,FEGO PAUL J,isOfficer,0001567619-25-000305,2025-05-15,A,21920,0.0,57701,D,,,,,,
1604778,2025-05-19,QRVO,Stewart Frank P.,isOfficer,0001567619-25-000307,2025-05-15,F,2378,79.44,22750,D,,,,,,
1604778,2025-05-19,QRVO,FEGO PAUL J,isOfficer,0001567619-25-000305,2025-05-15,F,5263,79.44,35781,D,,,,,,
1604778,2025-05-19,QRVO,Harrison Gina,isOfficer,0001567619-25-000306,2025-05-15,A,4214,0.0,24884,D,,,,,,
1604778,2025-05-19,QRVO,CREVISTON STEVEN E,isOfficer,0001567619-25-000304,2025-05-15,A,19391,0.0,96806,D,,,,,,
1604778,2025-05-19,QRVO,Brown Grant,isOfficer,0001567619-25-000301,2025-05-15,A,24450,0.0,58858,D,,,,,,
1604778,2025-05-19,QRVO,CREVISTON STEVEN E,isOfficer,0001567619-25-000304,2025-05-15,F,5302,79.44,77415,D,,,,,,
1604778,2025-05-19,QRVO,BRUGGEWORTH ROBERT A,"isDirector,isOfficer",0001567619-25-000302,2025-05-15,A,91059,0.0,269069,D,,,,,,
1604778,2025-07-08,QRVO,Harrison Gina,isOfficer,0001567619-25-000365,2025-07-07,F,133,88.78,24751,D,,,,,,
1604778,2025-08-07,QRVO,Brown Grant,isOfficer,0001567619-25-000382,2025-08-05,F,3034,85.17,55824,D,,,,,,
1604778,2025-08-07,QRVO,BRUGGEWORTH ROBERT A,"isDirector,isOfficer",0001567619-25-000383,2025-08-05,F,14681,85.17,266095,D,,,,,,
1604778,2025-08-07,QRVO,Stewart Frank P.,isOfficer,0001567619-25-000388,2025-08-05,F,1402,85.17,34838,D,,,,,,
1604778,2025-08-07,QRVO,Chesley Philip,isOfficer,0001567619-25-000384,2025-08-05,F,2126,85.17,26432,D,,,,,,
1604778,2025-08-07,QRVO,CREVISTON STEVEN E,isOfficer,0001567619-25-000385,2025-08-05,F,3377,85.17,93429,D,,,,,,
1604778,2025-08-07,QRVO,FEGO PAUL J,isOfficer,0001567619-25-000386,2025-08-05,F,3189,85.17,54512,D,,,,,,
1604778,2025-08-07,QRVO,Harrison Gina,isOfficer,0001567619-25-000387,2025-08-05,F,436,85.17,24315,D,,,,,,
1604778,2025-08-15,QRVO,FEGO PAUL J,isOfficer,0001567619-25-000406,2025-08-13,A,1536,0.0,55745,D,,,,,,
1604778,2025-08-15,QRVO,Feld Peter A,,0000921895-25-002323,2025-08-14,A,2496,0.0,2496,D,,,,,,
1604778,2025-08-15,QRVO,CREVISTON STEVEN E,isOfficer,0001567619-25-000405,2025-08-14,A,10206,0.0,104696,D,,,,,,
1604778,2025-08-15,QRVO,Chesley Philip,isOfficer,0001567619-25-000404,2025-08-14,A,8875,0.0,36256,D,,,,,,
1604778,2025-08-15,QRVO,Brown Grant,isOfficer,0001567619-25-000402,2025-08-13,F,442,89.77,55382,D,,,,,,
1604778,2025-08-15,QRVO,CLEMMER RICHARD L,isDirector,0001567619-25-000410,2025-08-14,A,2496,0.0,4083,D,,,,,,
1604778,2025-08-15,QRVO,FEGO PAUL J,isOfficer,0001567619-25-000406,2025-08-14,A,12425,0.0,68170,D,,,,,,
1604778,2025-08-15,QRVO,BRUGGEWORTH ROBERT A,"isDirector,isOfficer",0001567619-25-000403,2025-08-14,A,47925,0.0,319004,D,,,,,,
1604778,2025-08-15,QRVO,CREVISTON STEVEN E,isOfficer,0001567619-25-000405,2025-08-13,A,1358,0.0,94490,D,,,,,,
1604778,2025-08-15,QRVO,Chesley Philip,isOfficer,0001567619-25-000404,2025-08-13,F,233,89.77,26199,D,,,,,,
1604778,2025-08-15,QRVO,LOWE ALAN S,isDirector,0001567619-25-000413,2025-08-14,A,2496,0.0,4906,D,,,,,,
1604778,2025-08-15,QRVO,Brown Grant,isOfficer,0001567619-25-000402,2025-08-13,A,1712,0.0,57094,D,,,,,,
1604778,2025-08-15,QRVO,Chesley Philip,isOfficer,0001567619-25-000404,2025-08-13,A,1182,0.0,27381,D,,,,,,
1604778,2025-08-15,QRVO,Nelson Roderick,isDirector,0001567619-25-000414,2025-08-14,A,2496,0.0,10188,D,,,,,,
1604778,2025-08-15,QRVO,Stewart Frank P.,isOfficer,0001567619-25-000408,2025-08-13,F,207,89.77,34631,D,,,,,,
1604778,2025-08-15,QRVO,BRUGGEWORTH ROBERT A,"isDirector,isOfficer",0001567619-25-000403,2025-08-13,A,6378,0.0,271079,D,,,,,,
1604778,2025-08-15,QRVO,HARDING JOHN R,isDirector,0001567619-25-000411,2025-08-14,A,2496,0.0,10093,D,,,,,,
1604778,2025-08-15,QRVO,Harrison Gina,isOfficer,0001567619-25-000407,2025-08-13,F,43,89.77,24272,D,,,,,,
1604778,2025-08-15,QRVO,Stewart Frank P.,isOfficer,0001567619-25-000408,2025-08-13,A,944,0.0,35575,D,,,,,,
1604778,2025-08-15,QRVO,SPRADLEY SUSAN LOUISE,isDirector,0001567619-25-000416,2025-08-14,A,2496,0.0,12024,D,,,,,,
1604778,2025-08-15,QRVO,Brown Grant,isOfficer,0001567619-25-000402,2025-08-14,A,13313,0.0,70407,D,,,,,,
1604778,2025-08-15,QRVO,Koopmans Chris,isDirector,0001567619-25-000418,2025-08-14,A,2496,0.0,3833,D,,,,,,
1604778,2025-08-15,QRVO,RHINES WALDEN C,isDirector,0001567619-25-000415,2025-08-14,A,2496,0.0,71738,D,,,,,,
1604778,2025-08-15,QRVO,Harrison Gina,isOfficer,0001567619-25-000407,2025-08-14,A,2219,0.0,26787,D,,,,,,
1604778,2025-08-15,QRVO,Stewart Frank P.,isOfficer,0001567619-25-000408,2025-08-14,A,7544,0.0,43119,D,,,,,,
1604778,2025-08-15,QRVO,FEGO PAUL J,isOfficer,0001567619-25-000406,2025-08-13,F,303,89.77,54209,D,,,,,,
1604778,2025-08-15,QRVO,BRUNER JUDY,isDirector,0001567619-25-000409,2025-08-14,A,2496,0.0,10199,D,,,,,,
1604778,2025-08-15,QRVO,BRUGGEWORTH ROBERT A,"isDirector,isOfficer",0001567619-25-000403,2025-08-13,F,1394,89.77,264701,D,,,,,,
1604778,2025-08-15,QRVO,Harrison Gina,isOfficer,0001567619-25-000407,2025-08-13,A,296,0.0,24568,D,,,,,,
1604778,2025-08-15,QRVO,CREVISTON STEVEN E,isOfficer,0001567619-25-000405,2025-08-13,F,297,89.77,93132,D,,,,,,
1604778,2025-08-19,QRVO,Chesley Philip,isOfficer,0001567619-25-000420,2025-08-15,S,2664,90.09,33592,D,,,,,,
1604778,2025-09-08,QRVO,Brown Grant,isOfficer,0001567619-25-000470,2025-09-05,F,5719,92.2,64688,D,,,,,,
1604778,2025-09-23,QRVO,FEGO PAUL J,isOfficer,0001977249-25-000003,2025-09-22,S,13612,95.0,54558,D,,,,,,
1604778,2025-11-18,QRVO,HARDING JOHN R,isDirector,0001977249-25-000006,2025-11-17,S,903,82.82,9190,D,,,,,,
1604778,2026-02-18,QRVO,Stewart Frank P.,isOfficer,0001977249-26-000022,2026-02-17,G,234,0.0,34659,D,,,,,,
1604778,2026-02-18,QRVO,Stewart Frank P.,isOfficer,0001977249-26-000022,2026-02-17,S,8226,83.06,34893,D,,,,,,
1604778,2026-02-18,QRVO,Brown Grant,isOfficer,0001977249-26-000021,2026-02-17,S,20608,83.06,44428,D,,,,,,
1604778,2026-02-27,QRVO,HARDING JOHN R,isDirector,0001977249-26-000026,2026-02-26,S,1200,82.66,7990,D,,,,,,
1604778,2026-05-07,QRVO,FEGO PAUL J,isOfficer,0001977249-26-000040,2026-05-05,F,2527,92.53,52031,D,non_derivative,Common Stock,,,,
1604778,2026-05-07,QRVO,BRUGGEWORTH ROBERT A,"isDirector,isOfficer",0001977249-26-000038,2026-05-05,F,17562,92.53,301442,D,non_derivative,Common Stock,,,,
1604778,2026-05-07,QRVO,CREVISTON STEVEN E,isOfficer,0001977249-26-000041,2026-05-05,F,2715,92.53,101981,D,non_derivative,Common Stock,,,,
1604778,2026-05-07,QRVO,CREVISTON STEVEN E,isOfficer,0001977249-26-000041,2026-05-05,F,2715,92.53,101981,D,,,,,,
1604778,2026-05-07,QRVO,Chesley Philip,isOfficer,0001977249-26-000037,2026-05-05,F,2021,92.53,31571,D,non_derivative,Common Stock,,,,
1604778,2026-05-07,QRVO,Chesley Philip,isOfficer,0001977249-26-000037,2026-05-05,F,2021,92.53,31571,D,,,,,,
1604778,2026-05-07,QRVO,Harrison Gina,isOfficer,0001977249-26-000039,2026-05-05,F,624,92.53,26163,D,non_derivative,Common Stock,,,,
1604778,2026-05-07,QRVO,Brown Grant,isOfficer,0001977249-26-000043,2026-05-05,F,4194,92.53,40234,D,non_derivative,Common Stock,,,,
1604778,2026-05-07,QRVO,BRUGGEWORTH ROBERT A,"isDirector,isOfficer",0001977249-26-000038,2026-05-05,F,17562,92.53,301442,D,,,,,,
1604778,2026-05-07,QRVO,Stewart Frank P.,isOfficer,0001977249-26-000042,2026-05-05,F,1796,92.53,32863,D,,,,,,
1604778,2026-05-07,QRVO,Stewart Frank P.,isOfficer,0001977249-26-000042,2026-05-05,F,1796,92.53,32863,D,non_derivative,Common Stock,,,,
1604778,2026-05-07,QRVO,FEGO PAUL J,isOfficer,0001977249-26-000040,2026-05-05,F,2527,92.53,52031,D,,,,,,
1604778,2026-05-07,QRVO,Brown Grant,isOfficer,0001977249-26-000043,2026-05-05,F,4194,92.53,40234,D,,,,,,
1604778,2026-05-07,QRVO,Harrison Gina,isOfficer,0001977249-26-000039,2026-05-05,F,624,92.53,26163,D,,,,,,
1604778,2026-05-13,QRVO,FEGO PAUL J,isOfficer,0001977249-26-000055,2026-05-12,F,4899,93.41,73538,D,non_derivative,Common Stock,,,,
1604778,2026-05-13,QRVO,BRUGGEWORTH ROBERT A,"isDirector,isOfficer",0001977249-26-000052,2026-05-12,A,102425,0.0,403867,D,non_derivative,Common Stock,,,,
1604778,2026-05-13,QRVO,CREVISTON STEVEN E,isOfficer,0001977249-26-000054,2026-05-12,F,4414,93.41,119377,D,non_derivative,Common Stock,,,,
1604778,2026-05-13,QRVO,Brown Grant,isOfficer,0001977249-26-000051,2026-05-12,A,28376,0.0,68610,D,non_derivative,Common Stock,,,,
1604778,2026-05-13,QRVO,Chesley Philip,isOfficer,0001977249-26-000053,2026-05-12,A,18967,0.0,50538,D,non_derivative,Common Stock,,,,
1604778,2026-05-13,QRVO,CREVISTON STEVEN E,isOfficer,0001977249-26-000054,2026-05-12,A,21810,0.0,123791,D,non_derivative,Common Stock,,,,
1604778,2026-05-13,QRVO,Harrison Gina,isOfficer,0001977249-26-000056,2026-05-12,F,803,93.41,30099,D,non_derivative,Common Stock,,,,
1604778,2026-05-13,QRVO,BRUGGEWORTH ROBERT A,"isDirector,isOfficer",0001977249-26-000052,2026-05-12,F,26030,93.41,377837,D,non_derivative,Common Stock,,,,
1604778,2026-05-13,QRVO,Harrison Gina,isOfficer,0001977249-26-000056,2026-05-12,A,4739,0.0,30902,D,non_derivative,Common Stock,,,,
1604778,2026-05-13,QRVO,FEGO PAUL J,isOfficer,0001977249-26-000055,2026-05-12,A,26406,0.0,78437,D,non_derivative,Common Stock,,,,
1604778,2026-05-13,QRVO,Stewart Frank P.,isOfficer,0001977249-26-000057,2026-05-12,F,2808,93.41,46102,D,non_derivative,Common Stock,,,,
1604778,2026-05-13,QRVO,Chesley Philip,isOfficer,0001977249-26-000053,2026-05-12,F,3167,93.41,47371,D,non_derivative,Common Stock,,,,
1604778,2026-05-13,QRVO,Stewart Frank P.,isOfficer,0001977249-26-000057,2026-05-12,A,16047,0.0,48910,D,non_derivative,Common Stock,,,,
1604778,2026-05-13,QRVO,Brown Grant,isOfficer,0001977249-26-000051,2026-05-12,F,7487,93.41,61123,D,non_derivative,Common Stock,,,,
1604778,2026-05-13,QRVO,Stewart Frank P.,isOfficer,0001977249-26-000057,2026-05-12,A,16047,0.0,48910,D,,,,,,
1604778,2026-05-13,QRVO,Chesley Philip,isOfficer,0001977249-26-000053,2026-05-12,A,18967,0.0,50538,D,,,,,,
1604778,2026-05-13,QRVO,Harrison Gina,isOfficer,0001977249-26-000056,2026-05-12,A,4739,0.0,30902,D,,,,,,
1604778,2026-05-13,QRVO,Stewart Frank P.,isOfficer,0001977249-26-000057,2026-05-12,F,2808,93.41,46102,D,,,,,,
1604778,2026-05-13,QRVO,BRUGGEWORTH ROBERT A,"isDirector,isOfficer",0001977249-26-000052,2026-05-12,A,102425,0.0,403867,D,,,,,,
1604778,2026-05-13,QRVO,Brown Grant,isOfficer,0001977249-26-000051,2026-05-12,F,7487,93.41,61123,D,,,,,,
1604778,2026-05-13,QRVO,BRUGGEWORTH ROBERT A,"isDirector,isOfficer",0001977249-26-000052,2026-05-12,F,26030,93.41,377837,D,,,,,,
1604778,2026-05-13,QRVO,Brown Grant,isOfficer,0001977249-26-000051,2026-05-12,A,28376,0.0,68610,D,,,,,,
1604778,2026-05-13,QRVO,Harrison Gina,isOfficer,0001977249-26-000056,2026-05-12,F,803,93.41,30099,D,,,,,,
1604778,2026-05-13,QRVO,CREVISTON STEVEN E,isOfficer,0001977249-26-000054,2026-05-12,F,4414,93.41,119377,D,,,,,,
1604778,2026-05-13,QRVO,Chesley Philip,isOfficer,0001977249-26-000053,2026-05-12,F,3167,93.41,47371,D,,,,,,
1604778,2026-05-13,QRVO,FEGO PAUL J,isOfficer,0001977249-26-000055,2026-05-12,F,4899,93.41,73538,D,,,,,,
1604778,2026-05-13,QRVO,FEGO PAUL J,isOfficer,0001977249-26-000055,2026-05-12,A,26406,0.0,78437,D,,,,,,
1604778,2026-05-13,QRVO,CREVISTON STEVEN E,isOfficer,0001977249-26-000054,2026-05-12,A,21810,0.0,123791,D,,,,,,
1604778,2026-05-19,QRVO,Chesley Philip,isOfficer,0001977249-26-000062,2026-05-15,S,13352,88.78,34019,D,,,,,,
1604778,2026-05-19,QRVO,Brown Grant,isOfficer,0001977249-26-000061,2026-05-15,S,14195,88.78,46928,D,,,,,,
1604778,2026-05-19,QRVO,Brown Grant,isOfficer,0001977249-26-000061,2026-05-18,S,1544,93.0,45384,D,,,,,,
1604778,2026-05-19,QRVO,Chesley Philip,isOfficer,0001977249-26-000062,2026-05-18,S,1288,93.0,32731,D,,,,,,
1604778,2026-05-19,QRVO,Chesley Philip,isOfficer,0001977249-26-000062,2026-05-15,S,13352,88.78,34019,D,non_derivative,Common Stock,,,,
1604778,2026-05-19,QRVO,Brown Grant,isOfficer,0001977249-26-000061,2026-05-18,S,1544,93.0,45384,D,non_derivative,Common Stock,,,,
1604778,2026-05-19,QRVO,Chesley Philip,isOfficer,0001977249-26-000062,2026-05-18,S,1288,93.0,32731,D,non_derivative,Common Stock,,,,
1604778,2026-05-19,QRVO,Brown Grant,isOfficer,0001977249-26-000061,2026-05-15,S,14195,88.78,46928,D,non_derivative,Common Stock,,,,
1604778,2026-05-20,QRVO,Harrison Gina,isOfficer,0001977249-26-000065,2026-05-19,S,956,95.0,29143,D,,,,,,
1604778,2026-05-20,QRVO,Harrison Gina,isOfficer,0001977249-26-000065,2026-05-19,S,956,95.0,29143,D,non_derivative,Common Stock,,,,
1604778,2026-05-26,QRVO,FEGO PAUL J,isOfficer,0001977249-26-000090,2026-05-22,S,2500,100.0,71038,D,non_derivative,Common Stock,,,,
1604778,2026-05-26,QRVO,Harrison Gina,isOfficer,0001977249-26-000091,2026-05-22,S,4714,100.0,24429,D,non_derivative,Common Stock,,,,
1604778,2026-06-02,QRVO,BRUGGEWORTH ROBERT A,"isDirector,isOfficer",0001977249-26-000095,2026-06-01,S,28500,99.73,349337,D,non_derivative,Common Stock,,,,
1604778,2026-06-02,QRVO,Feld Peter A,,0001193805-26-000739,2026-06-02,S,1328094,100.254,6183432,I,non_derivative,"Common Stock, $0.0001 par value",,,,
1604778,2026-06-08,QRVO,Chesley Philip,isOfficer,0001977249-26-000096,2026-06-04,A,9618,0.0,42349,D,non_derivative,Common Stock,,,,
1604778,2026-08-04,QRVO,FEGO PAUL J,isOfficer,0001977249-26-000101,2026-08-01,A,12366,0.0,83404,D,non_derivative,Common Stock,,,,
1604778,2026-08-04,QRVO,BRUGGEWORTH ROBERT A,"isDirector,isOfficer",0001977249-26-000098,2026-08-01,A,50789,0.0,370669,D,non_derivative,Common Stock,,,,
1604778,2026-08-04,QRVO,Brown Grant,isOfficer,0001977249-26-000097,2026-08-01,A,13691,0.0,59075,D,non_derivative,Common Stock,,,,
1604778,2026-08-04,QRVO,CREVISTON STEVEN E,isOfficer,0001977249-26-000100,2026-08-01,A,8833,0.0,128210,D,non_derivative,Common Stock,,,,
1604778,2026-08-04,QRVO,Chesley Philip,isOfficer,0001977249-26-000099,2026-08-01,A,10158,0.0,52507,D,non_derivative,Common Stock,,,,
1604778,2026-08-04,QRVO,Harrison Gina,isOfficer,0001977249-26-000102,2026-08-01,A,2429,0.0,26858,D,non_derivative,Common Stock,,,,
1604778,2026-08-04,QRVO,Stewart Frank P.,isOfficer,0001977249-26-000103,2026-08-01,A,7508,0.0,53610,D,non_derivative,Common Stock,,,,
1604778,2026-08-07,QRVO,Stewart Frank P.,isOfficer,0001977249-26-000110,2026-08-05,F,2262,95.04,51348,D,non_derivative,Common Stock,,,,
1604778,2026-08-07,QRVO,Harrison Gina,isOfficer,0001977249-26-000109,2026-08-05,F,534,95.04,26324,D,non_derivative,Common Stock,,,,
1604778,2026-08-07,QRVO,Chesley Philip,isOfficer,0001977249-26-000106,2026-08-05,F,2999,95.04,49508,D,non_derivative,Common Stock,,,,
1604778,2026-08-07,QRVO,CREVISTON STEVEN E,isOfficer,0001977249-26-000107,2026-08-05,F,3949,95.04,124261,D,non_derivative,Common Stock,,,,
1604778,2026-08-07,QRVO,FEGO PAUL J,isOfficer,0001977249-26-000108,2026-08-05,F,3944,95.04,79460,D,non_derivative,Common Stock,,,,
1604778,2026-08-07,QRVO,BRUGGEWORTH ROBERT A,"isDirector,isOfficer",0001977249-26-000105,2026-08-05,F,16379,95.04,354290,D,non_derivative,Common Stock,,,,
1604778,2026-08-07,QRVO,Brown Grant,isOfficer,0001977249-26-000104,2026-08-05,F,4628,95.04,54447,D,non_derivative,Common Stock,,,,
1604778,2026-08-13,QRVO,HARDING JOHN R,isDirector,0001977249-26-000113,2026-08-12,A,2327,0.0,10317,D,non_derivative,Common Stock,,,,
1604778,2026-08-13,QRVO,Koopmans Chris,isDirector,0001977249-26-000114,2026-08-12,A,2327,0.0,6160,D,non_derivative,Common Stock,,,,
1604778,2026-08-13,QRVO,Nelson Roderick,isDirector,0001977249-26-000116,2026-08-12,A,2327,0.0,12515,D,non_derivative,Common Stock,,,,
1604778,2026-08-13,QRVO,BRUNER JUDY,isDirector,0001977249-26-000111,2026-08-12,A,2327,0.0,12526,D,non_derivative,Common Stock,,,,
1604778,2026-08-13,QRVO,RHINES WALDEN C,isDirector,0001977249-26-000117,2026-08-12,A,2327,0.0,74065,D,non_derivative,Common Stock,,,,
1604778,2026-08-13,QRVO,LOWE ALAN S,isDirector,0001977249-26-000115,2026-08-12,A,2327,0.0,7233,D,non_derivative,Common Stock,,,,
1604778,2026-08-13,QRVO,CLEMMER RICHARD L,isDirector,0001977249-26-000112,2026-08-12,A,2327,0.0,6410,D,non_derivative,Common Stock,,,,
1604778,2026-08-13,QRVO,SPRADLEY SUSAN LOUISE,isDirector,0001977249-26-000118,2026-08-12,A,2327,0.0,14351,D,non_derivative,Common Stock,,,,
0001604778,2026-08-18,QRVO,Chesley Philip,isOfficer,0001977249-26-000120,2026-08-17,S,5487,97.5,44021,D,non_derivative,Common Stock,,,,
0001604778,2026-08-18,QRVO,Brown Grant,isOfficer,0001977249-26-000119,2026-08-17,S,5179,97.5,49268,D,non_derivative,Common Stock,,,,
