cik,filingDate,issuerTradingSymbol,reportingOwnerName,reportingOwnerRelationship,accessionNumber,transactionDate,transactionCode,transactionShares,transactionPricePerShare,sharesOwnedFollowingTransaction,directOrIndirectOwnership,transactionType,securityTitle,underlyingSecurityTitle,underlyingSecurityShares,exercisePrice,expirationDate
872589,2016-12-19,REGN,Powchik Peter,,0001237899-16-000089,2016-05-16,G,2459,0.0,2459,I,,,,,,
872589,2016-12-19,REGN,YANCOPOULOS GEORGE,,0001237899-16-000087,2016-12-15,M,195079,20.32,697000,D,,,,,,
872589,2016-12-19,REGN,YANCOPOULOS GEORGE,,0001237899-16-000087,2016-12-15,F,10429,380.09,686571,D,,,,,,
872589,2016-12-19,REGN,YANCOPOULOS GEORGE,,0001237899-16-000087,2016-07-21,G,500000,0.0,500000,I,,,,,,
872589,2016-12-19,REGN,SCHLEIFER LEONARD S,,0001237899-16-000086,2016-12-15,M,250000,20.32,292806,D,,,,,,
872589,2016-12-19,REGN,SCHLEIFER LEONARD S,,0001237899-16-000086,2016-12-15,F,13365,380.09,279441,D,,,,,,
872589,2016-12-20,REGN,VAGELOS P ROY,,0001237899-16-000095,2016-11-22,G,59788,0.0,414156,D,,,,,,
872589,2016-12-20,REGN,STAHL NEIL,,0001237899-16-000094,2016-02-19,G,1500,0.0,40470,D,,,,,,
872589,2016-12-20,REGN,STAHL NEIL,,0001237899-16-000094,2016-11-07,G,7876,0.0,23950,D,,,,,,
872589,2017-01-04,REGN,SING GEORGE L,,0001237899-17-000002,2017-01-03,M,7000,19.69,119772,D,,,,,,
872589,2017-01-13,REGN,Sanofi,isTenPercentOwner,0001140361-17-001832,2017-01-11,P,1592,362.4664,23419988,I,,,,,,
872589,2017-03-30,REGN,BROWN MICHAEL S,,0001237899-17-000015,2017-03-29,M,1000,177.82,1000,D,,,,,,
872589,2017-03-30,REGN,BROWN MICHAEL S,,0001237899-17-000015,2017-03-29,S,1000,400.0,0,D,,,,,,
872589,2017-05-15,REGN,BROWN MICHAEL S,,0001237899-17-000016,2017-05-12,M,3000,177.82,3000,D,,,,,,
872589,2017-05-15,REGN,BROWN MICHAEL S,,0001237899-17-000016,2017-05-12,S,3000,450.0,0,D,,,,,,
872589,2017-05-26,REGN,VAGELOS P ROY,,0001237899-17-000017,2017-05-25,S,3510,457.58,89437,I,,,,,,
872589,2017-05-26,REGN,VAGELOS P ROY,,0001237899-17-000017,2017-04-03,G,547,0.0,150707,I,,,,,,
872589,2017-05-26,REGN,VAGELOS P ROY,,0001237899-17-000017,2017-01-03,G,571,0.0,151254,I,,,,,,
872589,2017-06-05,REGN,STAHL NEIL,,0001708138-17-000002,2017-06-01,M,4527,268.4,28477,D,,,,,,
872589,2017-06-05,REGN,STAHL NEIL,,0001708138-17-000002,2017-06-01,F,2612,464.98,25865,D,,,,,,
872589,2017-06-05,REGN,STAHL NEIL,,0001708138-17-000002,2017-06-02,S,100,466.33,26662,D,,,,,,
872589,2017-06-06,REGN,Sanofi,isTenPercentOwner,0001140361-17-023988,2017-06-02,P,402,466.3828,23506096,I,,,,,,
872589,2017-06-13,REGN,GOLDSTEIN JOSEPH L,,0001237899-17-000018,2017-06-09,M,1000,273.67,14000,D,,,,,,
872589,2017-06-13,REGN,GOLDSTEIN JOSEPH L,,0001237899-17-000018,2017-06-09,S,1000,482.55,13000,D,,,,,,
872589,2017-06-14,REGN,BROWN MICHAEL S,,0001708138-17-000003,2017-06-12,S,100,472.04,1900,D,,,,,,
872589,2017-06-14,REGN,BROWN MICHAEL S,,0001708138-17-000003,2017-06-12,M,2000,177.82,2000,D,,,,,,
872589,2017-06-16,REGN,STAHL NEIL,,0001708138-17-000005,2017-06-14,M,20295,21.25,44245,D,,,,,,
872589,2017-06-16,REGN,STAHL NEIL,,0001708138-17-000005,2017-06-14,F,906,475.56,43339,D,,,,,,
872589,2017-06-16,REGN,STAHL NEIL,,0001708138-17-000005,2017-06-15,S,500,462.72,32017,D,,,,,,
872589,2017-06-19,REGN,Terifay Robert J,,0001708138-17-000007,2017-06-15,M,48750,52.03,72043,D,,,,,,
872589,2017-06-19,REGN,Terifay Robert J,,0001708138-17-000007,2017-06-15,F,5411,468.69,66632,D,,,,,,
872589,2017-06-19,REGN,Terifay Robert J,,0001708138-17-000007,2017-06-16,S,21147,468.19,23293,D,,,,,,
872589,2017-06-21,REGN,BROWN MICHAEL S,,0001708138-17-000008,2017-06-20,S,3000,500.0,0,D,,,,,,
872589,2017-06-21,REGN,BROWN MICHAEL S,,0001708138-17-000008,2017-06-20,M,3000,177.82,3000,D,,,,,,
872589,2017-06-21,REGN,GOLDSTEIN JOSEPH L,,0001708138-17-000009,2017-06-20,S,1000,500.01,13000,D,,,,,,
872589,2017-06-21,REGN,GOLDSTEIN JOSEPH L,,0001708138-17-000009,2017-06-20,M,1000,273.67,14000,D,,,,,,
872589,2017-06-23,REGN,Aberman Michael S,,0001708138-17-000011,2017-06-21,M,4500,30.63,9193,D,,,,,,
872589,2017-06-23,REGN,Aberman Michael S,,0001708138-17-000011,2017-06-22,S,395,525.21,6567,D,,,,,,
872589,2017-06-23,REGN,Aberman Michael S,,0001708138-17-000011,2017-06-21,F,270,510.02,8923,D,,,,,,
872589,2017-06-23,REGN,STAHL NEIL,,0001708138-17-000010,2017-06-22,S,100,521.7,32156,D,,,,,,
872589,2017-06-23,REGN,STAHL NEIL,,0001708138-17-000010,2017-06-21,F,1201,510.02,42749,D,,,,,,
872589,2017-06-23,REGN,STAHL NEIL,,0001708138-17-000010,2017-06-21,M,20000,30.63,43950,D,,,,,,
872589,2017-08-09,REGN,Landry Robert E,,0001237899-17-000019,2017-08-07,M,2000,272.7,9099,D,,,,,,
872589,2017-08-09,REGN,Landry Robert E,,0001237899-17-000019,2017-08-07,F,1167,466.98,7932,D,,,,,,
872589,2017-08-09,REGN,Landry Robert E,,0001237899-17-000019,2017-08-08,S,100,469.91,7525,D,,,,,,
872589,2017-08-11,REGN,Terifay Robert J,,0001708138-17-000013,2017-08-10,M,1921,52.03,25214,D,,,,,,
872589,2017-08-18,REGN,VAGELOS P ROY,,0001708138-17-000015,2017-08-16,G,84613,0.0,329543,D,,,,,,
872589,2017-08-18,REGN,VAGELOS P ROY,,0001708138-17-000015,2017-08-17,S,1305,470.0,388656,D,,,,,,
872589,2017-08-18,REGN,VAGELOS P ROY,,0001708138-17-000015,2017-08-16,F,7159,471.41,476353,D,,,,,,
872589,2017-08-18,REGN,VAGELOS P ROY,,0001708138-17-000015,2017-08-16,S,10986,470.17,389961,D,,,,,,
872589,2017-08-18,REGN,VAGELOS P ROY,,0001708138-17-000015,2017-08-16,M,153969,21.92,483512,D,,,,,,
872589,2017-08-18,REGN,VAGELOS P ROY,,0001708138-17-000015,2017-08-18,S,2900,470.15,385756,D,,,,,,
872589,2017-08-18,REGN,VAGELOS P ROY,,0001708138-17-000015,2017-07-03,G,422,0.0,150285,I,,,,,,
872589,2017-08-23,REGN,VAGELOS P ROY,,0001708138-17-000017,2017-08-21,S,22118,470.23,363638,D,,,,,,
872589,2017-08-23,REGN,VAGELOS P ROY,,0001708138-17-000017,2017-08-22,S,400,470.64,361087,D,,,,,,
872589,2017-08-24,REGN,Landry Robert E,,0001708138-17-000019,2017-08-22,M,2000,272.7,9099,D,,,,,,
872589,2017-08-24,REGN,Landry Robert E,,0001708138-17-000019,2017-08-22,F,1144,476.1,7955,D,,,,,,
872589,2017-08-24,REGN,Landry Robert E,,0001708138-17-000019,2017-08-23,S,100,474.14,7467,D,,,,,,
872589,2017-08-25,REGN,Sanofi,isTenPercentOwner,0001140361-17-033310,2017-08-24,P,2633,474.8578,23704972,I,,,,,,
872589,2017-08-25,REGN,Sanofi,isTenPercentOwner,0001140361-17-033310,2017-08-23,P,1900,475.9732,23643644,I,,,,,,
872589,2017-08-29,REGN,Sanofi,isTenPercentOwner,0001140361-17-033562,2017-08-25,P,3684,479.1912,23811843,I,,,,,,
872589,2017-09-01,REGN,Landry Robert E,,0001708138-17-000021,2017-08-30,M,2000,272.7,9099,D,,,,,,
872589,2017-09-01,REGN,Landry Robert E,,0001708138-17-000021,2017-08-30,F,1119,486.91,7980,D,,,,,,
872589,2017-09-01,REGN,Landry Robert E,,0001708138-17-000021,2017-08-31,S,100,487.88,7426,D,,,,,,
872589,2017-09-06,REGN,Landry Robert E,,0001237899-17-000021,2017-09-01,M,3000,272.7,10099,D,,,,,,
872589,2017-09-06,REGN,Landry Robert E,,0001237899-17-000021,2017-09-01,F,1631,501.29,8468,D,,,,,,
872589,2017-09-06,REGN,Landry Robert E,,0001237899-17-000021,2017-09-05,S,100,500.33,7662,D,,,,,,
872589,2017-09-06,REGN,Landry Robert E,,0001237899-17-000021,2017-09-06,S,100,496.51,7473,D,,,,,,
872589,2017-10-03,REGN,BAKER CHARLES A,,0001237899-17-000023,2017-09-29,S,2000,450.0,9000,D,,,,,,
872589,2017-10-03,REGN,BAKER CHARLES A,,0001237899-17-000023,2017-09-29,M,2000,18.61,11000,D,,,,,,
872589,2017-10-05,REGN,BROWN MICHAEL S,,0001237899-17-000024,2017-10-05,M,1500,177.82,1500,D,,,,,,
872589,2017-10-05,REGN,BROWN MICHAEL S,,0001237899-17-000024,2017-10-05,S,1500,475.0,0,D,,,,,,
872589,2017-12-13,REGN,SCHLEIFER LEONARD S,,0001237899-17-000033,2017-12-13,M,250000,21.92,407409,D,,,,,,
872589,2017-12-13,REGN,SCHLEIFER LEONARD S,,0001237899-17-000033,2017-12-13,F,14230,385.08,393179,D,,,,,,
872589,2017-12-13,REGN,YANCOPOULOS GEORGE,,0001237899-17-000032,2017-12-13,M,195438,21.92,786786,D,,,,,,
872589,2017-12-13,REGN,YANCOPOULOS GEORGE,,0001237899-17-000032,2017-12-13,F,11124,385.08,775662,D,,,,,,
872589,2017-12-13,REGN,VAGELOS P ROY,,0001237899-17-000028,2017-12-11,M,153969,21.92,483512,D,,,,,,
872589,2017-12-13,REGN,VAGELOS P ROY,,0001237899-17-000028,2017-12-11,F,8805,383.29,474707,D,,,,,,
872589,2017-12-13,REGN,VAGELOS P ROY,,0001237899-17-000028,2017-10-03,G,477,0.0,149808,I,,,,,,
872589,2017-12-13,REGN,VAGELOS P ROY,,0001237899-17-000028,2017-11-07,G,91,0.0,149717,I,,,,,,
872589,2017-12-20,REGN,YANCOPOULOS GEORGE,,0001237899-17-000034,2017-12-18,F,257850,386.9,422762,D,,,,,,
872589,2018-01-03,REGN,SING GEORGE L,,0001708138-18-000002,2018-01-02,M,15000,23.84,134772,D,,,,,,
872589,2018-01-17,REGN,Fenimore Christopher R.,,0001237899-18-000007,2018-01-16,M,150,21.25,150,D,,,,,,
872589,2018-02-12,REGN,McCourt Marion,,0001237899-18-000010,2018-02-12,A,2500,0.0,2500,D,,,,,,
872589,2018-02-13,REGN,GOLDSTEIN JOSEPH L,,0001237899-18-000011,2018-02-09,S,1000,325.6,12000,D,,,,,,
872589,2018-03-14,REGN,GOLDSTEIN JOSEPH L,,0001237899-18-000012,2018-03-14,M,2000,57.11,14000,D,,,,,,
872589,2018-03-14,REGN,GOLDSTEIN JOSEPH L,,0001237899-18-000012,2018-03-14,S,2000,340.0,12000,D,,,,,,
872589,2018-03-19,REGN,GOLDSTEIN JOSEPH L,,0001237899-18-000013,2018-03-19,M,2000,57.11,14000,D,,,,,,
872589,2018-03-19,REGN,GOLDSTEIN JOSEPH L,,0001237899-18-000013,2018-03-19,S,2000,350.02,12000,D,,,,,,
872589,2018-05-11,REGN,SING GEORGE L,,0001708138-18-000006,2018-05-09,S,7000,285.29,127772,D,,,,,,
872589,2018-05-11,REGN,SING GEORGE L,,0001708138-18-000006,2018-05-10,S,3000,285.0,124772,D,,,,,,
872589,2018-05-25,REGN,STAHL NEIL,,0001708138-18-000007,2018-05-23,M,26736,30.63,58709,D,,,,,,
872589,2018-05-25,REGN,STAHL NEIL,,0001708138-18-000007,2018-05-23,F,15329,293.68,43380,D,,,,,,
872589,2018-05-25,REGN,STAHL NEIL,,0001708138-18-000007,2018-05-24,S,11407,295.09,31973,D,,,,,,
872589,2018-06-11,REGN,Sanofi,isTenPercentOwner,0001140361-18-028055,2018-06-08,S,121601,309.3057,23758936,I,,,,,,
872589,2018-06-22,REGN,VAGELOS P ROY,,0001708138-18-000009,2018-01-02,G,557,0.0,149160,I,,,,,,
872589,2018-06-22,REGN,VAGELOS P ROY,,0001708138-18-000009,2018-06-20,F,78564,333.07,474557,D,,,,,,
872589,2018-06-22,REGN,VAGELOS P ROY,,0001708138-18-000009,2018-06-21,S,400,323.97,474157,D,,,,,,
872589,2018-06-22,REGN,VAGELOS P ROY,,0001708138-18-000009,2018-06-20,M,153274,16.8,553121,D,,,,,,
872589,2018-06-22,REGN,VAGELOS P ROY,,0001708138-18-000009,2018-04-02,G,616,0.0,148544,I,,,,,,
872589,2018-07-09,REGN,GOLDSTEIN JOSEPH L,,0001708138-18-000011,2018-07-06,M,2000,57.11,14000,D,,,,,,
872589,2018-07-09,REGN,GOLDSTEIN JOSEPH L,,0001708138-18-000011,2018-07-06,S,2000,370.0,12000,D,,,,,,
872589,2018-07-09,REGN,GOLDSTEIN JOSEPH L,,0001708138-18-000011,2018-07-05,M,2000,57.11,14000,D,,,,,,
872589,2018-07-09,REGN,GOLDSTEIN JOSEPH L,,0001708138-18-000011,2018-07-05,S,2000,360.0,12000,D,,,,,,
872589,2018-07-11,REGN,VAGELOS P ROY,,0001708138-18-000013,2018-07-09,M,153274,16.8,553121,D,,,,,,
872589,2018-07-11,REGN,VAGELOS P ROY,,0001708138-18-000013,2018-07-09,F,78604,370.52,474517,D,,,,,,
872589,2018-07-11,REGN,VAGELOS P ROY,,0001708138-18-000013,2018-07-10,S,900,364.75,473617,D,,,,,,
872589,2018-07-11,REGN,VAGELOS P ROY,,0001708138-18-000013,2018-07-06,G,610,0.0,147934,I,,,,,,
872589,2018-08-03,REGN,GOLDSTEIN JOSEPH L,,0001708138-18-000015,2018-08-02,M,2000,57.11,14000,D,,,,,,
872589,2018-08-03,REGN,GOLDSTEIN JOSEPH L,,0001708138-18-000015,2018-08-02,S,2000,380.0,12000,D,,,,,,
872589,2018-08-21,REGN,VAGELOS P ROY,,0001237899-18-000014,2018-08-20,M,210,21.25,400057,D,,,,,,
872589,2018-08-21,REGN,VAGELOS P ROY,,0001237899-18-000014,2018-08-20,F,108,374.46,399949,D,,,,,,
872589,2018-08-23,REGN,BROWN MICHAEL S,,0001708138-18-000017,2018-08-22,M,1500,177.82,1500,D,,,,,,
872589,2018-08-23,REGN,BROWN MICHAEL S,,0001708138-18-000017,2018-08-22,S,1500,380.49,0,D,,,,,,
872589,2018-08-23,REGN,BROWN MICHAEL S,,0001708138-18-000017,2018-03-19,G,5000,0.0,5000,I,,,,,,
872589,2018-08-31,REGN,Fenimore Christopher R.,,0001708138-18-000019,2018-08-30,M,50,21.25,200,D,,,,,,
872589,2018-09-10,REGN,Sanofi,isTenPercentOwner,0001140361-18-038175,2018-09-06,S,104552,406.6804,23654384,I,,,,,,
872589,2018-09-11,REGN,Landry Robert E,,0001708138-18-000021,2018-09-10,F,2251,395.29,4848,D,,,,,,
872589,2018-09-25,REGN,GOLDSTEIN JOSEPH L,,0001708138-18-000022,2018-09-24,M,1000,273.67,13000,D,,,,,,
872589,2018-09-25,REGN,GOLDSTEIN JOSEPH L,,0001708138-18-000022,2018-09-24,S,1000,390.0,12000,D,,,,,,
872589,2018-09-28,REGN,BROWN MICHAEL S,,0001237899-18-000016,2018-09-27,M,2000,273.67,2000,D,,,,,,
872589,2018-09-28,REGN,BROWN MICHAEL S,,0001237899-18-000016,2018-09-27,S,389,390.23,1611,D,,,,,,
872589,2018-10-01,REGN,GOLDSTEIN JOSEPH L,,0001708138-18-000024,2018-09-27,M,2000,273.67,14000,D,,,,,,
872589,2018-10-01,REGN,GOLDSTEIN JOSEPH L,,0001708138-18-000024,2018-09-27,S,2000,400.0,12000,D,,,,,,
872589,2018-10-01,REGN,GOLDSTEIN JOSEPH L,,0001708138-18-000024,2018-09-28,M,709,273.67,12709,D,,,,,,
872589,2018-10-01,REGN,GOLDSTEIN JOSEPH L,,0001708138-18-000024,2018-09-28,S,709,410.0,12000,D,,,,,,
872589,2018-12-14,REGN,Fenimore Christopher R.,,0001237899-18-000021,2018-08-30,G,50,0.0,1421,D,,,,,,
872589,2018-12-14,REGN,YANCOPOULOS GEORGE,,0001104659-18-073103,2018-07-24,G,299134,0.0,24643,I,,,,,,
872589,2018-12-14,REGN,SCHLEIFER LEONARD S,,0001237899-18-000022,2018-12-13,F,96079,377.31,363014,D,,,,,,
872589,2018-12-14,REGN,Landry Robert E,,0001237899-18-000019,2018-12-12,A,12500,0.0,17348,D,,,,,,
872589,2018-12-14,REGN,Fenimore Christopher R.,,0001237899-18-000021,2018-10-25,G,2950,0.0,1397,I,,,,,,
872589,2018-12-14,REGN,Fenimore Christopher R.,,0001237899-18-000021,2018-12-12,A,5000,0.0,6421,D,,,,,,
872589,2018-12-14,REGN,YANCOPOULOS GEORGE,,0001104659-18-073103,2018-08-22,G,3211,0.0,484777,I,,,,,,
872589,2018-12-14,REGN,YANCOPOULOS GEORGE,,0001104659-18-073103,2018-08-03,G,101187,0.0,75036,I,,,,,,
872589,2018-12-14,REGN,YANCOPOULOS GEORGE,,0001104659-18-073103,2018-11-16,G,1176,0.0,483601,I,,,,,,
872589,2018-12-14,REGN,SCHLEIFER LEONARD S,,0001237899-18-000022,2018-12-13,M,187500,16.8,459093,D,,,,,,
872589,2018-12-14,REGN,YANCOPOULOS GEORGE,,0001104659-18-073103,2018-02-16,G,400000,0.0,86820,I,,,,,,
872589,2018-12-14,REGN,YANCOPOULOS GEORGE,,0001104659-18-073103,2017-08-03,G,176223,0.0,176223,I,,,,,,
872589,2018-12-14,REGN,VAGELOS P ROY,,0001237899-18-000023,2018-10-04,G,521,0.0,147413,I,,,,,,
872589,2018-12-14,REGN,YANCOPOULOS GEORGE,,0001104659-18-073103,2018-11-01,G,24643,0.0,0,I,,,,,,
872589,2018-12-14,REGN,YANCOPOULOS GEORGE,,0001104659-18-073103,2017-12-19,G,242150,0.0,847,D,,,,,,
872589,2018-12-14,REGN,YANCOPOULOS GEORGE,,0001104659-18-073103,2016-12-16,G,89427,0.0,500000,D,,,,,,
872589,2018-12-14,REGN,McCourt Marion,,0001708138-18-000030,2018-12-12,A,10000,0.0,12500,D,,,,,,
872589,2018-12-14,REGN,YANCOPOULOS GEORGE,,0001104659-18-073103,2015-11-02,G,43348,0.0,500000,D,,,,,,
872589,2018-12-14,REGN,YANCOPOULOS GEORGE,,0001104659-18-073103,2017-12-14,G,89264,0.0,500847,D,,,,,,
872589,2018-12-14,REGN,YANCOPOULOS GEORGE,,0001104659-18-073103,2015-12-17,G,1921,0.0,500000,D,,,,,,
872589,2018-12-14,REGN,VAGELOS P ROY,,0001237899-18-000023,2018-11-15,G,19202,0.0,331038,D,,,,,,
872589,2018-12-14,REGN,VAGELOS P ROY,,0001237899-18-000023,2018-11-13,G,37209,0.0,350240,D,,,,,,
872589,2018-12-14,REGN,VAGELOS P ROY,,0001237899-18-000023,2018-08-29,G,12500,0.0,387449,D,,,,,,
872589,2018-12-14,REGN,VAGELOS P ROY,,0001237899-18-000023,2018-12-12,S,6,382.32,2304,I,,,,,,
872589,2018-12-14,REGN,YANCOPOULOS GEORGE,,0001104659-18-073103,2017-07-21,G,176223,0.0,323777,I,,,,,,
872589,2018-12-14,REGN,VAGELOS P ROY,,0001237899-18-000023,2018-11-16,G,16161,0.0,314877,D,,,,,,
872589,2018-12-14,REGN,YANCOPOULOS GEORGE,,0001104659-18-073103,2018-08-21,G,847,0.0,0,D,,,,,,
872589,2018-12-17,REGN,YANCOPOULOS GEORGE,,0001237899-18-000024,2018-12-13,M,150000,16.8,150000,D,,,,,,
872589,2018-12-17,REGN,YANCOPOULOS GEORGE,,0001237899-18-000024,2018-12-13,F,76863,377.31,73137,D,,,,,,
872589,2018-12-17,REGN,YANCOPOULOS GEORGE,,0001237899-18-000024,2018-12-13,G,118993,0.0,0,D,,,,,,
872589,2018-12-20,REGN,Fenimore Christopher R.,,0001237899-18-000026,2018-12-20,M,675,21.25,8944,D,,,,,,
872589,2018-12-20,REGN,Fenimore Christopher R.,,0001237899-18-000026,2018-12-20,S,100,355.14,8844,D,,,,,,
872589,2018-12-20,REGN,Fenimore Christopher R.,,0001237899-18-000026,2018-12-19,M,3450,52.03,9871,D,,,,,,
872589,2018-12-20,REGN,Fenimore Christopher R.,,0001237899-18-000026,2018-12-19,F,1602,364.42,8269,D,,,,,,
872589,2019-01-04,REGN,Tessier-Lavigne Marc,,0001708138-19-000004,2019-01-02,A,323,0.0,1510,D,,,,,,
872589,2019-01-04,REGN,Bassler Bonnie L,,0001708138-19-000005,2019-01-02,A,323,0.0,323,D,,,,,,
872589,2019-01-04,REGN,RYAN ARTHUR F,,0001237899-19-000001,2019-01-02,A,323,0.0,28823,D,,,,,,
872589,2019-01-04,REGN,SING GEORGE L,,0001237899-19-000004,2019-01-02,A,323,0.0,115095,D,,,,,,
872589,2019-01-04,REGN,Zoghbi Huda Y,,0001708138-19-000006,2019-01-02,A,323,0.0,323,D,,,,,,
872589,2019-01-04,REGN,RYAN ARTHUR F,,0001237899-19-000001,2018-08-21,G,2500,0.0,28500,D,,,,,,
872589,2019-01-04,REGN,GOLDSTEIN JOSEPH L,,0001237899-19-000003,2019-01-02,A,323,0.0,12323,D,,,,,,
872589,2019-01-04,REGN,POON CHRISTINE A,,0001237899-19-000005,2019-01-02,A,323,0.0,1113,D,,,,,,
872589,2019-01-04,REGN,BROWN MICHAEL S,,0001237899-19-000006,2019-01-02,A,323,0.0,323,D,,,,,,
872589,2019-01-04,REGN,COLES N ANTHONY,,0001237899-19-000002,2019-01-02,A,323,0.0,323,D,,,,,,
872589,2019-01-04,REGN,RYAN ARTHUR F,,0001237899-19-000001,2018-02-14,G,1000,0.0,31000,D,,,,,,
872589,2019-01-11,REGN,GOLDSTEIN JOSEPH L,,0001237899-19-000007,2019-01-10,M,1791,273.67,14114,D,,,,,,
872589,2019-01-11,REGN,GOLDSTEIN JOSEPH L,,0001237899-19-000007,2019-01-10,S,1791,410.0,12323,D,,,,,,
872589,2019-01-18,REGN,Fenimore Christopher R.,,0001237899-19-000008,2019-01-18,M,150,21.25,7246,D,,,,,,
872589,2019-01-18,REGN,Fenimore Christopher R.,,0001237899-19-000008,2019-01-18,G,150,0.0,7096,D,,,,,,
872589,2019-03-12,REGN,Sanofi,isTenPercentOwner,0001140361-19-004808,2019-03-08,S,131115,412.1673,20723717,D,,,,,,
872589,2019-03-22,REGN,SCHLEIFER LEONARD S,,0001708138-19-000008,2019-03-21,M,100,21.25,424062,D,,,,,,
872589,2019-04-18,REGN,Fenimore Christopher R.,,0001237899-19-000011,2019-04-18,G,350,0.0,7096,D,,,,,,
872589,2019-04-18,REGN,Fenimore Christopher R.,,0001237899-19-000011,2019-04-18,M,350,21.25,7446,D,,,,,,
872589,2019-05-15,REGN,STAHL NEIL,,0001237899-19-000012,2019-05-14,S,6575,305.43,25728,D,,,,,,
872589,2019-05-15,REGN,STAHL NEIL,,0001237899-19-000012,2019-05-13,F,15147,304.2,32303,D,,,,,,
872589,2019-05-15,REGN,GOLDSTEIN JOSEPH L,,0001237899-19-000013,2019-05-15,S,1000,305.93,11323,D,,,,,,
872589,2019-05-15,REGN,STAHL NEIL,,0001237899-19-000012,2019-05-13,M,25000,52.03,47450,D,,,,,,
872589,2019-05-29,REGN,VAGELOS P ROY,,0001237899-19-000016,2019-05-24,M,153792,21.25,468669,D,,,,,,
872589,2019-05-29,REGN,VAGELOS P ROY,,0001237899-19-000016,2019-05-24,F,80164,313.64,388505,D,,,,,,
872589,2019-05-29,REGN,VAGELOS P ROY,,0001237899-19-000016,2019-01-03,G,569,0.0,146844,I,,,,,,
872589,2019-05-29,REGN,VAGELOS P ROY,,0001237899-19-000016,2019-04-15,G,514,0.0,146330,I,,,,,,
872589,2019-09-12,REGN,Sanofi,isTenPercentOwner,0001140361-19-016600,2019-09-10,S,172904,281.1491,20550813,D,,,,,,
872589,2019-11-08,REGN,GOLDSTEIN JOSEPH L,,0001237899-19-000018,2019-11-08,S,1000,340.44,10323,D,,,,,,
872589,2019-11-12,REGN,STAHL NEIL,,0001708138-19-000010,2019-05-24,G,1300,0.0,21150,D,,,,,,
872589,2019-11-12,REGN,STAHL NEIL,,0001708138-19-000010,2019-11-08,S,100,330.56,29719,D,,,,,,
872589,2019-11-13,REGN,BROWN MICHAEL S,,0001708138-19-000012,2019-11-12,G,1000,0.0,11349,I,,,,,,
872589,2019-11-13,REGN,BROWN MICHAEL S,,0001708138-19-000012,2019-11-12,S,4500,349.0,323,D,,,,,,
872589,2019-11-13,REGN,BROWN MICHAEL S,,0001708138-19-000012,2019-11-12,M,4500,273.67,4823,D,,,,,,
872589,2019-11-22,REGN,GOLDSTEIN JOSEPH L,,0001237899-19-000020,2019-11-21,M,1000,33.42,11323,D,,,,,,
872589,2019-11-22,REGN,GOLDSTEIN JOSEPH L,,0001237899-19-000020,2019-11-21,S,1000,350.0,10323,D,,,,,,
872589,2019-11-22,REGN,GOLDSTEIN JOSEPH L,,0001237899-19-000020,2019-11-22,M,1000,33.42,11323,D,,,,,,
872589,2019-11-22,REGN,GOLDSTEIN JOSEPH L,,0001237899-19-000020,2019-11-22,S,1000,360.0,10323,D,,,,,,
872589,2019-11-26,REGN,VAGELOS P ROY,,0001237899-19-000024,2019-11-22,G,14000,0.0,348727,D,,,,,,
872589,2019-11-26,REGN,VAGELOS P ROY,,0001237899-19-000024,2019-11-22,F,23989,358.33,362727,D,,,,,,
872589,2019-11-26,REGN,VAGELOS P ROY,,0001237899-19-000024,2019-07-02,G,669,0.0,145661,I,,,,,,
872589,2019-11-26,REGN,VAGELOS P ROY,,0001237899-19-000024,2019-11-25,S,156,358.92,326478,D,,,,,,
872589,2019-11-26,REGN,VAGELOS P ROY,,0001237899-19-000024,2019-10-02,G,764,0.0,144897,I,,,,,,
872589,2019-11-26,REGN,VAGELOS P ROY,,0001237899-19-000024,2019-11-25,G,22093,0.0,326634,D,,,,,,
872589,2019-11-26,REGN,STAHL NEIL,,0001237899-19-000025,2019-11-25,M,10000,52.03,32455,D,,,,,,
872589,2019-11-26,REGN,STAHL NEIL,,0001237899-19-000025,2019-11-26,S,1422,363.58,25039,D,,,,,,
872589,2019-11-26,REGN,STAHL NEIL,,0001237899-19-000025,2019-11-25,F,5994,362.75,26461,D,,,,,,
872589,2019-11-26,REGN,VAGELOS P ROY,,0001237899-19-000024,2019-11-22,M,46138,21.25,386716,D,,,,,,
872589,2019-11-26,REGN,VAGELOS P ROY,,0001237899-19-000024,2019-11-21,G,7246,0.0,340578,D,,,,,,
872589,2019-11-26,REGN,VAGELOS P ROY,,0001237899-19-000024,2019-11-14,G,40681,0.0,347824,D,,,,,,
872589,2019-12-02,REGN,GOLDSTEIN JOSEPH L,,0001237899-19-000027,2019-11-27,M,1000,33.42,11323,D,,,,,,
872589,2019-12-02,REGN,GOLDSTEIN JOSEPH L,,0001237899-19-000027,2019-11-27,S,1000,370.0,10323,D,,,,,,
872589,2019-12-13,REGN,YANCOPOULOS GEORGE,,0000930413-19-003028,2019-11-14,G,2366,0.0,325989,I,,,,,,
872589,2019-12-13,REGN,LAROSA JOSEPH J,,0001237899-19-000035,2019-12-11,A,2625,0.0,14438,D,,,,,,
872589,2019-12-13,REGN,BROWN MICHAEL S,,0001237899-19-000034,2019-12-13,M,4000,273.67,4323,D,,,,,,
872589,2019-12-13,REGN,Landry Robert E,,0001237899-19-000033,2019-12-11,A,2625,0.0,19973,D,,,,,,
872589,2019-12-13,REGN,SCHLEIFER LEONARD S,,0001237899-19-000031,2019-12-12,F,64754,377.16,384208,D,,,,,,
872589,2019-12-13,REGN,BROWN MICHAEL S,,0001237899-19-000034,2019-12-13,S,1015,372.75,3308,D,,,,,,
872589,2019-12-13,REGN,YANCOPOULOS GEORGE,,0000930413-19-003028,2019-06-13,G,500000,0.0,500000,I,,,,,,
872589,2019-12-13,REGN,McCourt Marion,,0001237899-19-000030,2019-12-11,A,1463,0.0,13963,D,,,,,,
872589,2019-12-13,REGN,STAHL NEIL,,0001237899-19-000029,2019-12-11,A,2625,0.0,11380,D,,,,,,
872589,2019-12-13,REGN,SCHLEIFER LEONARD S,,0001237899-19-000031,2019-12-12,M,124900,21.25,448962,D,,,,,,
872589,2019-12-13,REGN,MURPHY ANDREW J,,0001237899-19-000036,2019-12-11,A,2625,0.0,47951,D,,,,,,
872589,2019-12-13,REGN,Van Plew Daniel P,,0001237899-19-000032,2019-12-11,A,2625,0.0,23251,D,,,,,,
872589,2019-12-13,REGN,Fenimore Christopher R.,,0001237899-19-000038,2019-12-12,M,3100,52.03,15297,D,,,,,,
872589,2019-12-13,REGN,YANCOPOULOS GEORGE,,0000930413-19-003028,2019-12-12,F,49405,377.16,371876,D,,,,,,
872589,2019-12-13,REGN,Fenimore Christopher R.,,0001237899-19-000038,2019-12-11,A,1020,0.0,9697,D,,,,,,
872589,2019-12-13,REGN,YANCOPOULOS GEORGE,,0000930413-19-003028,2019-12-12,M,95295,21.25,421281,D,,,,,,
872589,2019-12-13,REGN,YANCOPOULOS GEORGE,,0000930413-19-003028,2019-02-19,G,150722,0.0,249278,I,,,,,,
872589,2019-12-13,REGN,VAGELOS P ROY,,0001237899-19-000037,2019-12-13,S,632,373.26,355695,D,,,,,,
872589,2019-12-13,REGN,VAGELOS P ROY,,0001237899-19-000037,2019-12-12,F,55813,377.16,356327,D,,,,,,
872589,2019-12-13,REGN,YANCOPOULOS GEORGE,,0000930413-19-003028,2019-08-05,G,75036,0.0,0,I,,,,,,
872589,2019-12-13,REGN,YANCOPOULOS GEORGE,,0000930413-19-003028,2019-11-18,G,325986,0.0,325986,D,,,,,,
872589,2019-12-13,REGN,VAGELOS P ROY,,0001237899-19-000037,2019-12-12,M,107655,21.25,412140,D,,,,,,
872589,2019-12-13,REGN,Fenimore Christopher R.,,0001237899-19-000038,2019-12-12,F,1418,377.16,13879,D,,,,,,
872589,2019-12-13,REGN,Fenimore Christopher R.,,0001237899-19-000038,2019-12-13,S,191,374.82,13688,D,,,,,,
872589,2019-12-18,REGN,VAGELOS P ROY,,0001237899-19-000039,2019-12-16,I,126,375.31,2200,I,,,,,,
872589,2019-12-23,REGN,Fenimore Christopher R.,,0001708138-19-000014,2019-12-20,M,400,30.63,12597,D,,,,,,
872589,2020-01-06,REGN,Tessier-Lavigne Marc,,0001708138-20-000010,2020-01-02,A,320,0.0,1830,D,,,,,,
872589,2020-01-06,REGN,Zoghbi Huda Y,,0001708138-20-000006,2020-01-02,A,320,0.0,643,D,,,,,,
872589,2020-01-06,REGN,BROWN MICHAEL S,,0001237899-20-000004,2020-01-02,A,320,0.0,643,D,,,,,,
872589,2020-01-06,REGN,SING GEORGE L,,0001237899-20-000001,2020-01-02,S,15000,371.98,115095,D,,,,,,
872589,2020-01-06,REGN,COLES N ANTHONY,,0001708138-20-000002,2020-01-02,A,320,0.0,643,D,,,,,,
872589,2020-01-06,REGN,SING GEORGE L,,0001237899-20-000001,2020-01-02,M,15000,24.41,130095,D,,,,,,
872589,2020-01-06,REGN,GOLDSTEIN JOSEPH L,,0001237899-20-000003,2020-01-02,A,320,0.0,10643,D,,,,,,
872589,2020-01-06,REGN,RYAN ARTHUR F,,0001237899-20-000002,2020-01-02,A,320,0.0,29143,D,,,,,,
872589,2020-01-06,REGN,Bassler Bonnie L,,0001708138-20-000004,2020-01-02,A,320,0.0,643,D,,,,,,
872589,2020-01-06,REGN,POON CHRISTINE A,,0001708138-20-000008,2020-01-02,A,320,0.0,1433,D,,,,,,
872589,2020-01-06,REGN,SING GEORGE L,,0001237899-20-000001,2020-01-02,A,320,0.0,115415,D,,,,,,
872589,2020-01-27,REGN,Fenimore Christopher R.,,0001237899-20-000005,2020-01-24,M,500,30.63,13097,D,,,,,,
872589,2020-01-28,REGN,MURPHY ANDREW J,,0001237899-20-000006,2020-01-27,S,200,336.78,57751,D,,,,,,
872589,2020-02-10,REGN,GOLDSTEIN JOSEPH L,,0001237899-20-000007,2020-02-07,S,1000,382.83,9643,D,,,,,,
872589,2020-02-14,REGN,STAHL NEIL,,0001237899-20-000008,2020-02-12,M,25000,52.03,36380,D,,,,,,
872589,2020-02-14,REGN,Landry Robert E,,0001237899-20-000009,2020-02-13,S,47,398.63,25033,D,,,,,,
872589,2020-02-14,REGN,STAHL NEIL,,0001237899-20-000008,2020-02-13,S,4302,399.8,17356,D,,,,,,
872589,2020-02-14,REGN,STAHL NEIL,,0001237899-20-000008,2020-02-12,F,14722,402.34,21658,D,,,,,,
872589,2020-02-14,REGN,Tessier-Lavigne Marc,,0001237899-20-000010,2020-02-13,M,5000,57.11,6830,D,,,,,,
872589,2020-02-14,REGN,Landry Robert E,,0001237899-20-000009,2020-02-12,F,393,402.34,25080,D,,,,,,
872589,2020-02-14,REGN,Landry Robert E,,0001237899-20-000009,2020-02-12,M,500,272.7,25473,D,,,,,,
872589,2020-02-14,REGN,Tessier-Lavigne Marc,,0001237899-20-000010,2020-02-13,S,5000,400.03,1830,D,,,,,,
872589,2020-02-25,REGN,YANCOPOULOS GEORGE,,0001237899-20-000012,2020-02-24,S,118123,420.17,517799,D,,,,,,
872589,2020-02-25,REGN,BROWN MICHAEL S,,0001237899-20-000011,2020-02-24,M,2000,273.67,2643,D,,,,,,
872589,2020-02-25,REGN,BROWN MICHAEL S,,0001237899-20-000011,2020-02-24,S,1956,419.0,687,D,,,,,,
872589,2020-02-26,REGN,Landry Robert E,,0001708138-20-000012,2020-02-25,F,800,447.3,25387,D,,,,,,
872589,2020-02-26,REGN,Landry Robert E,,0001708138-20-000012,2020-02-25,S,10,438.0,25377,D,,,,,,
872589,2020-02-26,REGN,Landry Robert E,,0001708138-20-000012,2020-02-26,S,10,452.04,25163,D,,,,,,
872589,2020-02-26,REGN,Landry Robert E,,0001708138-20-000012,2020-02-24,F,786,406.59,25187,D,,,,,,
872589,2020-02-26,REGN,Landry Robert E,,0001708138-20-000012,2020-02-25,M,1000,272.7,26187,D,,,,,,
872589,2020-02-26,REGN,Landry Robert E,,0001708138-20-000012,2020-02-24,M,1000,272.7,25973,D,,,,,,
872589,2020-02-27,REGN,Van Plew Daniel P,,0001708138-20-000014,2020-02-25,M,32735,30.63,60986,D,,,,,,
872589,2020-02-27,REGN,Van Plew Daniel P,,0001708138-20-000014,2020-02-25,F,17093,447.3,43893,D,,,,,,
872589,2020-02-27,REGN,Van Plew Daniel P,,0001708138-20-000014,2020-02-26,S,200,451.61,43693,D,,,,,,
872589,2020-02-28,REGN,STAHL NEIL,,0001708138-20-000017,2020-02-26,M,25000,52.03,36380,D,,,,,,
872589,2020-02-28,REGN,STAHL NEIL,,0001708138-20-000017,2020-02-26,F,14651,451.89,21729,D,,,,,,
872589,2020-02-28,REGN,STAHL NEIL,,0001708138-20-000017,2020-02-27,S,209,435.93,21520,D,,,,,,
872589,2020-02-28,REGN,SING GEORGE L,,0001237899-20-000013,2020-02-26,M,2500,33.42,117915,D,,,,,,
872589,2020-02-28,REGN,SING GEORGE L,,0001237899-20-000013,2020-02-26,S,2500,460.0,115415,D,,,,,,
872589,2020-03-10,REGN,GOLDSTEIN JOSEPH L,,0001237899-20-000014,2020-03-09,S,200,468.14,11443,D,,,,,,
872589,2020-03-10,REGN,GOLDSTEIN JOSEPH L,,0001237899-20-000014,2020-03-09,M,2000,33.42,11643,D,,,,,,
872589,2020-03-11,REGN,Sanofi,isTenPercentOwner,0001140361-20-005506,2020-03-09,S,128914,489.6532,20421899,D,,,,,,
872589,2020-03-11,REGN,YANCOPOULOS GEORGE,,0001708138-20-000021,2020-03-09,M,96736,30.63,614535,D,,,,,,
872589,2020-03-11,REGN,YANCOPOULOS GEORGE,,0001708138-20-000021,2020-03-09,F,50545,476.42,563990,D,,,,,,
872589,2020-03-11,REGN,YANCOPOULOS GEORGE,,0001708138-20-000021,2020-03-10,S,1159,461.79,634455,D,,,,,,
872589,2020-04-01,REGN,RYAN ARTHUR F,,0001708138-20-000024,2020-03-30,S,2,462.8,29141,D,,,,,,
872589,2020-04-01,REGN,RYAN ARTHUR F,,0001708138-20-000024,2020-04-01,S,2,477.58,29041,D,,,,,,
872589,2020-04-03,REGN,Landry Robert E,,0001708138-20-000030,2020-04-02,S,69,495.24,25092,D,,,,,,
872589,2020-04-03,REGN,LAROSA JOSEPH J,,0001708138-20-000026,2020-04-02,S,192,484.58,21043,D,,,,,,
872589,2020-04-03,REGN,LAROSA JOSEPH J,,0001708138-20-000026,2020-04-01,F,2757,488.22,16681,D,,,,,,
872589,2020-04-03,REGN,Landry Robert E,,0001708138-20-000030,2020-04-03,S,121,489.5,24935,D,,,,,,
872589,2020-04-03,REGN,Landry Robert E,,0001708138-20-000029,2020-04-01,S,23,478.97,24950,D,,,,,,
872589,2020-04-03,REGN,Landry Robert E,,0001708138-20-000029,2020-04-02,S,139,483.51,26270,D,,,,,,
872589,2020-04-03,REGN,Landry Robert E,,0001708138-20-000029,2020-04-01,F,1936,488.22,24937,D,,,,,,
872589,2020-04-03,REGN,Landry Robert E,,0001708138-20-000029,2020-04-02,M,3000,272.7,28726,D,,,,,,
872589,2020-04-03,REGN,Fenimore Christopher R.,,0001237899-20-000015,2020-04-01,M,1200,30.63,14297,D,,,,,,
872589,2020-04-03,REGN,Fenimore Christopher R.,,0001237899-20-000015,2020-04-01,S,63,478.77,14234,D,,,,,,
872589,2020-04-03,REGN,Landry Robert E,,0001708138-20-000029,2020-04-01,M,2500,272.7,26873,D,,,,,,
872589,2020-04-03,REGN,Landry Robert E,,0001708138-20-000029,2020-04-02,F,2317,492.05,26409,D,,,,,,
872589,2020-04-03,REGN,LAROSA JOSEPH J,,0001708138-20-000026,2020-04-01,M,5000,59.2,19438,D,,,,,,
872589,2020-04-08,REGN,Landry Robert E,,0001708138-20-000032,2020-04-06,M,3000,272.7,27373,D,,,,,,
872589,2020-04-08,REGN,Landry Robert E,,0001708138-20-000032,2020-04-06,F,2304,499.95,25069,D,,,,,,
872589,2020-04-08,REGN,Landry Robert E,,0001708138-20-000032,2020-04-07,S,694,497.5,24375,D,,,,,,
872589,2020-04-13,REGN,Landry Robert E,,0001237899-20-000016,2020-04-09,M,3500,272.7,27873,D,,,,,,
872589,2020-04-13,REGN,Landry Robert E,,0001237899-20-000016,2020-04-09,F,2672,508.25,25201,D,,,,,,
872589,2020-04-13,REGN,Landry Robert E,,0001237899-20-000016,2020-04-13,S,99,505.6,25102,D,,,,,,
872589,2020-04-15,REGN,STAHL NEIL,,0001708138-20-000034,2020-04-14,S,2,517.99,16875,D,,,,,,
872589,2020-04-15,REGN,STAHL NEIL,,0001708138-20-000034,2020-04-13,F,7582,511.56,16877,D,,,,,,
872589,2020-04-15,REGN,STAHL NEIL,,0001708138-20-000034,2020-04-13,M,13079,52.03,24459,D,,,,,,
872589,2020-04-16,REGN,LAROSA JOSEPH J,,0001708138-20-000038,2020-04-14,M,5000,59.2,19438,D,,,,,,
872589,2020-04-16,REGN,LAROSA JOSEPH J,,0001708138-20-000038,2020-04-14,F,2738,521.45,16700,D,,,,,,
872589,2020-04-16,REGN,LAROSA JOSEPH J,,0001708138-20-000038,2020-04-15,S,92,514.63,16608,D,,,,,,
872589,2020-04-16,REGN,Landry Robert E,,0001708138-20-000037,2020-04-14,M,3500,272.7,27873,D,,,,,,
872589,2020-04-16,REGN,Landry Robert E,,0001708138-20-000037,2020-04-14,F,2647,521.45,25226,D,,,,,,
872589,2020-04-16,REGN,Landry Robert E,,0001708138-20-000037,2020-04-15,S,54,516.89,25172,D,,,,,,
872589,2020-04-20,REGN,LAROSA JOSEPH J,,0001708138-20-000042,2020-04-17,F,3602,555.82,17458,D,,,,,,
872589,2020-04-20,REGN,LAROSA JOSEPH J,,0001708138-20-000042,2020-04-17,M,6622,59.2,21060,D,,,,,,
872589,2020-04-20,REGN,LAROSA JOSEPH J,,0001708138-20-000042,2020-04-17,S,95,541.94,16610,D,,,,,,
872589,2020-04-20,REGN,LAROSA JOSEPH J,,0001708138-20-000042,2020-04-16,F,2733,529.79,16705,D,,,,,,
872589,2020-04-20,REGN,LAROSA JOSEPH J,,0001708138-20-000042,2020-04-16,M,5000,59.2,19438,D,,,,,,
872589,2020-04-20,REGN,Landry Robert E,,0001708138-20-000044,2020-04-20,S,35,562.71,27588,D,,,,,,
872589,2020-04-20,REGN,LAROSA JOSEPH J,,0001708138-20-000043,2020-04-20,S,669,567.3,15547,D,,,,,,
872589,2020-04-20,REGN,Landry Robert E,,0001708138-20-000044,2020-04-17,F,9250,555.82,27623,D,,,,,,
872589,2020-04-20,REGN,Landry Robert E,,0001708138-20-000044,2020-04-17,M,12500,272.7,36873,D,,,,,,
872589,2020-04-20,REGN,Landry Robert E,,0001708138-20-000044,2020-04-17,S,33,540.7,25331,D,,,,,,
872589,2020-04-20,REGN,Landry Robert E,,0001708138-20-000044,2020-04-16,F,3009,529.79,25364,D,,,,,,
872589,2020-04-20,REGN,Landry Robert E,,0001708138-20-000044,2020-04-16,M,4000,272.7,28373,D,,,,,,
872589,2020-04-20,REGN,LAROSA JOSEPH J,,0001708138-20-000042,2020-04-20,S,51,561.57,19687,D,,,,,,
872589,2020-05-04,REGN,RYAN ARTHUR F,,0001708138-20-000046,2020-05-01,S,12,517.41,28931,D,,,,,,
872589,2020-05-06,REGN,GOLDSTEIN JOSEPH L,,0001237899-20-000017,2020-05-06,S,2000,560.0,7643,D,,,,,,
872589,2020-05-07,REGN,BROWN MICHAEL S,,0001237899-20-000018,2020-05-06,F,3538,555.77,2325,D,,,,,,
872589,2020-05-07,REGN,RYAN ARTHUR F,,0001237899-20-000019,2020-05-06,S,1,556.62,78966,D,,,,,,
872589,2020-05-07,REGN,BROWN MICHAEL S,,0001237899-20-000018,2020-05-06,M,5220,376.69,5863,D,,,,,,
872589,2020-05-07,REGN,RYAN ARTHUR F,,0001237899-20-000019,2020-05-06,M,3784,371.4,32627,D,,,,,,
872589,2020-05-07,REGN,BROWN MICHAEL S,,0001237899-20-000018,2020-05-07,S,1809,562.0,643,D,,,,,,
872589,2020-05-08,REGN,Van Plew Daniel P,,0001708138-20-000052,2020-05-06,M,33079,52.03,61330,D,,,,,,
872589,2020-05-08,REGN,Van Plew Daniel P,,0001708138-20-000052,2020-05-06,F,17779,555.77,43551,D,,,,,,
872589,2020-05-08,REGN,Van Plew Daniel P,,0001708138-20-000052,2020-05-07,S,100,556.92,67734,D,,,,,,
872589,2020-05-08,REGN,Tessier-Lavigne Marc,,0001708138-20-000051,2020-05-06,M,15000,177.82,16830,D,,,,,,
872589,2020-05-08,REGN,Tessier-Lavigne Marc,,0001708138-20-000051,2020-05-06,S,1025,562.65,15805,D,,,,,,
872589,2020-05-08,REGN,Zoghbi Huda Y,,0001708138-20-000050,2020-05-07,M,5118,391.92,5761,D,,,,,,
872589,2020-05-08,REGN,Zoghbi Huda Y,,0001708138-20-000050,2020-05-07,S,1722,565.64,4039,D,,,,,,
872589,2020-05-11,REGN,STAHL NEIL,,0001708138-20-000054,2020-05-08,M,12500,52.03,23880,D,,,,,,
872589,2020-05-11,REGN,STAHL NEIL,,0001708138-20-000054,2020-05-08,F,7195,560.67,16685,D,,,,,,
872589,2020-05-11,REGN,STAHL NEIL,,0001708138-20-000054,2020-05-11,S,312,567.5,16373,D,,,,,,
872589,2020-05-13,REGN,SING GEORGE L,,0001708138-20-000057,2020-05-11,S,250,575.0,2150,I,,,,,,
872589,2020-05-13,REGN,SING GEORGE L,,0001708138-20-000057,2020-05-13,M,5000,33.42,120415,D,,,,,,
872589,2020-05-13,REGN,SING GEORGE L,,0001708138-20-000057,2020-05-13,S,5000,580.0,115415,D,,,,,,
872589,2020-05-13,REGN,SCHLEIFER LEONARD S,,0001708138-20-000058,2020-05-11,F,64631,571.43,534868,D,,,,,,
872589,2020-05-13,REGN,SCHLEIFER LEONARD S,,0001708138-20-000058,2020-05-12,S,2329,557.51,623092,D,,,,,,
872589,2020-05-13,REGN,SCHLEIFER LEONARD S,,0001708138-20-000058,2020-05-11,M,125000,30.63,599499,D,,,,,,
872589,2020-05-15,REGN,LAROSA JOSEPH J,,0001237899-20-000020,2020-05-14,M,18311,59.2,32749,D,,,,,,
872589,2020-05-15,REGN,LAROSA JOSEPH J,,0001237899-20-000020,2020-05-14,F,9931,573.18,22818,D,,,,,,
872589,2020-05-15,REGN,LAROSA JOSEPH J,,0001237899-20-000020,2020-05-15,S,8380,572.0,14438,D,,,,,,
872589,2020-05-22,REGN,VAGELOS P ROY,,0001708138-20-000062,2020-05-21,S,683,577.37,307849,D,,,,,,
872589,2020-05-22,REGN,VAGELOS P ROY,,0001708138-20-000062,2020-01-03,G,564,0.0,144333,I,,,,,,
872589,2020-05-22,REGN,VAGELOS P ROY,,0001708138-20-000062,2020-04-02,G,433,0.0,143900,I,,,,,,
872589,2020-05-22,REGN,VAGELOS P ROY,,0001708138-20-000061,2020-05-20,M,3264,30.63,307749,D,,,,,,
872589,2020-05-22,REGN,VAGELOS P ROY,,0001708138-20-000061,2020-05-20,F,39974,570.97,345084,D,,,,,,
872589,2020-05-22,REGN,VAGELOS P ROY,,0001708138-20-000061,2020-05-21,S,1168,556.79,456175,D,,,,,,
872589,2020-05-29,REGN,Sanofi,isTenPercentOwner,0001140361-20-012718,2020-05-29,S,20421899,509.85,0,D,,,,,,
872589,2020-06-01,REGN,SING GEORGE L,,0001237899-20-000021,2020-05-28,S,500,580.0,2900,I,,,,,,
872589,2020-06-01,REGN,SING GEORGE L,,0001237899-20-000021,2020-05-29,S,500,598.02,2400,I,,,,,,
872589,2020-06-01,REGN,GOLDSTEIN JOSEPH L,,0001708138-20-000064,2020-05-28,S,1000,578.94,6643,D,,,,,,
872589,2020-06-02,REGN,RYAN ARTHUR F,,0001708138-20-000066,2020-06-01,S,5,598.58,28838,D,,,,,,
872589,2020-06-05,REGN,Bassler Bonnie L,,0001237899-20-000022,2020-06-05,S,2559,600.0,643,D,,,,,,
872589,2020-06-05,REGN,Bassler Bonnie L,,0001237899-20-000022,2020-06-05,M,2559,391.92,3202,D,,,,,,
872589,2020-06-09,REGN,GOLDSTEIN JOSEPH L,,0001237899-20-000023,2020-06-08,M,3000,413.33,9643,D,,,,,,
872589,2020-06-09,REGN,GOLDSTEIN JOSEPH L,,0001237899-20-000023,2020-06-08,S,100,580.65,17381,D,,,,,,
872589,2020-06-10,REGN,Landry Robert E,,0001708138-20-000068,2020-06-08,M,3500,272.7,27873,D,,,,,,
872589,2020-06-10,REGN,Landry Robert E,,0001708138-20-000068,2020-06-08,F,2536,592.43,25337,D,,,,,,
872589,2020-06-10,REGN,Landry Robert E,,0001708138-20-000068,2020-06-09,S,110,602.38,28534,D,,,,,,
872589,2020-06-11,REGN,Sanofi,isTenPercentOwner,0001140361-20-013625,2020-06-09,S,120234,597.48,279766,I,,,,,,
872589,2020-06-12,REGN,Zoghbi Huda Y,,0001708138-20-000072,2020-06-10,M,1706,391.92,2349,D,,,,,,
872589,2020-06-12,REGN,Zoghbi Huda Y,,0001708138-20-000072,2020-06-10,S,149,606.64,2200,D,,,,,,
872589,2020-06-12,REGN,Zoghbi Huda Y,,0001708138-20-000072,2020-06-11,M,1706,391.92,2349,D,,,,,,
872589,2020-06-12,REGN,Zoghbi Huda Y,,0001708138-20-000072,2020-06-11,S,1706,625.0,643,D,,,,,,
872589,2020-06-12,REGN,Landry Robert E,,0001708138-20-000071,2020-06-10,M,3500,272.7,27873,D,,,,,,
872589,2020-06-12,REGN,Landry Robert E,,0001708138-20-000071,2020-06-11,S,445,607.5,24916,D,,,,,,
872589,2020-06-12,REGN,Landry Robert E,,0001708138-20-000071,2020-06-10,F,2512,610.18,25361,D,,,,,,
872589,2020-06-17,REGN,Fenimore Christopher R.,,0001708138-20-000074,2020-06-15,M,7226,52.03,20323,D,,,,,,
872589,2020-06-17,REGN,Fenimore Christopher R.,,0001708138-20-000074,2020-06-15,F,3670,587.9,16653,D,,,,,,
872589,2020-06-17,REGN,Fenimore Christopher R.,,0001708138-20-000074,2020-06-16,S,112,581.4,18721,D,,,,,,
872589,2020-06-22,REGN,Bassler Bonnie L,,0001237899-20-000025,2020-06-19,S,2548,630.01,654,D,,,,,,
872589,2020-06-22,REGN,Bassler Bonnie L,,0001237899-20-000025,2020-06-19,M,2559,391.92,3202,D,,,,,,
872589,2020-06-24,REGN,Landry Robert E,,0001708138-20-000076,2020-06-22,M,8900,555.67,33273,D,,,,,,
872589,2020-06-24,REGN,Landry Robert E,,0001708138-20-000076,2020-06-22,F,8388,626.19,24885,D,,,,,,
872589,2020-06-24,REGN,Landry Robert E,,0001708138-20-000076,2020-06-23,S,40,624.65,24845,D,,,,,,
872589,2020-06-29,REGN,SING GEORGE L,,0001237899-20-000027,2020-06-29,S,500,609.37,1650,I,,,,,,
872589,2020-06-30,REGN,Landry Robert E,,0001708138-20-000078,2020-06-29,S,39,609.46,24334,D,,,,,,
872589,2020-07-02,REGN,BROWN MICHAEL S,,0001708138-20-000082,2020-07-01,M,3613,413.33,4256,D,,,,,,
872589,2020-07-02,REGN,BROWN MICHAEL S,,0001708138-20-000082,2020-07-01,S,100,601.7,4156,D,,,,,,
872589,2020-07-02,REGN,RYAN ARTHUR F,,0001708138-20-000081,2020-07-01,S,4,602.8,28739,D,,,,,,
872589,2020-07-08,REGN,Zoghbi Huda Y,,0001237899-20-000028,2020-07-07,S,1706,650.0,643,D,,,,,,
872589,2020-07-08,REGN,Zoghbi Huda Y,,0001237899-20-000028,2020-07-07,M,1706,391.92,2349,D,,,,,,
872589,2020-07-08,REGN,SING GEORGE L,,0001237899-20-000029,2020-07-07,S,7500,650.0,115415,D,,,,,,
872589,2020-07-08,REGN,SING GEORGE L,,0001237899-20-000029,2020-07-07,M,7500,33.42,122915,D,,,,,,
872589,2020-07-09,REGN,Landry Robert E,,0001708138-20-000084,2020-07-07,M,10000,555.67,33973,D,,,,,,
872589,2020-07-09,REGN,Landry Robert E,,0001708138-20-000084,2020-07-07,F,9321,640.88,24652,D,,,,,,
872589,2020-07-09,REGN,Landry Robert E,,0001708138-20-000084,2020-07-08,S,24,634.14,25109,D,,,,,,
872589,2020-07-13,REGN,Landry Robert E,,0001237899-20-000030,2020-07-09,M,3000,399.66,26973,D,,,,,,
872589,2020-07-13,REGN,Landry Robert E,,0001237899-20-000030,2020-07-09,F,2421,642.46,24552,D,,,,,,
872589,2020-07-14,REGN,Landry Robert E,,0001237899-20-000031,2020-07-14,S,579,640.5,23973,D,,,,,,
872589,2020-07-15,REGN,MURPHY ANDREW J,,0001708138-20-000088,2020-07-14,S,264,630.77,44067,D,,,,,,
872589,2020-07-15,REGN,MURPHY ANDREW J,,0001708138-20-000087,2020-07-13,F,6691,623.98,48260,D,,,,,,
872589,2020-07-15,REGN,MURPHY ANDREW J,,0001708138-20-000087,2020-07-13,M,13000,30.63,54951,D,,,,,,
872589,2020-07-15,REGN,MURPHY ANDREW J,,0001708138-20-000087,2020-07-13,S,96,620.64,49855,D,,,,,,
872589,2020-07-15,REGN,MURPHY ANDREW J,,0001708138-20-000087,2020-07-14,S,178,614.62,48082,D,,,,,,
872589,2020-07-22,REGN,Fenimore Christopher R.,,0001237899-20-000035,2020-07-20,M,10000,179.13,25277,D,,,,,,
872589,2020-07-22,REGN,Fenimore Christopher R.,,0001237899-20-000035,2020-07-20,F,6291,655.57,18986,D,,,,,,
872589,2020-07-22,REGN,Fenimore Christopher R.,,0001237899-20-000035,2020-07-21,S,216,636.56,20994,D,,,,,,
872589,2020-07-22,REGN,Landry Robert E,,0001237899-20-000034,2020-07-20,M,3500,399.66,27473,D,,,,,,
872589,2020-07-22,REGN,Landry Robert E,,0001237899-20-000034,2020-07-20,F,2802,655.57,24671,D,,,,,,
872589,2020-07-22,REGN,Landry Robert E,,0001237899-20-000034,2020-07-21,S,388,647.5,24672,D,,,,,,
872589,2020-08-05,REGN,Landry Robert E,,0001708138-20-000091,2020-08-04,S,696,654.46,23973,D,,,,,,
872589,2020-08-05,REGN,RYAN ARTHUR F,,0001708138-20-000092,2020-08-03,S,3,633.78,28640,D,,,,,,
872589,2020-08-13,REGN,VAGELOS P ROY,,0001708138-20-000094,2020-05-27,G,73100,0.0,234649,D,,,,,,
872589,2020-08-13,REGN,VAGELOS P ROY,,0001708138-20-000094,2020-07-06,G,341,0.0,143559,I,,,,,,
872589,2020-08-13,REGN,VAGELOS P ROY,,0001708138-20-000094,2020-08-11,S,80,594.2,83572,I,,,,,,
872589,2020-08-24,REGN,SING GEORGE L,,0001708138-20-000097,2020-08-20,S,3783,615.51,111632,D,,,,,,
872589,2020-08-24,REGN,SING GEORGE L,,0001708138-20-000097,2020-08-20,M,10000,57.11,114415,D,,,,,,
872589,2020-08-24,REGN,GOLDSTEIN JOSEPH L,,0001237899-20-000036,2020-08-21,S,1000,617.18,5643,D,,,,,,
872589,2020-08-24,REGN,SING GEORGE L,,0001708138-20-000097,2020-08-21,S,300,608.06,109078,D,,,,,,
872589,2020-08-24,REGN,Van Plew Daniel P,,0001104659-20-098009,2020-08-20,M,75000,179.13,95001,D,,,,,,
872589,2020-08-24,REGN,SING GEORGE L,,0001708138-20-000097,2020-08-24,S,1201,594.3,103251,D,,,,,,
872589,2020-08-24,REGN,SING GEORGE L,,0001708138-20-000097,2020-08-21,M,4963,177.82,109378,D,,,,,,
872589,2020-08-24,REGN,Van Plew Daniel P,,0001104659-20-098009,2020-08-20,F,47891,614.09,47110,D,,,,,,
872589,2020-08-24,REGN,SING GEORGE L,,0001708138-20-000097,2020-08-24,M,10037,177.82,104452,D,,,,,,
872589,2020-08-27,REGN,SING GEORGE L,,0001708138-20-000102,2020-08-25,M,12750,273.67,97165,D,,,,,,
872589,2020-08-27,REGN,SING GEORGE L,,0001708138-20-000102,2020-08-25,S,1400,600.36,95765,D,,,,,,
872589,2020-08-27,REGN,Van Plew Daniel P,,0001708138-20-000101,2020-08-25,S,10256,609.71,36854,D,,,,,,
872589,2020-08-31,REGN,SING GEORGE L,,0001237899-20-000038,2020-08-31,S,3600,610.45,60815,D,,,,,,
872589,2020-08-31,REGN,POON CHRISTINE A,,0001237899-20-000037,2020-08-28,S,177,598.91,41256,D,,,,,,
872589,2020-08-31,REGN,POON CHRISTINE A,,0001237899-20-000037,2020-08-28,M,15000,33.42,16433,D,,,,,,
872589,2020-08-31,REGN,LAROSA JOSEPH J,,0001237899-20-000039,2020-08-27,M,6000,52.03,20438,D,,,,,,
872589,2020-08-31,REGN,LAROSA JOSEPH J,,0001237899-20-000039,2020-08-31,S,4672,615.04,14438,D,,,,,,
872589,2020-08-31,REGN,LAROSA JOSEPH J,,0001237899-20-000039,2020-08-27,F,3197,614.87,17241,D,,,,,,
872589,2020-09-03,REGN,RYAN ARTHUR F,,0001237899-20-000040,2020-09-01,S,20,616.74,28523,D,,,,,,
872589,2020-09-23,REGN,GOLDSTEIN JOSEPH L,,0001708138-20-000105,2020-09-21,M,3784,371.4,9427,D,,,,,,
872589,2020-09-23,REGN,GOLDSTEIN JOSEPH L,,0001708138-20-000105,2020-09-22,S,20,552.36,5643,D,,,,,,
872589,2020-09-23,REGN,GOLDSTEIN JOSEPH L,,0001708138-20-000105,2020-09-21,S,300,543.19,21917,D,,,,,,
872589,2020-09-23,REGN,BROWN MICHAEL S,,0001708138-20-000106,2020-09-22,M,2480,380.95,3123,D,,,,,,
872589,2020-09-23,REGN,BROWN MICHAEL S,,0001708138-20-000106,2020-09-22,S,5090,552.36,643,D,,,,,,
872589,2020-09-23,REGN,BROWN MICHAEL S,,0001708138-20-000106,2020-05-13,G,1000,0.0,10349,I,,,,,,
872589,2020-10-05,REGN,RYAN ARTHUR F,,0001237899-20-000041,2020-10-01,S,2,553.73,28441,D,,,,,,
872589,2020-10-06,REGN,GOLDSTEIN JOSEPH L,,0001237899-20-000043,2020-10-05,M,9212,520.01,14855,D,,,,,,
872589,2020-10-06,REGN,McCourt Marion,,0001237899-20-000042,2020-08-20,M,1000,342.93,14963,D,,,,,,
872589,2020-10-06,REGN,GOLDSTEIN JOSEPH L,,0001237899-20-000043,2020-10-05,S,9212,600.0,5643,D,,,,,,
872589,2020-10-06,REGN,McCourt Marion,,0001237899-20-000042,2020-10-05,S,1000,600.0,13963,D,,,,,,
872589,2020-10-06,REGN,McCourt Marion,,0001237899-20-000042,2020-10-05,M,1000,342.93,14963,D,,,,,,
872589,2020-10-06,REGN,McCourt Marion,,0001237899-20-000042,2020-08-20,S,1000,612.15,13963,D,,,,,,
872589,2020-10-23,REGN,MURPHY ANDREW J,,0001237899-20-000044,2020-10-22,M,1921,52.03,43872,D,,,,,,
872589,2020-11-03,REGN,RYAN ARTHUR F,,0001237899-20-000046,2019-11-22,G,1500,0.0,27323,D,,,,,,
872589,2020-11-03,REGN,RYAN ARTHUR F,,0001237899-20-000046,2019-11-26,G,1000,0.0,26323,D,,,,,,
872589,2020-11-03,REGN,RYAN ARTHUR F,,0001237899-20-000046,2020-05-06,G,2000,0.0,24343,D,,,,,,
872589,2020-11-03,REGN,RYAN ARTHUR F,,0001237899-20-000046,2020-11-02,S,20,544.54,23823,D,,,,,,
872589,2020-11-13,REGN,COLES N ANTHONY,,0001237899-20-000048,2020-11-13,M,11,345.47,654,D,,,,,,
872589,2020-11-18,REGN,MURPHY ANDREW J,,0001708138-20-000108,2020-11-16,F,7108,561.39,53764,D,,,,,,
872589,2020-11-18,REGN,MURPHY ANDREW J,,0001708138-20-000108,2020-11-16,M,13736,30.63,60872,D,,,,,,
872589,2020-11-18,REGN,MURPHY ANDREW J,,0001708138-20-000108,2020-11-17,S,743,536.68,53021,D,,,,,,
872589,2020-12-02,REGN,RYAN ARTHUR F,,0001237899-20-000049,2020-12-01,S,2,515.64,23741,D,,,,,,
872589,2020-12-11,REGN,Fenimore Christopher R.,,0001708138-20-000113,2020-12-09,A,969,0.0,19352,D,,,,,,
872589,2020-12-11,REGN,STAHL NEIL,,0001237899-20-000052,2020-12-09,A,1688,0.0,24715,D,,,,,,
872589,2020-12-11,REGN,STAHL NEIL,,0001237899-20-000052,2020-02-26,G,750,0.0,20979,D,,,,,,
872589,2020-12-11,REGN,MURPHY ANDREW J,,0001237899-20-000053,2020-12-09,A,8285,0.0,55421,D,,,,,,
872589,2020-12-11,REGN,VAGELOS P ROY,,0001708138-20-000116,2020-10-06,G,349,0.0,143210,I,,,,,,
872589,2020-12-11,REGN,LAROSA JOSEPH J,,0001237899-20-000050,2020-12-09,A,1930,0.0,16368,D,,,,,,
872589,2020-12-11,REGN,Fenimore Christopher R.,,0001708138-20-000113,2020-09-24,G,50,0.0,0,I,,,,,,
872589,2020-12-11,REGN,McCourt Marion,,0001708138-20-000114,2020-12-09,A,1075,0.0,15038,D,,,,,,
872589,2020-12-11,REGN,VAGELOS P ROY,,0001708138-20-000116,2020-12-09,A,2439,0.0,237088,D,,,,,,
872589,2020-12-11,REGN,Landry Robert E,,0001237899-20-000051,2020-12-09,A,1930,0.0,25903,D,,,,,,
872589,2020-12-11,REGN,Van Plew Daniel P,,0001708138-20-000115,2020-12-09,A,1930,0.0,21931,D,,,,,,
872589,2020-12-11,REGN,VAGELOS P ROY,,0001708138-20-000116,2020-11-19,G,2406,0.0,47786,I,,,,,,
872589,2020-12-31,REGN,YANCOPOULOS GEORGE,,0001708138-20-000118,2020-12-30,M,240000,52.03,880938,D,,,,,,
872589,2020-12-31,REGN,YANCOPOULOS GEORGE,,0001708138-20-000118,2020-12-30,F,130714,483.25,750224,D,,,,,,
872589,2020-12-31,REGN,YANCOPOULOS GEORGE,,0001708138-20-000118,2020-07-27,G,57465,0.0,0,I,,,,,,
872589,2021-01-05,REGN,GOLDSTEIN JOSEPH L,,0001237899-21-000001,2021-01-04,A,248,0.0,5891,D,,,,,,
872589,2021-01-05,REGN,RYAN ARTHUR F,,0001237899-21-000002,2021-01-04,A,248,0.0,23791,D,,,,,,
872589,2021-01-05,REGN,RYAN ARTHUR F,,0001237899-21-000002,2021-01-04,S,4,477.58,23639,D,,,,,,
872589,2021-01-05,REGN,COLES N ANTHONY,,0001708138-21-000007,2021-01-04,A,248,0.0,902,D,,,,,,
872589,2021-01-05,REGN,Bassler Bonnie L,,0001708138-21-000006,2021-01-04,A,248,0.0,891,D,,,,,,
872589,2021-01-05,REGN,Tessier-Lavigne Marc,,0001708138-21-000009,2021-01-04,A,248,0.0,2078,D,,,,,,
872589,2021-01-05,REGN,POON CHRISTINE A,,0001708138-21-000008,2021-01-04,A,248,0.0,1681,D,,,,,,
872589,2021-01-05,REGN,Zoghbi Huda Y,,0001708138-21-000010,2021-01-04,A,248,0.0,891,D,,,,,,
872589,2021-01-05,REGN,SING GEORGE L,,0001237899-21-000003,2021-01-04,A,248,0.0,54663,D,,,,,,
872589,2021-01-05,REGN,BROWN MICHAEL S,,0001237899-21-000004,2021-01-04,A,248,0.0,891,D,,,,,,
872589,2021-01-27,REGN,BROWN MICHAEL S,,0001708138-21-000012,2021-01-25,M,2480,380.95,3371,D,,,,,,
872589,2021-01-27,REGN,BROWN MICHAEL S,,0001708138-21-000012,2021-01-25,S,2480,554.32,891,D,,,,,,
872589,2021-02-02,REGN,RYAN ARTHUR F,,0001708138-21-000014,2021-02-01,S,9,504.68,23782,D,,,,,,
872589,2021-02-18,DBTX,"REGENERON PHARMACEUTICALS, INC.",,0001104659-21-025193,2021-02-17,C,2097314,,2097314,D,,,,,,
872589,2021-02-24,REGN,VAGELOS P ROY,,0001708138-21-000016,2021-02-23,M,1921,52.03,239009,D,,,,,,
872589,2021-02-24,REGN,VAGELOS P ROY,,0001708138-21-000016,2021-02-23,F,137998,458.48,349090,D,,,,,,
872589,2021-02-24,REGN,VAGELOS P ROY,,0001708138-21-000016,2021-01-19,G,414,0.0,142796,I,,,,,,
872589,2021-05-10,REGN,McCourt Marion,,0001708138-21-000018,2021-05-07,M,1000,342.93,18038,D,,,,,,
872589,2021-05-10,REGN,McCourt Marion,,0001708138-21-000018,2021-05-07,S,1000,495.63,17038,D,,,,,,
872589,2021-05-18,REGN,STAHL NEIL,,0001708138-21-000020,2021-05-17,S,3379,518.63,38422,D,,,,,,
872589,2021-05-18,REGN,STAHL NEIL,,0001708138-21-000020,2021-05-14,F,27775,516.69,36505,D,,,,,,
872589,2021-05-18,REGN,STAHL NEIL,,0001708138-21-000020,2021-05-14,M,40000,179.13,64280,D,,,,,,
872589,2021-05-18,REGN,STAHL NEIL,,0001708138-21-000020,2021-02-25,G,435,0.0,24280,D,,,,,,
872589,2021-06-08,REGN,McCourt Marion,,0001237899-21-000007,2021-06-07,M,1000,342.93,18038,D,,,,,,
872589,2021-06-08,REGN,McCourt Marion,,0001237899-21-000007,2021-06-07,S,1000,511.65,17038,D,,,,,,
872589,2021-06-08,REGN,GOLDSTEIN JOSEPH L,,0001237899-21-000008,2021-06-07,M,1930,374.12,7821,D,,,,,,
872589,2021-06-08,REGN,GOLDSTEIN JOSEPH L,,0001237899-21-000008,2021-06-07,S,1930,525.0,5891,D,,,,,,
872589,2021-06-16,REGN,RYAN ARTHUR F,,0001708138-21-000024,2021-06-14,S,18,522.41,23673,D,,,,,,
872589,2021-06-16,REGN,BROWN MICHAEL S,,0001708138-21-000023,2021-06-14,M,1700,371.4,2591,D,,,,,,
872589,2021-06-16,REGN,BROWN MICHAEL S,,0001708138-21-000023,2021-06-14,S,1700,525.0,891,D,,,,,,
872589,2021-06-23,REGN,YANCOPOULOS GEORGE,,0001708138-21-000026,2021-01-12,G,82108,0.0,82108,I,,,,,,
872589,2021-06-23,REGN,YANCOPOULOS GEORGE,,0001708138-21-000026,2021-06-21,S,738,532.89,81370,I,,,,,,
872589,2021-06-28,REGN,BROWN MICHAEL S,,0001708138-21-000028,2021-06-25,M,2084,371.4,2975,D,,,,,,
872589,2021-06-28,REGN,BROWN MICHAEL S,,0001708138-21-000028,2021-06-25,S,2084,549.0,891,D,,,,,,
872589,2021-07-02,REGN,Bassler Bonnie L,,0001708138-21-000032,2021-07-01,S,2558,575.0,891,D,,,,,,
872589,2021-07-02,REGN,RYAN ARTHUR F,,0001708138-21-000033,2021-07-01,S,2,555.47,23589,D,,,,,,
872589,2021-07-02,REGN,McCourt Marion,,0001708138-21-000034,2021-07-01,M,1000,342.93,18038,D,,,,,,
872589,2021-07-02,REGN,Bassler Bonnie L,,0001708138-21-000032,2021-07-01,M,2558,391.92,3449,D,,,,,,
872589,2021-07-02,REGN,McCourt Marion,,0001708138-21-000034,2021-07-01,S,1000,556.6,17038,D,,,,,,
872589,2021-07-07,REGN,LAROSA JOSEPH J,,0001708138-21-000036,2021-07-02,M,10000,179.13,23182,D,,,,,,
872589,2021-07-07,REGN,LAROSA JOSEPH J,,0001708138-21-000036,2021-07-02,F,6602,582.2,16580,D,,,,,,
872589,2021-07-07,REGN,LAROSA JOSEPH J,,0001708138-21-000036,2021-07-06,S,3398,580.0,13182,D,,,,,,
872589,2021-08-04,REGN,RYAN ARTHUR F,,0001708138-21-000040,2021-08-02,S,2,572.94,23489,D,,,,,,
872589,2021-08-04,REGN,McCourt Marion,,0001708138-21-000039,2021-08-02,M,1000,342.93,18038,D,,,,,,
872589,2021-08-04,REGN,McCourt Marion,,0001708138-21-000039,2021-08-02,S,1000,577.12,17038,D,,,,,,
872589,2021-08-06,REGN,Bassler Bonnie L,,0001708138-21-000043,2021-08-05,S,2559,600.0,891,D,,,,,,
872589,2021-08-06,REGN,Bassler Bonnie L,,0001708138-21-000043,2021-08-05,M,2559,391.92,3450,D,,,,,,
872589,2021-08-06,REGN,YANCOPOULOS GEORGE,,0001708138-21-000044,2021-06-24,G,211585,0.0,213693,I,,,,,,
872589,2021-08-06,REGN,YANCOPOULOS GEORGE,,0001708138-21-000044,2021-08-05,S,50000,600.06,937483,D,,,,,,
872589,2021-08-10,REGN,SING GEORGE L,,0001237899-21-000011,2021-08-06,S,3000,611.43,51663,D,,,,,,
872589,2021-08-10,REGN,SCHLEIFER LEONARD S,,0001708138-21-000048,2021-05-19,G,41178,0.0,41178,I,,,,,,
872589,2021-08-10,REGN,SCHLEIFER LEONARD S,,0001708138-21-000048,2021-08-06,F,137145,607.51,436176,D,,,,,,
872589,2021-08-10,REGN,SCHLEIFER LEONARD S,,0001708138-21-000048,2021-08-06,M,240000,52.03,573321,D,,,,,,
872589,2021-08-10,REGN,Van Plew Daniel P,,0001708138-21-000049,2021-08-10,S,244,606.5,33290,D,,,,,,
872589,2021-08-10,REGN,SING GEORGE L,,0001237899-21-000011,2021-08-10,S,600,615.0,50063,D,,,,,,
872589,2021-08-10,REGN,Van Plew Daniel P,,0001708138-21-000049,2021-08-09,M,25000,270.43,51931,D,,,,,,
872589,2021-08-10,REGN,Van Plew Daniel P,,0001708138-21-000049,2021-08-09,F,18397,617.68,33534,D,,,,,,
872589,2021-08-10,REGN,Landry Robert E,,0001708138-21-000050,2021-08-06,F,1636,607.51,26267,D,,,,,,
872589,2021-08-10,REGN,Landry Robert E,,0001708138-21-000050,2021-08-06,M,2000,381.92,27903,D,,,,,,
872589,2021-08-10,REGN,Landry Robert E,,0001708138-21-000050,2021-08-10,S,433,611.0,26007,D,,,,,,
872589,2021-08-10,REGN,Landry Robert E,,0001708138-21-000050,2021-08-09,F,2463,617.68,26440,D,,,,,,
872589,2021-08-10,REGN,BROWN MICHAEL S,,0001237899-21-000012,2021-08-09,S,1687,612.38,7662,I,,,,,,
872589,2021-08-10,REGN,Landry Robert E,,0001708138-21-000050,2021-08-09,M,3000,381.92,28903,D,,,,,,
872589,2021-08-10,REGN,Landry Robert E,,0001708138-21-000050,2021-08-09,S,1,610.85,26266,D,,,,,,
872589,2021-08-13,REGN,SING GEORGE L,,0001237899-21-000014,2021-08-11,S,1000,620.0,47063,D,,,,,,
872589,2021-08-13,REGN,SING GEORGE L,,0001237899-21-000014,2021-08-12,S,1000,611.0,45063,D,,,,,,
872589,2021-08-13,REGN,SING GEORGE L,,0001237899-21-000014,2021-08-13,S,500,620.0,44563,D,,,,,,
872589,2021-08-16,REGN,COLES N ANTHONY,,0001708138-21-000052,2021-08-13,S,2000,625.0,902,D,,,,,,
872589,2021-08-16,REGN,COLES N ANTHONY,,0001708138-21-000052,2021-08-13,M,2000,345.47,2902,D,,,,,,
872589,2021-08-17,REGN,SCHLEIFER LEONARD S,,0001708138-21-000058,2021-08-16,S,171,615.54,41007,I,,,,,,
872589,2021-08-17,REGN,SING GEORGE L,,0001237899-21-000016,2021-08-16,S,705,630.0,43858,D,,,,,,
872589,2021-08-17,REGN,Bassler Bonnie L,,0001708138-21-000056,2021-08-16,M,1219,376.69,2110,D,,,,,,
872589,2021-08-17,REGN,Bassler Bonnie L,,0001708138-21-000056,2021-08-16,S,1219,630.0,891,D,,,,,,
872589,2021-08-17,REGN,YANCOPOULOS GEORGE,,0001708138-21-000055,2021-08-13,S,773,625.0,936710,D,,,,,,
872589,2021-08-17,REGN,YANCOPOULOS GEORGE,,0001708138-21-000055,2021-08-16,S,46925,625.25,889785,D,,,,,,
872589,2021-08-19,REGN,COLES N ANTHONY,,0001708138-21-000061,2021-08-17,S,900,650.0,902,D,,,,,,
872589,2021-08-19,REGN,COLES N ANTHONY,,0001708138-21-000061,2021-08-18,S,5100,650.0,902,D,,,,,,
872589,2021-08-19,REGN,COLES N ANTHONY,,0001708138-21-000061,2021-08-17,M,900,345.47,1802,D,,,,,,
872589,2021-08-19,REGN,COLES N ANTHONY,,0001708138-21-000061,2021-08-18,M,5100,345.47,6002,D,,,,,,
872589,2021-08-19,REGN,VAGELOS P ROY,,0001708138-21-000062,2021-08-18,S,10039,650.04,37747,I,,,,,,
872589,2021-08-19,REGN,VAGELOS P ROY,,0001708138-21-000062,2021-06-14,G,19000,0.0,308090,D,,,,,,
872589,2021-08-19,REGN,VAGELOS P ROY,,0001708138-21-000062,2021-08-09,G,17000,0.0,291090,D,,,,,,
872589,2021-08-19,REGN,VAGELOS P ROY,,0001708138-21-000062,2021-05-27,G,22000,0.0,327090,D,,,,,,
872589,2021-08-19,REGN,VAGELOS P ROY,,0001708138-21-000062,2021-04-01,G,446,0.0,142350,I,,,,,,
872589,2021-08-19,REGN,VAGELOS P ROY,,0001708138-21-000062,2021-07-02,G,373,0.0,141977,I,,,,,,
872589,2021-08-20,REGN,SCHLEIFER LEONARD S,,0001708138-21-000064,2021-08-18,S,200000,650.03,304746,D,,,,,,
872589,2021-08-20,REGN,SCHLEIFER LEONARD S,,0001708138-21-000064,2021-08-19,S,10000,660.03,21178,I,,,,,,
872589,2021-08-24,REGN,LAROSA JOSEPH J,,0001237899-21-000018,2021-08-20,M,10000,179.13,23182,D,,,,,,
872589,2021-08-24,REGN,LAROSA JOSEPH J,,0001237899-21-000018,2021-08-20,F,6575,664.85,16607,D,,,,,,
872589,2021-08-24,REGN,LAROSA JOSEPH J,,0001237899-21-000018,2021-08-23,S,3383,661.8,13224,D,,,,,,
872589,2021-08-24,REGN,Fenimore Christopher R.,,0001237899-21-000017,2021-08-20,M,13500,179.13,32520,D,,,,,,
872589,2021-08-24,REGN,Fenimore Christopher R.,,0001237899-21-000017,2021-08-23,S,4576,655.0,27944,D,,,,,,
872589,2021-08-27,REGN,VAGELOS P ROY,,0001708138-21-000066,2021-08-25,M,75000,179.13,366090,D,,,,,,
872589,2021-08-27,REGN,VAGELOS P ROY,,0001708138-21-000066,2021-08-25,F,49282,667.39,316808,D,,,,,,
872589,2021-08-30,REGN,SING GEORGE L,,0001237899-21-000020,2021-08-30,S,500,670.0,43358,D,,,,,,
872589,2021-08-30,REGN,SING GEORGE L,,0001237899-21-000020,2021-08-26,S,150,672.0,1000,I,,,,,,
872589,2021-08-31,REGN,POON CHRISTINE A,,0001708138-21-000068,2021-08-27,S,100,662.62,16581,D,,,,,,
872589,2021-08-31,REGN,POON CHRISTINE A,,0001708138-21-000068,2021-08-27,M,15000,57.11,16681,D,,,,,,
872589,2021-09-01,REGN,Landry Robert E,,0001708138-21-000070,2021-08-31,M,1000,555.67,26903,D,,,,,,
872589,2021-09-01,REGN,Landry Robert E,,0001708138-21-000070,2021-08-31,F,917,675.03,25986,D,,,,,,
872589,2021-09-03,REGN,RYAN ARTHUR F,,0001708138-21-000074,2021-09-01,S,10,672.75,23381,D,,,,,,
872589,2021-09-03,REGN,McCourt Marion,,0001708138-21-000073,2021-09-01,M,1000,342.93,18038,D,,,,,,
872589,2021-09-03,REGN,McCourt Marion,,0001708138-21-000073,2021-09-01,S,1000,674.72,17038,D,,,,,,
872589,2021-09-13,REGN,GOLDSTEIN JOSEPH L,,0001708138-21-000076,2021-09-10,M,2479,380.95,8370,D,,,,,,
872589,2021-09-13,REGN,GOLDSTEIN JOSEPH L,,0001708138-21-000076,2021-09-10,S,2479,650.0,5891,D,,,,,,
872589,2021-09-15,REGN,Zoghbi Huda Y,,0001708138-21-000081,2021-09-14,M,998,391.92,1889,D,,,,,,
872589,2021-09-15,REGN,Tessier-Lavigne Marc,,0001708138-21-000080,2021-09-13,S,816,636.64,14012,D,,,,,,
872589,2021-09-15,REGN,Zoghbi Huda Y,,0001708138-21-000081,2021-09-14,S,998,650.0,891,D,,,,,,
872589,2021-09-15,REGN,Tessier-Lavigne Marc,,0001708138-21-000080,2021-09-13,M,4250,273.67,6328,D,,,,,,
872589,2021-09-15,REGN,BROWN MICHAEL S,,0001708138-21-000082,2021-09-13,M,2479,380.95,3370,D,,,,,,
872589,2021-09-15,REGN,Zoghbi Huda Y,,0001708138-21-000081,2021-09-13,M,2,391.92,893,D,,,,,,
872589,2021-09-15,REGN,Zoghbi Huda Y,,0001708138-21-000081,2021-09-13,S,2,651.1,891,D,,,,,,
872589,2021-09-15,REGN,BROWN MICHAEL S,,0001708138-21-000082,2021-09-13,S,100,636.74,10495,D,,,,,,
872589,2021-09-17,REGN,COLES N ANTHONY,,0001237899-21-000022,2021-09-15,S,300,651.36,12550,D,,,,,,
872589,2021-09-17,REGN,COLES N ANTHONY,,0001237899-21-000022,2021-09-15,M,6909,380.95,7811,D,,,,,,
872589,2021-10-04,REGN,RYAN ARTHUR F,,0001883850-21-000004,2021-10-01,S,1,560.51,23290,D,,,,,,
872589,2021-10-04,REGN,McCourt Marion,,0001883850-21-000003,2021-10-01,M,1000,342.93,18038,D,,,,,,
872589,2021-10-04,REGN,McCourt Marion,,0001883850-21-000003,2021-10-01,S,1000,576.75,17038,D,,,,,,
872589,2021-11-03,REGN,RYAN ARTHUR F,,0001883850-21-000007,2021-11-01,S,6,638.62,23185,D,,,,,,
872589,2021-11-03,REGN,McCourt Marion,,0001883850-21-000006,2021-11-01,M,1000,342.93,18038,D,,,,,,
872589,2021-11-03,REGN,McCourt Marion,,0001883850-21-000006,2021-11-01,S,1000,640.0,17038,D,,,,,,
872589,2021-11-17,REGN,Van Plew Daniel P,,0001708138-21-000085,2021-11-15,F,18222,641.5,33709,D,,,,,,
872589,2021-11-17,REGN,Van Plew Daniel P,,0001708138-21-000085,2021-11-16,S,528,652.2,33181,D,,,,,,
872589,2021-11-17,REGN,MURPHY ANDREW J,,0001708138-21-000086,2021-11-15,F,9412,641.5,62872,D,,,,,,
872589,2021-11-17,REGN,MURPHY ANDREW J,,0001708138-21-000086,2021-08-16,G,1645,0.0,55705,D,,,,,,
872589,2021-11-17,REGN,Van Plew Daniel P,,0001708138-21-000085,2021-11-15,M,25000,270.43,51931,D,,,,,,
872589,2021-11-17,REGN,MURPHY ANDREW J,,0001708138-21-000086,2021-11-15,M,16579,52.03,72284,D,,,,,,
872589,2021-11-17,REGN,MURPHY ANDREW J,,0001708138-21-000086,2021-11-16,S,465,642.76,62407,D,,,,,,
872589,2021-11-18,REGN,Landry Robert E,,0001708138-21-000088,2021-11-16,M,3750,399.66,29736,D,,,,,,
872589,2021-11-18,REGN,Landry Robert E,,0001708138-21-000088,2021-11-16,F,3069,651.97,26667,D,,,,,,
872589,2021-11-18,REGN,Landry Robert E,,0001708138-21-000088,2021-11-17,S,681,645.08,25986,D,,,,,,
872589,2021-11-18,REGN,SING GEORGE L,,0001237899-21-000024,2021-11-16,S,2000,650.0,40858,D,,,,,,
872589,2021-11-18,REGN,SING GEORGE L,,0001237899-21-000024,2021-11-18,S,4000,650.0,32858,D,,,,,,
872589,2021-11-19,REGN,SCHLEIFER LEONARD S,,0001883850-21-000009,2021-11-19,M,239063,270.43,543809,D,,,,,,
872589,2021-11-19,REGN,SCHLEIFER LEONARD S,,0001883850-21-000009,2021-11-19,F,173491,651.96,370318,D,,,,,,
872589,2021-11-23,REGN,SING GEORGE L,,0001883850-21-000012,2021-11-22,S,1000,655.0,30858,D,,,,,,
872589,2021-11-23,REGN,SING GEORGE L,,0001883850-21-000012,2021-11-19,S,1000,655.0,31858,D,,,,,,
872589,2021-12-02,REGN,McCourt Marion,,0001883850-21-000014,2021-12-01,M,1000,342.93,18038,D,,,,,,
872589,2021-12-02,REGN,McCourt Marion,,0001883850-21-000014,2021-12-01,S,1000,639.13,17038,D,,,,,,
872589,2021-12-02,REGN,RYAN ARTHUR F,,0001883850-21-000016,2021-11-16,G,500,0.0,22591,D,,,,,,
872589,2021-12-02,REGN,RYAN ARTHUR F,,0001883850-21-000016,2021-12-01,S,1,631.15,22590,D,,,,,,
872589,2021-12-06,REGN,STAHL NEIL,,0001883850-21-000018,2021-11-29,G,4605,0.0,28809,D,,,,,,
872589,2021-12-06,REGN,STAHL NEIL,,0001883850-21-000018,2021-12-03,M,72500,179.13,101309,D,,,,,,
872589,2021-12-06,REGN,STAHL NEIL,,0001883850-21-000018,2021-12-03,F,50352,632.45,50957,D,,,,,,
872589,2021-12-10,REGN,McCourt Marion,,0001883850-21-000024,2021-12-08,A,3338,0.0,20376,D,,,,,,
872589,2021-12-10,REGN,STAHL NEIL,,0001708138-21-000093,2021-12-08,A,2926,0.0,53883,D,,,,,,
872589,2021-12-10,REGN,VAGELOS P ROY,,0001708138-21-000094,2021-10-04,G,347,0.0,141630,I,,,,,,
872589,2021-12-10,REGN,MURPHY ANDREW J,,0001708138-21-000098,2021-12-09,M,16500,52.03,75667,D,,,,,,
872589,2021-12-10,REGN,Landry Robert E,,0001708138-21-000096,2021-12-09,F,3469,657.11,30738,D,,,,,,
872589,2021-12-10,REGN,MURPHY ANDREW J,,0001708138-21-000098,2021-12-08,A,3462,0.0,59167,D,,,,,,
872589,2021-12-10,REGN,VAGELOS P ROY,,0001708138-21-000094,2021-12-08,A,1861,0.0,318669,D,,,,,,
872589,2021-12-10,REGN,Van Plew Daniel P,,0001708138-21-000095,2021-12-08,A,4344,0.0,31275,D,,,,,,
872589,2021-12-10,REGN,LAROSA JOSEPH J,,0001883850-21-000023,2021-12-08,A,3338,0.0,16520,D,,,,,,
872589,2021-12-10,REGN,MURPHY ANDREW J,,0001708138-21-000098,2021-12-09,F,9378,657.11,66289,D,,,,,,
872589,2021-12-10,REGN,Landry Robert E,,0001708138-21-000096,2021-12-09,M,4250,399.66,34207,D,,,,,,
872589,2021-12-10,REGN,Landry Robert E,,0001708138-21-000096,2021-12-08,A,3971,0.0,29957,D,,,,,,
872589,2021-12-10,REGN,Fenimore Christopher R.,,0001883850-21-000022,2021-12-08,A,1859,0.0,21392,D,,,,,,
872589,2021-12-10,REGN,Landry Robert E,,0001708138-21-000096,2021-12-10,S,2,656.46,30736,D,,,,,,
872589,2021-12-10,REGN,LAROSA JOSEPH J,,0001883850-21-000023,2021-12-09,M,30000,179.13,46520,D,,,,,,
872589,2021-12-10,REGN,LAROSA JOSEPH J,,0001883850-21-000023,2021-12-09,F,19772,657.11,26748,D,,,,,,
872589,2021-12-10,REGN,Tessier-Lavigne Marc,,0001237899-21-000027,2021-12-09,S,3784,665.0,2078,D,,,,,,
872589,2021-12-10,REGN,Tessier-Lavigne Marc,,0001237899-21-000027,2021-12-09,M,3784,371.4,5862,D,,,,,,
872589,2021-12-10,REGN,MURPHY ANDREW J,,0001708138-21-000098,2021-12-10,S,399,657.61,65890,D,,,,,,
872589,2021-12-14,REGN,McCourt Marion,,0001883850-21-000030,2021-12-11,F,388,664.34,19988,D,,,,,,
872589,2021-12-14,REGN,Landry Robert E,,0001883850-21-000028,2021-12-10,M,1500,555.67,31457,D,,,,,,
872589,2021-12-14,REGN,Van Plew Daniel P,,0001883850-21-000029,2021-12-11,F,697,664.34,30578,D,,,,,,
872589,2021-12-14,REGN,Fenimore Christopher R.,,0001708138-21-000106,2021-12-11,F,270,664.34,21122,D,,,,,,
872589,2021-12-14,REGN,McCourt Marion,,0001883850-21-000030,2021-12-13,S,344,653.12,19644,D,,,,,,
872589,2021-12-14,REGN,Landry Robert E,,0001883850-21-000028,2021-12-13,S,116,662.5,29260,D,,,,,,
872589,2021-12-14,REGN,MURPHY ANDREW J,,0001708138-21-000105,2021-12-11,F,697,664.34,58470,D,,,,,,
872589,2021-12-14,REGN,Landry Robert E,,0001883850-21-000028,2021-12-11,F,697,664.34,29376,D,,,,,,
872589,2021-12-14,REGN,Landry Robert E,,0001883850-21-000028,2021-12-10,F,1384,664.34,30073,D,,,,,,
872589,2021-12-14,REGN,LAROSA JOSEPH J,,0001708138-21-000103,2021-12-11,F,697,664.34,26051,D,,,,,,
872589,2021-12-14,REGN,STAHL NEIL,,0001708138-21-000104,2021-12-11,F,753,664.34,53130,D,,,,,,
872589,2021-12-20,REGN,VAGELOS P ROY,,0001883850-21-000032,2021-12-16,I,19,634.7,2202,I,,,,,,
872589,2021-12-23,REGN,YANCOPOULOS GEORGE,,0001883850-21-000034,2021-12-22,F,159915,610.04,966631,D,,,,,,
872589,2021-12-23,REGN,YANCOPOULOS GEORGE,,0001883850-21-000034,2021-12-22,M,239063,179.13,1126546,D,,,,,,
872589,2022-01-05,REGN,Zoghbi Huda Y,,0001883850-22-000009,2022-01-03,A,191,0.0,1082,D,,,,,,
872589,2022-01-05,REGN,McCourt Marion,,0001883850-22-000010,2022-01-03,S,1000,625.0,19644,D,,,,,,
872589,2022-01-05,REGN,POON CHRISTINE A,,0001883850-22-000012,2022-01-03,A,191,0.0,1872,D,,,,,,
872589,2022-01-05,REGN,Tessier-Lavigne Marc,,0001883850-22-000008,2022-01-03,A,191,0.0,2269,D,,,,,,
872589,2022-01-05,REGN,COLES N ANTHONY,,0001883850-22-000007,2022-01-03,A,191,0.0,1093,D,,,,,,
872589,2022-01-05,REGN,McCourt Marion,,0001883850-22-000010,2022-01-03,M,1000,342.93,20644,D,,,,,,
872589,2022-01-05,REGN,BROWN MICHAEL S,,0001708138-22-000005,2022-01-03,A,191,0.0,1082,D,,,,,,
872589,2022-01-05,REGN,SING GEORGE L,,0001708138-22-000007,2022-01-03,A,191,0.0,30049,D,,,,,,
872589,2022-01-05,REGN,RYAN ARTHUR F,,0001708138-22-000008,2022-01-03,A,191,0.0,22582,D,,,,,,
872589,2022-01-05,REGN,RYAN ARTHUR F,,0001708138-22-000008,2022-01-03,S,1,621.98,22490,D,,,,,,
872589,2022-01-05,REGN,Bassler Bonnie L,,0001883850-22-000006,2022-01-03,A,191,0.0,1082,D,,,,,,
872589,2022-01-05,REGN,GOLDSTEIN JOSEPH L,,0001708138-22-000006,2022-01-03,A,191,0.0,6082,D,,,,,,
872589,2022-02-02,REGN,McCourt Marion,,0001708138-22-000010,2022-02-01,M,1000,342.93,20644,D,,,,,,
872589,2022-02-02,REGN,McCourt Marion,,0001708138-22-000010,2022-02-01,S,1000,607.46,19644,D,,,,,,
872589,2022-02-02,REGN,RYAN ARTHUR F,,0001708138-22-000012,2022-02-01,S,2,600.89,22580,D,,,,,,
872589,2022-02-16,REGN,MURPHY ANDREW J,,0001708138-22-000014,2022-02-14,M,10000,179.13,68470,D,,,,,,
872589,2022-02-16,REGN,MURPHY ANDREW J,,0001708138-22-000014,2022-02-15,S,99,622.09,61911,D,,,,,,
872589,2022-02-16,REGN,MURPHY ANDREW J,,0001708138-22-000014,2022-02-14,F,6460,626.79,62010,D,,,,,,
872589,2022-02-24,REGN,Van Plew Daniel P,,0001708138-22-000018,2022-02-22,M,40000,399.66,70578,D,,,,,,
872589,2022-02-24,REGN,Van Plew Daniel P,,0001708138-22-000018,2022-02-22,F,33219,610.56,37359,D,,,,,,
872589,2022-02-24,REGN,Van Plew Daniel P,,0001708138-22-000018,2022-02-23,S,156,607.94,37203,D,,,,,,
872589,2022-02-24,REGN,BROWN MICHAEL S,,0001708138-22-000017,2022-02-23,S,500,608.68,7162,I,,,,,,
872589,2022-03-01,REGN,SING GEORGE L,,0001883850-22-000014,2022-02-25,S,2000,621.0,28049,D,,,,,,
872589,2022-03-01,REGN,SING GEORGE L,,0001883850-22-000014,2022-02-28,S,1000,614.0,27049,D,,,,,,
872589,2022-03-03,REGN,McCourt Marion,,0001883850-22-000016,2022-03-01,S,1000,615.39,19644,D,,,,,,
872589,2022-03-03,REGN,McCourt Marion,,0001883850-22-000016,2022-03-01,M,1000,342.93,20644,D,,,,,,
872589,2022-03-03,REGN,RYAN ARTHUR F,,0001883850-22-000018,2022-03-01,S,3,607.28,22479,D,,,,,,
872589,2022-03-15,REGN,VAGELOS P ROY,,0001883850-22-000020,2022-03-14,M,75000,179.13,393669,D,,,,,,
872589,2022-03-15,REGN,VAGELOS P ROY,,0001883850-22-000020,2022-03-14,F,48103,655.29,345566,D,,,,,,
872589,2022-03-15,REGN,VAGELOS P ROY,,0001883850-22-000020,2022-01-04,G,338,0.0,141292,I,,,,,,
872589,2022-03-18,REGN,Tessier-Lavigne Marc,,0001708138-22-000020,2022-03-17,M,7830,376.69,10099,D,,,,,,
872589,2022-03-18,REGN,Tessier-Lavigne Marc,,0001708138-22-000020,2022-03-16,M,4361,374.12,6630,D,,,,,,
872589,2022-03-18,REGN,Tessier-Lavigne Marc,,0001708138-22-000020,2022-03-17,S,7830,680.0,2269,D,,,,,,
872589,2022-03-18,REGN,Landry Robert E,,0001708138-22-000022,2022-03-17,F,286,682.5,28956,D,,,,,,
872589,2022-03-18,REGN,Tessier-Lavigne Marc,,0001708138-22-000020,2022-03-16,S,4361,675.0,2269,D,,,,,,
872589,2022-03-18,REGN,Landry Robert E,,0001708138-22-000022,2022-03-17,S,83,686.0,28877,D,,,,,,
872589,2022-03-18,REGN,Zoghbi Huda Y,,0001708138-22-000024,2022-03-16,M,2000,391.92,3082,D,,,,,,
872589,2022-03-18,REGN,Landry Robert E,,0001708138-22-000022,2022-03-16,S,300,677.0,28960,D,,,,,,
872589,2022-03-18,REGN,Zoghbi Huda Y,,0001708138-22-000024,2022-03-16,S,2000,675.0,1082,D,,,,,,
872589,2022-03-18,REGN,Landry Robert E,,0001708138-22-000022,2022-03-17,M,365,381.92,29242,D,,,,,,
872589,2022-03-23,REGN,Landry Robert E,,0001708138-22-000028,2022-03-21,S,300,693.0,28656,D,,,,,,
872589,2022-03-23,REGN,Landry Robert E,,0001708138-22-000028,2022-03-21,M,400,381.92,29056,D,,,,,,
872589,2022-03-23,REGN,Landry Robert E,,0001708138-22-000028,2022-03-21,F,312,691.31,28744,D,,,,,,
872589,2022-03-23,REGN,Tessier-Lavigne Marc,,0001708138-22-000027,2022-03-21,M,7439,380.95,9708,D,,,,,,
872589,2022-03-23,REGN,Tessier-Lavigne Marc,,0001708138-22-000027,2022-03-21,S,7439,690.0,2269,D,,,,,,
872589,2022-03-30,REGN,Landry Robert E,,0001883850-22-000022,2022-03-28,M,1250,555.67,29994,D,,,,,,
872589,2022-03-30,REGN,Landry Robert E,,0001883850-22-000022,2022-03-28,F,1134,685.26,28860,D,,,,,,
872589,2022-03-30,REGN,Landry Robert E,,0001883850-22-000022,2022-03-29,S,54,681.9,31373,D,,,,,,
872589,2022-03-31,REGN,BROWN MICHAEL S,,0001708138-22-000030,2022-03-29,M,1522,374.12,2604,D,,,,,,
872589,2022-03-31,REGN,BROWN MICHAEL S,,0001708138-22-000030,2022-03-29,S,1522,699.0,1082,D,,,,,,
872589,2022-03-31,REGN,BROWN MICHAEL S,,0001708138-22-000030,2022-03-30,M,408,374.12,1490,D,,,,,,
872589,2022-03-31,REGN,BROWN MICHAEL S,,0001708138-22-000030,2022-03-30,S,408,699.0,1082,D,,,,,,
872589,2022-04-01,REGN,Landry Robert E,,0001883850-22-000028,2022-04-01,S,301,695.5,28759,D,,,,,,
872589,2022-04-01,REGN,Fenimore Christopher R.,,0001883850-22-000029,2022-03-31,F,1797,700.99,21628,D,,,,,,
872589,2022-04-01,REGN,Landry Robert E,,0001883850-22-000028,2022-03-31,F,1184,700.99,29060,D,,,,,,
872589,2022-04-01,REGN,Landry Robert E,,0001883850-22-000028,2022-03-31,M,1500,399.66,30244,D,,,,,,
872589,2022-04-01,REGN,Fenimore Christopher R.,,0001883850-22-000029,2022-03-31,M,2000,555.67,23425,D,,,,,,
872589,2022-04-01,REGN,GOLDSTEIN JOSEPH L,,0001883850-22-000032,2022-03-30,M,2431,374.12,8513,D,,,,,,
872589,2022-04-01,REGN,GOLDSTEIN JOSEPH L,,0001883850-22-000032,2022-03-30,S,2431,700.0,6082,D,,,,,,
872589,2022-04-01,REGN,VAGELOS P ROY,,0001883850-22-000031,2022-03-30,S,14286,700.02,127006,I,,,,,,
872589,2022-04-01,REGN,Bassler Bonnie L,,0001883850-22-000030,2022-03-30,M,1240,380.95,2322,D,,,,,,
872589,2022-04-01,REGN,Bassler Bonnie L,,0001883850-22-000030,2022-03-30,S,1240,700.0,1082,D,,,,,,
872589,2022-04-04,REGN,RYAN ARTHUR F,,0001883850-22-000035,2022-04-01,S,6,686.83,22376,D,,,,,,
872589,2022-04-04,REGN,LAROSA JOSEPH J,,0001708138-22-000033,2022-04-01,S,369,685.71,26759,D,,,,,,
872589,2022-04-04,REGN,SCHLEIFER LEONARD S,,0001883850-22-000036,2022-03-31,S,2886,710.01,18292,I,,,,,,
872589,2022-04-04,REGN,McCourt Marion,,0001708138-22-000034,2022-04-01,M,1000,342.93,20644,D,,,,,,
872589,2022-04-04,REGN,McCourt Marion,,0001708138-22-000034,2022-04-01,S,1000,701.82,19644,D,,,,,,
872589,2022-04-07,REGN,SCHLEIFER LEONARD S,,0001883850-22-000038,2022-04-05,S,4461,710.05,13831,I,,,,,,
872589,2022-04-07,REGN,SCHLEIFER LEONARD S,,0001883850-22-000038,2022-04-06,S,2653,710.04,11178,I,,,,,,
872589,2022-04-11,REGN,Fenimore Christopher R.,,0001708138-22-000039,2022-04-08,M,2450,555.67,27221,D,,,,,,
872589,2022-04-11,REGN,Landry Robert E,,0001883850-22-000040,2022-04-07,F,1175,716.09,29069,D,,,,,,
872589,2022-04-11,REGN,Landry Robert E,,0001883850-22-000040,2022-04-08,S,16,724.33,29053,D,,,,,,
872589,2022-04-11,REGN,Bassler Bonnie L,,0001708138-22-000038,2022-04-07,S,1240,725.0,1082,D,,,,,,
872589,2022-04-11,REGN,Landry Robert E,,0001883850-22-000040,2022-04-08,F,4586,736.21,30158,D,,,,,,
872589,2022-04-11,REGN,Landry Robert E,,0001883850-22-000040,2022-04-11,S,74,729.76,30532,D,,,,,,
872589,2022-04-11,REGN,Landry Robert E,,0001883850-22-000040,2022-04-07,M,1500,399.66,30244,D,,,,,,
872589,2022-04-11,REGN,Landry Robert E,,0001883850-22-000040,2022-04-08,M,6000,381.92,34744,D,,,,,,
872589,2022-04-11,REGN,Fenimore Christopher R.,,0001708138-22-000039,2022-04-08,F,2155,736.21,25066,D,,,,,,
872589,2022-04-11,REGN,Bassler Bonnie L,,0001708138-22-000038,2022-04-07,M,1240,380.95,2322,D,,,,,,
872589,2022-04-11,REGN,LAROSA JOSEPH J,,0001708138-22-000040,2022-04-07,S,5114,721.1,16900,D,,,,,,
872589,2022-05-03,REGN,RYAN ARTHUR F,,0001883850-22-000044,2022-05-02,S,5,643.76,22277,D,,,,,,
872589,2022-05-03,REGN,McCourt Marion,,0001883850-22-000043,2022-05-02,M,1100,342.93,20744,D,,,,,,
872589,2022-05-03,REGN,McCourt Marion,,0001883850-22-000043,2022-05-02,S,1100,656.97,19644,D,,,,,,
872589,2022-05-18,REGN,MURPHY ANDREW J,,0001883850-22-000046,2022-05-17,S,59,655.4,61954,D,,,,,,
872589,2022-05-18,REGN,MURPHY ANDREW J,,0001883850-22-000046,2022-05-16,F,6457,648.31,62013,D,,,,,,
872589,2022-05-18,REGN,MURPHY ANDREW J,,0001883850-22-000046,2022-05-16,M,10000,179.13,68470,D,,,,,,
872589,2022-06-03,REGN,McCourt Marion,,0001708138-22-000042,2022-06-01,S,1100,669.51,19644,D,,,,,,
872589,2022-06-03,REGN,McCourt Marion,,0001708138-22-000042,2022-06-01,M,1100,342.93,20744,D,,,,,,
872589,2022-07-05,REGN,McCourt Marion,,0001883850-22-000048,2022-07-01,M,1100,342.93,20744,D,,,,,,
872589,2022-07-05,REGN,McCourt Marion,,0001883850-22-000048,2022-07-01,S,1100,587.76,19644,D,,,,,,
872589,2022-08-02,REGN,McCourt Marion,,0001883850-22-000050,2022-08-01,M,1100,342.93,20744,D,,,,,,
872589,2022-08-02,REGN,McCourt Marion,,0001883850-22-000050,2022-08-01,S,1100,581.53,19644,D,,,,,,
872589,2022-08-08,REGN,STAHL NEIL,,0001883850-22-000053,2022-08-04,M,95000,270.43,147795,D,,,,,,
872589,2022-08-08,REGN,STAHL NEIL,,0001883850-22-000053,2022-08-05,S,176,606.78,76401,D,,,,,,
872589,2022-08-08,REGN,STAHL NEIL,,0001883850-22-000053,2022-08-04,F,71218,613.0,76577,D,,,,,,
872589,2022-08-08,REGN,STAHL NEIL,,0001883850-22-000053,2022-02-18,G,335,0.0,52795,D,,,,,,
872589,2022-08-08,REGN,RYAN ARTHUR F,,0001883850-22-000054,2022-08-04,G,2500,0.0,19682,D,,,,,,
872589,2022-08-08,REGN,RYAN ARTHUR F,,0001883850-22-000054,2022-08-04,S,4887,620.85,18408,D,,,,,,
872589,2022-08-08,REGN,RYAN ARTHUR F,,0001883850-22-000054,2022-08-04,M,3613,482.68,23295,D,,,,,,
872589,2022-08-11,REGN,POON CHRISTINE A,,0001883850-22-000056,2022-08-09,M,15000,177.82,16872,D,,,,,,
872589,2022-08-11,REGN,POON CHRISTINE A,,0001883850-22-000056,2022-08-09,S,6814,620.47,10058,D,,,,,,
872589,2022-08-17,REGN,MURPHY ANDREW J,,0001883850-22-000058,2022-08-15,M,10000,179.13,68470,D,,,,,,
872589,2022-08-17,REGN,MURPHY ANDREW J,,0001883850-22-000058,2022-08-15,F,6487,634.25,61983,D,,,,,,
872589,2022-08-17,REGN,MURPHY ANDREW J,,0001883850-22-000058,2022-08-16,S,76,639.85,61907,D,,,,,,
872589,2022-09-02,REGN,McCourt Marion,,0001883850-22-000060,2022-09-01,S,1100,577.62,19644,D,,,,,,
872589,2022-09-02,REGN,McCourt Marion,,0001883850-22-000060,2022-09-01,M,1100,342.93,20744,D,,,,,,
872589,2022-09-08,REGN,RYAN ARTHUR F,,0001883850-22-000064,2022-09-06,S,3,576.85,19679,D,,,,,,
872589,2022-09-08,REGN,COLES N ANTHONY,,0001883850-22-000063,2022-09-06,M,2216,374.12,3309,D,,,,,,
872589,2022-09-08,REGN,COLES N ANTHONY,,0001883850-22-000063,2022-09-06,S,300,576.73,3009,D,,,,,,
872589,2022-09-12,REGN,Bassler Bonnie L,,0001883850-22-000068,2022-09-09,S,609,741.0,1082,D,,,,,,
872589,2022-09-12,REGN,LAROSA JOSEPH J,,0001883850-22-000067,2022-09-09,M,30000,270.43,41580,D,,,,,,
872589,2022-09-12,REGN,LAROSA JOSEPH J,,0001883850-22-000067,2022-09-09,F,20730,730.96,20850,D,,,,,,
872589,2022-09-12,REGN,Bassler Bonnie L,,0001883850-22-000068,2022-09-08,M,1279,391.92,2361,D,,,,,,
872589,2022-09-12,REGN,Bassler Bonnie L,,0001883850-22-000068,2022-09-08,S,1279,705.0,1082,D,,,,,,
872589,2022-09-12,REGN,Bassler Bonnie L,,0001883850-22-000068,2022-09-09,M,609,376.69,1691,D,,,,,,
872589,2022-09-13,REGN,Van Plew Daniel P,,0001883850-22-000070,2022-09-09,M,40000,555.67,70578,D,,,,,,
872589,2022-09-13,REGN,Van Plew Daniel P,,0001883850-22-000070,2022-09-12,S,87,709.93,35187,D,,,,,,
872589,2022-09-13,REGN,Van Plew Daniel P,,0001883850-22-000070,2022-09-09,F,35304,730.96,35274,D,,,,,,
872589,2022-10-03,REGN,Tessier-Lavigne Marc,,0001883850-22-000072,2022-09-29,M,3798,413.33,6067,D,,,,,,
872589,2022-10-03,REGN,Tessier-Lavigne Marc,,0001883850-22-000072,2022-09-29,S,16,686.89,6051,D,,,,,,
872589,2022-10-03,REGN,Tessier-Lavigne Marc,,0001883850-22-000072,2022-09-30,M,3428,413.33,5697,D,,,,,,
872589,2022-10-03,REGN,Tessier-Lavigne Marc,,0001883850-22-000072,2022-09-30,S,3428,698.0,2269,D,,,,,,
872589,2022-10-03,REGN,Tessier-Lavigne Marc,,0001883850-22-000072,2022-10-03,M,3612,413.33,5881,D,,,,,,
872589,2022-10-03,REGN,Tessier-Lavigne Marc,,0001883850-22-000072,2022-10-03,S,3612,718.0,2269,D,,,,,,
872589,2022-10-05,REGN,Thompson Craig B.,,0001104659-22-106311,2022-10-03,A,279,0.0,279,D,,,,,,
872589,2022-10-05,REGN,McCourt Marion,,0001883850-22-000078,2022-10-03,M,600,372.46,20244,D,,,,,,
872589,2022-10-05,REGN,McCourt Marion,,0001883850-22-000078,2022-10-03,S,600,705.39,19644,D,,,,,,
872589,2022-10-05,REGN,Fenimore Christopher R.,,0001883850-22-000077,2022-10-03,S,3346,724.0,18269,D,,,,,,
872589,2022-10-05,REGN,RYAN ARTHUR F,,0001883850-22-000076,2022-10-03,S,2,705.39,19580,D,,,,,,
872589,2022-10-07,REGN,Fenimore Christopher R.,,0001883850-22-000080,2022-10-05,S,1844,749.0,16425,D,,,,,,
872589,2022-10-18,REGN,Landry Robert E,,0001883850-22-000082,2022-10-14,M,1500,381.92,30244,D,,,,,,
872589,2022-10-18,REGN,Landry Robert E,,0001883850-22-000082,2022-10-14,F,1142,743.78,29102,D,,,,,,
872589,2022-10-18,REGN,Landry Robert E,,0001883850-22-000082,2022-10-17,S,358,739.5,28744,D,,,,,,
872589,2022-11-02,REGN,Landry Robert E,,0001883850-22-000086,2022-10-31,F,1518,751.24,29226,D,,,,,,
872589,2022-11-02,REGN,Landry Robert E,,0001883850-22-000086,2022-10-31,M,2000,381.92,30744,D,,,,,,
872589,2022-11-02,REGN,McCourt Marion,,0001883850-22-000085,2022-11-01,M,1100,372.46,20744,D,,,,,,
872589,2022-11-02,REGN,Landry Robert E,,0001883850-22-000086,2022-11-01,S,1,750.0,29225,D,,,,,,
872589,2022-11-02,REGN,McCourt Marion,,0001883850-22-000085,2022-11-01,S,1100,750.0,19644,D,,,,,,
872589,2022-11-03,REGN,RYAN ARTHUR F,,0001883850-22-000088,2022-11-01,S,2,750.0,19480,D,,,,,,
872589,2022-11-07,REGN,McCourt Marion,,0001883850-22-000090,2022-11-04,M,1000,372.46,20644,D,,,,,,
872589,2022-11-07,REGN,McCourt Marion,,0001883850-22-000090,2022-11-04,S,1000,727.82,19644,D,,,,,,
872589,2022-11-08,REGN,Van Plew Daniel P,,0001883850-22-000092,2022-11-04,M,34000,381.92,64578,D,,,,,,
872589,2022-11-08,REGN,Van Plew Daniel P,,0001883850-22-000092,2022-11-04,F,26114,725.84,38464,D,,,,,,
872589,2022-11-08,REGN,Van Plew Daniel P,,0001883850-22-000092,2022-11-07,S,100,742.79,38364,D,,,,,,
872589,2022-11-10,REGN,BROWN MICHAEL S,,0001883850-22-000094,2022-11-08,S,1764,748.48,1749,D,,,,,,
872589,2022-11-10,REGN,BROWN MICHAEL S,,0001883850-22-000094,2022-11-08,M,2431,374.12,3513,D,,,,,,
872589,2022-11-16,REGN,MURPHY ANDREW J,,0001883850-22-000096,2022-11-14,G,1360,0.0,57110,D,,,,,,
872589,2022-11-16,REGN,MURPHY ANDREW J,,0001883850-22-000096,2022-11-14,M,10000,179.13,67110,D,,,,,,
872589,2022-11-16,REGN,MURPHY ANDREW J,,0001883850-22-000096,2022-11-14,F,6280,746.0,60830,D,,,,,,
872589,2022-11-16,REGN,MURPHY ANDREW J,,0001883850-22-000096,2022-11-15,S,109,718.6,60721,D,,,,,,
872589,2022-11-25,REGN,Van Plew Daniel P,,0001883850-22-000098,2022-11-22,M,50000,378.98,80578,D,,,,,,
872589,2022-11-25,REGN,Van Plew Daniel P,,0001883850-22-000098,2022-11-22,F,38028,741.81,42550,D,,,,,,
872589,2022-11-25,REGN,Van Plew Daniel P,,0001883850-22-000098,2022-11-23,S,686,735.57,41864,D,,,,,,
872589,2022-12-02,REGN,Landry Robert E,,0001883850-22-000102,2022-12-01,M,2500,381.92,31244,D,,,,,,
872589,2022-12-02,REGN,Landry Robert E,,0001883850-22-000102,2022-12-02,S,582,756.5,28772,D,,,,,,
872589,2022-12-02,REGN,Landry Robert E,,0001883850-22-000102,2022-12-01,F,1890,760.35,29354,D,,,,,,
872589,2022-12-02,REGN,McCourt Marion,,0001883850-22-000103,2022-12-01,S,1100,756.19,19644,D,,,,,,
872589,2022-12-02,REGN,McCourt Marion,,0001883850-22-000103,2022-12-01,M,1100,372.46,20744,D,,,,,,
872589,2022-12-02,REGN,RYAN ARTHUR F,,0001883850-22-000104,2022-12-01,S,3,752.57,19379,D,,,,,,
872589,2022-12-12,REGN,Bassler Bonnie L,,0001883850-22-000108,2022-12-08,M,218,380.95,1300,D,,,,,,
872589,2022-12-12,REGN,Bassler Bonnie L,,0001883850-22-000108,2022-12-08,S,218,779.0,1082,D,,,,,,
872589,2022-12-12,REGN,Landry Robert E,,0001883850-22-000107,2022-12-08,M,3000,381.92,31744,D,,,,,,
872589,2022-12-12,REGN,Landry Robert E,,0001883850-22-000107,2022-12-08,F,2261,768.54,29483,D,,,,,,
872589,2022-12-12,REGN,Landry Robert E,,0001883850-22-000107,2022-12-09,F,492,753.28,28991,D,,,,,,
872589,2022-12-13,REGN,STAHL NEIL,,0001883850-22-000119,2022-12-09,F,466,753.28,51999,D,,,,,,
872589,2022-12-13,REGN,STAHL NEIL,,0001883850-22-000119,2022-11-08,G,330,0.0,52465,D,,,,,,
872589,2022-12-13,REGN,Fenimore Christopher R.,,0001883850-22-000117,2022-10-26,G,871,0.0,0,I,,,,,,
872589,2022-12-13,REGN,Fenimore Christopher R.,,0001883850-22-000117,2022-12-09,F,247,753.28,16655,D,,,,,,
872589,2022-12-13,REGN,MURPHY ANDREW J,,0001883850-22-000120,2022-12-09,F,492,753.28,56618,D,,,,,,
872589,2022-12-13,REGN,VAGELOS P ROY,,0001883850-22-000121,2022-10-03,G,304,0.0,126043,I,,,,,,
872589,2022-12-13,REGN,Van Plew Daniel P,,0001883850-22-000118,2022-12-09,F,492,753.28,30086,D,,,,,,
872589,2022-12-13,REGN,VAGELOS P ROY,,0001883850-22-000121,2022-04-06,G,302,0.0,126704,I,,,,,,
872589,2022-12-13,REGN,VAGELOS P ROY,,0001883850-22-000121,2022-12-09,F,57,753.28,322432,D,,,,,,
872589,2022-12-13,REGN,McCourt Marion,,0001883850-22-000123,2022-12-12,S,264,730.17,19106,D,,,,,,
872589,2022-12-13,REGN,McCourt Marion,,0001883850-22-000123,2022-12-09,F,274,753.28,19370,D,,,,,,
872589,2022-12-13,REGN,LAROSA JOSEPH J,,0001883850-22-000122,2022-12-09,F,492,753.28,20358,D,,,,,,
872589,2022-12-13,REGN,VAGELOS P ROY,,0001883850-22-000121,2022-07-05,G,357,0.0,126347,I,,,,,,
872589,2022-12-13,REGN,VAGELOS P ROY,,0001883850-22-000121,2022-05-24,G,23077,0.0,322489,D,,,,,,
872589,2022-12-20,REGN,LAROSA JOSEPH J,,0001883850-22-000133,2022-12-16,A,2752,0.0,23110,D,,,,,,
872589,2022-12-20,REGN,Landry Robert E,,0001883850-22-000132,2022-12-16,A,3853,0.0,32844,D,,,,,,
872589,2022-12-20,REGN,Fenimore Christopher R.,,0001883850-22-000131,2022-12-16,A,1926,0.0,18581,D,,,,,,
872589,2022-12-20,REGN,McCourt Marion,,0001883850-22-000134,2022-12-16,A,2973,0.0,22079,D,,,,,,
872589,2022-12-20,REGN,VAGELOS P ROY,,0001883850-22-000139,2022-12-16,A,1651,0.0,324083,D,,,,,,
872589,2022-12-20,REGN,STAHL NEIL,,0001883850-22-000136,2022-12-16,A,1101,0.0,53100,D,,,,,,
872589,2022-12-20,REGN,MURPHY ANDREW J,,0001883850-22-000135,2022-12-16,A,4129,0.0,60747,D,,,,,,
872589,2022-12-20,REGN,Van Plew Daniel P,,0001883850-22-000137,2022-12-16,A,3798,0.0,33884,D,,,,,,
872589,2022-12-21,REGN,VAGELOS P ROY,,0001883850-22-000141,2022-12-20,I,30,728.86,2072,I,,,,,,
872589,2022-12-30,REGN,COLES N ANTHONY,,0001883850-22-000143,2022-12-28,M,2145,374.12,3238,D,,,,,,
872589,2022-12-30,REGN,COLES N ANTHONY,,0001883850-22-000143,2022-12-28,S,181,707.87,6670,D,,,,,,
872589,2023-01-05,REGN,Zoghbi Huda Y,,0001883850-23-000013,2023-01-03,A,165,0.0,1247,D,,,,,,
872589,2023-01-05,REGN,McCourt Marion,,0001883850-23-000021,2023-01-03,M,1100,372.46,23179,D,,,,,,
872589,2023-01-05,REGN,Thompson Craig B.,,0001883850-23-000011,2023-01-03,A,40,0.0,319,D,,,,,,
872589,2023-01-05,REGN,Tessier-Lavigne Marc,,0001883850-23-000014,2023-01-03,A,165,0.0,2434,D,,,,,,
872589,2023-01-05,REGN,SING GEORGE L,,0001883850-23-000016,2023-01-03,A,165,0.0,26214,D,,,,,,
872589,2023-01-05,REGN,Bassler Bonnie L,,0001883850-23-000020,2023-01-03,A,165,0.0,1247,D,,,,,,
872589,2023-01-05,REGN,COLES N ANTHONY,,0001883850-23-000012,2023-01-03,A,165,0.0,1258,D,,,,,,
872589,2023-01-05,REGN,RYAN ARTHUR F,,0001883850-23-000023,2023-01-03,S,14,721.48,19268,D,,,,,,
872589,2023-01-05,REGN,McCourt Marion,,0001883850-23-000021,2023-01-03,S,1100,721.86,22079,D,,,,,,
872589,2023-01-05,REGN,Tessier-Lavigne Marc,,0001883850-23-000015,2023-01-03,A,165,0.0,2434,D,,,,,,
872589,2023-01-05,REGN,GOLDSTEIN JOSEPH L,,0001883850-23-000018,2023-01-03,A,165,0.0,6247,D,,,,,,
872589,2023-01-05,REGN,POON CHRISTINE A,,0001883850-23-000017,2023-01-03,A,165,0.0,2037,D,,,,,,
872589,2023-01-05,REGN,RYAN ARTHUR F,,0001883850-23-000023,2023-01-03,A,165,0.0,19347,D,,,,,,
872589,2023-01-05,REGN,BROWN MICHAEL S,,0001883850-23-000019,2023-01-03,A,165,0.0,1247,D,,,,,,
872589,2023-01-10,REGN,BROWN MICHAEL S,,0001883850-23-000025,2023-01-06,M,3070,520.01,4317,D,,,,,,
872589,2023-01-10,REGN,BROWN MICHAEL S,,0001883850-23-000025,2023-01-06,S,3070,747.14,1247,D,,,,,,
872589,2023-01-30,REGN,BROWN MICHAEL S,,0001883850-23-000027,2023-01-27,M,1,520.01,1248,D,,,,,,
872589,2023-01-30,REGN,BROWN MICHAEL S,,0001883850-23-000027,2023-01-27,S,1,747.0,1247,D,,,,,,
872589,2023-02-03,REGN,RYAN ARTHUR F,,0001883850-23-000031,2023-02-01,S,2,752.11,19345,D,,,,,,
872589,2023-02-03,REGN,McCourt Marion,,0001883850-23-000029,2023-02-01,M,1100,372.46,23179,D,,,,,,
872589,2023-02-03,REGN,McCourt Marion,,0001883850-23-000029,2023-02-01,S,1100,752.19,22079,D,,,,,,
872589,2023-02-07,REGN,Landry Robert E,,0001883850-23-000035,2023-02-03,M,3000,381.92,35105,D,,,,,,
872589,2023-02-07,REGN,Landry Robert E,,0001883850-23-000035,2023-02-03,S,739,764.5,32105,D,,,,,,
872589,2023-02-07,REGN,Landry Robert E,,0001883850-23-000035,2023-02-03,F,2248,774.29,32857,D,,,,,,
872589,2023-02-07,REGN,Landry Robert E,,0001883850-23-000035,2023-02-06,S,51,783.05,32806,D,,,,,,
872589,2023-02-07,REGN,Fenimore Christopher R.,,0001883850-23-000037,2023-02-03,M,5000,270.43,23581,D,,,,,,
872589,2023-02-07,REGN,Bassler Bonnie L,,0001883850-23-000036,2023-02-03,M,1021,380.95,2268,D,,,,,,
872589,2023-02-07,REGN,Fenimore Christopher R.,,0001883850-23-000037,2023-02-03,F,3286,774.29,20295,D,,,,,,
872589,2023-02-07,REGN,Bassler Bonnie L,,0001883850-23-000036,2023-02-03,S,1021,779.0,1247,D,,,,,,
872589,2023-02-08,REGN,GOLDSTEIN JOSEPH L,,0001883850-23-000046,2023-02-06,S,3613,800.0,6247,D,,,,,,
872589,2023-02-08,REGN,McCourt Marion,,0001883850-23-000043,2023-02-07,M,1000,372.46,23079,D,,,,,,
872589,2023-02-08,REGN,YANCOPOULOS GEORGE,,0001883850-23-000044,2023-02-06,S,13189,800.08,200504,I,,,,,,
872589,2023-02-08,REGN,BROWN MICHAEL S,,0001883850-23-000045,2023-02-06,S,3071,798.0,1247,D,,,,,,
872589,2023-02-08,REGN,McCourt Marion,,0001883850-23-000043,2023-02-07,S,1000,769.04,22079,D,,,,,,
872589,2023-02-08,REGN,GOLDSTEIN JOSEPH L,,0001883850-23-000046,2023-02-06,M,3613,482.68,9860,D,,,,,,
872589,2023-02-08,REGN,BROWN MICHAEL S,,0001883850-23-000045,2023-02-06,M,3071,520.01,4318,D,,,,,,
872589,2023-02-14,REGN,McCourt Marion,,0001883850-23-000048,2023-02-12,F,1276,751.78,20803,D,,,,,,
872589,2023-02-24,REGN,VAGELOS P ROY,,0001883850-23-000050,2023-02-22,M,42500,270.43,366583,D,,,,,,
872589,2023-02-24,REGN,VAGELOS P ROY,,0001883850-23-000050,2023-02-22,F,29005,750.16,337578,D,,,,,,
872589,2023-02-24,REGN,VAGELOS P ROY,,0001883850-23-000050,2023-01-04,G,291,0.0,125752,I,,,,,,
872589,2023-03-03,REGN,McCourt Marion,,0001883850-23-000053,2023-03-01,S,1100,759.89,20803,D,,,,,,
872589,2023-03-03,REGN,RYAN ARTHUR F,,0001883850-23-000054,2023-03-01,S,5,758.2,19242,D,,,,,,
872589,2023-03-03,REGN,McCourt Marion,,0001883850-23-000053,2023-03-01,M,1100,372.46,21903,D,,,,,,
872589,2023-03-14,REGN,LAROSA JOSEPH J,,0001968202-23-000002,2023-03-10,G,1006,0.0,0,I,,,,,,
872589,2023-03-27,REGN,LAROSA JOSEPH J,,0001883850-23-000061,2023-03-23,F,6742,801.59,27471,D,,,,,,
872589,2023-03-27,REGN,YANCOPOULOS GEORGE,,0001883850-23-000062,2023-03-23,S,254,800.59,200250,I,,,,,,
872589,2023-03-27,REGN,LAROSA JOSEPH J,,0001883850-23-000061,2023-03-23,M,10000,270.43,34213,D,,,,,,
872589,2023-03-27,REGN,Bassler Bonnie L,,0001883850-23-000064,2023-03-24,M,1240,380.95,2487,D,,,,,,
872589,2023-03-27,REGN,Fenimore Christopher R.,,0001883850-23-000060,2023-03-23,S,2192,806.47,18409,D,,,,,,
872589,2023-03-27,REGN,VAGELOS P ROY,,0001883850-23-000063,2023-03-23,G,25000,0.0,312578,D,,,,,,
872589,2023-03-27,REGN,Bassler Bonnie L,,0001883850-23-000064,2023-03-24,S,1240,818.0,1247,D,,,,,,
872589,2023-03-29,REGN,Landry Robert E,,0001968202-23-000004,2023-03-27,M,800,381.92,32905,D,,,,,,
872589,2023-03-29,REGN,Landry Robert E,,0001968202-23-000004,2023-03-27,F,589,825.17,32316,D,,,,,,
872589,2023-03-29,REGN,Landry Robert E,,0001968202-23-000004,2023-03-27,S,39,819.47,33073,D,,,,,,
872589,2023-03-29,REGN,Landry Robert E,,0001968202-23-000004,2023-03-28,S,10,818.81,32919,D,,,,,,
872589,2023-04-05,REGN,McCourt Marion,,0001968202-23-000005,2023-04-03,M,1100,372.46,21903,D,,,,,,
872589,2023-04-05,REGN,VAGELOS P ROY,,0001968202-23-000007,2023-04-03,G,259,0.0,125493,I,,,,,,
872589,2023-04-05,REGN,RYAN ARTHUR F,,0001968202-23-000006,2023-04-03,S,7,816.58,19140,D,,,,,,
872589,2023-04-05,REGN,McCourt Marion,,0001968202-23-000005,2023-04-03,S,1100,818.8,20803,D,,,,,,
872589,2023-04-24,REGN,BROWN MICHAEL S,,0001968202-23-000009,2023-04-21,M,3070,520.01,4317,D,,,,,,
872589,2023-04-24,REGN,BROWN MICHAEL S,,0001968202-23-000009,2023-04-21,S,3070,798.42,1247,D,,,,,,
872589,2023-05-03,REGN,RYAN ARTHUR F,,0001968202-23-000011,2023-05-01,S,16,802.67,19031,D,,,,,,
872589,2023-05-10,REGN,MURPHY ANDREW J,,0001968202-23-000013,2023-05-09,G,1326,0.0,59421,D,,,,,,
872589,2023-05-17,REGN,SCHLEIFER LEONARD S,,0001883850-23-000069,2023-05-15,G,53807,0.0,0,I,,,,,,
872589,2023-06-02,REGN,McCourt Marion,,0001883850-23-000072,2023-06-01,S,250,736.0,20553,D,,,,,,
872589,2023-06-02,REGN,RYAN ARTHUR F,,0001883850-23-000073,2023-06-01,S,2,730.03,18945,D,,,,,,
872589,2023-07-06,REGN,McCourt Marion,,0001968202-23-000017,2023-07-03,S,250,710.09,20303,D,,,,,,
872589,2023-07-06,REGN,RYAN ARTHUR F,,0001968202-23-000016,2023-07-03,S,1,710.09,18846,D,,,,,,
872589,2023-08-03,REGN,RYAN ARTHUR F,,0001883850-23-000075,2023-08-01,S,2,732.76,18745,D,,,,,,
872589,2023-08-03,REGN,McCourt Marion,,0001968202-23-000019,2023-08-01,S,250,744.66,20053,D,,,,,,
872589,2023-08-11,REGN,Bassler Bonnie L,,0001883850-23-000077,2023-08-10,M,853,391.92,2100,D,,,,,,
872589,2023-08-11,REGN,Bassler Bonnie L,,0001883850-23-000077,2023-08-10,S,853,789.0,1247,D,,,,,,
872589,2023-08-23,REGN,STAHL NEIL,,0001968202-23-000023,2023-08-21,M,50000,399.66,103100,D,,,,,,
872589,2023-08-23,REGN,Bassler Bonnie L,,0001968202-23-000022,2023-08-21,S,853,829.0,1247,D,,,,,,
872589,2023-08-23,REGN,STAHL NEIL,,0001968202-23-000023,2023-08-21,F,38335,833.39,64765,D,,,,,,
872589,2023-08-23,REGN,Bassler Bonnie L,,0001968202-23-000022,2023-08-21,M,853,391.92,2100,D,,,,,,
872589,2023-08-23,REGN,STAHL NEIL,,0001968202-23-000023,2023-08-22,S,6309,840.53,58456,D,,,,,,
872589,2023-08-25,REGN,Van Plew Daniel P,,0001968202-23-000028,2023-08-24,S,138,835.67,27567,D,,,,,,
872589,2023-08-25,REGN,Van Plew Daniel P,,0001968202-23-000028,2023-08-23,F,16928,842.66,27705,D,,,,,,
872589,2023-08-25,REGN,POON CHRISTINE A,,0001968202-23-000029,2023-08-23,S,300,837.92,14017,D,,,,,,
872589,2023-08-25,REGN,Fenimore Christopher R.,,0001968202-23-000031,2023-08-23,F,5198,842.66,20942,D,,,,,,
872589,2023-08-25,REGN,POON CHRISTINE A,,0001968202-23-000029,2023-08-23,M,12280,273.67,14317,D,,,,,,
872589,2023-08-25,REGN,Fenimore Christopher R.,,0001968202-23-000031,2023-08-23,M,7000,399.66,26140,D,,,,,,
872589,2023-08-25,REGN,Landry Robert E,,0001968202-23-000030,2023-08-23,S,223,844.0,31699,D,,,,,,
872589,2023-08-25,REGN,Van Plew Daniel P,,0001968202-23-000028,2023-08-23,M,23125,381.4,44633,D,,,,,,
872589,2023-09-06,REGN,McCourt Marion,,0001968202-23-000033,2023-09-01,S,250,834.55,19803,D,,,,,,
872589,2023-09-12,REGN,Schenkein David P,,0001104659-23-099992,2023-09-08,A,240,0.0,240,D,,,,,,
872589,2023-09-12,REGN,Guarini Kathryn,,0001104659-23-099988,2023-09-08,A,240,0.0,240,D,,,,,,
872589,2023-10-03,REGN,McCourt Marion,,0001968202-23-000035,2023-10-02,M,1038,372.46,20841,D,,,,,,
872589,2023-10-03,REGN,McCourt Marion,,0001968202-23-000035,2023-10-02,S,1038,827.0,19803,D,,,,,,
872589,2023-10-17,REGN,Zoghbi Huda Y,,0001968202-23-000037,2023-10-13,M,1000,391.92,2247,D,,,,,,
872589,2023-10-17,REGN,Zoghbi Huda Y,,0001968202-23-000037,2023-10-13,S,1000,850.0,1247,D,,,,,,
872589,2023-11-02,REGN,McCourt Marion,,0001883850-23-000079,2023-11-01,M,1000,381.4,20803,D,,,,,,
872589,2023-11-02,REGN,McCourt Marion,,0001883850-23-000079,2023-11-01,S,1000,783.91,19803,D,,,,,,
872589,2023-11-08,REGN,RYAN ARTHUR F,,0001968202-23-000039,2023-11-07,S,6,824.59,18641,D,,,,,,
872589,2023-11-14,REGN,STAHL NEIL,,0001968202-23-000040,2023-11-10,G,400,0.0,52700,D,,,,,,
872589,2023-11-15,REGN,MURPHY ANDREW J,,0001968202-23-000042,2023-11-14,S,752,794.57,65161,D,,,,,,
872589,2023-11-15,REGN,MURPHY ANDREW J,,0001968202-23-000042,2023-11-13,F,13508,795.69,65913,D,,,,,,
872589,2023-11-15,REGN,MURPHY ANDREW J,,0001968202-23-000042,2023-11-13,M,20000,270.43,79421,D,,,,,,
872589,2023-12-04,REGN,RYAN ARTHUR F,,0001968202-23-000044,2023-12-01,S,1,809.03,18546,D,,,,,,
872589,2023-12-06,REGN,MURPHY ANDREW J,,0001968202-23-000046,2023-12-04,M,20000,270.43,79421,D,,,,,,
872589,2023-12-06,REGN,MURPHY ANDREW J,,0001968202-23-000046,2023-12-04,F,13464,813.58,65957,D,,,,,,
872589,2023-12-06,REGN,MURPHY ANDREW J,,0001968202-23-000046,2023-12-05,S,136,810.38,65821,D,,,,,,
872589,2023-12-12,REGN,Fenimore Christopher R.,,0001968202-23-000050,2023-12-08,A,2370,0.0,22838,D,,,,,,
872589,2023-12-12,REGN,LAROSA JOSEPH J,,0001968202-23-000052,2023-12-11,F,669,844.09,30036,D,,,,,,
872589,2023-12-12,REGN,LAROSA JOSEPH J,,0001968202-23-000052,2023-12-08,A,2133,0.0,30705,D,,,,,,
872589,2023-12-12,REGN,Fenimore Christopher R.,,0001968202-23-000050,2023-12-11,F,1276,844.09,21562,D,,,,,,
872589,2023-12-12,REGN,McCourt Marion,,0001883850-23-000088,2023-12-11,F,373,844.09,20441,D,,,,,,
872589,2023-12-12,REGN,Fenimore Christopher R.,,0001968202-23-000050,2023-12-08,F,474,843.79,20468,D,,,,,,
872589,2023-12-12,REGN,Van Plew Daniel P,,0001883850-23-000091,2023-12-11,F,2552,844.09,21047,D,,,,,,
872589,2023-12-12,REGN,Landry Robert E,,0001968202-23-000051,2023-12-11,F,669,844.09,30017,D,,,,,,
872589,2023-12-12,REGN,McCourt Marion,,0001883850-23-000088,2023-12-11,S,270,838.44,20814,D,,,,,,
872589,2023-12-12,REGN,Landry Robert E,,0001968202-23-000051,2023-12-08,F,1013,843.79,30686,D,,,,,,
872589,2023-12-12,REGN,MURPHY ANDREW J,,0001883850-23-000089,2023-12-08,F,883,843.79,58538,D,,,,,,
872589,2023-12-12,REGN,MURPHY ANDREW J,,0001883850-23-000089,2023-12-11,F,5105,844.09,56632,D,,,,,,
872589,2023-12-12,REGN,Van Plew Daniel P,,0001883850-23-000091,2023-12-08,A,3199,0.0,23599,D,,,,,,
872589,2023-12-12,REGN,McCourt Marion,,0001883850-23-000088,2023-12-08,A,2133,0.0,21084,D,,,,,,
872589,2023-12-12,REGN,STAHL NEIL,,0001883850-23-000090,2023-12-11,F,725,844.09,52019,D,,,,,,
872589,2023-12-12,REGN,Van Plew Daniel P,,0001883850-23-000091,2023-12-08,F,1108,843.79,20400,D,,,,,,
872589,2023-12-12,REGN,STAHL NEIL,,0001883850-23-000090,2023-12-08,A,853,0.0,52744,D,,,,,,
872589,2023-12-12,REGN,STAHL NEIL,,0001883850-23-000090,2023-12-08,F,809,843.79,51891,D,,,,,,
872589,2023-12-12,REGN,LAROSA JOSEPH J,,0001968202-23-000052,2023-12-08,F,852,843.79,28572,D,,,,,,
872589,2023-12-12,REGN,McCourt Marion,,0001883850-23-000088,2023-12-08,F,852,843.79,18951,D,,,,,,
872589,2023-12-12,REGN,MURPHY ANDREW J,,0001883850-23-000089,2023-12-08,A,3199,0.0,61737,D,,,,,,
872589,2023-12-13,REGN,YANCOPOULOS GEORGE,,0001883850-23-000095,2023-12-11,M,25155,,765327,D,,,,,,
872589,2023-12-13,REGN,YANCOPOULOS GEORGE,,0001883850-23-000095,2023-12-11,F,12841,844.09,752486,D,,,,,,
872589,2023-12-13,REGN,SCHLEIFER LEONARD S,,0001883850-23-000094,2023-12-11,M,25155,,387270,D,,,,,,
872589,2023-12-13,REGN,SCHLEIFER LEONARD S,,0001883850-23-000094,2023-12-11,F,12841,844.09,374429,D,,,,,,
872589,2023-12-14,REGN,Bassler Bonnie L,,0001883850-23-000099,2023-12-13,M,610,376.69,1857,D,,,,,,
872589,2023-12-14,REGN,Landry Robert E,,0001883850-23-000100,2023-12-13,F,723,871.12,21361,D,,,,,,
872589,2023-12-14,REGN,Landry Robert E,,0001883850-23-000100,2023-12-13,M,1000,378.98,22084,D,,,,,,
872589,2023-12-14,REGN,Bassler Bonnie L,,0001883850-23-000099,2023-12-13,S,610,870.0,1247,D,,,,,,
872589,2023-12-14,REGN,Fenimore Christopher R.,,0001883850-23-000101,2023-12-12,F,2552,856.71,18750,D,,,,,,
872589,2023-12-14,REGN,McCourt Marion,,0001968202-23-000056,2023-12-12,F,5105,856.71,15336,D,,,,,,
872589,2023-12-14,REGN,MURPHY ANDREW J,,0001968202-23-000055,2023-12-12,F,7657,856.71,48306,D,,,,,,
872589,2023-12-14,REGN,Landry Robert E,,0001883850-23-000100,2023-12-12,F,6381,856.71,21084,D,,,,,,
872589,2023-12-26,REGN,Fenimore Christopher R.,,0001883850-23-000103,2023-12-21,S,456,843.79,18294,D,,,,,,
872589,2023-12-26,REGN,Fenimore Christopher R.,,0001883850-23-000103,2023-12-22,S,250,846.27,16820,D,,,,,,
872589,2023-12-29,REGN,Landry Robert E,,0001883850-23-000108,2023-12-28,F,612,884.88,21807,D,,,,,,
872589,2023-12-29,REGN,Landry Robert E,,0001883850-23-000108,2023-12-28,M,850,378.98,22419,D,,,,,,
872589,2023-12-29,REGN,Landry Robert E,,0001883850-23-000108,2023-12-27,M,750,378.98,22111,D,,,,,,
872589,2023-12-29,REGN,Landry Robert E,,0001883850-23-000108,2023-12-27,F,542,872.21,21569,D,,,,,,
872589,2023-12-29,REGN,BROWN MICHAEL S,,0001883850-23-000109,2023-12-27,S,2049,898.0,1247,D,,,,,,
872589,2023-12-29,REGN,BROWN MICHAEL S,,0001883850-23-000109,2023-12-27,M,2049,482.68,3296,D,,,,,,
872589,2023-12-29,REGN,Fenimore Christopher R.,,0001883850-23-000107,2023-12-27,S,2448,856.71,14372,D,,,,,,
872589,2024-01-04,REGN,Bassler Bonnie L,,0001968202-24-000027,2024-01-02,A,135,0.0,1382,D,,,,,,
872589,2024-01-04,REGN,SING GEORGE L,,0001968202-24-000024,2024-01-02,A,135,0.0,26349,D,,,,,,
872589,2024-01-04,REGN,Zoghbi Huda Y,,0001968202-24-000028,2024-01-02,M,1117,391.92,2364,D,,,,,,
872589,2024-01-04,REGN,COLES N ANTHONY,,0001968202-24-000029,2024-01-02,A,135,0.0,1393,D,,,,,,
872589,2024-01-04,REGN,POON CHRISTINE A,,0001968202-24-000026,2024-01-02,A,135,0.0,2172,D,,,,,,
872589,2024-01-04,REGN,Zoghbi Huda Y,,0001968202-24-000028,2024-01-02,S,1117,900.0,1247,D,,,,,,
872589,2024-01-04,REGN,Bassler Bonnie L,,0001968202-24-000027,2024-01-03,S,826,914.0,1382,D,,,,,,
872589,2024-01-04,REGN,Zoghbi Huda Y,,0001968202-24-000028,2024-01-02,A,135,0.0,1382,D,,,,,,
872589,2024-01-04,REGN,RYAN ARTHUR F,,0001968202-24-000025,2024-01-02,S,1,873.91,18446,D,,,,,,
872589,2024-01-04,REGN,GOLDSTEIN JOSEPH L,,0001968202-24-000023,2024-01-02,A,135,0.0,6382,D,,,,,,
872589,2024-01-04,REGN,BROWN MICHAEL S,,0001968202-24-000022,2024-01-02,A,135,0.0,1382,D,,,,,,
872589,2024-01-04,REGN,Bassler Bonnie L,,0001968202-24-000027,2024-01-03,M,826,380.95,2208,D,,,,,,
872589,2024-01-04,REGN,RYAN ARTHUR F,,0001968202-24-000025,2024-01-02,A,135,0.0,18482,D,,,,,,
872589,2024-01-04,REGN,Thompson Craig B.,,0001883850-24-000001,2024-01-02,A,135,0.0,454,D,,,,,,
872589,2024-01-04,REGN,Guarini Kathryn,,0001883850-24-000002,2024-01-02,A,42,0.0,282,D,,,,,,
872589,2024-01-04,REGN,McCourt Marion,,0001883850-24-000004,2024-01-02,S,274,873.91,15062,D,,,,,,
872589,2024-01-04,REGN,Landry Robert E,,0001883850-24-000005,2024-01-03,F,688,912.3,22448,D,,,,,,
872589,2024-01-04,REGN,Landry Robert E,,0001883850-24-000005,2024-01-02,F,421,888.34,22036,D,,,,,,
872589,2024-01-04,REGN,Landry Robert E,,0001883850-24-000005,2024-01-03,M,1100,378.98,23136,D,,,,,,
872589,2024-01-04,REGN,Landry Robert E,,0001883850-24-000005,2024-01-02,M,650,378.98,22457,D,,,,,,
872589,2024-01-04,REGN,YANCOPOULOS GEORGE,,0001883850-24-000007,2024-01-02,S,16848,900.0,180000,I,,,,,,
872589,2024-01-04,REGN,LAROSA JOSEPH J,,0001883850-24-000006,2024-01-03,F,24493,912.3,39543,D,,,,,,
872589,2024-01-04,REGN,Fenimore Christopher R.,,0001883850-24-000008,2024-01-03,F,4043,912.3,15329,D,,,,,,
872589,2024-01-04,REGN,LAROSA JOSEPH J,,0001883850-24-000006,2024-01-03,M,34000,399.66,64036,D,,,,,,
872589,2024-01-04,REGN,Fenimore Christopher R.,,0001883850-24-000008,2024-01-03,M,5000,555.67,19372,D,,,,,,
872589,2024-01-04,REGN,Schenkein David P,,0001883850-24-000003,2024-01-02,A,42,0.0,282,D,,,,,,
872589,2024-01-08,REGN,Landry Robert E,,0001968202-24-000031,2024-01-04,M,500,378.98,22948,D,,,,,,
872589,2024-01-08,REGN,Landry Robert E,,0001968202-24-000031,2024-01-04,F,342,917.05,22606,D,,,,,,
872589,2024-01-17,REGN,Landry Robert E,,0001968202-24-000034,2024-01-12,F,568,928.18,22838,D,,,,,,
872589,2024-01-17,REGN,Landry Robert E,,0001968202-24-000034,2024-01-12,M,800,378.98,23406,D,,,,,,
872589,2024-01-18,REGN,Landry Robert E,,0001968202-24-000036,2024-01-17,F,354,932.34,22984,D,,,,,,
872589,2024-01-18,REGN,Landry Robert E,,0001968202-24-000036,2024-01-17,M,500,378.98,23338,D,,,,,,
872589,2024-01-25,REGN,GOLDSTEIN JOSEPH L,,0001968202-24-000042,2024-01-23,M,2707,625.6,9089,D,,,,,,
872589,2024-01-25,REGN,GOLDSTEIN JOSEPH L,,0001968202-24-000042,2024-01-23,S,2707,950.0,6382,D,,,,,,
872589,2024-01-25,REGN,Fenimore Christopher R.,,0001968202-24-000041,2024-01-23,M,5000,555.67,21860,D,,,,,,
872589,2024-01-25,REGN,Fenimore Christopher R.,,0001968202-24-000041,2024-01-23,F,3986,948.5,17874,D,,,,,,
872589,2024-01-25,REGN,Landry Robert E,,0001968202-24-000040,2024-01-23,M,1100,378.98,24084,D,,,,,,
872589,2024-01-25,REGN,Landry Robert E,,0001968202-24-000040,2024-01-23,F,776,948.5,23308,D,,,,,,
872589,2024-01-25,REGN,Landry Robert E,,0001968202-24-000040,2024-01-24,M,500,378.98,23808,D,,,,,,
872589,2024-01-25,REGN,Landry Robert E,,0001968202-24-000040,2024-01-24,F,352,951.26,23456,D,,,,,,
872589,2024-01-31,REGN,Bassler Bonnie L,,0001883850-24-000010,2024-01-30,M,827,380.95,2209,D,,,,,,
872589,2024-01-31,REGN,Bassler Bonnie L,,0001883850-24-000010,2024-01-30,S,827,959.0,1382,D,,,,,,
872589,2024-02-02,REGN,McCourt Marion,,0001968202-24-000046,2024-02-01,S,273,945.61,14789,D,,,,,,
872589,2024-02-02,REGN,Landry Robert E,,0001968202-24-000045,2024-01-31,M,400,378.98,23856,D,,,,,,
872589,2024-02-02,REGN,Landry Robert E,,0001968202-24-000045,2024-01-31,F,282,953.42,23574,D,,,,,,
872589,2024-02-05,REGN,RYAN ARTHUR F,,0001968202-24-000048,2024-02-01,S,1,939.53,18481,D,,,,,,
872589,2024-02-06,REGN,Landry Robert E,,0001968202-24-000053,2024-02-02,F,281,956.65,23693,D,,,,,,
872589,2024-02-06,REGN,STAHL NEIL,,0001968202-24-000054,2024-02-02,F,22713,956.65,60056,D,,,,,,
872589,2024-02-06,REGN,STAHL NEIL,,0001968202-24-000054,2024-02-02,M,30750,399.66,82769,D,,,,,,
872589,2024-02-06,REGN,McCourt Marion,,0001968202-24-000052,2024-02-05,S,1000,934.71,13789,D,,,,,,
872589,2024-02-06,REGN,Landry Robert E,,0001968202-24-000053,2024-02-02,M,400,378.98,23974,D,,,,,,
872589,2024-02-08,REGN,STAHL NEIL,,0001968202-24-000056,2024-02-07,S,100,947.34,59956,D,,,,,,
872589,2024-02-09,REGN,LAROSA JOSEPH J,,0001968202-24-000058,2024-02-07,S,1000,950.0,38543,D,,,,,,
872589,2024-02-12,REGN,SING GEORGE L,,0001968202-24-000062,2024-02-09,S,500,955.0,26349,D,,,,,,
872589,2024-02-12,REGN,SING GEORGE L,,0001968202-24-000062,2024-02-09,M,500,413.33,26849,D,,,,,,
872589,2024-02-12,REGN,Fenimore Christopher R.,,0001968202-24-000061,2024-02-09,S,344,950.49,18947,D,,,,,,
872589,2024-02-12,REGN,SING GEORGE L,,0001968202-24-000062,2024-02-08,M,500,413.33,26849,D,,,,,,
872589,2024-02-12,REGN,SING GEORGE L,,0001968202-24-000062,2024-02-08,S,500,945.0,26349,D,,,,,,
872589,2024-02-13,REGN,Van Plew Daniel P,,0001968202-24-000064,2024-02-09,M,12250,372.46,32628,D,,,,,,
872589,2024-02-13,REGN,Van Plew Daniel P,,0001968202-24-000064,2024-02-09,F,8600,951.68,24028,D,,,,,,
872589,2024-02-16,REGN,Van Plew Daniel P,,0001968202-24-000066,2024-02-14,S,439,937.94,30373,D,,,,,,
872589,2024-02-20,REGN,YANCOPOULOS GEORGE,,0001968202-24-000068,2024-02-15,M,172723,399.66,925209,D,,,,,,
872589,2024-02-20,REGN,YANCOPOULOS GEORGE,,0001968202-24-000068,2024-02-15,F,123601,953.83,801608,D,,,,,,
872589,2024-02-26,REGN,SING GEORGE L,,0001968202-24-000072,2024-02-22,M,1000,413.33,27349,D,,,,,,
872589,2024-02-26,REGN,Bassler Bonnie L,,0001968202-24-000074,2024-02-26,M,854,391.92,2236,D,,,,,,
872589,2024-02-26,REGN,Bassler Bonnie L,,0001968202-24-000074,2024-02-26,S,854,979.25,1382,D,,,,,,
872589,2024-02-26,REGN,SING GEORGE L,,0001968202-24-000072,2024-02-23,S,500,985.0,26349,D,,,,,,
872589,2024-02-26,REGN,SING GEORGE L,,0001968202-24-000072,2024-02-23,M,500,413.33,26849,D,,,,,,
872589,2024-02-26,REGN,LAROSA JOSEPH J,,0001968202-24-000073,2024-02-22,S,1000,967.65,37543,D,,,,,,
872589,2024-02-26,REGN,SING GEORGE L,,0001968202-24-000072,2024-02-22,S,1000,970.0,26349,D,,,,,,
872589,2024-02-28,REGN,LAROSA JOSEPH J,,0001968202-24-000080,2024-02-26,S,1000,990.0,36543,D,,,,,,
872589,2024-02-28,REGN,SING GEORGE L,,0001968202-24-000079,2024-02-26,M,500,413.33,26849,D,,,,,,
872589,2024-02-28,REGN,SING GEORGE L,,0001968202-24-000079,2024-02-26,S,500,990.0,26349,D,,,,,,
872589,2024-02-28,REGN,STAHL NEIL,,0001968202-24-000078,2024-02-26,G,1020,0.0,50999,D,,,,,,
872589,2024-03-05,REGN,RYAN ARTHUR F,,0001968202-24-000084,2024-03-01,S,1,967.5,18381,D,,,,,,
872589,2024-03-05,REGN,McCourt Marion,,0001968202-24-000083,2024-03-01,S,358,967.5,13431,D,,,,,,
872589,2024-03-15,REGN,MURPHY ANDREW J,,0001968202-24-000086,2024-03-14,S,182,951.92,53907,D,,,,,,
872589,2024-03-15,REGN,MURPHY ANDREW J,,0001968202-24-000086,2024-03-13,F,14217,971.82,54089,D,,,,,,
872589,2024-03-15,REGN,MURPHY ANDREW J,,0001968202-24-000086,2024-03-13,M,20000,399.66,68306,D,,,,,,
872589,2024-04-03,REGN,RYAN ARTHUR F,,0001968202-24-000090,2024-04-01,S,2,957.78,18280,D,,,,,,
872589,2024-04-03,REGN,McCourt Marion,,0001968202-24-000089,2024-04-01,S,250,964.73,13181,D,,,,,,
872589,2024-05-01,REGN,YANCOPOULOS GEORGE,,0001883850-24-000013,2024-04-29,G,36296,0.0,0,I,,,,,,
872589,2024-05-01,REGN,YANCOPOULOS GEORGE,,0001883850-24-000012,2024-01-02,S,16848,900.0,180000,I,,,,,,
872589,2024-05-03,REGN,McCourt Marion,,0001883850-24-000018,2024-05-01,S,250,889.41,12931,D,,,,,,
872589,2024-05-03,REGN,RYAN ARTHUR F,,0001883850-24-000017,2024-05-01,S,3,889.5,18179,D,,,,,,
872589,2024-05-06,REGN,SING GEORGE L,,0001883850-24-000020,2024-05-03,F,877,942.53,27472,D,,,,,,
872589,2024-05-06,REGN,SING GEORGE L,,0001883850-24-000020,2024-05-03,M,2000,413.33,28349,D,,,,,,
872589,2024-05-15,REGN,SCHLEIFER LEONARD S,,0001883850-24-000022,2024-05-15,S,7864,979.05,400336,D,,,,,,
872589,2024-05-15,REGN,SCHLEIFER LEONARD S,,0001883850-24-000022,2024-05-13,M,203204,399.66,577633,D,,,,,,
872589,2024-05-15,REGN,SCHLEIFER LEONARD S,,0001883850-24-000022,2024-05-14,S,22698,979.16,410502,D,,,,,,
872589,2024-05-15,REGN,SCHLEIFER LEONARD S,,0001883850-24-000022,2024-05-13,F,144433,976.79,433200,D,,,,,,
872589,2024-05-17,REGN,SCHLEIFER LEONARD S,,0001883850-24-000025,2024-05-17,S,22687,979.22,467020,D,,,,,,
872589,2024-05-17,REGN,YANCOPOULOS GEORGE,,0001968202-24-000094,2024-05-16,S,907,967.4,835476,D,,,,,,
872589,2024-05-17,REGN,YANCOPOULOS GEORGE,,0001968202-24-000093,2024-05-15,S,111,965.69,886272,D,,,,,,
872589,2024-05-22,REGN,LAROSA JOSEPH J,,0001968202-24-000096,2024-05-21,S,1865,994.9,34678,D,,,,,,
872589,2024-05-29,REGN,BROWN MICHAEL S,,0001104659-24-066045,2024-05-28,M,1172,625.6,2554,D,,,,,,
872589,2024-05-29,REGN,BROWN MICHAEL S,,0001104659-24-066045,2024-05-28,S,1172,974.86,1382,D,,,,,,
872589,2024-06-05,REGN,McCourt Marion,,0001968202-24-000100,2024-06-03,S,1138,980.16,12931,D,,,,,,
872589,2024-06-05,REGN,RYAN ARTHUR F,,0001968202-24-000099,2024-06-03,S,2,979.4,18080,D,,,,,,
872589,2024-06-05,REGN,McCourt Marion,,0001968202-24-000100,2024-06-03,M,1138,372.46,14069,D,,,,,,
872589,2024-06-07,REGN,Bassler Bonnie L,,0001883850-24-000027,2024-06-05,M,827,380.95,2209,D,,,,,,
872589,2024-06-07,REGN,Bassler Bonnie L,,0001883850-24-000027,2024-06-05,S,827,1011.0,1382,D,,,,,,
872589,2024-06-10,REGN,SCHLEIFER LEONARD S,,0001883850-24-000029,2024-06-06,S,787,1015.02,64198,I,,,,,,
872589,2024-06-12,REGN,YANCOPOULOS GEORGE,,0001883850-24-000033,2024-06-10,G,75799,0.0,0,I,,,,,,
872589,2024-06-12,REGN,LAROSA JOSEPH J,,0001883850-24-000032,2024-06-10,G,1608,0.0,0,I,,,,,,
872589,2024-06-13,REGN,SCHLEIFER LEONARD S,,0001104659-24-071247,2024-06-12,C,1000,0.0,1000,I,,,,,,
872589,2024-06-13,REGN,SCHLEIFER LEONARD S,,0001104659-24-071247,2024-06-11,S,7321,1015.28,56877,I,,,,,,
872589,2024-06-13,REGN,SCHLEIFER LEONARD S,,0001104659-24-071247,2024-06-12,S,14879,1015.3,40255,I,,,,,,
872589,2024-06-17,REGN,BROWN MICHAEL S,,0001968202-24-000102,2024-06-14,S,1535,1040.0,1382,D,,,,,,
872589,2024-06-17,REGN,BROWN MICHAEL S,,0001968202-24-000102,2024-06-14,M,1535,625.6,2917,D,,,,,,
872589,2024-06-25,REGN,Bassler Bonnie L,,0001883850-24-000037,2024-06-24,S,756,1062.0,1382,D,,,,,,
872589,2024-06-25,REGN,Bassler Bonnie L,,0001883850-24-000037,2024-06-24,M,756,371.4,2138,D,,,,,,
872589,2024-06-25,REGN,LAROSA JOSEPH J,,0001883850-24-000036,2024-06-24,F,11084,1060.13,39803,D,,,,,,
872589,2024-06-25,REGN,LAROSA JOSEPH J,,0001883850-24-000036,2024-06-24,M,14450,555.67,50887,D,,,,,,
872589,2024-07-02,REGN,McCourt Marion,,0001968202-24-000106,2024-07-01,M,1137,372.46,14068,D,,,,,,
872589,2024-07-02,REGN,McCourt Marion,,0001968202-24-000106,2024-07-01,S,1137,1047.11,12931,D,,,,,,
872589,2024-07-02,REGN,RYAN ARTHUR F,,0001968202-24-000105,2024-07-01,S,3,1047.11,17979,D,,,,,,
872589,2024-07-12,REGN,LAROSA JOSEPH J,,0001968202-24-000107,2024-07-11,S,1866,1088.95,37937,D,,,,,,
872589,2024-08-05,REGN,Bassler Bonnie L,,0001883850-24-000041,2024-08-02,M,756,371.4,2138,D,,,,,,
872589,2024-08-05,REGN,RYAN ARTHUR F,,0001968202-24-000110,2024-08-01,S,1,1053.22,17881,D,,,,,,
872589,2024-08-05,REGN,McCourt Marion,,0001883850-24-000040,2024-08-01,S,1137,1060.86,12931,D,,,,,,
872589,2024-08-05,REGN,RYAN ARTHUR F,,0001968202-24-000111,2024-08-01,S,1,1100.03,17782,D,,,,,,
872589,2024-08-05,REGN,Bassler Bonnie L,,0001883850-24-000041,2024-08-02,S,756,1115.0,1382,D,,,,,,
872589,2024-08-05,REGN,McCourt Marion,,0001883850-24-000040,2024-08-01,M,1137,372.46,14068,D,,,,,,
872589,2024-08-06,REGN,STAHL NEIL,,0001968202-24-000113,2024-08-02,M,23638,555.67,74637,D,,,,,,
872589,2024-08-06,REGN,STAHL NEIL,,0001968202-24-000113,2024-08-02,F,18441,1093.49,56196,D,,,,,,
872589,2024-08-07,REGN,Pitofsky Jason,,0001883850-24-000043,2024-08-07,S,487,1070.0,4204,D,,,,,,
872589,2024-08-07,REGN,Pitofsky Jason,,0001883850-24-000043,2024-08-07,M,487,372.46,4691,D,,,,,,
872589,2024-08-12,REGN,STAHL NEIL,,0001968202-24-000115,2024-08-12,G,900,0.0,50099,D,,,,,,
872589,2024-08-12,REGN,STAHL NEIL,,0001968202-24-000115,2024-08-08,S,100,1081.83,56096,D,,,,,,
872589,2024-08-14,REGN,STAHL NEIL,,0001968202-24-000117,2024-08-13,G,500,0.0,49599,D,,,,,,
872589,2024-08-15,REGN,MURPHY ANDREW J,,0001968202-24-000119,2024-08-13,M,20000,399.66,68306,D,,,,,,
872589,2024-08-15,REGN,MURPHY ANDREW J,,0001968202-24-000119,2024-08-13,F,13637,1141.49,54669,D,,,,,,
872589,2024-08-15,REGN,MURPHY ANDREW J,,0001968202-24-000119,2024-08-14,S,55,1140.31,54614,D,,,,,,
872589,2024-08-19,REGN,POON CHRISTINE A,,0001968202-24-000122,2024-08-15,M,10838,413.33,13010,D,,,,,,
872589,2024-08-19,REGN,POON CHRISTINE A,,0001968202-24-000122,2024-08-15,S,1012,1155.72,11998,D,,,,,,
872589,2024-08-19,REGN,Bassler Bonnie L,,0001968202-24-000123,2024-08-15,S,756,1170.0,1382,D,,,,,,
872589,2024-08-19,REGN,Bassler Bonnie L,,0001968202-24-000123,2024-08-15,M,756,371.4,2138,D,,,,,,
872589,2024-08-29,REGN,Fenimore Christopher R.,,0001883850-24-000045,2024-08-28,S,228,1204.79,966,I,,,,,,
872589,2024-09-05,REGN,SING GEORGE L,,0001968202-24-000126,2024-09-04,G,1200,0.0,26272,D,,,,,,
872589,2024-09-05,REGN,McCourt Marion,,0001968202-24-000125,2024-09-03,M,1000,381.4,13931,D,,,,,,
872589,2024-09-05,REGN,McCourt Marion,,0001968202-24-000125,2024-09-03,S,1000,1178.73,12931,D,,,,,,
872589,2024-09-05,REGN,RYAN ARTHUR F,,0001968202-24-000124,2024-09-03,S,4,1166.52,17778,D,,,,,,
872589,2024-10-03,REGN,McCourt Marion,,0001968202-24-000129,2024-10-01,S,1000,1054.06,12931,D,,,,,,
872589,2024-10-03,REGN,RYAN ARTHUR F,,0001968202-24-000130,2024-10-01,S,3,1041.35,17679,D,,,,,,
872589,2024-10-03,REGN,McCourt Marion,,0001968202-24-000129,2024-10-01,M,1000,381.4,13931,D,,,,,,
872589,2024-11-05,REGN,McCourt Marion,,0001968202-24-000132,2024-11-01,S,1000,844.61,12931,D,,,,,,
872589,2024-11-05,REGN,McCourt Marion,,0001968202-24-000132,2024-11-01,M,1000,381.4,13931,D,,,,,,
872589,2024-11-12,REGN,MURPHY ANDREW J,,0001968202-24-000134,2024-11-08,G,1185,0.0,47121,D,,,,,,
872589,2024-12-10,REGN,MURPHY ANDREW J,,0001968202-24-000137,2024-12-06,A,3499,0.0,50620,D,,,,,,
872589,2024-12-10,REGN,LAROSA JOSEPH J,,0001968202-24-000135,2024-12-09,F,492,787.0,30777,D,,,,,,
872589,2024-12-10,REGN,Fenimore Christopher R.,,0001883850-24-000050,2024-12-09,F,1140,787.0,16756,D,,,,,,
872589,2024-12-10,REGN,Pitofsky Jason,,0001883850-24-000051,2024-12-06,A,907,0.0,5111,D,,,,,,
872589,2024-12-10,REGN,Pitofsky Jason,,0001883850-24-000051,2024-12-09,F,149,787.0,4962,D,,,,,,
872589,2024-12-10,REGN,Pitofsky Jason,,0001883850-24-000051,2024-04-04,G,89,0.0,89,I,,,,,,
872589,2024-12-10,REGN,MURPHY ANDREW J,,0001968202-24-000137,2024-12-09,F,492,787.0,50128,D,,,,,,
872589,2024-12-10,REGN,Pitofsky Jason,,0001883850-24-000051,2024-04-29,G,90,0.0,179,I,,,,,,
872589,2024-12-10,REGN,McCourt Marion,,0001968202-24-000136,2024-12-06,A,2332,0.0,15263,D,,,,,,
872589,2024-12-10,REGN,McCourt Marion,,0001968202-24-000136,2024-12-09,F,274,787.0,14989,D,,,,,,
872589,2024-12-10,REGN,LAROSA JOSEPH J,,0001968202-24-000135,2024-12-06,A,2332,0.0,31269,D,,,,,,
872589,2024-12-10,REGN,Van Plew Daniel P,,0001883850-24-000049,2024-12-09,F,492,787.0,35761,D,,,,,,
872589,2024-12-10,REGN,Van Plew Daniel P,,0001883850-24-000049,2024-12-06,A,3499,0.0,36253,D,,,,,,
872589,2024-12-10,REGN,STAHL NEIL,,0001968202-24-000138,2024-12-09,F,466,787.0,49133,D,,,,,,
872589,2024-12-10,REGN,Fenimore Christopher R.,,0001883850-24-000050,2024-12-06,A,2591,0.0,17896,D,,,,,,
872589,2024-12-18,REGN,LAROSA JOSEPH J,,0001883850-24-000062,2024-12-16,F,702,730.81,30075,D,,,,,,
872589,2024-12-18,REGN,MURPHY ANDREW J,,0001968202-24-000139,2024-12-16,F,1054,730.81,49074,D,,,,,,
872589,2024-12-18,REGN,Fenimore Christopher R.,,0001883850-24-000061,2024-12-16,F,491,730.81,16265,D,,,,,,
872589,2024-12-18,REGN,Van Plew Daniel P,,0001968202-24-000142,2024-12-16,F,969,730.81,34792,D,,,,,,
872589,2024-12-18,REGN,Pitofsky Jason,,0001968202-24-000140,2024-12-16,F,298,730.81,4664,D,,,,,,
872589,2024-12-18,REGN,McCourt Marion,,0001883850-24-000063,2024-12-16,F,759,730.81,14230,D,,,,,,
872589,2024-12-18,REGN,STAHL NEIL,,0001968202-24-000141,2024-12-16,F,304,730.81,48829,D,,,,,,
872589,2025-01-03,REGN,SING GEORGE L,,0001968202-25-000001,2024-12-31,M,3338,413.33,29610,D,,,,,,
872589,2025-01-03,REGN,SING GEORGE L,,0001968202-25-000001,2024-12-31,F,1948,708.19,27662,D,,,,,,
872589,2025-01-03,REGN,SING GEORGE L,,0001968202-25-000001,2025-01-02,A,166,0.0,27828,D,,,,,,
872589,2025-01-06,REGN,POON CHRISTINE A,,0001968202-25-000006,2025-01-02,A,166,0.0,2352,D,,,,,,
872589,2025-01-06,REGN,POON CHRISTINE A,,0001968202-25-000006,2024-12-20,W,14,0.0,2186,D,,,,,,
872589,2025-01-06,REGN,BROWN MICHAEL S,,0001968202-25-000003,2025-01-02,A,166,0.0,1548,D,,,,,,
872589,2025-01-06,REGN,GOLDSTEIN JOSEPH L,,0001968202-25-000004,2025-01-02,A,166,0.0,6548,D,,,,,,
872589,2025-01-06,REGN,COLES N ANTHONY,,0001968202-25-000010,2025-01-02,A,166,0.0,1559,D,,,,,,
872589,2025-01-06,REGN,Guarini Kathryn,,0001968202-25-000005,2025-01-02,A,166,0.0,448,D,,,,,,
872589,2025-01-06,REGN,Thompson Craig B.,,0001968202-25-000011,2025-01-02,A,166,0.0,620,D,,,,,,
872589,2025-01-06,REGN,Schenkein David P,,0001968202-25-000012,2025-01-02,A,166,0.0,448,D,,,,,,
872589,2025-01-06,REGN,Zoghbi Huda Y,,0001968202-25-000009,2025-01-02,A,166,0.0,1548,D,,,,,,
872589,2025-01-06,REGN,Bassler Bonnie L,,0001968202-25-000002,2025-01-02,A,166,0.0,1548,D,,,,,,
872589,2025-01-06,REGN,RYAN ARTHUR F,,0001968202-25-000007,2025-01-02,A,166,0.0,17748,D,,,,,,
872589,2025-10-31,REGN,MURPHY ANDREW J,,0001796226-25-000005,2025-10-30,G,1538,0.0,50046,D,,,,,,
872589,2025-10-31,REGN,MURPHY ANDREW J,,0001796226-25-000005,2025-10-29,F,32490,648.82,51584,D,,,,,,
872589,2025-10-31,REGN,MURPHY ANDREW J,,0001796226-25-000005,2025-10-29,M,35000,555.67,84074,D,,,,,,
872589,2025-10-31,REGN,POON CHRISTINE A,,0001189014-25-000005,2025-10-30,M,2712,520.01,5064,D,,,,,,
872589,2025-10-31,REGN,POON CHRISTINE A,,0001189014-25-000005,2025-10-29,S,650,652.68,8202,D,,,,,,
872589,2025-10-31,REGN,POON CHRISTINE A,,0001189014-25-000005,2025-10-29,M,6500,520.01,8852,D,,,,,,
872589,2025-11-10,REGN,Pitofsky Jason,,0002009236-25-000006,2025-11-07,S,431,651.43,4233,D,,,,,,
872589,2025-11-24,REGN,Bassler Bonnie L,,0001683607-25-000006,2025-11-20,M,760,371.4,2308,D,,,,,,
872589,2025-11-24,REGN,Bassler Bonnie L,,0001683607-25-000006,2025-11-20,S,760,750.0,1548,D,,,,,,
872589,2025-11-24,REGN,LAROSA JOSEPH J,,0001238303-25-000005,2025-11-20,M,14450,555.67,35525,D,,,,,,
872589,2025-11-24,REGN,LAROSA JOSEPH J,,0001238303-25-000005,2025-11-20,F,12686,736.77,22839,D,,,,,,
872589,2025-12-09,REGN,LAROSA JOSEPH J,,0001238303-25-000007,2025-12-05,A,2476,0.0,30913,D,,,,,,
872589,2025-12-09,REGN,McCourt Marion,,0001663758-25-000007,2025-12-08,F,1336,712.94,15370,D,,,,,,
872589,2025-12-09,REGN,Fenimore Christopher R.,,0001697422-25-000004,2025-12-05,A,3027,0.0,19292,D,,,,,,
872589,2025-12-09,REGN,LAROSA JOSEPH J,,0001238303-25-000007,2025-12-08,F,1396,712.94,29517,D,,,,,,
872589,2025-12-09,REGN,Fenimore Christopher R.,,0001697422-25-000004,2025-12-08,F,992,712.94,18300,D,,,,,,
872589,2025-12-09,REGN,McCourt Marion,,0001663758-25-000007,2025-12-05,A,2476,0.0,16706,D,,,,,,
872589,2025-12-09,REGN,MURPHY ANDREW J,,0001796226-25-000007,2025-12-08,F,1699,712.94,52062,D,,,,,,
872589,2025-12-09,REGN,MURPHY ANDREW J,,0001796226-25-000007,2025-12-05,A,3715,0.0,53761,D,,,,,,
872589,2025-12-09,REGN,Van Plew Daniel P,,0001411984-25-000005,2025-12-05,A,3715,0.0,26131,D,,,,,,
872589,2025-12-09,REGN,Pitofsky Jason,,0002009236-25-000008,2025-12-05,A,2064,0.0,6297,D,,,,,,
872589,2025-12-09,REGN,Pitofsky Jason,,0002009236-25-000008,2025-12-08,F,989,712.94,5308,D,,,,,,
872589,2025-12-09,REGN,Van Plew Daniel P,,0001411984-25-000005,2025-12-08,F,1906,712.94,24225,D,,,,,,
872589,2025-12-11,REGN,Van Plew Daniel P,,0001411984-25-000007,2025-12-09,F,2552,701.51,21673,D,,,,,,
872589,2025-12-11,REGN,YANCOPOULOS GEORGE,,0001226690-25-000005,2025-12-09,F,131874,701.51,310460,D,,,,,,
872589,2025-12-11,REGN,McCourt Marion,,0001663758-25-000009,2025-12-09,F,1021,701.51,14349,D,,,,,,
872589,2025-12-11,REGN,YANCOPOULOS GEORGE,,0001226690-25-000005,2025-12-09,M,146815,555.67,442334,D,,,,,,
872589,2025-12-11,REGN,MURPHY ANDREW J,,0001796226-25-000009,2025-12-09,F,4229,701.51,47833,D,,,,,,
872589,2025-12-11,REGN,SCHLEIFER LEONARD S,,0001218629-25-000006,2025-12-09,M,172723,555.67,369668,D,,,,,,
872589,2025-12-11,REGN,SCHLEIFER LEONARD S,,0001218629-25-000006,2025-12-09,F,155145,701.51,214523,D,,,,,,
872589,2025-12-31,REGN,SING GEORGE L,,0001225471-25-000006,2025-12-30,M,9212,520.01,37040,D,,,,,,
872589,2025-12-31,REGN,SING GEORGE L,,0001225471-25-000006,2025-12-30,F,6188,774.03,30852,D,,,,,,
872589,2026-01-05,REGN,YANCOPOULOS GEORGE,,0001226690-26-000002,2025-12-31,F,28570,772.09,310460,D,,,,,,
872589,2026-01-05,REGN,YANCOPOULOS GEORGE,,0001226690-26-000002,2025-12-31,M,28570,0.0,339030,D,,,,,,
872589,2026-01-05,REGN,SCHLEIFER LEONARD S,,0001218629-26-000002,2025-12-31,F,28570,772.09,214523,D,,,,,,
872589,2026-01-05,REGN,SCHLEIFER LEONARD S,,0001218629-26-000002,2025-12-31,M,28570,0.0,243093,D,,,,,,
872589,2026-01-06,REGN,GOLDSTEIN JOSEPH L,,0001225474-26-000002,2026-01-02,A,155,0.0,6703,D,,,,,,
872589,2026-01-06,REGN,Zoghbi Huda Y,,0001681643-26-000002,2026-01-02,A,155,0.0,1703,D,,,,,,
872589,2026-01-06,REGN,Thompson Craig B.,,0001423419-26-000001,2026-01-02,A,155,0.0,775,D,,,,,,
872589,2026-01-06,REGN,Schenkein David P,,0001578200-26-000002,2026-01-02,A,155,0.0,603,D,,,,,,
872589,2026-01-06,REGN,BROWN MICHAEL S,,0001174475-26-000002,2026-01-02,A,155,0.0,1703,D,,,,,,
872589,2026-01-06,REGN,RYAN ARTHUR F,,0001187443-26-000002,2026-01-02,A,155,0.0,17903,D,,,,,,
872589,2026-01-06,REGN,COLES N ANTHONY,,0001197018-26-000002,2026-01-02,A,155,0.0,1714,D,,,,,,
872589,2026-01-06,REGN,SING GEORGE L,,0001225471-26-000002,2026-01-02,A,155,0.0,31007,D,,,,,,
872589,2026-01-06,REGN,Bassler Bonnie L,,0001683607-26-000004,2026-01-02,A,155,0.0,1703,D,,,,,,
872589,2026-01-06,REGN,POON CHRISTINE A,,0001189014-26-000003,2026-01-02,A,155,0.0,5219,D,,,,,,
872589,2026-01-06,REGN,Guarini Kathryn,,0001992352-26-000003,2026-01-02,A,155,0.0,603,D,,,,,,
872589,2026-01-08,REGN,Bassler Bonnie L,,0001683607-26-000008,2026-01-07,M,1500,374.12,3203,D,,,,,,
872589,2026-01-08,REGN,Bassler Bonnie L,,0001683607-26-000008,2026-01-07,S,1500,800.0,1703,D,,,,,,
872589,2026-02-11,REGN,RYAN ARTHUR F,,0001187443-26-000004,2026-02-09,S,1,775.63,17902,D,,,,,,
872589,2026-02-11,REGN,Pitofsky Jason,,0002009236-26-000001,2026-02-09,S,20,775.95,6288,D,,,,,,
872589,2026-02-11,REGN,Pitofsky Jason,,0002009236-26-000001,2026-02-09,M,1000,492.0,6308,D,,,,,,
872589,2026-02-23,REGN,Zoghbi Huda Y,,0001681643-26-000004,2026-02-19,M,1638,376.69,3341,D,,,,,,
872589,2026-02-23,REGN,Zoghbi Huda Y,,0001681643-26-000004,2026-02-19,S,49,774.68,3292,D,,,,,,
872589,2026-03-03,REGN,RYAN ARTHUR F,,0001187443-26-000006,2026-03-02,S,7,777.46,17796,D,,,,,,
872589,2026-04-03,REGN,RYAN ARTHUR F,,0001104659-26-039613,2026-04-01,S,1,771.32,17702,D,,,,,,
872589,2026-05-04,REGN,RYAN ARTHUR F,,0001187443-26-000008,2026-05-01,S,5,701.76,17598,D,non_derivative,Common Stock,,,,
872589,2026-05-04,REGN,RYAN ARTHUR F,,0001187443-26-000008,2026-05-01,S,5,701.76,17598,D,,,,,,
872589,2026-07-07,REGN,RYAN ARTHUR F,,0001187443-26-000010,2026-07-02,S,200,650.15,17303,D,non_derivative,Common Stock,,,,
872589,2026-08-12,REGN,Guarini Kathryn,,0001992352-26-000005,2026-08-10,M,400,719.37,1003,D,non_derivative,Common Stock,,,,
872589,2026-08-12,REGN,Guarini Kathryn,,0001992352-26-000005,2026-08-10,S,400,800.0,603,D,non_derivative,Common Stock,,,,
872589,2026-08-12,REGN,Guarini Kathryn,,0001992352-26-000005,2026-08-10,M,400,0.0,1558,D,derivative,Non-Qualified Stock Option (right to buy),Common Stock,400.0,719.37,2035-01-02
872589,2026-08-12,REGN,Zoghbi Huda Y,,0001681643-26-000006,2026-08-10,M,800,376.69,2503,D,non_derivative,Common Stock,,,,
872589,2026-08-12,REGN,Zoghbi Huda Y,,0001681643-26-000006,2026-08-10,S,800,800.0,1703,D,non_derivative,Common Stock,,,,
872589,2026-08-12,REGN,Zoghbi Huda Y,,0001681643-26-000006,2026-08-10,M,800,0.0,0,D,derivative,Non-Qualified Stock Option (right to buy),Common Stock,800.0,376.69,2027-01-03
