cik,filingDate,issuerTradingSymbol,reportingOwnerName,reportingOwnerRelationship,accessionNumber,transactionDate,transactionCode,transactionShares,transactionPricePerShare,sharesOwnedFollowingTransaction,directOrIndirectOwnership,transactionType,securityTitle,underlyingSecurityTitle,underlyingSecurityShares,exercisePrice,expirationDate
1034054,2016-03-03,SBAC,HUNT THOMAS P,,0001209191-16-105700,2016-03-01,M,59250.0,19.68,84245.0,D,,,,,,
1034054,2016-03-04,SBAC,BERNSTEIN STEVEN E,,0001209191-16-106219,2016-03-03,M,10000.0,26.36,29161.0,D,,,,,,
1034054,2016-03-04,SBAC,BERNSTEIN STEVEN E,,0001209191-16-106219,2016-03-03,F,9466.0,96.0,29069.0,D,,,,,,
1034054,2016-03-04,SBAC,COCROFT DUNCAN,,0001209191-16-106214,2016-03-02,M,9374.0,24.38,84350.0,D,,,,,,
1034054,2016-03-04,SBAC,COCROFT DUNCAN,,0001209191-16-106214,2016-03-02,F,4124.0,96.33,80226.0,D,,,,,,
1034054,2016-03-08,SBAC,STOOPS JEFFREY,,0001209191-16-107131,2016-03-06,M,5886.0,,334220.0,D,,,,,,
1034054,2016-03-08,SBAC,STOOPS JEFFREY,,0001209191-16-107131,2016-03-05,F,1687.0,96.58,328334.0,D,,,,,,
1034054,2016-03-08,SBAC,STOOPS JEFFREY,,0001209191-16-107131,2016-03-05,M,4021.0,,330021.0,D,,,,,,
1034054,2016-03-08,SBAC,Cavanagh Brendan Thomas,,0001209191-16-107133,2016-03-05,M,1361.0,,16039.0,D,,,,,,
1034054,2016-03-08,SBAC,BAGWELL KURT L,,0001209191-16-107132,2016-03-06,F,1747.0,96.58,91726.0,D,,,,,,
1034054,2016-03-08,SBAC,BAGWELL KURT L,,0001209191-16-107132,2016-03-05,M,1612.0,,87693.0,D,,,,,,
1034054,2016-03-08,SBAC,Ciarfella Mark R,,0001209191-16-107134,2016-03-06,M,874.0,,8910.0,D,,,,,,
1034054,2016-03-08,SBAC,Cavanagh Brendan Thomas,,0001209191-16-107133,2016-03-06,F,1315.0,96.58,19153.0,D,,,,,,
1034054,2016-03-08,SBAC,Cavanagh Brendan Thomas,,0001209191-16-107133,2016-03-06,M,1720.0,,17386.0,D,,,,,,
1034054,2016-03-08,SBAC,Cavanagh Brendan Thomas,,0001209191-16-107133,2016-03-05,F,373.0,96.58,15666.0,D,,,,,,
1034054,2016-03-08,SBAC,BAGWELL KURT L,,0001209191-16-107132,2016-03-05,F,600.0,96.58,87093.0,D,,,,,,
1034054,2016-03-08,SBAC,Ciarfella Mark R,,0001209191-16-107134,2016-03-06,F,655.0,96.58,9766.0,D,,,,,,
1034054,2016-03-08,SBAC,Lazarus Brian D,,0001209191-16-107137,2016-03-05,M,537.0,,7355.0,D,,,,,,
1034054,2016-03-08,SBAC,Ciarfella Mark R,,0001209191-16-107134,2016-03-05,F,206.0,96.58,8036.0,D,,,,,,
1034054,2016-03-08,SBAC,Ciarfella Mark R,,0001209191-16-107134,2016-03-05,M,752.0,,8242.0,D,,,,,,
1034054,2016-03-08,SBAC,SILBERSTEIN JASON V,,0001209191-16-107139,2016-03-05,M,1175.0,,12148.0,D,,,,,,
1034054,2016-03-08,SBAC,SILBERSTEIN JASON V,,0001209191-16-107139,2016-03-05,F,322.0,96.58,11826.0,D,,,,,,
1034054,2016-03-08,SBAC,SILBERSTEIN JASON V,,0001209191-16-107139,2016-03-06,M,1518.0,,13344.0,D,,,,,,
1034054,2016-03-08,SBAC,STOOPS JEFFREY,,0001209191-16-107131,2016-03-06,F,5742.0,96.58,337684.0,D,,,,,,
1034054,2016-03-08,SBAC,SILBERSTEIN JASON V,,0001209191-16-107139,2016-03-06,F,1147.0,96.58,14866.0,D,,,,,,
1034054,2016-03-08,SBAC,Lazarus Brian D,,0001209191-16-107137,2016-03-05,F,147.0,96.58,7208.0,D,,,,,,
1034054,2016-03-08,SBAC,Lazarus Brian D,,0001209191-16-107137,2016-03-06,M,699.0,,7907.0,D,,,,,,
1034054,2016-03-08,SBAC,Lazarus Brian D,,0001209191-16-107137,2016-03-06,F,495.0,96.58,8524.0,D,,,,,,
1034054,2016-03-08,SBAC,HUNT THOMAS P,,0001209191-16-107136,2016-03-05,M,1612.0,,91029.0,D,,,,,,
1034054,2016-03-08,SBAC,HUNT THOMAS P,,0001209191-16-107136,2016-03-06,M,2483.0,,93512.0,D,,,,,,
1034054,2016-03-08,SBAC,BAGWELL KURT L,,0001209191-16-107132,2016-03-06,M,2483.0,,89576.0,D,,,,,,
1034054,2016-03-17,SBAC,Ciarfella Mark R,,0001209191-16-109244,2016-03-15,S,3950.0,95.5,9766.0,D,,,,,,
1034054,2016-03-17,SBAC,Ciarfella Mark R,,0001209191-16-109244,2016-03-15,M,3950.0,47.52,13716.0,D,,,,,,
1034054,2016-05-10,SBAC,LANGER JACK,,0001209191-16-118938,2016-05-08,M,303.0,,1194.0,D,,,,,,
1034054,2016-05-10,SBAC,BERNSTEIN STEVEN E,,0001209191-16-118932,2016-05-08,M,303.0,,29372.0,D,,,,,,
1034054,2016-05-10,SBAC,BEEBE KEVIN L,,0001209191-16-118933,2016-05-09,M,347.0,,6806.0,D,,,,,,
1034054,2016-05-10,SBAC,BEEBE KEVIN L,,0001209191-16-118933,2016-05-08,M,303.0,,6459.0,D,,,,,,
1034054,2016-05-10,SBAC,CARR BRIAN C,,0001209191-16-118934,2016-05-09,M,173.0,,3597.0,D,,,,,,
1034054,2016-05-10,SBAC,CARR BRIAN C,,0001209191-16-118934,2016-05-08,M,303.0,,3424.0,D,,,,,,
1034054,2016-05-10,SBAC,BERNSTEIN STEVEN E,,0001209191-16-118932,2016-05-09,M,347.0,,29719.0,D,,,,,,
1034054,2016-05-10,SBAC,COCROFT DUNCAN,,0001209191-16-118935,2016-05-08,M,303.0,,80529.0,D,,,,,,
1034054,2016-05-10,SBAC,COCROFT DUNCAN,,0001209191-16-118935,2016-05-09,M,347.0,,80876.0,D,,,,,,
1034054,2016-05-10,SBAC,Krouse George R Jr,,0001209191-16-118937,2016-05-09,F,122.0,100.93,7971.0,D,,,,,,
1034054,2016-05-10,SBAC,Krouse George R Jr,,0001209191-16-118937,2016-05-09,M,347.0,,8093.0,D,,,,,,
1034054,2016-05-10,SBAC,Krouse George R Jr,,0001209191-16-118937,2016-05-08,F,107.0,100.93,7746.0,D,,,,,,
1034054,2016-05-10,SBAC,Krouse George R Jr,,0001209191-16-118937,2016-05-08,M,303.0,,7853.0,D,,,,,,
1034054,2016-05-10,SBAC,LANGER JACK,,0001209191-16-118938,2016-05-09,M,347.0,,1541.0,D,,,,,,
1034054,2016-05-16,SBAC,Krouse George R Jr,,0001209191-16-120518,2016-05-12,M,249.0,,8220.0,D,,,,,,
1034054,2016-05-16,SBAC,Chan Mary S,,0001209191-16-120517,2016-05-12,M,249.0,,249.0,D,,,,,,
1034054,2016-05-16,SBAC,LANGER JACK,,0001209191-16-120519,2016-05-12,F,63.0,101.67,1727.0,D,,,,,,
1034054,2016-05-16,SBAC,BEEBE KEVIN L,,0001209191-16-120516,2016-05-12,M,249.0,,7055.0,D,,,,,,
1034054,2016-05-16,SBAC,COCROFT DUNCAN,,0001209191-16-120514,2016-05-12,M,249.0,,81125.0,D,,,,,,
1034054,2016-05-16,SBAC,Krouse George R Jr,,0001209191-16-120518,2016-05-12,F,88.0,101.67,8132.0,D,,,,,,
1034054,2016-05-16,SBAC,BERNSTEIN STEVEN E,,0001209191-16-120512,2016-05-12,M,249.0,,29968.0,D,,,,,,
1034054,2016-05-16,SBAC,CARR BRIAN C,,0001209191-16-120511,2016-05-12,M,249.0,,3846.0,D,,,,,,
1034054,2016-05-16,SBAC,LANGER JACK,,0001209191-16-120519,2016-05-12,M,249.0,,1790.0,D,,,,,,
1034054,2016-06-17,SBAC,COCROFT DUNCAN,,0001209191-16-128712,2016-06-16,P,1000.0,100.16,82125.0,D,,,,,,
1034054,2016-07-12,SBAC,STOOPS JEFFREY,,0001209191-16-132456,2016-07-11,M,81798.0,35.71,419482.0,D,,,,,,
1034054,2016-07-12,SBAC,STOOPS JEFFREY,,0001209191-16-132456,2016-07-11,F,46798.0,114.41,372684.0,D,,,,,,
1034054,2016-08-11,SBAC,Krouse George R Jr,,0001209191-16-136651,2016-08-09,F,2567.0,115.84,10565.0,D,,,,,,
1034054,2016-08-11,SBAC,STOOPS JEFFREY,,0001209191-16-136652,2016-08-11,F,35111.0,116.16,382684.0,D,,,,,,
1034054,2016-08-11,SBAC,Krouse George R Jr,,0001209191-16-136651,2016-08-09,S,1565.0,115.84,9000.0,D,,,,,,
1034054,2016-08-11,SBAC,STOOPS JEFFREY,,0001209191-16-136652,2016-08-10,S,36092.0,116.29,336592.0,D,,,,,,
1034054,2016-08-11,SBAC,STOOPS JEFFREY,,0001209191-16-136652,2016-08-11,M,95111.0,42.15,417795.0,D,,,,,,
1034054,2016-08-11,SBAC,SILBERSTEIN JASON V,,0001209191-16-136653,2016-08-09,S,17299.0,115.95,14866.0,D,,,,,,
1034054,2016-08-11,SBAC,Krouse George R Jr,,0001209191-16-136651,2016-08-09,M,5000.0,28.86,13132.0,D,,,,,,
1034054,2016-08-11,SBAC,SILBERSTEIN JASON V,,0001209191-16-136653,2016-08-09,M,6861.0,47.52,21727.0,D,,,,,,
1034054,2016-08-11,SBAC,STOOPS JEFFREY,,0001209191-16-136652,2016-08-09,S,50000.0,115.91,489863.0,I,,,,,,
1034054,2016-09-12,SBAC,Cavanagh Brendan Thomas,,0001209191-16-140994,2016-09-08,M,25609.0,35.71,44762.0,D,,,,,,
1034054,2016-09-12,SBAC,Cavanagh Brendan Thomas,,0001209191-16-140994,2016-09-08,F,10675.0,118.47,34087.0,D,,,,,,
1034054,2016-09-13,SBAC,LANGER JACK,,0001209191-16-141291,2016-09-12,M,681.0,32.81,22942.0,I,,,,,,
1034054,2016-09-13,SBAC,LANGER JACK,,0001209191-16-141291,2016-09-12,F,337.0,110.32,22605.0,I,,,,,,
1034054,2016-09-19,SBAC,COCROFT DUNCAN,,0001209191-16-142075,2016-09-15,P,500.0,109.14,82805.0,D,,,,,,
1034054,2017-03-02,SBAC,HUNT THOMAS P,,0001209191-17-016886,2017-02-28,M,36342.0,35.71,133751.0,D,,,,,,
1034054,2017-03-03,SBAC,BERNSTEIN STEVEN E,,0001209191-17-017933,2017-03-02,M,2042.0,32.81,32010.0,D,,,,,,
1034054,2017-03-03,SBAC,BERNSTEIN STEVEN E,,0001209191-17-017933,2017-03-02,F,1059.0,115.36,30951.0,D,,,,,,
1034054,2017-03-07,SBAC,Cavanagh Brendan Thomas,,0001209191-17-019022,2017-03-05,M,1362.0,,33111.0,D,,,,,,
1034054,2017-03-07,SBAC,STOOPS JEFFREY,,0001209191-17-018991,2017-03-04,F,2067.0,114.98,355806.0,D,,,,,,
1034054,2017-03-07,SBAC,Cavanagh Brendan Thomas,,0001209191-17-019022,2017-03-04,M,1668.0,,31749.0,D,,,,,,
1034054,2017-03-07,SBAC,BAGWELL KURT L,,0001209191-17-019001,2017-03-05,F,677.0,114.98,95032.0,D,,,,,,
1034054,2017-03-07,SBAC,HUNT THOMAS P,,0001209191-17-019010,2017-03-04,M,1975.0,,135726.0,D,,,,,,
1034054,2017-03-07,SBAC,HUNT THOMAS P,,0001209191-17-019010,2017-03-05,M,1612.0,,137338.0,D,,,,,,
1034054,2017-03-07,SBAC,HUNT THOMAS P,,0001209191-17-019010,2017-03-06,M,2045.0,,139383.0,D,,,,,,
1034054,2017-03-07,SBAC,BAGWELL KURT L,,0001209191-17-019001,2017-03-04,M,1975.0,,94926.0,D,,,,,,
1034054,2017-03-07,SBAC,BAGWELL KURT L,,0001209191-17-019001,2017-03-05,M,1612.0,,95709.0,D,,,,,,
1034054,2017-03-07,SBAC,STOOPS JEFFREY,,0001209191-17-018991,2017-03-05,M,4022.0,,359828.0,D,,,,,,
1034054,2017-03-07,SBAC,STOOPS JEFFREY,,0001209191-17-018991,2017-03-05,F,1688.0,114.98,358140.0,D,,,,,,
1034054,2017-03-07,SBAC,BAGWELL KURT L,,0001209191-17-019001,2016-03-06,M,2045.0,,97077.0,D,,,,,,
1034054,2017-03-07,SBAC,BAGWELL KURT L,,0001209191-17-019001,2016-03-06,F,1644.0,114.98,97286.0,D,,,,,,
1034054,2017-03-07,SBAC,BAGWELL KURT L,,0001209191-17-019001,2017-03-04,F,829.0,114.98,94097.0,D,,,,,,
1034054,2017-03-07,SBAC,STOOPS JEFFREY,,0001209191-17-018991,2017-03-06,M,4755.0,,362895.0,D,,,,,,
1034054,2017-03-07,SBAC,STOOPS JEFFREY,,0001209191-17-018991,2017-03-06,F,3363.0,114.98,363984.0,D,,,,,,
1034054,2017-03-07,SBAC,STOOPS JEFFREY,,0001209191-17-018991,2017-03-04,M,4926.0,,357873.0,D,,,,,,
1034054,2017-03-07,SBAC,SILBERSTEIN JASON V,,0001209191-17-019026,2017-03-06,F,747.0,114.98,13792.0,D,,,,,,
1034054,2017-03-07,SBAC,Cavanagh Brendan Thomas,,0001209191-17-019022,2017-03-06,M,1536.0,,34647.0,D,,,,,,
1034054,2017-03-07,SBAC,Ciarfella Mark R,,0001209191-17-019030,2017-03-06,M,743.0,,11570.0,D,,,,,,
1034054,2017-03-07,SBAC,SILBERSTEIN JASON V,,0001209191-17-019026,2017-03-06,M,1367.0,,13238.0,D,,,,,,
1034054,2017-03-07,SBAC,Lazarus Brian D,,0001209191-17-019034,2017-03-04,M,680.0,,9234.0,D,,,,,,
1034054,2017-03-07,SBAC,Ciarfella Mark R,,0001209191-17-019030,2017-03-06,S,11346.0,115.0,11748.0,D,,,,,,
1034054,2017-03-07,SBAC,SILBERSTEIN JASON V,,0001209191-17-019026,2017-03-05,F,322.0,114.98,11871.0,D,,,,,,
1034054,2017-03-07,SBAC,Lazarus Brian D,,0001209191-17-019034,2017-03-04,F,207.0,114.98,9027.0,D,,,,,,
1034054,2017-03-07,SBAC,Lazarus Brian D,,0001209191-17-019034,2017-03-05,M,537.0,,9564.0,D,,,,,,
1034054,2017-03-07,SBAC,Lazarus Brian D,,0001209191-17-019034,2017-03-05,F,162.0,114.98,9402.0,D,,,,,,
1034054,2017-03-07,SBAC,Lazarus Brian D,,0001209191-17-019034,2017-03-06,M,565.0,,9967.0,D,,,,,,
1034054,2017-03-07,SBAC,Ciarfella Mark R,,0001209191-17-019030,2017-03-06,F,590.0,114.98,11748.0,D,,,,,,
1034054,2017-03-07,SBAC,Ciarfella Mark R,,0001209191-17-019030,2017-03-04,F,353.0,114.98,10356.0,D,,,,,,
1034054,2017-03-07,SBAC,SILBERSTEIN JASON V,,0001209191-17-019026,2017-03-04,M,1439.0,,11412.0,D,,,,,,
1034054,2017-03-07,SBAC,Ciarfella Mark R,,0001209191-17-019030,2017-03-05,M,752.0,,11108.0,D,,,,,,
1034054,2017-03-07,SBAC,Ciarfella Mark R,,0001209191-17-019030,2017-03-05,F,281.0,114.98,10827.0,D,,,,,,
1034054,2017-03-07,SBAC,Lazarus Brian D,,0001209191-17-019034,2017-03-06,F,366.0,114.98,10149.0,D,,,,,,
1034054,2017-03-07,SBAC,Ciarfella Mark R,,0001209191-17-019030,2017-03-04,M,943.0,,10709.0,D,,,,,,
1034054,2017-03-07,SBAC,SILBERSTEIN JASON V,,0001209191-17-019026,2017-03-04,F,394.0,114.98,11018.0,D,,,,,,
1034054,2017-03-07,SBAC,SILBERSTEIN JASON V,,0001209191-17-019026,2017-03-05,M,1175.0,,12193.0,D,,,,,,
1034054,2017-03-09,SBAC,Krouse George R Jr,,0001209191-17-019701,2017-03-07,M,681.0,32.81,9681.0,D,,,,,,
1034054,2017-03-09,SBAC,Krouse George R Jr,,0001209191-17-019701,2017-03-07,S,681.0,115.42,9000.0,D,,,,,,
1034054,2017-03-09,SBAC,CARR BRIAN C,,0001209191-17-019699,2017-03-07,S,1649.0,115.86,2197.0,D,,,,,,
1034054,2017-03-13,SBAC,BEEBE KEVIN L,,0001209191-17-020284,2017-03-10,M,2042.0,32.81,9097.0,D,,,,,,
1034054,2017-03-13,SBAC,BEEBE KEVIN L,,0001209191-17-020284,2017-03-10,S,570.0,118.12,8527.0,D,,,,,,
1034054,2017-03-17,SBAC,COCROFT DUNCAN,,0001209191-17-021529,2017-03-15,M,2042.0,32.81,84597.0,D,,,,,,
1034054,2017-05-08,SBAC,Ciarfella Mark R,,0001209191-17-030648,2017-05-04,M,2929.0,95.53,14677.0,D,,,,,,
1034054,2017-05-08,SBAC,Ciarfella Mark R,,0001209191-17-030648,2017-05-04,S,2929.0,129.0,11748.0,D,,,,,,
1034054,2017-05-08,SBAC,Ciarfella Mark R,,0001209191-17-030648,2017-05-05,M,12218.0,95.53,23966.0,D,,,,,,
1034054,2017-05-08,SBAC,Ciarfella Mark R,,0001209191-17-030648,2017-05-05,S,12218.0,129.04,11748.0,D,,,,,,
1034054,2017-05-16,SBAC,BEEBE KEVIN L,,0001209191-17-032851,2017-05-08,M,303.0,,8830.0,D,,,,,,
1034054,2017-05-16,SBAC,BEEBE KEVIN L,,0001209191-17-032851,2017-05-13,M,302.0,,9132.0,D,,,,,,
1034054,2017-05-16,SBAC,COCROFT DUNCAN,,0001209191-17-032865,2017-05-08,M,303.0,,84900.0,D,,,,,,
1034054,2017-05-16,SBAC,LANGER JACK,,0001209191-17-032870,2017-05-08,F,107.0,129.62,1923.0,D,,,,,,
1034054,2017-05-16,SBAC,CARR BRIAN C,,0001209191-17-032860,2017-05-08,M,303.0,,2500.0,D,,,,,,
1034054,2017-05-16,SBAC,CARR BRIAN C,,0001209191-17-032860,2017-05-13,M,302.0,,2802.0,D,,,,,,
1034054,2017-05-16,SBAC,Krouse George R Jr,,0001209191-17-032867,2017-05-08,F,107.0,129.62,9196.0,D,,,,,,
1034054,2017-05-16,SBAC,COCROFT DUNCAN,,0001209191-17-032865,2017-05-13,M,302.0,,85202.0,D,,,,,,
1034054,2017-05-16,SBAC,BERNSTEIN STEVEN E,,0001209191-17-032856,2017-05-08,M,303.0,,31254.0,D,,,,,,
1034054,2017-05-16,SBAC,Krouse George R Jr,,0001209191-17-032867,2017-05-13,F,106.0,127.53,9392.0,D,,,,,,
1034054,2017-05-16,SBAC,BERNSTEIN STEVEN E,,0001209191-17-032856,2017-05-13,M,302.0,,31556.0,D,,,,,,
1034054,2017-05-16,SBAC,Krouse George R Jr,,0001209191-17-032867,2017-05-08,M,303.0,,9303.0,D,,,,,,
1034054,2017-05-16,SBAC,Krouse George R Jr,,0001209191-17-032867,2017-05-13,M,302.0,,9498.0,D,,,,,,
1034054,2017-05-16,SBAC,Chan Mary S,,0001209191-17-032862,2017-05-13,M,302.0,,551.0,D,,,,,,
1034054,2017-05-16,SBAC,LANGER JACK,,0001209191-17-032870,2017-05-08,M,303.0,,2030.0,D,,,,,,
1034054,2017-05-16,SBAC,LANGER JACK,,0001209191-17-032870,2017-05-13,M,302.0,,2225.0,D,,,,,,
1034054,2017-05-16,SBAC,LANGER JACK,,0001209191-17-032870,2017-05-13,F,106.0,127.53,2119.0,D,,,,,,
1034054,2017-05-19,SBAC,STOOPS JEFFREY,,0001209191-17-034036,2017-05-17,S,34860.0,133.38,329124.0,D,,,,,,
1034054,2017-05-19,SBAC,BEEBE KEVIN L,,0001209191-17-034042,2017-05-17,M,249.0,,9381.0,D,,,,,,
1034054,2017-05-19,SBAC,BERNSTEIN STEVEN E,,0001209191-17-034045,2017-05-17,M,249.0,,31805.0,D,,,,,,
1034054,2017-05-19,SBAC,CARR BRIAN C,,0001209191-17-034047,2017-05-18,S,3475.0,132.54,3051.0,D,,,,,,
1034054,2017-05-19,SBAC,CARR BRIAN C,,0001209191-17-034047,2017-05-17,M,249.0,,3051.0,D,,,,,,
1034054,2017-05-19,SBAC,CARR BRIAN C,,0001209191-17-034047,2017-05-18,M,274.0,50.35,3325.0,D,,,,,,
1034054,2017-05-19,SBAC,COCROFT DUNCAN,,0001209191-17-034053,2017-05-17,M,249.0,,85451.0,D,,,,,,
1034054,2017-05-19,SBAC,Krouse George R Jr,,0001209191-17-034056,2017-05-17,F,88.0,130.77,9553.0,D,,,,,,
1034054,2017-05-19,SBAC,Krouse George R Jr,,0001209191-17-034056,2017-05-17,M,249.0,,9641.0,D,,,,,,
1034054,2017-05-19,SBAC,LANGER JACK,,0001209191-17-034061,2017-05-17,F,88.0,130.77,2280.0,D,,,,,,
1034054,2017-05-19,SBAC,LANGER JACK,,0001209191-17-034061,2017-05-17,M,249.0,,2368.0,D,,,,,,
1034054,2017-05-19,SBAC,Chan Mary S,,0001209191-17-034050,2017-05-17,M,249.0,,800.0,D,,,,,,
1034054,2017-05-30,SBAC,SILBERSTEIN JASON V,,0001209191-17-036254,2017-05-25,M,10439.0,72.99,24231.0,D,,,,,,
1034054,2017-05-30,SBAC,SILBERSTEIN JASON V,,0001209191-17-036254,2017-05-25,S,48930.0,136.32,13792.0,D,,,,,,
1034054,2017-06-06,SBAC,Krouse George R Jr,,0001209191-17-038217,2017-06-02,M,1343.0,37.76,10896.0,D,,,,,,
1034054,2017-06-06,SBAC,Krouse George R Jr,,0001209191-17-038217,2017-06-02,F,709.0,138.25,10187.0,D,,,,,,
1034054,2017-06-06,SBAC,Krouse George R Jr,,0001209191-17-038217,2017-06-05,S,187.0,138.43,10000.0,D,,,,,,
1034054,2017-06-08,SBAC,LANGER JACK,,0001209191-17-038622,2017-06-06,S,9000.0,137.04,14883.0,I,,,,,,
1034054,2017-08-07,SBAC,Krouse George R Jr,,0001209191-17-047952,2017-08-03,M,1643.0,50.35,11643.0,D,,,,,,
1034054,2017-08-07,SBAC,Krouse George R Jr,,0001209191-17-047952,2017-08-03,S,1643.0,138.63,10000.0,D,,,,,,
1034054,2017-08-07,SBAC,Ciarfella Mark R,,0001209191-17-047954,2017-08-04,S,9655.0,140.74,11748.0,D,,,,,,
1034054,2017-08-07,SBAC,Ciarfella Mark R,,0001209191-17-047954,2017-08-04,M,9655.0,96.58,21403.0,D,,,,,,
1034054,2017-08-29,SBAC,Lazarus Brian D,,0001209191-17-050649,2017-08-25,M,7376.0,47.52,17525.0,D,,,,,,
1034054,2017-08-29,SBAC,Lazarus Brian D,,0001209191-17-050649,2017-08-25,S,7376.0,151.79,10149.0,D,,,,,,
1034054,2017-08-29,SBAC,Lazarus Brian D,,0001209191-17-050649,2017-08-28,M,2104.0,47.52,12253.0,D,,,,,,
1034054,2017-08-29,SBAC,Lazarus Brian D,,0001209191-17-050649,2017-08-28,F,1316.0,152.1,12307.0,D,,,,,,
1034054,2017-11-13,SBAC,Krouse George R Jr,,0001209191-17-060417,2017-11-08,M,1999.0,79.67,11999.0,D,,,,,,
1034054,2017-11-13,SBAC,Krouse George R Jr,,0001209191-17-060417,2017-11-08,S,1999.0,169.51,10000.0,D,,,,,,
1034054,2018-01-17,SBAC,HUNT THOMAS P,,0001209191-18-004083,2018-01-16,M,41147.0,42.15,182383.0,D,,,,,,
1034054,2018-01-23,SBAC,COCROFT DUNCAN,,0001209191-18-004996,2018-01-22,M,2015.0,37.76,87466.0,D,,,,,,
1034054,2018-03-01,SBAC,Cavanagh Brendan Thomas,,0001209191-18-015203,2018-02-27,M,27221.0,42.15,60576.0,D,,,,,,
1034054,2018-03-01,SBAC,Cavanagh Brendan Thomas,,0001209191-18-015203,2018-02-27,F,13874.0,172.73,46702.0,D,,,,,,
1034054,2018-03-05,SBAC,BERNSTEIN STEVEN E,,0001209191-18-016800,2018-03-01,M,2015.0,37.76,30241.0,D,,,,,,
1034054,2018-03-06,SBAC,SILBERSTEIN JASON V,,0001209191-18-017564,2018-03-04,M,1440.0,,15232.0,D,,,,,,
1034054,2018-03-06,SBAC,Cavanagh Brendan Thomas,,0001209191-18-017548,2018-03-05,M,1361.0,,49731.0,D,,,,,,
1034054,2018-03-06,SBAC,HUNT THOMAS P,,0001209191-18-017552,2018-03-05,M,1612.0,,185970.0,D,,,,,,
1034054,2018-03-06,SBAC,Ciarfella Mark R,,0001209191-18-017550,2018-03-04,F,352.0,152.91,12340.0,D,,,,,,
1034054,2018-03-06,SBAC,Lazarus Brian D,,0001209191-18-017554,2018-03-04,F,231.0,152.91,12756.0,D,,,,,,
1034054,2018-03-06,SBAC,Lazarus Brian D,,0001209191-18-017554,2018-03-06,M,548.0,,13636.0,D,,,,,,
1034054,2018-03-06,SBAC,Ciarfella Mark R,,0001209191-18-017550,2018-03-05,M,752.0,,13092.0,D,,,,,,
1034054,2018-03-06,SBAC,HUNT THOMAS P,,0001209191-18-017552,2018-03-06,M,1853.0,,187823.0,D,,,,,,
1034054,2018-03-06,SBAC,Ciarfella Mark R,,0001209191-18-017550,2018-03-04,M,944.0,,12692.0,D,,,,,,
1034054,2018-03-06,SBAC,Cavanagh Brendan Thomas,,0001209191-18-017548,2018-03-06,M,1537.0,,51268.0,D,,,,,,
1034054,2018-03-06,SBAC,STOOPS JEFFREY,,0001209191-18-017566,2018-03-06,F,3506.0,156.68,266652.0,D,,,,,,
1034054,2018-03-06,SBAC,Lazarus Brian D,,0001209191-18-017554,2018-03-06,F,411.0,156.68,13869.0,D,,,,,,
1034054,2018-03-06,SBAC,Ciarfella Mark R,,0001209191-18-017550,2018-03-06,M,769.0,,13563.0,D,,,,,,
1034054,2018-03-06,SBAC,BAGWELL KURT L,,0001209191-18-017576,2018-03-05,F,636.0,152.91,29597.0,D,,,,,,
1034054,2018-03-06,SBAC,Ciarfella Mark R,,0001209191-18-017550,2018-03-05,F,298.0,152.91,12794.0,D,,,,,,
1034054,2018-03-06,SBAC,Lazarus Brian D,,0001209191-18-017554,2018-03-05,M,537.0,,13293.0,D,,,,,,
1034054,2018-03-06,SBAC,STOOPS JEFFREY,,0001209191-18-017566,2018-03-06,M,4452.0,,265703.0,D,,,,,,
1034054,2018-03-06,SBAC,BAGWELL KURT L,,0001209191-18-017576,2018-03-06,F,1422.0,156.68,31786.0,D,,,,,,
1034054,2018-03-06,SBAC,Lazarus Brian D,,0001209191-18-017554,2018-03-05,F,205.0,152.91,13088.0,D,,,,,,
1034054,2018-03-06,SBAC,BAGWELL KURT L,,0001209191-18-017576,2018-03-06,M,1853.0,,31450.0,D,,,,,,
1034054,2018-03-06,SBAC,Lazarus Brian D,,0001209191-18-017554,2018-03-04,M,680.0,,12987.0,D,,,,,,
1034054,2018-03-06,SBAC,HUNT THOMAS P,,0001209191-18-017552,2018-03-04,M,1975.0,,184358.0,D,,,,,,
1034054,2018-03-06,SBAC,BAGWELL KURT L,,0001209191-18-017576,2018-03-04,F,778.0,152.91,28621.0,D,,,,,,
1034054,2018-03-06,SBAC,STOOPS JEFFREY,,0001209191-18-017566,2018-03-05,M,4022.0,,262229.0,D,,,,,,
1034054,2018-03-06,SBAC,STOOPS JEFFREY,,0001209191-18-017566,2018-03-04,F,1562.0,152.91,258207.0,D,,,,,,
1034054,2018-03-06,SBAC,STOOPS JEFFREY,,0001209191-18-017566,2018-03-04,M,4927.0,,259769.0,D,,,,,,
1034054,2018-03-06,SBAC,STOOPS JEFFREY,,0001209191-18-017566,2018-03-05,F,978.0,152.91,261251.0,D,,,,,,
1034054,2018-03-06,SBAC,Cavanagh Brendan Thomas,,0001209191-18-017548,2018-03-04,M,1668.0,,48370.0,D,,,,,,
1034054,2018-03-06,SBAC,SILBERSTEIN JASON V,,0001209191-18-017564,2018-03-06,M,1302.0,,17709.0,D,,,,,,
1034054,2018-03-06,SBAC,SILBERSTEIN JASON V,,0001209191-18-017564,2018-03-05,M,1175.0,,16407.0,D,,,,,,
1034054,2018-03-06,SBAC,BAGWELL KURT L,,0001209191-18-017576,2018-03-05,M,1612.0,,30233.0,D,,,,,,
1034054,2018-03-06,SBAC,Ciarfella Mark R,,0001209191-18-017550,2018-03-06,F,609.0,156.68,13813.0,D,,,,,,
1034054,2018-03-06,SBAC,BAGWELL KURT L,,0001209191-18-017576,2018-03-04,M,1975.0,,29399.0,D,,,,,,
1034054,2018-03-14,SBAC,COCROFT DUNCAN,,0001209191-18-019666,2018-03-12,P,500.0,167.29,87966.0,D,,,,,,
1034054,2018-03-14,SBAC,COCROFT DUNCAN,,0001209191-18-019666,2018-03-13,G,500.0,0.0,87466.0,D,,,,,,
1034054,2018-05-03,SBAC,Chan Mary S,,0001209191-18-027771,2018-05-01,M,268.0,,1068.0,D,,,,,,
1034054,2018-05-03,SBAC,CARR BRIAN C,,0001209191-18-027766,2018-05-01,M,268.0,,3319.0,D,,,,,,
1034054,2018-05-03,SBAC,BEEBE KEVIN L,,0001209191-18-027754,2018-05-01,M,268.0,,9649.0,D,,,,,,
1034054,2018-05-03,SBAC,LANGER JACK,,0001209191-18-027780,2018-05-01,M,268.0,,2548.0,D,,,,,,
1034054,2018-05-03,SBAC,LANGER JACK,,0001209191-18-027780,2018-05-01,F,81.0,160.23,2467.0,D,,,,,,
1034054,2018-05-03,SBAC,Krouse George R Jr,,0001209191-18-027778,2018-05-01,M,268.0,,10268.0,D,,,,,,
1034054,2018-05-03,SBAC,Krouse George R Jr,,0001209191-18-027778,2018-05-01,F,94.0,160.23,10174.0,D,,,,,,
1034054,2018-05-03,SBAC,COCROFT DUNCAN,,0001209191-18-027775,2018-05-01,M,268.0,,87734.0,D,,,,,,
1034054,2018-05-03,SBAC,BERNSTEIN STEVEN E,,0001209191-18-027761,2018-05-01,M,268.0,,30509.0,D,,,,,,
1034054,2018-05-03,SBAC,LANGER JACK,,0001209191-18-027780,2018-03-15,G,50.0,0.0,14833.0,I,,,,,,
1034054,2018-05-07,SBAC,BEEBE KEVIN L,,0001209191-18-028407,2018-05-03,F,489.0,155.85,11175.0,D,,,,,,
1034054,2018-05-07,SBAC,BEEBE KEVIN L,,0001209191-18-028407,2018-05-03,M,2015.0,37.76,11664.0,D,,,,,,
1034054,2018-05-15,SBAC,Chan Mary S,,0001209191-18-030321,2018-05-13,M,302.0,,1370.0,D,,,,,,
1034054,2018-05-15,SBAC,CARR BRIAN C,,0001209191-18-030312,2018-05-13,M,302.0,,3621.0,D,,,,,,
1034054,2018-05-15,SBAC,Krouse George R Jr,,0001209191-18-030317,2018-05-13,F,106.0,160.1,10370.0,D,,,,,,
1034054,2018-05-15,SBAC,Krouse George R Jr,,0001209191-18-030317,2018-05-13,M,302.0,,10476.0,D,,,,,,
1034054,2018-05-15,SBAC,LANGER JACK,,0001209191-18-030308,2018-05-13,M,302.0,,2769.0,D,,,,,,
1034054,2018-05-15,SBAC,LANGER JACK,,0001209191-18-030308,2018-05-13,F,91.0,160.1,2678.0,D,,,,,,
1034054,2018-05-15,SBAC,COCROFT DUNCAN,,0001209191-18-030305,2018-05-13,M,302.0,,88036.0,D,,,,,,
1034054,2018-05-15,SBAC,BAGWELL KURT L,,0001209191-18-030285,2018-05-11,M,1370.0,72.99,33156.0,D,,,,,,
1034054,2018-05-15,SBAC,BEEBE KEVIN L,,0001209191-18-030293,2018-05-13,M,302.0,,11477.0,D,,,,,,
1034054,2018-05-15,SBAC,BERNSTEIN STEVEN E,,0001209191-18-030301,2018-05-13,M,302.0,,30811.0,D,,,,,,
1034054,2018-05-15,SBAC,BAGWELL KURT L,,0001209191-18-030285,2018-05-11,F,1236.0,161.95,32966.0,D,,,,,,
1034054,2018-05-18,SBAC,Chan Mary S,,0001209191-18-031526,2018-05-16,M,249.0,,1619.0,D,,,,,,
1034054,2018-05-18,SBAC,CARR BRIAN C,,0001209191-18-031533,2018-05-16,M,249.0,,3870.0,D,,,,,,
1034054,2018-05-18,SBAC,COCROFT DUNCAN,,0001209191-18-031536,2018-05-16,M,249.0,,88285.0,D,,,,,,
1034054,2018-05-18,SBAC,Krouse George R Jr,,0001209191-18-031543,2018-05-16,F,88.0,157.67,10531.0,D,,,,,,
1034054,2018-05-18,SBAC,LANGER JACK,,0001209191-18-031551,2018-05-16,M,249.0,,2927.0,D,,,,,,
1034054,2018-05-18,SBAC,LANGER JACK,,0001209191-18-031551,2018-05-16,F,75.0,157.67,2852.0,D,,,,,,
1034054,2018-05-18,SBAC,BEEBE KEVIN L,,0001209191-18-031555,2018-05-16,M,249.0,,11726.0,D,,,,,,
1034054,2018-05-18,SBAC,BERNSTEIN STEVEN E,,0001209191-18-031558,2018-05-16,M,249.0,,31060.0,D,,,,,,
1034054,2018-05-18,SBAC,Krouse George R Jr,,0001209191-18-031543,2018-05-16,M,249.0,,10619.0,D,,,,,,
1034054,2018-05-21,SBAC,SILBERSTEIN JASON V,,0001209191-18-032034,2018-05-17,S,3170.0,157.75,15828.0,D,,,,,,
1034054,2018-05-21,SBAC,Krouse George R Jr,,0001209191-18-032011,2018-05-17,M,2202.0,96.8,12733.0,D,,,,,,
1034054,2018-05-21,SBAC,Krouse George R Jr,,0001209191-18-032011,2018-05-17,S,2202.0,157.56,10531.0,D,,,,,,
1034054,2018-06-07,SBAC,Ciarfella Mark R,,0001209191-18-036473,2018-06-05,M,6528.0,95.53,20341.0,D,,,,,,
1034054,2018-06-07,SBAC,Ciarfella Mark R,,0001209191-18-036473,2018-06-05,S,10617.0,160.12,13813.0,D,,,,,,
1034054,2018-06-15,SBAC,Ciarfella Mark R,,0001209191-18-038132,2018-06-13,S,1850.0,160.01,13813.0,D,,,,,,
1034054,2018-06-15,SBAC,Ciarfella Mark R,,0001209191-18-038132,2018-06-13,M,1850.0,96.58,15663.0,D,,,,,,
1034054,2018-06-22,SBAC,Ciarfella Mark R,,0001209191-18-039289,2018-06-21,S,26267.0,160.01,13813.0,D,,,,,,
1034054,2018-06-22,SBAC,Ciarfella Mark R,,0001209191-18-039289,2018-06-21,M,3716.0,96.58,17529.0,D,,,,,,
1034054,2018-06-29,SBAC,BAGWELL KURT L,,0001209191-18-040082,2018-06-27,S,56273.0,165.05,32966.0,D,,,,,,
1034054,2018-06-29,SBAC,BAGWELL KURT L,,0001209191-18-040082,2018-06-28,M,23474.0,95.53,56440.0,D,,,,,,
1034054,2018-06-29,SBAC,BAGWELL KURT L,,0001209191-18-040082,2018-06-27,M,9123.0,47.52,42089.0,D,,,,,,
1034054,2018-06-29,SBAC,BAGWELL KURT L,,0001209191-18-040082,2018-06-29,M,46858.0,95.53,79824.0,D,,,,,,
1034054,2018-06-29,SBAC,BAGWELL KURT L,,0001209191-18-040082,2018-06-29,S,46858.0,165.08,32966.0,D,,,,,,
1034054,2018-06-29,SBAC,BAGWELL KURT L,,0001209191-18-040082,2018-06-28,S,23474.0,165.03,32966.0,D,,,,,,
1034054,2018-08-17,SBAC,CARR BRIAN C,,0001209191-18-047505,2018-08-15,S,800.0,155.0,3070.0,D,,,,,,
1034054,2018-08-24,SBAC,STOOPS JEFFREY,,0001209191-18-048421,2018-08-23,S,10000.0,153.74,259980.0,D,,,,,,
1034054,2018-08-24,SBAC,STOOPS JEFFREY,,0001209191-18-048421,2018-08-23,F,12192.0,154.1,269980.0,D,,,,,,
1034054,2018-08-24,SBAC,STOOPS JEFFREY,,0001209191-18-048421,2018-08-22,S,5199.0,154.1,265973.0,D,,,,,,
1034054,2018-08-24,SBAC,STOOPS JEFFREY,,0001209191-18-048421,2018-08-22,M,2104.0,47.52,268756.0,D,,,,,,
1034054,2018-08-24,SBAC,STOOPS JEFFREY,,0001209191-18-048421,2018-08-23,M,21000.0,47.52,282172.0,D,,,,,,
1034054,2018-09-17,SBAC,STOOPS JEFFREY,,0001209191-18-051274,2018-09-13,S,7800.0,159.21,252180.0,D,,,,,,
1034054,2018-09-17,SBAC,STOOPS JEFFREY,,0001209191-18-051274,2018-09-14,S,7229.0,159.88,257714.0,D,,,,,,
1034054,2018-09-17,SBAC,STOOPS JEFFREY,,0001209191-18-051274,2018-09-14,F,20037.0,161.03,264943.0,D,,,,,,
1034054,2018-09-17,SBAC,STOOPS JEFFREY,,0001209191-18-051274,2018-09-14,M,35000.0,47.52,284980.0,D,,,,,,
1034054,2018-09-18,SBAC,BAGWELL KURT L,,0001209191-18-051521,2018-09-14,S,5.0,160.5,68497.0,I,,,,,,
1034054,2018-09-18,SBAC,SILBERSTEIN JASON V,,0001209191-18-051531,2018-09-14,M,1046.0,95.53,16874.0,D,,,,,,
1034054,2018-11-07,SBAC,SILBERSTEIN JASON V,,0001209191-18-057631,2018-11-05,M,11785.0,95.53,28659.0,D,,,,,,
1034054,2018-11-07,SBAC,SILBERSTEIN JASON V,,0001209191-18-057631,2018-11-05,S,19785.0,165.13,8874.0,D,,,,,,
1034054,2018-11-09,SBAC,STOOPS JEFFREY,,0001209191-18-058038,2018-11-09,M,48346.0,47.52,263289.0,D,,,,,,
1034054,2018-11-09,SBAC,STOOPS JEFFREY,,0001209191-18-058038,2018-11-08,S,40000.0,170.47,214943.0,D,,,,,,
1034054,2018-11-09,SBAC,STOOPS JEFFREY,,0001209191-18-058038,2018-11-09,S,15261.0,171.38,434602.0,I,,,,,,
1034054,2018-11-09,SBAC,STOOPS JEFFREY,,0001209191-18-058038,2018-11-09,F,27148.0,171.52,236141.0,D,,,,,,
1034054,2018-11-13,SBAC,Ciarfella Mark R,,0001209191-18-058368,2018-11-08,M,8377.0,115.17,22190.0,D,,,,,,
1034054,2018-11-13,SBAC,Ciarfella Mark R,,0001209191-18-058368,2018-11-08,S,8377.0,171.0,13813.0,D,,,,,,
1034054,2018-11-13,SBAC,Krouse George R Jr,,0001209191-18-058364,2018-11-09,M,1538.0,100.0,12069.0,D,,,,,,
1034054,2018-11-13,SBAC,Krouse George R Jr,,0001209191-18-058364,2018-11-09,F,1122.0,171.52,10947.0,D,,,,,,
1034054,2018-11-13,SBAC,Krouse George R Jr,,0001209191-18-058364,2018-11-12,S,416.0,171.75,10531.0,D,,,,,,
1034054,2018-11-13,SBAC,STOOPS JEFFREY,,0001209191-18-058359,2017-11-16,P,11.0,164.68,236152.0,D,,,,,,
1034054,2018-11-13,SBAC,CARR BRIAN C,,0001209191-18-058355,2018-11-09,S,249.0,171.98,2821.0,D,,,,,,
1034054,2018-11-20,SBAC,Cavanagh Brendan Thomas,,0001209191-18-059468,2018-11-19,F,1163.0,172.02,48417.0,D,,,,,,
1034054,2018-11-20,SBAC,Cavanagh Brendan Thomas,,0001209191-18-059468,2018-11-19,M,8746.0,95.53,48210.0,D,,,,,,
1034054,2018-11-20,SBAC,Cavanagh Brendan Thomas,,0001209191-18-059468,2018-11-19,S,5404.0,172.67,43013.0,D,,,,,,
1034054,2018-11-20,SBAC,Cavanagh Brendan Thomas,,0001209191-18-059468,2018-11-16,M,28999.0,47.52,81810.0,D,,,,,,
1034054,2018-11-20,SBAC,HUNT THOMAS P,,0001209191-18-059484,2018-11-19,S,55929.0,172.16,133652.0,D,,,,,,
1034054,2018-11-20,SBAC,Cavanagh Brendan Thomas,,0001209191-18-059468,2018-11-16,S,139138.0,172.11,40343.0,D,,,,,,
1034054,2018-11-21,SBAC,COCROFT DUNCAN,,0001209191-18-059771,2018-11-19,S,12543.0,171.85,75742.0,D,,,,,,
1034054,2018-12-17,SBAC,BEEBE KEVIN L,,0001209191-18-063025,2018-12-13,M,10000.0,28.86,21726.0,D,,,,,,
1034054,2018-12-17,SBAC,BEEBE KEVIN L,,0001209191-18-063025,2018-12-13,S,10000.0,172.51,11726.0,D,,,,,,
1034054,2018-12-17,SBAC,Lazarus Brian D,,0001209191-18-063020,2018-12-13,M,12554.0,72.99,26423.0,D,,,,,,
1034054,2018-12-17,SBAC,Lazarus Brian D,,0001209191-18-063020,2018-12-13,S,12554.0,173.0,13869.0,D,,,,,,
1034054,2018-12-17,SBAC,Lazarus Brian D,,0001209191-18-063020,2018-12-14,M,3321.0,72.99,17190.0,D,,,,,,
1034054,2018-12-17,SBAC,Lazarus Brian D,,0001209191-18-063020,2018-12-14,S,3321.0,173.0,13869.0,D,,,,,,
1034054,2018-12-17,SBAC,Lazarus Brian D,,0001209191-18-063020,2018-12-14,F,581.0,172.22,14334.0,D,,,,,,
1034054,2019-02-28,SBAC,BAGWELL KURT L,,0001209191-19-014810,2019-02-28,S,34451.0,181.63,90781.0,D,,,,,,
1034054,2019-02-28,SBAC,BAGWELL KURT L,,0001209191-19-014810,2019-02-28,M,20926.0,124.59,81404.0,D,,,,,,
1034054,2019-02-28,SBAC,BAGWELL KURT L,,0001209191-19-014810,2019-02-27,S,5000.0,181.51,60478.0,D,,,,,,
1034054,2019-02-28,SBAC,BAGWELL KURT L,,0001209191-19-014810,2019-02-27,M,5000.0,124.59,65478.0,D,,,,,,
1034054,2019-02-28,SBAC,BAGWELL KURT L,,0001209191-19-014810,2019-02-26,S,22400.0,181.53,60478.0,D,,,,,,
1034054,2019-02-28,SBAC,BAGWELL KURT L,,0001209191-19-014810,2019-02-26,M,22400.0,124.59,82878.0,D,,,,,,
1034054,2019-03-01,SBAC,BAGWELL KURT L,,0001209191-19-015203,2019-03-01,M,13723.0,115.17,74201.0,D,,,,,,
1034054,2019-03-01,SBAC,BAGWELL KURT L,,0001209191-19-015203,2019-03-01,S,13723.0,181.51,60478.0,D,,,,,,
1034054,2019-03-06,SBAC,Ciarfella Mark R,,0001209191-19-017592,2019-03-04,M,944.0,,14757.0,D,,,,,,
1034054,2019-03-06,SBAC,Cavanagh Brendan Thomas,,0001209191-19-017591,2019-03-04,M,1668.0,,42385.0,D,,,,,,
1034054,2019-03-06,SBAC,Ciarfella Mark R,,0001209191-19-017592,2019-03-06,F,382.0,182.1,16263.0,D,,,,,,
1034054,2019-03-06,SBAC,Ciarfella Mark R,,0001209191-19-017592,2019-03-05,S,6148.0,183.0,14512.0,D,,,,,,
1034054,2019-03-06,SBAC,Cavanagh Brendan Thomas,,0001209191-19-017591,2019-03-05,F,509.0,182.48,42611.0,D,,,,,,
1034054,2019-03-06,SBAC,Cavanagh Brendan Thomas,,0001209191-19-017591,2019-03-04,F,627.0,182.11,41758.0,D,,,,,,
1034054,2019-03-06,SBAC,HUNT THOMAS P,,0001209191-19-017593,2019-03-04,M,1975.0,,111648.0,D,,,,,,
1034054,2019-03-06,SBAC,Cavanagh Brendan Thomas,,0001209191-19-017591,2019-03-06,M,1544.0,,44155.0,D,,,,,,
1034054,2019-03-06,SBAC,BAGWELL KURT L,,0001209191-19-017597,2019-03-04,F,778.0,182.11,61675.0,D,,,,,,
1034054,2019-03-06,SBAC,Ciarfella Mark R,,0001209191-19-017592,2019-03-06,S,5847.0,183.0,16263.0,D,,,,,,
1034054,2019-03-06,SBAC,SILBERSTEIN JASON V,,0001209191-19-017595,2019-03-06,M,1290.0,,12133.0,D,,,,,,
1034054,2019-03-06,SBAC,BAGWELL KURT L,,0001209191-19-017597,2019-03-06,M,1759.0,,64412.0,D,,,,,,
1034054,2019-03-06,SBAC,STOOPS JEFFREY,,0001209191-19-017596,2019-03-05,M,4022.0,,204037.0,D,,,,,,
1034054,2019-03-06,SBAC,Lazarus Brian D,,0001209191-19-017594,2019-03-05,F,185.0,182.48,15331.0,D,,,,,,
1034054,2019-03-06,SBAC,BAGWELL KURT L,,0001209191-19-017597,2019-03-05,M,1613.0,,63288.0,D,,,,,,
1034054,2019-03-06,SBAC,STOOPS JEFFREY,,0001209191-19-017596,2019-03-05,F,1499.0,182.48,202538.0,D,,,,,,
1034054,2019-03-06,SBAC,Cavanagh Brendan Thomas,,0001209191-19-017591,2019-03-05,M,1362.0,,43120.0,D,,,,,,
1034054,2019-03-06,SBAC,Ciarfella Mark R,,0001209191-19-017592,2019-03-06,M,860.0,,15941.0,D,,,,,,
1034054,2019-03-06,SBAC,BAGWELL KURT L,,0001209191-19-017597,2019-03-06,F,1248.0,182.1,64573.0,D,,,,,,
1034054,2019-03-06,SBAC,Lazarus Brian D,,0001209191-19-017594,2019-03-06,M,645.0,,15976.0,D,,,,,,
1034054,2019-03-06,SBAC,Lazarus Brian D,,0001209191-19-017594,2019-03-06,F,412.0,182.1,16117.0,D,,,,,,
1034054,2019-03-06,SBAC,Lazarus Brian D,,0001209191-19-017594,2019-03-05,M,538.0,,15516.0,D,,,,,,
1034054,2019-03-06,SBAC,STOOPS JEFFREY,,0001209191-19-017596,2019-03-06,F,3165.0,182.1,207414.0,D,,,,,,
1034054,2019-03-06,SBAC,Lazarus Brian D,,0001209191-19-017594,2019-03-04,F,182.0,182.11,14978.0,D,,,,,,
1034054,2019-03-06,SBAC,STOOPS JEFFREY,,0001209191-19-017596,2019-03-04,F,1199.0,182.11,200015.0,D,,,,,,
1034054,2019-03-06,SBAC,SILBERSTEIN JASON V,,0001209191-19-017595,2019-03-05,M,1176.0,,11130.0,D,,,,,,
1034054,2019-03-06,SBAC,SILBERSTEIN JASON V,,0001209191-19-017595,2019-03-04,M,1440.0,,10314.0,D,,,,,,
1034054,2019-03-06,SBAC,BAGWELL KURT L,,0001209191-19-017597,2019-03-04,M,1975.0,,62453.0,D,,,,,,
1034054,2019-03-06,SBAC,SILBERSTEIN JASON V,,0001209191-19-017595,2019-03-05,F,287.0,182.48,10843.0,D,,,,,,
1034054,2019-03-06,SBAC,BAGWELL KURT L,,0001209191-19-017597,2019-03-05,F,635.0,182.48,62653.0,D,,,,,,
1034054,2019-03-06,SBAC,STOOPS JEFFREY,,0001209191-19-017596,2019-03-06,M,4456.0,,206994.0,D,,,,,,
1034054,2019-03-06,SBAC,HUNT THOMAS P,,0001209191-19-017593,2019-03-05,M,1613.0,,113261.0,D,,,,,,
1034054,2019-03-06,SBAC,Ciarfella Mark R,,0001209191-19-017592,2019-03-05,M,1.0,47.52,14513.0,D,,,,,,
1034054,2019-03-06,SBAC,Cavanagh Brendan Thomas,,0001209191-19-017591,2019-03-06,F,1123.0,182.1,44340.0,D,,,,,,
1034054,2019-03-06,SBAC,Ciarfella Mark R,,0001209191-19-017592,2019-03-04,F,245.0,182.11,14512.0,D,,,,,,
1034054,2019-03-06,SBAC,Ciarfella Mark R,,0001209191-19-017592,2019-03-05,F,184.0,182.48,15081.0,D,,,,,,
1034054,2019-03-06,SBAC,SILBERSTEIN JASON V,,0001209191-19-017595,2019-03-04,F,360.0,182.11,9954.0,D,,,,,,
1034054,2019-03-06,SBAC,STOOPS JEFFREY,,0001209191-19-017596,2019-03-04,M,4927.0,,201214.0,D,,,,,,
1034054,2019-03-06,SBAC,HUNT THOMAS P,,0001209191-19-017593,2019-03-06,M,44908.0,47.52,158169.0,D,,,,,,
1034054,2019-03-06,SBAC,BERNSTEIN STEVEN E,,0001209191-19-017548,2019-03-05,S,15454.0,182.51,15606.0,D,,,,,,
1034054,2019-03-06,SBAC,Lazarus Brian D,,0001209191-19-017594,2019-03-04,M,680.0,,15160.0,D,,,,,,
1034054,2019-03-08,SBAC,Ciarfella Mark R,,0001209191-19-018212,2019-03-07,M,6225.0,96.58,22488.0,D,,,,,,
1034054,2019-03-08,SBAC,Ciarfella Mark R,,0001209191-19-018212,2019-03-07,S,14602.0,183.16,16263.0,D,,,,,,
1034054,2019-03-08,SBAC,COCROFT DUNCAN,,0001209191-19-018216,2019-03-06,S,1643.0,181.84,75742.0,D,,,,,,
1034054,2019-03-08,SBAC,COCROFT DUNCAN,,0001209191-19-018216,2019-03-06,M,1643.0,50.35,77385.0,D,,,,,,
1034054,2019-03-12,SBAC,BAGWELL KURT L,,0001209191-19-018934,2019-03-08,S,2905.0,183.25,61668.0,D,,,,,,
1034054,2019-03-12,SBAC,BAGWELL KURT L,,0001209191-19-018934,2019-03-12,S,4095.0,186.7,57573.0,D,,,,,,
1034054,2019-03-15,SBAC,Lazarus Brian D,,0001209191-19-019788,2019-03-13,M,20561.0,95.53,36525.0,D,,,,,,
1034054,2019-03-15,SBAC,Lazarus Brian D,,0001209191-19-019788,2019-03-13,S,20561.0,187.51,15964.0,D,,,,,,
1034054,2019-03-19,SBAC,SILBERSTEIN JASON V,,0001209191-19-020416,2019-03-15,M,46965.0,124.59,60154.0,D,,,,,,
1034054,2019-03-19,SBAC,SILBERSTEIN JASON V,,0001209191-19-020416,2019-03-15,S,21567.0,190.52,38587.0,D,,,,,,
1034054,2019-03-19,SBAC,BEEBE KEVIN L,,0001209191-19-020415,2019-03-15,M,1643.0,50.35,13369.0,D,,,,,,
1034054,2019-03-19,SBAC,BEEBE KEVIN L,,0001209191-19-020415,2019-03-15,S,440.0,189.86,12929.0,D,,,,,,
1034054,2019-03-22,SBAC,STOOPS JEFFREY,,0001209191-19-021055,2019-03-21,M,802.0,124.59,208216.0,D,,,,,,
1034054,2019-03-22,SBAC,STOOPS JEFFREY,,0001209191-19-021067,2019-03-21,M,802.0,124.59,208216.0,D,,,,,,
1034054,2019-04-30,SBAC,BERNSTEIN STEVEN E,,0001209191-19-026637,2019-04-26,M,1643.0,50.53,2462.0,D,,,,,,
1034054,2019-04-30,SBAC,BERNSTEIN STEVEN E,,0001209191-19-026637,2019-04-26,F,931.0,199.53,1531.0,D,,,,,,
1034054,2019-05-03,SBAC,Krouse George R Jr,,0001209191-19-027523,2019-05-02,M,1899.0,113.55,12684.0,D,,,,,,
1034054,2019-05-03,SBAC,Krouse George R Jr,,0001209191-19-027523,2019-05-02,S,1899.0,204.16,10785.0,D,,,,,,
1034054,2019-05-03,SBAC,COCROFT DUNCAN,,0001209191-19-027521,2019-05-01,M,269.0,,76011.0,D,,,,,,
1034054,2019-05-03,SBAC,COCROFT DUNCAN,,0001209191-19-027521,2019-05-01,F,174.0,203.73,76037.0,D,,,,,,
1034054,2019-05-03,SBAC,Chan Mary S,,0001209191-19-027518,2019-05-01,M,269.0,,1888.0,D,,,,,,
1034054,2019-05-03,SBAC,CARR BRIAN C,,0001209191-19-027515,2019-05-01,M,269.0,,3090.0,D,,,,,,
1034054,2019-05-03,SBAC,BERNSTEIN STEVEN E,,0001209191-19-027511,2019-05-01,M,269.0,,1800.0,D,,,,,,
1034054,2019-05-03,SBAC,BERNSTEIN STEVEN E,,0001209191-19-027511,2019-05-01,F,174.0,203.73,1826.0,D,,,,,,
1034054,2019-05-03,SBAC,Krouse George R Jr,,0001209191-19-027523,2019-05-01,F,165.0,203.73,10785.0,D,,,,,,
1034054,2019-05-03,SBAC,Krouse George R Jr,,0001209191-19-027523,2019-05-01,M,269.0,,10750.0,D,,,,,,
1034054,2019-05-03,SBAC,BEEBE KEVIN L,,0001209191-19-027507,2019-05-01,M,269.0,,13198.0,D,,,,,,
1034054,2019-05-03,SBAC,LANGER JACK,,0001209191-19-027527,2019-05-01,F,165.0,203.73,3156.0,D,,,,,,
1034054,2019-05-03,SBAC,Ciarfella Mark R,,0001209191-19-027535,2019-05-03,M,3379.0,156.5,19642.0,D,,,,,,
1034054,2019-05-03,SBAC,STOOPS JEFFREY,,0001209191-19-027538,2019-05-02,M,143858.0,72.99,352074.0,D,,,,,,
1034054,2019-05-03,SBAC,BAGWELL KURT L,,0001209191-19-027532,2019-05-02,S,3300.0,204.01,106923.0,D,,,,,,
1034054,2019-05-03,SBAC,BAGWELL KURT L,,0001209191-19-027532,2019-05-02,M,15307.0,124.59,72880.0,D,,,,,,
1034054,2019-05-03,SBAC,LANGER JACK,,0001209191-19-027527,2019-05-01,M,269.0,,3121.0,D,,,,,,
1034054,2019-05-03,SBAC,Ciarfella Mark R,,0001209191-19-027535,2019-05-03,S,3379.0,206.0,16263.0,D,,,,,,
1034054,2019-05-03,SBAC,Ciarfella Mark R,,0001209191-19-027535,2019-05-02,S,3380.0,205.01,16263.0,D,,,,,,
1034054,2019-05-03,SBAC,Ciarfella Mark R,,0001209191-19-027535,2019-05-02,M,3380.0,156.5,19643.0,D,,,,,,
1034054,2019-05-03,SBAC,STOOPS JEFFREY,,0001209191-19-027538,2019-05-02,F,87856.0,203.81,264218.0,D,,,,,,
1034054,2019-05-03,SBAC,Krouse George R Jr,,0001209191-19-027523,2019-03-21,G,50.0,0.0,10481.0,D,,,,,,
1034054,2019-05-10,SBAC,CARR BRIAN C,,0001209191-19-029054,2019-05-09,S,700.0,206.5,2590.0,D,,,,,,
1034054,2019-05-15,SBAC,COCROFT DUNCAN,,0001209191-19-030116,2019-05-13,F,113.0,210.39,76227.0,D,,,,,,
1034054,2019-05-15,SBAC,BERNSTEIN STEVEN E,,0001209191-19-030115,2019-05-13,M,303.0,,2129.0,D,,,,,,
1034054,2019-05-15,SBAC,BERNSTEIN STEVEN E,,0001209191-19-030115,2019-05-13,F,113.0,210.39,2016.0,D,,,,,,
1034054,2019-05-15,SBAC,COCROFT DUNCAN,,0001209191-19-030116,2019-05-13,M,303.0,,76340.0,D,,,,,,
1034054,2019-05-15,SBAC,Krouse George R Jr,,0001209191-19-030117,2019-05-13,M,303.0,,11088.0,D,,,,,,
1034054,2019-05-15,SBAC,Krouse George R Jr,,0001209191-19-030117,2019-05-13,F,107.0,210.39,10981.0,D,,,,,,
1034054,2019-05-15,SBAC,LANGER JACK,,0001209191-19-030118,2019-05-13,M,303.0,,3459.0,D,,,,,,
1034054,2019-05-15,SBAC,Chan Mary S,,0001209191-19-030122,2019-05-13,M,303.0,,2391.0,D,,,,,,
1034054,2019-05-15,SBAC,CARR BRIAN C,,0001209191-19-030120,2019-05-13,M,303.0,,2893.0,D,,,,,,
1034054,2019-05-15,SBAC,BEEBE KEVIN L,,0001209191-19-030119,2019-05-13,M,303.0,,13701.0,D,,,,,,
1034054,2019-05-15,SBAC,LANGER JACK,,0001209191-19-030118,2019-05-13,F,107.0,210.39,3352.0,D,,,,,,
1034054,2019-05-31,SBAC,COCROFT DUNCAN,,0001209191-19-033708,2019-05-30,S,6453.0,209.71,69774.0,D,,,,,,
1034054,2019-06-07,SBAC,STOOPS JEFFREY,,0001209191-19-035635,2019-06-05,S,9077.0,217.43,255141.0,D,,,,,,
1034054,2019-06-14,SBAC,BAGWELL KURT L,,0001209191-19-037260,2019-06-12,M,802.0,124.59,58375.0,D,,,,,,
1034054,2019-06-14,SBAC,BAGWELL KURT L,,0001209191-19-037260,2019-06-12,S,14320.0,225.53,57573.0,D,,,,,,
1034054,2019-08-02,SBAC,Lazarus Brian D,,0001209191-19-044334,2019-07-31,M,802.0,124.59,16766.0,D,,,,,,
1034054,2019-08-02,SBAC,Lazarus Brian D,,0001209191-19-044334,2019-07-31,F,403.0,248.43,16363.0,D,,,,,,
1034054,2019-08-06,SBAC,Krouse George R Jr,,0001209191-19-044878,2019-08-02,S,2087.0,247.51,10620.0,D,,,,,,
1034054,2019-08-06,SBAC,Krouse George R Jr,,0001209191-19-044878,2019-08-02,M,770.0,100.0,11390.0,D,,,,,,
1034054,2019-08-06,SBAC,Krouse George R Jr,,0001209191-19-044878,2019-07-30,G,80.0,0.0,10620.0,D,,,,,,
1034054,2019-08-06,SBAC,Krouse George R Jr,,0001209191-19-044878,2019-06-19,G,150.0,0.0,10700.0,D,,,,,,
1034054,2019-08-06,SBAC,Krouse George R Jr,,0001209191-19-044878,2019-06-05,G,31.0,0.0,10950.0,D,,,,,,
1034054,2019-08-06,SBAC,Krouse George R Jr,,0001209191-19-044878,2019-06-11,G,100.0,0.0,10850.0,D,,,,,,
1034054,2019-08-13,SBAC,BAGWELL KURT L,,0001209191-19-045797,2019-08-12,S,17055.0,254.72,22165.0,I,,,,,,
1034054,2019-08-16,SBAC,Krouse George R Jr,,0001209191-19-046402,2019-08-14,S,620.0,258.26,10000.0,D,,,,,,
1034054,2019-08-20,SBAC,Lazarus Brian D,,0001209191-19-046871,2019-08-16,M,1466.0,124.59,17829.0,D,,,,,,
1034054,2019-08-20,SBAC,Lazarus Brian D,,0001209191-19-046871,2019-08-16,S,1466.0,261.0,16363.0,D,,,,,,
1034054,2019-08-20,SBAC,Lazarus Brian D,,0001209191-19-046871,2019-08-19,M,19210.0,124.59,35573.0,D,,,,,,
1034054,2019-08-20,SBAC,Lazarus Brian D,,0001209191-19-046871,2019-08-19,S,19210.0,261.0,16363.0,D,,,,,,
1034054,2019-08-21,SBAC,LANGER JACK,,0001209191-19-047053,2019-08-19,S,3302.0,261.65,50.0,D,,,,,,
1034054,2019-08-21,SBAC,LANGER JACK,,0001209191-19-047053,2019-08-20,M,1999.0,79.67,2049.0,D,,,,,,
1034054,2019-08-21,SBAC,LANGER JACK,,0001209191-19-047053,2019-08-20,S,1999.0,262.35,50.0,D,,,,,,
1034054,2019-09-06,SBAC,Cavanagh Brendan Thomas,,0001209191-19-048808,2019-09-04,M,54411.0,124.59,98751.0,D,,,,,,
1034054,2019-09-06,SBAC,Cavanagh Brendan Thomas,,0001209191-19-048808,2019-09-04,S,7221.0,266.15,91530.0,D,,,,,,
1034054,2020-01-15,SBAC,Chan Mary S,,0001209191-20-003505,2020-01-13,S,4207.0,250.0,2391.0,D,,,,,,
1034054,2020-01-15,SBAC,Chan Mary S,,0001209191-20-003505,2020-01-13,M,1899.0,113.55,4290.0,D,,,,,,
1034054,2020-01-16,SBAC,STOOPS JEFFREY,,0001209191-20-003761,2020-01-14,M,74483.0,95.53,300854.0,D,,,,,,
1034054,2020-01-16,SBAC,STOOPS JEFFREY,,0001209191-20-003761,2020-01-14,F,45977.0,250.05,254877.0,D,,,,,,
1034054,2020-02-12,SBAC,STOOPS JEFFREY,,0001209191-20-008948,2020-02-11,M,100000.0,95.53,324666.0,D,,,,,,
1034054,2020-02-12,SBAC,STOOPS JEFFREY,,0001209191-20-008948,2020-02-11,F,61236.0,264.74,263430.0,D,,,,,,
1034054,2020-02-26,SBAC,HUNT THOMAS P,,0001209191-20-013169,2020-02-24,M,62448.0,72.99,223785.0,D,,,,,,
1034054,2020-02-26,SBAC,HUNT THOMAS P,,0001209191-20-013169,2020-02-24,F,75807.0,295.65,221040.0,D,,,,,,
1034054,2020-02-27,SBAC,BERNSTEIN STEVEN E,,0001209191-20-013518,2020-02-25,S,531.0,291.74,1485.0,D,,,,,,
1034054,2020-02-27,SBAC,BERNSTEIN STEVEN E,,0001209191-20-013518,2020-02-26,S,5731.0,291.74,102990.0,I,,,,,,
1034054,2020-02-28,SBAC,COCROFT DUNCAN,,0001209191-20-014072,2020-02-26,M,1999.0,79.67,71536.0,D,,,,,,
1034054,2020-02-28,SBAC,COCROFT DUNCAN,,0001209191-20-014072,2020-02-26,S,1177.0,291.46,70359.0,D,,,,,,
1034054,2020-03-04,SBAC,STOOPS JEFFREY,,0001209191-20-016350,2020-03-02,S,20823.0,278.94,242712.0,D,,,,,,
1034054,2020-03-05,SBAC,BAGWELL KURT L,,0001209191-20-016724,2020-03-04,S,19584.0,290.0,49634.0,D,,,,,,
1034054,2020-03-05,SBAC,BAGWELL KURT L,,0001209191-20-016724,2020-03-03,S,4054.0,290.0,75580.0,D,,,,,,
1034054,2020-03-05,SBAC,CARR BRIAN C,,0001209191-20-016725,2020-03-03,S,5524.0,290.85,2893.0,D,,,,,,
1034054,2020-03-05,SBAC,HUNT THOMAS P,,0001209191-20-016726,2020-03-04,S,6943.0,292.17,163376.0,D,,,,,,
1034054,2020-03-05,SBAC,CARR BRIAN C,,0001209191-20-016725,2020-03-03,M,1899.0,113.55,4792.0,D,,,,,,
1034054,2020-03-05,SBAC,HUNT THOMAS P,,0001209191-20-016726,2020-03-03,S,12100.0,293.18,208940.0,D,,,,,,
1034054,2020-03-06,SBAC,BAGWELL KURT L,,0001209191-20-017017,2020-03-06,F,1523.0,300.32,54053.0,D,,,,,,
1034054,2020-03-06,SBAC,HUNT THOMAS P,,0001209191-20-017021,2020-03-04,F,732.0,286.66,164320.0,D,,,,,,
1034054,2020-03-06,SBAC,HUNT THOMAS P,,0001209191-20-017021,2020-03-06,M,802.0,124.59,165122.0,D,,,,,,
1034054,2020-03-06,SBAC,HUNT THOMAS P,,0001209191-20-017021,2020-03-06,F,2345.0,300.32,167859.0,D,,,,,,
1034054,2020-03-06,SBAC,Ciarfella Mark R,,0001209191-20-017019,2020-03-04,M,944.0,,17258.0951,D,,,,,,
1034054,2020-03-06,SBAC,Ciarfella Mark R,,0001209191-20-017019,2020-03-04,F,230.0,286.66,17028.0951,D,,,,,,
1034054,2020-03-06,SBAC,Cavanagh Brendan Thomas,,0001209191-20-017018,2020-03-06,M,1544.0,,46895.0,D,,,,,,
1034054,2020-03-06,SBAC,BAGWELL KURT L,,0001209191-20-017017,2020-03-04,M,1976.0,,51610.0,D,,,,,,
1034054,2020-03-06,SBAC,BAGWELL KURT L,,0001209191-20-017017,2020-03-04,F,568.0,286.66,51042.0,D,,,,,,
1034054,2020-03-06,SBAC,BAGWELL KURT L,,0001209191-20-017017,2020-03-06,M,1759.0,,52801.0,D,,,,,,
1034054,2020-03-06,SBAC,Ciarfella Mark R,,0001209191-20-017019,2020-03-06,F,732.0,300.32,18553.0951,D,,,,,,
1034054,2020-03-06,SBAC,Ciarfella Mark R,,0001209191-20-017019,2020-03-04,S,5642.0,300.57,20006.0951,D,,,,,,
1034054,2020-03-06,SBAC,Cavanagh Brendan Thomas,,0001209191-20-017018,2020-03-04,M,1668.0,,46008.0,D,,,,,,
1034054,2020-03-06,SBAC,Ciarfella Mark R,,0001209191-20-017019,2020-03-06,M,860.0,,17888.0951,D,,,,,,
1034054,2020-03-06,SBAC,Cavanagh Brendan Thomas,,0001209191-20-017018,2020-03-06,F,1634.0,300.32,47866.0,D,,,,,,
1034054,2020-03-06,SBAC,Cavanagh Brendan Thomas,,0001209191-20-017018,2020-03-04,F,657.0,286.66,45351.0,D,,,,,,
1034054,2020-03-06,SBAC,Lazarus Brian D,,0001209191-20-017023,2020-03-06,F,1000.0,300.32,18602.828,D,,,,,,
1034054,2020-03-06,SBAC,HUNT THOMAS P,,0001209191-20-017021,2020-03-04,M,1976.0,,165052.0,D,,,,,,
1034054,2020-03-06,SBAC,Lazarus Brian D,,0001209191-20-017023,2020-03-04,F,268.0,286.66,16822.828,D,,,,,,
1034054,2020-03-06,SBAC,STOOPS JEFFREY,,0001209191-20-017028,2020-03-06,M,4456.0,,303489.0,D,,,,,,
1034054,2020-03-06,SBAC,BEEBE KEVIN L,,0001209191-20-017036,2020-03-05,S,699.0,302.01,14001.0,D,,,,,,
1034054,2020-03-06,SBAC,Patel Dipan D,,0001209191-20-017029,2020-03-06,M,471.0,,471.0,D,,,,,,
1034054,2020-03-06,SBAC,Patel Dipan D,,0001209191-20-017029,2020-03-06,F,125.0,300.32,346.0,D,,,,,,
1034054,2020-03-06,SBAC,STOOPS JEFFREY,,0001209191-20-017028,2020-03-04,M,4927.0,,243718.0,D,,,,,,
1034054,2020-03-06,SBAC,STOOPS JEFFREY,,0001209191-20-017028,2020-03-04,F,1823.0,286.66,241895.0,D,,,,,,
1034054,2020-03-06,SBAC,STOOPS JEFFREY,,0001209191-20-017028,2020-03-05,F,102775.0,303.24,299033.0,D,,,,,,
1034054,2020-03-06,SBAC,SILBERSTEIN JASON V,,0001209191-20-017025,2020-03-06,M,1290.0,,11164.0,D,,,,,,
1034054,2020-03-06,SBAC,SILBERSTEIN JASON V,,0001209191-20-017025,2020-03-04,F,351.0,286.66,9874.0,D,,,,,,
1034054,2020-03-06,SBAC,Lazarus Brian D,,0001209191-20-017023,2020-03-04,M,681.0,,17090.828,D,,,,,,
1034054,2020-03-06,SBAC,Lazarus Brian D,,0001209191-20-017023,2020-03-06,M,1035.0,96.58,17857.828,D,,,,,,
1034054,2020-03-06,SBAC,STOOPS JEFFREY,,0001209191-20-017028,2020-03-06,F,4267.0,300.32,306295.0,D,,,,,,
1034054,2020-03-06,SBAC,BEEBE KEVIN L,,0001209191-20-017036,2020-03-05,M,1999.0,79.67,14700.0,D,,,,,,
1034054,2020-03-06,SBAC,STOOPS JEFFREY,,0001209191-20-017028,2020-03-05,M,159913.0,124.59,401808.0,D,,,,,,
1034054,2020-03-06,SBAC,SILBERSTEIN JASON V,,0001209191-20-017025,2020-03-04,S,57883.0,292.0,9874.0,D,,,,,,
1034054,2020-03-06,SBAC,SILBERSTEIN JASON V,,0001209191-20-017025,2020-03-04,M,1440.0,,10225.0,D,,,,,,
1034054,2020-03-06,SBAC,SILBERSTEIN JASON V,,0001209191-20-017025,2020-03-06,F,1332.0,300.32,11925.0,D,,,,,,
1034054,2020-03-13,SBAC,BAGWELL KURT L,,0001209191-20-018997,2020-03-13,S,4119.0,275.38,49934.0,D,,,,,,
1034054,2020-03-17,SBAC,STOOPS JEFFREY,,0001209191-20-019735,2020-03-13,S,37684.0,280.04,268611.0,D,,,,,,
1034054,2020-04-10,SBAC,HUNT THOMAS P,,0001209191-20-024162,2020-04-09,S,49560.0,305.0,118299.0,D,,,,,,
1034054,2020-04-10,SBAC,Ciarfella Mark R,,0001209191-20-024161,2020-04-08,S,8377.0,302.02,18553.0951,D,,,,,,
1034054,2020-04-10,SBAC,Ciarfella Mark R,,0001209191-20-024161,2020-04-08,M,8377.0,115.17,26930.0951,D,,,,,,
1034054,2020-05-05,SBAC,LANGER JACK,,0001209191-20-027231,2020-05-01,M,270.0,,320.0,D,,,,,,
1034054,2020-05-05,SBAC,COCROFT DUNCAN,,0001209191-20-027235,2020-05-01,F,242.0,289.92,69947.0,D,,,,,,
1034054,2020-05-05,SBAC,LANGER JACK,,0001209191-20-027231,2020-05-01,F,197.0,289.92,505.0,D,,,,,,
1034054,2020-05-05,SBAC,LANGER JACK,,0001209191-20-027231,2020-04-09,G,84.0,0.0,14802.493,I,,,,,,
1034054,2020-05-05,SBAC,COCROFT DUNCAN,,0001209191-20-027235,2020-05-01,M,270.0,,69807.0,D,,,,,,
1034054,2020-05-05,SBAC,BEEBE KEVIN L,,0001209191-20-027228,2020-05-01,M,270.0,,12971.0,D,,,,,,
1034054,2020-05-05,SBAC,Chan Mary S,,0001209191-20-027237,2020-05-01,M,270.0,,2672.594,D,,,,,,
1034054,2020-05-05,SBAC,CARR BRIAN C,,0001209191-20-027240,2020-05-01,M,270.0,,3163.0,D,,,,,,
1034054,2020-05-05,SBAC,BERNSTEIN STEVEN E,,0001209191-20-027242,2020-05-01,M,270.0,,102660.0,D,,,,,,
1034054,2020-05-05,SBAC,Chan Mary S,,0001209191-20-027237,2020-05-01,F,242.0,289.92,2812.594,D,,,,,,
1034054,2020-05-05,SBAC,Krouse George R Jr,,0001209191-20-027245,2020-05-01,M,270.0,,10270.0,D,,,,,,
1034054,2020-05-05,SBAC,Krouse George R Jr,,0001209191-20-027245,2020-05-01,F,230.0,289.92,10422.0,D,,,,,,
1034054,2020-05-12,SBAC,COCROFT DUNCAN,,0001209191-20-028604,2020-05-08,S,410.0,291.0,69537.0,D,,,,,,
1034054,2020-05-13,SBAC,BAGWELL KURT L,,0001209191-20-028941,2020-05-11,M,20208.0,96.58,69842.0,D,,,,,,
1034054,2020-05-13,SBAC,BAGWELL KURT L,,0001209191-20-028941,2020-05-11,S,46409.0,297.51,68234.0,D,,,,,,
1034054,2020-05-14,SBAC,COCROFT DUNCAN,,0001209191-20-029248,2020-05-12,S,1000.0,293.5,68537.0,D,,,,,,
1034054,2020-05-14,SBAC,COCROFT DUNCAN,,0001209191-20-029248,2020-05-13,G,500.0,0.0,68037.0,D,,,,,,
1034054,2020-05-27,SBAC,Ciarfella Mark R,,0001209191-20-032367,2020-05-22,S,1035.0,286.49,18553.0951,D,,,,,,
1034054,2020-05-27,SBAC,Ciarfella Mark R,,0001209191-20-032367,2020-05-22,M,1035.0,96.58,19588.0951,D,,,,,,
1034054,2020-05-28,SBAC,Krouse George R Jr,,0001209191-20-032693,2020-05-26,S,660.0,292.51,10422.0,D,,,,,,
1034054,2020-05-28,SBAC,Krouse George R Jr,,0001209191-20-032693,2020-05-26,M,660.0,132.0,11082.0,D,,,,,,
1034054,2020-05-29,SBAC,Ciarfella Mark R,,0001209191-20-033042,2020-05-28,M,3380.0,156.5,21933.0951,D,,,,,,
1034054,2020-05-29,SBAC,Ciarfella Mark R,,0001209191-20-033042,2020-05-27,S,3379.0,300.05,18553.0951,D,,,,,,
1034054,2020-05-29,SBAC,Ciarfella Mark R,,0001209191-20-033042,2020-05-27,M,3379.0,156.5,21932.0951,D,,,,,,
1034054,2020-05-29,SBAC,CARR BRIAN C,,0001209191-20-033011,2020-05-27,M,660.0,132.0,4205.0,D,,,,,,
1034054,2020-05-29,SBAC,Ciarfella Mark R,,0001209191-20-033042,2020-05-28,S,3380.0,308.47,18553.0951,D,,,,,,
1034054,2020-05-29,SBAC,CARR BRIAN C,,0001209191-20-033011,2020-05-27,S,2100.0,301.91,3545.0,D,,,,,,
1034054,2020-06-01,SBAC,Chan Mary S,,0001209191-20-033290,2020-05-28,S,500.0,307.71,12312.594,D,,,,,,
1034054,2020-06-01,SBAC,Chan Mary S,,0001209191-20-033290,2020-05-28,M,10000.0,116.19,12812.594,D,,,,,,
1034054,2020-06-01,SBAC,Lazarus Brian D,,0001209191-20-033292,2020-05-28,M,26807.0,96.58,45443.771,D,,,,,,
1034054,2020-06-01,SBAC,Lazarus Brian D,,0001209191-20-033292,2020-05-28,S,20867.0,310.27,24576.771,D,,,,,,
1034054,2020-06-02,SBAC,STOOPS JEFFREY,,0001209191-20-033688,2020-04-07,G,12111.0,0.0,256500.0,D,,,,,,
1034054,2020-06-02,SBAC,STOOPS JEFFREY,,0001209191-20-033688,2020-05-29,S,16195.0,309.04,135320.0,I,,,,,,
1034054,2020-06-02,SBAC,STOOPS JEFFREY,,0001209191-20-033688,2020-06-02,S,12616.0,317.47,113668.0,I,,,,,,
1034054,2020-06-03,SBAC,Cavanagh Brendan Thomas,,0001209191-20-034171,2020-06-01,M,68258.0,96.58,116124.0,D,,,,,,
1034054,2020-06-03,SBAC,Ciarfella Mark R,,0001209191-20-034173,2020-06-03,S,3395.0,320.04,18583.8764,D,,,,,,
1034054,2020-06-03,SBAC,Cavanagh Brendan Thomas,,0001209191-20-034171,2020-06-01,S,4897.0,316.05,111227.0,D,,,,,,
1034054,2020-06-03,SBAC,Ciarfella Mark R,,0001209191-20-034173,2020-06-03,M,3395.0,182.3,21978.8764,D,,,,,,
1034054,2020-06-03,SBAC,Ciarfella Mark R,,0001209191-20-034173,2020-06-02,S,43.0,320.0,18583.8764,D,,,,,,
1034054,2020-06-03,SBAC,Ciarfella Mark R,,0001209191-20-034173,2020-06-01,S,3600.0,320.01,18583.8764,D,,,,,,
1034054,2020-06-03,SBAC,Ciarfella Mark R,,0001209191-20-034173,2020-06-02,M,43.0,182.3,18626.8764,D,,,,,,
1034054,2020-06-03,SBAC,Ciarfella Mark R,,0001209191-20-034173,2020-06-01,M,3600.0,182.3,22183.8764,D,,,,,,
1034054,2020-08-12,SBAC,Krouse George R Jr,,0001209191-20-046436,2020-08-10,F,639.0,311.28,10723.0,D,,,,,,
1034054,2020-08-12,SBAC,Krouse George R Jr,,0001209191-20-046436,2020-08-10,M,940.0,157.51,11362.0,D,,,,,,
1034054,2020-09-11,SBAC,COCROFT DUNCAN,,0001209191-20-050205,2020-09-09,S,2202.0,314.26,68037.0,D,,,,,,
1034054,2020-09-11,SBAC,Krouse George R Jr,,0001209191-20-050206,2020-09-09,S,223.0,314.52,10500.0,D,,,,,,
1034054,2020-09-11,SBAC,COCROFT DUNCAN,,0001209191-20-050205,2020-09-09,M,2202.0,96.8,70239.0,D,,,,,,
1034054,2021-03-01,SBAC,Lazarus Brian D,,0001209191-21-015431,2021-02-25,F,203.0,250.51,19108.819,D,,,,,,
1034054,2021-03-01,SBAC,BAGWELL KURT L,,0001209191-21-015424,2021-02-25,F,283.0,250.51,31951.0,D,,,,,,
1034054,2021-03-01,SBAC,SILBERSTEIN JASON V,,0001209191-21-015430,2021-02-25,M,977.0,,12902.0,D,,,,,,
1034054,2021-03-01,SBAC,HUNT THOMAS P,,0001209191-21-015426,2021-02-25,F,283.0,250.51,119301.0,D,,,,,,
1034054,2021-03-01,SBAC,Patel Dipan D,,0001209191-21-015429,2021-02-25,F,114.0,250.51,789.3812,D,,,,,,
1034054,2021-03-01,SBAC,STOOPS JEFFREY,,0001209191-21-015432,2021-02-26,M,548.0,182.3,235474.0,D,,,,,,
1034054,2021-03-01,SBAC,Lazarus Brian D,,0001209191-21-015431,2021-02-25,M,518.0,,19311.819,D,,,,,,
1034054,2021-03-01,SBAC,Ciarfella Mark R,,0001209191-21-015428,2021-02-25,M,653.0,,19324.9779,D,,,,,,
1034054,2021-03-01,SBAC,Ciarfella Mark R,,0001209191-21-015428,2021-02-25,D,144.0,250.51,19180.9779,D,,,,,,
1034054,2021-03-01,SBAC,Patel Dipan D,,0001209191-21-015429,2021-02-25,M,471.0,,903.3812,D,,,,,,
1034054,2021-03-01,SBAC,Cavanagh Brendan Thomas,,0001209191-21-015427,2021-02-25,F,481.0,250.51,47541.0,D,,,,,,
1034054,2021-03-01,SBAC,HUNT THOMAS P,,0001209191-21-015426,2021-02-25,M,1285.0,,119584.0,D,,,,,,
1034054,2021-03-01,SBAC,BAGWELL KURT L,,0001209191-21-015424,2021-02-25,M,1285.0,,32234.0,D,,,,,,
1034054,2021-03-01,SBAC,STOOPS JEFFREY,,0001209191-21-015432,2021-02-25,M,3256.0,,235643.0,D,,,,,,
1034054,2021-03-01,SBAC,STOOPS JEFFREY,,0001209191-21-015432,2021-02-25,F,717.0,250.51,234926.0,D,,,,,,
1034054,2021-03-01,SBAC,Cavanagh Brendan Thomas,,0001209191-21-015427,2021-02-25,M,1221.0,,48022.0,D,,,,,,
1034054,2021-03-01,SBAC,SILBERSTEIN JASON V,,0001209191-21-015430,2021-02-25,F,238.0,250.51,12664.0,D,,,,,,
1034054,2021-03-03,SBAC,BERNSTEIN STEVEN E,,0001209191-21-017084,2020-04-14,M,1999.0,79.67,3136.0,D,,,,,,
1034054,2021-03-03,SBAC,BERNSTEIN STEVEN E,,0001209191-21-017084,2020-04-14,F,1072.0,302.61,2064.0,D,,,,,,
1034054,2021-03-03,SBAC,BERNSTEIN STEVEN E,,0001209191-21-017084,2021-03-01,M,2202.0,96.8,4266.0,D,,,,,,
1034054,2021-03-09,SBAC,LANGER JACK,,0001209191-21-019176,2021-03-05,M,2202.0,96.8,2707.0,D,,,,,,
1034054,2021-03-09,SBAC,BAGWELL KURT L,,0001209191-21-019178,2021-03-06,F,1259.0,242.19,35227.0,D,,,,,,
1034054,2021-03-09,SBAC,Ciarfella Mark R,,0001209191-21-019181,2021-03-06,M,860.0,,20040.9779,D,,,,,,
1034054,2021-03-09,SBAC,HUNT THOMAS P,,0001209191-21-019184,2021-03-06,F,1259.0,242.19,122577.0,D,,,,,,
1034054,2021-03-09,SBAC,Ciarfella Mark R,,0001209191-21-019181,2021-03-06,F,498.0,242.19,20939.9779,D,,,,,,
1034054,2021-03-09,SBAC,BAGWELL KURT L,,0001209191-21-019178,2021-03-06,M,1759.0,,33710.0,D,,,,,,
1034054,2021-03-09,SBAC,HUNT THOMAS P,,0001209191-21-019184,2021-03-06,M,1759.0,,121060.0,D,,,,,,
1034054,2021-03-09,SBAC,STOOPS JEFFREY,,0001209191-21-019185,2021-03-06,F,4153.0,242.19,242851.0,D,,,,,,
1034054,2021-03-09,SBAC,BAGWELL KURT L,,0001209191-21-019178,2021-03-09,S,4278.0,246.09,30949.0,D,,,,,,
1034054,2021-03-09,SBAC,Cavanagh Brendan Thomas,,0001209191-21-019186,2021-03-06,F,1633.0,242.19,31007.0,D,,,,,,
1034054,2021-03-09,SBAC,Patel Dipan D,,0001209191-21-019198,2021-03-06,F,115.0,242.19,1145.3812,D,,,,,,
1034054,2021-03-09,SBAC,Lazarus Brian D,,0001209191-21-019191,2021-03-06,F,688.0,242.19,20252.819,D,,,,,,
1034054,2021-03-09,SBAC,SILBERSTEIN JASON V,,0001209191-21-019201,2021-03-06,M,1290.0,,13954.0,D,,,,,,
1034054,2021-03-09,SBAC,SILBERSTEIN JASON V,,0001209191-21-019201,2021-03-06,F,866.0,242.19,15182.0,D,,,,,,
1034054,2021-03-09,SBAC,Patel Dipan D,,0001209191-21-019198,2021-03-06,M,471.0,,1260.3812,D,,,,,,
1034054,2021-03-09,SBAC,Cavanagh Brendan Thomas,,0001209191-21-019186,2021-03-06,M,1544.0,,30036.0,D,,,,,,
1034054,2021-03-09,SBAC,Lazarus Brian D,,0001209191-21-019191,2021-03-06,M,645.0,,19840.819,D,,,,,,
1034054,2021-03-09,SBAC,STOOPS JEFFREY,,0001209191-21-019185,2021-03-06,M,4456.0,,239930.0,D,,,,,,
1034054,2021-03-12,SBAC,BEEBE KEVIN L,,0001209191-21-020244,2021-03-11,M,2202.0,96.8,15106.8225,D,,,,,,
1034054,2021-03-12,SBAC,BEEBE KEVIN L,,0001209191-21-020244,2021-03-11,S,826.0,259.46,14280.8225,D,,,,,,
1034054,2021-05-04,SBAC,BEEBE KEVIN L,,0001209191-21-030000,2021-05-01,M,201.0,,14508.5309,D,,,,,,
1034054,2021-05-04,SBAC,Chan Mary S,,0001209191-21-030002,2021-05-01,M,201.0,,3032.8635,D,,,,,,
1034054,2021-05-04,SBAC,Krouse George R Jr,,0001209191-21-030009,2021-03-02,G,50.0,0.0,10450.0,D,,,,,,
1034054,2021-05-04,SBAC,Krouse George R Jr,,0001209191-21-030009,2021-05-01,M,201.0,,10651.0,D,,,,,,
1034054,2021-05-04,SBAC,LANGER JACK,,0001209191-21-030008,2021-05-01,M,201.0,,2908.0,D,,,,,,
1034054,2021-05-04,SBAC,COCROFT DUNCAN,,0001209191-21-030004,2021-05-01,M,201.0,,68238.0,D,,,,,,
1034054,2021-05-04,SBAC,CARR BRIAN C,,0001209191-21-029998,2021-05-01,M,201.0,,201.0,D,,,,,,
1034054,2021-05-04,SBAC,RUSSO FIDELMA,,0001209191-21-029997,2021-05-01,M,190.0,,190.0,D,,,,,,
1034054,2021-05-04,SBAC,RUSSO FIDELMA,,0001209191-21-029997,2021-05-01,F,71.0,299.72,119.0,D,,,,,,
1034054,2021-05-04,SBAC,BERNSTEIN STEVEN E,,0001209191-21-030003,2021-05-01,M,201.0,,4467.0,D,,,,,,
1034054,2021-05-04,SBAC,COCROFT DUNCAN,,0001209191-21-030004,2021-05-01,F,214.0,299.72,68396.0,D,,,,,,
1034054,2021-05-17,SBAC,Krouse George R Jr,,0001209191-21-033273,2021-05-07,G,870.0,0.0,10153.0,D,,,,,,
1034054,2021-05-20,SBAC,COCROFT DUNCAN,,0001209191-21-034565,2021-05-18,S,1804.0,290.27,66592.0,D,,,,,,
1034054,2021-06-04,SBAC,RUSSO FIDELMA,,0001209191-21-038348,2021-06-02,S,25.0,308.67,94.0,D,,,,,,
1034054,2021-06-11,SBAC,Ciarfella Mark R,,0001209191-21-039970,2021-06-10,M,6000.0,115.17,26979.9253,D,,,,,,
1034054,2021-06-11,SBAC,Ciarfella Mark R,,0001209191-21-039970,2021-06-10,S,6000.0,320.01,20979.9253,D,,,,,,
1034054,2021-06-11,SBAC,Krouse George R Jr,,0001209191-21-039969,2021-06-10,M,471.0,157.51,10624.0,D,,,,,,
1034054,2021-06-11,SBAC,Krouse George R Jr,,0001209191-21-039969,2021-06-10,S,471.0,318.81,10153.0,D,,,,,,
1034054,2021-08-06,SBAC,BAGWELL KURT L,,0001209191-21-050218,2021-08-05,M,17135.0,115.17,48084.0,D,,,,,,
1034054,2021-08-06,SBAC,BAGWELL KURT L,,0001209191-21-050218,2021-08-05,S,26373.0,345.386,49376.0,D,,,,,,
1034054,2021-08-13,SBAC,Ciarfella Mark R,,0001209191-21-051477,2021-08-11,S,2377.0,345.0,21018.132,D,,,,,,
1034054,2021-08-13,SBAC,Ciarfella Mark R,,0001209191-21-051477,2021-08-11,M,2377.0,115.17,23395.132,D,,,,,,
1034054,2021-08-18,SBAC,STOOPS JEFFREY,,0001209191-21-052315,2021-06-16,G,16000.0,0.0,226851.0,D,,,,,,
1034054,2021-08-18,SBAC,STOOPS JEFFREY,,0001209191-21-052315,2021-08-16,S,11026.0,352.23,215825.0,D,,,,,,
1034054,2021-08-20,SBAC,Ciarfella Mark R,,0001209191-21-052832,2021-08-19,M,6759.0,156.5,27777.132,D,,,,,,
1034054,2021-08-20,SBAC,Ciarfella Mark R,,0001209191-21-052832,2021-08-19,S,6759.0,358.01,21018.132,D,,,,,,
1034054,2021-08-20,SBAC,HUNT THOMAS P,,0001209191-21-052830,2021-08-19,S,48656.0,357.68,73921.0,D,,,,,,
1034054,2021-09-03,SBAC,HUNT THOMAS P,,0001209191-21-054855,2021-09-03,S,27693.0,364.56,44884.0,D,,,,,,
1034054,2021-09-03,SBAC,Cavanagh Brendan Thomas,,0001209191-21-054853,2021-09-02,M,60163.0,115.17,91170.0,D,,,,,,
1034054,2021-09-03,SBAC,Cavanagh Brendan Thomas,,0001209191-21-054853,2021-09-02,S,21451.0,364.56,69719.0,D,,,,,,
1034054,2021-09-08,SBAC,Lazarus Brian D,,0001209191-21-055192,2021-09-03,M,24263.0,115.17,44590.349,D,,,,,,
1034054,2021-09-08,SBAC,Lazarus Brian D,,0001209191-21-055192,2021-09-03,S,13534.0,365.86,31056.349,D,,,,,,
1034054,2021-09-08,SBAC,Lazarus Brian D,,0001209191-21-055192,2021-09-07,M,868.0,115.17,21195.349,D,,,,,,
1034054,2021-09-08,SBAC,Lazarus Brian D,,0001209191-21-055192,2021-09-07,F,273.0,366.48,20922.349,D,,,,,,
1034054,2021-09-14,SBAC,Patel Dipan D,,0001209191-21-056003,2021-09-10,M,1096.0,182.3,2230.9932,D,,,,,,
1034054,2021-09-14,SBAC,Patel Dipan D,,0001209191-21-056003,2021-09-10,F,556.0,359.65,16743.9932,D,,,,,,
1034054,2021-11-22,SBAC,STOOPS JEFFREY,,0001209191-21-066153,2021-11-18,F,216000.0,350.29,348822.0,D,,,,,,
1034054,2021-11-22,SBAC,STOOPS JEFFREY,,0001209191-21-066153,2021-11-18,M,201614.0,96.58,391187.0,D,,,,,,
1034054,2021-11-23,SBAC,Krouse George R Jr,,0001209191-21-066580,2021-07-09,G,30.0,0.0,10090.0,D,,,,,,
1034054,2021-11-23,SBAC,Krouse George R Jr,,0001209191-21-066580,2021-06-21,G,33.0,0.0,10120.0,D,,,,,,
1034054,2021-11-23,SBAC,Krouse George R Jr,,0001209191-21-066580,2021-11-19,S,1000.0,350.0,10090.0,D,,,,,,
1034054,2021-11-23,SBAC,Krouse George R Jr,,0001209191-21-066580,2021-11-19,M,1000.0,212.31,11090.0,D,,,,,,
1034054,2021-12-15,SBAC,Ciarfella Mark R,,0001209191-21-069775,2021-12-13,M,3000.0,182.3,24052.13,D,,,,,,
1034054,2021-12-15,SBAC,Ciarfella Mark R,,0001209191-21-069775,2021-12-13,S,3000.0,365.67,21052.13,D,,,,,,
1034054,2021-12-16,SBAC,HUNT THOMAS P,,0001209191-21-070079,2021-12-14,M,63633.0,124.59,69098.0,D,,,,,,
1034054,2021-12-16,SBAC,HUNT THOMAS P,,0001209191-21-070079,2021-12-14,F,169288.0,365.02,118579.0,D,,,,,,
1034054,2021-12-16,SBAC,HUNT THOMAS P,,0001209191-21-070079,2021-12-15,S,678.0,365.52,117901.0,D,,,,,,
1034054,2021-12-21,SBAC,Ciarfella Mark R,,0001209191-21-070755,2021-12-15,M,3000.0,182.3,24052.13,D,,,,,,
1034054,2021-12-21,SBAC,Ciarfella Mark R,,0001209191-21-070755,2021-12-15,S,3000.0,370.0,21052.13,D,,,,,,
1034054,2022-01-21,SBAC,BERNSTEIN STEVEN E,,0001209191-22-004480,2022-01-19,M,1899.0,113.55,6738.0,D,,,,,,
1034054,2022-02-11,SBAC,LANGER JACK,,0001209191-22-008974,2022-02-10,M,1899.0,113.55,5179.0,D,,,,,,
1034054,2022-02-11,SBAC,LANGER JACK,,0001209191-22-008974,2022-02-10,F,507.0,326.3,4672.0,D,,,,,,
1034054,2022-03-01,SBAC,Patel Dipan D,,0001209191-22-014254,2022-02-25,M,471.0,,2153.0642,D,,,,,,
1034054,2022-03-01,SBAC,HUNT THOMAS P,,0001209191-22-014240,2022-02-25,M,1285.0,,118677.0,D,,,,,,
1034054,2022-03-01,SBAC,BAGWELL KURT L,,0001209191-22-014243,2022-02-25,F,282.7,302.3,30531.3,D,,,,,,
1034054,2022-03-01,SBAC,SILBERSTEIN JASON V,,0001209191-22-014251,2022-02-25,M,977.0,,16159.0,D,,,,,,
1034054,2022-03-01,SBAC,BAGWELL KURT L,,0001209191-22-014243,2022-02-25,M,1285.0,,30814.0,D,,,,,,
1034054,2022-03-01,SBAC,Cavanagh Brendan Thomas,,0001209191-22-014261,2022-02-25,F,491.505,302.3,29397.495,D,,,,,,
1034054,2022-03-01,SBAC,Patel Dipan D,,0001209191-22-014254,2022-02-25,F,129.419,302.3,2023.6452,D,,,,,,
1034054,2022-03-01,SBAC,Lazarus Brian D,,0001209191-22-014266,2022-02-25,F,219.944,302.3,21284.656,D,,,,,,
1034054,2022-03-01,SBAC,Lazarus Brian D,,0001209191-22-014266,2022-02-25,M,518.0,,21504.6,D,,,,,,
1034054,2022-03-01,SBAC,STOOPS JEFFREY,,0001209191-22-014269,2022-02-25,F,716.32,302.3,337361.68,D,,,,,,
1034054,2022-03-01,SBAC,STOOPS JEFFREY,,0001209191-22-014269,2022-02-25,M,3256.0,,338078.0,D,,,,,,
1034054,2022-03-01,SBAC,Cavanagh Brendan Thomas,,0001209191-22-014261,2022-02-25,M,1221.0,,29889.0,D,,,,,,
1034054,2022-03-01,SBAC,Ciarfella Mark R,,0001209191-22-014273,2022-02-25,M,653.0,,21738.3569,D,,,,,,
1034054,2022-03-08,SBAC,Patel Dipan D,,0001209191-22-017245,2022-03-06,M,471.0,,2944.1392,D,,,,,,
1034054,2022-03-08,SBAC,Patel Dipan D,,0001209191-22-017245,2022-03-04,M,499.0,,2594.6452,D,,,,,,
1034054,2022-03-08,SBAC,Cavanagh Brendan Thomas,,0001209191-22-017243,2022-03-04,M,1290.0,,30687.495,D,,,,,,
1034054,2022-03-08,SBAC,Cavanagh Brendan Thomas,,0001209191-22-017243,2022-03-06,F,1025.067,330.9,31759.813,D,,,,,,
1034054,2022-03-08,SBAC,Cavanagh Brendan Thomas,,0001209191-22-017243,2022-03-04,F,507.615,326.03,30179.88,D,,,,,,
1034054,2022-03-08,SBAC,Patel Dipan D,,0001209191-22-017245,2022-03-06,F,114.688,330.9,2829.4512,D,,,,,,
1034054,2022-03-08,SBAC,Lazarus Brian D,,0001209191-22-017244,2022-03-04,F,212.883,326.03,21684.773,D,,,,,,
1034054,2022-03-08,SBAC,Lazarus Brian D,,0001209191-22-017244,2022-03-04,M,541.0,,21897.656,D,,,,,,
1034054,2022-03-08,SBAC,Patel Dipan D,,0001209191-22-017245,2022-03-04,F,121.506,326.03,2473.1392,D,,,,,,
1034054,2022-03-08,SBAC,Lazarus Brian D,,0001209191-22-017244,2022-03-06,F,432.85,330.9,22351.923,D,,,,,,
1034054,2022-03-08,SBAC,Lazarus Brian D,,0001209191-22-017244,2022-03-06,M,554.0,,22238.773,D,,,,,,
1034054,2022-03-08,SBAC,STOOPS JEFFREY,,0001209191-22-017246,2022-03-06,F,2617.009,330.9,344021.26,D,,,,,,
1034054,2022-03-08,SBAC,BAGWELL KURT L,,0001209191-22-017251,2022-03-04,F,283.799,326.03,31537.501,D,,,,,,
1034054,2022-03-08,SBAC,STOOPS JEFFREY,,0001209191-22-017246,2022-03-04,F,1240.411,326.03,339565.269,D,,,,,,
1034054,2022-03-08,SBAC,STOOPS JEFFREY,,0001209191-22-017246,2022-03-06,M,3586.0,,343151.269,D,,,,,,
1034054,2022-03-08,SBAC,SILBERSTEIN JASON V,,0001209191-22-017247,2022-03-04,M,991.0,,17150.0,D,,,,,,
1034054,2022-03-08,SBAC,HUNT THOMAS P,,0001209191-22-017248,2022-03-06,M,1409.0,,121376.0,D,,,,,,
1034054,2022-03-08,SBAC,Ciarfella Mark R,,0001209191-22-017250,2022-03-06,M,705.0,,23191.3569,D,,,,,,
1034054,2022-03-08,SBAC,STOOPS JEFFREY,,0001209191-22-017246,2022-03-04,M,3372.0,,340805.68,D,,,,,,
1034054,2022-03-08,SBAC,SILBERSTEIN JASON V,,0001209191-22-017247,2022-03-06,M,1057.0,,18207.0,D,,,,,,
1034054,2022-03-08,SBAC,BAGWELL KURT L,,0001209191-22-017251,2022-03-06,M,1409.0,,32946.501,D,,,,,,
1034054,2022-03-08,SBAC,Ciarfella Mark R,,0001209191-22-017250,2022-03-04,M,676.0,,22486.3569,D,,,,,,
1034054,2022-03-08,SBAC,BAGWELL KURT L,,0001209191-22-017251,2022-03-06,F,1027.119,330.9,33286.382,D,,,,,,
1034054,2022-03-08,SBAC,BAGWELL KURT L,,0001209191-22-017251,2022-03-04,M,1290.0,,31821.3,D,,,,,,
1034054,2022-03-08,SBAC,HUNT THOMAS P,,0001209191-22-017248,2022-03-04,M,1290.0,,119967.0,D,,,,,,
1034054,2022-03-08,SBAC,Cavanagh Brendan Thomas,,0001209191-22-017243,2022-03-06,M,1309.0,,31488.88,D,,,,,,
1034054,2022-03-10,SBAC,COCROFT DUNCAN,,0001209191-22-018013,2022-03-08,F,1112.0,331.9,65379.0,D,,,,,,
1034054,2022-03-10,SBAC,Krouse George R Jr,,0001209191-22-018012,2022-03-08,S,500.0,328.88,8515.0,D,,,,,,
1034054,2022-03-10,SBAC,COCROFT DUNCAN,,0001209191-22-018013,2022-03-08,M,1899.0,113.55,66491.0,D,,,,,,
1034054,2022-03-11,SBAC,BAGWELL KURT L,,0001209191-22-018223,2022-03-09,S,3757.382,330.0,29529.0,D,,,,,,
1034054,2022-03-29,SBAC,Cavanagh Brendan Thomas,,0001209191-22-021508,2019-10-10,P,3.0,242.08,19052.0,I,,,,,,
1034054,2022-03-29,SBAC,Cavanagh Brendan Thomas,,0001209191-22-021508,2020-06-11,P,3.0,294.04,31762.813,D,,,,,,
1034054,2022-03-29,SBAC,Cavanagh Brendan Thomas,,0001209191-22-021508,2021-03-02,S,3.0,247.47,19052.0,I,,,,,,
1034054,2022-03-29,SBAC,Cavanagh Brendan Thomas,,0001209191-22-021508,2021-11-17,P,4.0,350.37,31766.813,D,,,,,,
1034054,2022-03-29,SBAC,Cavanagh Brendan Thomas,,0001209191-22-021508,2019-11-11,P,3.0,229.98,19055.0,I,,,,,,
1034054,2022-04-29,SBAC,SILBERSTEIN JASON V,,0001209191-22-026304,2022-04-28,M,1035.0,96.58,20279.0,D,,,,,,
1034054,2022-05-03,SBAC,COCROFT DUNCAN,,0001209191-22-026842,2022-05-01,M,183.0,,65562.0,D,,,,,,
1034054,2022-05-03,SBAC,Krouse George R Jr,,0001209191-22-026843,2022-05-01,F,202.649,347.11,8891.351,D,,,,,,
1034054,2022-05-03,SBAC,RUSSO FIDELMA,,0001209191-22-026844,2022-05-01,M,190.0,,284.0,D,,,,,,
1034054,2022-05-03,SBAC,Krouse George R Jr,,0001209191-22-026843,2022-05-01,M,183.0,,8698.0,D,,,,,,
1034054,2022-05-03,SBAC,COCROFT DUNCAN,,0001209191-22-026842,2022-05-01,F,214.228,347.11,65743.772,D,,,,,,
1034054,2022-05-03,SBAC,BEEBE KEVIN L,,0001209191-22-026850,2022-05-01,M,183.0,,14416.6118,D,,,,,,
1034054,2022-05-03,SBAC,Chan Mary S,,0001209191-22-026846,2022-05-01,M,183.0,,3612.3265,D,,,,,,
1034054,2022-05-03,SBAC,BERNSTEIN STEVEN E,,0001209191-22-026840,2022-05-01,M,183.0,,6926.5662,D,,,,,,
1034054,2022-05-03,SBAC,RUSSO FIDELMA,,0001209191-22-026844,2022-05-01,F,146.518,347.11,343.482,D,,,,,,
1034054,2022-05-03,SBAC,LANGER JACK,,0001209191-22-026847,2022-05-01,F,214.228,347.11,5036.772,D,,,,,,
1034054,2022-05-03,SBAC,LANGER JACK,,0001209191-22-026847,2022-05-01,M,183.0,,4855.0,D,,,,,,
1034054,2022-05-04,SBAC,BEEBE KEVIN L,,0001209191-22-027203,2022-05-03,M,1899.0,113.55,16711.6118,D,,,,,,
1034054,2022-05-04,SBAC,BEEBE KEVIN L,,0001209191-22-027203,2022-05-03,S,1889.0,347.72,14812.6118,D,,,,,,
1034054,2022-05-26,SBAC,STOOPS JEFFREY,,0001209191-22-032310,2022-05-24,S,2560.0,343.13,111108.0,I,,,,,,
1034054,2022-06-09,SBAC,Ciarfella Mark R,,0001209191-22-035507,2022-06-07,S,1000.0,338.05,23884.3569,D,,,,,,
1034054,2022-06-09,SBAC,Ciarfella Mark R,,0001209191-22-035507,2022-06-07,M,1000.0,156.5,24884.3569,D,,,,,,
1034054,2022-08-05,SBAC,Ciarfella Mark R,,0001209191-22-044608,2022-08-05,S,5760.0,343.94,23884.3569,D,,,,,,
1034054,2022-08-05,SBAC,Ciarfella Mark R,,0001209191-22-044608,2022-08-05,M,5760.0,156.5,29644.3569,D,,,,,,
1034054,2022-08-05,SBAC,Krouse George R Jr,,0001209191-22-044593,2022-08-04,S,391.0,344.9771,8500.351,D,,,,,,
1034054,2022-08-05,SBAC,COCROFT DUNCAN,,0001209191-22-044591,2022-08-04,S,1151.0,344.5003,64592.772,D,,,,,,
1034054,2022-08-10,SBAC,STOOPS JEFFREY,,0001209191-22-045289,2022-08-08,S,22563.0,345.0871,321458.26,D,,,,,,
1034054,2022-08-10,SBAC,STOOPS JEFFREY,,0001209191-22-045289,2022-08-09,S,51701.0,345.1922,269757.26,D,,,,,,
1034054,2022-08-11,SBAC,SILBERSTEIN JASON V,,0001209191-22-045469,2022-08-10,S,16064.0,350.3686,22185.0,D,,,,,,
1034054,2022-08-11,SBAC,SILBERSTEIN JASON V,,0001209191-22-045469,2022-08-10,M,16464.0,115.17,38249.0,D,,,,,,
1034054,2022-08-16,SBAC,Ciarfella Mark R,,0001209191-22-046057,2022-08-15,M,8213.0,182.3,32097.3569,D,,,,,,
1034054,2022-08-16,SBAC,Ciarfella Mark R,,0001209191-22-046057,2022-08-15,S,8213.0,355.5035,23884.3569,D,,,,,,
1034054,2023-02-07,SBAC,Lazarus Brian D,,0001209191-23-007638,2023-02-03,F,325.0,308.09,22864.178,D,,,,,,
1034054,2023-02-07,SBAC,Lazarus Brian D,,0001209191-23-007638,2023-02-03,M,638.0,156.5,23189.178,D,,,,,,
1034054,2023-02-28,SBAC,CANE RICHARD M,,0001209191-23-013926,2023-02-25,F,439.667,257.82,1769.558,D,,,,,,
1034054,2023-02-28,SBAC,Patel Dipan D,,0001209191-23-013929,2023-02-25,F,1829.342,257.82,5629.4022,D,,,,,,
1034054,2023-02-28,SBAC,Lazarus Brian D,,0001209191-23-013927,2023-02-25,F,2012.168,257.82,25919.385,D,,,,,,
1034054,2023-02-28,SBAC,Patel Dipan D,,0001209191-23-013929,2023-02-25,M,472.0,0.0,3322.7942,D,,,,,,
1034054,2023-02-28,SBAC,KOENIG JOSHUA,,0001209191-23-013928,2023-02-25,F,806.448,257.82,6045.327,D,,,,,,
1034054,2023-02-28,SBAC,Lazarus Brian D,,0001209191-23-013927,2023-02-25,M,519.0,0.0,23383.178,D,,,,,,
1034054,2023-02-28,SBAC,CANE RICHARD M,,0001209191-23-013926,2023-02-25,M,176.0,0.0,667.75,D,,,,,,
1034054,2023-02-28,SBAC,KOENIG JOSHUA,,0001209191-23-013928,2023-02-25,M,215.0,0.0,4971.0,D,,,,,,
1034054,2023-02-28,SBAC,Ciarfella Mark R,,0001209191-23-013930,2023-02-25,M,654.0,0.0,24684.585,D,,,,,,
1034054,2023-02-28,SBAC,STOOPS JEFFREY,,0001209191-23-013933,2023-02-25,M,3256.0,0.0,246065.26,D,,,,,,
1034054,2023-02-28,SBAC,Ciarfella Mark R,,0001209191-23-013930,2023-02-25,F,1933.352,257.82,28484.233,D,,,,,,
1034054,2023-02-28,SBAC,SILBERSTEIN JASON V,,0001209191-23-013931,2023-02-25,F,3189.883,257.82,28145.292,D,,,,,,
1034054,2023-02-28,SBAC,Cavanagh Brendan Thomas,,0001209191-23-013932,2023-02-25,M,1221.0,0.0,32987.813,D,,,,,,
1034054,2023-02-28,SBAC,STOOPS JEFFREY,,0001209191-23-013933,2023-02-25,F,11864.512,257.82,262772.148,D,,,,,,
1034054,2023-02-28,SBAC,SILBERSTEIN JASON V,,0001209191-23-013931,2023-02-25,M,977.0,0.0,22762.0,D,,,,,,
1034054,2023-02-28,SBAC,Cavanagh Brendan Thomas,,0001209191-23-013932,2023-02-25,F,4124.856,257.82,39577.232,D,,,,,,
1034054,2023-03-01,SBAC,COCROFT DUNCAN,,0001209191-23-014265,2023-02-27,M,2308.0,100.0,66900.0,D,,,,,,
1034054,2023-03-01,SBAC,COCROFT DUNCAN,,0001209191-23-014265,2023-02-27,F,1418.0,257.82,65482.0,D,,,,,,
1034054,2023-03-07,SBAC,SILBERSTEIN JASON V,,0001209191-23-016965,2023-03-04,M,991.0,0.0,29136.292,D,,,,,,
1034054,2023-03-07,SBAC,Patel Dipan D,,0001209191-23-016969,2023-03-06,F,196.749,260.35,5977.9202,D,,,,,,
1034054,2023-03-07,SBAC,Ciarfella Mark R,,0001209191-23-016968,2023-03-06,M,693.0,0.0,30071.572,D,,,,,,
1034054,2023-03-07,SBAC,Cavanagh Brendan Thomas,,0001209191-23-016972,2023-03-06,F,508.008,260.35,40360.224,D,,,,,,
1034054,2023-03-07,SBAC,Patel Dipan D,,0001209191-23-016969,2023-03-04,M,500.0,0.0,6174.6692,D,,,,,,
1034054,2023-03-07,SBAC,KOENIG JOSHUA,,0001209191-23-016967,2023-03-04,M,229.0,0.0,6274.327,D,,,,,,
1034054,2023-03-07,SBAC,SILBERSTEIN JASON V,,0001209191-23-016965,2023-03-06,F,389.958,260.35,28746.334,D,,,,,,
1034054,2023-03-07,SBAC,CANE RICHARD M,,0001209191-23-016966,2023-03-04,M,198.0,0.0,1979.308,D,,,,,,
1034054,2023-03-07,SBAC,Ciarfella Mark R,,0001209191-23-016968,2023-03-06,F,250.489,260.35,28994.272,D,,,,,,
1034054,2023-03-07,SBAC,Lazarus Brian D,,0001209191-23-016971,2023-03-04,M,541.0,0.0,7310.913,D,,,,,,
1034054,2023-03-07,SBAC,CANE RICHARD M,,0001209191-23-016966,2023-03-06,F,48.213,260.35,1931.095,D,,,,,,
1034054,2023-03-07,SBAC,KOENIG JOSHUA,,0001209191-23-016967,2023-03-06,F,85.531,260.35,6188.796,D,,,,,,
1034054,2023-03-07,SBAC,Cavanagh Brendan Thomas,,0001209191-23-016972,2023-03-04,M,1291.0,0.0,40868.232,D,,,,,,
1034054,2023-03-07,SBAC,Cavanagh Brendan Thomas,,0001209191-23-016972,2023-03-06,M,1296.0,0.0,42356.732,D,,,,,,
1034054,2023-03-07,SBAC,STOOPS JEFFREY,,0001209191-23-016970,2023-03-06,F,1248.009,260.35,264980.667,D,,,,,,
1034054,2023-03-07,SBAC,Lazarus Brian D,,0001209191-23-016971,2023-03-06,F,212.883,260.35,7098.03,D,,,,,,
1034054,2023-03-07,SBAC,STOOPS JEFFREY,,0001209191-23-016970,2023-03-04,M,3373.0,0.0,266228.676,D,,,,,,
1034054,2023-03-07,SBAC,KOENIG JOSHUA,,0001209191-23-016967,2023-03-06,M,212.0,0.0,6535.494,D,,,,,,
1034054,2023-03-07,SBAC,Patel Dipan D,,0001209191-23-016969,2023-03-06,M,472.0,0.0,6725.8782,D,,,,,,
1034054,2023-03-07,SBAC,Ciarfella Mark R,,0001209191-23-016968,2023-03-04,M,677.0,0.0,29244.761,D,,,,,,
1034054,2023-03-07,SBAC,SILBERSTEIN JASON V,,0001209191-23-016965,2023-03-06,M,1037.0,0.0,30316.448,D,,,,,,
1034054,2023-03-07,SBAC,Lazarus Brian D,,0001209191-23-016971,2023-03-06,M,547.0,0.0,7940.396,D,,,,,,
1034054,2023-03-07,SBAC,STOOPS JEFFREY,,0001209191-23-016970,2023-03-06,M,3488.0,0.0,270335.987,D,,,,,,
1034054,2023-03-30,SBAC,BERNSTEIN STEVEN E,,0001209191-23-021643,2023-03-28,M,2308.0,100.0,9631.9432,D,,,,,,
1034054,2023-04-06,SBAC,LANGER JACK,,0001209191-23-023640,2023-04-04,M,2308.0,100.0,7344.772,D,,,,,,
1034054,2023-04-06,SBAC,LANGER JACK,,0001209191-23-023640,2023-04-04,F,1298.0,255.03,6046.772,D,,,,,,
1034054,2023-04-19,SBAC,BEEBE KEVIN L,,0001209191-23-024874,2023-04-17,F,893.0,258.53,15742.119,D,,,,,,
1034054,2023-04-19,SBAC,BEEBE KEVIN L,,0001209191-23-024874,2023-04-17,M,2308.0,100.0,16635.119,D,,,,,,
1034054,2023-05-03,SBAC,LANGER JACK,,0001209191-23-027075,2023-05-01,M,190.0,,6236.772,D,,,,,,
1034054,2023-05-03,SBAC,Krouse George R Jr,,0001209191-23-027073,2023-05-01,F,199.849,260.89,8871.502,D,,,,,,
1034054,2023-05-03,SBAC,Johnson Jay LeCoryelle,,0001209191-23-027080,2023-05-01,F,64.75,260.89,110.25,D,,,,,,
1034054,2023-05-03,SBAC,Johnson Jay LeCoryelle,,0001209191-23-027080,2023-05-01,M,175.0,,175.0,D,,,,,,
1034054,2023-05-03,SBAC,Krouse George R Jr,,0001209191-23-027073,2023-05-01,M,190.0,,8690.351,D,,,,,,
1034054,2023-05-03,SBAC,Chan Mary S,,0001209191-23-027069,2023-05-01,M,190.0,,4240.8975,D,,,,,,
1034054,2023-05-03,SBAC,LANGER JACK,,0001209191-23-027075,2023-05-01,F,211.27,260.89,6406.502,D,,,,,,
1034054,2023-05-03,SBAC,COCROFT DUNCAN,,0001209191-23-027064,2023-05-01,M,190.0,,65672.0,D,,,,,,
1034054,2023-05-03,SBAC,RUSSO FIDELMA,,0001209191-23-027067,2023-05-01,F,211.27,260.89,703.212,D,,,,,,
1034054,2023-05-03,SBAC,RUSSO FIDELMA,,0001209191-23-027067,2023-05-01,M,190.0,,533.482,D,,,,,,
1034054,2023-05-03,SBAC,BERNSTEIN STEVEN E,,0001209191-23-027063,2023-05-01,M,190.0,,9821.9432,D,,,,,,
1034054,2023-05-03,SBAC,BEEBE KEVIN L,,0001209191-23-027062,2023-05-01,M,190.0,,15932.119,D,,,,,,
1034054,2023-05-03,SBAC,COCROFT DUNCAN,,0001209191-23-027064,2023-05-01,F,211.27,260.89,65841.73,D,,,,,,
1034054,2023-08-14,SBAC,Krouse George R Jr,,0001209191-23-045681,2023-08-11,S,371.0,229.297,8500.502,D,,,,,,
1034054,2023-11-14,SBAC,STOOPS JEFFREY,,0001209191-23-055196,2023-11-10,S,35000.0,218.4559,234045.427,D,,,,,,
1034054,2023-11-14,SBAC,STOOPS JEFFREY,,0001209191-23-055196,2023-11-14,S,28784.0,230.7729,205261.427,D,,,,,,
1034054,2023-11-14,SBAC,Ciarfella Mark R,,0001209191-23-055195,2023-11-10,S,1000.0,217.62,29005.4278,D,,,,,,
1034054,2023-11-15,SBAC,BEEBE KEVIN L,,0001209191-23-055409,2023-11-14,G,1500.0,0.0,14813.119,D,,,,,,
1034054,2023-11-15,SBAC,BEEBE KEVIN L,,0001209191-23-055409,2023-11-14,S,1500.0,233.8292,13313.119,D,,,,,,
1034054,2023-11-17,SBAC,STOOPS JEFFREY,,0001209191-23-055780,2023-11-15,S,32638.0,233.7972,51030.0,I,,,,,,
1034054,2023-11-24,SBAC,Krouse George R Jr,,0001209191-23-056555,2023-11-20,S,500.0,234.426,8000.502,D,,,,,,
1034054,2023-11-29,SBAC,STOOPS JEFFREY,,0001209191-23-056932,2023-11-27,S,17439.0,237.2383,20450.0,I,,,,,,
1034054,2023-11-29,SBAC,KOENIG JOSHUA,,0001209191-23-056917,2023-11-27,S,1275.0,238.5,5181.313,D,,,,,,
1034054,2023-12-01,SBAC,Ciarfella Mark R,,0001209191-23-057104,2023-11-29,M,5000.0,182.3,34005.4278,D,,,,,,
1034054,2023-12-01,SBAC,Ciarfella Mark R,,0001209191-23-057104,2023-11-29,S,5000.0,245.0462,29005.4278,D,,,,,,
1034054,2023-12-07,SBAC,BERNSTEIN STEVEN E,,0001209191-23-057798,2023-12-05,S,45983.0,250.0988,56407.0,I,,,,,,
1034054,2023-12-07,SBAC,BERNSTEIN STEVEN E,,0001209191-23-057798,2023-12-06,S,7300.0,253.8875,2902.9452,D,,,,,,
1034054,2023-12-12,SBAC,STOOPS JEFFREY,,0001209191-23-058368,2023-12-08,G,15000.0,0.0,140074.427,D,,,,,,
1034054,2023-12-15,SBAC,SILBERSTEIN JASON V,,0001209191-23-058870,2023-12-14,M,16465.0,115.17,46373.389,D,,,,,,
1034054,2023-12-15,SBAC,SILBERSTEIN JASON V,,0001209191-23-058870,2023-12-14,S,2868.0,254.545,43505.389,D,,,,,,
1034054,2023-12-15,SBAC,Lazarus Brian D,,0001209191-23-058869,2023-12-13,M,20605.0,156.5,27690.064,D,,,,,,
1034054,2023-12-15,SBAC,Lazarus Brian D,,0001209191-23-058869,2023-12-13,S,13890.0,248.7679,13800.064,D,,,,,,
1034054,2024-01-03,SBAC,SILBERSTEIN JASON V,,0001209191-24-000478,2023-12-29,G,400.0,0.0,29508.389,D,,,,,,
1034054,2024-01-22,SBAC,LANGER JACK,,0001209191-24-002023,2024-01-18,G,52.0,0.0,6462.937,D,,,,,,
1034054,2024-03-06,SBAC,Ciarfella Mark R,isOfficer,0001415889-24-007142,2024-03-04,M,677.0,0.0,29843.6981,D,,,,,,
1034054,2024-03-06,SBAC,CANE RICHARD M,isOfficer,0001415889-24-007140,2024-03-04,M,198.0,0.0,2291.658,D,,,,,,
1034054,2024-03-06,SBAC,KOENIG JOSHUA,isOfficer,0001415889-24-007141,2024-03-04,F,90.111,208.29,5320.202,D,,,,,,
1034054,2024-03-06,SBAC,Lazarus Brian D,isOfficer,0001415889-24-007143,2024-03-04,F,213.277,208.29,7540.107,D,,,,,,
1034054,2024-03-06,SBAC,KOENIG JOSHUA,isOfficer,0001415889-24-007141,2024-03-04,M,229.0,0.0,5410.313,D,,,,,,
1034054,2024-03-06,SBAC,CANE RICHARD M,isOfficer,0001415889-24-007140,2024-03-04,F,48.212,208.29,2243.446,D,,,,,,
1034054,2024-03-06,SBAC,Ciarfella Mark R,isOfficer,0001415889-24-007142,2024-03-04,F,148.939,208.29,29694.7591,D,,,,,,
1034054,2024-03-06,SBAC,Cavanagh Brendan Thomas,"isDirector,isOfficer",0001415889-24-007144,2024-03-04,F,508.008,208.29,42629.749,D,,,,,,
1034054,2024-03-06,SBAC,Cavanagh Brendan Thomas,"isDirector,isOfficer",0001415889-24-007144,2024-03-04,M,1291.0,0.0,43137.757,D,,,,,,
1034054,2024-03-06,SBAC,SILBERSTEIN JASON V,isOfficer,0001415889-24-007145,2024-03-04,F,366.669,208.29,30132.72,D,,,,,,
1034054,2024-03-06,SBAC,Lazarus Brian D,isOfficer,0001415889-24-007143,2024-03-04,M,542.0,0.0,7753.384,D,,,,,,
1034054,2024-03-06,SBAC,SILBERSTEIN JASON V,isOfficer,0001415889-24-007145,2024-03-04,M,991.0,0.0,30499.389,D,,,,,,
1034054,2024-03-06,SBAC,STOOPS JEFFREY,"isDirector,isOther",0001415889-24-007146,2024-03-04,F,1248.009,208.29,142300.648,D,,,,,,
1034054,2024-03-06,SBAC,STOOPS JEFFREY,"isDirector,isOther",0001415889-24-007146,2024-03-04,M,3373.0,0.0,143548.657,D,,,,,,
1034054,2024-03-08,SBAC,KOENIG JOSHUA,isOfficer,0001415889-24-007424,2024-03-06,F,257.742,216.5,6659.254,D,,,,,,
1034054,2024-03-08,SBAC,KOENIG JOSHUA,isOfficer,0001415889-24-007424,2024-03-06,M,655.0,0.0,6916.996,D,,,,,,
1034054,2024-03-08,SBAC,Cavanagh Brendan Thomas,"isDirector,isOfficer",0001415889-24-007425,2024-03-06,M,1445.0,0.0,49465.394,D,,,,,,
1034054,2024-03-08,SBAC,Chan Mary S,isDirector,0001415889-24-007421,2024-03-05,S,1977.0,217.99,4621.8975,D,,,,,,
1034054,2024-03-08,SBAC,Cavanagh Brendan Thomas,"isDirector,isOfficer",0001415889-24-007425,2024-03-06,F,568.607,216.5,48896.787,D,,,,,,
1034054,2024-03-08,SBAC,Chan Mary S,isDirector,0001415889-24-007421,2024-03-05,M,1977.0,132.0,6598.8975,D,,,,,,
1034054,2024-03-08,SBAC,CANE RICHARD M,isOfficer,0001415889-24-007423,2024-03-06,F,188.645,216.5,3766.899,D,,,,,,
1034054,2024-03-08,SBAC,CANE RICHARD M,isOfficer,0001415889-24-007423,2024-03-06,M,693.0,0.0,3955.544,D,,,,,,
1034054,2024-03-08,SBAC,Ciarfella Mark R,isOfficer,0001415889-24-007432,2024-03-06,M,714.0,0.0,33852.5621,D,,,,,,
1034054,2024-03-08,SBAC,SILBERSTEIN JASON V,isOfficer,0001415889-24-007433,2024-03-06,F,8666.0,216.5,42794.103,D,,,,,,
1034054,2024-03-08,SBAC,STOOPS JEFFREY,"isDirector,isOther",0001415889-24-007426,2024-03-06,M,3468.0,0.0,160631.132,D,,,,,,
1034054,2024-03-08,SBAC,SILBERSTEIN JASON V,isOfficer,0001415889-24-007433,2024-03-06,M,16465.0,115.17,51460.103,D,,,,,,
1034054,2024-03-08,SBAC,STOOPS JEFFREY,"isDirector,isOther",0001415889-24-007426,2024-03-06,F,1283.16,216.5,159347.972,D,,,,,,
1034054,2024-03-08,SBAC,Lazarus Brian D,isOfficer,0001415889-24-007431,2024-03-06,F,225.081,216.5,21250.326,D,,,,,,
1034054,2024-03-08,SBAC,Lazarus Brian D,isOfficer,0001415889-24-007431,2024-03-06,M,572.0,0.0,21475.407,D,,,,,,
1034054,2024-03-08,SBAC,Ciarfella Mark R,isOfficer,0001415889-24-007432,2024-03-06,F,264.18,216.5,33588.3821,D,,,,,,
1034054,2024-04-23,SBAC,LANGER JACK,isDirector,0001415889-24-011392,2024-04-19,F,1332.0,195.95,7287.45,D,,,,,,
1034054,2024-04-23,SBAC,LANGER JACK,isDirector,0001415889-24-011392,2024-04-19,M,1977.0,132.0,8619.45,D,,,,,,
1034054,2024-05-01,SBAC,BERNSTEIN STEVEN E,isDirector,0001415889-24-011898,2024-04-29,M,1977.0,132.0,4879.9452,D,,,,,,
1034054,2024-05-03,SBAC,BOWEN LAURIE,isDirector,0001415889-24-012240,2024-05-01,M,247.0,,247.0,D,,,,,,
1034054,2024-05-03,SBAC,Johnson Jay LeCoryelle,isDirector,0001415889-24-012241,2024-05-01,M,175.0,,287.017,D,,,,,,
1034054,2024-05-03,SBAC,BOWEN LAURIE,isDirector,0001415889-24-012240,2024-05-01,F,91.39,186.12,155.61,D,,,,,,
1034054,2024-05-03,SBAC,Chan Mary S,isDirector,0001415889-24-012242,2024-05-01,F,232.729,186.12,5130.9235,D,,,,,,
1034054,2024-05-03,SBAC,Chan Mary S,isDirector,0001415889-24-012242,2024-05-01,M,207.0,,4895.0435,D,,,,,,
1034054,2024-05-03,SBAC,Johnson Jay LeCoryelle,isDirector,0001415889-24-012241,2024-05-01,F,156.14,186.12,377.877,D,,,,,,
1034054,2024-05-03,SBAC,Krouse George R Jr,isDirector,0001415889-24-012243,2024-05-01,M,207.0,,8207.502,D,,,,,,
1034054,2024-05-03,SBAC,LANGER JACK,isDirector,0001415889-24-012244,2024-05-01,F,220.148,186.12,7696.302,D,,,,,,
1034054,2024-05-03,SBAC,BERNSTEIN STEVEN E,isDirector,0001415889-24-012247,2024-05-01,M,207.0,,5086.9452,D,,,,,,
1034054,2024-05-03,SBAC,Wilson Amy E,isDirector,0001415889-24-012245,2024-05-01,M,247.0,,247.0,D,,,,,,
1034054,2024-05-03,SBAC,BEEBE KEVIN L,isDirector,0001415889-24-012246,2024-05-01,M,207.0,,13520.119,D,,,,,,
1034054,2024-05-03,SBAC,LANGER JACK,isDirector,0001415889-24-012244,2024-05-01,M,207.0,,7494.45,D,,,,,,
1034054,2024-05-03,SBAC,Krouse George R Jr,isDirector,0001415889-24-012243,2024-05-01,F,220.148,186.12,8409.354,D,,,,,,
1034054,2024-05-07,SBAC,BEEBE KEVIN L,isDirector,0001415889-24-012504,2024-05-03,M,1977.0,132.0,15919.119,D,,,,,,
1034054,2024-05-07,SBAC,BEEBE KEVIN L,isDirector,0001415889-24-012504,2024-05-03,F,1347.0,193.87,14572.119,D,,,,,,
1034054,2024-08-02,SBAC,STOOPS JEFFREY,"isDirector,isOther",0001415889-24-020674,2024-08-01,S,47900.0,221.98,111447.972,D,,,,,,
1034054,2024-08-23,SBAC,Krouse George R Jr,isDirector,0001415889-24-022156,2024-08-21,S,325.0,219.58,8084.354,D,,,,,,
1034054,2024-09-17,SBAC,DAY DONALD,isOfficer,0001415889-24-023548,2024-09-13,M,1500.0,156.5,6498.04,D,,,,,,
1034054,2024-09-17,SBAC,DAY DONALD,isOfficer,0001415889-24-023548,2024-09-13,S,1500.0,242.86,4998.04,D,,,,,,
1034054,2024-10-18,SBAC,Montagner Marc,isOfficer,0001415889-24-025432,2024-10-17,M,1588.0,0.0,1689.742,D,,,,,,
1034054,2024-10-18,SBAC,Montagner Marc,isOfficer,0001415889-24-025432,2024-10-17,F,624.877,248.75,1064.865,D,,,,,,
1034054,2024-12-05,SBAC,STOOPS JEFFREY,"isDirector,isOther",0001415889-24-028437,2024-12-03,G,16000.0,0.0,93582.972,D,,,,,,
1034054,2024-12-11,SBAC,Ciarfella Mark R,isOfficer,0001415889-24-029013,2024-12-09,M,3545.0,182.3,37133.3821,D,,,,,,
1034054,2024-12-11,SBAC,Ciarfella Mark R,isOfficer,0001415889-24-029013,2024-12-09,S,3545.0,224.3258,33588.3821,D,,,,,,
1034054,2024-12-23,SBAC,DAY DONALD,isOfficer,0001415889-24-030106,2024-12-20,S,2321.0,203.4252,4998.04,D,,,,,,
1034054,2024-12-23,SBAC,DAY DONALD,isOfficer,0001415889-24-030106,2024-12-20,M,2321.0,156.5,7319.04,D,,,,,,
1034054,2024-12-23,SBAC,Ciarfella Mark R,isOfficer,0001415889-24-030107,2024-12-19,F,179.0,221.58,33588.3821,D,,,,,,
1034054,2024-12-23,SBAC,Ciarfella Mark R,isOfficer,0001415889-24-030107,2024-12-19,M,179.0,0.0,33767.3821,D,,,,,,
1034054,2024-12-31,SBAC,KOENIG JOSHUA,isOfficer,0001415889-24-030331,2024-12-27,G,1000.0,0.0,5659.254,D,,,,,,
1034054,2025-01-24,SBAC,KOENIG JOSHUA,isOfficer,0001415889-25-002066,2025-01-22,F,2305.0,204.36,6078.254,D,,,,,,
1034054,2025-01-24,SBAC,KOENIG JOSHUA,isOfficer,0001415889-25-002066,2025-01-22,M,2724.0,156.5,8383.254,D,,,,,,
1034054,2025-01-24,SBAC,Cavanagh Brendan Thomas,"isDirector,isOfficer",0001415889-25-002065,2025-01-22,F,43048.0,204.36,56060.787,D,,,,,,
1034054,2025-01-24,SBAC,Cavanagh Brendan Thomas,"isDirector,isOfficer",0001415889-25-002065,2025-01-22,M,50212.0,156.5,99108.787,D,,,,,,
1034054,2025-01-30,SBAC,STOOPS JEFFREY,"isDirector,isOther",0001415889-25-002414,2025-01-28,M,137601.0,156.5,231183.972,D,,,,,,
1034054,2025-01-30,SBAC,STOOPS JEFFREY,"isDirector,isOther",0001415889-25-002414,2025-01-28,F,116279.0,207.94,114904.972,D,,,,,,
1034054,2025-03-04,SBAC,Chan Mary S,isDirector,0001415889-25-006687,2025-02-28,M,1411.0,157.51,6541.9235,D,,,,,,
1034054,2025-03-04,SBAC,Chan Mary S,isDirector,0001415889-25-006687,2025-02-28,S,1411.0,218.07,5130.9235,D,,,,,,
1034054,2025-03-06,SBAC,DAY DONALD,isOfficer,0001415889-25-007296,2025-03-04,M,233.0,0.0,5239.208,D,,,,,,
1034054,2025-03-06,SBAC,CANE RICHARD M,isOfficer,0001415889-25-007298,2025-03-04,F,46.265,221.51,3998.354,D,,,,,,
1034054,2025-03-06,SBAC,DAY DONALD,isOfficer,0001415889-25-007296,2025-03-04,F,84.695,221.51,5154.513,D,,,,,,
1034054,2025-03-06,SBAC,KOENIG JOSHUA,isOfficer,0001415889-25-007297,2025-03-04,F,84.995,221.51,6209.259,D,,,,,,
1034054,2025-03-06,SBAC,KOENIG JOSHUA,isOfficer,0001415889-25-007297,2025-03-04,M,216.0,0.0,6294.254,D,,,,,,
1034054,2025-03-06,SBAC,KREDI SAUL,isOfficer,0001415889-25-007295,2025-03-04,M,130.0,0.0,4891.339,D,,,,,,
1034054,2025-03-06,SBAC,KREDI SAUL,isOfficer,0001415889-25-007295,2025-03-04,F,48.555,221.51,4842.784,D,,,,,,
1034054,2025-03-06,SBAC,CANE RICHARD M,isOfficer,0001415889-25-007298,2025-03-04,M,190.0,0.0,4044.619,D,,,,,,
1034054,2025-03-06,SBAC,Ciarfella Mark R,isOfficer,0001415889-25-007301,2025-03-04,M,611.0,0.0,34199.3821,D,,,,,,
1034054,2025-03-06,SBAC,Cavanagh Brendan Thomas,"isDirector,isOfficer",0001415889-25-007300,2025-03-04,F,454.492,221.51,42507.295,D,,,,,,
1034054,2025-03-06,SBAC,STOOPS JEFFREY,"isDirector,isOther",0001415889-25-007302,2025-03-04,M,2965.0,0.0,117869.972,D,,,,,,
1034054,2025-03-06,SBAC,Ciarfella Mark R,isOfficer,0001415889-25-007301,2025-03-04,F,226.07,221.51,33973.3121,D,,,,,,
1034054,2025-03-06,SBAC,Cavanagh Brendan Thomas,"isDirector,isOfficer",0001415889-25-007300,2025-03-04,M,1155.0,0.0,42961.787,D,,,,,,
1034054,2025-03-06,SBAC,STOOPS JEFFREY,"isDirector,isOther",0001415889-25-007302,2025-03-04,F,1097.05,221.51,116772.922,D,,,,,,
1034054,2025-03-10,SBAC,Ciarfella Mark R,isOfficer,0001415889-25-007586,2025-03-06,F,264.55,220.38,36644.7651,D,,,,,,
1034054,2025-03-10,SBAC,CANE RICHARD M,isOfficer,0001415889-25-007584,2025-03-06,M,694.0,0.0,5553.252,D,,,,,,
1034054,2025-03-10,SBAC,STOOPS JEFFREY,"isDirector,isOther",0001415889-25-007585,2025-03-06,F,1283.159,220.38,129746.185,D,,,,,,
1034054,2025-03-10,SBAC,KOENIG JOSHUA,isOfficer,0001415889-25-007587,2025-03-06,F,257.742,220.38,7390.115,D,,,,,,
1034054,2025-03-10,SBAC,KOENIG JOSHUA,isOfficer,0001415889-25-007587,2025-03-07,S,2209.0,224.18,6078.735,D,,,,,,
1034054,2025-03-10,SBAC,Ciarfella Mark R,isOfficer,0001415889-25-007586,2025-03-06,M,715.0,0.0,36909.3151,D,,,,,,
1034054,2025-03-10,SBAC,KREDI SAUL,isOfficer,0001415889-25-007581,2025-03-06,F,54.53,220.38,5476.776,D,,,,,,
1034054,2025-03-10,SBAC,STOOPS JEFFREY,"isDirector,isOther",0001415889-25-007585,2025-03-06,M,3468.0,0.0,131029.344,D,,,,,,
1034054,2025-03-10,SBAC,CANE RICHARD M,isOfficer,0001415889-25-007584,2025-03-06,F,273.089,220.38,5280.163,D,,,,,,
1034054,2025-03-10,SBAC,KOENIG JOSHUA,isOfficer,0001415889-25-007587,2025-03-06,M,655.0,0.0,7647.857,D,,,,,,
1034054,2025-03-10,SBAC,DAY DONALD,isOfficer,0001415889-25-007582,2025-03-06,F,98.144,220.38,6325.993,D,,,,,,
1034054,2025-03-10,SBAC,Montagner Marc,isOfficer,0001415889-25-007580,2025-03-06,M,2071.0,0.0,3135.865,D,,,,,,
1034054,2025-03-10,SBAC,Montagner Marc,isOfficer,0001415889-25-007580,2025-03-06,F,814.938,220.38,2320.927,D,,,,,,
1034054,2025-03-10,SBAC,Cavanagh Brendan Thomas,"isDirector,isOfficer",0001415889-25-007583,2025-03-06,M,1445.0,0.0,48155.341,D,,,,,,
1034054,2025-03-10,SBAC,KREDI SAUL,isOfficer,0001415889-25-007581,2025-03-06,M,146.0,0.0,5531.306,D,,,,,,
1034054,2025-03-10,SBAC,DAY DONALD,isOfficer,0001415889-25-007582,2025-03-06,M,270.0,0.0,6424.137,D,,,,,,
1034054,2025-03-10,SBAC,Cavanagh Brendan Thomas,"isDirector,isOfficer",0001415889-25-007583,2025-03-06,F,568.607,220.38,47586.734,D,,,,,,
1034054,2025-04-25,SBAC,LANGER JACK,isDirector,0001415889-25-011385,2025-04-23,F,1119.0,231.42,7710.85,D,,,,,,
1034054,2025-04-25,SBAC,LANGER JACK,isDirector,0001415889-25-011385,2025-04-23,M,1411.0,157.51,8829.85,D,,,,,,
1034054,2025-05-05,SBAC,BERNSTEIN STEVEN E,isDirector,0001415889-25-012027,2025-05-01,F,268.249,243.4,5965.6962,D,,,,,,
1034054,2025-05-05,SBAC,Johnson Jay LeCoryelle,isDirector,0001415889-25-012021,2025-05-01,M,175.0,,560.064,D,,,,,,
1034054,2025-05-05,SBAC,Chan Mary S,isDirector,0001415889-25-012022,2025-05-01,F,268.249,243.4,5684.5285,D,,,,,,
1034054,2025-05-05,SBAC,Chan Mary S,isDirector,0001415889-25-012022,2025-05-01,M,175.0,,5402.7775,D,,,,,,
1034054,2025-05-05,SBAC,LANGER JACK,isDirector,0001415889-25-012025,2025-05-01,F,268.249,243.4,8167.601,D,,,,,,
1034054,2025-05-05,SBAC,Krouse George R Jr,isDirector,0001415889-25-012024,2025-05-01,F,253.75,243.4,8555.604,D,,,,,,
1034054,2025-05-05,SBAC,Krouse George R Jr,isDirector,0001415889-25-012024,2025-05-01,M,175.0,,8259.354,D,,,,,,
1034054,2025-05-05,SBAC,LANGER JACK,isDirector,0001415889-25-012025,2025-05-01,S,3500.0,240.17,12022.0,I,,,,,,
1034054,2025-05-05,SBAC,BERNSTEIN STEVEN E,isDirector,0001415889-25-012027,2025-05-01,M,175.0,,5683.9452,D,,,,,,
1034054,2025-05-05,SBAC,LANGER JACK,isDirector,0001415889-25-012025,2025-05-01,M,175.0,,7885.85,D,,,,,,
1034054,2025-05-05,SBAC,STOOPS JEFFREY,"isDirector,isOther",0001415889-25-012026,2025-05-01,F,84.559,243.4,129963.626,D,,,,,,
1034054,2025-05-05,SBAC,STOOPS JEFFREY,"isDirector,isOther",0001415889-25-012026,2025-05-01,M,302.0,,130048.185,D,,,,,,
1034054,2025-05-05,SBAC,Wilson Amy E,isDirector,0001415889-25-012019,2025-05-01,M,248.0,,499.698,D,,,,,,
1034054,2025-05-05,SBAC,BEEBE KEVIN L,isDirector,0001415889-25-012023,2025-05-01,M,175.0,,14747.119,D,,,,,,
1034054,2025-05-05,SBAC,BOWEN LAURIE,isDirector,0001415889-25-012037,2025-05-01,F,203.499,243.4,505.071,D,,,,,,
1034054,2025-05-05,SBAC,BOWEN LAURIE,isDirector,0001415889-25-012037,2025-05-01,M,248.0,,406.57,D,,,,,,
1034054,2025-05-20,SBAC,BEEBE KEVIN L,isDirector,0001415889-25-013864,2025-05-17,M,1411.0,157.51,16708.119,D,,,,,,
1034054,2025-05-20,SBAC,BEEBE KEVIN L,isDirector,0001415889-25-013864,2025-05-19,F,954.0,233.08,15754.119,D,,,,,,
1034054,2025-05-20,SBAC,BERNSTEIN STEVEN E,isDirector,0001415889-25-013865,2025-05-19,F,1123.0,233.08,6253.6962,D,,,,,,
1034054,2025-05-20,SBAC,BERNSTEIN STEVEN E,isDirector,0001415889-25-013865,2025-05-17,M,1411.0,157.51,7376.6962,D,,,,,,
1034054,2025-08-04,SBAC,DAY DONALD,isOfficer,0001415889-25-020982,2025-08-01,M,456.0,0.0,7135.251,D,,,,,,
1034054,2025-08-04,SBAC,DAY DONALD,isOfficer,0001415889-25-020982,2025-08-01,F,179.436,224.72,6955.815,D,,,,,,
1034054,2025-08-28,SBAC,LANGER JACK,isDirector,0001415889-25-023256,2025-08-26,G,30.0,0.0,8137.601,D,,,,,,
1034054,2025-10-27,SBAC,Montagner Marc,isOfficer,0001456823-25-000006,2025-10-17,M,1588.0,0.0,3945.328,D,,,,,,
1034054,2025-10-27,SBAC,Montagner Marc,isOfficer,0001456823-25-000006,2025-10-17,F,624.878,197.42,3320.45,D,,,,,,
1034054,2025-12-09,SBAC,Ciarfella Mark R,isOfficer,0001504654-25-000004,2025-12-05,F,215.0,190.0,37608.6651,D,,,,,,
1034054,2025-12-09,SBAC,Ciarfella Mark R,isOfficer,0001504654-25-000004,2025-12-05,M,215.0,0.0,37823.6651,D,,,,,,
1034054,2025-12-17,SBAC,STOOPS JEFFREY,"isDirector,isOther",0001106860-25-000004,2025-12-16,G,9761.0,0.0,120202.626,D,,,,,,
1034054,2025-12-23,SBAC,Krouse George R Jr,isDirector,0001473955-25-000004,2025-12-19,G,300.0,0.0,8255.604,D,,,,,,
1034054,2025-12-30,SBAC,KOENIG JOSHUA,isOfficer,0001957644-25-000003,2025-12-29,G,517.0,0.0,5561.735,D,,,,,,
1034054,2026-01-22,SBAC,KREDI SAUL,isOfficer,0002047753-26-000002,2026-01-20,F,5873.0,194.11,6049.67,D,,,,,,
1034054,2026-01-22,SBAC,KOENIG JOSHUA,isOfficer,0001957644-26-000003,2026-01-20,M,9121.0,182.3,14682.735,D,,,,,,
1034054,2026-01-22,SBAC,KOENIG JOSHUA,isOfficer,0001957644-26-000003,2026-01-20,F,8800.0,194.11,5882.735,D,,,,,,
1034054,2026-01-22,SBAC,KREDI SAUL,isOfficer,0002047753-26-000002,2026-01-20,M,6080.0,182.3,11922.67,D,,,,,,
1034054,2026-01-22,SBAC,STOOPS JEFFREY,"isDirector,isOther",0001106860-26-000002,2026-01-20,F,143622.0,194.11,126026.626,D,,,,,,
1034054,2026-01-22,SBAC,Cavanagh Brendan Thomas,"isDirector,isOfficer",0001293293-26-000002,2026-01-20,M,55741.0,182.3,105733.113,D,,,,,,
1034054,2026-01-22,SBAC,Cavanagh Brendan Thomas,"isDirector,isOfficer",0001293293-26-000002,2026-01-20,F,53792.0,194.11,51941.113,D,,,,,,
1034054,2026-01-22,SBAC,STOOPS JEFFREY,"isDirector,isOther",0001106860-26-000002,2026-01-20,M,149446.0,182.3,269648.626,D,,,,,,
1034054,2026-02-20,SBAC,DAY DONALD,isOfficer,0002031697-26-000002,2026-02-18,F,5367.0,203.12,7330.969,D,,,,,,
1034054,2026-02-20,SBAC,DAY DONALD,isOfficer,0002031697-26-000002,2026-02-18,M,5739.0,182.3,12697.969,D,,,,,,
1034054,2026-03-09,SBAC,KREDI SAUL,isOfficer,0002047753-26-000004,2026-03-06,F,57.844,195.69,6138.846,D,,,,,,
1034054,2026-03-09,SBAC,DAY DONALD,isOfficer,0002031697-26-000004,2026-03-06,M,270.0,0.0,7600.969,D,,,,,,
1034054,2026-03-09,SBAC,DAY DONALD,isOfficer,0002031697-26-000004,2026-03-06,F,100.845,195.69,7500.124,D,,,,,,
1034054,2026-03-09,SBAC,Montagner Marc,isOfficer,0001456823-26-000005,2026-03-06,F,815.332,195.69,4596.294,D,,,,,,
1034054,2026-03-09,SBAC,STOOPS JEFFREY,"isDirector,isOther",0001106860-26-000004,2026-03-06,F,1283.159,195.69,128211.467,D,,,,,,
1034054,2026-03-09,SBAC,STOOPS JEFFREY,"isDirector,isOther",0001106860-26-000004,2026-03-06,M,3468.0,0.0,129494.626,D,,,,,,
1034054,2026-03-09,SBAC,KREDI SAUL,isOfficer,0002047753-26-000004,2026-03-06,M,147.0,0.0,6196.69,D,,,,,,
1034054,2026-03-09,SBAC,Montagner Marc,isOfficer,0001456823-26-000005,2026-03-06,M,2072.0,0.0,5411.626,D,,,,,,
1034054,2026-03-09,SBAC,CANE RICHARD M,isOfficer,0001957645-26-000002,2026-03-06,F,273.089,195.69,7032.276,D,,,,,,
1034054,2026-03-09,SBAC,KOENIG JOSHUA,isOfficer,0001957644-26-000005,2026-03-06,M,655.0,0.0,6537.735,D,,,,,,
1034054,2026-03-09,SBAC,Ciarfella Mark R,isOfficer,0001504654-26-000002,2026-03-06,M,715.0,0.0,38323.6651,D,,,,,,
1034054,2026-03-09,SBAC,KOENIG JOSHUA,isOfficer,0001957644-26-000005,2026-03-06,F,257.742,195.69,6279.993,D,,,,,,
1034054,2026-03-09,SBAC,Cavanagh Brendan Thomas,"isDirector,isOfficer",0001293293-26-000004,2026-03-06,F,568.607,195.69,52817.506,D,,,,,,
1034054,2026-03-09,SBAC,Cavanagh Brendan Thomas,"isDirector,isOfficer",0001293293-26-000004,2026-03-06,M,1445.0,0.0,53386.113,D,,,,,,
1034054,2026-03-09,SBAC,Ciarfella Mark R,isOfficer,0001504654-26-000002,2026-03-06,F,264.55,195.69,38059.1151,D,,,,,,
1034054,2026-03-09,SBAC,CANE RICHARD M,isOfficer,0001957645-26-000002,2026-03-06,M,694.0,0.0,7305.365,D,,,,,,
1034054,2026-04-14,SBAC,Chan Mary S,isDirector,0001641154-26-000002,2026-04-13,F,1453.0,223.75,5866.5105,D,,,,,,
1034054,2026-04-14,SBAC,Chan Mary S,isDirector,0001641154-26-000002,2026-04-13,M,1501.0,212.31,7319.5105,D,,,,,,
1034054,2026-05-05,SBAC,LANGER JACK,isDirector,0001253093-26-000002,2026-05-01,M,248.0,,8392.191,D,,,,,,
1034054,2026-05-05,SBAC,BERNSTEIN STEVEN E,isDirector,0001089833-26-000002,2026-05-01,M,248.0,,0.0,D,derivative,Restricted Share Units,Class A Common Stock,248.0,,
1034054,2026-05-05,SBAC,BERNSTEIN STEVEN E,isDirector,0001089833-26-000002,2026-05-01,M,302.0,,302.0,D,derivative,Restricted Stock Units,Class A Common Stock,302.0,,
1034054,2026-05-05,SBAC,BOWEN LAURIE,isDirector,0001978602-26-000002,2026-05-01,M,248.0,,765.056,D,non_derivative,Class A Common Stock,,,,
1034054,2026-05-05,SBAC,Krouse George R Jr,isDirector,0001473955-26-000002,2026-05-01,M,248.0,,8503.604,D,,,,,,
1034054,2026-05-05,SBAC,Wilson Amy E,isDirector,0001772229-26-000002,2026-05-01,M,248.0,,0.0,D,derivative,Restricted Stock Units,Class A Common Stock,248.0,,
1034054,2026-05-05,SBAC,LANGER JACK,isDirector,0001253093-26-000002,2026-05-01,F,325.968,221.2,8699.223,D,,,,,,
1034054,2026-05-05,SBAC,BERNSTEIN STEVEN E,isDirector,0001089833-26-000002,2026-05-01,M,248.0,,6501.6962,D,,,,,,
1034054,2026-05-05,SBAC,BEEBE KEVIN L,isDirector,0001187378-26-000002,2026-05-01,M,331.0,,663.0,D,derivative,Restricted Stock Unit,Class A Common Stock,331.0,,
1034054,2026-05-05,SBAC,Chan Mary S,isDirector,0001641154-26-000004,2026-05-01,M,248.0,,0.0,D,derivative,Restricted Stock Units,Class A Common Stock,248.0,,
1034054,2026-05-05,SBAC,Chan Mary S,isDirector,0001641154-26-000004,2026-05-01,M,248.0,,6114.5105,D,,,,,,
1034054,2026-05-05,SBAC,Wilson Amy E,isDirector,0001772229-26-000002,2026-05-01,M,248.0,,1068.759,D,,,,,,
1034054,2026-05-05,SBAC,Johnson Jay LeCoryelle,isDirector,0001736249-26-000004,2026-05-01,F,325.968,221.2,1665.096,D,,,,,,
1034054,2026-05-05,SBAC,BOWEN LAURIE,isDirector,0001978602-26-000002,2026-05-01,M,248.0,,0.0,D,derivative,Restricted Stock Units,Class A Common Stock,248.0,,
1034054,2026-05-05,SBAC,STOOPS JEFFREY,"isDirector,isOther",0001106860-26-000006,2026-05-01,M,302.0,,141133.52,D,,,,,,
1034054,2026-05-05,SBAC,BOWEN LAURIE,isDirector,0001978602-26-000002,2026-05-01,F,325.968,221.2,1072.088,D,non_derivative,Class A Common Stock,,,,
1034054,2026-05-05,SBAC,Chan Mary S,isDirector,0001641154-26-000004,2026-05-01,F,325.968,221.2,6421.5425,D,non_derivative,Class A Common Stock,,,,
1034054,2026-05-05,SBAC,Johnson Jay LeCoryelle,isDirector,0001736249-26-000004,2026-05-01,M,248.0,,1358.064,D,non_derivative,Class A Common Stock,,,,
1034054,2026-05-05,SBAC,Johnson Jay LeCoryelle,isDirector,0001736249-26-000004,2026-05-01,M,248.0,,0.0,D,derivative,Restricted Stock Units,Class A Common Stock,248.0,,
1034054,2026-05-05,SBAC,Wilson Amy E,isDirector,0001772229-26-000002,2026-05-01,M,248.0,,1068.759,D,non_derivative,Class A Common Stock,,,,
1034054,2026-05-05,SBAC,Krouse George R Jr,isDirector,0001473955-26-000002,2026-05-01,M,248.0,,8503.604,D,non_derivative,Class A Common Stock,,,,
1034054,2026-05-05,SBAC,BEEBE KEVIN L,isDirector,0001187378-26-000002,2026-05-01,M,248.0,,16002.119,D,,,,,,
1034054,2026-05-05,SBAC,STOOPS JEFFREY,"isDirector,isOther",0001106860-26-000006,2026-05-01,M,302.0,,141133.52,D,non_derivative,Class A Common Stock,,,,
1034054,2026-05-05,SBAC,LANGER JACK,isDirector,0001253093-26-000002,2026-05-01,M,248.0,,0.0,D,derivative,Restricted Stock Units,Class A Common Stock,248.0,,
1034054,2026-05-05,SBAC,Krouse George R Jr,isDirector,0001473955-26-000002,2026-05-01,F,325.968,221.2,8810.636,D,,,,,,
1034054,2026-05-05,SBAC,Chan Mary S,isDirector,0001641154-26-000004,2026-05-01,F,325.968,221.2,6421.5425,D,,,,,,
1034054,2026-05-05,SBAC,BERNSTEIN STEVEN E,isDirector,0001089833-26-000002,2026-05-01,M,248.0,,6501.6962,D,non_derivative,Class A Common Stock,,,,
1034054,2026-05-05,SBAC,Krouse George R Jr,isDirector,0001473955-26-000002,2026-05-01,M,248.0,,0.0,D,derivative,Restricted Stock Units,Class A Common Stock,248.0,,
1034054,2026-05-05,SBAC,BEEBE KEVIN L,isDirector,0001187378-26-000002,2026-05-01,M,248.0,,16002.119,D,non_derivative,Class A Common Stock,,,,
1034054,2026-05-05,SBAC,BOWEN LAURIE,isDirector,0001978602-26-000002,2026-05-01,M,248.0,,765.056,D,,,,,,
1034054,2026-05-05,SBAC,STOOPS JEFFREY,"isDirector,isOther",0001106860-26-000006,2026-05-01,M,302.0,,302.0,D,derivative,Restricted Stock Units,Class A Common Stock,302.0,,
1034054,2026-05-05,SBAC,Chan Mary S,isDirector,0001641154-26-000004,2026-05-01,M,248.0,,6114.5105,D,non_derivative,Class A Common Stock,,,,
1034054,2026-05-05,SBAC,BEEBE KEVIN L,isDirector,0001187378-26-000002,2026-05-01,M,248.0,,0.0,D,derivative,Restricted Stock Units,Class A Common Stock,248.0,,
1034054,2026-05-05,SBAC,LANGER JACK,isDirector,0001253093-26-000002,2026-05-01,F,325.968,221.2,8699.223,D,non_derivative,Class A Common Stock,,,,
1034054,2026-05-05,SBAC,Johnson Jay LeCoryelle,isDirector,0001736249-26-000004,2026-05-01,F,325.968,221.2,1665.096,D,non_derivative,Class A Common Stock,,,,
1034054,2026-05-05,SBAC,BOWEN LAURIE,isDirector,0001978602-26-000002,2026-05-01,F,325.968,221.2,1072.088,D,,,,,,
1034054,2026-05-05,SBAC,LANGER JACK,isDirector,0001253093-26-000002,2026-05-01,M,248.0,,8392.191,D,non_derivative,Class A Common Stock,,,,
1034054,2026-05-05,SBAC,Johnson Jay LeCoryelle,isDirector,0001736249-26-000004,2026-05-01,M,248.0,,1358.064,D,,,,,,
1034054,2026-05-05,SBAC,Krouse George R Jr,isDirector,0001473955-26-000002,2026-05-01,F,325.968,221.2,8810.636,D,non_derivative,Class A Common Stock,,,,
1034054,2026-05-15,SBAC,Krouse George R Jr,isDirector,0001473955-26-000004,2026-05-13,F,500.0,213.61,8811.636,D,non_derivative,Class A Common Stock,,,,
1034054,2026-05-15,SBAC,BERNSTEIN STEVEN E,isDirector,0001089833-26-000004,2026-05-13,M,1501.0,212.31,8635.6962,D,non_derivative,Class A Common Stock,,,,
1034054,2026-05-15,SBAC,BEEBE KEVIN L,isDirector,0001187378-26-000005,2026-05-13,M,1501.0,0.0,0.0,D,derivative,Stock Options (Right to Buy),Class A Common Stock,1501.0,212.31,2026-05-16
1034054,2026-05-15,SBAC,LANGER JACK,isDirector,0001253093-26-000004,2026-05-13,M,1501.0,212.31,10200.223,D,non_derivative,Class A Common Stock,,,,
1034054,2026-05-15,SBAC,Krouse George R Jr,isDirector,0001473955-26-000004,2026-05-13,M,501.0,0.0,0.0,D,derivative,Stock Options (Right to Buy),Class A Common Stock,501.0,212.31,2026-05-16
1034054,2026-05-15,SBAC,LANGER JACK,isDirector,0001253093-26-000004,2026-05-13,M,1501.0,0.0,0.0,D,derivative,Stock Options (Right to Buy),Class A Common Stock,1501.0,212.31,2026-05-16
1034054,2026-05-15,SBAC,BERNSTEIN STEVEN E,isDirector,0001089833-26-000004,2026-05-13,F,1496.0,213.61,7139.6962,D,,,,,,
1034054,2026-05-15,SBAC,BEEBE KEVIN L,isDirector,0001187378-26-000005,2026-05-13,M,1501.0,212.31,18136.119,D,non_derivative,Class A Common Stock,,,,
1034054,2026-05-15,SBAC,BEEBE KEVIN L,isDirector,0001187378-26-000005,2026-05-13,F,1492.0,213.61,16644.119,D,non_derivative,Class A Common Stock,,,,
1034054,2026-05-15,SBAC,LANGER JACK,isDirector,0001253093-26-000004,2026-05-13,F,1496.0,213.61,8704.223,D,non_derivative,Class A Common Stock,,,,
1034054,2026-05-15,SBAC,BERNSTEIN STEVEN E,isDirector,0001089833-26-000004,2026-05-13,M,1501.0,0.0,0.0,D,derivative,Stock Options (Right to Buy),Class A Common Stock,1501.0,212.31,2026-05-16
1034054,2026-05-15,SBAC,BEEBE KEVIN L,isDirector,0001187378-26-000005,2026-05-13,M,1501.0,212.31,18136.119,D,,,,,,
1034054,2026-05-15,SBAC,Krouse George R Jr,isDirector,0001473955-26-000004,2026-05-13,M,501.0,212.31,9311.636,D,,,,,,
1034054,2026-05-15,SBAC,BERNSTEIN STEVEN E,isDirector,0001089833-26-000004,2026-05-13,M,1501.0,212.31,8635.6962,D,,,,,,
1034054,2026-05-15,SBAC,BEEBE KEVIN L,isDirector,0001187378-26-000005,2026-05-13,F,1492.0,213.61,16644.119,D,,,,,,
1034054,2026-05-15,SBAC,Krouse George R Jr,isDirector,0001473955-26-000004,2026-05-13,M,501.0,212.31,9311.636,D,non_derivative,Class A Common Stock,,,,
1034054,2026-05-15,SBAC,LANGER JACK,isDirector,0001253093-26-000004,2026-05-13,F,1496.0,213.61,8704.223,D,,,,,,
1034054,2026-05-15,SBAC,LANGER JACK,isDirector,0001253093-26-000004,2026-05-13,M,1501.0,212.31,10200.223,D,,,,,,
1034054,2026-05-15,SBAC,Krouse George R Jr,isDirector,0001473955-26-000004,2026-05-13,F,500.0,213.61,8811.636,D,,,,,,
1034054,2026-05-15,SBAC,BERNSTEIN STEVEN E,isDirector,0001089833-26-000004,2026-05-13,F,1496.0,213.61,7139.6962,D,non_derivative,Class A Common Stock,,,,
1034054,2026-05-27,SBAC,BEEBE KEVIN L,isDirector,0001187378-26-000007,2026-05-22,A,1108.0,0.0,1108.0,D,derivative,Restricted Stock Units,Class A Common Stock,1108.0,,
1034054,2026-05-27,SBAC,LANGER JACK,isDirector,0001253093-26-000006,2026-05-22,A,1108.0,0.0,1108.0,D,derivative,Restricted Stock Units,Class A Common Stock,1108.0,,
1034054,2026-05-27,SBAC,BERNSTEIN STEVEN E,isDirector,0001089833-26-000006,2026-05-22,A,1108.0,0.0,1108.0,D,derivative,Restricted Stock Units,Class A Common Stock,1108.0,,
1034054,2026-05-27,SBAC,STOOPS JEFFREY,"isDirector,isOther",0001106860-26-000008,2026-05-22,A,1108.0,0.0,1108.0,D,derivative,Restricted Stock Units,Class A Common Stock,1108.0,,
1034054,2026-05-27,SBAC,Chan Mary S,isDirector,0001641154-26-000006,2026-05-22,A,1108.0,0.0,1108.0,D,derivative,Restricted Stock Units,Class A Common Stock,1108.0,,
1034054,2026-05-27,SBAC,Krouse George R Jr,isDirector,0001473955-26-000006,2026-05-22,A,1108.0,0.0,1108.0,D,derivative,Restricted Stock Units,Class A Common Stock,1108.0,,
1034054,2026-05-27,SBAC,Johnson Jay LeCoryelle,isDirector,0001736249-26-000006,2026-05-22,A,1108.0,0.0,1108.0,D,derivative,Restricted Stock Units,Class A Common Stock,1108.0,,
1034054,2026-05-27,SBAC,Wilson Amy E,isDirector,0001772229-26-000004,2026-05-22,A,1108.0,0.0,1108.0,D,derivative,Restricted Stock Units,Class A Common Stock,1108.0,,
1034054,2026-05-27,SBAC,BOWEN LAURIE,isDirector,0001978602-26-000004,2026-05-22,A,1108.0,0.0,1108.0,D,derivative,Restricted Stock Units,Class A Common Stock,1108.0,,
1034054,2026-08-04,SBAC,DAY DONALD,isOfficer,0002031697-26-000006,2026-08-01,F,170.689,180.98,9992.342,D,non_derivative,Class A Common Stock,,,,
1034054,2026-08-04,SBAC,DAY DONALD,isOfficer,0002031697-26-000006,2026-08-01,M,457.0,0.0,10163.031,D,non_derivative,Class A Common Stock,,,,
1034054,2026-08-04,SBAC,DAY DONALD,isOfficer,0002031697-26-000006,2026-08-01,M,457.0,0.0,457.0,D,derivative,Restricted Stock Units,Class A Common Stock,457.0,,
