cik,filingDate,issuerTradingSymbol,reportingOwnerName,reportingOwnerRelationship,accessionNumber,transactionDate,transactionCode,transactionShares,transactionPricePerShare,sharesOwnedFollowingTransaction,directOrIndirectOwnership,transactionType,securityTitle,underlyingSecurityTitle,underlyingSecurityShares,exercisePrice,expirationDate
1137789,2017-05-16,STX,RE MARK,,0001137789-17-000026,2017-05-15,S,9607.0,43.47,40470.0,D,,,,,,
1137789,2017-05-16,STX,MASSARONI KENNETH M,,0001137789-17-000025,2017-05-12,S,7500.0,42.58,115633.0,D,,,,,,
1137789,2017-05-18,STX,PARK CHONG SUP,,0001137789-17-000027,2017-05-16,S,3809.0,43.63,25658.0,I,,,,,,
1137789,2017-06-13,STX,MORTON DAVID H JR,,0001137789-17-000029,2017-06-09,S,3040.0,43.26,9063.0,D,,,,,,
1137789,2017-06-14,STX,MASSARONI KENNETH M,,0001137789-17-000030,2017-06-12,S,7200.0,40.93,108433.0,D,,,,,,
1137789,2017-07-21,STX,SCHUELKE KATHERINE,,0001137789-17-000037,2017-07-20,A,27670.0,0.0,27670.0,D,,,,,,
1137789,2017-07-26,STX,BRACE PHILIP G,,0001137789-17-000038,2017-07-24,A,16250.0,0.0,45359.0,D,,,,,,
1137789,2017-07-26,STX,LUCZO STEPHEN J,,0001137789-17-000039,2017-07-24,A,11950.0,0.0,39138.0,D,,,,,,
1137789,2017-07-26,STX,LUCZO STEPHEN J,,0001137789-17-000039,2017-05-24,G,10000.0,0.0,1224158.0,I,,,,,,
1137789,2017-07-26,STX,MORTON DAVID H JR,,0001137789-17-000040,2017-07-24,A,20000.0,0.0,29539.0,D,,,,,,
1137789,2017-07-26,STX,MOSLEY WILLIAM D,,0001137789-17-000041,2017-07-24,A,7500.0,0.0,160465.0,D,,,,,,
1137789,2017-07-26,STX,MURPHY JAMES J,,0001137789-17-000042,2017-07-24,A,20963.0,0.0,20963.0,D,,,,,,
1137789,2017-08-03,STX,BRACE PHILIP G,,0001137789-17-000047,2017-08-01,P,1000.0,33.336,62855.0,D,,,,,,
1137789,2017-08-03,STX,BRACE PHILIP G,,0001137789-17-000047,2017-08-01,S,6000.0,33.341,56855.0,D,,,,,,
1137789,2017-09-12,STX,LUCZO STEPHEN J,,0001137789-17-000048,2017-09-09,F,6236.0,0.0,81499.0,D,,,,,,
1137789,2017-09-12,STX,LUCZO STEPHEN J,,0001137789-17-000048,2017-09-08,M,34375.0,11.065,87735.0,D,,,,,,
1137789,2017-09-12,STX,LUCZO STEPHEN J,,0001137789-17-000048,2017-08-17,G,10000.0,0.0,1214158.0,I,,,,,,
1137789,2017-09-12,STX,MORTON DAVID H JR,,0001137789-17-000050,2017-09-09,F,5189.0,0.0,34761.0,D,,,,,,
1137789,2017-09-12,STX,BRACE PHILIP G,,0001137789-17-000049,2017-09-02,F,6847.0,0.0,50008.0,D,,,,,,
1137789,2017-09-12,STX,MOSLEY WILLIAM D,,0001137789-17-000051,2017-09-09,F,3914.0,0.0,179479.0,D,,,,,,
1137789,2017-09-12,STX,BRACE PHILIP G,,0001137789-17-000049,2017-09-09,F,2138.0,0.0,47870.0,D,,,,,,
1137789,2017-09-15,STX,MOSLEY WILLIAM D,,0001137789-17-000055,2017-09-13,A,14700.0,0.0,182214.0,D,,,,,,
1137789,2017-09-15,STX,MOSLEY WILLIAM D,,0001137789-17-000055,2017-09-13,F,7671.0,0.0,174543.0,D,,,,,,
1137789,2017-09-15,STX,MORTON DAVID H JR,,0001137789-17-000054,2017-09-13,A,2156.0,0.0,34596.0,D,,,,,,
1137789,2017-09-15,STX,MORTON DAVID H JR,,0001137789-17-000054,2017-09-13,F,1126.0,0.0,33470.0,D,,,,,,
1137789,2017-09-15,STX,LUCZO STEPHEN J,,0001137789-17-000053,2017-09-13,A,44632.0,0.0,118709.0,D,,,,,,
1137789,2017-09-15,STX,LUCZO STEPHEN J,,0001137789-17-000053,2017-09-13,F,23289.0,0.0,95420.0,D,,,,,,
1137789,2017-10-19,STX,PARK CHONG SUP,,0001137789-17-000076,2017-10-17,F,3038.0,33.96,8715.0,D,,,,,,
1137789,2017-10-19,STX,BIONDI FRANK,,0001137789-17-000070,2017-10-17,F,3038.0,33.96,5399.0,D,,,,,,
1137789,2017-10-19,STX,ZANDER EDWARD J,,0001137789-17-000078,2017-10-17,F,3038.0,33.96,8715.0,D,,,,,,
1137789,2017-10-19,STX,Geldmacher Jay L,,0001137789-17-000074,2017-10-17,F,3038.0,33.96,14080.0,D,,,,,,
1137789,2017-10-19,STX,Adams Mark,,0001137789-17-000069,2017-10-17,F,1970.0,33.96,3500.0,D,,,,,,
1137789,2017-10-19,STX,CHENG MEI WEI,,0001137789-17-000072,2017-10-17,F,4556.0,33.96,16162.0,D,,,,,,
1137789,2017-10-19,STX,COLEMAN WILLIAM T III,,0001137789-17-000073,2017-10-17,F,3038.0,33.96,15319.0,D,,,,,,
1137789,2017-10-19,STX,Adams Mark,,0001137789-17-000069,2017-10-17,M,5470.0,0.0,5470.0,D,,,,,,
1137789,2017-10-19,STX,Moyo Dambisa F,,0001137789-17-000075,2017-10-17,F,3038.0,33.96,8715.0,D,,,,,,
1137789,2017-10-19,STX,CANNON MICHAEL R,,0001137789-17-000071,2017-10-17,F,3038.0,33.96,15234.0,D,,,,,,
1137789,2017-10-19,STX,Tilenius Stephanie,,0001137789-17-000077,2017-10-17,F,3038.0,33.96,11425.0,D,,,,,,
1137789,2017-10-25,STX,Moyo Dambisa F,,0001137789-17-000080,2017-10-24,S,5399.0,39.5,3316.0,D,,,,,,
1137789,2017-10-25,STX,Moyo Dambisa F,,0001137789-17-000080,2017-10-25,S,3316.0,38.21,0.0,D,,,,,,
1137789,2017-10-25,STX,MORTON DAVID H JR,,0001137789-17-000079,2017-10-23,S,7909.0,40.0,25561.0,D,,,,,,
1137789,2017-10-31,STX,BRACE PHILIP G,,0001137789-17-000087,2017-10-27,M,40393.0,36.09,83416.0,D,,,,,,
1137789,2017-10-31,STX,BRACE PHILIP G,,0001137789-17-000087,2017-10-27,S,40393.0,37.12,43023.0,D,,,,,,
1137789,2017-10-31,STX,Nygaard Jeffrey D.,,0001137789-17-000085,2017-10-27,P,5000.0,37.38,23133.0,I,,,,,,
1137789,2017-11-08,STX,BRACE PHILIP G,,0001137789-17-000089,2017-11-06,S,5403.0,36.79,33069.0,D,,,,,,
1137789,2017-11-24,STX,Geldmacher Jay L,,0001137789-17-000093,2017-11-22,S,5365.0,40.0,8715.0,D,,,,,,
1137789,2017-12-01,STX,ZANDER EDWARD J,,0001137789-17-000098,2017-11-29,S,10209.0,38.81,51615.0,I,,,,,,
1137789,2017-12-01,STX,ZANDER EDWARD J,,0001137789-17-000097,2014-08-28,S,10000.0,62.09,31196.0,I,,,,,,
1137789,2017-12-22,STX,MURPHY JAMES J,,0001137789-17-000102,2017-12-20,F,8789.0,0.0,12584.0,D,,,,,,
1137789,2018-01-10,STX,BRACE PHILIP G,,0001137789-18-000012,2018-01-08,S,6000.0,46.21,27069.0,D,,,,,,
1137789,2018-01-10,STX,BRACE PHILIP G,,0001137789-18-000012,2018-01-09,S,6000.0,46.67,21069.0,D,,,,,,
1137789,2018-01-10,STX,LUCZO STEPHEN J,,0001137789-18-000011,2017-10-26,G,10000.0,0.0,1204158.0,I,,,,,,
1137789,2018-01-10,STX,LUCZO STEPHEN J,,0001137789-18-000011,2018-01-08,S,100000.0,48.99,854158.0,I,,,,,,
1137789,2018-01-10,STX,MORTON DAVID H JR,,0001137789-18-000010,2018-01-08,M,40263.0,36.09,65824.0,D,,,,,,
1137789,2018-01-10,STX,MORTON DAVID H JR,,0001137789-18-000010,2018-01-08,S,40263.0,48.78,25561.0,D,,,,,,
1137789,2018-01-16,STX,BRACE PHILIP G,,0001137789-18-000013,2018-01-11,S,5000.0,48.4,16069.0,D,,,,,,
1137789,2018-02-01,STX,PARK CHONG SUP,,0001137789-18-000016,2018-01-30,S,4026.0,54.22,18632.0,I,,,,,,
1137789,2018-02-01,STX,LUCZO STEPHEN J,,0001137789-18-000017,2018-01-30,G,20000.0,0.0,1021613.0,I,,,,,,
1137789,2018-02-01,STX,PARK CHONG SUP,,0001137789-18-000016,2017-10-25,G,3000.0,0.0,22658.0,I,,,,,,
1137789,2018-02-01,STX,LUCZO STEPHEN J,,0001137789-18-000017,2018-01-30,M,206300.0,30.23,206300.0,D,,,,,,
1137789,2018-02-01,STX,MURPHY JAMES J,,0001137789-18-000018,2018-01-31,S,12001.0,55.16,12584.0,D,,,,,,
1137789,2018-02-01,STX,LUCZO STEPHEN J,,0001137789-18-000017,2018-01-30,S,241738.0,54.76,72484.0,D,,,,,,
1137789,2018-02-01,STX,LUCZO STEPHEN J,,0001137789-18-000017,2018-01-31,S,100000.0,55.57,921613.0,I,,,,,,
1137789,2018-02-01,STX,MURPHY JAMES J,,0001137789-18-000018,2018-01-31,M,12001.0,38.76,24585.0,D,,,,,,
1137789,2018-02-22,STX,MORTON DAVID H JR,,0001137789-18-000019,2018-02-20,F,8509.0,0.0,17624.0,D,,,,,,
1137789,2018-02-22,STX,MORTON DAVID H JR,,0001137789-18-000019,2018-02-22,S,11491.0,51.78,6133.0,D,,,,,,
1137789,2018-02-27,STX,Geldmacher Jay L,,0001137789-18-000020,2018-02-23,S,4475.0,52.7,4240.0,D,,,,,,
1137789,2018-03-07,STX,MORTON DAVID H JR,,0001137789-18-000022,2018-03-05,M,2407.0,29.87,8540.0,D,,,,,,
1137789,2018-03-07,STX,MORTON DAVID H JR,,0001137789-18-000022,2018-03-05,S,35142.0,55.0,6133.0,D,,,,,,
1137789,2018-04-04,STX,LUCZO STEPHEN J,,0001137789-18-000024,2018-04-02,S,5380.0,60.0,988717.0,I,,,,,,
1137789,2018-04-12,STX,LUCZO STEPHEN J,,0001137789-18-000025,2018-04-10,S,4620.0,60.0,984097.0,I,,,,,,
1137789,2018-05-11,STX,ZANDER EDWARD J,,0001137789-18-000029,2018-05-09,S,9618.0,57.23,16698.0,I,,,,,,
1137789,2018-05-11,STX,ZANDER EDWARD J,,0001137789-18-000029,2018-05-08,G,14000.0,0.0,37615.0,I,,,,,,
1137789,2018-05-11,STX,LUCZO STEPHEN J,,0001137789-18-000027,2018-05-08,S,100000.0,56.01,884097.0,I,,,,,,
1137789,2018-05-16,STX,Nygaard Jeffrey D.,,0001137789-18-000031,2018-05-14,M,2188.0,29.87,2188.0,D,,,,,,
1137789,2018-05-16,STX,Nygaard Jeffrey D.,,0001137789-18-000031,2018-05-14,S,2188.0,57.45,0.0,D,,,,,,
1137789,2018-05-21,STX,LUCZO STEPHEN J,,0001137789-18-000033,2018-05-17,S,5681.0,60.0,878416.0,I,,,,,,
1137789,2018-06-06,STX,"ValueAct Holdings, L.P.",,0001418812-18-000055,2018-06-04,X,261935.0,,21720535.0,I,,,,,,
1137789,2018-06-08,STX,LUCZO STEPHEN J,,0001137789-18-000036,2018-05-22,G,10000.0,0.0,868416.0,I,,,,,,
1137789,2018-06-08,STX,LUCZO STEPHEN J,,0001137789-18-000036,2018-06-06,S,100000.0,59.05,768416.0,I,,,,,,
1137789,2018-07-24,STX,SCHUELKE KATHERINE,,0001137789-18-000038,2018-07-20,F,2393.0,56.48,25594.0,D,,,,,,
1137789,2018-07-27,STX,MORTON DAVID H JR,,0001137789-18-000048,2018-07-25,A,9943.0,0.0,16076.0,D,,,,,,
1137789,2018-07-27,STX,LUCZO STEPHEN J,,0001137789-18-000046,2018-07-25,A,11950.0,0.0,11950.0,D,,,,,,
1137789,2018-07-27,STX,MURPHY JAMES J,,0001137789-18-000044,2018-07-25,A,20963.0,0.0,31778.0,D,,,,,,
1137789,2018-07-27,STX,Nygaard Jeffrey D.,,0001137789-18-000042,2018-07-25,A,5646.0,0.0,5646.0,D,,,,,,
1137789,2018-07-27,STX,MOSLEY WILLIAM D,,0001137789-18-000040,2018-07-25,A,3937.0,0.0,178480.0,D,,,,,,
1137789,2018-08-02,STX,"ValueAct Holdings, L.P.",,0001418812-18-000068,2018-07-31,P,500000.0,52.65,22904700.0,I,,,,,,
1137789,2018-08-02,STX,"ValueAct Holdings, L.P.",,0001418812-18-000068,2018-08-01,P,321000.0,52.94,23225700.0,I,,,,,,
1137789,2018-08-02,STX,"ValueAct Holdings, L.P.",,0001418812-18-000068,2018-08-02,P,125000.0,52.87,23350700.0,I,,,,,,
1137789,2018-08-13,STX,"ValueAct Holdings, L.P.",,0001418812-18-000074,2018-08-10,P,1000000.0,50.61,24931991.0,I,,,,,,
1137789,2018-08-13,STX,"ValueAct Holdings, L.P.",,0001418812-18-000074,2018-08-13,P,509492.0,51.11,25441483.0,I,,,,,,
1137789,2018-08-13,STX,"ValueAct Holdings, L.P.",,0001418812-18-000074,2018-08-09,P,581291.0,51.36,23931991.0,I,,,,,,
1137789,2018-08-16,STX,"ValueAct Holdings, L.P.",,0001418812-18-000081,2018-08-15,P,500000.0,52.78,26191483.0,I,,,,,,
1137789,2018-08-16,STX,"ValueAct Holdings, L.P.",,0001418812-18-000081,2018-08-16,P,181882.0,53.0,26373365.0,I,,,,,,
1137789,2018-08-16,STX,"ValueAct Holdings, L.P.",,0001418812-18-000081,2018-08-14,P,250000.0,52.78,25691483.0,I,,,,,,
1137789,2018-08-20,STX,Scolnick Kathryn R.,,0001749118-18-000004,2018-08-16,M,642.0,50.1,759.0198,D,,,,,,
1137789,2018-08-20,STX,Scolnick Kathryn R.,,0001749118-18-000004,2018-08-16,S,10577.0,53.12,117.0198,D,,,,,,
1137789,2018-08-21,STX,"ValueAct Holdings, L.P.",,0001418812-18-000082,2018-08-17,P,23200.0,52.95,26396565.0,I,,,,,,
1137789,2018-08-23,STX,LUCZO STEPHEN J,,0001137789-18-000052,2018-08-16,G,10000.0,0.0,758416.0,I,,,,,,
1137789,2018-08-23,STX,LUCZO STEPHEN J,,0001137789-18-000052,2018-08-21,S,35000.0,55.4033,723416.0,I,,,,,,
1137789,2018-08-31,STX,MURPHY JAMES J,,0001234677-18-000002,2018-08-29,M,99.0,38.76,37693.0,D,,,,,,
1137789,2018-08-31,STX,MURPHY JAMES J,,0001234677-18-000002,2018-08-29,S,509.0,56.6,37441.0,D,,,,,,
1137789,2018-09-11,STX,MOSLEY WILLIAM D,,0001137789-18-000054,2018-09-09,F,11368.0,49.8,204010.0,D,,,,,,
1137789,2018-09-11,STX,LUCZO STEPHEN J,,0001137789-18-000056,2018-09-09,F,12977.0,49.8,736611.0,I,,,,,,
1137789,2018-09-11,STX,Hottier-Fayon Geraldine,,0001749197-18-000004,2018-09-09,M,837.0,0.0,5729.6691,D,,,,,,
1137789,2018-09-11,STX,Hottier-Fayon Geraldine,,0001749197-18-000004,2018-09-09,F,963.0,49.8,6710.6691,D,,,,,,
1137789,2018-09-11,STX,Scolnick Kathryn R.,,0001749118-18-000006,2018-09-09,M,750.0,0.0,867.0198,D,,,,,,
1137789,2018-09-11,STX,Nygaard Jeffrey D.,,0001720273-18-000002,2018-09-09,M,1040.0,0.0,6686.0,D,,,,,,
1137789,2018-09-11,STX,Scolnick Kathryn R.,,0001749118-18-000006,2018-09-09,F,1784.0,49.8,2891.0198,D,,,,,,
1137789,2018-09-11,STX,Nygaard Jeffrey D.,,0001720273-18-000002,2018-09-09,F,2343.0,49.8,8625.0,D,,,,,,
1137789,2018-09-12,STX,Hottier-Fayon Geraldine,,0001749197-18-000006,2018-09-11,F,380.0,48.98,7428.6691,D,,,,,,
1137789,2018-09-12,STX,Nygaard Jeffrey D.,,0001720273-18-000004,2018-09-11,M,2487.0,0.0,11112.0,D,,,,,,
1137789,2018-09-12,STX,Nygaard Jeffrey D.,,0001720273-18-000004,2018-09-11,F,1094.0,48.98,10018.0,D,,,,,,
1137789,2018-09-12,STX,MURPHY JAMES J,,0001137789-18-000062,2018-09-11,F,2818.0,48.98,34623.0,D,,,,,,
1137789,2018-09-12,STX,LUCZO STEPHEN J,,0001137789-18-000060,2018-09-11,M,70004.0,0.0,70004.0,D,,,,,,
1137789,2018-09-12,STX,LUCZO STEPHEN J,,0001137789-18-000060,2018-09-11,F,34708.0,48.98,771907.0,I,,,,,,
1137789,2018-09-12,STX,MOSLEY WILLIAM D,,0001137789-18-000058,2018-09-11,F,8350.0,0.0,195659.0,D,,,,,,
1137789,2018-09-12,STX,Scolnick Kathryn R.,,0001749118-18-000008,2018-09-11,A,1678.0,0.0,4569.0198,D,,,,,,
1137789,2018-09-12,STX,Scolnick Kathryn R.,,0001749118-18-000008,2018-09-11,F,832.0,48.98,3737.0198,D,,,,,,
1137789,2018-09-12,STX,Hottier-Fayon Geraldine,,0001749197-18-000006,2018-09-11,M,1098.0,0.0,7808.6691,D,,,,,,
1137789,2018-09-25,STX,MOSLEY WILLIAM D,,0001137789-18-000066,2018-09-22,F,18094.0,49.28,214059.0,D,,,,,,
1137789,2018-09-25,STX,Nygaard Jeffrey D.,,0001720273-18-000006,2018-09-22,F,1734.0,49.28,12226.0,D,,,,,,
1137789,2018-09-25,STX,LUCZO STEPHEN J,,0001137789-18-000064,2018-09-22,F,45234.0,49.28,45999.0,D,,,,,,
1137789,2018-09-25,STX,MOSLEY WILLIAM D,,0001137789-18-000066,2018-09-22,A,36494.0,0.0,232153.0,D,,,,,,
1137789,2018-09-25,STX,LUCZO STEPHEN J,,0001137789-18-000064,2018-09-22,A,91233.0,0.0,91233.0,D,,,,,,
1137789,2018-09-25,STX,Nygaard Jeffrey D.,,0001720273-18-000006,2018-09-22,A,3942.0,0.0,13960.0,D,,,,,,
1137789,2018-09-25,STX,Hottier-Fayon Geraldine,,0001749197-18-000008,2018-09-22,F,418.0,49.28,8216.6691,D,,,,,,
1137789,2018-09-25,STX,Scolnick Kathryn R.,,0001749118-18-000010,2018-09-22,A,1031.0,0.0,4768.0198,D,,,,,,
1137789,2018-09-25,STX,Scolnick Kathryn R.,,0001749118-18-000010,2018-09-22,F,512.0,49.28,4256.0198,D,,,,,,
1137789,2018-09-25,STX,Hottier-Fayon Geraldine,,0001749197-18-000008,2018-09-22,A,1206.0,0.0,8634.6691,D,,,,,,
1137789,2018-10-22,STX,Tilenius Stephanie,,0001137789-18-000079,2018-10-18,M,8094.0,0.0,19519.0,D,,,,,,
1137789,2018-10-22,STX,Adams Mark,,0001137789-18-000077,2018-10-18,F,2914.0,43.76,8680.0,D,,,,,,
1137789,2018-10-22,STX,CHENG MEI WEI,,0001137789-18-000078,2018-10-18,M,8094.0,0.0,24256.0,D,,,,,,
1137789,2018-10-22,STX,CHENG MEI WEI,,0001137789-18-000078,2018-10-18,F,4209.0,43.76,20047.0,D,,,,,,
1137789,2018-10-22,STX,CANNON MICHAEL R,,0001137789-18-000080,2018-10-18,M,8094.0,0.0,23328.0,D,,,,,,
1137789,2018-10-22,STX,Adams Mark,,0001137789-18-000077,2018-10-18,M,8094.0,0.0,11594.0,D,,,,,,
1137789,2018-10-22,STX,Tilenius Stephanie,,0001137789-18-000079,2018-10-18,F,2914.0,43.76,16605.0,D,,,,,,
1137789,2018-10-22,STX,CANNON MICHAEL R,,0001137789-18-000080,2018-10-18,F,2914.0,43.76,20414.0,D,,,,,,
1137789,2018-10-22,STX,Geldmacher Jay L,,0001137789-18-000081,2018-10-18,M,8094.0,0.0,12334.0,D,,,,,,
1137789,2018-10-22,STX,COLEMAN WILLIAM T III,,0001137789-18-000082,2018-10-18,F,2914.0,43.76,15100.0,D,,,,,,
1137789,2018-10-22,STX,PARK CHONG SUP,,0001137789-18-000084,2018-10-18,M,8094.0,0.0,16809.0,D,,,,,,
1137789,2018-10-22,STX,COLEMAN WILLIAM T III,,0001137789-18-000082,2018-10-18,M,8094.0,0.0,18014.0,D,,,,,,
1137789,2018-10-22,STX,ZANDER EDWARD J,,0001137789-18-000083,2018-10-18,F,2914.0,43.76,42795.0,I,,,,,,
1137789,2018-10-22,STX,PARK CHONG SUP,,0001137789-18-000084,2018-10-18,F,2914.0,43.76,32527.0,I,,,,,,
1137789,2018-10-22,STX,ZANDER EDWARD J,,0001137789-18-000083,2018-10-18,M,8094.0,0.0,8094.0,D,,,,,,
1137789,2018-10-22,STX,Geldmacher Jay L,,0001137789-18-000081,2018-10-18,F,2914.0,43.76,9420.0,D,,,,,,
1137789,2018-10-31,STX,BRUNER JUDY,,0001137789-18-000097,2018-10-29,F,1903.0,37.83,3382.0,I,,,,,,
1137789,2018-10-31,STX,BRUNER JUDY,,0001137789-18-000097,2018-10-29,M,5285.0,0.0,5285.0,D,,,,,,
1137789,2018-10-31,STX,Haggart Dylan G.,,0001418812-18-000088,2018-10-29,F,1903.0,37.83,3382.0,D,,,,,,
1137789,2018-10-31,STX,Haggart Dylan G.,,0001418812-18-000088,2018-10-29,M,5285.0,0.0,5285.0,D,,,,,,
1137789,2018-11-21,STX,Nygaard Jeffrey D.,,0001137789-18-000104,2018-11-20,F,2484.0,42.13,3162.0,D,,,,,,
1137789,2018-11-23,STX,"ValueAct Holdings, L.P.",,0000904454-18-000773,2018-11-20,P,365671.0,41.84,26762236.0,I,,,,,,
1137789,2018-11-23,STX,"ValueAct Holdings, L.P.",,0000904454-18-000773,2018-11-23,P,5415.0,41.99,26767651.0,I,,,,,,
1137789,2018-11-30,STX,"ValueAct Holdings, L.P.",,0001418812-18-000110,2018-11-28,P,32512.0,41.99,26800163.0,I,,,,,,
1137789,2018-11-30,STX,"ValueAct Holdings, L.P.",,0001418812-18-000110,2018-11-30,P,91615.0,41.94,26891778.0,I,,,,,,
1137789,2018-12-04,STX,MURPHY JAMES J,,0001137789-18-000106,2018-11-30,S,13660.0,42.5324,20963.0,D,,,,,,
1137789,2018-12-06,STX,LUCZO STEPHEN J,,0001137789-18-000108,2018-12-03,S,30000.0,44.1585,787906.0,I,,,,,,
1137789,2018-12-10,STX,"ValueAct Holdings, L.P.",,0001418812-18-000111,2018-12-07,P,271131.0,40.44,27295160.0,I,,,,,,
1137789,2018-12-10,STX,"ValueAct Holdings, L.P.",,0001418812-18-000111,2018-12-06,P,128869.0,40.97,27024029.0,I,,,,,,
1137789,2018-12-21,STX,MURPHY JAMES J,,0001137789-18-000110,2018-12-20,F,10394.0,36.58,10569.0,D,,,,,,
1137789,2019-02-08,STX,"ValueAct Holdings, L.P.",,0001418812-19-000005,2019-02-06,P,750000.0,45.68,750000.0,I,,,,,,
1137789,2019-02-08,STX,"ValueAct Holdings, L.P.",,0001418812-19-000005,2019-02-07,P,750000.0,44.42,1500000.0,I,,,,,,
1137789,2019-02-08,STX,"ValueAct Holdings, L.P.",,0001418812-19-000005,2019-02-08,P,725000.0,44.6,2225000.0,I,,,,,,
1137789,2019-02-19,STX,LUCZO STEPHEN J,,0001137789-19-000004,2019-02-08,G,10000.0,0.0,1092149.0,I,,,,,,
1137789,2019-02-19,STX,LUCZO STEPHEN J,,0001137789-19-000004,2019-02-14,S,50000.0,45.6735,1042149.0,I,,,,,,
1137789,2019-02-19,STX,MURPHY JAMES J,,0001234677-19-000002,2019-02-14,M,10000.0,30.95,20832.0,D,,,,,,
1137789,2019-02-19,STX,MURPHY JAMES J,,0001234677-19-000002,2019-02-14,S,20832.0,45.7452,0.0,D,,,,,,
1137789,2019-02-22,STX,LUCZO STEPHEN J,,0001137789-19-000007,2019-02-20,S,50000.0,46.0899,992149.0,I,,,,,,
1137789,2019-02-22,STX,LUCZO STEPHEN J,,0001137789-19-000007,2019-02-21,G,161181.0,0.0,0.0,I,,,,,,
1137789,2019-05-08,STX,LUCZO STEPHEN J,,0001137789-19-000010,2019-05-06,S,99999.0,49.3285,892150.0,I,,,,,,
1137789,2019-05-08,STX,LUCZO STEPHEN J,,0001137789-19-000010,2019-05-06,G,10000.0,0.0,882150.0,I,,,,,,
1137789,2019-06-26,STX,LUCZO STEPHEN J,,0001137789-19-000013,2019-06-24,S,10000.0,47.0,872150.0,I,,,,,,
1137789,2019-07-08,STX,LUCZO STEPHEN J,,0001137789-19-000015,2019-07-03,S,5000.0,47.45,867150.0,I,,,,,,
1137789,2019-07-19,STX,LUCZO STEPHEN J,,0001137789-19-000018,2019-07-17,S,5000.0,47.21,862150.0,I,,,,,,
1137789,2019-07-23,STX,SCHUELKE KATHERINE,,0001137789-19-000021,2019-07-20,F,2393.0,47.3,23663.0,D,,,,,,
1137789,2019-07-31,STX,Romano Gianluca,,0001137789-19-000031,2019-07-29,A,6538.0,0.0,6538.0,D,,,,,,
1137789,2019-07-31,STX,LUCZO STEPHEN J,,0001137789-19-000030,2019-07-29,A,14221.0,0.0,14221.0,D,,,,,,
1137789,2019-07-31,STX,MURPHY JAMES J,,0001137789-19-000029,2019-07-29,A,20962.0,0.0,20962.0,D,,,,,,
1137789,2019-07-31,STX,MOSLEY WILLIAM D,,0001137789-19-000028,2019-07-29,A,5688.0,0.0,219836.0,D,,,,,,
1137789,2019-07-31,STX,Nygaard Jeffrey D.,,0001137789-19-000027,2019-07-29,A,5646.0,0.0,5646.0,D,,,,,,
1137789,2019-08-02,STX,LUCZO STEPHEN J,,0001137789-19-000033,2019-07-31,S,5000.0,47.3712,857150.0,I,,,,,,
1137789,2019-08-21,STX,LUCZO STEPHEN J,,0001137789-19-000037,2019-08-19,S,5000.0,47.0,852150.0,I,,,,,,
1137789,2019-08-30,STX,LUCZO STEPHEN J,,0001137789-19-000039,2019-08-28,S,5000.0,47.0,847150.0,I,,,,,,
1137789,2019-09-10,STX,MOSLEY WILLIAM D,,0001137789-19-000041,2019-09-06,M,40000.0,29.87,303103.0,D,,,,,,
1137789,2019-09-10,STX,MOSLEY WILLIAM D,,0001137789-19-000041,2019-09-09,F,9416.0,54.78,253687.0,D,,,,,,
1137789,2019-09-10,STX,MOSLEY WILLIAM D,,0001137789-19-000041,2019-09-06,S,90000.0,54.31,263103.0,D,,,,,,
1137789,2019-09-11,STX,LUCZO STEPHEN J,,0001137789-19-000045,2019-09-09,F,812.0,54.78,855559.0,I,,,,,,
1137789,2019-09-11,STX,Nygaard Jeffrey D.,,0001137789-19-000043,2019-09-09,F,1885.0,54.78,14121.0,D,,,,,,
1137789,2019-09-11,STX,Nygaard Jeffrey D.,,0001137789-19-000043,2019-09-09,M,1252.0,0.0,12975.0,D,,,,,,
1137789,2019-09-11,STX,LUCZO STEPHEN J,,0001137789-19-000045,2019-09-03,G,5000.0,0.0,842150.0,I,,,,,,
1137789,2019-09-11,STX,SCHUELKE KATHERINE,,0001137789-19-000049,2019-09-10,F,1352.0,55.33,26464.0,D,,,,,,
1137789,2019-09-11,STX,SCHUELKE KATHERINE,,0001137789-19-000049,2019-09-10,M,3907.0,0.0,27816.0,D,,,,,,
1137789,2019-09-12,STX,Nygaard Jeffrey D.,,0001137789-19-000051,2019-09-11,M,2487.0,0.0,13984.0,D,,,,,,
1137789,2019-09-12,STX,MURPHY JAMES J,,0001137789-19-000055,2019-09-10,F,2064.0,55.33,30923.0,D,,,,,,
1137789,2019-09-12,STX,MOSLEY WILLIAM D,,0001137789-19-000053,2019-09-11,F,8351.0,56.21,239050.0,D,,,,,,
1137789,2019-09-12,STX,MURPHY JAMES J,,0001137789-19-000055,2019-09-11,F,2546.0,56.21,28377.0,D,,,,,,
1137789,2019-09-12,STX,MOSLEY WILLIAM D,,0001137789-19-000053,2019-09-10,F,6286.0,55.33,247401.0,D,,,,,,
1137789,2019-09-12,STX,Nygaard Jeffrey D.,,0001137789-19-000051,2019-09-11,F,1094.0,56.21,12890.0,D,,,,,,
1137789,2019-09-12,STX,Nygaard Jeffrey D.,,0001137789-19-000051,2019-09-10,F,2624.0,55.33,11497.0,D,,,,,,
1137789,2019-09-13,STX,LUCZO STEPHEN J,,0001137789-19-000057,2019-09-11,F,3403.0,56.21,917161.0,I,,,,,,
1137789,2019-09-13,STX,LUCZO STEPHEN J,,0001137789-19-000057,2019-09-11,M,70005.0,0.0,70005.0,D,,,,,,
1137789,2019-09-13,STX,LUCZO STEPHEN J,,0001137789-19-000057,2019-09-11,S,5000.0,55.291,850559.0,I,,,,,,
1137789,2019-09-27,STX,LUCZO STEPHEN J,,0001137789-19-000059,2019-09-25,S,5000.0,52.2,912161.0,I,,,,,,
1137789,2019-10-01,STX,Nygaard Jeffrey D.,,0001137789-19-000062,2019-09-27,F,8711.0,53.81,23985.0,D,,,,,,
1137789,2019-10-01,STX,Nygaard Jeffrey D.,,0001137789-19-000062,2019-09-27,A,19806.0,0.0,32696.0,D,,,,,,
1137789,2019-10-01,STX,MOSLEY WILLIAM D,,0001137789-19-000061,2019-09-27,F,94131.0,53.81,334774.0,D,,,,,,
1137789,2019-10-01,STX,MOSLEY WILLIAM D,,0001137789-19-000061,2019-09-27,A,189855.0,0.0,428905.0,D,,,,,,
1137789,2019-10-02,STX,Nygaard Jeffrey D.,,0001137789-19-000063,2019-09-30,S,12000.0,53.78,23985.0,D,,,,,,
1137789,2019-10-02,STX,Nygaard Jeffrey D.,,0001137789-19-000063,2019-09-30,M,8000.0,40.16,31985.0,D,,,,,,
1137789,2019-10-11,STX,LUCZO STEPHEN J,,0001137789-19-000065,2019-10-09,S,5000.0,51.51,907161.0,I,,,,,,
1137789,2019-10-18,STX,Nygaard Jeffrey D.,,0001137789-19-000067,2019-10-16,M,2000.0,30.95,25985.0,D,,,,,,
1137789,2019-10-18,STX,Nygaard Jeffrey D.,,0001137789-19-000067,2019-10-16,S,2000.0,55.0,23985.0,D,,,,,,
1137789,2019-10-24,STX,Nygaard Jeffrey D.,,0001137789-19-000069,2019-10-22,M,2969.0,40.16,26954.0,D,,,,,,
1137789,2019-10-24,STX,Nygaard Jeffrey D.,,0001137789-19-000069,2019-10-22,S,2969.0,55.9,23985.0,D,,,,,,
1137789,2019-10-25,STX,LUCZO STEPHEN J,,0001137789-19-000071,2019-10-23,S,5000.0,55.6,902161.0,I,,,,,,
1137789,2019-10-29,STX,Nygaard Jeffrey D.,,0001137789-19-000072,2019-10-25,S,2000.0,57.0,23985.0,D,,,,,,
1137789,2019-10-29,STX,Nygaard Jeffrey D.,,0001137789-19-000072,2019-10-25,M,2000.0,30.95,25985.0,D,,,,,,
1137789,2019-10-30,STX,Adams Mark,,0001137789-19-000082,2019-10-28,M,5146.0,0.0,5146.0,D,,,,,,
1137789,2019-10-30,STX,COLEMAN WILLIAM T III,,0001137789-19-000088,2019-10-28,F,1853.0,57.75,14313.0,D,,,,,,
1137789,2019-10-30,STX,Geldmacher Jay L,,0001137789-19-000083,2019-10-28,F,1853.0,57.75,12713.0,D,,,,,,
1137789,2019-10-30,STX,ZANDER EDWARD J,,0001137789-19-000085,2019-10-28,F,1853.0,57.75,46088.0,I,,,,,,
1137789,2019-10-30,STX,CANNON MICHAEL R,,0001137789-19-000087,2019-10-28,M,5146.0,0.0,25560.0,D,,,,,,
1137789,2019-10-30,STX,Geldmacher Jay L,,0001137789-19-000083,2019-10-28,M,5146.0,0.0,14566.0,D,,,,,,
1137789,2019-10-30,STX,BRUNER JUDY,,0001137789-19-000084,2019-10-28,F,1853.0,57.75,6675.0,I,,,,,,
1137789,2019-10-30,STX,Haggart Dylan G.,,0001418812-19-000076,2019-10-28,M,5146.0,0.0,5146.0,D,,,,,,
1137789,2019-10-30,STX,Haggart Dylan G.,,0001418812-19-000076,2019-10-28,F,1853.0,57.75,3293.0,D,,,,,,
1137789,2019-10-30,STX,LUCZO STEPHEN J,,0001137789-19-000081,2019-10-28,M,5146.0,0.0,5146.0,D,,,,,,
1137789,2019-10-30,STX,ZANDER EDWARD J,,0001137789-19-000085,2019-10-28,M,5146.0,0.0,5146.0,D,,,,,,
1137789,2019-10-30,STX,Tilenius Stephanie,,0001137789-19-000086,2019-10-28,M,5146.0,0.0,21751.0,D,,,,,,
1137789,2019-10-30,STX,BRUNER JUDY,,0001137789-19-000084,2019-10-28,M,5146.0,0.0,5146.0,D,,,,,,
1137789,2019-10-30,STX,COLEMAN WILLIAM T III,,0001137789-19-000088,2019-10-28,M,5146.0,0.0,16166.0,D,,,,,,
1137789,2019-10-30,STX,CANNON MICHAEL R,,0001137789-19-000087,2019-10-28,F,1853.0,57.75,23707.0,D,,,,,,
1137789,2019-10-30,STX,Adams Mark,,0001137789-19-000082,2019-10-28,F,1853.0,57.75,11973.0,I,,,,,,
1137789,2019-10-30,STX,Tilenius Stephanie,,0001137789-19-000086,2019-10-28,F,1853.0,57.75,19898.0,D,,,,,,
1137789,2019-10-30,STX,LUCZO STEPHEN J,,0001137789-19-000081,2019-10-28,F,1853.0,57.75,905454.0,I,,,,,,
1137789,2019-11-06,STX,MURPHY JAMES J,,0001137789-19-000092,2019-11-04,S,123607.0,57.74,28377.0,D,,,,,,
1137789,2019-11-06,STX,LUCZO STEPHEN J,,0001137789-19-000091,2019-11-06,S,5000.0,57.48,790454.0,I,,,,,,
1137789,2019-11-06,STX,LUCZO STEPHEN J,,0001137789-19-000091,2019-11-05,G,10000.0,0.0,795454.0,I,,,,,,
1137789,2019-11-06,STX,MURPHY JAMES J,,0001137789-19-000092,2019-11-04,M,70000.0,38.76,98377.0,D,,,,,,
1137789,2019-11-06,STX,LUCZO STEPHEN J,,0001137789-19-000091,2019-11-04,S,100000.0,58.03,805454.0,I,,,,,,
1137789,2019-11-07,STX,MURPHY JAMES J,,0001137789-19-000094,2019-11-06,S,76393.0,57.6712,28377.0,D,,,,,,
1137789,2019-11-07,STX,MURPHY JAMES J,,0001137789-19-000094,2019-11-05,M,100000.0,38.76,128377.0,D,,,,,,
1137789,2019-11-07,STX,MURPHY JAMES J,,0001137789-19-000094,2019-11-05,S,100000.0,57.8171,28377.0,D,,,,,,
1137789,2019-11-07,STX,MURPHY JAMES J,,0001137789-19-000094,2019-11-06,M,76393.0,38.76,104770.0,D,,,,,,
1137789,2019-11-12,STX,Geldmacher Jay L,,0001137789-19-000096,2019-11-08,S,5500.0,58.2948,7213.0,D,,,,,,
1137789,2019-11-13,STX,MURPHY JAMES J,,0001137789-19-000098,2019-11-11,S,23971.0,58.4864,28377.0,D,,,,,,
1137789,2019-11-13,STX,MURPHY JAMES J,,0001137789-19-000098,2019-11-11,M,23971.0,38.76,52348.0,D,,,,,,
1137789,2019-11-19,STX,SCHUELKE KATHERINE,,0001137789-19-000100,2019-11-15,S,62257.0,59.0002,26464.0,D,,,,,,
1137789,2019-11-19,STX,SCHUELKE KATHERINE,,0001137789-19-000100,2019-11-15,M,62257.0,39.42,88721.0,D,,,,,,
1137789,2019-11-20,STX,Nygaard Jeffrey D.,,0001137789-19-000102,2019-11-18,S,3916.0,60.0293,23985.0,D,,,,,,
1137789,2019-11-20,STX,Nygaard Jeffrey D.,,0001137789-19-000102,2019-11-18,M,3916.0,30.95,27901.0,D,,,,,,
1137789,2019-11-22,STX,LUCZO STEPHEN J,,0001137789-19-000104,2019-11-21,S,85000.0,59.4265,790666.0,I,,,,,,
1137789,2019-11-22,STX,LUCZO STEPHEN J,,0001137789-19-000104,2019-11-19,G,65775.0,0.0,0.0,I,,,,,,
1137789,2019-11-22,STX,LUCZO STEPHEN J,,0001137789-19-000104,2019-11-20,S,5000.0,59.2575,875666.0,I,,,,,,
1137789,2019-11-22,STX,SCHUELKE KATHERINE,,0001137789-19-000108,2019-11-20,M,2306.0,39.42,28770.0,D,,,,,,
1137789,2019-11-22,STX,Nygaard Jeffrey D.,,0001137789-19-000106,2019-11-20,F,2484.0,59.61,21501.0,D,,,,,,
1137789,2019-11-22,STX,SCHUELKE KATHERINE,,0001137789-19-000108,2019-11-20,S,2306.0,59.2,26464.0,D,,,,,,
1137789,2019-11-25,STX,MURPHY JAMES J,,0001137789-19-000110,2019-11-21,M,8308.0,38.76,36685.0,D,,,,,,
1137789,2019-11-25,STX,MURPHY JAMES J,,0001137789-19-000110,2019-11-21,S,8308.0,59.3402,28377.0,D,,,,,,
1137789,2019-11-25,STX,MURPHY JAMES J,,0001137789-19-000110,2019-11-22,M,1822.0,30.95,30199.0,D,,,,,,
1137789,2019-11-25,STX,MURPHY JAMES J,,0001137789-19-000110,2019-11-22,S,3212.0,59.0228,28377.0,D,,,,,,
1137789,2019-12-04,STX,LUCZO STEPHEN J,,0001137789-19-000112,2019-12-04,S,5000.0,58.8248,725666.0,I,,,,,,
1137789,2019-12-04,STX,LUCZO STEPHEN J,,0001137789-19-000112,2019-12-02,G,10000.0,0.0,730666.0,I,,,,,,
1137789,2019-12-04,STX,LUCZO STEPHEN J,,0001137789-19-000112,2019-12-02,S,50000.0,59.7845,740666.0,I,,,,,,
1137789,2019-12-10,STX,MURPHY JAMES J,,0001234677-19-000004,2019-12-06,S,7415.0,59.3601,20962.0,D,,,,,,
1137789,2019-12-20,STX,LUCZO STEPHEN J,,0001137789-19-000114,2019-12-18,S,5000.0,59.1025,720666.0,I,,,,,,
1137789,2019-12-23,STX,SCHUELKE KATHERINE,,0001209874-19-000002,2019-12-20,M,2306.0,39.42,28770.0,D,,,,,,
1137789,2019-12-23,STX,SCHUELKE KATHERINE,,0001209874-19-000002,2019-12-20,S,2306.0,59.0,26464.0,D,,,,,,
1137789,2019-12-23,STX,MURPHY JAMES J,,0001234677-19-000006,2019-12-20,F,10393.0,59.62,10569.0,D,,,,,,
1137789,2020-01-06,STX,LUCZO STEPHEN J,,0001137789-20-000002,2020-01-02,S,5000.0,59.81,715666.0,I,,,,,,
1137789,2020-01-17,STX,LUCZO STEPHEN J,,0001137789-20-000004,2020-01-15,S,5000.0,60.5428,710666.0,I,,,,,,
1137789,2020-01-23,STX,SCHUELKE KATHERINE,,0001209874-20-000006,2020-01-21,M,2306.0,39.42,28770.0,D,,,,,,
1137789,2020-01-23,STX,SCHUELKE KATHERINE,,0001209874-20-000006,2020-01-21,S,2306.0,61.0,26464.0,D,,,,,,
1137789,2020-01-31,STX,LUCZO STEPHEN J,,0001137789-20-000006,2020-01-29,S,5000.0,60.5523,705666.0,I,,,,,,
1137789,2020-02-14,STX,Teh Ban Seng,,0001801425-20-000010,2020-02-12,M,368.0,36.09,11197.0,D,,,,,,
1137789,2020-02-14,STX,Teh Ban Seng,,0001801425-20-000010,2020-02-12,S,497.0,55.96,10829.0,D,,,,,,
1137789,2020-02-14,STX,LUCZO STEPHEN J,,0001137789-20-000017,2020-02-12,S,5000.0,55.96,700666.0,I,,,,,,
1137789,2020-02-21,STX,Romano Gianluca,,0001764650-20-000002,2020-02-20,F,2295.0,54.75,4243.0,D,,,,,,
1137789,2020-02-28,STX,LUCZO STEPHEN J,,0001137789-20-000018,2020-02-26,S,5000.0,51.04,695666.0,I,,,,,,
1137789,2020-03-16,STX,LUCZO STEPHEN J,,0001137789-20-000021,2020-03-13,S,5000.0,47.0,690666.0,I,,,,,,
1137789,2020-03-27,STX,LUCZO STEPHEN J,,0001137789-20-000023,2020-03-25,S,5000.0,47.0072,685666.0,I,,,,,,
1137789,2020-04-01,STX,Teh Ban Seng,,0001801425-20-000012,2020-03-30,S,498.0,50.0,10829.0,D,,,,,,
1137789,2020-04-01,STX,Teh Ban Seng,,0001801425-20-000012,2020-03-30,M,368.0,36.09,11197.0,D,,,,,,
1137789,2020-04-10,STX,LUCZO STEPHEN J,,0001137789-20-000025,2020-04-08,S,5000.0,49.5169,680666.0,I,,,,,,
1137789,2020-04-15,STX,Teh Ban Seng,,0001801425-20-000014,2020-04-13,S,499.0,50.79,10829.0,D,,,,,,
1137789,2020-04-15,STX,Teh Ban Seng,,0001801425-20-000014,2020-04-13,M,369.0,36.09,11198.0,D,,,,,,
1137789,2020-04-24,STX,LUCZO STEPHEN J,,0001137789-20-000030,2020-04-22,S,5000.0,50.4877,675666.0,I,,,,,,
1137789,2020-04-29,STX,LUCZO STEPHEN J,,0001137789-20-000033,2020-04-27,S,46064.0,49.507,629602.0,I,,,,,,
1137789,2020-04-30,STX,LUCZO STEPHEN J,,0001137789-20-000037,2020-04-28,S,20000.0,49.2342,609602.0,I,,,,,,
1137789,2020-04-30,STX,LUCZO STEPHEN J,,0001137789-20-000037,2020-04-29,S,33936.0,50.6024,575666.0,I,,,,,,
1137789,2020-05-08,STX,LUCZO STEPHEN J,,0001137789-20-000039,2020-05-06,S,5000.0,47.3409,570666.0,I,,,,,,
1137789,2020-05-14,STX,Teh Ban Seng,,0001801425-20-000017,2020-05-12,M,368.0,36.09,11197.0,D,,,,,,
1137789,2020-05-14,STX,Teh Ban Seng,,0001801425-20-000017,2020-05-12,S,497.0,50.06,10829.0,D,,,,,,
1137789,2020-05-22,STX,LUCZO STEPHEN J,,0001137789-20-000043,2020-05-20,S,5000.0,50.9109,565666.0,I,,,,,,
1137789,2020-06-04,STX,LUCZO STEPHEN J,,0001137789-20-000047,2020-06-02,S,7000.0,51.7437,558666.0,I,,,,,,
1137789,2020-06-16,STX,Teh Ban Seng,,0001801425-20-000019,2020-06-12,M,368.0,36.09,11197.0,D,,,,,,
1137789,2020-06-16,STX,Teh Ban Seng,,0001801425-20-000019,2020-06-12,S,498.0,52.8,10829.0,D,,,,,,
1137789,2020-06-18,STX,LUCZO STEPHEN J,,0001137789-20-000051,2020-06-16,S,7000.0,52.3509,551666.0,I,,,,,,
1137789,2020-07-22,STX,SCHUELKE KATHERINE,,0001209874-20-000011,2020-07-20,F,2392.0,48.59,24326.0,D,,,,,,
1137789,2020-07-24,STX,Teh Ban Seng,,0001801425-20-000022,2020-07-23,M,369.0,36.09,11198.0,D,,,,,,
1137789,2020-07-24,STX,Teh Ban Seng,,0001801425-20-000022,2020-07-23,S,498.0,50.0,10829.0,D,,,,,,
1137789,2020-07-30,STX,Romano Gianluca,,0001764650-20-000006,2020-07-28,A,6538.0,0.0,10781.0,D,,,,,,
1137789,2020-07-30,STX,Nygaard Jeffrey D.,,0001720273-20-000004,2020-07-28,A,5646.0,0.0,6012.0,D,,,,,,
1137789,2020-07-30,STX,MOSLEY WILLIAM D,,0001388390-20-000004,2020-07-28,A,13300.0,0.0,348590.0,D,,,,,,
1137789,2020-09-04,STX,ZANDER EDWARD J,,0001137789-20-000063,2020-09-03,S,8817.0,47.4492,7881.0,I,,,,,,
1137789,2020-09-11,STX,SCHUELKE KATHERINE,,0001137789-20-000071,2020-09-09,M,1807.0,0.0,26361.0,D,,,,,,
1137789,2020-09-11,STX,Fochtman Jeffrey D.,,0001137789-20-000075,2020-09-09,M,973.0,0.0,973.0,D,,,,,,
1137789,2020-09-11,STX,Romano Gianluca,,0001137789-20-000072,2020-09-09,F,1336.0,46.23,13060.0,D,,,,,,
1137789,2020-09-11,STX,Teh Ban Seng,,0001137789-20-000070,2020-09-09,M,2340.0,0.0,14938.0,D,,,,,,
1137789,2020-09-11,STX,Fochtman Jeffrey D.,,0001137789-20-000075,2020-09-10,F,561.0,45.93,2687.0,D,,,,,,
1137789,2020-09-11,STX,SCHUELKE KATHERINE,,0001137789-20-000071,2020-09-10,M,3907.0,0.0,29643.0,D,,,,,,
1137789,2020-09-11,STX,Teh Ban Seng,,0001137789-20-000070,2020-09-10,M,1769.0,0.0,12598.0,D,,,,,,
1137789,2020-09-11,STX,SCHUELKE KATHERINE,,0001137789-20-000071,2020-09-10,F,1352.0,45.93,28291.0,D,,,,,,
1137789,2020-09-11,STX,Nygaard Jeffrey D.,,0001137789-20-000073,2020-09-09,F,1334.0,46.23,17430.0,D,,,,,,
1137789,2020-09-11,STX,SCHUELKE KATHERINE,,0001137789-20-000071,2020-09-09,F,625.0,46.23,25736.0,D,,,,,,
1137789,2020-09-11,STX,MOSLEY WILLIAM D,,0001137789-20-000074,2020-09-10,F,6286.0,45.93,371805.0,D,,,,,,
1137789,2020-09-11,STX,MOSLEY WILLIAM D,,0001137789-20-000074,2020-09-09,F,6595.0,46.23,384540.0,D,,,,,,
1137789,2020-09-11,STX,Nygaard Jeffrey D.,,0001137789-20-000073,2020-09-10,F,2624.0,45.93,13216.0,D,,,,,,
1137789,2020-09-11,STX,Fochtman Jeffrey D.,,0001137789-20-000075,2020-09-10,M,1620.0,0.0,3248.0,D,,,,,,
1137789,2020-09-11,STX,Nygaard Jeffrey D.,,0001137789-20-000073,2020-09-09,M,3032.0,0.0,18764.0,D,,,,,,
1137789,2020-09-11,STX,Fochtman Jeffrey D.,,0001137789-20-000075,2020-09-09,F,337.0,46.23,636.0,D,,,,,,
1137789,2020-09-15,STX,Nygaard Jeffrey D.,,0001137789-20-000083,2020-09-11,F,1095.0,46.54,14609.0,D,,,,,,
1137789,2020-09-15,STX,Fochtman Jeffrey D.,,0001137789-20-000082,2020-09-11,F,397.0,46.54,3438.0,D,,,,,,
1137789,2020-09-15,STX,Fochtman Jeffrey D.,,0001137789-20-000082,2020-09-11,M,1148.0,0.0,3835.0,D,,,,,,
1137789,2020-09-15,STX,Teh Ban Seng,,0001137789-20-000081,2020-09-11,M,623.0,0.0,17346.0,D,,,,,,
1137789,2020-09-15,STX,Nygaard Jeffrey D.,,0001137789-20-000083,2020-09-11,M,2488.0,0.0,15704.0,D,,,,,,
1137789,2020-09-15,STX,MOSLEY WILLIAM D,,0001137789-20-000084,2020-09-11,F,8351.0,46.54,363454.0,D,,,,,,
1137789,2020-09-15,STX,LUCZO STEPHEN J,,0001137789-20-000085,2020-09-11,M,70008.0,0.0,70008.0,D,,,,,,
1137789,2020-09-15,STX,LUCZO STEPHEN J,,0001137789-20-000085,2020-09-11,F,10045.0,46.54,611629.0,I,,,,,,
1137789,2020-09-28,STX,MOSLEY WILLIAM D,,0001137789-20-000090,2020-09-24,F,126279.0,47.42,491872.0,D,,,,,,
1137789,2020-09-28,STX,Fochtman Jeffrey D.,,0001137789-20-000089,2020-09-24,A,3582.0,0.0,7020.0,D,,,,,,
1137789,2020-09-28,STX,Teh Ban Seng,,0001137789-20-000088,2020-09-24,A,4256.0,0.0,21602.0,D,,,,,,
1137789,2020-09-28,STX,Fochtman Jeffrey D.,,0001137789-20-000089,2020-09-24,F,1239.0,47.42,5781.0,D,,,,,,
1137789,2020-09-28,STX,MOSLEY WILLIAM D,,0001137789-20-000090,2020-09-24,A,254697.0,0.0,618151.0,D,,,,,,
1137789,2020-09-28,STX,Nygaard Jeffrey D.,,0001137789-20-000091,2020-09-24,A,16993.0,0.0,31602.0,D,,,,,,
1137789,2020-09-28,STX,Nygaard Jeffrey D.,,0001137789-20-000091,2020-09-24,F,7474.0,47.42,24128.0,D,,,,,,
1137789,2020-10-13,STX,LUCZO STEPHEN J,,0001137789-20-000093,2020-10-08,S,56000.0,51.0028,555629.0,I,,,,,,
1137789,2020-10-21,STX,LUCZO STEPHEN J,,0001137789-20-000096,2020-10-20,S,7000.0,52.49,548629.0,I,,,,,,
1137789,2020-10-23,STX,Geldmacher Jay L,,0001137789-20-000110,2020-10-21,M,5579.0,0.0,12792.0,D,,,,,,
1137789,2020-10-23,STX,ZANDER EDWARD J,,0001137789-20-000107,2020-10-21,M,5579.0,0.0,5579.0,D,,,,,,
1137789,2020-10-23,STX,Tilenius Stephanie,,0001137789-20-000108,2020-10-21,F,2009.0,51.69,23468.0,D,,,,,,
1137789,2020-10-23,STX,CANNON MICHAEL R,,0001137789-20-000112,2020-10-21,M,5579.0,0.0,29286.0,D,,,,,,
1137789,2020-10-23,STX,Adams Mark,,0001137789-20-000114,2020-10-21,M,5579.0,0.0,5579.0,D,,,,,,
1137789,2020-10-23,STX,Adams Mark,,0001137789-20-000114,2020-10-21,F,2009.0,51.69,15543.0,I,,,,,,
1137789,2020-10-23,STX,COLEMAN WILLIAM T III,,0001137789-20-000111,2020-10-21,F,2009.0,51.69,14483.0,D,,,,,,
1137789,2020-10-23,STX,LUCZO STEPHEN J,,0001137789-20-000109,2020-10-21,M,5579.0,0.0,5579.0,D,,,,,,
1137789,2020-10-23,STX,Geldmacher Jay L,,0001137789-20-000110,2020-10-21,F,2009.0,51.69,10783.0,D,,,,,,
1137789,2020-10-23,STX,CANNON MICHAEL R,,0001137789-20-000112,2020-10-21,F,2009.0,51.69,27277.0,D,,,,,,
1137789,2020-10-23,STX,Haggart Dylan G.,,0001418812-20-000076,2020-10-21,F,2009.0,51.69,6863.0,D,,,,,,
1137789,2020-10-23,STX,LUCZO STEPHEN J,,0001137789-20-000109,2020-10-21,F,2009.0,51.69,552199.0,I,,,,,,
1137789,2020-10-23,STX,ZANDER EDWARD J,,0001137789-20-000107,2020-10-21,F,2009.0,51.69,49658.0,I,,,,,,
1137789,2020-10-23,STX,Tilenius Stephanie,,0001137789-20-000108,2020-10-21,M,5579.0,0.0,25477.0,D,,,,,,
1137789,2020-10-23,STX,BRUNER JUDY,,0001137789-20-000113,2020-10-21,M,5579.0,0.0,5579.0,D,,,,,,
1137789,2020-10-23,STX,Haggart Dylan G.,,0001418812-20-000076,2020-10-21,M,5579.0,0.0,8872.0,D,,,,,,
1137789,2020-10-23,STX,BRUNER JUDY,,0001137789-20-000113,2020-10-21,F,2009.0,51.69,10245.0,I,,,,,,
1137789,2020-10-23,STX,COLEMAN WILLIAM T III,,0001137789-20-000111,2020-10-21,M,5579.0,0.0,16492.0,D,,,,,,
1137789,2020-11-24,STX,Nygaard Jeffrey D.,,0001137789-20-000119,2020-11-23,S,4145.0,56.5,21644.0,D,,,,,,
1137789,2020-11-24,STX,Nygaard Jeffrey D.,,0001137789-20-000119,2020-11-20,F,2484.0,55.61,21644.0,D,,,,,,
1137789,2020-11-24,STX,Nygaard Jeffrey D.,,0001137789-20-000119,2020-11-23,M,4145.0,30.95,25789.0,D,,,,,,
1137789,2020-11-25,STX,LUCZO STEPHEN J,,0001137789-20-000123,2020-11-24,G,10000.0,0.0,542199.0,I,,,,,,
1137789,2020-11-25,STX,Nygaard Jeffrey D.,,0001137789-20-000122,2020-11-24,M,5000.0,36.09,26644.0,D,,,,,,
1137789,2020-11-25,STX,Nygaard Jeffrey D.,,0001137789-20-000122,2020-11-24,S,5000.0,58.0,21644.0,D,,,,,,
1137789,2020-12-02,STX,Nygaard Jeffrey D.,,0001137789-20-000125,2020-12-01,M,5000.0,36.09,26644.0,D,,,,,,
1137789,2020-12-02,STX,Nygaard Jeffrey D.,,0001137789-20-000125,2020-12-01,S,5000.0,59.5,21644.0,D,,,,,,
1137789,2020-12-07,STX,Nygaard Jeffrey D.,,0001137789-20-000129,2020-12-03,S,5000.0,61.5,21644.0,D,,,,,,
1137789,2020-12-07,STX,Nygaard Jeffrey D.,,0001137789-20-000129,2020-12-03,M,5000.0,36.09,26644.0,D,,,,,,
1137789,2020-12-07,STX,Nygaard Jeffrey D.,,0001137789-20-000129,2020-12-04,M,10000.0,39.85,31644.0,D,,,,,,
1137789,2020-12-07,STX,Nygaard Jeffrey D.,,0001137789-20-000129,2020-12-04,S,10000.0,64.0,21644.0,D,,,,,,
1137789,2020-12-07,STX,LUCZO STEPHEN J,,0001137789-20-000128,2020-12-03,S,20000.0,62.5478,522199.0,I,,,,,,
1137789,2020-12-08,STX,Fochtman Jeffrey D.,,0001137789-20-000131,2020-12-07,M,1943.0,36.09,7724.0,D,,,,,,
1137789,2020-12-08,STX,Fochtman Jeffrey D.,,0001137789-20-000131,2020-12-07,S,4695.0,63.4231,5781.0,D,,,,,,
1137789,2020-12-18,STX,Nygaard Jeffrey D.,,0001137789-20-000133,2020-12-18,M,10000.0,39.85,10000.0,D,,,,,,
1137789,2020-12-18,STX,Nygaard Jeffrey D.,,0001137789-20-000133,2020-12-16,A,10000.0,66.0,0.0,D,,,,,,
1137789,2020-12-28,STX,Nygaard Jeffrey D.,,0001137789-20-000135,2020-12-23,S,17742.0,63.4553,59133.0,I,,,,,,
1137789,2020-12-31,STX,"ValueAct Holdings, L.P.",,0001418812-20-000086,2020-12-31,S,588248.0,61.42,26078367.0,I,,,,,,
1137789,2020-12-31,STX,"ValueAct Holdings, L.P.",,0001418812-20-000086,2020-12-30,S,344724.0,60.88,26666615.0,I,,,,,,
1137789,2020-12-31,STX,"ValueAct Holdings, L.P.",,0001418812-20-000086,2020-12-29,S,290684.0,61.12,27011339.0,I,,,,,,
1137789,2021-01-06,STX,"ValueAct Holdings, L.P.",,0001418812-21-000001,2021-01-05,S,446746.0,60.37,25379275.0,I,,,,,,
1137789,2021-01-06,STX,"ValueAct Holdings, L.P.",,0001418812-21-000001,2021-01-06,S,308452.0,60.31,25070823.0,I,,,,,,
1137789,2021-01-06,STX,"ValueAct Holdings, L.P.",,0001418812-21-000001,2021-01-04,S,252346.0,60.85,25826021.0,I,,,,,,
1137789,2021-01-11,STX,"ValueAct Holdings, L.P.",,0001418812-21-000003,2021-01-07,S,500113.0,60.24,24570710.0,I,,,,,,
1137789,2021-01-11,STX,"ValueAct Holdings, L.P.",,0001418812-21-000003,2021-01-08,S,34220.0,60.35,24536490.0,I,,,,,,
1137789,2021-01-15,STX,"ValueAct Holdings, L.P.",,0001418812-21-000004,2021-01-14,S,485775.0,60.3,23935862.0,I,,,,,,
1137789,2021-01-15,STX,"ValueAct Holdings, L.P.",,0001418812-21-000004,2021-01-15,S,7531.0,60.05,23928331.0,I,,,,,,
1137789,2021-01-15,STX,"ValueAct Holdings, L.P.",,0001418812-21-000004,2021-01-13,S,114853.0,60.01,24421637.0,I,,,,,,
1137789,2021-01-29,STX,Nygaard Jeffrey D.,,0001137789-21-000008,2021-01-27,M,10000.0,39.85,10000.0,D,,,,,,
1137789,2021-01-29,STX,Nygaard Jeffrey D.,,0001137789-21-000008,2021-01-27,S,10000.0,68.0,0.0,D,,,,,,
1137789,2021-02-18,STX,Fochtman Jeffrey D.,,0001811019-21-000002,2021-02-16,S,5000.0,71.61,781.0,D,,,,,,
1137789,2021-02-22,STX,Teh Ban Seng,,0001801425-21-000002,2021-02-18,M,10000.0,60.87,32160.0,D,,,,,,
1137789,2021-02-22,STX,Teh Ban Seng,,0001801425-21-000002,2021-02-18,S,10000.0,72.78,22160.0,D,,,,,,
1137789,2021-02-23,STX,Romano Gianluca,,0001764650-21-000002,2021-02-20,F,2292.0,73.14,11326.0,D,,,,,,
1137789,2021-03-01,STX,Geldmacher Jay L,,0001137789-21-000012,2021-02-26,S,7500.0,74.55,3283.0,D,,,,,,
1137789,2021-03-05,STX,"ValueAct Holdings, L.P.",,0001418812-21-000014,2021-03-03,S,4022481.0,72.75,19905850.0,I,,,,,,
1137789,2021-03-08,STX,LUCZO STEPHEN J,,0001137789-21-000014,2021-03-04,S,75000.0,71.9493,447199.0,I,,,,,,
1137789,2021-03-08,STX,SCHUELKE KATHERINE,,0001209874-21-000002,2021-03-05,S,4525.0,73.2,24028.0,D,,,,,,
1137789,2021-03-10,STX,LUCZO STEPHEN J,,0001137789-21-000016,2021-03-08,S,127600.0,74.4711,0.0,D,,,,,,
1137789,2021-03-10,STX,LUCZO STEPHEN J,,0001137789-21-000016,2021-03-08,M,127600.0,60.83,127600.0,D,,,,,,
1137789,2021-03-12,STX,Tilenius Stephanie,,0001137789-21-000018,2021-03-11,S,7000.0,77.3805,16468.0,D,,,,,,
1137789,2021-03-16,STX,LUCZO STEPHEN J,,0001137789-21-000020,2021-03-12,M,194384.0,50.1,194384.0,D,,,,,,
1137789,2021-03-16,STX,LUCZO STEPHEN J,,0001137789-21-000020,2021-03-12,S,194384.0,76.6768,0.0,D,,,,,,
1137789,2021-03-16,STX,Teh Ban Seng,,0001801425-21-000004,2021-03-12,M,171.0,50.1,22331.0,D,,,,,,
1137789,2021-03-16,STX,Teh Ban Seng,,0001801425-21-000004,2021-03-12,S,20357.0,76.7221,3489.0,D,,,,,,
1137789,2021-04-28,STX,LUCZO STEPHEN J,,0001137789-21-000025,2021-04-26,S,100000.0,92.1322,297199.0,I,,,,,,
1137789,2021-04-28,STX,LUCZO STEPHEN J,,0001137789-21-000025,2021-04-27,G,15000.0,0.0,282199.0,I,,,,,,
1137789,2021-05-03,STX,SCHUELKE KATHERINE,,0001209874-21-000004,2021-04-30,S,15329.0,95.3421,28699.0,D,,,,,,
1137789,2021-05-03,STX,Naik Ravi,,0001845312-21-000008,2021-04-29,M,40000.0,31.46,55660.0,D,,,,,,
1137789,2021-05-03,STX,Naik Ravi,,0001845312-21-000008,2021-04-29,S,40000.0,96.8647,15660.0,D,,,,,,
1137789,2021-05-03,STX,SCHUELKE KATHERINE,,0001209874-21-000004,2021-04-30,M,20000.0,39.42,44028.0,D,,,,,,
1137789,2021-05-04,STX,"ValueAct Holdings, L.P.",,0001418812-21-000024,2021-05-03,S,714.0,94.0,19851479.0,I,,,,,,
1137789,2021-05-04,STX,"ValueAct Holdings, L.P.",,0001418812-21-000024,2021-04-30,S,53657.0,96.04,19852193.0,I,,,,,,
1137789,2021-05-05,STX,Romano Gianluca,,0001764650-21-000004,2021-05-03,S,34208.0,91.3138,56476.0,D,,,,,,
1137789,2021-05-05,STX,MOSLEY WILLIAM D,,0001388390-21-000002,2021-05-03,M,77754.0,50.1,570164.0,D,,,,,,
1137789,2021-05-05,STX,Romano Gianluca,,0001764650-21-000004,2021-05-03,M,62380.0,45.89,73706.0,D,,,,,,
1137789,2021-05-05,STX,MOSLEY WILLIAM D,,0001388390-21-000002,2021-05-03,S,71564.0,92.4312,498600.0,D,,,,,,
1137789,2021-05-24,STX,Fochtman Jeffrey D.,,0001811019-21-000004,2021-05-20,M,1007.0,0.0,1788.0,D,,,,,,
1137789,2021-05-24,STX,Fochtman Jeffrey D.,,0001811019-21-000004,2021-05-20,F,348.0,96.82,1440.0,D,,,,,,
1137789,2021-06-14,STX,ZANDER EDWARD J,,0001137789-21-000037,2021-06-10,S,12043.0,97.5843,37615.0,I,,,,,,
1137789,2021-06-14,STX,CANNON MICHAEL R,,0001137789-21-000035,2021-06-10,S,7102.0,97.4752,20175.0,D,,,,,,
1137789,2021-07-22,STX,SCHUELKE KATHERINE,,0001137789-21-000043,2021-07-20,F,3430.0,85.49,16073.0,D,,,,,,
1137789,2021-08-10,STX,Teh Ban Seng,,0001137789-21-000051,2021-08-06,S,7250.0,91.35,3489.0,D,,,,,,
1137789,2021-08-10,STX,Teh Ban Seng,,0001137789-21-000051,2021-08-06,M,7250.0,60.87,10739.0,D,,,,,,
1137789,2021-08-24,STX,Naik Ravi,,0001137789-21-000053,2021-08-21,F,3816.0,89.44,19539.0,D,,,,,,
1137789,2021-08-24,STX,Naik Ravi,,0001137789-21-000053,2021-08-21,M,7695.0,0.0,23355.0,D,,,,,,
1137789,2021-08-27,STX,Teh Ban Seng,,0001137789-21-000062,2021-07-22,A,1758.0,0.0,5247.0,D,,,,,,
1137789,2021-08-27,STX,Naik Ravi,,0001137789-21-000061,2021-07-22,A,2813.0,0.0,22352.0,D,,,,,,
1137789,2021-08-27,STX,Nygaard Jeffrey D.,,0001137789-21-000059,2021-07-22,A,5647.0,0.0,6146.0,D,,,,,,
1137789,2021-08-27,STX,MOSLEY WILLIAM D,,0001137789-21-000063,2021-07-22,A,16842.0,0.0,509265.0,D,,,,,,
1137789,2021-08-27,STX,Romano Gianluca,,0001137789-21-000060,2021-07-22,A,6537.0,0.0,17863.0,D,,,,,,
1137789,2021-09-03,STX,MOSLEY WILLIAM D,,0001137789-21-000065,2021-09-01,S,14441.0,86.5357,567672.0,D,,,,,,
1137789,2021-09-03,STX,MOSLEY WILLIAM D,,0001137789-21-000065,2021-09-01,M,31500.0,60.83,582113.0,D,,,,,,
1137789,2021-09-14,STX,Fochtman Jeffrey D.,,0001137789-21-000074,2021-09-09,F,525.0,87.34,2432.0,D,,,,,,
1137789,2021-09-14,STX,Teh Ban Seng,,0001137789-21-000077,2021-09-09,M,2340.0,0.0,7587.0,D,,,,,,
1137789,2021-09-14,STX,SCHUELKE KATHERINE,,0001137789-21-000072,2021-09-09,M,1807.0,0.0,17880.0,D,,,,,,
1137789,2021-09-14,STX,SCHUELKE KATHERINE,,0001137789-21-000079,2021-09-10,F,1938.0,83.92,20893.0,D,,,,,,
1137789,2021-09-14,STX,MOSLEY WILLIAM D,,0001137789-21-000076,2021-09-09,F,6449.0,87.34,544164.0,D,,,,,,
1137789,2021-09-14,STX,SCHUELKE KATHERINE,,0001137789-21-000079,2021-09-10,M,3908.0,0.0,22831.0,D,,,,,,
1137789,2021-09-14,STX,MOSLEY WILLIAM D,,0001137789-21-000085,2021-09-10,F,6285.0,83.92,530112.0,D,,,,,,
1137789,2021-09-14,STX,Romano Gianluca,,0001137789-21-000075,2021-09-09,F,1793.0,87.34,23314.0,D,,,,,,
1137789,2021-09-14,STX,Nygaard Jeffrey D.,,0001137789-21-000073,2021-09-09,F,1587.0,87.34,17768.0,D,,,,,,
1137789,2021-09-14,STX,Fochtman Jeffrey D.,,0001137789-21-000074,2021-09-09,M,1517.0,0.0,2957.0,D,,,,,,
1137789,2021-09-14,STX,Naik Ravi,,0001137789-21-000089,2021-09-10,F,1653.0,83.92,27052.0,D,,,,,,
1137789,2021-09-14,STX,Teh Ban Seng,,0001137789-21-000083,2021-09-10,M,1785.0,0.0,10495.0,D,,,,,,
1137789,2021-09-14,STX,Naik Ravi,,0001137789-21-000081,2021-09-09,F,1908.0,87.34,24291.0,D,,,,,,
1137789,2021-09-14,STX,Fochtman Jeffrey D.,,0001137789-21-000091,2021-09-10,M,1620.0,0.0,6568.0,D,,,,,,
1137789,2021-09-14,STX,Naik Ravi,,0001137789-21-000081,2021-09-09,M,3847.0,0.0,26199.0,D,,,,,,
1137789,2021-09-14,STX,SCHUELKE KATHERINE,,0001137789-21-000072,2021-09-09,F,896.0,87.34,16984.0,D,,,,,,
1137789,2021-09-14,STX,Nygaard Jeffrey D.,,0001137789-21-000087,2021-09-10,F,2619.0,83.92,13555.0,D,,,,,,
1137789,2021-09-14,STX,Fochtman Jeffrey D.,,0001137789-21-000091,2021-09-10,F,598.0,83.92,5970.0,D,,,,,,
1137789,2021-09-14,STX,Naik Ravi,,0001137789-21-000089,2021-09-10,M,3333.0,0.0,28705.0,D,,,,,,
1137789,2021-09-14,STX,Teh Ban Seng,,0001137789-21-000083,2021-09-10,S,2340.0,87.23,8710.0,D,,,,,,
1137789,2021-09-15,STX,Teh Ban Seng,,0001137789-21-000099,2021-09-11,M,623.0,0.0,11118.0,D,,,,,,
1137789,2021-09-15,STX,Fochtman Jeffrey D.,,0001137789-21-000093,2021-09-11,M,1148.0,0.0,7118.0,D,,,,,,
1137789,2021-09-15,STX,Nygaard Jeffrey D.,,0001137789-21-000097,2021-09-11,M,2488.0,0.0,16043.0,D,,,,,,
1137789,2021-09-15,STX,Fochtman Jeffrey D.,,0001137789-21-000093,2021-09-11,F,570.0,83.92,6548.0,D,,,,,,
1137789,2021-09-15,STX,Teh Ban Seng,,0001137789-21-000099,2021-09-13,M,1037.0,30.95,12155.0,D,,,,,,
1137789,2021-09-15,STX,MOSLEY WILLIAM D,,0001137789-21-000095,2021-09-11,F,8351.0,83.92,521761.0,D,,,,,,
1137789,2021-09-15,STX,Teh Ban Seng,,0001137789-21-000099,2021-09-13,S,1037.0,83.86,11118.0,D,,,,,,
1137789,2021-09-15,STX,Teh Ban Seng,,0001137789-21-000099,2021-09-14,S,623.0,83.99,8710.0,D,,,,,,
1137789,2021-09-15,STX,Nygaard Jeffrey D.,,0001137789-21-000097,2021-09-11,F,1093.0,83.92,14950.0,D,,,,,,
1137789,2021-10-06,STX,Romano Gianluca,,0001137789-21-000101,2021-10-04,S,19562.0,84.1691,28091.0,D,,,,,,
1137789,2021-10-06,STX,Romano Gianluca,,0001137789-21-000101,2021-10-04,M,11996.0,45.89,33510.0,D,,,,,,
1137789,2021-10-22,STX,BRUNER JUDY,,0001137789-21-000114,2021-10-20,F,2105.0,80.53,13987.0,I,,,,,,
1137789,2021-10-22,STX,BHATT PRAT,,0001137789-21-000113,2021-10-20,F,1742.0,80.53,3096.0,D,,,,,,
1137789,2021-10-22,STX,Adams Mark,,0001137789-21-000107,2021-10-20,M,5847.0,0.0,5847.0,D,,,,,,
1137789,2021-10-22,STX,BRUNER JUDY,,0001137789-21-000114,2021-10-20,M,5847.0,0.0,5847.0,D,,,,,,
1137789,2021-10-22,STX,Adams Mark,,0001137789-21-000107,2021-10-20,F,2105.0,80.53,19285.0,I,,,,,,
1137789,2021-10-22,STX,Arumugavelu Shankar,,0001137789-21-000109,2021-10-20,F,1043.0,80.53,1853.0,D,,,,,,
1137789,2021-10-22,STX,Arumugavelu Shankar,,0001137789-21-000109,2021-10-20,M,2896.0,0.0,2896.0,D,,,,,,
1137789,2021-10-22,STX,CANNON MICHAEL R,,0001137789-21-000115,2021-10-20,F,2105.0,80.53,23917.0,D,,,,,,
1137789,2021-10-22,STX,CANNON MICHAEL R,,0001137789-21-000115,2021-10-20,M,5847.0,0.0,26022.0,D,,,,,,
1137789,2021-10-22,STX,BHATT PRAT,,0001137789-21-000113,2021-10-20,M,4838.0,0.0,4838.0,D,,,,,,
1137789,2021-10-22,STX,Geldmacher Jay L,,0001137789-21-000119,2021-10-20,M,5847.0,0.0,9130.0,D,,,,,,
1137789,2021-10-22,STX,LUCZO STEPHEN J,,0001137789-21-000123,2021-10-20,M,5847.0,0.0,5847.0,D,,,,,,
1137789,2021-10-22,STX,LUCZO STEPHEN J,,0001137789-21-000123,2021-10-20,F,2105.0,80.53,205941.0,I,,,,,,
1137789,2021-10-22,STX,Tilenius Stephanie,,0001137789-21-000120,2021-10-20,F,2105.0,80.53,20210.0,D,,,,,,
1137789,2021-10-22,STX,Tilenius Stephanie,,0001137789-21-000120,2021-10-20,M,5847.0,0.0,22315.0,D,,,,,,
1137789,2021-10-22,STX,Geldmacher Jay L,,0001137789-21-000119,2021-10-20,F,2105.0,80.53,7025.0,D,,,,,,
1137789,2021-10-22,STX,ZANDER EDWARD J,,0001137789-21-000121,2021-10-20,F,2105.0,80.53,41357.0,I,,,,,,
1137789,2021-10-22,STX,Haggart Dylan G.,,0001418812-21-000058,2021-10-20,F,2105.0,80.53,3742.0,D,,,,,,
1137789,2021-10-22,STX,ZANDER EDWARD J,,0001137789-21-000121,2021-10-20,M,5847.0,0.0,5847.0,D,,,,,,
1137789,2021-10-22,STX,Haggart Dylan G.,,0001418812-21-000058,2021-10-20,M,5847.0,0.0,5847.0,D,,,,,,
1137789,2021-11-09,STX,Naik Ravi,,0001137789-21-000130,2021-11-05,M,20000.0,31.46,47052.0,D,,,,,,
1137789,2021-11-09,STX,Naik Ravi,,0001137789-21-000130,2021-10-07,P,200.8133,81.28,27374.7239,D,,,,,,
1137789,2021-11-09,STX,Naik Ravi,,0001137789-21-000130,2021-07-08,P,121.9106,87.73,27173.9106,D,,,,,,
1137789,2021-11-09,STX,Naik Ravi,,0001137789-21-000130,2021-11-05,S,20000.0,96.3562,27052.0,D,,,,,,
1137789,2021-11-09,STX,Naik Ravi,,0001137789-21-000130,2021-11-01,S,322.7239,91.56,27052.0,D,,,,,,
1137789,2021-11-10,STX,Fochtman Jeffrey D.,,0001137789-21-000132,2021-11-09,S,2293.0,98.845,6548.0,D,,,,,,
1137789,2021-11-10,STX,Fochtman Jeffrey D.,,0001137789-21-000132,2021-11-09,M,2293.0,30.95,8841.0,D,,,,,,
1137789,2021-11-15,STX,"ValueAct Holdings, L.P.",,0001418812-21-000066,2021-11-12,S,775000.0,110.66,15787070.0,I,,,,,,
1137789,2021-11-15,STX,"ValueAct Holdings, L.P.",,0001418812-21-000066,2021-11-15,S,300000.0,106.26,15487070.0,I,,,,,,
1137789,2021-11-15,STX,"ValueAct Holdings, L.P.",,0001418812-21-000066,2021-11-11,S,815000.0,105.39,16562070.0,I,,,,,,
1137789,2021-11-19,STX,LUCZO STEPHEN J,,0001137789-21-000136,2021-11-15,G,10000.0,0.0,195941.0,I,,,,,,
1137789,2021-11-23,STX,Nygaard Jeffrey D.,,0001137789-21-000138,2021-11-20,F,2480.0,100.78,12470.0,D,,,,,,
1137789,2021-12-13,STX,Adams Mark,,0001137789-21-000142,2021-12-10,S,2512.0,102.4183,16773.0,I,,,,,,
1137789,2021-12-13,STX,Tilenius Stephanie,,0001137789-21-000140,2021-12-10,S,14000.0,102.0392,6210.0,D,,,,,,
1137789,2022-01-04,STX,LUCZO STEPHEN J,,0001137789-22-000002,2021-12-30,G,80000.0,0.0,275941.0,I,,,,,,
1137789,2022-01-06,STX,Nygaard Jeffrey D.,,0001137789-22-000004,2022-01-05,M,3158.0,36.09,15628.0,D,,,,,,
1137789,2022-01-06,STX,Nygaard Jeffrey D.,,0001137789-22-000004,2022-01-05,S,1231.0,115.12,14397.0,D,,,,,,
1137789,2022-02-01,STX,Geldmacher Jay L,,0001137789-22-000016,2022-01-31,S,4300.0,107.5,2725.0,D,,,,,,
1137789,2022-02-22,STX,"ValueAct Holdings, L.P.",,0001418812-22-000017,2022-02-22,S,272297.0,108.01,13437070.0,I,,,,,,
1137789,2022-02-22,STX,"ValueAct Holdings, L.P.",,0001418812-22-000017,2022-02-17,S,1750000.0,108.0,13737070.0,I,,,,,,
1137789,2022-02-22,STX,"ValueAct Holdings, L.P.",,0001418812-22-000017,2022-02-18,S,27703.0,109.06,13709367.0,I,,,,,,
1137789,2022-02-23,STX,Romano Gianluca,,0001137789-22-000018,2022-02-20,F,2282.0,108.64,19391.0,D,,,,,,
1137789,2022-02-24,STX,Romano Gianluca,,0001137789-22-000020,2022-02-22,S,16490.0,107.2593,23396.0,D,,,,,,
1137789,2022-02-24,STX,Romano Gianluca,,0001137789-22-000020,2022-02-22,M,11997.0,45.89,31388.0,D,,,,,,
1137789,2022-03-08,STX,LUCZO STEPHEN J,,0001137789-22-000022,2022-03-04,S,50000.0,103.2647,225941.0,I,,,,,,
1137789,2022-03-24,STX,Naik Ravi,,0001137789-22-000024,2022-03-22,F,991.0,93.67,26320.0,D,,,,,,
1137789,2022-05-24,STX,Fochtman Jeffrey D.,,0001137789-22-000034,2022-05-20,F,351.0,80.12,7204.0,D,,,,,,
1137789,2022-05-24,STX,Fochtman Jeffrey D.,,0001137789-22-000034,2022-05-20,M,1007.0,0.0,7555.0,D,,,,,,
1137789,2022-07-26,STX,Teh Ban Seng,,0001137789-22-000045,2022-07-24,A,1758.0,0.0,10748.0,D,,,,,,
1137789,2022-07-26,STX,MOSLEY WILLIAM D,,0001137789-22-000043,2022-07-24,A,12676.0,0.0,534709.0,D,,,,,,
1137789,2022-07-26,STX,Naik Ravi,,0001137789-22-000041,2022-07-24,A,2813.0,0.0,29133.0,D,,,,,,
1137789,2022-07-26,STX,Romano Gianluca,,0001137789-22-000047,2022-07-24,A,6537.0,0.0,25928.0,D,,,,,,
1137789,2022-07-26,STX,Nygaard Jeffrey D.,,0001137789-22-000049,2022-07-24,A,5965.0,0.0,6156.0,D,,,,,,
1137789,2022-09-13,STX,Naik Ravi,,0001137789-22-000074,2022-09-10,M,3333.0,0.0,36890.0,D,,,,,,
1137789,2022-09-13,STX,Nygaard Jeffrey D.,,0001137789-22-000072,2022-09-09,F,1587.0,68.83,11656.0,D,,,,,,
1137789,2022-09-13,STX,MOSLEY WILLIAM D,,0001137789-22-000064,2022-09-09,F,6449.0,68.83,556940.0,D,,,,,,
1137789,2022-09-13,STX,Nygaard Jeffrey D.,,0001137789-22-000072,2022-09-10,F,2619.0,68.83,8910.0,D,,,,,,
1137789,2022-09-13,STX,Fochtman Jeffrey D.,,0001137789-22-000076,2022-09-09,F,525.0,68.83,8197.0,D,,,,,,
1137789,2022-09-13,STX,SCHUELKE KATHERINE,,0001137789-22-000066,2022-09-10,F,1938.0,68.83,28157.0,D,,,,,,
1137789,2022-09-13,STX,Naik Ravi,,0001137789-22-000074,2022-09-10,F,1653.0,68.83,35237.0,D,,,,,,
1137789,2022-09-13,STX,Romano Gianluca,,0001137789-22-000070,2022-09-09,F,1792.0,68.83,31480.0,D,,,,,,
1137789,2022-09-13,STX,Nygaard Jeffrey D.,,0001137789-22-000072,2022-09-09,M,2615.0,0.0,12677.0,D,,,,,,
1137789,2022-09-13,STX,MOSLEY WILLIAM D,,0001137789-22-000064,2022-09-09,M,9006.0,0.0,558179.0,D,,,,,,
1137789,2022-09-13,STX,Naik Ravi,,0001137789-22-000074,2022-09-09,M,2145.0,0.0,31297.0,D,,,,,,
1137789,2022-09-13,STX,Fochtman Jeffrey D.,,0001137789-22-000076,2022-09-09,M,1518.0,0.0,8722.0,D,,,,,,
1137789,2022-09-13,STX,Romano Gianluca,,0001137789-22-000070,2022-09-09,M,3016.0,0.0,32696.0,D,,,,,,
1137789,2022-09-13,STX,SCHUELKE KATHERINE,,0001137789-22-000066,2022-09-09,M,1807.0,0.0,23131.0,D,,,,,,
1137789,2022-09-13,STX,MOSLEY WILLIAM D,,0001137789-22-000064,2022-09-10,F,6285.0,68.83,547428.0,D,,,,,,
1137789,2022-09-13,STX,Teh Ban Seng,,0001137789-22-000068,2022-09-09,M,2340.0,0.0,14875.0,D,,,,,,
1137789,2022-09-13,STX,Teh Ban Seng,,0001137789-22-000068,2022-09-10,M,1785.0,0.0,12535.0,D,,,,,,
1137789,2022-09-13,STX,SCHUELKE KATHERINE,,0001137789-22-000066,2022-09-09,F,625.0,68.83,22506.0,D,,,,,,
1137789,2022-09-13,STX,Naik Ravi,,0001137789-22-000074,2022-09-09,F,742.0,68.83,30555.0,D,,,,,,
1137789,2022-09-14,STX,SCHUELKE KATHERINE,,0001137789-22-000082,2022-09-12,A,7559.0,0.0,35716.0,D,,,,,,
1137789,2022-09-14,STX,Naik Ravi,,0001137789-22-000078,2022-09-14,F,4254.0,68.77,39563.0,D,,,,,,
1137789,2022-09-14,STX,Nygaard Jeffrey D.,,0001137789-22-000086,2022-09-12,F,16592.0,68.77,30111.0,D,,,,,,
1137789,2022-09-14,STX,Fochtman Jeffrey D.,,0001137789-22-000080,2022-09-12,F,1934.0,68.77,14736.0,D,,,,,,
1137789,2022-09-14,STX,Teh Ban Seng,,0001137789-22-000084,2022-09-12,A,9360.0,0.0,28836.0,D,,,,,,
1137789,2022-09-14,STX,SCHUELKE KATHERINE,,0001137789-22-000082,2022-09-12,F,3748.0,68.77,31968.0,D,,,,,,
1137789,2022-09-14,STX,MOSLEY WILLIAM D,,0001137789-22-000090,2022-09-12,F,67427.0,68.77,615997.0,D,,,,,,
1137789,2022-09-14,STX,Naik Ravi,,0001137789-22-000078,2022-09-14,A,8580.0,0.0,43817.0,D,,,,,,
1137789,2022-09-14,STX,Romano Gianluca,,0001137789-22-000088,2022-09-12,F,18738.0,68.77,50255.0,D,,,,,,
1137789,2022-09-14,STX,Romano Gianluca,,0001137789-22-000088,2022-09-12,A,37793.0,0.0,68993.0,D,,,,,,
1137789,2022-09-14,STX,MOSLEY WILLIAM D,,0001137789-22-000090,2022-09-12,A,135996.0,0.0,683424.0,D,,,,,,
1137789,2022-09-14,STX,Fochtman Jeffrey D.,,0001137789-22-000080,2022-09-12,M,3900.0,0.0,16670.0,D,,,,,,
1137789,2022-09-14,STX,Nygaard Jeffrey D.,,0001137789-22-000086,2022-09-12,A,37793.0,0.0,46703.0,D,,,,,,
1137789,2022-10-24,STX,Haggart Dylan G.,,0001418812-22-000061,2022-10-20,M,3162.0,0.0,9009.0,D,,,,,,
1137789,2022-10-24,STX,Conyers Yolanda Lee,,0001137789-22-000092,2022-10-24,F,761.0,56.31,1351.0,D,,,,,,
1137789,2022-10-24,STX,Adams Mark,,0001137789-22-000104,2022-10-20,F,1139.0,53.03,0.0,D,,,,,,
1137789,2022-10-24,STX,Arumugavelu Shankar,,0001137789-22-000096,2022-10-20,F,1139.0,53.03,3876.0,D,,,,,,
1137789,2022-10-24,STX,CLEMMER RICHARD L,,0001137789-22-000094,2022-10-24,F,208.0,56.31,11852.0,D,,,,,,
1137789,2022-10-24,STX,Conyers Yolanda Lee,,0001137789-22-000092,2022-10-24,M,2112.0,0.0,2112.0,D,,,,,,
1137789,2022-10-24,STX,CANNON MICHAEL R,,0001137789-22-000106,2022-10-20,F,1449.0,53.03,26492.0,D,,,,,,
1137789,2022-10-24,STX,BHATT PRAT,,0001137789-22-000110,2022-10-20,M,3162.0,0.0,6258.0,D,,,,,,
1137789,2022-10-24,STX,CANNON MICHAEL R,,0001137789-22-000106,2022-10-20,M,4024.0,0.0,27941.0,D,,,,,,
1137789,2022-10-24,STX,Tilenius Stephanie,,0001137789-22-000098,2022-10-20,F,1139.0,53.03,8233.0,D,,,,,,
1137789,2022-10-24,STX,ZANDER EDWARD J,,0001137789-22-000108,2022-10-20,F,1139.0,53.03,0.0,D,,,,,,
1137789,2022-10-24,STX,ZANDER EDWARD J,,0001137789-22-000108,2022-10-20,M,3162.0,0.0,3162.0,D,,,,,,
1137789,2022-10-24,STX,Adams Mark,,0001137789-22-000104,2022-10-20,M,3162.0,0.0,3162.0,D,,,,,,
1137789,2022-10-24,STX,Arumugavelu Shankar,,0001137789-22-000096,2022-10-20,M,3162.0,0.0,5015.0,D,,,,,,
1137789,2022-10-24,STX,Geldmacher Jay L,,0001137789-22-000102,2022-10-20,M,3162.0,0.0,5887.0,D,,,,,,
1137789,2022-10-24,STX,BHATT PRAT,,0001137789-22-000110,2022-10-20,F,1139.0,53.03,5119.0,D,,,,,,
1137789,2022-10-24,STX,CLEMMER RICHARD L,,0001137789-22-000094,2022-10-24,M,577.0,0.0,12060.0,D,,,,,,
1137789,2022-10-24,STX,BRUNER JUDY,,0001137789-22-000101,2022-10-20,F,1139.0,53.03,0.0,D,,,,,,
1137789,2022-10-24,STX,BRUNER JUDY,,0001137789-22-000101,2022-10-20,M,3162.0,0.0,3162.0,D,,,,,,
1137789,2022-10-24,STX,Geldmacher Jay L,,0001137789-22-000102,2022-10-20,F,1139.0,53.03,4748.0,D,,,,,,
1137789,2022-10-24,STX,Tilenius Stephanie,,0001137789-22-000098,2022-10-20,M,3162.0,0.0,9372.0,D,,,,,,
1137789,2022-10-24,STX,Haggart Dylan G.,,0001418812-22-000061,2022-10-20,F,1139.0,53.03,7870.0,D,,,,,,
1137789,2023-02-02,STX,Nygaard Jeffrey D.,,0001137789-23-000012,2023-02-01,S,3200.0,68.44,35969.0,D,,,,,,
1137789,2023-02-02,STX,Nygaard Jeffrey D.,,0001137789-23-000012,2023-02-01,M,8809.0,30.95,39169.0,D,,,,,,
1137789,2023-02-21,STX,Romano Gianluca,,0001137789-23-000014,2023-02-20,F,2299.0,70.26,48204.0,D,,,,,,
1137789,2023-02-24,STX,Romano Gianluca,,0001137789-23-000016,2023-02-22,M,18725.0,0.0,66929.0,D,,,,,,
1137789,2023-02-24,STX,Romano Gianluca,,0001137789-23-000016,2023-02-22,F,9284.0,66.39,57645.0,D,,,,,,
1137789,2023-03-23,STX,Naik Ravi,,0001137789-23-000018,2023-03-22,F,1020.0,60.52,38857.0,D,,,,,,
1137789,2023-05-26,STX,SCHUELKE KATHERINE,,0001137789-23-000037,2023-05-26,S,3487.0,62.09,28658.0,D,,,,,,
1137789,2023-09-05,STX,MOSLEY WILLIAM D,,0001137789-23-000066,2023-08-31,M,100000.0,36.09,716309.0,D,,,,,,
1137789,2023-09-05,STX,MOSLEY WILLIAM D,,0001137789-23-000066,2023-08-31,S,5613.0,69.3415,710696.0,D,,,,,,
1137789,2023-09-05,STX,MOSLEY WILLIAM D,,0001137789-23-000066,2023-09-01,M,98860.0,36.09,715169.0,D,,,,,,
1137789,2023-09-05,STX,MOSLEY WILLIAM D,,0001137789-23-000066,2023-09-01,S,16607.0,71.3967,698562.0,D,,,,,,
1137789,2023-09-12,STX,SCHUELKE KATHERINE,,0001137789-23-000070,2023-09-09,M,1808.0,0.0,30620.0,D,,,,,,
1137789,2023-09-12,STX,Chong Kian Fatt,,0001137789-23-000072,2023-09-09,M,1365.0,0.0,1679.0,D,,,,,,
1137789,2023-09-12,STX,Morris John Christopher,,0001137789-23-000074,2023-09-09,F,766.0,65.37,19062.0,D,,,,,,
1137789,2023-09-12,STX,SCHUELKE KATHERINE,,0001137789-23-000070,2023-09-09,F,626.0,65.37,29994.0,D,,,,,,
1137789,2023-09-12,STX,Teh Ban Seng,,0001137789-23-000068,2023-09-09,M,2340.0,0.0,31760.0,D,,,,,,
1137789,2023-09-12,STX,Romano Gianluca,,0001137789-23-000076,2023-09-09,M,3016.0,0.0,69036.0,D,,,,,,
1137789,2023-09-12,STX,Romano Gianluca,,0001137789-23-000076,2023-09-09,F,1496.0,65.37,67540.0,D,,,,,,
1137789,2023-09-12,STX,MOSLEY WILLIAM D,,0001137789-23-000078,2023-09-09,M,9006.0,0.0,625315.0,D,,,,,,
1137789,2023-09-12,STX,Morris John Christopher,,0001137789-23-000074,2023-09-09,M,2503.0,0.0,19828.0,D,,,,,,
1137789,2023-09-12,STX,MOSLEY WILLIAM D,,0001137789-23-000078,2023-09-09,F,4466.0,65.37,620849.0,D,,,,,,
1137789,2023-09-15,STX,SCHUELKE KATHERINE,,0001209874-23-000002,2023-09-13,S,7832.0,63.0953,28812.0,D,,,,,,
1137789,2023-09-19,STX,Chong Kian Fatt,,0001137789-23-000082,2023-09-15,A,3258.0,0.0,11353.0,D,,,,,,
1137789,2023-09-19,STX,SCHUELKE KATHERINE,,0001137789-23-000092,2023-09-18,S,2346.0,64.3866,28812.0,D,,,,,,
1137789,2023-09-19,STX,Romano Gianluca,,0001137789-23-000088,2023-09-15,F,8454.0,63.75,80373.0,D,,,,,,
1137789,2023-09-19,STX,Teh Ban Seng,,0001137789-23-000084,2023-09-15,A,4188.0,0.0,46690.0,D,,,,,,
1137789,2023-09-19,STX,SCHUELKE KATHERINE,,0001137789-23-000090,2023-09-15,F,2307.0,63.75,31158.0,D,,,,,,
1137789,2023-09-19,STX,Morris John Christopher,,0001137789-23-000086,2023-09-15,F,2122.0,63.75,28335.0,D,,,,,,
1137789,2023-09-19,STX,MOSLEY WILLIAM D,,0001137789-23-000080,2023-09-15,A,73627.0,0.0,705465.0,D,,,,,,
1137789,2023-09-19,STX,Morris John Christopher,,0001137789-23-000086,2023-09-15,A,4653.0,0.0,30457.0,D,,,,,,
1137789,2023-09-19,STX,SCHUELKE KATHERINE,,0001137789-23-000090,2023-09-15,A,4653.0,0.0,33465.0,D,,,,,,
1137789,2023-09-19,STX,MOSLEY WILLIAM D,,0001137789-23-000080,2023-09-15,F,36505.0,63.75,668960.0,D,,,,,,
1137789,2023-09-19,STX,Romano Gianluca,,0001137789-23-000088,2023-09-15,A,17051.0,0.0,88827.0,D,,,,,,
1137789,2023-10-24,STX,Conyers Yolanda Lee,,0001137789-23-000116,2023-10-23,F,1370.0,65.25,3784.0,D,,,,,,
1137789,2023-10-24,STX,Haggart Dylan G.,,0001137789-23-000112,2023-10-23,F,1370.0,65.25,10303.0,D,,,,,,
1137789,2023-10-24,STX,BRUGGEWORTH ROBERT A,,0001137789-23-000111,2023-10-23,M,3626.0,0.0,3626.0,D,,,,,,
1137789,2023-10-24,STX,BRUGGEWORTH ROBERT A,,0001137789-23-000111,2023-10-23,F,1306.0,65.25,2320.0,D,,,,,,
1137789,2023-10-24,STX,BHATT PRAT,,0001137789-23-000115,2023-10-23,F,1370.0,65.25,7552.0,D,,,,,,
1137789,2023-10-24,STX,Haggart Dylan G.,,0001137789-23-000112,2023-10-23,M,3803.0,0.0,11673.0,D,,,,,,
1137789,2023-10-24,STX,BHATT PRAT,,0001137789-23-000115,2023-10-23,M,3803.0,0.0,8922.0,D,,,,,,
1137789,2023-10-24,STX,Tilenius Stephanie,,0001137789-23-000117,2023-10-23,M,3803.0,0.0,12036.0,D,,,,,,
1137789,2023-10-24,STX,CLEMMER RICHARD L,,0001137789-23-000113,2023-10-23,F,1370.0,65.25,14285.0,D,,,,,,
1137789,2023-10-24,STX,Arumugavelu Shankar,,0001137789-23-000114,2023-10-23,M,3803.0,0.0,7679.0,D,,,,,,
1137789,2023-10-24,STX,CANNON MICHAEL R,,0001137789-23-000121,2023-10-23,M,4840.0,0.0,31332.0,D,,,,,,
1137789,2023-10-24,STX,CLEMMER RICHARD L,,0001137789-23-000113,2023-10-23,M,3803.0,0.0,15655.0,D,,,,,,
1137789,2023-10-24,STX,BRUNER JUDY,,0001137789-23-000118,2023-10-23,F,1370.0,65.25,0.0,D,,,,,,
1137789,2023-10-24,STX,Geldmacher Jay L,,0001137789-23-000120,2023-10-23,M,3803.0,0.0,8551.0,D,,,,,,
1137789,2023-10-24,STX,BRUNER JUDY,,0001137789-23-000118,2023-10-23,M,3803.0,0.0,3803.0,D,,,,,,
1137789,2023-10-24,STX,Conyers Yolanda Lee,,0001137789-23-000116,2023-10-23,M,3803.0,0.0,5154.0,D,,,,,,
1137789,2023-10-24,STX,CANNON MICHAEL R,,0001137789-23-000121,2023-10-23,F,1743.0,65.25,29589.0,D,,,,,,
1137789,2023-10-24,STX,Geldmacher Jay L,,0001137789-23-000120,2023-10-23,F,1370.0,65.25,7181.0,D,,,,,,
1137789,2023-10-24,STX,ZANDER EDWARD J,,0001137789-23-000119,2023-10-23,M,3803.0,0.0,3803.0,D,,,,,,
1137789,2023-10-24,STX,Arumugavelu Shankar,,0001137789-23-000114,2023-10-23,F,1370.0,65.25,6309.0,D,,,,,,
1137789,2023-10-24,STX,ZANDER EDWARD J,,0001137789-23-000119,2023-10-23,S,1370.0,65.25,0.0,D,,,,,,
1137789,2023-10-24,STX,Tilenius Stephanie,,0001137789-23-000117,2023-10-23,F,1370.0,65.25,10666.0,D,,,,,,
1137789,2023-11-06,STX,Romano Gianluca,,0001137789-23-000130,2023-11-03,S,9479.0,73.13,70894.0,D,,,,,,
1137789,2023-11-16,STX,Teh Ban Seng,,0001801425-23-000002,2023-11-15,S,2503.0,75.0,44187.0,D,,,,,,
1137789,2023-11-30,STX,Romano Gianluca,,0001137789-23-000132,2023-11-29,S,24600.0,79.0,100686.0,D,,,,,,
1137789,2023-11-30,STX,Romano Gianluca,,0001137789-23-000132,2023-11-29,M,28791.0,45.89,92182.0,D,,,,,,
1137789,2023-12-12,STX,SCHUELKE KATHERINE,,0001137789-23-000147,2023-12-09,M,499.0,0.0,29311.0,D,,,,,,
1137789,2023-12-12,STX,MOSLEY WILLIAM D,,0001137789-23-000148,2023-12-08,S,153188.0,80.21,668960.0,D,,,,,,
1137789,2023-12-12,STX,SCHUELKE KATHERINE,,0001137789-23-000147,2023-12-09,S,248.0,80.59,29063.0,D,,,,,,
1137789,2023-12-12,STX,Teh Ban Seng,,0001137789-23-000150,2023-12-08,S,3000.0,79.21,38690.0,D,,,,,,
1137789,2023-12-12,STX,Morris John Christopher,,0001137789-23-000152,2023-12-09,S,228.0,80.59,28606.0,D,,,,,,
1137789,2023-12-12,STX,Teh Ban Seng,,0001137789-23-000150,2023-12-09,M,599.0,0.0,34289.0,D,,,,,,
1137789,2023-12-12,STX,MOSLEY WILLIAM D,,0001137789-23-000148,2023-12-09,S,1396.0,80.59,670378.0,D,,,,,,
1137789,2023-12-12,STX,Romano Gianluca,,0001137789-23-000149,2023-12-09,M,958.0,0.0,64349.0,D,,,,,,
1137789,2023-12-12,STX,MOSLEY WILLIAM D,,0001137789-23-000148,2023-12-08,M,153188.0,30.95,822148.0,D,,,,,,
1137789,2023-12-12,STX,MOSLEY WILLIAM D,,0001137789-23-000148,2023-12-09,M,2814.0,0.0,671774.0,D,,,,,,
1137789,2023-12-12,STX,Morris John Christopher,,0001137789-23-000152,2023-12-09,M,499.0,0.0,28834.0,D,,,,,,
1137789,2023-12-12,STX,Chong Kian Fatt,,0001137789-23-000151,2023-12-09,M,201.0,0.0,11554.0,D,,,,,,
1137789,2023-12-12,STX,Romano Gianluca,,0001137789-23-000149,2023-12-09,S,475.0,80.59,63874.0,D,,,,,,
1137789,2023-12-14,STX,Teh Ban Seng,,0001137789-23-000154,2023-12-13,S,10000.0,85.0,24289.0,D,,,,,,
1137789,2024-02-09,STX,Geldmacher Jay L,,0001137789-24-000012,2024-02-07,S,4500.0,87.0,2681.0,D,,,,,,
1137789,2024-02-23,STX,Romano Gianluca,,0001137789-24-000014,2024-02-22,M,14042.0,0.0,78015.0,D,,,,,,
1137789,2024-02-23,STX,Romano Gianluca,,0001137789-24-000014,2024-02-22,S,5611.0,88.02,72404.0,D,,,,,,
1137789,2024-03-05,STX,Chong Kian Fatt,,0001137789-24-000016,2024-03-04,S,11353.0,97.53,201.0,D,,,,,,
1137789,2024-03-12,STX,Morris John Christopher,,0001137789-24-000024,2024-03-09,M,499.0,0.0,29105.0,D,,,,,,
1137789,2024-03-12,STX,MOSLEY WILLIAM D,,0001137789-24-000026,2024-03-09,S,1000.0,92.69,672192.0,D,,,,,,
1137789,2024-03-12,STX,Romano Gianluca,,0001137789-24-000023,2024-03-09,M,958.0,0.0,73362.0,D,,,,,,
1137789,2024-03-12,STX,Romano Gianluca,,0001137789-24-000023,2024-03-09,S,485.0,92.69,72877.0,D,,,,,,
1137789,2024-03-12,STX,Teh Ban Seng,,0001137789-24-000022,2024-03-09,M,599.0,0.0,24888.0,D,,,,,,
1137789,2024-03-12,STX,Morris John Christopher,,0001137789-24-000024,2024-03-09,S,180.0,92.69,28925.0,D,,,,,,
1137789,2024-03-12,STX,MOSLEY WILLIAM D,,0001137789-24-000026,2024-03-09,M,2814.0,0.0,673192.0,D,,,,,,
1137789,2024-03-12,STX,Chong Kian Fatt,,0001137789-24-000025,2024-03-09,M,201.0,0.0,402.0,D,,,,,,
1137789,2024-05-08,STX,Morris John Christopher,,0001137789-24-000036,2024-05-07,S,11158.0,90.0,17767.0,D,,,,,,
1137789,2024-05-15,STX,Teh Ban Seng,,0001137789-24-000038,2024-05-14,S,9703.0,95.0,15185.0,D,,,,,,
1137789,2024-06-11,STX,MOSLEY WILLIAM D,,0001137789-24-000049,2024-06-09,F,1061.0,96.11,673945.0,D,,,,,,
1137789,2024-06-11,STX,MOSLEY WILLIAM D,,0001137789-24-000049,2024-06-09,M,2814.0,0.0,675006.0,D,,,,,,
1137789,2024-06-11,STX,Romano Gianluca,,0001137789-24-000048,2024-06-09,F,485.0,96.11,73350.0,D,,,,,,
1137789,2024-06-11,STX,Romano Gianluca,,0001137789-24-000048,2024-06-09,M,958.0,0.0,73835.0,D,,,,,,
1137789,2024-06-11,STX,Teh Ban Seng,,0001137789-24-000050,2024-06-09,M,599.0,0.0,15784.0,D,,,,,,
1137789,2024-06-11,STX,Chong Kian Fatt,,0001137789-24-000052,2024-06-09,M,201.0,0.0,603.0,D,,,,,,
1137789,2024-06-11,STX,Morris John Christopher,,0001137789-24-000051,2024-06-09,F,153.0,96.11,18113.0,D,,,,,,
1137789,2024-06-11,STX,Morris John Christopher,,0001137789-24-000051,2024-06-09,M,499.0,0.0,18266.0,D,,,,,,
1137789,2024-06-13,STX,Teh Ban Seng,,0001137789-24-000056,2024-06-11,S,10742.0,100.0,5042.0,D,,,,,,
1137789,2024-06-13,STX,Morris John Christopher,,0001137789-24-000058,2024-06-11,S,5853.0,100.0,12260.0,D,,,,,,
1137789,2024-07-26,STX,Teh Ban Seng,,0001137789-24-000065,2024-07-24,S,10117.0,110.0,5387.0,D,,,,,,
1137789,2024-07-26,STX,Teh Ban Seng,,0001137789-24-000065,2024-07-24,M,10117.0,68.83,15564.0,D,,,,,,
1137789,2024-08-09,STX,MOSLEY WILLIAM D,,0001137789-24-000072,2024-08-07,S,8217.0,92.6502,666053.0,D,,,,,,
1137789,2024-08-09,STX,Romano Gianluca,,0001137789-24-000070,2024-08-07,M,4837.0,46.23,78380.0,D,,,,,,
1137789,2024-08-09,STX,Romano Gianluca,,0001137789-24-000070,2024-08-07,S,1613.0,93.8019,76767.0,D,,,,,,
1137789,2024-09-05,STX,Conyers Yolanda Lee,,0001137789-24-000092,2024-09-04,S,750.0,96.1,3034.0,D,,,,,,
1137789,2024-09-05,STX,MOSLEY WILLIAM D,,0001137789-24-000090,2024-09-03,S,13654.0,96.7762,640616.0,D,,,,,,
1137789,2024-09-11,STX,Romano Gianluca,,0001137789-24-000107,2024-09-09,F,1827.0,101.34,54407.0,D,,,,,,
1137789,2024-09-11,STX,MOSLEY WILLIAM D,,0001137789-24-000109,2024-09-09,M,13006.0,0.0,647276.0,D,,,,,,
1137789,2024-09-11,STX,Morris John Christopher,,0001137789-24-000108,2024-09-09,F,1178.0,101.34,15182.0,D,,,,,,
1137789,2024-09-11,STX,Teh Ban Seng,,0001137789-24-000106,2024-09-09,M,3464.0,0.0,8879.0,D,,,,,,
1137789,2024-09-11,STX,Chong Kian Fatt,,0001137789-24-000105,2024-09-09,M,2694.0,0.0,3649.0,D,,,,,,
1137789,2024-09-11,STX,MOSLEY WILLIAM D,,0001137789-24-000109,2024-09-09,F,6572.0,101.34,640704.0,D,,,,,,
1137789,2024-09-11,STX,Romano Gianluca,,0001137789-24-000107,2024-09-09,M,3614.0,0.0,56234.0,D,,,,,,
1137789,2024-09-11,STX,Morris John Christopher,,0001137789-24-000108,2024-09-09,M,3848.0,0.0,16360.0,D,,,,,,
1137789,2024-09-11,STX,Morris John Christopher,,0001137789-24-000108,2024-09-10,S,9414.0,101.27,7422.0,D,,,,,,
1137789,2024-09-13,STX,Morris John Christopher,,0001137789-24-000116,2024-09-12,S,565.0,101.96,8936.0,D,,,,,,
1137789,2024-09-13,STX,MOSLEY WILLIAM D,,0001137789-24-000117,2024-09-11,M,13275.0,0.0,675324.0,D,,,,,,
1137789,2024-09-13,STX,Morris John Christopher,,0001137789-24-000116,2024-09-11,M,3766.0,0.0,11188.0,D,,,,,,
1137789,2024-09-13,STX,Chong Kian Fatt,,0001137789-24-000115,2024-09-11,M,2712.0,0.0,7760.0,D,,,,,,
1137789,2024-09-13,STX,Morris John Christopher,,0001137789-24-000116,2024-09-11,F,1687.0,102.53,9501.0,D,,,,,,
1137789,2024-09-13,STX,MOSLEY WILLIAM D,,0001137789-24-000117,2024-09-11,F,6708.0,102.53,668616.0,D,,,,,,
1137789,2024-09-13,STX,Teh Ban Seng,,0001137789-24-000119,2024-09-11,M,3955.0,0.0,14841.0,D,,,,,,
1137789,2024-09-13,STX,Romano Gianluca,,0001137789-24-000118,2024-09-11,M,6778.0,0.0,66739.0,D,,,,,,
1137789,2024-09-13,STX,Romano Gianluca,,0001137789-24-000118,2024-09-11,F,3425.0,102.53,63314.0,D,,,,,,
1137789,2024-09-17,STX,Chong Kian Fatt,,0001137789-24-000123,2024-09-14,M,1422.0,102.13,9182.0,D,,,,,,
1137789,2024-09-17,STX,Morris John Christopher,,0001137789-24-000122,2024-09-16,S,2531.0,101.83,6405.0,D,,,,,,
1137789,2024-09-27,STX,MOSLEY WILLIAM D,,0001137789-24-000126,2024-09-26,M,141785.0,50.29,810401.0,D,,,,,,
1137789,2024-09-27,STX,Teh Ban Seng,,0001137789-24-000127,2024-09-26,S,4872.0,110.0,9969.0,D,,,,,,
1137789,2024-09-27,STX,MOSLEY WILLIAM D,,0001137789-24-000126,2024-09-26,S,141785.0,110.1755,668616.0,D,,,,,,
1137789,2024-10-02,STX,MOSLEY WILLIAM D,,0001137789-24-000129,2024-10-01,S,7071.0,107.2807,661545.0,D,,,,,,
1137789,2024-10-22,STX,Teh Ban Seng,,0001137789-24-000161,2024-10-19,M,4386.0,0.0,14355.0,D,,,,,,
1137789,2024-10-22,STX,Morris John Christopher,,0001137789-24-000165,2024-10-22,S,1131.0,111.9,7191.0,D,,,,,,
1137789,2024-10-22,STX,Haggart Dylan G.,,0001137789-24-000173,2024-10-19,M,4271.0,0.0,12469.0,D,,,,,,
1137789,2024-10-22,STX,Arumugavelu Shankar,,0001137789-24-000162,2024-10-19,M,4271.0,0.0,10580.0,D,,,,,,
1137789,2024-10-22,STX,Romano Gianluca,,0001137789-24-000164,2024-10-19,F,4749.0,112.12,67963.0,D,,,,,,
1137789,2024-10-22,STX,Conyers Yolanda Lee,,0001137789-24-000167,2024-10-19,M,4271.0,0.0,7305.0,D,,,,,,
1137789,2024-10-22,STX,Morris John Christopher,,0001137789-24-000165,2024-10-19,F,1607.0,112.12,8322.0,D,,,,,,
1137789,2024-10-22,STX,BRUGGEWORTH ROBERT A,,0001137789-24-000163,2024-10-19,M,4271.0,0.0,6591.0,D,,,,,,
1137789,2024-10-22,STX,CANNON MICHAEL R,,0001137789-24-000168,2024-10-19,M,5436.0,0.0,35025.0,D,,,,,,
1137789,2024-10-22,STX,Geldmacher Jay L,,0001137789-24-000166,2024-10-19,M,4271.0,0.0,6952.0,D,,,,,,
1137789,2024-10-22,STX,BHATT PRAT,,0001137789-24-000170,2024-10-19,M,4271.0,0.0,11823.0,D,,,,,,
1137789,2024-10-22,STX,Morris John Christopher,,0001137789-24-000165,2024-10-19,M,3524.0,0.0,9929.0,D,,,,,,
1137789,2024-10-22,STX,MOSLEY WILLIAM D,,0001137789-24-000159,2024-10-19,F,14179.0,112.12,662497.0,D,,,,,,
1137789,2024-10-22,STX,CLEMMER RICHARD L,,0001137789-24-000172,2024-10-19,M,4271.0,0.0,27658.0,D,,,,,,
1137789,2024-10-22,STX,Tilenius Stephanie,,0001137789-24-000169,2024-10-19,M,4271.0,0.0,14937.0,D,,,,,,
1137789,2024-10-22,STX,BRUNER JUDY,,0001137789-24-000171,2024-10-19,M,4271.0,0.0,4271.0,D,,,,,,
1137789,2024-10-22,STX,MOSLEY WILLIAM D,,0001137789-24-000159,2024-10-19,M,28060.0,0.0,676676.0,D,,,,,,
1137789,2024-10-22,STX,Romano Gianluca,,0001137789-24-000164,2024-10-19,M,9398.0,0.0,72712.0,D,,,,,,
1137789,2024-10-24,STX,Geldmacher Jay L,,0001137789-24-000178,2024-10-24,S,4100.0,103.3,2852.0,D,,,,,,
1137789,2024-11-04,STX,MOSLEY WILLIAM D,,0001137789-24-000184,2024-11-01,S,13100.0,99.1593,649397.0,D,,,,,,
1137789,2024-11-12,STX,Chong Kian Fatt,,0001137789-24-000186,2024-11-08,S,9182.0,105.5,0.0,D,,,,,,
1137789,2024-11-26,STX,Romano Gianluca,,0001137789-24-000188,2024-11-25,S,21267.0,101.4894,72278.0,D,,,,,,
1137789,2024-11-26,STX,Romano Gianluca,,0001137789-24-000188,2024-11-22,S,21686.0,100.3951,46277.0,D,,,,,,
1137789,2024-11-26,STX,Romano Gianluca,,0001137789-24-000188,2024-11-25,M,4032.0,46.23,50309.0,D,,,,,,
1137789,2024-12-04,STX,MOSLEY WILLIAM D,,0001137789-24-000198,2024-12-02,S,1300.0,101.9092,641197.0,D,,,,,,
1137789,2024-12-04,STX,Conyers Yolanda Lee,,0001137789-24-000197,2024-12-02,S,750.0,101.82,6555.0,D,,,,,,
1137789,2024-12-11,STX,Romano Gianluca,,0001137789-24-000204,2024-12-09,M,958.0,0.0,47235.0,D,,,,,,
1137789,2024-12-11,STX,Teh Ban Seng,,0001137789-24-000208,2024-12-09,M,599.0,0.0,14954.0,D,,,,,,
1137789,2024-12-11,STX,MOSLEY WILLIAM D,,0001137789-24-000205,2024-12-09,F,1422.0,98.97,623889.0,D,,,,,,
1137789,2024-12-11,STX,Romano Gianluca,,0001137789-24-000204,2024-12-09,F,485.0,98.97,46750.0,D,,,,,,
1137789,2024-12-11,STX,MOSLEY WILLIAM D,,0001137789-24-000205,2024-12-09,M,2814.0,0.0,625311.0,D,,,,,,
1137789,2024-12-11,STX,Morris John Christopher,,0001137789-24-000206,2024-12-09,M,499.0,0.0,7690.0,D,,,,,,
1137789,2024-12-11,STX,Morris John Christopher,,0001137789-24-000206,2024-12-09,F,228.0,98.97,7462.0,D,,,,,,
1137789,2024-12-11,STX,Chong Kian Fatt,,0001137789-24-000207,2024-12-09,M,201.0,0.0,201.0,D,,,,,,
1137789,2024-12-11,STX,Morris John Christopher,,0001137789-24-000206,2024-12-10,S,75.0,98.85,7387.0,D,,,,,,
1137789,2024-12-13,STX,Morris John Christopher,,0001137789-24-000216,2024-12-11,M,941.0,0.0,8328.0,D,,,,,,
1137789,2024-12-13,STX,Morris John Christopher,,0001137789-24-000216,2024-12-12,S,141.0,98.46,7757.0,D,,,,,,
1137789,2024-12-13,STX,Romano Gianluca,,0001137789-24-000217,2024-12-11,F,856.0,98.39,47588.0,D,,,,,,
1137789,2024-12-13,STX,MOSLEY WILLIAM D,,0001137789-24-000218,2024-12-11,M,3318.0,0.0,627207.0,D,,,,,,
1137789,2024-12-13,STX,Teh Ban Seng,,0001137789-24-000215,2024-12-11,M,988.0,0.0,15942.0,D,,,,,,
1137789,2024-12-13,STX,Chong Kian Fatt,,0001137789-24-000214,2024-12-11,M,678.0,98.39,879.0,D,,,,,,
1137789,2024-12-13,STX,MOSLEY WILLIAM D,,0001137789-24-000218,2024-12-11,F,1677.0,98.39,625530.0,D,,,,,,
1137789,2024-12-13,STX,Romano Gianluca,,0001137789-24-000217,2024-12-11,M,1694.0,0.0,48444.0,D,,,,,,
1137789,2024-12-13,STX,Morris John Christopher,,0001137789-24-000216,2024-12-11,F,430.0,98.39,7898.0,D,,,,,,
1137789,2025-01-06,STX,MOSLEY WILLIAM D,,0001137789-25-000002,2025-01-02,S,12204.0,86.2806,613326.0,D,,,,,,
1137789,2025-02-05,STX,MOSLEY WILLIAM D,,0001137789-25-000025,2025-02-03,S,9198.0,93.6824,596393.0,D,,,,,,
1137789,2025-02-24,STX,Romano Gianluca,,0001137789-25-000034,2025-02-20,F,4698.0,102.64,54842.0,D,,,,,,
1137789,2025-02-24,STX,Romano Gianluca,,0001137789-25-000034,2025-02-22,M,14043.0,0.0,68885.0,D,,,,,,
1137789,2025-02-24,STX,Morris John Christopher,,0001137789-25-000035,2025-02-20,F,1415.0,102.64,10863.0,D,,,,,,
1137789,2025-02-24,STX,Morris John Christopher,,0001137789-25-000035,2025-02-20,M,4428.0,0.0,12278.0,D,,,,,,
1137789,2025-02-24,STX,Romano Gianluca,,0001137789-25-000034,2025-02-20,M,11808.0,0.0,59540.0,D,,,,,,
1137789,2025-02-24,STX,MOSLEY WILLIAM D,,0001137789-25-000031,2025-02-20,M,11808.0,0.0,597399.0,D,,,,,,
1137789,2025-02-24,STX,Chong Kian Fatt,,0001137789-25-000033,2025-02-20,M,4428.0,0.0,5531.0,D,,,,,,
1137789,2025-02-24,STX,Romano Gianluca,,0001137789-25-000034,2025-02-22,F,7096.0,100.85,61789.0,D,,,,,,
1137789,2025-02-24,STX,Teh Ban Seng,,0001137789-25-000032,2025-02-20,M,5905.0,0.0,22099.0,D,,,,,,
1137789,2025-02-24,STX,MOSLEY WILLIAM D,,0001137789-25-000031,2025-02-20,F,4755.0,102.64,592644.0,D,,,,,,
1137789,2025-03-04,STX,MOSLEY WILLIAM D,,0001137789-25-000039,2025-03-03,S,6281.0,100.0847,586363.0,D,,,,,,
1137789,2025-03-04,STX,Conyers Yolanda Lee,,0001137789-25-000038,2025-03-03,S,750.0,102.95,5805.0,D,,,,,,
1137789,2025-03-10,STX,MOSLEY WILLIAM D,,0001137789-25-000048,2025-03-09,F,1422.0,88.0,574036.0,D,,,,,,
1137789,2025-03-10,STX,MOSLEY WILLIAM D,,0001137789-25-000048,2025-03-09,M,2814.0,0.0,575458.0,D,,,,,,
1137789,2025-03-10,STX,Romano Gianluca,,0001137789-25-000047,2025-03-09,M,958.0,0.0,62747.0,D,,,,,,
1137789,2025-03-10,STX,Teh Ban Seng,,0001137789-25-000049,2025-03-09,M,599.0,0.0,22698.0,D,,,,,,
1137789,2025-03-10,STX,Chong Kian Fatt,,0001137789-25-000045,2025-03-09,M,201.0,0.0,5732.0,D,,,,,,
1137789,2025-03-10,STX,Romano Gianluca,,0001137789-25-000047,2025-03-09,F,485.0,88.0,62262.0,D,,,,,,
1137789,2025-03-10,STX,Morris John Christopher,,0001137789-25-000046,2025-03-09,F,153.0,88.0,11209.0,D,,,,,,
1137789,2025-03-10,STX,Morris John Christopher,,0001137789-25-000046,2025-03-09,M,499.0,0.0,11362.0,D,,,,,,
1137789,2025-03-12,STX,Morris John Christopher,,0001137789-25-000057,2025-03-11,F,288.0,86.97,11862.0,D,,,,,,
1137789,2025-03-12,STX,Teh Ban Seng,,0001137789-25-000059,2025-03-11,M,988.0,0.0,23686.0,D,,,,,,
1137789,2025-03-12,STX,Morris John Christopher,,0001137789-25-000057,2025-03-11,M,941.0,0.0,12150.0,D,,,,,,
1137789,2025-03-12,STX,Chong Kian Fatt,,0001137789-25-000058,2025-03-11,M,678.0,0.0,6410.0,D,,,,,,
1137789,2025-03-12,STX,Romano Gianluca,,0001137789-25-000056,2025-03-11,F,856.0,86.97,63100.0,D,,,,,,
1137789,2025-03-12,STX,Romano Gianluca,,0001137789-25-000056,2025-03-11,M,1694.0,0.0,63956.0,D,,,,,,
1137789,2025-03-12,STX,MOSLEY WILLIAM D,,0001137789-25-000055,2025-03-11,F,1677.0,86.97,575677.0,D,,,,,,
1137789,2025-03-12,STX,MOSLEY WILLIAM D,,0001137789-25-000055,2025-03-11,M,3318.0,0.0,577354.0,D,,,,,,
1137789,2025-03-25,STX,Teh Ban Seng,,0001137789-25-000061,2025-03-22,M,3514.0,0.0,27200.0,D,,,,,,
1137789,2025-04-02,STX,MOSLEY WILLIAM D,,0001137789-25-000063,2025-04-01,S,6800.0,84.1383,568877.0,D,,,,,,
1137789,2025-05-23,STX,Chong Kian Fatt,,0001137789-25-000089,2025-05-22,S,6410.0,111.2556,0.0,D,,,,,,
1137789,2025-05-23,STX,BRUNER JUDY,,0001137789-25-000090,2025-05-22,S,10446.0,108.7075,12268.0,I,,,,,,
1137789,2025-05-23,STX,MOSLEY WILLIAM D,,0001137789-25-000088,2025-05-22,S,1800.0,105.9964,553877.0,D,,,,,,
1137789,2025-05-28,STX,Teh Ban Seng,,0001137789-25-000092,2025-05-27,S,4201.0,115.0,22999.0,D,,,,,,
1137789,2025-05-30,STX,Romano Gianluca,,0001137789-25-000094,2025-05-30,S,15631.0,117.3759,49267.0,D,,,,,,
1137789,2025-05-30,STX,Romano Gianluca,,0001137789-25-000094,2025-05-30,M,26816.0,87.34,64898.0,D,,,,,,
1137789,2025-05-30,STX,Romano Gianluca,,0001137789-25-000094,2025-05-29,S,15918.0,117.1687,47182.0,D,,,,,,
1137789,2025-06-04,STX,MOSLEY WILLIAM D,,0001137789-25-000101,2025-06-03,M,50000.0,54.78,565677.0,D,,,,,,
1137789,2025-06-04,STX,MOSLEY WILLIAM D,,0001137789-25-000101,2025-06-03,S,50000.0,120.2711,515677.0,D,,,,,,
1137789,2025-06-04,STX,Conyers Yolanda Lee,,0001137789-25-000102,2025-06-02,S,750.0,117.01,5055.0,D,,,,,,
1137789,2025-06-04,STX,MOSLEY WILLIAM D,,0001137789-25-000101,2025-06-02,S,2699.0,117.9382,532978.0,D,,,,,,
1137789,2025-06-05,STX,Teh Ban Seng,,0001137789-25-000104,2025-06-04,S,63418.0,125.0007,14658.0,D,,,,,,
1137789,2025-06-05,STX,Teh Ban Seng,,0001137789-25-000104,2025-06-04,M,28120.0,75.94,46733.0,D,,,,,,
1137789,2025-06-05,STX,Teh Ban Seng,,0001137789-25-000104,2025-06-03,S,11309.0,120.0,18613.0,D,,,,,,
1137789,2025-06-05,STX,Teh Ban Seng,,0001137789-25-000104,2025-06-03,M,6923.0,68.83,29922.0,D,,,,,,
1137789,2025-06-06,STX,CANNON MICHAEL R,,0001137789-25-000107,2025-06-02,S,24190.0,119.0015,10835.0,D,,,,,,
1137789,2025-06-06,STX,Tilenius Stephanie,,0001137789-25-000108,2025-06-05,S,2693.0,128.0362,12244.0,D,,,,,,
1137789,2025-06-10,STX,MOSLEY WILLIAM D,,0001137789-25-000117,2025-06-09,M,54347.0,54.78,570024.0,D,,,,,,
1137789,2025-06-10,STX,Morris John Christopher,,0001137789-25-000114,2025-06-09,M,499.0,0.0,12361.0,D,,,,,,
1137789,2025-06-10,STX,Romano Gianluca,,0001137789-25-000116,2025-06-09,M,958.0,0.0,39040.0,D,,,,,,
1137789,2025-06-10,STX,Morris John Christopher,,0001137789-25-000114,2025-06-09,F,153.0,130.17,12208.0,D,,,,,,
1137789,2025-06-10,STX,MOSLEY WILLIAM D,,0001137789-25-000117,2025-06-09,S,54347.0,130.1898,515677.0,D,,,,,,
1137789,2025-06-10,STX,Teh Ban Seng,,0001137789-25-000115,2025-06-09,M,599.0,130.17,11663.0,D,,,,,,
1137789,2025-06-10,STX,Romano Gianluca,,0001137789-25-000116,2025-06-09,F,485.0,130.17,38555.0,D,,,,,,
1137789,2025-06-10,STX,MOSLEY WILLIAM D,,0001137789-25-000117,2025-06-09,F,1422.0,130.17,517069.0,D,,,,,,
1137789,2025-06-10,STX,Chong Kian Fatt,,0001137789-25-000118,2025-06-09,M,201.0,0.0,201.0,D,,,,,,
1137789,2025-06-10,STX,Teh Ban Seng,,0001137789-25-000115,2025-06-09,S,3594.0,130.0,11064.0,D,,,,,,
1137789,2025-06-12,STX,Teh Ban Seng,,0001137789-25-000125,2025-06-11,S,1723.0,129.05,10928.0,D,,,,,,
1137789,2025-06-12,STX,Chong Kian Fatt,,0001137789-25-000127,2025-06-11,M,678.0,0.0,879.0,D,,,,,,
1137789,2025-06-12,STX,Teh Ban Seng,,0001137789-25-000125,2025-06-11,M,988.0,0.0,12651.0,D,,,,,,
1137789,2025-06-12,STX,Romano Gianluca,,0001137789-25-000128,2025-06-11,F,856.0,126.49,39393.0,D,,,,,,
1137789,2025-06-12,STX,MOSLEY WILLIAM D,,0001137789-25-000124,2025-06-11,F,1677.0,126.49,518710.0,D,,,,,,
1137789,2025-06-12,STX,Morris John Christopher,,0001137789-25-000126,2025-06-11,M,941.0,0.0,13149.0,D,,,,,,
1137789,2025-06-12,STX,MOSLEY WILLIAM D,,0001137789-25-000124,2025-06-11,M,3318.0,0.0,520387.0,D,,,,,,
1137789,2025-06-12,STX,Romano Gianluca,,0001137789-25-000128,2025-06-11,M,1694.0,0.0,40249.0,D,,,,,,
1137789,2025-06-12,STX,Morris John Christopher,,0001137789-25-000126,2025-06-11,F,288.0,126.49,12861.0,D,,,,,,
1137789,2025-06-17,STX,Teh Ban Seng,,0001137789-25-000130,2025-06-16,S,599.0,130.0,10329.0,D,,,,,,
1137789,2025-07-02,STX,MOSLEY WILLIAM D,,0001137789-25-000132,2025-07-01,S,3772.0,143.4132,514938.0,D,,,,,,
1137789,2025-07-15,STX,Teh Ban Seng,,0001137789-25-000137,2025-07-11,M,533.0,68.83,12585.0,D,,,,,,
1137789,2025-07-15,STX,Teh Ban Seng,,0001137789-25-000137,2025-07-11,S,1725.0,144.0,12052.0,D,,,,,,
1137789,2025-07-24,STX,Lee James CI,,0001137789-25-000140,2025-07-22,M,1980.0,0.0,2152.0,D,,,,,,
1137789,2025-07-24,STX,Lee James CI,,0001137789-25-000140,2025-07-22,F,864.0,146.59,1288.0,D,,,,,,
1137789,2025-08-04,STX,MOSLEY WILLIAM D,,0001137789-25-000162,2025-08-01,S,2474.0,151.6286,496438.0,D,,,,,,
1137789,2025-08-04,STX,Lee James CI,,0001137789-25-000163,2025-08-01,S,1116.0,153.36,257.0,D,,,,,,
1137789,2025-08-04,STX,Lee James CI,,0001137789-25-000163,2025-07-31,S,200.0,148.87,4597.0,D,,,,,,
1137789,2025-08-04,STX,Teh Ban Seng,,0001137789-25-000164,2025-08-01,S,5905.0,155.0,6147.0,D,,,,,,
1137789,2025-08-07,STX,Geldmacher Jay L,,0001137789-25-000166,2025-08-06,S,2500.0,150.5,352.0,D,,,,,,
1137789,2025-08-12,STX,Teh Ban Seng,,0001137789-25-000168,2025-08-11,M,532.0,68.83,6679.0,D,,,,,,
1137789,2025-08-12,STX,Teh Ban Seng,,0001137789-25-000168,2025-08-11,S,1724.0,151.61,6147.0,D,,,,,,
1137789,2025-09-04,STX,MOSLEY WILLIAM D,,0001137789-25-000198,2025-09-02,S,700.0,164.8021,478212.0,D,,,,,,
1137789,2025-09-04,STX,Conyers Yolanda Lee,,0001137789-25-000199,2025-09-02,S,74.0,164.64,4981.0,D,,,,,,
1137789,2025-09-11,STX,Romano Gianluca,,0001137789-25-000223,2025-09-09,M,3017.0,0.0,42524.0,D,,,,,,
1137789,2025-09-11,STX,Morris John Christopher,,0001137789-25-000222,2025-09-09,F,860.0,191.59,22730.0,D,,,,,,
1137789,2025-09-11,STX,Chong Kian Fatt,,0001137789-25-000220,2025-09-09,M,1198.0,0.0,2107.0,D,,,,,,
1137789,2025-09-11,STX,Teh Ban Seng,,0001137789-25-000219,2025-09-10,S,6781.0,191.53,5190.0,D,,,,,,
1137789,2025-09-11,STX,MOSLEY WILLIAM D,,0001137789-25-000221,2025-09-09,F,4552.0,191.59,463367.0,D,,,,,,
1137789,2025-09-11,STX,Morris John Christopher,,0001137789-25-000222,2025-09-09,M,1885.0,0.0,23590.0,D,,,,,,
1137789,2025-09-11,STX,MOSLEY WILLIAM D,,0001137789-25-000221,2025-09-09,M,9007.0,0.0,467919.0,D,,,,,,
1137789,2025-09-11,STX,Teh Ban Seng,,0001137789-25-000219,2025-09-09,M,1408.0,0.0,7555.0,D,,,,,,
1137789,2025-09-11,STX,Romano Gianluca,,0001137789-25-000223,2025-09-09,F,1525.0,191.59,40999.0,D,,,,,,
1137789,2025-09-15,STX,Teh Ban Seng,,0001137789-25-000235,2025-09-11,S,3732.0,193.3,4172.0,D,,,,,,
1137789,2025-09-15,STX,Morris John Christopher,,0001137789-25-000238,2025-09-14,M,6935.0,0.0,16778.0,D,,,,,,
1137789,2025-09-15,STX,Teh Ban Seng,,0001137789-25-000235,2025-09-11,M,989.0,0.0,6179.0,D,,,,,,
1137789,2025-09-15,STX,Chong Kian Fatt,,0001137789-25-000236,2025-09-11,M,678.0,0.0,5062.0,D,,,,,,
1137789,2025-09-15,STX,Romano Gianluca,,0001137789-25-000237,2025-09-11,F,857.0,196.81,46809.0,D,,,,,,
1137789,2025-09-15,STX,MOSLEY WILLIAM D,,0001137789-25-000239,2025-09-14,F,32931.0,195.99,505668.0,D,,,,,,
1137789,2025-09-15,STX,Romano Gianluca,,0001137789-25-000237,2025-09-11,M,1695.0,0.0,47666.0,D,,,,,,
1137789,2025-09-15,STX,Morris John Christopher,,0001137789-25-000238,2025-09-11,F,430.0,196.81,25190.0,D,,,,,,
1137789,2025-09-15,STX,Romano Gianluca,,0001137789-25-000237,2025-09-14,F,11212.0,195.99,57785.0,D,,,,,,
1137789,2025-09-15,STX,Morris John Christopher,,0001137789-25-000238,2025-09-14,F,3163.0,195.99,13615.0,D,,,,,,
1137789,2025-09-15,STX,Morris John Christopher,,0001137789-25-000238,2025-09-12,S,1812.0,193.9237,23378.0,D,,,,,,
1137789,2025-09-15,STX,Teh Ban Seng,,0001137789-25-000235,2025-09-14,M,13869.0,0.0,18041.0,D,,,,,,
1137789,2025-09-15,STX,MOSLEY WILLIAM D,,0001137789-25-000239,2025-09-11,F,1678.0,196.81,473429.0,D,,,,,,
1137789,2025-09-15,STX,MOSLEY WILLIAM D,,0001137789-25-000239,2025-09-14,M,65170.0,0.0,538599.0,D,,,,,,
1137789,2025-09-15,STX,Romano Gianluca,,0001137789-25-000237,2025-09-14,M,22188.0,0.0,68997.0,D,,,,,,
1137789,2025-09-15,STX,MOSLEY WILLIAM D,,0001137789-25-000239,2025-09-11,M,3319.0,0.0,475107.0,D,,,,,,
1137789,2025-09-15,STX,Chong Kian Fatt,,0001137789-25-000236,2025-09-14,M,2016.0,0.0,7078.0,D,,,,,,
1137789,2025-09-15,STX,Morris John Christopher,,0001137789-25-000238,2025-09-11,M,941.0,0.0,25620.0,D,,,,,,
1137789,2025-09-17,STX,Morris John Christopher,,0001137789-25-000241,2025-09-16,S,377.0,211.26,13238.0,D,,,,,,
1137789,2025-10-03,STX,MOSLEY WILLIAM D,,0001137789-25-000243,2025-10-01,S,600.0,234.0867,505068.0,D,,,,,,
1137789,2025-10-15,STX,Teh Ban Seng,,0001137789-25-000245,2025-10-13,S,1410.0,225.56,18041.0,D,,,,,,
1137789,2025-10-15,STX,Teh Ban Seng,,0001137789-25-000245,2025-10-13,M,532.0,68.83,18573.0,D,,,,,,
1137789,2025-10-21,STX,Conyers Yolanda Lee,,0001137789-25-000268,2025-10-19,F,647.0,225.4,6351.0,D,,,,,,
1137789,2025-10-21,STX,CLEMMER RICHARD L,,0001137789-25-000269,2025-10-19,M,2693.0,0.0,30351.0,D,,,,,,
1137789,2025-10-21,STX,Geldmacher Jay L,,0001137789-25-000267,2025-10-19,F,647.0,225.4,2398.0,D,,,,,,
1137789,2025-10-21,STX,Tilenius Stephanie,,0001137789-25-000270,2025-10-19,F,647.0,225.4,14290.0,D,,,,,,
1137789,2025-10-21,STX,Conyers Yolanda Lee,,0001137789-25-000268,2025-10-19,M,2693.0,0.0,6998.0,D,,,,,,
1137789,2025-10-21,STX,Adams Mark,,0001137789-25-000266,2025-10-19,F,647.0,225.4,2046.0,D,,,,,,
1137789,2025-10-21,STX,Haggart Dylan G.,,0001137789-25-000271,2025-10-19,F,647.0,225.4,14515.0,D,,,,,,
1137789,2025-10-21,STX,Tilenius Stephanie,,0001137789-25-000270,2025-10-19,M,2693.0,0.0,14937.0,D,,,,,,
1137789,2025-10-21,STX,Geldmacher Jay L,,0001137789-25-000267,2025-10-19,M,2693.0,0.0,3045.0,D,,,,,,
1137789,2025-10-21,STX,Adams Mark,,0001137789-25-000266,2025-10-19,M,2693.0,0.0,2693.0,D,,,,,,
1137789,2025-10-21,STX,BRUNER JUDY,,0001137789-25-000274,2025-10-19,F,647.0,225.4,14314.0,I,,,,,,
1137789,2025-10-21,STX,BHATT PRAT,,0001137789-25-000272,2025-10-19,M,2693.0,0.0,14516.0,D,,,,,,
1137789,2025-10-21,STX,Arumugavelu Shankar,,0001137789-25-000275,2025-10-19,F,647.0,225.4,12626.0,D,,,,,,
1137789,2025-10-21,STX,BRUNER JUDY,,0001137789-25-000274,2025-10-19,M,2693.0,0.0,14961.0,I,,,,,,
1137789,2025-10-21,STX,CLEMMER RICHARD L,,0001137789-25-000269,2025-10-19,F,647.0,225.4,29704.0,D,,,,,,
1137789,2025-10-21,STX,CANNON MICHAEL R,,0001137789-25-000273,2025-10-19,F,823.0,225.4,13439.0,D,,,,,,
1137789,2025-10-21,STX,Arumugavelu Shankar,,0001137789-25-000275,2025-10-19,M,2693.0,0.0,13273.0,D,,,,,,
1137789,2025-10-21,STX,Haggart Dylan G.,,0001137789-25-000271,2025-10-19,M,2693.0,0.0,15162.0,D,,,,,,
1137789,2025-10-21,STX,CANNON MICHAEL R,,0001137789-25-000273,2025-10-19,M,3427.0,0.0,14262.0,D,,,,,,
1137789,2025-10-21,STX,BHATT PRAT,,0001137789-25-000272,2025-10-19,F,647.0,225.4,13869.0,D,,,,,,
1137789,2025-10-24,STX,Lee James CI,,0001137789-25-000277,2025-10-22,F,540.0,215.05,954.0,D,,,,,,
1137789,2025-10-24,STX,Lee James CI,,0001137789-25-000277,2025-10-22,M,1237.0,0.0,1494.0,D,,,,,,
1137789,2025-11-03,STX,Geldmacher Jay L,,0001137789-25-000320,2025-10-31,S,1250.0,269.1,1148.0,D,,,,,,
1137789,2025-11-03,STX,Chong Kian Fatt,,0001137789-25-000321,2025-10-30,S,7078.0,272.1403,0.0,D,,,,,,
1137789,2025-11-05,STX,Teh Ban Seng,,0001137789-25-000330,2025-11-05,S,6000.0,270.0,12041.0,D,,,,,,
1137789,2025-11-05,STX,Tilenius Stephanie,,0001137789-25-000329,2025-11-03,S,2046.0,266.4145,12244.0,D,,,,,,
1137789,2025-11-05,STX,MOSLEY WILLIAM D,,0001137789-25-000328,2025-11-03,S,1500.0,254.4377,484168.0,D,,,,,,
1137789,2025-11-12,STX,Arumugavelu Shankar,,0001137789-25-000335,2025-11-10,S,5000.0,294.565,7626.0,D,,,,,,
1137789,2025-11-12,STX,Teh Ban Seng,,0001137789-25-000337,2025-11-11,S,1412.0,288.98,12041.0,D,,,,,,
1137789,2025-11-12,STX,Teh Ban Seng,,0001137789-25-000337,2025-11-11,M,533.0,68.83,12574.0,D,,,,,,
1137789,2025-11-12,STX,Lee James CI,,0001137789-25-000338,2025-11-11,S,697.0,288.98,257.0,D,,,,,,
1137789,2025-11-14,STX,Romano Gianluca,,0001137789-25-000341,2025-11-12,M,5364.0,87.34,63149.0,D,,,,,,
1137789,2025-11-14,STX,Romano Gianluca,,0001137789-25-000341,2025-11-12,S,2549.0,279.6896,107765.0,D,,,,,,
1137789,2025-11-14,STX,Romano Gianluca,,0001137789-25-000342,2025-11-13,S,300.0,260.03,55993.0,D,,,,,,
1137789,2025-12-02,STX,MOSLEY WILLIAM D,,0001137789-25-000345,2025-12-01,S,1093.0,267.2688,464575.0,D,,,,,,
1137789,2025-12-02,STX,Conyers Yolanda Lee,,0001137789-25-000346,2025-12-02,S,750.0,272.91,5601.0,D,,,,,,
1137789,2025-12-11,STX,Romano Gianluca,,0001137789-25-000358,2025-12-09,M,958.0,0.0,49249.0,D,,,,,,
1137789,2025-12-11,STX,MOSLEY WILLIAM D,,0001137789-25-000357,2025-12-09,F,1423.0,282.86,447060.0,D,,,,,,
1137789,2025-12-11,STX,Morris John Christopher,,0001137789-25-000359,2025-12-09,F,228.0,282.86,13509.0,D,,,,,,
1137789,2025-12-11,STX,Morris John Christopher,,0001137789-25-000359,2025-12-09,M,499.0,0.0,13737.0,D,,,,,,
1137789,2025-12-11,STX,Romano Gianluca,,0001137789-25-000358,2025-12-09,F,485.0,282.86,48764.0,D,,,,,,
1137789,2025-12-11,STX,Teh Ban Seng,,0001137789-25-000361,2025-12-09,M,599.0,0.0,12640.0,D,,,,,,
1137789,2025-12-11,STX,MOSLEY WILLIAM D,,0001137789-25-000357,2025-12-09,M,2815.0,0.0,448483.0,D,,,,,,
1137789,2025-12-11,STX,Chong Kian Fatt,,0001137789-25-000360,2025-12-09,M,201.0,0.0,201.0,D,,,,,,
1137789,2025-12-12,STX,Romano Gianluca,,0001137789-25-000371,2025-12-11,M,1695.0,0.0,51208.0,D,,,,,,
1137789,2025-12-12,STX,Romano Gianluca,,0001137789-25-000371,2025-12-11,F,857.0,307.845,50351.0,D,,,,,,
1137789,2025-12-12,STX,Chong Kian Fatt,,0001137789-25-000370,2025-12-11,M,678.0,0.0,1258.0,D,,,,,,
1137789,2025-12-12,STX,Morris John Christopher,,0001137789-25-000369,2025-12-11,M,941.0,0.0,14793.0,D,,,,,,
1137789,2025-12-12,STX,MOSLEY WILLIAM D,,0001137789-25-000367,2025-12-11,M,3319.0,0.0,451573.0,D,,,,,,
1137789,2025-12-12,STX,MOSLEY WILLIAM D,,0001137789-25-000367,2025-12-11,F,1678.0,307.845,449895.0,D,,,,,,
1137789,2025-12-12,STX,Teh Ban Seng,,0001137789-25-000368,2025-12-11,M,989.0,0.0,14292.0,D,,,,,,
1137789,2025-12-12,STX,Teh Ban Seng,,0001137789-25-000368,2025-12-11,S,2010.0,295.9,13693.0,D,,,,,,
1137789,2025-12-12,STX,Morris John Christopher,,0001137789-25-000369,2025-12-11,F,430.0,307.845,14363.0,D,,,,,,
1137789,2025-12-16,STX,Morris John Christopher,,0001137789-25-000373,2025-12-15,S,113.0,291.89,14250.0,D,,,,,,
1137789,2026-01-06,STX,MOSLEY WILLIAM D,,0001137789-26-000002,2026-01-02,S,800.0,281.0939,449095.0,D,,,,,,
1137789,2026-01-14,STX,Teh Ban Seng,,0001137789-26-000004,2026-01-12,S,1412.0,299.31,13693.0,D,,,,,,
1137789,2026-01-14,STX,Teh Ban Seng,,0001137789-26-000004,2026-01-12,M,533.0,68.83,14226.0,D,,,,,,
1137789,2026-01-26,STX,Lee James CI,,0001137789-26-000009,2026-01-22,F,564.0,346.53,930.0,D,,,,,,
1137789,2026-01-26,STX,Lee James CI,,0001137789-26-000009,2026-01-22,M,1237.0,0.0,1494.0,D,,,,,,
1137789,2026-01-28,STX,Lee James CI,,0001137789-26-000021,2026-01-26,S,673.0,348.85,257.0,D,,,,,,
1137789,2026-02-02,STX,Geldmacher Jay L,,0001137789-26-000032,2026-01-30,S,925.0,448.025,223.0,D,,,,,,
1137789,2026-02-02,STX,Teh Ban Seng,,0001137789-26-000031,2026-01-29,M,9433.0,101.34,23287.0,D,,,,,,
1137789,2026-02-02,STX,Teh Ban Seng,,0001137789-26-000031,2026-01-29,S,9414.0,440.2371,13873.0,D,,,,,,
1137789,2026-02-03,STX,MOSLEY WILLIAM D,,0001137789-26-000034,2026-02-02,S,100.0,401.1,429956.0,D,,,,,,
1137789,2026-02-23,STX,Romano Gianluca,,0001137789-26-000043,2026-02-22,M,14043.0,0.0,70346.0,D,,,,,,
1137789,2026-02-23,STX,Teh Ban Seng,,0001137789-26-000044,2026-02-20,M,5905.0,0.0,8997.0,D,,,,,,
1137789,2026-02-23,STX,Chong Kian Fatt,,0001137789-26-000042,2026-02-23,S,5846.0,416.4797,0.0,D,,,,,,
1137789,2026-02-23,STX,Romano Gianluca,,0001137789-26-000043,2026-02-20,M,11807.0,0.0,62278.0,D,,,,,,
1137789,2026-02-23,STX,MOSLEY WILLIAM D,,0001137789-26-000041,2026-02-20,M,11807.0,0.0,421863.0,D,,,,,,
1137789,2026-02-23,STX,Morris John Christopher,,0001137789-26-000040,2026-02-20,F,2032.0,411.11,16806.0,D,,,,,,
1137789,2026-02-23,STX,Morris John Christopher,,0001137789-26-000040,2026-02-20,M,4427.0,0.0,18838.0,D,,,,,,
1137789,2026-02-23,STX,Chong Kian Fatt,,0001137789-26-000042,2026-02-20,M,4427.0,0.0,5846.0,D,,,,,,
1137789,2026-02-23,STX,Romano Gianluca,,0001137789-26-000043,2026-02-20,F,5975.0,411.11,56303.0,D,,,,,,
1137789,2026-02-23,STX,MOSLEY WILLIAM D,,0001137789-26-000041,2026-02-20,F,5966.0,411.11,415897.0,D,,,,,,
1137789,2026-02-23,STX,Romano Gianluca,,0001137789-26-000043,2026-02-22,F,7096.0,411.11,63250.0,D,,,,,,
1137789,2026-02-25,STX,Morris John Christopher,,0001137789-26-000046,2026-02-24,S,240.0,410.0,16566.0,D,,,,,,
1137789,2026-03-03,STX,Conyers Yolanda Lee,,0001137789-26-000049,2026-03-02,S,750.0,393.59,4851.0,D,,,,,,
1137789,2026-03-03,STX,MOSLEY WILLIAM D,,0001137789-26-000050,2026-03-02,S,874.0,375.8421,415023.0,D,,,,,,
1137789,2026-03-11,STX,Romano Gianluca,,0001137789-26-000059,2026-03-09,M,958.0,0.0,64208.0,D,,,,,,
1137789,2026-03-11,STX,Romano Gianluca,,0001137789-26-000059,2026-03-09,F,479.0,374.33,63729.0,D,,,,,,
1137789,2026-03-11,STX,MOSLEY WILLIAM D,,0001137789-26-000058,2026-03-09,M,2815.0,0.0,398712.0,D,,,,,,
1137789,2026-03-11,STX,Morris John Christopher,,0001137789-26-000060,2026-03-09,M,499.0,0.0,17065.0,D,,,,,,
1137789,2026-03-11,STX,Morris John Christopher,,0001137789-26-000060,2026-03-09,F,228.0,374.33,16837.0,D,,,,,,
1137789,2026-03-11,STX,Chong Kian Fatt,,0001137789-26-000057,2026-03-09,M,202.0,0.0,202.0,D,,,,,,
1137789,2026-03-11,STX,Teh Ban Seng,,0001137789-26-000056,2026-03-09,M,599.0,0.0,9596.0,D,,,,,,
1137789,2026-03-11,STX,MOSLEY WILLIAM D,,0001137789-26-000058,2026-03-09,F,1406.0,374.33,397306.0,D,,,,,,
1137789,2026-03-12,STX,MOSLEY WILLIAM D,,0001137789-26-000066,2026-03-11,M,3319.0,0.0,401833.0,D,,,,,,
1137789,2026-03-12,STX,Teh Ban Seng,,0001137789-26-000070,2026-03-11,M,989.0,0.0,11248.0,D,,,,,,
1137789,2026-03-12,STX,Romano Gianluca,,0001137789-26-000069,2026-03-11,F,847.0,385.97,65335.0,D,,,,,,
1137789,2026-03-12,STX,Morris John Christopher,,0001137789-26-000067,2026-03-11,M,942.0,0.0,18122.0,D,,,,,,
1137789,2026-03-12,STX,Morris John Christopher,,0001137789-26-000067,2026-03-11,F,430.0,385.97,17692.0,D,,,,,,
1137789,2026-03-12,STX,Romano Gianluca,,0001137789-26-000069,2026-03-11,M,1695.0,0.0,66182.0,D,,,,,,
1137789,2026-03-12,STX,MOSLEY WILLIAM D,,0001137789-26-000066,2026-03-11,F,1658.0,385.97,400175.0,D,,,,,,
1137789,2026-03-12,STX,Chong Kian Fatt,,0001137789-26-000068,2026-03-11,M,678.0,0.0,1259.0,D,,,,,,
1137789,2026-03-16,STX,Morris John Christopher,,0001137789-26-000072,2026-03-13,S,112.0,377.44,17580.0,D,,,,,,
1137789,2026-03-23,STX,MOSLEY WILLIAM D,,0001137789-26-000074,2026-03-19,S,24584.0,406.77,375591.0,D,,,,,,
1137789,2026-04-02,STX,MOSLEY WILLIAM D,,0001137789-26-000076,2026-04-01,S,100.0,399.05,375491.0,D,,,,,,
1137789,2026-04-23,STX,Lee James CI,,0001137789-26-000078,2026-04-22,F,540.0,579.88,1021.0,D,non_derivative,Ordinary Shares,,,,
1137789,2026-04-23,STX,Lee James CI,,0001137789-26-000078,2026-04-22,M,1237.0,0.0,1561.0,D,,,,,,
1137789,2026-04-23,STX,Lee James CI,,0001137789-26-000078,2026-04-22,F,540.0,579.88,1021.0,D,,,,,,
1137789,2026-04-23,STX,Lee James CI,,0001137789-26-000078,2026-04-22,M,1237.0,0.0,11139.0,D,derivative,Restricted Share Unit,Ordinary Shares,1237.0,,
1137789,2026-04-23,STX,Lee James CI,,0001137789-26-000078,2026-04-22,M,1237.0,0.0,1561.0,D,non_derivative,Ordinary Shares,,,,
1137789,2026-05-06,STX,Morris John Christopher,,0001137789-26-000098,2026-05-04,S,160.0,731.6525,17420.0,D,non_derivative,Ordinary Shares,,,,
1137789,2026-05-06,STX,Lee James CI,,0001137789-26-000097,2026-05-04,S,697.0,741.17,324.0,D,non_derivative,Ordinary Shares,,,,
1137789,2026-05-06,STX,Tilenius Stephanie,,0001137789-26-000099,2026-05-05,S,1540.0,766.5953,10704.0,D,non_derivative,Ordinary Shares,,,,
1137789,2026-05-06,STX,Lee James CI,,0001137789-26-000097,2026-05-04,S,697.0,741.17,324.0,D,,,,,,
1137789,2026-05-06,STX,Morris John Christopher,,0001137789-26-000098,2026-05-04,S,160.0,731.6525,17420.0,D,,,,,,
1137789,2026-05-06,STX,Tilenius Stephanie,,0001137789-26-000099,2026-05-05,S,1540.0,766.5953,10704.0,D,,,,,,
1137789,2026-05-08,STX,Romano Gianluca,,0001137789-26-000102,2026-05-06,S,200.0,754.916,65135.0,D,,,,,,
1137789,2026-05-08,STX,Romano Gianluca,,0001137789-26-000103,2026-05-07,S,1902.0,770.0,40945.0,D,,,,,,
1137789,2026-05-08,STX,Romano Gianluca,,0001137789-26-000102,2026-05-06,S,200.0,754.916,65135.0,D,non_derivative,Ordinary Shares,,,,
1137789,2026-05-08,STX,Romano Gianluca,,0001137789-26-000103,2026-05-07,S,1902.0,770.0,40945.0,D,non_derivative,Ordinary Shares,,,,
1137789,2026-05-14,STX,Teh Ban Seng,,0001137789-26-000105,2026-05-14,M,3515.0,0.0,14060.0,D,derivative,NQ Options,Ordinary Shares,3515.0,64.31,2030-09-11
1137789,2026-05-14,STX,Teh Ban Seng,,0001137789-26-000105,2026-05-14,M,3515.0,64.31,7206.0,D,,,,,,
1137789,2026-05-14,STX,Teh Ban Seng,,0001137789-26-000105,2026-05-14,S,8003.0,817.2842,3691.0,D,,,,,,
1137789,2026-05-14,STX,Teh Ban Seng,,0001137789-26-000105,2026-05-14,S,8003.0,817.2842,3691.0,D,non_derivative,Ordinary Shares,,,,
1137789,2026-05-14,STX,Teh Ban Seng,,0001137789-26-000105,2026-05-14,M,3515.0,64.31,7206.0,D,non_derivative,Ordinary Shares,,,,
1137789,2026-05-14,STX,Teh Ban Seng,,0001137789-26-000105,2026-05-13,S,520.0,800.2604,10728.0,D,,,,,,
1137789,2026-05-14,STX,Teh Ban Seng,,0001137789-26-000105,2026-05-13,S,520.0,800.2604,10728.0,D,non_derivative,Ordinary Shares,,,,
1137789,2026-05-21,STX,MOSLEY WILLIAM D,,0001137789-26-000106,2026-05-20,S,120.0,742.005,369471.0,D,,,,,,
1137789,2026-05-21,STX,MOSLEY WILLIAM D,,0001137789-26-000106,2026-05-20,M,14000.0,46.23,369591.0,D,,,,,,
1137789,2026-05-21,STX,MOSLEY WILLIAM D,,0001137789-26-000106,2026-05-20,M,14000.0,0.0,153100.0,D,derivative,NQ Options,Ordinary Shares,14000.0,46.23,2027-09-09
1137789,2026-05-21,STX,MOSLEY WILLIAM D,,0001137789-26-000106,2026-05-20,M,14000.0,46.23,369591.0,D,non_derivative,Ordinary Shares,,,,
1137789,2026-05-21,STX,MOSLEY WILLIAM D,,0001137789-26-000106,2026-05-20,S,120.0,742.005,369471.0,D,non_derivative,Ordinary Shares,,,,
1137789,2026-06-02,STX,MOSLEY WILLIAM D,,0001137789-26-000117,2026-06-01,S,320.0,916.775,337051.0,D,non_derivative,Ordinary Shares,,,,
1137789,2026-06-02,STX,MOSLEY WILLIAM D,,0001137789-26-000116,2026-06-01,M,14000.0,46.23,353591.0,D,non_derivative,Ordinary Shares,,,,
1137789,2026-06-02,STX,Conyers Yolanda Lee,,0001137789-26-000118,2026-06-01,S,750.0,885.33,4101.0,D,non_derivative,Ordinary Shares,,,,
1137789,2026-06-02,STX,MOSLEY WILLIAM D,,0001137789-26-000116,2026-06-01,S,600.0,884.6243,352991.0,D,non_derivative,Ordinary Shares,,,,
1137789,2026-06-02,STX,MOSLEY WILLIAM D,,0001137789-26-000116,2026-06-01,M,14000.0,0.0,139100.0,D,derivative,NQ Options,Ordinary Shares,14000.0,46.23,2027-09-09
1137789,2026-06-02,STX,BHATT PRAT,,0001137789-26-000119,2026-06-02,S,1000.0,929.88,12869.0,D,non_derivative,Ordinary Shares,,,,
1137789,2026-06-04,STX,Arumugavelu Shankar,,0001137789-26-000122,2026-06-04,S,1000.0,927.68,6626.0,D,non_derivative,Ordinary Shares,,,,
1137789,2026-06-11,STX,MOSLEY WILLIAM D,,0001137789-26-000129,2026-06-09,M,2815.0,0.0,326406.0,D,non_derivative,Ordinary Shares,,,,
1137789,2026-06-11,STX,Romano Gianluca,,0001137789-26-000128,2026-06-09,M,959.0,0.0,41904.0,D,non_derivative,Ordinary Shares,,,,
1137789,2026-06-11,STX,MOSLEY WILLIAM D,,0001137789-26-000129,2026-06-09,M,2815.0,0.0,2815.0,D,derivative,Restricted Share Unit,Ordinary Shares,2815.0,0.0,
1137789,2026-06-11,STX,Morris John Christopher,,0001137789-26-000130,2026-06-09,M,499.0,0.0,12453.0,D,non_derivative,Ordinary Shares,,,,
1137789,2026-06-11,STX,Morris John Christopher,,0001137789-26-000130,2026-06-09,M,499.0,0.0,500.0,D,derivative,Restricted Share Unit,Ordinary Shares,499.0,0.0,
1137789,2026-06-11,STX,Morris John Christopher,,0001137789-26-000130,2026-06-10,S,254.0,821.6642,12199.0,D,non_derivative,Ordinary Shares,,,,
1137789,2026-06-11,STX,MOSLEY WILLIAM D,,0001137789-26-000129,2026-06-10,S,1536.5,821.741,324869.5,D,non_derivative,Ordinary Shares,,,,
1137789,2026-06-11,STX,Romano Gianluca,,0001137789-26-000128,2026-06-09,M,959.0,0.0,959.0,D,derivative,Restricted Share Unit,Ordinary Shares,959.0,0.0,
1137789,2026-06-11,STX,Teh Ban Seng,,0001137789-26-000131,2026-06-10,S,663.0,821.86,4290.0,D,non_derivative,Ordinary Shares,,,,
1137789,2026-06-11,STX,Chong Kian Fatt,,0001137789-26-000132,2026-06-09,M,202.0,0.0,202.0,D,derivative,Restricted Share Unit,Ordinary Shares,202.0,0.0,
1137789,2026-06-11,STX,Romano Gianluca,,0001137789-26-000128,2026-06-10,S,523.5,821.7308,41380.5,D,non_derivative,Ordinary Shares,,,,
1137789,2026-06-11,STX,Chong Kian Fatt,,0001137789-26-000132,2026-06-09,M,202.0,0.0,1461.0,D,non_derivative,Ordinary Shares,,,,
1137789,2026-06-11,STX,Teh Ban Seng,,0001137789-26-000131,2026-06-09,M,599.0,0.0,4290.0,D,non_derivative,Ordinary Shares,,,,
1137789,2026-06-11,STX,Teh Ban Seng,,0001137789-26-000131,2026-06-09,M,599.0,0.0,600.0,D,derivative,Restricted Share Unit,Ordinary Shares,599.0,0.0,
1137789,2026-06-15,STX,Morris John Christopher,,0001137789-26-000142,2026-06-11,M,942.0,0.0,4710.0,D,derivative,Restricted Share Unit,Ordinary Shares,942.0,0.0,
1137789,2026-06-15,STX,Romano Gianluca,,0001137789-26-000139,2026-06-11,M,1695.0,0.0,43763.5,D,non_derivative,Ordinary Shares,,,,
1137789,2026-06-15,STX,Teh Ban Seng,,0001137789-26-000141,2026-06-11,M,989.0,0.0,4945.0,D,derivative,Restricted Share Unit,Ordinary Shares,989.0,0.0,
1137789,2026-06-15,STX,Chong Kian Fatt,,0001137789-26-000140,2026-06-11,M,678.0,0.0,3392.0,D,derivative,Restricted Share Unit,Ordinary Shares,678.0,0.0,
1137789,2026-06-15,STX,MOSLEY WILLIAM D,,0001137789-26-000138,2026-06-11,M,3319.0,0.0,16595.0,D,derivative,Restricted Share Unit,Ordinary Shares,3319.0,0.0,
1137789,2026-06-15,STX,Morris John Christopher,,0001137789-26-000142,2026-06-11,M,942.0,0.0,13452.25,D,non_derivative,Ordinary Shares,,,,
1137789,2026-06-15,STX,Morris John Christopher,,0001137789-26-000142,2026-06-12,S,466.0,880.19,12986.25,D,non_derivative,Ordinary Shares,,,,
1137789,2026-06-15,STX,Romano Gianluca,,0001137789-26-000139,2026-06-12,S,903.25,880.1873,42860.25,D,non_derivative,Ordinary Shares,,,,
1137789,2026-06-15,STX,Romano Gianluca,,0001137789-26-000139,2026-06-11,M,1695.0,0.0,8475.0,D,derivative,Restricted Share Unit,Ordinary Shares,1695.0,0.0,
1137789,2026-06-15,STX,MOSLEY WILLIAM D,,0001137789-26-000138,2026-06-11,M,3319.0,0.0,329285.25,D,non_derivative,Ordinary Shares,,,,
1137789,2026-06-15,STX,Teh Ban Seng,,0001137789-26-000141,2026-06-12,S,989.0,880.19,4290.0,D,non_derivative,Ordinary Shares,,,,
1137789,2026-06-15,STX,Teh Ban Seng,,0001137789-26-000141,2026-06-11,M,989.0,0.0,5279.0,D,non_derivative,Ordinary Shares,,,,
1137789,2026-06-15,STX,MOSLEY WILLIAM D,,0001137789-26-000138,2026-06-12,S,1768.25,880.1888,327517.0,D,non_derivative,Ordinary Shares,,,,
1137789,2026-06-15,STX,Chong Kian Fatt,,0001137789-26-000140,2026-06-11,M,678.0,0.0,2518.0,D,non_derivative,Ordinary Shares,,,,
1137789,2026-07-02,STX,MOSLEY WILLIAM D,,0001137789-26-000148,2026-07-01,S,1480.0,919.6414,319380.0,D,non_derivative,Ordinary Shares,,,,
1137789,2026-07-02,STX,MOSLEY WILLIAM D,,0001137789-26-000147,2026-07-01,M,14000.0,0.0,125100.0,D,derivative,NQ Options,Ordinary Shares,14000.0,46.23,2027-09-09
1137789,2026-07-02,STX,MOSLEY WILLIAM D,,0001137789-26-000147,2026-07-01,M,14000.0,46.23,341517.0,D,non_derivative,Ordinary Shares,,,,
1137789,2026-07-02,STX,MOSLEY WILLIAM D,,0001137789-26-000147,2026-07-01,S,320.0,887.9738,341197.0,D,non_derivative,Ordinary Shares,,,,
1137789,2026-07-24,STX,Lee James CI,,0001137789-26-000150,2026-07-22,M,1237.0,0.0,9902.0,D,derivative,Restricted Share Unit,Ordinary Shares,1237.0,,
1137789,2026-07-24,STX,Lee James CI,,0001137789-26-000150,2026-07-22,M,1237.0,0.0,1561.0,D,non_derivative,Ordinary Shares,,,,
1137789,2026-07-24,STX,Lee James CI,,0001137789-26-000150,2026-07-23,S,542.25,905.0087,1018.75,D,non_derivative,Ordinary Shares,,,,
1137789,2026-08-03,STX,Lee James CI,,0001137789-26-000156,2026-07-30,S,694.0,877.45,346.75,D,non_derivative,Ordinary Shares,,,,
1137789,2026-08-04,STX,MOSLEY WILLIAM D,,0001137789-26-000163,2026-08-03,M,14000.0,46.23,325517.0,D,non_derivative,Ordinary Shares,,,,
1137789,2026-08-04,STX,MOSLEY WILLIAM D,,0001137789-26-000163,2026-08-03,S,80.0,783.835,325437.0,D,non_derivative,Ordinary Shares,,,,
1137789,2026-08-04,STX,Morris John Christopher,,0001137789-26-000165,2026-08-03,S,168.0,817.76,11920.25,D,non_derivative,Ordinary Shares,,,,
1137789,2026-08-04,STX,MOSLEY WILLIAM D,,0001137789-26-000164,2026-08-03,S,400.0,819.412,312197.0,D,non_derivative,Ordinary Shares,,,,
1137789,2026-08-04,STX,MOSLEY WILLIAM D,,0001137789-26-000163,2026-08-03,M,14000.0,0.0,111100.0,D,derivative,NQ Options,Ordinary Shares,14000.0,46.23,2027-09-09
1137789,2026-08-11,STX,Romano Gianluca,,0001137789-26-000171,2026-08-07,S,80.0,835.77,21463.25,D,non_derivative,Ordinary Shares,,,,
1137789,2026-08-11,STX,Romano Gianluca,,0001137789-26-000170,2026-08-07,S,320.0,799.6438,35314.25,D,non_derivative,Ordinary Shares,,,,
1137789,2026-08-11,STX,Romano Gianluca,,0001137789-26-000169,2026-08-07,S,200.0,763.394,42674.25,D,non_derivative,Ordinary Shares,,,,
1137789,2026-08-14,STX,Teh Ban Seng,,0001137789-26-000173,2026-08-13,M,1597.0,68.83,5887.0,D,non_derivative,Ordinary Shares,,,,
1137789,2026-08-14,STX,Teh Ban Seng,,0001137789-26-000173,2026-08-13,S,6002.0,920.14,4290.0,D,non_derivative,Ordinary Shares,,,,
1137789,2026-08-14,STX,Teh Ban Seng,,0001137789-26-000173,2026-08-13,M,1597.0,0.0,533.0,D,derivative,NQ Options,Ordinary Shares,1597.0,68.83,2029-09-09
