cik,filingDate,issuerTradingSymbol,reportingOwnerName,reportingOwnerRelationship,accessionNumber,transactionDate,transactionCode,transactionShares,transactionPricePerShare,sharesOwnedFollowingTransaction,directOrIndirectOwnership,transactionType,securityTitle,underlyingSecurityTitle,underlyingSecurityShares,exercisePrice,expirationDate
1650372,2022-10-04,TEAM,Cannon-Brookes Michael,"isDirector,isOfficer,isTenPercentOwner",0001562180-22-007008,2022-10-03,S,973.0,215.4883,541709.0,I,non_derivative,Class A Common Stock,,,,
1650372,2022-10-04,TEAM,Farquhar Scott,"isDirector,isOfficer,isTenPercentOwner",0001562180-22-007006,2022-10-03,S,200.0,212.35,542482.0,I,non_derivative,Class A Common Stock,,,,
1650372,2022-10-05,TEAM,Cannon-Brookes Michael,"isDirector,isOfficer,isTenPercentOwner",0001562180-22-007070,2022-10-04,S,400.0,224.5275,533668.0,I,non_derivative,Class A Common Stock,,,,
1650372,2022-10-05,TEAM,Farquhar Scott,"isDirector,isOfficer,isTenPercentOwner",0001562180-22-007071,2022-10-04,S,400.0,224.5275,533668.0,I,non_derivative,Class A Common Stock,,,,
1650372,2022-10-06,TEAM,Farquhar Scott,"isDirector,isOfficer,isTenPercentOwner",0001562180-22-007112,2022-10-05,S,256.0,238.3708,525198.0,I,non_derivative,Class A Common Stock,,,,
1650372,2022-10-06,TEAM,Cannon-Brookes Michael,"isDirector,isOfficer,isTenPercentOwner",0001562180-22-007113,2022-10-05,S,650.0,231.138,524804.0,I,non_derivative,Class A Common Stock,,,,
1650372,2022-10-07,TEAM,Cannon-Brookes Michael,"isDirector,isOfficer,isTenPercentOwner",0001562180-22-007126,2022-10-06,S,442.0,238.8684,516398.0,I,non_derivative,Class A Common Stock,,,,
1650372,2022-10-07,TEAM,Farquhar Scott,"isDirector,isOfficer,isTenPercentOwner",0001562180-22-007127,2022-10-06,S,155.0,237.6949,516685.0,I,non_derivative,Class A Common Stock,,,,
1650372,2022-10-11,TEAM,Farquhar Scott,"isDirector,isOfficer,isTenPercentOwner",0001562180-22-007163,2022-10-10,S,681.0,219.8377,498931.0,I,non_derivative,Class A Common Stock,,,,
1650372,2022-10-11,TEAM,Cannon-Brookes Michael,"isDirector,isOfficer,isTenPercentOwner",0001562180-22-007164,2022-10-10,S,100.0,228.455,499512.0,I,non_derivative,Class A Common Stock,,,,
1650372,2022-10-11,TEAM,Farquhar Scott,"isDirector,isOfficer,isTenPercentOwner",0001562180-22-007157,2022-10-07,S,300.0,226.78,507926.0,I,non_derivative,Class A Common Stock,,,,
1650372,2022-10-11,TEAM,Cannon-Brookes Michael,"isDirector,isOfficer,isTenPercentOwner",0001562180-22-007158,2022-10-07,S,50.0,232.96,508176.0,I,non_derivative,Class A Common Stock,,,,
1650372,2022-10-12,TEAM,Cannon-Brookes Michael,"isDirector,isOfficer,isTenPercentOwner",0001562180-22-007170,2022-10-11,S,200.0,216.3975,490798.0,I,non_derivative,Class A Common Stock,,,,
1650372,2022-10-12,TEAM,Farquhar Scott,"isDirector,isOfficer,isTenPercentOwner",0001562180-22-007169,2022-10-11,S,400.0,208.57,490598.0,I,non_derivative,Class A Common Stock,,,,
1650372,2022-10-13,TEAM,Farquhar Scott,"isDirector,isOfficer,isTenPercentOwner",0001562180-22-007182,2022-10-12,S,200.0,197.83,482184.0,I,non_derivative,Class A Common Stock,,,,
1650372,2022-10-13,TEAM,Cannon-Brookes Michael,"isDirector,isOfficer,isTenPercentOwner",0001562180-22-007188,2022-10-13,S,800.0,189.1619,472970.0,I,non_derivative,Class A Common Stock,,,,
1650372,2022-10-13,TEAM,Cannon-Brookes Michael,"isDirector,isOfficer,isTenPercentOwner",0001562180-22-007183,2022-10-12,S,200.0,197.83,482184.0,I,non_derivative,Class A Common Stock,,,,
1650372,2022-10-13,TEAM,Farquhar Scott,"isDirector,isOfficer,isTenPercentOwner",0001562180-22-007189,2022-10-13,S,450.0,198.5611,473320.0,I,non_derivative,Class A Common Stock,,,,
1650372,2022-10-17,TEAM,Cannon-Brookes Michael,"isDirector,isOfficer,isTenPercentOwner",0001562180-22-007217,2022-10-14,S,50.0,207.25,465106.0,I,non_derivative,Class A Common Stock,,,,
1650372,2022-10-17,TEAM,Farquhar Scott,"isDirector,isOfficer,isTenPercentOwner",0001562180-22-007216,2022-10-14,S,350.0,201.6471,464806.0,I,non_derivative,Class A Common Stock,,,,
1650372,2022-10-18,TEAM,Cannon-Brookes Michael,"isDirector,isOfficer,isTenPercentOwner",0001562180-22-007255,2022-10-17,S,400.0,197.1425,456142.0,I,non_derivative,Class A Common Stock,,,,
1650372,2022-10-18,TEAM,BINZ JOSEPH LEO,isOfficer,0001562180-22-007262,2022-10-15,A,68379.0,0.0,73379.0,D,non_derivative,Class A Common Stock,,,,
1650372,2022-10-18,TEAM,Farquhar Scott,"isDirector,isOfficer,isTenPercentOwner",0001562180-22-007256,2022-10-17,S,200.0,194.6548,456342.0,I,non_derivative,Class A Common Stock,,,,
1650372,2022-10-19,TEAM,Farquhar Scott,"isDirector,isOfficer,isTenPercentOwner",0001562180-22-007289,2022-10-18,S,400.0,208.185,447528.0,I,non_derivative,Class A Common Stock,,,,
1650372,2022-10-19,TEAM,Cannon-Brookes Michael,"isDirector,isOfficer,isTenPercentOwner",0001562180-22-007290,2022-10-18,S,650.0,210.2577,447278.0,I,non_derivative,Class A Common Stock,,,,
1650372,2022-10-20,TEAM,Cannon-Brookes Michael,"isDirector,isOfficer,isTenPercentOwner",0001562180-22-007296,2022-10-19,S,993.0,189.3267,438321.0,I,non_derivative,Class A Common Stock,,,,
1650372,2022-10-20,TEAM,Farquhar Scott,"isDirector,isOfficer,isTenPercentOwner",0001562180-22-007295,2022-10-19,S,500.0,194.6001,438814.0,I,non_derivative,Class A Common Stock,,,,
1650372,2022-10-21,TEAM,Cannon-Brookes Michael,"isDirector,isOfficer,isTenPercentOwner",0001562180-22-007303,2022-10-20,S,450.0,196.2923,430250.0,I,non_derivative,Class A Common Stock,,,,
1650372,2022-10-21,TEAM,Farquhar Scott,"isDirector,isOfficer,isTenPercentOwner",0001562180-22-007302,2022-10-20,S,450.0,196.2923,430250.0,I,non_derivative,Class A Common Stock,,,,
1650372,2022-10-24,TEAM,Cannon-Brookes Michael,"isDirector,isOfficer,isTenPercentOwner",0001562180-22-007311,2022-10-21,S,750.0,188.1093,421336.0,I,non_derivative,Class A Common Stock,,,,
1650372,2022-10-24,TEAM,Farquhar Scott,"isDirector,isOfficer,isTenPercentOwner",0001562180-22-007310,2022-10-21,S,800.0,189.1719,421286.0,I,non_derivative,Class A Common Stock,,,,
1650372,2022-10-25,TEAM,Cannon-Brookes Michael,"isDirector,isOfficer,isTenPercentOwner",0001562180-22-007319,2022-10-24,S,1831.0,192.0415,411641.0,I,non_derivative,Class A Common Stock,,,,
1650372,2022-10-25,TEAM,Farquhar Scott,"isDirector,isOfficer,isTenPercentOwner",0001562180-22-007318,2022-10-24,S,700.0,189.4692,412772.0,I,non_derivative,Class A Common Stock,,,,
1650372,2022-10-26,TEAM,Cannon-Brookes Michael,"isDirector,isOfficer,isTenPercentOwner",0001562180-22-007324,2022-10-25,S,843.0,204.1699,404015.0,I,non_derivative,Class A Common Stock,,,,
1650372,2022-10-26,TEAM,Farquhar Scott,"isDirector,isOfficer,isTenPercentOwner",0001562180-22-007325,2022-10-25,S,401.0,199.8754,404457.0,I,non_derivative,Class A Common Stock,,,,
1650372,2022-10-27,TEAM,Cannon-Brookes Michael,"isDirector,isOfficer,isTenPercentOwner",0001562180-22-007347,2022-10-26,S,642.0,203.9415,395602.0,I,non_derivative,Class A Common Stock,,,,
1650372,2022-10-27,TEAM,Farquhar Scott,"isDirector,isOfficer,isTenPercentOwner",0001562180-22-007348,2022-10-26,S,500.0,199.1853,395744.0,I,non_derivative,Class A Common Stock,,,,
1650372,2022-10-28,TEAM,Farquhar Scott,"isDirector,isOfficer,isTenPercentOwner",0001562180-22-007371,2022-10-27,S,1564.0,197.8729,386066.0,I,non_derivative,Class A Common Stock,,,,
1650372,2022-10-28,TEAM,Cannon-Brookes Michael,"isDirector,isOfficer,isTenPercentOwner",0001562180-22-007370,2022-10-27,S,1779.0,198.6719,385851.0,I,non_derivative,Class A Common Stock,,,,
1650372,2022-10-31,TEAM,Cannon-Brookes Michael,"isDirector,isOfficer,isTenPercentOwner",0001562180-22-007383,2022-10-28,S,400.0,198.4863,378616.0,I,non_derivative,Class A Common Stock,,,,
1650372,2022-10-31,TEAM,Farquhar Scott,"isDirector,isOfficer,isTenPercentOwner",0001562180-22-007382,2022-10-28,S,617.0,195.3327,378399.0,I,non_derivative,Class A Common Stock,,,,
1650372,2022-11-01,TEAM,Cannon-Brookes Michael,"isDirector,isOfficer,isTenPercentOwner",0001562180-22-007410,2022-10-31,S,1170.0,204.9093,369232.0,I,non_derivative,Class A Common Stock,,,,
1650372,2022-11-01,TEAM,Farquhar Scott,"isDirector,isOfficer,isTenPercentOwner",0001562180-22-007409,2022-10-31,S,500.0,200.054,369902.0,I,non_derivative,Class A Common Stock,,,,
1650372,2022-11-02,TEAM,Cannon-Brookes Michael,"isDirector,isOfficer,isTenPercentOwner",0001562180-22-007426,2022-11-01,S,25.0,201.11,361763.0,I,non_derivative,Class A Common Stock,,,,
1650372,2022-11-02,TEAM,Farquhar Scott,"isDirector,isOfficer,isTenPercentOwner",0001562180-22-007427,2022-11-01,S,1747.0,192.9682,360041.0,I,non_derivative,Class A Common Stock,,,,
1650372,2022-11-03,TEAM,Cannon-Brookes Michael,"isDirector,isOfficer,isTenPercentOwner",0001562180-22-007488,2022-11-02,S,258.0,182.5054,352916.0,I,non_derivative,Class A Common Stock,,,,
1650372,2022-11-03,TEAM,Farquhar Scott,"isDirector,isOfficer,isTenPercentOwner",0001562180-22-007500,2022-11-03,S,996.0,176.762,343564.0,I,non_derivative,Class A Common Stock,,,,
1650372,2022-11-03,TEAM,Cannon-Brookes Michael,"isDirector,isOfficer,isTenPercentOwner",0001562180-22-007499,2022-11-03,S,400.0,171.5425,344160.0,I,non_derivative,Class A Common Stock,,,,
1650372,2022-11-03,TEAM,Farquhar Scott,"isDirector,isOfficer,isTenPercentOwner",0001562180-22-007489,2022-11-02,S,550.0,178.2691,352624.0,I,non_derivative,Class A Common Stock,,,,
1650372,2022-11-07,TEAM,Farquhar Scott,"isDirector,isOfficer,isTenPercentOwner",0001562180-22-007521,2022-11-04,S,250.0,115.94,335696.0,I,non_derivative,Class A Common Stock,,,,
1650372,2022-11-07,TEAM,Cannon-Brookes Michael,"isDirector,isOfficer,isTenPercentOwner",0001562180-22-007520,2022-11-04,S,50.0,132.23,335896.0,I,non_derivative,Class A Common Stock,,,,
1650372,2022-11-08,TEAM,Farquhar Scott,"isDirector,isOfficer,isTenPercentOwner",0001562180-22-007572,2022-11-07,S,2467.0,119.3257,324865.0,I,non_derivative,Class A Common Stock,,,,
1650372,2022-11-08,TEAM,Cannon-Brookes Michael,"isDirector,isOfficer,isTenPercentOwner",0001562180-22-007571,2022-11-07,S,593.0,117.0326,326739.0,I,non_derivative,Class A Common Stock,,,,
1650372,2022-11-09,TEAM,Farquhar Scott,"isDirector,isOfficer,isTenPercentOwner",0001562180-22-007584,2022-11-08,S,697.0,127.3855,318021.0,I,non_derivative,Class A Common Stock,,,,
1650372,2022-11-09,TEAM,Cannon-Brookes Michael,"isDirector,isOfficer,isTenPercentOwner",0001562180-22-007583,2022-11-08,S,1669.0,122.4758,317049.0,I,non_derivative,Class A Common Stock,,,,
1650372,2022-11-10,TEAM,Farquhar Scott,"isDirector,isOfficer,isTenPercentOwner",0001562180-22-007612,2022-11-10,S,288.0,136.2742,301202.0,I,non_derivative,Class A Common Stock,,,,
1650372,2022-11-10,TEAM,Cannon-Brookes Michael,"isDirector,isOfficer,isTenPercentOwner",0001562180-22-007613,2022-11-10,S,758.0,143.7344,300732.0,I,non_derivative,Class A Common Stock,,,,
1650372,2022-11-10,TEAM,Farquhar Scott,"isDirector,isOfficer,isTenPercentOwner",0001562180-22-007609,2022-11-09,S,1448.0,122.7269,308656.0,I,non_derivative,Class A Common Stock,,,,
1650372,2022-11-10,TEAM,Cannon-Brookes Michael,"isDirector,isOfficer,isTenPercentOwner",0001562180-22-007610,2022-11-09,S,1448.0,122.7269,308656.0,I,non_derivative,Class A Common Stock,,,,
1650372,2022-11-14,TEAM,Farquhar Scott,"isDirector,isOfficer,isTenPercentOwner",0001562180-22-007641,2022-11-11,S,2414.0,143.5912,290462.0,I,non_derivative,Class A Common Stock,,,,
1650372,2022-11-14,TEAM,Cannon-Brookes Michael,"isDirector,isOfficer,isTenPercentOwner",0001562180-22-007640,2022-11-11,S,700.0,140.9193,292176.0,I,non_derivative,Class A Common Stock,,,,
1650372,2022-11-15,TEAM,Cannon-Brookes Michael,"isDirector,isOfficer,isTenPercentOwner",0001562180-22-007676,2022-11-14,S,1476.0,134.3963,282786.0,I,non_derivative,Class A Common Stock,,,,
1650372,2022-11-15,TEAM,BHARADWAJ ANUTTHARA,isOfficer,0001562180-22-007696,2022-11-14,S,68.0,132.0249,111361.0,D,non_derivative,Class A Common Stock,,,,
1650372,2022-11-15,TEAM,Farquhar Scott,"isDirector,isOfficer,isTenPercentOwner",0001562180-22-007674,2022-11-14,S,997.0,138.2677,283265.0,I,non_derivative,Class A Common Stock,,,,
1650372,2022-11-15,TEAM,LIU GENE,isOfficer,0001562180-22-007694,2022-11-14,S,9.0,136.8005,51304.0,D,non_derivative,Class A Common Stock,,,,
1650372,2022-11-15,TEAM,DEATSCH CAMERON,isOfficer,0001562180-22-007695,2022-11-14,S,653.0,135.997,136098.0,D,non_derivative,Class A Common Stock,,,,
1650372,2022-11-16,TEAM,Farquhar Scott,"isDirector,isOfficer,isTenPercentOwner",0001562180-22-007718,2022-11-15,S,821.0,143.5177,274827.0,I,non_derivative,Class A Common Stock,,,,
1650372,2022-11-16,TEAM,Cannon-Brookes Michael,"isDirector,isOfficer,isTenPercentOwner",0001562180-22-007717,2022-11-15,S,1336.0,144.6992,274312.0,I,non_derivative,Class A Common Stock,,,,
1650372,2022-11-17,TEAM,Cannon-Brookes Michael,"isDirector,isOfficer,isTenPercentOwner",0001562180-22-007745,2022-11-16,S,2100.0,131.7624,264934.0,I,non_derivative,Class A Common Stock,,,,
1650372,2022-11-17,TEAM,Farquhar Scott,"isDirector,isOfficer,isTenPercentOwner",0001562180-22-007744,2022-11-16,S,376.0,133.5047,266658.0,I,non_derivative,Class A Common Stock,,,,
1650372,2022-11-18,TEAM,Cannon-Brookes Michael,"isDirector,isOfficer,isTenPercentOwner",0001562180-22-007765,2022-11-17,S,2310.0,126.2123,256110.0,I,non_derivative,Class A Common Stock,,,,
1650372,2022-11-18,TEAM,Farquhar Scott,"isDirector,isOfficer,isTenPercentOwner",0001562180-22-007762,2022-11-17,S,2310.0,126.2123,256110.0,I,non_derivative,Class A Common Stock,,,,
1650372,2022-11-21,TEAM,Cannon-Brookes Michael,"isDirector,isOfficer,isTenPercentOwner",0001562180-22-007800,2022-11-18,S,100.0,121.595,249706.0,I,non_derivative,Class A Common Stock,,,,
1650372,2022-11-21,TEAM,Farquhar Scott,"isDirector,isOfficer,isTenPercentOwner",0001562180-22-007799,2022-11-18,S,3006.0,118.6826,246800.0,I,non_derivative,Class A Common Stock,,,,
1650372,2022-11-22,TEAM,DEATSCH CAMERON,isOfficer,0001562180-22-007843,2022-11-21,S,304.0,116.3433,134436.0,D,non_derivative,Class A Common Stock,,,,
1650372,2022-11-22,TEAM,Farquhar Scott,"isDirector,isOfficer,isTenPercentOwner",0001562180-22-007822,2022-11-21,S,915.0,116.5226,240277.0,I,non_derivative,Class A Common Stock,,,,
1650372,2022-11-22,TEAM,Cannon-Brookes Michael,"isDirector,isOfficer,isTenPercentOwner",0001562180-22-007823,2022-11-21,S,914.0,116.5225,240278.0,I,non_derivative,Class A Common Stock,,,,
1650372,2022-11-22,TEAM,BHARADWAJ ANUTTHARA,isOfficer,0001562180-22-007841,2022-11-21,S,1195.0,115.2538,108559.0,D,non_derivative,Class A Common Stock,,,,
1650372,2022-11-22,TEAM,RAJAN RAJEEV BASHYAM,isOfficer,0001562180-22-007845,2022-11-21,S,1277.0,115.2538,116426.0,D,non_derivative,Class A Common Stock,,,,
1650372,2022-11-22,TEAM,LIU GENE,isOfficer,0001562180-22-007844,2022-11-21,S,3.0,116.95,51174.0,D,non_derivative,Class A Common Stock,,,,
1650372,2022-11-23,TEAM,Farquhar Scott,"isDirector,isOfficer,isTenPercentOwner",0001562180-22-007886,2022-11-22,S,1847.0,115.387,230731.0,I,non_derivative,Class A Common Stock,,,,
1650372,2022-11-23,TEAM,Cannon-Brookes Michael,"isDirector,isOfficer,isTenPercentOwner",0001562180-22-007895,2022-11-23,S,1336.0,121.5651,222628.0,I,non_derivative,Class A Common Stock,,,,
1650372,2022-11-23,TEAM,Farquhar Scott,"isDirector,isOfficer,isTenPercentOwner",0001562180-22-007894,2022-11-23,S,1563.0,120.5649,222401.0,I,non_derivative,Class A Common Stock,,,,
1650372,2022-11-23,TEAM,RAJAN RAJEEV BASHYAM,isOfficer,0001562180-22-007893,2022-11-23,S,442.0,117.07,114133.0,D,non_derivative,Class A Common Stock,,,,
1650372,2022-11-23,TEAM,Cannon-Brookes Michael,"isDirector,isOfficer,isTenPercentOwner",0001562180-22-007887,2022-11-22,S,1626.0,116.9446,230952.0,I,non_derivative,Class A Common Stock,,,,
1650372,2022-11-28,TEAM,Cannon-Brookes Michael,"isDirector,isOfficer,isTenPercentOwner",0001562180-22-007915,2022-11-25,S,4527.0,124.1412,210823.0,I,non_derivative,Class A Common Stock,,,,
1650372,2022-11-28,TEAM,Farquhar Scott,"isDirector,isOfficer,isTenPercentOwner",0001562180-22-007914,2022-11-25,S,1596.0,122.3886,213754.0,I,non_derivative,Class A Common Stock,,,,
1650372,2022-11-29,TEAM,Farquhar Scott,"isDirector,isOfficer,isTenPercentOwner",0001562180-22-007926,2022-11-28,S,2028.0,127.0009,204708.0,I,non_derivative,Class A Common Stock,,,,
1650372,2022-11-29,TEAM,Cannon-Brookes Michael,"isDirector,isOfficer,isTenPercentOwner",0001562180-22-007925,2022-11-28,S,807.0,125.3891,205929.0,I,non_derivative,Class A Common Stock,,,,
1650372,2022-11-30,TEAM,Farquhar Scott,"isDirector,isOfficer,isTenPercentOwner",0001562180-22-007956,2022-11-29,S,1689.0,126.0108,196433.0,I,non_derivative,Class A Common Stock,,,,
1650372,2022-11-30,TEAM,Cannon-Brookes Michael,"isDirector,isOfficer,isTenPercentOwner",0001562180-22-007955,2022-11-29,S,2465.0,122.7889,195657.0,I,non_derivative,Class A Common Stock,,,,
1650372,2022-12-01,TEAM,Cannon-Brookes Michael,"isDirector,isOfficer,isTenPercentOwner",0001562180-22-007978,2022-11-30,S,1590.0,131.2932,187918.0,I,non_derivative,Class A Common Stock,,,,
1650372,2022-12-01,TEAM,Farquhar Scott,"isDirector,isOfficer,isTenPercentOwner",0001562180-22-007977,2022-11-30,S,575.0,130.0754,188933.0,I,non_derivative,Class A Common Stock,,,,
1650372,2022-12-02,TEAM,Farquhar Scott,"isDirector,isOfficer,isTenPercentOwner",0001562180-22-007998,2022-12-01,S,250.0,134.176,180644.0,I,non_derivative,Class A Common Stock,,,,
1650372,2022-12-02,TEAM,Cannon-Brookes Michael,"isDirector,isOfficer,isTenPercentOwner",0001562180-22-007997,2022-12-01,S,2717.0,137.3583,178177.0,I,non_derivative,Class A Common Stock,,,,
1650372,2022-12-05,TEAM,Sordello Steven J,isDirector,0001562180-22-008033,2022-12-02,A,1880.0,0.0,48589.0,D,non_derivative,Class A Common Stock,,,,
1650372,2022-12-05,TEAM,Cannon-Brookes Michael,"isDirector,isOfficer,isTenPercentOwner",0001562180-22-008028,2022-12-02,S,4269.0,140.3931,168011.0,I,non_derivative,Class A Common Stock,,,,
1650372,2022-12-05,TEAM,Farquhar Scott,"isDirector,isOfficer,isTenPercentOwner",0001562180-22-008029,2022-12-02,S,852.0,142.2203,171428.0,I,non_derivative,Class A Common Stock,,,,
1650372,2022-12-05,TEAM,Brown Shona L,isDirector,0001562180-22-008030,2022-12-02,A,1880.0,0.0,34575.0,D,non_derivative,Class A Common Stock,,,,
1650372,2022-12-05,TEAM,FERNANDEZ HEATHER MIRJAHANGIR,isDirector,0001562180-22-008031,2022-12-02,A,1880.0,0.0,16205.0,D,non_derivative,Class A Common Stock,,,,
1650372,2022-12-05,TEAM,Goodarzi Sasan K,isDirector,0001562180-22-008036,2022-12-02,A,1880.0,0.0,14689.0,D,non_derivative,Class A Common Stock,,,,
1650372,2022-12-05,TEAM,Salem Enrique T,,0000899243-22-037622,2022-12-02,A,1880.0,0.0,134162.0,D,non_derivative,Class A Common Stock,,,,
1650372,2022-12-05,TEAM,Wong Rich,isDirector,0001562180-22-008032,2022-12-02,A,1880.0,0.0,122473.0,D,non_derivative,Class A Common Stock,,,,
1650372,2022-12-05,TEAM,Parikh Jay,isDirector,0001562180-22-008034,2022-12-02,A,1880.0,0.0,23355.0,D,non_derivative,Class A Common Stock,,,,
1650372,2022-12-05,TEAM,Zatlyn Michelle,isDirector,0001562180-22-008035,2022-12-02,A,1880.0,0.0,2762.0,D,non_derivative,Class A Common Stock,,,,
1650372,2022-12-06,TEAM,Cannon-Brookes Michael,"isDirector,isOfficer,isTenPercentOwner",0001562180-22-008112,2022-12-05,S,1356.0,132.3022,162310.0,I,non_derivative,Class A Common Stock,,,,
1650372,2022-12-06,TEAM,Farquhar Scott,"isDirector,isOfficer,isTenPercentOwner",0001562180-22-008113,2022-12-05,S,544.0,140.9047,163122.0,I,non_derivative,Class A Common Stock,,,,
1650372,2022-12-07,TEAM,Cannon-Brookes Michael,"isDirector,isOfficer,isTenPercentOwner",0001562180-22-008143,2022-12-06,S,450.0,126.5509,154602.0,I,non_derivative,Class A Common Stock,,,,
1650372,2022-12-07,TEAM,Farquhar Scott,"isDirector,isOfficer,isTenPercentOwner",0001562180-22-008144,2022-12-06,S,450.0,126.5508,154602.0,I,non_derivative,Class A Common Stock,,,,
1650372,2022-12-08,TEAM,Farquhar Scott,"isDirector,isOfficer,isTenPercentOwner",0001562180-22-008172,2022-12-07,S,978.0,123.0142,145460.0,I,non_derivative,Class A Common Stock,,,,
1650372,2022-12-08,TEAM,Farquhar Scott,"isDirector,isOfficer,isTenPercentOwner",0001562180-22-008175,2022-12-08,S,450.0,133.9844,137374.0,I,non_derivative,Class A Common Stock,,,,
1650372,2022-12-08,TEAM,Cannon-Brookes Michael,"isDirector,isOfficer,isTenPercentOwner",0001562180-22-008174,2022-12-08,S,1967.0,136.964,135857.0,I,non_derivative,Class A Common Stock,,,,
1650372,2022-12-08,TEAM,Cannon-Brookes Michael,"isDirector,isOfficer,isTenPercentOwner",0001562180-22-008173,2022-12-07,S,1906.0,124.1419,144532.0,I,non_derivative,Class A Common Stock,,,,
1650372,2022-12-12,TEAM,Cannon-Brookes Michael,"isDirector,isOfficer,isTenPercentOwner",0001562180-22-008213,2022-12-09,S,100.0,134.85,129110.0,I,non_derivative,Class A Common Stock,,,,
1650372,2022-12-12,TEAM,Farquhar Scott,"isDirector,isOfficer,isTenPercentOwner",0001562180-22-008212,2022-12-09,S,1586.0,139.9234,127624.0,I,non_derivative,Class A Common Stock,,,,
1650372,2022-12-13,TEAM,Cannon-Brookes Michael,"isDirector,isOfficer,isTenPercentOwner",0001562180-22-008266,2022-12-12,S,150.0,137.2333,120446.0,I,non_derivative,Class A Common Stock,,,,
1650372,2022-12-13,TEAM,Farquhar Scott,"isDirector,isOfficer,isTenPercentOwner",0001562180-22-008267,2022-12-12,S,450.0,138.8644,120146.0,I,non_derivative,Class A Common Stock,,,,
1650372,2022-12-14,TEAM,Cannon-Brookes Michael,"isDirector,isOfficer,isTenPercentOwner",0001562180-22-008284,2022-12-13,S,1606.0,144.2684,110376.0,I,non_derivative,Class A Common Stock,,,,
1650372,2022-12-14,TEAM,Farquhar Scott,"isDirector,isOfficer,isTenPercentOwner",0001562180-22-008283,2022-12-13,S,300.0,141.9567,111682.0,I,non_derivative,Class A Common Stock,,,,
1650372,2022-12-15,TEAM,Cannon-Brookes Michael,"isDirector,isOfficer,isTenPercentOwner",0001562180-22-008323,2022-12-14,S,714.0,150.707,102654.0,I,non_derivative,Class A Common Stock,,,,
1650372,2022-12-15,TEAM,Farquhar Scott,"isDirector,isOfficer,isTenPercentOwner",0001562180-22-008324,2022-12-14,S,50.0,145.18,103318.0,I,non_derivative,Class A Common Stock,,,,
1650372,2022-12-16,TEAM,Farquhar Scott,"isDirector,isOfficer,isTenPercentOwner",0001562180-22-008341,2022-12-15,S,3588.0,145.4522,91166.0,I,non_derivative,Class A Common Stock,,,,
1650372,2022-12-16,TEAM,Cannon-Brookes Michael,"isDirector,isOfficer,isTenPercentOwner",0001562180-22-008342,2022-12-15,S,1024.0,144.2848,93730.0,I,non_derivative,Class A Common Stock,,,,
1650372,2022-12-16,TEAM,BHARADWAJ ANUTTHARA,isOfficer,0001562180-22-008343,2022-12-15,A,30000.0,0.0,136160.0,D,non_derivative,Class A Common Stock,,,,
1650372,2022-12-19,TEAM,Farquhar Scott,"isDirector,isOfficer,isTenPercentOwner",0001562180-22-008368,2022-12-16,S,850.0,148.2429,85290.0,I,non_derivative,Class A Common Stock,,,,
1650372,2022-12-19,TEAM,BHARADWAJ ANUTTHARA,isOfficer,0001562180-22-008370,2022-12-16,S,667.0,145.49,135493.0,D,non_derivative,Class A Common Stock,,,,
1650372,2022-12-19,TEAM,Cannon-Brookes Michael,"isDirector,isOfficer,isTenPercentOwner",0001562180-22-008369,2022-12-16,S,1000.0,144.6073,85140.0,I,non_derivative,Class A Common Stock,,,,
1650372,2022-12-20,TEAM,Cannon-Brookes Michael,"isDirector,isOfficer,isTenPercentOwner",0001562180-22-008378,2022-12-19,S,1250.0,141.3043,76276.0,I,non_derivative,Class A Common Stock,,,,
1650372,2022-12-20,TEAM,Farquhar Scott,"isDirector,isOfficer,isTenPercentOwner",0001562180-22-008377,2022-12-19,S,1712.0,140.3263,75814.0,I,non_derivative,Class A Common Stock,,,,
1650372,2022-12-21,TEAM,Farquhar Scott,"isDirector,isOfficer,isTenPercentOwner",0001562180-22-008407,2022-12-20,S,1443.0,138.0295,67469.0,I,non_derivative,Class A Common Stock,,,,
1650372,2022-12-21,TEAM,Cannon-Brookes Michael,"isDirector,isOfficer,isTenPercentOwner",0001562180-22-008406,2022-12-20,S,1443.0,138.0295,67469.0,I,non_derivative,Class A Common Stock,,,,
1650372,2022-12-22,TEAM,Cannon-Brookes Michael,"isDirector,isOfficer,isTenPercentOwner",0001562180-22-008420,2022-12-21,S,350.0,135.5643,59948.0,I,non_derivative,Class A Common Stock,,,,
1650372,2022-12-22,TEAM,Farquhar Scott,"isDirector,isOfficer,isTenPercentOwner",0001562180-22-008419,2022-12-21,S,350.0,135.5643,59948.0,I,non_derivative,Class A Common Stock,,,,
1650372,2022-12-23,TEAM,Cannon-Brookes Michael,"isDirector,isOfficer,isTenPercentOwner",0001562180-22-008430,2022-12-23,S,1164.0,127.0866,41906.0,I,non_derivative,Class A Common Stock,,,,
1650372,2022-12-23,TEAM,Farquhar Scott,"isDirector,isOfficer,isTenPercentOwner",0001562180-22-008426,2022-12-22,S,1236.0,128.1831,50448.0,I,non_derivative,Class A Common Stock,,,,
1650372,2022-12-23,TEAM,Cannon-Brookes Michael,"isDirector,isOfficer,isTenPercentOwner",0001562180-22-008425,2022-12-22,S,600.0,131.4692,51084.0,I,non_derivative,Class A Common Stock,,,,
1650372,2022-12-28,TEAM,Farquhar Scott,"isDirector,isOfficer,isTenPercentOwner",0001562180-22-008439,2022-12-27,S,4690.0,124.8697,29766.0,I,non_derivative,Class A Common Stock,,,,
1650372,2022-12-28,TEAM,Cannon-Brookes Michael,"isDirector,isOfficer,isTenPercentOwner",0001562180-22-008438,2022-12-27,S,4689.0,124.8698,29767.0,I,non_derivative,Class A Common Stock,,,,
1650372,2022-12-29,TEAM,Cannon-Brookes Michael,"isDirector,isOfficer,isTenPercentOwner",0001562180-22-008448,2022-12-28,S,50.0,126.43,25792.0,I,non_derivative,Class A Common Stock,,,,
1650372,2022-12-29,TEAM,Farquhar Scott,"isDirector,isOfficer,isTenPercentOwner",0001562180-22-008447,2022-12-28,S,539.0,125.6703,25303.0,I,non_derivative,Class A Common Stock,,,,
1650372,2022-12-30,TEAM,Farquhar Scott,"isDirector,isOfficer,isTenPercentOwner",0001562180-22-008457,2022-12-29,S,6347.0,129.6308,10881.0,I,non_derivative,Class A Common Stock,,,,
1650372,2022-12-30,TEAM,Cannon-Brookes Michael,"isDirector,isOfficer,isTenPercentOwner",0001562180-22-008458,2022-12-29,S,350.0,127.3229,16878.0,I,non_derivative,Class A Common Stock,,,,
1650372,2023-01-03,TEAM,Cannon-Brookes Michael,"isDirector,isOfficer,isTenPercentOwner",0001562180-23-000049,2023-01-03,C,534068.0,,534068.0,I,non_derivative,Class A Common Stock,,,,
1650372,2023-01-03,TEAM,Farquhar Scott,"isDirector,isOfficer,isTenPercentOwner",0001562180-23-000050,2023-01-03,C,534068.0,,534068.0,I,non_derivative,Class A Common Stock,,,,
1650372,2023-01-03,TEAM,Farquhar Scott,"isDirector,isOfficer,isTenPercentOwner",0001562180-23-000050,2023-01-03,C,534068.0,0.0,53089777.0,I,derivative,Class B Common Stock,Class A Common Stock,534068.0,,
1650372,2023-01-03,TEAM,Farquhar Scott,"isDirector,isOfficer,isTenPercentOwner",0001562180-23-000016,2022-12-30,S,2200.0,126.7542,6414.0,I,non_derivative,Class A Common Stock,,,,
1650372,2023-01-03,TEAM,Cannon-Brookes Michael,"isDirector,isOfficer,isTenPercentOwner",0001562180-23-000015,2022-12-30,S,2426.0,128.6972,6188.0,I,non_derivative,Class A Common Stock,,,,
1650372,2023-01-03,TEAM,Cannon-Brookes Michael,"isDirector,isOfficer,isTenPercentOwner",0001562180-23-000049,2023-01-03,C,534068.0,0.0,53089777.0,I,derivative,Class B Common Stock,Class A Common Stock,534068.0,,
1650372,2023-01-04,TEAM,Cannon-Brookes Michael,"isDirector,isOfficer,isTenPercentOwner",0001562180-23-000184,2023-01-03,S,300.0,130.2333,533768.0,I,non_derivative,Class A Common Stock,,,,
1650372,2023-01-04,TEAM,Farquhar Scott,"isDirector,isOfficer,isTenPercentOwner",0001562180-23-000183,2023-01-03,S,200.0,131.5675,533868.0,I,non_derivative,Class A Common Stock,,,,
1650372,2023-01-05,TEAM,Cannon-Brookes Michael,"isDirector,isOfficer,isTenPercentOwner",0001562180-23-000231,2023-01-04,S,3132.0,126.1967,522322.0,I,non_derivative,Class A Common Stock,,,,
1650372,2023-01-05,TEAM,Farquhar Scott,"isDirector,isOfficer,isTenPercentOwner",0001562180-23-000232,2023-01-04,S,3539.0,127.1071,521915.0,I,non_derivative,Class A Common Stock,,,,
1650372,2023-01-06,TEAM,Farquhar Scott,"isDirector,isOfficer,isTenPercentOwner",0001562180-23-000270,2023-01-05,S,945.0,123.3467,515895.0,I,non_derivative,Class A Common Stock,,,,
1650372,2023-01-06,TEAM,Cannon-Brookes Michael,"isDirector,isOfficer,isTenPercentOwner",0001562180-23-000269,2023-01-05,S,1550.0,121.2737,515290.0,I,non_derivative,Class A Common Stock,,,,
1650372,2023-01-09,TEAM,Farquhar Scott,"isDirector,isOfficer,isTenPercentOwner",0001562180-23-000302,2023-01-06,S,754.0,119.602,507472.0,I,non_derivative,Class A Common Stock,,,,
1650372,2023-01-09,TEAM,Cannon-Brookes Michael,"isDirector,isOfficer,isTenPercentOwner",0001562180-23-000301,2023-01-06,S,600.0,117.16,490398.0,I,non_derivative,Class A Common Stock,,,,
1650372,2023-01-10,TEAM,Farquhar Scott,"isDirector,isOfficer,isTenPercentOwner",0001562180-23-000334,2023-01-09,S,500.0,122.783,499112.0,I,non_derivative,Class A Common Stock,,,,
1650372,2023-01-10,TEAM,Cannon-Brookes Michael,"isDirector,isOfficer,isTenPercentOwner",0001562180-23-000332,2023-01-09,S,4857.0,126.8968,494755.0,I,non_derivative,Class A Common Stock,,,,
1650372,2023-01-11,TEAM,Cannon-Brookes Michael,"isDirector,isOfficer,isTenPercentOwner",0001562180-23-000364,2023-01-10,S,2300.0,127.7973,488698.0,I,non_derivative,Class A Common Stock,,,,
1650372,2023-01-11,TEAM,Farquhar Scott,"isDirector,isOfficer,isTenPercentOwner",0001562180-23-000363,2023-01-10,S,2300.0,127.7973,488698.0,I,non_derivative,Class A Common Stock,,,,
1650372,2023-01-12,TEAM,Cannon-Brookes Michael,"isDirector,isOfficer,isTenPercentOwner",0001562180-23-000400,2023-01-11,S,1466.0,140.8414,480918.0,I,non_derivative,Class A Common Stock,,,,
1650372,2023-01-12,TEAM,Farquhar Scott,"isDirector,isOfficer,isTenPercentOwner",0001562180-23-000401,2023-01-11,S,150.0,138.4,482234.0,I,non_derivative,Class A Common Stock,,,,
1650372,2023-01-13,TEAM,Cannon-Brookes Michael,"isDirector,isOfficer,isTenPercentOwner",0001562180-23-000424,2023-01-13,S,2184.0,146.4874,462972.0,I,non_derivative,Class A Common Stock,,,,
1650372,2023-01-13,TEAM,Farquhar Scott,"isDirector,isOfficer,isTenPercentOwner",0001562180-23-000423,2023-01-13,S,393.0,144.4062,464763.0,I,non_derivative,Class A Common Stock,,,,
1650372,2023-01-13,TEAM,Cannon-Brookes Michael,"isDirector,isOfficer,isTenPercentOwner",0001562180-23-000411,2023-01-12,S,900.0,142.1815,472870.0,I,non_derivative,Class A Common Stock,,,,
1650372,2023-01-13,TEAM,Farquhar Scott,"isDirector,isOfficer,isTenPercentOwner",0001562180-23-000410,2023-01-12,S,1611.0,146.1597,472159.0,I,non_derivative,Class A Common Stock,,,,
1650372,2023-01-18,TEAM,Farquhar Scott,"isDirector,isOfficer,isTenPercentOwner",0001562180-23-000493,2023-01-17,S,1573.0,149.5689,454969.0,I,non_derivative,Class A Common Stock,,,,
1650372,2023-01-18,TEAM,Cannon-Brookes Michael,"isDirector,isOfficer,isTenPercentOwner",0001562180-23-000492,2023-01-17,S,1500.0,148.676,455042.0,I,non_derivative,Class A Common Stock,,,,
1650372,2023-01-19,TEAM,Cannon-Brookes Michael,"isDirector,isOfficer,isTenPercentOwner",0001562180-23-000519,2023-01-18,S,350.0,151.3931,447578.0,I,non_derivative,Class A Common Stock,,,,
1650372,2023-01-19,TEAM,Farquhar Scott,"isDirector,isOfficer,isTenPercentOwner",0001562180-23-000518,2023-01-18,S,2243.0,149.1402,445685.0,I,non_derivative,Class A Common Stock,,,,
1650372,2023-01-20,TEAM,Cannon-Brookes Michael,"isDirector,isOfficer,isTenPercentOwner",0001562180-23-000534,2023-01-19,S,1350.0,146.5776,437964.0,I,non_derivative,Class A Common Stock,,,,
1650372,2023-01-20,TEAM,Farquhar Scott,"isDirector,isOfficer,isTenPercentOwner",0001562180-23-000535,2023-01-19,S,2900.0,147.4653,436414.0,I,non_derivative,Class A Common Stock,,,,
1650372,2023-01-23,TEAM,Cannon-Brookes Michael,"isDirector,isOfficer,isTenPercentOwner",0001562180-23-000545,2023-01-20,S,200.0,150.0475,430500.0,I,non_derivative,Class A Common Stock,,,,
1650372,2023-01-23,TEAM,Farquhar Scott,"isDirector,isOfficer,isTenPercentOwner",0001562180-23-000546,2023-01-20,S,500.0,152.9125,430200.0,I,non_derivative,Class A Common Stock,,,,
1650372,2023-01-24,TEAM,Farquhar Scott,"isDirector,isOfficer,isTenPercentOwner",0001562180-23-000571,2023-01-23,S,4914.0,154.6144,417172.0,I,non_derivative,Class A Common Stock,,,,
1650372,2023-01-24,TEAM,Cannon-Brookes Michael,"isDirector,isOfficer,isTenPercentOwner",0001562180-23-000572,2023-01-23,S,900.0,155.265,421186.0,I,non_derivative,Class A Common Stock,,,,
1650372,2023-01-25,TEAM,Cannon-Brookes Michael,"isDirector,isOfficer,isTenPercentOwner",0001562180-23-000590,2023-01-24,S,650.0,149.6208,412822.0,I,non_derivative,Class A Common Stock,,,,
1650372,2023-01-25,TEAM,Farquhar Scott,"isDirector,isOfficer,isTenPercentOwner",0001562180-23-000591,2023-01-24,S,3176.0,151.5348,410296.0,I,non_derivative,Class A Common Stock,,,,
1650372,2023-01-26,TEAM,Cannon-Brookes Michael,"isDirector,isOfficer,isTenPercentOwner",0001562180-23-000630,2023-01-25,S,1941.0,152.6222,402917.0,I,non_derivative,Class A Common Stock,,,,
1650372,2023-01-26,TEAM,Farquhar Scott,"isDirector,isOfficer,isTenPercentOwner",0001562180-23-000629,2023-01-25,S,800.0,148.1998,404058.0,I,non_derivative,Class A Common Stock,,,,
1650372,2023-01-27,TEAM,Cannon-Brookes Michael,"isDirector,isOfficer,isTenPercentOwner",0001562180-23-000655,2023-01-26,S,1362.0,158.1577,394882.0,I,non_derivative,Class A Common Stock,,,,
1650372,2023-01-27,TEAM,Farquhar Scott,"isDirector,isOfficer,isTenPercentOwner",0001562180-23-000654,2023-01-26,S,1200.0,153.8697,395044.0,I,non_derivative,Class A Common Stock,,,,
1650372,2023-01-30,TEAM,Cannon-Brookes Michael,"isDirector,isOfficer,isTenPercentOwner",0001562180-23-000706,2023-01-27,S,1752.0,160.7823,385878.0,I,non_derivative,Class A Common Stock,,,,
1650372,2023-01-30,TEAM,Farquhar Scott,"isDirector,isOfficer,isTenPercentOwner",0001562180-23-000704,2023-01-27,S,200.0,157.36,387430.0,I,non_derivative,Class A Common Stock,,,,
1650372,2023-01-31,TEAM,Cannon-Brookes Michael,"isDirector,isOfficer,isTenPercentOwner",0001562180-23-000764,2023-01-30,S,1000.0,158.199,378016.0,I,non_derivative,Class A Common Stock,,,,
1650372,2023-01-31,TEAM,Farquhar Scott,"isDirector,isOfficer,isTenPercentOwner",0001562180-23-000765,2023-01-30,S,1000.0,158.199,378016.0,I,non_derivative,Class A Common Stock,,,,
1650372,2023-02-01,TEAM,Cannon-Brookes Michael,"isDirector,isOfficer,isTenPercentOwner",0001562180-23-000773,2023-01-31,S,850.0,158.3641,369552.0,I,non_derivative,Class A Common Stock,,,,
1650372,2023-02-01,TEAM,Farquhar Scott,"isDirector,isOfficer,isTenPercentOwner",0001562180-23-000774,2023-01-31,S,1099.0,161.2918,369303.0,I,non_derivative,Class A Common Stock,,,,
1650372,2023-02-02,TEAM,Farquhar Scott,"isDirector,isOfficer,isTenPercentOwner",0001562180-23-000836,2023-02-01,S,850.0,160.7018,360938.0,I,non_derivative,Class A Common Stock,,,,
1650372,2023-02-02,TEAM,Cannon-Brookes Michael,"isDirector,isOfficer,isTenPercentOwner",0001562180-23-000835,2023-02-01,S,1345.0,161.7596,360443.0,I,non_derivative,Class A Common Stock,,,,
1650372,2023-02-03,TEAM,Cannon-Brookes Michael,"isDirector,isOfficer,isTenPercentOwner",0001562180-23-000971,2023-02-02,S,1591.0,181.8611,351583.0,I,non_derivative,Class A Common Stock,,,,
1650372,2023-02-03,TEAM,Farquhar Scott,"isDirector,isOfficer,isTenPercentOwner",0001562180-23-000970,2023-02-02,S,300.0,182.8517,352874.0,I,non_derivative,Class A Common Stock,,,,
1650372,2023-02-06,TEAM,Cannon-Brookes Michael,"isDirector,isOfficer,isTenPercentOwner",0001562180-23-001038,2023-02-03,S,50.0,159.74,344510.0,I,non_derivative,Class A Common Stock,,,,
1650372,2023-02-06,TEAM,Farquhar Scott,"isDirector,isOfficer,isTenPercentOwner",0001562180-23-001039,2023-02-03,S,300.0,164.3967,344260.0,I,non_derivative,Class A Common Stock,,,,
1650372,2023-02-07,TEAM,Cannon-Brookes Michael,"isDirector,isOfficer,isTenPercentOwner",0001562180-23-001078,2023-02-06,S,1144.0,174.5483,334802.0,I,non_derivative,Class A Common Stock,,,,
1650372,2023-02-07,TEAM,Farquhar Scott,"isDirector,isOfficer,isTenPercentOwner",0001562180-23-001077,2023-02-06,S,50.0,168.55,335896.0,I,non_derivative,Class A Common Stock,,,,
1650372,2023-02-08,TEAM,Cannon-Brookes Michael,"isDirector,isOfficer,isTenPercentOwner",0001562180-23-001129,2023-02-07,S,650.0,171.6185,326682.0,I,non_derivative,Class A Common Stock,,,,
1650372,2023-02-08,TEAM,Farquhar Scott,"isDirector,isOfficer,isTenPercentOwner",0001562180-23-001130,2023-02-07,S,400.0,176.295,326932.0,I,non_derivative,Class A Common Stock,,,,
1650372,2023-02-09,TEAM,Farquhar Scott,"isDirector,isOfficer,isTenPercentOwner",0001562180-23-001195,2023-02-08,S,1665.0,177.4528,317053.0,I,non_derivative,Class A Common Stock,,,,
1650372,2023-02-09,TEAM,Cannon-Brookes Michael,"isDirector,isOfficer,isTenPercentOwner",0001562180-23-001194,2023-02-08,S,1248.0,178.2552,317470.0,I,non_derivative,Class A Common Stock,,,,
1650372,2023-02-10,TEAM,Cannon-Brookes Michael,"isDirector,isOfficer,isTenPercentOwner",0001562180-23-001256,2023-02-09,S,1701.0,178.4532,308403.0,I,non_derivative,Class A Common Stock,,,,
1650372,2023-02-10,TEAM,Farquhar Scott,"isDirector,isOfficer,isTenPercentOwner",0001562180-23-001255,2023-02-09,S,750.0,177.6388,309354.0,I,non_derivative,Class A Common Stock,,,,
1650372,2023-02-13,TEAM,Cannon-Brookes Michael,"isDirector,isOfficer,isTenPercentOwner",0001562180-23-001319,2023-02-10,S,820.0,170.1297,300670.0,I,non_derivative,Class A Common Stock,,,,
1650372,2023-02-13,TEAM,Farquhar Scott,"isDirector,isOfficer,isTenPercentOwner",0001562180-23-001318,2023-02-10,S,200.0,175.75,301290.0,I,non_derivative,Class A Common Stock,,,,
1650372,2023-02-14,TEAM,Cannon-Brookes Michael,"isDirector,isOfficer,isTenPercentOwner",0001562180-23-001387,2023-02-13,S,3364.0,175.5821,289512.0,I,non_derivative,Class A Common Stock,,,,
1650372,2023-02-14,TEAM,Farquhar Scott,"isDirector,isOfficer,isTenPercentOwner",0001562180-23-001386,2023-02-13,S,350.0,171.0729,292526.0,I,non_derivative,Class A Common Stock,,,,
1650372,2023-02-15,TEAM,Cannon-Brookes Michael,"isDirector,isOfficer,isTenPercentOwner",0001562180-23-001416,2023-02-14,S,1300.0,179.0354,282962.0,I,non_derivative,Class A Common Stock,,,,
1650372,2023-02-15,TEAM,BHARADWAJ ANUTTHARA,isOfficer,0001562180-23-001418,2023-02-14,S,238.0,179.8281,135255.0,D,non_derivative,Class A Common Stock,,,,
1650372,2023-02-15,TEAM,DEATSCH CAMERON,isOfficer,0001562180-23-001420,2023-02-14,S,62.0,177.9168,130153.0,D,non_derivative,Class A Common Stock,,,,
1650372,2023-02-15,TEAM,LIU GENE,isOfficer,0001562180-23-001419,2023-02-14,S,84.0,181.9175,50567.0,D,non_derivative,Class A Common Stock,,,,
1650372,2023-02-15,TEAM,Farquhar Scott,"isDirector,isOfficer,isTenPercentOwner",0001562180-23-001417,2023-02-14,S,1589.0,179.9695,282673.0,I,non_derivative,Class A Common Stock,,,,
1650372,2023-02-16,TEAM,Cannon-Brookes Michael,"isDirector,isOfficer,isTenPercentOwner",0001562180-23-001473,2023-02-15,S,131.0,184.4368,275517.0,I,non_derivative,Class A Common Stock,,,,
1650372,2023-02-16,TEAM,Farquhar Scott,"isDirector,isOfficer,isTenPercentOwner",0001562180-23-001472,2023-02-15,S,130.0,184.4392,275518.0,I,non_derivative,Class A Common Stock,,,,
1650372,2023-02-17,TEAM,Cannon-Brookes Michael,"isDirector,isOfficer,isTenPercentOwner",0001562180-23-001515,2023-02-17,S,2991.0,167.9185,255429.0,I,non_derivative,Class A Common Stock,,,,
1650372,2023-02-17,TEAM,Cannon-Brookes Michael,"isDirector,isOfficer,isTenPercentOwner",0001562180-23-001510,2023-02-16,S,1150.0,179.6187,265884.0,I,non_derivative,Class A Common Stock,,,,
1650372,2023-02-17,TEAM,Farquhar Scott,"isDirector,isOfficer,isTenPercentOwner",0001562180-23-001516,2023-02-17,S,750.0,170.73,257670.0,I,non_derivative,Class A Common Stock,,,,
1650372,2023-02-17,TEAM,Farquhar Scott,"isDirector,isOfficer,isTenPercentOwner",0001562180-23-001509,2023-02-16,S,1150.0,177.6313,265884.0,I,non_derivative,Class A Common Stock,,,,
1650372,2023-02-22,TEAM,BHARADWAJ ANUTTHARA,isOfficer,0001562180-23-001702,2023-02-21,S,1122.0,164.3969,132959.0,D,non_derivative,Class A Common Stock,,,,
1650372,2023-02-22,TEAM,DEATSCH CAMERON,isOfficer,0001562180-23-001703,2023-02-21,S,204.0,165.9581,129109.0,D,non_derivative,Class A Common Stock,,,,
1650372,2023-02-22,TEAM,LIU GENE,isOfficer,0001562180-23-001706,2023-02-21,S,155.0,164.3969,50258.0,D,non_derivative,Class A Common Stock,,,,
1650372,2023-02-22,TEAM,Farquhar Scott,"isDirector,isOfficer,isTenPercentOwner",0001562180-23-001700,2023-02-21,S,100.0,167.075,249706.0,I,non_derivative,Class A Common Stock,,,,
1650372,2023-02-22,TEAM,BINZ JOSEPH LEO,isOfficer,0001562180-23-001704,2023-02-21,S,35.0,166.9814,73344.0,D,non_derivative,Class A Common Stock,,,,
1650372,2023-02-22,TEAM,Cannon-Brookes Michael,"isDirector,isOfficer,isTenPercentOwner",0001562180-23-001701,2023-02-21,S,100.0,167.075,249706.0,I,non_derivative,Class A Common Stock,,,,
1650372,2023-02-22,TEAM,RAJAN RAJEEV BASHYAM,isOfficer,0001562180-23-001705,2023-02-21,S,113.0,165.9581,114020.0,D,non_derivative,Class A Common Stock,,,,
1650372,2023-02-23,TEAM,Farquhar Scott,"isDirector,isOfficer,isTenPercentOwner",0001562180-23-001802,2023-02-22,S,900.0,167.5532,240292.0,I,non_derivative,Class A Common Stock,,,,
1650372,2023-02-23,TEAM,Cannon-Brookes Michael,"isDirector,isOfficer,isTenPercentOwner",0001562180-23-001801,2023-02-22,S,550.0,166.6939,240642.0,I,non_derivative,Class A Common Stock,,,,
1650372,2023-02-24,TEAM,RAJAN RAJEEV BASHYAM,isOfficer,0001562180-23-001835,2023-02-23,S,535.0,170.72,111403.0,D,non_derivative,Class A Common Stock,,,,
1650372,2023-02-24,TEAM,Farquhar Scott,"isDirector,isOfficer,isTenPercentOwner",0001562180-23-001834,2023-02-23,S,743.0,170.9764,231835.0,I,non_derivative,Class A Common Stock,,,,
1650372,2023-02-24,TEAM,Cannon-Brookes Michael,"isDirector,isOfficer,isTenPercentOwner",0001562180-23-001833,2023-02-23,S,50.0,172.51,232528.0,I,non_derivative,Class A Common Stock,,,,
1650372,2023-02-27,TEAM,Cannon-Brookes Michael,"isDirector,isOfficer,isTenPercentOwner",0001562180-23-001929,2023-02-24,S,100.0,165.645,223864.0,I,non_derivative,Class A Common Stock,,,,
1650372,2023-02-27,TEAM,Farquhar Scott,"isDirector,isOfficer,isTenPercentOwner",0001562180-23-001930,2023-02-24,S,830.0,160.7693,223134.0,I,non_derivative,Class A Common Stock,,,,
1650372,2023-02-28,TEAM,Cannon-Brookes Michael,"isDirector,isOfficer,isTenPercentOwner",0001562180-23-001989,2023-02-27,S,100.0,162.68,215250.0,I,non_derivative,Class A Common Stock,,,,
1650372,2023-02-28,TEAM,Farquhar Scott,"isDirector,isOfficer,isTenPercentOwner",0001562180-23-001988,2023-02-27,S,2639.0,165.5257,212711.0,I,non_derivative,Class A Common Stock,,,,
1650372,2023-03-01,TEAM,Farquhar Scott,"isDirector,isOfficer,isTenPercentOwner",0001562180-23-002048,2023-02-28,S,4842.0,164.1162,201894.0,I,non_derivative,Class A Common Stock,,,,
1650372,2023-03-01,TEAM,Cannon-Brookes Michael,"isDirector,isOfficer,isTenPercentOwner",0001562180-23-002047,2023-02-28,S,1972.0,163.0599,204764.0,I,non_derivative,Class A Common Stock,,,,
1650372,2023-03-02,TEAM,Farquhar Scott,"isDirector,isOfficer,isTenPercentOwner",0001562180-23-002145,2023-03-01,S,1846.0,163.4618,196276.0,I,non_derivative,Class A Common Stock,,,,
1650372,2023-03-02,TEAM,Cannon-Brookes Michael,"isDirector,isOfficer,isTenPercentOwner",0001562180-23-002146,2023-03-01,S,2602.0,165.6378,195520.0,I,non_derivative,Class A Common Stock,,,,
1650372,2023-03-03,TEAM,Farquhar Scott,"isDirector,isOfficer,isTenPercentOwner",0001562180-23-002447,2023-03-02,S,450.0,160.6444,189058.0,I,non_derivative,Class A Common Stock,,,,
1650372,2023-03-03,TEAM,Cannon-Brookes Michael,"isDirector,isOfficer,isTenPercentOwner",0001562180-23-002446,2023-03-02,S,450.0,160.6444,189058.0,I,non_derivative,Class A Common Stock,,,,
1650372,2023-03-06,TEAM,Cannon-Brookes Michael,"isDirector,isOfficer,isTenPercentOwner",0001562180-23-002472,2023-03-03,S,54.0,169.3274,180840.0,I,non_derivative,Class A Common Stock,,,,
1650372,2023-03-06,TEAM,Farquhar Scott,"isDirector,isOfficer,isTenPercentOwner",0001562180-23-002471,2023-03-03,S,150.0,167.4433,180744.0,I,non_derivative,Class A Common Stock,,,,
1650372,2023-03-07,TEAM,Cannon-Brookes Michael,"isDirector,isOfficer,isTenPercentOwner",0001562180-23-002569,2023-03-06,S,1267.0,179.5287,171013.0,I,non_derivative,Class A Common Stock,,,,
1650372,2023-03-07,TEAM,Farquhar Scott,"isDirector,isOfficer,isTenPercentOwner",0001562180-23-002568,2023-03-06,S,2095.0,176.2663,170185.0,I,non_derivative,Class A Common Stock,,,,
1650372,2023-03-08,TEAM,Farquhar Scott,"isDirector,isOfficer,isTenPercentOwner",0001562180-23-002609,2023-03-07,S,1675.0,177.0112,161991.0,I,non_derivative,Class A Common Stock,,,,
1650372,2023-03-08,TEAM,Cannon-Brookes Michael,"isDirector,isOfficer,isTenPercentOwner",0001562180-23-002608,2023-03-07,S,1675.0,177.0117,161991.0,I,non_derivative,Class A Common Stock,,,,
1650372,2023-03-09,TEAM,Farquhar Scott,"isDirector,isOfficer,isTenPercentOwner",0001562180-23-002679,2023-03-08,S,4272.0,177.6076,150780.0,I,non_derivative,Class A Common Stock,,,,
1650372,2023-03-09,TEAM,Cannon-Brookes Michael,"isDirector,isOfficer,isTenPercentOwner",0001562180-23-002681,2023-03-08,S,4273.0,177.6076,150779.0,I,non_derivative,Class A Common Stock,,,,
1650372,2023-03-10,TEAM,Farquhar Scott,"isDirector,isOfficer,isTenPercentOwner",0001562180-23-002703,2023-03-09,S,800.0,172.0078,145638.0,I,non_derivative,Class A Common Stock,,,,
1650372,2023-03-10,TEAM,Cannon-Brookes Michael,"isDirector,isOfficer,isTenPercentOwner",0001562180-23-002702,2023-03-09,S,1355.0,177.1561,145083.0,I,non_derivative,Class A Common Stock,,,,
1650372,2023-03-13,TEAM,Farquhar Scott,"isDirector,isOfficer,isTenPercentOwner",0001562180-23-002720,2023-03-10,S,675.0,157.831,137149.0,I,non_derivative,Class A Common Stock,,,,
1650372,2023-03-13,TEAM,Cannon-Brookes Michael,"isDirector,isOfficer,isTenPercentOwner",0001562180-23-002719,2023-03-10,S,2081.0,155.8304,135743.0,I,non_derivative,Class A Common Stock,,,,
1650372,2023-03-14,TEAM,Cannon-Brookes Michael,"isDirector,isOfficer,isTenPercentOwner",0001562180-23-002772,2023-03-13,S,150.0,155.0067,129060.0,I,non_derivative,Class A Common Stock,,,,
1650372,2023-03-14,TEAM,Farquhar Scott,"isDirector,isOfficer,isTenPercentOwner",0001562180-23-002771,2023-03-13,S,150.0,155.0067,129060.0,I,non_derivative,Class A Common Stock,,,,
1650372,2023-03-15,TEAM,Cannon-Brookes Michael,"isDirector,isOfficer,isTenPercentOwner",0001562180-23-002809,2023-03-14,S,353.0,153.9561,120243.0,I,non_derivative,Class A Common Stock,,,,
1650372,2023-03-15,TEAM,Farquhar Scott,"isDirector,isOfficer,isTenPercentOwner",0001562180-23-002808,2023-03-14,S,550.0,156.1529,120046.0,I,non_derivative,Class A Common Stock,,,,
1650372,2023-03-16,TEAM,Cannon-Brookes Michael,"isDirector,isOfficer,isTenPercentOwner",0001562180-23-002874,2023-03-15,S,451.0,158.8661,111531.0,I,non_derivative,Class A Common Stock,,,,
1650372,2023-03-16,TEAM,Farquhar Scott,"isDirector,isOfficer,isTenPercentOwner",0001562180-23-002873,2023-03-15,S,2162.0,157.0825,109820.0,I,non_derivative,Class A Common Stock,,,,
1650372,2023-03-17,TEAM,Cannon-Brookes Michael,"isDirector,isOfficer,isTenPercentOwner",0001562180-23-002921,2023-03-16,S,450.0,156.4397,102918.0,I,non_derivative,Class A Common Stock,,,,
1650372,2023-03-17,TEAM,Farquhar Scott,"isDirector,isOfficer,isTenPercentOwner",0001562180-23-002920,2023-03-16,S,3442.0,157.4961,99926.0,I,non_derivative,Class A Common Stock,,,,
1650372,2023-03-21,TEAM,Cannon-Brookes Michael,,0000899243-23-009334,2023-03-17,S,1337.0,154.7935,93417.0,I,non_derivative,Class A Common Stock,,,,
1650372,2023-03-21,TEAM,Farquhar Scott,,0000899243-23-009336,2023-03-17,S,3489.0,158.0377,91265.0,I,non_derivative,Class A Common Stock,,,,
1650372,2023-03-22,TEAM,Farquhar Scott,"isDirector,isOfficer,isTenPercentOwner",0001562180-23-003044,2023-03-21,S,750.0,152.5437,76776.0,I,non_derivative,Class A Common Stock,,,,
1650372,2023-03-22,TEAM,Cannon-Brookes Michael,"isDirector,isOfficer,isTenPercentOwner",0001562180-23-003043,2023-03-21,S,932.0,155.2057,76594.0,I,non_derivative,Class A Common Stock,,,,
1650372,2023-03-22,TEAM,Cannon-Brookes Michael,"isDirector,isOfficer,isTenPercentOwner",0001562180-23-003039,2023-03-20,S,2330.0,148.9686,83810.0,I,non_derivative,Class A Common Stock,,,,
1650372,2023-03-22,TEAM,Farquhar Scott,"isDirector,isOfficer,isTenPercentOwner",0001562180-23-003038,2023-03-20,S,200.0,151.0241,85940.0,I,non_derivative,Class A Common Stock,,,,
1650372,2023-03-23,TEAM,Farquhar Scott,"isDirector,isOfficer,isTenPercentOwner",0001562180-23-003095,2023-03-22,S,300.0,156.925,68612.0,I,non_derivative,Class A Common Stock,,,,
1650372,2023-03-23,TEAM,Cannon-Brookes Michael,"isDirector,isOfficer,isTenPercentOwner",0001562180-23-003094,2023-03-22,S,1910.0,152.7674,67002.0,I,non_derivative,Class A Common Stock,,,,
1650372,2023-03-24,TEAM,Cannon-Brookes Michael,"isDirector,isOfficer,isTenPercentOwner",0001562180-23-003110,2023-03-23,S,1694.0,151.5004,58604.0,I,non_derivative,Class A Common Stock,,,,
1650372,2023-03-24,TEAM,Farquhar Scott,"isDirector,isOfficer,isTenPercentOwner",0001562180-23-003109,2023-03-23,S,3026.0,153.4854,57272.0,I,non_derivative,Class A Common Stock,,,,
1650372,2023-03-27,TEAM,Cannon-Brookes Michael,"isDirector,isOfficer,isTenPercentOwner",0001562180-23-003127,2023-03-24,S,2985.0,152.321,48699.0,I,non_derivative,Class A Common Stock,,,,
1650372,2023-03-27,TEAM,Farquhar Scott,"isDirector,isOfficer,isTenPercentOwner",0001562180-23-003126,2023-03-24,S,2984.0,152.321,48700.0,I,non_derivative,Class A Common Stock,,,,
1650372,2023-03-28,TEAM,Cannon-Brookes Michael,"isDirector,isOfficer,isTenPercentOwner",0001562180-23-003152,2023-03-27,S,50.0,156.19,43020.0,I,non_derivative,Class A Common Stock,,,,
1650372,2023-03-28,TEAM,Farquhar Scott,"isDirector,isOfficer,isTenPercentOwner",0001562180-23-003150,2023-03-27,S,2460.0,153.6193,40610.0,I,non_derivative,Class A Common Stock,,,,
1650372,2023-03-29,TEAM,Farquhar Scott,"isDirector,isOfficer,isTenPercentOwner",0001562180-23-003169,2023-03-28,S,2665.0,154.2314,31791.0,I,non_derivative,Class A Common Stock,,,,
1650372,2023-03-29,TEAM,Cannon-Brookes Michael,"isDirector,isOfficer,isTenPercentOwner",0001562180-23-003168,2023-03-28,S,2665.0,154.2316,31791.0,I,non_derivative,Class A Common Stock,,,,
1650372,2023-03-30,TEAM,Farquhar Scott,"isDirector,isOfficer,isTenPercentOwner",0001562180-23-003190,2023-03-29,S,4522.0,157.2925,21320.0,I,non_derivative,Class A Common Stock,,,,
1650372,2023-03-30,TEAM,Cannon-Brookes Michael,"isDirector,isOfficer,isTenPercentOwner",0001562180-23-003189,2023-03-29,S,1266.0,156.5756,24576.0,I,non_derivative,Class A Common Stock,,,,
1650372,2023-03-31,TEAM,Cannon-Brookes Michael,"isDirector,isOfficer,isTenPercentOwner",0001562180-23-003206,2023-03-30,S,2236.0,159.7116,14992.0,I,non_derivative,Class A Common Stock,,,,
1650372,2023-03-31,TEAM,Farquhar Scott,"isDirector,isOfficer,isTenPercentOwner",0001562180-23-003205,2023-03-30,S,3825.0,160.4693,13403.0,I,non_derivative,Class A Common Stock,,,,
1650372,2023-04-03,TEAM,Cannon-Brookes Michael,"isDirector,isOfficer,isTenPercentOwner",0001562180-23-003237,2023-03-31,S,221.0,165.6821,8393.0,I,non_derivative,Class A Common Stock,,,,
1650372,2023-04-03,TEAM,Farquhar Scott,"isDirector,isOfficer,isTenPercentOwner",0001562180-23-003249,2023-04-03,C,527726.0,0.0,52562051.0,I,derivative,Class B Common Stock,Class A Common Stock,527726.0,,
1650372,2023-04-03,TEAM,Farquhar Scott,"isDirector,isOfficer,isTenPercentOwner",0001562180-23-003236,2023-03-31,S,500.0,166.925,8114.0,I,non_derivative,Class A Common Stock,,,,
1650372,2023-04-03,TEAM,Cannon-Brookes Michael,"isDirector,isOfficer,isTenPercentOwner",0001562180-23-003250,2023-04-03,C,527726.0,0.0,52562051.0,I,derivative,Class B Common Stock,Class A Common Stock,527726.0,,
1650372,2023-04-03,TEAM,Cannon-Brookes Michael,"isDirector,isOfficer,isTenPercentOwner",0001562180-23-003250,2023-04-03,C,527726.0,,527726.0,I,non_derivative,Class A Common Stock,,,,
1650372,2023-04-03,TEAM,Farquhar Scott,"isDirector,isOfficer,isTenPercentOwner",0001562180-23-003249,2023-04-03,C,527726.0,,527726.0,I,non_derivative,Class A Common Stock,,,,
1650372,2023-04-04,TEAM,Cannon-Brookes Michael,"isDirector,isOfficer,isTenPercentOwner",0001562180-23-003397,2023-04-03,S,1442.0,164.5884,526284.0,I,non_derivative,Class A Common Stock,,,,
1650372,2023-04-04,TEAM,Farquhar Scott,"isDirector,isOfficer,isTenPercentOwner",0001562180-23-003398,2023-04-03,S,1203.0,167.6652,526523.0,I,non_derivative,Class A Common Stock,,,,
1650372,2023-04-05,TEAM,Cannon-Brookes Michael,"isDirector,isOfficer,isTenPercentOwner",0001562180-23-003447,2023-04-04,S,1862.0,165.6371,517250.0,I,non_derivative,Class A Common Stock,,,,
1650372,2023-04-05,TEAM,Farquhar Scott,"isDirector,isOfficer,isTenPercentOwner",0001562180-23-003446,2023-04-04,S,50.0,169.23,519062.0,I,non_derivative,Class A Common Stock,,,,
1650372,2023-04-06,TEAM,Cannon-Brookes Michael,"isDirector,isOfficer,isTenPercentOwner",0001562180-23-003476,2023-04-05,S,450.0,160.6032,510048.0,I,non_derivative,Class A Common Stock,,,,
1650372,2023-04-06,TEAM,Cannon-Brookes Michael,"isDirector,isOfficer,isTenPercentOwner",0001562180-23-003484,2023-04-06,S,250.0,151.898,501634.0,I,non_derivative,Class A Common Stock,,,,
1650372,2023-04-06,TEAM,Farquhar Scott,"isDirector,isOfficer,isTenPercentOwner",0001562180-23-003483,2023-04-06,S,833.0,157.1126,501051.0,I,non_derivative,Class A Common Stock,,,,
1650372,2023-04-06,TEAM,Farquhar Scott,"isDirector,isOfficer,isTenPercentOwner",0001562180-23-003477,2023-04-05,S,4274.0,157.2727,506224.0,I,non_derivative,Class A Common Stock,,,,
1650372,2023-04-11,TEAM,Cannon-Brookes Michael,"isDirector,isOfficer,isTenPercentOwner",0001562180-23-003507,2023-04-10,S,50.0,159.02,493220.0,I,non_derivative,Class A Common Stock,,,,
1650372,2023-04-11,TEAM,Farquhar Scott,"isDirector,isOfficer,isTenPercentOwner",0001562180-23-003508,2023-04-10,S,350.0,150.1643,492920.0,I,non_derivative,Class A Common Stock,,,,
1650372,2023-04-12,TEAM,Cannon-Brookes Michael,"isDirector,isOfficer,isTenPercentOwner",0001562180-23-003524,2023-04-11,S,2446.0,162.9635,482210.0,I,non_derivative,Class A Common Stock,,,,
1650372,2023-04-12,TEAM,Farquhar Scott,"isDirector,isOfficer,isTenPercentOwner",0001562180-23-003523,2023-04-11,S,2446.0,162.9635,482210.0,I,non_derivative,Class A Common Stock,,,,
1650372,2023-04-13,TEAM,Cannon-Brookes Michael,"isDirector,isOfficer,isTenPercentOwner",0001562180-23-003547,2023-04-12,S,848.0,158.7257,475194.0,I,non_derivative,Class A Common Stock,,,,
1650372,2023-04-13,TEAM,Farquhar Scott,"isDirector,isOfficer,isTenPercentOwner",0001562180-23-003546,2023-04-12,S,849.0,158.7252,475193.0,I,non_derivative,Class A Common Stock,,,,
1650372,2023-04-14,TEAM,Cannon-Brookes Michael,"isDirector,isOfficer,isTenPercentOwner",0001562180-23-003556,2023-04-13,S,1100.0,165.1074,466328.0,I,non_derivative,Class A Common Stock,,,,
1650372,2023-04-14,TEAM,Farquhar Scott,"isDirector,isOfficer,isTenPercentOwner",0001562180-23-003555,2023-04-13,S,1519.0,166.0416,465909.0,I,non_derivative,Class A Common Stock,,,,
1650372,2023-04-17,TEAM,BHARADWAJ ANUTTHARA,isOfficer,0001562180-23-003565,2023-04-15,A,86719.0,0.0,218178.0,D,non_derivative,Class A Common Stock,,,,
1650372,2023-04-17,TEAM,Farquhar Scott,"isDirector,isOfficer,isTenPercentOwner",0001562180-23-003564,2023-04-14,S,1354.0,163.1657,457460.0,I,non_derivative,Class A Common Stock,,,,
1650372,2023-04-17,TEAM,Cannon-Brookes Michael,"isDirector,isOfficer,isTenPercentOwner",0001562180-23-003563,2023-04-14,S,1298.0,161.229,457516.0,I,non_derivative,Class A Common Stock,,,,
1650372,2023-04-18,TEAM,Cannon-Brookes Michael,"isDirector,isOfficer,isTenPercentOwner",0001562180-23-003615,2023-04-17,S,300.0,167.3029,449900.0,I,non_derivative,Class A Common Stock,,,,
1650372,2023-04-18,TEAM,Farquhar Scott,"isDirector,isOfficer,isTenPercentOwner",0001562180-23-003616,2023-04-17,S,300.0,167.3029,449900.0,I,non_derivative,Class A Common Stock,,,,
1650372,2023-04-19,TEAM,Cannon-Brookes Michael,"isDirector,isOfficer,isTenPercentOwner",0001562180-23-003629,2023-04-18,S,201.0,165.7829,441385.0,I,non_derivative,Class A Common Stock,,,,
1650372,2023-04-19,TEAM,Farquhar Scott,"isDirector,isOfficer,isTenPercentOwner",0001562180-23-003630,2023-04-18,S,200.0,165.7825,441386.0,I,non_derivative,Class A Common Stock,,,,
1650372,2023-04-20,TEAM,Farquhar Scott,"isDirector,isOfficer,isTenPercentOwner",0001562180-23-003637,2023-04-19,S,2110.0,162.7178,430862.0,I,non_derivative,Class A Common Stock,,,,
1650372,2023-04-20,TEAM,Cannon-Brookes Michael,"isDirector,isOfficer,isTenPercentOwner",0001562180-23-003636,2023-04-19,S,150.0,164.21,432822.0,I,non_derivative,Class A Common Stock,,,,
1650372,2023-04-21,TEAM,Farquhar Scott,"isDirector,isOfficer,isTenPercentOwner",0001562180-23-003657,2023-04-20,S,3200.0,157.3044,421158.0,I,non_derivative,Class A Common Stock,,,,
1650372,2023-04-21,TEAM,Cannon-Brookes Michael,"isDirector,isOfficer,isTenPercentOwner",0001562180-23-003656,2023-04-20,S,1000.0,161.0996,423358.0,I,non_derivative,Class A Common Stock,,,,
1650372,2023-04-24,TEAM,Cannon-Brookes Michael,"isDirector,isOfficer,isTenPercentOwner",0001562180-23-003668,2023-04-21,S,3364.0,158.5703,412380.0,I,non_derivative,Class A Common Stock,,,,
1650372,2023-04-24,TEAM,Farquhar Scott,"isDirector,isOfficer,isTenPercentOwner",0001562180-23-003667,2023-04-21,S,600.0,156.0327,415144.0,I,non_derivative,Class A Common Stock,,,,
1650372,2023-04-25,TEAM,Cannon-Brookes Michael,"isDirector,isOfficer,isTenPercentOwner",0001562180-23-003683,2023-04-24,S,2462.0,155.5689,404668.0,I,non_derivative,Class A Common Stock,,,,
1650372,2023-04-25,TEAM,Farquhar Scott,"isDirector,isOfficer,isTenPercentOwner",0001562180-23-003682,2023-04-24,S,350.0,157.9472,406780.0,I,non_derivative,Class A Common Stock,,,,
1650372,2023-04-26,TEAM,Farquhar Scott,"isDirector,isOfficer,isTenPercentOwner",0001562180-23-003690,2023-04-25,S,2412.0,144.3494,396104.0,I,non_derivative,Class A Common Stock,,,,
1650372,2023-04-26,TEAM,Cannon-Brookes Michael,"isDirector,isOfficer,isTenPercentOwner",0001562180-23-003689,2023-04-25,S,1000.0,148.1265,397516.0,I,non_derivative,Class A Common Stock,,,,
1650372,2023-04-27,TEAM,Farquhar Scott,"isDirector,isOfficer,isTenPercentOwner",0001562180-23-003715,2023-04-26,S,2712.0,151.8007,387190.0,I,non_derivative,Class A Common Stock,,,,
1650372,2023-04-27,TEAM,Cannon-Brookes Michael,"isDirector,isOfficer,isTenPercentOwner",0001562180-23-003714,2023-04-26,S,3000.0,150.998,386902.0,I,non_derivative,Class A Common Stock,,,,
1650372,2023-04-28,TEAM,Farquhar Scott,"isDirector,isOfficer,isTenPercentOwner",0001562180-23-003728,2023-04-27,S,1760.0,155.319,379528.0,I,non_derivative,Class A Common Stock,,,,
1650372,2023-04-28,TEAM,Cannon-Brookes Michael,"isDirector,isOfficer,isTenPercentOwner",0001562180-23-003727,2023-04-27,S,3260.0,153.4334,378028.0,I,non_derivative,Class A Common Stock,,,,
1650372,2023-05-01,TEAM,Farquhar Scott,"isDirector,isOfficer,isTenPercentOwner",0001562180-23-003760,2023-04-28,S,750.0,146.7075,371924.0,I,non_derivative,Class A Common Stock,,,,
1650372,2023-05-01,TEAM,Cannon-Brookes Michael,"isDirector,isOfficer,isTenPercentOwner",0001562180-23-003759,2023-04-28,S,5293.0,147.6505,367381.0,I,non_derivative,Class A Common Stock,,,,
1650372,2023-05-02,TEAM,Cannon-Brookes Michael,"isDirector,isOfficer,isTenPercentOwner",0001562180-23-003815,2023-05-01,S,4155.0,149.8071,359905.0,I,non_derivative,Class A Common Stock,,,,
1650372,2023-05-02,TEAM,Farquhar Scott,"isDirector,isOfficer,isTenPercentOwner",0001562180-23-003814,2023-05-01,S,800.0,146.7388,363260.0,I,non_derivative,Class A Common Stock,,,,
1650372,2023-05-03,TEAM,Cannon-Brookes Michael,"isDirector,isOfficer,isTenPercentOwner",0001562180-23-003925,2023-05-02,S,1359.0,148.9123,354087.0,I,non_derivative,Class A Common Stock,,,,
1650372,2023-05-03,TEAM,Farquhar Scott,"isDirector,isOfficer,isTenPercentOwner",0001562180-23-003924,2023-05-02,S,426.0,149.8024,355020.0,I,non_derivative,Class A Common Stock,,,,
1650372,2023-05-04,TEAM,Cannon-Brookes Michael,"isDirector,isOfficer,isTenPercentOwner",0001562180-23-003939,2023-05-03,S,4607.0,145.3211,342225.0,I,non_derivative,Class A Common Stock,,,,
1650372,2023-05-04,TEAM,Farquhar Scott,"isDirector,isOfficer,isTenPercentOwner",0001562180-23-003938,2023-05-03,S,4607.0,145.321,342225.0,I,non_derivative,Class A Common Stock,,,,
1650372,2023-05-05,TEAM,Cannon-Brookes Michael,"isDirector,isOfficer,isTenPercentOwner",0001562180-23-003968,2023-05-05,S,400.0,131.4413,329204.0,I,non_derivative,Class A Common Stock,,,,
1650372,2023-05-05,TEAM,Farquhar Scott,"isDirector,isOfficer,isTenPercentOwner",0001562180-23-003967,2023-05-05,S,1153.0,133.1701,328451.0,I,non_derivative,Class A Common Stock,,,,
1650372,2023-05-05,TEAM,Cannon-Brookes Michael,"isDirector,isOfficer,isTenPercentOwner",0001562180-23-003958,2023-05-04,S,2848.0,150.4123,335370.0,I,non_derivative,Class A Common Stock,,,,
1650372,2023-05-05,TEAM,Farquhar Scott,"isDirector,isOfficer,isTenPercentOwner",0001562180-23-003957,2023-05-04,S,2848.0,150.4125,335370.0,I,non_derivative,Class A Common Stock,,,,
1650372,2023-05-09,TEAM,Cannon-Brookes Michael,"isDirector,isOfficer,isTenPercentOwner",0001562180-23-004006,2023-05-08,S,2231.0,130.9262,318759.0,I,non_derivative,Class A Common Stock,,,,
1650372,2023-05-09,TEAM,Farquhar Scott,"isDirector,isOfficer,isTenPercentOwner",0001562180-23-004005,2023-05-08,S,300.0,136.8433,320690.0,I,non_derivative,Class A Common Stock,,,,
1650372,2023-05-10,TEAM,Cannon-Brookes Michael,"isDirector,isOfficer,isTenPercentOwner",0001562180-23-004035,2023-05-09,S,2501.0,133.7237,309875.0,I,non_derivative,Class A Common Stock,,,,
1650372,2023-05-10,TEAM,Farquhar Scott,"isDirector,isOfficer,isTenPercentOwner",0001562180-23-004034,2023-05-09,S,2500.0,133.7238,309876.0,I,non_derivative,Class A Common Stock,,,,
1650372,2023-05-11,TEAM,Cannon-Brookes Michael,"isDirector,isOfficer,isTenPercentOwner",0001562180-23-004077,2023-05-10,S,4964.0,137.2761,298798.0,I,non_derivative,Class A Common Stock,,,,
1650372,2023-05-11,TEAM,Salem Enrique T,,0000899243-23-012708,2023-05-09,S,10000.0,130.0,124162.0,D,non_derivative,Class A Common Stock,,,,
1650372,2023-05-11,TEAM,Farquhar Scott,"isDirector,isOfficer,isTenPercentOwner",0001562180-23-004078,2023-05-10,S,350.0,138.0414,303412.0,I,non_derivative,Class A Common Stock,,,,
1650372,2023-05-12,TEAM,Cannon-Brookes Michael,"isDirector,isOfficer,isTenPercentOwner",0001562180-23-004102,2023-05-11,S,5007.0,136.5208,290141.0,I,non_derivative,Class A Common Stock,,,,
1650372,2023-05-12,TEAM,Farquhar Scott,"isDirector,isOfficer,isTenPercentOwner",0001562180-23-004100,2023-05-11,S,5007.0,136.5207,290141.0,I,non_derivative,Class A Common Stock,,,,
1650372,2023-05-15,TEAM,Cannon-Brookes Michael,"isDirector,isOfficer,isTenPercentOwner",0001562180-23-004123,2023-05-12,S,150.0,135.6633,286384.0,I,non_derivative,Class A Common Stock,,,,
1650372,2023-05-15,TEAM,Farquhar Scott,"isDirector,isOfficer,isTenPercentOwner",0001562180-23-004122,2023-05-12,S,2344.0,134.93,284190.0,I,non_derivative,Class A Common Stock,,,,
1650372,2023-05-16,TEAM,LIU GENE,isOfficer,0001562180-23-004180,2023-05-15,S,10.0,138.7159,50041.0,D,non_derivative,Class A Common Stock,,,,
1650372,2023-05-16,TEAM,BHARADWAJ ANUTTHARA,isOfficer,0001562180-23-004181,2023-05-15,S,179.0,145.7085,217999.0,D,non_derivative,Class A Common Stock,,,,
1650372,2023-05-16,TEAM,Farquhar Scott,"isDirector,isOfficer,isTenPercentOwner",0001562180-23-004178,2023-05-15,S,2006.0,145.4099,275914.0,I,non_derivative,Class A Common Stock,,,,
1650372,2023-05-16,TEAM,Cannon-Brookes Michael,"isDirector,isOfficer,isTenPercentOwner",0001562180-23-004179,2023-05-15,S,500.0,142.4681,277420.0,I,non_derivative,Class A Common Stock,,,,
1650372,2023-05-16,TEAM,DEATSCH CAMERON,isOfficer,0001562180-23-004182,2023-05-15,S,147.0,141.8459,125209.0,D,non_derivative,Class A Common Stock,,,,
1650372,2023-05-17,TEAM,Cannon-Brookes Michael,"isDirector,isOfficer,isTenPercentOwner",0001562180-23-004216,2023-05-16,S,513.0,142.3948,268793.0,I,non_derivative,Class A Common Stock,,,,
1650372,2023-05-17,TEAM,Farquhar Scott,"isDirector,isOfficer,isTenPercentOwner",0001562180-23-004215,2023-05-16,S,512.0,142.3954,268794.0,I,non_derivative,Class A Common Stock,,,,
1650372,2023-05-18,TEAM,Cannon-Brookes Michael,"isDirector,isOfficer,isTenPercentOwner",0001562180-23-004248,2023-05-17,S,2934.0,144.1214,257758.0,I,non_derivative,Class A Common Stock,,,,
1650372,2023-05-18,TEAM,Farquhar Scott,"isDirector,isOfficer,isTenPercentOwner",0001562180-23-004247,2023-05-17,S,1157.0,138.7551,259535.0,I,non_derivative,Class A Common Stock,,,,
1650372,2023-05-19,TEAM,Cannon-Brookes Michael,"isDirector,isOfficer,isTenPercentOwner",0001562180-23-004313,2023-05-18,S,2844.0,148.1741,249234.0,I,non_derivative,Class A Common Stock,,,,
1650372,2023-05-19,TEAM,Farquhar Scott,"isDirector,isOfficer,isTenPercentOwner",0001562180-23-004312,2023-05-18,S,1850.0,146.1912,250228.0,I,non_derivative,Class A Common Stock,,,,
1650372,2023-05-22,TEAM,BINZ JOSEPH LEO,isOfficer,0001562180-23-004408,2023-05-19,S,534.0,146.8526,70238.0,D,non_derivative,Class A Common Stock,,,,
1650372,2023-05-22,TEAM,RAJAN RAJEEV BASHYAM,isOfficer,0001562180-23-004406,2023-05-19,S,578.0,145.1711,110825.0,D,non_derivative,Class A Common Stock,,,,
1650372,2023-05-22,TEAM,BHARADWAJ ANUTTHARA,isOfficer,0001562180-23-004407,2023-05-19,S,9.0,147.56,213470.0,D,non_derivative,Class A Common Stock,,,,
1650372,2023-05-22,TEAM,LIU GENE,isOfficer,0001562180-23-004405,2023-05-19,S,137.0,146.0021,49767.0,D,non_derivative,Class A Common Stock,,,,
1650372,2023-05-22,TEAM,DEATSCH CAMERON,isOfficer,0001562180-23-004404,2023-05-19,S,836.0,145.1711,123255.0,D,non_derivative,Class A Common Stock,,,,
1650372,2023-05-22,TEAM,Farquhar Scott,"isDirector,isOfficer,isTenPercentOwner",0001562180-23-004402,2023-05-19,S,4680.0,146.1154,238784.0,I,non_derivative,Class A Common Stock,,,,
1650372,2023-05-22,TEAM,Cannon-Brookes Michael,"isDirector,isOfficer,isTenPercentOwner",0001562180-23-004403,2023-05-19,S,1497.0,146.8622,241967.0,I,non_derivative,Class A Common Stock,,,,
1650372,2023-05-23,TEAM,BHARADWAJ ANUTTHARA,isOfficer,0001562180-23-004423,2023-05-22,S,3903.0,160.0,205796.0,D,non_derivative,Class A Common Stock,,,,
1650372,2023-05-23,TEAM,Farquhar Scott,"isDirector,isOfficer,isTenPercentOwner",0001562180-23-004425,2023-05-22,S,3626.0,158.1486,231224.0,I,non_derivative,Class A Common Stock,,,,
1650372,2023-05-23,TEAM,Cannon-Brookes Michael,"isDirector,isOfficer,isTenPercentOwner",0001562180-23-004424,2023-05-22,S,50.0,150.11,234800.0,I,non_derivative,Class A Common Stock,,,,
1650372,2023-05-24,TEAM,RAJAN RAJEEV BASHYAM,isOfficer,0001562180-23-004459,2023-05-23,S,448.0,157.49,107890.0,D,non_derivative,Class A Common Stock,,,,
1650372,2023-05-24,TEAM,Cannon-Brookes Michael,"isDirector,isOfficer,isTenPercentOwner",0001562180-23-004458,2023-05-23,S,4117.0,159.2808,222119.0,I,non_derivative,Class A Common Stock,,,,
1650372,2023-05-24,TEAM,Farquhar Scott,"isDirector,isOfficer,isTenPercentOwner",0001562180-23-004457,2023-05-23,S,600.0,163.0658,225636.0,I,non_derivative,Class A Common Stock,,,,
1650372,2023-05-25,TEAM,Farquhar Scott,"isDirector,isOfficer,isTenPercentOwner",0001562180-23-004497,2023-05-24,S,100.0,156.94,217522.0,I,non_derivative,Class A Common Stock,,,,
1650372,2023-05-26,TEAM,Farquhar Scott,"isDirector,isOfficer,isTenPercentOwner",0001562180-23-004519,2023-05-25,S,250.0,164.73,208758.0,I,non_derivative,Class A Common Stock,,,,
1650372,2023-05-26,TEAM,Cannon-Brookes Michael,"isDirector,isOfficer,isTenPercentOwner",0001562180-23-004518,2023-05-25,S,3138.0,160.1131,205870.0,I,non_derivative,Class A Common Stock,,,,
1650372,2023-05-26,TEAM,Cannon-Brookes Michael,"isDirector,isOfficer,isTenPercentOwner",0001562180-23-004544,2023-05-26,S,2353.0,166.4916,198041.0,I,non_derivative,Class A Common Stock,,,,
1650372,2023-05-26,TEAM,Farquhar Scott,"isDirector,isOfficer,isTenPercentOwner",0001562180-23-004543,2023-05-26,S,2353.0,166.4915,198041.0,I,non_derivative,Class A Common Stock,,,,
1650372,2023-05-31,TEAM,Cannon-Brookes Michael,"isDirector,isOfficer,isTenPercentOwner",0001562180-23-004634,2023-05-30,S,1950.0,166.8751,189830.0,I,non_derivative,Class A Common Stock,,,,
1650372,2023-05-31,TEAM,Farquhar Scott,"isDirector,isOfficer,isTenPercentOwner",0001562180-23-004633,2023-05-30,S,1950.0,166.8752,189830.0,I,non_derivative,Class A Common Stock,,,,
1650372,2023-06-01,TEAM,Cannon-Brookes Michael,"isDirector,isOfficer,isTenPercentOwner",0001562180-23-004664,2023-05-31,S,1000.0,176.7889,182166.0,I,non_derivative,Class A Common Stock,,,,
1650372,2023-06-01,TEAM,Farquhar Scott,"isDirector,isOfficer,isTenPercentOwner",0001562180-23-004663,2023-05-31,S,150.0,170.2967,183016.0,I,non_derivative,Class A Common Stock,,,,
1650372,2023-06-02,TEAM,Cannon-Brookes Michael,"isDirector,isOfficer,isTenPercentOwner",0001562180-23-004719,2023-06-01,S,1829.0,177.3792,172723.0,I,non_derivative,Class A Common Stock,,,,
1650372,2023-06-02,TEAM,Farquhar Scott,"isDirector,isOfficer,isTenPercentOwner",0001562180-23-004718,2023-06-01,S,250.0,172.674,174302.0,I,non_derivative,Class A Common Stock,,,,
1650372,2023-06-05,TEAM,Cannon-Brookes Michael,"isDirector,isOfficer,isTenPercentOwner",0001562180-23-004854,2023-06-02,S,592.0,182.3648,165346.0,I,non_derivative,Class A Common Stock,,,,
1650372,2023-06-05,TEAM,Farquhar Scott,"isDirector,isOfficer,isTenPercentOwner",0001562180-23-004853,2023-06-02,S,600.0,180.4709,165338.0,I,non_derivative,Class A Common Stock,,,,
1650372,2023-06-06,TEAM,Farquhar Scott,"isDirector,isOfficer,isTenPercentOwner",0001562180-23-004879,2023-06-05,S,3067.0,182.2512,154257.0,I,non_derivative,Class A Common Stock,,,,
1650372,2023-06-06,TEAM,Cannon-Brookes Michael,"isDirector,isOfficer,isTenPercentOwner",0001562180-23-004878,2023-06-05,S,747.0,180.2691,156577.0,I,non_derivative,Class A Common Stock,,,,
1650372,2023-06-06,TEAM,Farquhar Scott,"isDirector,isOfficer,isTenPercentOwner",0001562180-23-004906,2023-06-06,C,1.0,,1.0,D,non_derivative,Class A Common Stock,,,,
1650372,2023-06-06,TEAM,Cannon-Brookes Michael,"isDirector,isOfficer,isTenPercentOwner",0001562180-23-004907,2023-06-06,C,1.0,0.0,0.0,D,derivative,Class B Common Stock,Class A Common Stock,1.0,,
1650372,2023-06-06,TEAM,Cannon-Brookes Michael,"isDirector,isOfficer,isTenPercentOwner",0001562180-23-004907,2023-06-06,C,1.0,,1.0,D,non_derivative,Class A Common Stock,,,,
1650372,2023-06-06,TEAM,Farquhar Scott,"isDirector,isOfficer,isTenPercentOwner",0001562180-23-004906,2023-06-06,C,1.0,0.0,0.0,D,derivative,Class B Common Stock,Class A Common Stock,1.0,,
1650372,2023-06-07,TEAM,RAJAN RAJEEV BASHYAM,isOfficer,0001562180-23-004936,2023-06-06,S,5696.0,190.0,102194.0,D,non_derivative,Class A Common Stock,,,,
1650372,2023-06-07,TEAM,Cannon-Brookes Michael,"isDirector,isOfficer,isTenPercentOwner",0001562180-23-004935,2023-06-06,S,750.0,183.4204,147960.0,I,non_derivative,Class A Common Stock,,,,
1650372,2023-06-07,TEAM,Farquhar Scott,"isDirector,isOfficer,isTenPercentOwner",0001562180-23-004933,2023-06-06,S,750.0,183.4203,147960.0,I,non_derivative,Class A Common Stock,,,,
1650372,2023-06-08,TEAM,Farquhar Scott,"isDirector,isOfficer,isTenPercentOwner",0001562180-23-004984,2023-06-07,S,1.0,176.5922,0.0,D,non_derivative,Class A Common Stock,,,,
1650372,2023-06-08,TEAM,Cannon-Brookes Michael,"isDirector,isOfficer,isTenPercentOwner",0001562180-23-004983,2023-06-07,S,1.0,176.5922,0.0,D,non_derivative,Class A Common Stock,,,,
1650372,2023-06-09,TEAM,Farquhar Scott,"isDirector,isOfficer,isTenPercentOwner",0001562180-23-005024,2023-06-08,S,550.0,165.5087,131306.0,I,non_derivative,Class A Common Stock,,,,
1650372,2023-06-09,TEAM,Cannon-Brookes Michael,"isDirector,isOfficer,isTenPercentOwner",0001562180-23-005023,2023-06-08,S,250.0,164.4278,131606.0,I,non_derivative,Class A Common Stock,,,,
1650372,2023-06-12,TEAM,Farquhar Scott,"isDirector,isOfficer,isTenPercentOwner",0001562180-23-005087,2023-06-09,S,1850.0,170.5785,121765.0,I,non_derivative,Class A Common Stock,,,,
1650372,2023-06-12,TEAM,Cannon-Brookes Michael,"isDirector,isOfficer,isTenPercentOwner",0001562180-23-005086,2023-06-09,S,579.0,169.6829,123036.0,I,non_derivative,Class A Common Stock,,,,
1650372,2023-06-13,TEAM,Salem Enrique T,,0000899243-23-015466,2023-06-09,S,10000.0,170.99,114162.0,D,non_derivative,Class A Common Stock,,,,
1650372,2023-06-13,TEAM,Cannon-Brookes Michael,"isDirector,isOfficer,isTenPercentOwner",0001562180-23-005116,2023-06-12,S,880.0,172.6072,114494.0,I,non_derivative,Class A Common Stock,,,,
1650372,2023-06-13,TEAM,Farquhar Scott,"isDirector,isOfficer,isTenPercentOwner",0001562180-23-005115,2023-06-12,S,49.0,176.05,115325.0,I,non_derivative,Class A Common Stock,,,,
1650372,2023-06-14,TEAM,Cannon-Brookes Michael,"isDirector,isOfficer,isTenPercentOwner",0001562180-23-005160,2023-06-13,S,1200.0,180.2597,105933.0,I,non_derivative,Class A Common Stock,,,,
1650372,2023-06-14,TEAM,Farquhar Scott,"isDirector,isOfficer,isTenPercentOwner",0001562180-23-005159,2023-06-13,S,706.0,181.5827,106427.0,I,non_derivative,Class A Common Stock,,,,
1650372,2023-06-15,TEAM,Farquhar Scott,"isDirector,isOfficer,isTenPercentOwner",0001562180-23-005226,2023-06-14,S,4279.0,180.8849,94613.0,I,non_derivative,Class A Common Stock,,,,
1650372,2023-06-15,TEAM,Cannon-Brookes Michael,"isDirector,isOfficer,isTenPercentOwner",0001562180-23-005225,2023-06-14,S,323.0,182.8276,98569.0,I,non_derivative,Class A Common Stock,,,,
1650372,2023-06-16,TEAM,Cannon-Brookes Michael,"isDirector,isOfficer,isTenPercentOwner",0001562180-23-005301,2023-06-16,S,256.0,181.6617,82154.0,I,non_derivative,Class A Common Stock,,,,
1650372,2023-06-16,TEAM,BHARADWAJ ANUTTHARA,isOfficer,0001562180-23-005302,2023-06-16,S,2470.0,183.12,203326.0,D,non_derivative,Class A Common Stock,,,,
1650372,2023-06-16,TEAM,Cannon-Brookes Michael,"isDirector,isOfficer,isTenPercentOwner",0001562180-23-005292,2023-06-15,S,1215.0,183.2996,89436.0,I,non_derivative,Class A Common Stock,,,,
1650372,2023-06-16,TEAM,Farquhar Scott,"isDirector,isOfficer,isTenPercentOwner",0001562180-23-005300,2023-06-16,S,2129.0,178.4312,80281.0,I,non_derivative,Class A Common Stock,,,,
1650372,2023-06-16,TEAM,Farquhar Scott,"isDirector,isOfficer,isTenPercentOwner",0001562180-23-005293,2023-06-15,S,958.0,181.508,89693.0,I,non_derivative,Class A Common Stock,,,,
1650372,2023-06-21,TEAM,Cannon-Brookes Michael,"isDirector,isOfficer,isTenPercentOwner",0001562180-23-005405,2023-06-20,S,2442.0,177.1684,71727.0,I,non_derivative,Class A Common Stock,,,,
1650372,2023-06-21,TEAM,Farquhar Scott,"isDirector,isOfficer,isTenPercentOwner",0001562180-23-005404,2023-06-20,S,200.0,179.0975,73969.0,I,non_derivative,Class A Common Stock,,,,
1650372,2023-06-22,TEAM,Cannon-Brookes Michael,"isDirector,isOfficer,isTenPercentOwner",0001562180-23-005454,2023-06-21,S,973.0,170.3056,64955.0,I,non_derivative,Class A Common Stock,,,,
1650372,2023-06-22,TEAM,Farquhar Scott,"isDirector,isOfficer,isTenPercentOwner",0001562180-23-005453,2023-06-21,S,1950.0,169.5268,63978.0,I,non_derivative,Class A Common Stock,,,,
1650372,2023-06-23,TEAM,Farquhar Scott,"isDirector,isOfficer,isTenPercentOwner",0001562180-23-005490,2023-06-22,S,1000.0,168.2211,56687.0,I,non_derivative,Class A Common Stock,,,,
1650372,2023-06-23,TEAM,Cannon-Brookes Michael,"isDirector,isOfficer,isTenPercentOwner",0001562180-23-005489,2023-06-22,S,250.0,165.5066,57437.0,I,non_derivative,Class A Common Stock,,,,
1650372,2023-06-26,TEAM,Cannon-Brookes Michael,"isDirector,isOfficer,isTenPercentOwner",0001562180-23-005504,2023-06-23,S,1757.0,163.3581,47689.0,I,non_derivative,Class A Common Stock,,,,
1650372,2023-06-26,TEAM,Farquhar Scott,"isDirector,isOfficer,isTenPercentOwner",0001562180-23-005503,2023-06-23,S,2384.0,162.5633,47062.0,I,non_derivative,Class A Common Stock,,,,
1650372,2023-06-27,TEAM,Cannon-Brookes Michael,"isDirector,isOfficer,isTenPercentOwner",0001562180-23-005516,2023-06-26,S,740.0,162.9105,40465.0,I,non_derivative,Class A Common Stock,,,,
1650372,2023-06-27,TEAM,Farquhar Scott,"isDirector,isOfficer,isTenPercentOwner",0001562180-23-005517,2023-06-26,S,2470.0,160.0037,38735.0,I,non_derivative,Class A Common Stock,,,,
1650372,2023-06-28,TEAM,Farquhar Scott,"isDirector,isOfficer,isTenPercentOwner",0001562180-23-005527,2023-06-27,S,2476.0,162.3471,30488.0,I,non_derivative,Class A Common Stock,,,,
1650372,2023-06-28,TEAM,Cannon-Brookes Michael,"isDirector,isOfficer,isTenPercentOwner",0001562180-23-005528,2023-06-27,S,1820.0,159.1958,31144.0,I,non_derivative,Class A Common Stock,,,,
1650372,2023-06-29,TEAM,Farquhar Scott,"isDirector,isOfficer,isTenPercentOwner",0001562180-23-005563,2023-06-28,S,350.0,162.9043,24373.0,I,non_derivative,Class A Common Stock,,,,
1650372,2023-06-29,TEAM,Cannon-Brookes Michael,"isDirector,isOfficer,isTenPercentOwner",0001562180-23-005562,2023-06-28,S,200.0,160.73,24523.0,I,non_derivative,Class A Common Stock,,,,
1650372,2023-06-30,TEAM,Farquhar Scott,"isDirector,isOfficer,isTenPercentOwner",0001562180-23-005587,2023-06-29,S,3779.0,161.2709,12703.0,I,non_derivative,Class A Common Stock,,,,
1650372,2023-06-30,TEAM,Cannon-Brookes Michael,"isDirector,isOfficer,isTenPercentOwner",0001562180-23-005586,2023-06-29,S,3779.0,161.2709,12703.0,I,non_derivative,Class A Common Stock,,,,
1650372,2023-07-03,TEAM,Cannon-Brookes Michael,"isDirector,isOfficer,isTenPercentOwner",0001562180-23-005631,2023-06-30,S,300.0,164.12,7941.0,I,non_derivative,Class A Common Stock,,,,
1650372,2023-07-03,TEAM,Farquhar Scott,"isDirector,isOfficer,isTenPercentOwner",0001562180-23-005632,2023-06-30,S,889.0,168.2956,7352.0,I,non_derivative,Class A Common Stock,,,,
1650372,2023-07-03,TEAM,Farquhar Scott,"isDirector,isOfficer,isTenPercentOwner",0001562180-23-005643,2023-07-03,C,519183.0,0.0,52042868.0,I,derivative,Class B Common Stock,Class A Common Stock,519183.0,,
1650372,2023-07-03,TEAM,Farquhar Scott,"isDirector,isOfficer,isTenPercentOwner",0001562180-23-005643,2023-07-03,C,519183.0,,519183.0,I,non_derivative,Class A Common Stock,,,,
1650372,2023-07-03,TEAM,Cannon-Brookes Michael,"isDirector,isOfficer,isTenPercentOwner",0001562180-23-005644,2023-07-03,C,519183.0,,519183.0,I,non_derivative,Class A Common Stock,,,,
1650372,2023-07-03,TEAM,Cannon-Brookes Michael,"isDirector,isOfficer,isTenPercentOwner",0001562180-23-005646,2023-07-03,S,450.0,169.8867,518733.0,I,non_derivative,Class A Common Stock,,,,
1650372,2023-07-03,TEAM,Cannon-Brookes Michael,"isDirector,isOfficer,isTenPercentOwner",0001562180-23-005644,2023-07-03,C,519183.0,0.0,52042868.0,I,derivative,Class B Common Stock,Class A Common Stock,519183.0,,
1650372,2023-07-03,TEAM,Farquhar Scott,"isDirector,isOfficer,isTenPercentOwner",0001562180-23-005645,2023-07-03,S,2891.0,167.827,516292.0,I,non_derivative,Class A Common Stock,,,,
1650372,2023-07-06,TEAM,Farquhar Scott,"isDirector,isOfficer,isTenPercentOwner",0001562180-23-005797,2023-07-05,S,550.0,170.0682,510392.0,I,non_derivative,Class A Common Stock,,,,
1650372,2023-07-06,TEAM,Cannon-Brookes Michael,"isDirector,isOfficer,isTenPercentOwner",0001562180-23-005796,2023-07-05,S,2600.0,171.2385,508342.0,I,non_derivative,Class A Common Stock,,,,
1650372,2023-07-07,TEAM,Cannon-Brookes Michael,"isDirector,isOfficer,isTenPercentOwner",0001562180-23-005823,2023-07-06,S,1450.0,164.1003,501251.0,I,non_derivative,Class A Common Stock,,,,
1650372,2023-07-07,TEAM,Farquhar Scott,"isDirector,isOfficer,isTenPercentOwner",0001562180-23-005822,2023-07-06,S,650.0,165.3315,502051.0,I,non_derivative,Class A Common Stock,,,,
1650372,2023-07-10,TEAM,Cannon-Brookes Michael,"isDirector,isOfficer,isTenPercentOwner",0001562180-23-005842,2023-07-07,S,2302.0,169.3068,492158.0,I,non_derivative,Class A Common Stock,,,,
1650372,2023-07-10,TEAM,Farquhar Scott,"isDirector,isOfficer,isTenPercentOwner",0001562180-23-005841,2023-07-07,S,1780.0,171.2906,492680.0,I,non_derivative,Class A Common Stock,,,,
1650372,2023-07-11,TEAM,Farquhar Scott,"isDirector,isOfficer,isTenPercentOwner",0001562180-23-005854,2023-07-10,S,1400.0,171.2103,484819.0,I,non_derivative,Class A Common Stock,,,,
1650372,2023-07-11,TEAM,Cannon-Brookes Michael,"isDirector,isOfficer,isTenPercentOwner",0001562180-23-005855,2023-07-10,S,200.0,166.2385,486019.0,I,non_derivative,Class A Common Stock,,,,
1650372,2023-07-12,TEAM,Farquhar Scott,"isDirector,isOfficer,isTenPercentOwner",0001562180-23-005877,2023-07-11,S,383.0,175.5916,477595.0,I,non_derivative,Class A Common Stock,,,,
1650372,2023-07-12,TEAM,Salem Enrique T,isDirector,0000950170-23-032678,2023-07-10,S,10000.0,168.13,104162.0,D,non_derivative,Class A Common Stock,,,,
1650372,2023-07-12,TEAM,Cannon-Brookes Michael,"isDirector,isOfficer,isTenPercentOwner",0001562180-23-005878,2023-07-11,S,337.0,171.2917,477641.0,I,non_derivative,Class A Common Stock,,,,
1650372,2023-07-13,TEAM,Cannon-Brookes Michael,"isDirector,isOfficer,isTenPercentOwner",0001562180-23-005889,2023-07-12,S,1100.0,172.327,468637.0,I,non_derivative,Class A Common Stock,,,,
1650372,2023-07-13,TEAM,Farquhar Scott,"isDirector,isOfficer,isTenPercentOwner",0001562180-23-005888,2023-07-12,S,1100.0,172.3269,468637.0,I,non_derivative,Class A Common Stock,,,,
1650372,2023-07-14,TEAM,Cannon-Brookes Michael,"isDirector,isOfficer,isTenPercentOwner",0001562180-23-005905,2023-07-13,S,1828.0,177.1467,459668.0,I,non_derivative,Class A Common Stock,,,,
1650372,2023-07-14,TEAM,Farquhar Scott,"isDirector,isOfficer,isTenPercentOwner",0001562180-23-005904,2023-07-13,S,735.0,178.7986,460761.0,I,non_derivative,Class A Common Stock,,,,
1650372,2023-07-17,TEAM,Cannon-Brookes Michael,"isDirector,isOfficer,isTenPercentOwner",0001562180-23-005910,2023-07-14,S,350.0,186.3629,452905.0,I,non_derivative,Class A Common Stock,,,,
1650372,2023-07-17,TEAM,Farquhar Scott,"isDirector,isOfficer,isTenPercentOwner",0001562180-23-005909,2023-07-14,S,150.0,189.7067,453105.0,I,non_derivative,Class A Common Stock,,,,
1650372,2023-07-18,TEAM,Farquhar Scott,"isDirector,isOfficer,isTenPercentOwner",0001562180-23-005951,2023-07-17,S,3945.0,180.3166,441069.0,I,non_derivative,Class A Common Stock,,,,
1650372,2023-07-18,TEAM,Cannon-Brookes Michael,"isDirector,isOfficer,isTenPercentOwner",0001562180-23-005952,2023-07-17,S,100.0,175.375,444914.0,I,non_derivative,Class A Common Stock,,,,
1650372,2023-07-19,TEAM,Cannon-Brookes Michael,"isDirector,isOfficer,isTenPercentOwner",0001562180-23-005981,2023-07-18,S,1808.0,186.7931,434965.0,I,non_derivative,Class A Common Stock,,,,
1650372,2023-07-19,TEAM,Farquhar Scott,"isDirector,isOfficer,isTenPercentOwner",0001562180-23-005980,2023-07-18,S,300.0,183.885,436473.0,I,non_derivative,Class A Common Stock,,,,
1650372,2023-07-20,TEAM,LIU GENE,isOfficer,0001562180-23-005990,2023-07-19,S,337.0,195.0,49292.0,D,non_derivative,Class A Common Stock,,,,
1650372,2023-07-20,TEAM,Cannon-Brookes Michael,"isDirector,isOfficer,isTenPercentOwner",0001562180-23-005989,2023-07-19,S,1650.0,189.0131,426882.0,I,non_derivative,Class A Common Stock,,,,
1650372,2023-07-20,TEAM,Farquhar Scott,"isDirector,isOfficer,isTenPercentOwner",0001562180-23-005988,2023-07-19,S,800.0,187.327,427732.0,I,non_derivative,Class A Common Stock,,,,
1650372,2023-07-21,TEAM,Cannon-Brookes Michael,"isDirector,isOfficer,isTenPercentOwner",0001562180-23-005998,2023-07-20,S,1208.0,175.0292,419083.0,I,non_derivative,Class A Common Stock,,,,
1650372,2023-07-21,TEAM,Farquhar Scott,"isDirector,isOfficer,isTenPercentOwner",0001562180-23-005997,2023-07-20,S,200.0,182.16,420091.0,I,non_derivative,Class A Common Stock,,,,
1650372,2023-07-24,TEAM,Farquhar Scott,"isDirector,isOfficer,isTenPercentOwner",0001562180-23-006004,2023-07-21,S,2058.0,176.7969,409992.0,I,non_derivative,Class A Common Stock,,,,
1650372,2023-07-24,TEAM,Cannon-Brookes Michael,"isDirector,isOfficer,isTenPercentOwner",0001562180-23-006003,2023-07-21,S,3208.0,174.7705,408842.0,I,non_derivative,Class A Common Stock,,,,
1650372,2023-07-24,TEAM,BHARADWAJ ANUTTHARA,isOfficer,0001562180-23-006002,2023-07-21,S,2470.0,176.98,200856.0,D,non_derivative,Class A Common Stock,,,,
1650372,2023-07-25,TEAM,Cannon-Brookes Michael,"isDirector,isOfficer,isTenPercentOwner",0001562180-23-006011,2023-07-24,S,449.0,172.2439,403360.0,I,non_derivative,Class A Common Stock,,,,
1650372,2023-07-25,TEAM,Farquhar Scott,"isDirector,isOfficer,isTenPercentOwner",0001562180-23-006013,2023-07-24,S,100.0,177.06,403709.0,I,non_derivative,Class A Common Stock,,,,
1650372,2023-07-26,TEAM,Cannon-Brookes Michael,"isDirector,isOfficer,isTenPercentOwner",0001562180-23-006019,2023-07-25,S,550.0,174.9518,395018.0,I,non_derivative,Class A Common Stock,,,,
1650372,2023-07-26,TEAM,Farquhar Scott,"isDirector,isOfficer,isTenPercentOwner",0001562180-23-006020,2023-07-25,S,610.0,180.0748,394958.0,I,non_derivative,Class A Common Stock,,,,
1650372,2023-07-27,TEAM,Farquhar Scott,"isDirector,isOfficer,isTenPercentOwner",0001562180-23-006030,2023-07-26,S,1511.0,175.9923,385816.0,I,non_derivative,Class A Common Stock,,,,
1650372,2023-07-27,TEAM,Cannon-Brookes Michael,"isDirector,isOfficer,isTenPercentOwner",0001562180-23-006029,2023-07-26,S,150.0,172.9833,387177.0,I,non_derivative,Class A Common Stock,,,,
1650372,2023-07-28,TEAM,Farquhar Scott,"isDirector,isOfficer,isTenPercentOwner",0001562180-23-006036,2023-07-27,S,950.0,179.8948,378136.0,I,non_derivative,Class A Common Stock,,,,
1650372,2023-07-28,TEAM,Cannon-Brookes Michael,"isDirector,isOfficer,isTenPercentOwner",0001562180-23-006035,2023-07-27,S,100.0,174.275,378986.0,I,non_derivative,Class A Common Stock,,,,
1650372,2023-07-31,TEAM,Farquhar Scott,"isDirector,isOfficer,isTenPercentOwner",0001562180-23-006068,2023-07-28,S,4791.0,173.9829,366054.0,I,non_derivative,Class A Common Stock,,,,
1650372,2023-07-31,TEAM,Cannon-Brookes Michael,"isDirector,isOfficer,isTenPercentOwner",0001562180-23-006067,2023-07-28,S,4791.0,173.9829,366054.0,I,non_derivative,Class A Common Stock,,,,
1650372,2023-08-01,TEAM,Cannon-Brookes Michael,"isDirector,isOfficer,isTenPercentOwner",0001562180-23-006099,2023-07-31,S,1250.0,180.4103,361354.0,I,non_derivative,Class A Common Stock,,,,
1650372,2023-08-01,TEAM,Farquhar Scott,"isDirector,isOfficer,isTenPercentOwner",0001562180-23-006098,2023-07-31,S,1250.0,180.4103,361354.0,I,non_derivative,Class A Common Stock,,,,
1650372,2023-08-02,TEAM,Cannon-Brookes Michael,"isDirector,isOfficer,isTenPercentOwner",0001562180-23-006118,2023-08-01,S,1403.0,183.2456,352960.0,I,non_derivative,Class A Common Stock,,,,
1650372,2023-08-02,TEAM,Farquhar Scott,"isDirector,isOfficer,isTenPercentOwner",0001562180-23-006117,2023-08-01,S,1402.0,183.2456,352961.0,I,non_derivative,Class A Common Stock,,,,
1650372,2023-08-03,TEAM,Cannon-Brookes Michael,"isDirector,isOfficer,isTenPercentOwner",0001562180-23-006153,2023-08-02,S,1030.0,168.6368,345092.0,I,non_derivative,Class A Common Stock,,,,
1650372,2023-08-03,TEAM,Farquhar Scott,"isDirector,isOfficer,isTenPercentOwner",0001562180-23-006152,2023-08-02,S,50.0,176.08,346072.0,I,non_derivative,Class A Common Stock,,,,
1650372,2023-08-04,TEAM,Farquhar Scott,"isDirector,isOfficer,isTenPercentOwner",0001562180-23-006195,2023-08-03,S,1839.0,170.0683,336042.0,I,non_derivative,Class A Common Stock,,,,
1650372,2023-08-04,TEAM,Cannon-Brookes Michael,"isDirector,isOfficer,isTenPercentOwner",0001562180-23-006194,2023-08-03,S,2130.0,168.3961,335751.0,I,non_derivative,Class A Common Stock,,,,
1650372,2023-08-07,TEAM,LIU GENE,isOfficer,0001562180-23-006227,2023-08-04,S,1355.0,211.43,47937.0,D,non_derivative,Class A Common Stock,,,,
1650372,2023-08-07,TEAM,Cannon-Brookes Michael,"isDirector,isOfficer,isTenPercentOwner",0001562180-23-006224,2023-08-04,S,800.0,200.0231,328840.0,I,non_derivative,Class A Common Stock,,,,
1650372,2023-08-07,TEAM,Farquhar Scott,"isDirector,isOfficer,isTenPercentOwner",0001562180-23-006223,2023-08-04,S,100.0,205.04,329540.0,I,non_derivative,Class A Common Stock,,,,
1650372,2023-08-08,TEAM,Cannon-Brookes Michael,"isDirector,isOfficer,isTenPercentOwner",0001562180-23-006243,2023-08-07,S,650.0,192.2877,320749.0,I,non_derivative,Class A Common Stock,,,,
1650372,2023-08-08,TEAM,Farquhar Scott,"isDirector,isOfficer,isTenPercentOwner",0001562180-23-006242,2023-08-07,S,961.0,193.4194,320438.0,I,non_derivative,Class A Common Stock,,,,
1650372,2023-08-09,TEAM,Cannon-Brookes Michael,"isDirector,isOfficer,isTenPercentOwner",0001562180-23-006260,2023-08-08,S,1426.0,196.4754,311732.0,I,non_derivative,Class A Common Stock,,,,
1650372,2023-08-09,TEAM,Farquhar Scott,"isDirector,isOfficer,isTenPercentOwner",0001562180-23-006259,2023-08-08,S,2004.0,191.5005,311154.0,I,non_derivative,Class A Common Stock,,,,
1650372,2023-08-10,TEAM,Cannon-Brookes Michael,"isDirector,isOfficer,isTenPercentOwner",0001562180-23-006282,2023-08-09,S,3063.0,192.9052,301854.0,I,non_derivative,Class A Common Stock,,,,
1650372,2023-08-10,TEAM,Farquhar Scott,"isDirector,isOfficer,isTenPercentOwner",0001562180-23-006281,2023-08-09,S,3062.0,192.9053,301855.0,I,non_derivative,Class A Common Stock,,,,
1650372,2023-08-11,TEAM,Cannon-Brookes Michael,"isDirector,isOfficer,isTenPercentOwner",0001562180-23-006297,2023-08-10,S,1796.0,197.7518,294880.0,I,non_derivative,Class A Common Stock,,,,
1650372,2023-08-11,TEAM,Farquhar Scott,"isDirector,isOfficer,isTenPercentOwner",0001562180-23-006296,2023-08-10,S,950.0,194.7848,295726.0,I,non_derivative,Class A Common Stock,,,,
1650372,2023-08-14,TEAM,Cannon-Brookes Michael,"isDirector,isOfficer,isTenPercentOwner",0001562180-23-006314,2023-08-11,S,1699.0,198.6608,286736.0,I,non_derivative,Class A Common Stock,,,,
1650372,2023-08-14,TEAM,Farquhar Scott,"isDirector,isOfficer,isTenPercentOwner",0001562180-23-006313,2023-08-11,S,780.0,196.9207,287655.0,I,non_derivative,Class A Common Stock,,,,
1650372,2023-08-15,TEAM,BHARADWAJ ANUTTHARA,isOfficer,0001562180-23-006355,2023-08-14,S,2510.0,199.4746,198346.0,D,non_derivative,Class A Common Stock,,,,
1650372,2023-08-15,TEAM,DEATSCH CAMERON,isOfficer,0001562180-23-006356,2023-08-14,S,188.0,201.3917,119469.0,D,non_derivative,Class A Common Stock,,,,
1650372,2023-08-15,TEAM,LIU GENE,isOfficer,0001562180-23-006357,2023-08-14,S,22.0,201.3917,47915.0,D,non_derivative,Class A Common Stock,,,,
1650372,2023-08-15,TEAM,Cannon-Brookes Michael,"isDirector,isOfficer,isTenPercentOwner",0001562180-23-006353,2023-08-14,S,200.0,202.4875,279994.0,I,non_derivative,Class A Common Stock,,,,
1650372,2023-08-15,TEAM,Farquhar Scott,"isDirector,isOfficer,isTenPercentOwner",0001562180-23-006354,2023-08-14,S,200.0,202.4875,279994.0,I,non_derivative,Class A Common Stock,,,,
1650372,2023-08-16,TEAM,Cannon-Brookes Michael,"isDirector,isOfficer,isTenPercentOwner",0001562180-23-006380,2023-08-15,S,1010.0,194.7482,270943.0,I,non_derivative,Class A Common Stock,,,,
1650372,2023-08-16,TEAM,Farquhar Scott,"isDirector,isOfficer,isTenPercentOwner",0001562180-23-006379,2023-08-15,S,1009.0,194.7478,270944.0,I,non_derivative,Class A Common Stock,,,,
1650372,2023-08-17,TEAM,Cannon-Brookes Michael,"isDirector,isOfficer,isTenPercentOwner",0001562180-23-006414,2023-08-16,S,250.0,194.414,263462.0,I,non_derivative,Class A Common Stock,,,,
1650372,2023-08-17,TEAM,Farquhar Scott,"isDirector,isOfficer,isTenPercentOwner",0001562180-23-006413,2023-08-16,S,600.0,193.7073,263112.0,I,non_derivative,Class A Common Stock,,,,
1650372,2023-08-18,TEAM,Farquhar Scott,"isDirector,isOfficer,isTenPercentOwner",0001562180-23-006440,2023-08-17,S,2522.0,185.0088,252949.0,I,non_derivative,Class A Common Stock,,,,
1650372,2023-08-18,TEAM,Cannon-Brookes Michael,"isDirector,isOfficer,isTenPercentOwner",0001562180-23-006439,2023-08-17,S,2419.0,183.9371,253052.0,I,non_derivative,Class A Common Stock,,,,
1650372,2023-08-21,TEAM,BHARADWAJ ANUTTHARA,isOfficer,0001562180-23-006477,2023-08-18,S,2470.0,181.81,193647.0,D,non_derivative,Class A Common Stock,,,,
1650372,2023-08-21,TEAM,Farquhar Scott,"isDirector,isOfficer,isTenPercentOwner",0001562180-23-006479,2023-08-18,S,400.0,184.3423,246830.0,I,non_derivative,Class A Common Stock,,,,
1650372,2023-08-21,TEAM,Cannon-Brookes Michael,"isDirector,isOfficer,isTenPercentOwner",0001562180-23-006478,2023-08-18,S,550.0,182.2936,246680.0,I,non_derivative,Class A Common Stock,,,,
1650372,2023-08-22,TEAM,LIU GENE,isOfficer,0001562180-23-006498,2023-08-21,S,3.0,187.2441,47785.0,D,non_derivative,Class A Common Stock,,,,
1650372,2023-08-22,TEAM,Farquhar Scott,"isDirector,isOfficer,isTenPercentOwner",0001562180-23-006495,2023-08-21,S,550.0,185.837,238439.0,I,non_derivative,Class A Common Stock,,,,
1650372,2023-08-22,TEAM,DEATSCH CAMERON,isOfficer,0001562180-23-006502,2023-08-21,S,440.0,185.7521,117941.0,D,non_derivative,Class A Common Stock,,,,
1650372,2023-08-22,TEAM,RAJAN RAJEEV BASHYAM,isOfficer,0001562180-23-006501,2023-08-21,S,1340.0,184.0963,100854.0,D,non_derivative,Class A Common Stock,,,,
1650372,2023-08-22,TEAM,BHARADWAJ ANUTTHARA,isOfficer,0001562180-23-006500,2023-08-21,S,252.0,185.7521,193395.0,D,non_derivative,Class A Common Stock,,,,
1650372,2023-08-22,TEAM,BINZ JOSEPH LEO,isOfficer,0001562180-23-006499,2023-08-21,S,389.0,183.1689,68646.0,D,non_derivative,Class A Common Stock,,,,
1650372,2023-08-22,TEAM,Cannon-Brookes Michael,"isDirector,isOfficer,isTenPercentOwner",0001562180-23-006496,2023-08-21,S,3023.0,184.1485,235966.0,I,non_derivative,Class A Common Stock,,,,
1650372,2023-08-23,TEAM,Cannon-Brookes Michael,"isDirector,isOfficer,isTenPercentOwner",0001562180-23-006539,2023-08-22,S,350.0,184.7086,230398.0,I,non_derivative,Class A Common Stock,,,,
1650372,2023-08-23,TEAM,Farquhar Scott,"isDirector,isOfficer,isTenPercentOwner",0001562180-23-006540,2023-08-22,S,450.0,186.8241,230298.0,I,non_derivative,Class A Common Stock,,,,
1650372,2023-08-24,TEAM,RAJAN RAJEEV BASHYAM,isOfficer,0001562180-23-006555,2023-08-23,S,2214.0,190.0,96866.0,D,non_derivative,Class A Common Stock,,,,
1650372,2023-08-24,TEAM,Farquhar Scott,"isDirector,isOfficer,isTenPercentOwner",0001562180-23-006557,2023-08-23,S,2102.0,191.2123,220405.0,I,non_derivative,Class A Common Stock,,,,
1650372,2023-08-24,TEAM,Cannon-Brookes Michael,"isDirector,isOfficer,isTenPercentOwner",0001562180-23-006556,2023-08-23,S,455.0,190.1582,222052.0,I,non_derivative,Class A Common Stock,,,,
1650372,2023-08-25,TEAM,Cannon-Brookes Michael,"isDirector,isOfficer,isTenPercentOwner",0001562180-23-006574,2023-08-24,S,1900.0,186.2483,212366.0,I,non_derivative,Class A Common Stock,,,,
1650372,2023-08-25,TEAM,Farquhar Scott,"isDirector,isOfficer,isTenPercentOwner",0001562180-23-006573,2023-08-24,S,700.0,187.3818,213566.0,I,non_derivative,Class A Common Stock,,,,
1650372,2023-08-29,TEAM,Cannon-Brookes Michael,"isDirector,isOfficer,isTenPercentOwner",0001562180-23-006622,2023-08-28,S,4290.0,191.341,193494.0,I,non_derivative,Class A Common Stock,,,,
1650372,2023-08-29,TEAM,Farquhar Scott,"isDirector,isOfficer,isTenPercentOwner",0001562180-23-006621,2023-08-28,S,1101.0,193.2739,196683.0,I,non_derivative,Class A Common Stock,,,,
1650372,2023-08-29,TEAM,Farquhar Scott,"isDirector,isOfficer,isTenPercentOwner",0001562180-23-006613,2023-08-25,S,990.0,184.5255,205035.0,I,non_derivative,Class A Common Stock,,,,
1650372,2023-08-29,TEAM,Cannon-Brookes Michael,"isDirector,isOfficer,isTenPercentOwner",0001562180-23-006612,2023-08-25,S,349.0,188.7926,205676.0,I,non_derivative,Class A Common Stock,,,,
1650372,2023-08-30,TEAM,Farquhar Scott,"isDirector,isOfficer,isTenPercentOwner",0001562180-23-006630,2023-08-29,S,1585.0,198.1584,187958.0,I,non_derivative,Class A Common Stock,,,,
1650372,2023-08-30,TEAM,Cannon-Brookes Michael,"isDirector,isOfficer,isTenPercentOwner",0001562180-23-006629,2023-08-29,S,603.0,193.4597,188940.0,I,non_derivative,Class A Common Stock,,,,
1650372,2023-08-31,TEAM,Farquhar Scott,"isDirector,isOfficer,isTenPercentOwner",0001562180-23-006636,2023-08-30,S,803.0,200.227,180499.0,I,non_derivative,Class A Common Stock,,,,
1650372,2023-08-31,TEAM,Cannon-Brookes Michael,"isDirector,isOfficer,isTenPercentOwner",0001562180-23-006637,2023-08-30,S,3689.0,202.1661,177613.0,I,non_derivative,Class A Common Stock,,,,
1650372,2023-08-31,TEAM,DEATSCH CAMERON,isOfficer,0001562180-23-006648,2023-08-29,S,100.0,199.71,113840.0,D,non_derivative,Class A Common Stock,,,,
1650372,2023-08-31,TEAM,FERNANDEZ HEATHER MIRJAHANGIR,isDirector,0001562180-23-006638,2023-08-30,S,1500.0,198.78,14705.0,D,non_derivative,Class A Common Stock,,,,
1650372,2023-09-01,TEAM,Cannon-Brookes Michael,"isDirector,isOfficer,isTenPercentOwner",0001562180-23-006667,2023-09-01,S,1900.0,203.8387,162920.0,I,non_derivative,Class A Common Stock,,,,
1650372,2023-09-01,TEAM,Farquhar Scott,"isDirector,isOfficer,isTenPercentOwner",0001562180-23-006665,2023-08-31,S,2604.0,203.9539,170457.0,I,non_derivative,Class A Common Stock,,,,
1650372,2023-09-01,TEAM,Farquhar Scott,"isDirector,isOfficer,isTenPercentOwner",0001562180-23-006668,2023-09-01,S,2662.0,205.5687,162158.0,I,non_derivative,Class A Common Stock,,,,
1650372,2023-09-01,TEAM,Cannon-Brookes Michael,"isDirector,isOfficer,isTenPercentOwner",0001562180-23-006664,2023-08-31,S,4836.0,204.6899,168225.0,I,non_derivative,Class A Common Stock,,,,
1650372,2023-09-06,TEAM,Farquhar Scott,"isDirector,isOfficer,isTenPercentOwner",0001562180-23-006742,2023-09-05,S,803.0,202.8076,155776.0,I,non_derivative,Class A Common Stock,,,,
1650372,2023-09-06,TEAM,Cannon-Brookes Michael,"isDirector,isOfficer,isTenPercentOwner",0001562180-23-006741,2023-09-05,S,50.0,200.0076,156529.0,I,non_derivative,Class A Common Stock,,,,
1650372,2023-09-07,TEAM,DEATSCH CAMERON,isOfficer,0001562180-23-006779,2023-09-06,S,1339.0,205.824,107117.0,D,non_derivative,Class A Common Stock,,,,
1650372,2023-09-07,TEAM,Cannon-Brookes Michael,"isDirector,isOfficer,isTenPercentOwner",0001562180-23-006778,2023-09-06,S,100.0,208.18,148238.0,I,non_derivative,Class A Common Stock,,,,
1650372,2023-09-07,TEAM,Farquhar Scott,"isDirector,isOfficer,isTenPercentOwner",0001562180-23-006777,2023-09-06,S,100.0,208.18,148238.0,I,non_derivative,Class A Common Stock,,,,
1650372,2023-09-08,TEAM,Cannon-Brookes Michael,"isDirector,isOfficer,isTenPercentOwner",0001562180-23-006790,2023-09-07,S,674.0,202.6538,139423.0,I,non_derivative,Class A Common Stock,,,,
1650372,2023-09-08,TEAM,Farquhar Scott,"isDirector,isOfficer,isTenPercentOwner",0001562180-23-006789,2023-09-07,S,1050.0,205.8225,139047.0,I,non_derivative,Class A Common Stock,,,,
1650372,2023-09-11,TEAM,Farquhar Scott,"isDirector,isOfficer,isTenPercentOwner",0001562180-23-006807,2023-09-08,S,200.0,207.6975,131656.0,I,non_derivative,Class A Common Stock,,,,
1650372,2023-09-11,TEAM,Cannon-Brookes Michael,"isDirector,isOfficer,isTenPercentOwner",0001562180-23-006808,2023-09-08,S,2109.0,205.8588,129747.0,I,non_derivative,Class A Common Stock,,,,
1650372,2023-09-12,TEAM,Farquhar Scott,"isDirector,isOfficer,isTenPercentOwner",0001562180-23-006828,2023-09-11,S,2182.0,214.0083,121433.0,I,non_derivative,Class A Common Stock,,,,
1650372,2023-09-12,TEAM,Cannon-Brookes Michael,"isDirector,isOfficer,isTenPercentOwner",0001562180-23-006827,2023-09-11,S,810.0,213.1291,122805.0,I,non_derivative,Class A Common Stock,,,,
1650372,2023-09-13,TEAM,Cannon-Brookes Michael,"isDirector,isOfficer,isTenPercentOwner",0001562180-23-006841,2023-09-12,S,3824.0,211.842,111550.0,I,non_derivative,Class A Common Stock,,,,
1650372,2023-09-13,TEAM,Farquhar Scott,"isDirector,isOfficer,isTenPercentOwner",0001562180-23-006842,2023-09-12,S,1474.0,211.1773,113900.0,I,non_derivative,Class A Common Stock,,,,
1650372,2023-09-14,TEAM,Cannon-Brookes Michael,"isDirector,isOfficer,isTenPercentOwner",0001562180-23-006855,2023-09-13,S,135.0,212.6311,106998.0,I,non_derivative,Class A Common Stock,,,,
1650372,2023-09-14,TEAM,DEATSCH CAMERON,isOfficer,0001562180-23-006857,2023-09-13,S,1598.0,208.9915,103447.0,D,non_derivative,Class A Common Stock,,,,
1650372,2023-09-14,TEAM,Farquhar Scott,"isDirector,isOfficer,isTenPercentOwner",0001562180-23-006856,2023-09-13,S,400.0,210.8025,106733.0,I,non_derivative,Class A Common Stock,,,,
1650372,2023-09-15,TEAM,Cannon-Brookes Michael,"isDirector,isOfficer,isTenPercentOwner",0001562180-23-006874,2023-09-14,S,647.0,210.1471,98245.0,I,non_derivative,Class A Common Stock,,,,
1650372,2023-09-15,TEAM,Farquhar Scott,"isDirector,isOfficer,isTenPercentOwner",0001562180-23-006873,2023-09-14,S,1351.0,207.5452,97541.0,I,non_derivative,Class A Common Stock,,,,
1650372,2023-09-18,TEAM,BHARADWAJ ANUTTHARA,isOfficer,0001562180-23-006917,2023-09-15,S,2470.0,208.44,188629.0,D,non_derivative,Class A Common Stock,,,,
1650372,2023-09-18,TEAM,Cannon-Brookes Michael,"isDirector,isOfficer,isTenPercentOwner",0001562180-23-006916,2023-09-15,S,300.0,206.7926,90351.0,I,non_derivative,Class A Common Stock,,,,
1650372,2023-09-18,TEAM,Farquhar Scott,"isDirector,isOfficer,isTenPercentOwner",0001562180-23-006915,2023-09-15,S,534.0,205.1031,90117.0,I,non_derivative,Class A Common Stock,,,,
1650372,2023-09-19,TEAM,Cannon-Brookes Michael,"isDirector,isOfficer,isTenPercentOwner",0001562180-23-006945,2023-09-18,S,50.0,202.44,82360.0,I,non_derivative,Class A Common Stock,,,,
1650372,2023-09-19,TEAM,Farquhar Scott,"isDirector,isOfficer,isTenPercentOwner",0001562180-23-006943,2023-09-18,S,50.0,202.44,82360.0,I,non_derivative,Class A Common Stock,,,,
1650372,2023-09-20,TEAM,Farquhar Scott,"isDirector,isOfficer,isTenPercentOwner",0001562180-23-006972,2023-09-19,S,777.0,202.6558,73392.0,I,non_derivative,Class A Common Stock,,,,
1650372,2023-09-20,TEAM,Cannon-Brookes Michael,"isDirector,isOfficer,isTenPercentOwner",0001562180-23-006971,2023-09-19,S,1558.0,205.5272,72611.0,I,non_derivative,Class A Common Stock,,,,
1650372,2023-09-21,TEAM,DEATSCH CAMERON,isOfficer,0001562180-23-006983,2023-09-20,S,1000.0,205.601,100634.0,D,non_derivative,Class A Common Stock,,,,
1650372,2023-09-21,TEAM,Cannon-Brookes Michael,"isDirector,isOfficer,isTenPercentOwner",0001562180-23-006981,2023-09-20,S,650.0,202.0966,65278.0,I,non_derivative,Class A Common Stock,,,,
1650372,2023-09-21,TEAM,Farquhar Scott,"isDirector,isOfficer,isTenPercentOwner",0001562180-23-006980,2023-09-20,S,1158.0,204.2473,64770.0,I,non_derivative,Class A Common Stock,,,,
1650372,2023-09-22,TEAM,Cannon-Brookes Michael,"isDirector,isOfficer,isTenPercentOwner",0001562180-23-006993,2023-09-21,S,600.0,194.087,57087.0,I,non_derivative,Class A Common Stock,,,,
1650372,2023-09-22,TEAM,Farquhar Scott,"isDirector,isOfficer,isTenPercentOwner",0001562180-23-006992,2023-09-21,S,1882.0,190.9686,55805.0,I,non_derivative,Class A Common Stock,,,,
1650372,2023-09-25,TEAM,Cannon-Brookes Michael,"isDirector,isOfficer,isTenPercentOwner",0001562180-23-007023,2023-09-22,S,3246.0,196.2977,46200.0,I,non_derivative,Class A Common Stock,,,,
1650372,2023-09-25,TEAM,Farquhar Scott,"isDirector,isOfficer,isTenPercentOwner",0001562180-23-007022,2023-09-22,S,824.0,197.0623,48622.0,I,non_derivative,Class A Common Stock,,,,
1650372,2023-09-26,TEAM,Cannon-Brookes Michael,"isDirector,isOfficer,isTenPercentOwner",0001562180-23-007036,2023-09-25,S,5391.0,196.3073,35814.0,I,non_derivative,Class A Common Stock,,,,
1650372,2023-09-26,TEAM,Farquhar Scott,"isDirector,isOfficer,isTenPercentOwner",0001562180-23-007037,2023-09-25,S,1050.0,194.4843,40155.0,I,non_derivative,Class A Common Stock,,,,
1650372,2023-09-27,TEAM,Cannon-Brookes Michael,"isDirector,isOfficer,isTenPercentOwner",0001562180-23-007039,2023-09-26,S,1525.0,190.3101,31439.0,I,non_derivative,Class A Common Stock,,,,
1650372,2023-09-27,TEAM,Farquhar Scott,"isDirector,isOfficer,isTenPercentOwner",0001562180-23-007040,2023-09-26,S,3624.0,191.3953,29340.0,I,non_derivative,Class A Common Stock,,,,
1650372,2023-09-28,TEAM,Cannon-Brookes Michael,"isDirector,isOfficer,isTenPercentOwner",0001562180-23-007054,2023-09-27,S,2960.0,197.2961,21763.0,I,non_derivative,Class A Common Stock,,,,
1650372,2023-09-28,TEAM,Farquhar Scott,"isDirector,isOfficer,isTenPercentOwner",0001562180-23-007053,2023-09-27,S,838.0,199.1437,23885.0,I,non_derivative,Class A Common Stock,,,,
1650372,2023-09-28,TEAM,DEATSCH CAMERON,isOfficer,0001562180-23-007051,2023-09-27,S,100.0,193.68,98123.0,D,non_derivative,Class A Common Stock,,,,
1650372,2023-09-29,TEAM,Farquhar Scott,"isDirector,isOfficer,isTenPercentOwner",0001562180-23-007069,2023-09-28,S,50.0,200.33,16432.0,I,non_derivative,Class A Common Stock,,,,
1650372,2023-09-29,TEAM,Cannon-Brookes Michael,"isDirector,isOfficer,isTenPercentOwner",0001562180-23-007068,2023-09-28,S,1707.0,198.5591,14775.0,I,non_derivative,Class A Common Stock,,,,
1650372,2023-10-02,TEAM,DEATSCH CAMERON,isOfficer,0001562180-23-007078,2023-09-28,A,42476.0,0.0,137288.0,D,non_derivative,Class A Common Stock,,,,
1650372,2023-10-02,TEAM,RAJAN RAJEEV BASHYAM,isOfficer,0001562180-23-007077,2023-09-28,A,53750.0,0.0,150616.0,D,non_derivative,Class A Common Stock,,,,
1650372,2023-10-02,TEAM,Farquhar Scott,"isDirector,isOfficer,isTenPercentOwner",0001562180-23-007089,2023-10-02,C,519183.0,0.0,51523685.0,I,derivative,Class B Common Stock,Class A Common Stock,519183.0,,
1650372,2023-10-02,TEAM,Farquhar Scott,"isDirector,isOfficer,isTenPercentOwner",0001562180-23-007074,2023-09-29,S,3201.0,201.3545,5040.0,I,non_derivative,Class A Common Stock,,,,
1650372,2023-10-02,TEAM,BINZ JOSEPH LEO,isOfficer,0001562180-23-007076,2023-09-28,A,37363.0,0.0,104659.0,D,non_derivative,Class A Common Stock,,,,
1650372,2023-10-02,TEAM,Farquhar Scott,"isDirector,isOfficer,isTenPercentOwner",0001562180-23-007089,2023-10-02,C,519183.0,,519183.0,I,non_derivative,Class A Common Stock,,,,
1650372,2023-10-02,TEAM,Cannon-Brookes Michael,"isDirector,isOfficer,isTenPercentOwner",0001562180-23-007090,2023-10-02,C,519183.0,0.0,51523685.0,I,derivative,Class B Common Stock,Class A Common Stock,519183.0,,
1650372,2023-10-02,TEAM,Cannon-Brookes Michael,"isDirector,isOfficer,isTenPercentOwner",0001562180-23-007075,2023-09-29,S,850.0,203.2088,7391.0,I,non_derivative,Class A Common Stock,,,,
1650372,2023-10-02,TEAM,Cannon-Brookes Michael,"isDirector,isOfficer,isTenPercentOwner",0001562180-23-007090,2023-10-02,C,519183.0,,519183.0,I,non_derivative,Class A Common Stock,,,,
1650372,2023-10-02,TEAM,LIU GENE,isOfficer,0001562180-23-007079,2023-09-28,A,4694.0,0.0,52206.0,D,non_derivative,Class A Common Stock,,,,
1650372,2023-10-03,TEAM,Cannon-Brookes Michael,"isDirector,isOfficer,isTenPercentOwner",0001562180-23-007118,2023-10-02,S,300.0,200.275,518883.0,I,non_derivative,Class A Common Stock,,,,
1650372,2023-10-03,TEAM,Farquhar Scott,"isDirector,isOfficer,isTenPercentOwner",0001562180-23-007117,2023-10-02,S,2246.0,196.5511,516937.0,I,non_derivative,Class A Common Stock,,,,
1650372,2023-10-04,TEAM,Cannon-Brookes Michael,"isDirector,isOfficer,isTenPercentOwner",0001562180-23-007200,2023-10-03,S,2179.0,190.9489,508763.0,I,non_derivative,Class A Common Stock,,,,
1650372,2023-10-04,TEAM,Farquhar Scott,"isDirector,isOfficer,isTenPercentOwner",0001562180-23-007199,2023-10-03,S,570.0,192.2948,510372.0,I,non_derivative,Class A Common Stock,,,,
1650372,2023-10-05,TEAM,Cannon-Brookes Michael,"isDirector,isOfficer,isTenPercentOwner",0001562180-23-007225,2023-10-04,S,2226.0,192.0821,500475.0,I,non_derivative,Class A Common Stock,,,,
1650372,2023-10-05,TEAM,Farquhar Scott,"isDirector,isOfficer,isTenPercentOwner",0001562180-23-007224,2023-10-04,S,2244.0,191.0467,500457.0,I,non_derivative,Class A Common Stock,,,,
1650372,2023-10-06,TEAM,Cannon-Brookes Michael,"isDirector,isOfficer,isTenPercentOwner",0001562180-23-007243,2023-10-06,S,1882.0,201.1773,484337.0,I,non_derivative,Class A Common Stock,,,,
1650372,2023-10-06,TEAM,Farquhar Scott,"isDirector,isOfficer,isTenPercentOwner",0001562180-23-007242,2023-10-06,S,310.0,192.16,485909.0,I,non_derivative,Class A Common Stock,,,,
1650372,2023-10-06,TEAM,Cannon-Brookes Michael,"isDirector,isOfficer,isTenPercentOwner",0001562180-23-007239,2023-10-05,S,100.0,190.465,494360.0,I,non_derivative,Class A Common Stock,,,,
1650372,2023-10-06,TEAM,Farquhar Scott,"isDirector,isOfficer,isTenPercentOwner",0001562180-23-007238,2023-10-05,S,508.0,188.7532,493952.0,I,non_derivative,Class A Common Stock,,,,
1650372,2023-10-10,TEAM,Cannon-Brookes Michael,"isDirector,isOfficer,isTenPercentOwner",0001562180-23-007249,2023-10-09,S,1400.0,198.8299,476578.0,I,non_derivative,Class A Common Stock,,,,
1650372,2023-10-10,TEAM,Farquhar Scott,"isDirector,isOfficer,isTenPercentOwner",0001562180-23-007248,2023-10-09,S,300.0,197.69,477678.0,I,non_derivative,Class A Common Stock,,,,
1650372,2023-10-11,TEAM,Cannon-Brookes Michael,"isDirector,isOfficer,isTenPercentOwner",0001562180-23-007257,2023-10-10,S,359.0,204.68,469378.0,I,non_derivative,Class A Common Stock,,,,
1650372,2023-10-11,TEAM,Farquhar Scott,"isDirector,isOfficer,isTenPercentOwner",0001562180-23-007256,2023-10-10,S,1002.0,206.8121,468735.0,I,non_derivative,Class A Common Stock,,,,
1650372,2023-10-12,TEAM,Farquhar Scott,"isDirector,isOfficer,isTenPercentOwner",0001562180-23-007278,2023-10-11,S,800.0,202.5693,460696.0,I,non_derivative,Class A Common Stock,,,,
1650372,2023-10-12,TEAM,Cannon-Brookes Michael,"isDirector,isOfficer,isTenPercentOwner",0001562180-23-007279,2023-10-11,S,717.0,204.5643,460779.0,I,non_derivative,Class A Common Stock,,,,
1650372,2023-10-13,TEAM,Cannon-Brookes Michael,"isDirector,isOfficer,isTenPercentOwner",0001562180-23-007296,2023-10-12,S,599.0,189.8172,452656.0,I,non_derivative,Class A Common Stock,,,,
1650372,2023-10-13,TEAM,Farquhar Scott,"isDirector,isOfficer,isTenPercentOwner",0001562180-23-007295,2023-10-12,S,250.0,192.462,453005.0,I,non_derivative,Class A Common Stock,,,,
1650372,2023-10-16,TEAM,Cannon-Brookes Michael,"isDirector,isOfficer,isTenPercentOwner",0001562180-23-007310,2023-10-13,S,200.0,186.8175,444814.0,I,non_derivative,Class A Common Stock,,,,
1650372,2023-10-16,TEAM,Farquhar Scott,"isDirector,isOfficer,isTenPercentOwner",0001562180-23-007309,2023-10-13,S,3006.0,188.9773,442008.0,I,non_derivative,Class A Common Stock,,,,
1650372,2023-10-17,TEAM,Cannon-Brookes Michael,"isDirector,isOfficer,isTenPercentOwner",0001562180-23-007329,2023-10-16,S,150.0,195.1967,436623.0,I,non_derivative,Class A Common Stock,,,,
1650372,2023-10-17,TEAM,Farquhar Scott,"isDirector,isOfficer,isTenPercentOwner",0001562180-23-007328,2023-10-16,S,50.0,199.32,436723.0,I,non_derivative,Class A Common Stock,,,,
1650372,2023-10-18,TEAM,Cannon-Brookes Michael,"isDirector,isOfficer,isTenPercentOwner",0001562180-23-007360,2023-10-17,S,1714.0,198.3393,426818.0,I,non_derivative,Class A Common Stock,,,,
1650372,2023-10-18,TEAM,Farquhar Scott,"isDirector,isOfficer,isTenPercentOwner",0001562180-23-007359,2023-10-17,S,750.0,199.2018,427782.0,I,non_derivative,Class A Common Stock,,,,
1650372,2023-10-19,TEAM,Cannon-Brookes Michael,"isDirector,isOfficer,isTenPercentOwner",0001562180-23-007398,2023-10-18,S,3487.0,194.148,416804.0,I,non_derivative,Class A Common Stock,,,,
1650372,2023-10-19,TEAM,Farquhar Scott,"isDirector,isOfficer,isTenPercentOwner",0001562180-23-007396,2023-10-18,S,850.0,192.3049,419441.0,I,non_derivative,Class A Common Stock,,,,
1650372,2023-10-20,TEAM,Cannon-Brookes Michael,"isDirector,isOfficer,isTenPercentOwner",0001562180-23-007411,2023-10-19,S,500.0,195.141,411550.0,I,non_derivative,Class A Common Stock,,,,
1650372,2023-10-20,TEAM,Farquhar Scott,"isDirector,isOfficer,isTenPercentOwner",0001562180-23-007410,2023-10-19,S,2042.0,192.1356,410008.0,I,non_derivative,Class A Common Stock,,,,
1650372,2023-10-23,TEAM,Farquhar Scott,"isDirector,isOfficer,isTenPercentOwner",0001562180-23-007414,2023-10-20,S,800.0,182.7675,403009.0,I,non_derivative,Class A Common Stock,,,,
1650372,2023-10-23,TEAM,BHARADWAJ ANUTTHARA,isOfficer,0001562180-23-007416,2023-10-20,S,2470.0,191.19,186159.0,D,non_derivative,Class A Common Stock,,,,
1650372,2023-10-23,TEAM,Cannon-Brookes Michael,"isDirector,isOfficer,isTenPercentOwner",0001562180-23-007415,2023-10-20,S,250.0,188.8152,403559.0,I,non_derivative,Class A Common Stock,,,,
1650372,2023-10-24,TEAM,Cannon-Brookes Michael,"isDirector,isOfficer,isTenPercentOwner",0001562180-23-007419,2023-10-23,S,300.0,182.1459,395268.0,I,non_derivative,Class A Common Stock,,,,
1650372,2023-10-24,TEAM,Farquhar Scott,"isDirector,isOfficer,isTenPercentOwner",0001562180-23-007418,2023-10-23,S,901.0,184.5227,394667.0,I,non_derivative,Class A Common Stock,,,,
1650372,2023-10-25,TEAM,Cannon-Brookes Michael,"isDirector,isOfficer,isTenPercentOwner",0001562180-23-007423,2023-10-24,S,2272.0,189.8781,385055.0,I,non_derivative,Class A Common Stock,,,,
1650372,2023-10-25,TEAM,Farquhar Scott,"isDirector,isOfficer,isTenPercentOwner",0001562180-23-007424,2023-10-24,S,2272.0,189.8785,385055.0,I,non_derivative,Class A Common Stock,,,,
1650372,2023-10-26,TEAM,Cannon-Brookes Michael,"isDirector,isOfficer,isTenPercentOwner",0001562180-23-007430,2023-10-25,S,350.0,180.9958,378736.0,I,non_derivative,Class A Common Stock,,,,
1650372,2023-10-26,TEAM,Farquhar Scott,"isDirector,isOfficer,isTenPercentOwner",0001562180-23-007431,2023-10-25,S,618.0,182.0416,378468.0,I,non_derivative,Class A Common Stock,,,,
1650372,2023-10-27,TEAM,Cannon-Brookes Michael,"isDirector,isOfficer,isTenPercentOwner",0001562180-23-007444,2023-10-26,S,400.0,179.2674,370445.0,I,non_derivative,Class A Common Stock,,,,
1650372,2023-10-27,TEAM,Farquhar Scott,"isDirector,isOfficer,isTenPercentOwner",0001562180-23-007443,2023-10-26,S,400.0,179.2674,370445.0,I,non_derivative,Class A Common Stock,,,,
1650372,2023-10-30,TEAM,Cannon-Brookes Michael,"isDirector,isOfficer,isTenPercentOwner",0001562180-23-007452,2023-10-27,S,1050.0,178.0985,361554.0,I,non_derivative,Class A Common Stock,,,,
1650372,2023-10-30,TEAM,Farquhar Scott,"isDirector,isOfficer,isTenPercentOwner",0001562180-23-007451,2023-10-27,S,450.0,175.0778,362154.0,I,non_derivative,Class A Common Stock,,,,
1650372,2023-10-31,TEAM,Farquhar Scott,"isDirector,isOfficer,isTenPercentOwner",0001562180-23-007462,2023-10-30,S,50.0,179.43,354313.0,I,non_derivative,Class A Common Stock,,,,
1650372,2023-10-31,TEAM,Cannon-Brookes Michael,"isDirector,isOfficer,isTenPercentOwner",0001562180-23-007461,2023-10-30,S,1152.0,176.4074,353211.0,I,non_derivative,Class A Common Stock,,,,
1650372,2023-11-01,TEAM,Cannon-Brookes Michael,"isDirector,isOfficer,isTenPercentOwner",0001562180-23-007478,2023-10-31,S,1900.0,181.3393,344222.0,I,non_derivative,Class A Common Stock,,,,
1650372,2023-11-01,TEAM,Farquhar Scott,"isDirector,isOfficer,isTenPercentOwner",0001562180-23-007476,2023-10-31,S,1900.0,181.3393,344222.0,I,non_derivative,Class A Common Stock,,,,
1650372,2023-11-02,TEAM,Cannon-Brookes Michael,"isDirector,isOfficer,isTenPercentOwner",0001562180-23-007504,2023-11-01,S,894.0,180.1488,336987.0,I,non_derivative,Class A Common Stock,,,,
1650372,2023-11-02,TEAM,DEATSCH CAMERON,isOfficer,0001562180-23-007516,2023-11-01,S,100.0,181.22,137188.0,D,non_derivative,Class A Common Stock,,,,
1650372,2023-11-02,TEAM,Farquhar Scott,"isDirector,isOfficer,isTenPercentOwner",0001562180-23-007505,2023-11-01,S,893.0,180.1489,336988.0,I,non_derivative,Class A Common Stock,,,,
1650372,2023-11-03,TEAM,Cannon-Brookes Michael,"isDirector,isOfficer,isTenPercentOwner",0001562180-23-007554,2023-11-02,S,300.0,179.68,329340.0,I,non_derivative,Class A Common Stock,,,,
1650372,2023-11-03,TEAM,Farquhar Scott,"isDirector,isOfficer,isTenPercentOwner",0001562180-23-007555,2023-11-02,S,250.0,182.912,329390.0,I,non_derivative,Class A Common Stock,,,,
1650372,2023-11-06,TEAM,Farquhar Scott,"isDirector,isOfficer,isTenPercentOwner",0001562180-23-007570,2023-11-03,S,1239.0,176.9518,320160.0,I,non_derivative,Class A Common Stock,,,,
1650372,2023-11-06,TEAM,Cannon-Brookes Michael,"isDirector,isOfficer,isTenPercentOwner",0001562180-23-007571,2023-11-03,S,300.0,170.6533,321099.0,I,non_derivative,Class A Common Stock,,,,
1650372,2023-11-07,TEAM,Cannon-Brookes Michael,"isDirector,isOfficer,isTenPercentOwner",0001562180-23-007585,2023-11-06,S,2600.0,171.8009,310558.0,I,non_derivative,Class A Common Stock,,,,
1650372,2023-11-07,TEAM,Farquhar Scott,"isDirector,isOfficer,isTenPercentOwner",0001562180-23-007583,2023-11-06,S,468.0,170.8665,312690.0,I,non_derivative,Class A Common Stock,,,,
1650372,2023-11-08,TEAM,Farquhar Scott,"isDirector,isOfficer,isTenPercentOwner",0001562180-23-007593,2023-11-07,S,250.0,174.36,304667.0,I,non_derivative,Class A Common Stock,,,,
1650372,2023-11-08,TEAM,Cannon-Brookes Michael,"isDirector,isOfficer,isTenPercentOwner",0001562180-23-007592,2023-11-07,S,4594.0,178.9383,300323.0,I,non_derivative,Class A Common Stock,,,,
1650372,2023-11-09,TEAM,Cannon-Brookes Michael,"isDirector,isOfficer,isTenPercentOwner",0001562180-23-007618,2023-11-09,S,3511.0,170.4611,284924.0,I,non_derivative,Class A Common Stock,,,,
1650372,2023-11-09,TEAM,Farquhar Scott,"isDirector,isOfficer,isTenPercentOwner",0001562180-23-007617,2023-11-09,S,1851.0,172.4769,286584.0,I,non_derivative,Class A Common Stock,,,,
1650372,2023-11-09,TEAM,DEATSCH CAMERON,isOfficer,0001562180-23-007613,2023-11-08,S,1100.0,173.2578,132777.0,D,non_derivative,Class A Common Stock,,,,
1650372,2023-11-09,TEAM,Farquhar Scott,"isDirector,isOfficer,isTenPercentOwner",0001562180-23-007612,2023-11-08,S,4502.0,174.022,292174.0,I,non_derivative,Class A Common Stock,,,,
1650372,2023-11-09,TEAM,Cannon-Brookes Michael,"isDirector,isOfficer,isTenPercentOwner",0001562180-23-007611,2023-11-08,S,1900.0,173.176,294776.0,I,non_derivative,Class A Common Stock,,,,
1650372,2023-11-13,TEAM,Farquhar Scott,"isDirector,isOfficer,isTenPercentOwner",0001562180-23-007639,2023-11-10,S,300.0,171.7245,279894.0,I,non_derivative,Class A Common Stock,,,,
1650372,2023-11-13,TEAM,Cannon-Brookes Michael,"isDirector,isOfficer,isTenPercentOwner",0001562180-23-007638,2023-11-10,S,350.0,173.5814,279844.0,I,non_derivative,Class A Common Stock,,,,
1650372,2023-11-14,TEAM,Cannon-Brookes Michael,"isDirector,isOfficer,isTenPercentOwner",0001562180-23-007673,2023-11-13,S,4741.0,174.8873,267212.0,I,non_derivative,Class A Common Stock,,,,
1650372,2023-11-14,TEAM,Farquhar Scott,"isDirector,isOfficer,isTenPercentOwner",0001562180-23-007672,2023-11-13,S,4741.0,174.8872,267212.0,I,non_derivative,Class A Common Stock,,,,
1650372,2023-11-15,TEAM,BINZ JOSEPH LEO,isOfficer,0001562180-23-007699,2023-11-14,S,112.0,185.3515,104547.0,D,non_derivative,Class A Common Stock,,,,
1650372,2023-11-15,TEAM,Farquhar Scott,"isDirector,isOfficer,isTenPercentOwner",0001562180-23-007694,2023-11-14,S,600.0,186.4739,263112.0,I,non_derivative,Class A Common Stock,,,,
1650372,2023-11-15,TEAM,Cannon-Brookes Michael,"isDirector,isOfficer,isTenPercentOwner",0001562180-23-007695,2023-11-14,S,2100.0,184.9167,261612.0,I,non_derivative,Class A Common Stock,,,,
1650372,2023-11-15,TEAM,RAJAN RAJEEV BASHYAM,isOfficer,0001562180-23-007701,2023-11-14,S,479.0,186.2428,150137.0,D,non_derivative,Class A Common Stock,,,,
1650372,2023-11-15,TEAM,DEATSCH CAMERON,isOfficer,0001562180-23-007697,2023-11-14,S,315.0,185.3515,130151.0,D,non_derivative,Class A Common Stock,,,,
1650372,2023-11-15,TEAM,BHARADWAJ ANUTTHARA,isOfficer,0001562180-23-007696,2023-11-14,S,572.0,185.3515,185587.0,D,non_derivative,Class A Common Stock,,,,
1650372,2023-11-15,TEAM,LIU GENE,isOfficer,0001562180-23-007698,2023-11-14,S,68.0,186.2428,52138.0,D,non_derivative,Class A Common Stock,,,,
1650372,2023-11-16,TEAM,Farquhar Scott,"isDirector,isOfficer,isTenPercentOwner",0001562180-23-007720,2023-11-15,S,1350.0,188.7396,254121.0,I,non_derivative,Class A Common Stock,,,,
1650372,2023-11-16,TEAM,Cannon-Brookes Michael,"isDirector,isOfficer,isTenPercentOwner",0001562180-23-007719,2023-11-15,S,1967.0,187.6395,253504.0,I,non_derivative,Class A Common Stock,,,,
1650372,2023-11-16,TEAM,DEATSCH CAMERON,isOfficer,0001562180-23-007721,2023-11-15,S,1100.0,189.9864,126858.0,D,non_derivative,Class A Common Stock,,,,
1650372,2023-11-17,TEAM,RAJAN RAJEEV BASHYAM,isOfficer,0001562180-23-007766,2023-11-16,S,205.0,186.29,149106.0,D,non_derivative,Class A Common Stock,,,,
1650372,2023-11-17,TEAM,DEATSCH CAMERON,isOfficer,0001562180-23-007765,2023-11-16,S,2416.0,186.29,122132.0,D,non_derivative,Class A Common Stock,,,,
1650372,2023-11-17,TEAM,Cannon-Brookes Michael,"isDirector,isOfficer,isTenPercentOwner",0001562180-23-007764,2023-11-16,S,3647.0,185.9332,243583.0,I,non_derivative,Class A Common Stock,,,,
1650372,2023-11-17,TEAM,Farquhar Scott,"isDirector,isOfficer,isTenPercentOwner",0001562180-23-007763,2023-11-16,S,800.0,183.8712,246430.0,I,non_derivative,Class A Common Stock,,,,
1650372,2023-11-20,TEAM,Cannon-Brookes Michael,"isDirector,isOfficer,isTenPercentOwner",0001562180-23-007801,2023-11-17,S,1292.0,184.5885,237697.0,I,non_derivative,Class A Common Stock,,,,
1650372,2023-11-20,TEAM,BHARADWAJ ANUTTHARA,isOfficer,0001562180-23-007803,2023-11-17,S,2470.0,185.82,179129.0,D,non_derivative,Class A Common Stock,,,,
1650372,2023-11-20,TEAM,Farquhar Scott,"isDirector,isOfficer,isTenPercentOwner",0001562180-23-007802,2023-11-17,S,250.0,183.2128,238739.0,I,non_derivative,Class A Common Stock,,,,
1650372,2023-11-21,TEAM,Farquhar Scott,"isDirector,isOfficer,isTenPercentOwner",0001562180-23-007860,2023-11-20,S,972.0,186.929,229776.0,I,non_derivative,Class A Common Stock,,,,
1650372,2023-11-21,TEAM,DEATSCH CAMERON,isOfficer,0001562180-23-007864,2023-11-20,S,1035.0,185.2596,121097.0,D,non_derivative,Class A Common Stock,,,,
1650372,2023-11-21,TEAM,LIU GENE,isOfficer,0001562180-23-007866,2023-11-20,S,74.0,185.2596,51947.0,D,non_derivative,Class A Common Stock,,,,
1650372,2023-11-21,TEAM,RAJAN RAJEEV BASHYAM,isOfficer,0001562180-23-007862,2023-11-20,S,117.0,188.2021,148989.0,D,non_derivative,Class A Common Stock,,,,
1650372,2023-11-21,TEAM,Cannon-Brookes Michael,"isDirector,isOfficer,isTenPercentOwner",0001562180-23-007861,2023-11-20,S,461.0,188.1325,230287.0,I,non_derivative,Class A Common Stock,,,,
1650372,2023-11-21,TEAM,BINZ JOSEPH LEO,isOfficer,0001562180-23-007863,2023-11-20,S,210.0,186.9557,103555.0,D,non_derivative,Class A Common Stock,,,,
1650372,2023-11-21,TEAM,BHARADWAJ ANUTTHARA,isOfficer,0001562180-23-007865,2023-11-20,S,3.0,190.0,179126.0,D,non_derivative,Class A Common Stock,,,,
1650372,2023-11-22,TEAM,DEATSCH CAMERON,isOfficer,0001562180-23-007905,2023-11-22,S,1909.0,180.8071,116232.0,D,non_derivative,Class A Common Stock,,,,
1650372,2023-11-22,TEAM,Cannon-Brookes Michael,"isDirector,isOfficer,isTenPercentOwner",0001562180-23-007904,2023-11-22,S,1641.0,182.9751,212625.0,I,non_derivative,Class A Common Stock,,,,
1650372,2023-11-22,TEAM,Farquhar Scott,"isDirector,isOfficer,isTenPercentOwner",0001562180-23-007903,2023-11-22,S,3680.0,180.8119,210586.0,I,non_derivative,Class A Common Stock,,,,
1650372,2023-11-22,TEAM,Cannon-Brookes Michael,"isDirector,isOfficer,isTenPercentOwner",0001562180-23-007894,2023-11-21,S,1245.0,185.144,221262.0,I,non_derivative,Class A Common Stock,,,,
1650372,2023-11-22,TEAM,Farquhar Scott,"isDirector,isOfficer,isTenPercentOwner",0001562180-23-007893,2023-11-21,S,1245.0,185.1435,221262.0,I,non_derivative,Class A Common Stock,,,,
1650372,2023-11-27,TEAM,Farquhar Scott,"isDirector,isOfficer,isTenPercentOwner",0001562180-23-007936,2023-11-24,S,3290.0,181.5216,202735.0,I,non_derivative,Class A Common Stock,,,,
1650372,2023-11-27,TEAM,Cannon-Brookes Michael,"isDirector,isOfficer,isTenPercentOwner",0001562180-23-007937,2023-11-24,S,1178.0,179.9288,204847.0,I,non_derivative,Class A Common Stock,,,,
1650372,2023-11-27,TEAM,DEATSCH CAMERON,isOfficer,0001562180-23-007938,2023-11-24,S,2672.0,181.2778,111248.0,D,non_derivative,Class A Common Stock,,,,
1650372,2023-11-27,TEAM,RAJAN RAJEEV BASHYAM,isOfficer,0001562180-23-007940,2023-11-24,S,447.0,179.74,145584.0,D,non_derivative,Class A Common Stock,,,,
1650372,2023-11-28,TEAM,Cannon-Brookes Michael,"isDirector,isOfficer,isTenPercentOwner",0001562180-23-007961,2023-11-27,S,1199.0,183.4713,196585.0,I,non_derivative,Class A Common Stock,,,,
1650372,2023-11-28,TEAM,Farquhar Scott,"isDirector,isOfficer,isTenPercentOwner",0001562180-23-007960,2023-11-27,S,3156.0,180.5514,194628.0,I,non_derivative,Class A Common Stock,,,,
1650372,2023-11-29,TEAM,Cannon-Brookes Michael,"isDirector,isOfficer,isTenPercentOwner",0001562180-23-007972,2023-11-28,S,480.0,183.7464,189063.0,I,non_derivative,Class A Common Stock,,,,
1650372,2023-11-29,TEAM,Farquhar Scott,"isDirector,isOfficer,isTenPercentOwner",0001562180-23-007971,2023-11-28,S,400.0,180.5825,189143.0,I,non_derivative,Class A Common Stock,,,,
1650372,2023-11-30,TEAM,Farquhar Scott,"isDirector,isOfficer,isTenPercentOwner",0001562180-23-007981,2023-11-29,S,100.0,194.325,181202.0,I,non_derivative,Class A Common Stock,,,,
1650372,2023-11-30,TEAM,Cannon-Brookes Michael,"isDirector,isOfficer,isTenPercentOwner",0001562180-23-007982,2023-11-29,S,50.0,190.05,181252.0,I,non_derivative,Class A Common Stock,,,,
1650372,2023-11-30,TEAM,RAJAN RAJEEV BASHYAM,isOfficer,0001562180-23-007983,2023-11-29,S,2609.0,190.2205,142975.0,D,non_derivative,Class A Common Stock,,,,
1650372,2023-12-01,TEAM,Farquhar Scott,"isDirector,isOfficer,isTenPercentOwner",0001562180-23-008011,2023-11-30,S,300.0,194.662,172761.0,I,non_derivative,Class A Common Stock,,,,
1650372,2023-12-01,TEAM,Cannon-Brookes Michael,"isDirector,isOfficer,isTenPercentOwner",0001562180-23-008008,2023-11-30,S,1180.0,189.5162,171881.0,I,non_derivative,Class A Common Stock,,,,
1650372,2023-12-04,TEAM,Cannon-Brookes Michael,"isDirector,isOfficer,isTenPercentOwner",0001562180-23-008062,2023-12-01,S,3216.0,194.9956,161604.0,I,non_derivative,Class A Common Stock,,,,
1650372,2023-12-04,TEAM,Farquhar Scott,"isDirector,isOfficer,isTenPercentOwner",0001562180-23-008060,2023-12-01,S,150.0,191.9964,164670.0,I,non_derivative,Class A Common Stock,,,,
1650372,2023-12-05,TEAM,FERNANDEZ HEATHER MIRJAHANGIR,isDirector,0001562180-23-008099,2023-12-04,S,1500.0,193.39,13205.0,D,non_derivative,Class A Common Stock,,,,
1650372,2023-12-05,TEAM,Farquhar Scott,"isDirector,isOfficer,isTenPercentOwner",0001562180-23-008098,2023-12-04,S,250.0,188.3906,156329.0,I,non_derivative,Class A Common Stock,,,,
1650372,2023-12-05,TEAM,Cannon-Brookes Michael,"isDirector,isOfficer,isTenPercentOwner",0001562180-23-008097,2023-12-04,S,2441.0,194.4703,154138.0,I,non_derivative,Class A Common Stock,,,,
1650372,2023-12-06,TEAM,Farquhar Scott,"isDirector,isOfficer,isTenPercentOwner",0001562180-23-008159,2023-12-05,S,1244.0,191.5696,147094.0,I,non_derivative,Class A Common Stock,,,,
1650372,2023-12-06,TEAM,Cannon-Brookes Michael,"isDirector,isOfficer,isTenPercentOwner",0001562180-23-008158,2023-12-05,S,307.0,192.6343,148031.0,I,non_derivative,Class A Common Stock,,,,
1650372,2023-12-07,TEAM,Wong Rich,isDirector,0001562180-23-008213,2023-12-06,A,1405.0,0.0,123878.0,D,non_derivative,Class A Common Stock,,,,
1650372,2023-12-07,TEAM,Cannon-Brookes Michael,"isDirector,isOfficer,isTenPercentOwner",0001562180-23-008203,2023-12-06,S,800.0,191.6898,139297.0,I,non_derivative,Class A Common Stock,,,,
1650372,2023-12-07,TEAM,Farquhar Scott,"isDirector,isOfficer,isTenPercentOwner",0001562180-23-008204,2023-12-06,S,800.0,191.6897,139297.0,I,non_derivative,Class A Common Stock,,,,
1650372,2023-12-07,TEAM,Salem Enrique T,isDirector,0000950170-23-068874,2023-12-06,A,1405.0,0.0,105567.0,D,non_derivative,Class A Common Stock,,,,
1650372,2023-12-07,TEAM,Parikh Jay,isDirector,0001562180-23-008214,2023-12-06,A,1405.0,0.0,24760.0,D,non_derivative,Class A Common Stock,,,,
1650372,2023-12-07,TEAM,Brown Shona L,isDirector,0001562180-23-008217,2023-12-06,A,1405.0,0.0,35980.0,D,non_derivative,Class A Common Stock,,,,
1650372,2023-12-07,TEAM,Sordello Steven J,isDirector,0001562180-23-008219,2023-12-06,A,1405.0,0.0,49994.0,D,non_derivative,Class A Common Stock,,,,
1650372,2023-12-07,TEAM,Zatlyn Michelle,isDirector,0001562180-23-008215,2023-12-06,A,1405.0,0.0,4167.0,D,non_derivative,Class A Common Stock,,,,
1650372,2023-12-07,TEAM,Goodarzi Sasan K,isDirector,0001562180-23-008216,2023-12-06,A,1405.0,0.0,16094.0,D,non_derivative,Class A Common Stock,,,,
1650372,2023-12-07,TEAM,FERNANDEZ HEATHER MIRJAHANGIR,isDirector,0001562180-23-008218,2023-12-06,A,1405.0,0.0,14610.0,D,non_derivative,Class A Common Stock,,,,
1650372,2023-12-08,TEAM,Farquhar Scott,"isDirector,isOfficer,isTenPercentOwner",0001562180-23-008252,2023-12-07,S,6561.0,187.8107,125295.0,I,non_derivative,Class A Common Stock,,,,
1650372,2023-12-08,TEAM,Cannon-Brookes Michael,"isDirector,isOfficer,isTenPercentOwner",0001562180-23-008251,2023-12-07,S,781.0,188.6556,131075.0,I,non_derivative,Class A Common Stock,,,,
1650372,2023-12-11,TEAM,Cannon-Brookes Michael,"isDirector,isOfficer,isTenPercentOwner",0001562180-23-008281,2023-12-08,S,622.0,190.0564,122993.0,I,non_derivative,Class A Common Stock,,,,
1650372,2023-12-11,TEAM,Farquhar Scott,"isDirector,isOfficer,isTenPercentOwner",0001562180-23-008280,2023-12-08,S,3300.0,192.7279,120315.0,I,non_derivative,Class A Common Stock,,,,
1650372,2023-12-12,TEAM,Cannon-Brookes Michael,"isDirector,isOfficer,isTenPercentOwner",0001562180-23-008319,2023-12-11,S,50.0,199.15,115324.0,I,non_derivative,Class A Common Stock,,,,
1650372,2023-12-12,TEAM,Farquhar Scott,"isDirector,isOfficer,isTenPercentOwner",0001562180-23-008318,2023-12-11,S,1050.0,196.4142,114324.0,I,non_derivative,Class A Common Stock,,,,
1650372,2023-12-13,TEAM,Farquhar Scott,"isDirector,isOfficer,isTenPercentOwner",0001562180-23-008351,2023-12-12,S,2008.0,201.7011,105125.0,I,non_derivative,Class A Common Stock,,,,
1650372,2023-12-13,TEAM,Cannon-Brookes Michael,"isDirector,isOfficer,isTenPercentOwner",0001562180-23-008352,2023-12-12,S,300.0,196.145,106833.0,I,non_derivative,Class A Common Stock,,,,
1650372,2023-12-14,TEAM,Farquhar Scott,"isDirector,isOfficer,isTenPercentOwner",0001562180-23-008376,2023-12-13,S,1318.0,205.4432,97574.0,I,non_derivative,Class A Common Stock,,,,
1650372,2023-12-14,TEAM,Cannon-Brookes Michael,"isDirector,isOfficer,isTenPercentOwner",0001562180-23-008377,2023-12-13,S,500.0,204.3989,98392.0,I,non_derivative,Class A Common Stock,,,,
1650372,2023-12-15,TEAM,Farquhar Scott,"isDirector,isOfficer,isTenPercentOwner",0001562180-23-008420,2023-12-14,S,450.0,223.73,90201.0,I,non_derivative,Class A Common Stock,,,,
1650372,2023-12-15,TEAM,Cannon-Brookes Michael,"isDirector,isOfficer,isTenPercentOwner",0001562180-23-008419,2023-12-14,S,3831.0,221.7668,86820.0,I,non_derivative,Class A Common Stock,,,,
1650372,2023-12-15,TEAM,FERNANDEZ HEATHER MIRJAHANGIR,isDirector,0001562180-23-008421,2023-12-14,S,3000.0,225.0,11610.0,D,non_derivative,Class A Common Stock,,,,
1650372,2023-12-15,TEAM,LIU GENE,isOfficer,0001562180-23-008422,2023-12-14,S,2532.0,220.0,49204.0,D,non_derivative,Class A Common Stock,,,,
1650372,2023-12-18,TEAM,BHARADWAJ ANUTTHARA,isOfficer,0001562180-23-008453,2023-12-15,S,1235.0,223.79,175379.0,D,non_derivative,Class A Common Stock,,,,
1650372,2023-12-18,TEAM,Cannon-Brookes Michael,"isDirector,isOfficer,isTenPercentOwner",0001562180-23-008455,2023-12-15,S,200.0,223.9164,82210.0,I,non_derivative,Class A Common Stock,,,,
1650372,2023-12-18,TEAM,Farquhar Scott,"isDirector,isOfficer,isTenPercentOwner",0001562180-23-008454,2023-12-15,S,880.0,230.1017,81530.0,I,non_derivative,Class A Common Stock,,,,
1650372,2023-12-19,TEAM,Cannon-Brookes Michael,"isDirector,isOfficer,isTenPercentOwner",0001562180-23-008487,2023-12-18,S,3654.0,228.9421,70515.0,I,non_derivative,Class A Common Stock,,,,
1650372,2023-12-19,TEAM,Farquhar Scott,"isDirector,isOfficer,isTenPercentOwner",0001562180-23-008486,2023-12-18,S,3654.0,228.9423,70515.0,I,non_derivative,Class A Common Stock,,,,
1650372,2023-12-20,TEAM,Cannon-Brookes Michael,"isDirector,isOfficer,isTenPercentOwner",0001562180-23-008514,2023-12-19,S,250.0,231.352,65678.0,I,non_derivative,Class A Common Stock,,,,
1650372,2023-12-20,TEAM,Farquhar Scott,"isDirector,isOfficer,isTenPercentOwner",0001562180-23-008513,2023-12-19,S,5423.0,233.7787,60505.0,I,non_derivative,Class A Common Stock,,,,
1650372,2023-12-21,TEAM,LIU GENE,isOfficer,0001562180-23-008524,2023-12-20,S,1441.0,238.0,47293.0,D,non_derivative,Class A Common Stock,,,,
1650372,2023-12-21,TEAM,Cannon-Brookes Michael,"isDirector,isOfficer,isTenPercentOwner",0001562180-23-008526,2023-12-20,S,2930.0,238.18,54757.0,I,non_derivative,Class A Common Stock,,,,
1650372,2023-12-21,TEAM,Farquhar Scott,"isDirector,isOfficer,isTenPercentOwner",0001562180-23-008525,2023-12-20,S,2747.0,237.5014,54940.0,I,non_derivative,Class A Common Stock,,,,
1650372,2023-12-22,TEAM,Farquhar Scott,"isDirector,isOfficer,isTenPercentOwner",0001562180-23-008547,2023-12-22,S,2278.0,240.7306,38927.0,I,non_derivative,Class A Common Stock,,,,
1650372,2023-12-22,TEAM,Cannon-Brookes Michael,"isDirector,isOfficer,isTenPercentOwner",0001562180-23-008543,2023-12-21,S,50.0,245.25,49396.0,I,non_derivative,Class A Common Stock,,,,
1650372,2023-12-22,TEAM,Farquhar Scott,"isDirector,isOfficer,isTenPercentOwner",0001562180-23-008542,2023-12-21,S,300.0,239.5455,49146.0,I,non_derivative,Class A Common Stock,,,,
1650372,2023-12-22,TEAM,Cannon-Brookes Michael,"isDirector,isOfficer,isTenPercentOwner",0001562180-23-008548,2023-12-22,S,570.0,242.3707,40635.0,I,non_derivative,Class A Common Stock,,,,
1650372,2023-12-27,TEAM,Cannon-Brookes Michael,"isDirector,isOfficer,isTenPercentOwner",0001562180-23-008565,2023-12-26,S,2261.0,245.8286,30703.0,I,non_derivative,Class A Common Stock,,,,
1650372,2023-12-27,TEAM,Farquhar Scott,"isDirector,isOfficer,isTenPercentOwner",0001562180-23-008564,2023-12-26,S,2892.0,244.8988,30072.0,I,non_derivative,Class A Common Stock,,,,
1650372,2023-12-28,TEAM,Cannon-Brookes Michael,"isDirector,isOfficer,isTenPercentOwner",0001562180-23-008575,2023-12-27,S,50.0,247.46,24673.0,I,non_derivative,Class A Common Stock,,,,
1650372,2023-12-28,TEAM,Farquhar Scott,"isDirector,isOfficer,isTenPercentOwner",0001562180-23-008574,2023-12-27,S,600.0,245.017,24123.0,I,non_derivative,Class A Common Stock,,,,
1650372,2023-12-29,TEAM,Farquhar Scott,"isDirector,isOfficer,isTenPercentOwner",0001562180-23-008588,2023-12-29,S,4686.0,237.936,3555.0,I,non_derivative,Class A Common Stock,,,,
1650372,2023-12-29,TEAM,Cannon-Brookes Michael,"isDirector,isOfficer,isTenPercentOwner",0001562180-23-008587,2023-12-29,S,2363.0,238.8098,5878.0,I,non_derivative,Class A Common Stock,,,,
1650372,2023-12-29,TEAM,Cannon-Brookes Michael,"isDirector,isOfficer,isTenPercentOwner",0001562180-23-008586,2023-12-28,S,2353.0,241.7279,14129.0,I,non_derivative,Class A Common Stock,,,,
1650372,2023-12-29,TEAM,Farquhar Scott,"isDirector,isOfficer,isTenPercentOwner",0001562180-23-008585,2023-12-28,S,5888.0,241.2448,10594.0,I,non_derivative,Class A Common Stock,,,,
1650372,2024-01-02,TEAM,Cannon-Brookes Michael,"isDirector,isOfficer,isTenPercentOwner",0001562180-24-000033,2024-01-02,C,502701.0,0.0,51020984.0,I,derivative,Class B Common Stock,Class A Common Stock,502701.0,,
1650372,2024-01-02,TEAM,Farquhar Scott,"isDirector,isOfficer,isTenPercentOwner",0001562180-24-000034,2024-01-02,C,502701.0,0.0,51020984.0,I,derivative,Class B Common Stock,Class A Common Stock,502701.0,,
1650372,2024-01-02,TEAM,Cannon-Brookes Michael,"isDirector,isOfficer,isTenPercentOwner",0001562180-24-000033,2024-01-02,C,502701.0,,502701.0,I,non_derivative,Class A Common Stock,,,,
1650372,2024-01-02,TEAM,Farquhar Scott,"isDirector,isOfficer,isTenPercentOwner",0001562180-24-000034,2024-01-02,C,502701.0,,502701.0,I,non_derivative,Class A Common Stock,,,,
1650372,2024-01-03,TEAM,Farquhar Scott,"isDirector,isOfficer,isTenPercentOwner",0001562180-24-000120,2024-01-02,S,1501.0,227.836,501200.0,I,non_derivative,Class A Common Stock,,,,
1650372,2024-01-03,TEAM,Cannon-Brookes Michael,"isDirector,isOfficer,isTenPercentOwner",0001562180-24-000121,2024-01-02,S,50.0,233.29,502651.0,I,non_derivative,Class A Common Stock,,,,
1650372,2024-01-04,TEAM,Farquhar Scott,"isDirector,isOfficer,isTenPercentOwner",0001562180-24-000255,2024-01-03,S,450.0,221.6689,494010.0,I,non_derivative,Class A Common Stock,,,,
1650372,2024-01-04,TEAM,Cannon-Brookes Michael,"isDirector,isOfficer,isTenPercentOwner",0001562180-24-000256,2024-01-03,S,50.0,223.27,494410.0,I,non_derivative,Class A Common Stock,,,,
1650372,2024-01-05,TEAM,Cannon-Brookes Michael,"isDirector,isOfficer,isTenPercentOwner",0001562180-24-000297,2024-01-04,S,549.0,221.0984,485670.0,I,non_derivative,Class A Common Stock,,,,
1650372,2024-01-05,TEAM,Farquhar Scott,"isDirector,isOfficer,isTenPercentOwner",0001562180-24-000298,2024-01-04,S,638.0,219.5187,485581.0,I,non_derivative,Class A Common Stock,,,,
1650372,2024-01-08,TEAM,Farquhar Scott,"isDirector,isOfficer,isTenPercentOwner",0001562180-24-000344,2024-01-05,S,2389.0,226.0876,475589.0,I,non_derivative,Class A Common Stock,,,,
1650372,2024-01-08,TEAM,Cannon-Brookes Michael,"isDirector,isOfficer,isTenPercentOwner",0001562180-24-000343,2024-01-05,S,2389.0,226.0875,475589.0,I,non_derivative,Class A Common Stock,,,,
1650372,2024-01-09,TEAM,Cannon-Brookes Michael,"isDirector,isOfficer,isTenPercentOwner",0001562180-24-000380,2024-01-08,S,100.0,231.79,469637.0,I,non_derivative,Class A Common Stock,,,,
1650372,2024-01-09,TEAM,Farquhar Scott,"isDirector,isOfficer,isTenPercentOwner",0001562180-24-000379,2024-01-08,S,3975.0,235.0926,465762.0,I,non_derivative,Class A Common Stock,,,,
1650372,2024-01-10,TEAM,Cannon-Brookes Michael,"isDirector,isOfficer,isTenPercentOwner",0001562180-24-000417,2024-01-09,S,453.0,237.8207,461043.0,I,non_derivative,Class A Common Stock,,,,
1650372,2024-01-10,TEAM,Farquhar Scott,"isDirector,isOfficer,isTenPercentOwner",0001562180-24-000416,2024-01-09,S,1750.0,234.8406,459746.0,I,non_derivative,Class A Common Stock,,,,
1650372,2024-01-11,TEAM,Cannon-Brookes Michael,"isDirector,isOfficer,isTenPercentOwner",0001562180-24-000440,2024-01-10,S,450.0,238.0022,452805.0,I,non_derivative,Class A Common Stock,,,,
1650372,2024-01-11,TEAM,Farquhar Scott,"isDirector,isOfficer,isTenPercentOwner",0001562180-24-000439,2024-01-10,S,200.0,241.025,453055.0,I,non_derivative,Class A Common Stock,,,,
1650372,2024-01-12,TEAM,Farquhar Scott,"isDirector,isOfficer,isTenPercentOwner",0001562180-24-000457,2024-01-12,S,2829.0,238.1229,433944.0,I,non_derivative,Class A Common Stock,,,,
1650372,2024-01-12,TEAM,Cannon-Brookes Michael,"isDirector,isOfficer,isTenPercentOwner",0001562180-24-000458,2024-01-12,S,2829.0,238.1228,433944.0,I,non_derivative,Class A Common Stock,,,,
1650372,2024-01-12,TEAM,Farquhar Scott,"isDirector,isOfficer,isTenPercentOwner",0001562180-24-000454,2024-01-11,S,450.0,243.9371,444564.0,I,non_derivative,Class A Common Stock,,,,
1650372,2024-01-12,TEAM,Cannon-Brookes Michael,"isDirector,isOfficer,isTenPercentOwner",0001562180-24-000453,2024-01-11,S,2133.0,242.9876,442881.0,I,non_derivative,Class A Common Stock,,,,
1650372,2024-01-12,TEAM,Farquhar Scott,"isDirector,isOfficer,isTenPercentOwner",0001562180-24-000452,2024-01-11,S,450.0,243.9371,444564.0,I,non_derivative,Class A Common Stock,,,,
1650372,2024-01-17,TEAM,Cannon-Brookes Michael,"isDirector,isOfficer,isTenPercentOwner",0001562180-24-000509,2024-01-16,S,150.0,234.38,428382.0,I,non_derivative,Class A Common Stock,,,,
1650372,2024-01-17,TEAM,Farquhar Scott,"isDirector,isOfficer,isTenPercentOwner",0001562180-24-000510,2024-01-16,S,200.0,237.5555,428332.0,I,non_derivative,Class A Common Stock,,,,
1650372,2024-01-18,TEAM,Farquhar Scott,"isDirector,isOfficer,isTenPercentOwner",0001562180-24-000538,2024-01-17,S,839.0,233.5443,419452.0,I,non_derivative,Class A Common Stock,,,,
1650372,2024-01-18,TEAM,Cannon-Brookes Michael,"isDirector,isOfficer,isTenPercentOwner",0001562180-24-000537,2024-01-17,S,840.0,233.5437,419451.0,I,non_derivative,Class A Common Stock,,,,
1650372,2024-01-19,TEAM,Cannon-Brookes Michael,"isDirector,isOfficer,isTenPercentOwner",0001562180-24-000555,2024-01-18,S,1653.0,238.0075,410397.0,I,non_derivative,Class A Common Stock,,,,
1650372,2024-01-19,TEAM,Farquhar Scott,"isDirector,isOfficer,isTenPercentOwner",0001562180-24-000554,2024-01-18,S,314.0,236.9554,411736.0,I,non_derivative,Class A Common Stock,,,,
1650372,2024-01-22,TEAM,BHARADWAJ ANUTTHARA,isOfficer,0001562180-24-000559,2024-01-19,S,2470.0,240.55,171674.0,D,non_derivative,Class A Common Stock,,,,
1650372,2024-01-22,TEAM,Cannon-Brookes Michael,"isDirector,isOfficer,isTenPercentOwner",0001562180-24-000558,2024-01-19,S,2359.0,239.4571,401450.0,I,non_derivative,Class A Common Stock,,,,
1650372,2024-01-22,TEAM,Farquhar Scott,"isDirector,isOfficer,isTenPercentOwner",0001562180-24-000557,2024-01-19,S,1040.0,238.5296,402769.0,I,non_derivative,Class A Common Stock,,,,
1650372,2024-01-23,TEAM,Cannon-Brookes Michael,"isDirector,isOfficer,isTenPercentOwner",0001562180-24-000567,2024-01-22,S,424.0,252.4233,395144.0,I,non_derivative,Class A Common Stock,,,,
1650372,2024-01-23,TEAM,Farquhar Scott,"isDirector,isOfficer,isTenPercentOwner",0001562180-24-000566,2024-01-22,S,424.0,252.4233,395144.0,I,non_derivative,Class A Common Stock,,,,
1650372,2024-01-24,TEAM,Cannon-Brookes Michael,"isDirector,isOfficer,isTenPercentOwner",0001562180-24-000580,2024-01-23,S,2506.0,245.8799,384821.0,I,non_derivative,Class A Common Stock,,,,
1650372,2024-01-24,TEAM,Farquhar Scott,"isDirector,isOfficer,isTenPercentOwner",0001562180-24-000579,2024-01-23,S,1501.0,248.0056,385826.0,I,non_derivative,Class A Common Stock,,,,
1650372,2024-01-25,TEAM,Farquhar Scott,"isDirector,isOfficer,isTenPercentOwner",0001562180-24-000613,2024-01-24,S,1316.0,247.3543,377770.0,I,non_derivative,Class A Common Stock,,,,
1650372,2024-01-25,TEAM,Cannon-Brookes Michael,"isDirector,isOfficer,isTenPercentOwner",0001562180-24-000612,2024-01-24,S,1315.0,247.3547,377771.0,I,non_derivative,Class A Common Stock,,,,
1650372,2024-01-26,TEAM,Farquhar Scott,"isDirector,isOfficer,isTenPercentOwner",0001562180-24-000671,2024-01-25,S,50.0,246.31,370795.0,I,non_derivative,Class A Common Stock,,,,
1650372,2024-01-26,TEAM,Cannon-Brookes Michael,"isDirector,isOfficer,isTenPercentOwner",0001562180-24-000672,2024-01-25,S,2264.0,244.5278,368581.0,I,non_derivative,Class A Common Stock,,,,
1650372,2024-01-29,TEAM,Farquhar Scott,"isDirector,isOfficer,isTenPercentOwner",0001562180-24-000786,2024-01-26,S,1700.0,247.2397,360904.0,I,non_derivative,Class A Common Stock,,,,
1650372,2024-01-29,TEAM,Cannon-Brookes Michael,"isDirector,isOfficer,isTenPercentOwner",0001562180-24-000787,2024-01-26,S,1700.0,247.2398,360904.0,I,non_derivative,Class A Common Stock,,,,
1650372,2024-01-30,TEAM,Cannon-Brookes Michael,"isDirector,isOfficer,isTenPercentOwner",0001562180-24-000822,2024-01-29,S,1300.0,251.2223,353063.0,I,non_derivative,Class A Common Stock,,,,
1650372,2024-01-30,TEAM,Farquhar Scott,"isDirector,isOfficer,isTenPercentOwner",0001562180-24-000821,2024-01-29,S,665.0,251.9377,353698.0,I,non_derivative,Class A Common Stock,,,,
1650372,2024-01-31,TEAM,Cannon-Brookes Michael,"isDirector,isOfficer,isTenPercentOwner",0001562180-24-000863,2024-01-30,S,5793.0,257.3725,340329.0,I,non_derivative,Class A Common Stock,,,,
1650372,2024-01-31,TEAM,Farquhar Scott,"isDirector,isOfficer,isTenPercentOwner",0001562180-24-000862,2024-01-30,S,350.0,255.0958,345772.0,I,non_derivative,Class A Common Stock,,,,
1650372,2024-02-01,TEAM,Farquhar Scott,"isDirector,isOfficer,isTenPercentOwner",0001562180-24-000895,2024-01-31,S,1184.0,253.2666,336697.0,I,non_derivative,Class A Common Stock,,,,
1650372,2024-02-01,TEAM,Cannon-Brookes Michael,"isDirector,isOfficer,isTenPercentOwner",0001562180-24-000894,2024-01-31,S,1184.0,253.2666,336697.0,I,non_derivative,Class A Common Stock,,,,
1650372,2024-02-02,TEAM,Cannon-Brookes Michael,"isDirector,isOfficer,isTenPercentOwner",0001562180-24-001001,2024-02-01,S,550.0,251.8773,329090.0,I,non_derivative,Class A Common Stock,,,,
1650372,2024-02-02,TEAM,Farquhar Scott,"isDirector,isOfficer,isTenPercentOwner",0001562180-24-001000,2024-02-01,S,1072.0,256.0927,328568.0,I,non_derivative,Class A Common Stock,,,,
1650372,2024-02-05,TEAM,Cannon-Brookes Michael,"isDirector,isOfficer,isTenPercentOwner",0001562180-24-001055,2024-02-02,S,956.0,220.6772,320443.0,I,non_derivative,Class A Common Stock,,,,
1650372,2024-02-05,TEAM,Farquhar Scott,"isDirector,isOfficer,isTenPercentOwner",0001562180-24-001054,2024-02-02,S,1450.0,218.469,319949.0,I,non_derivative,Class A Common Stock,,,,
1650372,2024-02-07,TEAM,Farquhar Scott,"isDirector,isOfficer,isTenPercentOwner",0001562180-24-001113,2024-02-05,S,854.0,216.5341,312304.0,I,non_derivative,Class A Common Stock,,,,
1650372,2024-02-07,TEAM,Cannon-Brookes Michael,"isDirector,isOfficer,isTenPercentOwner",0001562180-24-001145,2024-02-06,S,863.0,207.7408,304054.0,I,non_derivative,Class A Common Stock,,,,
1650372,2024-02-07,TEAM,Farquhar Scott,"isDirector,isOfficer,isTenPercentOwner",0001562180-24-001144,2024-02-06,S,862.0,207.7408,304055.0,I,non_derivative,Class A Common Stock,,,,
1650372,2024-02-07,TEAM,Cannon-Brookes Michael,"isDirector,isOfficer,isTenPercentOwner",0001562180-24-001114,2024-02-05,S,3006.0,214.7681,310152.0,I,non_derivative,Class A Common Stock,,,,
1650372,2024-02-08,TEAM,Cannon-Brookes Michael,"isDirector,isOfficer,isTenPercentOwner",0001562180-24-001190,2024-02-07,S,1271.0,212.0297,295405.0,I,non_derivative,Class A Common Stock,,,,
1650372,2024-02-08,TEAM,Farquhar Scott,"isDirector,isOfficer,isTenPercentOwner",0001562180-24-001189,2024-02-07,S,2317.0,209.2432,294359.0,I,non_derivative,Class A Common Stock,,,,
1650372,2024-02-09,TEAM,Cannon-Brookes Michael,"isDirector,isOfficer,isTenPercentOwner",0001562180-24-001225,2024-02-08,S,403.0,209.5783,288032.0,I,non_derivative,Class A Common Stock,,,,
1650372,2024-02-09,TEAM,Farquhar Scott,"isDirector,isOfficer,isTenPercentOwner",0001562180-24-001224,2024-02-08,S,1651.0,215.2275,286784.0,I,non_derivative,Class A Common Stock,,,,
1650372,2024-02-12,TEAM,Cannon-Brookes Michael,"isDirector,isOfficer,isTenPercentOwner",0001562180-24-001258,2024-02-09,S,450.0,213.5618,279744.0,I,non_derivative,Class A Common Stock,,,,
1650372,2024-02-12,TEAM,Farquhar Scott,"isDirector,isOfficer,isTenPercentOwner",0001562180-24-001257,2024-02-09,S,250.0,217.4156,279944.0,I,non_derivative,Class A Common Stock,,,,
1650372,2024-02-13,TEAM,Farquhar Scott,"isDirector,isOfficer,isTenPercentOwner",0001562180-24-001282,2024-02-12,S,2745.0,217.6379,269208.0,I,non_derivative,Class A Common Stock,,,,
1650372,2024-02-13,TEAM,Cannon-Brookes Michael,"isDirector,isOfficer,isTenPercentOwner",0001562180-24-001281,2024-02-12,S,1714.0,216.521,270239.0,I,non_derivative,Class A Common Stock,,,,
1650372,2024-02-14,TEAM,Cannon-Brookes Michael,"isDirector,isOfficer,isTenPercentOwner",0001562180-24-001299,2024-02-13,S,101.0,205.1743,263611.0,I,non_derivative,Class A Common Stock,,,,
1650372,2024-02-14,TEAM,Farquhar Scott,"isDirector,isOfficer,isTenPercentOwner",0001562180-24-001298,2024-02-13,S,799.0,209.0589,262913.0,I,non_derivative,Class A Common Stock,,,,
1650372,2024-02-15,TEAM,Farquhar Scott,"isDirector,isOfficer,isTenPercentOwner",0001562180-24-001321,2024-02-14,S,550.0,210.3382,254921.0,I,non_derivative,Class A Common Stock,,,,
1650372,2024-02-15,TEAM,Cannon-Brookes Michael,"isDirector,isOfficer,isTenPercentOwner",0001562180-24-001322,2024-02-14,S,550.0,210.3382,254921.0,I,non_derivative,Class A Common Stock,,,,
1650372,2024-02-15,TEAM,BINZ JOSEPH LEO,isOfficer,0001562180-24-001323,2024-02-14,S,43.0,215.7497,102005.0,D,non_derivative,Class A Common Stock,,,,
1650372,2024-02-15,TEAM,LIU GENE,isOfficer,0001562180-24-001326,2024-02-14,S,41.0,211.8809,47252.0,D,non_derivative,Class A Common Stock,,,,
1650372,2024-02-15,TEAM,RAJAN RAJEEV BASHYAM,isOfficer,0001562180-24-001325,2024-02-14,S,23.0,209.917,142952.0,D,non_derivative,Class A Common Stock,,,,
1650372,2024-02-15,TEAM,BHARADWAJ ANUTTHARA,isOfficer,0001562180-24-001324,2024-02-14,S,756.0,211.8809,170918.0,D,non_derivative,Class A Common Stock,,,,
1650372,2024-02-16,TEAM,Cannon-Brookes Michael,"isDirector,isOfficer,isTenPercentOwner",0001562180-24-001403,2024-02-16,S,2073.0,210.3754,236916.0,I,non_derivative,Class A Common Stock,,,,
1650372,2024-02-16,TEAM,Farquhar Scott,"isDirector,isOfficer,isTenPercentOwner",0001562180-24-001401,2024-02-15,S,450.0,215.6667,246780.0,I,non_derivative,Class A Common Stock,,,,
1650372,2024-02-16,TEAM,Farquhar Scott,"isDirector,isOfficer,isTenPercentOwner",0001562180-24-001402,2024-02-16,S,2073.0,210.3753,236916.0,I,non_derivative,Class A Common Stock,,,,
1650372,2024-02-16,TEAM,RAJAN RAJEEV BASHYAM,isOfficer,0001562180-24-001404,2024-02-16,S,1242.0,212.33,140861.0,D,non_derivative,Class A Common Stock,,,,
1650372,2024-02-16,TEAM,Cannon-Brookes Michael,"isDirector,isOfficer,isTenPercentOwner",0001562180-24-001400,2024-02-15,S,3299.0,213.5658,243931.0,I,non_derivative,Class A Common Stock,,,,
1650372,2024-02-21,TEAM,LIU GENE,isOfficer,0001562180-24-001592,2024-02-20,S,108.0,205.4836,46958.0,D,non_derivative,Class A Common Stock,,,,
1650372,2024-02-21,TEAM,Cannon-Brookes Michael,"isDirector,isOfficer,isTenPercentOwner",0001562180-24-001556,2024-02-20,S,2283.0,205.6637,228465.0,I,non_derivative,Class A Common Stock,,,,
1650372,2024-02-21,TEAM,Farquhar Scott,"isDirector,isOfficer,isTenPercentOwner",0001562180-24-001557,2024-02-20,S,2283.0,205.6636,228465.0,I,non_derivative,Class A Common Stock,,,,
1650372,2024-02-21,TEAM,RAJAN RAJEEV BASHYAM,isOfficer,0001562180-24-001589,2024-02-20,S,23.0,206.0706,140838.0,D,non_derivative,Class A Common Stock,,,,
1650372,2024-02-21,TEAM,BINZ JOSEPH LEO,isOfficer,0001562180-24-001591,2024-02-20,S,433.0,204.7366,101014.0,D,non_derivative,Class A Common Stock,,,,
1650372,2024-02-21,TEAM,BHARADWAJ ANUTTHARA,isOfficer,0001562180-24-001590,2024-02-20,S,994.0,205.4836,166541.0,D,non_derivative,Class A Common Stock,,,,
1650372,2024-02-22,TEAM,Farquhar Scott,"isDirector,isOfficer,isTenPercentOwner",0001562180-24-001615,2024-02-21,S,3241.0,202.8982,219266.0,I,non_derivative,Class A Common Stock,,,,
1650372,2024-02-22,TEAM,Cannon-Brookes Michael,"isDirector,isOfficer,isTenPercentOwner",0001562180-24-001616,2024-02-21,S,200.0,204.875,222307.0,I,non_derivative,Class A Common Stock,,,,
1650372,2024-02-23,TEAM,Cannon-Brookes Michael,"isDirector,isOfficer,isTenPercentOwner",0001562180-24-001700,2024-02-22,S,50.0,210.3,214216.0,I,non_derivative,Class A Common Stock,,,,
1650372,2024-02-23,TEAM,Farquhar Scott,"isDirector,isOfficer,isTenPercentOwner",0001562180-24-001699,2024-02-22,S,250.0,209.192,214016.0,I,non_derivative,Class A Common Stock,,,,
1650372,2024-02-26,TEAM,RAJAN RAJEEV BASHYAM,isOfficer,0001562180-24-001743,2024-02-23,S,2302.0,205.5,135620.0,D,non_derivative,Class A Common Stock,,,,
1650372,2024-02-26,TEAM,Cannon-Brookes Michael,"isDirector,isOfficer,isTenPercentOwner",0001562180-24-001742,2024-02-23,S,1221.0,206.6237,204804.0,I,non_derivative,Class A Common Stock,,,,
1650372,2024-02-26,TEAM,Farquhar Scott,"isDirector,isOfficer,isTenPercentOwner",0001562180-24-001741,2024-02-23,S,3474.0,205.9999,202551.0,I,non_derivative,Class A Common Stock,,,,
1650372,2024-02-27,TEAM,Farquhar Scott,"isDirector,isOfficer,isTenPercentOwner",0001562180-24-001819,2024-02-26,S,1530.0,205.3835,196254.0,I,non_derivative,Class A Common Stock,,,,
1650372,2024-02-27,TEAM,Cannon-Brookes Michael,"isDirector,isOfficer,isTenPercentOwner",0001562180-24-001818,2024-02-26,S,4961.0,204.5861,192823.0,I,non_derivative,Class A Common Stock,,,,
1650372,2024-02-28,TEAM,Farquhar Scott,"isDirector,isOfficer,isTenPercentOwner",0001562180-24-001899,2024-02-27,S,522.0,207.1481,189021.0,I,non_derivative,Class A Common Stock,,,,
1650372,2024-02-28,TEAM,Cannon-Brookes Michael,"isDirector,isOfficer,isTenPercentOwner",0001562180-24-001898,2024-02-27,S,1390.0,205.3656,188153.0,I,non_derivative,Class A Common Stock,,,,
1650372,2024-02-29,TEAM,Farquhar Scott,"isDirector,isOfficer,isTenPercentOwner",0001562180-24-001990,2024-02-28,S,500.0,204.674,180802.0,I,non_derivative,Class A Common Stock,,,,
1650372,2024-02-29,TEAM,Cannon-Brookes Michael,"isDirector,isOfficer,isTenPercentOwner",0001562180-24-001991,2024-02-28,S,525.0,205.9907,180777.0,I,non_derivative,Class A Common Stock,,,,
1650372,2024-03-01,TEAM,Farquhar Scott,"isDirector,isOfficer,isTenPercentOwner",0001562180-24-002010,2024-02-29,S,1760.0,206.2872,171301.0,I,non_derivative,Class A Common Stock,,,,
1650372,2024-03-01,TEAM,Cannon-Brookes Michael,"isDirector,isOfficer,isTenPercentOwner",0001562180-24-002009,2024-02-29,S,200.0,208.9775,172861.0,I,non_derivative,Class A Common Stock,,,,
1650372,2024-03-01,TEAM,LIU GENE,isOfficer,0001562180-24-002011,2024-02-29,S,332.0,205.66,46447.0,D,non_derivative,Class A Common Stock,,,,
1650372,2024-03-04,TEAM,Farquhar Scott,"isDirector,isOfficer,isTenPercentOwner",0001562180-24-002120,2024-03-01,S,463.0,205.3056,164357.0,I,non_derivative,Class A Common Stock,,,,
1650372,2024-03-04,TEAM,Cannon-Brookes Michael,"isDirector,isOfficer,isTenPercentOwner",0001562180-24-002114,2024-03-01,S,1553.0,207.3686,163267.0,I,non_derivative,Class A Common Stock,,,,
1650372,2024-03-05,TEAM,Cannon-Brookes Michael,"isDirector,isOfficer,isTenPercentOwner",0001562180-24-002315,2024-03-04,S,1237.0,206.1469,155342.0,I,non_derivative,Class A Common Stock,,,,
1650372,2024-03-05,TEAM,Farquhar Scott,"isDirector,isOfficer,isTenPercentOwner",0001562180-24-002314,2024-03-04,S,2919.0,206.9849,153660.0,I,non_derivative,Class A Common Stock,,,,
1650372,2024-03-06,TEAM,Cannon-Brookes Michael,"isDirector,isOfficer,isTenPercentOwner",0001562180-24-002380,2024-03-05,S,70.0,201.5943,148268.0,I,non_derivative,Class A Common Stock,,,,
1650372,2024-03-06,TEAM,Farquhar Scott,"isDirector,isOfficer,isTenPercentOwner",0001562180-24-002379,2024-03-05,S,150.0,200.28,148188.0,I,non_derivative,Class A Common Stock,,,,
1650372,2024-03-07,TEAM,Cannon-Brookes Michael,"isDirector,isOfficer,isTenPercentOwner",0001562180-24-002420,2024-03-06,S,1550.0,195.7891,138547.0,I,non_derivative,Class A Common Stock,,,,
1650372,2024-03-07,TEAM,Farquhar Scott,"isDirector,isOfficer,isTenPercentOwner",0001562180-24-002419,2024-03-06,S,800.0,194.6581,139297.0,I,non_derivative,Class A Common Stock,,,,
1650372,2024-03-08,TEAM,Farquhar Scott,"isDirector,isOfficer,isTenPercentOwner",0001562180-24-002504,2024-03-07,S,778.0,198.5539,131078.0,I,non_derivative,Class A Common Stock,,,,
1650372,2024-03-08,TEAM,Cannon-Brookes Michael,"isDirector,isOfficer,isTenPercentOwner",0001562180-24-002505,2024-03-07,S,650.0,197.2992,131206.0,I,non_derivative,Class A Common Stock,,,,
1650372,2024-03-11,TEAM,Cannon-Brookes Michael,"isDirector,isOfficer,isTenPercentOwner",0001562180-24-002541,2024-03-08,S,500.0,207.0527,123115.0,I,non_derivative,Class A Common Stock,,,,
1650372,2024-03-11,TEAM,Farquhar Scott,"isDirector,isOfficer,isTenPercentOwner",0001562180-24-002540,2024-03-08,S,750.0,206.2115,122865.0,I,non_derivative,Class A Common Stock,,,,
1650372,2024-03-12,TEAM,Cannon-Brookes Michael,"isDirector,isOfficer,isTenPercentOwner",0001562180-24-002601,2024-03-11,S,400.0,209.5621,114974.0,I,non_derivative,Class A Common Stock,,,,
1650372,2024-03-12,TEAM,Farquhar Scott,"isDirector,isOfficer,isTenPercentOwner",0001562180-24-002602,2024-03-11,S,3891.0,215.8765,111483.0,I,non_derivative,Class A Common Stock,,,,
1650372,2024-03-12,TEAM,LIU GENE,isOfficer,0001562180-24-002604,2024-03-11,S,582.0,215.0,45865.0,D,non_derivative,Class A Common Stock,,,,
1650372,2024-03-13,TEAM,Cannon-Brookes Michael,"isDirector,isOfficer,isTenPercentOwner",0001562180-24-002660,2024-03-12,S,1847.0,217.2093,105286.0,I,non_derivative,Class A Common Stock,,,,
1650372,2024-03-13,TEAM,Farquhar Scott,"isDirector,isOfficer,isTenPercentOwner",0001562180-24-002659,2024-03-12,S,1846.0,217.2092,105287.0,I,non_derivative,Class A Common Stock,,,,
1650372,2024-03-14,TEAM,Cannon-Brookes Michael,"isDirector,isOfficer,isTenPercentOwner",0001562180-24-002672,2024-03-13,S,1400.0,211.075,97492.0,I,non_derivative,Class A Common Stock,,,,
1650372,2024-03-14,TEAM,Farquhar Scott,"isDirector,isOfficer,isTenPercentOwner",0001562180-24-002671,2024-03-13,S,1127.0,209.0769,97765.0,I,non_derivative,Class A Common Stock,,,,
1650372,2024-03-15,TEAM,Farquhar Scott,"isDirector,isOfficer,isTenPercentOwner",0001562180-24-002714,2024-03-14,S,2650.0,201.5863,88001.0,I,non_derivative,Class A Common Stock,,,,
1650372,2024-03-15,TEAM,Cannon-Brookes Michael,"isDirector,isOfficer,isTenPercentOwner",0001562180-24-002713,2024-03-14,S,180.0,205.9939,90471.0,I,non_derivative,Class A Common Stock,,,,
1650372,2024-03-18,TEAM,BHARADWAJ ANUTTHARA,isOfficer,0001562180-24-002748,2024-03-15,S,1520.0,201.05,163370.0,D,non_derivative,Class A Common Stock,,,,
1650372,2024-03-18,TEAM,Cannon-Brookes Michael,"isDirector,isOfficer,isTenPercentOwner",0001562180-24-002747,2024-03-15,S,500.0,199.6357,81910.0,I,non_derivative,Class A Common Stock,,,,
1650372,2024-03-18,TEAM,Farquhar Scott,"isDirector,isOfficer,isTenPercentOwner",0001562180-24-002746,2024-03-15,S,625.0,201.6312,81785.0,I,non_derivative,Class A Common Stock,,,,
1650372,2024-03-19,TEAM,Cannon-Brookes Michael,"isDirector,isOfficer,isTenPercentOwner",0001562180-24-002804,2024-03-18,S,625.0,198.1972,73544.0,I,non_derivative,Class A Common Stock,,,,
1650372,2024-03-19,TEAM,Farquhar Scott,"isDirector,isOfficer,isTenPercentOwner",0001562180-24-002805,2024-03-18,S,3062.0,196.8118,71107.0,I,non_derivative,Class A Common Stock,,,,
1650372,2024-03-20,TEAM,Farquhar Scott,"isDirector,isOfficer,isTenPercentOwner",0001562180-24-002888,2024-03-19,S,150.0,190.5167,65778.0,I,non_derivative,Class A Common Stock,,,,
1650372,2024-03-20,TEAM,Cannon-Brookes Michael,"isDirector,isOfficer,isTenPercentOwner",0001562180-24-002887,2024-03-19,S,3374.0,196.3028,62554.0,I,non_derivative,Class A Common Stock,,,,
1650372,2024-03-21,TEAM,Cannon-Brookes Michael,"isDirector,isOfficer,isTenPercentOwner",0001562180-24-002906,2024-03-20,S,3127.0,194.812,54560.0,I,non_derivative,Class A Common Stock,,,,
1650372,2024-03-21,TEAM,Farquhar Scott,"isDirector,isOfficer,isTenPercentOwner",0001562180-24-002905,2024-03-20,S,3312.0,196.0023,54375.0,I,non_derivative,Class A Common Stock,,,,
1650372,2024-03-22,TEAM,Farquhar Scott,"isDirector,isOfficer,isTenPercentOwner",0001562180-24-002965,2024-03-22,S,550.0,194.07,40655.0,I,non_derivative,Class A Common Stock,,,,
1650372,2024-03-22,TEAM,Cannon-Brookes Michael,"isDirector,isOfficer,isTenPercentOwner",0001562180-24-002964,2024-03-22,S,150.0,194.7167,41055.0,I,non_derivative,Class A Common Stock,,,,
1650372,2024-03-22,TEAM,Farquhar Scott,"isDirector,isOfficer,isTenPercentOwner",0001562180-24-002950,2024-03-21,S,2184.0,199.4119,47262.0,I,non_derivative,Class A Common Stock,,,,
1650372,2024-03-25,TEAM,Cannon-Brookes Michael,"isDirector,isOfficer,isTenPercentOwner",0001562180-24-002986,2024-03-25,S,1362.0,190.7205,31602.0,I,non_derivative,Class A Common Stock,,,,
1650372,2024-03-25,TEAM,Farquhar Scott,"isDirector,isOfficer,isTenPercentOwner",0001562180-24-002985,2024-03-25,S,1279.0,191.5759,31685.0,I,non_derivative,Class A Common Stock,,,,
1650372,2024-03-27,TEAM,Cannon-Brookes Michael,"isDirector,isOfficer,isTenPercentOwner",0001562180-24-003024,2024-03-26,S,2669.0,194.26,22054.0,I,non_derivative,Class A Common Stock,,,,
1650372,2024-03-27,TEAM,Farquhar Scott,"isDirector,isOfficer,isTenPercentOwner",0001562180-24-003023,2024-03-26,S,3133.0,192.3206,21590.0,I,non_derivative,Class A Common Stock,,,,
1650372,2024-03-28,TEAM,Cannon-Brookes Michael,"isDirector,isOfficer,isTenPercentOwner",0001562180-24-003036,2024-03-27,S,341.0,193.684,16141.0,I,non_derivative,Class A Common Stock,,,,
1650372,2024-03-28,TEAM,Farquhar Scott,"isDirector,isOfficer,isTenPercentOwner",0001562180-24-003037,2024-03-27,S,3708.0,192.4939,12774.0,I,non_derivative,Class A Common Stock,,,,
1650372,2024-03-28,TEAM,Cannon-Brookes Michael,"isDirector,isOfficer,isTenPercentOwner",0001562180-24-003038,2024-03-28,S,4003.0,195.0629,4238.0,I,non_derivative,Class A Common Stock,,,,
1650372,2024-03-28,TEAM,Cannon-Brookes Michael,"isDirector,isOfficer,isTenPercentOwner",0001562180-24-003040,2024-03-28,C,514788.0,,514788.0,I,non_derivative,Class A Common Stock,,,,
1650372,2024-03-28,TEAM,Farquhar Scott,"isDirector,isOfficer,isTenPercentOwner",0001562180-24-003039,2024-03-28,S,4002.0,195.0629,4239.0,I,non_derivative,Class A Common Stock,,,,
1650372,2024-03-28,TEAM,Cannon-Brookes Michael,"isDirector,isOfficer,isTenPercentOwner",0001562180-24-003040,2024-03-28,C,514788.0,0.0,50506196.0,I,derivative,Class B Common Stock,Class A Common Stock,514788.0,,
1650372,2024-03-28,TEAM,Farquhar Scott,"isDirector,isOfficer,isTenPercentOwner",0001562180-24-003041,2024-03-28,C,514788.0,0.0,50506196.0,I,derivative,Class B Common Stock,Class A Common Stock,514788.0,,
1650372,2024-03-28,TEAM,Farquhar Scott,"isDirector,isOfficer,isTenPercentOwner",0001562180-24-003041,2024-03-28,C,514788.0,,514788.0,I,non_derivative,Class A Common Stock,,,,
1650372,2024-04-02,TEAM,Cannon-Brookes Michael,"isDirector,isOfficer,isTenPercentOwner",0001562180-24-003195,2024-04-01,S,2891.0,193.9786,511897.0,I,non_derivative,Class A Common Stock,,,,
1650372,2024-04-02,TEAM,Farquhar Scott,"isDirector,isOfficer,isTenPercentOwner",0001562180-24-003194,2024-04-01,S,2890.0,193.9785,511898.0,I,non_derivative,Class A Common Stock,,,,
1650372,2024-04-03,TEAM,Farquhar Scott,"isDirector,isOfficer,isTenPercentOwner",0001562180-24-003265,2024-04-02,S,661.0,193.8088,505886.0,I,non_derivative,Class A Common Stock,,,,
1650372,2024-04-03,TEAM,Cannon-Brookes Michael,"isDirector,isOfficer,isTenPercentOwner",0001562180-24-003266,2024-04-02,S,662.0,193.8082,505885.0,I,non_derivative,Class A Common Stock,,,,
1650372,2024-04-04,TEAM,Cannon-Brookes Michael,"isDirector,isOfficer,isTenPercentOwner",0001562180-24-003308,2024-04-03,S,50.0,197.15,498256.0,I,non_derivative,Class A Common Stock,,,,
1650372,2024-04-04,TEAM,Farquhar Scott,"isDirector,isOfficer,isTenPercentOwner",0001562180-24-003307,2024-04-03,S,50.0,197.15,498256.0,I,non_derivative,Class A Common Stock,,,,
1650372,2024-04-05,TEAM,Cannon-Brookes Michael,"isDirector,isOfficer,isTenPercentOwner",0001562180-24-003322,2024-04-04,S,1100.0,193.7406,488965.0,I,non_derivative,Class A Common Stock,,,,
1650372,2024-04-05,TEAM,Farquhar Scott,"isDirector,isOfficer,isTenPercentOwner",0001562180-24-003321,2024-04-04,S,400.0,195.7888,489665.0,I,non_derivative,Class A Common Stock,,,,
1650372,2024-04-08,TEAM,Cannon-Brookes Michael,"isDirector,isOfficer,isTenPercentOwner",0001562180-24-003351,2024-04-05,S,201.0,198.6016,481623.0,I,non_derivative,Class A Common Stock,,,,
1650372,2024-04-08,TEAM,Farquhar Scott,"isDirector,isOfficer,isTenPercentOwner",0001562180-24-003350,2024-04-05,S,1350.0,196.0434,480474.0,I,non_derivative,Class A Common Stock,,,,
1650372,2024-04-09,TEAM,Cannon-Brookes Michael,"isDirector,isOfficer,isTenPercentOwner",0001562180-24-003368,2024-04-08,S,1538.0,196.4737,472045.0,I,non_derivative,Class A Common Stock,,,,
1650372,2024-04-09,TEAM,Farquhar Scott,"isDirector,isOfficer,isTenPercentOwner",0001562180-24-003367,2024-04-08,S,1539.0,196.4734,472044.0,I,non_derivative,Class A Common Stock,,,,
1650372,2024-04-10,TEAM,Cannon-Brookes Michael,"isDirector,isOfficer,isTenPercentOwner",0001562180-24-003382,2024-04-09,S,3013.0,202.902,462329.0,I,non_derivative,Class A Common Stock,,,,
1650372,2024-04-10,TEAM,Farquhar Scott,"isDirector,isOfficer,isTenPercentOwner",0001562180-24-003381,2024-04-09,S,3013.0,202.9018,462329.0,I,non_derivative,Class A Common Stock,,,,
1650372,2024-04-11,TEAM,Cannon-Brookes Michael,"isDirector,isOfficer,isTenPercentOwner",0001562180-24-003393,2024-04-10,S,2024.0,199.7936,455077.0,I,non_derivative,Class A Common Stock,,,,
1650372,2024-04-11,TEAM,Farquhar Scott,"isDirector,isOfficer,isTenPercentOwner",0001562180-24-003392,2024-04-10,S,2025.0,199.7936,455076.0,I,non_derivative,Class A Common Stock,,,,
1650372,2024-04-12,TEAM,Cannon-Brookes Michael,"isDirector,isOfficer,isTenPercentOwner",0001562180-24-003397,2024-04-11,S,1241.0,214.1943,447619.0,I,non_derivative,Class A Common Stock,,,,
1650372,2024-04-12,TEAM,Farquhar Scott,"isDirector,isOfficer,isTenPercentOwner",0001562180-24-003398,2024-04-11,S,75.0,216.9033,448785.0,I,non_derivative,Class A Common Stock,,,,
1650372,2024-04-15,TEAM,Farquhar Scott,"isDirector,isOfficer,isTenPercentOwner",0001562180-24-003411,2024-04-12,S,50.0,211.23,440569.0,I,non_derivative,Class A Common Stock,,,,
1650372,2024-04-15,TEAM,Cannon-Brookes Michael,"isDirector,isOfficer,isTenPercentOwner",0001562180-24-003410,2024-04-12,S,619.0,209.5855,440000.0,I,non_derivative,Class A Common Stock,,,,
1650372,2024-04-16,TEAM,Cannon-Brookes Michael,"isDirector,isOfficer,isTenPercentOwner",0001562180-24-003433,2024-04-15,S,285.0,204.4198,432093.0,I,non_derivative,Class A Common Stock,,,,
1650372,2024-04-16,TEAM,Farquhar Scott,"isDirector,isOfficer,isTenPercentOwner",0001562180-24-003431,2024-04-15,S,1889.0,192.1108,430489.0,I,non_derivative,Class A Common Stock,,,,
1650372,2024-04-17,TEAM,Cannon-Brookes Michael,"isDirector,isOfficer,isTenPercentOwner",0001562180-24-003454,2024-04-16,S,5830.0,194.6242,418307.0,I,non_derivative,Class A Common Stock,,,,
1650372,2024-04-17,TEAM,Farquhar Scott,"isDirector,isOfficer,isTenPercentOwner",0001562180-24-003453,2024-04-16,S,2061.0,193.72,422076.0,I,non_derivative,Class A Common Stock,,,,
1650372,2024-04-18,TEAM,Cannon-Brookes Michael,"isDirector,isOfficer,isTenPercentOwner",0001562180-24-003472,2024-04-17,S,100.0,198.275,415796.0,I,non_derivative,Class A Common Stock,,,,
1650372,2024-04-18,TEAM,Farquhar Scott,"isDirector,isOfficer,isTenPercentOwner",0001562180-24-003471,2024-04-17,S,3849.0,195.5478,412047.0,I,non_derivative,Class A Common Stock,,,,
1650372,2024-04-19,TEAM,Farquhar Scott,"isDirector,isOfficer,isTenPercentOwner",0001562180-24-003480,2024-04-18,S,2026.0,195.8923,405629.0,I,non_derivative,Class A Common Stock,,,,
1650372,2024-04-19,TEAM,Cannon-Brookes Michael,"isDirector,isOfficer,isTenPercentOwner",0001562180-24-003479,2024-04-18,S,1778.0,195.1472,405877.0,I,non_derivative,Class A Common Stock,,,,
1650372,2024-04-22,TEAM,Farquhar Scott,"isDirector,isOfficer,isTenPercentOwner",0001562180-24-003487,2024-04-19,S,2351.0,190.3276,397063.0,I,non_derivative,Class A Common Stock,,,,
1650372,2024-04-22,TEAM,Cannon-Brookes Michael,"isDirector,isOfficer,isTenPercentOwner",0001562180-24-003488,2024-04-19,S,1981.0,192.149,397433.0,I,non_derivative,Class A Common Stock,,,,
1650372,2024-04-22,TEAM,BHARADWAJ ANUTTHARA,isOfficer,0001562180-24-003489,2024-04-19,S,760.0,193.63,162610.0,D,non_derivative,Class A Common Stock,,,,
1650372,2024-04-23,TEAM,Farquhar Scott,"isDirector,isOfficer,isTenPercentOwner",0001562180-24-003512,2024-04-22,S,657.0,195.9403,390516.0,I,non_derivative,Class A Common Stock,,,,
1650372,2024-04-23,TEAM,Cannon-Brookes Michael,"isDirector,isOfficer,isTenPercentOwner",0001562180-24-003511,2024-04-22,S,2042.0,194.1421,389131.0,I,non_derivative,Class A Common Stock,,,,
1650372,2024-04-24,TEAM,Cannon-Brookes Michael,"isDirector,isOfficer,isTenPercentOwner",0001562180-24-003518,2024-04-23,S,2499.0,200.3748,380433.0,I,non_derivative,Class A Common Stock,,,,
1650372,2024-04-24,TEAM,Farquhar Scott,"isDirector,isOfficer,isTenPercentOwner",0001562180-24-003517,2024-04-23,S,3888.0,199.3228,379044.0,I,non_derivative,Class A Common Stock,,,,
1650372,2024-04-24,TEAM,BHARADWAJ ANUTTHARA,isOfficer,0001562180-24-003519,2024-04-23,S,760.0,200.0,161850.0,D,non_derivative,Class A Common Stock,,,,
1650372,2024-04-25,TEAM,Farquhar Scott,"isDirector,isOfficer,isTenPercentOwner",0001562180-24-003523,2024-04-24,S,5426.0,199.6548,369265.0,I,non_derivative,Class A Common Stock,,,,
1650372,2024-04-25,TEAM,Cannon-Brookes Michael,"isDirector,isOfficer,isTenPercentOwner",0001562180-24-003522,2024-04-24,S,1398.0,199.0205,373293.0,I,non_derivative,Class A Common Stock,,,,
1650372,2024-04-26,TEAM,Cannon-Brookes Michael,"isDirector,isOfficer,isTenPercentOwner",0001562180-24-003530,2024-04-25,S,1795.0,197.2306,364655.0,I,non_derivative,Class A Common Stock,,,,
1650372,2024-04-26,TEAM,Farquhar Scott,"isDirector,isOfficer,isTenPercentOwner",0001562180-24-003529,2024-04-25,S,2684.0,198.3743,363766.0,I,non_derivative,Class A Common Stock,,,,
1650372,2024-04-29,TEAM,Cannon-Brookes Michael,"isDirector,isOfficer,isTenPercentOwner",0001562180-24-003567,2024-04-26,S,758.0,180.841,357451.0,I,non_derivative,Class A Common Stock,,,,
1650372,2024-04-29,TEAM,Farquhar Scott,"isDirector,isOfficer,isTenPercentOwner",0001562180-24-003566,2024-04-26,S,300.0,175.1567,357909.0,I,non_derivative,Class A Common Stock,,,,
1650372,2024-04-30,TEAM,Farquhar Scott,"isDirector,isOfficer,isTenPercentOwner",0001562180-24-003603,2024-04-29,S,150.0,179.65,349818.0,I,non_derivative,Class A Common Stock,,,,
1650372,2024-04-30,TEAM,Cannon-Brookes Michael,"isDirector,isOfficer,isTenPercentOwner",0001562180-24-003602,2024-04-29,S,100.0,181.27,349868.0,I,non_derivative,Class A Common Stock,,,,
1650372,2024-05-01,TEAM,Farquhar Scott,"isDirector,isOfficer,isTenPercentOwner",0001562180-24-003672,2024-04-30,S,50.0,175.82,341677.0,I,non_derivative,Class A Common Stock,,,,
1650372,2024-05-01,TEAM,Cannon-Brookes Michael,"isDirector,isOfficer,isTenPercentOwner",0001562180-24-003671,2024-04-30,S,50.0,175.82,341677.0,I,non_derivative,Class A Common Stock,,,,
1650372,2024-05-02,TEAM,Farquhar Scott,"isDirector,isOfficer,isTenPercentOwner",0001562180-24-003740,2024-05-01,S,350.0,174.7829,333136.0,I,non_derivative,Class A Common Stock,,,,
1650372,2024-05-02,TEAM,Cannon-Brookes Michael,"isDirector,isOfficer,isTenPercentOwner",0001562180-24-003741,2024-05-01,S,457.0,169.8511,333029.0,I,non_derivative,Class A Common Stock,,,,
1650372,2024-05-03,TEAM,Farquhar Scott,"isDirector,isOfficer,isTenPercentOwner",0001562180-24-003796,2024-05-02,S,550.0,179.7409,324695.0,I,non_derivative,Class A Common Stock,,,,
1650372,2024-05-03,TEAM,Cannon-Brookes Michael,"isDirector,isOfficer,isTenPercentOwner",0001562180-24-003797,2024-05-02,S,350.0,177.5929,324895.0,I,non_derivative,Class A Common Stock,,,,
1650372,2024-05-06,TEAM,Farquhar Scott,"isDirector,isOfficer,isTenPercentOwner",0001562180-24-003856,2024-05-03,S,4167.0,182.6195,312837.0,I,non_derivative,Class A Common Stock,,,,
1650372,2024-05-06,TEAM,Cannon-Brookes Michael,"isDirector,isOfficer,isTenPercentOwner",0001562180-24-003855,2024-05-03,S,251.0,187.9175,316753.0,I,non_derivative,Class A Common Stock,,,,
1650372,2024-05-07,TEAM,Cannon-Brookes Michael,"isDirector,isOfficer,isTenPercentOwner",0001562180-24-003874,2024-05-06,S,2484.0,181.406,306279.0,I,non_derivative,Class A Common Stock,,,,
1650372,2024-05-07,TEAM,Farquhar Scott,"isDirector,isOfficer,isTenPercentOwner",0001562180-24-003873,2024-05-06,S,530.0,185.2513,308233.0,I,non_derivative,Class A Common Stock,,,,
1650372,2024-05-08,TEAM,Cannon-Brookes Michael,"isDirector,isOfficer,isTenPercentOwner",0001562180-24-003915,2024-05-07,S,350.0,179.6346,300172.0,I,non_derivative,Class A Common Stock,,,,
1650372,2024-05-08,TEAM,Farquhar Scott,"isDirector,isOfficer,isTenPercentOwner",0001562180-24-003914,2024-05-07,S,150.0,182.4633,300372.0,I,non_derivative,Class A Common Stock,,,,
1650372,2024-05-09,TEAM,Cannon-Brookes Michael,"isDirector,isOfficer,isTenPercentOwner",0001562180-24-003945,2024-05-08,S,250.0,180.336,292031.0,I,non_derivative,Class A Common Stock,,,,
1650372,2024-05-09,TEAM,Farquhar Scott,"isDirector,isOfficer,isTenPercentOwner",0001562180-24-003944,2024-05-08,S,6668.0,178.7196,285613.0,I,non_derivative,Class A Common Stock,,,,
1650372,2024-05-10,TEAM,Cannon-Brookes Michael,"isDirector,isOfficer,isTenPercentOwner",0001562180-24-003953,2024-05-09,S,6491.0,179.9626,277549.0,I,non_derivative,Class A Common Stock,,,,
1650372,2024-05-10,TEAM,Farquhar Scott,"isDirector,isOfficer,isTenPercentOwner",0001562180-24-003952,2024-05-09,S,700.0,179.2959,283340.0,I,non_derivative,Class A Common Stock,,,,
1650372,2024-05-13,TEAM,Cannon-Brookes Michael,"isDirector,isOfficer,isTenPercentOwner",0001562180-24-003969,2024-05-10,S,1087.0,180.2802,274712.0,I,non_derivative,Class A Common Stock,,,,
1650372,2024-05-13,TEAM,Farquhar Scott,"isDirector,isOfficer,isTenPercentOwner",0001562180-24-003968,2024-05-10,S,1086.0,180.2799,274713.0,I,non_derivative,Class A Common Stock,,,,
1650372,2024-05-14,TEAM,Farquhar Scott,"isDirector,isOfficer,isTenPercentOwner",0001562180-24-004028,2024-05-13,S,600.0,180.5564,266958.0,I,non_derivative,Class A Common Stock,,,,
1650372,2024-05-14,TEAM,Cannon-Brookes Michael,"isDirector,isOfficer,isTenPercentOwner",0001562180-24-004029,2024-05-13,S,600.0,180.5569,266958.0,I,non_derivative,Class A Common Stock,,,,
1650372,2024-05-15,TEAM,Farquhar Scott,"isDirector,isOfficer,isTenPercentOwner",0001562180-24-004067,2024-05-14,S,1176.0,183.7145,258141.0,I,non_derivative,Class A Common Stock,,,,
1650372,2024-05-15,TEAM,LIU GENE,isOfficer,0001562180-24-004071,2024-05-14,S,28.0,185.0008,45837.0,D,non_derivative,Class A Common Stock,,,,
1650372,2024-05-15,TEAM,BINZ JOSEPH LEO,isOfficer,0001562180-24-004070,2024-05-14,S,132.0,185.0008,99935.0,D,non_derivative,Class A Common Stock,,,,
1650372,2024-05-15,TEAM,BHARADWAJ ANUTTHARA,isOfficer,0001562180-24-004072,2024-05-14,S,175.0,183.4086,161675.0,D,non_derivative,Class A Common Stock,,,,
1650372,2024-05-15,TEAM,RAJAN RAJEEV BASHYAM,isOfficer,0001562180-24-004069,2024-05-14,S,9.0,185.739,135611.0,D,non_derivative,Class A Common Stock,,,,
1650372,2024-05-15,TEAM,Cannon-Brookes Michael,"isDirector,isOfficer,isTenPercentOwner",0001562180-24-004068,2024-05-14,S,1175.0,183.7145,258142.0,I,non_derivative,Class A Common Stock,,,,
1650372,2024-05-16,TEAM,Farquhar Scott,"isDirector,isOfficer,isTenPercentOwner",0001562180-24-004100,2024-05-15,S,2808.0,184.4566,248268.0,I,non_derivative,Class A Common Stock,,,,
1650372,2024-05-16,TEAM,Cannon-Brookes Michael,"isDirector,isOfficer,isTenPercentOwner",0001562180-24-004099,2024-05-15,S,200.0,186.04,250876.0,I,non_derivative,Class A Common Stock,,,,
1650372,2024-05-17,TEAM,Cannon-Brookes Michael,"isDirector,isOfficer,isTenPercentOwner",0001562180-24-004157,2024-05-16,S,796.0,181.85,242039.0,I,non_derivative,Class A Common Stock,,,,
1650372,2024-05-17,TEAM,Farquhar Scott,"isDirector,isOfficer,isTenPercentOwner",0001562180-24-004156,2024-05-16,S,550.0,183.3876,242285.0,I,non_derivative,Class A Common Stock,,,,
1650372,2024-05-17,TEAM,RAJAN RAJEEV BASHYAM,isOfficer,0001562180-24-004158,2024-05-16,S,200.0,183.35,134060.0,D,non_derivative,Class A Common Stock,,,,
1650372,2024-05-20,TEAM,Farquhar Scott,"isDirector,isOfficer,isTenPercentOwner",0001562180-24-004222,2024-05-17,S,3025.0,180.6046,231569.0,I,non_derivative,Class A Common Stock,,,,
1650372,2024-05-20,TEAM,BHARADWAJ ANUTTHARA,isOfficer,0001562180-24-004223,2024-05-17,S,760.0,181.58,156234.0,D,non_derivative,Class A Common Stock,,,,
1650372,2024-05-20,TEAM,Cannon-Brookes Michael,"isDirector,isOfficer,isTenPercentOwner",0001562180-24-004220,2024-05-17,S,3024.0,180.6045,231570.0,I,non_derivative,Class A Common Stock,,,,
1650372,2024-05-21,TEAM,Cannon-Brookes Michael,"isDirector,isOfficer,isTenPercentOwner",0001562180-24-004257,2024-05-20,S,3814.0,179.6213,222539.0,I,non_derivative,Class A Common Stock,,,,
1650372,2024-05-21,TEAM,BHARADWAJ ANUTTHARA,isOfficer,0001562180-24-004259,2024-05-20,S,73.0,179.9227,156161.0,D,non_derivative,Class A Common Stock,,,,
1650372,2024-05-21,TEAM,BINZ JOSEPH LEO,isOfficer,0001562180-24-004260,2024-05-20,S,58.0,179.9227,99078.0,D,non_derivative,Class A Common Stock,,,,
1650372,2024-05-21,TEAM,RAJAN RAJEEV BASHYAM,isOfficer,0001562180-24-004261,2024-05-20,S,104.0,179.9227,133956.0,D,non_derivative,Class A Common Stock,,,,
1650372,2024-05-21,TEAM,Farquhar Scott,"isDirector,isOfficer,isTenPercentOwner",0001562180-24-004258,2024-05-20,S,3813.0,179.6213,222540.0,I,non_derivative,Class A Common Stock,,,,
1650372,2024-05-21,TEAM,LIU GENE,isOfficer,0001562180-24-004262,2024-05-20,S,6.0,179.9227,45660.0,D,non_derivative,Class A Common Stock,,,,
1650372,2024-05-22,TEAM,Farquhar Scott,"isDirector,isOfficer,isTenPercentOwner",0001562180-24-004332,2024-05-21,S,2856.0,178.9265,215256.0,I,non_derivative,Class A Common Stock,,,,
1650372,2024-05-22,TEAM,Cannon-Brookes Michael,"isDirector,isOfficer,isTenPercentOwner",0001562180-24-004333,2024-05-21,S,2857.0,178.9265,215255.0,I,non_derivative,Class A Common Stock,,,,
1650372,2024-05-23,TEAM,Farquhar Scott,"isDirector,isOfficer,isTenPercentOwner",0001562180-24-004341,2024-05-22,S,50.0,178.21,209821.0,I,non_derivative,Class A Common Stock,,,,
1650372,2024-05-23,TEAM,Cannon-Brookes Michael,"isDirector,isOfficer,isTenPercentOwner",0001562180-24-004342,2024-05-22,S,300.0,175.955,209571.0,I,non_derivative,Class A Common Stock,,,,
1650372,2024-05-24,TEAM,Farquhar Scott,"isDirector,isOfficer,isTenPercentOwner",0001562180-24-004397,2024-05-24,S,1896.0,171.0383,191493.0,I,non_derivative,Class A Common Stock,,,,
1650372,2024-05-24,TEAM,Cannon-Brookes Michael,"isDirector,isOfficer,isTenPercentOwner",0001562180-24-004396,2024-05-24,S,1896.0,171.0383,191493.0,I,non_derivative,Class A Common Stock,,,,
1650372,2024-05-24,TEAM,Farquhar Scott,"isDirector,isOfficer,isTenPercentOwner",0001562180-24-004386,2024-05-23,S,2042.0,174.0191,199588.0,I,non_derivative,Class A Common Stock,,,,
1650372,2024-05-24,TEAM,Cannon-Brookes Michael,"isDirector,isOfficer,isTenPercentOwner",0001562180-24-004385,2024-05-23,S,2806.0,175.2774,198824.0,I,non_derivative,Class A Common Stock,,,,
1650372,2024-05-24,TEAM,RAJAN RAJEEV BASHYAM,isOfficer,0001562180-24-004384,2024-05-23,S,445.0,175.9,130525.0,D,non_derivative,Class A Common Stock,,,,
1650372,2024-05-29,TEAM,Cannon-Brookes Michael,"isDirector,isOfficer,isTenPercentOwner",0001562180-24-004505,2024-05-28,S,100.0,168.135,185048.0,I,non_derivative,Class A Common Stock,,,,
1650372,2024-05-29,TEAM,Farquhar Scott,"isDirector,isOfficer,isTenPercentOwner",0001562180-24-004504,2024-05-28,S,900.0,167.3884,184248.0,I,non_derivative,Class A Common Stock,,,,
1650372,2024-05-30,TEAM,Farquhar Scott,"isDirector,isOfficer,isTenPercentOwner",0001562180-24-004527,2024-05-29,S,1205.0,163.6632,175702.0,I,non_derivative,Class A Common Stock,,,,
1650372,2024-05-30,TEAM,Cannon-Brookes Michael,"isDirector,isOfficer,isTenPercentOwner",0001562180-24-004526,2024-05-29,S,1300.0,161.889,175607.0,I,non_derivative,Class A Common Stock,,,,
1650372,2024-05-31,TEAM,Farquhar Scott,"isDirector,isOfficer,isTenPercentOwner",0001562180-24-004546,2024-05-30,S,2523.0,160.9177,166143.0,I,non_derivative,Class A Common Stock,,,,
1650372,2024-05-31,TEAM,Cannon-Brookes Michael,"isDirector,isOfficer,isTenPercentOwner",0001562180-24-004545,2024-05-30,S,250.0,162.858,168416.0,I,non_derivative,Class A Common Stock,,,,
1650372,2024-06-03,TEAM,Farquhar Scott,"isDirector,isOfficer,isTenPercentOwner",0001562180-24-004588,2024-05-31,S,400.0,160.3475,160025.0,I,non_derivative,Class A Common Stock,,,,
1650372,2024-06-03,TEAM,Cannon-Brookes Michael,"isDirector,isOfficer,isTenPercentOwner",0001562180-24-004589,2024-05-31,S,950.0,157.588,159475.0,I,non_derivative,Class A Common Stock,,,,
1650372,2024-06-04,TEAM,Cannon-Brookes Michael,"isDirector,isOfficer,isTenPercentOwner",0001562180-24-004634,2024-06-03,S,4763.0,157.9543,147421.0,I,non_derivative,Class A Common Stock,,,,
1650372,2024-06-04,TEAM,Farquhar Scott,"isDirector,isOfficer,isTenPercentOwner",0001562180-24-004635,2024-06-03,S,2117.0,158.7272,150067.0,I,non_derivative,Class A Common Stock,,,,
1650372,2024-06-05,TEAM,Farquhar Scott,"isDirector,isOfficer,isTenPercentOwner",0001562180-24-004705,2024-06-04,S,2050.0,158.8851,141893.0,I,non_derivative,Class A Common Stock,,,,
1650372,2024-06-05,TEAM,Cannon-Brookes Michael,"isDirector,isOfficer,isTenPercentOwner",0001562180-24-004704,2024-06-04,S,2050.0,158.8852,141893.0,I,non_derivative,Class A Common Stock,,,,
1650372,2024-06-06,TEAM,Farquhar Scott,"isDirector,isOfficer,isTenPercentOwner",0001562180-24-004773,2024-06-05,S,5519.0,157.3122,130183.0,I,non_derivative,Class A Common Stock,,,,
1650372,2024-06-06,TEAM,Cannon-Brookes Michael,"isDirector,isOfficer,isTenPercentOwner",0001562180-24-004772,2024-06-05,S,2722.0,157.9316,132980.0,I,non_derivative,Class A Common Stock,,,,
1650372,2024-06-07,TEAM,Farquhar Scott,"isDirector,isOfficer,isTenPercentOwner",0001562180-24-004862,2024-06-06,S,462.0,164.0606,126999.0,I,non_derivative,Class A Common Stock,,,,
1650372,2024-06-07,TEAM,Cannon-Brookes Michael,"isDirector,isOfficer,isTenPercentOwner",0001562180-24-004861,2024-06-06,S,150.0,159.8533,127311.0,I,non_derivative,Class A Common Stock,,,,
1650372,2024-06-10,TEAM,Farquhar Scott,"isDirector,isOfficer,isTenPercentOwner",0001562180-24-004937,2024-06-10,S,6748.0,162.0734,104524.0,I,non_derivative,Class A Common Stock,,,,
1650372,2024-06-10,TEAM,Farquhar Scott,"isDirector,isOfficer,isTenPercentOwner",0001562180-24-004936,2024-06-07,S,746.0,160.9643,118474.0,I,non_derivative,Class A Common Stock,,,,
1650372,2024-06-10,TEAM,Cannon-Brookes Michael,"isDirector,isOfficer,isTenPercentOwner",0001562180-24-004935,2024-06-07,S,746.0,160.9654,118474.0,I,non_derivative,Class A Common Stock,,,,
1650372,2024-06-12,TEAM,Cannon-Brookes Michael,"isDirector,isOfficer,isTenPercentOwner",0001562180-24-004981,2024-06-10,S,150.0,164.0863,111122.0,I,non_derivative,Class A Common Stock,,,,
1650372,2024-06-12,TEAM,Cannon-Brookes Michael,"isDirector,isOfficer,isTenPercentOwner",0001562180-24-004993,2024-06-11,S,2329.0,162.9167,100995.0,I,non_derivative,Class A Common Stock,,,,
1650372,2024-06-12,TEAM,Farquhar Scott,"isDirector,isOfficer,isTenPercentOwner",0001562180-24-004992,2024-06-11,S,5619.0,162.0939,97705.0,I,non_derivative,Class A Common Stock,,,,
1650372,2024-06-13,TEAM,Farquhar Scott,"isDirector,isOfficer,isTenPercentOwner",0001562180-24-005031,2024-06-12,S,1509.0,164.7399,93867.0,I,non_derivative,Class A Common Stock,,,,
1650372,2024-06-13,TEAM,Cannon-Brookes Michael,"isDirector,isOfficer,isTenPercentOwner",0001562180-24-005032,2024-06-12,S,4588.0,162.8561,90788.0,I,non_derivative,Class A Common Stock,,,,
1650372,2024-06-14,TEAM,Cannon-Brookes Michael,"isDirector,isOfficer,isTenPercentOwner",0001562180-24-005092,2024-06-13,S,300.0,160.7883,87128.0,I,non_derivative,Class A Common Stock,,,,
1650372,2024-06-14,TEAM,Farquhar Scott,"isDirector,isOfficer,isTenPercentOwner",0001562180-24-005091,2024-06-13,S,4285.0,155.8771,83143.0,I,non_derivative,Class A Common Stock,,,,
1650372,2024-06-17,TEAM,Cannon-Brookes Michael,"isDirector,isOfficer,isTenPercentOwner",0001562180-24-005126,2024-06-14,S,350.0,157.07,79130.0,I,non_derivative,Class A Common Stock,,,,
1650372,2024-06-17,TEAM,Farquhar Scott,"isDirector,isOfficer,isTenPercentOwner",0001562180-24-005125,2024-06-14,S,1249.0,158.5439,78231.0,I,non_derivative,Class A Common Stock,,,,
1650372,2024-06-18,TEAM,Cannon-Brookes Michael,"isDirector,isOfficer,isTenPercentOwner",0001562180-24-005167,2024-06-18,S,4310.0,153.3085,59274.0,I,non_derivative,Class A Common Stock,,,,
1650372,2024-06-18,TEAM,Farquhar Scott,"isDirector,isOfficer,isTenPercentOwner",0001562180-24-005168,2024-06-18,S,2551.0,154.2153,61033.0,I,non_derivative,Class A Common Stock,,,,
1650372,2024-06-18,TEAM,Cannon-Brookes Michael,"isDirector,isOfficer,isTenPercentOwner",0001562180-24-005165,2024-06-17,S,50.0,158.28,71482.0,I,non_derivative,Class A Common Stock,,,,
1650372,2024-06-18,TEAM,Farquhar Scott,"isDirector,isOfficer,isTenPercentOwner",0001562180-24-005166,2024-06-17,S,3787.0,156.2187,67745.0,I,non_derivative,Class A Common Stock,,,,
1650372,2024-06-21,TEAM,Farquhar Scott,"isDirector,isOfficer,isTenPercentOwner",0001562180-24-005219,2024-06-20,S,4357.0,157.0826,51279.0,I,non_derivative,Class A Common Stock,,,,
1650372,2024-06-21,TEAM,Cannon-Brookes Michael,"isDirector,isOfficer,isTenPercentOwner",0001562180-24-005218,2024-06-20,S,2850.0,155.9332,52786.0,I,non_derivative,Class A Common Stock,,,,
1650372,2024-06-24,TEAM,Cannon-Brookes Michael,"isDirector,isOfficer,isTenPercentOwner",0001562180-24-005256,2024-06-21,S,1174.0,158.761,46514.0,I,non_derivative,Class A Common Stock,,,,
1650372,2024-06-24,TEAM,Farquhar Scott,"isDirector,isOfficer,isTenPercentOwner",0001562180-24-005257,2024-06-21,S,1704.0,159.6235,45984.0,I,non_derivative,Class A Common Stock,,,,
1650372,2024-06-24,TEAM,BHARADWAJ ANUTTHARA,isOfficer,0001562180-24-005258,2024-06-21,S,760.0,160.0,153294.0,D,non_derivative,Class A Common Stock,,,,
1650372,2024-06-25,TEAM,Cannon-Brookes Michael,"isDirector,isOfficer,isTenPercentOwner",0001562180-24-005289,2024-06-24,S,1427.0,163.1084,38313.0,I,non_derivative,Class A Common Stock,,,,
1650372,2024-06-25,TEAM,Farquhar Scott,"isDirector,isOfficer,isTenPercentOwner",0001562180-24-005288,2024-06-24,S,1795.0,164.8554,37945.0,I,non_derivative,Class A Common Stock,,,,
1650372,2024-06-26,TEAM,Cannon-Brookes Michael,"isDirector,isOfficer,isTenPercentOwner",0001562180-24-005320,2024-06-25,S,395.0,164.3803,31397.0,I,non_derivative,Class A Common Stock,,,,
1650372,2024-06-26,TEAM,Farquhar Scott,"isDirector,isOfficer,isTenPercentOwner",0001562180-24-005319,2024-06-25,S,927.0,165.6224,30865.0,I,non_derivative,Class A Common Stock,,,,
1650372,2024-06-27,TEAM,Cannon-Brookes Michael,"isDirector,isOfficer,isTenPercentOwner",0001562180-24-005330,2024-06-26,S,2144.0,170.0934,21700.0,I,non_derivative,Class A Common Stock,,,,
1650372,2024-06-27,TEAM,Farquhar Scott,"isDirector,isOfficer,isTenPercentOwner",0001562180-24-005329,2024-06-26,S,700.0,169.0669,23144.0,I,non_derivative,Class A Common Stock,,,,
1650372,2024-06-28,TEAM,Farquhar Scott,"isDirector,isOfficer,isTenPercentOwner",0001562180-24-005369,2024-06-28,S,1386.0,177.035,6562.0,I,non_derivative,Class A Common Stock,,,,
1650372,2024-06-28,TEAM,Cannon-Brookes Michael,"isDirector,isOfficer,isTenPercentOwner",0001562180-24-005368,2024-06-28,S,1739.0,174.9619,6209.0,I,non_derivative,Class A Common Stock,,,,
1650372,2024-06-28,TEAM,Farquhar Scott,"isDirector,isOfficer,isTenPercentOwner",0001562180-24-005365,2024-06-27,S,400.0,176.1938,15496.0,I,non_derivative,Class A Common Stock,,,,
1650372,2024-06-28,TEAM,Cannon-Brookes Michael,"isDirector,isOfficer,isTenPercentOwner",0001562180-24-005364,2024-06-27,S,400.0,176.1938,15496.0,I,non_derivative,Class A Common Stock,,,,
1650372,2024-07-01,TEAM,Farquhar Scott,"isDirector,isOfficer,isTenPercentOwner",0001562180-24-005397,2024-07-01,C,508672.0,,508672.0,I,non_derivative,Class A Common Stock,,,,
1650372,2024-07-01,TEAM,Farquhar Scott,"isDirector,isOfficer,isTenPercentOwner",0001562180-24-005397,2024-07-01,C,508672.0,0.0,49997524.0,I,derivative,Class B Common Stock,Class A Common Stock,508672.0,,
1650372,2024-07-01,TEAM,Cannon-Brookes Michael,"isDirector,isOfficer,isTenPercentOwner",0001562180-24-005396,2024-07-01,C,508672.0,,508672.0,I,non_derivative,Class A Common Stock,,,,
1650372,2024-07-01,TEAM,Cannon-Brookes Michael,"isDirector,isOfficer,isTenPercentOwner",0001562180-24-005396,2024-07-01,C,508672.0,0.0,49997524.0,I,derivative,Class B Common Stock,Class A Common Stock,508672.0,,
1650372,2024-07-02,TEAM,Farquhar Scott,"isDirector,isOfficer,isTenPercentOwner",0001562180-24-005486,2024-07-01,S,200.0,174.4079,508472.0,I,non_derivative,Class A Common Stock,,,,
1650372,2024-07-02,TEAM,Cannon-Brookes Michael,"isDirector,isOfficer,isTenPercentOwner",0001562180-24-005484,2024-07-01,S,592.0,175.2184,508080.0,I,non_derivative,Class A Common Stock,,,,
1650372,2024-07-03,TEAM,Cannon-Brookes Michael,"isDirector,isOfficer,isTenPercentOwner",0001562180-24-005598,2024-07-02,S,350.0,179.9336,500374.0,I,non_derivative,Class A Common Stock,,,,
1650372,2024-07-03,TEAM,Farquhar Scott,"isDirector,isOfficer,isTenPercentOwner",0001562180-24-005599,2024-07-02,S,2280.0,180.9471,498444.0,I,non_derivative,Class A Common Stock,,,,
1650372,2024-07-03,TEAM,Farquhar Scott,"isDirector,isOfficer,isTenPercentOwner",0001562180-24-005624,2024-07-03,S,1208.0,184.0515,491568.0,I,non_derivative,Class A Common Stock,,,,
1650372,2024-07-03,TEAM,FERNANDEZ HEATHER MIRJAHANGIR,isDirector,0001562180-24-005600,2024-07-02,S,750.0,185.0,10860.0,D,non_derivative,Class A Common Stock,,,,
1650372,2024-07-03,TEAM,Cannon-Brookes Michael,"isDirector,isOfficer,isTenPercentOwner",0001562180-24-005623,2024-07-03,S,2469.0,183.01,490307.0,I,non_derivative,Class A Common Stock,,,,
1650372,2024-07-08,TEAM,Farquhar Scott,"isDirector,isOfficer,isTenPercentOwner",0001562180-24-005646,2024-07-05,S,150.0,182.25,484678.0,I,non_derivative,Class A Common Stock,,,,
1650372,2024-07-08,TEAM,Cannon-Brookes Michael,"isDirector,isOfficer,isTenPercentOwner",0001562180-24-005645,2024-07-05,S,320.0,183.8572,484508.0,I,non_derivative,Class A Common Stock,,,,
1650372,2024-07-09,TEAM,Cannon-Brookes Michael,"isDirector,isOfficer,isTenPercentOwner",0001562180-24-005663,2024-07-08,S,399.0,183.6075,476481.0,I,non_derivative,Class A Common Stock,,,,
1650372,2024-07-09,TEAM,Farquhar Scott,"isDirector,isOfficer,isTenPercentOwner",0001562180-24-005662,2024-07-08,S,451.0,181.5881,476429.0,I,non_derivative,Class A Common Stock,,,,
1650372,2024-07-10,TEAM,Cannon-Brookes Michael,"isDirector,isOfficer,isTenPercentOwner",0001562180-24-005672,2024-07-09,S,1140.0,180.6055,467792.0,I,non_derivative,Class A Common Stock,,,,
1650372,2024-07-10,TEAM,Farquhar Scott,"isDirector,isOfficer,isTenPercentOwner",0001562180-24-005671,2024-07-09,S,950.0,179.6447,467982.0,I,non_derivative,Class A Common Stock,,,,
1650372,2024-07-11,TEAM,Cannon-Brookes Michael,"isDirector,isOfficer,isTenPercentOwner",0001562180-24-005686,2024-07-10,S,350.0,171.6214,460634.0,I,non_derivative,Class A Common Stock,,,,
1650372,2024-07-11,TEAM,Farquhar Scott,"isDirector,isOfficer,isTenPercentOwner",0001562180-24-005685,2024-07-10,S,500.0,169.102,460484.0,I,non_derivative,Class A Common Stock,,,,
1650372,2024-07-12,TEAM,Cannon-Brookes Michael,"isDirector,isOfficer,isTenPercentOwner",0001562180-24-005697,2024-07-11,S,750.0,180.3277,452286.0,I,non_derivative,Class A Common Stock,,,,
1650372,2024-07-12,TEAM,Farquhar Scott,"isDirector,isOfficer,isTenPercentOwner",0001562180-24-005696,2024-07-11,S,750.0,180.3275,452286.0,I,non_derivative,Class A Common Stock,,,,
1650372,2024-07-15,TEAM,Cannon-Brookes Michael,"isDirector,isOfficer,isTenPercentOwner",0001562180-24-005726,2024-07-12,S,1747.0,182.1462,443341.0,I,non_derivative,Class A Common Stock,,,,
1650372,2024-07-15,TEAM,Farquhar Scott,"isDirector,isOfficer,isTenPercentOwner",0001562180-24-005727,2024-07-12,S,100.0,177.965,444988.0,I,non_derivative,Class A Common Stock,,,,
1650372,2024-07-16,TEAM,Farquhar Scott,"isDirector,isOfficer,isTenPercentOwner",0001562180-24-005761,2024-07-15,S,4234.0,179.7442,432906.0,I,non_derivative,Class A Common Stock,,,,
1650372,2024-07-16,TEAM,Cannon-Brookes Michael,"isDirector,isOfficer,isTenPercentOwner",0001562180-24-005762,2024-07-15,S,4234.0,179.7443,432906.0,I,non_derivative,Class A Common Stock,,,,
1650372,2024-07-17,TEAM,Cannon-Brookes Michael,"isDirector,isOfficer,isTenPercentOwner",0001562180-24-005767,2024-07-16,S,1910.0,181.1582,427282.0,I,non_derivative,Class A Common Stock,,,,
1650372,2024-07-17,TEAM,Farquhar Scott,"isDirector,isOfficer,isTenPercentOwner",0001562180-24-005768,2024-07-16,S,2001.0,182.2445,427191.0,I,non_derivative,Class A Common Stock,,,,
1650372,2024-07-18,TEAM,Cannon-Brookes Michael,"isDirector,isOfficer,isTenPercentOwner",0001562180-24-005796,2024-07-17,S,1362.0,181.3034,419882.0,I,non_derivative,Class A Common Stock,,,,
1650372,2024-07-18,TEAM,Farquhar Scott,"isDirector,isOfficer,isTenPercentOwner",0001562180-24-005795,2024-07-17,S,3060.0,180.4042,418184.0,I,non_derivative,Class A Common Stock,,,,
1650372,2024-07-19,TEAM,Farquhar Scott,"isDirector,isOfficer,isTenPercentOwner",0001562180-24-005810,2024-07-18,S,1190.0,181.3682,412106.0,I,non_derivative,Class A Common Stock,,,,
1650372,2024-07-19,TEAM,Cannon-Brookes Michael,"isDirector,isOfficer,isTenPercentOwner",0001562180-24-005809,2024-07-18,S,1191.0,181.3685,412105.0,I,non_derivative,Class A Common Stock,,,,
1650372,2024-07-22,TEAM,Cannon-Brookes Michael,"isDirector,isOfficer,isTenPercentOwner",0001562180-24-005816,2024-07-19,S,3188.0,175.4357,402160.0,I,non_derivative,Class A Common Stock,,,,
1650372,2024-07-22,TEAM,BHARADWAJ ANUTTHARA,isOfficer,0001562180-24-005818,2024-07-19,S,760.0,175.0,152534.0,D,non_derivative,Class A Common Stock,,,,
1650372,2024-07-22,TEAM,Farquhar Scott,"isDirector,isOfficer,isTenPercentOwner",0001562180-24-005817,2024-07-19,S,300.0,176.7667,405048.0,I,non_derivative,Class A Common Stock,,,,
1650372,2024-07-23,TEAM,Cannon-Brookes Michael,"isDirector,isOfficer,isTenPercentOwner",0001562180-24-005828,2024-07-22,S,1836.0,175.1775,395564.0,I,non_derivative,Class A Common Stock,,,,
1650372,2024-07-23,TEAM,Farquhar Scott,"isDirector,isOfficer,isTenPercentOwner",0001562180-24-005827,2024-07-22,S,1836.0,175.1774,395564.0,I,non_derivative,Class A Common Stock,,,,
1650372,2024-07-24,TEAM,Cannon-Brookes Michael,"isDirector,isOfficer,isTenPercentOwner",0001562180-24-005835,2024-07-23,S,150.0,169.7533,389302.0,I,non_derivative,Class A Common Stock,,,,
1650372,2024-07-24,TEAM,Farquhar Scott,"isDirector,isOfficer,isTenPercentOwner",0001562180-24-005834,2024-07-23,S,150.0,169.7533,389302.0,I,non_derivative,Class A Common Stock,,,,
1650372,2024-07-25,TEAM,Farquhar Scott,"isDirector,isOfficer,isTenPercentOwner",0001562180-24-005839,2024-07-24,S,2000.0,168.713,379504.0,I,non_derivative,Class A Common Stock,,,,
1650372,2024-07-25,TEAM,Cannon-Brookes Michael,"isDirector,isOfficer,isTenPercentOwner",0001562180-24-005840,2024-07-24,S,2486.0,169.8579,379018.0,I,non_derivative,Class A Common Stock,,,,
1650372,2024-07-26,TEAM,Farquhar Scott,"isDirector,isOfficer,isTenPercentOwner",0001562180-24-005856,2024-07-25,S,100.0,176.61,373456.0,I,non_derivative,Class A Common Stock,,,,
1650372,2024-07-26,TEAM,Cannon-Brookes Michael,"isDirector,isOfficer,isTenPercentOwner",0001562180-24-005857,2024-07-25,S,2267.0,179.6034,371289.0,I,non_derivative,Class A Common Stock,,,,
1650372,2024-07-29,TEAM,Cannon-Brookes Michael,"isDirector,isOfficer,isTenPercentOwner",0001562180-24-005865,2024-07-26,S,650.0,179.109,364958.0,I,non_derivative,Class A Common Stock,,,,
1650372,2024-07-29,TEAM,Farquhar Scott,"isDirector,isOfficer,isTenPercentOwner",0001562180-24-005864,2024-07-26,S,2702.0,178.2365,362906.0,I,non_derivative,Class A Common Stock,,,,
1650372,2024-07-30,TEAM,Farquhar Scott,"isDirector,isOfficer,isTenPercentOwner",0001562180-24-005880,2024-07-29,S,1890.0,180.1932,355770.0,I,non_derivative,Class A Common Stock,,,,
1650372,2024-07-30,TEAM,Cannon-Brookes Michael,"isDirector,isOfficer,isTenPercentOwner",0001562180-24-005879,2024-07-29,S,1848.0,179.3821,355812.0,I,non_derivative,Class A Common Stock,,,,
1650372,2024-07-31,TEAM,Cannon-Brookes Michael,"isDirector,isOfficer,isTenPercentOwner",0001562180-24-005911,2024-07-30,S,400.0,176.1218,349312.0,I,non_derivative,Class A Common Stock,,,,
1650372,2024-07-31,TEAM,Farquhar Scott,"isDirector,isOfficer,isTenPercentOwner",0001562180-24-005910,2024-07-30,S,1655.0,173.3645,348057.0,I,non_derivative,Class A Common Stock,,,,
1650372,2024-08-01,TEAM,Cannon-Brookes Michael,"isDirector,isOfficer,isTenPercentOwner",0001562180-24-005929,2024-07-31,S,1263.0,176.0116,340501.0,I,non_derivative,Class A Common Stock,,,,
1650372,2024-08-01,TEAM,Farquhar Scott,"isDirector,isOfficer,isTenPercentOwner",0001562180-24-005928,2024-07-31,S,150.0,178.4967,341614.0,I,non_derivative,Class A Common Stock,,,,
1650372,2024-08-02,TEAM,Belsky Scott,isDirector,0001562180-24-005957,2024-08-01,A,578.0,0.0,578.0,D,non_derivative,Class A Common Stock,,,,
1650372,2024-08-02,TEAM,Farquhar Scott,"isDirector,isOfficer,isTenPercentOwner",0001562180-24-005956,2024-08-01,S,405.0,175.0192,333411.0,I,non_derivative,Class A Common Stock,,,,
1650372,2024-08-02,TEAM,Cannon-Brookes Michael,"isDirector,isOfficer,isTenPercentOwner",0001562180-24-005955,2024-08-01,S,332.0,177.3937,333484.0,I,non_derivative,Class A Common Stock,,,,
1650372,2024-08-02,TEAM,Belsky Scott,isDirector,0001562180-24-005957,2024-08-01,A,578.0,0.0,578.0,D,,,,,,
1650372,2024-08-02,TEAM,Farquhar Scott,"isDirector,isOfficer,isTenPercentOwner",0001562180-24-005956,2024-08-01,S,405.0,175.0192,333411.0,I,,,,,,
1650372,2024-08-02,TEAM,Cannon-Brookes Michael,"isDirector,isOfficer,isTenPercentOwner",0001562180-24-005955,2024-08-01,S,332.0,177.3937,333484.0,I,,,,,,
1650372,2024-08-05,TEAM,Cannon-Brookes Michael,"isDirector,isOfficer,isTenPercentOwner",0001562180-24-006010,2024-08-02,S,600.0,146.8825,325268.0,I,non_derivative,Class A Common Stock,,,,
1650372,2024-08-05,TEAM,Farquhar Scott,"isDirector,isOfficer,isTenPercentOwner",0001562180-24-006008,2024-08-02,S,600.0,146.8825,325268.0,I,non_derivative,Class A Common Stock,,,,
1650372,2024-08-05,TEAM,Cannon-Brookes Michael,"isDirector,isOfficer,isTenPercentOwner",0001562180-24-006010,2024-08-02,S,600.0,146.8825,325268.0,I,,,,,,
1650372,2024-08-05,TEAM,Farquhar Scott,"isDirector,isOfficer,isTenPercentOwner",0001562180-24-006008,2024-08-02,S,600.0,146.8825,325268.0,I,,,,,,
1650372,2024-08-06,TEAM,Cannon-Brookes Michael,"isDirector,isOfficer,isTenPercentOwner",0001562180-24-006036,2024-08-05,S,1204.0,145.2407,316716.0,I,non_derivative,Class A Common Stock,,,,
1650372,2024-08-06,TEAM,Farquhar Scott,"isDirector,isOfficer,isTenPercentOwner",0001562180-24-006037,2024-08-05,S,1204.0,145.2407,316716.0,I,,,,,,
1650372,2024-08-06,TEAM,Cannon-Brookes Michael,"isDirector,isOfficer,isTenPercentOwner",0001562180-24-006036,2024-08-05,S,1204.0,145.2407,316716.0,I,,,,,,
1650372,2024-08-06,TEAM,Farquhar Scott,"isDirector,isOfficer,isTenPercentOwner",0001562180-24-006037,2024-08-05,S,1204.0,145.2407,316716.0,I,non_derivative,Class A Common Stock,,,,
1650372,2024-08-07,TEAM,Farquhar Scott,"isDirector,isOfficer,isTenPercentOwner",0001562180-24-006097,2024-08-06,S,1323.0,139.8996,308649.0,I,non_derivative,Class A Common Stock,,,,
1650372,2024-08-07,TEAM,Farquhar Scott,"isDirector,isOfficer,isTenPercentOwner",0001562180-24-006097,2024-08-06,S,1323.0,139.8996,308649.0,I,,,,,,
1650372,2024-08-07,TEAM,Cannon-Brookes Michael,"isDirector,isOfficer,isTenPercentOwner",0001562180-24-006098,2024-08-06,S,1468.0,140.9596,308504.0,I,,,,,,
1650372,2024-08-07,TEAM,Cannon-Brookes Michael,"isDirector,isOfficer,isTenPercentOwner",0001562180-24-006098,2024-08-06,S,1468.0,140.9596,308504.0,I,non_derivative,Class A Common Stock,,,,
1650372,2024-08-08,TEAM,Cannon-Brookes Michael,"isDirector,isOfficer,isTenPercentOwner",0001562180-24-006115,2024-08-07,S,150.0,144.2917,301874.0,I,non_derivative,Class A Common Stock,,,,
1650372,2024-08-08,TEAM,Cannon-Brookes Michael,"isDirector,isOfficer,isTenPercentOwner",0001562180-24-006115,2024-08-07,S,150.0,144.2917,301874.0,I,,,,,,
1650372,2024-08-08,TEAM,Farquhar Scott,"isDirector,isOfficer,isTenPercentOwner",0001562180-24-006116,2024-08-07,S,150.0,144.2916,301874.0,I,,,,,,
1650372,2024-08-08,TEAM,Farquhar Scott,"isDirector,isOfficer,isTenPercentOwner",0001562180-24-006116,2024-08-07,S,150.0,144.2916,301874.0,I,non_derivative,Class A Common Stock,,,,
1650372,2024-08-09,TEAM,Cannon-Brookes Michael,"isDirector,isOfficer,isTenPercentOwner",0001562180-24-006133,2024-08-08,S,1796.0,139.4099,292280.0,I,,,,,,
1650372,2024-08-09,TEAM,Farquhar Scott,"isDirector,isOfficer,isTenPercentOwner",0001562180-24-006134,2024-08-08,S,5602.0,138.7714,288474.0,I,,,,,,
1650372,2024-08-09,TEAM,Cannon-Brookes Michael,"isDirector,isOfficer,isTenPercentOwner",0001562180-24-006133,2024-08-08,S,1796.0,139.4099,292280.0,I,non_derivative,Class A Common Stock,,,,
1650372,2024-08-09,TEAM,Farquhar Scott,"isDirector,isOfficer,isTenPercentOwner",0001562180-24-006134,2024-08-08,S,5602.0,138.7714,288474.0,I,non_derivative,Class A Common Stock,,,,
1650372,2024-08-12,TEAM,Farquhar Scott,"isDirector,isOfficer,isTenPercentOwner",0001562180-24-006151,2024-08-09,S,4706.0,141.5477,281422.0,I,,,,,,
1650372,2024-08-12,TEAM,Cannon-Brookes Michael,"isDirector,isOfficer,isTenPercentOwner",0001562180-24-006152,2024-08-09,S,4706.0,141.5477,281422.0,I,,,,,,
1650372,2024-08-12,TEAM,Farquhar Scott,"isDirector,isOfficer,isTenPercentOwner",0001562180-24-006151,2024-08-09,S,4706.0,141.5477,281422.0,I,non_derivative,Class A Common Stock,,,,
1650372,2024-08-12,TEAM,Cannon-Brookes Michael,"isDirector,isOfficer,isTenPercentOwner",0001562180-24-006152,2024-08-09,S,4706.0,141.5477,281422.0,I,non_derivative,Class A Common Stock,,,,
1650372,2024-08-13,TEAM,Farquhar Scott,"isDirector,isOfficer,isTenPercentOwner",0001562180-24-006214,2024-08-12,S,2255.0,140.1684,275925.0,I,non_derivative,Class A Common Stock,,,,
1650372,2024-08-13,TEAM,Cannon-Brookes Michael,"isDirector,isOfficer,isTenPercentOwner",0001562180-24-006213,2024-08-12,S,4593.0,141.0424,273587.0,I,,,,,,
1650372,2024-08-13,TEAM,Farquhar Scott,"isDirector,isOfficer,isTenPercentOwner",0001562180-24-006214,2024-08-12,S,2255.0,140.1684,275925.0,I,,,,,,
1650372,2024-08-13,TEAM,Cannon-Brookes Michael,"isDirector,isOfficer,isTenPercentOwner",0001562180-24-006213,2024-08-12,S,4593.0,141.0424,273587.0,I,non_derivative,Class A Common Stock,,,,
1650372,2024-08-14,TEAM,Cannon-Brookes Michael,"isDirector,isOfficer,isTenPercentOwner",0001562180-24-006253,2024-08-13,S,1250.0,142.2803,268982.0,I,,,,,,
1650372,2024-08-14,TEAM,Farquhar Scott,"isDirector,isOfficer,isTenPercentOwner",0001562180-24-006254,2024-08-13,S,1250.0,142.2801,268982.0,I,,,,,,
1650372,2024-08-14,TEAM,Farquhar Scott,"isDirector,isOfficer,isTenPercentOwner",0001562180-24-006254,2024-08-13,S,1250.0,142.2801,268982.0,I,non_derivative,Class A Common Stock,,,,
1650372,2024-08-14,TEAM,Cannon-Brookes Michael,"isDirector,isOfficer,isTenPercentOwner",0001562180-24-006253,2024-08-13,S,1250.0,142.2803,268982.0,I,non_derivative,Class A Common Stock,,,,
1650372,2024-08-15,TEAM,LIU GENE,isOfficer,0001562180-24-006289,2024-08-14,S,45.0,143.0794,45451.0,D,,,,,,
1650372,2024-08-15,TEAM,BINZ JOSEPH LEO,isOfficer,0001562180-24-006291,2024-08-14,S,84.0,144.714,97327.0,D,,,,,,
1650372,2024-08-15,TEAM,RAJAN RAJEEV BASHYAM,isOfficer,0001562180-24-006288,2024-08-14,S,940.0,143.5926,129585.0,D,,,,,,
1650372,2024-08-15,TEAM,LIU GENE,isOfficer,0001562180-24-006289,2024-08-14,S,45.0,143.0794,45451.0,D,non_derivative,Class A Common Stock,,,,
1650372,2024-08-15,TEAM,Cannon-Brookes Michael,"isDirector,isOfficer,isTenPercentOwner",0001562180-24-006286,2024-08-14,S,4235.0,143.2519,258049.0,I,non_derivative,Class A Common Stock,,,,
1650372,2024-08-15,TEAM,RAJAN RAJEEV BASHYAM,isOfficer,0001562180-24-006288,2024-08-14,S,940.0,143.5926,129585.0,D,non_derivative,Class A Common Stock,,,,
1650372,2024-08-15,TEAM,Farquhar Scott,"isDirector,isOfficer,isTenPercentOwner",0001562180-24-006287,2024-08-14,S,3263.0,143.7926,259021.0,I,,,,,,
1650372,2024-08-15,TEAM,BINZ JOSEPH LEO,isOfficer,0001562180-24-006291,2024-08-14,S,84.0,144.714,97327.0,D,non_derivative,Class A Common Stock,,,,
1650372,2024-08-15,TEAM,BHARADWAJ ANUTTHARA,isOfficer,0001562180-24-006290,2024-08-14,S,440.0,144.714,152094.0,D,non_derivative,Class A Common Stock,,,,
1650372,2024-08-15,TEAM,Cannon-Brookes Michael,"isDirector,isOfficer,isTenPercentOwner",0001562180-24-006286,2024-08-14,S,4235.0,143.2519,258049.0,I,,,,,,
1650372,2024-08-15,TEAM,Farquhar Scott,"isDirector,isOfficer,isTenPercentOwner",0001562180-24-006287,2024-08-14,S,3263.0,143.7926,259021.0,I,non_derivative,Class A Common Stock,,,,
1650372,2024-08-15,TEAM,BHARADWAJ ANUTTHARA,isOfficer,0001562180-24-006290,2024-08-14,S,440.0,144.714,152094.0,D,,,,,,
1650372,2024-08-16,TEAM,Cannon-Brookes Michael,"isDirector,isOfficer,isTenPercentOwner",0001562180-24-006318,2024-08-15,S,3956.0,145.6628,250380.0,I,non_derivative,Class A Common Stock,,,,
1650372,2024-08-16,TEAM,Farquhar Scott,"isDirector,isOfficer,isTenPercentOwner",0001562180-24-006319,2024-08-15,S,150.0,147.0933,254186.0,I,,,,,,
1650372,2024-08-16,TEAM,Farquhar Scott,"isDirector,isOfficer,isTenPercentOwner",0001562180-24-006319,2024-08-15,S,150.0,147.0933,254186.0,I,non_derivative,Class A Common Stock,,,,
1650372,2024-08-16,TEAM,Cannon-Brookes Michael,"isDirector,isOfficer,isTenPercentOwner",0001562180-24-006318,2024-08-15,S,3956.0,145.6628,250380.0,I,,,,,,
1650372,2024-08-19,TEAM,RAJAN RAJEEV BASHYAM,isOfficer,0001562180-24-006360,2024-08-16,S,199.0,146.08,128957.0,D,non_derivative,Class A Common Stock,,,,
1650372,2024-08-19,TEAM,Farquhar Scott,"isDirector,isOfficer,isTenPercentOwner",0001562180-24-006358,2024-08-16,S,652.0,150.1427,245736.0,I,non_derivative,Class A Common Stock,,,,
1650372,2024-08-19,TEAM,Cannon-Brookes Michael,"isDirector,isOfficer,isTenPercentOwner",0001562180-24-006359,2024-08-16,S,646.0,147.4304,245742.0,I,non_derivative,Class A Common Stock,,,,
1650372,2024-08-19,TEAM,RAJAN RAJEEV BASHYAM,isOfficer,0001562180-24-006360,2024-08-16,S,199.0,146.08,128957.0,D,,,,,,
1650372,2024-08-19,TEAM,Farquhar Scott,"isDirector,isOfficer,isTenPercentOwner",0001562180-24-006358,2024-08-16,S,652.0,150.1427,245736.0,I,,,,,,
1650372,2024-08-19,TEAM,Cannon-Brookes Michael,"isDirector,isOfficer,isTenPercentOwner",0001562180-24-006359,2024-08-16,S,646.0,147.4304,245742.0,I,,,,,,
1650372,2024-08-20,TEAM,Cannon-Brookes Michael,"isDirector,isOfficer,isTenPercentOwner",0001562180-24-006387,2024-08-19,S,917.0,158.7716,237523.0,I,,,,,,
1650372,2024-08-20,TEAM,RAJAN RAJEEV BASHYAM,isOfficer,0001562180-24-006391,2024-08-19,S,215.0,154.485,128742.0,D,,,,,,
1650372,2024-08-20,TEAM,LIU GENE,isOfficer,0001562180-24-006389,2024-08-19,S,19.0,158.9639,45277.0,D,,,,,,
1650372,2024-08-20,TEAM,BINZ JOSEPH LEO,isOfficer,0001562180-24-006390,2024-08-19,S,195.0,158.9639,96278.0,D,non_derivative,Class A Common Stock,,,,
1650372,2024-08-20,TEAM,Farquhar Scott,"isDirector,isOfficer,isTenPercentOwner",0001562180-24-006386,2024-08-19,S,1582.0,155.5909,236858.0,I,non_derivative,Class A Common Stock,,,,
1650372,2024-08-20,TEAM,Cannon-Brookes Michael,"isDirector,isOfficer,isTenPercentOwner",0001562180-24-006387,2024-08-19,S,917.0,158.7716,237523.0,I,non_derivative,Class A Common Stock,,,,
1650372,2024-08-20,TEAM,BHARADWAJ ANUTTHARA,isOfficer,0001562180-24-006388,2024-08-19,S,247.0,158.9639,147395.0,D,,,,,,
1650372,2024-08-20,TEAM,BHARADWAJ ANUTTHARA,isOfficer,0001562180-24-006388,2024-08-19,S,247.0,158.9639,147395.0,D,non_derivative,Class A Common Stock,,,,
1650372,2024-08-20,TEAM,LIU GENE,isOfficer,0001562180-24-006389,2024-08-19,S,19.0,158.9639,45277.0,D,non_derivative,Class A Common Stock,,,,
1650372,2024-08-20,TEAM,BINZ JOSEPH LEO,isOfficer,0001562180-24-006390,2024-08-19,S,195.0,158.9639,96278.0,D,,,,,,
1650372,2024-08-20,TEAM,Farquhar Scott,"isDirector,isOfficer,isTenPercentOwner",0001562180-24-006386,2024-08-19,S,1582.0,155.5909,236858.0,I,,,,,,
1650372,2024-08-20,TEAM,RAJAN RAJEEV BASHYAM,isOfficer,0001562180-24-006391,2024-08-19,S,215.0,154.485,128742.0,D,non_derivative,Class A Common Stock,,,,
1650372,2024-08-21,TEAM,Cannon-Brookes Michael,"isDirector,isOfficer,isTenPercentOwner",0001562180-24-006434,2024-08-20,S,250.0,157.972,230242.0,I,non_derivative,Class A Common Stock,,,,
1650372,2024-08-21,TEAM,Farquhar Scott,"isDirector,isOfficer,isTenPercentOwner",0001562180-24-006433,2024-08-20,S,5495.0,155.9329,224997.0,I,,,,,,
1650372,2024-08-21,TEAM,Farquhar Scott,"isDirector,isOfficer,isTenPercentOwner",0001562180-24-006433,2024-08-20,S,5495.0,155.9329,224997.0,I,non_derivative,Class A Common Stock,,,,
1650372,2024-08-21,TEAM,Cannon-Brookes Michael,"isDirector,isOfficer,isTenPercentOwner",0001562180-24-006434,2024-08-20,S,250.0,157.972,230242.0,I,,,,,,
1650372,2024-08-22,TEAM,Cannon-Brookes Michael,"isDirector,isOfficer,isTenPercentOwner",0001562180-24-006465,2024-08-21,S,4717.0,157.0702,217827.0,I,non_derivative,Class A Common Stock,,,,
1650372,2024-08-22,TEAM,Farquhar Scott,"isDirector,isOfficer,isTenPercentOwner",0001562180-24-006464,2024-08-21,S,4717.0,157.0703,217827.0,I,,,,,,
1650372,2024-08-22,TEAM,Cannon-Brookes Michael,"isDirector,isOfficer,isTenPercentOwner",0001562180-24-006465,2024-08-21,S,4717.0,157.0702,217827.0,I,,,,,,
1650372,2024-08-22,TEAM,Farquhar Scott,"isDirector,isOfficer,isTenPercentOwner",0001562180-24-006464,2024-08-21,S,4717.0,157.0703,217827.0,I,non_derivative,Class A Common Stock,,,,
1650372,2024-08-23,TEAM,Cannon-Brookes Michael,"isDirector,isOfficer,isTenPercentOwner",0001562180-24-006488,2024-08-22,S,964.0,159.5206,213632.0,I,,,,,,
1650372,2024-08-23,TEAM,Farquhar Scott,"isDirector,isOfficer,isTenPercentOwner",0001562180-24-006487,2024-08-22,S,1971.0,155.7249,212625.0,I,,,,,,
1650372,2024-08-23,TEAM,BHARADWAJ ANUTTHARA,isOfficer,0001562180-24-006489,2024-08-22,S,760.0,160.0,144726.0,D,,,,,,
1650372,2024-08-23,TEAM,RAJAN RAJEEV BASHYAM,isOfficer,0001562180-24-006490,2024-08-22,S,448.0,156.65,125455.0,D,,,,,,
1650372,2024-08-23,TEAM,Farquhar Scott,"isDirector,isOfficer,isTenPercentOwner",0001562180-24-006487,2024-08-22,S,1971.0,155.7249,212625.0,I,non_derivative,Class A Common Stock,,,,
1650372,2024-08-23,TEAM,BHARADWAJ ANUTTHARA,isOfficer,0001562180-24-006489,2024-08-22,S,760.0,160.0,144726.0,D,non_derivative,Class A Common Stock,,,,
1650372,2024-08-23,TEAM,Cannon-Brookes Michael,"isDirector,isOfficer,isTenPercentOwner",0001562180-24-006488,2024-08-22,S,964.0,159.5206,213632.0,I,non_derivative,Class A Common Stock,,,,
1650372,2024-08-23,TEAM,RAJAN RAJEEV BASHYAM,isOfficer,0001562180-24-006490,2024-08-22,S,448.0,156.65,125455.0,D,non_derivative,Class A Common Stock,,,,
1650372,2024-08-26,TEAM,Farquhar Scott,"isDirector,isOfficer,isTenPercentOwner",0001562180-24-006502,2024-08-23,S,4300.0,159.4314,202348.0,I,,,,,,
1650372,2024-08-26,TEAM,Cannon-Brookes Michael,"isDirector,isOfficer,isTenPercentOwner",0001562180-24-006503,2024-08-23,S,216.0,159.9934,206432.0,I,,,,,,
1650372,2024-08-26,TEAM,Farquhar Scott,"isDirector,isOfficer,isTenPercentOwner",0001562180-24-006502,2024-08-23,S,4300.0,159.4314,202348.0,I,non_derivative,Class A Common Stock,,,,
1650372,2024-08-26,TEAM,Cannon-Brookes Michael,"isDirector,isOfficer,isTenPercentOwner",0001562180-24-006503,2024-08-23,S,216.0,159.9934,206432.0,I,non_derivative,Class A Common Stock,,,,
1650372,2024-08-27,TEAM,Cannon-Brookes Michael,"isDirector,isOfficer,isTenPercentOwner",0001562180-24-006524,2024-08-26,S,50.0,160.77,198650.0,I,non_derivative,Class A Common Stock,,,,
1650372,2024-08-27,TEAM,Farquhar Scott,"isDirector,isOfficer,isTenPercentOwner",0001562180-24-006526,2024-08-26,S,300.0,162.8128,198400.0,I,non_derivative,Class A Common Stock,,,,
1650372,2024-08-27,TEAM,Farquhar Scott,"isDirector,isOfficer,isTenPercentOwner",0001562180-24-006526,2024-08-26,S,300.0,162.8128,198400.0,I,,,,,,
1650372,2024-08-27,TEAM,Cannon-Brookes Michael,"isDirector,isOfficer,isTenPercentOwner",0001562180-24-006524,2024-08-26,S,50.0,160.77,198650.0,I,,,,,,
1650372,2024-08-28,TEAM,Farquhar Scott,"isDirector,isOfficer,isTenPercentOwner",0001562180-24-006544,2024-08-27,S,917.0,166.4259,189835.0,I,non_derivative,Class A Common Stock,,,,
1650372,2024-08-28,TEAM,Cannon-Brookes Michael,"isDirector,isOfficer,isTenPercentOwner",0001562180-24-006543,2024-08-27,S,1741.0,165.2318,189011.0,I,,,,,,
1650372,2024-08-28,TEAM,Farquhar Scott,"isDirector,isOfficer,isTenPercentOwner",0001562180-24-006544,2024-08-27,S,917.0,166.4259,189835.0,I,,,,,,
1650372,2024-08-29,TEAM,Cannon-Brookes Michael,"isDirector,isOfficer,isTenPercentOwner",0001562180-24-006555,2024-08-28,S,1368.0,160.636,181436.0,I,non_derivative,Class A Common Stock,,,,
1650372,2024-08-29,TEAM,Farquhar Scott,"isDirector,isOfficer,isTenPercentOwner",0001562180-24-006554,2024-08-28,S,2747.0,162.1018,180057.0,I,non_derivative,Class A Common Stock,,,,
1650372,2024-08-29,TEAM,Farquhar Scott,"isDirector,isOfficer,isTenPercentOwner",0001562180-24-006554,2024-08-28,S,2747.0,162.1018,180057.0,I,,,,,,
1650372,2024-08-29,TEAM,Cannon-Brookes Michael,"isDirector,isOfficer,isTenPercentOwner",0001562180-24-006555,2024-08-28,S,1368.0,160.636,181436.0,I,,,,,,
1650372,2024-08-30,TEAM,Cannon-Brookes Michael,"isDirector,isOfficer,isTenPercentOwner",0001562180-24-006560,2024-08-29,S,250.0,165.5002,174606.0,I,,,,,,
1650372,2024-08-30,TEAM,Cannon-Brookes Michael,"isDirector,isOfficer,isTenPercentOwner",0001562180-24-006567,2024-08-30,S,750.0,167.8313,166158.0,I,non_derivative,Class A Common Stock,,,,
1650372,2024-08-30,TEAM,Farquhar Scott,"isDirector,isOfficer,isTenPercentOwner",0001562180-24-006566,2024-08-30,S,4411.0,165.7458,162497.0,I,,,,,,
1650372,2024-08-30,TEAM,Farquhar Scott,"isDirector,isOfficer,isTenPercentOwner",0001562180-24-006566,2024-08-30,S,4411.0,165.7458,162497.0,I,non_derivative,Class A Common Stock,,,,
1650372,2024-08-30,TEAM,Farquhar Scott,"isDirector,isOfficer,isTenPercentOwner",0001562180-24-006559,2024-08-29,S,250.0,165.5,174606.0,I,,,,,,
1650372,2024-08-30,TEAM,Farquhar Scott,"isDirector,isOfficer,isTenPercentOwner",0001562180-24-006559,2024-08-29,S,250.0,165.5,174606.0,I,non_derivative,Class A Common Stock,,,,
1650372,2024-08-30,TEAM,Cannon-Brookes Michael,"isDirector,isOfficer,isTenPercentOwner",0001562180-24-006567,2024-08-30,S,750.0,167.8313,166158.0,I,,,,,,
1650372,2024-08-30,TEAM,Cannon-Brookes Michael,"isDirector,isOfficer,isTenPercentOwner",0001562180-24-006560,2024-08-29,S,250.0,165.5002,174606.0,I,non_derivative,Class A Common Stock,,,,
1650372,2024-09-04,TEAM,Farquhar Scott,"isDirector,isTenPercentOwner",0001562180-24-006638,2024-09-03,S,2383.0,163.9566,156577.0,I,non_derivative,Class A Common Stock,,,,
1650372,2024-09-04,TEAM,Cannon-Brookes Michael,"isDirector,isOfficer,isTenPercentOwner",0001562180-24-006639,2024-09-03,S,3721.0,163.1669,155239.0,I,,,,,,
1650372,2024-09-04,TEAM,Farquhar Scott,"isDirector,isTenPercentOwner",0001562180-24-006638,2024-09-03,S,2383.0,163.9566,156577.0,I,,,,,,
1650372,2024-09-04,TEAM,Cannon-Brookes Michael,"isDirector,isOfficer,isTenPercentOwner",0001562180-24-006639,2024-09-03,S,3721.0,163.1669,155239.0,I,non_derivative,Class A Common Stock,,,,
1650372,2024-09-05,TEAM,Cannon-Brookes Michael,"isDirector,isOfficer,isTenPercentOwner",0001562180-24-006698,2024-09-04,S,2453.0,164.1128,148559.0,I,non_derivative,Class A Common Stock,,,,
1650372,2024-09-05,TEAM,Cannon-Brookes Michael,"isDirector,isOfficer,isTenPercentOwner",0001562180-24-006698,2024-09-04,S,2453.0,164.1128,148559.0,I,,,,,,
1650372,2024-09-05,TEAM,Farquhar Scott,"isDirector,isTenPercentOwner",0001562180-24-006697,2024-09-04,S,400.0,164.9624,150612.0,I,,,,,,
1650372,2024-09-05,TEAM,Farquhar Scott,"isDirector,isTenPercentOwner",0001562180-24-006697,2024-09-04,S,400.0,164.9624,150612.0,I,non_derivative,Class A Common Stock,,,,
1650372,2024-09-06,TEAM,Cannon-Brookes Michael,"isDirector,isOfficer,isTenPercentOwner",0001562180-24-006720,2024-09-05,S,2750.0,159.9226,140314.0,I,non_derivative,Class A Common Stock,,,,
1650372,2024-09-06,TEAM,Farquhar Scott,"isDirector,isTenPercentOwner",0001562180-24-006719,2024-09-05,S,2750.0,159.9225,140314.0,I,non_derivative,Class A Common Stock,,,,
1650372,2024-09-06,TEAM,Farquhar Scott,"isDirector,isTenPercentOwner",0001562180-24-006719,2024-09-05,S,2750.0,159.9225,140314.0,I,,,,,,
1650372,2024-09-06,TEAM,Cannon-Brookes Michael,"isDirector,isOfficer,isTenPercentOwner",0001562180-24-006720,2024-09-05,S,2750.0,159.9226,140314.0,I,,,,,,
1650372,2024-09-09,TEAM,Farquhar Scott,"isDirector,isTenPercentOwner",0001562180-24-006744,2024-09-06,S,50.0,165.13,135066.0,I,,,,,,
1650372,2024-09-09,TEAM,Cannon-Brookes Michael,"isDirector,isOfficer,isTenPercentOwner",0001562180-24-006743,2024-09-06,S,1470.0,160.4541,133646.0,I,,,,,,
1650372,2024-09-09,TEAM,Cannon-Brookes Michael,"isDirector,isOfficer,isTenPercentOwner",0001562180-24-006743,2024-09-06,S,1470.0,160.4541,133646.0,I,non_derivative,Class A Common Stock,,,,
1650372,2024-09-09,TEAM,Farquhar Scott,"isDirector,isTenPercentOwner",0001562180-24-006744,2024-09-06,S,50.0,165.13,135066.0,I,non_derivative,Class A Common Stock,,,,
1650372,2024-09-10,TEAM,Farquhar Scott,"isDirector,isTenPercentOwner",0001562180-24-006764,2024-09-09,S,1523.0,165.3985,125645.0,I,,,,,,
1650372,2024-09-10,TEAM,Farquhar Scott,"isDirector,isTenPercentOwner",0001562180-24-006764,2024-09-09,S,1523.0,165.3985,125645.0,I,non_derivative,Class A Common Stock,,,,
1650372,2024-09-10,TEAM,Cannon-Brookes Michael,"isDirector,isOfficer,isTenPercentOwner",0001562180-24-006763,2024-09-09,S,2251.0,163.321,124917.0,I,non_derivative,Class A Common Stock,,,,
1650372,2024-09-10,TEAM,Cannon-Brookes Michael,"isDirector,isOfficer,isTenPercentOwner",0001562180-24-006763,2024-09-09,S,2251.0,163.321,124917.0,I,,,,,,
1650372,2024-09-11,TEAM,Cannon-Brookes Michael,"isDirector,isOfficer,isTenPercentOwner",0001562180-24-006773,2024-09-10,S,170.0,162.3385,119050.0,I,,,,,,
1650372,2024-09-11,TEAM,Farquhar Scott,"isDirector,isTenPercentOwner",0001562180-24-006774,2024-09-10,S,170.0,162.3385,119050.0,I,non_derivative,Class A Common Stock,,,,
1650372,2024-09-11,TEAM,Cannon-Brookes Michael,"isDirector,isOfficer,isTenPercentOwner",0001562180-24-006773,2024-09-10,S,170.0,162.3385,119050.0,I,non_derivative,Class A Common Stock,,,,
1650372,2024-09-11,TEAM,Farquhar Scott,"isDirector,isTenPercentOwner",0001562180-24-006774,2024-09-10,S,170.0,162.3385,119050.0,I,,,,,,
1650372,2024-09-12,TEAM,Farquhar Scott,"isDirector,isTenPercentOwner",0001562180-24-006786,2024-09-11,S,3761.0,166.3875,107511.0,I,non_derivative,Class A Common Stock,,,,
1650372,2024-09-12,TEAM,Cannon-Brookes Michael,"isDirector,isOfficer,isTenPercentOwner",0001562180-24-006785,2024-09-11,S,8.0,167.13,111264.0,I,non_derivative,Class A Common Stock,,,,
1650372,2024-09-12,TEAM,Cannon-Brookes Michael,"isDirector,isOfficer,isTenPercentOwner",0001562180-24-006785,2024-09-11,S,8.0,167.13,111264.0,I,,,,,,
1650372,2024-09-12,TEAM,Farquhar Scott,"isDirector,isTenPercentOwner",0001562180-24-006786,2024-09-11,S,3761.0,166.3875,107511.0,I,,,,,,
1650372,2024-09-13,TEAM,Cannon-Brookes Michael,"isDirector,isOfficer,isTenPercentOwner",0001562180-24-006797,2024-09-12,S,2057.0,168.0219,101267.0,I,,,,,,
1650372,2024-09-13,TEAM,Farquhar Scott,"isDirector,isTenPercentOwner",0001562180-24-006798,2024-09-12,S,2358.0,166.7656,100966.0,I,non_derivative,Class A Common Stock,,,,
1650372,2024-09-13,TEAM,Cannon-Brookes Michael,"isDirector,isOfficer,isTenPercentOwner",0001562180-24-006797,2024-09-12,S,2057.0,168.0219,101267.0,I,non_derivative,Class A Common Stock,,,,
1650372,2024-09-13,TEAM,Farquhar Scott,"isDirector,isTenPercentOwner",0001562180-24-006798,2024-09-12,S,2358.0,166.7656,100966.0,I,,,,,,
1650372,2024-09-16,TEAM,Cannon-Brookes Michael,"isDirector,isOfficer,isTenPercentOwner",0001562180-24-006820,2024-09-13,S,3934.0,163.4619,91442.0,I,non_derivative,Class A Common Stock,,,,
1650372,2024-09-16,TEAM,Cannon-Brookes Michael,"isDirector,isOfficer,isTenPercentOwner",0001562180-24-006820,2024-09-13,S,3934.0,163.4619,91442.0,I,,,,,,
1650372,2024-09-16,TEAM,Farquhar Scott,"isDirector,isTenPercentOwner",0001562180-24-006821,2024-09-13,S,2183.0,165.1609,93193.0,I,,,,,,
1650372,2024-09-16,TEAM,Farquhar Scott,"isDirector,isTenPercentOwner",0001562180-24-006821,2024-09-13,S,2183.0,165.1609,93193.0,I,non_derivative,Class A Common Stock,,,,
1650372,2024-09-17,TEAM,Farquhar Scott,"isDirector,isTenPercentOwner",0001562180-24-006848,2024-09-16,S,7448.0,165.1021,79980.0,I,,,,,,
1650372,2024-09-17,TEAM,Cannon-Brookes Michael,"isDirector,isOfficer,isTenPercentOwner",0001562180-24-006849,2024-09-16,S,500.0,164.022,86928.0,I,non_derivative,Class A Common Stock,,,,
1650372,2024-09-17,TEAM,Cannon-Brookes Michael,"isDirector,isOfficer,isTenPercentOwner",0001562180-24-006849,2024-09-16,S,500.0,164.022,86928.0,I,,,,,,
1650372,2024-09-17,TEAM,Farquhar Scott,"isDirector,isTenPercentOwner",0001562180-24-006848,2024-09-16,S,7448.0,165.1021,79980.0,I,non_derivative,Class A Common Stock,,,,
1650372,2024-09-18,TEAM,Farquhar Scott,"isDirector,isTenPercentOwner",0001562180-24-006864,2024-09-17,S,750.0,154.704,78730.0,I,non_derivative,Class A Common Stock,,,,
1650372,2024-09-18,TEAM,Cannon-Brookes Michael,"isDirector,isOfficer,isTenPercentOwner",0001562180-24-006865,2024-09-17,S,3258.0,155.7873,76222.0,I,non_derivative,Class A Common Stock,,,,
1650372,2024-09-18,TEAM,Farquhar Scott,"isDirector,isTenPercentOwner",0001562180-24-006864,2024-09-17,S,750.0,154.704,78730.0,I,,,,,,
1650372,2024-09-18,TEAM,Cannon-Brookes Michael,"isDirector,isOfficer,isTenPercentOwner",0001562180-24-006865,2024-09-17,S,3258.0,155.7873,76222.0,I,,,,,,
1650372,2024-09-19,TEAM,Cannon-Brookes Michael,"isDirector,isOfficer,isTenPercentOwner",0001562180-24-006878,2024-09-18,S,100.0,163.07,71432.0,I,,,,,,
1650372,2024-09-19,TEAM,Farquhar Scott,"isDirector,isTenPercentOwner",0001562180-24-006879,2024-09-18,S,100.0,163.07,71432.0,I,,,,,,
1650372,2024-09-19,TEAM,Farquhar Scott,"isDirector,isTenPercentOwner",0001562180-24-006879,2024-09-18,S,100.0,163.07,71432.0,I,non_derivative,Class A Common Stock,,,,
1650372,2024-09-19,TEAM,Cannon-Brookes Michael,"isDirector,isOfficer,isTenPercentOwner",0001562180-24-006878,2024-09-18,S,100.0,163.07,71432.0,I,non_derivative,Class A Common Stock,,,,
1650372,2024-09-20,TEAM,Cannon-Brookes Michael,"isDirector,isOfficer,isTenPercentOwner",0001562180-24-006897,2024-09-19,S,1592.0,165.5439,61992.0,I,,,,,,
1650372,2024-09-20,TEAM,Farquhar Scott,"isDirector,isTenPercentOwner",0001562180-24-006896,2024-09-19,S,1115.0,163.7994,62469.0,I,,,,,,
1650372,2024-09-20,TEAM,Farquhar Scott,"isDirector,isTenPercentOwner",0001562180-24-006896,2024-09-19,S,1115.0,163.7994,62469.0,I,non_derivative,Class A Common Stock,,,,
1650372,2024-09-20,TEAM,Cannon-Brookes Michael,"isDirector,isOfficer,isTenPercentOwner",0001562180-24-006897,2024-09-19,S,1592.0,165.5439,61992.0,I,non_derivative,Class A Common Stock,,,,
1650372,2024-09-23,TEAM,Farquhar Scott,"isDirector,isTenPercentOwner",0001562180-24-006909,2024-09-20,S,1960.0,162.281,53676.0,I,,,,,,
1650372,2024-09-23,TEAM,BHARADWAJ ANUTTHARA,isOfficer,0001562180-24-006910,2024-09-20,S,760.0,163.11,143966.0,D,non_derivative,Class A Common Stock,,,,
1650372,2024-09-23,TEAM,Farquhar Scott,"isDirector,isTenPercentOwner",0001562180-24-006909,2024-09-20,S,1960.0,162.281,53676.0,I,non_derivative,Class A Common Stock,,,,
1650372,2024-09-23,TEAM,Cannon-Brookes Michael,"isDirector,isOfficer,isTenPercentOwner",0001562180-24-006908,2024-09-20,S,1959.0,162.281,53677.0,I,non_derivative,Class A Common Stock,,,,
1650372,2024-09-23,TEAM,BHARADWAJ ANUTTHARA,isOfficer,0001562180-24-006910,2024-09-20,S,760.0,163.11,143966.0,D,,,,,,
1650372,2024-09-23,TEAM,Cannon-Brookes Michael,"isDirector,isOfficer,isTenPercentOwner",0001562180-24-006908,2024-09-20,S,1959.0,162.281,53677.0,I,,,,,,
1650372,2024-09-24,TEAM,Cannon-Brookes Michael,"isDirector,isOfficer,isTenPercentOwner",0001562180-24-006929,2024-09-23,S,3702.0,162.3573,43986.0,I,,,,,,
1650372,2024-09-24,TEAM,Farquhar Scott,"isDirector,isTenPercentOwner",0001562180-24-006928,2024-09-23,S,2355.0,161.3423,45333.0,I,,,,,,
1650372,2024-09-24,TEAM,Farquhar Scott,"isDirector,isTenPercentOwner",0001562180-24-006928,2024-09-23,S,2355.0,161.3423,45333.0,I,non_derivative,Class A Common Stock,,,,
1650372,2024-09-24,TEAM,Cannon-Brookes Michael,"isDirector,isOfficer,isTenPercentOwner",0001562180-24-006929,2024-09-23,S,3702.0,162.3573,43986.0,I,non_derivative,Class A Common Stock,,,,
1650372,2024-09-25,TEAM,Cannon-Brookes Michael,"isDirector,isOfficer,isTenPercentOwner",0001562180-24-006949,2024-09-24,S,651.0,164.5649,39089.0,I,,,,,,
1650372,2024-09-25,TEAM,Farquhar Scott,"isDirector,isTenPercentOwner",0001562180-24-006950,2024-09-24,S,4082.0,162.5529,35658.0,I,,,,,,
1650372,2024-09-25,TEAM,Farquhar Scott,"isDirector,isTenPercentOwner",0001562180-24-006950,2024-09-24,S,4082.0,162.5529,35658.0,I,non_derivative,Class A Common Stock,,,,
1650372,2024-09-25,TEAM,Cannon-Brookes Michael,"isDirector,isOfficer,isTenPercentOwner",0001562180-24-006949,2024-09-24,S,651.0,164.5649,39089.0,I,non_derivative,Class A Common Stock,,,,
1650372,2024-09-26,TEAM,Cannon-Brookes Michael,"isDirector,isOfficer,isTenPercentOwner",0001562180-24-006963,2024-09-25,S,1849.0,161.1916,29943.0,I,,,,,,
1650372,2024-09-26,TEAM,Farquhar Scott,"isDirector,isTenPercentOwner",0001562180-24-006962,2024-09-25,S,1386.0,162.9021,30406.0,I,,,,,,
1650372,2024-09-26,TEAM,Cannon-Brookes Michael,"isDirector,isOfficer,isTenPercentOwner",0001562180-24-006963,2024-09-25,S,1849.0,161.1916,29943.0,I,non_derivative,Class A Common Stock,,,,
1650372,2024-09-26,TEAM,Farquhar Scott,"isDirector,isTenPercentOwner",0001562180-24-006962,2024-09-25,S,1386.0,162.9021,30406.0,I,non_derivative,Class A Common Stock,,,,
1650372,2024-09-27,TEAM,Cannon-Brookes Michael,"isDirector,isOfficer,isTenPercentOwner",0001562180-24-006975,2024-09-26,S,950.0,161.4585,22894.0,I,,,,,,
1650372,2024-09-27,TEAM,Farquhar Scott,"isDirector,isTenPercentOwner",0001562180-24-006974,2024-09-26,S,4335.0,163.3245,19509.0,I,non_derivative,Class A Common Stock,,,,
1650372,2024-09-27,TEAM,Farquhar Scott,"isDirector,isTenPercentOwner",0001562180-24-006974,2024-09-26,S,4335.0,163.3245,19509.0,I,,,,,,
1650372,2024-09-27,TEAM,Cannon-Brookes Michael,"isDirector,isOfficer,isTenPercentOwner",0001562180-24-006975,2024-09-26,S,950.0,161.4585,22894.0,I,non_derivative,Class A Common Stock,,,,
1650372,2024-09-30,TEAM,Farquhar Scott,"isDirector,isTenPercentOwner",0001562180-24-007016,2024-09-27,S,5827.0,161.0804,10069.0,I,,,,,,
1650372,2024-09-30,TEAM,Cannon-Brookes Michael,"isDirector,isOfficer,isTenPercentOwner",0001562180-24-007017,2024-09-27,S,5827.0,161.0805,10069.0,I,,,,,,
1650372,2024-09-30,TEAM,Farquhar Scott,"isDirector,isTenPercentOwner",0001562180-24-007016,2024-09-27,S,5827.0,161.0804,10069.0,I,non_derivative,Class A Common Stock,,,,
1650372,2024-09-30,TEAM,Cannon-Brookes Michael,"isDirector,isOfficer,isTenPercentOwner",0001562180-24-007017,2024-09-27,S,5827.0,161.0805,10069.0,I,non_derivative,Class A Common Stock,,,,
1650372,2024-10-01,TEAM,LIU GENE,isOfficer,0001562180-24-007035,2024-09-27,A,15064.0,0.0,60192.0,D,non_derivative,Class A Common Stock,,,,
1650372,2024-10-01,TEAM,Farquhar Scott,"isDirector,isTenPercentOwner",0001562180-24-007085,2024-10-01,C,508672.0,,508672.0,I,non_derivative,Class A Common Stock,,,,
1650372,2024-10-01,TEAM,Cannon-Brookes Michael,"isDirector,isOfficer,isTenPercentOwner",0001562180-24-007086,2024-10-01,C,508672.0,0.0,49488852.0,I,derivative,Class B Common Stock,Class A Common Stock,508672.0,,
1650372,2024-10-01,TEAM,Farquhar Scott,"isDirector,isTenPercentOwner",0001562180-24-007029,2024-09-30,S,2623.0,160.3421,5325.0,I,non_derivative,Class A Common Stock,,,,
1650372,2024-10-01,TEAM,BINZ JOSEPH LEO,isOfficer,0001562180-24-007032,2024-09-27,A,81861.0,0.0,176628.0,D,non_derivative,Class A Common Stock,,,,
1650372,2024-10-01,TEAM,Cannon-Brookes Michael,"isDirector,isOfficer,isTenPercentOwner",0001562180-24-007030,2024-09-30,S,431.0,161.3354,7517.0,I,non_derivative,Class A Common Stock,,,,
1650372,2024-10-01,TEAM,RAJAN RAJEEV BASHYAM,isOfficer,0001562180-24-007034,2024-09-27,A,83826.0,0.0,209281.0,D,non_derivative,Class A Common Stock,,,,
1650372,2024-10-01,TEAM,BHARADWAJ ANUTTHARA,isOfficer,0001562180-24-007033,2024-09-27,A,85790.0,0.0,229756.0,D,non_derivative,Class A Common Stock,,,,
1650372,2024-10-01,TEAM,Farquhar Scott,"isDirector,isTenPercentOwner",0001562180-24-007085,2024-10-01,C,508672.0,0.0,49488852.0,I,derivative,Class B Common Stock,Class A Common Stock,508672.0,,
1650372,2024-10-01,TEAM,Farquhar Scott,"isDirector,isTenPercentOwner",0001562180-24-007085,2024-10-01,C,508672.0,,508672.0,I,,,,,,
1650372,2024-10-01,TEAM,Farquhar Scott,"isDirector,isTenPercentOwner",0001562180-24-007029,2024-09-30,S,2623.0,160.3421,5325.0,I,,,,,,
1650372,2024-10-01,TEAM,LIU GENE,isOfficer,0001562180-24-007035,2024-09-27,A,15064.0,0.0,60192.0,D,,,,,,
1650372,2024-10-01,TEAM,Cannon-Brookes Michael,"isDirector,isOfficer,isTenPercentOwner",0001562180-24-007086,2024-10-01,C,508672.0,,508672.0,I,,,,,,
1650372,2024-10-01,TEAM,Cannon-Brookes Michael,"isDirector,isOfficer,isTenPercentOwner",0001562180-24-007086,2024-10-01,C,508672.0,,508672.0,I,non_derivative,Class A Common Stock,,,,
1650372,2024-10-01,TEAM,Cannon-Brookes Michael,"isDirector,isOfficer,isTenPercentOwner",0001562180-24-007030,2024-09-30,S,431.0,161.3354,7517.0,I,,,,,,
1650372,2024-10-01,TEAM,RAJAN RAJEEV BASHYAM,isOfficer,0001562180-24-007034,2024-09-27,A,83826.0,0.0,209281.0,D,,,,,,
1650372,2024-10-01,TEAM,BINZ JOSEPH LEO,isOfficer,0001562180-24-007032,2024-09-27,A,81861.0,0.0,176628.0,D,,,,,,
1650372,2024-10-01,TEAM,BHARADWAJ ANUTTHARA,isOfficer,0001562180-24-007033,2024-09-27,A,85790.0,0.0,229756.0,D,,,,,,
1650372,2024-10-02,TEAM,Cannon-Brookes Michael,"isDirector,isOfficer,isTenPercentOwner",0001562180-24-007171,2024-10-01,S,295.0,158.7975,508377.0,I,,,,,,
1650372,2024-10-02,TEAM,Farquhar Scott,"isDirector,isTenPercentOwner",0001562180-24-007170,2024-10-01,S,295.0,158.7975,508377.0,I,non_derivative,Class A Common Stock,,,,
1650372,2024-10-02,TEAM,Cannon-Brookes Michael,"isDirector,isOfficer,isTenPercentOwner",0001562180-24-007171,2024-10-01,S,295.0,158.7975,508377.0,I,non_derivative,Class A Common Stock,,,,
1650372,2024-10-02,TEAM,Farquhar Scott,"isDirector,isTenPercentOwner",0001562180-24-007170,2024-10-01,S,295.0,158.7975,508377.0,I,,,,,,
1650372,2024-10-03,TEAM,Farquhar Scott,"isDirector,isTenPercentOwner",0001562180-24-007225,2024-10-02,S,1000.0,161.3166,499724.0,I,non_derivative,Class A Common Stock,,,,
1650372,2024-10-03,TEAM,Cannon-Brookes Michael,"isDirector,isOfficer,isTenPercentOwner",0001562180-24-007226,2024-10-02,S,50.0,162.61,500674.0,I,,,,,,
1650372,2024-10-03,TEAM,Farquhar Scott,"isDirector,isTenPercentOwner",0001562180-24-007225,2024-10-02,S,1000.0,161.3166,499724.0,I,,,,,,
1650372,2024-10-03,TEAM,Cannon-Brookes Michael,"isDirector,isOfficer,isTenPercentOwner",0001562180-24-007226,2024-10-02,S,50.0,162.61,500674.0,I,non_derivative,Class A Common Stock,,,,
1650372,2024-10-04,TEAM,Cannon-Brookes Michael,"isDirector,isOfficer,isTenPercentOwner",0001562180-24-007243,2024-10-03,S,915.0,160.8546,491861.0,I,,,,,,
1650372,2024-10-04,TEAM,Farquhar Scott,"isDirector,isTenPercentOwner",0001562180-24-007244,2024-10-03,S,915.0,160.8545,491861.0,I,,,,,,
1650372,2024-10-04,TEAM,Cannon-Brookes Michael,"isDirector,isOfficer,isTenPercentOwner",0001562180-24-007243,2024-10-03,S,915.0,160.8546,491861.0,I,non_derivative,Class A Common Stock,,,,
1650372,2024-10-04,TEAM,Farquhar Scott,"isDirector,isTenPercentOwner",0001562180-24-007244,2024-10-03,S,915.0,160.8545,491861.0,I,non_derivative,Class A Common Stock,,,,
1650372,2024-10-07,TEAM,Farquhar Scott,"isDirector,isTenPercentOwner",0001562180-24-007264,2024-10-04,S,455.0,171.5252,484373.0,I,non_derivative,Class A Common Stock,,,,
1650372,2024-10-07,TEAM,Cannon-Brookes Michael,"isDirector,isOfficer,isTenPercentOwner",0001562180-24-007262,2024-10-04,S,838.0,166.2644,483990.0,I,non_derivative,Class A Common Stock,,,,
1650372,2024-10-07,TEAM,Farquhar Scott,"isDirector,isTenPercentOwner",0001562180-24-007264,2024-10-04,S,455.0,171.5252,484373.0,I,,,,,,
1650372,2024-10-07,TEAM,Cannon-Brookes Michael,"isDirector,isOfficer,isTenPercentOwner",0001562180-24-007262,2024-10-04,S,838.0,166.2644,483990.0,I,,,,,,
1650372,2024-10-08,TEAM,Cannon-Brookes Michael,"isDirector,isOfficer,isTenPercentOwner",0001562180-24-007278,2024-10-07,S,2902.0,167.7186,473978.0,I,,,,,,
1650372,2024-10-08,TEAM,Farquhar Scott,"isDirector,isTenPercentOwner",0001562180-24-007279,2024-10-07,S,557.0,170.6942,476323.0,I,non_derivative,Class A Common Stock,,,,
1650372,2024-10-08,TEAM,Farquhar Scott,"isDirector,isTenPercentOwner",0001562180-24-007279,2024-10-07,S,557.0,170.6942,476323.0,I,,,,,,
1650372,2024-10-08,TEAM,Cannon-Brookes Michael,"isDirector,isOfficer,isTenPercentOwner",0001562180-24-007278,2024-10-07,S,2902.0,167.7186,473978.0,I,non_derivative,Class A Common Stock,,,,
1650372,2024-10-09,TEAM,Cannon-Brookes Michael,"isDirector,isOfficer,isTenPercentOwner",0001562180-24-007288,2024-10-08,S,872.0,166.8385,468060.0,I,non_derivative,Class A Common Stock,,,,
1650372,2024-10-09,TEAM,Farquhar Scott,"isDirector,isTenPercentOwner",0001562180-24-007287,2024-10-08,S,250.0,169.732,468682.0,I,non_derivative,Class A Common Stock,,,,
1650372,2024-10-09,TEAM,Farquhar Scott,"isDirector,isTenPercentOwner",0001562180-24-007287,2024-10-08,S,250.0,169.732,468682.0,I,,,,,,
1650372,2024-10-09,TEAM,Cannon-Brookes Michael,"isDirector,isOfficer,isTenPercentOwner",0001562180-24-007288,2024-10-08,S,872.0,166.8385,468060.0,I,,,,,,
1650372,2024-10-10,TEAM,Farquhar Scott,"isDirector,isTenPercentOwner",0001562180-24-007295,2024-10-09,S,71.0,169.7701,460913.0,I,,,,,,
1650372,2024-10-10,TEAM,Cannon-Brookes Michael,"isDirector,isOfficer,isTenPercentOwner",0001562180-24-007296,2024-10-09,S,2224.0,177.147,458760.0,I,non_derivative,Class A Common Stock,,,,
1650372,2024-10-10,TEAM,Farquhar Scott,"isDirector,isTenPercentOwner",0001562180-24-007295,2024-10-09,S,71.0,169.7701,460913.0,I,non_derivative,Class A Common Stock,,,,
1650372,2024-10-10,TEAM,Cannon-Brookes Michael,"isDirector,isOfficer,isTenPercentOwner",0001562180-24-007296,2024-10-09,S,2224.0,177.147,458760.0,I,,,,,,
1650372,2024-10-11,TEAM,RAJAN RAJEEV BASHYAM,isOfficer,0001562180-24-007307,2024-10-11,S,5172.0,190.0,204109.0,D,non_derivative,Class A Common Stock,,,,
1650372,2024-10-11,TEAM,Farquhar Scott,"isDirector,isTenPercentOwner",0001562180-24-007299,2024-10-10,S,3968.0,183.4565,449068.0,I,non_derivative,Class A Common Stock,,,,
1650372,2024-10-11,TEAM,FERNANDEZ HEATHER MIRJAHANGIR,isDirector,0001562180-24-007306,2024-10-11,S,750.0,185.5,10110.0,D,non_derivative,Class A Common Stock,,,,
1650372,2024-10-11,TEAM,Farquhar Scott,"isDirector,isTenPercentOwner",0001562180-24-007299,2024-10-10,S,3968.0,183.4565,449068.0,I,,,,,,
1650372,2024-10-11,TEAM,Farquhar Scott,"isDirector,isTenPercentOwner",0001562180-24-007304,2024-10-11,S,2938.0,188.0351,442150.0,I,non_derivative,Class A Common Stock,,,,
1650372,2024-10-11,TEAM,Cannon-Brookes Michael,"isDirector,isOfficer,isTenPercentOwner",0001562180-24-007305,2024-10-11,S,950.0,186.0756,444138.0,I,non_derivative,Class A Common Stock,,,,
1650372,2024-10-11,TEAM,Cannon-Brookes Michael,"isDirector,isOfficer,isTenPercentOwner",0001562180-24-007300,2024-10-10,S,281.0,184.038,452755.0,I,,,,,,
1650372,2024-10-11,TEAM,Farquhar Scott,"isDirector,isTenPercentOwner",0001562180-24-007304,2024-10-11,S,2938.0,188.0351,442150.0,I,,,,,,
1650372,2024-10-11,TEAM,RAJAN RAJEEV BASHYAM,isOfficer,0001562180-24-007307,2024-10-11,S,5172.0,190.0,204109.0,D,,,,,,
1650372,2024-10-11,TEAM,Cannon-Brookes Michael,"isDirector,isOfficer,isTenPercentOwner",0001562180-24-007300,2024-10-10,S,281.0,184.038,452755.0,I,non_derivative,Class A Common Stock,,,,
1650372,2024-10-11,TEAM,Cannon-Brookes Michael,"isDirector,isOfficer,isTenPercentOwner",0001562180-24-007305,2024-10-11,S,950.0,186.0756,444138.0,I,,,,,,
1650372,2024-10-11,TEAM,FERNANDEZ HEATHER MIRJAHANGIR,isDirector,0001562180-24-007306,2024-10-11,S,750.0,185.5,10110.0,D,,,,,,
1650372,2024-10-15,TEAM,Cannon-Brookes Michael,"isDirector,isOfficer,isTenPercentOwner",0001562180-24-007318,2024-10-14,S,2364.0,194.4358,434776.0,I,non_derivative,Class A Common Stock,,,,
1650372,2024-10-15,TEAM,Farquhar Scott,"isDirector,isTenPercentOwner",0001562180-24-007317,2024-10-14,S,2364.0,194.4358,434776.0,I,non_derivative,Class A Common Stock,,,,
1650372,2024-10-15,TEAM,Farquhar Scott,"isDirector,isTenPercentOwner",0001562180-24-007317,2024-10-14,S,2364.0,194.4358,434776.0,I,,,,,,
1650372,2024-10-15,TEAM,Cannon-Brookes Michael,"isDirector,isOfficer,isTenPercentOwner",0001562180-24-007318,2024-10-14,S,2364.0,194.4358,434776.0,I,,,,,,
1650372,2024-10-16,TEAM,Farquhar Scott,"isDirector,isTenPercentOwner",0001562180-24-007351,2024-10-15,S,3133.0,190.9426,426059.0,I,,,,,,
1650372,2024-10-16,TEAM,Farquhar Scott,"isDirector,isTenPercentOwner",0001562180-24-007351,2024-10-15,S,3133.0,190.9426,426059.0,I,non_derivative,Class A Common Stock,,,,
1650372,2024-10-16,TEAM,Cannon-Brookes Michael,"isDirector,isOfficer,isTenPercentOwner",0001562180-24-007352,2024-10-15,S,50.0,195.18,429142.0,I,,,,,,
1650372,2024-10-16,TEAM,Cannon-Brookes Michael,"isDirector,isOfficer,isTenPercentOwner",0001562180-24-007352,2024-10-15,S,50.0,195.18,429142.0,I,non_derivative,Class A Common Stock,,,,
1650372,2024-10-17,TEAM,Farquhar Scott,"isDirector,isTenPercentOwner",0001562180-24-007367,2024-10-16,S,650.0,191.595,420594.0,I,non_derivative,Class A Common Stock,,,,
1650372,2024-10-17,TEAM,Cannon-Brookes Michael,"isDirector,isOfficer,isTenPercentOwner",0001562180-24-007366,2024-10-16,S,650.0,191.595,420594.0,I,non_derivative,Class A Common Stock,,,,
1650372,2024-10-17,TEAM,Cannon-Brookes Michael,"isDirector,isOfficer,isTenPercentOwner",0001562180-24-007366,2024-10-16,S,650.0,191.595,420594.0,I,,,,,,
1650372,2024-10-17,TEAM,Farquhar Scott,"isDirector,isTenPercentOwner",0001562180-24-007367,2024-10-16,S,650.0,191.595,420594.0,I,,,,,,
1650372,2024-10-18,TEAM,Cannon-Brookes Michael,"isDirector,isOfficer,isTenPercentOwner",0001562180-24-007379,2024-10-17,S,1.0,191.92,413295.0,I,non_derivative,Class A Common Stock,,,,
1650372,2024-10-18,TEAM,Farquhar Scott,"isDirector,isTenPercentOwner",0001562180-24-007378,2024-10-17,S,1953.0,186.8966,411343.0,I,,,,,,
1650372,2024-10-18,TEAM,Cannon-Brookes Michael,"isDirector,isOfficer,isTenPercentOwner",0001562180-24-007379,2024-10-17,S,1.0,191.92,413295.0,I,,,,,,
1650372,2024-10-18,TEAM,Farquhar Scott,"isDirector,isTenPercentOwner",0001562180-24-007378,2024-10-17,S,1953.0,186.8966,411343.0,I,non_derivative,Class A Common Stock,,,,
1650372,2024-10-21,TEAM,Cannon-Brookes Michael,"isDirector,isOfficer,isTenPercentOwner",0001562180-24-007409,2024-10-18,S,4303.0,192.0205,401045.0,I,non_derivative,Class A Common Stock,,,,
1650372,2024-10-21,TEAM,Cannon-Brookes Michael,"isDirector,isOfficer,isTenPercentOwner",0001562180-24-007409,2024-10-18,S,4303.0,192.0205,401045.0,I,,,,,,
1650372,2024-10-21,TEAM,Farquhar Scott,"isDirector,isTenPercentOwner",0001562180-24-007408,2024-10-18,S,4302.0,192.0206,401046.0,I,non_derivative,Class A Common Stock,,,,
1650372,2024-10-21,TEAM,Farquhar Scott,"isDirector,isTenPercentOwner",0001562180-24-007408,2024-10-18,S,4302.0,192.0206,401046.0,I,,,,,,
1650372,2024-10-21,TEAM,BHARADWAJ ANUTTHARA,isOfficer,0001562180-24-007410,2024-10-18,S,760.0,188.79,228996.0,D,non_derivative,Class A Common Stock,,,,
1650372,2024-10-21,TEAM,BHARADWAJ ANUTTHARA,isOfficer,0001562180-24-007410,2024-10-18,S,760.0,188.79,228996.0,D,,,,,,
1650372,2024-10-22,TEAM,Cannon-Brookes Michael,"isDirector,isOfficer,isTenPercentOwner",0001562180-24-007418,2024-10-21,S,350.0,190.4526,397050.0,I,,,,,,
1650372,2024-10-22,TEAM,Farquhar Scott,"isDirector,isTenPercentOwner",0001562180-24-007417,2024-10-21,S,350.0,190.4526,397050.0,I,non_derivative,Class A Common Stock,,,,
1650372,2024-10-22,TEAM,Farquhar Scott,"isDirector,isTenPercentOwner",0001562180-24-007417,2024-10-21,S,350.0,190.4526,397050.0,I,,,,,,
1650372,2024-10-22,TEAM,Cannon-Brookes Michael,"isDirector,isOfficer,isTenPercentOwner",0001562180-24-007418,2024-10-21,S,350.0,190.4526,397050.0,I,non_derivative,Class A Common Stock,,,,
1650372,2024-10-23,TEAM,Farquhar Scott,"isDirector,isTenPercentOwner",0001562180-24-007436,2024-10-22,S,200.0,195.58,389252.0,I,,,,,,
1650372,2024-10-23,TEAM,Farquhar Scott,"isDirector,isTenPercentOwner",0001562180-24-007436,2024-10-22,S,200.0,195.58,389252.0,I,non_derivative,Class A Common Stock,,,,
1650372,2024-10-23,TEAM,Cannon-Brookes Michael,"isDirector,isOfficer,isTenPercentOwner",0001562180-24-007437,2024-10-22,S,200.0,195.58,389252.0,I,,,,,,
1650372,2024-10-23,TEAM,Cannon-Brookes Michael,"isDirector,isOfficer,isTenPercentOwner",0001562180-24-007437,2024-10-22,S,200.0,195.58,389252.0,I,non_derivative,Class A Common Stock,,,,
1650372,2024-10-24,TEAM,Cannon-Brookes Michael,"isDirector,isOfficer,isTenPercentOwner",0001562180-24-007441,2024-10-23,S,3833.0,188.5103,377671.0,I,non_derivative,Class A Common Stock,,,,
1650372,2024-10-24,TEAM,Farquhar Scott,"isDirector,isTenPercentOwner",0001562180-24-007440,2024-10-23,S,3833.0,188.5102,377671.0,I,,,,,,
1650372,2024-10-24,TEAM,Cannon-Brookes Michael,"isDirector,isOfficer,isTenPercentOwner",0001562180-24-007441,2024-10-23,S,3833.0,188.5103,377671.0,I,,,,,,
1650372,2024-10-24,TEAM,Farquhar Scott,"isDirector,isTenPercentOwner",0001562180-24-007440,2024-10-23,S,3833.0,188.5102,377671.0,I,non_derivative,Class A Common Stock,,,,
1650372,2024-10-25,TEAM,Farquhar Scott,"isDirector,isTenPercentOwner",0001562180-24-007447,2024-10-24,S,308.0,191.3267,373248.0,I,non_derivative,Class A Common Stock,,,,
1650372,2024-10-25,TEAM,Cannon-Brookes Michael,"isDirector,isOfficer,isTenPercentOwner",0001562180-24-007448,2024-10-24,S,4648.0,189.6405,368908.0,I,non_derivative,Class A Common Stock,,,,
1650372,2024-10-25,TEAM,Cannon-Brookes Michael,"isDirector,isOfficer,isTenPercentOwner",0001562180-24-007448,2024-10-24,S,4648.0,189.6405,368908.0,I,,,,,,
1650372,2024-10-25,TEAM,Farquhar Scott,"isDirector,isTenPercentOwner",0001562180-24-007447,2024-10-24,S,308.0,191.3267,373248.0,I,,,,,,
1650372,2024-10-28,TEAM,Farquhar Scott,"isDirector,isTenPercentOwner",0001562180-24-007449,2024-10-25,S,50.0,192.96,365558.0,I,non_derivative,Class A Common Stock,,,,
1650372,2024-10-28,TEAM,Cannon-Brookes Michael,"isDirector,isOfficer,isTenPercentOwner",0001562180-24-007450,2024-10-25,S,2817.0,189.8714,362791.0,I,,,,,,
1650372,2024-10-28,TEAM,Farquhar Scott,"isDirector,isTenPercentOwner",0001562180-24-007449,2024-10-25,S,50.0,192.96,365558.0,I,,,,,,
1650372,2024-10-28,TEAM,Cannon-Brookes Michael,"isDirector,isOfficer,isTenPercentOwner",0001562180-24-007450,2024-10-25,S,2817.0,189.8714,362791.0,I,non_derivative,Class A Common Stock,,,,
1650372,2024-10-29,TEAM,Farquhar Scott,"isDirector,isTenPercentOwner",0001562180-24-007455,2024-10-28,S,6339.0,188.4853,351321.0,I,non_derivative,Class A Common Stock,,,,
1650372,2024-10-29,TEAM,Cannon-Brookes Michael,"isDirector,isOfficer,isTenPercentOwner",0001562180-24-007464,2024-10-28,S,1609.0,189.2368,356051.0,I,non_derivative,Class A Common Stock,,,,
1650372,2024-10-29,TEAM,Cannon-Brookes Michael,"isDirector,isOfficer,isTenPercentOwner",0001562180-24-007464,2024-10-28,S,1609.0,189.2368,356051.0,I,,,,,,
1650372,2024-10-29,TEAM,Farquhar Scott,"isDirector,isTenPercentOwner",0001562180-24-007455,2024-10-28,S,6339.0,188.4853,351321.0,I,,,,,,
1650372,2024-10-30,TEAM,Cannon-Brookes Michael,"isDirector,isOfficer,isTenPercentOwner",0001562180-24-007474,2024-10-29,S,100.0,189.65,349612.0,I,,,,,,
1650372,2024-10-30,TEAM,Farquhar Scott,"isDirector,isTenPercentOwner",0001562180-24-007473,2024-10-29,S,947.0,190.8814,348765.0,I,,,,,,
1650372,2024-10-30,TEAM,Farquhar Scott,"isDirector,isTenPercentOwner",0001562180-24-007473,2024-10-29,S,947.0,190.8814,348765.0,I,non_derivative,Class A Common Stock,,,,
1650372,2024-10-30,TEAM,Cannon-Brookes Michael,"isDirector,isOfficer,isTenPercentOwner",0001562180-24-007474,2024-10-29,S,100.0,189.65,349612.0,I,non_derivative,Class A Common Stock,,,,
1650372,2024-10-31,TEAM,Cannon-Brookes Michael,"isDirector,isOfficer,isTenPercentOwner",0001562180-24-007480,2024-10-30,S,1700.0,193.7344,340064.0,I,,,,,,
1650372,2024-10-31,TEAM,Farquhar Scott,"isDirector,isTenPercentOwner",0001562180-24-007479,2024-10-30,S,1700.0,193.7344,340064.0,I,,,,,,
1650372,2024-10-31,TEAM,Farquhar Scott,"isDirector,isTenPercentOwner",0001562180-24-007479,2024-10-30,S,1700.0,193.7344,340064.0,I,non_derivative,Class A Common Stock,,,,
1650372,2024-10-31,TEAM,Cannon-Brookes Michael,"isDirector,isOfficer,isTenPercentOwner",0001562180-24-007480,2024-10-30,S,1700.0,193.7344,340064.0,I,non_derivative,Class A Common Stock,,,,
1650372,2024-11-01,TEAM,Farquhar Scott,"isDirector,isTenPercentOwner",0001562180-24-007491,2024-10-31,S,2374.0,188.8455,331442.0,I,,,,,,
1650372,2024-11-01,TEAM,Farquhar Scott,"isDirector,isTenPercentOwner",0001562180-24-007491,2024-10-31,S,2374.0,188.8455,331442.0,I,non_derivative,Class A Common Stock,,,,
1650372,2024-11-01,TEAM,Cannon-Brookes Michael,"isDirector,isOfficer,isTenPercentOwner",0001562180-24-007492,2024-10-31,S,2373.0,188.8456,331443.0,I,non_derivative,Class A Common Stock,,,,
1650372,2024-11-01,TEAM,Cannon-Brookes Michael,"isDirector,isOfficer,isTenPercentOwner",0001562180-24-007492,2024-10-31,S,2373.0,188.8456,331443.0,I,,,,,,
1650372,2024-11-04,TEAM,BHARADWAJ ANUTTHARA,isOfficer,0001562180-24-007514,2024-11-01,S,4560.0,225.45,224436.0,D,,,,,,
1650372,2024-11-04,TEAM,LIU GENE,isOfficer,0001562180-24-007512,2024-11-01,S,1024.0,225.45,59168.0,D,,,,,,
1650372,2024-11-04,TEAM,FERNANDEZ HEATHER MIRJAHANGIR,isDirector,0001562180-24-007513,2024-11-01,S,1500.0,225.45,8610.0,D,non_derivative,Class A Common Stock,,,,
1650372,2024-11-04,TEAM,LIU GENE,isOfficer,0001562180-24-007512,2024-11-01,S,1024.0,225.45,59168.0,D,non_derivative,Class A Common Stock,,,,
1650372,2024-11-04,TEAM,Cannon-Brookes Michael,"isDirector,isOfficer,isTenPercentOwner",0001562180-24-007510,2024-11-01,S,150.0,219.2667,325718.0,I,non_derivative,Class A Common Stock,,,,
1650372,2024-11-04,TEAM,BHARADWAJ ANUTTHARA,isOfficer,0001562180-24-007514,2024-11-01,S,4560.0,225.45,224436.0,D,non_derivative,Class A Common Stock,,,,
1650372,2024-11-04,TEAM,Farquhar Scott,"isDirector,isTenPercentOwner",0001562180-24-007511,2024-11-01,S,300.0,223.0387,325568.0,I,non_derivative,Class A Common Stock,,,,
1650372,2024-11-04,TEAM,Cannon-Brookes Michael,"isDirector,isOfficer,isTenPercentOwner",0001562180-24-007510,2024-11-01,S,150.0,219.2667,325718.0,I,,,,,,
1650372,2024-11-04,TEAM,Farquhar Scott,"isDirector,isTenPercentOwner",0001562180-24-007511,2024-11-01,S,300.0,223.0387,325568.0,I,,,,,,
1650372,2024-11-04,TEAM,FERNANDEZ HEATHER MIRJAHANGIR,isDirector,0001562180-24-007513,2024-11-01,S,1500.0,225.45,8610.0,D,,,,,,
1650372,2024-11-05,TEAM,Farquhar Scott,"isDirector,isTenPercentOwner",0001562180-24-007547,2024-11-04,S,400.0,217.6425,317520.0,I,,,,,,
1650372,2024-11-05,TEAM,Farquhar Scott,"isDirector,isTenPercentOwner",0001562180-24-007547,2024-11-04,S,400.0,217.6425,317520.0,I,non_derivative,Class A Common Stock,,,,
1650372,2024-11-05,TEAM,Cannon-Brookes Michael,"isDirector,isOfficer,isTenPercentOwner",0001562180-24-007546,2024-11-04,S,2731.0,219.4549,315189.0,I,,,,,,
1650372,2024-11-05,TEAM,Cannon-Brookes Michael,"isDirector,isOfficer,isTenPercentOwner",0001562180-24-007546,2024-11-04,S,2731.0,219.4549,315189.0,I,non_derivative,Class A Common Stock,,,,
1650372,2024-11-06,TEAM,Cannon-Brookes Michael,"isDirector,isOfficer,isTenPercentOwner",0001562180-24-007555,2024-11-05,S,655.0,215.7355,309317.0,I,non_derivative,Class A Common Stock,,,,
1650372,2024-11-06,TEAM,Farquhar Scott,"isDirector,isTenPercentOwner",0001562180-24-007554,2024-11-05,S,1250.0,216.862,308722.0,I,non_derivative,Class A Common Stock,,,,
1650372,2024-11-06,TEAM,Farquhar Scott,"isDirector,isTenPercentOwner",0001562180-24-007554,2024-11-05,S,1250.0,216.862,308722.0,I,,,,,,
1650372,2024-11-06,TEAM,Cannon-Brookes Michael,"isDirector,isOfficer,isTenPercentOwner",0001562180-24-007555,2024-11-05,S,655.0,215.7355,309317.0,I,,,,,,
1650372,2024-11-07,TEAM,Cannon-Brookes Michael,"isDirector,isOfficer,isTenPercentOwner",0001562180-24-007582,2024-11-06,S,1869.0,225.2088,300155.0,I,non_derivative,Class A Common Stock,,,,
1650372,2024-11-07,TEAM,Cannon-Brookes Michael,"isDirector,isOfficer,isTenPercentOwner",0001562180-24-007582,2024-11-06,S,1869.0,225.2088,300155.0,I,,,,,,
1650372,2024-11-07,TEAM,Farquhar Scott,"isDirector,isTenPercentOwner",0001562180-24-007589,2024-11-06,S,632.0,226.6631,301392.0,I,,,,,,
1650372,2024-11-07,TEAM,Farquhar Scott,"isDirector,isTenPercentOwner",0001562180-24-007589,2024-11-06,S,632.0,226.6631,301392.0,I,non_derivative,Class A Common Stock,,,,
1650372,2024-11-08,TEAM,Farquhar Scott,"isDirector,isTenPercentOwner",0001562180-24-007625,2024-11-08,S,3500.0,237.2737,282628.0,I,,,,,,
1650372,2024-11-08,TEAM,Cannon-Brookes Michael,"isDirector,isOfficer,isTenPercentOwner",0001562180-24-007610,2024-11-07,S,269.0,230.0637,293807.0,I,non_derivative,Class A Common Stock,,,,
1650372,2024-11-08,TEAM,Farquhar Scott,"isDirector,isTenPercentOwner",0001562180-24-007625,2024-11-08,S,3500.0,237.2737,282628.0,I,non_derivative,Class A Common Stock,,,,
1650372,2024-11-08,TEAM,Cannon-Brookes Michael,"isDirector,isOfficer,isTenPercentOwner",0001562180-24-007624,2024-11-08,S,150.0,232.9567,285978.0,I,,,,,,
1650372,2024-11-08,TEAM,Cannon-Brookes Michael,"isDirector,isOfficer,isTenPercentOwner",0001562180-24-007610,2024-11-07,S,269.0,230.0637,293807.0,I,,,,,,
1650372,2024-11-08,TEAM,LIU GENE,isOfficer,0001562180-24-007612,2024-11-07,S,445.0,230.0,58723.0,D,,,,,,
1650372,2024-11-08,TEAM,Farquhar Scott,"isDirector,isTenPercentOwner",0001562180-24-007611,2024-11-07,S,800.0,231.1077,293276.0,I,,,,,,
1650372,2024-11-08,TEAM,Cannon-Brookes Michael,"isDirector,isOfficer,isTenPercentOwner",0001562180-24-007624,2024-11-08,S,150.0,232.9567,285978.0,I,non_derivative,Class A Common Stock,,,,
1650372,2024-11-08,TEAM,LIU GENE,isOfficer,0001562180-24-007612,2024-11-07,S,445.0,230.0,58723.0,D,non_derivative,Class A Common Stock,,,,
1650372,2024-11-08,TEAM,Farquhar Scott,"isDirector,isTenPercentOwner",0001562180-24-007611,2024-11-07,S,800.0,231.1077,293276.0,I,non_derivative,Class A Common Stock,,,,
1650372,2024-11-12,TEAM,Farquhar Scott,"isDirector,isTenPercentOwner",0001562180-24-007649,2024-11-11,S,2773.0,246.179,275407.0,I,non_derivative,Class A Common Stock,,,,
1650372,2024-11-12,TEAM,LIU GENE,isOfficer,0001562180-24-007650,2024-11-11,S,785.0,240.0,57938.0,D,non_derivative,Class A Common Stock,,,,
1650372,2024-11-12,TEAM,LIU GENE,isOfficer,0001562180-24-007650,2024-11-11,S,785.0,240.0,57938.0,D,,,,,,
1650372,2024-11-12,TEAM,Cannon-Brookes Michael,"isDirector,isOfficer,isTenPercentOwner",0001562180-24-007645,2024-11-11,S,300.0,242.1067,277880.0,I,,,,,,
1650372,2024-11-12,TEAM,Farquhar Scott,"isDirector,isTenPercentOwner",0001562180-24-007649,2024-11-11,S,2773.0,246.179,275407.0,I,,,,,,
1650372,2024-11-12,TEAM,Cannon-Brookes Michael,"isDirector,isOfficer,isTenPercentOwner",0001562180-24-007645,2024-11-11,S,300.0,242.1067,277880.0,I,non_derivative,Class A Common Stock,,,,
1650372,2024-11-13,TEAM,Cannon-Brookes Michael,"isDirector,isOfficer,isTenPercentOwner",0001562180-24-007675,2024-11-12,S,690.0,246.3379,269542.0,I,non_derivative,Class A Common Stock,,,,
1650372,2024-11-13,TEAM,Farquhar Scott,"isDirector,isTenPercentOwner",0001562180-24-007674,2024-11-12,S,393.0,243.5243,269839.0,I,non_derivative,Class A Common Stock,,,,
1650372,2024-11-13,TEAM,Farquhar Scott,"isDirector,isTenPercentOwner",0001562180-24-007674,2024-11-12,S,393.0,243.5243,269839.0,I,,,,,,
1650372,2024-11-13,TEAM,Cannon-Brookes Michael,"isDirector,isOfficer,isTenPercentOwner",0001562180-24-007675,2024-11-12,S,690.0,246.3379,269542.0,I,,,,,,
1650372,2024-11-14,TEAM,Cannon-Brookes Michael,"isDirector,isOfficer,isTenPercentOwner",0001562180-24-007688,2024-11-13,S,200.0,249.0225,262084.0,I,non_derivative,Class A Common Stock,,,,
1650372,2024-11-14,TEAM,LIU GENE,isOfficer,0001562180-24-007687,2024-11-13,S,654.0,250.0,57284.0,D,non_derivative,Class A Common Stock,,,,
1650372,2024-11-14,TEAM,Farquhar Scott,"isDirector,isTenPercentOwner",0001562180-24-007689,2024-11-13,S,1397.0,251.5035,260887.0,I,non_derivative,Class A Common Stock,,,,
1650372,2024-11-14,TEAM,Farquhar Scott,"isDirector,isTenPercentOwner",0001562180-24-007689,2024-11-13,S,1397.0,251.5035,260887.0,I,,,,,,
1650372,2024-11-14,TEAM,Cannon-Brookes Michael,"isDirector,isOfficer,isTenPercentOwner",0001562180-24-007688,2024-11-13,S,200.0,249.0225,262084.0,I,,,,,,
1650372,2024-11-14,TEAM,LIU GENE,isOfficer,0001562180-24-007687,2024-11-13,S,654.0,250.0,57284.0,D,,,,,,
1650372,2024-11-15,TEAM,Cannon-Brookes Michael,"isDirector,isOfficer,isTenPercentOwner",0001562180-24-007724,2024-11-14,S,250.0,255.63,254086.0,I,non_derivative,Class A Common Stock,,,,
1650372,2024-11-15,TEAM,LIU GENE,isOfficer,0001562180-24-007727,2024-11-14,S,1.0,256.1765,57283.0,D,non_derivative,Class A Common Stock,,,,
1650372,2024-11-15,TEAM,BINZ JOSEPH LEO,isOfficer,0001562180-24-007728,2024-11-14,S,906.0,251.3914,175722.0,D,non_derivative,Class A Common Stock,,,,
1650372,2024-11-15,TEAM,Cannon-Brookes Michael,"isDirector,isOfficer,isTenPercentOwner",0001562180-24-007724,2024-11-14,S,250.0,255.63,254086.0,I,,,,,,
1650372,2024-11-15,TEAM,RAJAN RAJEEV BASHYAM,isOfficer,0001562180-24-007726,2024-11-14,S,542.0,249.8776,203567.0,D,non_derivative,Class A Common Stock,,,,
1650372,2024-11-15,TEAM,Farquhar Scott,"isDirector,isTenPercentOwner",0001562180-24-007725,2024-11-14,S,635.0,254.7455,253701.0,I,non_derivative,Class A Common Stock,,,,
1650372,2024-11-15,TEAM,BINZ JOSEPH LEO,isOfficer,0001562180-24-007728,2024-11-14,S,906.0,251.3914,175722.0,D,,,,,,
1650372,2024-11-15,TEAM,BHARADWAJ ANUTTHARA,isOfficer,0001562180-24-007729,2024-11-14,S,17.0,256.1765,224419.0,D,,,,,,
1650372,2024-11-15,TEAM,BHARADWAJ ANUTTHARA,isOfficer,0001562180-24-007729,2024-11-14,S,17.0,256.1765,224419.0,D,non_derivative,Class A Common Stock,,,,
1650372,2024-11-15,TEAM,LIU GENE,isOfficer,0001562180-24-007727,2024-11-14,S,1.0,256.1765,57283.0,D,,,,,,
1650372,2024-11-15,TEAM,RAJAN RAJEEV BASHYAM,isOfficer,0001562180-24-007726,2024-11-14,S,542.0,249.8776,203567.0,D,,,,,,
1650372,2024-11-15,TEAM,Farquhar Scott,"isDirector,isTenPercentOwner",0001562180-24-007725,2024-11-14,S,635.0,254.7455,253701.0,I,,,,,,
1650372,2024-11-18,TEAM,Farquhar Scott,"isDirector,isTenPercentOwner",0001562180-24-007744,2024-11-15,S,1241.0,241.0334,245147.0,I,,,,,,
1650372,2024-11-18,TEAM,BHARADWAJ ANUTTHARA,isOfficer,0001562180-24-007745,2024-11-15,S,1520.0,244.73,215170.0,D,non_derivative,Class A Common Stock,,,,
1650372,2024-11-18,TEAM,BHARADWAJ ANUTTHARA,isOfficer,0001562180-24-007745,2024-11-15,S,1520.0,244.73,215170.0,D,,,,,,
1650372,2024-11-18,TEAM,Cannon-Brookes Michael,"isDirector,isOfficer,isTenPercentOwner",0001562180-24-007743,2024-11-15,S,472.0,242.1978,245916.0,I,non_derivative,Class A Common Stock,,,,
1650372,2024-11-18,TEAM,Farquhar Scott,"isDirector,isTenPercentOwner",0001562180-24-007744,2024-11-15,S,1241.0,241.0334,245147.0,I,non_derivative,Class A Common Stock,,,,
1650372,2024-11-18,TEAM,Cannon-Brookes Michael,"isDirector,isOfficer,isTenPercentOwner",0001562180-24-007743,2024-11-15,S,472.0,242.1978,245916.0,I,,,,,,
1650372,2024-11-19,TEAM,RAJAN RAJEEV BASHYAM,isOfficer,0001562180-24-007793,2024-11-18,S,1295.0,239.3,199272.0,D,non_derivative,Class A Common Stock,,,,
1650372,2024-11-19,TEAM,Cannon-Brookes Michael,"isDirector,isOfficer,isTenPercentOwner",0001562180-24-007792,2024-11-18,S,992.0,239.8693,237448.0,I,,,,,,
1650372,2024-11-19,TEAM,Farquhar Scott,"isDirector,isTenPercentOwner",0001562180-24-007791,2024-11-18,S,992.0,239.8693,237448.0,I,non_derivative,Class A Common Stock,,,,
1650372,2024-11-19,TEAM,RAJAN RAJEEV BASHYAM,isOfficer,0001562180-24-007793,2024-11-18,S,1295.0,239.3,199272.0,D,,,,,,
1650372,2024-11-19,TEAM,Farquhar Scott,"isDirector,isTenPercentOwner",0001562180-24-007791,2024-11-18,S,992.0,239.8693,237448.0,I,,,,,,
1650372,2024-11-19,TEAM,Cannon-Brookes Michael,"isDirector,isOfficer,isTenPercentOwner",0001562180-24-007792,2024-11-18,S,992.0,239.8693,237448.0,I,non_derivative,Class A Common Stock,,,,
1650372,2024-11-20,TEAM,Farquhar Scott,"isDirector,isTenPercentOwner",0001562180-24-007852,2024-11-19,S,100.0,238.76,230392.0,I,non_derivative,Class A Common Stock,,,,
1650372,2024-11-20,TEAM,RAJAN RAJEEV BASHYAM,isOfficer,0001562180-24-007857,2024-11-19,S,6.0,235.7832,199266.0,D,non_derivative,Class A Common Stock,,,,
1650372,2024-11-20,TEAM,Cannon-Brookes Michael,"isDirector,isOfficer,isTenPercentOwner",0001562180-24-007853,2024-11-19,S,152.0,240.4112,230340.0,I,non_derivative,Class A Common Stock,,,,
1650372,2024-11-20,TEAM,BHARADWAJ ANUTTHARA,isOfficer,0001562180-24-007854,2024-11-19,S,342.0,245.7457,214828.0,D,non_derivative,Class A Common Stock,,,,
1650372,2024-11-20,TEAM,BINZ JOSEPH LEO,isOfficer,0001562180-24-007855,2024-11-19,S,24.0,238.3821,173579.0,D,non_derivative,Class A Common Stock,,,,
1650372,2024-11-20,TEAM,LIU GENE,isOfficer,0001562180-24-007856,2024-11-19,S,1.0,236.9812,56587.0,D,non_derivative,Class A Common Stock,,,,
1650372,2024-11-20,TEAM,BHARADWAJ ANUTTHARA,isOfficer,0001562180-24-007854,2024-11-19,S,342.0,245.7457,214828.0,D,,,,,,
1650372,2024-11-20,TEAM,Farquhar Scott,"isDirector,isTenPercentOwner",0001562180-24-007852,2024-11-19,S,100.0,238.76,230392.0,I,,,,,,
1650372,2024-11-20,TEAM,Cannon-Brookes Michael,"isDirector,isOfficer,isTenPercentOwner",0001562180-24-007853,2024-11-19,S,152.0,240.4112,230340.0,I,,,,,,
1650372,2024-11-20,TEAM,RAJAN RAJEEV BASHYAM,isOfficer,0001562180-24-007857,2024-11-19,S,6.0,235.7832,199266.0,D,,,,,,
1650372,2024-11-20,TEAM,BINZ JOSEPH LEO,isOfficer,0001562180-24-007855,2024-11-19,S,24.0,238.3821,173579.0,D,,,,,,
1650372,2024-11-20,TEAM,LIU GENE,isOfficer,0001562180-24-007856,2024-11-19,S,1.0,236.9812,56587.0,D,,,,,,
1650372,2024-11-21,TEAM,Cannon-Brookes Michael,"isDirector,isOfficer,isTenPercentOwner",0001562180-24-007860,2024-11-20,S,500.0,247.058,222044.0,I,,,,,,
1650372,2024-11-21,TEAM,Farquhar Scott,"isDirector,isTenPercentOwner",0001562180-24-007861,2024-11-20,S,2189.0,245.3108,220355.0,I,non_derivative,Class A Common Stock,,,,
1650372,2024-11-21,TEAM,Cannon-Brookes Michael,"isDirector,isOfficer,isTenPercentOwner",0001562180-24-007860,2024-11-20,S,500.0,247.058,222044.0,I,non_derivative,Class A Common Stock,,,,
1650372,2024-11-21,TEAM,Farquhar Scott,"isDirector,isTenPercentOwner",0001562180-24-007861,2024-11-20,S,2189.0,245.3108,220355.0,I,,,,,,
1650372,2024-11-22,TEAM,Cannon-Brookes Michael,"isDirector,isOfficer,isTenPercentOwner",0001562180-24-007880,2024-11-21,S,300.0,250.5296,214296.0,I,,,,,,
1650372,2024-11-22,TEAM,Farquhar Scott,"isDirector,isTenPercentOwner",0001562180-24-007879,2024-11-21,S,569.0,249.5335,214027.0,I,,,,,,
1650372,2024-11-22,TEAM,Farquhar Scott,"isDirector,isTenPercentOwner",0001562180-24-007879,2024-11-21,S,569.0,249.5335,214027.0,I,non_derivative,Class A Common Stock,,,,
1650372,2024-11-22,TEAM,RAJAN RAJEEV BASHYAM,isOfficer,0001562180-24-007881,2024-11-21,S,200.0,248.4,196074.0,D,non_derivative,Class A Common Stock,,,,
1650372,2024-11-22,TEAM,Cannon-Brookes Michael,"isDirector,isOfficer,isTenPercentOwner",0001562180-24-007880,2024-11-21,S,300.0,250.5296,214296.0,I,non_derivative,Class A Common Stock,,,,
1650372,2024-11-22,TEAM,RAJAN RAJEEV BASHYAM,isOfficer,0001562180-24-007881,2024-11-21,S,200.0,248.4,196074.0,D,,,,,,
1650372,2024-11-25,TEAM,Farquhar Scott,"isDirector,isTenPercentOwner",0001562180-24-007936,2024-11-22,S,551.0,257.2613,206097.0,I,non_derivative,Class A Common Stock,,,,
1650372,2024-11-25,TEAM,Farquhar Scott,"isDirector,isTenPercentOwner",0001562180-24-007936,2024-11-22,S,551.0,257.2613,206097.0,I,,,,,,
1650372,2024-11-25,TEAM,LIU GENE,isOfficer,0001562180-24-007938,2024-11-22,S,2934.0,260.0,53489.0,D,,,,,,
1650372,2024-11-25,TEAM,Cannon-Brookes Michael,"isDirector,isOfficer,isTenPercentOwner",0001562180-24-007937,2024-11-22,S,507.0,259.3883,206141.0,I,,,,,,
1650372,2024-11-25,TEAM,Cannon-Brookes Michael,"isDirector,isOfficer,isTenPercentOwner",0001562180-24-007937,2024-11-22,S,507.0,259.3883,206141.0,I,non_derivative,Class A Common Stock,,,,
1650372,2024-11-25,TEAM,LIU GENE,isOfficer,0001562180-24-007938,2024-11-22,S,2934.0,260.0,53489.0,D,non_derivative,Class A Common Stock,,,,
1650372,2024-11-26,TEAM,Cannon-Brookes Michael,"isDirector,isOfficer,isTenPercentOwner",0001562180-24-007988,2024-11-25,S,1000.0,263.044,197700.0,I,non_derivative,Class A Common Stock,,,,
1650372,2024-11-26,TEAM,Farquhar Scott,"isDirector,isTenPercentOwner",0001562180-24-007992,2024-11-25,S,750.0,264.2456,197950.0,I,non_derivative,Class A Common Stock,,,,
1650372,2024-11-26,TEAM,Cannon-Brookes Michael,"isDirector,isOfficer,isTenPercentOwner",0001562180-24-007988,2024-11-25,S,1000.0,263.044,197700.0,I,,,,,,
1650372,2024-11-26,TEAM,Farquhar Scott,"isDirector,isTenPercentOwner",0001562180-24-007992,2024-11-25,S,750.0,264.2456,197950.0,I,,,,,,
1650372,2024-11-27,TEAM,Cannon-Brookes Michael,"isDirector,isOfficer,isTenPercentOwner",0001562180-24-008022,2024-11-27,S,1000.0,260.8067,181804.0,I,non_derivative,Class A Common Stock,,,,
1650372,2024-11-27,TEAM,Cannon-Brookes Michael,"isDirector,isOfficer,isTenPercentOwner",0001562180-24-008019,2024-11-26,S,4605.0,262.1411,186147.0,I,non_derivative,Class A Common Stock,,,,
1650372,2024-11-27,TEAM,Farquhar Scott,"isDirector,isTenPercentOwner",0001562180-24-008021,2024-11-27,S,50.0,263.5,182754.0,I,non_derivative,Class A Common Stock,,,,
1650372,2024-11-27,TEAM,Farquhar Scott,"isDirector,isTenPercentOwner",0001562180-24-008018,2024-11-26,S,980.0,261.2525,189772.0,I,non_derivative,Class A Common Stock,,,,
1650372,2024-11-27,TEAM,Cannon-Brookes Michael,"isDirector,isOfficer,isTenPercentOwner",0001562180-24-008022,2024-11-27,S,1000.0,260.8067,181804.0,I,,,,,,
1650372,2024-11-27,TEAM,Cannon-Brookes Michael,"isDirector,isOfficer,isTenPercentOwner",0001562180-24-008019,2024-11-26,S,4605.0,262.1411,186147.0,I,,,,,,
1650372,2024-11-27,TEAM,Farquhar Scott,"isDirector,isTenPercentOwner",0001562180-24-008021,2024-11-27,S,50.0,263.5,182754.0,I,,,,,,
1650372,2024-11-27,TEAM,Farquhar Scott,"isDirector,isTenPercentOwner",0001562180-24-008018,2024-11-26,S,980.0,261.2525,189772.0,I,,,,,,
1650372,2024-12-02,TEAM,Cannon-Brookes Michael,"isDirector,isOfficer,isTenPercentOwner",0001562180-24-008059,2024-11-29,S,1048.0,263.0613,173808.0,I,,,,,,
1650372,2024-12-02,TEAM,Cannon-Brookes Michael,"isDirector,isOfficer,isTenPercentOwner",0001562180-24-008059,2024-11-29,S,1048.0,263.0613,173808.0,I,non_derivative,Class A Common Stock,,,,
1650372,2024-12-02,TEAM,Farquhar Scott,"isDirector,isTenPercentOwner",0001562180-24-008052,2024-11-29,S,2717.0,264.9878,172139.0,I,non_derivative,Class A Common Stock,,,,
1650372,2024-12-02,TEAM,Farquhar Scott,"isDirector,isTenPercentOwner",0001562180-24-008052,2024-11-29,S,2717.0,264.9878,172139.0,I,,,,,,
1650372,2024-12-03,TEAM,Farquhar Scott,"isDirector,isTenPercentOwner",0001562180-24-008106,2024-12-02,S,50.0,263.52,166858.0,I,,,,,,
1650372,2024-12-03,TEAM,Cannon-Brookes Michael,"isDirector,isOfficer,isTenPercentOwner",0001562180-24-008105,2024-12-02,S,965.0,266.9252,165943.0,I,non_derivative,Class A Common Stock,,,,
1650372,2024-12-03,TEAM,Cannon-Brookes Michael,"isDirector,isOfficer,isTenPercentOwner",0001562180-24-008105,2024-12-02,S,965.0,266.9252,165943.0,I,,,,,,
1650372,2024-12-03,TEAM,Farquhar Scott,"isDirector,isTenPercentOwner",0001562180-24-008106,2024-12-02,S,50.0,263.52,166858.0,I,non_derivative,Class A Common Stock,,,,
1650372,2024-12-04,TEAM,Cannon-Brookes Michael,"isDirector,isOfficer,isTenPercentOwner",0001562180-24-008146,2024-12-03,S,5052.0,267.8627,153908.0,I,,,,,,
1650372,2024-12-04,TEAM,Cannon-Brookes Michael,"isDirector,isOfficer,isTenPercentOwner",0001562180-24-008146,2024-12-03,S,5052.0,267.8627,153908.0,I,non_derivative,Class A Common Stock,,,,
1650372,2024-12-04,TEAM,Farquhar Scott,"isDirector,isTenPercentOwner",0001562180-24-008147,2024-12-03,S,5053.0,267.8627,153907.0,I,,,,,,
1650372,2024-12-04,TEAM,Farquhar Scott,"isDirector,isTenPercentOwner",0001562180-24-008147,2024-12-03,S,5053.0,267.8627,153907.0,I,non_derivative,Class A Common Stock,,,,
1650372,2024-12-05,TEAM,FERNANDEZ HEATHER MIRJAHANGIR,isDirector,0001562180-24-008182,2024-12-04,S,3000.0,275.0,5610.0,D,,,,,,
1650372,2024-12-05,TEAM,Cannon-Brookes Michael,"isDirector,isOfficer,isTenPercentOwner",0001562180-24-008180,2024-12-04,S,1445.0,286.0405,149567.0,I,non_derivative,Class A Common Stock,,,,
1650372,2024-12-05,TEAM,RAJAN RAJEEV BASHYAM,isOfficer,0001562180-24-008183,2024-12-04,S,2281.0,283.37,190489.0,D,,,,,,
1650372,2024-12-05,TEAM,Farquhar Scott,"isDirector,isTenPercentOwner",0001562180-24-008181,2024-12-04,S,150.0,275.18,150862.0,I,,,,,,
1650372,2024-12-05,TEAM,FERNANDEZ HEATHER MIRJAHANGIR,isDirector,0001562180-24-008182,2024-12-04,S,3000.0,275.0,5610.0,D,non_derivative,Class A Common Stock,,,,
1650372,2024-12-05,TEAM,Farquhar Scott,"isDirector,isTenPercentOwner",0001562180-24-008181,2024-12-04,S,150.0,275.18,150862.0,I,non_derivative,Class A Common Stock,,,,
1650372,2024-12-05,TEAM,RAJAN RAJEEV BASHYAM,isOfficer,0001562180-24-008183,2024-12-04,S,2281.0,283.37,190489.0,D,non_derivative,Class A Common Stock,,,,
1650372,2024-12-05,TEAM,Cannon-Brookes Michael,"isDirector,isOfficer,isTenPercentOwner",0001562180-24-008180,2024-12-04,S,1445.0,286.0405,149567.0,I,,,,,,
1650372,2024-12-06,TEAM,Brown Shona L,isDirector,0001562180-24-008226,2024-12-05,A,1048.0,0.0,37028.0,D,,,,,,
1650372,2024-12-06,TEAM,Zatlyn Michelle,isDirector,0001562180-24-008215,2024-12-05,A,1048.0,0.0,5215.0,D,,,,,,
1650372,2024-12-06,TEAM,Parikh Jay,isDirector,0001562180-24-008224,2024-12-05,A,1048.0,0.0,25808.0,D,,,,,,
1650372,2024-12-06,TEAM,FERNANDEZ HEATHER MIRJAHANGIR,isDirector,0001562180-24-008225,2024-12-05,A,1048.0,0.0,6658.0,D,,,,,,
1650372,2024-12-06,TEAM,Salem Enrique T,isDirector,0000950170-24-134243,2024-12-06,A,1048.0,0.0,106615.0,D,,,,,,
1650372,2024-12-06,TEAM,Cannon-Brookes Michael,"isDirector,isOfficer,isTenPercentOwner",0001562180-24-008211,2024-12-05,S,1400.0,280.4385,141664.0,I,non_derivative,Class A Common Stock,,,,
1650372,2024-12-06,TEAM,Goodarzi Sasan K,isDirector,0001562180-24-008213,2024-12-05,A,1048.0,0.0,17142.0,D,non_derivative,Class A Common Stock,,,,
1650372,2024-12-06,TEAM,Parikh Jay,isDirector,0001562180-24-008224,2024-12-05,A,1048.0,0.0,25808.0,D,non_derivative,Class A Common Stock,,,,
1650372,2024-12-06,TEAM,Wong Rich,isDirector,0001562180-24-008223,2024-12-05,A,1048.0,0.0,124926.0,D,,,,,,
1650372,2024-12-06,TEAM,Farquhar Scott,"isDirector,isTenPercentOwner",0001562180-24-008212,2024-12-05,S,700.0,277.569,142364.0,I,,,,,,
1650372,2024-12-06,TEAM,Goodarzi Sasan K,isDirector,0001562180-24-008213,2024-12-05,A,1048.0,0.0,17142.0,D,,,,,,
1650372,2024-12-06,TEAM,Belsky Scott,isDirector,0001562180-24-008214,2024-12-05,A,1048.0,0.0,1626.0,D,non_derivative,Class A Common Stock,,,,
1650372,2024-12-06,TEAM,Wong Rich,isDirector,0001562180-24-008223,2024-12-05,A,1048.0,0.0,124926.0,D,non_derivative,Class A Common Stock,,,,
1650372,2024-12-06,TEAM,Sordello Steven J,isDirector,0001562180-24-008222,2024-12-05,A,1048.0,0.0,51042.0,D,non_derivative,Class A Common Stock,,,,
1650372,2024-12-06,TEAM,Zatlyn Michelle,isDirector,0001562180-24-008215,2024-12-05,A,1048.0,0.0,5215.0,D,non_derivative,Class A Common Stock,,,,
1650372,2024-12-06,TEAM,Sordello Steven J,isDirector,0001562180-24-008222,2024-12-05,A,1048.0,0.0,51042.0,D,,,,,,
1650372,2024-12-06,TEAM,Farquhar Scott,"isDirector,isTenPercentOwner",0001562180-24-008212,2024-12-05,S,700.0,277.569,142364.0,I,non_derivative,Class A Common Stock,,,,
1650372,2024-12-06,TEAM,Cannon-Brookes Michael,"isDirector,isOfficer,isTenPercentOwner",0001562180-24-008211,2024-12-05,S,1400.0,280.4385,141664.0,I,,,,,,
1650372,2024-12-06,TEAM,Belsky Scott,isDirector,0001562180-24-008214,2024-12-05,A,1048.0,0.0,1626.0,D,,,,,,
1650372,2024-12-06,TEAM,Salem Enrique T,isDirector,0000950170-24-134243,2024-12-06,A,1048.0,0.0,106615.0,D,non_derivative,Class A Common Stock,,,,
1650372,2024-12-06,TEAM,Brown Shona L,isDirector,0001562180-24-008226,2024-12-05,A,1048.0,0.0,37028.0,D,non_derivative,Class A Common Stock,,,,
1650372,2024-12-06,TEAM,FERNANDEZ HEATHER MIRJAHANGIR,isDirector,0001562180-24-008225,2024-12-05,A,1048.0,0.0,6658.0,D,non_derivative,Class A Common Stock,,,,
1650372,2024-12-09,TEAM,Cannon-Brookes Michael,"isDirector,isOfficer,isTenPercentOwner",0001562180-24-008247,2024-12-06,S,2518.0,279.2298,132598.0,I,,,,,,
1650372,2024-12-09,TEAM,Farquhar Scott,"isDirector,isTenPercentOwner",0001562180-24-008246,2024-12-06,S,100.0,280.551,135016.0,I,,,,,,
1650372,2024-12-09,TEAM,Cannon-Brookes Michael,"isDirector,isOfficer,isTenPercentOwner",0001562180-24-008247,2024-12-06,S,2518.0,279.2298,132598.0,I,non_derivative,Class A Common Stock,,,,
1650372,2024-12-09,TEAM,Farquhar Scott,"isDirector,isTenPercentOwner",0001562180-24-008246,2024-12-06,S,100.0,280.551,135016.0,I,non_derivative,Class A Common Stock,,,,
1650372,2024-12-10,TEAM,Cannon-Brookes Michael,"isDirector,isOfficer,isTenPercentOwner",0001562180-24-008305,2024-12-09,S,1141.0,273.1295,126027.0,I,non_derivative,Class A Common Stock,,,,
1650372,2024-12-10,TEAM,Farquhar Scott,"isDirector,isTenPercentOwner",0001562180-24-008304,2024-12-09,S,700.0,280.9201,126468.0,I,non_derivative,Class A Common Stock,,,,
1650372,2024-12-10,TEAM,Cannon-Brookes Michael,"isDirector,isOfficer,isTenPercentOwner",0001562180-24-008305,2024-12-09,S,1141.0,273.1295,126027.0,I,,,,,,
1650372,2024-12-10,TEAM,Farquhar Scott,"isDirector,isTenPercentOwner",0001562180-24-008304,2024-12-09,S,700.0,280.9201,126468.0,I,,,,,,
1650372,2024-12-11,TEAM,Cannon-Brookes Michael,"isDirector,isOfficer,isTenPercentOwner",0001562180-24-008339,2024-12-10,S,250.0,267.778,118970.0,I,non_derivative,Class A Common Stock,,,,
1650372,2024-12-11,TEAM,Farquhar Scott,"isDirector,isTenPercentOwner",0001562180-24-008340,2024-12-10,S,250.0,267.778,118970.0,I,non_derivative,Class A Common Stock,,,,
1650372,2024-12-11,TEAM,Cannon-Brookes Michael,"isDirector,isOfficer,isTenPercentOwner",0001562180-24-008339,2024-12-10,S,250.0,267.778,118970.0,I,,,,,,
1650372,2024-12-11,TEAM,Farquhar Scott,"isDirector,isTenPercentOwner",0001562180-24-008340,2024-12-10,S,250.0,267.778,118970.0,I,,,,,,
1650372,2024-12-12,TEAM,Cannon-Brookes Michael,"isDirector,isOfficer,isTenPercentOwner",0001562180-24-008374,2024-12-11,S,2333.0,273.8023,108939.0,I,non_derivative,Class A Common Stock,,,,
1650372,2024-12-12,TEAM,Farquhar Scott,"isDirector,isTenPercentOwner",0001562180-24-008375,2024-12-11,S,450.0,271.2811,110822.0,I,non_derivative,Class A Common Stock,,,,
1650372,2024-12-12,TEAM,Farquhar Scott,"isDirector,isTenPercentOwner",0001562180-24-008375,2024-12-11,S,450.0,271.2811,110822.0,I,,,,,,
1650372,2024-12-12,TEAM,Cannon-Brookes Michael,"isDirector,isOfficer,isTenPercentOwner",0001562180-24-008374,2024-12-11,S,2333.0,273.8023,108939.0,I,,,,,,
1650372,2024-12-13,TEAM,Farquhar Scott,"isDirector,isTenPercentOwner",0001562180-24-008397,2024-12-12,S,100.0,272.945,103224.0,I,,,,,,
1650372,2024-12-13,TEAM,Cannon-Brookes Michael,"isDirector,isOfficer,isTenPercentOwner",0001562180-24-008398,2024-12-12,S,1106.0,277.1174,102218.0,I,,,,,,
1650372,2024-12-13,TEAM,Farquhar Scott,"isDirector,isTenPercentOwner",0001562180-24-008397,2024-12-12,S,100.0,272.945,103224.0,I,non_derivative,Class A Common Stock,,,,
1650372,2024-12-13,TEAM,Cannon-Brookes Michael,"isDirector,isOfficer,isTenPercentOwner",0001562180-24-008398,2024-12-12,S,1106.0,277.1174,102218.0,I,non_derivative,Class A Common Stock,,,,
1650372,2024-12-16,TEAM,Farquhar Scott,"isDirector,isTenPercentOwner",0001562180-24-008418,2024-12-13,S,2249.0,278.4921,93127.0,I,non_derivative,Class A Common Stock,,,,
1650372,2024-12-16,TEAM,Cannon-Brookes Michael,"isDirector,isOfficer,isTenPercentOwner",0001562180-24-008419,2024-12-13,S,823.0,275.7464,94553.0,I,,,,,,
1650372,2024-12-16,TEAM,Farquhar Scott,"isDirector,isTenPercentOwner",0001562180-24-008418,2024-12-13,S,2249.0,278.4921,93127.0,I,,,,,,
1650372,2024-12-16,TEAM,Cannon-Brookes Michael,"isDirector,isOfficer,isTenPercentOwner",0001562180-24-008419,2024-12-13,S,823.0,275.7464,94553.0,I,non_derivative,Class A Common Stock,,,,
1650372,2024-12-17,TEAM,Cannon-Brookes Michael,"isDirector,isOfficer,isTenPercentOwner",0001562180-24-008460,2024-12-16,S,284.0,280.0046,87144.0,I,non_derivative,Class A Common Stock,,,,
1650372,2024-12-17,TEAM,Farquhar Scott,"isDirector,isTenPercentOwner",0001562180-24-008459,2024-12-16,S,825.0,276.164,86603.0,I,non_derivative,Class A Common Stock,,,,
1650372,2024-12-17,TEAM,Cannon-Brookes Michael,"isDirector,isOfficer,isTenPercentOwner",0001562180-24-008460,2024-12-16,S,284.0,280.0046,87144.0,I,,,,,,
1650372,2024-12-17,TEAM,Farquhar Scott,"isDirector,isTenPercentOwner",0001562180-24-008459,2024-12-16,S,825.0,276.164,86603.0,I,,,,,,
1650372,2024-12-18,TEAM,Cannon-Brookes Michael,"isDirector,isOfficer,isTenPercentOwner",0001562180-24-008483,2024-12-17,S,850.0,276.2929,78630.0,I,non_derivative,Class A Common Stock,,,,
1650372,2024-12-18,TEAM,Farquhar Scott,"isDirector,isTenPercentOwner",0001562180-24-008482,2024-12-17,S,3183.0,270.1214,76297.0,I,,,,,,
1650372,2024-12-18,TEAM,Cannon-Brookes Michael,"isDirector,isOfficer,isTenPercentOwner",0001562180-24-008483,2024-12-17,S,850.0,276.2929,78630.0,I,,,,,,
1650372,2024-12-18,TEAM,Farquhar Scott,"isDirector,isTenPercentOwner",0001562180-24-008482,2024-12-17,S,3183.0,270.1214,76297.0,I,non_derivative,Class A Common Stock,,,,
1650372,2024-12-19,TEAM,Farquhar Scott,"isDirector,isTenPercentOwner",0001562180-24-008529,2024-12-18,S,150.0,268.3077,71382.0,I,,,,,,
1650372,2024-12-19,TEAM,Farquhar Scott,"isDirector,isTenPercentOwner",0001562180-24-008529,2024-12-18,S,150.0,268.3077,71382.0,I,non_derivative,Class A Common Stock,,,,
1650372,2024-12-19,TEAM,Cannon-Brookes Michael,"isDirector,isOfficer,isTenPercentOwner",0001562180-24-008528,2024-12-18,S,550.0,253.6207,70982.0,I,,,,,,
1650372,2024-12-19,TEAM,Cannon-Brookes Michael,"isDirector,isOfficer,isTenPercentOwner",0001562180-24-008528,2024-12-18,S,550.0,253.6207,70982.0,I,non_derivative,Class A Common Stock,,,,
1650372,2024-12-20,TEAM,Cannon-Brookes Michael,"isDirector,isOfficer,isTenPercentOwner",0001562180-24-008540,2024-12-19,S,50.0,257.09,63534.0,I,non_derivative,Class A Common Stock,,,,
1650372,2024-12-20,TEAM,Cannon-Brookes Michael,"isDirector,isOfficer,isTenPercentOwner",0001562180-24-008549,2024-12-20,S,443.0,251.7341,55193.0,I,non_derivative,Class A Common Stock,,,,
1650372,2024-12-20,TEAM,Farquhar Scott,"isDirector,isTenPercentOwner",0001562180-24-008548,2024-12-20,S,150.0,257.7267,55486.0,I,non_derivative,Class A Common Stock,,,,
1650372,2024-12-20,TEAM,BHARADWAJ ANUTTHARA,isOfficer,0001562180-24-008550,2024-12-20,S,76.0,249.55,213435.0,D,non_derivative,Class A Common Stock,,,,
1650372,2024-12-20,TEAM,Farquhar Scott,"isDirector,isTenPercentOwner",0001562180-24-008539,2024-12-19,S,50.0,257.09,63534.0,I,,,,,,
1650372,2024-12-20,TEAM,Farquhar Scott,"isDirector,isTenPercentOwner",0001562180-24-008548,2024-12-20,S,150.0,257.7267,55486.0,I,,,,,,
1650372,2024-12-20,TEAM,Cannon-Brookes Michael,"isDirector,isOfficer,isTenPercentOwner",0001562180-24-008540,2024-12-19,S,50.0,257.09,63534.0,I,,,,,,
1650372,2024-12-20,TEAM,Cannon-Brookes Michael,"isDirector,isOfficer,isTenPercentOwner",0001562180-24-008549,2024-12-20,S,443.0,251.7341,55193.0,I,,,,,,
1650372,2024-12-20,TEAM,BHARADWAJ ANUTTHARA,isOfficer,0001562180-24-008550,2024-12-20,S,76.0,249.55,213435.0,D,,,,,,
1650372,2024-12-20,TEAM,Farquhar Scott,"isDirector,isTenPercentOwner",0001562180-24-008539,2024-12-19,S,50.0,257.09,63534.0,I,non_derivative,Class A Common Stock,,,,
1650372,2024-12-26,TEAM,Cannon-Brookes Michael,"isDirector,isOfficer,isTenPercentOwner",0001562180-24-008582,2024-12-24,S,844.0,254.3863,38896.0,I,non_derivative,Class A Common Stock,,,,
1650372,2024-12-26,TEAM,Cannon-Brookes Michael,"isDirector,isOfficer,isTenPercentOwner",0001562180-24-008580,2024-12-23,S,2153.0,251.0736,45535.0,I,non_derivative,Class A Common Stock,,,,
1650372,2024-12-26,TEAM,Farquhar Scott,"isDirector,isTenPercentOwner",0001562180-24-008579,2024-12-23,S,75.0,255.8367,47613.0,I,non_derivative,Class A Common Stock,,,,
1650372,2024-12-26,TEAM,Cannon-Brookes Michael,"isDirector,isOfficer,isTenPercentOwner",0001562180-24-008582,2024-12-24,S,844.0,254.3863,38896.0,I,,,,,,
1650372,2024-12-26,TEAM,Farquhar Scott,"isDirector,isTenPercentOwner",0001562180-24-008579,2024-12-23,S,75.0,255.8367,47613.0,I,,,,,,
1650372,2024-12-26,TEAM,Cannon-Brookes Michael,"isDirector,isOfficer,isTenPercentOwner",0001562180-24-008580,2024-12-23,S,2153.0,251.0736,45535.0,I,,,,,,
1650372,2024-12-26,TEAM,Farquhar Scott,"isDirector,isTenPercentOwner",0001562180-24-008581,2024-12-24,S,2550.0,256.7843,37190.0,I,,,,,,
1650372,2024-12-26,TEAM,Farquhar Scott,"isDirector,isTenPercentOwner",0001562180-24-008581,2024-12-24,S,2550.0,256.7843,37190.0,I,non_derivative,Class A Common Stock,,,,
1650372,2024-12-30,TEAM,Farquhar Scott,"isDirector,isTenPercentOwner",0001562180-24-008613,2024-12-30,S,611.0,246.1219,15285.0,I,,,,,,
1650372,2024-12-30,TEAM,Cannon-Brookes Michael,"isDirector,isOfficer,isTenPercentOwner",0001562180-24-008610,2024-12-26,S,2612.0,254.8469,29180.0,I,,,,,,
1650372,2024-12-30,TEAM,Cannon-Brookes Michael,"isDirector,isOfficer,isTenPercentOwner",0001562180-24-008610,2024-12-26,S,2612.0,254.8469,29180.0,I,non_derivative,Class A Common Stock,,,,
1650372,2024-12-30,TEAM,Cannon-Brookes Michael,"isDirector,isOfficer,isTenPercentOwner",0001562180-24-008611,2024-12-27,S,100.0,252.0544,23744.0,I,non_derivative,Class A Common Stock,,,,
1650372,2024-12-30,TEAM,Farquhar Scott,"isDirector,isTenPercentOwner",0001562180-24-008613,2024-12-30,S,611.0,246.1219,15285.0,I,non_derivative,Class A Common Stock,,,,
1650372,2024-12-30,TEAM,Farquhar Scott,"isDirector,isTenPercentOwner",0001562180-24-008609,2024-12-26,S,4436.0,255.6179,27356.0,I,,,,,,
1650372,2024-12-30,TEAM,Farquhar Scott,"isDirector,isTenPercentOwner",0001562180-24-008612,2024-12-27,S,1516.0,249.2955,22328.0,I,non_derivative,Class A Common Stock,,,,
1650372,2024-12-30,TEAM,Farquhar Scott,"isDirector,isTenPercentOwner",0001562180-24-008609,2024-12-26,S,4436.0,255.6179,27356.0,I,non_derivative,Class A Common Stock,,,,
1650372,2024-12-30,TEAM,Cannon-Brookes Michael,"isDirector,isOfficer,isTenPercentOwner",0001562180-24-008614,2024-12-30,S,610.0,246.1227,15286.0,I,,,,,,
1650372,2024-12-30,TEAM,Cannon-Brookes Michael,"isDirector,isOfficer,isTenPercentOwner",0001562180-24-008614,2024-12-30,S,610.0,246.1227,15286.0,I,non_derivative,Class A Common Stock,,,,
1650372,2024-12-30,TEAM,Cannon-Brookes Michael,"isDirector,isOfficer,isTenPercentOwner",0001562180-24-008611,2024-12-27,S,100.0,252.0544,23744.0,I,,,,,,
1650372,2024-12-30,TEAM,Farquhar Scott,"isDirector,isTenPercentOwner",0001562180-24-008612,2024-12-27,S,1516.0,249.2955,22328.0,I,,,,,,
1650372,2025-01-02,TEAM,Farquhar Scott,"isDirector,isTenPercentOwner",0001562180-25-000029,2025-01-02,C,484828.0,,484828.0,I,non_derivative,Class A Common Stock,,,,
1650372,2025-01-02,TEAM,Farquhar Scott,"isDirector,isTenPercentOwner",0001562180-25-000027,2024-12-31,S,1499.0,244.2366,6449.0,I,non_derivative,Class A Common Stock,,,,
1650372,2025-01-02,TEAM,Farquhar Scott,"isDirector,isTenPercentOwner",0001562180-25-000029,2025-01-02,C,484828.0,,484828.0,I,,,,,,
1650372,2025-01-02,TEAM,Cannon-Brookes Michael,"isDirector,isOfficer,isTenPercentOwner",0001562180-25-000028,2025-01-02,C,484828.0,,484828.0,I,non_derivative,Class A Common Stock,,,,
1650372,2025-01-02,TEAM,Cannon-Brookes Michael,"isDirector,isOfficer,isTenPercentOwner",0001562180-25-000028,2025-01-02,C,484828.0,,484828.0,I,,,,,,
1650372,2025-01-02,TEAM,Farquhar Scott,"isDirector,isTenPercentOwner",0001562180-25-000027,2024-12-31,S,1499.0,244.2366,6449.0,I,,,,,,
1650372,2025-01-02,TEAM,Cannon-Brookes Michael,"isDirector,isOfficer,isTenPercentOwner",0001562180-25-000026,2024-12-31,S,1499.0,244.2366,6449.0,I,non_derivative,Class A Common Stock,,,,
1650372,2025-01-02,TEAM,Cannon-Brookes Michael,"isDirector,isOfficer,isTenPercentOwner",0001562180-25-000028,2025-01-02,C,484828.0,0.0,49004024.0,I,derivative,Class B Common Stock,Class A Common Stock,484828.0,,
1650372,2025-01-02,TEAM,Cannon-Brookes Michael,"isDirector,isOfficer,isTenPercentOwner",0001562180-25-000026,2024-12-31,S,1499.0,244.2366,6449.0,I,,,,,,
1650372,2025-01-02,TEAM,Farquhar Scott,"isDirector,isTenPercentOwner",0001562180-25-000029,2025-01-02,C,484828.0,0.0,49004024.0,I,derivative,Class B Common Stock,Class A Common Stock,484828.0,,
1650372,2025-01-03,TEAM,Cannon-Brookes Michael,"isDirector,isOfficer,isTenPercentOwner",0001562180-25-000093,2025-01-02,S,1404.0,243.6048,483424.0,I,non_derivative,Class A Common Stock,,,,
1650372,2025-01-03,TEAM,Farquhar Scott,"isDirector,isTenPercentOwner",0001562180-25-000094,2025-01-02,S,700.0,240.4558,484128.0,I,,,,,,
1650372,2025-01-03,TEAM,Cannon-Brookes Michael,"isDirector,isOfficer,isTenPercentOwner",0001562180-25-000093,2025-01-02,S,1404.0,243.6048,483424.0,I,,,,,,
1650372,2025-01-03,TEAM,Farquhar Scott,"isDirector,isTenPercentOwner",0001562180-25-000094,2025-01-02,S,700.0,240.4558,484128.0,I,non_derivative,Class A Common Stock,,,,
1650372,2025-01-06,TEAM,Smith Christian,isDirector,0001562180-25-000213,2025-01-01,A,1123.0,0.0,1123.0,D,non_derivative,Class A Common Stock,,,,
1650372,2025-01-06,TEAM,Farquhar Scott,"isDirector,isTenPercentOwner",0001562180-25-000178,2025-01-03,S,1734.0,247.4295,475146.0,I,non_derivative,Class A Common Stock,,,,
1650372,2025-01-06,TEAM,Smith Christian,isDirector,0001562180-25-000213,2025-01-01,A,1123.0,0.0,1123.0,D,,,,,,
1650372,2025-01-06,TEAM,Cannon-Brookes Michael,"isDirector,isOfficer,isTenPercentOwner",0001562180-25-000179,2025-01-03,S,2096.0,244.5297,474784.0,I,non_derivative,Class A Common Stock,,,,
1650372,2025-01-06,TEAM,Cannon-Brookes Michael,"isDirector,isOfficer,isTenPercentOwner",0001562180-25-000179,2025-01-03,S,2096.0,244.5297,474784.0,I,,,,,,
1650372,2025-01-06,TEAM,Farquhar Scott,"isDirector,isTenPercentOwner",0001562180-25-000178,2025-01-03,S,1734.0,247.4295,475146.0,I,,,,,,
1650372,2025-01-07,TEAM,Cannon-Brookes Michael,"isDirector,isOfficer,isTenPercentOwner",0001562180-25-000256,2025-01-06,S,550.0,252.8235,468382.0,I,non_derivative,Class A Common Stock,,,,
1650372,2025-01-07,TEAM,Farquhar Scott,"isDirector,isTenPercentOwner",0001562180-25-000255,2025-01-06,S,550.0,252.8233,468382.0,I,non_derivative,Class A Common Stock,,,,
1650372,2025-01-07,TEAM,Cannon-Brookes Michael,"isDirector,isOfficer,isTenPercentOwner",0001562180-25-000256,2025-01-06,S,550.0,252.8235,468382.0,I,,,,,,
1650372,2025-01-07,TEAM,Farquhar Scott,"isDirector,isTenPercentOwner",0001562180-25-000255,2025-01-06,S,550.0,252.8233,468382.0,I,,,,,,
1650372,2025-01-08,TEAM,Cannon-Brookes Michael,"isDirector,isOfficer,isTenPercentOwner",0001562180-25-000276,2025-01-08,S,100.0,245.51,452936.0,I,,,,,,
1650372,2025-01-08,TEAM,Cannon-Brookes Michael,"isDirector,isOfficer,isTenPercentOwner",0001562180-25-000274,2025-01-07,S,2569.0,248.0949,458415.0,I,,,,,,
1650372,2025-01-08,TEAM,Farquhar Scott,"isDirector,isTenPercentOwner",0001562180-25-000273,2025-01-07,S,1679.0,247.3573,459305.0,I,,,,,,
1650372,2025-01-08,TEAM,Farquhar Scott,"isDirector,isTenPercentOwner",0001562180-25-000275,2025-01-08,S,1185.0,241.7491,451851.0,I,,,,,,
1650372,2025-01-08,TEAM,Farquhar Scott,"isDirector,isTenPercentOwner",0001562180-25-000273,2025-01-07,S,1679.0,247.3573,459305.0,I,non_derivative,Class A Common Stock,,,,
1650372,2025-01-08,TEAM,Farquhar Scott,"isDirector,isTenPercentOwner",0001562180-25-000275,2025-01-08,S,1185.0,241.7491,451851.0,I,non_derivative,Class A Common Stock,,,,
1650372,2025-01-08,TEAM,Cannon-Brookes Michael,"isDirector,isOfficer,isTenPercentOwner",0001562180-25-000274,2025-01-07,S,2569.0,248.0949,458415.0,I,non_derivative,Class A Common Stock,,,,
1650372,2025-01-08,TEAM,Cannon-Brookes Michael,"isDirector,isOfficer,isTenPercentOwner",0001562180-25-000276,2025-01-08,S,100.0,245.51,452936.0,I,non_derivative,Class A Common Stock,,,,
1650372,2025-01-13,TEAM,Farquhar Scott,"isDirector,isTenPercentOwner",0001562180-25-000335,2025-01-10,S,456.0,245.8608,444632.0,I,non_derivative,Class A Common Stock,,,,
1650372,2025-01-13,TEAM,Cannon-Brookes Michael,"isDirector,isOfficer,isTenPercentOwner",0001562180-25-000336,2025-01-10,S,1794.0,245.0851,443294.0,I,,,,,,
1650372,2025-01-13,TEAM,Cannon-Brookes Michael,"isDirector,isOfficer,isTenPercentOwner",0001562180-25-000336,2025-01-10,S,1794.0,245.0851,443294.0,I,non_derivative,Class A Common Stock,,,,
1650372,2025-01-13,TEAM,Farquhar Scott,"isDirector,isTenPercentOwner",0001562180-25-000335,2025-01-10,S,456.0,245.8608,444632.0,I,,,,,,
1650372,2025-01-14,TEAM,Farquhar Scott,"isDirector,isTenPercentOwner",0001562180-25-000358,2025-01-13,S,1431.0,237.9578,427761.0,I,non_derivative,Class A Common Stock,,,,
1650372,2025-01-14,TEAM,Cannon-Brookes Michael,"isDirector,isOfficer,isTenPercentOwner",0001562180-25-000359,2025-01-13,S,3929.0,236.0786,425263.0,I,non_derivative,Class A Common Stock,,,,
1650372,2025-01-14,TEAM,Farquhar Scott,"isDirector,isTenPercentOwner",0001562180-25-000358,2025-01-13,S,1431.0,237.9578,427761.0,I,,,,,,
1650372,2025-01-14,TEAM,Cannon-Brookes Michael,"isDirector,isOfficer,isTenPercentOwner",0001562180-25-000359,2025-01-13,S,3929.0,236.0786,425263.0,I,,,,,,
1650372,2025-01-15,TEAM,Cannon-Brookes Michael,"isDirector,isOfficer,isTenPercentOwner",0001562180-25-000376,2025-01-14,S,1385.0,244.2457,419859.0,I,,,,,,
1650372,2025-01-15,TEAM,Farquhar Scott,"isDirector,isTenPercentOwner",0001562180-25-000377,2025-01-14,S,1385.0,244.2457,419859.0,I,,,,,,
1650372,2025-01-15,TEAM,Cannon-Brookes Michael,"isDirector,isOfficer,isTenPercentOwner",0001562180-25-000376,2025-01-14,S,1385.0,244.2457,419859.0,I,non_derivative,Class A Common Stock,,,,
1650372,2025-01-15,TEAM,Farquhar Scott,"isDirector,isTenPercentOwner",0001562180-25-000377,2025-01-14,S,1385.0,244.2457,419859.0,I,non_derivative,Class A Common Stock,,,,
1650372,2025-01-16,TEAM,Farquhar Scott,"isDirector,isTenPercentOwner",0001562180-25-000388,2025-01-15,S,3349.0,250.3603,409947.0,I,non_derivative,Class A Common Stock,,,,
1650372,2025-01-16,TEAM,Farquhar Scott,"isDirector,isTenPercentOwner",0001562180-25-000388,2025-01-15,S,3349.0,250.3603,409947.0,I,,,,,,
1650372,2025-01-16,TEAM,Cannon-Brookes Michael,"isDirector,isOfficer,isTenPercentOwner",0001562180-25-000389,2025-01-15,S,50.0,256.1,413246.0,I,non_derivative,Class A Common Stock,,,,
1650372,2025-01-16,TEAM,Cannon-Brookes Michael,"isDirector,isOfficer,isTenPercentOwner",0001562180-25-000389,2025-01-15,S,50.0,256.1,413246.0,I,,,,,,
1650372,2025-01-17,TEAM,Farquhar Scott,"isDirector,isTenPercentOwner",0001562180-25-000415,2025-01-17,S,3044.0,252.1423,394356.0,I,non_derivative,Class A Common Stock,,,,
1650372,2025-01-17,TEAM,Cannon-Brookes Michael,"isDirector,isOfficer,isTenPercentOwner",0001562180-25-000414,2025-01-17,S,100.0,258.425,397300.0,I,,,,,,
1650372,2025-01-17,TEAM,Farquhar Scott,"isDirector,isTenPercentOwner",0001562180-25-000399,2025-01-16,S,41.0,256.22,405307.0,I,,,,,,
1650372,2025-01-17,TEAM,BHARADWAJ ANUTTHARA,isOfficer,0001562180-25-000416,2025-01-17,S,1520.0,259.85,210471.0,D,,,,,,
1650372,2025-01-17,TEAM,Cannon-Brookes Michael,"isDirector,isOfficer,isTenPercentOwner",0001562180-25-000400,2025-01-16,S,2450.0,253.7542,402898.0,I,,,,,,
1650372,2025-01-17,TEAM,Cannon-Brookes Michael,"isDirector,isOfficer,isTenPercentOwner",0001562180-25-000400,2025-01-16,S,2450.0,253.7542,402898.0,I,non_derivative,Class A Common Stock,,,,
1650372,2025-01-17,TEAM,Farquhar Scott,"isDirector,isTenPercentOwner",0001562180-25-000399,2025-01-16,S,41.0,256.22,405307.0,I,non_derivative,Class A Common Stock,,,,
1650372,2025-01-17,TEAM,Cannon-Brookes Michael,"isDirector,isOfficer,isTenPercentOwner",0001562180-25-000414,2025-01-17,S,100.0,258.425,397300.0,I,non_derivative,Class A Common Stock,,,,
1650372,2025-01-17,TEAM,BHARADWAJ ANUTTHARA,isOfficer,0001562180-25-000416,2025-01-17,S,1520.0,259.85,210471.0,D,non_derivative,Class A Common Stock,,,,
1650372,2025-01-17,TEAM,Farquhar Scott,"isDirector,isTenPercentOwner",0001562180-25-000415,2025-01-17,S,3044.0,252.1423,394356.0,I,,,,,,
1650372,2025-01-22,TEAM,Farquhar Scott,"isDirector,isTenPercentOwner",0001562180-25-000459,2025-01-21,S,450.0,252.8252,389002.0,I,,,,,,
1650372,2025-01-22,TEAM,Cannon-Brookes Michael,"isDirector,isOfficer,isTenPercentOwner",0001562180-25-000458,2025-01-21,S,450.0,252.8254,389002.0,I,,,,,,
1650372,2025-01-22,TEAM,Farquhar Scott,"isDirector,isTenPercentOwner",0001562180-25-000459,2025-01-21,S,450.0,252.8252,389002.0,I,non_derivative,Class A Common Stock,,,,
1650372,2025-01-22,TEAM,Cannon-Brookes Michael,"isDirector,isOfficer,isTenPercentOwner",0001562180-25-000458,2025-01-21,S,450.0,252.8254,389002.0,I,non_derivative,Class A Common Stock,,,,
1650372,2025-01-23,TEAM,Cannon-Brookes Michael,"isDirector,isOfficer,isTenPercentOwner",0001562180-25-000480,2025-01-22,S,882.0,258.2619,380622.0,I,non_derivative,Class A Common Stock,,,,
1650372,2025-01-23,TEAM,Cannon-Brookes Michael,"isDirector,isOfficer,isTenPercentOwner",0001562180-25-000480,2025-01-22,S,882.0,258.2619,380622.0,I,,,,,,
1650372,2025-01-23,TEAM,Farquhar Scott,"isDirector,isTenPercentOwner",0001562180-25-000479,2025-01-22,S,1366.0,260.9061,380138.0,I,non_derivative,Class A Common Stock,,,,
1650372,2025-01-23,TEAM,Farquhar Scott,"isDirector,isTenPercentOwner",0001562180-25-000479,2025-01-22,S,1366.0,260.9061,380138.0,I,,,,,,
1650372,2025-01-24,TEAM,Cannon-Brookes Michael,"isDirector,isOfficer,isTenPercentOwner",0001562180-25-000512,2025-01-23,S,50.0,263.32,373506.0,I,non_derivative,Class A Common Stock,,,,
1650372,2025-01-24,TEAM,Farquhar Scott,"isDirector,isTenPercentOwner",0001562180-25-000511,2025-01-23,S,600.0,268.1427,372956.0,I,non_derivative,Class A Common Stock,,,,
1650372,2025-01-24,TEAM,Farquhar Scott,"isDirector,isTenPercentOwner",0001562180-25-000511,2025-01-23,S,600.0,268.1427,372956.0,I,,,,,,
1650372,2025-01-24,TEAM,Cannon-Brookes Michael,"isDirector,isOfficer,isTenPercentOwner",0001562180-25-000512,2025-01-23,S,50.0,263.32,373506.0,I,,,,,,
1650372,2025-01-27,TEAM,Farquhar Scott,"isDirector,isTenPercentOwner",0001562180-25-000530,2025-01-24,S,400.0,268.7925,365208.0,I,non_derivative,Class A Common Stock,,,,
1650372,2025-01-27,TEAM,Farquhar Scott,"isDirector,isTenPercentOwner",0001562180-25-000530,2025-01-24,S,400.0,268.7925,365208.0,I,,,,,,
1650372,2025-01-27,TEAM,Cannon-Brookes Michael,"isDirector,isOfficer,isTenPercentOwner",0001562180-25-000531,2025-01-24,S,400.0,268.7925,365208.0,I,non_derivative,Class A Common Stock,,,,
1650372,2025-01-27,TEAM,Cannon-Brookes Michael,"isDirector,isOfficer,isTenPercentOwner",0001562180-25-000531,2025-01-24,S,400.0,268.7925,365208.0,I,,,,,,
1650372,2025-01-28,TEAM,Cannon-Brookes Michael,"isDirector,isOfficer,isTenPercentOwner",0001562180-25-000639,2025-01-27,S,271.0,274.9776,357389.0,I,,,,,,
1650372,2025-01-28,TEAM,Farquhar Scott,"isDirector,isTenPercentOwner",0001562180-25-000638,2025-01-27,S,54.0,273.9726,357606.0,I,non_derivative,Class A Common Stock,,,,
1650372,2025-01-28,TEAM,Farquhar Scott,"isDirector,isTenPercentOwner",0001562180-25-000638,2025-01-27,S,54.0,273.9726,357606.0,I,,,,,,
1650372,2025-01-28,TEAM,Cannon-Brookes Michael,"isDirector,isOfficer,isTenPercentOwner",0001562180-25-000639,2025-01-27,S,271.0,274.9776,357389.0,I,non_derivative,Class A Common Stock,,,,
1650372,2025-01-29,TEAM,Farquhar Scott,"isDirector,isTenPercentOwner",0001562180-25-000672,2025-01-28,S,970.0,279.8398,348742.0,I,non_derivative,Class A Common Stock,,,,
1650372,2025-01-29,TEAM,Cannon-Brookes Michael,"isDirector,isOfficer,isTenPercentOwner",0001562180-25-000673,2025-01-28,S,50.0,270.79,349662.0,I,,,,,,
1650372,2025-01-29,TEAM,Farquhar Scott,"isDirector,isTenPercentOwner",0001562180-25-000672,2025-01-28,S,970.0,279.8398,348742.0,I,,,,,,
1650372,2025-01-29,TEAM,Cannon-Brookes Michael,"isDirector,isOfficer,isTenPercentOwner",0001562180-25-000673,2025-01-28,S,50.0,270.79,349662.0,I,non_derivative,Class A Common Stock,,,,
1650372,2025-01-30,TEAM,Farquhar Scott,"isDirector,isTenPercentOwner",0001562180-25-000705,2025-01-29,S,1141.0,271.8922,340623.0,I,non_derivative,Class A Common Stock,,,,
1650372,2025-01-30,TEAM,Farquhar Scott,"isDirector,isTenPercentOwner",0001562180-25-000705,2025-01-29,S,1141.0,271.8922,340623.0,I,,,,,,
1650372,2025-01-30,TEAM,Cannon-Brookes Michael,"isDirector,isOfficer,isTenPercentOwner",0001562180-25-000704,2025-01-29,S,150.0,274.2033,341614.0,I,non_derivative,Class A Common Stock,,,,
1650372,2025-01-30,TEAM,Cannon-Brookes Michael,"isDirector,isOfficer,isTenPercentOwner",0001562180-25-000704,2025-01-29,S,150.0,274.2033,341614.0,I,,,,,,
1650372,2025-01-31,TEAM,Cannon-Brookes Michael,"isDirector,isOfficer,isTenPercentOwner",0001562180-25-000730,2025-01-30,S,1530.0,265.7754,332286.0,I,,,,,,
1650372,2025-01-31,TEAM,Farquhar Scott,"isDirector,isTenPercentOwner",0001562180-25-000731,2025-01-30,S,50.0,269.63,333766.0,I,,,,,,
1650372,2025-01-31,TEAM,Cannon-Brookes Michael,"isDirector,isOfficer,isTenPercentOwner",0001562180-25-000730,2025-01-30,S,1530.0,265.7754,332286.0,I,non_derivative,Class A Common Stock,,,,
1650372,2025-01-31,TEAM,Farquhar Scott,"isDirector,isTenPercentOwner",0001562180-25-000731,2025-01-30,S,50.0,269.63,333766.0,I,non_derivative,Class A Common Stock,,,,
1650372,2025-02-03,TEAM,LIU GENE,isOfficer,0001562180-25-000830,2025-01-31,S,779.0,320.01,52710.0,D,non_derivative,Class A Common Stock,,,,
1650372,2025-02-03,TEAM,Farquhar Scott,"isDirector,isTenPercentOwner",0001562180-25-000833,2025-01-31,S,639.0,310.851,325229.0,I,non_derivative,Class A Common Stock,,,,
1650372,2025-02-03,TEAM,RAJAN RAJEEV BASHYAM,isOfficer,0001562180-25-000831,2025-01-31,S,3500.0,320.01,186989.0,D,non_derivative,Class A Common Stock,,,,
1650372,2025-02-03,TEAM,RAJAN RAJEEV BASHYAM,isOfficer,0001562180-25-000831,2025-01-31,S,3500.0,320.01,186989.0,D,,,,,,
1650372,2025-02-03,TEAM,LIU GENE,isOfficer,0001562180-25-000830,2025-01-31,S,779.0,320.01,52710.0,D,,,,,,
1650372,2025-02-03,TEAM,Cannon-Brookes Michael,"isDirector,isOfficer,isTenPercentOwner",0001562180-25-000832,2025-01-31,S,573.0,307.5433,325295.0,I,non_derivative,Class A Common Stock,,,,
1650372,2025-02-03,TEAM,Cannon-Brookes Michael,"isDirector,isOfficer,isTenPercentOwner",0001562180-25-000832,2025-01-31,S,573.0,307.5433,325295.0,I,,,,,,
1650372,2025-02-03,TEAM,Farquhar Scott,"isDirector,isTenPercentOwner",0001562180-25-000833,2025-01-31,S,639.0,310.851,325229.0,I,,,,,,
1650372,2025-02-04,TEAM,Cannon-Brookes Michael,"isDirector,isOfficer,isTenPercentOwner",0001562180-25-000920,2025-02-03,S,150.0,308.7433,317770.0,I,non_derivative,Class A Common Stock,,,,
1650372,2025-02-04,TEAM,Farquhar Scott,"isDirector,isTenPercentOwner",0001562180-25-000919,2025-02-03,S,100.0,304.175,317820.0,I,,,,,,
1650372,2025-02-04,TEAM,Cannon-Brookes Michael,"isDirector,isOfficer,isTenPercentOwner",0001562180-25-000920,2025-02-03,S,150.0,308.7433,317770.0,I,,,,,,
1650372,2025-02-04,TEAM,Farquhar Scott,"isDirector,isTenPercentOwner",0001562180-25-000919,2025-02-03,S,100.0,304.175,317820.0,I,non_derivative,Class A Common Stock,,,,
1650372,2025-02-05,TEAM,Farquhar Scott,"isDirector,isTenPercentOwner",0001562180-25-000975,2025-02-04,S,1022.0,317.5392,308950.0,I,,,,,,
1650372,2025-02-05,TEAM,Cannon-Brookes Michael,"isDirector,isOfficer,isTenPercentOwner",0001562180-25-000977,2025-02-04,S,50.0,311.05,309922.0,I,,,,,,
1650372,2025-02-05,TEAM,Cannon-Brookes Michael,"isDirector,isOfficer,isTenPercentOwner",0001562180-25-000977,2025-02-04,S,50.0,311.05,309922.0,I,non_derivative,Class A Common Stock,,,,
1650372,2025-02-05,TEAM,Farquhar Scott,"isDirector,isTenPercentOwner",0001562180-25-000975,2025-02-04,S,1022.0,317.5392,308950.0,I,non_derivative,Class A Common Stock,,,,
1650372,2025-02-06,TEAM,Cannon-Brookes Michael,"isDirector,isOfficer,isTenPercentOwner",0001562180-25-001000,2025-02-05,S,975.0,316.6715,301049.0,I,non_derivative,Class A Common Stock,,,,
1650372,2025-02-06,TEAM,Cannon-Brookes Michael,"isDirector,isOfficer,isTenPercentOwner",0001562180-25-001000,2025-02-05,S,975.0,316.6715,301049.0,I,,,,,,
1650372,2025-02-06,TEAM,Farquhar Scott,"isDirector,isTenPercentOwner",0001562180-25-000999,2025-02-05,S,750.0,315.6148,301274.0,I,non_derivative,Class A Common Stock,,,,
1650372,2025-02-06,TEAM,Farquhar Scott,"isDirector,isTenPercentOwner",0001562180-25-000999,2025-02-05,S,750.0,315.6148,301274.0,I,,,,,,
1650372,2025-02-07,TEAM,Farquhar Scott,"isDirector,isTenPercentOwner",0001562180-25-001030,2025-02-07,S,2526.0,314.2406,283602.0,I,non_derivative,Class A Common Stock,,,,
1650372,2025-02-07,TEAM,Cannon-Brookes Michael,"isDirector,isOfficer,isTenPercentOwner",0001562180-25-001029,2025-02-07,S,2527.0,314.2407,283601.0,I,non_derivative,Class A Common Stock,,,,
1650372,2025-02-07,TEAM,Cannon-Brookes Michael,"isDirector,isOfficer,isTenPercentOwner",0001562180-25-001023,2025-02-06,S,993.0,319.7243,293083.0,I,non_derivative,Class A Common Stock,,,,
1650372,2025-02-07,TEAM,Cannon-Brookes Michael,"isDirector,isOfficer,isTenPercentOwner",0001562180-25-001029,2025-02-07,S,2527.0,314.2407,283601.0,I,,,,,,
1650372,2025-02-07,TEAM,Farquhar Scott,"isDirector,isTenPercentOwner",0001562180-25-001030,2025-02-07,S,2526.0,314.2406,283602.0,I,,,,,,
1650372,2025-02-07,TEAM,Cannon-Brookes Michael,"isDirector,isOfficer,isTenPercentOwner",0001562180-25-001023,2025-02-06,S,993.0,319.7243,293083.0,I,,,,,,
1650372,2025-02-07,TEAM,Farquhar Scott,"isDirector,isTenPercentOwner",0001562180-25-001022,2025-02-06,S,3717.0,318.8222,290359.0,I,non_derivative,Class A Common Stock,,,,
1650372,2025-02-07,TEAM,Farquhar Scott,"isDirector,isTenPercentOwner",0001562180-25-001022,2025-02-06,S,3717.0,318.8222,290359.0,I,,,,,,
1650372,2025-02-11,TEAM,Farquhar Scott,"isDirector,isTenPercentOwner",0001562180-25-001131,2025-02-10,S,200.0,318.8544,277980.0,I,,,,,,
1650372,2025-02-11,TEAM,Cannon-Brookes Michael,"isDirector,isOfficer,isTenPercentOwner",0001562180-25-001132,2025-02-10,S,200.0,318.8544,277980.0,I,non_derivative,Class A Common Stock,,,,
1650372,2025-02-11,TEAM,Cannon-Brookes Michael,"isDirector,isOfficer,isTenPercentOwner",0001562180-25-001132,2025-02-10,S,200.0,318.8544,277980.0,I,,,,,,
1650372,2025-02-11,TEAM,Farquhar Scott,"isDirector,isTenPercentOwner",0001562180-25-001131,2025-02-10,S,200.0,318.8544,277980.0,I,non_derivative,Class A Common Stock,,,,
1650372,2025-02-12,TEAM,Farquhar Scott,"isDirector,isTenPercentOwner",0001562180-25-001165,2025-02-11,S,2098.0,315.1963,268134.0,I,,,,,,
1650372,2025-02-12,TEAM,Cannon-Brookes Michael,"isDirector,isOfficer,isTenPercentOwner",0001562180-25-001166,2025-02-11,S,1451.0,318.6267,268781.0,I,non_derivative,Class A Common Stock,,,,
1650372,2025-02-12,TEAM,Cannon-Brookes Michael,"isDirector,isOfficer,isTenPercentOwner",0001562180-25-001166,2025-02-11,S,1451.0,318.6267,268781.0,I,,,,,,
1650372,2025-02-12,TEAM,Farquhar Scott,"isDirector,isTenPercentOwner",0001562180-25-001165,2025-02-11,S,2098.0,315.1963,268134.0,I,non_derivative,Class A Common Stock,,,,
1650372,2025-02-13,TEAM,Farquhar Scott,"isDirector,isTenPercentOwner",0001562180-25-001183,2025-02-12,S,908.0,318.2632,261376.0,I,,,,,,
1650372,2025-02-13,TEAM,Cannon-Brookes Michael,"isDirector,isOfficer,isTenPercentOwner",0001562180-25-001184,2025-02-12,S,909.0,318.2632,261375.0,I,,,,,,
1650372,2025-02-13,TEAM,Farquhar Scott,"isDirector,isTenPercentOwner",0001562180-25-001183,2025-02-12,S,908.0,318.2632,261376.0,I,non_derivative,Class A Common Stock,,,,
1650372,2025-02-13,TEAM,Cannon-Brookes Michael,"isDirector,isOfficer,isTenPercentOwner",0001562180-25-001184,2025-02-12,S,909.0,318.2632,261375.0,I,non_derivative,Class A Common Stock,,,,
1650372,2025-02-14,TEAM,RAJAN RAJEEV BASHYAM,isOfficer,0001562180-25-001221,2025-02-14,S,295.0,309.9573,186694.0,D,non_derivative,Class A Common Stock,,,,
1650372,2025-02-14,TEAM,LIU GENE,isOfficer,0001562180-25-001222,2025-02-14,S,49.0,310.7377,52661.0,D,non_derivative,Class A Common Stock,,,,
1650372,2025-02-14,TEAM,BHARADWAJ ANUTTHARA,isOfficer,0001562180-25-001223,2025-02-14,S,1520.0,312.58,201657.0,D,non_derivative,Class A Common Stock,,,,
1650372,2025-02-14,TEAM,Farquhar Scott,"isDirector,isTenPercentOwner",0001562180-25-001216,2025-02-13,S,1287.0,316.3629,253049.0,I,,,,,,
1650372,2025-02-14,TEAM,Cannon-Brookes Michael,"isDirector,isOfficer,isTenPercentOwner",0001562180-25-001215,2025-02-13,S,925.0,317.9403,253411.0,I,,,,,,
1650372,2025-02-14,TEAM,BHARADWAJ ANUTTHARA,isOfficer,0001562180-25-001223,2025-02-14,S,1520.0,312.58,201657.0,D,,,,,,
1650372,2025-02-14,TEAM,RAJAN RAJEEV BASHYAM,isOfficer,0001562180-25-001221,2025-02-14,S,295.0,309.9573,186694.0,D,,,,,,
1650372,2025-02-14,TEAM,BHARADWAJ ANUTTHARA,isOfficer,0001562180-25-001220,2025-02-14,S,630.0,310.7377,209841.0,D,,,,,,
1650372,2025-02-14,TEAM,Cannon-Brookes Michael,"isDirector,isOfficer,isTenPercentOwner",0001562180-25-001215,2025-02-13,S,925.0,317.9403,253411.0,I,non_derivative,Class A Common Stock,,,,
1650372,2025-02-14,TEAM,BINZ JOSEPH LEO,isOfficer,0001562180-25-001219,2025-02-14,S,358.0,311.9786,171571.0,D,non_derivative,Class A Common Stock,,,,
1650372,2025-02-14,TEAM,Cannon-Brookes Michael,"isDirector,isOfficer,isTenPercentOwner",0001562180-25-001218,2025-02-14,S,1050.0,310.0886,245338.0,I,,,,,,
1650372,2025-02-14,TEAM,BHARADWAJ ANUTTHARA,isOfficer,0001562180-25-001220,2025-02-14,S,630.0,310.7377,209841.0,D,non_derivative,Class A Common Stock,,,,
1650372,2025-02-14,TEAM,BINZ JOSEPH LEO,isOfficer,0001562180-25-001219,2025-02-14,S,358.0,311.9786,171571.0,D,,,,,,
1650372,2025-02-14,TEAM,Cannon-Brookes Michael,"isDirector,isOfficer,isTenPercentOwner",0001562180-25-001218,2025-02-14,S,1050.0,310.0886,245338.0,I,non_derivative,Class A Common Stock,,,,
1650372,2025-02-14,TEAM,LIU GENE,isOfficer,0001562180-25-001222,2025-02-14,S,49.0,310.7377,52661.0,D,,,,,,
1650372,2025-02-14,TEAM,Farquhar Scott,"isDirector,isTenPercentOwner",0001562180-25-001217,2025-02-14,S,550.0,309.0093,245838.0,I,,,,,,
1650372,2025-02-14,TEAM,Farquhar Scott,"isDirector,isTenPercentOwner",0001562180-25-001216,2025-02-13,S,1287.0,316.3629,253049.0,I,non_derivative,Class A Common Stock,,,,
1650372,2025-02-14,TEAM,Farquhar Scott,"isDirector,isTenPercentOwner",0001562180-25-001217,2025-02-14,S,550.0,309.0093,245838.0,I,non_derivative,Class A Common Stock,,,,
1650372,2025-02-19,TEAM,Cannon-Brookes Michael,"isDirector,isOfficer,isTenPercentOwner",0001562180-25-001352,2025-02-18,S,1243.0,312.5146,237197.0,I,,,,,,
1650372,2025-02-19,TEAM,Farquhar Scott,"isDirector,isTenPercentOwner",0001562180-25-001351,2025-02-18,S,2198.0,313.282,236242.0,I,non_derivative,Class A Common Stock,,,,
1650372,2025-02-19,TEAM,Cannon-Brookes Michael,"isDirector,isOfficer,isTenPercentOwner",0001562180-25-001352,2025-02-18,S,1243.0,312.5146,237197.0,I,non_derivative,Class A Common Stock,,,,
1650372,2025-02-19,TEAM,Farquhar Scott,"isDirector,isTenPercentOwner",0001562180-25-001351,2025-02-18,S,2198.0,313.282,236242.0,I,,,,,,
1650372,2025-02-20,TEAM,Cannon-Brookes Michael,"isDirector,isOfficer,isTenPercentOwner",0001562180-25-001406,2025-02-19,S,1150.0,308.154,229342.0,I,non_derivative,Class A Common Stock,,,,
1650372,2025-02-20,TEAM,LIU GENE,isOfficer,0001562180-25-001419,2025-02-19,S,4.0,311.6953,52138.0,D,non_derivative,Class A Common Stock,,,,
1650372,2025-02-20,TEAM,Farquhar Scott,"isDirector,isTenPercentOwner",0001562180-25-001405,2025-02-19,S,450.0,306.342,230042.0,I,non_derivative,Class A Common Stock,,,,
1650372,2025-02-20,TEAM,RAJAN RAJEEV BASHYAM,isOfficer,0001562180-25-001407,2025-02-19,S,133.0,305.1589,183745.0,D,non_derivative,Class A Common Stock,,,,
1650372,2025-02-20,TEAM,BHARADWAJ ANUTTHARA,isOfficer,0001562180-25-001408,2025-02-19,S,73.0,305.1589,201584.0,D,non_derivative,Class A Common Stock,,,,
1650372,2025-02-20,TEAM,RAJAN RAJEEV BASHYAM,isOfficer,0001562180-25-001422,2025-02-19,S,1330.0,311.27,179403.0,D,non_derivative,Class A Common Stock,,,,
1650372,2025-02-20,TEAM,BINZ JOSEPH LEO,isOfficer,0001562180-25-001420,2025-02-19,S,30.0,312.5164,169312.0,D,non_derivative,Class A Common Stock,,,,
1650372,2025-02-20,TEAM,Farquhar Scott,"isDirector,isTenPercentOwner",0001562180-25-001405,2025-02-19,S,450.0,306.342,230042.0,I,,,,,,
1650372,2025-02-20,TEAM,Cannon-Brookes Michael,"isDirector,isOfficer,isTenPercentOwner",0001562180-25-001406,2025-02-19,S,1150.0,308.154,229342.0,I,,,,,,
1650372,2025-02-20,TEAM,BHARADWAJ ANUTTHARA,isOfficer,0001562180-25-001408,2025-02-19,S,73.0,305.1589,201584.0,D,,,,,,
1650372,2025-02-20,TEAM,RAJAN RAJEEV BASHYAM,isOfficer,0001562180-25-001422,2025-02-19,S,1330.0,311.27,179403.0,D,,,,,,
1650372,2025-02-20,TEAM,RAJAN RAJEEV BASHYAM,isOfficer,0001562180-25-001407,2025-02-19,S,133.0,305.1589,183745.0,D,,,,,,
1650372,2025-02-20,TEAM,BINZ JOSEPH LEO,isOfficer,0001562180-25-001420,2025-02-19,S,30.0,312.5164,169312.0,D,,,,,,
1650372,2025-02-20,TEAM,LIU GENE,isOfficer,0001562180-25-001419,2025-02-19,S,4.0,311.6953,52138.0,D,,,,,,
1650372,2025-02-21,TEAM,Cannon-Brookes Michael,"isDirector,isOfficer,isTenPercentOwner",0001562180-25-001515,2025-02-20,S,2122.0,296.0003,220422.0,I,,,,,,
1650372,2025-02-21,TEAM,DUFFY BRIAN,isOfficer,0001562180-25-001470,2025-02-20,A,77571.0,0.0,77571.0,D,,,,,,
1650372,2025-02-21,TEAM,Farquhar Scott,"isDirector,isTenPercentOwner",0001562180-25-001514,2025-02-20,S,250.0,301.504,222294.0,I,,,,,,
1650372,2025-02-21,TEAM,Farquhar Scott,"isDirector,isTenPercentOwner",0001562180-25-001514,2025-02-20,S,250.0,301.504,222294.0,I,non_derivative,Class A Common Stock,,,,
1650372,2025-02-21,TEAM,Cannon-Brookes Michael,"isDirector,isOfficer,isTenPercentOwner",0001562180-25-001515,2025-02-20,S,2122.0,296.0003,220422.0,I,non_derivative,Class A Common Stock,,,,
1650372,2025-02-21,TEAM,DUFFY BRIAN,isOfficer,0001562180-25-001470,2025-02-20,A,77571.0,0.0,77571.0,D,non_derivative,Class A Common Stock,,,,
1650372,2025-02-24,TEAM,Farquhar Scott,"isDirector,isTenPercentOwner",0001562180-25-001529,2025-02-21,S,350.0,284.141,214246.0,I,,,,,,
1650372,2025-02-24,TEAM,Cannon-Brookes Michael,"isDirector,isOfficer,isTenPercentOwner",0001562180-25-001530,2025-02-21,S,350.0,284.1413,214246.0,I,,,,,,
1650372,2025-02-24,TEAM,RAJAN RAJEEV BASHYAM,isOfficer,0001562180-25-001531,2025-02-21,S,2198.0,296.86,177205.0,D,,,,,,
1650372,2025-02-24,TEAM,RAJAN RAJEEV BASHYAM,isOfficer,0001562180-25-001531,2025-02-21,S,2198.0,296.86,177205.0,D,non_derivative,Class A Common Stock,,,,
1650372,2025-02-24,TEAM,Farquhar Scott,"isDirector,isTenPercentOwner",0001562180-25-001529,2025-02-21,S,350.0,284.141,214246.0,I,non_derivative,Class A Common Stock,,,,
1650372,2025-02-24,TEAM,Cannon-Brookes Michael,"isDirector,isOfficer,isTenPercentOwner",0001562180-25-001530,2025-02-21,S,350.0,284.1413,214246.0,I,non_derivative,Class A Common Stock,,,,
1650372,2025-02-25,TEAM,Farquhar Scott,"isDirector,isTenPercentOwner",0001562180-25-001654,2025-02-24,S,650.0,282.8532,205998.0,I,non_derivative,Class A Common Stock,,,,
1650372,2025-02-25,TEAM,Farquhar Scott,"isDirector,isTenPercentOwner",0001562180-25-001654,2025-02-24,S,650.0,282.8532,205998.0,I,,,,,,
1650372,2025-02-25,TEAM,Cannon-Brookes Michael,"isDirector,isOfficer,isTenPercentOwner",0001562180-25-001653,2025-02-24,S,497.0,281.0815,206151.0,I,,,,,,
1650372,2025-02-25,TEAM,Cannon-Brookes Michael,"isDirector,isOfficer,isTenPercentOwner",0001562180-25-001653,2025-02-24,S,497.0,281.0815,206151.0,I,non_derivative,Class A Common Stock,,,,
1650372,2025-02-26,TEAM,Cannon-Brookes Michael,"isDirector,isOfficer,isTenPercentOwner",0001562180-25-001688,2025-02-25,S,500.0,282.6025,198200.0,I,non_derivative,Class A Common Stock,,,,
1650372,2025-02-26,TEAM,Cannon-Brookes Michael,"isDirector,isOfficer,isTenPercentOwner",0001562180-25-001688,2025-02-25,S,500.0,282.6025,198200.0,I,,,,,,
1650372,2025-02-26,TEAM,Farquhar Scott,"isDirector,isTenPercentOwner",0001562180-25-001687,2025-02-25,S,2279.0,284.4579,196421.0,I,,,,,,
1650372,2025-02-26,TEAM,Farquhar Scott,"isDirector,isTenPercentOwner",0001562180-25-001687,2025-02-25,S,2279.0,284.4579,196421.0,I,non_derivative,Class A Common Stock,,,,
1650372,2025-02-27,TEAM,Farquhar Scott,"isDirector,isTenPercentOwner",0001562180-25-001733,2025-02-26,S,350.0,293.0338,190402.0,I,,,,,,
1650372,2025-02-27,TEAM,Farquhar Scott,"isDirector,isTenPercentOwner",0001562180-25-001733,2025-02-26,S,350.0,293.0338,190402.0,I,non_derivative,Class A Common Stock,,,,
1650372,2025-02-27,TEAM,Cannon-Brookes Michael,"isDirector,isOfficer,isTenPercentOwner",0001562180-25-001732,2025-02-26,S,150.0,286.8431,190602.0,I,non_derivative,Class A Common Stock,,,,
1650372,2025-02-27,TEAM,Cannon-Brookes Michael,"isDirector,isOfficer,isTenPercentOwner",0001562180-25-001732,2025-02-26,S,150.0,286.8431,190602.0,I,,,,,,
1650372,2025-02-28,TEAM,Farquhar Scott,"isDirector,isTenPercentOwner",0001562180-25-001822,2025-02-27,S,200.0,292.1174,182604.0,I,non_derivative,Class A Common Stock,,,,
1650372,2025-02-28,TEAM,Farquhar Scott,"isDirector,isTenPercentOwner",0001562180-25-001822,2025-02-27,S,200.0,292.1174,182604.0,I,,,,,,
1650372,2025-02-28,TEAM,Cannon-Brookes Michael,"isDirector,isOfficer,isTenPercentOwner",0001562180-25-001821,2025-02-27,S,250.0,288.7523,182554.0,I,,,,,,
1650372,2025-02-28,TEAM,Cannon-Brookes Michael,"isDirector,isOfficer,isTenPercentOwner",0001562180-25-001821,2025-02-27,S,250.0,288.7523,182554.0,I,non_derivative,Class A Common Stock,,,,
1650372,2025-03-03,TEAM,Cannon-Brookes Michael,"isDirector,isOfficer,isTenPercentOwner",0001562180-25-001827,2025-02-28,S,801.0,283.9204,174055.0,I,non_derivative,Class A Common Stock,,,,
1650372,2025-03-03,TEAM,Farquhar Scott,"isDirector,isTenPercentOwner",0001562180-25-001865,2025-02-28,S,758.0,279.0473,174098.0,I,,,,,,
1650372,2025-03-03,TEAM,Cannon-Brookes Michael,"isDirector,isOfficer,isTenPercentOwner",0001562180-25-001827,2025-02-28,S,801.0,283.9204,174055.0,I,,,,,,
1650372,2025-03-03,TEAM,Farquhar Scott,"isDirector,isTenPercentOwner",0001562180-25-001865,2025-02-28,S,758.0,279.0473,174098.0,I,non_derivative,Class A Common Stock,,,,
1650372,2025-03-04,TEAM,Cannon-Brookes Michael,"isDirector,isOfficer,isTenPercentOwner",0001562180-25-001995,2025-03-03,S,869.0,279.2345,166039.0,I,,,,,,
1650372,2025-03-04,TEAM,RAJAN RAJEEV BASHYAM,isOfficer,0001562180-25-001996,2025-03-03,S,3947.0,284.69,173258.0,D,,,,,,
1650372,2025-03-04,TEAM,Farquhar Scott,"isDirector,isTenPercentOwner",0001562180-25-001994,2025-03-03,S,1143.0,280.3921,165765.0,I,non_derivative,Class A Common Stock,,,,
1650372,2025-03-04,TEAM,Farquhar Scott,"isDirector,isTenPercentOwner",0001562180-25-001994,2025-03-03,S,1143.0,280.3921,165765.0,I,,,,,,
1650372,2025-03-04,TEAM,RAJAN RAJEEV BASHYAM,isOfficer,0001562180-25-001996,2025-03-03,S,3947.0,284.69,173258.0,D,non_derivative,Class A Common Stock,,,,
1650372,2025-03-04,TEAM,Cannon-Brookes Michael,"isDirector,isOfficer,isTenPercentOwner",0001562180-25-001995,2025-03-03,S,869.0,279.2345,166039.0,I,non_derivative,Class A Common Stock,,,,
1650372,2025-03-05,TEAM,Farquhar Scott,"isDirector,isTenPercentOwner",0001562180-25-002120,2025-03-04,S,700.0,267.605,158260.0,I,non_derivative,Class A Common Stock,,,,
1650372,2025-03-05,TEAM,Cannon-Brookes Michael,"isDirector,isOfficer,isTenPercentOwner",0001562180-25-002119,2025-03-04,S,150.0,262.8873,158810.0,I,non_derivative,Class A Common Stock,,,,
1650372,2025-03-05,TEAM,Farquhar Scott,"isDirector,isTenPercentOwner",0001562180-25-002120,2025-03-04,S,700.0,267.605,158260.0,I,,,,,,
1650372,2025-03-05,TEAM,Cannon-Brookes Michael,"isDirector,isOfficer,isTenPercentOwner",0001562180-25-002119,2025-03-04,S,150.0,262.8873,158810.0,I,,,,,,
1650372,2025-03-06,TEAM,Farquhar Scott,"isDirector,isTenPercentOwner",0001562180-25-002155,2025-03-05,S,450.0,271.1018,150562.0,I,non_derivative,Class A Common Stock,,,,
1650372,2025-03-06,TEAM,Cannon-Brookes Michael,"isDirector,isOfficer,isTenPercentOwner",0001562180-25-002158,2025-03-05,S,417.0,272.3779,150595.0,I,non_derivative,Class A Common Stock,,,,
1650372,2025-03-06,TEAM,Cannon-Brookes Michael,"isDirector,isOfficer,isTenPercentOwner",0001562180-25-002158,2025-03-05,S,417.0,272.3779,150595.0,I,,,,,,
1650372,2025-03-06,TEAM,Farquhar Scott,"isDirector,isTenPercentOwner",0001562180-25-002155,2025-03-05,S,450.0,271.1018,150562.0,I,,,,,,
1650372,2025-03-07,TEAM,Cannon-Brookes Michael,"isDirector,isOfficer,isTenPercentOwner",0001562180-25-002235,2025-03-06,S,546.0,265.9638,142518.0,I,,,,,,
1650372,2025-03-07,TEAM,Farquhar Scott,"isDirector,isTenPercentOwner",0001562180-25-002234,2025-03-06,S,150.0,254.93,142914.0,I,non_derivative,Class A Common Stock,,,,
1650372,2025-03-07,TEAM,Farquhar Scott,"isDirector,isTenPercentOwner",0001562180-25-002234,2025-03-06,S,150.0,254.93,142914.0,I,,,,,,
1650372,2025-03-07,TEAM,Cannon-Brookes Michael,"isDirector,isOfficer,isTenPercentOwner",0001562180-25-002235,2025-03-06,S,546.0,265.9638,142518.0,I,non_derivative,Class A Common Stock,,,,
1650372,2025-03-10,TEAM,Farquhar Scott,"isDirector,isTenPercentOwner",0001562180-25-002258,2025-03-07,S,850.0,240.1765,134266.0,I,non_derivative,Class A Common Stock,,,,
1650372,2025-03-10,TEAM,Cannon-Brookes Michael,"isDirector,isOfficer,isTenPercentOwner",0001562180-25-002259,2025-03-07,S,200.0,250.0025,134916.0,I,non_derivative,Class A Common Stock,,,,
1650372,2025-03-10,TEAM,Farquhar Scott,"isDirector,isTenPercentOwner",0001562180-25-002258,2025-03-07,S,850.0,240.1765,134266.0,I,,,,,,
1650372,2025-03-10,TEAM,Cannon-Brookes Michael,"isDirector,isOfficer,isTenPercentOwner",0001562180-25-002259,2025-03-07,S,200.0,250.0025,134916.0,I,,,,,,
1650372,2025-03-11,TEAM,Cannon-Brookes Michael,"isDirector,isOfficer,isTenPercentOwner",0001562180-25-002305,2025-03-10,S,100.0,229.69,127068.0,I,non_derivative,Class A Common Stock,,,,
1650372,2025-03-11,TEAM,Cannon-Brookes Michael,"isDirector,isOfficer,isTenPercentOwner",0001562180-25-002305,2025-03-10,S,100.0,229.69,127068.0,I,,,,,,
1650372,2025-03-11,TEAM,Farquhar Scott,"isDirector,isTenPercentOwner",0001562180-25-002306,2025-03-10,S,503.0,219.7346,126665.0,I,non_derivative,Class A Common Stock,,,,
1650372,2025-03-11,TEAM,Farquhar Scott,"isDirector,isTenPercentOwner",0001562180-25-002306,2025-03-10,S,503.0,219.7346,126665.0,I,,,,,,
1650372,2025-03-12,TEAM,Cannon-Brookes Michael,"isDirector,isOfficer,isTenPercentOwner",0001562180-25-002345,2025-03-11,S,600.0,221.6792,118620.0,I,,,,,,
1650372,2025-03-12,TEAM,Farquhar Scott,"isDirector,isTenPercentOwner",0001562180-25-002344,2025-03-11,S,806.0,217.5665,118414.0,I,non_derivative,Class A Common Stock,,,,
1650372,2025-03-12,TEAM,Cannon-Brookes Michael,"isDirector,isOfficer,isTenPercentOwner",0001562180-25-002345,2025-03-11,S,600.0,221.6792,118620.0,I,non_derivative,Class A Common Stock,,,,
1650372,2025-03-12,TEAM,Farquhar Scott,"isDirector,isTenPercentOwner",0001562180-25-002344,2025-03-11,S,806.0,217.5665,118414.0,I,,,,,,
1650372,2025-03-13,TEAM,Cannon-Brookes Michael,"isDirector,isOfficer,isTenPercentOwner",0001562180-25-002351,2025-03-12,S,150.0,231.0733,111122.0,I,,,,,,
1650372,2025-03-13,TEAM,Cannon-Brookes Michael,"isDirector,isOfficer,isTenPercentOwner",0001562180-25-002351,2025-03-12,S,150.0,231.0733,111122.0,I,non_derivative,Class A Common Stock,,,,
1650372,2025-03-13,TEAM,Farquhar Scott,"isDirector,isTenPercentOwner",0001562180-25-002350,2025-03-12,S,3168.0,227.0237,108104.0,I,,,,,,
1650372,2025-03-13,TEAM,Farquhar Scott,"isDirector,isTenPercentOwner",0001562180-25-002350,2025-03-12,S,3168.0,227.0237,108104.0,I,non_derivative,Class A Common Stock,,,,
1650372,2025-03-14,TEAM,Farquhar Scott,"isDirector,isTenPercentOwner",0001562180-25-002406,2025-03-13,S,2309.0,208.2065,101015.0,I,,,,,,
1650372,2025-03-14,TEAM,Cannon-Brookes Michael,"isDirector,isOfficer,isTenPercentOwner",0001562180-25-002407,2025-03-13,S,504.0,213.6503,102820.0,I,,,,,,
1650372,2025-03-14,TEAM,Farquhar Scott,"isDirector,isTenPercentOwner",0001562180-25-002406,2025-03-13,S,2309.0,208.2065,101015.0,I,non_derivative,Class A Common Stock,,,,
1650372,2025-03-14,TEAM,Cannon-Brookes Michael,"isDirector,isOfficer,isTenPercentOwner",0001562180-25-002407,2025-03-13,S,504.0,213.6503,102820.0,I,non_derivative,Class A Common Stock,,,,
1650372,2025-03-17,TEAM,Cannon-Brookes Michael,"isDirector,isOfficer,isTenPercentOwner",0001562180-25-002465,2025-03-14,S,550.0,214.2718,94826.0,I,,,,,,
1650372,2025-03-17,TEAM,Farquhar Scott,"isDirector,isTenPercentOwner",0001562180-25-002466,2025-03-14,S,700.0,220.2766,94676.0,I,non_derivative,Class A Common Stock,,,,
1650372,2025-03-17,TEAM,Cannon-Brookes Michael,"isDirector,isOfficer,isTenPercentOwner",0001562180-25-002465,2025-03-14,S,550.0,214.2718,94826.0,I,non_derivative,Class A Common Stock,,,,
1650372,2025-03-17,TEAM,Farquhar Scott,"isDirector,isTenPercentOwner",0001562180-25-002466,2025-03-14,S,700.0,220.2766,94676.0,I,,,,,,
1650372,2025-03-18,TEAM,Cannon-Brookes Michael,"isDirector,isOfficer,isTenPercentOwner",0001562180-25-002540,2025-03-17,S,1941.0,220.1313,85487.0,I,non_derivative,Class A Common Stock,,,,
1650372,2025-03-18,TEAM,Farquhar Scott,"isDirector,isTenPercentOwner",0001562180-25-002539,2025-03-17,S,1708.0,221.0031,85720.0,I,non_derivative,Class A Common Stock,,,,
1650372,2025-03-18,TEAM,Cannon-Brookes Michael,"isDirector,isOfficer,isTenPercentOwner",0001562180-25-002540,2025-03-17,S,1941.0,220.1313,85487.0,I,,,,,,
1650372,2025-03-18,TEAM,Farquhar Scott,"isDirector,isTenPercentOwner",0001562180-25-002539,2025-03-17,S,1708.0,221.0031,85720.0,I,,,,,,
1650372,2025-03-19,TEAM,Cannon-Brookes Michael,"isDirector,isOfficer,isTenPercentOwner",0001562180-25-002610,2025-03-18,S,1850.0,217.7476,77630.0,I,non_derivative,Class A Common Stock,,,,
1650372,2025-03-19,TEAM,Cannon-Brookes Michael,"isDirector,isOfficer,isTenPercentOwner",0001562180-25-002610,2025-03-18,S,1850.0,217.7476,77630.0,I,,,,,,
1650372,2025-03-19,TEAM,Farquhar Scott,"isDirector,isTenPercentOwner",0001562180-25-002609,2025-03-18,S,828.0,213.6205,78652.0,I,,,,,,
1650372,2025-03-19,TEAM,Farquhar Scott,"isDirector,isTenPercentOwner",0001562180-25-002609,2025-03-18,S,828.0,213.6205,78652.0,I,non_derivative,Class A Common Stock,,,,
1650372,2025-03-20,TEAM,Farquhar Scott,"isDirector,isTenPercentOwner",0001562180-25-002642,2025-03-19,S,50.0,224.38,71482.0,I,non_derivative,Class A Common Stock,,,,
1650372,2025-03-20,TEAM,Cannon-Brookes Michael,"isDirector,isOfficer,isTenPercentOwner",0001562180-25-002643,2025-03-19,S,350.0,221.0379,71182.0,I,,,,,,
1650372,2025-03-20,TEAM,Farquhar Scott,"isDirector,isTenPercentOwner",0001562180-25-002642,2025-03-19,S,50.0,224.38,71482.0,I,,,,,,
1650372,2025-03-20,TEAM,Cannon-Brookes Michael,"isDirector,isOfficer,isTenPercentOwner",0001562180-25-002643,2025-03-19,S,350.0,221.0379,71182.0,I,non_derivative,Class A Common Stock,,,,
1650372,2025-03-21,TEAM,Cannon-Brookes Michael,"isDirector,isOfficer,isTenPercentOwner",0001562180-25-002657,2025-03-20,S,1600.0,226.8645,61984.0,I,,,,,,
1650372,2025-03-21,TEAM,Farquhar Scott,"isDirector,isTenPercentOwner",0001562180-25-002656,2025-03-20,S,1050.0,224.9697,62534.0,I,,,,,,
1650372,2025-03-21,TEAM,Farquhar Scott,"isDirector,isTenPercentOwner",0001562180-25-002656,2025-03-20,S,1050.0,224.9697,62534.0,I,non_derivative,Class A Common Stock,,,,
1650372,2025-03-21,TEAM,Cannon-Brookes Michael,"isDirector,isOfficer,isTenPercentOwner",0001562180-25-002657,2025-03-20,S,1600.0,226.8645,61984.0,I,non_derivative,Class A Common Stock,,,,
1650372,2025-03-24,TEAM,Farquhar Scott,"isDirector,isTenPercentOwner",0001562180-25-002694,2025-03-21,S,1204.0,227.3293,54432.0,I,non_derivative,Class A Common Stock,,,,
1650372,2025-03-24,TEAM,Farquhar Scott,"isDirector,isTenPercentOwner",0001562180-25-002694,2025-03-21,S,1204.0,227.3293,54432.0,I,,,,,,
1650372,2025-03-24,TEAM,Cannon-Brookes Michael,"isDirector,isOfficer,isTenPercentOwner",0001562180-25-002693,2025-03-21,S,1205.0,227.3291,54431.0,I,,,,,,
1650372,2025-03-24,TEAM,Cannon-Brookes Michael,"isDirector,isOfficer,isTenPercentOwner",0001562180-25-002693,2025-03-21,S,1205.0,227.3291,54431.0,I,non_derivative,Class A Common Stock,,,,
1650372,2025-03-25,TEAM,Cannon-Brookes Michael,"isDirector,isOfficer,isTenPercentOwner",0001562180-25-002746,2025-03-24,S,3273.0,234.7645,44415.0,I,non_derivative,Class A Common Stock,,,,
1650372,2025-03-25,TEAM,Farquhar Scott,"isDirector,isTenPercentOwner",0001562180-25-002747,2025-03-24,S,1213.0,235.6948,46475.0,I,non_derivative,Class A Common Stock,,,,
1650372,2025-03-25,TEAM,Farquhar Scott,"isDirector,isTenPercentOwner",0001562180-25-002747,2025-03-24,S,1213.0,235.6948,46475.0,I,,,,,,
1650372,2025-03-25,TEAM,Cannon-Brookes Michael,"isDirector,isOfficer,isTenPercentOwner",0001562180-25-002746,2025-03-24,S,3273.0,234.7645,44415.0,I,,,,,,
1650372,2025-03-26,TEAM,Cannon-Brookes Michael,"isDirector,isOfficer,isTenPercentOwner",0001562180-25-002767,2025-03-25,S,455.0,237.7135,39285.0,I,non_derivative,Class A Common Stock,,,,
1650372,2025-03-26,TEAM,Farquhar Scott,"isDirector,isTenPercentOwner",0001562180-25-002768,2025-03-25,S,2831.0,236.0983,36909.0,I,non_derivative,Class A Common Stock,,,,
1650372,2025-03-26,TEAM,Farquhar Scott,"isDirector,isTenPercentOwner",0001562180-25-002768,2025-03-25,S,2831.0,236.0983,36909.0,I,,,,,,
1650372,2025-03-26,TEAM,Cannon-Brookes Michael,"isDirector,isOfficer,isTenPercentOwner",0001562180-25-002767,2025-03-25,S,455.0,237.7135,39285.0,I,,,,,,
1650372,2025-03-27,TEAM,Cannon-Brookes Michael,"isDirector,isOfficer,isTenPercentOwner",0001562180-25-002780,2025-03-26,S,564.0,230.8923,31228.0,I,non_derivative,Class A Common Stock,,,,
1650372,2025-03-27,TEAM,Cannon-Brookes Michael,"isDirector,isOfficer,isTenPercentOwner",0001562180-25-002780,2025-03-26,S,564.0,230.8923,31228.0,I,,,,,,
1650372,2025-03-27,TEAM,Farquhar Scott,"isDirector,isTenPercentOwner",0001562180-25-002781,2025-03-26,S,135.0,231.9653,31657.0,I,,,,,,
1650372,2025-03-27,TEAM,Farquhar Scott,"isDirector,isTenPercentOwner",0001562180-25-002781,2025-03-26,S,135.0,231.9653,31657.0,I,non_derivative,Class A Common Stock,,,,
1650372,2025-03-28,TEAM,Farquhar Scott,"isDirector,isTenPercentOwner",0001562180-25-002786,2025-03-27,S,735.0,227.0485,23109.0,I,non_derivative,Class A Common Stock,,,,
1650372,2025-03-28,TEAM,Cannon-Brookes Michael,"isDirector,isOfficer,isTenPercentOwner",0001562180-25-002785,2025-03-27,S,950.0,224.0727,22894.0,I,,,,,,
1650372,2025-03-28,TEAM,Cannon-Brookes Michael,"isDirector,isOfficer,isTenPercentOwner",0001562180-25-002785,2025-03-27,S,950.0,224.0727,22894.0,I,non_derivative,Class A Common Stock,,,,
1650372,2025-03-28,TEAM,Farquhar Scott,"isDirector,isTenPercentOwner",0001562180-25-002786,2025-03-27,S,735.0,227.0485,23109.0,I,,,,,,
1650372,2025-03-31,TEAM,Cannon-Brookes Michael,"isDirector,isOfficer,isTenPercentOwner",0001562180-25-002798,2025-03-28,S,1765.0,215.036,14131.0,I,non_derivative,Class A Common Stock,,,,
1650372,2025-03-31,TEAM,Farquhar Scott,"isDirector,isTenPercentOwner",0001562180-25-002797,2025-03-28,S,150.0,222.0633,15746.0,I,,,,,,
1650372,2025-03-31,TEAM,Cannon-Brookes Michael,"isDirector,isOfficer,isTenPercentOwner",0001562180-25-002798,2025-03-28,S,1765.0,215.036,14131.0,I,,,,,,
1650372,2025-03-31,TEAM,Farquhar Scott,"isDirector,isTenPercentOwner",0001562180-25-002797,2025-03-28,S,150.0,222.0633,15746.0,I,non_derivative,Class A Common Stock,,,,
1650372,2025-04-01,TEAM,Cannon-Brookes Michael,"isDirector,isOfficer,isTenPercentOwner",0001562180-25-002872,2025-04-01,C,373556.0,,373556.0,I,,,,,,
1650372,2025-04-01,TEAM,Farquhar Scott,"isDirector,isTenPercentOwner",0001562180-25-002871,2025-04-01,C,373556.0,0.0,48630468.0,I,derivative,Class B Common Stock,Class A Common Stock,373556.0,,
1650372,2025-04-01,TEAM,Farquhar Scott,"isDirector,isTenPercentOwner",0001562180-25-002847,2025-03-31,S,1864.0,211.7236,6084.0,I,non_derivative,Class A Common Stock,,,,
1650372,2025-04-01,TEAM,Farquhar Scott,"isDirector,isTenPercentOwner",0001562180-25-002847,2025-03-31,S,1864.0,211.7236,6084.0,I,,,,,,
1650372,2025-04-01,TEAM,Farquhar Scott,"isDirector,isTenPercentOwner",0001562180-25-002871,2025-04-01,C,373556.0,,373556.0,I,non_derivative,Class A Common Stock,,,,
1650372,2025-04-01,TEAM,Cannon-Brookes Michael,"isDirector,isOfficer,isTenPercentOwner",0001562180-25-002848,2025-03-31,S,854.0,208.4151,7094.0,I,non_derivative,Class A Common Stock,,,,
1650372,2025-04-01,TEAM,Cannon-Brookes Michael,"isDirector,isOfficer,isTenPercentOwner",0001562180-25-002872,2025-04-01,C,373556.0,0.0,48630468.0,I,derivative,Class B Common Stock,Class A Common Stock,373556.0,,
1650372,2025-04-01,TEAM,Cannon-Brookes Michael,"isDirector,isOfficer,isTenPercentOwner",0001562180-25-002848,2025-03-31,S,854.0,208.4151,7094.0,I,,,,,,
1650372,2025-04-01,TEAM,Farquhar Scott,"isDirector,isTenPercentOwner",0001562180-25-002871,2025-04-01,C,373556.0,,373556.0,I,,,,,,
1650372,2025-04-01,TEAM,Cannon-Brookes Michael,"isDirector,isOfficer,isTenPercentOwner",0001562180-25-002872,2025-04-01,C,373556.0,,373556.0,I,non_derivative,Class A Common Stock,,,,
1650372,2025-04-02,TEAM,Farquhar Scott,"isDirector,isTenPercentOwner",0001562180-25-002910,2025-04-01,S,850.0,210.7194,372706.0,I,,,,,,
1650372,2025-04-02,TEAM,Cannon-Brookes Michael,"isDirector,isOfficer,isTenPercentOwner",0001562180-25-002911,2025-04-01,S,988.0,213.7092,372568.0,I,non_derivative,Class A Common Stock,,,,
1650372,2025-04-02,TEAM,Farquhar Scott,"isDirector,isTenPercentOwner",0001562180-25-002910,2025-04-01,S,850.0,210.7194,372706.0,I,non_derivative,Class A Common Stock,,,,
1650372,2025-04-02,TEAM,Cannon-Brookes Michael,"isDirector,isOfficer,isTenPercentOwner",0001562180-25-002911,2025-04-01,S,988.0,213.7092,372568.0,I,,,,,,
1650372,2025-04-03,TEAM,Farquhar Scott,"isDirector,isTenPercentOwner",0001562180-25-002990,2025-04-02,S,737.0,219.3068,364871.0,I,,,,,,
1650372,2025-04-03,TEAM,Cannon-Brookes Michael,"isDirector,isOfficer,isTenPercentOwner",0001562180-25-002991,2025-04-02,S,150.0,216.76,365458.0,I,non_derivative,Class A Common Stock,,,,
1650372,2025-04-03,TEAM,Farquhar Scott,"isDirector,isTenPercentOwner",0001562180-25-002990,2025-04-02,S,737.0,219.3068,364871.0,I,non_derivative,Class A Common Stock,,,,
1650372,2025-04-03,TEAM,Cannon-Brookes Michael,"isDirector,isOfficer,isTenPercentOwner",0001562180-25-002991,2025-04-02,S,150.0,216.76,365458.0,I,,,,,,
1650372,2025-04-04,TEAM,Farquhar Scott,"isDirector,isTenPercentOwner",0001562180-25-003003,2025-04-03,S,1600.0,200.6789,356060.0,I,non_derivative,Class A Common Stock,,,,
1650372,2025-04-04,TEAM,Cannon-Brookes Michael,"isDirector,isOfficer,isTenPercentOwner",0001562180-25-003002,2025-04-03,S,50.0,204.23,357610.0,I,non_derivative,Class A Common Stock,,,,
1650372,2025-04-04,TEAM,Cannon-Brookes Michael,"isDirector,isOfficer,isTenPercentOwner",0001562180-25-003002,2025-04-03,S,50.0,204.23,357610.0,I,,,,,,
1650372,2025-04-04,TEAM,Farquhar Scott,"isDirector,isTenPercentOwner",0001562180-25-003003,2025-04-03,S,1600.0,200.6789,356060.0,I,,,,,,
1650372,2025-04-07,TEAM,Farquhar Scott,"isDirector,isTenPercentOwner",0001562180-25-003040,2025-04-04,S,350.0,192.1071,349362.0,I,non_derivative,Class A Common Stock,,,,
1650372,2025-04-07,TEAM,Cannon-Brookes Michael,"isDirector,isOfficer,isTenPercentOwner",0001562180-25-003041,2025-04-04,S,2398.0,187.8125,347314.0,I,,,,,,
1650372,2025-04-07,TEAM,Cannon-Brookes Michael,"isDirector,isOfficer,isTenPercentOwner",0001562180-25-003041,2025-04-04,S,2398.0,187.8125,347314.0,I,non_derivative,Class A Common Stock,,,,
1650372,2025-04-07,TEAM,Farquhar Scott,"isDirector,isTenPercentOwner",0001562180-25-003040,2025-04-04,S,350.0,192.1071,349362.0,I,,,,,,
1650372,2025-04-08,TEAM,Farquhar Scott,"isDirector,isTenPercentOwner",0001562180-25-003079,2025-04-07,S,100.0,194.785,341664.0,I,,,,,,
1650372,2025-04-08,TEAM,Cannon-Brookes Michael,"isDirector,isOfficer,isTenPercentOwner",0001562180-25-003078,2025-04-07,S,738.0,184.1907,341026.0,I,,,,,,
1650372,2025-04-08,TEAM,Farquhar Scott,"isDirector,isTenPercentOwner",0001562180-25-003079,2025-04-07,S,100.0,194.785,341664.0,I,non_derivative,Class A Common Stock,,,,
1650372,2025-04-08,TEAM,Cannon-Brookes Michael,"isDirector,isOfficer,isTenPercentOwner",0001562180-25-003078,2025-04-07,S,738.0,184.1907,341026.0,I,non_derivative,Class A Common Stock,,,,
1650372,2025-04-09,TEAM,Farquhar Scott,"isDirector,isTenPercentOwner",0001562180-25-003086,2025-04-08,S,50.0,190.3269,333766.0,I,non_derivative,Class A Common Stock,,,,
1650372,2025-04-09,TEAM,Cannon-Brookes Michael,"isDirector,isOfficer,isTenPercentOwner",0001562180-25-003087,2025-04-08,S,300.0,185.259,333516.0,I,non_derivative,Class A Common Stock,,,,
1650372,2025-04-09,TEAM,Farquhar Scott,"isDirector,isTenPercentOwner",0001562180-25-003086,2025-04-08,S,50.0,190.3269,333766.0,I,,,,,,
1650372,2025-04-09,TEAM,Cannon-Brookes Michael,"isDirector,isOfficer,isTenPercentOwner",0001562180-25-003087,2025-04-08,S,300.0,185.259,333516.0,I,,,,,,
1650372,2025-04-10,TEAM,Farquhar Scott,"isDirector,isTenPercentOwner",0001562180-25-003100,2025-04-09,S,300.0,205.5667,325568.0,I,non_derivative,Class A Common Stock,,,,
1650372,2025-04-10,TEAM,Cannon-Brookes Michael,"isDirector,isOfficer,isTenPercentOwner",0001562180-25-003101,2025-04-09,S,750.0,210.2205,325118.0,I,non_derivative,Class A Common Stock,,,,
1650372,2025-04-10,TEAM,Cannon-Brookes Michael,"isDirector,isOfficer,isTenPercentOwner",0001562180-25-003101,2025-04-09,S,750.0,210.2205,325118.0,I,,,,,,
1650372,2025-04-10,TEAM,Farquhar Scott,"isDirector,isTenPercentOwner",0001562180-25-003100,2025-04-09,S,300.0,205.5667,325568.0,I,,,,,,
1650372,2025-04-11,TEAM,Farquhar Scott,"isDirector,isTenPercentOwner",0001562180-25-003115,2025-04-10,S,975.0,199.6054,316945.0,I,,,,,,
1650372,2025-04-11,TEAM,Cannon-Brookes Michael,"isDirector,isOfficer,isTenPercentOwner",0001562180-25-003116,2025-04-10,S,1200.0,201.548,316720.0,I,,,,,,
1650372,2025-04-11,TEAM,Cannon-Brookes Michael,"isDirector,isOfficer,isTenPercentOwner",0001562180-25-003116,2025-04-10,S,1200.0,201.548,316720.0,I,non_derivative,Class A Common Stock,,,,
1650372,2025-04-11,TEAM,Farquhar Scott,"isDirector,isTenPercentOwner",0001562180-25-003115,2025-04-10,S,975.0,199.6054,316945.0,I,non_derivative,Class A Common Stock,,,,
1650372,2025-04-14,TEAM,Cannon-Brookes Michael,"isDirector,isOfficer,isTenPercentOwner",0001562180-25-003135,2025-04-11,S,505.0,195.6942,309467.0,I,,,,,,
1650372,2025-04-14,TEAM,Farquhar Scott,"isDirector,isTenPercentOwner",0001562180-25-003134,2025-04-11,S,1088.0,196.6273,308884.0,I,,,,,,
1650372,2025-04-14,TEAM,Cannon-Brookes Michael,"isDirector,isOfficer,isTenPercentOwner",0001562180-25-003135,2025-04-11,S,505.0,195.6942,309467.0,I,non_derivative,Class A Common Stock,,,,
1650372,2025-04-14,TEAM,Farquhar Scott,"isDirector,isTenPercentOwner",0001562180-25-003134,2025-04-11,S,1088.0,196.6273,308884.0,I,non_derivative,Class A Common Stock,,,,
1650372,2025-04-15,TEAM,DYKSTRA KAREN E,isDirector,0001562180-25-003161,2025-04-14,A,953.0,0.0,2453.0,D,,,,,,
1650372,2025-04-15,TEAM,Farquhar Scott,"isDirector,isTenPercentOwner",0001562180-25-003160,2025-04-14,S,200.0,203.2625,301824.0,I,non_derivative,Class A Common Stock,,,,
1650372,2025-04-15,TEAM,Cannon-Brookes Michael,"isDirector,isOfficer,isTenPercentOwner",0001562180-25-003159,2025-04-14,S,468.0,204.5904,301556.0,I,non_derivative,Class A Common Stock,,,,
1650372,2025-04-15,TEAM,DYKSTRA KAREN E,isDirector,0001562180-25-003161,2025-04-14,A,953.0,0.0,2453.0,D,non_derivative,Class A Common Stock,,,,
1650372,2025-04-15,TEAM,Cannon-Brookes Michael,"isDirector,isOfficer,isTenPercentOwner",0001562180-25-003159,2025-04-14,S,468.0,204.5904,301556.0,I,,,,,,
1650372,2025-04-15,TEAM,Farquhar Scott,"isDirector,isTenPercentOwner",0001562180-25-003160,2025-04-14,S,200.0,203.2625,301824.0,I,,,,,,
1650372,2025-04-16,TEAM,Cannon-Brookes Michael,"isDirector,isOfficer,isTenPercentOwner",0001562180-25-003174,2025-04-15,S,471.0,207.4906,293605.0,I,,,,,,
1650372,2025-04-16,TEAM,Cannon-Brookes Michael,"isDirector,isOfficer,isTenPercentOwner",0001562180-25-003174,2025-04-15,S,471.0,207.4906,293605.0,I,non_derivative,Class A Common Stock,,,,
1650372,2025-04-16,TEAM,Farquhar Scott,"isDirector,isTenPercentOwner",0001562180-25-003175,2025-04-15,S,1000.0,204.8441,293076.0,I,,,,,,
1650372,2025-04-16,TEAM,Farquhar Scott,"isDirector,isTenPercentOwner",0001562180-25-003175,2025-04-15,S,1000.0,204.8441,293076.0,I,non_derivative,Class A Common Stock,,,,
1650372,2025-04-17,TEAM,Cannon-Brookes Michael,"isDirector,isOfficer,isTenPercentOwner",0001562180-25-003185,2025-04-16,S,650.0,202.1711,285478.0,I,,,,,,
1650372,2025-04-17,TEAM,Farquhar Scott,"isDirector,isTenPercentOwner",0001562180-25-003210,2025-04-17,S,2398.0,202.3081,275782.0,I,non_derivative,Class A Common Stock,,,,
1650372,2025-04-17,TEAM,Farquhar Scott,"isDirector,isTenPercentOwner",0001562180-25-003210,2025-04-17,S,2398.0,202.3081,275782.0,I,,,,,,
1650372,2025-04-17,TEAM,Cannon-Brookes Michael,"isDirector,isOfficer,isTenPercentOwner",0001562180-25-003209,2025-04-17,S,2397.0,202.3081,275783.0,I,,,,,,
1650372,2025-04-17,TEAM,Cannon-Brookes Michael,"isDirector,isOfficer,isTenPercentOwner",0001562180-25-003209,2025-04-17,S,2397.0,202.3081,275783.0,I,non_derivative,Class A Common Stock,,,,
1650372,2025-04-17,TEAM,Farquhar Scott,"isDirector,isTenPercentOwner",0001562180-25-003184,2025-04-16,S,1116.0,204.2335,285012.0,I,non_derivative,Class A Common Stock,,,,
1650372,2025-04-17,TEAM,Cannon-Brookes Michael,"isDirector,isOfficer,isTenPercentOwner",0001562180-25-003185,2025-04-16,S,650.0,202.1711,285478.0,I,non_derivative,Class A Common Stock,,,,
1650372,2025-04-17,TEAM,Farquhar Scott,"isDirector,isTenPercentOwner",0001562180-25-003184,2025-04-16,S,1116.0,204.2335,285012.0,I,,,,,,
1650372,2025-04-22,TEAM,Cannon-Brookes Michael,"isDirector,isOfficer,isTenPercentOwner",0001562180-25-003227,2025-04-21,S,2250.0,191.159,267982.0,I,non_derivative,Class A Common Stock,,,,
1650372,2025-04-22,TEAM,Cannon-Brookes Michael,"isDirector,isOfficer,isTenPercentOwner",0001562180-25-003227,2025-04-21,S,2250.0,191.159,267982.0,I,,,,,,
1650372,2025-04-22,TEAM,Farquhar Scott,"isDirector,isTenPercentOwner",0001562180-25-003226,2025-04-21,S,1751.0,192.9282,268481.0,I,non_derivative,Class A Common Stock,,,,
1650372,2025-04-22,TEAM,Farquhar Scott,"isDirector,isTenPercentOwner",0001562180-25-003226,2025-04-21,S,1751.0,192.9282,268481.0,I,,,,,,
1650372,2025-04-23,TEAM,Cannon-Brookes Michael,"isDirector,isOfficer,isTenPercentOwner",0001562180-25-003235,2025-04-22,S,984.0,196.7964,261300.0,I,non_derivative,Class A Common Stock,,,,
1650372,2025-04-23,TEAM,Farquhar Scott,"isDirector,isTenPercentOwner",0001562180-25-003234,2025-04-22,S,600.0,195.8434,261684.0,I,non_derivative,Class A Common Stock,,,,
1650372,2025-04-23,TEAM,Farquhar Scott,"isDirector,isTenPercentOwner",0001562180-25-003234,2025-04-22,S,600.0,195.8434,261684.0,I,,,,,,
1650372,2025-04-23,TEAM,Cannon-Brookes Michael,"isDirector,isOfficer,isTenPercentOwner",0001562180-25-003235,2025-04-22,S,984.0,196.7964,261300.0,I,,,,,,
1650372,2025-04-24,TEAM,Farquhar Scott,"isDirector,isTenPercentOwner",0001562180-25-003240,2025-04-23,S,400.0,215.6425,253936.0,I,,,,,,
1650372,2025-04-24,TEAM,Cannon-Brookes Michael,"isDirector,isOfficer,isTenPercentOwner",0001562180-25-003241,2025-04-23,S,450.0,213.4486,253886.0,I,non_derivative,Class A Common Stock,,,,
1650372,2025-04-24,TEAM,Cannon-Brookes Michael,"isDirector,isOfficer,isTenPercentOwner",0001562180-25-003241,2025-04-23,S,450.0,213.4486,253886.0,I,,,,,,
1650372,2025-04-25,TEAM,Farquhar Scott,"isDirector,isTenPercentOwner",0001562180-25-003247,2025-04-24,S,150.0,219.6331,246238.0,I,,,,,,
1650372,2025-04-25,TEAM,Cannon-Brookes Michael,"isDirector,isOfficer,isTenPercentOwner",0001562180-25-003248,2025-04-24,S,552.0,221.7637,245836.0,I,,,,,,
1650372,2025-04-25,TEAM,Farquhar Scott,"isDirector,isTenPercentOwner",0001562180-25-003247,2025-04-24,S,150.0,219.6331,246238.0,I,non_derivative,Class A Common Stock,,,,
1650372,2025-04-25,TEAM,Cannon-Brookes Michael,"isDirector,isOfficer,isTenPercentOwner",0001562180-25-003248,2025-04-24,S,552.0,221.7637,245836.0,I,non_derivative,Class A Common Stock,,,,
1650372,2025-04-28,TEAM,Farquhar Scott,"isDirector,isTenPercentOwner",0001562180-25-003280,2025-04-25,S,1075.0,227.4477,237365.0,I,,,,,,
1650372,2025-04-28,TEAM,Cannon-Brookes Michael,"isDirector,isOfficer,isTenPercentOwner",0001562180-25-003279,2025-04-25,S,350.0,231.5757,238090.0,I,non_derivative,Class A Common Stock,,,,
1650372,2025-04-28,TEAM,Cannon-Brookes Michael,"isDirector,isOfficer,isTenPercentOwner",0001562180-25-003279,2025-04-25,S,350.0,231.5757,238090.0,I,,,,,,
1650372,2025-04-28,TEAM,Farquhar Scott,"isDirector,isTenPercentOwner",0001562180-25-003280,2025-04-25,S,1075.0,227.4477,237365.0,I,non_derivative,Class A Common Stock,,,,
1650372,2025-04-29,TEAM,Farquhar Scott,"isDirector,isTenPercentOwner",0001562180-25-003359,2025-04-28,S,1243.0,228.6652,229249.0,I,non_derivative,Class A Common Stock,,,,
1650372,2025-04-29,TEAM,Cannon-Brookes Michael,"isDirector,isOfficer,isTenPercentOwner",0001562180-25-003360,2025-04-28,S,1400.0,227.5239,229092.0,I,non_derivative,Class A Common Stock,,,,
1650372,2025-04-29,TEAM,Cannon-Brookes Michael,"isDirector,isOfficer,isTenPercentOwner",0001562180-25-003360,2025-04-28,S,1400.0,227.5239,229092.0,I,,,,,,
1650372,2025-04-29,TEAM,Farquhar Scott,"isDirector,isTenPercentOwner",0001562180-25-003359,2025-04-28,S,1243.0,228.6652,229249.0,I,,,,,,
1650372,2025-04-30,TEAM,Cannon-Brookes Michael,"isDirector,isOfficer,isTenPercentOwner",0001562180-25-003404,2025-04-29,S,700.0,230.2374,221844.0,I,non_derivative,Class A Common Stock,,,,
1650372,2025-04-30,TEAM,Farquhar Scott,"isDirector,isTenPercentOwner",0001562180-25-003403,2025-04-29,S,700.0,230.2373,221844.0,I,non_derivative,Class A Common Stock,,,,
1650372,2025-04-30,TEAM,Cannon-Brookes Michael,"isDirector,isOfficer,isTenPercentOwner",0001562180-25-003404,2025-04-29,S,700.0,230.2374,221844.0,I,,,,,,
1650372,2025-04-30,TEAM,Farquhar Scott,"isDirector,isTenPercentOwner",0001562180-25-003403,2025-04-29,S,700.0,230.2373,221844.0,I,,,,,,
1650372,2025-05-01,TEAM,Cannon-Brookes Michael,"isDirector,isOfficer,isTenPercentOwner",0001562180-25-003453,2025-04-30,S,2067.0,225.8389,212529.0,I,,,,,,
1650372,2025-05-01,TEAM,Farquhar Scott,"isDirector,isTenPercentOwner",0001562180-25-003452,2025-04-30,S,2067.0,225.839,212529.0,I,,,,,,
1650372,2025-05-01,TEAM,Farquhar Scott,"isDirector,isTenPercentOwner",0001562180-25-003452,2025-04-30,S,2067.0,225.839,212529.0,I,non_derivative,Class A Common Stock,,,,
1650372,2025-05-01,TEAM,Cannon-Brookes Michael,"isDirector,isOfficer,isTenPercentOwner",0001562180-25-003453,2025-04-30,S,2067.0,225.8389,212529.0,I,non_derivative,Class A Common Stock,,,,
1650372,2025-05-02,TEAM,Farquhar Scott,"isDirector,isTenPercentOwner",0001562180-25-003480,2025-05-01,S,479.0,230.2651,206169.0,I,,,,,,
1650372,2025-05-02,TEAM,Cannon-Brookes Michael,"isDirector,isOfficer,isTenPercentOwner",0001562180-25-003479,2025-05-01,S,50.0,240.04,206598.0,I,,,,,,
1650372,2025-05-02,TEAM,Farquhar Scott,"isDirector,isTenPercentOwner",0001562180-25-003480,2025-05-01,S,479.0,230.2651,206169.0,I,non_derivative,Class A Common Stock,,,,
1650372,2025-05-02,TEAM,Cannon-Brookes Michael,"isDirector,isOfficer,isTenPercentOwner",0001562180-25-003479,2025-05-01,S,50.0,240.04,206598.0,I,non_derivative,Class A Common Stock,,,,
1650372,2025-05-05,TEAM,Cannon-Brookes Michael,"isDirector,isOfficer,isTenPercentOwner",0001562180-25-003595,2025-05-02,S,1631.0,211.7248,197069.0,I,non_derivative,Class A Common Stock,,,,
1650372,2025-05-05,TEAM,Farquhar Scott,"isDirector,isTenPercentOwner",0001562180-25-003596,2025-05-02,S,800.0,209.4468,197900.0,I,non_derivative,Class A Common Stock,,,,
1650372,2025-05-05,TEAM,Cannon-Brookes Michael,"isDirector,isOfficer,isTenPercentOwner",0001562180-25-003595,2025-05-02,S,1631.0,211.7248,197069.0,I,,,,,,
1650372,2025-05-05,TEAM,Farquhar Scott,"isDirector,isTenPercentOwner",0001562180-25-003596,2025-05-02,S,800.0,209.4468,197900.0,I,,,,,,
1650372,2025-05-06,TEAM,Cannon-Brookes Michael,"isDirector,isOfficer,isTenPercentOwner",0001562180-25-003616,2025-05-05,S,1068.0,211.0168,189684.0,I,,,,,,
1650372,2025-05-06,TEAM,Cannon-Brookes Michael,"isDirector,isOfficer,isTenPercentOwner",0001562180-25-003616,2025-05-05,S,1068.0,211.0168,189684.0,I,non_derivative,Class A Common Stock,,,,
1650372,2025-05-06,TEAM,Farquhar Scott,"isDirector,isTenPercentOwner",0001562180-25-003615,2025-05-05,S,1067.0,211.0166,189685.0,I,non_derivative,Class A Common Stock,,,,
1650372,2025-05-06,TEAM,Farquhar Scott,"isDirector,isTenPercentOwner",0001562180-25-003615,2025-05-05,S,1067.0,211.0166,189685.0,I,,,,,,
1650372,2025-05-07,TEAM,Farquhar Scott,"isDirector,isTenPercentOwner",0001562180-25-003640,2025-05-06,S,2452.0,206.5768,180352.0,I,,,,,,
1650372,2025-05-07,TEAM,Cannon-Brookes Michael,"isDirector,isOfficer,isTenPercentOwner",0001562180-25-003639,2025-05-06,S,1356.0,208.2491,181448.0,I,,,,,,
1650372,2025-05-07,TEAM,Farquhar Scott,"isDirector,isTenPercentOwner",0001562180-25-003640,2025-05-06,S,2452.0,206.5768,180352.0,I,non_derivative,Class A Common Stock,,,,
1650372,2025-05-07,TEAM,Cannon-Brookes Michael,"isDirector,isOfficer,isTenPercentOwner",0001562180-25-003639,2025-05-06,S,1356.0,208.2491,181448.0,I,non_derivative,Class A Common Stock,,,,
1650372,2025-05-08,TEAM,Cannon-Brookes Michael,"isDirector,isOfficer,isTenPercentOwner",0001562180-25-003673,2025-05-07,S,860.0,208.2474,173996.0,I,non_derivative,Class A Common Stock,,,,
1650372,2025-05-08,TEAM,Farquhar Scott,"isDirector,isTenPercentOwner",0001562180-25-003672,2025-05-07,S,860.0,208.2472,173996.0,I,,,,,,
1650372,2025-05-08,TEAM,Cannon-Brookes Michael,"isDirector,isOfficer,isTenPercentOwner",0001562180-25-003673,2025-05-07,S,860.0,208.2474,173996.0,I,,,,,,
1650372,2025-05-08,TEAM,Farquhar Scott,"isDirector,isTenPercentOwner",0001562180-25-003672,2025-05-07,S,860.0,208.2472,173996.0,I,non_derivative,Class A Common Stock,,,,
1650372,2025-05-09,TEAM,Cannon-Brookes Michael,"isDirector,isOfficer,isTenPercentOwner",0001562180-25-003699,2025-05-08,S,1101.0,208.9521,165807.0,I,,,,,,
1650372,2025-05-09,TEAM,Cannon-Brookes Michael,"isDirector,isOfficer,isTenPercentOwner",0001562180-25-003699,2025-05-08,S,1101.0,208.9521,165807.0,I,non_derivative,Class A Common Stock,,,,
1650372,2025-05-09,TEAM,Farquhar Scott,"isDirector,isTenPercentOwner",0001562180-25-003698,2025-05-08,S,50.0,211.46,166858.0,I,,,,,,
1650372,2025-05-09,TEAM,Farquhar Scott,"isDirector,isTenPercentOwner",0001562180-25-003698,2025-05-08,S,50.0,211.46,166858.0,I,non_derivative,Class A Common Stock,,,,
1650372,2025-05-12,TEAM,Cannon-Brookes Michael,"isDirector,isOfficer,isTenPercentOwner",0001562180-25-003768,2025-05-09,S,4144.0,206.8923,154816.0,I,,,,,,
1650372,2025-05-12,TEAM,Farquhar Scott,"isDirector,isTenPercentOwner",0001562180-25-003769,2025-05-09,S,350.0,208.8177,158610.0,I,non_derivative,Class A Common Stock,,,,
1650372,2025-05-12,TEAM,Farquhar Scott,"isDirector,isTenPercentOwner",0001562180-25-003769,2025-05-09,S,350.0,208.8177,158610.0,I,,,,,,
1650372,2025-05-12,TEAM,Cannon-Brookes Michael,"isDirector,isOfficer,isTenPercentOwner",0001562180-25-003768,2025-05-09,S,4144.0,206.8923,154816.0,I,non_derivative,Class A Common Stock,,,,
1650372,2025-05-13,TEAM,Farquhar Scott,"isDirector,isTenPercentOwner",0001562180-25-003795,2025-05-12,S,200.0,219.8325,150812.0,I,,,,,,
1650372,2025-05-13,TEAM,Cannon-Brookes Michael,"isDirector,isOfficer,isTenPercentOwner",0001562180-25-003796,2025-05-12,S,3050.0,222.9974,147962.0,I,non_derivative,Class A Common Stock,,,,
1650372,2025-05-13,TEAM,Farquhar Scott,"isDirector,isTenPercentOwner",0001562180-25-003795,2025-05-12,S,200.0,219.8325,150812.0,I,non_derivative,Class A Common Stock,,,,
1650372,2025-05-13,TEAM,Cannon-Brookes Michael,"isDirector,isOfficer,isTenPercentOwner",0001562180-25-003796,2025-05-12,S,3050.0,222.9974,147962.0,I,,,,,,
1650372,2025-05-14,TEAM,Cannon-Brookes Michael,"isDirector,isOfficer,isTenPercentOwner",0001562180-25-003818,2025-05-13,S,3159.0,230.4662,139905.0,I,non_derivative,Class A Common Stock,,,,
1650372,2025-05-14,TEAM,Cannon-Brookes Michael,"isDirector,isOfficer,isTenPercentOwner",0001562180-25-003818,2025-05-13,S,3159.0,230.4662,139905.0,I,,,,,,
1650372,2025-05-14,TEAM,Farquhar Scott,"isDirector,isTenPercentOwner",0001562180-25-003817,2025-05-13,S,1199.0,231.4616,141865.0,I,,,,,,
1650372,2025-05-14,TEAM,Farquhar Scott,"isDirector,isTenPercentOwner",0001562180-25-003817,2025-05-13,S,1199.0,231.4616,141865.0,I,non_derivative,Class A Common Stock,,,,
1650372,2025-05-15,TEAM,LIU GENE,isOfficer,0001562180-25-003902,2025-05-14,S,169.0,224.5446,51853.0,D,non_derivative,Class A Common Stock,,,,
1650372,2025-05-15,TEAM,Cannon-Brookes Michael,"isDirector,isOfficer,isTenPercentOwner",0001562180-25-003898,2025-05-14,S,100.0,229.54,135016.0,I,non_derivative,Class A Common Stock,,,,
1650372,2025-05-15,TEAM,RAJAN RAJEEV BASHYAM,isOfficer,0001562180-25-003901,2025-05-14,S,1317.0,225.1518,158937.0,D,non_derivative,Class A Common Stock,,,,
1650372,2025-05-15,TEAM,BHARADWAJ ANUTTHARA,isOfficer,0001562180-25-003900,2025-05-14,S,20.0,230.05,199914.0,D,non_derivative,Class A Common Stock,,,,
1650372,2025-05-15,TEAM,BINZ JOSEPH LEO,isOfficer,0001562180-25-003899,2025-05-14,S,45.0,229.4256,167541.0,D,non_derivative,Class A Common Stock,,,,
1650372,2025-05-15,TEAM,RAJAN RAJEEV BASHYAM,isOfficer,0001562180-25-003901,2025-05-14,S,1317.0,225.1518,158937.0,D,,,,,,
1650372,2025-05-15,TEAM,BINZ JOSEPH LEO,isOfficer,0001562180-25-003899,2025-05-14,S,45.0,229.4256,167541.0,D,,,,,,
1650372,2025-05-15,TEAM,Farquhar Scott,"isDirector,isTenPercentOwner",0001562180-25-003897,2025-05-14,S,100.0,229.54,135016.0,I,non_derivative,Class A Common Stock,,,,
1650372,2025-05-15,TEAM,LIU GENE,isOfficer,0001562180-25-003902,2025-05-14,S,169.0,224.5446,51853.0,D,,,,,,
1650372,2025-05-15,TEAM,Farquhar Scott,"isDirector,isTenPercentOwner",0001562180-25-003897,2025-05-14,S,100.0,229.54,135016.0,I,,,,,,
1650372,2025-05-15,TEAM,BHARADWAJ ANUTTHARA,isOfficer,0001562180-25-003900,2025-05-14,S,20.0,230.05,199914.0,D,,,,,,
1650372,2025-05-15,TEAM,Cannon-Brookes Michael,"isDirector,isOfficer,isTenPercentOwner",0001562180-25-003898,2025-05-14,S,100.0,229.54,135016.0,I,,,,,,
1650372,2025-05-16,TEAM,Cannon-Brookes Michael,"isDirector,isOfficer,isTenPercentOwner",0001562180-25-003942,2025-05-15,S,800.0,218.0183,126368.0,I,,,,,,
1650372,2025-05-16,TEAM,Farquhar Scott,"isDirector,isTenPercentOwner",0001562180-25-003943,2025-05-15,S,699.0,222.0221,126469.0,I,non_derivative,Class A Common Stock,,,,
1650372,2025-05-16,TEAM,Cannon-Brookes Michael,"isDirector,isOfficer,isTenPercentOwner",0001562180-25-003942,2025-05-15,S,800.0,218.0183,126368.0,I,non_derivative,Class A Common Stock,,,,
1650372,2025-05-16,TEAM,Farquhar Scott,"isDirector,isTenPercentOwner",0001562180-25-003943,2025-05-15,S,699.0,222.0221,126469.0,I,,,,,,
1650372,2025-05-19,TEAM,Cannon-Brookes Michael,"isDirector,isOfficer,isTenPercentOwner",0001562180-25-004000,2025-05-16,S,2067.0,221.7614,117153.0,I,,,,,,
1650372,2025-05-19,TEAM,Farquhar Scott,"isDirector,isTenPercentOwner",0001562180-25-003999,2025-05-16,S,1500.0,222.6974,117720.0,I,,,,,,
1650372,2025-05-19,TEAM,Farquhar Scott,"isDirector,isTenPercentOwner",0001562180-25-003999,2025-05-16,S,1500.0,222.6974,117720.0,I,non_derivative,Class A Common Stock,,,,
1650372,2025-05-19,TEAM,Cannon-Brookes Michael,"isDirector,isOfficer,isTenPercentOwner",0001562180-25-004000,2025-05-16,S,2067.0,221.7614,117153.0,I,non_derivative,Class A Common Stock,,,,
1650372,2025-05-19,TEAM,RAJAN RAJEEV BASHYAM,isOfficer,0001562180-25-004001,2025-05-16,S,3285.0,220.7,153425.0,D,non_derivative,Class A Common Stock,,,,
1650372,2025-05-19,TEAM,RAJAN RAJEEV BASHYAM,isOfficer,0001562180-25-004001,2025-05-16,S,3285.0,220.7,153425.0,D,,,,,,
1650372,2025-05-20,TEAM,RAJAN RAJEEV BASHYAM,isOfficer,0001562180-25-004052,2025-05-19,S,1143.0,215.2497,152282.0,D,non_derivative,Class A Common Stock,,,,
1650372,2025-05-20,TEAM,BHARADWAJ ANUTTHARA,isOfficer,0001562180-25-004049,2025-05-19,S,625.0,215.2497,191635.0,D,non_derivative,Class A Common Stock,,,,
1650372,2025-05-20,TEAM,BHARADWAJ ANUTTHARA,isOfficer,0001562180-25-004049,2025-05-19,S,625.0,215.2497,191635.0,D,,,,,,
1650372,2025-05-20,TEAM,Farquhar Scott,"isDirector,isTenPercentOwner",0001562180-25-004047,2025-05-19,S,530.0,216.1498,110742.0,I,non_derivative,Class A Common Stock,,,,
1650372,2025-05-20,TEAM,BINZ JOSEPH LEO,isOfficer,0001562180-25-004051,2025-05-19,S,962.0,214.4164,163597.0,D,non_derivative,Class A Common Stock,,,,
1650372,2025-05-20,TEAM,Cannon-Brookes Michael,"isDirector,isOfficer,isTenPercentOwner",0001562180-25-004048,2025-05-19,S,3082.0,215.3425,108190.0,I,,,,,,
1650372,2025-05-20,TEAM,Farquhar Scott,"isDirector,isTenPercentOwner",0001562180-25-004047,2025-05-19,S,530.0,216.1498,110742.0,I,,,,,,
1650372,2025-05-20,TEAM,RAJAN RAJEEV BASHYAM,isOfficer,0001562180-25-004052,2025-05-19,S,1143.0,215.2497,152282.0,D,,,,,,
1650372,2025-05-20,TEAM,LIU GENE,isOfficer,0001562180-25-004053,2025-05-19,S,44.0,215.2497,51437.0,D,,,,,,
1650372,2025-05-20,TEAM,Cannon-Brookes Michael,"isDirector,isOfficer,isTenPercentOwner",0001562180-25-004048,2025-05-19,S,3082.0,215.3425,108190.0,I,non_derivative,Class A Common Stock,,,,
1650372,2025-05-20,TEAM,LIU GENE,isOfficer,0001562180-25-004053,2025-05-19,S,44.0,215.2497,51437.0,D,non_derivative,Class A Common Stock,,,,
1650372,2025-05-20,TEAM,BINZ JOSEPH LEO,isOfficer,0001562180-25-004051,2025-05-19,S,962.0,214.4164,163597.0,D,,,,,,
1650372,2025-05-20,TEAM,DUFFY BRIAN,isOfficer,0001562180-25-004050,2025-05-19,S,187.0,216.021,77384.0,D,non_derivative,Class A Common Stock,,,,
1650372,2025-05-20,TEAM,DUFFY BRIAN,isOfficer,0001562180-25-004050,2025-05-19,S,187.0,216.021,77384.0,D,,,,,,
1650372,2025-05-21,TEAM,Farquhar Scott,"isDirector,isTenPercentOwner",0001562180-25-004070,2025-05-20,S,57.0,215.4526,103267.0,I,,,,,,
1650372,2025-05-21,TEAM,Cannon-Brookes Michael,"isDirector,isOfficer,isTenPercentOwner",0001562180-25-004069,2025-05-20,S,150.0,212.3767,103174.0,I,,,,,,
1650372,2025-05-21,TEAM,Cannon-Brookes Michael,"isDirector,isOfficer,isTenPercentOwner",0001562180-25-004069,2025-05-20,S,150.0,212.3767,103174.0,I,non_derivative,Class A Common Stock,,,,
1650372,2025-05-21,TEAM,Farquhar Scott,"isDirector,isTenPercentOwner",0001562180-25-004070,2025-05-20,S,57.0,215.4526,103267.0,I,non_derivative,Class A Common Stock,,,,
1650372,2025-05-22,TEAM,Cannon-Brookes Michael,"isDirector,isOfficer,isTenPercentOwner",0001562180-25-004078,2025-05-21,S,593.0,211.3475,94783.0,I,,,,,,
1650372,2025-05-22,TEAM,Farquhar Scott,"isDirector,isTenPercentOwner",0001562180-25-004077,2025-05-21,S,1739.0,213.8009,93637.0,I,,,,,,
1650372,2025-05-22,TEAM,Cannon-Brookes Michael,"isDirector,isOfficer,isTenPercentOwner",0001562180-25-004078,2025-05-21,S,593.0,211.3475,94783.0,I,non_derivative,Class A Common Stock,,,,
1650372,2025-05-22,TEAM,Farquhar Scott,"isDirector,isTenPercentOwner",0001562180-25-004077,2025-05-21,S,1739.0,213.8009,93637.0,I,non_derivative,Class A Common Stock,,,,
1650372,2025-05-23,TEAM,Cannon-Brookes Michael,"isDirector,isOfficer,isTenPercentOwner",0001562180-25-004144,2025-05-23,S,335.0,205.3767,79145.0,I,,,,,,
1650372,2025-05-23,TEAM,Farquhar Scott,"isDirector,isTenPercentOwner",0001562180-25-004143,2025-05-23,S,335.0,205.3767,79145.0,I,,,,,,
1650372,2025-05-23,TEAM,Farquhar Scott,"isDirector,isTenPercentOwner",0001562180-25-004135,2025-05-22,S,150.0,210.5,87278.0,I,,,,,,
1650372,2025-05-23,TEAM,Farquhar Scott,"isDirector,isTenPercentOwner",0001562180-25-004143,2025-05-23,S,335.0,205.3767,79145.0,I,non_derivative,Class A Common Stock,,,,
1650372,2025-05-23,TEAM,Farquhar Scott,"isDirector,isTenPercentOwner",0001562180-25-004135,2025-05-22,S,150.0,210.5,87278.0,I,non_derivative,Class A Common Stock,,,,
1650372,2025-05-23,TEAM,Cannon-Brookes Michael,"isDirector,isOfficer,isTenPercentOwner",0001562180-25-004136,2025-05-22,S,150.0,210.5,87278.0,I,non_derivative,Class A Common Stock,,,,
1650372,2025-05-23,TEAM,Cannon-Brookes Michael,"isDirector,isOfficer,isTenPercentOwner",0001562180-25-004136,2025-05-22,S,150.0,210.5,87278.0,I,,,,,,
1650372,2025-05-23,TEAM,Cannon-Brookes Michael,"isDirector,isOfficer,isTenPercentOwner",0001562180-25-004144,2025-05-23,S,335.0,205.3767,79145.0,I,non_derivative,Class A Common Stock,,,,
1650372,2025-05-28,TEAM,Cannon-Brookes Michael,"isDirector,isOfficer,isTenPercentOwner",0001562180-25-004238,2025-05-27,S,2237.0,211.3722,69295.0,I,,,,,,
1650372,2025-05-28,TEAM,Farquhar Scott,"isDirector,isTenPercentOwner",0001562180-25-004237,2025-05-27,S,5412.0,210.7134,66120.0,I,,,,,,
1650372,2025-05-28,TEAM,Farquhar Scott,"isDirector,isTenPercentOwner",0001562180-25-004237,2025-05-27,S,5412.0,210.7134,66120.0,I,non_derivative,Class A Common Stock,,,,
1650372,2025-05-28,TEAM,Cannon-Brookes Michael,"isDirector,isOfficer,isTenPercentOwner",0001562180-25-004238,2025-05-27,S,2237.0,211.3722,69295.0,I,non_derivative,Class A Common Stock,,,,
1650372,2025-05-29,TEAM,Cannon-Brookes Michael,"isDirector,isOfficer,isTenPercentOwner",0001562180-25-004263,2025-05-28,S,150.0,213.8359,63434.0,I,,,,,,
1650372,2025-05-29,TEAM,Farquhar Scott,"isDirector,isTenPercentOwner",0001562180-25-004262,2025-05-28,S,2535.0,212.2318,61049.0,I,,,,,,
1650372,2025-05-29,TEAM,Cannon-Brookes Michael,"isDirector,isOfficer,isTenPercentOwner",0001562180-25-004263,2025-05-28,S,150.0,213.8359,63434.0,I,non_derivative,Class A Common Stock,,,,
1650372,2025-05-29,TEAM,Farquhar Scott,"isDirector,isTenPercentOwner",0001562180-25-004262,2025-05-28,S,2535.0,212.2318,61049.0,I,non_derivative,Class A Common Stock,,,,
1650372,2025-05-30,TEAM,Cannon-Brookes Michael,"isDirector,isOfficer,isTenPercentOwner",0001562180-25-004281,2025-05-29,S,300.0,212.0084,55336.0,I,non_derivative,Class A Common Stock,,,,
1650372,2025-05-30,TEAM,Farquhar Scott,"isDirector,isTenPercentOwner",0001562180-25-004280,2025-05-29,S,2367.0,204.2553,53269.0,I,,,,,,
1650372,2025-05-30,TEAM,Farquhar Scott,"isDirector,isTenPercentOwner",0001562180-25-004280,2025-05-29,S,2367.0,204.2553,53269.0,I,non_derivative,Class A Common Stock,,,,
1650372,2025-05-30,TEAM,Cannon-Brookes Michael,"isDirector,isOfficer,isTenPercentOwner",0001562180-25-004281,2025-05-29,S,300.0,212.0084,55336.0,I,,,,,,
1650372,2025-06-02,TEAM,Cannon-Brookes Michael,"isDirector,isOfficer,isTenPercentOwner",0001562180-25-004312,2025-05-30,S,500.0,202.414,47188.0,I,non_derivative,Class A Common Stock,,,,
1650372,2025-06-02,TEAM,Cannon-Brookes Michael,"isDirector,isOfficer,isTenPercentOwner",0001562180-25-004312,2025-05-30,S,500.0,202.414,47188.0,I,,,,,,
1650372,2025-06-02,TEAM,Farquhar Scott,"isDirector,isTenPercentOwner",0001562180-25-004316,2025-05-30,S,1900.0,203.6325,45788.0,I,,,,,,
1650372,2025-06-02,TEAM,Farquhar Scott,"isDirector,isTenPercentOwner",0001562180-25-004316,2025-05-30,S,1900.0,203.6325,45788.0,I,non_derivative,Class A Common Stock,,,,
1650372,2025-06-03,TEAM,Cannon-Brookes Michael,"isDirector,isOfficer,isTenPercentOwner",0001562180-25-004356,2025-06-02,S,100.0,200.6401,39640.0,I,,,,,,
1650372,2025-06-03,TEAM,Cannon-Brookes Michael,"isDirector,isOfficer,isTenPercentOwner",0001562180-25-004356,2025-06-02,S,100.0,200.6401,39640.0,I,non_derivative,Class A Common Stock,,,,
1650372,2025-06-03,TEAM,Farquhar Scott,"isDirector,isTenPercentOwner",0001562180-25-004357,2025-06-02,S,2934.0,205.2304,36806.0,I,,,,,,
1650372,2025-06-03,TEAM,Farquhar Scott,"isDirector,isTenPercentOwner",0001562180-25-004357,2025-06-02,S,2934.0,205.2304,36806.0,I,non_derivative,Class A Common Stock,,,,
1650372,2025-06-04,TEAM,Farquhar Scott,"isDirector,isTenPercentOwner",0001562180-25-004449,2025-06-03,S,571.0,206.1379,31221.0,I,,,,,,
1650372,2025-06-04,TEAM,Cannon-Brookes Michael,"isDirector,isOfficer,isTenPercentOwner",0001562180-25-004450,2025-06-03,S,571.0,206.138,31221.0,I,non_derivative,Class A Common Stock,,,,
1650372,2025-06-04,TEAM,Cannon-Brookes Michael,"isDirector,isOfficer,isTenPercentOwner",0001562180-25-004450,2025-06-03,S,571.0,206.138,31221.0,I,,,,,,
1650372,2025-06-04,TEAM,Farquhar Scott,"isDirector,isTenPercentOwner",0001562180-25-004449,2025-06-03,S,571.0,206.1379,31221.0,I,non_derivative,Class A Common Stock,,,,
1650372,2025-06-05,TEAM,Farquhar Scott,"isDirector,isTenPercentOwner",0001562180-25-004503,2025-06-04,S,250.0,213.862,23594.0,I,,,,,,
1650372,2025-06-05,TEAM,Farquhar Scott,"isDirector,isTenPercentOwner",0001562180-25-004503,2025-06-04,S,250.0,213.862,23594.0,I,non_derivative,Class A Common Stock,,,,
1650372,2025-06-05,TEAM,DUFFY BRIAN,isOfficer,0001562180-25-004504,2025-06-04,S,2252.0,210.0,73360.0,D,non_derivative,Class A Common Stock,,,,
1650372,2025-06-05,TEAM,Cannon-Brookes Michael,"isDirector,isOfficer,isTenPercentOwner",0001562180-25-004502,2025-06-04,S,5757.0,210.7535,18087.0,I,non_derivative,Class A Common Stock,,,,
1650372,2025-06-05,TEAM,DUFFY BRIAN,isOfficer,0001562180-25-004504,2025-06-04,S,2252.0,210.0,73360.0,D,,,,,,
1650372,2025-06-05,TEAM,Cannon-Brookes Michael,"isDirector,isOfficer,isTenPercentOwner",0001562180-25-004502,2025-06-04,S,5757.0,210.7535,18087.0,I,,,,,,
1650372,2025-06-06,TEAM,Cannon-Brookes Michael,"isDirector,isOfficer,isTenPercentOwner",0001562180-25-004615,2025-06-06,C,114975.0,,114975.0,I,non_derivative,Class A Common Stock,,,,
1650372,2025-06-06,TEAM,Cannon-Brookes Michael,"isDirector,isOfficer,isTenPercentOwner",0001562180-25-004550,2025-06-05,S,602.0,215.7391,15294.0,I,,,,,,
1650372,2025-06-06,TEAM,Cannon-Brookes Michael,"isDirector,isOfficer,isTenPercentOwner",0001562180-25-004572,2025-06-06,S,204.0,218.0149,7744.0,I,non_derivative,Class A Common Stock,,,,
1650372,2025-06-06,TEAM,Farquhar Scott,"isDirector,isTenPercentOwner",0001562180-25-004573,2025-06-06,S,400.0,219.0108,7548.0,I,,,,,,
1650372,2025-06-06,TEAM,Farquhar Scott,"isDirector,isTenPercentOwner",0001562180-25-004616,2025-06-06,C,114975.0,,114975.0,I,non_derivative,Class A Common Stock,,,,
1650372,2025-06-06,TEAM,RAJAN RAJEEV BASHYAM,isOfficer,0001562180-25-004549,2025-06-05,S,2845.0,220.0,147415.0,D,,,,,,
1650372,2025-06-06,TEAM,Cannon-Brookes Michael,"isDirector,isOfficer,isTenPercentOwner",0001562180-25-004572,2025-06-06,S,204.0,218.0149,7744.0,I,,,,,,
1650372,2025-06-06,TEAM,Farquhar Scott,"isDirector,isTenPercentOwner",0001562180-25-004616,2025-06-06,C,114975.0,0.0,48515493.0,I,derivative,Class B Common Stock,Class A Common Stock,114975.0,,
1650372,2025-06-06,TEAM,Cannon-Brookes Michael,"isDirector,isOfficer,isTenPercentOwner",0001562180-25-004550,2025-06-05,S,602.0,215.7391,15294.0,I,non_derivative,Class A Common Stock,,,,
1650372,2025-06-06,TEAM,RAJAN RAJEEV BASHYAM,isOfficer,0001562180-25-004549,2025-06-05,S,2845.0,220.0,147415.0,D,non_derivative,Class A Common Stock,,,,
1650372,2025-06-06,TEAM,Farquhar Scott,"isDirector,isTenPercentOwner",0001562180-25-004548,2025-06-05,S,603.0,215.7395,15293.0,I,non_derivative,Class A Common Stock,,,,
1650372,2025-06-06,TEAM,Cannon-Brookes Michael,"isDirector,isOfficer,isTenPercentOwner",0001562180-25-004615,2025-06-06,C,114975.0,0.0,48515493.0,I,derivative,Class B Common Stock,Class A Common Stock,114975.0,,
1650372,2025-06-06,TEAM,Farquhar Scott,"isDirector,isTenPercentOwner",0001562180-25-004548,2025-06-05,S,603.0,215.7395,15293.0,I,,,,,,
1650372,2025-06-06,TEAM,Cannon-Brookes Michael,"isDirector,isOfficer,isTenPercentOwner",0001562180-25-004615,2025-06-06,C,114975.0,,114975.0,I,,,,,,
1650372,2025-06-06,TEAM,Farquhar Scott,"isDirector,isTenPercentOwner",0001562180-25-004616,2025-06-06,C,114975.0,,114975.0,I,,,,,,
1650372,2025-06-06,TEAM,Farquhar Scott,"isDirector,isTenPercentOwner",0001562180-25-004573,2025-06-06,S,400.0,219.0108,7548.0,I,non_derivative,Class A Common Stock,,,,
1650372,2025-06-10,TEAM,Farquhar Scott,"isDirector,isTenPercentOwner",0001562180-25-004695,2025-06-09,S,2100.0,215.6016,112875.0,I,non_derivative,Class A Common Stock,,,,
1650372,2025-06-10,TEAM,Cannon-Brookes Michael,"isDirector,isOfficer,isTenPercentOwner",0001562180-25-004694,2025-06-09,S,700.0,213.7155,114275.0,I,non_derivative,Class A Common Stock,,,,
1650372,2025-06-10,TEAM,Cannon-Brookes Michael,"isDirector,isOfficer,isTenPercentOwner",0001562180-25-004694,2025-06-09,S,700.0,213.7155,114275.0,I,,,,,,
1650372,2025-06-10,TEAM,Farquhar Scott,"isDirector,isTenPercentOwner",0001562180-25-004695,2025-06-09,S,2100.0,215.6016,112875.0,I,,,,,,
1650372,2025-06-11,TEAM,Cannon-Brookes Michael,"isDirector,isOfficer,isTenPercentOwner",0001562180-25-004716,2025-06-10,S,526.0,215.1027,106784.0,I,non_derivative,Class A Common Stock,,,,
1650372,2025-06-11,TEAM,Cannon-Brookes Michael,"isDirector,isOfficer,isTenPercentOwner",0001562180-25-004716,2025-06-10,S,526.0,215.1027,106784.0,I,,,,,,
1650372,2025-06-11,TEAM,Farquhar Scott,"isDirector,isTenPercentOwner",0001562180-25-004715,2025-06-10,S,3057.0,213.035,104253.0,I,,,,,,
1650372,2025-06-11,TEAM,Farquhar Scott,"isDirector,isTenPercentOwner",0001562180-25-004715,2025-06-10,S,3057.0,213.035,104253.0,I,non_derivative,Class A Common Stock,,,,
1650372,2025-06-13,TEAM,Farquhar Scott,"isDirector,isTenPercentOwner",0001562180-25-004831,2025-06-12,S,50.0,195.85,91930.0,I,non_derivative,Class A Common Stock,,,,
1650372,2025-06-13,TEAM,Farquhar Scott,"isDirector,isTenPercentOwner",0001562180-25-004829,2025-06-11,S,200.0,206.0275,99445.0,I,,,,,,
1650372,2025-06-13,TEAM,Cannon-Brookes Michael,"isDirector,isOfficer,isTenPercentOwner",0001562180-25-004832,2025-06-12,S,453.0,197.5071,91527.0,I,non_derivative,Class A Common Stock,,,,
1650372,2025-06-13,TEAM,Cannon-Brookes Michael,"isDirector,isOfficer,isTenPercentOwner",0001562180-25-004830,2025-06-11,S,842.0,203.8475,98803.0,I,non_derivative,Class A Common Stock,,,,
1650372,2025-06-13,TEAM,Cannon-Brookes Michael,"isDirector,isOfficer,isTenPercentOwner",0001562180-25-004830,2025-06-11,S,842.0,203.8475,98803.0,I,,,,,,
1650372,2025-06-13,TEAM,Cannon-Brookes Michael,"isDirector,isOfficer,isTenPercentOwner",0001562180-25-004832,2025-06-12,S,453.0,197.5071,91527.0,I,,,,,,
1650372,2025-06-13,TEAM,Farquhar Scott,"isDirector,isTenPercentOwner",0001562180-25-004831,2025-06-12,S,50.0,195.85,91930.0,I,,,,,,
1650372,2025-06-13,TEAM,Farquhar Scott,"isDirector,isTenPercentOwner",0001562180-25-004829,2025-06-11,S,200.0,206.0275,99445.0,I,non_derivative,Class A Common Stock,,,,
1650372,2025-06-16,TEAM,Cannon-Brookes Michael,"isDirector,isOfficer,isTenPercentOwner",0001562180-25-004862,2025-06-13,S,2244.0,196.5736,82071.0,I,,,,,,
1650372,2025-06-16,TEAM,Cannon-Brookes Michael,"isDirector,isOfficer,isTenPercentOwner",0001562180-25-004862,2025-06-13,S,2244.0,196.5736,82071.0,I,non_derivative,Class A Common Stock,,,,
1650372,2025-06-16,TEAM,Farquhar Scott,"isDirector,isTenPercentOwner",0001562180-25-004860,2025-06-13,S,2244.0,196.5736,82071.0,I,,,,,,
1650372,2025-06-16,TEAM,Farquhar Scott,"isDirector,isTenPercentOwner",0001562180-25-004860,2025-06-13,S,2244.0,196.5736,82071.0,I,non_derivative,Class A Common Stock,,,,
1650372,2025-06-17,TEAM,Farquhar Scott,"isDirector,isTenPercentOwner",0001562180-25-004915,2025-06-16,S,700.0,202.1077,75950.0,I,,,,,,
1650372,2025-06-17,TEAM,Farquhar Scott,"isDirector,isTenPercentOwner",0001562180-25-004915,2025-06-16,S,700.0,202.1077,75950.0,I,non_derivative,Class A Common Stock,,,,
1650372,2025-06-17,TEAM,Cannon-Brookes Michael,"isDirector,isOfficer,isTenPercentOwner",0001562180-25-004914,2025-06-16,S,2536.0,201.1097,74114.0,I,non_derivative,Class A Common Stock,,,,
1650372,2025-06-17,TEAM,Cannon-Brookes Michael,"isDirector,isOfficer,isTenPercentOwner",0001562180-25-004914,2025-06-16,S,2536.0,201.1097,74114.0,I,,,,,,
1650372,2025-06-18,TEAM,Cannon-Brookes Michael,"isDirector,isOfficer,isTenPercentOwner",0001562180-25-004952,2025-06-18,S,758.0,194.4969,60562.0,I,non_derivative,Class A Common Stock,,,,
1650372,2025-06-18,TEAM,Cannon-Brookes Michael,"isDirector,isOfficer,isTenPercentOwner",0001562180-25-004945,2025-06-17,S,1150.0,201.5827,67835.0,I,non_derivative,Class A Common Stock,,,,
1650372,2025-06-18,TEAM,Farquhar Scott,"isDirector,isTenPercentOwner",0001562180-25-004946,2025-06-17,S,1150.0,201.5828,67835.0,I,non_derivative,Class A Common Stock,,,,
1650372,2025-06-18,TEAM,Farquhar Scott,"isDirector,isTenPercentOwner",0001562180-25-004951,2025-06-18,S,450.0,198.5844,60870.0,I,non_derivative,Class A Common Stock,,,,
1650372,2025-06-18,TEAM,Farquhar Scott,"isDirector,isTenPercentOwner",0001562180-25-004946,2025-06-17,S,1150.0,201.5828,67835.0,I,,,,,,
1650372,2025-06-18,TEAM,Cannon-Brookes Michael,"isDirector,isOfficer,isTenPercentOwner",0001562180-25-004945,2025-06-17,S,1150.0,201.5827,67835.0,I,,,,,,
1650372,2025-06-18,TEAM,Farquhar Scott,"isDirector,isTenPercentOwner",0001562180-25-004951,2025-06-18,S,450.0,198.5844,60870.0,I,,,,,,
1650372,2025-06-18,TEAM,Cannon-Brookes Michael,"isDirector,isOfficer,isTenPercentOwner",0001562180-25-004952,2025-06-18,S,758.0,194.4969,60562.0,I,,,,,,
1650372,2025-06-23,TEAM,Farquhar Scott,"isDirector,isTenPercentOwner",0001562180-25-004986,2025-06-20,S,1451.0,191.0848,52204.0,I,non_derivative,Class A Common Stock,,,,
1650372,2025-06-23,TEAM,Cannon-Brookes Michael,"isDirector,isOfficer,isTenPercentOwner",0001562180-25-004985,2025-06-20,S,1159.0,193.9813,52496.0,I,non_derivative,Class A Common Stock,,,,
1650372,2025-06-23,TEAM,Farquhar Scott,"isDirector,isTenPercentOwner",0001562180-25-004986,2025-06-20,S,1451.0,191.0848,52204.0,I,,,,,,
1650372,2025-06-23,TEAM,Cannon-Brookes Michael,"isDirector,isOfficer,isTenPercentOwner",0001562180-25-004985,2025-06-20,S,1159.0,193.9813,52496.0,I,,,,,,
1650372,2025-06-24,TEAM,Cannon-Brookes Michael,"isDirector,isOfficer,isTenPercentOwner",0001562180-25-005016,2025-06-23,S,450.0,190.5591,45540.0,I,,,,,,
1650372,2025-06-24,TEAM,Farquhar Scott,"isDirector,isTenPercentOwner",0001562180-25-005015,2025-06-23,S,450.0,190.5592,45540.0,I,,,,,,
1650372,2025-06-24,TEAM,Cannon-Brookes Michael,"isDirector,isOfficer,isTenPercentOwner",0001562180-25-005016,2025-06-23,S,450.0,190.5591,45540.0,I,non_derivative,Class A Common Stock,,,,
1650372,2025-06-24,TEAM,Farquhar Scott,"isDirector,isTenPercentOwner",0001562180-25-005015,2025-06-23,S,450.0,190.5592,45540.0,I,non_derivative,Class A Common Stock,,,,
1650372,2025-06-25,TEAM,Cannon-Brookes Michael,"isDirector,isOfficer,isTenPercentOwner",0001562180-25-005076,2025-06-24,S,900.0,197.1785,37425.0,I,non_derivative,Class A Common Stock,,,,
1650372,2025-06-25,TEAM,Cannon-Brookes Michael,"isDirector,isOfficer,isTenPercentOwner",0001562180-25-005076,2025-06-24,S,900.0,197.1785,37425.0,I,,,,,,
1650372,2025-06-25,TEAM,Farquhar Scott,"isDirector,isTenPercentOwner",0001562180-25-005075,2025-06-24,S,850.0,195.703,37475.0,I,non_derivative,Class A Common Stock,,,,
1650372,2025-06-25,TEAM,Farquhar Scott,"isDirector,isTenPercentOwner",0001562180-25-005075,2025-06-24,S,850.0,195.703,37475.0,I,,,,,,
1650372,2025-06-26,TEAM,Farquhar Scott,"isDirector,isTenPercentOwner",0001562180-25-005093,2025-06-25,S,1103.0,200.8799,29557.0,I,non_derivative,Class A Common Stock,,,,
1650372,2025-06-26,TEAM,Cannon-Brookes Michael,"isDirector,isOfficer,isTenPercentOwner",0001562180-25-005094,2025-06-25,S,1604.0,197.9365,29056.0,I,non_derivative,Class A Common Stock,,,,
1650372,2025-06-26,TEAM,Farquhar Scott,"isDirector,isTenPercentOwner",0001562180-25-005093,2025-06-25,S,1103.0,200.8799,29557.0,I,,,,,,
1650372,2025-06-26,TEAM,Cannon-Brookes Michael,"isDirector,isOfficer,isTenPercentOwner",0001562180-25-005094,2025-06-25,S,1604.0,197.9365,29056.0,I,,,,,,
1650372,2025-06-27,TEAM,Farquhar Scott,"isDirector,isTenPercentOwner",0001562180-25-005099,2025-06-26,S,1950.0,197.9958,21045.0,I,non_derivative,Class A Common Stock,,,,
1650372,2025-06-27,TEAM,Cannon-Brookes Michael,"isDirector,isOfficer,isTenPercentOwner",0001562180-25-005100,2025-06-26,S,1950.0,197.9957,21045.0,I,non_derivative,Class A Common Stock,,,,
1650372,2025-06-27,TEAM,Farquhar Scott,"isDirector,isTenPercentOwner",0001562180-25-005099,2025-06-26,S,1950.0,197.9958,21045.0,I,,,,,,
1650372,2025-06-27,TEAM,Cannon-Brookes Michael,"isDirector,isOfficer,isTenPercentOwner",0001562180-25-005100,2025-06-26,S,1950.0,197.9957,21045.0,I,,,,,,
1650372,2025-06-30,TEAM,Farquhar Scott,"isDirector,isTenPercentOwner",0001562180-25-005110,2025-06-27,S,1813.0,204.6968,13517.0,I,,,,,,
1650372,2025-06-30,TEAM,Cannon-Brookes Michael,"isDirector,isOfficer,isTenPercentOwner",0001562180-25-005123,2025-06-30,S,4653.0,203.3773,3012.0,I,,,,,,
1650372,2025-06-30,TEAM,Cannon-Brookes Michael,"isDirector,isOfficer,isTenPercentOwner",0001562180-25-005112,2025-06-27,S,1322.0,205.7479,14008.0,I,,,,,,
1650372,2025-06-30,TEAM,Farquhar Scott,"isDirector,isTenPercentOwner",0001562180-25-005110,2025-06-27,S,1813.0,204.6968,13517.0,I,non_derivative,Class A Common Stock,,,,
1650372,2025-06-30,TEAM,Cannon-Brookes Michael,"isDirector,isOfficer,isTenPercentOwner",0001562180-25-005112,2025-06-27,S,1322.0,205.7479,14008.0,I,non_derivative,Class A Common Stock,,,,
1650372,2025-06-30,TEAM,Farquhar Scott,"isDirector,isTenPercentOwner",0001562180-25-005124,2025-06-30,S,264.0,204.1238,7401.0,I,,,,,,
1650372,2025-06-30,TEAM,Cannon-Brookes Michael,"isDirector,isOfficer,isTenPercentOwner",0001562180-25-005123,2025-06-30,S,4653.0,203.3773,3012.0,I,non_derivative,Class A Common Stock,,,,
1650372,2025-06-30,TEAM,Farquhar Scott,"isDirector,isTenPercentOwner",0001562180-25-005124,2025-06-30,S,264.0,204.1238,7401.0,I,non_derivative,Class A Common Stock,,,,
1650372,2025-07-01,TEAM,Farquhar Scott,"isDirector,isTenPercentOwner",0001562180-25-005192,2025-07-01,C,490560.0,,490560.0,I,non_derivative,Class A Common Stock,,,,
1650372,2025-07-01,TEAM,Cannon-Brookes Michael,"isDirector,isOfficer,isTenPercentOwner",0001562180-25-005191,2025-07-01,C,490560.0,,490560.0,I,,,,,,
1650372,2025-07-01,TEAM,Farquhar Scott,"isDirector,isTenPercentOwner",0001562180-25-005192,2025-07-01,C,490560.0,0.0,48024933.0,I,derivative,Class B Common Stock,Class A Common Stock,490560.0,,
1650372,2025-07-01,TEAM,Farquhar Scott,"isDirector,isTenPercentOwner",0001562180-25-005192,2025-07-01,C,490560.0,,490560.0,I,,,,,,
1650372,2025-07-02,TEAM,Cannon-Brookes Michael,"isDirector,isOfficer,isTenPercentOwner",0001562180-25-005249,2025-07-01,S,1754.0,207.0554,488806.0,I,non_derivative,Class A Common Stock,,,,
1650372,2025-07-02,TEAM,Farquhar Scott,"isDirector,isTenPercentOwner",0001562180-25-005250,2025-07-01,S,1000.0,205.9588,489560.0,I,non_derivative,Class A Common Stock,,,,
1650372,2025-07-02,TEAM,Cannon-Brookes Michael,"isDirector,isOfficer,isTenPercentOwner",0001562180-25-005249,2025-07-01,S,1754.0,207.0554,488806.0,I,,,,,,
1650372,2025-07-02,TEAM,Farquhar Scott,"isDirector,isTenPercentOwner",0001562180-25-005250,2025-07-01,S,1000.0,205.9588,489560.0,I,,,,,,
1650372,2025-07-03,TEAM,Cannon-Brookes Michael,"isDirector,isOfficer,isTenPercentOwner",0001562180-25-005321,2025-07-02,S,750.0,206.5293,482145.0,I,non_derivative,Class A Common Stock,,,,
1650372,2025-07-03,TEAM,Farquhar Scott,"isDirector,isTenPercentOwner",0001562180-25-005324,2025-07-03,S,400.0,210.7493,474830.0,I,non_derivative,Class A Common Stock,,,,
1650372,2025-07-03,TEAM,Cannon-Brookes Michael,"isDirector,isOfficer,isTenPercentOwner",0001562180-25-005323,2025-07-03,S,300.0,209.8326,474930.0,I,,,,,,
1650372,2025-07-03,TEAM,Farquhar Scott,"isDirector,isTenPercentOwner",0001562180-25-005324,2025-07-03,S,400.0,210.7493,474830.0,I,,,,,,
1650372,2025-07-03,TEAM,Cannon-Brookes Michael,"isDirector,isOfficer,isTenPercentOwner",0001562180-25-005323,2025-07-03,S,300.0,209.8326,474930.0,I,non_derivative,Class A Common Stock,,,,
1650372,2025-07-03,TEAM,Farquhar Scott,"isDirector,isTenPercentOwner",0001562180-25-005322,2025-07-02,S,800.0,203.6766,482095.0,I,non_derivative,Class A Common Stock,,,,
1650372,2025-07-03,TEAM,Cannon-Brookes Michael,"isDirector,isOfficer,isTenPercentOwner",0001562180-25-005321,2025-07-02,S,750.0,206.5293,482145.0,I,,,,,,
1650372,2025-07-03,TEAM,Farquhar Scott,"isDirector,isTenPercentOwner",0001562180-25-005322,2025-07-02,S,800.0,203.6766,482095.0,I,,,,,,
1650372,2025-07-08,TEAM,Cannon-Brookes Michael,"isDirector,isOfficer,isTenPercentOwner",0001562180-25-005353,2025-07-07,S,700.0,212.8104,466865.0,I,,,,,,
1650372,2025-07-08,TEAM,Farquhar Scott,"isDirector,isTenPercentOwner",0001562180-25-005352,2025-07-07,S,2515.0,215.6084,465050.0,I,,,,,,
1650372,2025-07-08,TEAM,Cannon-Brookes Michael,"isDirector,isOfficer,isTenPercentOwner",0001562180-25-005353,2025-07-07,S,700.0,212.8104,466865.0,I,non_derivative,Class A Common Stock,,,,
1650372,2025-07-08,TEAM,Farquhar Scott,"isDirector,isTenPercentOwner",0001562180-25-005352,2025-07-07,S,2515.0,215.6084,465050.0,I,non_derivative,Class A Common Stock,,,,
1650372,2025-07-10,TEAM,Farquhar Scott,"isDirector,isTenPercentOwner",0001562180-25-005371,2025-07-09,S,4204.0,220.1271,448031.0,I,non_derivative,Class A Common Stock,,,,
1650372,2025-07-10,TEAM,Cannon-Brookes Michael,"isDirector,isOfficer,isTenPercentOwner",0001562180-25-005364,2025-07-08,S,3853.0,218.2221,456047.0,I,non_derivative,Class A Common Stock,,,,
1650372,2025-07-10,TEAM,Farquhar Scott,"isDirector,isTenPercentOwner",0001562180-25-005363,2025-07-08,S,50.0,219.94,459850.0,I,non_derivative,Class A Common Stock,,,,
1650372,2025-07-10,TEAM,Cannon-Brookes Michael,"isDirector,isOfficer,isTenPercentOwner",0001562180-25-005372,2025-07-09,S,4205.0,220.1271,448030.0,I,non_derivative,Class A Common Stock,,,,
1650372,2025-07-10,TEAM,Farquhar Scott,"isDirector,isTenPercentOwner",0001562180-25-005363,2025-07-08,S,50.0,219.94,459850.0,I,,,,,,
1650372,2025-07-10,TEAM,Cannon-Brookes Michael,"isDirector,isOfficer,isTenPercentOwner",0001562180-25-005372,2025-07-09,S,4205.0,220.1271,448030.0,I,,,,,,
1650372,2025-07-10,TEAM,Farquhar Scott,"isDirector,isTenPercentOwner",0001562180-25-005371,2025-07-09,S,4204.0,220.1271,448031.0,I,,,,,,
1650372,2025-07-10,TEAM,Cannon-Brookes Michael,"isDirector,isOfficer,isTenPercentOwner",0001562180-25-005364,2025-07-08,S,3853.0,218.2221,456047.0,I,,,,,,
1650372,2025-07-11,TEAM,Cannon-Brookes Michael,"isDirector,isOfficer,isTenPercentOwner",0001562180-25-005398,2025-07-10,S,150.0,211.5448,444420.0,I,,,,,,
1650372,2025-07-11,TEAM,Farquhar Scott,"isDirector,isTenPercentOwner",0001562180-25-005399,2025-07-10,S,50.0,217.1738,444520.0,I,,,,,,
1650372,2025-07-11,TEAM,Farquhar Scott,"isDirector,isTenPercentOwner",0001562180-25-005399,2025-07-10,S,50.0,217.1738,444520.0,I,non_derivative,Class A Common Stock,,,,
1650372,2025-07-11,TEAM,Cannon-Brookes Michael,"isDirector,isOfficer,isTenPercentOwner",0001562180-25-005398,2025-07-10,S,150.0,211.5448,444420.0,I,non_derivative,Class A Common Stock,,,,
1650372,2025-07-14,TEAM,Farquhar Scott,"isDirector,isTenPercentOwner",0001562180-25-005408,2025-07-11,S,650.0,198.3728,436255.0,I,,,,,,
1650372,2025-07-14,TEAM,Farquhar Scott,"isDirector,isTenPercentOwner",0001562180-25-005408,2025-07-11,S,650.0,198.3728,436255.0,I,non_derivative,Class A Common Stock,,,,
1650372,2025-07-14,TEAM,Cannon-Brookes Michael,"isDirector,isOfficer,isTenPercentOwner",0001562180-25-005407,2025-07-11,S,1450.0,193.4711,435455.0,I,non_derivative,Class A Common Stock,,,,
1650372,2025-07-14,TEAM,Cannon-Brookes Michael,"isDirector,isOfficer,isTenPercentOwner",0001562180-25-005407,2025-07-11,S,1450.0,193.4711,435455.0,I,,,,,,
1650372,2025-07-15,TEAM,Farquhar Scott,"isDirector,isTenPercentOwner",0001562180-25-005422,2025-07-14,S,100.0,193.99,429140.0,I,,,,,,
1650372,2025-07-15,TEAM,Farquhar Scott,"isDirector,isTenPercentOwner",0001562180-25-005422,2025-07-14,S,100.0,193.99,429140.0,I,non_derivative,Class A Common Stock,,,,
1650372,2025-07-15,TEAM,Cannon-Brookes Michael,"isDirector,isOfficer,isTenPercentOwner",0001562180-25-005423,2025-07-14,S,1250.0,193.1832,427990.0,I,,,,,,
1650372,2025-07-15,TEAM,Cannon-Brookes Michael,"isDirector,isOfficer,isTenPercentOwner",0001562180-25-005423,2025-07-14,S,1250.0,193.1832,427990.0,I,non_derivative,Class A Common Stock,,,,
1650372,2025-07-16,TEAM,Cannon-Brookes Michael,"isDirector,isOfficer,isTenPercentOwner",0001562180-25-005450,2025-07-15,S,1267.0,187.8644,420308.0,I,,,,,,
1650372,2025-07-16,TEAM,Cannon-Brookes Michael,"isDirector,isOfficer,isTenPercentOwner",0001562180-25-005450,2025-07-15,S,1267.0,187.8644,420308.0,I,non_derivative,Class A Common Stock,,,,
1650372,2025-07-16,TEAM,Farquhar Scott,"isDirector,isTenPercentOwner",0001562180-25-005449,2025-07-15,S,3622.0,189.2153,417953.0,I,,,,,,
1650372,2025-07-16,TEAM,Farquhar Scott,"isDirector,isTenPercentOwner",0001562180-25-005449,2025-07-15,S,3622.0,189.2153,417953.0,I,non_derivative,Class A Common Stock,,,,
1650372,2025-07-17,TEAM,Farquhar Scott,"isDirector,isTenPercentOwner",0001562180-25-005459,2025-07-16,S,350.0,190.838,413560.0,I,,,,,,
1650372,2025-07-17,TEAM,Farquhar Scott,"isDirector,isTenPercentOwner",0001562180-25-005459,2025-07-16,S,350.0,190.838,413560.0,I,non_derivative,Class A Common Stock,,,,
1650372,2025-07-17,TEAM,Cannon-Brookes Michael,"isDirector,isOfficer,isTenPercentOwner",0001562180-25-005460,2025-07-16,S,450.0,187.1344,413460.0,I,,,,,,
1650372,2025-07-17,TEAM,Cannon-Brookes Michael,"isDirector,isOfficer,isTenPercentOwner",0001562180-25-005460,2025-07-16,S,450.0,187.1344,413460.0,I,non_derivative,Class A Common Stock,,,,
1650372,2025-07-18,TEAM,Farquhar Scott,"isDirector,isTenPercentOwner",0001562180-25-005461,2025-07-17,S,2207.0,192.9707,404038.0,I,,,,,,
1650372,2025-07-18,TEAM,Cannon-Brookes Michael,"isDirector,isOfficer,isTenPercentOwner",0001562180-25-005462,2025-07-17,S,1121.0,190.8217,405124.0,I,,,,,,
1650372,2025-07-18,TEAM,Cannon-Brookes Michael,"isDirector,isOfficer,isTenPercentOwner",0001562180-25-005462,2025-07-17,S,1121.0,190.8217,405124.0,I,non_derivative,Class A Common Stock,,,,
1650372,2025-07-18,TEAM,Farquhar Scott,"isDirector,isTenPercentOwner",0001562180-25-005461,2025-07-17,S,2207.0,192.9707,404038.0,I,non_derivative,Class A Common Stock,,,,
1650372,2025-07-21,TEAM,Farquhar Scott,"isDirector,isTenPercentOwner",0001562180-25-005484,2025-07-18,S,1404.0,192.5541,397176.0,I,,,,,,
1650372,2025-07-21,TEAM,Cannon-Brookes Michael,"isDirector,isOfficer,isTenPercentOwner",0001562180-25-005485,2025-07-18,S,1216.0,190.6048,397364.0,I,,,,,,
1650372,2025-07-21,TEAM,Cannon-Brookes Michael,"isDirector,isOfficer,isTenPercentOwner",0001562180-25-005485,2025-07-18,S,1216.0,190.6048,397364.0,I,non_derivative,Class A Common Stock,,,,
1650372,2025-07-21,TEAM,Farquhar Scott,"isDirector,isTenPercentOwner",0001562180-25-005484,2025-07-18,S,1404.0,192.5541,397176.0,I,non_derivative,Class A Common Stock,,,,
1650372,2025-07-22,TEAM,Cannon-Brookes Michael,"isDirector,isOfficer,isTenPercentOwner",0001562180-25-005488,2025-07-21,S,2659.0,195.4123,388256.0,I,,,,,,
1650372,2025-07-22,TEAM,Farquhar Scott,"isDirector,isTenPercentOwner",0001562180-25-005489,2025-07-21,S,100.0,197.455,390815.0,I,,,,,,
1650372,2025-07-22,TEAM,Farquhar Scott,"isDirector,isTenPercentOwner",0001562180-25-005489,2025-07-21,S,100.0,197.455,390815.0,I,non_derivative,Class A Common Stock,,,,
1650372,2025-07-22,TEAM,Cannon-Brookes Michael,"isDirector,isOfficer,isTenPercentOwner",0001562180-25-005488,2025-07-21,S,2659.0,195.4123,388256.0,I,non_derivative,Class A Common Stock,,,,
1650372,2025-07-23,TEAM,Cannon-Brookes Michael,"isDirector,isOfficer,isTenPercentOwner",0001562180-25-005495,2025-07-22,S,150.0,202.35,383100.0,I,non_derivative,Class A Common Stock,,,,
1650372,2025-07-23,TEAM,Farquhar Scott,"isDirector,isTenPercentOwner",0001562180-25-005494,2025-07-22,S,650.0,196.9352,382600.0,I,,,,,,
1650372,2025-07-23,TEAM,Farquhar Scott,"isDirector,isTenPercentOwner",0001562180-25-005494,2025-07-22,S,650.0,196.9352,382600.0,I,non_derivative,Class A Common Stock,,,,
1650372,2025-07-23,TEAM,Cannon-Brookes Michael,"isDirector,isOfficer,isTenPercentOwner",0001562180-25-005495,2025-07-22,S,150.0,202.35,383100.0,I,,,,,,
1650372,2025-07-24,TEAM,Farquhar Scott,"isDirector,isTenPercentOwner",0001562180-25-005502,2025-07-23,S,309.0,199.6263,375276.0,I,non_derivative,Class A Common Stock,,,,
1650372,2025-07-24,TEAM,Cannon-Brookes Michael,"isDirector,isOfficer,isTenPercentOwner",0001562180-25-005503,2025-07-23,S,50.0,197.13,375535.0,I,,,,,,
1650372,2025-07-24,TEAM,Cannon-Brookes Michael,"isDirector,isOfficer,isTenPercentOwner",0001562180-25-005503,2025-07-23,S,50.0,197.13,375535.0,I,non_derivative,Class A Common Stock,,,,
1650372,2025-07-24,TEAM,Farquhar Scott,"isDirector,isTenPercentOwner",0001562180-25-005502,2025-07-23,S,309.0,199.6263,375276.0,I,,,,,,
1650372,2025-07-25,TEAM,Farquhar Scott,"isDirector,isTenPercentOwner",0001562180-25-005507,2025-07-24,S,150.0,204.2633,367770.0,I,,,,,,
1650372,2025-07-25,TEAM,Cannon-Brookes Michael,"isDirector,isOfficer,isTenPercentOwner",0001562180-25-005505,2025-07-24,S,4023.0,199.7376,363897.0,I,,,,,,
1650372,2025-07-25,TEAM,Farquhar Scott,"isDirector,isTenPercentOwner",0001562180-25-005507,2025-07-24,S,150.0,204.2633,367770.0,I,non_derivative,Class A Common Stock,,,,
1650372,2025-07-25,TEAM,Cannon-Brookes Michael,"isDirector,isOfficer,isTenPercentOwner",0001562180-25-005505,2025-07-24,S,4023.0,199.7376,363897.0,I,non_derivative,Class A Common Stock,,,,
1650372,2025-07-28,TEAM,Farquhar Scott,"isDirector,isTenPercentOwner",0001562180-25-005534,2025-07-25,S,688.0,203.4097,359567.0,I,non_derivative,Class A Common Stock,,,,
1650372,2025-07-28,TEAM,Farquhar Scott,"isDirector,isTenPercentOwner",0001562180-25-005534,2025-07-25,S,688.0,203.4097,359567.0,I,,,,,,
1650372,2025-07-28,TEAM,Cannon-Brookes Michael,"isDirector,isOfficer,isTenPercentOwner",0001562180-25-005535,2025-07-25,S,688.0,203.4097,359567.0,I,,,,,,
1650372,2025-07-28,TEAM,Cannon-Brookes Michael,"isDirector,isOfficer,isTenPercentOwner",0001562180-25-005535,2025-07-25,S,688.0,203.4097,359567.0,I,non_derivative,Class A Common Stock,,,,
1650372,2025-07-29,TEAM,Cannon-Brookes Michael,"isDirector,isOfficer,isTenPercentOwner",0001562180-25-005559,2025-07-28,S,2500.0,201.25,350090.0,I,non_derivative,Class A Common Stock,,,,
1650372,2025-07-29,TEAM,Cannon-Brookes Michael,"isDirector,isOfficer,isTenPercentOwner",0001562180-25-005559,2025-07-28,S,2500.0,201.25,350090.0,I,,,,,,
1650372,2025-07-29,TEAM,Farquhar Scott,"isDirector,isTenPercentOwner",0001562180-25-005558,2025-07-28,S,300.0,204.0264,352290.0,I,,,,,,
1650372,2025-07-29,TEAM,Farquhar Scott,"isDirector,isTenPercentOwner",0001562180-25-005558,2025-07-28,S,300.0,204.0264,352290.0,I,non_derivative,Class A Common Stock,,,,
1650372,2025-07-30,TEAM,Farquhar Scott,"isDirector,isTenPercentOwner",0001562180-25-005575,2025-07-29,S,1200.0,198.6929,343725.0,I,,,,,,
1650372,2025-07-30,TEAM,Farquhar Scott,"isDirector,isTenPercentOwner",0001562180-25-005575,2025-07-29,S,1200.0,198.6929,343725.0,I,non_derivative,Class A Common Stock,,,,
1650372,2025-07-30,TEAM,Cannon-Brookes Michael,"isDirector,isOfficer,isTenPercentOwner",0001562180-25-005576,2025-07-29,S,1200.0,198.6928,343725.0,I,non_derivative,Class A Common Stock,,,,
1650372,2025-07-30,TEAM,Cannon-Brookes Michael,"isDirector,isOfficer,isTenPercentOwner",0001562180-25-005576,2025-07-29,S,1200.0,198.6928,343725.0,I,,,,,,
1650372,2025-07-31,TEAM,Cannon-Brookes Michael,"isDirector,isOfficer,isTenPercentOwner",0001562180-25-005603,2025-07-30,S,446.0,195.7915,336814.0,I,,,,,,
1650372,2025-07-31,TEAM,Farquhar Scott,"isDirector,isTenPercentOwner",0001562180-25-005602,2025-07-30,S,1610.0,197.6943,335650.0,I,,,,,,
1650372,2025-07-31,TEAM,Farquhar Scott,"isDirector,isTenPercentOwner",0001562180-25-005602,2025-07-30,S,1610.0,197.6943,335650.0,I,non_derivative,Class A Common Stock,,,,
1650372,2025-07-31,TEAM,Cannon-Brookes Michael,"isDirector,isOfficer,isTenPercentOwner",0001562180-25-005603,2025-07-30,S,446.0,195.7915,336814.0,I,non_derivative,Class A Common Stock,,,,
1650372,2025-08-01,TEAM,Cannon-Brookes Michael,"isDirector,isOfficer,isTenPercentOwner",0001562180-25-005609,2025-07-31,S,1550.0,191.8414,328045.0,I,non_derivative,Class A Common Stock,,,,
1650372,2025-08-01,TEAM,Farquhar Scott,"isDirector,isTenPercentOwner",0001562180-25-005608,2025-07-31,S,1549.0,191.8414,328046.0,I,,,,,,
1650372,2025-08-01,TEAM,Farquhar Scott,"isDirector,isTenPercentOwner",0001562180-25-005608,2025-07-31,S,1549.0,191.8414,328046.0,I,non_derivative,Class A Common Stock,,,,
1650372,2025-08-01,TEAM,Cannon-Brookes Michael,"isDirector,isOfficer,isTenPercentOwner",0001562180-25-005609,2025-07-31,S,1550.0,191.8414,328045.0,I,,,,,,
1650372,2025-08-04,TEAM,Cannon-Brookes Michael,"isDirector,isOfficer,isTenPercentOwner",0001562180-25-005621,2025-08-01,S,2355.0,184.6302,319575.0,I,non_derivative,Class A Common Stock,,,,
1650372,2025-08-04,TEAM,Cannon-Brookes Michael,"isDirector,isOfficer,isTenPercentOwner",0001562180-25-005621,2025-08-01,S,2355.0,184.6302,319575.0,I,,,,,,
1650372,2025-08-04,TEAM,Farquhar Scott,"isDirector,isTenPercentOwner",0001562180-25-005620,2025-08-01,S,1278.0,182.7486,320652.0,I,non_derivative,Class A Common Stock,,,,
1650372,2025-08-04,TEAM,Farquhar Scott,"isDirector,isTenPercentOwner",0001562180-25-005620,2025-08-01,S,1278.0,182.7486,320652.0,I,,,,,,
1650372,2025-08-05,TEAM,Farquhar Scott,"isDirector,isTenPercentOwner",0001562180-25-005657,2025-08-04,S,3993.0,185.1704,310272.0,I,,,,,,
1650372,2025-08-05,TEAM,Cannon-Brookes Michael,"isDirector,isOfficer,isTenPercentOwner",0001562180-25-005658,2025-08-04,S,3994.0,185.1704,310271.0,I,non_derivative,Class A Common Stock,,,,
1650372,2025-08-05,TEAM,Farquhar Scott,"isDirector,isTenPercentOwner",0001562180-25-005657,2025-08-04,S,3993.0,185.1704,310272.0,I,non_derivative,Class A Common Stock,,,,
1650372,2025-08-05,TEAM,Cannon-Brookes Michael,"isDirector,isOfficer,isTenPercentOwner",0001562180-25-005658,2025-08-04,S,3994.0,185.1704,310271.0,I,,,,,,
1650372,2025-08-06,TEAM,Cannon-Brookes Michael,"isDirector,isOfficer,isTenPercentOwner",0001562180-25-005666,2025-08-05,S,2551.0,184.7348,304049.0,I,non_derivative,Class A Common Stock,,,,
1650372,2025-08-06,TEAM,Farquhar Scott,"isDirector,isTenPercentOwner",0001562180-25-005667,2025-08-05,S,3715.0,185.5928,302885.0,I,non_derivative,Class A Common Stock,,,,
1650372,2025-08-06,TEAM,Cannon-Brookes Michael,"isDirector,isOfficer,isTenPercentOwner",0001562180-25-005666,2025-08-05,S,2551.0,184.7348,304049.0,I,,,,,,
1650372,2025-08-06,TEAM,Farquhar Scott,"isDirector,isTenPercentOwner",0001562180-25-005667,2025-08-05,S,3715.0,185.5928,302885.0,I,,,,,,
1650372,2025-08-07,TEAM,Farquhar Scott,"isDirector,isTenPercentOwner",0001562180-25-005680,2025-08-06,S,1397.0,185.6395,297538.0,I,non_derivative,Class A Common Stock,,,,
1650372,2025-08-07,TEAM,Farquhar Scott,"isDirector,isTenPercentOwner",0001562180-25-005680,2025-08-06,S,1397.0,185.6395,297538.0,I,,,,,,
1650372,2025-08-07,TEAM,Cannon-Brookes Michael,"isDirector,isOfficer,isTenPercentOwner",0001562180-25-005681,2025-08-06,S,3815.0,184.8703,295120.0,I,non_derivative,Class A Common Stock,,,,
1650372,2025-08-07,TEAM,Cannon-Brookes Michael,"isDirector,isOfficer,isTenPercentOwner",0001562180-25-005681,2025-08-06,S,3815.0,184.8703,295120.0,I,,,,,,
1650372,2025-08-08,TEAM,Farquhar Scott,"isDirector,isTenPercentOwner",0001562180-25-005696,2025-08-07,S,244.0,183.9534,291026.0,I,,,,,,
1650372,2025-08-08,TEAM,Cannon-Brookes Michael,"isDirector,isOfficer,isTenPercentOwner",0001562180-25-005697,2025-08-07,S,150.0,182.35,291120.0,I,,,,,,
1650372,2025-08-08,TEAM,Farquhar Scott,"isDirector,isTenPercentOwner",0001562180-25-005696,2025-08-07,S,244.0,183.9534,291026.0,I,non_derivative,Class A Common Stock,,,,
1650372,2025-08-08,TEAM,Cannon-Brookes Michael,"isDirector,isOfficer,isTenPercentOwner",0001562180-25-005697,2025-08-07,S,150.0,182.35,291120.0,I,non_derivative,Class A Common Stock,,,,
1650372,2025-08-11,TEAM,Farquhar Scott,"isDirector,isTenPercentOwner",0001562180-25-005705,2025-08-08,S,915.0,168.1044,282690.0,I,,,,,,
1650372,2025-08-11,TEAM,Cannon-Brookes Michael,"isDirector,isOfficer,isTenPercentOwner",0001562180-25-005704,2025-08-08,S,50.0,176.05,283555.0,I,,,,,,
1650372,2025-08-11,TEAM,Farquhar Scott,"isDirector,isTenPercentOwner",0001562180-25-005705,2025-08-08,S,915.0,168.1044,282690.0,I,non_derivative,Class A Common Stock,,,,
1650372,2025-08-11,TEAM,Cannon-Brookes Michael,"isDirector,isOfficer,isTenPercentOwner",0001562180-25-005704,2025-08-08,S,50.0,176.05,283555.0,I,non_derivative,Class A Common Stock,,,,
1650372,2025-08-12,TEAM,Cannon-Brookes Michael,"isDirector,isOfficer,isTenPercentOwner",0001562180-25-005726,2025-08-11,S,700.0,158.7222,275240.0,I,non_derivative,Class A Common Stock,,,,
1650372,2025-08-12,TEAM,Farquhar Scott,"isDirector,isTenPercentOwner",0001562180-25-005725,2025-08-11,S,700.0,158.7222,275240.0,I,,,,,,
1650372,2025-08-12,TEAM,Cannon-Brookes Michael,"isDirector,isOfficer,isTenPercentOwner",0001562180-25-005726,2025-08-11,S,700.0,158.7222,275240.0,I,,,,,,
1650372,2025-08-12,TEAM,Farquhar Scott,"isDirector,isTenPercentOwner",0001562180-25-005725,2025-08-11,S,700.0,158.7222,275240.0,I,non_derivative,Class A Common Stock,,,,
1650372,2025-08-13,TEAM,Cannon-Brookes Michael,"isDirector,isOfficer,isTenPercentOwner",0001562180-25-005750,2025-08-12,S,816.0,162.9253,267459.0,I,non_derivative,Class A Common Stock,,,,
1650372,2025-08-13,TEAM,Cannon-Brookes Michael,"isDirector,isOfficer,isTenPercentOwner",0001562180-25-005750,2025-08-12,S,816.0,162.9253,267459.0,I,,,,,,
1650372,2025-08-13,TEAM,Farquhar Scott,"isDirector,isTenPercentOwner",0001562180-25-005748,2025-08-12,S,817.0,162.9247,267458.0,I,non_derivative,Class A Common Stock,,,,
1650372,2025-08-13,TEAM,Farquhar Scott,"isDirector,isTenPercentOwner",0001562180-25-005748,2025-08-12,S,817.0,162.9247,267458.0,I,,,,,,
1650372,2025-08-14,TEAM,Cannon-Brookes Michael,"isDirector,isOfficer,isTenPercentOwner",0001562180-25-005776,2025-08-13,S,150.0,158.18,260460.0,I,,,,,,
1650372,2025-08-14,TEAM,Farquhar Scott,"isDirector,isTenPercentOwner",0001562180-25-005774,2025-08-13,S,2711.0,161.9713,257899.0,I,,,,,,
1650372,2025-08-14,TEAM,Farquhar Scott,"isDirector,isTenPercentOwner",0001562180-25-005774,2025-08-13,S,2711.0,161.9713,257899.0,I,non_derivative,Class A Common Stock,,,,
1650372,2025-08-14,TEAM,Cannon-Brookes Michael,"isDirector,isOfficer,isTenPercentOwner",0001562180-25-005776,2025-08-13,S,150.0,158.18,260460.0,I,non_derivative,Class A Common Stock,,,,
1650372,2025-08-15,TEAM,BHARADWAJ ANUTTHARA,isOfficer,0001562180-25-005826,2025-08-14,S,3343.0,163.6593,187186.0,D,non_derivative,Class A Common Stock,,,,
1650372,2025-08-15,TEAM,Cannon-Brookes Michael,"isDirector,isOfficer,isTenPercentOwner",0001562180-25-005829,2025-08-14,S,300.0,160.81,252645.0,I,,,,,,
1650372,2025-08-15,TEAM,Farquhar Scott,"isDirector,isTenPercentOwner",0001562180-25-005828,2025-08-14,S,3609.0,163.9038,249336.0,I,non_derivative,Class A Common Stock,,,,
1650372,2025-08-15,TEAM,LIU GENE,isOfficer,0001562180-25-005825,2025-08-14,S,17.0,160.7541,51343.0,D,,,,,,
1650372,2025-08-15,TEAM,Farquhar Scott,"isDirector,isTenPercentOwner",0001562180-25-005828,2025-08-14,S,3609.0,163.9038,249336.0,I,,,,,,
1650372,2025-08-15,TEAM,BHARADWAJ ANUTTHARA,isOfficer,0001562180-25-005826,2025-08-14,S,3343.0,163.6593,187186.0,D,,,,,,
1650372,2025-08-15,TEAM,LIU GENE,isOfficer,0001562180-25-005825,2025-08-14,S,17.0,160.7541,51343.0,D,non_derivative,Class A Common Stock,,,,
1650372,2025-08-15,TEAM,BINZ JOSEPH LEO,isOfficer,0001562180-25-005824,2025-08-14,S,776.0,162.7254,162013.0,D,non_derivative,Class A Common Stock,,,,
1650372,2025-08-15,TEAM,RAJAN RAJEEV BASHYAM,isOfficer,0001562180-25-005840,2025-08-14,S,189.0,161.8546,147226.0,D,,,,,,
1650372,2025-08-15,TEAM,Cannon-Brookes Michael,"isDirector,isOfficer,isTenPercentOwner",0001562180-25-005829,2025-08-14,S,300.0,160.81,252645.0,I,non_derivative,Class A Common Stock,,,,
1650372,2025-08-15,TEAM,BINZ JOSEPH LEO,isOfficer,0001562180-25-005824,2025-08-14,S,776.0,162.7254,162013.0,D,,,,,,
1650372,2025-08-15,TEAM,RAJAN RAJEEV BASHYAM,isOfficer,0001562180-25-005840,2025-08-14,S,189.0,161.8546,147226.0,D,non_derivative,Class A Common Stock,,,,
1650372,2025-08-18,TEAM,Cannon-Brookes Michael,"isDirector,isOfficer,isTenPercentOwner",0001562180-25-005852,2025-08-15,S,2765.0,167.7962,242515.0,I,non_derivative,Class A Common Stock,,,,
1650372,2025-08-18,TEAM,Farquhar Scott,"isDirector,isTenPercentOwner",0001562180-25-005851,2025-08-15,S,100.0,162.695,245180.0,I,non_derivative,Class A Common Stock,,,,
1650372,2025-08-18,TEAM,Farquhar Scott,"isDirector,isTenPercentOwner",0001562180-25-005851,2025-08-15,S,100.0,162.695,245180.0,I,,,,,,
1650372,2025-08-18,TEAM,Cannon-Brookes Michael,"isDirector,isOfficer,isTenPercentOwner",0001562180-25-005852,2025-08-15,S,2765.0,167.7962,242515.0,I,,,,,,
1650372,2025-08-19,TEAM,Cannon-Brookes Michael,"isDirector,isOfficer,isTenPercentOwner",0001562180-25-005884,2025-08-18,S,4597.0,169.0299,233018.0,I,non_derivative,Class A Common Stock,,,,
1650372,2025-08-19,TEAM,Cannon-Brookes Michael,"isDirector,isOfficer,isTenPercentOwner",0001562180-25-005884,2025-08-18,S,4597.0,169.0299,233018.0,I,,,,,,
1650372,2025-08-19,TEAM,Farquhar Scott,"isDirector,isTenPercentOwner",0001562180-25-005885,2025-08-18,S,1918.0,167.9721,235697.0,I,non_derivative,Class A Common Stock,,,,
1650372,2025-08-19,TEAM,Farquhar Scott,"isDirector,isTenPercentOwner",0001562180-25-005885,2025-08-18,S,1918.0,167.9721,235697.0,I,,,,,,
1650372,2025-08-20,TEAM,RAJAN RAJEEV BASHYAM,isOfficer,0001562180-25-005916,2025-08-19,S,238.0,169.5868,143660.0,D,,,,,,
1650372,2025-08-20,TEAM,Farquhar Scott,"isDirector,isTenPercentOwner",0001562180-25-005910,2025-08-19,S,350.0,168.1681,229600.0,I,non_derivative,Class A Common Stock,,,,
1650372,2025-08-20,TEAM,BINZ JOSEPH LEO,isOfficer,0001562180-25-005915,2025-08-19,S,54.0,167.8087,159687.0,D,,,,,,
1650372,2025-08-20,TEAM,LIU GENE,isOfficer,0001562180-25-005912,2025-08-19,S,45.0,166.3813,50550.0,D,non_derivative,Class A Common Stock,,,,
1650372,2025-08-20,TEAM,DUFFY BRIAN,isOfficer,0001562180-25-005914,2025-08-19,S,153.0,169.5868,73207.0,D,,,,,,
1650372,2025-08-20,TEAM,Cannon-Brookes Michael,"isDirector,isOfficer,isTenPercentOwner",0001562180-25-005911,2025-08-19,S,5315.0,166.0904,224635.0,I,non_derivative,Class A Common Stock,,,,
1650372,2025-08-20,TEAM,BINZ JOSEPH LEO,isOfficer,0001562180-25-005915,2025-08-19,S,54.0,167.8087,159687.0,D,non_derivative,Class A Common Stock,,,,
1650372,2025-08-20,TEAM,BHARADWAJ ANUTTHARA,isOfficer,0001562180-25-005913,2025-08-19,S,944.0,166.0311,181857.0,D,non_derivative,Class A Common Stock,,,,
1650372,2025-08-20,TEAM,DUFFY BRIAN,isOfficer,0001562180-25-005914,2025-08-19,S,153.0,169.5868,73207.0,D,non_derivative,Class A Common Stock,,,,
1650372,2025-08-20,TEAM,BHARADWAJ ANUTTHARA,isOfficer,0001562180-25-005913,2025-08-19,S,944.0,166.0311,181857.0,D,,,,,,
1650372,2025-08-20,TEAM,LIU GENE,isOfficer,0001562180-25-005912,2025-08-19,S,45.0,166.3813,50550.0,D,,,,,,
1650372,2025-08-20,TEAM,Cannon-Brookes Michael,"isDirector,isOfficer,isTenPercentOwner",0001562180-25-005911,2025-08-19,S,5315.0,166.0904,224635.0,I,,,,,,
1650372,2025-08-20,TEAM,Farquhar Scott,"isDirector,isTenPercentOwner",0001562180-25-005910,2025-08-19,S,350.0,168.1681,229600.0,I,,,,,,
1650372,2025-08-20,TEAM,RAJAN RAJEEV BASHYAM,isOfficer,0001562180-25-005916,2025-08-19,S,238.0,169.5868,143660.0,D,non_derivative,Class A Common Stock,,,,
1650372,2025-08-21,TEAM,Farquhar Scott,"isDirector,isTenPercentOwner",0001562180-25-005933,2025-08-20,S,800.0,164.9655,221485.0,I,non_derivative,Class A Common Stock,,,,
1650372,2025-08-21,TEAM,Cannon-Brookes Michael,"isDirector,isOfficer,isTenPercentOwner",0001562180-25-005934,2025-08-20,S,800.0,164.9654,221485.0,I,non_derivative,Class A Common Stock,,,,
1650372,2025-08-21,TEAM,Cannon-Brookes Michael,"isDirector,isOfficer,isTenPercentOwner",0001562180-25-005934,2025-08-20,S,800.0,164.9654,221485.0,I,,,,,,
1650372,2025-08-21,TEAM,Farquhar Scott,"isDirector,isTenPercentOwner",0001562180-25-005933,2025-08-20,S,800.0,164.9655,221485.0,I,,,,,,
1650372,2025-08-22,TEAM,Farquhar Scott,"isDirector,isTenPercentOwner",0001562180-25-005958,2025-08-21,S,1400.0,163.6464,213220.0,I,non_derivative,Class A Common Stock,,,,
1650372,2025-08-22,TEAM,Farquhar Scott,"isDirector,isTenPercentOwner",0001562180-25-005958,2025-08-21,S,1400.0,163.6464,213220.0,I,,,,,,
1650372,2025-08-22,TEAM,Cannon-Brookes Michael,"isDirector,isOfficer,isTenPercentOwner",0001562180-25-005957,2025-08-21,S,1400.0,163.6463,213220.0,I,non_derivative,Class A Common Stock,,,,
1650372,2025-08-22,TEAM,Cannon-Brookes Michael,"isDirector,isOfficer,isTenPercentOwner",0001562180-25-005957,2025-08-21,S,1400.0,163.6463,213220.0,I,,,,,,
1650372,2025-08-25,TEAM,Cannon-Brookes Michael,"isDirector,isOfficer,isTenPercentOwner",0001562180-25-006005,2025-08-22,S,1600.0,169.5196,205355.0,I,,,,,,
1650372,2025-08-25,TEAM,Farquhar Scott,"isDirector,isTenPercentOwner",0001562180-25-006004,2025-08-22,S,250.0,166.25,206705.0,I,non_derivative,Class A Common Stock,,,,
1650372,2025-08-25,TEAM,Cannon-Brookes Michael,"isDirector,isOfficer,isTenPercentOwner",0001562180-25-006005,2025-08-22,S,1600.0,169.5196,205355.0,I,non_derivative,Class A Common Stock,,,,
1650372,2025-08-25,TEAM,Farquhar Scott,"isDirector,isTenPercentOwner",0001562180-25-006004,2025-08-22,S,250.0,166.25,206705.0,I,,,,,,
1650372,2025-08-26,TEAM,Farquhar Scott,"isDirector,isTenPercentOwner",0001562180-25-006015,2025-08-25,S,4805.0,169.0664,194485.0,I,,,,,,
1650372,2025-08-26,TEAM,Cannon-Brookes Michael,"isDirector,isOfficer,isTenPercentOwner",0001562180-25-006016,2025-08-25,S,2610.0,169.8664,196680.0,I,non_derivative,Class A Common Stock,,,,
1650372,2025-08-26,TEAM,Cannon-Brookes Michael,"isDirector,isOfficer,isTenPercentOwner",0001562180-25-006016,2025-08-25,S,2610.0,169.8664,196680.0,I,,,,,,
1650372,2025-08-26,TEAM,Farquhar Scott,"isDirector,isTenPercentOwner",0001562180-25-006015,2025-08-25,S,4805.0,169.0664,194485.0,I,non_derivative,Class A Common Stock,,,,
1650372,2025-08-27,TEAM,Farquhar Scott,"isDirector,isTenPercentOwner",0001562180-25-006030,2025-08-26,S,1505.0,165.179,190120.0,I,,,,,,
1650372,2025-08-27,TEAM,Cannon-Brookes Michael,"isDirector,isOfficer,isTenPercentOwner",0001562180-25-006029,2025-08-26,S,1505.0,165.179,190120.0,I,non_derivative,Class A Common Stock,,,,
1650372,2025-08-27,TEAM,Farquhar Scott,"isDirector,isTenPercentOwner",0001562180-25-006030,2025-08-26,S,1505.0,165.179,190120.0,I,non_derivative,Class A Common Stock,,,,
1650372,2025-08-27,TEAM,Cannon-Brookes Michael,"isDirector,isOfficer,isTenPercentOwner",0001562180-25-006029,2025-08-26,S,1505.0,165.179,190120.0,I,,,,,,
1650372,2025-08-28,TEAM,Cannon-Brookes Michael,"isDirector,isOfficer,isTenPercentOwner",0001562180-25-006035,2025-08-27,S,50.0,166.21,183910.0,I,,,,,,
1650372,2025-08-28,TEAM,Farquhar Scott,"isDirector,isTenPercentOwner",0001562180-25-006034,2025-08-27,S,3854.0,171.1401,180106.0,I,,,,,,
1650372,2025-08-28,TEAM,Farquhar Scott,"isDirector,isTenPercentOwner",0001562180-25-006034,2025-08-27,S,3854.0,171.1401,180106.0,I,non_derivative,Class A Common Stock,,,,
1650372,2025-08-28,TEAM,Cannon-Brookes Michael,"isDirector,isOfficer,isTenPercentOwner",0001562180-25-006035,2025-08-27,S,50.0,166.21,183910.0,I,non_derivative,Class A Common Stock,,,,
1650372,2025-08-29,TEAM,Farquhar Scott,"isDirector,isTenPercentOwner",0001562180-25-006044,2025-08-28,S,2930.0,175.89,173365.0,I,,,,,,
1650372,2025-08-29,TEAM,Cannon-Brookes Michael,"isDirector,isOfficer,isTenPercentOwner",0001562180-25-006042,2025-08-28,S,2110.0,177.0715,174185.0,I,,,,,,
1650372,2025-08-29,TEAM,Cannon-Brookes Michael,"isDirector,isOfficer,isTenPercentOwner",0001562180-25-006042,2025-08-28,S,2110.0,177.0715,174185.0,I,non_derivative,Class A Common Stock,,,,
1650372,2025-08-29,TEAM,Farquhar Scott,"isDirector,isTenPercentOwner",0001562180-25-006044,2025-08-28,S,2930.0,175.89,173365.0,I,non_derivative,Class A Common Stock,,,,
1650372,2025-08-29,TEAM,Cannon-Brookes Michael,"isDirector,isOfficer,isTenPercentOwner",0001562180-25-006046,2025-08-29,S,150.0,179.8333,168480.0,I,,,,,,
1650372,2025-08-29,TEAM,Farquhar Scott,"isDirector,isTenPercentOwner",0001562180-25-006045,2025-08-29,S,3173.0,177.0308,165457.0,I,non_derivative,Class A Common Stock,,,,
1650372,2025-08-29,TEAM,Belsky Scott,isDirector,0001562180-25-006047,2025-08-28,P,1455.0,173.0,1455.0,I,,,,,,
1650372,2025-08-29,TEAM,Belsky Scott,isDirector,0001562180-25-006047,2025-08-28,P,1455.0,173.0,1455.0,I,non_derivative,Class A Common Stock,,,,
1650372,2025-08-29,TEAM,Cannon-Brookes Michael,"isDirector,isOfficer,isTenPercentOwner",0001562180-25-006046,2025-08-29,S,150.0,179.8333,168480.0,I,non_derivative,Class A Common Stock,,,,
1650372,2025-08-29,TEAM,Farquhar Scott,"isDirector,isTenPercentOwner",0001562180-25-006045,2025-08-29,S,3173.0,177.0308,165457.0,I,,,,,,
1650372,2025-09-03,TEAM,Farquhar Scott,"isDirector,isTenPercentOwner",0001562180-25-006069,2025-09-02,S,997.0,174.183,159968.0,I,non_derivative,Class A Common Stock,,,,
1650372,2025-09-03,TEAM,Farquhar Scott,"isDirector,isTenPercentOwner",0001562180-25-006069,2025-09-02,S,997.0,174.183,159968.0,I,,,,,,
1650372,2025-09-03,TEAM,Cannon-Brookes Michael,"isDirector,isOfficer,isTenPercentOwner",0001562180-25-006070,2025-09-02,S,997.0,174.1829,159968.0,I,,,,,,
1650372,2025-09-03,TEAM,Cannon-Brookes Michael,"isDirector,isOfficer,isTenPercentOwner",0001562180-25-006070,2025-09-02,S,997.0,174.1829,159968.0,I,non_derivative,Class A Common Stock,,,,
1650372,2025-09-04,TEAM,Cannon-Brookes Michael,"isDirector,isOfficer,isTenPercentOwner",0001562180-25-006097,2025-09-03,S,3863.0,170.5754,149437.0,I,,,,,,
1650372,2025-09-04,TEAM,Farquhar Scott,"isDirector,isTenPercentOwner",0001562180-25-006098,2025-09-03,S,3862.0,170.5754,149438.0,I,non_derivative,Class A Common Stock,,,,
1650372,2025-09-04,TEAM,Farquhar Scott,"isDirector,isTenPercentOwner",0001562180-25-006098,2025-09-03,S,3862.0,170.5754,149438.0,I,,,,,,
1650372,2025-09-04,TEAM,Cannon-Brookes Michael,"isDirector,isOfficer,isTenPercentOwner",0001562180-25-006097,2025-09-03,S,3863.0,170.5754,149437.0,I,non_derivative,Class A Common Stock,,,,
1650372,2025-09-05,TEAM,Cannon-Brookes Michael,"isDirector,isOfficer,isTenPercentOwner",0001666120-25-000012,2025-09-04,S,2855.0,167.1015,142780.0,I,,,,,,
1650372,2025-09-05,TEAM,Farquhar Scott,"isDirector,isTenPercentOwner",0001666121-25-000013,2025-09-04,S,2854.0,167.1015,142781.0,I,,,,,,
1650372,2025-09-05,TEAM,Farquhar Scott,"isDirector,isTenPercentOwner",0001666121-25-000013,2025-09-04,S,2854.0,167.1015,142781.0,I,non_derivative,Class A Common Stock,,,,
1650372,2025-09-05,TEAM,Cannon-Brookes Michael,"isDirector,isOfficer,isTenPercentOwner",0001666120-25-000012,2025-09-04,S,2855.0,167.1015,142780.0,I,non_derivative,Class A Common Stock,,,,
1650372,2025-09-08,TEAM,Cannon-Brookes Michael,"isDirector,isOfficer,isTenPercentOwner",0001666120-25-000013,2025-09-05,S,100.0,174.255,137870.0,I,non_derivative,Class A Common Stock,,,,
1650372,2025-09-08,TEAM,Farquhar Scott,"isDirector,isTenPercentOwner",0001666121-25-000014,2025-09-05,S,3137.0,172.3209,134833.0,I,,,,,,
1650372,2025-09-08,TEAM,Farquhar Scott,"isDirector,isTenPercentOwner",0001666121-25-000014,2025-09-05,S,3137.0,172.3209,134833.0,I,non_derivative,Class A Common Stock,,,,
1650372,2025-09-08,TEAM,Cannon-Brookes Michael,"isDirector,isOfficer,isTenPercentOwner",0001666120-25-000013,2025-09-05,S,100.0,174.255,137870.0,I,,,,,,
1650372,2025-09-09,TEAM,Cannon-Brookes Michael,"isDirector,isOfficer,isTenPercentOwner",0001666120-25-000014,2025-09-08,S,781.0,170.386,129524.0,I,non_derivative,Class A Common Stock,,,,
1650372,2025-09-09,TEAM,Cannon-Brookes Michael,"isDirector,isOfficer,isTenPercentOwner",0001666120-25-000014,2025-09-08,S,781.0,170.386,129524.0,I,,,,,,
1650372,2025-09-09,TEAM,Farquhar Scott,"isDirector,isTenPercentOwner",0001666121-25-000015,2025-09-08,S,3701.0,172.1602,126604.0,I,,,,,,
1650372,2025-09-09,TEAM,Farquhar Scott,"isDirector,isTenPercentOwner",0001666121-25-000015,2025-09-08,S,3701.0,172.1602,126604.0,I,non_derivative,Class A Common Stock,,,,
1650372,2025-09-10,TEAM,Cannon-Brookes Michael,"isDirector,isOfficer,isTenPercentOwner",0001666120-25-000015,2025-09-09,S,50.0,175.82,122590.0,I,,,,,,
1650372,2025-09-10,TEAM,Farquhar Scott,"isDirector,isTenPercentOwner",0001666121-25-000016,2025-09-09,S,1000.0,181.5525,121640.0,I,non_derivative,Class A Common Stock,,,,
1650372,2025-09-10,TEAM,Farquhar Scott,"isDirector,isTenPercentOwner",0001666121-25-000016,2025-09-09,S,1000.0,181.5525,121640.0,I,,,,,,
1650372,2025-09-10,TEAM,Cannon-Brookes Michael,"isDirector,isOfficer,isTenPercentOwner",0001666120-25-000015,2025-09-09,S,50.0,175.82,122590.0,I,non_derivative,Class A Common Stock,,,,
1650372,2025-09-11,TEAM,Farquhar Scott,"isDirector,isTenPercentOwner",0001666121-25-000017,2025-09-10,S,100.0,179.2568,114875.0,I,non_derivative,Class A Common Stock,,,,
1650372,2025-09-11,TEAM,Cannon-Brookes Michael,"isDirector,isOfficer,isTenPercentOwner",0001666120-25-000016,2025-09-10,S,400.0,181.8563,114575.0,I,non_derivative,Class A Common Stock,,,,
1650372,2025-09-11,TEAM,Cannon-Brookes Michael,"isDirector,isOfficer,isTenPercentOwner",0001666120-25-000016,2025-09-10,S,400.0,181.8563,114575.0,I,,,,,,
1650372,2025-09-11,TEAM,Farquhar Scott,"isDirector,isTenPercentOwner",0001666121-25-000017,2025-09-10,S,100.0,179.2568,114875.0,I,,,,,,
1650372,2025-09-12,TEAM,Cannon-Brookes Michael,"isDirector,isOfficer,isTenPercentOwner",0001666120-25-000017,2025-09-11,S,450.0,178.4167,106860.0,I,non_derivative,Class A Common Stock,,,,
1650372,2025-09-12,TEAM,Cannon-Brookes Michael,"isDirector,isOfficer,isTenPercentOwner",0001666120-25-000017,2025-09-11,S,450.0,178.4167,106860.0,I,,,,,,
1650372,2025-09-12,TEAM,Farquhar Scott,"isDirector,isTenPercentOwner",0001666121-25-000018,2025-09-11,S,450.0,178.4167,106860.0,I,,,,,,
1650372,2025-09-12,TEAM,Farquhar Scott,"isDirector,isTenPercentOwner",0001666121-25-000018,2025-09-11,S,450.0,178.4167,106860.0,I,non_derivative,Class A Common Stock,,,,
1650372,2025-09-16,TEAM,Farquhar Scott,,0001666121-25-000023,2025-09-12,S,736.0,176.499,98909.0,I,non_derivative,Class A Common Stock,,,,
1650372,2025-09-16,TEAM,Cannon-Brookes Michael,,0001666120-25-000021,2025-09-12,S,735.0,176.4988,98910.0,I,,,,,,
1650372,2025-09-16,TEAM,Farquhar Scott,,0001666121-25-000023,2025-09-12,S,736.0,176.499,98909.0,I,,,,,,
1650372,2025-09-16,TEAM,Cannon-Brookes Michael,,0001666120-25-000021,2025-09-12,S,735.0,176.4988,98910.0,I,non_derivative,Class A Common Stock,,,,
1650372,2025-09-16,TEAM,Farquhar Scott,,0001666121-25-000024,2025-09-15,S,3537.0,175.04,88443.0,I,,,,,,
1650372,2025-09-16,TEAM,Farquhar Scott,,0001666121-25-000024,2025-09-15,S,3537.0,175.04,88443.0,I,non_derivative,Class A Common Stock,,,,
1650372,2025-09-16,TEAM,Cannon-Brookes Michael,,0001666120-25-000022,2025-09-15,S,3536.0,175.0399,88444.0,I,,,,,,
1650372,2025-09-17,TEAM,Farquhar Scott,"isDirector,isTenPercentOwner",0001666121-25-000025,2025-09-16,S,2165.0,173.9031,82150.0,I,non_derivative,Class A Common Stock,,,,
1650372,2025-09-17,TEAM,Cannon-Brookes Michael,"isDirector,isOfficer,isTenPercentOwner",0001666120-25-000023,2025-09-16,S,582.0,175.5248,83733.0,I,,,,,,
1650372,2025-09-17,TEAM,Farquhar Scott,"isDirector,isTenPercentOwner",0001666121-25-000025,2025-09-16,S,2165.0,173.9031,82150.0,I,,,,,,
1650372,2025-09-17,TEAM,Cannon-Brookes Michael,"isDirector,isOfficer,isTenPercentOwner",0001666120-25-000023,2025-09-16,S,582.0,175.5248,83733.0,I,non_derivative,Class A Common Stock,,,,
1650372,2025-09-18,TEAM,Farquhar Scott,"isDirector,isTenPercentOwner",0001666121-25-000026,2025-09-17,S,3737.0,173.8876,72913.0,I,non_derivative,Class A Common Stock,,,,
1650372,2025-09-18,TEAM,Cannon-Brookes Michael,"isDirector,isOfficer,isTenPercentOwner",0001666120-25-000024,2025-09-17,S,1328.0,172.1199,75322.0,I,,,,,,
1650372,2025-09-18,TEAM,Farquhar Scott,"isDirector,isTenPercentOwner",0001666121-25-000026,2025-09-17,S,3737.0,173.8876,72913.0,I,,,,,,
1650372,2025-09-18,TEAM,Cannon-Brookes Michael,"isDirector,isOfficer,isTenPercentOwner",0001666120-25-000024,2025-09-17,S,1328.0,172.1199,75322.0,I,non_derivative,Class A Common Stock,,,,
1650372,2025-09-19,TEAM,Farquhar Scott,"isDirector,isTenPercentOwner",0001666121-25-000027,2025-09-18,S,3320.0,169.5831,65665.0,I,,,,,,
1650372,2025-09-19,TEAM,Cannon-Brookes Michael,"isDirector,isOfficer,isTenPercentOwner",0001666120-25-000025,2025-09-18,S,300.0,174.88,68685.0,I,,,,,,
1650372,2025-09-19,TEAM,Farquhar Scott,"isDirector,isTenPercentOwner",0001666121-25-000027,2025-09-18,S,3320.0,169.5831,65665.0,I,non_derivative,Class A Common Stock,,,,
1650372,2025-09-19,TEAM,Cannon-Brookes Michael,"isDirector,isOfficer,isTenPercentOwner",0001666120-25-000025,2025-09-18,S,300.0,174.88,68685.0,I,non_derivative,Class A Common Stock,,,,
1650372,2025-09-22,TEAM,Cannon-Brookes Michael,"isDirector,isOfficer,isTenPercentOwner",0001666120-25-000026,2025-09-19,S,350.0,171.063,60970.0,I,non_derivative,Class A Common Stock,,,,
1650372,2025-09-22,TEAM,Cannon-Brookes Michael,"isDirector,isOfficer,isTenPercentOwner",0001666120-25-000026,2025-09-19,S,350.0,171.063,60970.0,I,,,,,,
1650372,2025-09-22,TEAM,Farquhar Scott,"isDirector,isTenPercentOwner",0001666121-25-000028,2025-09-19,S,1720.0,169.8467,59600.0,I,,,,,,
1650372,2025-09-23,TEAM,RAJAN RAJEEV BASHYAM,isOfficer,0001943614-25-000002,2025-09-20,A,87794.0,0.0,228666.0,D,,,,,,
1650372,2025-09-23,TEAM,BHARADWAJ ANUTTHARA,isOfficer,0001944957-25-000002,2025-09-20,A,70820.0,0.0,251939.0,D,,,,,,
1650372,2025-09-23,TEAM,DUFFY BRIAN,isOfficer,0002051813-25-000002,2025-09-20,A,58529.0,0.0,129944.0,D,,,,,,
1650372,2025-09-23,TEAM,BINZ JOSEPH LEO,isOfficer,0001946413-25-000002,2025-09-20,A,61456.0,0.0,219482.0,D,,,,,,
1650372,2025-09-23,TEAM,Farquhar Scott,"isDirector,isTenPercentOwner",0001666121-25-000029,2025-09-22,S,600.0,167.7557,53055.0,I,,,,,,
1650372,2025-09-23,TEAM,LIU GENE,isOfficer,0001946411-25-000002,2025-09-20,A,8780.0,0.0,59207.0,D,non_derivative,Class A Common Stock,,,,
1650372,2025-09-23,TEAM,LIU GENE,isOfficer,0001946411-25-000002,2025-09-20,A,8780.0,0.0,59207.0,D,,,,,,
1650372,2025-09-23,TEAM,Cannon-Brookes Michael,"isDirector,isOfficer,isTenPercentOwner",0001666120-25-000027,2025-09-22,S,830.0,169.262,52825.0,I,,,,,,
1650372,2025-09-23,TEAM,Cannon-Brookes Michael,"isDirector,isOfficer,isTenPercentOwner",0001666120-25-000027,2025-09-22,S,830.0,169.262,52825.0,I,non_derivative,Class A Common Stock,,,,
1650372,2025-09-23,TEAM,Farquhar Scott,"isDirector,isTenPercentOwner",0001666121-25-000029,2025-09-22,S,600.0,167.7557,53055.0,I,non_derivative,Class A Common Stock,,,,
1650372,2025-09-23,TEAM,DUFFY BRIAN,isOfficer,0002051813-25-000002,2025-09-20,A,58529.0,0.0,129944.0,D,non_derivative,Class A Common Stock,,,,
1650372,2025-09-23,TEAM,BHARADWAJ ANUTTHARA,isOfficer,0001944957-25-000002,2025-09-20,A,70820.0,0.0,251939.0,D,non_derivative,Class A Common Stock,,,,
1650372,2025-09-23,TEAM,RAJAN RAJEEV BASHYAM,isOfficer,0001943614-25-000002,2025-09-20,A,87794.0,0.0,228666.0,D,non_derivative,Class A Common Stock,,,,
1650372,2025-09-23,TEAM,BINZ JOSEPH LEO,isOfficer,0001946413-25-000002,2025-09-20,A,61456.0,0.0,219482.0,D,non_derivative,Class A Common Stock,,,,
1650372,2025-09-24,TEAM,Farquhar Scott,"isDirector,isTenPercentOwner",0001666121-25-000030,2025-09-23,S,185.0,170.2314,45805.0,I,,,,,,
1650372,2025-09-24,TEAM,Farquhar Scott,"isDirector,isTenPercentOwner",0001666121-25-000030,2025-09-23,S,185.0,170.2314,45805.0,I,non_derivative,Class A Common Stock,,,,
1650372,2025-09-24,TEAM,Cannon-Brookes Michael,"isDirector,isOfficer,isTenPercentOwner",0001666120-25-000028,2025-09-23,S,450.0,164.918,45540.0,I,,,,,,
1650372,2025-09-24,TEAM,Cannon-Brookes Michael,"isDirector,isOfficer,isTenPercentOwner",0001666120-25-000028,2025-09-23,S,450.0,164.918,45540.0,I,non_derivative,Class A Common Stock,,,,
1650372,2025-09-25,TEAM,Cannon-Brookes Michael,"isDirector,isOfficer,isTenPercentOwner",0001666120-25-000029,2025-09-24,S,4730.0,164.1496,33595.0,I,non_derivative,Class A Common Stock,,,,
1650372,2025-09-25,TEAM,Farquhar Scott,"isDirector,isTenPercentOwner",0001666121-25-000031,2025-09-24,S,4729.0,164.1496,33596.0,I,non_derivative,Class A Common Stock,,,,
1650372,2025-09-25,TEAM,Farquhar Scott,"isDirector,isTenPercentOwner",0001666121-25-000031,2025-09-24,S,4729.0,164.1496,33596.0,I,,,,,,
1650372,2025-09-25,TEAM,Cannon-Brookes Michael,"isDirector,isOfficer,isTenPercentOwner",0001666120-25-000029,2025-09-24,S,4730.0,164.1496,33595.0,I,,,,,,
1650372,2025-09-26,TEAM,Farquhar Scott,"isDirector,isTenPercentOwner",0001666121-25-000032,2025-09-25,S,650.0,163.6883,30010.0,I,non_derivative,Class A Common Stock,,,,
1650372,2025-09-26,TEAM,Cannon-Brookes Michael,"isDirector,isOfficer,isTenPercentOwner",0001666120-25-000030,2025-09-25,S,2305.0,162.1073,28355.0,I,non_derivative,Class A Common Stock,,,,
1650372,2025-09-26,TEAM,Cannon-Brookes Michael,"isDirector,isOfficer,isTenPercentOwner",0001666120-25-000030,2025-09-25,S,2305.0,162.1073,28355.0,I,,,,,,
1650372,2025-09-26,TEAM,Farquhar Scott,"isDirector,isTenPercentOwner",0001666121-25-000032,2025-09-25,S,650.0,163.6883,30010.0,I,,,,,,
1650372,2025-09-29,TEAM,Cannon-Brookes Michael,"isDirector,isOfficer,isTenPercentOwner",0001666120-25-000031,2025-09-26,S,3170.0,165.5215,19825.0,I,non_derivative,Class A Common Stock,,,,
1650372,2025-09-29,TEAM,Farquhar Scott,"isDirector,isTenPercentOwner",0001666121-25-000033,2025-09-26,S,2018.0,166.5759,20977.0,I,non_derivative,Class A Common Stock,,,,
1650372,2025-09-29,TEAM,Farquhar Scott,"isDirector,isTenPercentOwner",0001666121-25-000033,2025-09-26,S,2018.0,166.5759,20977.0,I,,,,,,
1650372,2025-09-29,TEAM,Cannon-Brookes Michael,"isDirector,isOfficer,isTenPercentOwner",0001666120-25-000031,2025-09-26,S,3170.0,165.5215,19825.0,I,,,,,,
1650372,2025-09-30,TEAM,Farquhar Scott,"isDirector,isTenPercentOwner",0001666121-25-000035,2025-09-30,S,300.0,162.4648,7365.0,I,non_derivative,Class A Common Stock,,,,
1650372,2025-09-30,TEAM,Cannon-Brookes Michael,"isDirector,isOfficer,isTenPercentOwner",0001666120-25-000033,2025-09-30,S,300.0,163.3633,7365.0,I,non_derivative,Class A Common Stock,,,,
1650372,2025-09-30,TEAM,Farquhar Scott,"isDirector,isTenPercentOwner",0001666121-25-000034,2025-09-29,S,1294.0,167.5116,14036.0,I,non_derivative,Class A Common Stock,,,,
1650372,2025-09-30,TEAM,Cannon-Brookes Michael,"isDirector,isOfficer,isTenPercentOwner",0001666120-25-000032,2025-09-29,S,512.0,168.259,14818.0,I,non_derivative,Class A Common Stock,,,,
1650372,2025-09-30,TEAM,Cannon-Brookes Michael,"isDirector,isOfficer,isTenPercentOwner",0001666120-25-000033,2025-09-30,S,300.0,163.3633,7365.0,I,,,,,,
1650372,2025-09-30,TEAM,Cannon-Brookes Michael,"isDirector,isOfficer,isTenPercentOwner",0001666120-25-000032,2025-09-29,S,512.0,168.259,14818.0,I,,,,,,
1650372,2025-09-30,TEAM,Farquhar Scott,"isDirector,isTenPercentOwner",0001666121-25-000034,2025-09-29,S,1294.0,167.5116,14036.0,I,,,,,,
1650372,2025-09-30,TEAM,Farquhar Scott,"isDirector,isTenPercentOwner",0001666121-25-000035,2025-09-30,S,300.0,162.4648,7365.0,I,,,,,,
1650372,2025-10-01,TEAM,Cannon-Brookes Michael,"isDirector,isOfficer,isTenPercentOwner",0001666120-25-000034,2025-10-01,C,490560.0,,490560.0,I,non_derivative,Class A Common Stock,,,,
1650372,2025-10-01,TEAM,Cannon-Brookes Michael,"isDirector,isOfficer,isTenPercentOwner",0001666120-25-000034,2025-10-01,C,490560.0,0.0,47534373.0,I,derivative,Class B Common Stock,Class A Common Stock,490560.0,,
1650372,2025-10-01,TEAM,Cannon-Brookes Michael,"isDirector,isOfficer,isTenPercentOwner",0001666120-25-000034,2025-10-01,C,490560.0,,490560.0,I,,,,,,
1650372,2025-10-01,TEAM,Farquhar Scott,"isDirector,isTenPercentOwner",0001666121-25-000036,2025-10-01,C,490560.0,0.0,47534373.0,I,derivative,Class B Common Stock,Class A Common Stock,490560.0,,
1650372,2025-10-01,TEAM,Farquhar Scott,"isDirector,isTenPercentOwner",0001666121-25-000036,2025-10-01,C,490560.0,,490560.0,I,,,,,,
1650372,2025-10-01,TEAM,Farquhar Scott,"isDirector,isTenPercentOwner",0001666121-25-000036,2025-10-01,C,490560.0,,490560.0,I,non_derivative,Class A Common Stock,,,,
1650372,2025-10-02,TEAM,WARNER JASON,isDirector,0002087576-25-000002,2025-10-01,A,378.0,0.0,378.0,D,,,,,,
1650372,2025-10-02,TEAM,WARNER JASON,isDirector,0002087576-25-000002,2025-10-01,A,378.0,0.0,378.0,D,non_derivative,Class A Common Stock,,,,
1650372,2025-10-02,TEAM,Belsky Scott,isDirector,0001674730-25-000003,2025-10-01,P,200.0,155.08,1655.0,I,,,,,,
1650372,2025-10-02,TEAM,Cannon-Brookes Michael,"isDirector,isOfficer,isTenPercentOwner",0001666120-25-000035,2025-10-01,S,400.0,157.9332,490160.0,I,non_derivative,Class A Common Stock,,,,
1650372,2025-10-02,TEAM,Belsky Scott,isDirector,0001674730-25-000003,2025-10-01,P,200.0,155.08,1655.0,I,non_derivative,Class A Common Stock,,,,
1650372,2025-10-02,TEAM,Farquhar Scott,"isDirector,isTenPercentOwner",0001666121-25-000037,2025-10-01,S,400.0,157.9332,490160.0,I,,,,,,
1650372,2025-10-02,TEAM,Cannon-Brookes Michael,"isDirector,isOfficer,isTenPercentOwner",0001666120-25-000035,2025-10-01,S,400.0,157.9332,490160.0,I,,,,,,
1650372,2025-10-02,TEAM,Farquhar Scott,"isDirector,isTenPercentOwner",0001666121-25-000037,2025-10-01,S,400.0,157.9332,490160.0,I,non_derivative,Class A Common Stock,,,,
1650372,2025-10-03,TEAM,Cannon-Brookes Michael,"isDirector,isOfficer,isTenPercentOwner",0001666120-25-000036,2025-10-02,S,783.0,149.7172,482112.0,I,,,,,,
1650372,2025-10-03,TEAM,Farquhar Scott,"isDirector,isTenPercentOwner",0001666121-25-000038,2025-10-02,S,1134.0,151.291,481761.0,I,,,,,,
1650372,2025-10-03,TEAM,Farquhar Scott,"isDirector,isTenPercentOwner",0001666121-25-000038,2025-10-02,S,1134.0,151.291,481761.0,I,non_derivative,Class A Common Stock,,,,
1650372,2025-10-03,TEAM,Cannon-Brookes Michael,"isDirector,isOfficer,isTenPercentOwner",0001666120-25-000036,2025-10-02,S,783.0,149.7172,482112.0,I,non_derivative,Class A Common Stock,,,,
1650372,2025-10-06,TEAM,Cannon-Brookes Michael,"isDirector,isOfficer,isTenPercentOwner",0001666120-25-000037,2025-10-03,S,5421.0,151.0315,469809.0,I,,,,,,
1650372,2025-10-06,TEAM,Farquhar Scott,"isDirector,isTenPercentOwner",0001666121-25-000039,2025-10-03,S,425.0,151.6366,474805.0,I,,,,,,
1650372,2025-10-06,TEAM,Farquhar Scott,"isDirector,isTenPercentOwner",0001666121-25-000039,2025-10-03,S,425.0,151.6366,474805.0,I,non_derivative,Class A Common Stock,,,,
1650372,2025-10-06,TEAM,Cannon-Brookes Michael,"isDirector,isOfficer,isTenPercentOwner",0001666120-25-000037,2025-10-03,S,5421.0,151.0315,469809.0,I,non_derivative,Class A Common Stock,,,,
1650372,2025-10-07,TEAM,Cannon-Brookes Michael,"isDirector,isOfficer,isTenPercentOwner",0001666120-25-000038,2025-10-06,S,500.0,154.2551,467065.0,I,non_derivative,Class A Common Stock,,,,
1650372,2025-10-07,TEAM,Farquhar Scott,"isDirector,isTenPercentOwner",0001666121-25-000040,2025-10-06,S,550.0,151.0538,467015.0,I,non_derivative,Class A Common Stock,,,,
1650372,2025-10-07,TEAM,Farquhar Scott,"isDirector,isTenPercentOwner",0001666121-25-000040,2025-10-06,S,550.0,151.0538,467015.0,I,,,,,,
1650372,2025-10-07,TEAM,Cannon-Brookes Michael,"isDirector,isOfficer,isTenPercentOwner",0001666120-25-000038,2025-10-06,S,500.0,154.2551,467065.0,I,,,,,,
1650372,2025-10-08,TEAM,Farquhar Scott,"isDirector,isTenPercentOwner",0001666121-25-000041,2025-10-07,S,100.0,151.57,459800.0,I,non_derivative,Class A Common Stock,,,,
1650372,2025-10-08,TEAM,Cannon-Brookes Michael,"isDirector,isOfficer,isTenPercentOwner",0001666120-25-000039,2025-10-07,S,2800.0,147.7863,457100.0,I,non_derivative,Class A Common Stock,,,,
1650372,2025-10-08,TEAM,Farquhar Scott,"isDirector,isTenPercentOwner",0001666121-25-000041,2025-10-07,S,100.0,151.57,459800.0,I,,,,,,
1650372,2025-10-08,TEAM,Cannon-Brookes Michael,"isDirector,isOfficer,isTenPercentOwner",0001666120-25-000039,2025-10-07,S,2800.0,147.7863,457100.0,I,,,,,,
1650372,2025-10-09,TEAM,Farquhar Scott,"isDirector,isTenPercentOwner",0001666121-25-000042,2025-10-08,S,1679.0,151.9722,450556.0,I,,,,,,
1650372,2025-10-09,TEAM,Cannon-Brookes Michael,"isDirector,isOfficer,isTenPercentOwner",0001666120-25-000040,2025-10-08,S,1679.0,151.9722,450556.0,I,non_derivative,Class A Common Stock,,,,
1650372,2025-10-09,TEAM,Cannon-Brookes Michael,"isDirector,isOfficer,isTenPercentOwner",0001666120-25-000040,2025-10-08,S,1679.0,151.9722,450556.0,I,,,,,,
1650372,2025-10-09,TEAM,Farquhar Scott,"isDirector,isTenPercentOwner",0001666121-25-000042,2025-10-08,S,1679.0,151.9722,450556.0,I,non_derivative,Class A Common Stock,,,,
1650372,2025-10-10,TEAM,Cannon-Brookes Michael,"isDirector,isOfficer,isTenPercentOwner",0001666120-25-000041,2025-10-09,S,900.0,150.0661,443670.0,I,,,,,,
1650372,2025-10-10,TEAM,Cannon-Brookes Michael,"isDirector,isOfficer,isTenPercentOwner",0001666120-25-000042,2025-10-10,S,750.0,146.7775,436155.0,I,,,,,,
1650372,2025-10-10,TEAM,Farquhar Scott,"isDirector,isTenPercentOwner",0001666121-25-000044,2025-10-10,S,1016.0,147.8423,435889.0,I,,,,,,
1650372,2025-10-10,TEAM,Farquhar Scott,"isDirector,isTenPercentOwner",0001666121-25-000043,2025-10-09,S,1450.0,149.16,443120.0,I,,,,,,
1650372,2025-10-10,TEAM,Farquhar Scott,"isDirector,isTenPercentOwner",0001666121-25-000043,2025-10-09,S,1450.0,149.16,443120.0,I,non_derivative,Class A Common Stock,,,,
1650372,2025-10-10,TEAM,Farquhar Scott,"isDirector,isTenPercentOwner",0001666121-25-000044,2025-10-10,S,1016.0,147.8423,435889.0,I,non_derivative,Class A Common Stock,,,,
1650372,2025-10-10,TEAM,Cannon-Brookes Michael,"isDirector,isOfficer,isTenPercentOwner",0001666120-25-000041,2025-10-09,S,900.0,150.0661,443670.0,I,non_derivative,Class A Common Stock,,,,
1650372,2025-10-10,TEAM,Cannon-Brookes Michael,"isDirector,isOfficer,isTenPercentOwner",0001666120-25-000042,2025-10-10,S,750.0,146.7775,436155.0,I,non_derivative,Class A Common Stock,,,,
1650372,2025-10-14,TEAM,Farquhar Scott,"isDirector,isTenPercentOwner",0001666121-25-000045,2025-10-13,S,3895.0,147.9394,425345.0,I,,,,,,
1650372,2025-10-14,TEAM,Cannon-Brookes Michael,"isDirector,isOfficer,isTenPercentOwner",0001666120-25-000043,2025-10-13,S,1419.0,148.852,427821.0,I,,,,,,
1650372,2025-10-14,TEAM,Cannon-Brookes Michael,"isDirector,isOfficer,isTenPercentOwner",0001666120-25-000043,2025-10-13,S,1419.0,148.852,427821.0,I,non_derivative,Class A Common Stock,,,,
1650372,2025-10-14,TEAM,Farquhar Scott,"isDirector,isTenPercentOwner",0001666121-25-000045,2025-10-13,S,3895.0,147.9394,425345.0,I,non_derivative,Class A Common Stock,,,,
1650372,2025-10-15,TEAM,Farquhar Scott,"isDirector,isTenPercentOwner",0001666121-25-000046,2025-10-14,S,700.0,156.0014,420875.0,I,non_derivative,Class A Common Stock,,,,
1650372,2025-10-15,TEAM,Cannon-Brookes Michael,"isDirector,isOfficer,isTenPercentOwner",0001666120-25-000044,2025-10-14,S,700.0,156.0014,420875.0,I,non_derivative,Class A Common Stock,,,,
1650372,2025-10-15,TEAM,Cannon-Brookes Michael,"isDirector,isOfficer,isTenPercentOwner",0001666120-25-000044,2025-10-14,S,700.0,156.0014,420875.0,I,,,,,,
1650372,2025-10-15,TEAM,Farquhar Scott,"isDirector,isTenPercentOwner",0001666121-25-000046,2025-10-14,S,700.0,156.0014,420875.0,I,,,,,,
1650372,2025-10-16,TEAM,Cannon-Brookes Michael,"isDirector,isOfficer,isTenPercentOwner",0001666120-25-000045,2025-10-15,S,3130.0,151.2116,410780.0,I,non_derivative,Class A Common Stock,,,,
1650372,2025-10-16,TEAM,Farquhar Scott,"isDirector,isTenPercentOwner",0001666121-25-000047,2025-10-15,S,200.0,156.58,413710.0,I,non_derivative,Class A Common Stock,,,,
1650372,2025-10-16,TEAM,Farquhar Scott,"isDirector,isTenPercentOwner",0001666121-25-000047,2025-10-15,S,200.0,156.58,413710.0,I,,,,,,
1650372,2025-10-16,TEAM,Cannon-Brookes Michael,"isDirector,isOfficer,isTenPercentOwner",0001666120-25-000045,2025-10-15,S,3130.0,151.2116,410780.0,I,,,,,,
1650372,2025-10-17,TEAM,Farquhar Scott,"isDirector,isTenPercentOwner",0001666121-25-000048,2025-10-16,S,481.0,154.7737,405764.0,I,,,,,,
1650372,2025-10-17,TEAM,Cannon-Brookes Michael,"isDirector,isOfficer,isTenPercentOwner",0001666120-25-000046,2025-10-16,S,1474.0,148.9357,404771.0,I,,,,,,
1650372,2025-10-17,TEAM,Farquhar Scott,"isDirector,isTenPercentOwner",0001666121-25-000048,2025-10-16,S,481.0,154.7737,405764.0,I,non_derivative,Class A Common Stock,,,,
1650372,2025-10-17,TEAM,Cannon-Brookes Michael,"isDirector,isOfficer,isTenPercentOwner",0001666120-25-000046,2025-10-16,S,1474.0,148.9357,404771.0,I,non_derivative,Class A Common Stock,,,,
1650372,2025-10-20,TEAM,Cannon-Brookes Michael,"isDirector,isOfficer,isTenPercentOwner",0001666120-25-000047,2025-10-17,S,3810.0,151.7619,394770.0,I,,,,,,
1650372,2025-10-20,TEAM,Farquhar Scott,"isDirector,isTenPercentOwner",0001666121-25-000049,2025-10-17,S,1251.0,150.0515,397329.0,I,,,,,,
1650372,2025-10-20,TEAM,Cannon-Brookes Michael,"isDirector,isOfficer,isTenPercentOwner",0001666120-25-000048,2025-10-20,S,691.0,159.0896,390224.0,I,,,,,,
1650372,2025-10-20,TEAM,Farquhar Scott,"isDirector,isTenPercentOwner",0001666121-25-000050,2025-10-20,S,692.0,159.0897,390223.0,I,,,,,,
1650372,2025-10-20,TEAM,Cannon-Brookes Michael,"isDirector,isOfficer,isTenPercentOwner",0001666120-25-000047,2025-10-17,S,3810.0,151.7619,394770.0,I,non_derivative,Class A Common Stock,,,,
1650372,2025-10-20,TEAM,Farquhar Scott,"isDirector,isTenPercentOwner",0001666121-25-000050,2025-10-20,S,692.0,159.0897,390223.0,I,non_derivative,Class A Common Stock,,,,
1650372,2025-10-20,TEAM,Cannon-Brookes Michael,"isDirector,isOfficer,isTenPercentOwner",0001666120-25-000048,2025-10-20,S,691.0,159.0896,390224.0,I,non_derivative,Class A Common Stock,,,,
1650372,2025-10-20,TEAM,Farquhar Scott,"isDirector,isTenPercentOwner",0001666121-25-000049,2025-10-17,S,1251.0,150.0515,397329.0,I,non_derivative,Class A Common Stock,,,,
1650372,2025-10-22,TEAM,Farquhar Scott,"isDirector,isTenPercentOwner",0001666121-25-000051,2025-10-21,S,350.0,159.2057,382900.0,I,,,,,,
1650372,2025-10-22,TEAM,Farquhar Scott,"isDirector,isTenPercentOwner",0001666121-25-000051,2025-10-21,S,350.0,159.2057,382900.0,I,non_derivative,Class A Common Stock,,,,
1650372,2025-10-22,TEAM,Cannon-Brookes Michael,"isDirector,isOfficer,isTenPercentOwner",0001666120-25-000049,2025-10-21,S,550.0,168.9209,382700.0,I,,,,,,
1650372,2025-10-22,TEAM,Cannon-Brookes Michael,"isDirector,isOfficer,isTenPercentOwner",0001666120-25-000049,2025-10-21,S,550.0,168.9209,382700.0,I,non_derivative,Class A Common Stock,,,,
1650372,2025-10-23,TEAM,Cannon-Brookes Michael,"isDirector,isOfficer,isTenPercentOwner",0001666120-25-000050,2025-10-22,S,450.0,170.6667,375135.0,I,non_derivative,Class A Common Stock,,,,
1650372,2025-10-23,TEAM,Farquhar Scott,"isDirector,isTenPercentOwner",0001666121-25-000052,2025-10-22,S,1296.0,168.0763,374289.0,I,non_derivative,Class A Common Stock,,,,
1650372,2025-10-23,TEAM,Farquhar Scott,"isDirector,isTenPercentOwner",0001666121-25-000052,2025-10-22,S,1296.0,168.0763,374289.0,I,,,,,,
1650372,2025-10-23,TEAM,Cannon-Brookes Michael,"isDirector,isOfficer,isTenPercentOwner",0001666120-25-000050,2025-10-22,S,450.0,170.6667,375135.0,I,,,,,,
1650372,2025-10-24,TEAM,Farquhar Scott,"isDirector,isTenPercentOwner",0001666121-25-000053,2025-10-23,S,500.0,166.7497,367420.0,I,,,,,,
1650372,2025-10-24,TEAM,Cannon-Brookes Michael,"isDirector,isOfficer,isTenPercentOwner",0001666120-25-000051,2025-10-23,S,500.0,166.7495,367420.0,I,non_derivative,Class A Common Stock,,,,
1650372,2025-10-24,TEAM,Cannon-Brookes Michael,"isDirector,isOfficer,isTenPercentOwner",0001666120-25-000051,2025-10-23,S,500.0,166.7495,367420.0,I,,,,,,
1650372,2025-10-24,TEAM,Farquhar Scott,"isDirector,isTenPercentOwner",0001666121-25-000053,2025-10-23,S,500.0,166.7497,367420.0,I,non_derivative,Class A Common Stock,,,,
1650372,2025-10-27,TEAM,Cannon-Brookes Michael,"isDirector,isOfficer,isTenPercentOwner",0001666120-25-000052,2025-10-24,S,2977.0,164.6896,357278.0,I,non_derivative,Class A Common Stock,,,,
1650372,2025-10-27,TEAM,Cannon-Brookes Michael,"isDirector,isOfficer,isTenPercentOwner",0001666120-25-000052,2025-10-24,S,2977.0,164.6896,357278.0,I,,,,,,
1650372,2025-10-27,TEAM,Farquhar Scott,"isDirector,isTenPercentOwner",0001666121-25-000054,2025-10-24,S,781.0,162.5041,359474.0,I,,,,,,
1650372,2025-10-27,TEAM,Farquhar Scott,"isDirector,isTenPercentOwner",0001666121-25-000054,2025-10-24,S,781.0,162.5041,359474.0,I,non_derivative,Class A Common Stock,,,,
1650372,2025-10-28,TEAM,Farquhar Scott,"isDirector,isTenPercentOwner",0001666121-25-000055,2025-10-27,S,4008.0,164.6045,348582.0,I,non_derivative,Class A Common Stock,,,,
1650372,2025-10-28,TEAM,Cannon-Brookes Michael,"isDirector,isOfficer,isTenPercentOwner",0001666120-25-000053,2025-10-27,S,650.0,166.337,351940.0,I,non_derivative,Class A Common Stock,,,,
1650372,2025-10-28,TEAM,Cannon-Brookes Michael,"isDirector,isOfficer,isTenPercentOwner",0001666120-25-000053,2025-10-27,S,650.0,166.337,351940.0,I,,,,,,
1650372,2025-10-28,TEAM,Farquhar Scott,"isDirector,isTenPercentOwner",0001666121-25-000055,2025-10-27,S,4008.0,164.6045,348582.0,I,,,,,,
1650372,2025-10-30,TEAM,Farquhar Scott,"isDirector,isTenPercentOwner",0001666121-25-000056,2025-10-28,S,5138.0,163.6255,339787.0,I,,,,,,
1650372,2025-10-30,TEAM,Cannon-Brookes Michael,"isDirector,isOfficer,isTenPercentOwner",0001666120-25-000055,2025-10-29,S,3057.0,159.541,334203.0,I,,,,,,
1650372,2025-10-30,TEAM,Farquhar Scott,"isDirector,isTenPercentOwner",0001666121-25-000057,2025-10-29,S,250.0,162.1424,337010.0,I,,,,,,
1650372,2025-10-30,TEAM,Cannon-Brookes Michael,"isDirector,isOfficer,isTenPercentOwner",0001666120-25-000054,2025-10-28,S,856.0,162.6786,344069.0,I,,,,,,
1650372,2025-10-30,TEAM,Farquhar Scott,"isDirector,isTenPercentOwner",0001666121-25-000056,2025-10-28,S,5138.0,163.6255,339787.0,I,non_derivative,Class A Common Stock,,,,
1650372,2025-10-30,TEAM,Farquhar Scott,"isDirector,isTenPercentOwner",0001666121-25-000057,2025-10-29,S,250.0,162.1424,337010.0,I,non_derivative,Class A Common Stock,,,,
1650372,2025-10-30,TEAM,Cannon-Brookes Michael,"isDirector,isOfficer,isTenPercentOwner",0001666120-25-000055,2025-10-29,S,3057.0,159.541,334203.0,I,non_derivative,Class A Common Stock,,,,
1650372,2025-10-30,TEAM,Cannon-Brookes Michael,"isDirector,isOfficer,isTenPercentOwner",0001666120-25-000054,2025-10-28,S,856.0,162.6786,344069.0,I,non_derivative,Class A Common Stock,,,,
1650372,2025-10-31,TEAM,Cannon-Brookes Michael,"isDirector,isOfficer,isTenPercentOwner",0001666120-25-000056,2025-10-30,S,250.0,157.876,329345.0,I,,,,,,
1650372,2025-10-31,TEAM,Cannon-Brookes Michael,"isDirector,isOfficer,isTenPercentOwner",0001666120-25-000056,2025-10-30,S,250.0,157.876,329345.0,I,non_derivative,Class A Common Stock,,,,
1650372,2025-10-31,TEAM,Farquhar Scott,"isDirector,isTenPercentOwner",0001666121-25-000058,2025-10-30,S,250.0,157.876,329345.0,I,,,,,,
1650372,2025-10-31,TEAM,Farquhar Scott,"isDirector,isTenPercentOwner",0001666121-25-000058,2025-10-30,S,250.0,157.876,329345.0,I,non_derivative,Class A Common Stock,,,,
1650372,2025-11-03,TEAM,Farquhar Scott,"isDirector,isTenPercentOwner",0001666121-25-000059,2025-10-31,S,1075.0,168.0567,320855.0,I,,,,,,
1650372,2025-11-03,TEAM,Cannon-Brookes Michael,"isDirector,isOfficer,isTenPercentOwner",0001666120-25-000057,2025-10-31,S,700.0,167.0594,321230.0,I,,,,,,
1650372,2025-11-03,TEAM,Cannon-Brookes Michael,"isDirector,isOfficer,isTenPercentOwner",0001666120-25-000057,2025-10-31,S,700.0,167.0594,321230.0,I,non_derivative,Class A Common Stock,,,,
1650372,2025-11-03,TEAM,Farquhar Scott,"isDirector,isTenPercentOwner",0001666121-25-000059,2025-10-31,S,1075.0,168.0567,320855.0,I,non_derivative,Class A Common Stock,,,,
1650372,2025-11-04,TEAM,Belsky Scott,isDirector,0001674730-25-000004,2025-11-03,P,1476.0,169.99,4497.0,I,non_derivative,Class A Common Stock,,,,
1650372,2025-11-04,TEAM,Farquhar Scott,"isDirector,isTenPercentOwner",0001666121-25-000060,2025-11-03,S,350.0,168.9957,313915.0,I,non_derivative,Class A Common Stock,,,,
1650372,2025-11-04,TEAM,Cannon-Brookes Michael,"isDirector,isOfficer,isTenPercentOwner",0001666120-25-000058,2025-11-03,S,500.0,167.8519,313765.0,I,non_derivative,Class A Common Stock,,,,
1650372,2025-11-04,TEAM,Cannon-Brookes Michael,"isDirector,isOfficer,isTenPercentOwner",0001666120-25-000058,2025-11-03,S,500.0,167.8519,313765.0,I,,,,,,
1650372,2025-11-04,TEAM,Belsky Scott,isDirector,0001674730-25-000004,2025-11-03,P,1476.0,169.99,4497.0,I,,,,,,
1650372,2025-11-04,TEAM,Farquhar Scott,"isDirector,isTenPercentOwner",0001666121-25-000060,2025-11-03,S,350.0,168.9957,313915.0,I,,,,,,
1650372,2025-11-05,TEAM,Farquhar Scott,"isDirector,isTenPercentOwner",0001666121-25-000061,2025-11-04,S,50.0,171.09,306550.0,I,non_derivative,Class A Common Stock,,,,
1650372,2025-11-05,TEAM,Farquhar Scott,"isDirector,isTenPercentOwner",0001666121-25-000061,2025-11-04,S,50.0,171.09,306550.0,I,,,,,,
1650372,2025-11-05,TEAM,Cannon-Brookes Michael,"isDirector,isOfficer,isTenPercentOwner",0001666120-25-000059,2025-11-04,S,300.0,168.7689,306300.0,I,,,,,,
1650372,2025-11-05,TEAM,Cannon-Brookes Michael,"isDirector,isOfficer,isTenPercentOwner",0001666120-25-000059,2025-11-04,S,300.0,168.7689,306300.0,I,non_derivative,Class A Common Stock,,,,
1650372,2025-11-06,TEAM,Cannon-Brookes Michael,"isDirector,isOfficer,isTenPercentOwner",0001666120-25-000060,2025-11-05,S,450.0,167.2411,298485.0,I,,,,,,
1650372,2025-11-06,TEAM,Farquhar Scott,"isDirector,isTenPercentOwner",0001666121-25-000062,2025-11-05,S,450.0,167.2411,298485.0,I,,,,,,
1650372,2025-11-06,TEAM,Farquhar Scott,"isDirector,isTenPercentOwner",0001666121-25-000062,2025-11-05,S,450.0,167.2411,298485.0,I,non_derivative,Class A Common Stock,,,,
1650372,2025-11-06,TEAM,Cannon-Brookes Michael,"isDirector,isOfficer,isTenPercentOwner",0001666120-25-000060,2025-11-05,S,450.0,167.2411,298485.0,I,non_derivative,Class A Common Stock,,,,
1650372,2025-11-07,TEAM,Cannon-Brookes Michael,"isDirector,isOfficer,isTenPercentOwner",0001666120-25-000063,2025-11-06,S,1612.0,156.8981,289658.0,I,non_derivative,Class A Common Stock,,,,
1650372,2025-11-07,TEAM,Farquhar Scott,"isDirector,isTenPercentOwner",0001666121-25-000065,2025-11-06,S,1723.0,155.9429,289547.0,I,non_derivative,Class A Common Stock,,,,
1650372,2025-11-07,TEAM,Cannon-Brookes Michael,"isDirector,isOfficer,isTenPercentOwner",0001666120-25-000063,2025-11-06,S,1612.0,156.8981,289658.0,I,,,,,,
1650372,2025-11-07,TEAM,Farquhar Scott,"isDirector,isTenPercentOwner",0001666121-25-000065,2025-11-06,S,1723.0,155.9429,289547.0,I,,,,,,
1650372,2025-11-10,TEAM,Farquhar Scott,"isDirector,isTenPercentOwner",0001666121-25-000067,2025-11-10,S,900.0,155.3307,275040.0,I,non_derivative,Class A Common Stock,,,,
1650372,2025-11-10,TEAM,Cannon-Brookes Michael,"isDirector,isOfficer,isTenPercentOwner",0001666120-25-000064,2025-11-07,S,1500.0,153.7419,282105.0,I,,,,,,
1650372,2025-11-10,TEAM,Cannon-Brookes Michael,"isDirector,isOfficer,isTenPercentOwner",0001666120-25-000065,2025-11-10,S,903.0,157.6464,275037.0,I,,,,,,
1650372,2025-11-10,TEAM,Cannon-Brookes Michael,"isDirector,isOfficer,isTenPercentOwner",0001666120-25-000065,2025-11-10,S,903.0,157.6464,275037.0,I,non_derivative,Class A Common Stock,,,,
1650372,2025-11-10,TEAM,Cannon-Brookes Michael,"isDirector,isOfficer,isTenPercentOwner",0001666120-25-000064,2025-11-07,S,1500.0,153.7419,282105.0,I,non_derivative,Class A Common Stock,,,,
1650372,2025-11-10,TEAM,Farquhar Scott,"isDirector,isTenPercentOwner",0001666121-25-000066,2025-11-07,S,1361.0,156.6714,282244.0,I,,,,,,
1650372,2025-11-10,TEAM,Farquhar Scott,"isDirector,isTenPercentOwner",0001666121-25-000066,2025-11-07,S,1361.0,156.6714,282244.0,I,non_derivative,Class A Common Stock,,,,
1650372,2025-11-10,TEAM,Farquhar Scott,"isDirector,isTenPercentOwner",0001666121-25-000067,2025-11-10,S,900.0,155.3307,275040.0,I,,,,,,
1650372,2025-11-12,TEAM,Cannon-Brookes Michael,"isDirector,isOfficer,isTenPercentOwner",0001666120-25-000066,2025-11-11,S,1200.0,161.2235,267075.0,I,non_derivative,Class A Common Stock,,,,
1650372,2025-11-12,TEAM,Farquhar Scott,"isDirector,isTenPercentOwner",0001666121-25-000068,2025-11-11,S,2164.0,160.1006,266111.0,I,non_derivative,Class A Common Stock,,,,
1650372,2025-11-12,TEAM,Cannon-Brookes Michael,"isDirector,isOfficer,isTenPercentOwner",0001666120-25-000066,2025-11-11,S,1200.0,161.2235,267075.0,I,,,,,,
1650372,2025-11-12,TEAM,Farquhar Scott,"isDirector,isTenPercentOwner",0001666121-25-000068,2025-11-11,S,2164.0,160.1006,266111.0,I,,,,,,
1650372,2025-11-13,TEAM,Cannon-Brookes Michael,"isDirector,isOfficer,isTenPercentOwner",0001666120-25-000067,2025-11-12,S,350.0,156.5565,260260.0,I,non_derivative,Class A Common Stock,,,,
1650372,2025-11-13,TEAM,Cannon-Brookes Michael,"isDirector,isOfficer,isTenPercentOwner",0001666120-25-000067,2025-11-12,S,350.0,156.5565,260260.0,I,,,,,,
1650372,2025-11-13,TEAM,Farquhar Scott,"isDirector,isTenPercentOwner",0001666121-25-000069,2025-11-12,S,3100.0,154.6491,257510.0,I,,,,,,
1650372,2025-11-13,TEAM,Farquhar Scott,"isDirector,isTenPercentOwner",0001666121-25-000069,2025-11-12,S,3100.0,154.6491,257510.0,I,non_derivative,Class A Common Stock,,,,
1650372,2025-11-14,TEAM,Cannon-Brookes Michael,"isDirector,isOfficer,isTenPercentOwner",0001666120-25-000068,2025-11-13,S,867.0,156.2522,252078.0,I,non_derivative,Class A Common Stock,,,,
1650372,2025-11-14,TEAM,Farquhar Scott,"isDirector,isTenPercentOwner",0001666121-25-000070,2025-11-13,S,1535.0,154.44,251410.0,I,non_derivative,Class A Common Stock,,,,
1650372,2025-11-14,TEAM,Farquhar Scott,"isDirector,isTenPercentOwner",0001666121-25-000070,2025-11-13,S,1535.0,154.44,251410.0,I,,,,,,
1650372,2025-11-14,TEAM,Cannon-Brookes Michael,"isDirector,isOfficer,isTenPercentOwner",0001666120-25-000068,2025-11-13,S,867.0,156.2522,252078.0,I,,,,,,
1650372,2025-11-17,TEAM,BHARADWAJ ANUTTHARA,isOfficer,0001944957-25-000003,2025-11-14,S,230.0,154.7213,251709.0,D,non_derivative,Class A Common Stock,,,,
1650372,2025-11-17,TEAM,Farquhar Scott,"isDirector,isTenPercentOwner",0001666121-25-000071,2025-11-14,S,1409.0,153.0975,243871.0,I,,,,,,
1650372,2025-11-17,TEAM,BINZ JOSEPH LEO,isOfficer,0001946413-25-000003,2025-11-14,S,838.0,153.053,218644.0,D,,,,,,
1650372,2025-11-17,TEAM,DUFFY BRIAN,isOfficer,0002051813-25-000003,2025-11-14,S,58.0,150.2902,129886.0,D,,,,,,
1650372,2025-11-17,TEAM,Cannon-Brookes Michael,"isDirector,isOfficer,isTenPercentOwner",0001666120-25-000069,2025-11-14,S,3638.0,152.0657,241642.0,I,,,,,,
1650372,2025-11-17,TEAM,LIU GENE,isOfficer,0001946411-25-000003,2025-11-14,S,85.0,151.3139,59122.0,D,,,,,,
1650372,2025-11-17,TEAM,RAJAN RAJEEV BASHYAM,isOfficer,0001943614-25-000003,2025-11-14,S,132.0,154.7213,228534.0,D,,,,,,
1650372,2025-11-17,TEAM,BINZ JOSEPH LEO,isOfficer,0001946413-25-000003,2025-11-14,S,838.0,153.053,218644.0,D,non_derivative,Class A Common Stock,,,,
1650372,2025-11-17,TEAM,BHARADWAJ ANUTTHARA,isOfficer,0001944957-25-000003,2025-11-14,S,230.0,154.7213,251709.0,D,,,,,,
1650372,2025-11-17,TEAM,Cannon-Brookes Michael,"isDirector,isOfficer,isTenPercentOwner",0001666120-25-000069,2025-11-14,S,3638.0,152.0657,241642.0,I,non_derivative,Class A Common Stock,,,,
1650372,2025-11-17,TEAM,DUFFY BRIAN,isOfficer,0002051813-25-000003,2025-11-14,S,58.0,150.2902,129886.0,D,non_derivative,Class A Common Stock,,,,
1650372,2025-11-17,TEAM,RAJAN RAJEEV BASHYAM,isOfficer,0001943614-25-000003,2025-11-14,S,132.0,154.7213,228534.0,D,non_derivative,Class A Common Stock,,,,
1650372,2025-11-17,TEAM,Farquhar Scott,"isDirector,isTenPercentOwner",0001666121-25-000071,2025-11-14,S,1409.0,153.0975,243871.0,I,non_derivative,Class A Common Stock,,,,
1650372,2025-11-17,TEAM,LIU GENE,isOfficer,0001946411-25-000003,2025-11-14,S,85.0,151.3139,59122.0,D,non_derivative,Class A Common Stock,,,,
1650372,2025-11-18,TEAM,Farquhar Scott,"isDirector,isTenPercentOwner",0001666121-25-000072,2025-11-17,S,2601.0,147.8785,235014.0,I,,,,,,
1650372,2025-11-18,TEAM,Cannon-Brookes Michael,"isDirector,isOfficer,isTenPercentOwner",0001666120-25-000070,2025-11-17,S,900.0,148.5955,236715.0,I,non_derivative,Class A Common Stock,,,,
1650372,2025-11-18,TEAM,Cannon-Brookes Michael,"isDirector,isOfficer,isTenPercentOwner",0001666120-25-000070,2025-11-17,S,900.0,148.5955,236715.0,I,,,,,,
1650372,2025-11-18,TEAM,Farquhar Scott,"isDirector,isTenPercentOwner",0001666121-25-000072,2025-11-17,S,2601.0,147.8785,235014.0,I,non_derivative,Class A Common Stock,,,,
1650372,2025-11-19,TEAM,Farquhar Scott,"isDirector,isTenPercentOwner",0001666121-25-000073,2025-11-18,S,2199.0,146.974,227751.0,I,non_derivative,Class A Common Stock,,,,
1650372,2025-11-19,TEAM,Cannon-Brookes Michael,"isDirector,isOfficer,isTenPercentOwner",0001666120-25-000071,2025-11-18,S,2029.0,148.8567,227921.0,I,,,,,,
1650372,2025-11-19,TEAM,Farquhar Scott,"isDirector,isTenPercentOwner",0001666121-25-000073,2025-11-18,S,2199.0,146.974,227751.0,I,,,,,,
1650372,2025-11-19,TEAM,Cannon-Brookes Michael,"isDirector,isOfficer,isTenPercentOwner",0001666120-25-000071,2025-11-18,S,2029.0,148.8567,227921.0,I,non_derivative,Class A Common Stock,,,,
1650372,2025-11-20,TEAM,Farquhar Scott,"isDirector,isTenPercentOwner",0001666121-25-000074,2025-11-19,S,3233.0,146.8265,219052.0,I,non_derivative,Class A Common Stock,,,,
1650372,2025-11-20,TEAM,RAJAN RAJEEV BASHYAM,isOfficer,0001943614-25-000004,2025-11-19,S,1350.0,146.6924,221664.0,D,,,,,,
1650372,2025-11-20,TEAM,Cannon-Brookes Michael,"isDirector,isOfficer,isTenPercentOwner",0001666120-25-000072,2025-11-19,S,650.0,149.7027,221635.0,I,non_derivative,Class A Common Stock,,,,
1650372,2025-11-20,TEAM,BINZ JOSEPH LEO,isOfficer,0001946413-25-000004,2025-11-19,S,137.0,149.6166,214814.0,D,non_derivative,Class A Common Stock,,,,
1650372,2025-11-20,TEAM,DUFFY BRIAN,isOfficer,0002051813-25-000004,2025-11-19,S,156.0,149.6166,128320.0,D,non_derivative,Class A Common Stock,,,,
1650372,2025-11-20,TEAM,LIU GENE,isOfficer,0001946411-25-000004,2025-11-19,S,7.0,149.6166,58156.0,D,,,,,,
1650372,2025-11-20,TEAM,Cannon-Brookes Michael,"isDirector,isOfficer,isTenPercentOwner",0001666120-25-000072,2025-11-19,S,650.0,149.7027,221635.0,I,,,,,,
1650372,2025-11-20,TEAM,DUFFY BRIAN,isOfficer,0002051813-25-000004,2025-11-19,S,156.0,149.6166,128320.0,D,,,,,,
1650372,2025-11-20,TEAM,RAJAN RAJEEV BASHYAM,isOfficer,0001943614-25-000004,2025-11-19,S,1350.0,146.6924,221664.0,D,non_derivative,Class A Common Stock,,,,
1650372,2025-11-20,TEAM,LIU GENE,isOfficer,0001946411-25-000004,2025-11-19,S,7.0,149.6166,58156.0,D,non_derivative,Class A Common Stock,,,,
1650372,2025-11-20,TEAM,BINZ JOSEPH LEO,isOfficer,0001946413-25-000004,2025-11-19,S,137.0,149.6166,214814.0,D,,,,,,
1650372,2025-11-20,TEAM,Farquhar Scott,"isDirector,isTenPercentOwner",0001666121-25-000074,2025-11-19,S,3233.0,146.8265,219052.0,I,,,,,,
1650372,2025-11-21,TEAM,Farquhar Scott,"isDirector,isTenPercentOwner",0001666121-25-000075,2025-11-20,S,3454.0,144.0436,211166.0,I,non_derivative,Class A Common Stock,,,,
1650372,2025-11-21,TEAM,Farquhar Scott,"isDirector,isTenPercentOwner",0001666121-25-000075,2025-11-20,S,3454.0,144.0436,211166.0,I,,,,,,
1650372,2025-11-21,TEAM,Cannon-Brookes Michael,"isDirector,isOfficer,isTenPercentOwner",0001666120-25-000073,2025-11-20,S,1400.0,144.7625,213220.0,I,non_derivative,Class A Common Stock,,,,
1650372,2025-11-21,TEAM,Cannon-Brookes Michael,"isDirector,isOfficer,isTenPercentOwner",0001666120-25-000073,2025-11-20,S,1400.0,144.7625,213220.0,I,,,,,,
1650372,2025-11-24,TEAM,Cannon-Brookes Michael,"isDirector,isOfficer,isTenPercentOwner",0001666120-25-000074,2025-11-21,S,505.0,141.6484,206450.0,I,non_derivative,Class A Common Stock,,,,
1650372,2025-11-24,TEAM,Cannon-Brookes Michael,"isDirector,isOfficer,isTenPercentOwner",0001666120-25-000074,2025-11-21,S,505.0,141.6484,206450.0,I,,,,,,
1650372,2025-11-24,TEAM,Farquhar Scott,"isDirector,isTenPercentOwner",0001666121-25-000076,2025-11-21,S,1000.0,140.662,205955.0,I,,,,,,
1650372,2025-11-24,TEAM,Farquhar Scott,"isDirector,isTenPercentOwner",0001666121-25-000076,2025-11-21,S,1000.0,140.662,205955.0,I,non_derivative,Class A Common Stock,,,,
1650372,2025-11-25,TEAM,Farquhar Scott,"isDirector,isTenPercentOwner",0001666121-25-000077,2025-11-24,S,5015.0,146.6825,194275.0,I,non_derivative,Class A Common Stock,,,,
1650372,2025-11-25,TEAM,Cannon-Brookes Michael,"isDirector,isOfficer,isTenPercentOwner",0001666120-25-000075,2025-11-24,S,800.0,147.7615,198490.0,I,,,,,,
1650372,2025-11-25,TEAM,Farquhar Scott,"isDirector,isTenPercentOwner",0001666121-25-000077,2025-11-24,S,5015.0,146.6825,194275.0,I,,,,,,
1650372,2025-11-25,TEAM,Cannon-Brookes Michael,"isDirector,isOfficer,isTenPercentOwner",0001666120-25-000075,2025-11-24,S,800.0,147.7615,198490.0,I,non_derivative,Class A Common Stock,,,,
1650372,2025-11-26,TEAM,Farquhar Scott,"isDirector,isTenPercentOwner",0001666121-25-000079,2025-11-26,S,1650.0,148.7565,182310.0,I,,,,,,
1650372,2025-11-26,TEAM,Farquhar Scott,"isDirector,isTenPercentOwner",0001666121-25-000078,2025-11-25,S,2313.0,150.0159,189312.0,I,,,,,,
1650372,2025-11-26,TEAM,Cannon-Brookes Michael,"isDirector,isOfficer,isTenPercentOwner",0001666120-25-000077,2025-11-26,S,1650.0,148.7565,182310.0,I,,,,,,
1650372,2025-11-26,TEAM,Cannon-Brookes Michael,"isDirector,isOfficer,isTenPercentOwner",0001666120-25-000076,2025-11-25,S,250.0,147.1964,191375.0,I,,,,,,
1650372,2025-11-26,TEAM,Farquhar Scott,"isDirector,isTenPercentOwner",0001666121-25-000078,2025-11-25,S,2313.0,150.0159,189312.0,I,non_derivative,Class A Common Stock,,,,
1650372,2025-11-26,TEAM,Cannon-Brookes Michael,"isDirector,isOfficer,isTenPercentOwner",0001666120-25-000076,2025-11-25,S,250.0,147.1964,191375.0,I,non_derivative,Class A Common Stock,,,,
1650372,2025-11-26,TEAM,Farquhar Scott,"isDirector,isTenPercentOwner",0001666121-25-000079,2025-11-26,S,1650.0,148.7565,182310.0,I,non_derivative,Class A Common Stock,,,,
1650372,2025-11-26,TEAM,Cannon-Brookes Michael,"isDirector,isOfficer,isTenPercentOwner",0001666120-25-000077,2025-11-26,S,1650.0,148.7565,182310.0,I,non_derivative,Class A Common Stock,,,,
1650372,2025-12-01,TEAM,Farquhar Scott,"isDirector,isTenPercentOwner",0001666121-25-000080,2025-11-28,S,442.0,151.2247,175853.0,I,,,,,,
1650372,2025-12-01,TEAM,Cannon-Brookes Michael,"isDirector,isOfficer,isTenPercentOwner",0001666120-25-000078,2025-11-28,S,441.0,151.2248,175854.0,I,,,,,,
1650372,2025-12-01,TEAM,Cannon-Brookes Michael,"isDirector,isOfficer,isTenPercentOwner",0001666120-25-000078,2025-11-28,S,441.0,151.2248,175854.0,I,non_derivative,Class A Common Stock,,,,
1650372,2025-12-01,TEAM,Farquhar Scott,"isDirector,isTenPercentOwner",0001666121-25-000080,2025-11-28,S,442.0,151.2247,175853.0,I,non_derivative,Class A Common Stock,,,,
1650372,2025-12-02,TEAM,Cannon-Brookes Michael,"isDirector,isOfficer,isTenPercentOwner",0001666120-25-000079,2025-12-01,S,900.0,154.0432,167730.0,I,non_derivative,Class A Common Stock,,,,
1650372,2025-12-02,TEAM,Farquhar Scott,"isDirector,isTenPercentOwner",0001666121-25-000081,2025-12-01,S,900.0,154.0433,167730.0,I,non_derivative,Class A Common Stock,,,,
1650372,2025-12-02,TEAM,Belsky Scott,isDirector,0001674730-25-000005,2025-12-01,P,1672.0,148.03,6169.0,I,non_derivative,Class A Common Stock,,,,
1650372,2025-12-02,TEAM,Cannon-Brookes Michael,"isDirector,isOfficer,isTenPercentOwner",0001666120-25-000079,2025-12-01,S,900.0,154.0432,167730.0,I,,,,,,
1650372,2025-12-02,TEAM,Farquhar Scott,"isDirector,isTenPercentOwner",0001666121-25-000081,2025-12-01,S,900.0,154.0433,167730.0,I,,,,,,
1650372,2025-12-02,TEAM,Belsky Scott,isDirector,0001674730-25-000005,2025-12-01,P,1672.0,148.03,6169.0,I,,,,,,
1650372,2025-12-03,TEAM,Zatlyn Michelle,isDirector,0001786951-25-000010,2025-12-02,A,1885.0,0.0,7108.0,D,non_derivative,Class A Common Stock,,,,
1650372,2025-12-03,TEAM,Farquhar Scott,"isDirector,isTenPercentOwner",0001666121-25-000082,2025-12-02,S,500.0,152.6549,160465.0,I,non_derivative,Class A Common Stock,,,,
1650372,2025-12-03,TEAM,DYKSTRA KAREN E,isDirector,0001198848-25-000005,2025-12-02,A,1885.0,0.0,4338.0,D,non_derivative,Class A Common Stock,,,,
1650372,2025-12-03,TEAM,Sordello Steven J,isDirector,0001372397-25-000003,2025-12-02,A,1885.0,0.0,52935.0,D,non_derivative,Class A Common Stock,,,,
1650372,2025-12-03,TEAM,Goodarzi Sasan K,isDirector,0001412321-25-000006,2025-12-02,A,1885.0,0.0,19035.0,D,non_derivative,Class A Common Stock,,,,
1650372,2025-12-03,TEAM,WARNER JASON,isDirector,0002087576-25-000003,2025-12-02,A,1885.0,0.0,2263.0,D,non_derivative,Class A Common Stock,,,,
1650372,2025-12-03,TEAM,Wong Rich,isDirector,0001536302-25-000002,2025-12-02,A,1885.0,0.0,126819.0,D,non_derivative,Class A Common Stock,,,,
1650372,2025-12-03,TEAM,Sordello Steven J,isDirector,0001372397-25-000003,2025-12-02,A,1885.0,0.0,52935.0,D,,,,,,
1650372,2025-12-03,TEAM,Brown Shona L,isDirector,0001295031-25-000009,2025-12-02,A,1885.0,0.0,1885.0,D,non_derivative,Class A Common Stock,,,,
1650372,2025-12-03,TEAM,Belsky Scott,isDirector,0001674730-25-000006,2025-12-02,A,1885.0,0.0,3519.0,D,non_derivative,Class A Common Stock,,,,
1650372,2025-12-03,TEAM,Smith Christian,isDirector,0001968919-25-000002,2025-12-02,A,1885.0,0.0,3010.0,D,non_derivative,Class A Common Stock,,,,
1650372,2025-12-03,TEAM,Brown Shona L,isDirector,0001295031-25-000009,2025-12-02,A,1885.0,0.0,1885.0,D,,,,,,
1650372,2025-12-03,TEAM,Belsky Scott,isDirector,0001674730-25-000006,2025-12-02,A,1885.0,0.0,3519.0,D,,,,,,
1650372,2025-12-03,TEAM,WARNER JASON,isDirector,0002087576-25-000003,2025-12-02,A,1885.0,0.0,2263.0,D,,,,,,
1650372,2025-12-03,TEAM,Farquhar Scott,"isDirector,isTenPercentOwner",0001666121-25-000082,2025-12-02,S,500.0,152.6549,160465.0,I,,,,,,
1650372,2025-12-03,TEAM,Cannon-Brookes Michael,"isDirector,isOfficer,isTenPercentOwner",0001666120-25-000080,2025-12-02,S,500.0,152.6547,160465.0,I,,,,,,
1650372,2025-12-03,TEAM,Smith Christian,isDirector,0001968919-25-000002,2025-12-02,A,1885.0,0.0,3010.0,D,,,,,,
1650372,2025-12-03,TEAM,Cannon-Brookes Michael,"isDirector,isOfficer,isTenPercentOwner",0001666120-25-000080,2025-12-02,S,500.0,152.6547,160465.0,I,non_derivative,Class A Common Stock,,,,
1650372,2025-12-03,TEAM,Zatlyn Michelle,isDirector,0001786951-25-000010,2025-12-02,A,1885.0,0.0,7108.0,D,,,,,,
1650372,2025-12-03,TEAM,Goodarzi Sasan K,isDirector,0001412321-25-000006,2025-12-02,A,1885.0,0.0,19035.0,D,,,,,,
1650372,2025-12-03,TEAM,DYKSTRA KAREN E,isDirector,0001198848-25-000005,2025-12-02,A,1885.0,0.0,4338.0,D,,,,,,
1650372,2025-12-03,TEAM,Wong Rich,isDirector,0001536302-25-000002,2025-12-02,A,1885.0,0.0,126819.0,D,,,,,,
1650372,2025-12-04,TEAM,Farquhar Scott,"isDirector,isTenPercentOwner",0001666121-25-000083,2025-12-03,S,150.0,152.5319,153150.0,I,,,,,,
1650372,2025-12-04,TEAM,Farquhar Scott,"isDirector,isTenPercentOwner",0001666121-25-000083,2025-12-03,S,150.0,152.5319,153150.0,I,non_derivative,Class A Common Stock,,,,
1650372,2025-12-04,TEAM,Cannon-Brookes Michael,"isDirector,isOfficer,isTenPercentOwner",0001666120-25-000081,2025-12-03,S,2072.0,155.7629,151228.0,I,non_derivative,Class A Common Stock,,,,
1650372,2025-12-04,TEAM,Cannon-Brookes Michael,"isDirector,isOfficer,isTenPercentOwner",0001666120-25-000081,2025-12-03,S,2072.0,155.7629,151228.0,I,,,,,,
1650372,2025-12-05,TEAM,Cannon-Brookes Michael,"isDirector,isOfficer,isTenPercentOwner",0001666120-25-000082,2025-12-04,S,3364.0,156.5205,142271.0,I,,,,,,
1650372,2025-12-05,TEAM,Farquhar Scott,"isDirector,isTenPercentOwner",0001666121-25-000084,2025-12-04,S,2350.0,154.5228,143285.0,I,,,,,,
1650372,2025-12-05,TEAM,Cannon-Brookes Michael,"isDirector,isOfficer,isTenPercentOwner",0001666120-25-000082,2025-12-04,S,3364.0,156.5205,142271.0,I,non_derivative,Class A Common Stock,,,,
1650372,2025-12-05,TEAM,Farquhar Scott,"isDirector,isTenPercentOwner",0001666121-25-000084,2025-12-04,S,2350.0,154.5228,143285.0,I,non_derivative,Class A Common Stock,,,,
1650372,2025-12-08,TEAM,Cannon-Brookes Michael,"isDirector,isOfficer,isTenPercentOwner",0001666120-25-000083,2025-12-05,S,150.0,164.0276,137820.0,I,,,,,,
1650372,2025-12-08,TEAM,Cannon-Brookes Michael,"isDirector,isOfficer,isTenPercentOwner",0001666120-25-000083,2025-12-05,S,150.0,164.0276,137820.0,I,non_derivative,Class A Common Stock,,,,
1650372,2025-12-08,TEAM,Farquhar Scott,"isDirector,isTenPercentOwner",0001666121-25-000085,2025-12-05,S,150.0,164.0277,137820.0,I,non_derivative,Class A Common Stock,,,,
1650372,2025-12-08,TEAM,Farquhar Scott,"isDirector,isTenPercentOwner",0001666121-25-000085,2025-12-05,S,150.0,164.0277,137820.0,I,,,,,,
1650372,2025-12-09,TEAM,Farquhar Scott,"isDirector,isTenPercentOwner",0001666121-25-000086,2025-12-08,S,3664.0,160.9741,126641.0,I,non_derivative,Class A Common Stock,,,,
1650372,2025-12-09,TEAM,Cannon-Brookes Michael,"isDirector,isOfficer,isTenPercentOwner",0001666120-25-000084,2025-12-08,S,800.0,161.9353,129505.0,I,,,,,,
1650372,2025-12-09,TEAM,Cannon-Brookes Michael,"isDirector,isOfficer,isTenPercentOwner",0001666120-25-000084,2025-12-08,S,800.0,161.9353,129505.0,I,non_derivative,Class A Common Stock,,,,
1650372,2025-12-09,TEAM,Farquhar Scott,"isDirector,isTenPercentOwner",0001666121-25-000086,2025-12-08,S,3664.0,160.9741,126641.0,I,,,,,,
1650372,2025-12-10,TEAM,Farquhar Scott,"isDirector,isTenPercentOwner",0001666121-25-000087,2025-12-09,S,3881.0,161.3053,118759.0,I,non_derivative,Class A Common Stock,,,,
1650372,2025-12-10,TEAM,Cannon-Brookes Michael,"isDirector,isOfficer,isTenPercentOwner",0001666120-25-000085,2025-12-09,S,3882.0,161.3053,118758.0,I,,,,,,
1650372,2025-12-10,TEAM,Cannon-Brookes Michael,"isDirector,isOfficer,isTenPercentOwner",0001666120-25-000085,2025-12-09,S,3882.0,161.3053,118758.0,I,non_derivative,Class A Common Stock,,,,
1650372,2025-12-10,TEAM,Farquhar Scott,"isDirector,isTenPercentOwner",0001666121-25-000087,2025-12-09,S,3881.0,161.3053,118759.0,I,,,,,,
1650372,2025-12-11,TEAM,Farquhar Scott,"isDirector,isTenPercentOwner",0001666121-25-000088,2025-12-10,S,1784.0,160.9062,113191.0,I,,,,,,
1650372,2025-12-11,TEAM,Farquhar Scott,"isDirector,isTenPercentOwner",0001666121-25-000088,2025-12-10,S,1784.0,160.9062,113191.0,I,non_derivative,Class A Common Stock,,,,
1650372,2025-12-11,TEAM,Cannon-Brookes Michael,"isDirector,isOfficer,isTenPercentOwner",0001666120-25-000086,2025-12-10,S,4279.0,161.7016,110696.0,I,,,,,,
1650372,2025-12-11,TEAM,Cannon-Brookes Michael,"isDirector,isOfficer,isTenPercentOwner",0001666120-25-000086,2025-12-10,S,4279.0,161.7016,110696.0,I,non_derivative,Class A Common Stock,,,,
1650372,2025-12-12,TEAM,Farquhar Scott,"isDirector,isTenPercentOwner",0001666121-25-000089,2025-12-11,S,1150.0,161.8436,106160.0,I,non_derivative,Class A Common Stock,,,,
1650372,2025-12-12,TEAM,Cannon-Brookes Michael,"isDirector,isOfficer,isTenPercentOwner",0001666120-25-000087,2025-12-11,S,2928.0,163.5586,104382.0,I,non_derivative,Class A Common Stock,,,,
1650372,2025-12-12,TEAM,Farquhar Scott,"isDirector,isTenPercentOwner",0001666121-25-000089,2025-12-11,S,1150.0,161.8436,106160.0,I,,,,,,
1650372,2025-12-12,TEAM,Cannon-Brookes Michael,"isDirector,isOfficer,isTenPercentOwner",0001666120-25-000087,2025-12-11,S,2928.0,163.5586,104382.0,I,,,,,,
1650372,2025-12-15,TEAM,Farquhar Scott,"isDirector,isTenPercentOwner",0001666121-25-000090,2025-12-12,S,300.0,164.01,99345.0,I,,,,,,
1650372,2025-12-15,TEAM,Brown Shona L,isDirector,0001295031-25-000012,2025-12-12,S,528.0,163.0,36508.0,I,,,,,,
1650372,2025-12-15,TEAM,Cannon-Brookes Michael,"isDirector,isOfficer,isTenPercentOwner",0001666120-25-000088,2025-12-12,S,1650.0,161.1487,97995.0,I,,,,,,
1650372,2025-12-15,TEAM,Cannon-Brookes Michael,"isDirector,isOfficer,isTenPercentOwner",0001666120-25-000088,2025-12-12,S,1650.0,161.1487,97995.0,I,non_derivative,Class A Common Stock,,,,
1650372,2025-12-15,TEAM,Brown Shona L,isDirector,0001295031-25-000012,2025-12-12,S,528.0,163.0,36508.0,I,non_derivative,Class A Common Stock,,,,
1650372,2025-12-15,TEAM,Farquhar Scott,"isDirector,isTenPercentOwner",0001666121-25-000090,2025-12-12,S,300.0,164.01,99345.0,I,non_derivative,Class A Common Stock,,,,
1650372,2025-12-16,TEAM,Farquhar Scott,"isDirector,isTenPercentOwner",0001666121-25-000091,2025-12-15,S,1200.0,157.7698,90780.0,I,non_derivative,Class A Common Stock,,,,
1650372,2025-12-16,TEAM,Cannon-Brookes Michael,"isDirector,isOfficer,isTenPercentOwner",0001666120-25-000089,2025-12-15,S,100.0,160.68,91880.0,I,non_derivative,Class A Common Stock,,,,
1650372,2025-12-16,TEAM,Cannon-Brookes Michael,"isDirector,isOfficer,isTenPercentOwner",0001666120-25-000089,2025-12-15,S,100.0,160.68,91880.0,I,,,,,,
1650372,2025-12-16,TEAM,Farquhar Scott,"isDirector,isTenPercentOwner",0001666121-25-000091,2025-12-15,S,1200.0,157.7698,90780.0,I,,,,,,
1650372,2025-12-17,TEAM,Cannon-Brookes Michael,"isDirector,isOfficer,isTenPercentOwner",0001666120-25-000090,2025-12-16,S,150.0,162.69,84165.0,I,,,,,,
1650372,2025-12-17,TEAM,Cannon-Brookes Michael,"isDirector,isOfficer,isTenPercentOwner",0001666120-25-000090,2025-12-16,S,150.0,162.69,84165.0,I,non_derivative,Class A Common Stock,,,,
1650372,2025-12-17,TEAM,Farquhar Scott,"isDirector,isTenPercentOwner",0001666121-25-000092,2025-12-16,S,1371.0,161.0446,82944.0,I,non_derivative,Class A Common Stock,,,,
1650372,2025-12-17,TEAM,Farquhar Scott,"isDirector,isTenPercentOwner",0001666121-25-000092,2025-12-16,S,1371.0,161.0446,82944.0,I,,,,,,
1650372,2025-12-18,TEAM,Farquhar Scott,"isDirector,isTenPercentOwner",0001666121-25-000093,2025-12-17,S,1926.0,163.4612,74724.0,I,,,,,,
1650372,2025-12-18,TEAM,Cannon-Brookes Michael,"isDirector,isOfficer,isTenPercentOwner",0001666120-25-000091,2025-12-17,S,532.0,165.364,76118.0,I,,,,,,
1650372,2025-12-18,TEAM,Farquhar Scott,"isDirector,isTenPercentOwner",0001666121-25-000093,2025-12-17,S,1926.0,163.4612,74724.0,I,non_derivative,Class A Common Stock,,,,
1650372,2025-12-18,TEAM,Cannon-Brookes Michael,"isDirector,isOfficer,isTenPercentOwner",0001666120-25-000091,2025-12-17,S,532.0,165.364,76118.0,I,non_derivative,Class A Common Stock,,,,
1650372,2025-12-19,TEAM,Cannon-Brookes Michael,"isDirector,isOfficer,isTenPercentOwner",0001666120-25-000092,2025-12-18,S,400.0,162.69,68585.0,I,non_derivative,Class A Common Stock,,,,
1650372,2025-12-19,TEAM,Farquhar Scott,"isDirector,isTenPercentOwner",0001666121-25-000094,2025-12-18,S,1031.0,165.7259,67954.0,I,,,,,,
1650372,2025-12-19,TEAM,Farquhar Scott,"isDirector,isTenPercentOwner",0001666121-25-000094,2025-12-18,S,1031.0,165.7259,67954.0,I,non_derivative,Class A Common Stock,,,,
1650372,2025-12-19,TEAM,Cannon-Brookes Michael,"isDirector,isOfficer,isTenPercentOwner",0001666120-25-000092,2025-12-18,S,400.0,162.69,68585.0,I,,,,,,
1650372,2025-12-23,TEAM,Farquhar Scott,"isDirector,isTenPercentOwner",0001666121-25-000096,2025-12-22,S,5599.0,164.1867,48056.0,I,,,,,,
1650372,2025-12-23,TEAM,LIU GENE,isOfficer,0001946411-25-000005,2025-12-20,A,3257.0,0.0,61328.0,D,,,,,,
1650372,2025-12-23,TEAM,Cannon-Brookes Michael,"isDirector,isOfficer,isTenPercentOwner",0001666120-25-000093,2025-12-19,S,2439.0,161.3295,58881.0,I,,,,,,
1650372,2025-12-23,TEAM,Farquhar Scott,"isDirector,isTenPercentOwner",0001666121-25-000097,2025-12-23,S,1166.0,160.1186,44824.0,I,,,,,,
1650372,2025-12-23,TEAM,Farquhar Scott,"isDirector,isTenPercentOwner",0001666121-25-000095,2025-12-19,S,50.0,165.59,61270.0,I,,,,,,
1650372,2025-12-23,TEAM,Cannon-Brookes Michael,"isDirector,isOfficer,isTenPercentOwner",0001666120-25-000094,2025-12-22,S,1134.0,164.962,52521.0,I,,,,,,
1650372,2025-12-23,TEAM,Farquhar Scott,"isDirector,isTenPercentOwner",0001666121-25-000096,2025-12-22,S,5599.0,164.1867,48056.0,I,non_derivative,Class A Common Stock,,,,
1650372,2025-12-23,TEAM,Farquhar Scott,"isDirector,isTenPercentOwner",0001666121-25-000095,2025-12-19,S,50.0,165.59,61270.0,I,non_derivative,Class A Common Stock,,,,
1650372,2025-12-23,TEAM,Cannon-Brookes Michael,"isDirector,isOfficer,isTenPercentOwner",0001666120-25-000094,2025-12-22,S,1134.0,164.962,52521.0,I,non_derivative,Class A Common Stock,,,,
1650372,2025-12-23,TEAM,Cannon-Brookes Michael,"isDirector,isOfficer,isTenPercentOwner",0001666120-25-000093,2025-12-19,S,2439.0,161.3295,58881.0,I,non_derivative,Class A Common Stock,,,,
1650372,2025-12-23,TEAM,Cannon-Brookes Michael,"isDirector,isOfficer,isTenPercentOwner",0001666120-25-000095,2025-12-23,S,827.0,162.8764,45163.0,I,,,,,,
1650372,2025-12-23,TEAM,LIU GENE,isOfficer,0001946411-25-000005,2025-12-20,A,3257.0,0.0,61328.0,D,non_derivative,Class A Common Stock,,,,
1650372,2025-12-23,TEAM,Cannon-Brookes Michael,"isDirector,isOfficer,isTenPercentOwner",0001666120-25-000095,2025-12-23,S,827.0,162.8764,45163.0,I,non_derivative,Class A Common Stock,,,,
1650372,2025-12-23,TEAM,Farquhar Scott,"isDirector,isTenPercentOwner",0001666121-25-000097,2025-12-23,S,1166.0,160.1186,44824.0,I,non_derivative,Class A Common Stock,,,,
1650372,2025-12-29,TEAM,Farquhar Scott,"isDirector,isTenPercentOwner",0001666121-25-000099,2025-12-26,S,5468.0,162.7397,25192.0,I,non_derivative,Class A Common Stock,,,,
1650372,2025-12-29,TEAM,Cannon-Brookes Michael,"isDirector,isOfficer,isTenPercentOwner",0001666120-25-000097,2025-12-26,S,100.0,163.325,30560.0,I,non_derivative,Class A Common Stock,,,,
1650372,2025-12-29,TEAM,Farquhar Scott,"isDirector,isTenPercentOwner",0001666121-25-000098,2025-12-24,S,5956.0,161.1647,32369.0,I,,,,,,
1650372,2025-12-29,TEAM,Cannon-Brookes Michael,"isDirector,isOfficer,isTenPercentOwner",0001666120-25-000098,2025-12-29,S,3424.0,163.2863,19571.0,I,,,,,,
1650372,2025-12-29,TEAM,Cannon-Brookes Michael,"isDirector,isOfficer,isTenPercentOwner",0001666120-25-000096,2025-12-24,S,150.0,162.05,38175.0,I,non_derivative,Class A Common Stock,,,,
1650372,2025-12-29,TEAM,Farquhar Scott,"isDirector,isTenPercentOwner",0001666121-25-000099,2025-12-26,S,5468.0,162.7397,25192.0,I,,,,,,
1650372,2025-12-29,TEAM,Farquhar Scott,"isDirector,isTenPercentOwner",0001666121-25-000098,2025-12-24,S,5956.0,161.1647,32369.0,I,non_derivative,Class A Common Stock,,,,
1650372,2025-12-29,TEAM,Cannon-Brookes Michael,"isDirector,isOfficer,isTenPercentOwner",0001666120-25-000096,2025-12-24,S,150.0,162.05,38175.0,I,,,,,,
1650372,2025-12-29,TEAM,Farquhar Scott,"isDirector,isTenPercentOwner",0001666121-25-000100,2025-12-29,S,118.0,164.6049,22877.0,I,,,,,,
1650372,2025-12-29,TEAM,Cannon-Brookes Michael,"isDirector,isOfficer,isTenPercentOwner",0001666120-25-000098,2025-12-29,S,3424.0,163.2863,19571.0,I,non_derivative,Class A Common Stock,,,,
1650372,2025-12-29,TEAM,Cannon-Brookes Michael,"isDirector,isOfficer,isTenPercentOwner",0001666120-25-000097,2025-12-26,S,100.0,163.325,30560.0,I,,,,,,
1650372,2025-12-29,TEAM,Farquhar Scott,"isDirector,isTenPercentOwner",0001666121-25-000100,2025-12-29,S,118.0,164.6049,22877.0,I,non_derivative,Class A Common Stock,,,,
1650372,2025-12-31,TEAM,Cannon-Brookes Michael,"isDirector,isOfficer,isTenPercentOwner",0001666120-25-000100,2025-12-31,S,2736.0,162.3326,4929.0,I,non_derivative,Class A Common Stock,,,,
1650372,2025-12-31,TEAM,Cannon-Brookes Michael,"isDirector,isOfficer,isTenPercentOwner",0001666120-25-000099,2025-12-30,S,200.0,164.4725,15130.0,I,non_derivative,Class A Common Stock,,,,
1650372,2025-12-31,TEAM,Farquhar Scott,"isDirector,isTenPercentOwner",0001666121-25-000102,2025-12-31,S,4930.0,162.8699,2735.0,I,non_derivative,Class A Common Stock,,,,
1650372,2025-12-31,TEAM,Farquhar Scott,"isDirector,isTenPercentOwner",0001666121-25-000101,2025-12-30,S,200.0,164.4725,15130.0,I,non_derivative,Class A Common Stock,,,,
1650372,2025-12-31,TEAM,Cannon-Brookes Michael,"isDirector,isOfficer,isTenPercentOwner",0001666120-25-000100,2025-12-31,S,2736.0,162.3326,4929.0,I,,,,,,
1650372,2025-12-31,TEAM,Cannon-Brookes Michael,"isDirector,isOfficer,isTenPercentOwner",0001666120-25-000099,2025-12-30,S,200.0,164.4725,15130.0,I,,,,,,
1650372,2025-12-31,TEAM,Farquhar Scott,"isDirector,isTenPercentOwner",0001666121-25-000102,2025-12-31,S,4930.0,162.8699,2735.0,I,,,,,,
1650372,2025-12-31,TEAM,Farquhar Scott,"isDirector,isTenPercentOwner",0001666121-25-000101,2025-12-30,S,200.0,164.4725,15130.0,I,,,,,,
1650372,2026-01-02,TEAM,Farquhar Scott,"isDirector,isTenPercentOwner",0001666121-26-000001,2026-01-02,C,467565.0,0.0,47066808.0,I,derivative,Class B Common Stock,Class A Common Stock,467565.0,,
1650372,2026-01-02,TEAM,Farquhar Scott,"isDirector,isTenPercentOwner",0001666121-26-000001,2026-01-02,C,467565.0,,467565.0,I,non_derivative,Class A Common Stock,,,,
1650372,2026-01-02,TEAM,Cannon-Brookes Michael,"isDirector,isOfficer,isTenPercentOwner",0001666120-26-000001,2026-01-02,C,467565.0,0.0,47066808.0,I,derivative,Class B Common Stock,Class A Common Stock,467565.0,,
1650372,2026-01-02,TEAM,Cannon-Brookes Michael,"isDirector,isOfficer,isTenPercentOwner",0001666120-26-000001,2026-01-02,C,467565.0,,467565.0,I,non_derivative,Class A Common Stock,,,,
1650372,2026-01-02,TEAM,Cannon-Brookes Michael,"isDirector,isOfficer,isTenPercentOwner",0001666120-26-000001,2026-01-02,C,467565.0,,467565.0,I,,,,,,
1650372,2026-01-02,TEAM,Farquhar Scott,"isDirector,isTenPercentOwner",0001666121-26-000001,2026-01-02,C,467565.0,,467565.0,I,,,,,,
1650372,2026-01-05,TEAM,Farquhar Scott,"isDirector,isTenPercentOwner",0001666121-26-000002,2026-01-02,S,2157.0,156.6478,465408.0,I,,,,,,
1650372,2026-01-05,TEAM,Cannon-Brookes Michael,"isDirector,isOfficer,isTenPercentOwner",0001666120-26-000002,2026-01-02,S,600.0,158.2513,466965.0,I,,,,,,
1650372,2026-01-05,TEAM,Cannon-Brookes Michael,"isDirector,isOfficer,isTenPercentOwner",0001666120-26-000002,2026-01-02,S,600.0,158.2513,466965.0,I,non_derivative,Class A Common Stock,,,,
1650372,2026-01-05,TEAM,Farquhar Scott,"isDirector,isTenPercentOwner",0001666121-26-000002,2026-01-02,S,2157.0,156.6478,465408.0,I,non_derivative,Class A Common Stock,,,,
1650372,2026-01-06,TEAM,Farquhar Scott,"isDirector,isTenPercentOwner",0001666121-26-000003,2026-01-05,S,4213.0,154.0399,455687.0,I,,,,,,
1650372,2026-01-06,TEAM,Farquhar Scott,"isDirector,isTenPercentOwner",0001666121-26-000003,2026-01-05,S,4213.0,154.0399,455687.0,I,non_derivative,Class A Common Stock,,,,
1650372,2026-01-06,TEAM,Cannon-Brookes Michael,"isDirector,isOfficer,isTenPercentOwner",0001666120-26-000003,2026-01-05,S,300.0,155.93,459600.0,I,non_derivative,Class A Common Stock,,,,
1650372,2026-01-06,TEAM,Cannon-Brookes Michael,"isDirector,isOfficer,isTenPercentOwner",0001666120-26-000003,2026-01-05,S,300.0,155.93,459600.0,I,,,,,,
1650372,2026-01-07,TEAM,Cannon-Brookes Michael,"isDirector,isOfficer,isTenPercentOwner",0001666120-26-000004,2026-01-06,S,1200.0,159.2387,451035.0,I,non_derivative,Class A Common Stock,,,,
1650372,2026-01-07,TEAM,Farquhar Scott,"isDirector,isTenPercentOwner",0001666121-26-000004,2026-01-06,S,3152.0,158.2776,449083.0,I,,,,,,
1650372,2026-01-07,TEAM,Farquhar Scott,"isDirector,isTenPercentOwner",0001666121-26-000004,2026-01-06,S,3152.0,158.2776,449083.0,I,non_derivative,Class A Common Stock,,,,
1650372,2026-01-07,TEAM,Cannon-Brookes Michael,"isDirector,isOfficer,isTenPercentOwner",0001666120-26-000004,2026-01-06,S,1200.0,159.2387,451035.0,I,,,,,,
1650372,2026-01-08,TEAM,Farquhar Scott,"isDirector,isTenPercentOwner",0001666121-26-000005,2026-01-07,S,250.0,157.8085,444320.0,I,non_derivative,Class A Common Stock,,,,
1650372,2026-01-08,TEAM,Cannon-Brookes Michael,"isDirector,isOfficer,isTenPercentOwner",0001666120-26-000005,2026-01-07,S,1050.0,158.8938,443520.0,I,,,,,,
1650372,2026-01-08,TEAM,Farquhar Scott,"isDirector,isTenPercentOwner",0001666121-26-000005,2026-01-07,S,250.0,157.8085,444320.0,I,,,,,,
1650372,2026-01-08,TEAM,Cannon-Brookes Michael,"isDirector,isOfficer,isTenPercentOwner",0001666120-26-000005,2026-01-07,S,1050.0,158.8938,443520.0,I,non_derivative,Class A Common Stock,,,,
1650372,2026-01-09,TEAM,Cannon-Brookes Michael,"isDirector,isOfficer,isTenPercentOwner",0001666120-26-000006,2026-01-08,S,950.0,153.7609,435955.0,I,,,,,,
1650372,2026-01-09,TEAM,Cannon-Brookes Michael,"isDirector,isOfficer,isTenPercentOwner",0001666120-26-000006,2026-01-08,S,950.0,153.7609,435955.0,I,non_derivative,Class A Common Stock,,,,
1650372,2026-01-09,TEAM,Farquhar Scott,"isDirector,isTenPercentOwner",0001666121-26-000006,2026-01-08,S,100.0,154.675,436805.0,I,,,,,,
1650372,2026-01-09,TEAM,Farquhar Scott,"isDirector,isTenPercentOwner",0001666121-26-000006,2026-01-08,S,100.0,154.675,436805.0,I,non_derivative,Class A Common Stock,,,,
1650372,2026-01-12,TEAM,Farquhar Scott,"isDirector,isTenPercentOwner",0001666121-26-000007,2026-01-09,S,900.0,144.0246,428340.0,I,,,,,,
1650372,2026-01-12,TEAM,Cannon-Brookes Michael,"isDirector,isOfficer,isTenPercentOwner",0001666120-26-000007,2026-01-09,S,1200.0,145.0501,428040.0,I,,,,,,
1650372,2026-01-12,TEAM,Cannon-Brookes Michael,"isDirector,isOfficer,isTenPercentOwner",0001666120-26-000007,2026-01-09,S,1200.0,145.0501,428040.0,I,non_derivative,Class A Common Stock,,,,
1650372,2026-01-12,TEAM,Farquhar Scott,"isDirector,isTenPercentOwner",0001666121-26-000007,2026-01-09,S,900.0,144.0246,428340.0,I,non_derivative,Class A Common Stock,,,,
1650372,2026-01-13,TEAM,Cannon-Brookes Michael,"isDirector,isOfficer,isTenPercentOwner",0001666120-26-000008,2026-01-12,S,450.0,144.3944,421125.0,I,,,,,,
1650372,2026-01-13,TEAM,Farquhar Scott,"isDirector,isTenPercentOwner",0001666121-26-000008,2026-01-12,S,1435.0,148.3399,420140.0,I,non_derivative,Class A Common Stock,,,,
1650372,2026-01-13,TEAM,Cannon-Brookes Michael,"isDirector,isOfficer,isTenPercentOwner",0001666120-26-000008,2026-01-12,S,450.0,144.3944,421125.0,I,non_derivative,Class A Common Stock,,,,
1650372,2026-01-13,TEAM,Farquhar Scott,"isDirector,isTenPercentOwner",0001666121-26-000008,2026-01-12,S,1435.0,148.3399,420140.0,I,,,,,,
1650372,2026-01-14,TEAM,Cannon-Brookes Michael,"isDirector,isOfficer,isTenPercentOwner",0001666120-26-000009,2026-01-13,S,350.0,146.7671,413560.0,I,non_derivative,Class A Common Stock,,,,
1650372,2026-01-14,TEAM,Farquhar Scott,"isDirector,isTenPercentOwner",0001666121-26-000009,2026-01-13,S,2601.0,138.3265,411309.0,I,,,,,,
1650372,2026-01-14,TEAM,Cannon-Brookes Michael,"isDirector,isOfficer,isTenPercentOwner",0001666120-26-000009,2026-01-13,S,350.0,146.7671,413560.0,I,,,,,,
1650372,2026-01-14,TEAM,Farquhar Scott,"isDirector,isTenPercentOwner",0001666121-26-000009,2026-01-13,S,2601.0,138.3265,411309.0,I,non_derivative,Class A Common Stock,,,,
1650372,2026-01-15,TEAM,Farquhar Scott,"isDirector,isTenPercentOwner",0001666121-26-000010,2026-01-14,S,1589.0,131.8763,404656.0,I,non_derivative,Class A Common Stock,,,,
1650372,2026-01-15,TEAM,Cannon-Brookes Michael,"isDirector,isOfficer,isTenPercentOwner",0001666120-26-000010,2026-01-14,S,1589.0,131.8762,404656.0,I,non_derivative,Class A Common Stock,,,,
1650372,2026-01-15,TEAM,Farquhar Scott,"isDirector,isTenPercentOwner",0001666121-26-000010,2026-01-14,S,1589.0,131.8763,404656.0,I,,,,,,
1650372,2026-01-15,TEAM,Cannon-Brookes Michael,"isDirector,isOfficer,isTenPercentOwner",0001666120-26-000010,2026-01-14,S,1589.0,131.8762,404656.0,I,,,,,,
1650372,2026-01-16,TEAM,Farquhar Scott,"isDirector,isTenPercentOwner",0001666121-26-000012,2026-01-16,S,100.0,123.955,390815.0,I,,,,,,
1650372,2026-01-16,TEAM,Cannon-Brookes Michael,"isDirector,isOfficer,isTenPercentOwner",0001666120-26-000012,2026-01-16,S,1552.0,119.6309,389363.0,I,non_derivative,Class A Common Stock,,,,
1650372,2026-01-16,TEAM,Cannon-Brookes Michael,"isDirector,isOfficer,isTenPercentOwner",0001666120-26-000012,2026-01-16,S,1552.0,119.6309,389363.0,I,,,,,,
1650372,2026-01-16,TEAM,Cannon-Brookes Michael,"isDirector,isOfficer,isTenPercentOwner",0001666120-26-000011,2026-01-15,S,250.0,133.454,398330.0,I,,,,,,
1650372,2026-01-16,TEAM,Farquhar Scott,"isDirector,isTenPercentOwner",0001666121-26-000011,2026-01-15,S,250.0,133.454,398330.0,I,non_derivative,Class A Common Stock,,,,
1650372,2026-01-16,TEAM,Farquhar Scott,"isDirector,isTenPercentOwner",0001666121-26-000012,2026-01-16,S,100.0,123.955,390815.0,I,non_derivative,Class A Common Stock,,,,
1650372,2026-01-16,TEAM,Cannon-Brookes Michael,"isDirector,isOfficer,isTenPercentOwner",0001666120-26-000011,2026-01-15,S,250.0,133.454,398330.0,I,non_derivative,Class A Common Stock,,,,
1650372,2026-01-16,TEAM,Farquhar Scott,"isDirector,isTenPercentOwner",0001666121-26-000011,2026-01-15,S,250.0,133.454,398330.0,I,,,,,,
1650372,2026-01-21,TEAM,Farquhar Scott,"isDirector,isTenPercentOwner",0001666121-26-000013,2026-01-20,S,7665.0,118.1886,375585.0,I,,,,,,
1650372,2026-01-21,TEAM,Cannon-Brookes Michael,"isDirector,isOfficer,isTenPercentOwner",0001666120-26-000013,2026-01-20,S,7665.0,118.1886,375585.0,I,,,,,,
1650372,2026-01-21,TEAM,Farquhar Scott,"isDirector,isTenPercentOwner",0001666121-26-000013,2026-01-20,S,7665.0,118.1886,375585.0,I,non_derivative,Class A Common Stock,,,,
1650372,2026-01-21,TEAM,Cannon-Brookes Michael,"isDirector,isOfficer,isTenPercentOwner",0001666120-26-000013,2026-01-20,S,7665.0,118.1886,375585.0,I,non_derivative,Class A Common Stock,,,,
1650372,2026-01-22,TEAM,Cannon-Brookes Michael,"isDirector,isOfficer,isTenPercentOwner",0001666120-26-000014,2026-01-21,S,50.0,122.99,375535.0,I,,,,,,
1650372,2026-01-22,TEAM,Farquhar Scott,"isDirector,isTenPercentOwner",0001666121-26-000014,2026-01-21,S,3893.0,121.5226,371692.0,I,,,,,,
1650372,2026-01-22,TEAM,Farquhar Scott,"isDirector,isTenPercentOwner",0001666121-26-000014,2026-01-21,S,3893.0,121.5226,371692.0,I,non_derivative,Class A Common Stock,,,,
1650372,2026-01-22,TEAM,Cannon-Brookes Michael,"isDirector,isOfficer,isTenPercentOwner",0001666120-26-000014,2026-01-21,S,50.0,122.99,375535.0,I,non_derivative,Class A Common Stock,,,,
1650372,2026-01-23,TEAM,Cannon-Brookes Michael,"isDirector,isOfficer,isTenPercentOwner",0001666120-26-000015,2026-01-22,S,784.0,127.6791,367136.0,I,,,,,,
1650372,2026-01-23,TEAM,Farquhar Scott,"isDirector,isTenPercentOwner",0001666121-26-000015,2026-01-22,S,3350.0,125.715,364570.0,I,,,,,,
1650372,2026-01-23,TEAM,Farquhar Scott,"isDirector,isTenPercentOwner",0001666121-26-000015,2026-01-22,S,3350.0,125.715,364570.0,I,non_derivative,Class A Common Stock,,,,
1650372,2026-01-23,TEAM,Cannon-Brookes Michael,"isDirector,isOfficer,isTenPercentOwner",0001666120-26-000015,2026-01-22,S,784.0,127.6791,367136.0,I,non_derivative,Class A Common Stock,,,,
1650372,2026-01-26,TEAM,Farquhar Scott,"isDirector,isTenPercentOwner",0001666121-26-000016,2026-01-23,S,2862.0,131.5117,357393.0,I,non_derivative,Class A Common Stock,,,,
1650372,2026-01-26,TEAM,Farquhar Scott,"isDirector,isTenPercentOwner",0001666121-26-000016,2026-01-23,S,2862.0,131.5117,357393.0,I,,,,,,
1650372,2026-01-26,TEAM,Cannon-Brookes Michael,"isDirector,isOfficer,isTenPercentOwner",0001666120-26-000016,2026-01-23,S,1100.0,129.4736,359155.0,I,,,,,,
1650372,2026-01-26,TEAM,Cannon-Brookes Michael,"isDirector,isOfficer,isTenPercentOwner",0001666120-26-000016,2026-01-23,S,1100.0,129.4736,359155.0,I,non_derivative,Class A Common Stock,,,,
1650372,2026-01-27,TEAM,Farquhar Scott,"isDirector,isTenPercentOwner",0001666121-26-000017,2026-01-26,S,50.0,133.03,352540.0,I,non_derivative,Class A Common Stock,,,,
1650372,2026-01-27,TEAM,Cannon-Brookes Michael,"isDirector,isOfficer,isTenPercentOwner",0001666120-26-000017,2026-01-26,S,100.0,134.51,352490.0,I,non_derivative,Class A Common Stock,,,,
1650372,2026-01-27,TEAM,Farquhar Scott,"isDirector,isTenPercentOwner",0001666121-26-000017,2026-01-26,S,50.0,133.03,352540.0,I,,,,,,
1650372,2026-01-27,TEAM,Cannon-Brookes Michael,"isDirector,isOfficer,isTenPercentOwner",0001666120-26-000017,2026-01-26,S,100.0,134.51,352490.0,I,,,,,,
1650372,2026-01-28,TEAM,Farquhar Scott,"isDirector,isTenPercentOwner",0001666121-26-000018,2026-01-27,S,2164.0,133.6878,342761.0,I,non_derivative,Class A Common Stock,,,,
1650372,2026-01-28,TEAM,Cannon-Brookes Michael,"isDirector,isOfficer,isTenPercentOwner",0001666120-26-000018,2026-01-27,S,2164.0,133.6875,342761.0,I,non_derivative,Class A Common Stock,,,,
1650372,2026-01-28,TEAM,Farquhar Scott,"isDirector,isTenPercentOwner",0001666121-26-000018,2026-01-27,S,2164.0,133.6878,342761.0,I,,,,,,
1650372,2026-01-28,TEAM,Cannon-Brookes Michael,"isDirector,isOfficer,isTenPercentOwner",0001666120-26-000018,2026-01-27,S,2164.0,133.6875,342761.0,I,,,,,,
1650372,2026-01-29,TEAM,Cannon-Brookes Michael,"isDirector,isOfficer,isTenPercentOwner",0001666120-26-000019,2026-01-28,S,455.0,137.8009,336805.0,I,non_derivative,Class A Common Stock,,,,
1650372,2026-01-29,TEAM,Cannon-Brookes Michael,"isDirector,isOfficer,isTenPercentOwner",0001666120-26-000019,2026-01-28,S,455.0,137.8009,336805.0,I,,,,,,
1650372,2026-01-29,TEAM,Farquhar Scott,"isDirector,isTenPercentOwner",0001666121-26-000019,2026-01-28,S,2784.0,134.6722,334476.0,I,non_derivative,Class A Common Stock,,,,
1650372,2026-01-29,TEAM,Farquhar Scott,"isDirector,isTenPercentOwner",0001666121-26-000019,2026-01-28,S,2784.0,134.6722,334476.0,I,,,,,,
1650372,2026-01-30,TEAM,Farquhar Scott,"isDirector,isTenPercentOwner",0001666121-26-000020,2026-01-29,S,2501.0,119.6024,327094.0,I,,,,,,
1650372,2026-01-30,TEAM,Cannon-Brookes Michael,"isDirector,isOfficer,isTenPercentOwner",0001666120-26-000020,2026-01-29,S,300.0,116.6967,329295.0,I,,,,,,
1650372,2026-01-30,TEAM,Farquhar Scott,"isDirector,isTenPercentOwner",0001666121-26-000020,2026-01-29,S,2501.0,119.6024,327094.0,I,non_derivative,Class A Common Stock,,,,
1650372,2026-01-30,TEAM,Cannon-Brookes Michael,"isDirector,isOfficer,isTenPercentOwner",0001666120-26-000020,2026-01-29,S,300.0,116.6967,329295.0,I,non_derivative,Class A Common Stock,,,,
1650372,2026-02-02,TEAM,Farquhar Scott,"isDirector,isTenPercentOwner",0001666121-26-000021,2026-01-30,S,100.0,122.595,321830.0,I,non_derivative,Class A Common Stock,,,,
1650372,2026-02-02,TEAM,Farquhar Scott,"isDirector,isTenPercentOwner",0001666121-26-000021,2026-01-30,S,100.0,122.595,321830.0,I,,,,,,
1650372,2026-02-02,TEAM,Cannon-Brookes Michael,"isDirector,isOfficer,isTenPercentOwner",0001666120-26-000021,2026-01-30,S,3250.0,119.4542,318680.0,I,,,,,,
1650372,2026-02-02,TEAM,Cannon-Brookes Michael,"isDirector,isOfficer,isTenPercentOwner",0001666120-26-000021,2026-01-30,S,3250.0,119.4542,318680.0,I,non_derivative,Class A Common Stock,,,,
1650372,2026-02-03,TEAM,Farquhar Scott,"isDirector,isTenPercentOwner",0001666121-26-000022,2026-02-02,S,1103.0,115.1495,313162.0,I,non_derivative,Class A Common Stock,,,,
1650372,2026-02-03,TEAM,Cannon-Brookes Michael,"isDirector,isOfficer,isTenPercentOwner",0001666120-26-000022,2026-02-02,S,1874.0,114.0297,312391.0,I,,,,,,
1650372,2026-02-03,TEAM,SABHARWAL ANIL,isDirector,0002108066-26-000006,2026-02-02,A,2118.0,0.0,2118.0,D,non_derivative,Class A Common Stock,,,,
1650372,2026-02-03,TEAM,SABHARWAL ANIL,isDirector,0002108066-26-000006,2026-02-02,A,2118.0,0.0,2118.0,D,,,,,,
1650372,2026-02-03,TEAM,Farquhar Scott,"isDirector,isTenPercentOwner",0001666121-26-000022,2026-02-02,S,1103.0,115.1495,313162.0,I,,,,,,
1650372,2026-02-03,TEAM,Cannon-Brookes Michael,"isDirector,isOfficer,isTenPercentOwner",0001666120-26-000022,2026-02-02,S,1874.0,114.0297,312391.0,I,non_derivative,Class A Common Stock,,,,
1650372,2026-02-04,TEAM,Cannon-Brookes Michael,"isDirector,isOfficer,isTenPercentOwner",0001666120-26-000023,2026-02-03,S,50.0,109.31,306550.0,I,non_derivative,Class A Common Stock,,,,
1650372,2026-02-04,TEAM,Farquhar Scott,"isDirector,isTenPercentOwner",0001666121-26-000023,2026-02-03,S,50.0,109.31,306550.0,I,non_derivative,Class A Common Stock,,,,
1650372,2026-02-04,TEAM,Cannon-Brookes Michael,"isDirector,isOfficer,isTenPercentOwner",0001666120-26-000023,2026-02-03,S,50.0,109.31,306550.0,I,,,,,,
1650372,2026-02-04,TEAM,Farquhar Scott,"isDirector,isTenPercentOwner",0001666121-26-000023,2026-02-03,S,50.0,109.31,306550.0,I,,,,,,
1650372,2026-02-05,TEAM,Cannon-Brookes Michael,"isDirector,isOfficer,isTenPercentOwner",0001666120-26-000024,2026-02-04,S,650.0,106.2336,298285.0,I,,,,,,
1650372,2026-02-05,TEAM,Farquhar Scott,"isDirector,isTenPercentOwner",0001666121-26-000024,2026-02-04,S,650.0,106.2339,298285.0,I,non_derivative,Class A Common Stock,,,,
1650372,2026-02-05,TEAM,Cannon-Brookes Michael,"isDirector,isOfficer,isTenPercentOwner",0001666120-26-000024,2026-02-04,S,650.0,106.2336,298285.0,I,non_derivative,Class A Common Stock,,,,
1650372,2026-02-05,TEAM,Farquhar Scott,"isDirector,isTenPercentOwner",0001666121-26-000024,2026-02-04,S,650.0,106.2339,298285.0,I,,,,,,
1650372,2026-02-06,TEAM,Cannon-Brookes Michael,"isDirector,isOfficer,isTenPercentOwner",0001666120-26-000025,2026-02-05,S,1750.0,103.2844,289520.0,I,non_derivative,Class A Common Stock,,,,
1650372,2026-02-06,TEAM,Farquhar Scott,"isDirector,isTenPercentOwner",0001666121-26-000025,2026-02-05,S,1750.0,103.2846,289520.0,I,,,,,,
1650372,2026-02-06,TEAM,Cannon-Brookes Michael,"isDirector,isOfficer,isTenPercentOwner",0001666120-26-000026,2026-02-06,S,100.0,101.745,283505.0,I,,,,,,
1650372,2026-02-06,TEAM,Cannon-Brookes Michael,"isDirector,isOfficer,isTenPercentOwner",0001666120-26-000025,2026-02-05,S,1750.0,103.2844,289520.0,I,,,,,,
1650372,2026-02-06,TEAM,Cannon-Brookes Michael,"isDirector,isOfficer,isTenPercentOwner",0001666120-26-000026,2026-02-06,S,100.0,101.745,283505.0,I,non_derivative,Class A Common Stock,,,,
1650372,2026-02-06,TEAM,Farquhar Scott,"isDirector,isTenPercentOwner",0001666121-26-000026,2026-02-06,S,350.0,96.0186,283255.0,I,,,,,,
1650372,2026-02-06,TEAM,Farquhar Scott,"isDirector,isTenPercentOwner",0001666121-26-000025,2026-02-05,S,1750.0,103.2846,289520.0,I,non_derivative,Class A Common Stock,,,,
1650372,2026-02-06,TEAM,Farquhar Scott,"isDirector,isTenPercentOwner",0001666121-26-000026,2026-02-06,S,350.0,96.0186,283255.0,I,non_derivative,Class A Common Stock,,,,
1650372,2026-02-18,TEAM,BINZ JOSEPH LEO,isOfficer,0001946413-26-000001,2026-02-17,S,47.0,84.8204,213194.0,D,non_derivative,Class A Common Stock,,,,
1650372,2026-02-18,TEAM,LIU GENE,isOfficer,0001946411-26-000001,2026-02-17,S,29.0,83.7795,61299.0,D,,,,,,
1650372,2026-02-18,TEAM,RAJAN RAJEEV BASHYAM,isOfficer,0001943614-26-000001,2026-02-17,S,98.0,85.833,219899.0,D,,,,,,
1650372,2026-02-18,TEAM,BINZ JOSEPH LEO,isOfficer,0001946413-26-000001,2026-02-17,S,47.0,84.8204,213194.0,D,,,,,,
1650372,2026-02-18,TEAM,DUFFY BRIAN,isOfficer,0002051813-26-000001,2026-02-17,S,22.0,82.8972,126514.0,D,,,,,,
1650372,2026-02-18,TEAM,RAJAN RAJEEV BASHYAM,isOfficer,0001943614-26-000001,2026-02-17,S,98.0,85.833,219899.0,D,non_derivative,Class A Common Stock,,,,
1650372,2026-02-18,TEAM,DUFFY BRIAN,isOfficer,0002051813-26-000001,2026-02-17,S,22.0,82.8972,126514.0,D,non_derivative,Class A Common Stock,,,,
1650372,2026-02-18,TEAM,LIU GENE,isOfficer,0001946411-26-000001,2026-02-17,S,29.0,83.7795,61299.0,D,non_derivative,Class A Common Stock,,,,
1650372,2026-02-20,TEAM,BINZ JOSEPH LEO,isOfficer,0001946413-26-000003,2026-02-19,S,204.0,82.6035,210088.0,D,non_derivative,Class A Common Stock,,,,
1650372,2026-02-20,TEAM,RAJAN RAJEEV BASHYAM,isOfficer,0001943614-26-000003,2026-02-19,S,1297.0,80.5662,214691.0,D,,,,,,
1650372,2026-02-20,TEAM,LIU GENE,isOfficer,0001946411-26-000003,2026-02-19,S,28.0,80.5662,60392.0,D,,,,,,
1650372,2026-02-20,TEAM,BINZ JOSEPH LEO,isOfficer,0001946413-26-000003,2026-02-19,S,204.0,82.6035,210088.0,D,,,,,,
1650372,2026-02-20,TEAM,DUFFY BRIAN,isOfficer,0002051813-26-000003,2026-02-19,S,151.0,82.6035,125403.0,D,,,,,,
1650372,2026-02-20,TEAM,DUFFY BRIAN,isOfficer,0002051813-26-000003,2026-02-19,S,151.0,82.6035,125403.0,D,non_derivative,Class A Common Stock,,,,
1650372,2026-02-20,TEAM,RAJAN RAJEEV BASHYAM,isOfficer,0001943614-26-000003,2026-02-19,S,1297.0,80.5662,214691.0,D,non_derivative,Class A Common Stock,,,,
1650372,2026-02-20,TEAM,LIU GENE,isOfficer,0001946411-26-000003,2026-02-19,S,28.0,80.5662,60392.0,D,non_derivative,Class A Common Stock,,,,
1650372,2026-04-03,TEAM,CHUONG JAMES,isOfficer,0002122855-26-000004,2026-04-02,A,297030.0,0.0,297110.0,D,non_derivative,Class A Common Stock,,,,
1650372,2026-04-03,TEAM,CHUONG JAMES,isOfficer,0002122855-26-000004,2026-04-02,A,297030.0,0.0,297110.0,D,,,,,,
1650372,2026-04-23,TEAM,DUFFY BRIAN,isOfficer,0002051813-26-000004,2026-04-23,A,121512.0,0.0,245844.0,D,,,,,,
1650372,2026-04-23,TEAM,DUFFY BRIAN,isOfficer,0002051813-26-000004,2026-04-23,A,121512.0,0.0,245844.0,D,non_derivative,Class A Common Stock,,,,
1650372,2026-05-15,TEAM,LIU GENE,isOfficer,0001946411-26-000004,2026-05-14,S,11.0,82.3413,60343.0,D,,,,,,
1650372,2026-05-15,TEAM,DUFFY BRIAN,isOfficer,0002051813-26-000005,2026-05-14,S,1902.0,81.8537,243942.0,D,,,,,,
1650372,2026-05-15,TEAM,LIU GENE,isOfficer,0001946411-26-000004,2026-05-14,S,11.0,82.3413,60343.0,D,non_derivative,Class A Common Stock,,,,
1650372,2026-05-15,TEAM,DUFFY BRIAN,isOfficer,0002051813-26-000005,2026-05-14,S,1902.0,81.8537,243942.0,D,non_derivative,Class A Common Stock,,,,
1650372,2026-05-20,TEAM,DUFFY BRIAN,isOfficer,0002051813-26-000006,2026-05-19,S,87.0,90.2923,238740.0,D,,,,,,
1650372,2026-05-20,TEAM,DUFFY BRIAN,isOfficer,0002051813-26-000006,2026-05-19,S,87.0,90.2923,238740.0,D,non_derivative,Class A Common Stock,,,,
1650372,2026-05-20,TEAM,LIU GENE,isOfficer,0001946411-26-000005,2026-05-19,S,3.0,92.5293,59548.0,D,non_derivative,Class A Common Stock,,,,
1650372,2026-05-20,TEAM,LIU GENE,isOfficer,0001946411-26-000005,2026-05-19,S,3.0,92.5293,59548.0,D,,,,,,
1650372,2026-05-21,TEAM,CHUONG JAMES,isOfficer,0002122855-26-000005,2026-05-19,S,389.0,90.2923,296721.0,D,,,,,,
1650372,2026-05-21,TEAM,CHUONG JAMES,isOfficer,0002122855-26-000005,2026-05-19,S,389.0,90.2923,296721.0,D,non_derivative,Class A Common Stock,,,,
1650372,2026-06-09,TEAM,DUFFY BRIAN,isOfficer,0002051813-26-000007,2026-06-08,S,1451.0,98.03,235390.0,D,non_derivative,Class A Common Stock,,,,
1650372,2026-06-09,TEAM,DUFFY BRIAN,isOfficer,0002051813-26-000007,2026-06-09,S,1454.0,95.35,233936.0,D,non_derivative,Class A Common Stock,,,,
1650372,2026-06-12,TEAM,DUFFY BRIAN,isOfficer,0002051813-26-000008,2026-06-11,S,1432.0,88.79,230691.0,D,non_derivative,Class A Common Stock,,,,
1650372,2026-06-12,TEAM,DUFFY BRIAN,isOfficer,0002051813-26-000008,2026-06-12,S,3000.0,89.71,227691.0,D,non_derivative,Class A Common Stock,,,,
1650372,2026-06-12,TEAM,DUFFY BRIAN,isOfficer,0002051813-26-000008,2026-06-10,S,1813.0,92.79,232123.0,D,non_derivative,Class A Common Stock,,,,
0001650372,2026-08-17,TEAM,LIU GENE,isOfficer,0001946411-26-000006,2026-08-13,S,737.00,165.00,58747.00,D,non_derivative,Class A Common Stock,,,,
0001650372,2026-08-17,TEAM,DUFFY BRIAN,isOfficer,0002051813-26-000010,2026-08-14,S,1165.00,164.2923,226526.00,D,non_derivative,Class A Common Stock,,,,
0001650372,2026-08-17,TEAM,LIU GENE,isOfficer,0001946411-26-000006,2026-08-14,S,13.00,166.4041,58734.00,D,non_derivative,Class A Common Stock,,,,
