cik,filingDate,issuerTradingSymbol,reportingOwnerName,reportingOwnerRelationship,accessionNumber,transactionDate,transactionCode,transactionShares,transactionPricePerShare,sharesOwnedFollowingTransaction,directOrIndirectOwnership,transactionType,securityTitle,underlyingSecurityTitle,underlyingSecurityShares,exercisePrice,expirationDate
86312,2017-04-26,TRV,BESSETTE ANDY F,,0001127602-17-015514,2017-04-25,G,625.0,0.0,14419.949,D,,,,,,
86312,2017-04-26,TRV,BESSETTE ANDY F,,0001127602-17-015514,2017-04-25,S,1120.0,121.59,13299.949,D,,,,,,
86312,2017-04-26,TRV,BESSETTE ANDY F,,0001127602-17-015514,2017-04-25,M,8259.0,80.35,21558.949,D,,,,,,
86312,2017-04-26,TRV,Spence Kenneth Franklin III,,0001127602-17-015512,2017-04-24,M,15971.0,80.35,22350.87,D,,,,,,
86312,2017-04-26,TRV,Spence Kenneth Franklin III,,0001127602-17-015512,2017-04-24,S,15971.0,120.064,6379.87,D,,,,,,
86312,2017-04-26,TRV,Klein Michael Frederick,,0001127602-17-015510,2017-04-24,M,20300.0,56.81,22342.115,D,,,,,,
86312,2017-04-26,TRV,Klein Michael Frederick,,0001127602-17-015510,2017-04-24,S,20300.0,119.875,2042.115,D,,,,,,
86312,2017-04-26,TRV,MACLEAN BRIAN W,,0001127602-17-015509,2017-04-24,M,87916.0,47.23,210602.241,D,,,,,,
86312,2017-04-26,TRV,MACLEAN BRIAN W,,0001127602-17-015509,2017-04-24,S,87916.0,120.01,122686.241,D,,,,,,
86312,2017-05-09,TRV,CLIFFORD JOHN P JR,,0001127602-17-017292,2017-05-05,S,5500.0,120.92,13182.874,D,,,,,,
86312,2017-05-30,TRV,RUSSELL DOUGLAS K,,0001127602-17-019621,2017-05-25,M,9686.0,59.74,29266.563,D,,,,,,
86312,2017-05-30,TRV,RUSSELL DOUGLAS K,,0001127602-17-019621,2017-05-25,S,9686.0,123.002,19580.563,D,,,,,,
86312,2017-05-30,TRV,HEYMAN WILLIAM H,,0001127602-17-019620,2017-05-25,M,7000.0,80.35,246744.046,D,,,,,,
86312,2017-05-30,TRV,HEYMAN WILLIAM H,,0001127602-17-019620,2017-05-25,S,7000.0,123.48,239744.046,D,,,,,,
86312,2017-06-01,TRV,HEYMAN WILLIAM H,,0001127602-17-020030,2017-05-30,M,2000.0,80.35,241744.046,D,,,,,,
86312,2017-06-01,TRV,OLIVO MARIA,,0001127602-17-020034,2017-05-31,S,8186.0,124.839,80510.951,D,,,,,,
86312,2017-06-01,TRV,OLIVO MARIA,,0001127602-17-020034,2017-05-31,M,8186.0,39.19,88696.951,D,,,,,,
86312,2017-06-01,TRV,HEYMAN WILLIAM H,,0001127602-17-020030,2017-05-30,S,2000.0,124.0,239744.046,D,,,,,,
86312,2017-06-01,TRV,HEYMAN WILLIAM H,,0001127602-17-020030,2017-05-31,M,6000.0,80.35,245744.046,D,,,,,,
86312,2017-06-01,TRV,HEYMAN WILLIAM H,,0001127602-17-020030,2017-05-31,S,6000.0,124.5,239744.046,D,,,,,,
86312,2017-06-06,TRV,BENET JAY S,,0001127602-17-020654,2017-06-05,M,5518.0,59.74,82823.85,D,,,,,,
86312,2017-06-06,TRV,BENET JAY S,,0001127602-17-020654,2017-06-05,S,5518.0,125.0,77305.85,D,,,,,,
86312,2017-06-13,TRV,BENET JAY S,,0001127602-17-021265,2017-06-12,M,5518.0,59.74,82823.85,D,,,,,,
86312,2017-06-13,TRV,BENET JAY S,,0001127602-17-021265,2017-06-12,S,5518.0,125.21,77305.85,D,,,,,,
86312,2017-06-20,TRV,BENET JAY S,,0001127602-17-021844,2017-06-19,M,5518.0,59.74,82823.85,D,,,,,,
86312,2017-06-20,TRV,BENET JAY S,,0001127602-17-021844,2017-06-19,S,5518.0,128.718,77305.85,D,,,,,,
86312,2017-06-27,TRV,BENET JAY S,,0001127602-17-022229,2017-06-26,S,5518.0,127.487,77305.85,D,,,,,,
86312,2017-06-27,TRV,BENET JAY S,,0001127602-17-022229,2017-06-26,M,5518.0,59.74,82823.85,D,,,,,,
86312,2017-07-03,TRV,Ruegger Philip T III,,0001127602-17-022521,2017-06-30,A,256.86,126.53,24832.713,D,,,,,,
86312,2017-07-03,TRV,SHEPARD DONALD J,,0001127602-17-022523,2017-06-30,A,306.25,126.53,31072.494,D,,,,,,
86312,2017-07-05,TRV,BENET JAY S,,0001127602-17-022728,2017-07-03,M,5518.0,59.74,82823.85,D,,,,,,
86312,2017-07-05,TRV,BENET JAY S,,0001127602-17-022728,2017-07-03,S,5518.0,126.98,77305.85,D,,,,,,
86312,2017-07-11,TRV,BENET JAY S,,0001127602-17-023488,2017-07-10,S,5518.0,126.57,77305.85,D,,,,,,
86312,2017-07-11,TRV,BENET JAY S,,0001127602-17-023488,2017-07-10,M,5518.0,59.74,82823.85,D,,,,,,
86312,2017-07-18,TRV,BENET JAY S,,0001127602-17-023759,2017-07-17,M,5518.0,59.74,82823.85,D,,,,,,
86312,2017-07-18,TRV,BENET JAY S,,0001127602-17-023759,2017-07-17,S,5518.0,125.656,77305.85,D,,,,,,
86312,2017-07-26,TRV,Klein Michael Frederick,,0001127602-17-024162,2017-07-25,G,500.0,0.0,1542.115,D,,,,,,
86312,2017-07-26,TRV,Klein Michael Frederick,,0001127602-17-024162,2017-07-25,M,4051.0,56.81,5593.115,D,,,,,,
86312,2017-07-26,TRV,Klein Michael Frederick,,0001127602-17-024162,2017-07-25,S,4051.0,127.44,1542.115,D,,,,,,
86312,2017-07-26,TRV,HEYMAN WILLIAM H,,0001127602-17-024151,2017-07-24,M,14000.0,80.35,253744.046,D,,,,,,
86312,2017-07-26,TRV,HEYMAN WILLIAM H,,0001127602-17-024151,2017-07-24,S,10000.0,125.55,243744.046,D,,,,,,
86312,2017-07-26,TRV,HEYMAN WILLIAM H,,0001127602-17-024151,2017-07-25,M,10000.0,80.35,249744.046,D,,,,,,
86312,2017-07-26,TRV,HEYMAN WILLIAM H,,0001127602-17-024151,2017-07-25,S,10000.0,127.83,239744.046,D,,,,,,
86312,2017-08-02,TRV,HEYMAN WILLIAM H,,0001127602-17-024728,2017-07-31,S,2000.0,128.267,239744.046,D,,,,,,
86312,2017-08-02,TRV,HEYMAN WILLIAM H,,0001127602-17-024728,2017-08-01,M,6000.0,80.35,245744.046,D,,,,,,
86312,2017-08-02,TRV,HEYMAN WILLIAM H,,0001127602-17-024728,2017-07-31,M,2000.0,80.35,241744.046,D,,,,,,
86312,2017-08-02,TRV,HEYMAN WILLIAM H,,0001127602-17-024728,2017-08-01,S,6000.0,128.75,239744.046,D,,,,,,
86312,2017-08-02,TRV,BENET JAY S,,0001127602-17-024671,2017-07-31,M,5518.0,59.74,82823.85,D,,,,,,
86312,2017-08-02,TRV,BENET JAY S,,0001127602-17-024671,2017-07-31,S,5518.0,127.765,77305.85,D,,,,,,
86312,2017-08-02,TRV,BESSETTE ANDY F,,0001127602-17-024726,2017-08-01,S,3300.0,128.5,9999.949,D,,,,,,
86312,2017-08-03,TRV,HEYMAN WILLIAM H,,0001127602-17-024863,2017-08-02,M,6000.0,80.35,245744.046,D,,,,,,
86312,2017-08-03,TRV,HEYMAN WILLIAM H,,0001127602-17-024863,2017-08-02,S,6000.0,129.5,239744.046,D,,,,,,
86312,2017-08-03,TRV,OTIS CLARENCE JR,,0001127602-17-024848,2017-08-01,A,1076.0,129.21,1076.0,D,,,,,,
86312,2017-08-03,TRV,Toczydlowski Gregory C,,0001127602-17-024846,2017-08-02,M,21527.0,56.81,28451.994,D,,,,,,
86312,2017-08-03,TRV,Toczydlowski Gregory C,,0001127602-17-024846,2017-08-02,S,21427.0,129.297,7024.994,D,,,,,,
86312,2017-08-08,TRV,BENET JAY S,,0001127602-17-025215,2017-08-07,M,5518.0,59.74,82823.85,D,,,,,,
86312,2017-08-08,TRV,BENET JAY S,,0001127602-17-025215,2017-08-07,S,5518.0,129.352,77305.85,D,,,,,,
86312,2017-08-10,TRV,BENET JAY S,,0001127602-17-025403,2017-08-09,S,16566.0,130.005,77305.85,D,,,,,,
86312,2017-08-10,TRV,BENET JAY S,,0001127602-17-025403,2017-08-09,M,16566.0,59.74,93871.85,D,,,,,,
86312,2017-08-10,TRV,HEYMAN WILLIAM H,,0001127602-17-025404,2017-08-09,S,1979.0,130.0,239744.046,D,,,,,,
86312,2017-08-10,TRV,HEYMAN WILLIAM H,,0001127602-17-025404,2017-08-09,M,1979.0,80.35,241723.046,D,,,,,,
86312,2017-08-11,TRV,Kunkel Thomas M,,0001127602-17-025455,2017-08-10,M,6214.0,78.65,25574.564,D,,,,,,
86312,2017-08-11,TRV,Kunkel Thomas M,,0001127602-17-025455,2017-08-10,S,6214.0,129.432,19360.564,D,,,,,,
86312,2017-08-11,TRV,CLIFFORD JOHN P JR,,0001127602-17-025454,2017-08-10,S,3525.0,129.845,9657.874,D,,,,,,
86312,2017-08-15,TRV,Spence Kenneth Franklin III,,0001127602-17-025619,2017-08-14,S,4800.0,128.73,1794.87,D,,,,,,
86312,2017-10-03,TRV,OTIS CLARENCE JR,,0001127602-17-028851,2017-09-29,A,175.88,122.52,1258.203,D,,,,,,
86312,2017-10-03,TRV,Ruegger Philip T III,,0001127602-17-028861,2017-09-29,A,265.26,122.52,25148.116,D,,,,,,
86312,2017-10-03,TRV,SHEPARD DONALD J,,0001127602-17-028858,2017-09-29,A,316.27,122.52,31571.364,D,,,,,,
86312,2017-11-15,TRV,BESSETTE ANDY F,,0001127602-17-032206,2017-11-14,S,2000.0,132.983,7999.949,D,,,,,,
86312,2017-11-15,TRV,BESSETTE ANDY F,,0001127602-17-032206,2017-11-14,G,380.0,0.0,7619.949,D,,,,,,
86312,2017-11-22,TRV,Klein Michael Frederick,,0001127602-17-033111,2017-11-21,M,20077.0,59.74,21619.115,D,,,,,,
86312,2017-11-22,TRV,Klein Michael Frederick,,0001127602-17-033111,2017-11-21,S,20077.0,130.676,1542.115,D,,,,,,
86312,2017-11-30,TRV,OLIVO MARIA,,0001127602-17-033545,2017-11-29,M,8185.0,39.19,88695.951,D,,,,,,
86312,2017-11-30,TRV,OLIVO MARIA,,0001127602-17-033545,2017-11-29,S,8185.0,134.131,80510.951,D,,,,,,
86312,2018-01-03,TRV,OTIS CLARENCE JR,,0001127602-18-000413,2017-12-29,A,239.6,135.64,1504.482,D,,,,,,
86312,2018-01-03,TRV,SHEPARD DONALD J,,0001127602-18-000414,2017-12-29,A,285.68,135.64,32024.631,D,,,,,,
86312,2018-01-03,TRV,Kess Avrohom J.,,0001127602-18-000567,2017-12-29,F,3545.0,135.89,21046.0,D,,,,,,
86312,2018-01-03,TRV,Ruegger Philip T III,,0001127602-18-000416,2017-12-29,A,239.6,135.64,25434.683,D,,,,,,
86312,2018-01-29,TRV,MACLEAN BRIAN W,,0001127602-18-002784,2018-01-26,M,88607.0,39.19,211293.241,D,,,,,,
86312,2018-01-29,TRV,MACLEAN BRIAN W,,0001127602-18-002784,2018-01-26,S,46459.0,149.069,164834.241,D,,,,,,
86312,2018-01-29,TRV,Kunkel Thomas M,,0001127602-18-002782,2018-01-26,M,9595.0,80.35,28955.564,D,,,,,,
86312,2018-01-29,TRV,Kunkel Thomas M,,0001127602-18-002782,2018-01-26,S,9595.0,150.093,19360.564,D,,,,,,
86312,2018-01-31,TRV,Toczydlowski Gregory C,,0001127602-18-003144,2018-01-30,S,28975.0,148.558,6924.994,D,,,,,,
86312,2018-01-31,TRV,Toczydlowski Gregory C,,0001127602-18-003144,2018-01-30,M,28975.0,59.74,35899.994,D,,,,,,
86312,2018-02-05,TRV,SCHERMERHORN TODD C,,0001127602-18-004105,2018-01-26,S,1120.0,149.08,3065.364,D,,,,,,
86312,2018-02-05,TRV,SCHERMERHORN TODD C,,0001127602-18-004105,2017-12-07,P,1120.0,134.21,4185.364,D,,,,,,
86312,2018-02-08,TRV,DUBERSTEIN KENNETH M,,0001127602-18-004573,2018-02-06,A,1242.0,140.85,50438.58,D,,,,,,
86312,2018-02-08,TRV,OTIS CLARENCE JR,,0001127602-18-004568,2018-02-06,A,1242.0,140.85,2746.482,D,,,,,,
86312,2018-02-08,TRV,Ruegger Philip T III,,0001127602-18-004574,2018-02-06,A,1242.0,140.85,26676.683,D,,,,,,
86312,2018-02-08,TRV,BENET JAY S,,0001127602-18-004658,2017-08-30,G,608.0,0.0,7954.0,I,,,,,,
86312,2018-02-08,TRV,Schnitzer Alan D,,0001127602-18-004647,2017-07-25,G,1193.0,0.0,14340.0,I,,,,,,
86312,2018-02-08,TRV,DOLAN JANET M,,0001127602-18-004570,2018-02-06,A,1242.0,140.85,40995.547,D,,,,,,
86312,2018-02-08,TRV,DASBURG JOHN H,,0001127602-18-004566,2018-02-06,A,1242.0,140.85,45030.525,D,,,,,,
86312,2018-02-08,TRV,SCHERMERHORN TODD C,,0001127602-18-004577,2018-02-06,A,1242.0,140.85,4307.364,D,,,,,,
86312,2018-02-08,TRV,HIGGINS PATRICIA,,0001127602-18-004579,2018-02-06,A,1242.0,140.85,31071.395,D,,,,,,
86312,2018-02-08,TRV,Kane William J,,0001127602-18-004563,2018-02-06,A,1242.0,140.85,13971.2852,D,,,,,,
86312,2018-02-08,TRV,Beller Alan L,,0001127602-18-004560,2018-02-06,A,1242.0,140.85,30971.395,D,,,,,,
86312,2018-02-08,TRV,SHEPARD DONALD J,,0001127602-18-004585,2018-02-06,A,1242.0,140.85,33266.631,D,,,,,,
86312,2018-02-08,TRV,THOMSEN LAURIE J,,0001127602-18-004625,2018-02-06,A,1242.0,140.85,46110.229,D,,,,,,
86312,2018-02-12,TRV,Ruegger Philip T III,,0001127602-18-005169,2018-02-12,P,1600.0,136.435,28276.683,D,,,,,,
86312,2018-02-15,TRV,HEYMAN WILLIAM H,,0001127602-18-006407,2018-02-14,S,2022.0,140.37,239744.046,D,,,,,,
86312,2018-02-15,TRV,HEYMAN WILLIAM H,,0001127602-18-006407,2018-02-14,M,2022.0,106.04,241766.046,D,,,,,,
86312,2018-02-16,TRV,Schnitzer Alan D,,0001127602-18-006637,2018-02-14,S,69575.0,140.489,112325.85,D,,,,,,
86312,2018-02-16,TRV,Schnitzer Alan D,,0001127602-18-006637,2018-02-14,M,69575.0,56.81,181900.85,D,,,,,,
86312,2018-02-20,TRV,Klein Michael Frederick,,0001127602-18-006955,2018-02-16,M,21064.0,78.65,22606.115,D,,,,,,
86312,2018-02-20,TRV,Klein Michael Frederick,,0001127602-18-006955,2018-02-16,S,21064.0,140.724,1542.115,D,,,,,,
86312,2018-02-20,TRV,HEYMAN WILLIAM H,,0001127602-18-006951,2018-02-15,M,2500.0,106.04,242244.046,D,,,,,,
86312,2018-02-20,TRV,HEYMAN WILLIAM H,,0001127602-18-006951,2018-02-15,S,2500.0,141.96,239744.046,D,,,,,,
86312,2018-02-23,TRV,Kunkel Thomas M,,0001127602-18-008058,2018-02-21,A,7456.548,0.0,26817.112,D,,,,,,
86312,2018-02-23,TRV,Klein Michael Frederick,,0001127602-18-008057,2018-02-21,A,7456.548,0.0,8998.663,D,,,,,,
86312,2018-02-23,TRV,Kunkel Thomas M,,0001127602-18-008058,2018-02-21,F,3479.0,139.72,23338.112,D,,,,,,
86312,2018-02-23,TRV,Spence Kenneth Franklin III,,0001127602-18-008062,2018-02-21,F,1902.0,139.72,4550.266,D,,,,,,
86312,2018-02-23,TRV,RUSSELL DOUGLAS K,,0001127602-18-008059,2018-02-21,F,675.0,139.72,21040.454,D,,,,,,
86312,2018-02-23,TRV,RUSSELL DOUGLAS K,,0001127602-18-008059,2018-02-21,A,2134.891,0.0,21715.454,D,,,,,,
86312,2018-02-23,TRV,Spence Kenneth Franklin III,,0001127602-18-008062,2018-02-21,A,4872.396,0.0,6452.266,D,,,,,,
86312,2018-02-23,TRV,BENET JAY S,,0001127602-18-008037,2018-02-21,F,8317.0,139.72,85300.217,D,,,,,,
86312,2018-02-23,TRV,HEYMAN WILLIAM H,,0001127602-18-008054,2018-02-21,A,17794.367,0.0,257538.413,D,,,,,,
86312,2018-02-23,TRV,Toczydlowski Gregory C,,0001127602-18-008055,2018-02-21,A,10167.696,0.0,17092.69,D,,,,,,
86312,2018-02-23,TRV,Schnitzer Alan D,,0001127602-18-008052,2018-02-21,A,17794.367,0.0,130120.217,D,,,,,,
86312,2018-02-23,TRV,Toczydlowski Gregory C,,0001127602-18-008055,2018-02-21,F,4735.0,139.72,12357.69,D,,,,,,
86312,2018-02-23,TRV,CLIFFORD JOHN P JR,,0001127602-18-008051,2018-02-21,A,5931.457,0.0,5931.457,D,,,,,,
86312,2018-02-23,TRV,BESSETTE ANDY F,,0001127602-18-008040,2018-02-21,F,2817.0,139.72,11327.429,D,,,,,,
86312,2018-02-23,TRV,BESSETTE ANDY F,,0001127602-18-008040,2018-02-21,A,6524.48,0.0,14144.429,D,,,,,,
86312,2018-02-23,TRV,HEYMAN WILLIAM H,,0001127602-18-008054,2018-02-21,F,9471.0,139.72,248067.413,D,,,,,,
86312,2018-02-23,TRV,Schnitzer Alan D,,0001127602-18-008052,2018-02-21,F,9471.0,139.72,120649.217,D,,,,,,
86312,2018-02-23,TRV,OLIVO MARIA,,0001127602-18-008042,2018-02-21,A,8134.635,0.0,88645.586,D,,,,,,
86312,2018-02-23,TRV,CLIFFORD JOHN P JR,,0001127602-18-008051,2018-02-21,F,2487.0,139.72,3444.457,D,,,,,,
86312,2018-02-23,TRV,Klein Michael Frederick,,0001127602-18-008057,2018-02-21,F,3473.0,139.72,5525.663,D,,,,,,
86312,2018-02-23,TRV,OLIVO MARIA,,0001127602-18-008042,2018-02-21,F,3892.0,139.72,84753.586,D,,,,,,
86312,2018-02-23,TRV,BENET JAY S,,0001127602-18-008037,2018-02-21,A,17794.367,0.0,93617.217,D,,,,,,
86312,2018-02-23,TRV,MACLEAN BRIAN W,,0001127602-18-008036,2018-02-21,A,21946.74,0.0,144632.981,D,,,,,,
86312,2018-02-23,TRV,MACLEAN BRIAN W,,0001127602-18-008036,2018-02-21,F,10298.0,139.72,134334.981,D,,,,,,
86312,2018-02-23,TRV,Spence Kenneth Franklin III,,0001127602-18-008062,2018-02-22,S,2970.0,138.68,1580.266,D,,,,,,
86312,2018-02-27,TRV,HEYMAN WILLIAM H,,0001127602-18-008649,2018-02-26,S,2000.0,142.625,248567.413,D,,,,,,
86312,2018-02-27,TRV,HEYMAN WILLIAM H,,0001127602-18-008649,2018-02-26,M,2500.0,106.04,250567.413,D,,,,,,
86312,2018-02-27,TRV,BESSETTE ANDY F,,0001127602-18-008624,2018-02-26,S,17000.0,142.422,11327.429,D,,,,,,
86312,2018-02-27,TRV,BESSETTE ANDY F,,0001127602-18-008624,2018-02-26,M,17000.0,106.04,28327.429,D,,,,,,
86312,2018-03-01,TRV,BENET JAY S,,0001127602-18-009325,2018-02-28,M,4437.0,78.65,89737.217,D,,,,,,
86312,2018-03-01,TRV,BENET JAY S,,0001127602-18-009325,2018-02-28,S,3737.0,141.599,86000.217,D,,,,,,
86312,2018-03-09,TRV,BENET JAY S,,0001127602-18-010872,2018-03-07,M,4437.0,78.65,89737.217,D,,,,,,
86312,2018-03-09,TRV,BENET JAY S,,0001127602-18-010872,2018-03-07,S,4437.0,140.128,85300.217,D,,,,,,
86312,2018-03-15,TRV,BENET JAY S,,0001127602-18-011698,2018-03-14,S,2100.0,140.761,87637.217,D,,,,,,
86312,2018-03-15,TRV,BENET JAY S,,0001127602-18-011698,2018-03-14,M,4437.0,78.65,89737.217,D,,,,,,
86312,2018-03-22,TRV,BENET JAY S,,0001127602-18-012441,2018-03-21,S,4437.0,141.196,85300.217,D,,,,,,
86312,2018-03-22,TRV,BENET JAY S,,0001127602-18-012441,2018-03-21,M,4437.0,78.65,89737.217,D,,,,,,
86312,2018-03-29,TRV,BENET JAY S,,0001127602-18-012994,2018-03-28,M,4437.0,78.65,89737.217,D,,,,,,
86312,2018-03-29,TRV,BENET JAY S,,0001127602-18-012994,2018-03-28,S,4437.0,136.938,85300.217,D,,,,,,
86312,2018-04-03,TRV,SHEPARD DONALD J,,0001127602-18-013579,2018-03-30,A,279.06,138.86,33718.177,D,,,,,,
86312,2018-04-03,TRV,Ruegger Philip T III,,0001127602-18-013572,2018-03-30,A,234.05,138.86,28564.537,D,,,,,,
86312,2018-04-03,TRV,OTIS CLARENCE JR,,0001127602-18-013567,2018-03-30,A,234.05,138.86,2994.773,D,,,,,,
86312,2018-04-05,TRV,BENET JAY S,,0001127602-18-014170,2018-04-04,S,4437.0,134.895,85300.217,D,,,,,,
86312,2018-04-05,TRV,BENET JAY S,,0001127602-18-014170,2018-04-04,M,4437.0,78.65,89737.217,D,,,,,,
86312,2018-04-12,TRV,BENET JAY S,,0001127602-18-014450,2018-04-11,S,4437.0,136.015,85300.217,D,,,,,,
86312,2018-04-12,TRV,BENET JAY S,,0001127602-18-014450,2018-04-11,M,4437.0,78.65,89737.217,D,,,,,,
86312,2018-05-15,TRV,BENET JAY S,,0001127602-18-017469,2018-05-11,S,6457.0,132.0072,85300.217,D,,,,,,
86312,2018-05-15,TRV,BENET JAY S,,0001127602-18-017469,2018-05-11,M,6457.0,78.65,91757.217,D,,,,,,
86312,2018-05-24,TRV,BENET JAY S,,0001127602-18-018674,2018-05-22,S,6854.0,132.0,85300.217,D,,,,,,
86312,2018-05-24,TRV,BENET JAY S,,0001127602-18-018674,2018-05-22,M,6854.0,78.65,92154.217,D,,,,,,
86312,2018-07-03,TRV,Ruegger Philip T III,,0001127602-18-022526,2018-06-29,A,265.65,122.34,28897.31,D,,,,,,
86312,2018-07-03,TRV,OTIS CLARENCE JR,,0001127602-18-022519,2018-06-29,A,265.65,122.34,3279.273,D,,,,,,
86312,2018-07-03,TRV,SHEPARD DONALD J,,0001127602-18-022522,2018-06-29,A,316.74,122.34,34247.138,D,,,,,,
86312,2018-08-21,TRV,BESSETTE ANDY F,,0001127602-18-025863,2018-05-10,G,776.0,0.0,10551.429,D,,,,,,
86312,2018-08-21,TRV,BESSETTE ANDY F,,0001127602-18-025863,2018-08-17,S,1500.0,130.758,9051.429,D,,,,,,
86312,2018-08-21,TRV,BESSETTE ANDY F,,0001127602-18-025863,2018-08-17,M,7392.0,106.04,16443.429,D,,,,,,
86312,2018-08-22,TRV,BENET JAY S,,0001127602-18-025957,2018-08-21,M,8876.0,78.65,94176.217,D,,,,,,
86312,2018-08-22,TRV,BENET JAY S,,0001127602-18-025957,2018-08-21,S,8876.0,132.0,85300.217,D,,,,,,
86312,2018-09-18,TRV,Frey Daniel S.,,0001127602-18-027842,2018-09-14,A,77.0,0.0,77.0,D,,,,,,
86312,2018-09-25,TRV,Lefebvre Mojgan M,,0001127602-18-028309,2018-09-21,A,7438.0,0.0,7438.0,D,,,,,,
86312,2018-10-01,TRV,Ruegger Philip T III,,0001127602-18-028779,2018-09-28,A,250.56,129.71,29213.153,D,,,,,,
86312,2018-10-01,TRV,OTIS CLARENCE JR,,0001127602-18-028784,2018-09-28,A,250.56,129.71,3549.3,D,,,,,,
86312,2018-10-01,TRV,SHEPARD DONALD J,,0001127602-18-028790,2018-09-28,A,298.74,129.71,34749.181,D,,,,,,
86312,2018-10-17,TRV,Lefebvre Mojgan M,,0001127602-18-030417,2018-10-15,A,81.0,0.0,7519.0,D,,,,,,
86312,2018-11-15,TRV,BESSETTE ANDY F,,0001127602-18-033170,2018-11-14,G,594.0,0.0,8457.429,D,,,,,,
86312,2018-11-15,TRV,BESSETTE ANDY F,,0001127602-18-033170,2018-11-14,S,1666.0,126.17,6791.429,D,,,,,,
86312,2019-01-02,TRV,Kess Avrohom J.,,0001127602-19-000243,2018-12-28,F,4348.0,118.77,16698.0,D,,,,,,
86312,2019-01-03,TRV,SHEPARD DONALD J,,0001127602-19-000519,2018-12-31,A,323.59,119.75,35296.209,D,,,,,,
86312,2019-01-03,TRV,OTIS CLARENCE JR,,0001127602-19-000508,2018-12-31,A,271.4,119.75,3843.522,D,,,,,,
86312,2019-01-03,TRV,Ruegger Philip T III,,0001127602-19-000516,2018-12-31,A,271.4,119.75,29557.297,D,,,,,,
86312,2019-01-29,TRV,HEYMAN WILLIAM H,,0001127602-19-002850,2019-01-25,S,8323.0,125.54,239744.413,D,,,,,,
86312,2019-02-07,TRV,DOLAN JANET M,,0001127602-19-004434,2019-02-05,A,1387.0,126.18,43422.322,D,,,,,,
86312,2019-02-07,TRV,HIGGINS PATRICIA,,0001127602-19-004438,2019-02-05,A,1387.0,126.18,33203.534,D,,,,,,
86312,2019-02-07,TRV,Kane William J,,0001127602-19-004441,2019-02-05,A,1387.0,126.18,15694.5775,D,,,,,,
86312,2019-02-07,TRV,OTIS CLARENCE JR,,0001127602-19-004446,2019-02-05,A,1387.0,126.18,5230.522,D,,,,,,
86312,2019-02-07,TRV,Ruegger Philip T III,,0001127602-19-004449,2019-02-05,A,1387.0,126.18,30944.297,D,,,,,,
86312,2019-02-07,TRV,SHEPARD DONALD J,,0001127602-19-004456,2019-02-05,A,1387.0,126.18,36683.209,D,,,,,,
86312,2019-02-07,TRV,Beller Alan L,,0001127602-19-004433,2019-02-05,A,1387.0,126.18,33103.534,D,,,,,,
86312,2019-02-07,TRV,SCHERMERHORN TODD C,,0001127602-19-004452,2019-02-05,A,1387.0,126.18,5797.994,D,,,,,,
86312,2019-02-07,TRV,THOMSEN LAURIE J,,0001127602-19-004462,2019-02-05,A,1387.0,126.18,48561.636,D,,,,,,
86312,2019-02-07,TRV,BENET JAY S,,0001127602-19-004567,2018-08-31,G,463.0,0.0,16191.0,I,,,,,,
86312,2019-02-07,TRV,Klein Michael Frederick,,0001127602-19-004585,2018-11-05,G,1000.0,0.0,3525.663,D,,,,,,
86312,2019-02-07,TRV,Klein Michael Frederick,,0001127602-19-004585,2018-08-15,G,1000.0,0.0,4525.663,D,,,,,,
86312,2019-02-19,TRV,Toczydlowski Gregory C,,0001127602-19-006660,2019-02-15,S,23405.0,128.518,12357.69,D,,,,,,
86312,2019-02-19,TRV,Toczydlowski Gregory C,,0001127602-19-006660,2019-02-15,M,23405.0,78.65,35762.69,D,,,,,,
86312,2019-02-22,TRV,Toczydlowski Gregory C,,0001127602-19-007730,2019-02-20,F,4631.0,129.56,17668.554,D,,,,,,
86312,2019-02-22,TRV,Kunkel Thomas M,,0001127602-19-007736,2019-02-20,A,7291.245,0.0,30629.357,D,,,,,,
86312,2019-02-22,TRV,Schnitzer Alan D,,0001127602-19-007739,2019-02-20,F,17638.0,129.56,136151.541,D,,,,,,
86312,2019-02-22,TRV,HEYMAN WILLIAM H,,0001127602-19-007744,2019-02-20,F,9260.0,129.56,247882.676,D,,,,,,
86312,2019-02-22,TRV,Schnitzer Alan D,,0001127602-19-007739,2019-02-20,A,33140.324,0.0,153789.541,D,,,,,,
86312,2019-02-22,TRV,Frey Daniel S.,,0001127602-19-007741,2019-02-20,F,695.0,129.56,873.045,D,,,,,,
86312,2019-02-22,TRV,BESSETTE ANDY F,,0001127602-19-007738,2019-02-20,A,6379.986,0.0,13171.415,D,,,,,,
86312,2019-02-22,TRV,Kunkel Thomas M,,0001127602-19-007736,2019-02-20,F,3411.0,129.56,27218.357,D,,,,,,
86312,2019-02-22,TRV,Frey Daniel S.,,0001127602-19-007741,2019-02-20,A,1491.045,0.0,1568.045,D,,,,,,
86312,2019-02-22,TRV,BESSETTE ANDY F,,0001127602-19-007738,2019-02-20,F,2762.0,129.56,10409.415,D,,,,,,
86312,2019-02-22,TRV,Bengston Diane D.,,0001127602-19-007734,2019-02-20,A,2088.399,0.0,5566.223,D,,,,,,
86312,2019-02-22,TRV,Klein Michael Frederick,,0001127602-19-007728,2019-02-20,A,9113.764,0.0,12639.427,D,,,,,,
86312,2019-02-22,TRV,OLIVO MARIA,,0001127602-19-007726,2019-02-20,F,3794.0,129.56,88913.782,D,,,,,,
86312,2019-02-22,TRV,RUSSELL DOUGLAS K,,0001127602-19-007733,2019-02-20,A,2237.153,0.0,23277.607,D,,,,,,
86312,2019-02-22,TRV,RUSSELL DOUGLAS K,,0001127602-19-007733,2019-02-20,F,707.0,129.56,22570.607,D,,,,,,
86312,2019-02-22,TRV,Bengston Diane D.,,0001127602-19-007734,2019-02-20,F,719.0,129.56,4847.223,D,,,,,,
86312,2019-02-22,TRV,HEYMAN WILLIAM H,,0001127602-19-007744,2019-02-20,A,17398.263,0.0,257142.676,D,,,,,,
86312,2019-02-22,TRV,BENET JAY S,,0001127602-19-007731,2019-02-20,A,17398.263,0.0,93998.48,D,,,,,,
86312,2019-02-22,TRV,Toczydlowski Gregory C,,0001127602-19-007730,2019-02-20,A,9941.864,0.0,22299.554,D,,,,,,
86312,2019-02-22,TRV,BENET JAY S,,0001127602-19-007731,2019-02-20,F,8132.0,129.56,85866.48,D,,,,,,
86312,2019-02-22,TRV,Klein Michael Frederick,,0001127602-19-007728,2019-02-20,F,4244.0,129.56,8395.427,D,,,,,,
86312,2019-02-22,TRV,OLIVO MARIA,,0001127602-19-007726,2019-02-20,A,7954.196,0.0,92707.782,D,,,,,,
86312,2019-02-25,TRV,HEYMAN WILLIAM H,,0001127602-19-007913,2019-02-22,S,8138.0,130.57,239744.676,D,,,,,,
86312,2019-02-25,TRV,Klein Michael Frederick,,0001127602-19-007915,2019-02-22,S,4850.0,131.262,3545.427,D,,,,,,
86312,2019-02-27,TRV,Toczydlowski Gregory C,,0001127602-19-008712,2019-02-26,S,4450.0,132.573,13218.554,D,,,,,,
86312,2019-02-27,TRV,HEYMAN WILLIAM H,,0001127602-19-008713,2019-02-26,S,3500.0,133.548,239744.676,D,,,,,,
86312,2019-02-27,TRV,HEYMAN WILLIAM H,,0001127602-19-008713,2019-02-26,M,3500.0,106.04,243244.676,D,,,,,,
86312,2019-02-27,TRV,Schnitzer Alan D,,0001127602-19-008714,2019-02-25,M,66228.0,59.74,200479.541,D,,,,,,
86312,2019-02-27,TRV,Schnitzer Alan D,,0001127602-19-008714,2019-02-25,G,1900.0,0.0,134251.541,D,,,,,,
86312,2019-02-27,TRV,Schnitzer Alan D,,0001127602-19-008714,2019-02-25,S,66228.0,132.222,134251.541,D,,,,,,
86312,2019-04-02,TRV,SHEPARD DONALD J,,0001127602-19-014036,2019-03-29,A,282.52,137.16,37171.662,D,,,,,,
86312,2019-04-02,TRV,OTIS CLARENCE JR,,0001127602-19-014032,2019-03-29,A,236.95,137.16,5496.835,D,,,,,,
86312,2019-04-24,TRV,BENET JAY S,,0001127602-19-016130,2019-04-23,S,60979.0,137.464,85866.48,D,,,,,,
86312,2019-04-24,TRV,BENET JAY S,,0001127602-19-016130,2019-04-23,M,60979.0,80.35,146845.48,D,,,,,,
86312,2019-04-25,TRV,HEYMAN WILLIAM H,,0001127602-19-016198,2019-04-24,M,4000.0,106.04,243744.676,D,,,,,,
86312,2019-04-25,TRV,HEYMAN WILLIAM H,,0001127602-19-016198,2019-04-24,S,4000.0,139.25,239744.676,D,,,,,,
86312,2019-04-29,TRV,RUSSELL DOUGLAS K,,0001127602-19-016482,2019-04-26,S,2991.0,140.0,19579.607,D,,,,,,
86312,2019-04-30,TRV,HEYMAN WILLIAM H,,0001127602-19-016562,2019-04-26,M,2000.0,106.04,241744.676,D,,,,,,
86312,2019-04-30,TRV,HEYMAN WILLIAM H,,0001127602-19-016562,2019-04-26,S,2000.0,140.0,239744.676,D,,,,,,
86312,2019-04-30,TRV,HEYMAN WILLIAM H,,0001127602-19-016562,2019-04-29,M,7500.0,106.04,247244.676,D,,,,,,
86312,2019-04-30,TRV,HEYMAN WILLIAM H,,0001127602-19-016562,2019-04-29,S,7500.0,141.0,239744.676,D,,,,,,
86312,2019-05-02,TRV,HEYMAN WILLIAM H,,0001127602-19-016939,2019-05-01,S,2500.0,144.0,239744.676,D,,,,,,
86312,2019-05-02,TRV,RUSSELL DOUGLAS K,,0001127602-19-016933,2019-04-30,S,2040.0,142.507,17539.607,D,,,,,,
86312,2019-05-02,TRV,HEYMAN WILLIAM H,,0001127602-19-016939,2019-05-01,M,2500.0,106.04,242244.676,D,,,,,,
86312,2019-05-02,TRV,HEYMAN WILLIAM H,,0001127602-19-016939,2019-04-30,S,5000.0,142.25,244744.676,D,,,,,,
86312,2019-05-02,TRV,HEYMAN WILLIAM H,,0001127602-19-016939,2019-04-30,M,10000.0,106.04,249744.676,D,,,,,,
86312,2019-05-07,TRV,BENET JAY S,,0001127602-19-017594,2019-05-03,M,57800.0,106.04,143666.48,D,,,,,,
86312,2019-05-07,TRV,BENET JAY S,,0001127602-19-017594,2019-05-03,S,57800.0,143.501,85866.48,D,,,,,,
86312,2019-05-07,TRV,BESSETTE ANDY F,,0001127602-19-017592,2019-02-25,G,800.0,0.0,9609.415,D,,,,,,
86312,2019-05-07,TRV,BESSETTE ANDY F,,0001127602-19-017592,2019-05-03,M,16550.0,106.03,26159.415,D,,,,,,
86312,2019-05-07,TRV,BESSETTE ANDY F,,0001127602-19-017592,2019-05-03,S,16550.0,142.463,9609.415,D,,,,,,
86312,2019-05-08,TRV,Toczydlowski Gregory C,,0001127602-19-017743,2019-05-07,S,25000.0,143.016,13218.554,D,,,,,,
86312,2019-05-08,TRV,Toczydlowski Gregory C,,0001127602-19-017743,2019-05-07,M,25000.0,80.35,38218.554,D,,,,,,
86312,2019-05-16,TRV,HEYMAN WILLIAM H,,0001127602-19-018746,2019-05-14,M,5000.0,106.04,244744.676,D,,,,,,
86312,2019-05-16,TRV,HEYMAN WILLIAM H,,0001127602-19-018746,2019-05-14,S,5000.0,144.75,239744.676,D,,,,,,
86312,2019-05-16,TRV,HEYMAN WILLIAM H,,0001127602-19-018746,2019-05-15,M,2500.0,106.04,242244.676,D,,,,,,
86312,2019-05-16,TRV,HEYMAN WILLIAM H,,0001127602-19-018746,2019-05-15,S,2500.0,146.5,239744.676,D,,,,,,
86312,2019-05-20,TRV,HEYMAN WILLIAM H,,0001127602-19-019164,2019-05-17,S,2500.0,148.5,239744.676,D,,,,,,
86312,2019-05-20,TRV,HEYMAN WILLIAM H,,0001127602-19-019164,2019-05-16,M,7500.0,106.04,247244.676,D,,,,,,
86312,2019-05-20,TRV,HEYMAN WILLIAM H,,0001127602-19-019164,2019-05-16,S,5000.0,147.75,242244.676,D,,,,,,
86312,2019-05-20,TRV,HEYMAN WILLIAM H,,0001127602-19-019164,2019-05-17,M,2500.0,106.04,242244.676,D,,,,,,
86312,2019-07-01,TRV,OTIS CLARENCE JR,,0001127602-19-023179,2019-06-28,A,217.36,149.52,5744.34,D,,,,,,
86312,2019-07-01,TRV,SHEPARD DONALD J,,0001127602-19-023172,2019-06-28,A,259.16,149.52,37634.678,D,,,,,,
86312,2019-07-29,TRV,HEYMAN WILLIAM H,,0001127602-19-025340,2019-07-25,M,2500.0,106.04,242244.676,D,,,,,,
86312,2019-07-29,TRV,HEYMAN WILLIAM H,,0001127602-19-025340,2019-07-25,S,2500.0,149.0,239744.676,D,,,,,,
86312,2019-07-29,TRV,HEYMAN WILLIAM H,,0001127602-19-025340,2019-07-26,M,5000.0,106.04,244744.676,D,,,,,,
86312,2019-07-29,TRV,HEYMAN WILLIAM H,,0001127602-19-025340,2019-07-26,S,5000.0,149.75,239744.676,D,,,,,,
86312,2019-07-31,TRV,HEYMAN WILLIAM H,,0001127602-19-025503,2019-07-29,M,5000.0,106.03,244744.676,D,,,,,,
86312,2019-07-31,TRV,HEYMAN WILLIAM H,,0001127602-19-025503,2019-07-29,S,5000.0,150.75,239744.676,D,,,,,,
86312,2019-08-05,TRV,Bengston Diane D.,,0001127602-19-026005,2019-08-01,S,6899.0,147.529,4847.223,D,,,,,,
86312,2019-08-05,TRV,Bengston Diane D.,,0001127602-19-026005,2019-08-01,M,6899.0,80.35,11746.223,D,,,,,,
86312,2019-08-13,TRV,Klein Michael Frederick,,0001127602-19-026566,2019-08-12,S,3545.427,147.409,0.0,D,,,,,,
86312,2019-08-19,TRV,Ruegger Philip T III,,0001127602-19-026970,2019-08-19,P,700.0,147.49,31644.297,D,,,,,,
86312,2019-08-21,TRV,BESSETTE ANDY F,,0001127602-19-027168,2019-08-20,S,11650.0,146.853,9609.415,D,,,,,,
86312,2019-08-21,TRV,BESSETTE ANDY F,,0001127602-19-027168,2019-08-20,M,11650.0,106.03,21259.415,D,,,,,,
86312,2019-08-26,TRV,BENET JAY S,,0001127602-19-027401,2019-08-23,S,8722.0,146.583,85866.48,D,,,,,,
86312,2019-08-26,TRV,BENET JAY S,,0001127602-19-027401,2019-08-23,M,8722.0,106.04,94588.48,D,,,,,,
86312,2019-10-01,TRV,SHEPARD DONALD J,,0001127602-19-029371,2019-09-30,A,260.61,148.69,38102.834,D,,,,,,
86312,2019-10-01,TRV,OTIS CLARENCE JR,,0001127602-19-029369,2019-09-30,A,218.58,148.69,5994.599,D,,,,,,
86312,2019-11-19,TRV,Bengston Diane D.,,0001127602-19-033197,2019-11-15,F,42.0,134.02,4805.223,D,,,,,,
86312,2019-11-27,TRV,HEYMAN WILLIAM H,,0001127602-19-033798,2019-11-26,S,2185.0,136.2017,239744.676,D,,,,,,
86312,2019-11-27,TRV,HEYMAN WILLIAM H,,0001127602-19-033798,2019-11-26,M,2185.0,106.03,241929.676,D,,,,,,
86312,2019-12-02,TRV,HEYMAN WILLIAM H,,0001127602-19-033928,2019-11-27,M,1000.0,106.03,240744.676,D,,,,,,
86312,2019-12-02,TRV,HEYMAN WILLIAM H,,0001127602-19-033928,2019-11-27,S,1000.0,137.08,239744.676,D,,,,,,
86312,2020-01-02,TRV,Kess Avrohom J.,,0001127602-20-000152,2019-12-30,F,4348.0,136.32,12350.0,D,,,,,,
86312,2020-01-03,TRV,OTIS CLARENCE JR,,0001127602-20-000291,2019-12-31,A,237.31,136.95,6267.803,D,,,,,,
86312,2020-01-03,TRV,SHEPARD DONALD J,,0001127602-20-000290,2019-12-31,A,282.95,136.95,38613.93,D,,,,,,
86312,2020-01-14,TRV,Kess Avrohom J.,,0001127602-20-001543,2020-01-13,F,37.0,135.83,12313.0,D,,,,,,
86312,2020-02-06,TRV,Ruegger Philip T III,,0001127602-20-004085,2020-02-04,A,1320.0,132.58,33211.232,D,,,,,,
86312,2020-02-06,TRV,DOLAN JANET M,,0001127602-20-004019,2020-02-04,A,1320.0,132.58,45782.683,D,,,,,,
86312,2020-02-06,TRV,Schnitzer Alan D,,0001127602-20-004074,2019-11-27,G,789.0,0.0,15129.0,I,,,,,,
86312,2020-02-06,TRV,BESSETTE ANDY F,,0001127602-20-004068,2019-11-06,G,350.0,0.0,9259.415,D,,,,,,
86312,2020-02-06,TRV,HIGGINS PATRICIA,,0001127602-20-004018,2020-02-04,A,1320.0,132.58,35294.037,D,,,,,,
86312,2020-02-06,TRV,SCHERMERHORN TODD C,,0001127602-20-003995,2020-02-04,A,1320.0,132.58,7250.146,D,,,,,,
86312,2020-02-06,TRV,OTIS CLARENCE JR,,0001127602-20-003989,2020-02-04,A,1320.0,132.58,7587.803,D,,,,,,
86312,2020-02-06,TRV,Kane William J,,0001127602-20-004001,2020-02-04,A,1320.0,132.58,17372.2368,D,,,,,,
86312,2020-02-06,TRV,THOMSEN LAURIE J,,0001127602-20-003991,2020-02-04,A,1320.0,132.58,50947.047,D,,,,,,
86312,2020-02-06,TRV,Beller Alan L,,0001127602-20-003986,2020-02-04,A,1320.0,132.58,35178.055,D,,,,,,
86312,2020-02-06,TRV,SHEPARD DONALD J,,0001127602-20-003992,2020-02-04,A,1320.0,132.58,39933.93,D,,,,,,
86312,2020-02-21,TRV,RUSSELL DOUGLAS K,,0001127602-20-007008,2020-02-19,A,1935.792,0.0,19475.399,D,,,,,,
86312,2020-02-21,TRV,Toczydlowski Gregory C,,0001127602-20-007017,2020-02-19,A,10036.59,0.0,23255.144,D,,,,,,
86312,2020-02-21,TRV,Klein Michael Frederick,,0001127602-20-006997,2020-02-19,A,9319.042,0.0,9319.042,D,,,,,,
86312,2020-02-21,TRV,Schnitzer Alan D,,0001127602-20-007016,2020-02-19,F,27476.0,135.18,158391.316,D,,,,,,
86312,2020-02-21,TRV,Toczydlowski Gregory C,,0001127602-20-007017,2020-02-19,F,4671.0,135.18,18584.144,D,,,,,,
86312,2020-02-21,TRV,Schnitzer Alan D,,0001127602-20-007016,2020-02-19,A,51615.775,0.0,185867.316,D,,,,,,
86312,2020-02-21,TRV,Kunkel Thomas M,,0001127602-20-007000,2020-02-19,F,3690.0,135.18,31414.575,D,,,,,,
86312,2020-02-21,TRV,Kunkel Thomas M,,0001127602-20-007000,2020-02-19,A,7886.218,0.0,35104.575,D,,,,,,
86312,2020-02-21,TRV,OLIVO MARIA,,0001127602-20-007007,2020-02-19,A,6882.559,0.0,95796.341,D,,,,,,
86312,2020-02-21,TRV,RUSSELL DOUGLAS K,,0001127602-20-007008,2020-02-19,F,612.0,135.18,18863.399,D,,,,,,
86312,2020-02-21,TRV,OLIVO MARIA,,0001127602-20-007007,2020-02-19,F,3269.0,135.18,92527.341,D,,,,,,
86312,2020-02-21,TRV,HEYMAN WILLIAM H,,0001127602-20-006989,2020-02-19,A,15054.886,0.0,254799.562,D,,,,,,
86312,2020-02-21,TRV,Bengston Diane D.,,0001127602-20-006972,2020-02-19,F,1198.0,135.18,6546.673,D,,,,,,
86312,2020-02-21,TRV,Frey Daniel S.,,0001127602-20-006984,2020-02-19,A,1290.905,0.0,2163.95,D,,,,,,
86312,2020-02-21,TRV,Kess Avrohom J.,,0001127602-20-006994,2020-02-19,F,7784.0,135.18,19153.584,D,,,,,,
86312,2020-02-21,TRV,Kess Avrohom J.,,0001127602-20-006994,2020-02-19,A,14624.584,0.0,26937.584,D,,,,,,
86312,2020-02-21,TRV,Klein Michael Frederick,,0001127602-20-006997,2020-02-19,F,4336.0,135.18,4983.042,D,,,,,,
86312,2020-02-21,TRV,BESSETTE ANDY F,,0001127602-20-006978,2020-02-19,F,2604.0,135.18,12677.368,D,,,,,,
86312,2020-02-21,TRV,BESSETTE ANDY F,,0001127602-20-006978,2020-02-19,A,6021.953,0.0,15281.368,D,,,,,,
86312,2020-02-21,TRV,HEYMAN WILLIAM H,,0001127602-20-006989,2020-02-19,F,8013.0,135.18,246786.562,D,,,,,,
86312,2020-02-21,TRV,Bengston Diane D.,,0001127602-20-006972,2020-02-19,A,2939.45,0.0,7744.673,D,,,,,,
86312,2020-02-21,TRV,Frey Daniel S.,,0001127602-20-006984,2020-02-19,F,602.0,135.18,1561.95,D,,,,,,
86312,2020-02-25,TRV,Klein Michael Frederick,,0001127602-20-007631,2020-02-24,S,4983.042,134.676,0.0,D,,,,,,
86312,2020-02-25,TRV,Toczydlowski Gregory C,,0001127602-20-007650,2020-02-24,S,5365.0,134.671,13219.144,D,,,,,,
86312,2020-02-25,TRV,HEYMAN WILLIAM H,,0001127602-20-007618,2020-02-21,S,7041.0,135.2,239745.562,D,,,,,,
86312,2020-03-02,TRV,Ruegger Philip T III,,0001127602-20-008561,2020-02-28,P,670.0,118.54,33881.232,D,,,,,,
86312,2020-04-01,TRV,SHEPARD DONALD J,,0001127602-20-012446,2020-03-31,A,390.04,99.35,40653.574,D,,,,,,
86312,2020-04-01,TRV,OTIS CLARENCE JR,,0001127602-20-012445,2020-03-31,A,327.13,99.35,7977.561,D,,,,,,
86312,2020-05-22,TRV,Robinson Elizabeth,,0001127602-20-017649,2020-05-21,A,1765.0,99.17,1765.0,D,,,,,,
86312,2020-07-01,TRV,SHEPARD DONALD J,,0001127602-20-020656,2020-06-30,A,315.68,114.05,41272.239,D,,,,,,
86312,2020-07-01,TRV,OTIS CLARENCE JR,,0001127602-20-020653,2020-06-30,A,309.65,114.05,8346.667,D,,,,,,
86312,2020-08-12,TRV,Ruegger Philip T III,,0001127602-20-023439,2020-08-11,P,825.0,121.062,34885.142,D,,,,,,
86312,2020-08-17,TRV,Kurtzman Diane,,0001127602-20-023683,2020-08-14,A,84.0,0.0,538.028,D,,,,,,
86312,2020-10-01,TRV,SHEPARD DONALD J,,0001127602-20-026013,2020-09-30,A,300.4,108.19,41896.896,D,,,,,,
86312,2020-10-01,TRV,OTIS CLARENCE JR,,0001127602-20-026011,2020-09-30,A,358.17,108.19,8770.413,D,,,,,,
86312,2020-11-13,TRV,OLIVO MARIA,,0001127602-20-028978,2020-11-11,S,26284.0,136.09,92527.341,D,,,,,,
86312,2020-11-13,TRV,OLIVO MARIA,,0001127602-20-028978,2020-11-11,M,26284.0,56.81,118811.341,D,,,,,,
86312,2020-11-18,TRV,HEYMAN WILLIAM H,,0001127602-20-029444,2020-11-16,M,5000.0,106.03,244745.562,D,,,,,,
86312,2020-11-18,TRV,HEYMAN WILLIAM H,,0001127602-20-029444,2020-11-16,S,5000.0,136.2112,239745.562,D,,,,,,
86312,2020-11-20,TRV,HEYMAN WILLIAM H,,0001127602-20-029678,2020-11-18,M,2500.0,106.03,242245.562,D,,,,,,
86312,2020-11-20,TRV,HEYMAN WILLIAM H,,0001127602-20-029678,2020-11-18,S,2500.0,137.0,239745.562,D,,,,,,
86312,2021-01-04,TRV,SHEPARD DONALD J,,0001127602-21-000208,2020-12-31,A,231.53,140.37,42382.13,D,,,,,,
86312,2021-01-04,TRV,OTIS CLARENCE JR,,0001127602-21-000201,2020-12-31,A,276.06,140.37,9099.581,D,,,,,,
86312,2021-01-27,TRV,HEYMAN WILLIAM H,,0001127602-21-002697,2021-01-26,M,3000.0,106.03,242745.562,D,,,,,,
86312,2021-01-27,TRV,HEYMAN WILLIAM H,,0001127602-21-002697,2021-01-26,S,3000.0,147.25,239745.562,D,,,,,,
86312,2021-01-27,TRV,HEYMAN WILLIAM H,,0001127602-21-002697,2021-01-25,S,4000.0,146.25,239745.562,D,,,,,,
86312,2021-01-27,TRV,Schnitzer Alan D,,0001127602-21-002699,2021-01-25,S,53246.0,146.102,158391.316,D,,,,,,
86312,2021-01-27,TRV,Schnitzer Alan D,,0001127602-21-002699,2021-01-25,M,53246.0,78.65,211637.316,D,,,,,,
86312,2021-01-27,TRV,HEYMAN WILLIAM H,,0001127602-21-002697,2021-01-25,M,4000.0,106.03,243745.562,D,,,,,,
86312,2021-01-27,TRV,Schnitzer Alan D,,0001127602-21-002699,2020-10-20,G,284.0,0.0,15413.0,I,,,,,,
86312,2021-02-03,TRV,OTIS CLARENCE JR,,0001127602-21-003703,2021-02-02,A,1252.0,139.83,10351.581,D,,,,,,
86312,2021-02-03,TRV,HIGGINS PATRICIA,,0001127602-21-003698,2021-02-02,A,1252.0,139.83,37603.01,D,,,,,,
86312,2021-02-03,TRV,Kane William J,,0001127602-21-003701,2021-02-02,A,1252.0,139.83,19144.6469,D,,,,,,
86312,2021-02-03,TRV,DOLAN JANET M,,0001127602-21-003689,2021-02-02,A,1252.0,139.83,48472.322,D,,,,,,
86312,2021-02-03,TRV,Beller Alan L,,0001127602-21-003684,2021-02-02,A,1252.0,139.83,37483.556,D,,,,,,
86312,2021-02-03,TRV,Robinson Elizabeth,,0001127602-21-003706,2021-02-02,A,1252.0,139.83,3054.976,D,,,,,,
86312,2021-02-03,TRV,SCHERMERHORN TODD C,,0001127602-21-003713,2021-02-02,A,1252.0,139.83,8719.272,D,,,,,,
86312,2021-02-03,TRV,THOMSEN LAURIE J,,0001127602-21-003716,2021-02-02,A,1252.0,139.83,53117.565,D,,,,,,
86312,2021-02-03,TRV,Ruegger Philip T III,,0001127602-21-003710,2021-02-02,A,1252.0,139.83,36298.029,D,,,,,,
86312,2021-02-03,TRV,THOMSEN LAURIE J,,0001127602-21-003716,2020-11-17,G,555.0,0.0,50392.047,D,,,,,,
86312,2021-02-04,TRV,BESSETTE ANDY F,,0001127602-21-003934,2020-11-19,G,82.0,0.0,12035.368,D,,,,,,
86312,2021-02-04,TRV,BESSETTE ANDY F,,0001127602-21-003934,2020-11-23,G,380.0,0.0,11655.368,D,,,,,,
86312,2021-02-04,TRV,BESSETTE ANDY F,,0001127602-21-003934,2020-08-27,G,90.0,0.0,12117.368,D,,,,,,
86312,2021-02-04,TRV,BESSETTE ANDY F,,0001127602-21-003934,2020-05-29,G,470.0,0.0,12207.368,D,,,,,,
86312,2021-02-04,TRV,OLIVO MARIA,,0001127602-21-003947,2020-11-20,G,750.0,0.0,91777.341,D,,,,,,
86312,2021-02-11,TRV,Klein Michael Frederick,,0001127602-21-005205,2021-02-10,M,23230.0,80.35,23230.0,D,,,,,,
86312,2021-02-11,TRV,Klein Michael Frederick,,0001127602-21-005205,2021-02-10,S,23230.0,146.25,0.0,D,,,,,,
86312,2021-02-19,TRV,Toczydlowski Gregory C,,0001127602-21-006758,2021-02-17,F,4002.0,147.79,17814.269,D,,,,,,
86312,2021-02-19,TRV,HEYMAN WILLIAM H,,0001127602-21-006722,2021-02-17,F,6275.0,147.79,245260.902,D,,,,,,
86312,2021-02-19,TRV,Kurtzman Diane,,0001127602-21-006743,2021-02-17,A,736.897,0.0,1274.925,D,,,,,,
86312,2021-02-19,TRV,RUSSELL DOUGLAS K,,0001127602-21-006754,2021-02-17,A,1658.305,0.0,20521.704,D,,,,,,
86312,2021-02-19,TRV,BESSETTE ANDY F,,0001127602-21-006708,2021-02-17,A,5158.273,0.0,16813.641,D,,,,,,
86312,2021-02-19,TRV,Kess Avrohom J.,,0001127602-21-006728,2021-02-17,A,11790.34,0.0,30943.924,D,,,,,,
86312,2021-02-19,TRV,HEYMAN WILLIAM H,,0001127602-21-006722,2021-02-17,A,11790.34,0.0,251535.902,D,,,,,,
86312,2021-02-19,TRV,Kunkel Thomas M,,0001127602-21-006738,2021-02-17,F,3717.0,147.79,35680.041,D,,,,,,
86312,2021-02-19,TRV,Schnitzer Alan D,,0001127602-21-006756,2021-02-17,A,40282.507,0.0,198673.823,D,,,,,,
86312,2021-02-19,TRV,Kunkel Thomas M,,0001127602-21-006738,2021-02-17,A,7982.466,0.0,39397.041,D,,,,,,
86312,2021-02-19,TRV,HEYMAN WILLIAM H,,0001127602-21-006722,2021-02-17,M,3000.0,106.03,242745.562,D,,,,,,
86312,2021-02-19,TRV,Frey Daniel S.,,0001127602-21-006712,2021-02-17,A,1436.891,0.0,2998.841,D,,,,,,
86312,2021-02-19,TRV,Klein Michael Frederick,,0001127602-21-006732,2021-02-17,F,3707.0,147.79,4275.466,D,,,,,,
86312,2021-02-19,TRV,Schnitzer Alan D,,0001127602-21-006756,2021-02-17,F,21440.0,147.79,177233.823,D,,,,,,
86312,2021-02-19,TRV,Kess Avrohom J.,,0001127602-21-006728,2021-02-17,F,6275.0,147.79,24668.924,D,,,,,,
86312,2021-02-19,TRV,OLIVO MARIA,,0001127602-21-006749,2021-02-17,A,6386.435,0.0,98163.776,D,,,,,,
86312,2021-02-19,TRV,HEYMAN WILLIAM H,,0001127602-21-006722,2021-02-17,S,3000.0,148.25,239745.562,D,,,,,,
86312,2021-02-19,TRV,Toczydlowski Gregory C,,0001127602-21-006758,2021-02-17,A,8597.125,0.0,21816.269,D,,,,,,
86312,2021-02-19,TRV,Klein Michael Frederick,,0001127602-21-006732,2021-02-17,A,7982.466,0.0,7982.466,D,,,,,,
86312,2021-02-19,TRV,BESSETTE ANDY F,,0001127602-21-006708,2021-02-17,F,2224.0,147.79,14589.641,D,,,,,,
86312,2021-02-19,TRV,OLIVO MARIA,,0001127602-21-006749,2021-02-17,F,3104.0,147.79,95059.776,D,,,,,,
86312,2021-02-19,TRV,Frey Daniel S.,,0001127602-21-006712,2021-02-17,F,668.0,147.79,2330.841,D,,,,,,
86312,2021-02-19,TRV,Kurtzman Diane,,0001127602-21-006743,2021-02-17,F,251.0,147.79,1023.925,D,,,,,,
86312,2021-02-19,TRV,RUSSELL DOUGLAS K,,0001127602-21-006754,2021-02-17,F,521.0,147.79,20000.704,D,,,,,,
86312,2021-02-24,TRV,Toczydlowski Gregory C,,0001127602-21-007594,2021-02-23,S,4595.0,148.79,13219.269,D,,,,,,
86312,2021-02-24,TRV,Toczydlowski Gregory C,,0001127602-21-007594,2021-02-23,M,6941.0,80.35,20160.269,D,,,,,,
86312,2021-02-25,TRV,OLIVO MARIA,,0001127602-21-007896,2021-02-24,S,10000.0,150.627,95059.776,D,,,,,,
86312,2021-02-25,TRV,HEYMAN WILLIAM H,,0001127602-21-007901,2021-02-24,S,3000.0,150.25,246760.902,D,,,,,,
86312,2021-02-25,TRV,HEYMAN WILLIAM H,,0001127602-21-007901,2021-02-24,M,4500.0,106.03,249760.902,D,,,,,,
86312,2021-02-25,TRV,HEYMAN WILLIAM H,,0001127602-21-007901,2021-02-23,M,3000.0,106.03,248260.902,D,,,,,,
86312,2021-02-25,TRV,OLIVO MARIA,,0001127602-21-007896,2021-02-24,M,10000.0,59.74,105059.776,D,,,,,,
86312,2021-02-25,TRV,HEYMAN WILLIAM H,,0001127602-21-007901,2021-02-23,S,3000.0,149.435,245260.902,D,,,,,,
86312,2021-02-26,TRV,BESSETTE ANDY F,,0001127602-21-008070,2021-02-25,S,2000.0,149.58,11909.641,D,,,,,,
86312,2021-02-26,TRV,BESSETTE ANDY F,,0001127602-21-008070,2021-02-25,G,680.0,0.0,13909.641,D,,,,,,
86312,2021-04-01,TRV,OTIS CLARENCE JR,,0001127602-21-012575,2021-03-31,A,257.65,150.4,10667.736,D,,,,,,
86312,2021-04-01,TRV,Robinson Elizabeth,,0001127602-21-012577,2021-03-31,A,216.09,150.4,3288.332,D,,,,,,
86312,2021-04-23,TRV,Schnitzer Alan D,,0001127602-21-014336,2021-04-22,M,60979.0,80.35,238212.823,D,,,,,,
86312,2021-04-23,TRV,Schnitzer Alan D,,0001127602-21-014336,2021-04-22,S,50129.0,154.88,188083.823,D,,,,,,
86312,2021-04-23,TRV,Frey Daniel S.,,0001127602-21-014340,2021-04-22,S,1485.0,154.904,845.841,D,,,,,,
86312,2021-04-26,TRV,HEYMAN WILLIAM H,,0001127602-21-014450,2021-04-23,M,13500.0,106.03,258760.902,D,,,,,,
86312,2021-04-26,TRV,HEYMAN WILLIAM H,,0001127602-21-014450,2021-04-22,M,10000.0,106.03,255260.902,D,,,,,,
86312,2021-04-26,TRV,HEYMAN WILLIAM H,,0001127602-21-014450,2021-04-22,S,10000.0,156.768,245260.902,D,,,,,,
86312,2021-04-26,TRV,HEYMAN WILLIAM H,,0001127602-21-014450,2021-04-23,S,3000.0,157.253,255760.902,D,,,,,,
86312,2021-05-05,TRV,Toczydlowski Gregory C,,0001127602-21-015516,2021-05-04,M,38013.0,106.04,51232.269,D,,,,,,
86312,2021-05-05,TRV,Toczydlowski Gregory C,,0001127602-21-015516,2021-05-04,S,38013.0,157.795,13219.269,D,,,,,,
86312,2021-05-06,TRV,HEYMAN WILLIAM H,,0001127602-21-015714,2021-05-04,M,1500.0,106.03,246760.902,D,,,,,,
86312,2021-05-06,TRV,RUSSELL DOUGLAS K,,0001127602-21-015716,2021-05-05,S,2461.0,159.354,17539.704,D,,,,,,
86312,2021-05-06,TRV,HEYMAN WILLIAM H,,0001127602-21-015714,2021-05-04,S,1500.0,158.5,245260.902,D,,,,,,
86312,2021-05-06,TRV,HEYMAN WILLIAM H,,0001127602-21-015714,2021-05-05,S,4000.0,159.125,245260.902,D,,,,,,
86312,2021-05-06,TRV,HEYMAN WILLIAM H,,0001127602-21-015714,2021-05-05,M,4000.0,106.03,249260.902,D,,,,,,
86312,2021-05-07,TRV,OLIVO MARIA,,0001127602-21-015853,2021-05-06,M,9900.0,59.74,104959.776,D,,,,,,
86312,2021-05-07,TRV,OLIVO MARIA,,0001127602-21-015853,2021-05-06,S,9900.0,160.294,95059.776,D,,,,,,
86312,2021-05-10,TRV,HEYMAN WILLIAM H,,0001127602-21-016045,2021-05-06,S,5000.0,160.3,245260.902,D,,,,,,
86312,2021-05-10,TRV,HEYMAN WILLIAM H,,0001127602-21-016045,2021-05-06,M,5000.0,106.03,250260.902,D,,,,,,
86312,2021-05-10,TRV,HEYMAN WILLIAM H,,0001127602-21-016045,2021-05-07,S,1000.0,161.0,245260.902,D,,,,,,
86312,2021-05-10,TRV,HEYMAN WILLIAM H,,0001127602-21-016045,2021-05-07,M,1000.0,106.03,246260.902,D,,,,,,
86312,2021-05-12,TRV,HEYMAN WILLIAM H,,0001127602-21-016367,2021-05-10,M,6000.0,106.03,251260.902,D,,,,,,
86312,2021-05-12,TRV,HEYMAN WILLIAM H,,0001127602-21-016367,2021-05-10,S,2000.0,161.589,249260.902,D,,,,,,
86312,2021-05-17,TRV,Klein Michael Frederick,,0001127602-21-017045,2021-05-13,M,10000.0,106.04,14275.466,D,,,,,,
86312,2021-05-17,TRV,Klein Michael Frederick,,0001127602-21-017045,2021-05-13,S,10000.0,156.406,4275.466,D,,,,,,
86312,2021-05-24,TRV,LEONARDI THOMAS B,,0001127602-21-017912,2021-05-20,A,1102.0,158.81,1102.0,D,,,,,,
86312,2021-07-01,TRV,OTIS CLARENCE JR,,0001127602-21-021046,2021-06-30,A,266.54,149.71,10996.982,D,,,,,,
86312,2021-07-01,TRV,Robinson Elizabeth,,0001127602-21-021050,2021-06-30,A,220.94,149.71,3528.601,D,,,,,,
86312,2021-07-28,TRV,Klein Michael Frederick,,0001127602-21-022558,2021-07-26,M,12000.0,106.04,16275.466,D,,,,,,
86312,2021-07-28,TRV,Klein Michael Frederick,,0001127602-21-022558,2021-07-26,S,12000.0,149.2233,4275.466,D,,,,,,
86312,2021-08-24,TRV,OLIVO MARIA,,0001127602-21-024229,2021-08-20,M,9903.0,59.74,104962.776,D,,,,,,
86312,2021-08-24,TRV,OLIVO MARIA,,0001127602-21-024229,2021-08-20,S,9903.0,162.045,95059.776,D,,,,,,
86312,2021-08-27,TRV,HEYMAN WILLIAM H,,0001127602-21-024428,2021-08-25,S,3000.0,162.5,247260.902,D,,,,,,
86312,2021-08-27,TRV,HEYMAN WILLIAM H,,0001127602-21-024428,2021-08-25,M,5000.0,106.03,250260.902,D,,,,,,
86312,2021-08-31,TRV,BESSETTE ANDY F,,0001127602-21-024583,2021-08-27,S,835.0,162.194,11909.641,D,,,,,,
86312,2021-08-31,TRV,BESSETTE ANDY F,,0001127602-21-024583,2021-08-27,M,835.0,106.03,12744.641,D,,,,,,
86312,2021-09-03,TRV,Kunkel Thomas M,,0001127602-21-024864,2021-08-18,G,1350.0,0.0,34330.041,D,,,,,,
86312,2021-09-15,TRV,Frey Daniel S.,,0001127602-21-025326,2021-09-14,F,36.0,157.61,809.841,D,,,,,,
86312,2021-09-22,TRV,Lefebvre Mojgan M,,0001127602-21-025687,2021-09-21,F,3329.0,152.95,4190.0,D,,,,,,
86312,2021-10-01,TRV,Robinson Elizabeth,,0001127602-21-026313,2021-09-30,A,222.02,152.01,3771.048,D,,,,,,
86312,2021-10-01,TRV,OTIS CLARENCE JR,,0001127602-21-026308,2021-09-30,A,271.36,152.01,11332.005,D,,,,,,
86312,2021-10-18,TRV,Lefebvre Mojgan M,,0001127602-21-027190,2021-10-15,F,37.0,157.01,4153.0,D,,,,,,
86312,2021-10-27,TRV,Klein Michael Frederick,,0001127602-21-027689,2021-10-25,M,5876.0,106.04,10151.466,D,,,,,,
86312,2021-10-27,TRV,Klein Michael Frederick,,0001127602-21-027689,2021-10-25,S,5876.0,161.7061,4275.466,D,,,,,,
86312,2021-10-28,TRV,Lefebvre Mojgan M,,0001127602-21-027747,2021-10-26,S,1038.0,160.7343,3115.0,D,,,,,,
86312,2021-11-02,TRV,RUSSELL DOUGLAS K,,0001127602-21-028069,2021-11-01,S,7372.0,162.0,17539.704,D,,,,,,
86312,2021-11-02,TRV,RUSSELL DOUGLAS K,,0001127602-21-028069,2021-11-01,M,7372.0,78.65,24911.704,D,,,,,,
86312,2021-11-24,TRV,BESSETTE ANDY F,,0001179110-21-010374,2021-11-23,G,130.0,0.0,11779.641,D,,,,,,
86312,2021-11-24,TRV,BESSETTE ANDY F,,0001179110-21-010374,2021-11-23,M,6005.0,118.78,17914.641,D,,,,,,
86312,2021-11-24,TRV,BESSETTE ANDY F,,0001179110-21-010374,2021-11-23,S,6005.0,159.869,11909.641,D,,,,,,
86312,2022-01-04,TRV,Robinson Elizabeth,,0001127602-22-000448,2021-12-31,A,215.75,156.43,4008.012,D,,,,,,
86312,2022-01-04,TRV,OTIS CLARENCE JR,,0001127602-22-000456,2021-12-31,A,263.7,156.43,11659.454,D,,,,,,
86312,2022-01-26,TRV,HEYMAN WILLIAM H,,0001127602-22-002193,2022-01-24,M,27000.0,118.78,272260.902,D,,,,,,
86312,2022-01-26,TRV,HEYMAN WILLIAM H,,0001127602-22-002193,2022-01-24,S,6000.0,163.875,266260.902,D,,,,,,
86312,2022-01-26,TRV,HEYMAN WILLIAM H,,0001127602-22-002193,2022-01-25,M,6000.0,118.78,251260.902,D,,,,,,
86312,2022-01-26,TRV,HEYMAN WILLIAM H,,0001127602-22-002193,2022-01-25,S,6000.0,168.9467,245260.902,D,,,,,,
86312,2022-01-27,TRV,Klein Michael Frederick,,0001127602-22-002236,2022-01-26,M,10000.0,106.03,14275.466,D,,,,,,
86312,2022-01-27,TRV,Klein Michael Frederick,,0001127602-22-002236,2022-01-26,S,10000.0,167.039,4275.466,D,,,,,,
86312,2022-01-28,TRV,HEYMAN WILLIAM H,,0001127602-22-002432,2022-01-27,M,7000.0,118.78,252260.902,D,,,,,,
86312,2022-01-28,TRV,HEYMAN WILLIAM H,,0001127602-22-002432,2022-01-27,S,4000.0,170.125,248260.902,D,,,,,,
86312,2022-01-28,TRV,RUSSELL DOUGLAS K,,0001127602-22-002433,2022-01-27,M,7983.0,106.04,25522.704,D,,,,,,
86312,2022-01-28,TRV,RUSSELL DOUGLAS K,,0001127602-22-002433,2022-01-27,S,7983.0,171.0,17539.704,D,,,,,,
86312,2022-02-04,TRV,HEYMAN WILLIAM H,,0001127602-22-003367,2022-02-03,S,3000.0,173.5,245260.902,D,,,,,,
86312,2022-02-04,TRV,Klenk Jeffrey P.,,0001127602-22-003360,2022-02-03,S,10860.0,173.284,4067.785,D,,,,,,
86312,2022-02-04,TRV,OLIVO MARIA,,0001127602-22-003348,2022-02-02,S,9011.0,171.937,95059.776,D,,,,,,
86312,2022-02-04,TRV,OLIVO MARIA,,0001127602-22-003348,2022-02-02,M,9011.0,78.65,104070.776,D,,,,,,
86312,2022-02-04,TRV,HEYMAN WILLIAM H,,0001127602-22-003367,2022-02-03,M,3000.0,118.78,248260.902,D,,,,,,
86312,2022-02-04,TRV,HEYMAN WILLIAM H,,0001127602-22-003367,2022-02-02,M,8500.0,118.78,253760.902,D,,,,,,
86312,2022-02-04,TRV,Yin Daniel Tei-Hwa,,0001127602-22-003356,2022-02-02,S,7267.0,171.525,45590.699,D,,,,,,
86312,2022-02-04,TRV,HEYMAN WILLIAM H,,0001127602-22-003367,2022-02-02,S,1500.0,169.751,252260.902,D,,,,,,
86312,2022-02-04,TRV,Yin Daniel Tei-Hwa,,0001127602-22-003356,2022-02-02,M,7267.0,78.65,52857.699,D,,,,,,
86312,2022-02-04,TRV,Schnitzer Alan D,,0001127602-22-003373,2022-02-02,S,66522.0,170.47,177233.823,D,,,,,,
86312,2022-02-04,TRV,Schnitzer Alan D,,0001127602-22-003373,2022-02-02,M,66522.0,106.04,243755.823,D,,,,,,
86312,2022-02-04,TRV,Klenk Jeffrey P.,,0001127602-22-003360,2022-02-03,M,10860.0,106.03,14927.785,D,,,,,,
86312,2022-02-04,TRV,Schnitzer Alan D,,0001127602-22-003373,2021-11-24,G,596.0,0.0,16009.0,I,,,,,,
86312,2022-02-07,TRV,Lefebvre Mojgan M,,0001127602-22-003512,2022-02-04,S,3115.0,172.524,0.0,D,,,,,,
86312,2022-02-10,TRV,Santana Rafael,,0001127602-22-004244,2022-02-08,A,1043.0,172.5,1043.0,D,,,,,,
86312,2022-02-10,TRV,SCHERMERHORN TODD C,,0001127602-22-004247,2022-02-08,A,1043.0,172.5,9964.06,D,,,,,,
86312,2022-02-10,TRV,THOMSEN LAURIE J,,0001127602-22-004249,2022-02-08,A,1043.0,172.5,55359.256,D,,,,,,
86312,2022-02-10,TRV,Toczydlowski Gregory C,,0001127602-22-004285,2022-02-08,M,43000.0,106.03,56219.269,D,,,,,,
86312,2022-02-10,TRV,Toczydlowski Gregory C,,0001127602-22-004285,2022-02-08,S,43000.0,171.851,13219.269,D,,,,,,
86312,2022-02-10,TRV,HEYMAN WILLIAM H,,0001127602-22-004267,2022-02-09,M,2000.0,118.78,247260.902,D,,,,,,
86312,2022-02-10,TRV,van Kralingen Bridget A,,0001127602-22-004251,2022-02-08,A,1043.0,172.5,1043.0,D,,,,,,
86312,2022-02-10,TRV,HEYMAN WILLIAM H,,0001127602-22-004267,2022-02-09,S,2000.0,174.125,245260.902,D,,,,,,
86312,2022-02-10,TRV,Kane William J,,0001127602-22-004235,2022-02-08,A,1043.0,172.5,20630.704,D,,,,,,
86312,2022-02-10,TRV,Robinson Elizabeth,,0001127602-22-004240,2022-02-08,A,1043.0,172.5,5051.012,D,,,,,,
86312,2022-02-10,TRV,OTIS CLARENCE JR,,0001127602-22-004238,2022-02-08,A,1043.0,172.5,12702.454,D,,,,,,
86312,2022-02-10,TRV,HIGGINS PATRICIA,,0001127602-22-004234,2022-02-08,A,1043.0,172.5,39516.469,D,,,,,,
86312,2022-02-10,TRV,DOLAN JANET M,,0001127602-22-004232,2022-02-08,A,1043.0,172.5,50688.517,D,,,,,,
86312,2022-02-10,TRV,LEONARDI THOMAS B,,0001127602-22-004237,2022-02-08,A,1043.0,172.5,2164.167,D,,,,,,
86312,2022-02-10,TRV,Ruegger Philip T III,,0001127602-22-004242,2022-02-08,A,1043.0,172.5,37640.452,D,,,,,,
86312,2022-02-10,TRV,Beller Alan L,,0001127602-22-004231,2022-02-08,A,1043.0,172.5,39394.015,D,,,,,,
86312,2022-02-25,TRV,OLIVO MARIA,,0001127602-22-006773,2022-02-23,F,3621.0,171.5,98674.763,D,,,,,,
86312,2022-02-25,TRV,Kurtzman Diane,,0001127602-22-006771,2022-02-23,A,1113.139,0.0,2137.064,D,,,,,,
86312,2022-02-25,TRV,RUSSELL DOUGLAS K,,0001127602-22-006777,2022-02-23,F,968.0,171.5,18700.829,D,,,,,,
86312,2022-02-25,TRV,RUSSELL DOUGLAS K,,0001127602-22-006777,2022-02-23,A,2129.125,0.0,19668.829,D,,,,,,
86312,2022-02-25,TRV,BESSETTE ANDY F,,0001127602-22-006764,2022-02-15,G,584.0,0.0,11195.641,D,,,,,,
86312,2022-02-25,TRV,Schnitzer Alan D,,0001127602-22-006780,2022-02-23,A,50092.403,0.0,227326.226,D,,,,,,
86312,2022-02-25,TRV,Kurtzman Diane,,0001127602-22-006771,2022-02-23,F,402.0,171.5,1735.064,D,,,,,,
86312,2022-02-25,TRV,Yin Daniel Tei-Hwa,,0001127602-22-006785,2022-02-23,F,1136.0,171.5,46709.068,D,,,,,,
86312,2022-02-25,TRV,Rowland David Donnay,,0001127602-22-006775,2022-02-23,A,2254.369,0.0,8234.608,D,,,,,,
86312,2022-02-25,TRV,Schnitzer Alan D,,0001127602-22-006780,2022-02-23,F,27702.0,171.5,199624.226,D,,,,,,
86312,2022-02-25,TRV,Lefebvre Mojgan M,,0001127602-22-006772,2022-02-23,F,3271.0,171.5,3964.987,D,,,,,,
86312,2022-02-25,TRV,Klein Michael Frederick,,0001127602-22-006769,2022-02-23,A,9044.395,0.0,13319.861,D,,,,,,
86312,2022-02-25,TRV,Yin Daniel Tei-Hwa,,0001127602-22-006785,2022-02-23,A,2254.369,0.0,47845.068,D,,,,,,
86312,2022-02-25,TRV,HEYMAN WILLIAM H,,0001127602-22-006767,2022-02-23,F,7849.0,171.5,251605.294,D,,,,,,
86312,2022-02-25,TRV,Frey Daniel S.,,0001127602-22-006765,2022-02-23,A,9044.395,0.0,9854.236,D,,,,,,
86312,2022-02-25,TRV,Kess Avrohom J.,,0001127602-22-006768,2022-02-23,A,14193.392,0.0,38862.316,D,,,,,,
86312,2022-02-25,TRV,Klenk Jeffrey P.,,0001127602-22-006770,2022-02-23,F,1752.0,171.5,6073.067,D,,,,,,
86312,2022-02-25,TRV,Toczydlowski Gregory C,,0001127602-22-006783,2022-02-23,A,9739.669,0.0,22958.938,D,,,,,,
86312,2022-02-25,TRV,HEYMAN WILLIAM H,,0001127602-22-006767,2022-02-23,A,14193.392,0.0,259454.294,D,,,,,,
86312,2022-02-25,TRV,Klenk Jeffrey P.,,0001127602-22-006770,2022-02-23,A,3757.282,0.0,7825.067,D,,,,,,
86312,2022-02-25,TRV,Kess Avrohom J.,,0001127602-22-006768,2022-02-23,F,7849.0,171.5,31013.316,D,,,,,,
86312,2022-02-25,TRV,BESSETTE ANDY F,,0001127602-22-006764,2022-02-23,F,2632.0,171.5,14407.91,D,,,,,,
86312,2022-02-25,TRV,BESSETTE ANDY F,,0001127602-22-006764,2022-02-23,A,5844.269,0.0,17039.91,D,,,,,,
86312,2022-02-25,TRV,Lefebvre Mojgan M,,0001127602-22-006772,2022-02-23,A,7235.987,0.0,7235.987,D,,,,,,
86312,2022-02-25,TRV,Frey Daniel S.,,0001127602-22-006765,2022-02-23,F,4214.0,171.5,5640.236,D,,,,,,
86312,2022-02-25,TRV,Toczydlowski Gregory C,,0001127602-22-006783,2022-02-23,F,4543.0,171.5,18415.938,D,,,,,,
86312,2022-02-25,TRV,Rowland David Donnay,,0001127602-22-006775,2022-02-23,F,1028.0,171.5,7206.608,D,,,,,,
86312,2022-02-25,TRV,OLIVO MARIA,,0001127602-22-006773,2022-02-23,A,7235.987,0.0,102295.763,D,,,,,,
86312,2022-02-25,TRV,Klein Michael Frederick,,0001127602-22-006769,2022-02-23,F,4213.0,171.5,9106.861,D,,,,,,
86312,2022-03-01,TRV,RUSSELL DOUGLAS K,,0001179110-22-001793,2022-02-28,S,1161.0,172.0,17539.829,D,,,,,,
86312,2022-04-04,TRV,Robinson Elizabeth,,0001127602-22-011143,2022-03-31,A,184.7,182.73,5260.037,D,,,,,,
86312,2022-04-22,TRV,Frey Daniel S.,,0001127602-22-012408,2022-04-21,S,16710.0,177.8067,5640.236,D,,,,,,
86312,2022-04-22,TRV,HEYMAN WILLIAM H,,0001127602-22-012411,2022-04-21,S,3013.0,179.1908,251605.294,D,,,,,,
86312,2022-04-22,TRV,Frey Daniel S.,,0001127602-22-012408,2022-04-21,M,6787.0,106.03,12427.236,D,,,,,,
86312,2022-04-22,TRV,HEYMAN WILLIAM H,,0001127602-22-012411,2022-04-21,M,3013.0,118.78,254618.294,D,,,,,,
86312,2022-04-22,TRV,Klein Michael Frederick,,0001127602-22-012412,2022-04-21,M,10000.0,106.03,19106.861,D,,,,,,
86312,2022-04-22,TRV,Klein Michael Frederick,,0001127602-22-012412,2022-04-21,S,10000.0,177.9232,9106.861,D,,,,,,
86312,2022-05-05,TRV,Kurtzman Diane,,0001127602-22-013451,2022-05-03,M,2671.0,80.35,4406.064,D,,,,,,
86312,2022-05-05,TRV,Kurtzman Diane,,0001127602-22-013451,2022-05-03,S,2671.0,172.74,1735.064,D,,,,,,
86312,2022-05-16,TRV,BESSETTE ANDY F,,0001127602-22-014669,2022-05-13,S,20000.0,173.3209,14227.91,D,,,,,,
86312,2022-05-16,TRV,Klein Michael Frederick,,0001127602-22-014670,2022-05-13,M,10000.0,106.03,19106.861,D,,,,,,
86312,2022-05-16,TRV,BESSETTE ANDY F,,0001127602-22-014669,2022-05-13,G,180.0,0.0,14227.91,D,,,,,,
86312,2022-05-16,TRV,Klein Michael Frederick,,0001127602-22-014670,2022-05-13,S,9200.0,172.7293,9906.861,D,,,,,,
86312,2022-05-16,TRV,BESSETTE ANDY F,,0001127602-22-014669,2022-05-13,M,20000.0,126.18,34227.91,D,,,,,,
86312,2022-05-19,TRV,HEYMAN WILLIAM H,,0001127602-22-015100,2022-05-17,M,3000.0,118.78,254605.294,D,,,,,,
86312,2022-05-19,TRV,HEYMAN WILLIAM H,,0001127602-22-015100,2022-05-17,S,3000.0,177.25,251605.294,D,,,,,,
86312,2022-05-31,TRV,HEYMAN WILLIAM H,,0001127602-22-016009,2022-05-27,M,5500.0,118.78,257105.294,D,,,,,,
86312,2022-05-31,TRV,HEYMAN WILLIAM H,,0001127602-22-016009,2022-05-27,S,3500.0,176.4286,253605.294,D,,,,,,
86312,2022-06-01,TRV,HEYMAN WILLIAM H,,0001127602-22-016157,2022-05-31,M,10000.0,126.18,261605.294,D,,,,,,
86312,2022-06-01,TRV,HEYMAN WILLIAM H,,0001127602-22-016157,2022-05-31,S,4000.0,177.875,257605.294,D,,,,,,
86312,2022-07-05,TRV,Robinson Elizabeth,,0001127602-22-018707,2022-06-30,A,214.17,169.13,5503.132,D,,,,,,
86312,2022-07-25,TRV,Kess Avrohom J.,,0001127602-22-019749,2022-07-25,G,1000.0,0.0,30013.316,D,,,,,,
86312,2022-08-17,TRV,Klein Michael Frederick,,0001127602-22-021175,2022-08-16,S,11478.0,173.4127,9106.861,D,,,,,,
86312,2022-08-17,TRV,Klein Michael Frederick,,0001127602-22-021175,2022-08-16,M,11478.0,106.03,20584.861,D,,,,,,
86312,2022-08-26,TRV,Lefebvre Mojgan M,,0001127602-22-021620,2022-08-24,S,2945.0,168.3321,1019.987,D,,,,,,
86312,2022-10-04,TRV,Robinson Elizabeth,,0001127602-22-023439,2022-09-30,A,261.1,153.2,5799.223,D,,,,,,
86312,2022-10-17,TRV,Yin Daniel Tei-Hwa,,0001127602-22-023972,2022-10-14,F,36.0,164.73,46673.068,D,,,,,,
86312,2022-10-17,TRV,Rowland David Donnay,,0001127602-22-023977,2022-10-14,F,32.0,164.73,1713.608,D,,,,,,
86312,2022-10-25,TRV,HEYMAN WILLIAM H,,0001127602-22-024338,2022-10-24,S,1000.0,180.0,251605.294,D,,,,,,
86312,2022-10-25,TRV,HEYMAN WILLIAM H,,0001127602-22-024338,2022-10-24,M,1000.0,126.18,252605.294,D,,,,,,
86312,2022-10-25,TRV,OLIVO MARIA,,0001127602-22-024341,2022-10-24,S,13516.0,179.2084,98674.763,D,,,,,,
86312,2022-10-25,TRV,OLIVO MARIA,,0001127602-22-024341,2022-10-24,M,13516.0,78.65,112190.763,D,,,,,,
86312,2022-11-01,TRV,HEYMAN WILLIAM H,,0001127602-22-024586,2022-10-31,S,4000.0,182.375,261605.294,D,,,,,,
86312,2022-11-01,TRV,HEYMAN WILLIAM H,,0001127602-22-024586,2022-10-28,M,7000.0,126.18,258605.294,D,,,,,,
86312,2022-11-01,TRV,HEYMAN WILLIAM H,,0001127602-22-024586,2022-10-28,S,4000.0,181.375,254605.294,D,,,,,,
86312,2022-11-01,TRV,HEYMAN WILLIAM H,,0001127602-22-024586,2022-10-31,M,14000.0,126.18,265605.294,D,,,,,,
86312,2022-11-01,TRV,Klein Michael Frederick,,0001127602-22-024585,2022-10-31,M,10000.0,118.78,19106.861,D,,,,,,
86312,2022-11-01,TRV,Klein Michael Frederick,,0001127602-22-024585,2022-10-31,S,10000.0,183.6706,9106.861,D,,,,,,
86312,2022-11-02,TRV,BESSETTE ANDY F,,0001127602-22-024768,2022-11-01,G,55.0,0.0,14112.91,D,,,,,,
86312,2022-11-02,TRV,HEYMAN WILLIAM H,,0001127602-22-024762,2022-11-01,S,1000.0,185.25,251605.294,D,,,,,,
86312,2022-11-02,TRV,BESSETTE ANDY F,,0001127602-22-024768,2022-08-30,G,60.0,0.0,14167.91,D,,,,,,
86312,2022-11-02,TRV,BESSETTE ANDY F,,0001127602-22-024768,2022-11-01,S,17229.0,184.7665,14112.91,D,,,,,,
86312,2022-11-02,TRV,BESSETTE ANDY F,,0001127602-22-024768,2022-11-01,M,12000.0,140.85,26112.91,D,,,,,,
86312,2022-11-02,TRV,HEYMAN WILLIAM H,,0001127602-22-024762,2022-11-01,M,1000.0,126.18,252605.294,D,,,,,,
86312,2022-11-10,TRV,HEYMAN WILLIAM H,,0001127602-22-025287,2022-11-08,S,1000.0,185.5,251605.294,D,,,,,,
86312,2022-11-10,TRV,HEYMAN WILLIAM H,,0001127602-22-025287,2022-11-08,M,1000.0,126.18,252605.294,D,,,,,,
86312,2022-11-16,TRV,BESSETTE ANDY F,,0001127602-22-025739,2022-11-15,M,4420.0,140.85,18532.91,D,,,,,,
86312,2022-11-16,TRV,BESSETTE ANDY F,,0001127602-22-025739,2022-11-15,S,4420.0,180.74,14112.91,D,,,,,,
86312,2022-11-22,TRV,HEYMAN WILLIAM H,,0001127602-22-026261,2022-11-18,M,1000.0,126.18,252605.294,D,,,,,,
86312,2022-11-22,TRV,HEYMAN WILLIAM H,,0001127602-22-026261,2022-11-18,S,1000.0,185.75,251605.294,D,,,,,,
86312,2022-11-22,TRV,HEYMAN WILLIAM H,,0001127602-22-026261,2022-11-21,M,2342.0,126.18,253947.294,D,,,,,,
86312,2022-11-22,TRV,HEYMAN WILLIAM H,,0001127602-22-026261,2022-11-21,S,2342.0,186.1798,251605.294,D,,,,,,
86312,2022-11-23,TRV,Klenk Jeffrey P.,,0001127602-22-026334,2022-11-22,S,13000.0,186.5534,6073.067,D,,,,,,
86312,2022-11-23,TRV,HEYMAN WILLIAM H,,0001127602-22-026332,2022-11-22,M,7658.0,126.18,259263.294,D,,,,,,
86312,2022-11-23,TRV,HEYMAN WILLIAM H,,0001127602-22-026332,2022-11-22,S,4658.0,187.161,254605.294,D,,,,,,
86312,2022-11-23,TRV,OLIVO MARIA,,0001127602-22-026337,2022-11-22,S,13000.0,186.287,98674.763,D,,,,,,
86312,2022-11-23,TRV,Klenk Jeffrey P.,,0001127602-22-026334,2022-11-22,M,13000.0,118.78,19073.067,D,,,,,,
86312,2022-11-23,TRV,OLIVO MARIA,,0001127602-22-026337,2022-11-22,M,13000.0,80.35,111674.763,D,,,,,,
86312,2022-11-28,TRV,RUSSELL DOUGLAS K,,0001127602-22-026419,2022-11-23,M,10181.0,106.03,27720.829,D,,,,,,
86312,2022-11-28,TRV,RUSSELL DOUGLAS K,,0001127602-22-026419,2022-11-23,S,10181.0,188.0,17539.829,D,,,,,,
86312,2022-11-28,TRV,HEYMAN WILLIAM H,,0001127602-22-026427,2022-11-25,S,5000.0,189.11,251605.294,D,,,,,,
86312,2022-11-28,TRV,Rowland David Donnay,,0001127602-22-026430,2022-11-23,S,7554.0,187.7011,8173.608,D,,,,,,
86312,2022-11-28,TRV,HEYMAN WILLIAM H,,0001127602-22-026427,2022-11-25,M,5000.0,126.18,256605.294,D,,,,,,
86312,2022-11-28,TRV,Rowland David Donnay,,0001127602-22-026430,2022-11-23,M,8553.0,106.04,10266.608,D,,,,,,
86312,2022-12-01,TRV,Yin Daniel Tei-Hwa,,0001127602-22-026622,2022-11-30,M,7317.0,80.35,53990.068,D,,,,,,
86312,2022-12-01,TRV,HEYMAN WILLIAM H,,0001127602-22-026625,2022-11-30,M,2000.0,126.8,253605.294,D,,,,,,
86312,2022-12-01,TRV,HEYMAN WILLIAM H,,0001127602-22-026625,2022-11-30,S,2000.0,189.875,251605.294,D,,,,,,
86312,2022-12-01,TRV,Yin Daniel Tei-Hwa,,0001127602-22-026622,2022-11-30,S,5234.0,188.479,48756.068,D,,,,,,
86312,2023-01-03,TRV,Robinson Elizabeth,,0001127602-23-000188,2022-12-30,A,213.34,187.49,6041.33,D,,,,,,
86312,2023-01-30,TRV,HEYMAN WILLIAM H,,0001127602-23-002601,2023-01-26,S,7000.0,191.2143,253605.294,D,,,,,,
86312,2023-01-30,TRV,HEYMAN WILLIAM H,,0001127602-23-002601,2023-01-26,M,9000.0,126.18,260605.294,D,,,,,,
86312,2023-02-09,TRV,Santana Rafael,,0001127602-23-004210,2023-02-07,A,952.0,189.01,2017.442,D,,,,,,
86312,2023-02-09,TRV,LEONARDI THOMAS B,,0001127602-23-004230,2023-02-07,A,952.0,189.01,3162.732,D,,,,,,
86312,2023-02-09,TRV,Schnitzer Alan D,,0001127602-23-004258,2022-12-19,G,2512.0,0.0,18521.0,I,,,,,,
86312,2023-02-09,TRV,van Kralingen Bridget A,,0001127602-23-004236,2023-02-07,A,952.0,189.01,2017.442,D,,,,,,
86312,2023-02-09,TRV,THOMSEN LAURIE J,,0001127602-23-004234,2023-02-07,A,952.0,189.01,57474.671,D,,,,,,
86312,2023-02-09,TRV,OTIS CLARENCE JR,,0001127602-23-004232,2023-02-07,A,952.0,189.01,13927.768,D,,,,,,
86312,2023-02-09,TRV,Kane William J,,0001127602-23-004225,2023-02-07,A,952.0,189.01,22026.2905,D,,,,,,
86312,2023-02-09,TRV,Schnitzer Alan D,,0001127602-23-004258,2023-02-08,S,63081.0,187.7657,284662.226,D,,,,,,
86312,2023-02-09,TRV,Robinson Elizabeth,,0001127602-23-004194,2023-02-07,A,952.0,189.01,6993.33,D,,,,,,
86312,2023-02-09,TRV,Beller Alan L,,0001127602-23-004197,2023-02-07,A,952.0,189.01,41193.633,D,,,,,,
86312,2023-02-09,TRV,HIGGINS PATRICIA,,0001127602-23-004218,2023-02-07,A,952.0,189.01,41316.087,D,,,,,,
86312,2023-02-09,TRV,DOLAN JANET M,,0001127602-23-004206,2023-02-07,A,952.0,189.01,52778.963,D,,,,,,
86312,2023-02-09,TRV,SCHERMERHORN TODD C,,0001127602-23-004217,2023-02-07,A,952.0,189.01,11130.453,D,,,,,,
86312,2023-02-09,TRV,Schnitzer Alan D,,0001127602-23-004258,2023-02-08,M,150829.0,106.03,347743.226,D,,,,,,
86312,2023-02-09,TRV,Schnitzer Alan D,,0001127602-23-004258,2022-11-01,G,2710.0,0.0,196914.226,D,,,,,,
86312,2023-02-09,TRV,Ruegger Philip T III,,0001127602-23-004203,2023-02-07,A,952.0,189.01,38899.718,D,,,,,,
86312,2023-02-10,TRV,Klein Michael Frederick,,0001127602-23-004479,2023-02-09,M,20000.0,118.78,29106.861,D,,,,,,
86312,2023-02-10,TRV,Klein Michael Frederick,,0001127602-23-004479,2023-02-09,S,14185.0,185.069,14921.861,D,,,,,,
86312,2023-02-13,TRV,BESSETTE ANDY F,,0001127602-23-004882,2023-02-10,S,24443.0,186.5227,14112.91,D,,,,,,
86312,2023-02-13,TRV,BESSETTE ANDY F,,0001127602-23-004882,2023-02-10,M,4443.0,140.85,18555.91,D,,,,,,
86312,2023-02-15,TRV,Kurtzman Diane,,0001127602-23-005323,2023-02-14,S,2914.0,185.008,1735.064,D,,,,,,
86312,2023-02-15,TRV,Kurtzman Diane,,0001127602-23-005323,2023-02-14,M,2914.0,106.04,4649.064,D,,,,,,
86312,2023-02-23,TRV,Kess Avrohom J.,,0001127602-23-006792,2023-02-22,A,14389.627,0.0,44402.943,D,,,,,,
86312,2023-02-23,TRV,Yin Daniel Tei-Hwa,,0001127602-23-006794,2023-02-22,A,5330.014,0.0,54086.082,D,,,,,,
86312,2023-02-23,TRV,Yin Daniel Tei-Hwa,,0001127602-23-006794,2023-02-22,F,2684.0,185.61,51402.082,D,,,,,,
86312,2023-02-23,TRV,Kess Avrohom J.,,0001127602-23-006792,2023-02-22,F,7768.0,185.61,36634.943,D,,,,,,
86312,2023-02-23,TRV,Schnitzer Alan D,,0001127602-23-006797,2023-02-22,F,31683.0,185.61,222523.588,D,,,,,,
86312,2023-02-23,TRV,RUSSELL DOUGLAS K,,0001127602-23-006793,2023-02-22,A,2038.502,0.0,19578.331,D,,,,,,
86312,2023-02-23,TRV,RUSSELL DOUGLAS K,,0001127602-23-006793,2023-02-22,F,641.0,185.61,18937.331,D,,,,,,
86312,2023-02-23,TRV,HEYMAN WILLIAM H,,0001127602-23-006791,2023-02-22,A,7993.845,0.0,259599.139,D,,,,,,
86312,2023-02-23,TRV,Schnitzer Alan D,,0001127602-23-006797,2023-02-22,A,57292.362,0.0,254206.588,D,,,,,,
86312,2023-02-23,TRV,BESSETTE ANDY F,,0001127602-23-006782,2023-02-22,F,2814.0,185.61,17361.419,D,,,,,,
86312,2023-02-23,TRV,Klein Michael Frederick,,0001127602-23-006795,2023-02-22,F,4354.0,185.61,14079.798,D,,,,,,
86312,2023-02-23,TRV,Kurtzman Diane,,0001127602-23-006779,2023-02-22,A,1065.767,0.0,2800.831,D,,,,,,
86312,2023-02-23,TRV,BESSETTE ANDY F,,0001127602-23-006782,2023-02-22,A,6062.509,0.0,20175.419,D,,,,,,
86312,2023-02-23,TRV,OLIVO MARIA,,0001127602-23-006783,2023-02-22,F,4559.0,185.61,103442.7,D,,,,,,
86312,2023-02-23,TRV,Frey Daniel S.,,0001127602-23-006786,2023-02-22,F,5213.0,185.61,11619.561,D,,,,,,
86312,2023-02-23,TRV,OLIVO MARIA,,0001127602-23-006783,2023-02-22,A,9326.937,0.0,108001.7,D,,,,,,
86312,2023-02-23,TRV,Frey Daniel S.,,0001127602-23-006786,2023-02-22,A,11192.325,0.0,16832.561,D,,,,,,
86312,2023-02-23,TRV,Rowland David Donnay,,0001127602-23-006790,2023-02-22,F,2439.0,185.61,11064.622,D,,,,,,
86312,2023-02-23,TRV,Rowland David Donnay,,0001127602-23-006790,2023-02-22,A,5330.014,0.0,13503.622,D,,,,,,
86312,2023-02-23,TRV,Kurtzman Diane,,0001127602-23-006779,2023-02-22,F,545.0,185.61,2255.831,D,,,,,,
86312,2023-02-23,TRV,Klein Michael Frederick,,0001127602-23-006795,2023-02-22,A,9326.937,0.0,18433.798,D,,,,,,
86312,2023-02-23,TRV,HEYMAN WILLIAM H,,0001127602-23-006791,2023-02-22,F,4421.0,185.61,255178.139,D,,,,,,
86312,2023-02-24,TRV,Klenk Jeffrey P.,,0001127602-23-007024,2023-02-22,A,3996.924,0.0,10069.991,D,,,,,,
86312,2023-02-24,TRV,Klenk Jeffrey P.,,0001127602-23-007024,2023-02-22,F,1864.0,185.61,8205.991,D,,,,,,
86312,2023-02-24,TRV,Toczydlowski Gregory C,,0001127602-23-007027,2023-02-22,F,4707.0,185.61,23835.495,D,,,,,,
86312,2023-02-24,TRV,Toczydlowski Gregory C,,0001127602-23-007027,2023-02-22,A,10126.557,0.0,28542.495,D,,,,,,
86312,2023-02-24,TRV,Toczydlowski Gregory C,,0001127602-23-007027,2023-02-23,S,5419.557,184.1877,18415.938,D,,,,,,
86312,2023-02-24,TRV,Lefebvre Mojgan M,,0001127602-23-007019,2023-02-23,S,5374.832,183.4904,0.0,D,,,,,,
86312,2023-02-24,TRV,Lefebvre Mojgan M,,0001127602-23-007019,2023-02-22,F,3639.0,185.61,5374.832,D,,,,,,
86312,2023-02-24,TRV,Lefebvre Mojgan M,,0001127602-23-007019,2023-02-22,A,7993.845,0.0,9013.832,D,,,,,,
86312,2023-02-24,TRV,Klenk Jeffrey P.,,0001127602-23-007024,2023-02-23,S,2132.0,185.1455,6073.991,D,,,,,,
86312,2023-04-03,TRV,Robinson Elizabeth,,0001127602-23-011917,2023-03-31,A,233.36,171.41,7263.033,D,,,,,,
86312,2023-04-25,TRV,Frey Daniel S.,,0001127602-23-013516,2023-04-21,M,1462.0,140.85,13081.561,D,,,,,,
86312,2023-04-25,TRV,Frey Daniel S.,,0001127602-23-013516,2023-04-21,S,731.0,178.6141,12350.561,D,,,,,,
86312,2023-04-26,TRV,Kess Avrohom J.,,0001104659-23-050339,2023-04-24,G,1000.0,0.0,35634.943,D,,,,,,
86312,2023-04-27,TRV,BESSETTE ANDY F,,0001104659-23-051325,2023-04-25,M,11572.0,132.58,28933.419,D,,,,,,
86312,2023-04-27,TRV,BESSETTE ANDY F,,0001104659-23-051325,2023-04-25,S,7207.0,177.5214,21726.419,D,,,,,,
86312,2023-04-27,TRV,BESSETTE ANDY F,,0001104659-23-051325,2023-04-25,G,559.0,0.0,16802.419,D,,,,,,
86312,2023-05-08,TRV,Rowland David Donnay,,0001104659-23-057257,2023-05-05,G,838.0,0.0,8523.0,I,,,,,,
86312,2023-05-12,TRV,Klein Michael Frederick,,0001127602-23-015420,2023-05-10,M,10246.0,118.78,24325.798,D,,,,,,
86312,2023-05-12,TRV,Klein Michael Frederick,,0001127602-23-015420,2023-05-10,S,5536.0,182.4984,18789.798,D,,,,,,
86312,2023-05-26,TRV,Golden Russell G.,,0001127602-23-016940,2023-05-24,A,1023.0,175.99,1023.0,D,,,,,,
86312,2023-07-05,TRV,Golden Russell G.,,0001127602-23-019988,2023-06-30,A,81.16,173.66,1110.051,D,,,,,,
86312,2023-07-05,TRV,Robinson Elizabeth,,0001127602-23-019993,2023-06-30,A,230.34,173.66,7535.196,D,,,,,,
86312,2023-07-26,TRV,Klein Michael Frederick,,0001127602-23-021328,2023-07-24,M,10000.0,140.85,24079.798,D,,,,,,
86312,2023-07-26,TRV,Klein Michael Frederick,,0001127602-23-021328,2023-07-24,S,10000.0,175.0479,14079.798,D,,,,,,
86312,2023-08-15,TRV,Kurtzman Diane,,0001127602-23-022543,2023-08-14,F,41.0,166.2,2214.831,D,,,,,,
86312,2023-10-02,TRV,Robinson Elizabeth,,0001127602-23-024993,2023-09-29,A,244.93,163.31,7826.267,D,,,,,,
86312,2023-10-02,TRV,Golden Russell G.,,0001127602-23-024988,2023-09-29,A,206.66,163.31,1323.508,D,,,,,,
86312,2023-11-07,TRV,BESSETTE ANDY F,,0001127602-23-026950,2023-11-03,S,3797.269,169.375,13005.15,D,,,,,,
86312,2023-11-07,TRV,BESSETTE ANDY F,,0001127602-23-026950,2023-11-03,G,195.0,0.0,12810.15,D,,,,,,
86312,2023-11-28,TRV,HEYMAN WILLIAM H,,0001127602-23-028354,2023-11-27,S,270.0,178.0,255178.139,D,,,,,,
86312,2023-11-28,TRV,HEYMAN WILLIAM H,,0001127602-23-028354,2023-11-27,M,270.0,126.18,255448.139,D,,,,,,
86312,2023-12-01,TRV,OLIVO MARIA,,0001127602-23-028589,2023-11-30,M,7000.0,80.35,110442.7,D,,,,,,
86312,2023-12-01,TRV,OLIVO MARIA,,0001127602-23-028589,2023-11-30,S,7000.0,179.9217,103442.7,D,,,,,,
86312,2024-01-02,TRV,Robinson Elizabeth,,0001127602-24-000102,2023-12-29,A,209.98,190.49,8077.333,D,,,,,,
86312,2024-01-02,TRV,Golden Russell G.,,0001127602-24-000100,2023-12-29,A,177.17,190.49,1507.626,D,,,,,,
86312,2024-01-24,TRV,Kess Avrohom J.,,0001127602-24-002016,2024-01-23,G,5350.0,0.0,30284.943,D,,,,,,
86312,2024-01-24,TRV,HEYMAN WILLIAM H,,0001127602-24-002013,2024-01-23,M,26633.0,132.58,281811.139,D,,,,,,
86312,2024-01-24,TRV,Munson Paul E.,,0001127602-24-002020,2024-01-23,S,2121.0,212.86,719.0,D,,,,,,
86312,2024-01-24,TRV,HEYMAN WILLIAM H,,0001127602-24-002013,2024-01-23,S,17195.0,212.5092,264616.139,D,,,,,,
86312,2024-01-24,TRV,Klein Michael Frederick,,0001127602-24-002027,2024-01-23,S,11287.0,210.634,15079.798,D,,,,,,
86312,2024-01-24,TRV,Klein Michael Frederick,,0001127602-24-002027,2024-01-23,M,12287.0,140.85,26366.798,D,,,,,,
86312,2024-01-24,TRV,Munson Paul E.,,0001127602-24-002020,2024-01-23,M,2121.0,106.03,2840.0,D,,,,,,
86312,2024-01-25,TRV,Klenk Jeffrey P.,,0001127602-24-002117,2024-01-24,S,17149.0,212.5415,6073.991,D,,,,,,
86312,2024-01-25,TRV,Klenk Jeffrey P.,,0001127602-24-002117,2024-01-24,M,931.0,118.78,7004.991,D,,,,,,
86312,2024-01-26,TRV,Kurtzman Diane,,0001127602-24-002264,2024-01-25,M,3000.0,106.03,5214.831,D,,,,,,
86312,2024-01-26,TRV,Kurtzman Diane,,0001127602-24-002264,2024-01-25,S,3000.0,211.02,2214.831,D,,,,,,
86312,2024-01-30,TRV,Toczydlowski Gregory C,,0001127602-24-002606,2024-01-26,S,45591.0,211.6688,18415.938,D,,,,,,
86312,2024-01-30,TRV,Toczydlowski Gregory C,,0001127602-24-002606,2024-01-26,M,2249.0,106.03,20664.938,D,,,,,,
86312,2024-01-31,TRV,OLIVO MARIA,,0001127602-24-002729,2024-01-30,S,10553.0,212.9264,103442.7,D,,,,,,
86312,2024-01-31,TRV,OLIVO MARIA,,0001127602-24-002729,2024-01-30,M,5553.0,80.35,108995.7,D,,,,,,
86312,2024-01-31,TRV,HEYMAN WILLIAM H,,0001127602-24-002728,2024-01-30,S,2500.0,213.5386,255178.139,D,,,,,,
86312,2024-01-31,TRV,HEYMAN WILLIAM H,,0001127602-24-002728,2024-01-30,M,2500.0,132.58,257678.139,D,,,,,,
86312,2024-02-01,TRV,HEYMAN WILLIAM H,,0001127602-24-002913,2024-01-31,M,2500.0,132.58,257678.139,D,,,,,,
86312,2024-02-01,TRV,HEYMAN WILLIAM H,,0001127602-24-002913,2024-01-31,S,2500.0,214.2064,255178.139,D,,,,,,
86312,2024-02-05,TRV,HEYMAN WILLIAM H,,0001127602-24-003375,2024-02-02,S,3500.0,214.9286,256178.139,D,,,,,,
86312,2024-02-05,TRV,HEYMAN WILLIAM H,,0001127602-24-003375,2024-02-02,M,4500.0,132.58,259678.139,D,,,,,,
86312,2024-02-05,TRV,Yin Daniel Tei-Hwa,,0001127602-24-003381,2024-02-02,S,5406.0,213.7375,53979.082,D,,,,,,
86312,2024-02-05,TRV,Rowland David Donnay,,0001127602-24-003419,2024-02-02,M,10181.0,106.03,18045.622,D,,,,,,
86312,2024-02-05,TRV,Rowland David Donnay,,0001127602-24-003419,2024-02-02,S,10181.0,214.0022,7864.622,D,,,,,,
86312,2024-02-05,TRV,Yin Daniel Tei-Hwa,,0001127602-24-003381,2024-02-02,M,7983.0,106.04,59385.082,D,,,,,,
86312,2024-02-08,TRV,Santana Rafael,,0001127602-24-004047,2024-02-06,A,915.0,213.01,2978.336,D,,,,,,
86312,2024-02-08,TRV,Frey Daniel S.,,0001127602-24-004055,2024-02-06,M,38000.0,132.58,52809.561,D,,,,,,
86312,2024-02-08,TRV,Robinson Elizabeth,,0001127602-24-004007,2024-02-06,A,915.0,213.01,8992.333,D,,,,,,
86312,2024-02-08,TRV,Kane William J,,0001127602-24-003970,2024-02-06,A,915.0,213.01,23442.5806,D,,,,,,
86312,2024-02-08,TRV,SCHERMERHORN TODD C,,0001127602-24-004049,2024-02-06,A,915.0,213.01,12298.651,D,,,,,,
86312,2024-02-08,TRV,van Kralingen Bridget A,,0001127602-24-004053,2024-02-06,A,915.0,213.01,2978.336,D,,,,,,
86312,2024-02-08,TRV,OTIS CLARENCE JR,,0001127602-24-004041,2024-02-06,A,915.0,213.01,15159.598,D,,,,,,
86312,2024-02-08,TRV,LEONARDI THOMAS B,,0001127602-24-003973,2024-02-06,A,915.0,213.01,4149.68,D,,,,,,
86312,2024-02-08,TRV,THOMSEN LAURIE J,,0001127602-24-004051,2024-02-06,A,915.0,213.01,59668.178,D,,,,,,
86312,2024-02-08,TRV,Frey Daniel S.,,0001127602-24-004055,2024-02-06,S,38000.0,212.5517,14809.561,D,,,,,,
86312,2024-02-08,TRV,Golden Russell G.,,0001127602-24-003968,2024-02-06,A,915.0,213.01,2422.626,D,,,,,,
86312,2024-02-09,TRV,Schnitzer Alan D,,0001127602-24-004193,2024-02-08,F,178005.0,213.46,222523.588,D,,,,,,
86312,2024-02-09,TRV,Schnitzer Alan D,,0001127602-24-004193,2024-02-08,M,222901.0,118.78,445424.588,D,,,,,,
86312,2024-02-09,TRV,Schnitzer Alan D,,0001127602-24-004193,2024-02-08,S,17702.0,211.6662,427722.588,D,,,,,,
86312,2024-02-12,TRV,BESSETTE ANDY F,,0001127602-24-004440,2024-02-09,S,10000.0,214.7496,12244.15,D,,,,,,
86312,2024-02-12,TRV,BESSETTE ANDY F,,0001127602-24-004440,2024-02-09,G,566.0,0.0,12244.15,D,,,,,,
86312,2024-02-12,TRV,BESSETTE ANDY F,,0001127602-24-004440,2024-02-09,M,10000.0,139.83,22244.15,D,,,,,,
86312,2024-02-13,TRV,HEYMAN WILLIAM H,,0001127602-24-004670,2024-02-12,M,2000.0,132.58,257178.139,D,,,,,,
86312,2024-02-13,TRV,HEYMAN WILLIAM H,,0001127602-24-004670,2024-02-12,S,2000.0,215.875,255178.139,D,,,,,,
86312,2024-02-15,TRV,HEYMAN WILLIAM H,,0001127602-24-005200,2024-02-13,M,2000.0,132.58,257178.139,D,,,,,,
86312,2024-02-15,TRV,HEYMAN WILLIAM H,,0001127602-24-005200,2024-02-13,S,2000.0,216.405,255178.139,D,,,,,,
86312,2024-02-15,TRV,HEYMAN WILLIAM H,,0001127602-24-005200,2024-02-14,M,681.0,140.85,255859.139,D,,,,,,
86312,2024-02-15,TRV,HEYMAN WILLIAM H,,0001127602-24-005200,2024-02-14,S,681.0,217.98,256678.139,D,,,,,,
86312,2024-02-16,TRV,HEYMAN WILLIAM H,,0001127602-24-005344,2024-02-15,S,2000.0,218.5,256178.139,D,,,,,,
86312,2024-02-16,TRV,HEYMAN WILLIAM H,,0001127602-24-005344,2024-02-15,M,3000.0,140.85,258178.139,D,,,,,,
86312,2024-02-22,TRV,Klein Michael Frederick,,0001127602-24-006286,2024-02-21,A,16310.118,0.0,30389.916,D,,,,,,
86312,2024-02-22,TRV,Kurtzman Diane,,0001127602-24-006297,2024-02-21,A,6116.069,0.0,8330.9,D,,,,,,
86312,2024-02-22,TRV,Yin Daniel Tei-Hwa,,0001127602-24-006299,2024-02-21,F,4871.0,219.38,58817.044,D,,,,,,
86312,2024-02-22,TRV,Klenk Jeffrey P.,,0001127602-24-006291,2024-02-21,A,6796.635,0.0,12870.626,D,,,,,,
86312,2024-02-22,TRV,Klein Michael Frederick,,0001127602-24-006286,2024-02-21,F,7592.0,219.38,22797.916,D,,,,,,
86312,2024-02-22,TRV,Toczydlowski Gregory C,,0001127602-24-006292,2024-02-21,A,17475.767,0.0,35891.705,D,,,,,,
86312,2024-02-22,TRV,Kess Avrohom J.,,0001127602-24-006282,2024-02-21,A,20969.116,0.0,51254.059,D,,,,,,
86312,2024-02-22,TRV,Yin Daniel Tei-Hwa,,0001127602-24-006299,2024-02-21,A,9708.962,0.0,63688.044,D,,,,,,
86312,2024-02-22,TRV,Toczydlowski Gregory C,,0001127602-24-006292,2024-02-21,F,8104.0,219.38,27787.705,D,,,,,,
86312,2024-02-22,TRV,HEYMAN WILLIAM H,,0001127602-24-006278,2024-02-20,S,2000.0,220.0,255178.139,D,,,,,,
86312,2024-02-22,TRV,Klenk Jeffrey P.,,0001127602-24-006291,2024-02-21,F,3161.0,219.38,9709.626,D,,,,,,
86312,2024-02-22,TRV,Kurtzman Diane,,0001127602-24-006297,2024-02-21,F,3123.0,219.38,5207.9,D,,,,,,
86312,2024-02-22,TRV,HEYMAN WILLIAM H,,0001127602-24-006278,2024-02-20,M,2000.0,140.85,257178.139,D,,,,,,
86312,2024-02-22,TRV,Kess Avrohom J.,,0001127602-24-006282,2024-02-21,F,11410.0,219.38,39844.059,D,,,,,,
86312,2024-02-22,TRV,Schnitzer Alan D,,0001127602-24-006285,2024-02-21,A,89317.382,0.0,311840.97,D,,,,,,
86312,2024-02-22,TRV,Schnitzer Alan D,,0001127602-24-006285,2024-02-21,F,49393.0,219.38,262447.97,D,,,,,,
86312,2024-02-22,TRV,HEYMAN WILLIAM H,,0001127602-24-006278,2024-02-21,S,2000.0,221.125,255178.139,D,,,,,,
86312,2024-02-22,TRV,Frey Daniel S.,,0001127602-24-006273,2024-02-21,A,16310.118,0.0,31119.679,D,,,,,,
86312,2024-02-22,TRV,Lefebvre Mojgan M,,0001127602-24-006264,2024-02-21,A,12814.96,0.0,12814.96,D,,,,,,
86312,2024-02-22,TRV,Munson Paul E.,,0001127602-24-006268,2024-02-21,F,453.0,219.38,1733.927,D,,,,,,
86312,2024-02-22,TRV,OLIVO MARIA,,0001127602-24-006274,2024-02-21,A,14950.789,0.0,118393.489,D,,,,,,
86312,2024-02-22,TRV,Frey Daniel S.,,0001127602-24-006273,2024-02-21,F,7605.0,219.38,23514.679,D,,,,,,
86312,2024-02-22,TRV,Lefebvre Mojgan M,,0001127602-24-006264,2024-02-21,F,6599.0,219.38,6215.96,D,,,,,,
86312,2024-02-22,TRV,BESSETTE ANDY F,,0001127602-24-006265,2024-02-21,F,4103.0,219.38,16975.868,D,,,,,,
86312,2024-02-22,TRV,Rowland David Donnay,,0001127602-24-006276,2024-02-21,A,9708.962,0.0,17573.584,D,,,,,,
86312,2024-02-22,TRV,BESSETTE ANDY F,,0001127602-24-006265,2024-02-21,A,8834.718,0.0,21078.868,D,,,,,,
86312,2024-02-22,TRV,HEYMAN WILLIAM H,,0001127602-24-006278,2024-02-21,F,6443.0,219.38,260384.445,D,,,,,,
86312,2024-02-22,TRV,Rowland David Donnay,,0001127602-24-006276,2024-02-21,F,4445.0,219.38,13128.584,D,,,,,,
86312,2024-02-22,TRV,Munson Paul E.,,0001127602-24-006268,2024-02-21,A,1467.927,0.0,2186.927,D,,,,,,
86312,2024-02-22,TRV,OLIVO MARIA,,0001127602-24-006274,2024-02-21,F,7231.0,219.38,111162.489,D,,,,,,
86312,2024-02-22,TRV,HEYMAN WILLIAM H,,0001127602-24-006278,2024-02-21,M,2000.0,140.85,257178.139,D,,,,,,
86312,2024-02-22,TRV,HEYMAN WILLIAM H,,0001127602-24-006278,2024-02-21,A,11649.306,0.0,266827.445,D,,,,,,
86312,2024-02-23,TRV,HEYMAN WILLIAM H,,0001127602-24-006564,2024-02-22,M,3000.0,140.85,263384.445,D,,,,,,
86312,2024-02-23,TRV,Kurtzman Diane,,0001127602-24-006561,2024-02-22,S,2993.0,220.141,2214.9,D,,,,,,
86312,2024-02-23,TRV,Lefebvre Mojgan M,,0001127602-24-006557,2024-02-22,S,6215.96,220.0,0.0,D,,,,,,
86312,2024-02-23,TRV,HEYMAN WILLIAM H,,0001127602-24-006564,2024-02-22,S,2000.0,222.0,261384.445,D,,,,,,
86312,2024-02-23,TRV,Lefebvre Mojgan M,,0001127602-24-006557,2024-02-22,M,12500.0,126.18,12500.0,D,,,,,,
86312,2024-02-28,TRV,Rowland David Donnay,,0001127602-24-007386,2024-02-27,S,5263.962,220.941,7864.622,D,,,,,,
86312,2024-02-29,TRV,HEYMAN WILLIAM H,,0001127602-24-007594,2024-02-28,G,10000.0,0.0,250384.445,D,,,,,,
86312,2024-02-29,TRV,Klein Michael Frederick,,0001127602-24-007596,2024-02-28,S,9700.0,220.6699,23097.916,D,,,,,,
86312,2024-02-29,TRV,Klein Michael Frederick,,0001127602-24-007596,2024-02-28,M,10000.0,140.85,32797.916,D,,,,,,
86312,2024-03-01,TRV,Yin Daniel Tei-Hwa,,0001127602-24-007816,2024-02-29,S,9502.0,221.34,58817.044,D,,,,,,
86312,2024-03-01,TRV,Yin Daniel Tei-Hwa,,0001127602-24-007816,2024-02-29,M,9502.0,106.03,68319.044,D,,,,,,
86312,2024-04-01,TRV,Robinson Elizabeth,,0001127602-24-011584,2024-03-28,A,173.81,230.14,9205.214,D,,,,,,
86312,2024-04-01,TRV,Golden Russell G.,,0001127602-24-011582,2024-03-28,A,146.65,230.14,2579.804,D,,,,,,
86312,2024-04-01,TRV,DOLAN JANET M,,0001127602-24-011576,2024-03-28,A,146.65,230.14,53170.04,D,,,,,,
86312,2024-04-24,TRV,Klein Michael Frederick,,0001127602-24-013302,2024-04-23,M,10000.0,126.18,32797.916,D,,,,,,
86312,2024-04-24,TRV,Klein Michael Frederick,,0001127602-24-013302,2024-04-23,S,6611.0,213.7523,26186.916,D,,,,,,
86312,2024-04-26,TRV,Frey Daniel S.,,0001127602-24-013442,2024-04-25,S,5000.0,212.8964,18514.679,D,,,,,,
86312,2024-05-02,TRV,Klenk Jeffrey P.,,0001127602-24-013988,2024-05-01,S,3635.0,213.68,6074.626,D,,,,,,
86312,2024-05-03,TRV,Toczydlowski Gregory C,,0001127602-24-014113,2024-05-02,S,9371.767,214.9237,18415.938,D,,,,,,
86312,2024-05-17,TRV,Williams David Scott,,0001127602-24-015751,2024-05-15,A,910.0,214.35,910.0,D,,,,,,
86312,2024-07-01,TRV,Golden Russell G.,,0001127602-24-019527,2024-06-28,A,165.98,203.34,2759.105,D,,,,,,
86312,2024-07-01,TRV,Robinson Elizabeth,,0001127602-24-019537,2024-06-28,A,196.71,203.34,9449.459,D,,,,,,
86312,2024-07-29,TRV,Klein Michael Frederick,,0001127602-24-021083,2024-07-25,S,10000.0,211.437,22797.916,D,,,,,,
86312,2024-07-29,TRV,Klein Michael Frederick,,0001127602-24-021083,2024-07-25,M,10000.0,126.18,32797.916,D,,,,,,
86312,2024-08-19,TRV,BESSETTE ANDY F,,0001127602-24-022502,2024-08-16,M,5000.0,139.83,21975.868,D,,,,,,
86312,2024-08-19,TRV,BESSETTE ANDY F,,0001127602-24-022502,2024-08-16,S,5000.0,217.205,16975.868,D,,,,,,
86312,2024-08-20,TRV,HEYMAN WILLIAM H,,0001127602-24-022601,2024-08-19,S,1005.0,219.0,250384.445,D,,,,,,
86312,2024-08-20,TRV,HEYMAN WILLIAM H,,0001127602-24-022601,2024-08-19,M,1005.0,140.85,251389.445,D,,,,,,
86312,2024-08-27,TRV,HEYMAN WILLIAM H,,0001127602-24-022965,2024-08-26,S,3000.0,223.0433,252384.445,D,,,,,,
86312,2024-08-27,TRV,HEYMAN WILLIAM H,,0001127602-24-022965,2024-08-26,M,5000.0,140.85,255384.445,D,,,,,,
86312,2024-08-27,TRV,Munson Paul E.,,0001127602-24-022964,2024-08-23,S,1000.0,219.816,733.927,D,,,,,,
86312,2024-08-27,TRV,HEYMAN WILLIAM H,,0001127602-24-022965,2024-08-23,M,1000.0,140.85,251384.445,D,,,,,,
86312,2024-08-27,TRV,HEYMAN WILLIAM H,,0001127602-24-022965,2024-08-23,S,1000.0,222.0,250384.445,D,,,,,,
86312,2024-08-29,TRV,HEYMAN WILLIAM H,,0001127602-24-023133,2024-08-28,M,3000.0,140.85,253384.445,D,,,,,,
86312,2024-08-29,TRV,HEYMAN WILLIAM H,,0001127602-24-023133,2024-08-28,S,2000.0,225.25,251384.445,D,,,,,,
86312,2024-08-30,TRV,OLIVO MARIA,,0001127602-24-023230,2024-08-29,M,15000.0,106.04,126162.489,D,,,,,,
86312,2024-08-30,TRV,OLIVO MARIA,,0001127602-24-023230,2024-08-29,S,15000.0,226.4469,111162.489,D,,,,,,
86312,2024-08-30,TRV,HEYMAN WILLIAM H,,0001127602-24-023226,2024-08-29,M,2000.0,140.85,252384.445,D,,,,,,
86312,2024-08-30,TRV,HEYMAN WILLIAM H,,0001127602-24-023226,2024-08-29,S,2000.0,226.75,250384.445,D,,,,,,
86312,2024-09-03,TRV,HEYMAN WILLIAM H,,0001127602-24-023291,2024-08-30,M,2000.0,140.85,252384.445,D,,,,,,
86312,2024-09-03,TRV,HEYMAN WILLIAM H,,0001127602-24-023291,2024-08-30,S,2000.0,227.75,250384.445,D,,,,,,
86312,2024-10-02,TRV,Golden Russell G.,,0001127602-24-024908,2024-09-30,A,144.16,234.12,2915.64,D,,,,,,
86312,2024-10-02,TRV,Robinson Elizabeth,,0001127602-24-024910,2024-09-30,A,170.85,234.12,9662.691,D,,,,,,
86312,2024-10-22,TRV,Kurtzman Diane,,0001127602-24-025855,2024-10-21,M,469.0,106.03,2183.9,D,,,,,,
86312,2024-10-22,TRV,Lefebvre Mojgan M,,0001127602-24-025852,2024-10-21,S,15168.0,259.2685,5868.0,D,,,,,,
86312,2024-10-22,TRV,Lefebvre Mojgan M,,0001127602-24-025852,2024-10-21,M,18736.0,126.18,18736.0,D,,,,,,
86312,2024-10-22,TRV,Kurtzman Diane,,0001127602-24-025855,2024-10-21,S,500.0,260.368,1714.9,D,,,,,,
86312,2024-10-22,TRV,Schnitzer Alan D,,0001127602-24-025824,2024-10-21,S,24188.0,259.2472,238259.97,D,,,,,,
86312,2024-10-24,TRV,HEYMAN WILLIAM H,,0001127602-24-025908,2024-10-22,M,3000.0,140.85,253384.445,D,,,,,,
86312,2024-10-24,TRV,Klein Michael Frederick,,0001127602-24-025909,2024-10-23,S,10000.0,256.1742,22797.916,D,,,,,,
86312,2024-10-24,TRV,Klein Michael Frederick,,0001127602-24-025909,2024-10-23,M,10000.0,126.18,32797.916,D,,,,,,
86312,2024-10-24,TRV,HEYMAN WILLIAM H,,0001127602-24-025908,2024-10-22,S,3000.0,260.545,250384.445,D,,,,,,
86312,2024-10-25,TRV,HEYMAN WILLIAM H,,0001127602-24-025986,2024-10-24,M,2014.0,140.85,252398.445,D,,,,,,
86312,2024-10-25,TRV,HEYMAN WILLIAM H,,0001127602-24-025986,2024-10-24,S,2014.0,260.0,250384.445,D,,,,,,
86312,2024-10-30,TRV,BESSETTE ANDY F,,0001127602-24-026101,2024-10-28,M,4520.0,139.83,21495.868,D,,,,,,
86312,2024-10-30,TRV,BESSETTE ANDY F,,0001127602-24-026101,2024-10-28,S,4520.0,253.461,16975.868,D,,,,,,
86312,2024-10-31,TRV,BESSETTE ANDY F,,0001127602-24-026151,2024-10-30,G,42.0,0.0,16933.868,D,,,,,,
86312,2024-11-08,TRV,HEYMAN WILLIAM H,,0001127602-24-026828,2024-11-06,M,1986.0,140.85,252370.445,D,,,,,,
86312,2024-11-08,TRV,HEYMAN WILLIAM H,,0001127602-24-026828,2024-11-06,S,1000.0,256.0,251370.445,D,,,,,,
86312,2024-11-12,TRV,HEYMAN WILLIAM H,,0001127602-24-027002,2024-11-08,S,2000.0,255.75,251384.445,D,,,,,,
86312,2024-11-12,TRV,HEYMAN WILLIAM H,,0001127602-24-027002,2024-11-08,M,3000.0,140.85,253384.445,D,,,,,,
86312,2024-11-12,TRV,HEYMAN WILLIAM H,,0001127602-24-027002,2024-11-11,M,7000.0,140.85,257384.445,D,,,,,,
86312,2024-11-12,TRV,HEYMAN WILLIAM H,,0001127602-24-027002,2024-11-11,S,4000.0,257.96,253384.445,D,,,,,,
86312,2024-11-14,TRV,Yin Daniel Tei-Hwa,,0001127602-24-027299,2024-11-13,G,1960.0,0.0,56857.044,D,,,,,,
86312,2024-11-19,TRV,OLIVO MARIA,,0001127602-24-027627,2024-11-18,M,10410.0,106.04,121572.489,D,,,,,,
86312,2024-11-19,TRV,HEYMAN WILLIAM H,,0001127602-24-027623,2024-11-18,M,1000.0,140.85,251384.445,D,,,,,,
86312,2024-11-19,TRV,OLIVO MARIA,,0001127602-24-027627,2024-11-18,S,10410.0,261.8007,111162.489,D,,,,,,
86312,2024-11-19,TRV,HEYMAN WILLIAM H,,0001127602-24-027623,2024-11-15,M,5000.0,140.85,255384.445,D,,,,,,
86312,2024-11-19,TRV,HEYMAN WILLIAM H,,0001127602-24-027623,2024-11-18,S,1000.0,262.0,250384.445,D,,,,,,
86312,2024-11-19,TRV,HEYMAN WILLIAM H,,0001127602-24-027623,2024-11-15,S,2000.0,259.25,253384.445,D,,,,,,
86312,2024-11-26,TRV,HEYMAN WILLIAM H,,0001127602-24-028086,2024-11-25,S,1740.0,264.0,252384.445,D,,,,,,
86312,2024-11-26,TRV,HEYMAN WILLIAM H,,0001127602-24-028086,2024-11-25,M,3740.0,139.83,254124.445,D,,,,,,
86312,2024-11-27,TRV,Rowland David Donnay,,0001127602-24-028168,2024-11-26,S,4000.0,263.444,6505.622,D,,,,,,
86312,2024-11-27,TRV,Rowland David Donnay,,0001127602-24-028168,2024-11-26,M,4000.0,118.78,10505.622,D,,,,,,
86312,2024-12-02,TRV,HEYMAN WILLIAM H,,0001127602-24-028307,2024-11-29,M,1000.0,139.83,251384.445,D,,,,,,
86312,2024-12-02,TRV,HEYMAN WILLIAM H,,0001127602-24-028307,2024-11-29,S,1000.0,269.0,250384.445,D,,,,,,
86312,2024-12-02,TRV,HEYMAN WILLIAM H,,0001127602-24-028307,2024-11-27,M,2000.0,139.83,252384.445,D,,,,,,
86312,2024-12-02,TRV,HEYMAN WILLIAM H,,0001127602-24-028307,2024-11-27,S,1000.0,267.0,251384.445,D,,,,,,
86312,2025-01-02,TRV,Williams David Scott,,0001127602-25-000083,2024-12-31,A,140.11,240.89,1054.115,D,,,,,,
86312,2025-01-02,TRV,Robinson Elizabeth,,0001127602-25-000077,2024-12-31,A,166.05,240.89,9870.858,D,,,,,,
86312,2025-01-03,TRV,Golden Russell G.,,0001127602-25-000371,2024-12-31,A,140.11,240.89,3068.458,D,,,,,,
86312,2025-02-06,TRV,SCHERMERHORN TODD C,,0001127602-25-003403,2025-02-04,A,799.0,244.06,13324.92,D,,,,,,
86312,2025-02-06,TRV,THOMSEN LAURIE J,,0001127602-25-003412,2024-04-24,G,51.0,0.0,0.0,I,,,,,,
86312,2025-02-06,TRV,van Kralingen Bridget A,,0001127602-25-003419,2025-02-04,A,799.0,244.06,3832.374,D,,,,,,
86312,2025-02-06,TRV,THOMSEN LAURIE J,,0001127602-25-003412,2025-02-04,A,799.0,244.06,61619.232,D,,,,,,
86312,2025-02-06,TRV,Williams David Scott,,0001127602-25-003422,2025-02-04,A,799.0,244.06,1721.806,D,,,,,,
86312,2025-02-06,TRV,Golden Russell G.,,0001127602-25-003357,2025-02-04,A,799.0,244.06,3867.458,D,,,,,,
86312,2025-02-06,TRV,OTIS CLARENCE JR,,0001127602-25-003372,2025-02-04,A,799.0,244.06,16238.738,D,,,,,,
86312,2025-02-06,TRV,Santana Rafael,,0001127602-25-003392,2025-02-04,A,799.0,244.06,3832.374,D,,,,,,
86312,2025-02-06,TRV,Robinson Elizabeth,,0001127602-25-003380,2025-02-04,A,799.0,244.06,10669.858,D,,,,,,
86312,2025-02-06,TRV,LEONARDI THOMAS B,,0001127602-25-003361,2025-02-04,A,799.0,244.06,5025.363,D,,,,,,
86312,2025-02-20,TRV,Kurtzman Diane,,0001127602-25-005989,2025-02-19,F,3202.0,241.05,4818.549,D,,,,,,
86312,2025-02-20,TRV,Toczydlowski Gregory C,,0001127602-25-005987,2025-02-19,F,10077.0,241.05,29921.187,D,,,,,,
86312,2025-02-20,TRV,Schnitzer Alan D,,0001127602-25-005977,2025-02-19,A,90394.431,0.0,312318.401,D,,,,,,
86312,2025-02-20,TRV,Yin Daniel Tei-Hwa,,0001127602-25-006000,2025-02-19,A,9635.763,0.0,66492.807,D,,,,,,
86312,2025-02-20,TRV,Yin Daniel Tei-Hwa,,0001127602-25-006000,2025-02-19,F,4836.0,241.05,61656.807,D,,,,,,
86312,2025-02-20,TRV,Toczydlowski Gregory C,,0001127602-25-005987,2025-02-19,A,21582.249,0.0,39998.187,D,,,,,,
86312,2025-02-20,TRV,Klein Michael Frederick,,0001127602-25-005970,2025-02-19,F,9481.0,241.05,33638.031,D,,,,,,
86312,2025-02-20,TRV,Klenk Jeffrey P.,,0001127602-25-005980,2025-02-19,A,12524.677,0.0,18599.303,D,,,,,,
86312,2025-02-20,TRV,Schnitzer Alan D,,0001127602-25-005977,2025-02-19,F,49989.0,241.05,262329.401,D,,,,,,
86312,2025-02-20,TRV,Klein Michael Frederick,,0001127602-25-005970,2025-02-19,A,20321.115,0.0,43119.031,D,,,,,,
86312,2025-02-20,TRV,Rowland David Donnay,,0001127602-25-005966,2025-02-19,F,4410.0,241.05,11731.385,D,,,,,,
86312,2025-02-20,TRV,Klenk Jeffrey P.,,0001127602-25-005980,2025-02-19,F,5844.0,241.05,12755.303,D,,,,,,
86312,2025-02-20,TRV,Kurtzman Diane,,0001127602-25-005989,2025-02-19,A,6305.649,0.0,8020.549,D,,,,,,
86312,2025-02-20,TRV,Rowland David Donnay,,0001127602-25-005966,2025-02-19,A,9635.763,0.0,16141.385,D,,,,,,
86312,2025-02-20,TRV,HEYMAN WILLIAM H,,0001127602-25-005954,2025-02-19,A,10510.089,0.0,260894.534,D,,,,,,
86312,2025-02-20,TRV,OLIVO MARIA,,0001127602-25-005957,2025-02-19,F,6536.0,241.05,118116.149,D,,,,,,
86312,2025-02-20,TRV,Munson Paul E.,,0001127602-25-005949,2025-02-19,A,1323.587,0.0,2057.514,D,,,,,,
86312,2025-02-20,TRV,Munson Paul E.,,0001127602-25-005949,2025-02-19,F,409.0,241.05,1648.514,D,,,,,,
86312,2025-02-20,TRV,Kess Avrohom J.,,0001127602-25-005960,2025-02-19,A,18918.969,0.0,58763.028,D,,,,,,
86312,2025-02-20,TRV,Kess Avrohom J.,,0001127602-25-005960,2025-02-19,F,10376.0,241.05,48387.028,D,,,,,,
86312,2025-02-20,TRV,Frey Daniel S.,,0001127602-25-005944,2025-02-19,A,15766.141,0.0,34280.82,D,,,,,,
86312,2025-02-20,TRV,OLIVO MARIA,,0001127602-25-005957,2025-02-19,A,13489.66,0.0,124652.149,D,,,,,,
86312,2025-02-20,TRV,Lefebvre Mojgan M,,0001127602-25-005940,2025-02-19,F,6376.0,241.05,6148.677,D,,,,,,
86312,2025-02-20,TRV,Lefebvre Mojgan M,,0001127602-25-005940,2025-02-19,A,12524.677,0.0,12524.677,D,,,,,,
86312,2025-02-20,TRV,HEYMAN WILLIAM H,,0001127602-25-005954,2025-02-19,F,5809.0,241.05,255085.534,D,,,,,,
86312,2025-02-20,TRV,BESSETTE ANDY F,,0001127602-25-005935,2025-02-19,F,3704.0,241.05,21201.577,D,,,,,,
86312,2025-02-20,TRV,BESSETTE ANDY F,,0001127602-25-005935,2025-02-19,A,7971.709,0.0,24905.577,D,,,,,,
86312,2025-02-20,TRV,Frey Daniel S.,,0001127602-25-005944,2025-02-19,F,7349.0,241.05,26931.82,D,,,,,,
86312,2025-02-28,TRV,Lefebvre Mojgan M,,0001127602-25-007222,2025-02-26,M,13300.0,132.58,19448.677,D,,,,,,
86312,2025-02-28,TRV,Lefebvre Mojgan M,,0001127602-25-007222,2025-02-26,S,13300.0,248.5995,6148.677,D,,,,,,
86312,2025-04-01,TRV,Golden Russell G.,,0001127602-25-010779,2025-03-31,A,127.62,264.46,4010.432,D,,,,,,
86312,2025-04-01,TRV,Robinson Elizabeth,,0001127602-25-010784,2025-03-31,A,151.25,264.46,10863.47,D,,,,,,
86312,2025-04-30,TRV,BESSETTE ANDY F,,0001127602-25-012802,2025-04-28,G,470.0,0.0,20731.577,D,,,,,,
86312,2025-04-30,TRV,BESSETTE ANDY F,,0001127602-25-012802,2025-04-29,G,40.0,0.0,20691.577,D,,,,,,
86312,2025-05-09,TRV,HEYMAN WILLIAM H,,0001127602-25-013844,2025-05-08,S,1000.0,271.0,257085.534,D,,,,,,
86312,2025-05-09,TRV,HEYMAN WILLIAM H,,0001127602-25-013844,2025-05-08,M,3000.0,139.83,258085.534,D,,,,,,
86312,2025-05-09,TRV,HEYMAN WILLIAM H,,0001127602-25-013844,2025-05-07,S,1000.0,270.0,255085.534,D,,,,,,
86312,2025-05-09,TRV,HEYMAN WILLIAM H,,0001127602-25-013844,2025-05-07,M,1000.0,139.83,256085.534,D,,,,,,
86312,2025-05-19,TRV,BESSETTE ANDY F,,0001127602-25-014885,2025-05-16,M,5000.0,172.5,25691.577,D,,,,,,
86312,2025-05-19,TRV,BESSETTE ANDY F,,0001127602-25-014885,2025-05-16,S,5000.0,272.76,20691.577,D,,,,,,
86312,2025-05-30,TRV,Kess Avrohom J.,,0001127602-25-016069,2025-05-29,M,63155.0,118.78,111542.028,D,,,,,,
86312,2025-05-30,TRV,Kess Avrohom J.,,0001127602-25-016069,2025-05-29,F,47211.0,272.93,64331.028,D,,,,,,
86312,2025-05-30,TRV,Rowland David Donnay,,0001127602-25-016066,2025-05-29,M,4916.0,118.78,16647.385,D,,,,,,
86312,2025-05-30,TRV,Klenk Jeffrey P.,,0001127602-25-016042,2025-05-29,M,8500.0,140.85,14575.303,D,,,,,,
86312,2025-05-30,TRV,Schnitzer Alan D,,0001127602-25-016064,2025-05-29,S,14121.0,273.4007,283664.401,D,,,,,,
86312,2025-05-30,TRV,Rowland David Donnay,,0001127602-25-016066,2025-05-29,S,12069.0,274.0081,11731.385,D,,,,,,
86312,2025-05-30,TRV,Munson Paul E.,,0001127602-25-016041,2025-05-29,S,4052.0,273.29,734.514,D,,,,,,
86312,2025-05-30,TRV,Lefebvre Mojgan M,,0001127602-25-016062,2025-05-29,S,6148.677,273.71,0.0,D,,,,,,
86312,2025-05-30,TRV,Klenk Jeffrey P.,,0001127602-25-016042,2025-05-29,S,6680.0,272.72,6075.303,D,,,,,,
86312,2025-05-30,TRV,Schnitzer Alan D,,0001127602-25-016064,2025-05-29,M,162927.0,140.85,425256.401,D,,,,,,
86312,2025-05-30,TRV,Munson Paul E.,,0001127602-25-016041,2025-05-29,M,1741.0,118.78,3389.514,D,,,,,,
86312,2025-05-30,TRV,Kess Avrohom J.,,0001127602-25-016069,2025-05-29,S,6170.0,273.0913,65651.028,D,,,,,,
86312,2025-05-30,TRV,Kurtzman Diane,,0001127602-25-016020,2025-05-29,M,2980.0,140.85,6798.549,D,,,,,,
86312,2025-05-30,TRV,Kurtzman Diane,,0001127602-25-016020,2025-05-29,S,1000.0,273.0,3818.549,D,,,,,,
86312,2025-05-30,TRV,Frey Daniel S.,,0001127602-25-016021,2025-05-29,S,20286.0,273.4763,26931.82,D,,,,,,
86312,2025-05-30,TRV,Klein Michael Frederick,,0001127602-25-016036,2025-05-29,M,9044.0,126.18,42682.031,D,,,,,,
86312,2025-05-30,TRV,HEYMAN WILLIAM H,,0001127602-25-016029,2025-05-29,M,2000.0,139.83,257085.534,D,,,,,,
86312,2025-05-30,TRV,HEYMAN WILLIAM H,,0001127602-25-016029,2025-05-29,S,1000.0,274.0,256085.534,D,,,,,,
86312,2025-05-30,TRV,Schnitzer Alan D,,0001127602-25-016064,2025-05-29,F,127471.0,274.481,297785.401,D,,,,,,
86312,2025-05-30,TRV,OLIVO MARIA,,0001127602-25-016030,2025-05-29,S,36199.0,274.1965,118116.149,D,,,,,,
86312,2025-05-30,TRV,OLIVO MARIA,,0001127602-25-016030,2025-05-29,M,36199.0,106.03,154315.149,D,,,,,,
86312,2025-05-30,TRV,Klein Michael Frederick,,0001127602-25-016036,2025-05-29,S,594.0,273.1214,42088.031,D,,,,,,
86312,2025-05-30,TRV,Frey Daniel S.,,0001127602-25-016021,2025-05-29,M,20286.0,132.58,47217.82,D,,,,,,
86312,2025-06-02,TRV,HEYMAN WILLIAM H,,0001127602-25-016180,2025-05-30,M,2000.0,139.83,257085.534,D,,,,,,
86312,2025-06-02,TRV,HEYMAN WILLIAM H,,0001127602-25-016180,2025-05-30,S,1000.0,276.0,256085.534,D,,,,,,
86312,2025-07-01,TRV,Golden Russell G.,,0001127602-25-018351,2025-06-30,A,146.69,267.54,4173.611,D,,,,,,
86312,2025-07-01,TRV,Robinson Elizabeth,,0001127602-25-018355,2025-06-30,A,155.67,267.54,11063.804,D,,,,,,
86312,2025-07-22,TRV,Toczydlowski Gregory C,,0001127602-25-019477,2025-07-21,S,11505.0,266.1236,18416.187,D,,,,,,
86312,2025-07-22,TRV,Schnitzer Alan D,,0001127602-25-019481,2025-07-21,G,2000.0,0.0,260329.401,D,,,,,,
86312,2025-07-22,TRV,Kess Avrohom J.,,0001127602-25-019479,2025-07-21,G,6500.0,0.0,41887.028,D,,,,,,
86312,2025-08-05,TRV,Klein Michael Frederick,,0001127602-25-020070,2025-08-04,M,10000.0,132.58,43638.031,D,,,,,,
86312,2025-08-05,TRV,Klein Michael Frederick,,0001127602-25-020070,2025-08-04,S,10000.0,261.9855,33638.031,D,,,,,,
86312,2025-08-08,TRV,BESSETTE ANDY F,,0001127602-25-020279,2025-08-07,M,7742.0,172.5,28433.577,D,,,,,,
86312,2025-08-08,TRV,BESSETTE ANDY F,,0001127602-25-020279,2025-08-07,S,7742.0,264.9,20691.577,D,,,,,,
86312,2025-08-15,TRV,Schnitzer Alan D,,0001127602-25-020504,2025-08-14,G,2570.0,0.0,11091.0,I,,,,,,
86312,2025-08-19,TRV,Rowland David Donnay,,0001127602-25-020681,2025-08-18,G,2034.0,0.0,12686.0,I,,,,,,
86312,2025-08-26,TRV,HEYMAN WILLIAM H,,0001127602-25-020937,2025-08-22,S,1000.0,278.0,256085.534,D,,,,,,
86312,2025-08-26,TRV,HEYMAN WILLIAM H,,0001127602-25-020937,2025-08-22,M,2000.0,139.83,257085.534,D,,,,,,
86312,2025-08-26,TRV,Lefebvre Mojgan M,,0001127602-25-020941,2025-08-22,S,16820.0,277.5446,0.0,D,,,,,,
86312,2025-08-26,TRV,Lefebvre Mojgan M,,0001127602-25-020941,2025-08-22,M,16820.0,132.58,16820.0,D,,,,,,
86312,2025-10-01,TRV,Golden Russell G.,,0000086312-25-000056,2025-09-30,A,165.64,279.22,4355.693,D,,,,,,
86312,2025-10-01,TRV,Robinson Elizabeth,,0000086312-25-000058,2025-09-30,A,156.69,279.22,11264.077,D,,,,,,
86312,2025-10-29,TRV,Klein Michael Frederick,,0000086312-25-000071,2025-10-28,M,8572.0,132.58,42210.031,D,,,,,,
86312,2025-10-29,TRV,Klein Michael Frederick,,0000086312-25-000071,2025-10-28,S,6742.0,270.5946,35468.031,D,,,,,,
86312,2025-11-07,TRV,Frey Daniel S.,,0000086312-25-000073,2025-11-06,M,25000.0,139.83,51931.82,D,,,,,,
86312,2025-11-07,TRV,Frey Daniel S.,,0000086312-25-000073,2025-11-06,S,25000.0,278.2502,26931.82,D,,,,,,
86312,2025-11-12,TRV,HEYMAN WILLIAM H,,0000086312-25-000075,2025-11-07,M,1000.0,139.83,256085.534,D,,,,,,
86312,2025-11-12,TRV,HEYMAN WILLIAM H,,0000086312-25-000075,2025-11-07,S,1000.0,280.0,255085.534,D,,,,,,
86312,2025-11-12,TRV,HEYMAN WILLIAM H,,0000086312-25-000075,2025-11-10,M,2000.0,139.83,257085.534,D,,,,,,
86312,2025-11-12,TRV,HEYMAN WILLIAM H,,0000086312-25-000075,2025-11-10,S,1000.0,281.0,256085.534,D,,,,,,
86312,2025-11-12,TRV,HEYMAN WILLIAM H,,0000086312-25-000075,2025-11-11,M,4000.0,139.83,259085.534,D,,,,,,
86312,2025-11-12,TRV,HEYMAN WILLIAM H,,0000086312-25-000075,2025-11-11,S,2000.0,283.89,257085.534,D,,,,,,
86312,2025-11-14,TRV,HEYMAN WILLIAM H,,0000086312-25-000077,2025-11-12,M,2000.0,139.83,257085.534,D,,,,,,
86312,2025-11-14,TRV,HEYMAN WILLIAM H,,0000086312-25-000077,2025-11-12,S,1000.0,287.0,256085.534,D,,,,,,
86312,2025-11-14,TRV,HEYMAN WILLIAM H,,0000086312-25-000077,2025-11-13,M,1803.0,172.5,256888.534,D,,,,,,
86312,2025-11-14,TRV,HEYMAN WILLIAM H,,0000086312-25-000077,2025-11-13,S,803.0,289.0,256085.534,D,,,,,,
86312,2025-11-24,TRV,Rowland David Donnay,,0000086312-25-000081,2025-11-21,S,5000.0,290.5698,17562.385,D,,,,,,
86312,2025-11-24,TRV,HEYMAN WILLIAM H,,0000086312-25-000079,2025-11-21,M,2000.0,172.5,257085.534,D,,,,,,
86312,2025-11-24,TRV,Rowland David Donnay,,0000086312-25-000081,2025-11-21,M,5000.0,126.18,22562.385,D,,,,,,
86312,2025-11-24,TRV,HEYMAN WILLIAM H,,0000086312-25-000079,2025-11-21,S,1000.0,291.0,256085.534,D,,,,,,
86312,2025-11-25,TRV,Kurtzman Diane,,0000086312-25-000082,2025-11-24,M,4805.0,126.18,8623.549,D,,,,,,
86312,2025-11-25,TRV,Kurtzman Diane,,0000086312-25-000082,2025-11-24,S,4805.0,290.0,3818.549,D,,,,,,
86312,2025-11-26,TRV,OLIVO MARIA,,0000086312-25-000083,2025-11-25,G,520.0,0.0,117596.149,D,,,,,,
86312,2025-11-26,TRV,HEYMAN WILLIAM H,,0000086312-25-000084,2025-11-25,M,4000.0,172.5,259085.534,D,,,,,,
86312,2025-11-26,TRV,HEYMAN WILLIAM H,,0000086312-25-000084,2025-11-25,S,2000.0,293.505,257085.534,D,,,,,,
86312,2025-12-01,TRV,OLIVO MARIA,,0000086312-25-000087,2025-11-26,M,8920.0,118.78,126516.149,D,,,,,,
86312,2025-12-01,TRV,OLIVO MARIA,,0000086312-25-000087,2025-11-26,S,8920.0,295.73,117596.149,D,,,,,,
86312,2025-12-01,TRV,BESSETTE ANDY F,,0000086312-25-000086,2025-11-26,G,400.0,0.0,20291.577,D,,,,,,
86312,2026-01-02,TRV,Robinson Elizabeth,,0000086312-26-000004,2025-12-31,A,150.83,290.06,11457.626,D,,,,,,
86312,2026-01-02,TRV,Golden Russell G.,,0000086312-26-000002,2025-12-31,A,159.45,290.06,4531.663,D,,,,,,
86312,2026-01-26,TRV,Klenk Jeffrey P.,,0000086312-26-000010,2026-01-23,M,4912.0,140.85,10987.303,D,,,,,,
86312,2026-01-26,TRV,Klenk Jeffrey P.,,0000086312-26-000010,2026-01-23,S,16712.0,279.7746,6075.303,D,,,,,,
86312,2026-02-05,TRV,SCHERMERHORN TODD C,,0000086312-26-000039,2026-02-03,A,729.0,288.23,14265.89,D,,,,,,
86312,2026-02-05,TRV,OTIS CLARENCE JR,,0000086312-26-000040,2026-02-03,A,729.0,288.23,17226.06,D,,,,,,
86312,2026-02-05,TRV,Williams David Scott,,0000086312-26-000043,2026-02-03,A,729.0,288.23,2478.196,D,,,,,,
86312,2026-02-05,TRV,Golden Russell G.,,0000086312-26-000035,2026-02-03,A,729.0,288.23,5260.663,D,,,,,,
86312,2026-02-05,TRV,Schnitzer Alan D,,0000086312-26-000047,2026-02-04,F,160513.0,294.36,316062.401,D,,,,,,
86312,2026-02-05,TRV,van Kralingen Bridget A,,0000086312-26-000042,2026-02-03,A,729.0,288.23,4622.338,D,,,,,,
86312,2026-02-05,TRV,Schnitzer Alan D,,0000086312-26-000047,2026-02-04,S,26509.0,294.1802,289553.401,D,,,,,,
86312,2026-02-05,TRV,Schnitzer Alan D,,0000086312-26-000047,2026-02-04,M,216246.0,126.18,476575.401,D,,,,,,
86312,2026-02-05,TRV,Robinson Elizabeth,,0000086312-26-000041,2026-02-03,A,729.0,288.23,12186.626,D,,,,,,
86312,2026-02-05,TRV,LEONARDI THOMAS B,,0000086312-26-000038,2026-02-03,A,729.0,288.23,5834.305,D,,,,,,
86312,2026-02-05,TRV,Santana Rafael,,0000086312-26-000036,2026-02-03,A,729.0,288.23,4622.338,D,,,,,,
86312,2026-02-09,TRV,OLIVO MARIA,,0000086312-26-000062,2026-02-06,S,10400.0,300.7531,117596.149,D,,,,,,
86312,2026-02-09,TRV,Klein Michael Frederick,,0000086312-26-000061,2026-02-06,S,10000.0,301.1783,33638.031,D,,,,,,
86312,2026-02-09,TRV,Klein Michael Frederick,,0000086312-26-000061,2026-02-06,M,10000.0,132.58,43638.031,D,,,,,,
86312,2026-02-09,TRV,OLIVO MARIA,,0000086312-26-000062,2026-02-06,M,10400.0,118.78,127996.149,D,,,,,,
86312,2026-02-09,TRV,HEYMAN WILLIAM H,,0000086312-26-000060,2026-02-06,S,1000.0,303.0,255085.534,D,,,,,,
86312,2026-02-09,TRV,HEYMAN WILLIAM H,,0000086312-26-000060,2026-02-06,M,1000.0,172.5,256085.534,D,,,,,,
86312,2026-02-09,TRV,HEYMAN WILLIAM H,,0000086312-26-000060,2026-02-05,M,5000.0,172.5,260085.534,D,,,,,,
86312,2026-02-09,TRV,HEYMAN WILLIAM H,,0000086312-26-000060,2026-02-05,S,5000.0,302.0,255085.534,D,,,,,,
86312,2026-02-19,TRV,Klenk Jeffrey P.,,0000086312-26-000066,2026-02-18,F,5595.0,298.46,12488.957,D,,,,,,
86312,2026-02-19,TRV,BESSETTE ANDY F,,0000086312-26-000068,2026-02-18,A,8230.82,0.0,28105.397,D,,,,,,
86312,2026-02-19,TRV,HEYMAN WILLIAM H,,0000086312-26-000072,2026-02-17,S,1000.0,300.0,255085.534,D,,,,,,
86312,2026-02-19,TRV,Toczydlowski Gregory C,,0000086312-26-000077,2026-02-18,F,10643.0,298.46,30615.877,D,,,,,,
86312,2026-02-19,TRV,Toczydlowski Gregory C,,0000086312-26-000077,2026-02-18,A,22842.69,0.0,41258.877,D,,,,,,
86312,2026-02-19,TRV,Yin Daniel Tei-Hwa,,0000086312-26-000079,2026-02-18,F,4627.0,298.46,66268.051,D,,,,,,
86312,2026-02-19,TRV,Kess Avrohom J.,,0000086312-26-000074,2026-02-18,A,19147.394,0.0,61034.422,D,,,,,,
86312,2026-02-19,TRV,Kurtzman Diane,,0000086312-26-000069,2026-02-18,F,3087.0,298.46,6778.209,D,,,,,,
86312,2026-02-19,TRV,Frey Daniel S.,,0000086312-26-000071,2026-02-18,F,7522.0,298.46,35534.948,D,,,,,,
86312,2026-02-19,TRV,Klein Michael Frederick,,0000086312-26-000076,2026-02-18,F,10012.0,298.46,45124.787,D,,,,,,
86312,2026-02-19,TRV,HEYMAN WILLIAM H,,0000086312-26-000072,2026-02-18,F,5574.0,298.46,259590.0,D,,,,,,
86312,2026-02-19,TRV,Frey Daniel S.,,0000086312-26-000071,2026-02-18,A,16125.128,0.0,43056.948,D,,,,,,
86312,2026-02-19,TRV,HEYMAN WILLIAM H,,0000086312-26-000072,2026-02-18,A,10078.466,0.0,265164.0,D,,,,,,
86312,2026-02-19,TRV,Kurtzman Diane,,0000086312-26-000069,2026-02-18,A,6046.66,0.0,9865.209,D,,,,,,
86312,2026-02-19,TRV,Klein Michael Frederick,,0000086312-26-000076,2026-02-18,A,21498.756,0.0,55136.787,D,,,,,,
86312,2026-02-19,TRV,BESSETTE ANDY F,,0000086312-26-000068,2026-02-18,F,3821.0,298.46,24284.397,D,,,,,,
86312,2026-02-19,TRV,OLIVO MARIA,,0000086312-26-000073,2026-02-18,F,6710.0,298.46,124742.457,D,,,,,,
86312,2026-02-19,TRV,HEYMAN WILLIAM H,,0000086312-26-000072,2026-02-17,M,1000.0,172.5,256085.534,D,,,,,,
86312,2026-02-19,TRV,Yin Daniel Tei-Hwa,,0000086312-26-000079,2026-02-18,A,9238.244,0.0,70895.051,D,,,,,,
86312,2026-02-19,TRV,Rowland David Donnay,,0000086312-26-000078,2026-02-18,F,4225.0,298.46,10478.629,D,,,,,,
86312,2026-02-19,TRV,BESSETTE ANDY F,,0000086312-26-000068,2026-02-17,M,6000.0,189.01,25874.577,D,,,,,,
86312,2026-02-19,TRV,Munson Paul E.,,0000086312-26-000070,2026-02-18,A,1341.824,0.0,2076.338,D,,,,,,
86312,2026-02-19,TRV,Schnitzer Alan D,,0000086312-26-000075,2026-02-18,A,95739.098,0.0,356068.499,D,,,,,,
86312,2026-02-19,TRV,Klenk Jeffrey P.,,0000086312-26-000066,2026-02-18,A,12008.654,0.0,18083.957,D,,,,,,
86312,2026-02-19,TRV,Munson Paul E.,,0000086312-26-000070,2026-02-18,F,414.0,298.46,1662.338,D,,,,,,
86312,2026-02-19,TRV,BESSETTE ANDY F,,0000086312-26-000068,2026-02-17,G,417.0,0.0,19874.577,D,,,,,,
86312,2026-02-19,TRV,BESSETTE ANDY F,,0000086312-26-000068,2026-02-17,S,4014.0,297.2475,21860.577,D,,,,,,
86312,2026-02-19,TRV,Schnitzer Alan D,,0000086312-26-000075,2026-02-18,F,52944.0,298.46,303124.499,D,,,,,,
86312,2026-02-19,TRV,Kess Avrohom J.,,0000086312-26-000074,2026-02-18,F,10172.0,298.46,50862.422,D,,,,,,
86312,2026-02-19,TRV,OLIVO MARIA,,0000086312-26-000073,2026-02-18,A,13856.308,0.0,131452.457,D,,,,,,
86312,2026-02-19,TRV,Rowland David Donnay,,0000086312-26-000078,2026-02-18,A,9238.244,0.0,14703.629,D,,,,,,
86312,2026-02-20,TRV,Lefebvre Mojgan M,,0000086312-26-000081,2026-02-18,A,12008.654,0.0,12008.654,D,,,,,,
86312,2026-02-20,TRV,Lefebvre Mojgan M,,0000086312-26-000081,2026-02-18,F,6182.0,298.46,5826.654,D,,,,,,
86312,2026-02-20,TRV,Lefebvre Mojgan M,,0000086312-26-000081,2026-02-19,S,5826.654,298.2527,0.0,D,,,,,,
86312,2026-02-23,TRV,Yin Daniel Tei-Hwa,,0000086312-26-000087,2026-02-20,F,5904.0,302.2,68834.051,D,,,,,,
86312,2026-02-23,TRV,Toczydlowski Gregory C,,0000086312-26-000086,2026-02-20,S,12199.69,299.7604,18416.187,D,,,,,,
86312,2026-02-23,TRV,Yin Daniel Tei-Hwa,,0000086312-26-000087,2026-02-20,M,8470.0,118.78,74738.051,D,,,,,,
86312,2026-02-23,TRV,Kess Avrohom J.,,0000086312-26-000083,2026-02-20,F,15244.0,300.98,55618.422,D,,,,,,
86312,2026-02-23,TRV,Kess Avrohom J.,,0000086312-26-000083,2026-02-20,S,4756.0,300.4417,50862.422,D,,,,,,
86312,2026-02-23,TRV,Kess Avrohom J.,,0000086312-26-000083,2026-02-20,M,20000.0,140.85,70862.422,D,,,,,,
86312,2026-02-23,TRV,Frey Daniel S.,,0000086312-26-000085,2026-02-20,S,8000.0,299.495,27534.948,D,,,,,,
86312,2026-02-24,TRV,HEYMAN WILLIAM H,,0000086312-26-000089,2026-02-23,M,1000.0,172.5,260590.0,D,,,,,,
86312,2026-02-24,TRV,HEYMAN WILLIAM H,,0000086312-26-000089,2026-02-23,S,1000.0,305.0,259590.0,D,,,,,,
86312,2026-02-24,TRV,HEYMAN WILLIAM H,,0000086312-26-000089,2026-02-20,M,1000.0,172.5,260590.0,D,,,,,,
86312,2026-02-24,TRV,HEYMAN WILLIAM H,,0000086312-26-000089,2026-02-20,S,1000.0,304.0,259590.0,D,,,,,,
86312,2026-02-26,TRV,Munson Paul E.,,0000086312-26-000091,2026-02-25,S,927.0,306.04,735.338,D,,,,,,
86312,2026-02-26,TRV,Munson Paul E.,,0000086312-26-000091,2026-02-25,M,2800.0,126.18,3535.338,D,,,,,,
86312,2026-02-27,TRV,Rowland David Donnay,,0000086312-26-000093,2026-02-26,M,4731.0,126.18,15209.629,D,,,,,,
86312,2026-02-27,TRV,Rowland David Donnay,,0000086312-26-000093,2026-02-26,S,4731.0,308.5191,10478.629,D,,,,,,
86312,2026-02-27,TRV,OLIVO MARIA,,0000086312-26-000092,2026-02-26,M,10400.0,118.78,135142.457,D,,,,,,
86312,2026-02-27,TRV,OLIVO MARIA,,0000086312-26-000092,2026-02-26,S,10400.0,306.595,124742.457,D,,,,,,
86312,2026-04-02,TRV,Golden Russell G.,,0000086312-26-000098,2026-03-31,A,158.56,291.68,5439.062,D,non_derivative,Common Stock,,,,
86312,2026-04-02,TRV,Robinson Elizabeth,,0000086312-26-000100,2026-03-31,A,149.99,291.68,12382.571,D,,,,,,
86312,2026-04-02,TRV,Golden Russell G.,,0000086312-26-000098,2026-03-31,A,158.56,291.68,5439.062,D,,,,,,
86312,2026-04-02,TRV,Robinson Elizabeth,,0000086312-26-000100,2026-03-31,A,149.99,291.68,12382.571,D,non_derivative,Common Stock,,,,
86312,2026-04-21,TRV,Klein Michael Frederick,,0000086312-26-000116,2026-04-20,S,6730.0,303.47,48394.787,D,,,,,,
86312,2026-04-21,TRV,Kess Avrohom J.,,0000086312-26-000114,2026-04-20,G,2125.0,0.0,48737.422,D,,,,,,
86312,2026-04-21,TRV,Klenk Jeffrey P.,,0000086312-26-000113,2026-04-20,S,6413.654,305.06,6075.303,D,non_derivative,Common Stock,,,,
86312,2026-04-21,TRV,Kurtzman Diane,,0000086312-26-000117,2026-04-20,M,1387.0,132.58,6685.209,D,,,,,,
86312,2026-04-21,TRV,Klenk Jeffrey P.,,0000086312-26-000113,2026-04-20,S,6413.654,305.06,6075.303,D,,,,,,
86312,2026-04-21,TRV,Kurtzman Diane,,0000086312-26-000117,2026-04-20,S,1480.0,303.469,5298.209,D,,,,,,
86312,2026-04-21,TRV,Klein Michael Frederick,,0000086312-26-000116,2026-04-20,M,10000.0,132.58,55124.787,D,,,,,,
86312,2026-04-21,TRV,Klein Michael Frederick,,0000086312-26-000116,2026-04-20,M,10000.0,0.0,10000.0,D,derivative,Stock Options (Right to Buy),Common Stock,10000.0,132.58,2030-02-04
86312,2026-04-21,TRV,Kess Avrohom J.,,0000086312-26-000114,2026-04-20,G,2125.0,0.0,48737.422,D,non_derivative,Common Stock,,,,
86312,2026-04-21,TRV,Kurtzman Diane,,0000086312-26-000117,2026-04-20,S,1480.0,303.469,5298.209,D,non_derivative,Common Stock,,,,
86312,2026-04-21,TRV,Kurtzman Diane,,0000086312-26-000117,2026-04-20,M,1387.0,132.58,6685.209,D,non_derivative,Common Stock,,,,
86312,2026-04-21,TRV,Kurtzman Diane,,0000086312-26-000117,2026-04-20,M,1387.0,0.0,4164.0,D,derivative,Stock Options (Right to Buy),Common Stock,1387.0,132.58,2030-02-04
86312,2026-04-21,TRV,Klein Michael Frederick,,0000086312-26-000116,2026-04-20,M,10000.0,132.58,55124.787,D,non_derivative,Common Stock,,,,
86312,2026-04-21,TRV,Klein Michael Frederick,,0000086312-26-000116,2026-04-20,S,6730.0,303.47,48394.787,D,non_derivative,Common Stock,,,,
86312,2026-04-27,TRV,THOMSEN LAURIE J,,0000086312-26-000119,2026-04-23,G,631.0,0.0,62178.076,D,,,,,,
86312,2026-04-27,TRV,THOMSEN LAURIE J,,0000086312-26-000119,2026-04-23,G,631.0,0.0,62178.076,D,non_derivative,Common Stock,,,,
86312,2026-04-29,TRV,Kess Avrohom J.,,0000086312-26-000121,2026-04-28,S,6735.0,308.781,48737.422,D,,,,,,
86312,2026-04-29,TRV,HEYMAN WILLIAM H,,0000086312-26-000120,2026-04-28,M,1557.0,0.0,8000.0,D,derivative,Stock Options (Right to Buy),Common Stock,1557.0,189.01,2033-02-07
86312,2026-04-29,TRV,HEYMAN WILLIAM H,,0000086312-26-000120,2026-04-28,M,1557.0,189.01,261147.0,D,,,,,,
86312,2026-04-29,TRV,Kess Avrohom J.,,0000086312-26-000121,2026-04-28,F,20951.0,309.03,55472.422,D,,,,,,
86312,2026-04-29,TRV,Kess Avrohom J.,,0000086312-26-000121,2026-04-28,M,27686.0,140.85,76423.422,D,,,,,,
86312,2026-04-29,TRV,HEYMAN WILLIAM H,,0000086312-26-000120,2026-04-28,S,557.0,310.0,260590.0,D,,,,,,
86312,2026-04-29,TRV,HEYMAN WILLIAM H,,0000086312-26-000120,2026-04-28,S,557.0,310.0,260590.0,D,non_derivative,Common Stock,,,,
86312,2026-04-29,TRV,Kess Avrohom J.,,0000086312-26-000121,2026-04-28,S,6735.0,308.781,48737.422,D,non_derivative,Common Stock,,,,
86312,2026-04-29,TRV,Kess Avrohom J.,,0000086312-26-000121,2026-04-28,M,27686.0,0.0,0.0,D,derivative,Stock Options (Right to Buy),Common Stock,27686.0,140.85,2028-02-06
86312,2026-04-29,TRV,HEYMAN WILLIAM H,,0000086312-26-000120,2026-04-28,M,1557.0,189.01,261147.0,D,non_derivative,Common Stock,,,,
86312,2026-04-29,TRV,Kess Avrohom J.,,0000086312-26-000121,2026-04-28,M,27686.0,140.85,76423.422,D,non_derivative,Common Stock,,,,
86312,2026-04-29,TRV,Kess Avrohom J.,,0000086312-26-000121,2026-04-28,F,20951.0,309.03,55472.422,D,non_derivative,Common Stock,,,,
86312,2026-05-01,TRV,Kess Avrohom J.,,0000086312-26-000122,2026-04-30,G,1000.0,0.0,47737.422,D,,,,,,
86312,2026-05-01,TRV,Kess Avrohom J.,,0000086312-26-000122,2026-04-30,G,1000.0,0.0,47737.422,D,non_derivative,Common Stock,,,,
86312,2026-05-26,TRV,BESSETTE ANDY F,,0000086312-26-000127,2026-05-22,M,4255.0,0.0,0.0,D,derivative,Stock Options (Right to Buy),Common Stock,4255.0,189.01,2033-02-07
86312,2026-05-26,TRV,BESSETTE ANDY F,,0000086312-26-000127,2026-05-22,M,4255.0,189.01,28539.397,D,non_derivative,Common Stock,,,,
86312,2026-05-26,TRV,BESSETTE ANDY F,,0000086312-26-000127,2026-05-22,S,4255.0,308.11,24284.397,D,non_derivative,Common Stock,,,,
86312,2026-05-27,TRV,Klein Michael Frederick,,0000086312-26-000129,2026-05-26,M,10000.0,132.58,55124.787,D,non_derivative,Common Stock,,,,
86312,2026-05-27,TRV,Klein Michael Frederick,,0000086312-26-000129,2026-05-26,S,6069.0,307.1003,49055.787,D,non_derivative,Common Stock,,,,
86312,2026-05-27,TRV,Klein Michael Frederick,,0000086312-26-000129,2026-05-26,M,10000.0,0.0,0.0,D,derivative,Stock Options (Right to Buy),Common Stock,10000.0,132.58,2030-02-04
86312,2026-07-01,TRV,Robinson Elizabeth,,0000086312-26-000136,2026-06-30,A,132.53,330.12,12561.986,D,non_derivative,Common Stock,,,,
86312,2026-07-01,TRV,Golden Russell G.,,0000086312-26-000134,2026-06-30,A,140.1,330.12,5599.757,D,non_derivative,Common Stock,,,,
86312,2026-07-23,TRV,Klein Michael Frederick,,0000086312-26-000150,2026-07-21,M,6000.0,139.83,51124.787,D,non_derivative,Common Stock,,,,
86312,2026-07-23,TRV,Frey Daniel S.,,0000086312-26-000149,2026-07-21,M,11037.0,139.83,38571.948,D,non_derivative,Common Stock,,,,
86312,2026-07-23,TRV,Frey Daniel S.,,0000086312-26-000149,2026-07-21,M,11037.0,0.0,0.0,D,derivative,Stock Options (Right to Buy),Common Stock,11037.0,139.83,2031-02-02
86312,2026-07-23,TRV,Lefebvre Mojgan M,,0000086312-26-000147,2026-07-21,M,9213.0,132.58,9213.0,D,non_derivative,Common Stock,,,,
86312,2026-07-23,TRV,Frey Daniel S.,,0000086312-26-000149,2026-07-21,S,11037.0,368.1641,27534.948,D,non_derivative,Common Stock,,,,
86312,2026-07-23,TRV,Lefebvre Mojgan M,,0000086312-26-000147,2026-07-21,S,9213.0,368.3547,0.0,D,non_derivative,Common Stock,,,,
86312,2026-07-23,TRV,Klein Michael Frederick,,0000086312-26-000150,2026-07-21,M,6000.0,0.0,30037.0,D,derivative,Stock Options (Right to Buy),Common Stock,6000.0,139.83,2031-02-02
86312,2026-07-23,TRV,Klein Michael Frederick,,0000086312-26-000150,2026-07-21,S,125.0,364.9033,50999.787,D,non_derivative,Common Stock,,,,
86312,2026-07-23,TRV,Lefebvre Mojgan M,,0000086312-26-000147,2026-07-21,M,9213.0,0.0,0.0,D,derivative,Stock Options (Right to Buy),Common Stock,9213.0,132.58,2030-02-04
86312,2026-07-24,TRV,Munson Paul E.,,0000086312-26-000154,2026-07-22,S,1525.0,369.905,735.338,D,non_derivative,Common Stock,,,,
86312,2026-07-24,TRV,Munson Paul E.,,0000086312-26-000154,2026-07-22,M,1525.0,126.18,2260.338,D,non_derivative,Common Stock,,,,
86312,2026-07-24,TRV,Munson Paul E.,,0000086312-26-000154,2026-07-22,M,1525.0,0.0,0.0,D,derivative,Stock Options (Right to Buy),Common Stock,1525.0,126.18,2029-02-05
86312,2026-07-24,TRV,Rowland David Donnay,,0000086312-26-000156,2026-07-22,S,5000.0,371.688,10478.629,D,non_derivative,Common Stock,,,,
86312,2026-07-24,TRV,Rowland David Donnay,,0000086312-26-000156,2026-07-22,M,5000.0,132.58,15478.629,D,non_derivative,Common Stock,,,,
86312,2026-07-24,TRV,Rowland David Donnay,,0000086312-26-000156,2026-07-22,M,5000.0,0.0,22755.0,D,derivative,Stock Options (Right to Buy),Common Stock,5000.0,132.58,2030-02-04
86312,2026-07-24,TRV,BESSETTE ANDY F,,0000086312-26-000152,2026-07-22,S,2900.0,368.0865,21384.397,D,non_derivative,Common Stock,,,,
86312,2026-07-27,TRV,Yin Daniel Tei-Hwa,,0000086312-26-000158,2026-07-24,M,7153.0,0.0,0.0,D,derivative,Stock Options (Right to Buy),Common Stock,7153.0,140.85,2028-02-06
86312,2026-07-27,TRV,Yin Daniel Tei-Hwa,,0000086312-26-000158,2026-07-24,M,7153.0,140.85,75987.051,D,non_derivative,Common Stock,,,,
86312,2026-07-27,TRV,Kurtzman Diane,,0000086312-26-000157,2026-07-24,M,4164.0,0.0,0.0,D,derivative,Stock Options (Right to Buy),Common Stock,4164.0,132.58,2030-02-04
86312,2026-07-27,TRV,Kurtzman Diane,,0000086312-26-000157,2026-07-24,S,4164.0,386.71,5298.209,D,non_derivative,Common Stock,,,,
86312,2026-07-27,TRV,Kurtzman Diane,,0000086312-26-000157,2026-07-24,M,4164.0,132.58,9462.209,D,non_derivative,Common Stock,,,,
86312,2026-07-27,TRV,Yin Daniel Tei-Hwa,,0000086312-26-000158,2026-07-24,S,7153.0,387.0,68834.051,D,non_derivative,Common Stock,,,,
0000086312,2026-08-18,TRV,Jabbour Anthony M,,0000086312-26-000165,2026-08-14,A,446,370.36,446,D,non_derivative,Common Stock,,,,
