cik,filingDate,issuerTradingSymbol,reportingOwnerName,reportingOwnerRelationship,accessionNumber,transactionDate,transactionCode,transactionShares,transactionPricePerShare,sharesOwnedFollowingTransaction,directOrIndirectOwnership,transactionType,securityTitle,underlyingSecurityTitle,underlyingSecurityShares,exercisePrice,expirationDate
1671933,2017-02-23,TTD,Pickles David Randall,,0000899243-17-005143,2017-02-21,C,300000,0.0,325279,D,,,,,,
1671933,2017-03-03,TTD,Paley Eric B,,0000899243-17-006443,2017-03-03,C,1667813,,1667813,I,,,,,,
1671933,2017-03-03,TTD,Paley Eric B,,0000899243-17-006443,2017-03-03,S,1667813,35.5,0,I,,,,,,
1671933,2017-03-03,TTD,"Founder Collective GP, LLC",,0000899243-17-006442,2017-03-03,C,1667813,,1667813,I,,,,,,
1671933,2017-03-03,TTD,"Founder Collective GP, LLC",,0000899243-17-006442,2017-03-03,S,1667813,35.5,0,I,,,,,,
1671933,2017-03-03,TTD,FALBERG KATHRYN E,,0001209191-17-017645,2017-03-01,P,20000,43.3832,60000,I,,,,,,
1671933,2017-03-06,TTD,Ross Paul,,0001209191-17-018290,2017-03-02,C,5000,0.0,40288,D,,,,,,
1671933,2017-03-06,TTD,WELLS DAVID B,,0001209191-17-018297,2017-03-03,P,8000,35.5,8000,D,,,,,,
1671933,2017-03-06,TTD,Green Jeffrey Terry,,0001209191-17-018307,2017-03-03,S,1900000,35.5,36400,D,,,,,,
1671933,2017-03-06,TTD,Stempeck Brian John,,0001209191-17-018314,2017-03-03,C,227000,0.0,250900,D,,,,,,
1671933,2017-03-06,TTD,Perdue Robert David,,0001209191-17-018320,2017-03-03,S,100000,35.5,23900,D,,,,,,
1671933,2017-03-06,TTD,Green Jeffrey Terry,,0001209191-17-018307,2017-03-03,C,1900000,0.0,1936400,D,,,,,,
1671933,2017-03-06,TTD,Perdue Robert David,,0001209191-17-018320,2017-03-03,C,100000,0.0,123900,D,,,,,,
1671933,2017-03-06,TTD,Pickles David Randall,,0001209191-17-018328,2017-03-03,S,100000,35.5,225279,D,,,,,,
1671933,2017-03-06,TTD,Stempeck Brian John,,0001209191-17-018314,2017-03-03,S,227000,35.5,23900,D,,,,,,
1671933,2017-03-07,TTD,EHRENBERG ROGER,,0001209191-17-018749,2017-03-03,C,2500000,,2500000,I,,,,,,
1671933,2017-03-07,TTD,EHRENBERG ROGER,,0001209191-17-018749,2017-03-03,S,2500000,34.1688,0,I,,,,,,
1671933,2017-03-07,TTD,"IA Venture Partners, LLC",,0001209191-17-018743,2017-03-03,C,2500000,,2500000,I,,,,,,
1671933,2017-03-07,TTD,"IA Venture Partners, LLC",,0001209191-17-018743,2017-03-03,S,2500000,34.1688,0,I,,,,,,
1671933,2017-03-17,TTD,Perdue Robert David,,0001209191-17-021402,2017-03-15,C,53666,0.0,77566,D,,,,,,
1671933,2017-03-23,TTD,Ross Paul,,0001209191-17-022679,2017-03-21,C,10000,0.0,50288,D,,,,,,
1671933,2017-03-23,TTD,Ross Paul,,0001209191-17-022679,2017-03-21,S,4801,37.3848,45487,D,,,,,,
1671933,2017-03-23,TTD,Pickles David Randall,,0001209191-17-022677,2017-03-21,S,35337,37.3586,289942,D,,,,,,
1671933,2017-03-29,TTD,Stempeck Brian John,,0001209191-17-023624,2017-03-27,C,35000,0.0,58900,D,,,,,,
1671933,2017-03-29,TTD,Stempeck Brian John,,0001209191-17-023624,2017-03-27,S,23415,35.4268,35485,D,,,,,,
1671933,2017-03-29,TTD,Perdue Robert David,,0001209191-17-023623,2017-03-27,C,5000,0.0,82566,D,,,,,,
1671933,2017-03-29,TTD,Perdue Robert David,,0001209191-17-023623,2017-03-27,S,3141,35.3518,79425,D,,,,,,
1671933,2017-03-30,TTD,Ross Paul,,0001209191-17-023687,2017-03-28,C,2800,0.0,43088,D,,,,,,
1671933,2017-03-30,TTD,Hadley Harbor Master Investors (Cayman) L.P.,,0001104659-17-020370,2017-03-28,S,38700,36.3546,2833167,D,,,,,,
1671933,2017-03-30,TTD,Hadley Harbor Master Investors (Cayman) L.P.,,0001104659-17-020370,2017-03-29,S,122700,37.8367,2710467,D,,,,,,
1671933,2017-03-31,TTD,Hadley Harbor Master Investors (Cayman) L.P.,,0001104659-17-020699,2017-03-30,S,26600,38.465,2683867,D,,,,,,
1671933,2017-03-31,TTD,Hadley Harbor Master Investors (Cayman) L.P.,,0001104659-17-020699,2017-03-31,S,505700,36.6,2178167,D,,,,,,
1671933,2017-04-05,TTD,Stempeck Brian John,,0001209191-17-025507,2017-04-03,S,35000,37.1673,23900,D,,,,,,
1671933,2017-04-05,TTD,Stempeck Brian John,,0001209191-17-025507,2017-04-03,C,35000,0.0,58900,D,,,,,,
1671933,2017-04-05,TTD,Perdue Robert David,,0001209191-17-025505,2017-04-03,S,5000,37.1774,77566,D,,,,,,
1671933,2017-04-05,TTD,Perdue Robert David,,0001209191-17-025505,2017-04-03,C,5000,0.0,82566,D,,,,,,
1671933,2017-04-12,TTD,Hadley Harbor Master Investors (Cayman) L.P.,,0001104659-17-023115,2017-04-10,S,10400,36.94,2184207,D,,,,,,
1671933,2017-04-12,TTD,Hadley Harbor Master Investors (Cayman) L.P.,,0001104659-17-023115,2017-04-11,S,42300,37.563,2141907,D,,,,,,
1671933,2017-04-12,TTD,Hadley Harbor Master Investors (Cayman) L.P.,,0001104659-17-023115,2017-04-12,S,37300,37.4624,2104607,D,,,,,,
1671933,2017-04-19,TTD,Hadley Harbor Master Investors (Cayman) L.P.,,0001104659-17-024541,2017-04-17,S,37350,36.9681,2067257,D,,,,,,
1671933,2017-04-19,TTD,Hadley Harbor Master Investors (Cayman) L.P.,,0001104659-17-024541,2017-04-18,S,41950,35.1749,2025307,D,,,,,,
1671933,2017-04-19,TTD,Hadley Harbor Master Investors (Cayman) L.P.,,0001104659-17-024541,2017-04-19,S,53000,35.6719,1964607,D,,,,,,
1671933,2017-04-20,TTD,Ross Paul,,0001209191-17-027632,2017-04-18,C,10000,0.0,53088,D,,,,,,
1671933,2017-04-20,TTD,Ross Paul,,0001209191-17-027632,2017-04-18,S,9400,35.4215,43688,D,,,,,,
1671933,2017-04-20,TTD,Pickles David Randall,,0001209191-17-027631,2017-04-18,S,70800,35.4242,179479,D,,,,,,
1671933,2017-04-24,TTD,Hadley Harbor Master Investors (Cayman) L.P.,,0001104659-17-025525,2017-04-20,S,23860,36.1991,1940747,D,,,,,,
1671933,2017-04-24,TTD,Hadley Harbor Master Investors (Cayman) L.P.,,0001104659-17-025525,2017-04-21,S,12788,35.9015,1927959,D,,,,,,
1671933,2017-04-24,TTD,Hadley Harbor Master Investors (Cayman) L.P.,,0001104659-17-025525,2017-04-24,S,41585,36.6628,1886374,D,,,,,,
1671933,2017-04-27,TTD,Hadley Harbor Master Investors (Cayman) L.P.,,0001104659-17-027040,2017-04-25,S,24416,36.3952,1861958,D,,,,,,
1671933,2017-04-27,TTD,Hadley Harbor Master Investors (Cayman) L.P.,,0001104659-17-027040,2017-04-26,S,61951,36.7194,1800007,D,,,,,,
1671933,2017-04-28,TTD,Falk Thomas,,0001571049-17-004160,2017-04-26,C,593138,0.0,593138,I,,,,,,
1671933,2017-05-01,TTD,Hadley Harbor Master Investors (Cayman) L.P.,,0001104659-17-028485,2017-04-28,S,3900,37.731,1779007,D,,,,,,
1671933,2017-05-01,TTD,Hadley Harbor Master Investors (Cayman) L.P.,,0001104659-17-028485,2017-04-27,S,17100,37.5333,1782907,D,,,,,,
1671933,2017-05-01,TTD,Ross Paul,,0001209191-17-028973,2017-04-27,C,700,0.0,43788,D,,,,,,
1671933,2017-05-01,TTD,Hadley Harbor Master Investors (Cayman) L.P.,,0001104659-17-028485,2017-05-01,S,55640,37.5527,1723367,D,,,,,,
1671933,2017-05-03,TTD,Stempeck Brian John,,0001209191-17-029728,2017-05-01,C,6332,0.0,30232,D,,,,,,
1671933,2017-05-03,TTD,Stempeck Brian John,,0001209191-17-029728,2017-05-01,S,6332,36.97,23900,D,,,,,,
1671933,2017-05-03,TTD,Perdue Robert David,,0001209191-17-029725,2017-05-01,C,5000,0.0,82566,D,,,,,,
1671933,2017-05-03,TTD,Perdue Robert David,,0001209191-17-029725,2017-05-01,S,5000,37.37,77566,D,,,,,,
1671933,2017-05-08,TTD,Perdue Robert David,,0001209191-17-030661,2017-05-04,C,5794,0.0,83360,D,,,,,,
1671933,2017-05-08,TTD,Perdue Robert David,,0001209191-17-030661,2017-05-04,S,5794,40.0,77566,D,,,,,,
1671933,2017-05-08,TTD,Perdue Robert David,,0001209191-17-030661,2017-05-05,C,1706,0.0,79272,D,,,,,,
1671933,2017-05-08,TTD,Perdue Robert David,,0001209191-17-030661,2017-05-05,S,1706,40.0,77566,D,,,,,,
1671933,2017-05-08,TTD,Falk Thomas,,0001571049-17-004672,2017-05-04,S,29971,40.0,563167,I,,,,,,
1671933,2017-05-08,TTD,Falk Thomas,,0001571049-17-004672,2017-05-05,S,45429,40.0,517738,I,,,,,,
1671933,2017-05-16,TTD,Falk Thomas,,0001571049-17-005064,2017-05-12,S,274404,47.7162,243334,I,,,,,,
1671933,2017-05-16,TTD,Perdue Robert David,,0001209191-17-032694,2017-05-12,C,15000,0.0,92566,D,,,,,,
1671933,2017-05-16,TTD,Perdue Robert David,,0001209191-17-032694,2017-05-12,S,15000,50.1,77566,D,,,,,,
1671933,2017-05-18,TTD,Ross Paul,,0001209191-17-033648,2017-05-16,C,10000,0.0,53788,D,,,,,,
1671933,2017-05-18,TTD,Ross Paul,,0001209191-17-033648,2017-05-16,S,8273,52.4888,45515,D,,,,,,
1671933,2017-05-24,TTD,Pickles David Randall,,0001209191-17-035050,2017-05-23,S,16450,51.5513,160227,D,,,,,,
1671933,2017-05-25,TTD,Ross Paul,,0001209191-17-035565,2017-05-25,C,700,0.0,45877,D,,,,,,
1671933,2017-05-31,TTD,"Founder Collective GP, LLC",,0000899243-17-014875,2017-05-30,C,874960,,874960,I,,,,,,
1671933,2017-05-31,TTD,"Founder Collective GP, LLC",,0000899243-17-014875,2017-05-30,S,874960,52.0,0,I,,,,,,
1671933,2017-05-31,TTD,Paley Eric B,,0000899243-17-014874,2017-05-30,C,874960,,874960,I,,,,,,
1671933,2017-05-31,TTD,Paley Eric B,,0000899243-17-014874,2017-05-30,S,874960,52.0,0,I,,,,,,
1671933,2017-06-01,TTD,Perdue Robert David,,0001209191-17-036926,2017-06-01,S,1135,55.38,77566,D,,,,,,
1671933,2017-06-01,TTD,Stempeck Brian John,,0001209191-17-036931,2017-06-01,C,2211,0.0,26111,D,,,,,,
1671933,2017-06-01,TTD,Stempeck Brian John,,0001209191-17-036931,2017-06-01,S,2211,55.472,23900,D,,,,,,
1671933,2017-06-01,TTD,Perdue Robert David,,0001209191-17-036926,2017-06-01,C,1135,0.0,78701,D,,,,,,
1671933,2017-06-01,TTD,"IA Venture Partners, LLC",,0001209191-17-036873,2017-05-30,S,3186017,50.05,0,I,,,,,,
1671933,2017-06-01,TTD,EHRENBERG ROGER,,0001209191-17-036870,2017-05-30,C,3186017,,3186017,I,,,,,,
1671933,2017-06-01,TTD,EHRENBERG ROGER,,0001209191-17-036870,2017-05-30,S,3186017,50.05,0,I,,,,,,
1671933,2017-06-01,TTD,"IA Venture Partners, LLC",,0001209191-17-036873,2017-05-30,C,3186017,,3186017,I,,,,,,
1671933,2017-06-02,TTD,Paley Eric B,,0000899243-17-015181,2017-06-02,C,107463,,107463,I,,,,,,
1671933,2017-06-02,TTD,Paley Eric B,,0000899243-17-015181,2017-06-02,S,107463,50.05,0,I,,,,,,
1671933,2017-06-06,TTD,EHRENBERG ROGER,,0001209191-17-038174,2017-06-02,C,391308,,391308,I,,,,,,
1671933,2017-06-06,TTD,EHRENBERG ROGER,,0001209191-17-038174,2017-06-02,S,391308,50.05,0,I,,,,,,
1671933,2017-06-07,TTD,Ross Paul,,0001209191-17-038444,2017-06-05,S,37977,55.76,45877,D,,,,,,
1671933,2017-06-07,TTD,Ross Paul,,0001209191-17-038444,2017-06-05,C,37977,0.0,83854,D,,,,,,
1671933,2017-06-07,TTD,Ross Paul,,0001209191-17-038444,2017-06-06,S,18123,56.28,45877,D,,,,,,
1671933,2017-06-07,TTD,Ross Paul,,0001209191-17-038444,2017-06-06,C,18123,0.0,64000,D,,,,,,
1671933,2017-06-16,TTD,FALBERG KATHRYN E,,0001209191-17-040448,2017-06-15,P,20000,48.0577,80000,I,,,,,,
1671933,2017-06-21,TTD,Pickles David Randall,,0001209191-17-041261,2017-06-20,S,58925,50.6379,42752,D,,,,,,
1671933,2017-06-23,TTD,Ross Paul,,0001209191-17-041755,2017-06-23,C,690,0.0,46567,D,,,,,,
1671933,2017-07-06,TTD,Ross Paul,,0001209191-17-044247,2017-07-05,C,2750,0.0,49327,D,,,,,,
1671933,2017-07-06,TTD,Perdue Robert David,,0001209191-17-044244,2017-07-03,C,3270,0.0,80836,D,,,,,,
1671933,2017-07-06,TTD,Perdue Robert David,,0001209191-17-044244,2017-07-03,S,3270,50.168,77566,D,,,,,,
1671933,2017-07-06,TTD,Perdue Robert David,,0001209191-17-044244,2017-07-05,C,2300,0.0,79866,D,,,,,,
1671933,2017-07-06,TTD,Perdue Robert David,,0001209191-17-044244,2017-07-05,S,2300,50.056,77566,D,,,,,,
1671933,2017-07-06,TTD,Stempeck Brian John,,0001209191-17-044242,2017-07-03,C,4025,0.0,27925,D,,,,,,
1671933,2017-07-06,TTD,Stempeck Brian John,,0001209191-17-044242,2017-07-03,S,4025,49.943,23900,D,,,,,,
1671933,2017-07-17,TTD,Green Jeffrey Terry,,0001209191-17-045377,2017-07-13,C,108000,0.0,144400,D,,,,,,
1671933,2017-07-17,TTD,Green Jeffrey Terry,,0001209191-17-045377,2017-07-17,S,9000,51.0529,135400,D,,,,,,
1671933,2017-07-17,TTD,Pickles David Randall,,0001209191-17-045379,2017-07-14,C,220000,0.0,246677,D,,,,,,
1671933,2017-07-24,TTD,Falk Thomas,,0001209191-17-046126,2017-07-20,A,3301,0.0,3301,D,,,,,,
1671933,2017-07-24,TTD,FALBERG KATHRYN E,,0001209191-17-046120,2017-07-20,A,3301,0.0,43301,D,,,,,,
1671933,2017-07-24,TTD,Paley Eric B,,0001209191-17-046114,2017-07-20,A,3301,0.0,3301,D,,,,,,
1671933,2017-07-25,TTD,Pickles David Randall,,0001209191-17-046258,2017-07-25,S,6160,53.9883,240517,D,,,,,,
1671933,2017-08-02,TTD,Perdue Robert David,,0001209191-17-047204,2017-08-01,C,12200,0.0,89766,D,,,,,,
1671933,2017-08-02,TTD,Perdue Robert David,,0001209191-17-047204,2017-08-01,S,12200,53.354,77566,D,,,,,,
1671933,2017-08-02,TTD,Green Jeffrey Terry,,0001209191-17-047198,2017-08-01,S,4515,53.685,130885,D,,,,,,
1671933,2017-08-02,TTD,Green Jeffrey Terry,,0001209191-17-047198,2017-08-02,S,4485,53.997,126400,D,,,,,,
1671933,2017-08-07,TTD,Ross Paul,,0001209191-17-047915,2017-08-03,C,2806,0.0,52133,D,,,,,,
1671933,2017-08-15,TTD,Ross Paul,,0001209191-17-049060,2017-08-14,S,5000,52.4272,47819,D,,,,,,
1671933,2017-08-24,TTD,Pickles David Randall,,0001209191-17-050137,2017-08-22,S,43941,49.7215,127736,D,,,,,,
1671933,2017-09-01,TTD,Green Jeffrey Terry,,0001209191-17-051074,2017-09-01,S,9000,52.9804,117400,D,,,,,,
1671933,2017-09-05,TTD,Perdue Robert David,,0001209191-17-051483,2017-09-01,C,5098,0.0,82664,D,,,,,,
1671933,2017-09-05,TTD,Perdue Robert David,,0001209191-17-051483,2017-09-01,S,5098,53.9977,77566,D,,,,,,
1671933,2017-09-05,TTD,Ross Paul,,0001209191-17-051476,2017-09-05,C,2778,0.0,45597,D,,,,,,
1671933,2017-09-21,TTD,Pickles David Randall,,0001209191-17-053629,2017-09-19,S,40178,60.5077,56499,D,,,,,,
1671933,2017-09-27,TTD,Stempeck Brian John,,0001209191-17-054136,2017-09-26,C,30000,0.0,53900,D,,,,,,
1671933,2017-10-03,TTD,Ross Paul,,0001209191-17-055486,2017-10-03,C,2777,0.0,49060,D,,,,,,
1671933,2017-10-03,TTD,Perdue Robert David,,0001209191-17-055493,2017-10-02,C,8543,0.0,86109,D,,,,,,
1671933,2017-10-03,TTD,Perdue Robert David,,0001209191-17-055493,2017-10-02,S,8543,60.043,77566,D,,,,,,
1671933,2017-10-04,TTD,Green Jeffrey Terry,,0001209191-17-055817,2017-10-02,S,7689,61.9034,109711,D,,,,,,
1671933,2017-10-04,TTD,Green Jeffrey Terry,,0001209191-17-055817,2017-10-04,S,1311,61.5134,108400,D,,,,,,
1671933,2017-10-17,TTD,Stempeck Brian John,,0001209191-17-057177,2017-10-16,S,5641,63.6814,48259,D,,,,,,
1671933,2017-10-26,TTD,Ross Paul,,0001209191-17-058071,2017-10-25,C,3705,0.0,53451,D,,,,,,
1671933,2017-10-26,TTD,Ross Paul,,0001209191-17-058071,2017-10-25,S,1377,62.6483,52074,D,,,,,,
1671933,2017-11-03,TTD,Perdue Robert David,,0001209191-17-059236,2017-11-01,S,4843,64.0899,77566,D,,,,,,
1671933,2017-11-03,TTD,Green Jeffrey Terry,,0001209191-17-059221,2017-11-01,S,9000,66.2619,99400,D,,,,,,
1671933,2017-11-03,TTD,Perdue Robert David,,0001209191-17-059236,2017-11-01,C,4843,0.0,82409,D,,,,,,
1671933,2017-11-06,TTD,Ross Paul,,0001209191-17-059456,2017-11-03,C,2778,0.0,52524,D,,,,,,
1671933,2017-11-17,TTD,Stempeck Brian John,,0001209191-17-061580,2017-11-16,S,7754,48.596,38923,D,,,,,,
1671933,2017-11-22,TTD,Ross Paul,,0001209191-17-062380,2017-11-20,C,686,0.0,53896,D,,,,,,
1671933,2017-12-05,TTD,Perdue Robert David,,0001209191-17-064085,2017-12-01,C,1206,0.0,99189,D,,,,,,
1671933,2017-12-05,TTD,Perdue Robert David,,0001209191-17-064085,2017-12-01,A,20417,0.0,97983,D,,,,,,
1671933,2017-12-05,TTD,Perdue Robert David,,0001209191-17-064085,2017-12-01,S,1206,47.2,97983,D,,,,,,
1671933,2017-12-05,TTD,Green Jeffrey Terry,,0001209191-17-064088,2017-12-01,A,36297,0.0,135697,D,,,,,,
1671933,2017-12-05,TTD,Green Jeffrey Terry,,0001209191-17-064088,2017-12-01,F,3953,48.0,131744,D,,,,,,
1671933,2017-12-05,TTD,Ross Paul,,0001209191-17-064077,2017-12-01,A,20417,0.0,74313,D,,,,,,
1671933,2017-12-05,TTD,Ross Paul,,0001209191-17-064077,2017-12-01,F,2246,48.0,72067,D,,,,,,
1671933,2017-12-05,TTD,Perdue Robert David,,0001209191-17-064085,2017-12-01,F,2540,48.0,95443,D,,,,,,
1671933,2017-12-05,TTD,Stempeck Brian John,,0001209191-17-064065,2017-12-01,A,20417,0.0,57094,D,,,,,,
1671933,2017-12-05,TTD,Stempeck Brian John,,0001209191-17-064065,2017-12-01,F,2544,48.0,54550,D,,,,,,
1671933,2017-12-05,TTD,Ross Paul,,0001209191-17-064077,2017-12-04,C,2778,0.0,74845,D,,,,,,
1671933,2017-12-05,TTD,Pickles David Randall,,0001209191-17-064071,2017-12-01,F,2246,48.0,44848,D,,,,,,
1671933,2017-12-05,TTD,Pickles David Randall,,0001209191-17-064071,2017-12-01,A,20417,0.0,47094,D,,,,,,
1671933,2017-12-08,TTD,Highwind S.a.r.l,,0000899243-17-028235,2017-11-23,C,2331000,0.0,2331000,I,,,,,,
1671933,2017-12-18,TTD,Pickles David Randall,,0001209191-17-066232,2017-12-14,C,30000,0.0,74848,D,,,,,,
1671933,2017-12-19,TTD,Stempeck Brian John,,0001209191-17-066549,2017-12-18,S,10000,49.586,44550,D,,,,,,
1671933,2017-12-19,TTD,Perdue Robert David,,0001209191-17-066547,2017-12-18,C,1911,0.0,97354,D,,,,,,
1671933,2017-12-19,TTD,Perdue Robert David,,0001209191-17-066547,2017-12-18,S,1911,50.2068,95443,D,,,,,,
1671933,2017-12-19,TTD,Green Jeffrey Terry,,0001209191-17-066545,2017-12-18,S,1411,50.2482,130333,D,,,,,,
1671933,2017-12-19,TTD,Green Jeffrey Terry,,0001209191-17-066545,2017-12-19,S,7589,50.11,122744,D,,,,,,
1671933,2017-12-22,TTD,Perdue Robert David,,0001209191-17-067145,2017-12-21,C,1497,0.0,96940,D,,,,,,
1671933,2017-12-22,TTD,Perdue Robert David,,0001209191-17-067145,2017-12-21,S,1497,46.7516,95443,D,,,,,,
1671933,2017-12-22,TTD,Ross Paul,,0001209191-17-066929,2017-12-20,G,700,0.0,74145,D,,,,,,
1671933,2017-12-22,TTD,Ross Paul,,0001209191-17-066929,2017-12-20,C,685,0.0,74830,D,,,,,,
1671933,2018-01-02,TTD,Pickles David Randall,,0001209191-18-000397,2017-12-26,G,26000,0.0,48848,D,,,,,,
1671933,2018-01-03,TTD,Perdue Robert David,,0001209191-18-000989,2018-01-02,C,6795,0.0,102238,D,,,,,,
1671933,2018-01-03,TTD,Perdue Robert David,,0001209191-18-000989,2018-01-02,S,6795,46.3493,95443,D,,,,,,
1671933,2018-01-03,TTD,Green Jeffrey Terry,,0001209191-18-001185,2018-01-03,S,9000,47.6121,113744,D,,,,,,
1671933,2018-01-11,TTD,Perdue Robert David,,0001209191-18-003263,2018-01-09,C,38000,0.0,133443,D,,,,,,
1671933,2018-01-18,TTD,Perdue Robert David,,0001209191-18-004409,2018-01-16,C,513,0.0,133956,D,,,,,,
1671933,2018-01-18,TTD,Perdue Robert David,,0001209191-18-004409,2018-01-16,S,513,50.0,133443,D,,,,,,
1671933,2018-01-18,TTD,Perdue Robert David,,0001209191-18-004409,2018-01-18,C,11246,0.0,144689,D,,,,,,
1671933,2018-01-18,TTD,Perdue Robert David,,0001209191-18-004409,2018-01-18,S,11246,50.022,133443,D,,,,,,
1671933,2018-01-24,TTD,Perdue Robert David,,0001209191-18-005160,2018-01-24,C,5741,0.0,139184,D,,,,,,
1671933,2018-01-24,TTD,Perdue Robert David,,0001209191-18-005160,2018-01-24,S,5741,50.04,133443,D,,,,,,
1671933,2018-02-05,TTD,Perdue Robert David,,0001209191-18-007426,2018-02-01,C,5264,0.0,138707,D,,,,,,
1671933,2018-02-05,TTD,Perdue Robert David,,0001209191-18-007426,2018-02-01,S,5264,47.6517,133443,D,,,,,,
1671933,2018-02-22,TTD,Green Jeffrey Terry,,0001209191-18-012691,2018-02-20,S,9000,49.1,113819,D,,,,,,
1671933,2018-02-22,TTD,Perdue Robert David,,0001209191-18-012682,2018-02-20,C,17500,0.0,150943,D,,,,,,
1671933,2018-02-22,TTD,Perdue Robert David,,0001209191-18-012682,2018-02-20,S,17500,50.0,133443,D,,,,,,
1671933,2018-02-28,TTD,Paley Eric B,,0000899243-18-005892,2018-02-26,J,373099,0.0,209984,I,,,,,,
1671933,2018-02-28,TTD,Ross Paul,,0001209191-18-014594,2018-02-27,S,4854,55.29,71101,D,,,,,,
1671933,2018-02-28,TTD,Ross Paul,,0001209191-18-014594,2018-02-28,C,1372,0.0,72473,D,,,,,,
1671933,2018-02-28,TTD,Paley Eric B,,0000899243-18-005892,2018-02-27,S,142653,56.0673,67331,I,,,,,,
1671933,2018-02-28,TTD,Paley Eric B,,0000899243-18-005892,2018-02-26,C,746198,,746198,I,,,,,,
1671933,2018-02-28,TTD,Ross Paul,,0001209191-18-014594,2018-02-26,S,3729,59.705,71101,D,,,,,,
1671933,2018-02-28,TTD,Paley Eric B,,0000899243-18-005892,2018-02-26,S,17930,57.1754,728268,I,,,,,,
1671933,2018-02-28,TTD,Ross Paul,,0001209191-18-014594,2018-02-27,C,4854,0.0,75955,D,,,,,,
1671933,2018-02-28,TTD,Paley Eric B,,0000899243-18-005892,2018-02-28,S,26578,55.4719,26955,I,,,,,,
1671933,2018-03-05,TTD,Green Jeffrey Terry,,0001209191-18-016519,2018-03-01,S,2740,56.2618,111079,D,,,,,,
1671933,2018-03-05,TTD,Green Jeffrey Terry,,0001209191-18-016519,2018-03-02,S,6260,56.2612,104819,D,,,,,,
1671933,2018-03-07,TTD,Perdue Robert David,,0001209191-18-017749,2018-03-05,C,95000,0.0,228443,D,,,,,,
1671933,2018-03-23,TTD,Stempeck Brian John,,0001209191-18-021411,2018-03-22,C,22500,0.0,67050,D,,,,,,
1671933,2018-03-23,TTD,Stempeck Brian John,,0001209191-18-021411,2018-03-22,S,15415,55.0107,51635,D,,,,,,
1671933,2018-03-23,TTD,Ross Paul,,0001209191-18-021407,2018-03-21,S,5000,56.1011,67473,D,,,,,,
1671933,2018-03-23,TTD,Ross Paul,,0001209191-18-021407,2018-03-21,C,2777,0.0,70250,D,,,,,,
1671933,2018-04-02,TTD,Falk Thomas,,0001144204-18-018727,2018-03-29,C,183556,0.0,269608,I,,,,,,
1671933,2018-04-04,TTD,Stempeck Brian John,,0001209191-18-023738,2018-04-02,S,16194,47.9321,50856,D,,,,,,
1671933,2018-04-04,TTD,Perdue Robert David,,0001209191-18-023719,2018-04-02,S,2500,49.0432,228443,D,,,,,,
1671933,2018-04-04,TTD,Stempeck Brian John,,0001209191-18-023738,2018-04-02,C,22500,0.0,67050,D,,,,,,
1671933,2018-04-04,TTD,Perdue Robert David,,0001209191-18-023719,2018-04-02,C,2500,0.0,230943,D,,,,,,
1671933,2018-04-04,TTD,Ross Paul,,0001209191-18-023750,2018-04-03,C,686,0.0,68159,D,,,,,,
1671933,2018-04-06,TTD,Perdue Robert David,,0001209191-18-024238,2018-04-05,C,10000,0.0,238443,D,,,,,,
1671933,2018-04-06,TTD,Perdue Robert David,,0001209191-18-024238,2018-04-05,S,10000,50.045,228443,D,,,,,,
1671933,2018-04-18,TTD,Perdue Robert David,,0001209191-18-025473,2018-04-17,C,7500,0.0,235943,D,,,,,,
1671933,2018-04-18,TTD,Perdue Robert David,,0001209191-18-025473,2018-04-17,S,7500,55.0,228443,D,,,,,,
1671933,2018-04-18,TTD,Green Jeffrey Terry,,0001209191-18-025469,2018-04-17,S,9000,54.31,95819,D,,,,,,
1671933,2018-04-20,TTD,Ross Paul,,0001209191-18-025756,2018-04-18,S,2700,53.785,65459,D,,,,,,
1671933,2018-04-20,TTD,Ross Paul,,0001209191-18-025756,2018-04-18,C,2777,0.0,68136,D,,,,,,
1671933,2018-04-24,TTD,Ross Paul,,0001209191-18-026018,2018-04-20,C,686,0.0,66045,D,,,,,,
1671933,2018-05-02,TTD,Perdue Robert David,,0001209191-18-027370,2018-05-01,S,9862,50.823,231081,D,,,,,,
1671933,2018-05-02,TTD,Stempeck Brian John,,0001209191-18-027374,2018-05-01,C,22500,0.0,67050,D,,,,,,
1671933,2018-05-02,TTD,Stempeck Brian John,,0001209191-18-027374,2018-05-01,S,20153,49.8,46897,D,,,,,,
1671933,2018-05-02,TTD,Perdue Robert David,,0001209191-18-027370,2018-05-01,C,12500,0.0,240943,D,,,,,,
1671933,2018-05-07,TTD,Paley Eric B,,0001209191-18-028475,2018-05-03,A,4045,0.0,30720,D,,,,,,
1671933,2018-05-07,TTD,Falk Thomas,,0001209191-18-028472,2018-05-03,A,4045,0.0,8318,D,,,,,,
1671933,2018-05-07,TTD,FALBERG KATHRYN E,,0001209191-18-028469,2018-05-03,A,4045,0.0,48648,D,,,,,,
1671933,2018-05-07,TTD,WELLS DAVID B,,0001209191-18-028466,2018-05-03,A,4045,0.0,12045,D,,,,,,
1671933,2018-05-14,TTD,Ross Paul,,0001209191-18-030026,2018-05-14,M,13305,0.0,79350,D,,,,,,
1671933,2018-05-14,TTD,Ross Paul,,0001209191-18-030026,2018-05-14,S,13305,75.32,66045,D,,,,,,
1671933,2018-05-14,TTD,Perdue Robert David,,0001209191-18-030023,2018-05-11,C,7500,0.0,235943,D,,,,,,
1671933,2018-05-14,TTD,Perdue Robert David,,0001209191-18-030023,2018-05-11,S,7500,67.75,228443,D,,,,,,
1671933,2018-05-14,TTD,Green Jeffrey Terry,,0001209191-18-030014,2018-05-10,S,9000,52.87,86819,D,,,,,,
1671933,2018-05-18,TTD,Ross Paul,,0001209191-18-031537,2018-05-16,S,700,79.39,65345,D,,,,,,
1671933,2018-05-18,TTD,Ross Paul,,0001209191-18-031537,2018-05-16,C,905,0.0,66250,D,,,,,,
1671933,2018-05-24,TTD,Pickles David Randall,,0001209191-18-033002,2018-04-10,G,4000,0.0,44848,D,,,,,,
1671933,2018-05-24,TTD,Pickles David Randall,,0001209191-18-033002,2018-05-22,C,75000,0.0,121237,D,,,,,,
1671933,2018-05-24,TTD,Pickles David Randall,,0001209191-18-033002,2018-05-22,S,48071,82.4336,73166,D,,,,,,
1671933,2018-05-24,TTD,Falk Thomas,,0001144204-18-030648,2018-05-22,C,66445,0.0,116445,I,,,,,,
1671933,2018-06-04,TTD,Rajaram Gokul,,0001209191-18-035418,2018-05-23,A,2410,0.0,2410,D,,,,,,
1671933,2018-06-04,TTD,Green Jeffrey Terry,,0001209191-18-035255,2018-06-01,S,9000,86.1028,77819,D,,,,,,
1671933,2018-06-05,TTD,Perdue Robert David,,0001209191-18-035927,2018-06-01,S,1551,86.22,146892,D,,,,,,
1671933,2018-06-05,TTD,Perdue Robert David,,0001209191-18-035927,2018-06-01,C,20000,0.0,148443,D,,,,,,
1671933,2018-06-05,TTD,Stempeck Brian John,,0001209191-18-035924,2018-06-01,S,2512,86.32,65008,D,,,,,,
1671933,2018-06-05,TTD,Stempeck Brian John,,0001209191-18-035924,2018-06-01,C,22500,0.0,67520,D,,,,,,
1671933,2018-06-14,TTD,Perdue Robert David,,0001209191-18-037901,2018-06-13,C,27434,0.0,107211,D,,,,,,
1671933,2018-06-19,TTD,Pickles David Randall,,0001209191-18-038667,2018-06-19,C,75000,0.0,121237,D,,,,,,
1671933,2018-06-19,TTD,Pickles David Randall,,0001209191-18-038667,2018-06-19,S,2900,87.113,118337,D,,,,,,
1671933,2018-06-22,TTD,Ross Paul,,0001209191-18-039241,2018-06-20,S,700,91.76,66034,D,,,,,,
1671933,2018-06-22,TTD,Ross Paul,,0001209191-18-039241,2018-06-20,C,905,0.0,66939,D,,,,,,
1671933,2018-07-05,TTD,Perdue Robert David,,0001209191-18-041762,2018-07-02,C,20000,0.0,152093,D,,,,,,
1671933,2018-07-05,TTD,Perdue Robert David,,0001209191-18-041762,2018-07-02,S,8927,92.68,143166,D,,,,,,
1671933,2018-07-18,TTD,Falk Thomas,,0001144204-18-038881,2018-07-16,S,62072,93.18,196384,I,,,,,,
1671933,2018-07-18,TTD,Falk Thomas,,0001144204-18-038881,2018-07-17,S,100069,93.97,96315,I,,,,,,
1671933,2018-07-19,TTD,Pickles David Randall,,0001209191-18-043402,2018-07-17,C,50000,0.0,96237,D,,,,,,
1671933,2018-07-19,TTD,Pickles David Randall,,0001209191-18-043402,2018-07-17,S,11383,92.8363,84854,D,,,,,,
1671933,2018-07-19,TTD,Falk Thomas,,0001144204-18-039013,2018-07-18,S,37859,95.08,58456,I,,,,,,
1671933,2018-07-20,TTD,Ross Paul,,0001209191-18-043498,2018-07-18,C,905,0.0,62803,D,,,,,,
1671933,2018-07-20,TTD,Ross Paul,,0001209191-18-043498,2018-07-18,G,686,0.0,65348,D,,,,,,
1671933,2018-07-20,TTD,Ross Paul,,0001209191-18-043498,2018-07-18,S,3450,94.56,61898,D,,,,,,
1671933,2018-07-25,TTD,Stempeck Brian John,,0001209191-18-043889,2018-07-23,C,20332,0.0,65352,D,,,,,,
1671933,2018-07-25,TTD,Stempeck Brian John,,0001209191-18-043889,2018-07-23,S,9849,94.23,55503,D,,,,,,
1671933,2018-08-02,TTD,Perdue Robert David,,0001209191-18-045099,2018-08-01,C,20000,0.0,152093,D,,,,,,
1671933,2018-08-02,TTD,Perdue Robert David,,0001209191-18-045099,2018-08-01,S,1155,84.46,150938,D,,,,,,
1671933,2018-08-10,TTD,Stempeck Brian John,,0001209191-18-046324,2018-08-09,C,10000,0.0,55020,D,,,,,,
1671933,2018-08-10,TTD,Stempeck Brian John,,0001209191-18-046324,2018-08-09,S,9250,108.17,45770,D,,,,,,
1671933,2018-08-14,TTD,Rajaram Gokul,,0001209191-18-046665,2018-08-02,A,67,88.49,4755,D,,,,,,
1671933,2018-08-15,TTD,Ross Paul,,0001209191-18-046786,2018-08-13,S,12438,124.73,49460,D,,,,,,
1671933,2018-08-15,TTD,Ross Paul,,0001209191-18-046786,2018-08-13,C,2057,0.0,51517,D,,,,,,
1671933,2018-08-15,TTD,Ross Paul,,0001209191-18-046786,2018-08-13,M,2029,0.0,51489,D,,,,,,
1671933,2018-08-23,TTD,Stempeck Brian John,,0001209191-18-048183,2018-08-21,C,30000,0.0,75020,D,,,,,,
1671933,2018-08-23,TTD,Stempeck Brian John,,0001209191-18-048183,2018-08-21,S,6300,125.44,68720,D,,,,,,
1671933,2018-08-24,TTD,Ross Paul,,0001209191-18-048394,2018-08-22,S,3100,128.46,46360,D,,,,,,
1671933,2018-08-24,TTD,Ross Paul,,0001209191-18-048394,2018-08-22,C,905,0.0,46873,D,,,,,,
1671933,2018-09-05,TTD,Perdue Robert David,,0001209191-18-049616,2018-09-04,C,5485,0.0,137578,D,,,,,,
1671933,2018-09-05,TTD,Perdue Robert David,,0001209191-18-049616,2018-09-04,S,462,141.58,137116,D,,,,,,
1671933,2018-09-14,TTD,Ross Paul,,0001209191-18-051094,2018-09-12,S,300,141.12,45668,D,,,,,,
1671933,2018-09-14,TTD,Ross Paul,,0001209191-18-051094,2018-09-12,C,905,0.0,43413,D,,,,,,
1671933,2018-09-24,TTD,Stempeck Brian John,,0001209191-18-052045,2018-09-21,C,30000,0.0,75020,D,,,,,,
1671933,2018-09-24,TTD,Stempeck Brian John,,0001209191-18-052045,2018-09-21,S,9095,141.65,65925,D,,,,,,
1671933,2018-10-02,TTD,Perdue Robert David,,0001209191-18-053374,2018-10-01,C,902,0.0,132995,D,,,,,,
1671933,2018-10-02,TTD,Perdue Robert David,,0001209191-18-053374,2018-10-01,S,902,151.49,132093,D,,,,,,
1671933,2018-10-02,TTD,Falk Thomas,,0001144204-18-052098,2018-10-01,S,14708,143.0,43748,I,,,,,,
1671933,2018-10-04,TTD,Green Jeffrey Terry,,0001209191-18-054313,2018-10-02,S,13316,130.85,492862,D,,,,,,
1671933,2018-10-04,TTD,Green Jeffrey Terry,,0001209191-18-054313,2018-10-03,C,21641,0.0,99460,D,,,,,,
1671933,2018-10-04,TTD,Green Jeffrey Terry,,0001209191-18-054313,2018-10-02,C,428359,0.0,506178,D,,,,,,
1671933,2018-10-04,TTD,Green Jeffrey Terry,,0001209191-18-054313,2018-10-03,S,21641,140.0,77819,D,,,,,,
1671933,2018-10-04,TTD,Green Jeffrey Terry,,0001209191-18-054313,2018-10-04,M,3742,0.0,81561,D,,,,,,
1671933,2018-10-19,TTD,Ross Paul,,0001209191-18-055671,2018-10-17,C,905,0.0,43413,D,,,,,,
1671933,2018-10-19,TTD,Ross Paul,,0001209191-18-055671,2018-10-17,S,905,130.5,42508,D,,,,,,
1671933,2018-10-23,TTD,Stempeck Brian John,,0001209191-18-055965,2018-10-22,C,21000,0.0,66020,D,,,,,,
1671933,2018-10-23,TTD,Stempeck Brian John,,0001209191-18-055965,2018-10-22,S,1900,121.61,64120,D,,,,,,
1671933,2018-11-02,TTD,Perdue Robert David,,0001209191-18-056964,2018-11-01,C,903,0.0,132996,D,,,,,,
1671933,2018-11-02,TTD,Perdue Robert David,,0001209191-18-056964,2018-11-01,S,903,124.79,132093,D,,,,,,
1671933,2018-11-20,TTD,Ross Paul,,0001209191-18-059590,2018-11-20,S,905,105.5,42508,D,,,,,,
1671933,2018-11-20,TTD,Ross Paul,,0001209191-18-059590,2018-11-20,C,905,0.0,43413,D,,,,,,
1671933,2018-11-27,TTD,Pickles David Randall,,0001209191-18-060055,2018-11-23,S,6475,120.17,46237,D,,,,,,
1671933,2018-11-27,TTD,Pickles David Randall,,0001209191-18-060055,2018-11-23,C,6475,0.0,52712,D,,,,,,
1671933,2018-11-27,TTD,Pickles David Randall,,0001209191-18-060055,2018-11-26,S,2231,120.41,52531,D,,,,,,
1671933,2018-11-27,TTD,Pickles David Randall,,0001209191-18-060055,2018-11-26,C,8525,0.0,54762,D,,,,,,
1671933,2018-11-30,TTD,FALBERG KATHRYN E,,0001209191-18-060488,2018-09-21,G,500,0.0,49786,D,,,,,,
1671933,2018-11-30,TTD,FALBERG KATHRYN E,,0001209191-18-060488,2018-11-28,S,20000,134.8346,60000,I,,,,,,
1671933,2018-12-04,TTD,Perdue Robert David,,0001209191-18-060938,2018-12-01,F,3153,142.45,157106,D,,,,,,
1671933,2018-12-04,TTD,Perdue Robert David,,0001209191-18-060938,2018-12-03,C,903,0.0,155292,D,,,,,,
1671933,2018-12-04,TTD,Perdue Robert David,,0001209191-18-060938,2018-12-03,S,9,148.01,155283,D,,,,,,
1671933,2018-12-04,TTD,Ross Paul,,0001209191-18-060931,2018-12-01,A,9307,0.0,51815,D,,,,,,
1671933,2018-12-04,TTD,Ross Paul,,0001209191-18-060931,2018-12-01,F,2963,142.45,48852,D,,,,,,
1671933,2018-12-04,TTD,Perdue Robert David,,0001209191-18-060938,2018-12-01,A,24000,0.0,160259,D,,,,,,
1671933,2018-12-04,TTD,Green Jeffrey Terry,,0001209191-18-060923,2018-12-01,A,27114,0.0,108675,D,,,,,,
1671933,2018-12-04,TTD,Green Jeffrey Terry,,0001209191-18-060923,2018-12-01,F,4512,142.45,104163,D,,,,,,
1671933,2018-12-04,TTD,Stempeck Brian John,,0001209191-18-060913,2018-12-01,A,9307,0.0,55246,D,,,,,,
1671933,2018-12-04,TTD,Stempeck Brian John,,0001209191-18-060913,2018-12-01,F,3135,142.45,52111,D,,,,,,
1671933,2018-12-04,TTD,Pickles David Randall,,0001209191-18-060905,2018-12-01,A,9307,0.0,55544,D,,,,,,
1671933,2018-12-04,TTD,Pickles David Randall,,0001209191-18-060905,2018-12-01,F,2936,142.45,52608,D,,,,,,
1671933,2018-12-07,TTD,Ross Paul,,0001209191-18-061529,2018-12-06,S,3662,136.075,42659,D,,,,,,
1671933,2018-12-20,TTD,Pickles David Randall,,0001209191-18-063676,2018-12-18,C,15000,0.0,65077,D,,,,,,
1671933,2018-12-20,TTD,Pickles David Randall,,0001209191-18-063676,2018-12-18,S,1100,121.5,63977,D,,,,,,
1671933,2018-12-26,TTD,Ross Paul,,0001209191-18-064122,2018-12-21,M,3608,0.0,46267,D,,,,,,
1671933,2018-12-26,TTD,Ross Paul,,0001209191-18-064122,2018-12-21,S,905,110.1849,42659,D,,,,,,
1671933,2018-12-26,TTD,Ross Paul,,0001209191-18-064122,2018-12-21,C,905,0.0,43564,D,,,,,,
1671933,2019-01-16,TTD,Pickles David Randall,,0001209191-19-003995,2019-01-15,C,15000,0.0,65077,D,,,,,,
1671933,2019-01-16,TTD,Pickles David Randall,,0001209191-19-003995,2019-01-15,S,15000,131.07,50077,D,,,,,,
1671933,2019-01-17,TTD,Falk Thomas,,0001144204-19-001992,2019-01-15,S,1200,133.0,115245,I,,,,,,
1671933,2019-01-17,TTD,Falk Thomas,,0001144204-19-001992,2019-01-16,S,29010,133.3,86235,I,,,,,,
1671933,2019-01-22,TTD,Falk Thomas,,0001144204-19-002190,2019-01-17,S,5424,133.01,78825,I,,,,,,
1671933,2019-02-06,TTD,Stempeck Brian John,,0001209191-19-007727,2019-02-05,S,13855,155.0125,37959,D,,,,,,
1671933,2019-02-06,TTD,Ross Paul,,0001209191-19-007788,2019-02-05,S,685,154.9025,37959,D,,,,,,
1671933,2019-02-06,TTD,Ross Paul,,0001209191-19-007788,2019-02-05,C,685,0.0,38644,D,,,,,,
1671933,2019-02-06,TTD,Stempeck Brian John,,0001209191-19-007727,2019-02-05,M,13855,30.15,51814,D,,,,,,
1671933,2019-02-06,TTD,Stempeck Brian John,,0001209191-19-007727,2018-02-04,S,19303,155.0125,37959,D,,,,,,
1671933,2019-02-06,TTD,Stempeck Brian John,,0001209191-19-007727,2018-02-04,M,7793,30.15,57262,D,,,,,,
1671933,2019-02-06,TTD,Ross Paul,,0001209191-19-007788,2019-02-05,M,1804,0.0,39763,D,,,,,,
1671933,2019-02-20,TTD,Pickles David Randall,,0001209191-19-011573,2019-02-19,S,400,157.47,64677,D,,,,,,
1671933,2019-02-20,TTD,Pickles David Randall,,0001209191-19-011573,2019-02-19,C,15000,0.0,65077,D,,,,,,
1671933,2019-02-27,TTD,Green Jeffrey Terry,,0001209191-19-014214,2019-02-25,S,34845,198.3,118307,D,,,,,,
1671933,2019-02-27,TTD,Green Jeffrey Terry,,0001209191-19-014214,2019-02-25,C,54613,0.0,153152,D,,,,,,
1671933,2019-02-27,TTD,VOBEJDA SUSAN,,0001209191-19-014244,2019-02-25,S,5250,198.0,36318,D,,,,,,
1671933,2019-02-27,TTD,VOBEJDA SUSAN,,0001209191-19-014244,2019-02-25,M,5250,48.0,41568,D,,,,,,
1671933,2019-02-27,TTD,Green Jeffrey Terry,,0001209191-19-014214,2019-02-27,S,105643,195.14,163470,D,,,,,,
1671933,2019-02-27,TTD,Green Jeffrey Terry,,0001209191-19-014214,2019-02-26,C,190949,0.0,284341,D,,,,,,
1671933,2019-02-27,TTD,Green Jeffrey Terry,,0001209191-19-014214,2019-02-26,S,29742,192.28,254599,D,,,,,,
1671933,2019-02-27,TTD,Green Jeffrey Terry,,0001209191-19-014214,2019-02-27,C,175721,0.0,269113,D,,,,,,
1671933,2019-03-05,TTD,Paley Eric B,,0001209191-19-017036,2019-01-22,J,52,49.44,31881,D,,,,,,
1671933,2019-03-05,TTD,Paley Eric B,,0001209191-19-017036,2019-03-01,S,200,195.005,31681,D,,,,,,
1671933,2019-03-07,TTD,Ross Paul,,0001209191-19-017755,2019-03-05,C,905,0.0,38864,D,,,,,,
1671933,2019-03-07,TTD,Ross Paul,,0001209191-19-017755,2019-03-05,S,905,188.31,37959,D,,,,,,
1671933,2019-03-07,TTD,Ross Paul,,0001209191-19-017755,2019-03-05,M,902,0.0,38861,D,,,,,,
1671933,2019-03-12,TTD,VOBEJDA SUSAN,,0001209191-19-018810,2019-03-08,M,875,48.0,37193,D,,,,,,
1671933,2019-03-12,TTD,VOBEJDA SUSAN,,0001209191-19-018810,2019-03-08,S,875,190.0,36318,D,,,,,,
1671933,2019-03-13,TTD,Yang Vivian,,0001209191-19-019161,2019-03-11,M,2706,0.0,46250,D,,,,,,
1671933,2019-03-13,TTD,Yang Vivian,,0001209191-19-019161,2019-03-11,S,1263,203.64,43544,D,,,,,,
1671933,2019-03-13,TTD,FALBERG KATHRYN E,,0001209191-19-019253,2019-03-11,S,40000,205.4741,20000,I,,,,,,
1671933,2019-03-13,TTD,Yang Vivian,,0001209191-19-019161,2019-03-11,C,1263,0.0,44807,D,,,,,,
1671933,2019-03-18,TTD,Buyer Lise J,,0001209191-19-020098,2019-03-14,A,507,0.0,9907,D,,,,,,
1671933,2019-03-21,TTD,Pickles David Randall,,0001209191-19-020833,2019-03-19,S,1100,203.02,58977,D,,,,,,
1671933,2019-03-21,TTD,Pickles David Randall,,0001209191-19-020833,2019-03-19,C,10000,0.0,60077,D,,,,,,
1671933,2019-04-02,TTD,VOBEJDA SUSAN,,0001209191-19-022786,2019-04-01,S,875,201.56,36318,D,,,,,,
1671933,2019-04-02,TTD,VOBEJDA SUSAN,,0001209191-19-022786,2019-04-01,M,875,48.0,37193,D,,,,,,
1671933,2019-04-08,TTD,Ross Paul,,0001209191-19-023956,2019-04-04,C,905,0.0,38864,D,,,,,,
1671933,2019-04-08,TTD,Ross Paul,,0001209191-19-023956,2019-04-04,S,905,207.0,37959,D,,,,,,
1671933,2019-04-08,TTD,Ross Paul,,0001209191-19-023956,2019-04-04,M,902,0.0,38861,D,,,,,,
1671933,2019-04-10,TTD,Green Jeffrey Terry,,0001209191-19-024243,2019-04-08,S,400,192.05,102992,D,,,,,,
1671933,2019-04-10,TTD,Green Jeffrey Terry,,0001209191-19-024243,2019-04-08,C,10000,0.0,103392,D,,,,,,
1671933,2019-04-17,TTD,Stempeck Brian John,,0001209191-19-025020,2019-04-15,C,4975,0.0,42934,D,,,,,,
1671933,2019-04-17,TTD,Stempeck Brian John,,0001209191-19-025020,2019-04-15,M,13125,0.0,51084,D,,,,,,
1671933,2019-04-17,TTD,Stempeck Brian John,,0001209191-19-025020,2019-04-15,S,4975,200.0,37959,D,,,,,,
1671933,2019-04-17,TTD,Falk Thomas,,0001209191-19-025147,2019-01-22,A,20,134.02,9289,D,,,,,,
1671933,2019-04-17,TTD,Falk Thomas,,0001209191-19-025153,2019-04-15,S,24100,199.21,66631,I,,,,,,
1671933,2019-04-18,TTD,Pickles David Randall,,0001209191-19-025240,2019-04-16,C,10000,0.0,60077,D,,,,,,
1671933,2019-04-18,TTD,Pickles David Randall,,0001209191-19-025240,2019-04-16,S,2000,202.46,58077,D,,,,,,
1671933,2019-05-01,TTD,VOBEJDA SUSAN,,0001209191-19-026877,2019-05-01,S,875,222.89,36318,D,,,,,,
1671933,2019-05-01,TTD,VOBEJDA SUSAN,,0001209191-19-026877,2019-05-01,M,875,48.0,37193,D,,,,,,
1671933,2019-05-02,TTD,Rajaram Gokul,,0001209191-19-027153,2019-04-30,A,1086,0.0,5883,D,,,,,,
1671933,2019-05-02,TTD,Paley Eric B,,0001209191-19-027151,2019-04-30,A,1086,0.0,32467,D,,,,,,
1671933,2019-05-02,TTD,Buyer Lise J,,0001209191-19-027149,2019-04-30,A,543,0.0,10515,D,,,,,,
1671933,2019-05-02,TTD,Falk Thomas,,0001209191-19-027147,2019-04-30,A,1086,0.0,10375,D,,,,,,
1671933,2019-05-02,TTD,FALBERG KATHRYN E,,0001209191-19-027145,2019-04-30,A,1086,0.0,11372,D,,,,,,
1671933,2019-05-03,TTD,Green Jeffrey Terry,,0001209191-19-027539,2019-05-01,C,10000,0.0,103392,D,,,,,,
1671933,2019-05-03,TTD,Green Jeffrey Terry,,0001209191-19-027539,2019-05-01,S,300,219.92,103092,D,,,,,,
1671933,2019-05-03,TTD,WELLS DAVID B,,0001209191-19-027519,2019-04-30,A,1086,0.0,14688,D,,,,,,
1671933,2019-05-14,TTD,Ross Paul,,0001209191-19-029673,2019-05-10,C,905,0.0,38864,D,,,,,,
1671933,2019-05-14,TTD,Ross Paul,,0001209191-19-029673,2019-05-10,S,905,191.01,37959,D,,,,,,
1671933,2019-05-14,TTD,Ross Paul,,0001209191-19-029673,2019-05-10,M,902,0.0,38861,D,,,,,,
1671933,2019-05-22,TTD,Pickles David Randall,,0001209191-19-032147,2019-05-21,C,10000,0.0,60123,D,,,,,,
1671933,2019-05-22,TTD,Pickles David Randall,,0001209191-19-032147,2019-05-21,S,1550,198.64,58573,D,,,,,,
1671933,2019-05-22,TTD,Ross Paul,,0001209191-19-032155,2019-05-21,S,1114,203.08,37154,D,,,,,,
1671933,2019-06-05,TTD,VOBEJDA SUSAN,,0001209191-19-034791,2019-06-03,M,875,48.0,37704,D,,,,,,
1671933,2019-06-05,TTD,Paley Eric B,,0001209191-19-034923,2019-06-03,S,100,198.855,32608,D,,,,,,
1671933,2019-06-05,TTD,Green Jeffrey Terry,,0001209191-19-034801,2019-06-04,C,10000,0.0,103392,D,,,,,,
1671933,2019-06-05,TTD,Green Jeffrey Terry,,0001209191-19-034801,2019-06-04,S,10000,203.07,93392,D,,,,,,
1671933,2019-06-05,TTD,VOBEJDA SUSAN,,0001209191-19-034791,2019-06-03,S,875,199.87,36829,D,,,,,,
1671933,2019-06-06,TTD,Ross Paul,,0001209191-19-035150,2019-06-04,M,902,30.15,38056,D,,,,,,
1671933,2019-06-06,TTD,Ross Paul,,0001209191-19-035150,2019-06-04,C,905,0.0,38059,D,,,,,,
1671933,2019-06-06,TTD,Ross Paul,,0001209191-19-035150,2019-06-04,S,905,200.84,37154,D,,,,,,
1671933,2019-06-10,TTD,Yang Vivian,,0001209191-19-035827,2019-06-06,C,769,0.0,44622,D,,,,,,
1671933,2019-06-10,TTD,Yang Vivian,,0001209191-19-035827,2019-06-06,S,769,235.19,43853,D,,,,,,
1671933,2019-06-10,TTD,Yang Vivian,,0001209191-19-035827,2019-06-06,M,2706,30.15,46559,D,,,,,,
1671933,2019-06-11,TTD,VOBEJDA SUSAN,,0001209191-19-036270,2019-06-07,S,1095,242.0,36829,D,,,,,,
1671933,2019-06-11,TTD,VOBEJDA SUSAN,,0001209191-19-036270,2019-06-07,M,1095,142.45,37924,D,,,,,,
1671933,2019-06-11,TTD,Ross Paul,,0001209191-19-036272,2019-06-07,S,2190,246.66,37154,D,,,,,,
1671933,2019-06-11,TTD,Ross Paul,,0001209191-19-036272,2019-06-07,M,2190,142.45,39344,D,,,,,,
1671933,2019-06-12,TTD,Falk Thomas,,0001144204-19-030701,2019-06-11,S,25000,250.0,40731,I,,,,,,
1671933,2019-06-13,TTD,Paley Eric B,,0001209191-19-036791,2019-06-11,S,400,248.819,31808,D,,,,,,
1671933,2019-06-17,TTD,Yang Vivian,,0001209191-19-037513,2019-06-14,C,5546,0.0,48010,D,,,,,,
1671933,2019-06-17,TTD,Yang Vivian,,0001209191-19-037513,2019-06-14,S,1389,246.28,42464,D,,,,,,
1671933,2019-06-20,TTD,Pickles David Randall,,0001209191-19-038230,2019-06-18,C,10000,0.0,60123,D,,,,,,
1671933,2019-06-20,TTD,Pickles David Randall,,0001209191-19-038230,2019-06-18,S,3304,245.13,56819,D,,,,,,
1671933,2019-07-03,TTD,VOBEJDA SUSAN,,0001209191-19-040875,2019-07-01,M,875,48.0,37704,D,,,,,,
1671933,2019-07-03,TTD,VOBEJDA SUSAN,,0001209191-19-040875,2019-07-01,S,875,236.0,36829,D,,,,,,
1671933,2019-07-03,TTD,Green Jeffrey Terry,,0001209191-19-040887,2019-07-01,S,400,230.32,102992,D,,,,,,
1671933,2019-07-03,TTD,Green Jeffrey Terry,,0001209191-19-040887,2019-07-01,C,10000,0.0,103392,D,,,,,,
1671933,2019-07-05,TTD,Ross Paul,,0001209191-19-041343,2019-07-03,M,902,30.15,37781,D,,,,,,
1671933,2019-07-05,TTD,Ross Paul,,0001209191-19-041343,2019-07-03,S,905,232.51,36879,D,,,,,,
1671933,2019-07-05,TTD,Ross Paul,,0001209191-19-041343,2019-07-03,C,905,0.0,37784,D,,,,,,
1671933,2019-07-10,TTD,VOBEJDA SUSAN,,0001209191-19-041733,2019-07-08,M,365,142.45,37194,D,,,,,,
1671933,2019-07-10,TTD,VOBEJDA SUSAN,,0001209191-19-041733,2019-07-08,S,365,242.0,36829,D,,,,,,
1671933,2019-07-17,TTD,Yang Vivian,,0001209191-19-042389,2019-07-15,M,902,30.15,43366,D,,,,,,
1671933,2019-07-17,TTD,Yang Vivian,,0001209191-19-042389,2019-07-15,S,902,244.58,42464,D,,,,,,
1671933,2019-07-17,TTD,Yang Vivian,,0001209191-19-042389,2019-07-16,S,2526,248.01,42464,D,,,,,,
1671933,2019-07-17,TTD,Yang Vivian,,0001209191-19-042389,2019-07-16,C,2526,0.0,44990,D,,,,,,
1671933,2019-07-18,TTD,Pickles David Randall,,0001209191-19-042622,2019-07-16,S,200,242.06,59923,D,,,,,,
1671933,2019-07-18,TTD,Pickles David Randall,,0001209191-19-042622,2019-07-16,C,10000,0.0,60123,D,,,,,,
1671933,2019-07-31,TTD,Stempeck Brian John,,0001209191-19-043867,2019-07-29,C,20000,0.0,58012,D,,,,,,
1671933,2019-07-31,TTD,Stempeck Brian John,,0001209191-19-043867,2019-07-29,S,1674,259.05,56338,D,,,,,,
1671933,2019-08-05,TTD,VOBEJDA SUSAN,,0001209191-19-044692,2019-08-01,S,875,264.39,36829,D,,,,,,
1671933,2019-08-05,TTD,VOBEJDA SUSAN,,0001209191-19-044692,2019-08-01,M,875,48.0,37704,D,,,,,,
1671933,2019-08-05,TTD,Green Jeffrey Terry,,0001209191-19-044698,2019-08-01,C,10000,0.0,103392,D,,,,,,
1671933,2019-08-05,TTD,Green Jeffrey Terry,,0001209191-19-044698,2019-08-01,S,500,263.73,102892,D,,,,,,
1671933,2019-08-06,TTD,Yang Vivian,,0001209191-19-044869,2019-08-02,M,902,30.15,43366,D,,,,,,
1671933,2019-08-06,TTD,Yang Vivian,,0001209191-19-044869,2019-08-02,S,902,262.64,42464,D,,,,,,
1671933,2019-08-12,TTD,Ross Paul,,0001209191-19-045629,2019-08-09,C,905,0.0,37784,D,,,,,,
1671933,2019-08-12,TTD,Ross Paul,,0001209191-19-045629,2019-08-09,S,905,279.3,36879,D,,,,,,
1671933,2019-08-12,TTD,Ross Paul,,0001209191-19-045629,2019-08-09,M,902,30.15,37781,D,,,,,,
1671933,2019-08-14,TTD,Green Jeffrey Terry,,0001209191-19-045983,2019-08-12,S,2572,254.32,193628,D,,,,,,
1671933,2019-08-14,TTD,Green Jeffrey Terry,,0001209191-19-045983,2019-08-13,C,191192,0.0,284584,D,,,,,,
1671933,2019-08-14,TTD,Green Jeffrey Terry,,0001209191-19-045983,2019-08-12,C,102808,0.0,196200,D,,,,,,
1671933,2019-08-14,TTD,Green Jeffrey Terry,,0001209191-19-045983,2019-08-13,S,700,252.68,283884,D,,,,,,
1671933,2019-08-19,TTD,Yang Vivian,,0001209191-19-046618,2019-08-16,S,1263,247.06,42464,D,,,,,,
1671933,2019-08-19,TTD,Yang Vivian,,0001209191-19-046618,2019-08-16,C,1263,0.0,43727,D,,,,,,
1671933,2019-08-21,TTD,Pickles David Randall,,0001209191-19-047019,2019-08-20,S,100,241.04,60023,D,,,,,,
1671933,2019-08-21,TTD,Pickles David Randall,,0001209191-19-047019,2019-08-20,C,10000,0.0,60123,D,,,,,,
1671933,2019-08-26,TTD,Green Jeffrey Terry,,0001209191-19-047437,2019-08-23,C,69978,0.0,163370,D,,,,,,
1671933,2019-08-26,TTD,Green Jeffrey Terry,,0001209191-19-047437,2019-08-23,S,22870,245.76,140500,D,,,,,,
1671933,2019-08-26,TTD,Green Jeffrey Terry,,0001209191-19-047437,2019-08-22,S,200716,260.25,110698,D,,,,,,
1671933,2019-08-26,TTD,Green Jeffrey Terry,,0001209191-19-047437,2019-08-22,C,218022,0.0,311414,D,,,,,,
1671933,2019-09-04,TTD,Yang Vivian,,0001209191-19-048206,2019-09-03,M,902,30.15,43366,D,,,,,,
1671933,2019-09-04,TTD,Yang Vivian,,0001209191-19-048206,2019-09-03,S,902,242.13,42464,D,,,,,,
1671933,2019-09-04,TTD,VOBEJDA SUSAN,,0001209191-19-048197,2019-09-03,M,875,48.0,37704,D,,,,,,
1671933,2019-09-04,TTD,VOBEJDA SUSAN,,0001209191-19-048197,2019-09-03,S,875,242.13,36829,D,,,,,,
1671933,2019-09-05,TTD,Ross Paul,,0001209191-19-048521,2019-09-03,C,905,0.0,37784,D,,,,,,
1671933,2019-09-05,TTD,Paley Eric B,,0001209191-19-048593,2019-09-03,S,33,234.25,31775,D,,,,,,
1671933,2019-09-05,TTD,Ross Paul,,0001209191-19-048521,2019-09-03,M,902,30.15,37781,D,,,,,,
1671933,2019-09-05,TTD,Paley Eric B,,0001209191-19-048593,2019-09-04,S,1301,240.42,30107,D,,,,,,
1671933,2019-09-05,TTD,Ross Paul,,0001209191-19-048521,2019-09-03,S,905,241.03,36879,D,,,,,,
1671933,2019-09-17,TTD,Yang Vivian,,0001209191-19-049882,2019-09-16,C,1263,0.0,43727,D,,,,,,
1671933,2019-09-17,TTD,Yang Vivian,,0001209191-19-049882,2019-09-16,S,1263,204.21,42464,D,,,,,,
1671933,2019-09-19,TTD,Pickles David Randall,,0001209191-19-050243,2019-09-17,S,399,211.17,59724,D,,,,,,
1671933,2019-09-19,TTD,Pickles David Randall,,0001209191-19-050243,2019-09-17,C,10000,0.0,60123,D,,,,,,
1671933,2019-09-24,TTD,Green Jeffrey Terry,,0001209191-19-050559,2019-09-20,S,365,201.76,98027,D,,,,,,
1671933,2019-09-24,TTD,Green Jeffrey Terry,,0001209191-19-050559,2019-09-20,C,5000,0.0,98392,D,,,,,,
1671933,2019-10-04,TTD,Ross Paul,,0001209191-19-052554,2019-10-02,M,902,30.15,37781,D,,,,,,
1671933,2019-10-04,TTD,Ross Paul,,0001209191-19-052554,2019-10-02,C,905,0.0,37784,D,,,,,,
1671933,2019-10-04,TTD,Ross Paul,,0001209191-19-052554,2019-10-02,S,905,180.84,36879,D,,,,,,
1671933,2019-10-15,TTD,Yang Vivian,,0001209191-19-053142,2019-10-11,M,902,30.15,43366,D,,,,,,
1671933,2019-10-15,TTD,Yang Vivian,,0001209191-19-053142,2019-10-11,S,902,200.0,42464,D,,,,,,
1671933,2019-10-17,TTD,Pickles David Randall,,0001209191-19-053456,2019-10-15,C,10000,0.0,60123,D,,,,,,
1671933,2019-10-17,TTD,Pickles David Randall,,0001209191-19-053456,2019-10-15,S,300,203.99,59823,D,,,,,,
1671933,2019-10-23,TTD,Green Jeffrey Terry,,0001209191-19-053855,2019-10-21,C,1258,0.0,94650,D,,,,,,
1671933,2019-10-23,TTD,Green Jeffrey Terry,,0001209191-19-053855,2019-10-21,S,623,197.1,94027,D,,,,,,
1671933,2019-11-05,TTD,VOBEJDA SUSAN,,0001209191-19-055403,2019-11-01,F,1996,203.1,34833,D,,,,,,
1671933,2019-11-05,TTD,VOBEJDA SUSAN,,0001209191-19-055403,2019-11-05,S,1754,203.59,33079,D,,,,,,
1671933,2019-11-06,TTD,Yang Vivian,,0001209191-19-055507,2019-11-04,S,1263,205.5,42464,D,,,,,,
1671933,2019-11-06,TTD,Yang Vivian,,0001209191-19-055507,2019-11-04,M,902,30.15,43366,D,,,,,,
1671933,2019-11-06,TTD,Yang Vivian,,0001209191-19-055507,2019-11-04,C,1263,0.0,43727,D,,,,,,
1671933,2019-11-07,TTD,Ross Paul,,0001209191-19-055746,2019-11-05,C,905,0.0,37784,D,,,,,,
1671933,2019-11-07,TTD,Ross Paul,,0001209191-19-055746,2019-11-05,S,905,203.59,36879,D,,,,,,
1671933,2019-11-07,TTD,Ross Paul,,0001209191-19-055746,2019-11-05,M,902,30.15,37781,D,,,,,,
1671933,2019-11-13,TTD,WELLS DAVID B,,0001209191-19-056427,2019-11-11,S,10000,216.0,9408,D,,,,,,
1671933,2019-11-13,TTD,WELLS DAVID B,,0001209191-19-056427,2019-11-11,C,10000,0.0,19408,D,,,,,,
1671933,2019-11-13,TTD,WELLS DAVID B,,0001209191-19-056427,2019-05-14,G,5650,0.0,9408,D,,,,,,
1671933,2019-11-13,TTD,Green Jeffrey Terry,,0001209191-19-056348,2019-11-11,C,10000,0.0,99650,D,,,,,,
1671933,2019-11-13,TTD,FALBERG KATHRYN E,,0001209191-19-056430,2019-11-11,S,10286,207.0794,1476,D,,,,,,
1671933,2019-11-13,TTD,Green Jeffrey Terry,,0001209191-19-056348,2019-11-12,C,5000,0.0,94650,D,,,,,,
1671933,2019-11-13,TTD,Green Jeffrey Terry,,0001209191-19-056348,2019-11-11,S,10000,209.66,89650,D,,,,,,
1671933,2019-11-13,TTD,Green Jeffrey Terry,,0001209191-19-056348,2019-11-12,S,5000,228.03,89650,D,,,,,,
1671933,2019-11-14,TTD,Ross Paul,,0001209191-19-056579,2019-11-12,M,1825,142.45,38704,D,,,,,,
1671933,2019-11-14,TTD,Ross Paul,,0001209191-19-056579,2019-11-12,S,1460,225.07,37244,D,,,,,,
1671933,2019-11-18,TTD,VOBEJDA SUSAN,,0001209191-19-056980,2019-11-14,S,1750,230.0,33079,D,,,,,,
1671933,2019-11-18,TTD,VOBEJDA SUSAN,,0001209191-19-056980,2019-11-14,M,1750,48.0,34829,D,,,,,,
1671933,2019-11-21,TTD,Pickles David Randall,,0001209191-19-057633,2019-11-19,S,900,230.16,59223,D,,,,,,
1671933,2019-11-21,TTD,Green Jeffrey Terry,,0001209191-19-057628,2019-11-19,C,5000,0.0,94650,D,,,,,,
1671933,2019-11-21,TTD,Green Jeffrey Terry,,0001209191-19-057628,2019-11-19,S,5000,235.36,89650,D,,,,,,
1671933,2019-11-21,TTD,Pickles David Randall,,0001209191-19-057633,2019-11-19,C,10000,0.0,60123,D,,,,,,
1671933,2019-11-27,TTD,VOBEJDA SUSAN,,0001209191-19-058366,2019-11-26,M,730,142.45,33809,D,,,,,,
1671933,2019-11-27,TTD,VOBEJDA SUSAN,,0001209191-19-058366,2019-11-26,S,730,260.0,33079,D,,,,,,
1671933,2019-12-03,TTD,Yang Vivian,,0001209191-19-058922,2019-12-02,M,902,30.15,41979,D,,,,,,
1671933,2019-12-03,TTD,VOBEJDA SUSAN,,0001209191-19-058920,2019-12-02,M,875,48.0,35260,D,,,,,,
1671933,2019-12-03,TTD,Pickles David Randall,,0001209191-19-058914,2019-12-01,A,5261,0.0,55472,D,,,,,,
1671933,2019-12-03,TTD,Yang Vivian,,0001209191-19-058922,2019-12-02,S,1263,261.12,41077,D,,,,,,
1671933,2019-12-03,TTD,Yang Vivian,,0001209191-19-058922,2019-12-01,F,2963,263.34,44762,D,,,,,,
1671933,2019-12-03,TTD,Ross Paul,,0001209191-19-058916,2019-12-01,F,2963,263.34,33916,D,,,,,,
1671933,2019-12-03,TTD,VOBEJDA SUSAN,,0001209191-19-058920,2019-12-01,A,5261,0.0,38340,D,,,,,,
1671933,2019-12-03,TTD,Yang Vivian,,0001209191-19-058922,2019-12-01,A,5261,0.0,47725,D,,,,,,
1671933,2019-12-03,TTD,Yang Vivian,,0001209191-19-058922,2019-12-02,C,1263,0.0,42340,D,,,,,,
1671933,2019-12-03,TTD,Stempeck Brian John,,0001209191-19-058918,2019-12-01,F,2963,263.34,40456,D,,,,,,
1671933,2019-12-03,TTD,Stempeck Brian John,,0001209191-19-058918,2019-12-01,A,5261,0.0,43419,D,,,,,,
1671933,2019-12-03,TTD,VOBEJDA SUSAN,,0001209191-19-058920,2019-12-01,F,2717,263.34,35623,D,,,,,,
1671933,2019-12-03,TTD,Green Jeffrey Terry,,0001209191-19-058912,2019-12-02,S,706,227.76,75447,D,,,,,,
1671933,2019-12-03,TTD,Pickles David Randall,,0001209191-19-058914,2019-12-01,F,2963,263.34,52509,D,,,,,,
1671933,2019-12-03,TTD,Green Jeffrey Terry,,0001209191-19-058912,2019-12-01,F,4512,263.34,85138,D,,,,,,
1671933,2019-12-03,TTD,VOBEJDA SUSAN,,0001209191-19-058920,2019-12-02,S,875,261.12,34385,D,,,,,,
1671933,2019-12-04,TTD,Paley Eric B,,0001209191-19-059184,2019-12-02,S,40,229.46,28767,D,,,,,,
1671933,2019-12-04,TTD,Paley Eric B,,0001209191-19-059184,2019-12-04,S,2400,246.45,26007,D,,,,,,
1671933,2019-12-05,TTD,Ross Paul,,0001209191-19-059287,2019-12-03,S,905,234.19,30231,D,,,,,,
1671933,2019-12-05,TTD,Ross Paul,,0001209191-19-059287,2019-12-04,S,457,239.86,23474,D,,,,,,
1671933,2019-12-05,TTD,Ross Paul,,0001209191-19-059287,2019-12-03,C,905,0.0,31136,D,,,,,,
1671933,2019-12-05,TTD,Ross Paul,,0001209191-19-059287,2019-12-03,M,902,30.15,31133,D,,,,,,
1671933,2019-12-06,TTD,Yang Vivian,,0001209191-19-059525,2019-12-04,S,3745,240.0,37332,D,,,,,,
1671933,2019-12-06,TTD,Yang Vivian,,0001209191-19-059525,2019-12-06,S,5086,249.97,32246,D,,,,,,
1671933,2019-12-06,TTD,VOBEJDA SUSAN,,0001209191-19-059507,2019-12-04,S,3475,240.0,30910,D,,,,,,
1671933,2019-12-11,TTD,Green Jeffrey Terry,,0001209191-19-060102,2019-12-09,A,15457,0.0,81610,D,,,,,,
1671933,2019-12-17,TTD,Stempeck Brian John,,0001209191-19-060996,2019-12-16,C,4449,0.0,39831,D,,,,,,
1671933,2019-12-17,TTD,Stempeck Brian John,,0001209191-19-060996,2019-12-13,C,83784,0.0,120555,D,,,,,,
1671933,2019-12-17,TTD,Pickles David Randall,,0001209191-19-061052,2019-12-17,C,15000,0.0,63824,D,,,,,,
1671933,2019-12-17,TTD,Stempeck Brian John,,0001209191-19-060996,2019-12-13,S,2348,245.74,118207,D,,,,,,
1671933,2019-12-17,TTD,Stempeck Brian John,,0001209191-19-060996,2019-12-16,S,700,251.65,36071,D,,,,,,
1671933,2019-12-17,TTD,Pickles David Randall,,0001209191-19-061052,2019-12-17,S,2175,248.59,61649,D,,,,,,
1671933,2019-12-26,TTD,Stempeck Brian John,,0001209191-19-061994,2019-12-23,M,5838,30.15,41220,D,,,,,,
1671933,2019-12-26,TTD,Stempeck Brian John,,0001209191-19-061994,2019-12-23,S,200,265.25,41020,D,,,,,,
1671933,2019-12-31,TTD,Ross Paul,,0001209191-19-062340,2019-12-09,G,309,0.0,23165,D,,,,,,
1671933,2019-12-31,TTD,GRAYSON BLAKE JEFFREY,,0001209191-19-062336,2019-12-27,A,13010,0.0,13010,D,,,,,,
1671933,2020-01-02,TTD,Stempeck Brian John,,0001209191-20-000449,2019-12-30,S,778,252.36,36564,D,,,,,,
1671933,2020-01-02,TTD,Stempeck Brian John,,0001209191-20-000449,2019-12-30,M,1960,30.15,37342,D,,,,,,
1671933,2020-01-06,TTD,VOBEJDA SUSAN,,0001209191-20-001789,2020-01-02,M,875,48.0,31785,D,,,,,,
1671933,2020-01-06,TTD,Green Jeffrey Terry,,0001209191-20-002154,2020-01-02,C,9693,0.0,91303,D,,,,,,
1671933,2020-01-06,TTD,Yang Vivian,,0001209191-20-001812,2020-01-02,S,1263,263.52,28735,D,,,,,,
1671933,2020-01-06,TTD,VOBEJDA SUSAN,,0001209191-20-001789,2020-01-02,S,875,263.52,30910,D,,,,,,
1671933,2020-01-06,TTD,Green Jeffrey Terry,,0001209191-20-002154,2020-01-02,S,100,261.77,91203,D,,,,,,
1671933,2020-01-06,TTD,Yang Vivian,,0001209191-20-001812,2020-01-02,C,1263,0.0,29998,D,,,,,,
1671933,2020-01-06,TTD,Yang Vivian,,0001209191-20-001812,2020-01-02,M,902,30.15,29637,D,,,,,,
1671933,2020-01-08,TTD,Stempeck Brian John,,0001209191-20-002511,2020-01-06,S,200,266.44,38304,D,,,,,,
1671933,2020-01-08,TTD,Stempeck Brian John,,0001209191-20-002511,2020-01-06,M,3122,48.0,38504,D,,,,,,
1671933,2020-01-15,TTD,Stempeck Brian John,,0001209191-20-003555,2020-01-13,M,2124,30.15,37506,D,,,,,,
1671933,2020-01-15,TTD,WELLS DAVID B,,0001209191-20-003537,2020-01-13,C,10000,0.0,19408,D,,,,,,
1671933,2020-01-15,TTD,WELLS DAVID B,,0001209191-20-003537,2020-01-13,S,1700,279.61,17708,D,,,,,,
1671933,2020-01-15,TTD,Stempeck Brian John,,0001209191-20-003555,2020-01-13,C,2415,0.0,37797,D,,,,,,
1671933,2020-01-15,TTD,Stempeck Brian John,,0001209191-20-003555,2020-01-13,S,300,281.61,37497,D,,,,,,
1671933,2020-02-05,TTD,Green Jeffrey Terry,,0001209191-20-007008,2020-02-03,C,10000,0.0,91303,D,,,,,,
1671933,2020-02-05,TTD,WELLS DAVID B,,0001209191-20-007027,2020-02-04,C,5000,0.0,14408,D,,,,,,
1671933,2020-02-05,TTD,Yang Vivian,,0001209191-20-006979,2020-02-03,S,1263,266.03,28735,D,,,,,,
1671933,2020-02-05,TTD,VOBEJDA SUSAN,,0001209191-20-006981,2020-02-03,S,875,266.03,30910,D,,,,,,
1671933,2020-02-05,TTD,Green Jeffrey Terry,,0001209191-20-007008,2020-02-03,S,1000,267.35,90303,D,,,,,,
1671933,2020-02-05,TTD,Yang Vivian,,0001209191-20-006979,2020-02-03,M,902,30.15,29637,D,,,,,,
1671933,2020-02-05,TTD,VOBEJDA SUSAN,,0001209191-20-006981,2020-02-03,M,875,48.0,31785,D,,,,,,
1671933,2020-02-05,TTD,Yang Vivian,,0001209191-20-006979,2020-02-03,C,1263,0.0,29998,D,,,,,,
1671933,2020-02-05,TTD,WELLS DAVID B,,0001209191-20-007027,2020-02-04,S,5000,300.0,9408,D,,,,,,
1671933,2020-02-27,TTD,Green Jeffrey Terry,,0001209191-20-013595,2020-02-25,M,45509,30.15,126812,D,,,,,,
1671933,2020-03-03,TTD,Falk Thomas,,0001104659-20-028729,2020-03-03,S,27138,280.15,13593,I,,,,,,
1671933,2020-03-04,TTD,VOBEJDA SUSAN,,0001209191-20-016138,2020-03-02,S,875,295.51,30910,D,,,,,,
1671933,2020-03-04,TTD,VOBEJDA SUSAN,,0001209191-20-016138,2020-03-02,M,875,48.0,31785,D,,,,,,
1671933,2020-03-04,TTD,Yang Vivian,,0001209191-20-016127,2020-03-02,M,902,30.15,29637,D,,,,,,
1671933,2020-03-04,TTD,Yang Vivian,,0001209191-20-016127,2020-03-02,S,1263,295.51,28735,D,,,,,,
1671933,2020-03-04,TTD,Yang Vivian,,0001209191-20-016127,2020-03-02,C,1263,0.0,29998,D,,,,,,
1671933,2020-03-05,TTD,Paley Eric B,,0001209191-20-016639,2020-03-02,S,41,277.25,29164,D,,,,,,
1671933,2020-03-05,TTD,Paley Eric B,,0001209191-20-016639,2020-03-03,S,1406,283.41,27399,D,,,,,,
1671933,2020-03-06,TTD,Pickles David Randall,,0001209191-20-017074,2020-03-04,M,27288,30.15,76112,D,,,,,,
1671933,2020-03-06,TTD,Pickles David Randall,,0001209191-20-017074,2020-03-04,C,22550,0.0,71374,D,,,,,,
1671933,2020-03-06,TTD,Pickles David Randall,,0001209191-20-017074,2020-03-04,S,1400,267.82,69974,D,,,,,,
1671933,2020-04-08,TTD,Yang Vivian,,0001209191-20-023968,2020-04-07,C,1263,0.0,29998,D,,,,,,
1671933,2020-04-08,TTD,Yang Vivian,,0001209191-20-023968,2020-04-07,S,1263,205.0,28735,D,,,,,,
1671933,2020-04-08,TTD,Yang Vivian,,0001209191-20-023968,2020-04-07,M,902,30.15,29637,D,,,,,,
1671933,2020-04-16,TTD,VOBEJDA SUSAN,,0001209191-20-024655,2020-04-14,M,875,48.0,31785,D,,,,,,
1671933,2020-04-16,TTD,VOBEJDA SUSAN,,0001209191-20-024655,2020-04-14,S,875,231.87,30910,D,,,,,,
1671933,2020-04-27,TTD,VOBEJDA SUSAN,,0001209191-20-025827,2020-04-23,M,365,142.45,31275,D,,,,,,
1671933,2020-04-27,TTD,VOBEJDA SUSAN,,0001209191-20-025827,2020-04-23,S,365,260.0,30910,D,,,,,,
1671933,2020-05-01,TTD,Falk Thomas,,0001104659-20-055445,2020-04-30,S,11606,300.26,300,I,,,,,,
1671933,2020-05-06,TTD,Yang Vivian,,0001209191-20-027475,2020-05-04,M,902,30.15,29637,D,,,,,,
1671933,2020-05-06,TTD,VOBEJDA SUSAN,,0001209191-20-027479,2020-05-04,S,875,274.22,30910,D,,,,,,
1671933,2020-05-06,TTD,Yang Vivian,,0001209191-20-027475,2020-05-04,S,1263,274.22,28735,D,,,,,,
1671933,2020-05-06,TTD,Yang Vivian,,0001209191-20-027475,2020-05-04,C,1263,0.0,29998,D,,,,,,
1671933,2020-05-06,TTD,VOBEJDA SUSAN,,0001209191-20-027479,2020-05-04,M,875,48.0,31785,D,,,,,,
1671933,2020-05-11,TTD,Falk Thomas,,0001104659-20-059748,2020-05-11,S,1000,305.91,9640,D,,,,,,
1671933,2020-05-13,TTD,Paley Eric B,,0001209191-20-028917,2020-05-11,S,2500,305.59,24399,D,,,,,,
1671933,2020-05-13,TTD,VOBEJDA SUSAN,,0001209191-20-028909,2020-05-11,S,448,306.95,30462,D,,,,,,
1671933,2020-05-19,TTD,Pickles David Randall,,0001209191-20-030732,2020-05-15,A,5383,0.0,54381,D,,,,,,
1671933,2020-05-19,TTD,GRAYSON BLAKE JEFFREY,,0001209191-20-030728,2020-05-15,A,5383,0.0,23247,D,,,,,,
1671933,2020-05-19,TTD,VOBEJDA SUSAN,,0001209191-20-030740,2020-05-15,A,5383,0.0,36155,D,,,,,,
1671933,2020-05-19,TTD,Stempeck Brian John,,0001209191-20-030737,2020-05-15,A,5383,0.0,40965,D,,,,,,
1671933,2020-05-19,TTD,Green Jeffrey Terry,,0001209191-20-030726,2020-05-15,A,21535,0.0,218233,D,,,,,,
1671933,2020-05-20,TTD,Green Jeffrey Terry,,0001209191-20-031070,2020-05-20,S,15028,301.46,218233,D,,,,,,
1671933,2020-05-20,TTD,Green Jeffrey Terry,,0001209191-20-031070,2020-05-20,C,15028,0.0,233261,D,,,,,,
1671933,2020-05-20,TTD,Green Jeffrey Terry,,0001209191-20-031070,2020-05-19,S,12995,301.22,218233,D,,,,,,
1671933,2020-05-20,TTD,Green Jeffrey Terry,,0001209191-20-031070,2020-05-18,S,87368,301.48,385748,D,,,,,,
1671933,2020-05-20,TTD,Green Jeffrey Terry,,0001209191-20-031070,2020-05-18,C,254883,0.0,473116,D,,,,,,
1671933,2020-05-20,TTD,Green Jeffrey Terry,,0001209191-20-031070,2020-05-19,C,12995,0.0,231228,D,,,,,,
1671933,2020-05-22,TTD,VOBEJDA SUSAN,,0001209191-20-031698,2020-05-21,S,511,305.0,35644,D,,,,,,
1671933,2020-05-28,TTD,Buyer Lise J,,0001209191-20-032792,2020-05-26,A,901,0.0,11416,D,,,,,,
1671933,2020-05-28,TTD,FALBERG KATHRYN E,,0001209191-20-032793,2020-05-26,A,901,0.0,2377,D,,,,,,
1671933,2020-05-28,TTD,Falk Thomas,,0001209191-20-032795,2020-05-26,A,901,0.0,1901,D,,,,,,
1671933,2020-05-28,TTD,WELLS DAVID B,,0001209191-20-032799,2020-05-26,A,901,0.0,10309,D,,,,,,
1671933,2020-05-28,TTD,Rajaram Gokul,,0001209191-20-032798,2020-05-26,A,901,0.0,6846,D,,,,,,
1671933,2020-05-28,TTD,Paley Eric B,,0001209191-20-032796,2020-05-26,A,901,0.0,25300,D,,,,,,
1671933,2020-06-04,TTD,VOBEJDA SUSAN,,0001209191-20-034555,2020-06-04,S,1095,350.27,35644,D,,,,,,
1671933,2020-06-04,TTD,Yang Vivian,,0001209191-20-034482,2020-06-02,M,902,30.15,29947,D,,,,,,
1671933,2020-06-04,TTD,VOBEJDA SUSAN,,0001209191-20-034555,2020-06-02,M,875,48.0,36519,D,,,,,,
1671933,2020-06-04,TTD,VOBEJDA SUSAN,,0001209191-20-034555,2020-06-04,M,1095,142.45,36739,D,,,,,,
1671933,2020-06-04,TTD,Yang Vivian,,0001209191-20-034482,2020-06-02,C,1263,0.0,30308,D,,,,,,
1671933,2020-06-04,TTD,Yang Vivian,,0001209191-20-034482,2020-06-02,S,1263,310.01,29045,D,,,,,,
1671933,2020-06-04,TTD,VOBEJDA SUSAN,,0001209191-20-034555,2020-06-02,S,875,310.01,35644,D,,,,,,
1671933,2020-06-05,TTD,WELLS DAVID B,,0001209191-20-034812,2020-06-03,M,6639,54.52,17256,D,,,,,,
1671933,2020-06-05,TTD,WELLS DAVID B,,0001209191-20-034812,2020-06-03,S,6639,350.0,10617,D,,,,,,
1671933,2020-06-12,TTD,Yang Vivian,,0001209191-20-036267,2020-06-10,S,1234,369.72,29045,D,,,,,,
1671933,2020-06-12,TTD,Yang Vivian,,0001209191-20-036267,2020-06-10,M,1234,263.34,30279,D,,,,,,
1671933,2020-06-16,TTD,Stempeck Brian John,,0001209191-20-037097,2020-06-12,M,3220,30.15,44185,D,,,,,,
1671933,2020-06-16,TTD,Stempeck Brian John,,0001209191-20-037097,2020-06-12,S,300,343.92,41532,D,,,,,,
1671933,2020-06-16,TTD,Stempeck Brian John,,0001209191-20-037097,2020-06-12,C,867,0.0,41832,D,,,,,,
1671933,2020-06-17,TTD,Yang Vivian,,0001209191-20-037338,2020-06-15,S,1263,370.66,29045,D,,,,,,
1671933,2020-06-17,TTD,Paley Eric B,,0001209191-20-037321,2020-06-15,S,4,345.55,25496,D,,,,,,
1671933,2020-06-17,TTD,Yang Vivian,,0001209191-20-037338,2020-06-15,C,1263,0.0,30308,D,,,,,,
1671933,2020-06-23,TTD,WELLS DAVID B,,0001209191-20-038564,2020-06-19,M,2840,54.52,13457,D,,,,,,
1671933,2020-06-23,TTD,WELLS DAVID B,,0001209191-20-038564,2020-06-19,S,2840,400.0,10617,D,,,,,,
1671933,2020-07-14,TTD,VOBEJDA SUSAN,,0001209191-20-042425,2020-07-10,S,875,461.15,35644,D,,,,,,
1671933,2020-07-14,TTD,VOBEJDA SUSAN,,0001209191-20-042425,2020-07-10,M,875,48.0,36519,D,,,,,,
1671933,2020-08-05,TTD,VOBEJDA SUSAN,,0001209191-20-045199,2020-08-03,M,875,48.0,36519,D,,,,,,
1671933,2020-08-05,TTD,VOBEJDA SUSAN,,0001209191-20-045199,2020-08-03,S,875,456.0,35644,D,,,,,,
1671933,2020-08-11,TTD,GRAYSON BLAKE JEFFREY,,0001209191-20-046162,2020-08-07,M,37,272.35,23284,D,,,,,,
1671933,2020-08-11,TTD,GRAYSON BLAKE JEFFREY,,0001209191-20-046162,2020-08-07,S,37,500.0,23247,D,,,,,,
1671933,2020-08-18,TTD,Pickles David Randall,,0001209191-20-047328,2020-08-15,F,167,465.6,54214,D,,,,,,
1671933,2020-08-18,TTD,Green Jeffrey Terry,,0001209191-20-047324,2020-08-15,F,667,465.6,88447,D,,,,,,
1671933,2020-08-18,TTD,GRAYSON BLAKE JEFFREY,,0001209191-20-047322,2020-08-15,F,82,465.6,23165,D,,,,,,
1671933,2020-08-18,TTD,GRAYSON BLAKE JEFFREY,,0001209191-20-047322,2020-08-18,S,83,477.5,23082,D,,,,,,
1671933,2020-08-18,TTD,Stempeck Brian John,,0001209191-20-047333,2020-08-15,F,167,465.6,34041,D,,,,,,
1671933,2020-08-18,TTD,VOBEJDA SUSAN,,0001209191-20-047331,2020-08-15,F,179,465.6,35465,D,,,,,,
1671933,2020-08-18,TTD,VOBEJDA SUSAN,,0001209191-20-047331,2020-08-18,S,157,477.5,35308,D,,,,,,
1671933,2020-09-02,TTD,GRAYSON BLAKE JEFFREY,,0001209191-20-049233,2020-09-01,M,53,272.35,23135,D,,,,,,
1671933,2020-09-02,TTD,GRAYSON BLAKE JEFFREY,,0001209191-20-049233,2020-09-01,S,53,500.0,23082,D,,,,,,
1671933,2020-09-03,TTD,VOBEJDA SUSAN,,0001209191-20-049555,2020-09-02,M,875,48.0,36183,D,,,,,,
1671933,2020-09-03,TTD,VOBEJDA SUSAN,,0001209191-20-049555,2020-09-02,S,875,510.98,35308,D,,,,,,
1671933,2020-09-03,TTD,Paley Eric B,,0001209191-20-049492,2020-09-01,S,4,486.66,23996,D,,,,,,
1671933,2020-09-21,TTD,GRAYSON BLAKE JEFFREY,,0001209191-20-051326,2020-09-17,S,83,423.01,22999,D,,,,,,
1671933,2020-09-21,TTD,Stempeck Brian John,,0001209191-20-051328,2020-09-17,M,5800,30.15,39841,D,,,,,,
1671933,2020-10-01,TTD,GRAYSON BLAKE JEFFREY,,0001209191-20-052648,2020-09-29,M,66,272.35,23065,D,,,,,,
1671933,2020-10-01,TTD,GRAYSON BLAKE JEFFREY,,0001209191-20-052648,2020-09-29,S,66,500.0,22999,D,,,,,,
1671933,2020-10-05,TTD,VOBEJDA SUSAN,,0001209191-20-053879,2020-10-02,M,875,48.0,36183,D,,,,,,
1671933,2020-10-05,TTD,VOBEJDA SUSAN,,0001209191-20-053879,2020-10-02,S,875,533.77,35308,D,,,,,,
1671933,2020-10-07,TTD,GRANT JAY R,,0001209191-20-054207,2020-10-05,A,2648,0.0,2648,D,,,,,,
1671933,2020-10-19,TTD,Stempeck Brian John,,0001209191-20-055270,2020-10-15,M,902,30.15,40743,D,,,,,,
1671933,2020-10-21,TTD,GRAYSON BLAKE JEFFREY,,0001209191-20-055466,2020-10-19,S,79,608.59,22999,D,,,,,,
1671933,2020-10-21,TTD,GRAYSON BLAKE JEFFREY,,0001209191-20-055466,2020-10-19,M,79,272.35,23078,D,,,,,,
1671933,2020-11-04,TTD,VOBEJDA SUSAN,,0001209191-20-056977,2020-11-02,S,875,571.54,35308,D,,,,,,
1671933,2020-11-04,TTD,Stempeck Brian John,,0001209191-20-057072,2020-11-02,G,16139,0.0,33872,D,,,,,,
1671933,2020-11-04,TTD,VOBEJDA SUSAN,,0001209191-20-056977,2020-11-02,M,875,48.0,36183,D,,,,,,
1671933,2020-11-09,TTD,VOBEJDA SUSAN,,0001209191-20-057539,2020-11-01,F,1837,566.45,33471,D,,,,,,
1671933,2020-11-09,TTD,VOBEJDA SUSAN,,0001209191-20-057539,2020-11-05,S,1913,651.62,31558,D,,,,,,
1671933,2020-11-09,TTD,VOBEJDA SUSAN,,0001209191-20-057539,2020-11-09,M,2263,263.34,33821,D,,,,,,
1671933,2020-11-09,TTD,VOBEJDA SUSAN,,0001209191-20-057539,2020-11-09,S,2263,800.0,31558,D,,,,,,
1671933,2020-11-10,TTD,Paley Eric B,,0001209191-20-057764,2020-11-09,S,368,792.6,22132,D,,,,,,
1671933,2020-11-17,TTD,Pickles David Randall,,0001209191-20-058951,2020-11-15,F,167,734.77,54138,D,,,,,,
1671933,2020-11-17,TTD,Green Jeffrey Terry,,0001209191-20-058948,2020-11-15,F,668,734.77,87779,D,,,,,,
1671933,2020-11-17,TTD,Stempeck Brian John,,0001209191-20-058953,2020-11-15,F,167,734.77,33705,D,,,,,,
1671933,2020-11-17,TTD,GRAYSON BLAKE JEFFREY,,0001209191-20-058942,2020-11-15,F,133,734.77,22862,D,,,,,,
1671933,2020-11-17,TTD,VOBEJDA SUSAN,,0001209191-20-058955,2020-11-15,F,165,734.77,31393,D,,,,,,
1671933,2020-11-19,TTD,GRAYSON BLAKE JEFFREY,,0001209191-20-059407,2020-11-17,S,90,753.43,22862,D,,,,,,
1671933,2020-11-19,TTD,GRAYSON BLAKE JEFFREY,,0001209191-20-059407,2020-11-18,S,68,786.5,22794,D,,,,,,
1671933,2020-11-19,TTD,GRAYSON BLAKE JEFFREY,,0001209191-20-059407,2020-11-17,M,90,272.35,22952,D,,,,,,
1671933,2020-11-20,TTD,VOBEJDA SUSAN,,0001209191-20-059701,2020-11-18,S,171,786.5,31222,D,,,,,,
1671933,2020-11-20,TTD,VOBEJDA SUSAN,,0001209191-20-059701,2020-11-19,M,202,300.01,31424,D,,,,,,
1671933,2020-11-20,TTD,VOBEJDA SUSAN,,0001209191-20-059701,2020-11-19,S,202,820.0,31222,D,,,,,,
1671933,2020-11-23,TTD,FALBERG KATHRYN E,,0001209191-20-060016,2020-11-19,C,20000,0.0,22641,D,,,,,,
1671933,2020-11-23,TTD,FALBERG KATHRYN E,,0001209191-20-060016,2020-11-19,S,232,806.63,22409,D,,,,,,
1671933,2020-12-03,TTD,VOBEJDA SUSAN,,0001209191-20-061688,2020-12-03,S,4461,872.06,22477,D,,,,,,
1671933,2020-12-03,TTD,Pickles David Randall,,0001209191-20-061685,2020-12-01,F,2963,890.13,51175,D,,,,,,
1671933,2020-12-03,TTD,Stempeck Brian John,,0001209191-20-061682,2020-12-01,F,2963,890.13,30742,D,,,,,,
1671933,2020-12-03,TTD,Green Jeffrey Terry,,0001209191-20-061680,2020-12-01,F,4512,890.13,83267,D,,,,,,
1671933,2020-12-03,TTD,VOBEJDA SUSAN,,0001209191-20-061688,2020-12-01,F,2500,890.13,28722,D,,,,,,
1671933,2020-12-03,TTD,VOBEJDA SUSAN,,0001209191-20-061688,2020-12-02,M,875,48.0,27813,D,,,,,,
1671933,2020-12-03,TTD,Paley Eric B,,0001209191-20-061696,2020-12-01,S,7,878.11,19493,D,,,,,,
1671933,2020-12-03,TTD,VOBEJDA SUSAN,,0001209191-20-061688,2020-12-02,S,875,871.0,26938,D,,,,,,
1671933,2020-12-11,TTD,Green Jeffrey Terry,,0001209191-20-063023,2020-12-09,F,1916,885.26,72366,D,,,,,,
1671933,2020-12-16,TTD,Stempeck Brian John,,0001209191-20-063914,2020-12-14,S,300,905.97,26105,D,,,,,,
1671933,2020-12-16,TTD,Stempeck Brian John,,0001209191-20-063918,2020-12-14,S,793,922.13,9339,I,,,,,,
1671933,2020-12-18,TTD,GRAYSON BLAKE JEFFREY,,0001209191-20-064517,2020-12-16,F,1280,939.72,21514,D,,,,,,
1671933,2020-12-18,TTD,GRAYSON BLAKE JEFFREY,,0001209191-20-064517,2020-12-18,M,572,272.35,21608,D,,,,,,
1671933,2020-12-18,TTD,GRAYSON BLAKE JEFFREY,,0001209191-20-064517,2020-12-18,S,572,949.95,21036,D,,,,,,
1671933,2020-12-23,TTD,Pickles David Randall,,0001209191-20-065125,2020-12-21,S,200,923.47,78934,D,,,,,,
1671933,2020-12-23,TTD,Pickles David Randall,,0001209191-20-065128,2020-12-21,S,179,956.67,47906,D,,,,,,
1671933,2020-12-23,TTD,Pickles David Randall,,0001209191-20-065125,2020-12-21,M,16012,30.15,62850,D,,,,,,
1671933,2020-12-28,TTD,Green Jeffrey Terry,,0001209191-20-065301,2020-12-24,C,928,0.0,928,I,,,,,,
1671933,2020-12-28,TTD,Green Jeffrey Terry,,0001209191-20-065301,2020-12-24,S,928,942.71,0,I,,,,,,
1671933,2020-12-30,TTD,Green Jeffrey Terry,,0001209191-20-065576,2020-12-28,C,12000,0.0,12000,I,,,,,,
1671933,2020-12-30,TTD,Green Jeffrey Terry,,0001209191-20-065576,2020-12-30,G,12000,0.0,0,I,,,,,,
1671933,2021-01-06,TTD,Stempeck Brian John,,0001209191-21-002334,2021-01-04,C,858,0.0,20263,D,,,,,,
1671933,2021-01-06,TTD,Stempeck Brian John,,0001209191-21-002334,2021-01-04,S,340,802.84,19923,D,,,,,,
1671933,2021-01-14,TTD,Green Jeffrey Terry,,0001209191-21-003706,2021-01-12,C,101912,0.0,101912,I,,,,,,
1671933,2021-01-14,TTD,Green Jeffrey Terry,,0001209191-21-003706,2021-01-12,S,200,783.34,101712,I,,,,,,
1671933,2021-01-14,TTD,Green Jeffrey Terry,,0001209191-21-003714,2021-01-13,S,320,815.35,0,I,,,,,,
1671933,2021-01-14,TTD,Green Jeffrey Terry,,0001209191-21-003712,2021-01-13,S,2830,784.08,68373,I,,,,,,
1671933,2021-01-14,TTD,Green Jeffrey Terry,,0001209191-21-003706,2021-01-13,C,71203,0.0,71203,I,,,,,,
1671933,2021-01-19,TTD,Green Jeffrey Terry,,0001209191-21-004132,2021-01-14,C,46924,0.0,46924,I,,,,,,
1671933,2021-01-19,TTD,Green Jeffrey Terry,,0001209191-21-004132,2021-01-14,S,5840,777.93,41084,I,,,,,,
1671933,2021-01-21,TTD,Pickles David Randall,,0001209191-21-004692,2021-01-19,M,875,48.0,47713,D,,,,,,
1671933,2021-01-21,TTD,Pickles David Randall,,0001209191-21-004692,2021-01-19,S,875,792.27,46838,D,,,,,,
1671933,2021-01-21,TTD,GRAYSON BLAKE JEFFREY,,0001209191-21-004688,2021-01-19,M,529,272.35,20604,D,,,,,,
1671933,2021-01-21,TTD,GRAYSON BLAKE JEFFREY,,0001209191-21-004688,2021-01-19,S,529,792.27,20075,D,,,,,,
1671933,2021-02-01,TTD,Green Jeffrey Terry,,0001209191-21-006588,2021-02-01,C,48009,0.0,48009,I,,,,,,
1671933,2021-02-01,TTD,Green Jeffrey Terry,,0001209191-21-006588,2021-02-01,S,9576,791.41,38433,I,,,,,,
1671933,2021-02-01,TTD,Green Jeffrey Terry,,0001209191-21-006586,2021-01-29,C,600,0.0,600,I,,,,,,
1671933,2021-02-01,TTD,Green Jeffrey Terry,,0001209191-21-006586,2021-01-28,S,2585,791.35,51862,I,,,,,,
1671933,2021-02-01,TTD,Green Jeffrey Terry,,0001209191-21-006586,2021-01-29,S,100,791.16,500,I,,,,,,
1671933,2021-02-01,TTD,Green Jeffrey Terry,,0001209191-21-006586,2021-01-28,C,54447,0.0,54447,I,,,,,,
1671933,2021-02-17,TTD,Green Jeffrey Terry,,0001209191-21-011616,2021-02-12,C,45851,0.0,45851,I,,,,,,
1671933,2021-02-17,TTD,Green Jeffrey Terry,,0001209191-21-011616,2021-02-16,S,5697,858.67,68176,I,,,,,,
1671933,2021-02-17,TTD,GRAYSON BLAKE JEFFREY,,0001209191-21-011610,2021-02-17,M,527,272.35,19560,D,,,,,,
1671933,2021-02-17,TTD,Green Jeffrey Terry,,0001209191-21-011616,2021-02-12,S,3228,858.72,42623,I,,,,,,
1671933,2021-02-17,TTD,Green Jeffrey Terry,,0001209191-21-011619,2021-02-16,S,4632,869.76,21883,I,,,,,,
1671933,2021-02-17,TTD,Green Jeffrey Terry,,0001209191-21-011616,2021-02-01,S,4255,864.84,16955,I,,,,,,
1671933,2021-02-17,TTD,Green Jeffrey Terry,,0001209191-21-011616,2021-02-15,F,496,864.0,71870,D,,,,,,
1671933,2021-02-17,TTD,GRAYSON BLAKE JEFFREY,,0001209191-21-011610,2021-02-17,S,527,851.0,19033,D,,,,,,
1671933,2021-02-17,TTD,GRAYSON BLAKE JEFFREY,,0001209191-21-011610,2021-02-15,F,83,864.0,19033,D,,,,,,
1671933,2021-02-17,TTD,Pickles David Randall,,0001209191-21-011556,2021-02-15,F,117,864.0,46721,D,,,,,,
1671933,2021-02-17,TTD,Pickles David Randall,,0001209191-21-011556,2021-02-16,S,875,869.53,46721,D,,,,,,
1671933,2021-02-17,TTD,Pickles David Randall,,0001209191-21-011556,2021-02-16,M,875,48.0,47596,D,,,,,,
1671933,2021-02-17,TTD,Green Jeffrey Terry,,0001209191-21-011616,2021-02-16,C,73873,0.0,73873,I,,,,,,
1671933,2021-02-17,TTD,VOBEJDA SUSAN,,0001209191-21-011560,2021-02-15,F,119,864.0,22358,D,,,,,,
1671933,2021-02-22,TTD,GRAYSON BLAKE JEFFREY,,0001209191-21-012927,2021-02-18,S,83,835.69,18028,D,,,,,,
1671933,2021-02-23,TTD,VOBEJDA SUSAN,,0001209191-21-013415,2021-02-19,S,1750,900.0,22358,D,,,,,,
1671933,2021-02-23,TTD,VOBEJDA SUSAN,,0001209191-21-013415,2021-02-19,M,1750,48.0,24108,D,,,,,,
1671933,2021-02-24,TTD,Paley Eric B,,0001209191-21-014094,2021-02-22,S,3500,880.01,15596,D,,,,,,
1671933,2021-03-03,TTD,Paley Eric B,,0001209191-21-017038,2021-03-01,S,54,805.09,15542,D,,,,,,
1671933,2021-03-04,TTD,Green Jeffrey Terry,,0001209191-21-017985,2021-03-02,S,1338,824.71,6865,I,,,,,,
1671933,2021-03-04,TTD,Green Jeffrey Terry,,0001209191-21-017985,2021-03-02,C,8203,0.0,8203,I,,,,,,
1671933,2021-03-04,TTD,Buyer Lise J,,0001209191-21-018012,2021-03-02,A,7,814.35,11683,D,,,,,,
1671933,2021-03-18,TTD,Pickles David Randall,,0001209191-21-021840,2021-03-16,M,875,48.0,47596,D,,,,,,
1671933,2021-03-18,TTD,Pickles David Randall,,0001209191-21-021840,2021-03-16,S,875,764.3,46721,D,,,,,,
1671933,2021-03-19,TTD,GRAYSON BLAKE JEFFREY,,0001209191-21-022167,2021-03-17,S,525,744.26,18028,D,,,,,,
1671933,2021-03-19,TTD,GRAYSON BLAKE JEFFREY,,0001209191-21-022167,2021-03-17,M,525,272.35,18553,D,,,,,,
1671933,2021-03-19,TTD,Green Jeffrey Terry,,0001209191-21-022171,2021-03-17,S,5154,761.61,36898,I,,,,,,
1671933,2021-03-19,TTD,Green Jeffrey Terry,,0001209191-21-022171,2021-03-17,C,42052,0.0,42052,I,,,,,,
1671933,2021-03-31,TTD,GRAYSON BLAKE JEFFREY,,0001209191-21-023863,2021-03-29,S,1000,675.0,17945,D,,,,,,
1671933,2021-03-31,TTD,GRAYSON BLAKE JEFFREY,,0001209191-21-023863,2021-03-29,M,1000,272.35,18945,D,,,,,,
1671933,2021-04-05,TTD,Green Jeffrey Terry,,0001209191-21-025454,2021-04-01,C,13123,0.0,13123,I,,,,,,
1671933,2021-04-05,TTD,Green Jeffrey Terry,,0001209191-21-025454,2021-04-01,S,3797,675.38,9326,I,,,,,,
1671933,2021-04-08,TTD,Green Jeffrey Terry,,0001209191-21-026116,2021-04-06,C,29008,0.0,29008,I,,,,,,
1671933,2021-04-08,TTD,Green Jeffrey Terry,,0001209191-21-026116,2021-04-06,S,11280,675.48,17728,I,,,,,,
1671933,2021-04-21,TTD,GRAYSON BLAKE JEFFREY,,0001209191-21-027884,2021-04-19,M,1523,272.35,19468,D,,,,,,
1671933,2021-04-21,TTD,Green Jeffrey Terry,,0001209191-21-027886,2021-04-19,C,8006,0.0,8006,I,,,,,,
1671933,2021-04-21,TTD,Green Jeffrey Terry,,0001209191-21-027886,2021-04-19,S,1065,712.22,6941,I,,,,,,
1671933,2021-04-21,TTD,GRAYSON BLAKE JEFFREY,,0001209191-21-027884,2021-04-19,S,1523,700.3,17945,D,,,,,,
1671933,2021-04-23,TTD,Pickles David Randall,,0001209191-21-028187,2021-04-21,S,875,700.0,46721,D,,,,,,
1671933,2021-04-23,TTD,Pickles David Randall,,0001209191-21-028187,2021-04-21,M,875,48.0,47596,D,,,,,,
1671933,2021-04-30,TTD,GRAYSON BLAKE JEFFREY,,0001209191-21-029393,2021-04-28,A,3578,0.0,21435,D,,,,,,
1671933,2021-04-30,TTD,GRANT JAY R,,0001209191-21-029390,2021-04-28,A,3578,0.0,6226,D,,,,,,
1671933,2021-04-30,TTD,Pickles David Randall,,0001209191-21-029397,2021-04-28,A,3578,0.0,50299,D,,,,,,
1671933,2021-04-30,TTD,Hulst Michelle,,0001209191-21-029395,2021-04-28,A,3578,0.0,6089,D,,,,,,
1671933,2021-05-14,TTD,VOBEJDA SUSAN,,0001209191-21-032878,2021-05-12,S,1234,510.74,23416,D,,,,,,
1671933,2021-05-14,TTD,VOBEJDA SUSAN,,0001209191-21-032878,2021-05-12,M,2292,48.0,24650,D,,,,,,
1671933,2021-05-18,TTD,GRAYSON BLAKE JEFFREY,,0001209191-21-033850,2021-05-15,F,133,517.49,21386,D,,,,,,
1671933,2021-05-18,TTD,GRAYSON BLAKE JEFFREY,,0001209191-21-033850,2021-05-18,S,522,507.2,21386,D,,,,,,
1671933,2021-05-18,TTD,GRAYSON BLAKE JEFFREY,,0001209191-21-033850,2021-05-18,M,522,272.35,21908,D,,,,,,
1671933,2021-05-18,TTD,VOBEJDA SUSAN,,0001209191-21-033719,2021-05-15,F,133,517.49,23406,D,,,,,,
1671933,2021-05-18,TTD,Green Jeffrey Terry,,0001209191-21-033707,2021-05-15,F,668,517.49,71202,D,,,,,,
1671933,2021-05-18,TTD,Pickles David Randall,,0001209191-21-033713,2021-05-15,F,167,517.49,50255,D,,,,,,
1671933,2021-05-21,TTD,GRAYSON BLAKE JEFFREY,,0001209191-21-035023,2021-05-19,S,67,500.0,21319,D,,,,,,
1671933,2021-05-25,TTD,VOBEJDA SUSAN,,0001209191-21-035821,2021-05-21,M,333,48.0,23739,D,,,,,,
1671933,2021-06-01,TTD,Rajaram Gokul,,0001209191-21-036984,2021-05-27,A,390,0.0,7288,D,,,,,,
1671933,2021-06-01,TTD,FALBERG KATHRYN E,,0001209191-21-036982,2021-05-27,A,390,0.0,3031,D,,,,,,
1671933,2021-06-01,TTD,Paley Eric B,,0001209191-21-036995,2021-05-27,A,390,0.0,14486,D,,,,,,
1671933,2021-06-01,TTD,Buyer Lise J,,0001209191-21-036980,2021-05-27,A,195,0.0,11878,D,,,,,,
1671933,2021-06-03,TTD,Paley Eric B,,0001209191-21-037910,2021-06-01,S,750,600.0,13821,D,,,,,,
1671933,2021-06-04,TTD,VOBEJDA SUSAN,,0001209191-21-038425,2021-06-02,M,875,48.0,24614,D,,,,,,
1671933,2021-06-04,TTD,VOBEJDA SUSAN,,0001209191-21-038425,2021-06-02,S,875,580.0,23739,D,,,,,,
1671933,2021-06-08,TTD,VOBEJDA SUSAN,,0001209191-21-039071,2021-06-04,D,2329,0.0,15961,D,,,,,,
1671933,2021-06-08,TTD,VOBEJDA SUSAN,,0001209191-21-039071,2021-06-04,S,2215,575.66,26786,D,,,,,,
1671933,2021-06-08,TTD,VOBEJDA SUSAN,,0001209191-21-039071,2021-06-04,M,5262,48.0,29001,D,,,,,,
1671933,2021-06-08,TTD,VOBEJDA SUSAN,,0001209191-21-039071,2021-06-04,F,1476,574.75,22263,D,,,,,,
1671933,2021-06-23,TTD,GRAYSON BLAKE JEFFREY,,0001209191-21-042843,2021-06-21,M,5210,27.235,218400,D,,,,,,
1671933,2021-06-23,TTD,GRAYSON BLAKE JEFFREY,,0001209191-21-042843,2021-06-21,S,5210,61.5,213190,D,,,,,,
1671933,2021-06-28,TTD,GRAYSON BLAKE JEFFREY,,0001209191-21-043563,2021-06-24,M,20000,27.235,232520,D,,,,,,
1671933,2021-06-28,TTD,GRAYSON BLAKE JEFFREY,,0001209191-21-043563,2021-06-24,S,20000,67.5,212520,D,,,,,,
1671933,2021-07-19,TTD,GRAYSON BLAKE JEFFREY,,0001209191-21-047276,2021-07-15,S,690,73.35,211830,D,,,,,,
1671933,2021-07-19,TTD,GRAYSON BLAKE JEFFREY,,0001209191-21-047276,2021-07-19,M,10000,27.235,221830,D,,,,,,
1671933,2021-07-19,TTD,GRAYSON BLAKE JEFFREY,,0001209191-21-047276,2021-07-19,S,7621,68.18,214209,D,,,,,,
1671933,2021-08-17,TTD,Green Jeffrey Terry,,0001209191-21-052029,2021-08-15,F,6674,80.91,705346,D,,,,,,
1671933,2021-08-17,TTD,Green Jeffrey Terry,,0001209191-21-052029,2021-05-27,G,8680,0.0,111320,I,,,,,,
1671933,2021-08-17,TTD,Hulst Michelle,,0001209191-21-052035,2021-08-15,F,2169,80.91,59281,D,,,,,,
1671933,2021-08-17,TTD,Pickles David Randall,,0001209191-21-052033,2021-08-15,F,1671,80.91,500879,D,,,,,,
1671933,2021-08-17,TTD,GRAYSON BLAKE JEFFREY,,0001209191-21-052026,2021-08-17,M,10000,27.235,219625,D,,,,,,
1671933,2021-08-17,TTD,GRANT JAY R,,0001209191-21-052021,2021-08-15,F,853,80.91,61677,D,,,,,,
1671933,2021-08-17,TTD,GRAYSON BLAKE JEFFREY,,0001209191-21-052026,2021-08-15,F,1327,80.91,210503,D,,,,,,
1671933,2021-08-17,TTD,GRAYSON BLAKE JEFFREY,,0001209191-21-052026,2021-08-17,S,8880,78.71,210745,D,,,,,,
1671933,2021-09-03,TTD,Paley Eric B,,0001209191-21-054847,2001-09-01,S,3634,80.3,69280,I,,,,,,
1671933,2021-09-03,TTD,Paley Eric B,,0001209191-21-054847,2021-09-01,S,3844,79.59,134366,D,,,,,,
1671933,2021-09-20,TTD,GRAYSON BLAKE JEFFREY,,0001209191-21-056975,2021-09-16,M,7373,27.235,216998,D,,,,,,
1671933,2021-09-20,TTD,GRAYSON BLAKE JEFFREY,,0001209191-21-056975,2021-09-16,S,7373,70.54,209625,D,,,,,,
1671933,2021-10-05,TTD,GRAYSON BLAKE JEFFREY,,0001209191-21-059664,2021-10-01,M,7373,27.235,213603,D,,,,,,
1671933,2021-10-05,TTD,GRAYSON BLAKE JEFFREY,,0001209191-21-059664,2021-10-01,S,7373,70.03,206230,D,,,,,,
1671933,2021-10-20,TTD,GRAYSON BLAKE JEFFREY,,0001209191-21-061196,2021-10-18,S,5430,78.15,209790,D,,,,,,
1671933,2021-10-20,TTD,GRAYSON BLAKE JEFFREY,,0001209191-21-061196,2021-10-18,M,5080,27.235,211310,D,,,,,,
1671933,2021-11-03,TTD,GRAYSON BLAKE JEFFREY,,0001209191-21-062766,2021-11-01,M,7374,27.235,213604,D,,,,,,
1671933,2021-11-03,TTD,GRAYSON BLAKE JEFFREY,,0001209191-21-062766,2021-11-01,S,11955,74.54,210887,D,,,,,,
1671933,2021-11-16,TTD,Paley Eric B,,0001209191-21-064901,2021-11-12,S,5000,100.04,125710,D,,,,,,
1671933,2021-11-17,TTD,GRAYSON BLAKE JEFFREY,,0001209191-21-065305,2021-11-16,M,5080,27.235,209110,D,,,,,,
1671933,2021-11-17,TTD,Pickles David Randall,,0001209191-21-065309,2021-11-15,F,1666,105.45,498115,D,,,,,,
1671933,2021-11-17,TTD,Pickles David Randall,,0001209191-21-065309,2021-11-16,M,52500,4.8,549504,D,,,,,,
1671933,2021-11-17,TTD,Pickles David Randall,,0001209191-21-065309,2021-11-16,S,52500,110.0,497004,D,,,,,,
1671933,2021-11-17,TTD,GRAYSON BLAKE JEFFREY,,0001209191-21-065305,2021-11-16,S,1174,105.06,207936,D,,,,,,
1671933,2021-11-17,TTD,GRAYSON BLAKE JEFFREY,,0001209191-21-065305,2021-11-15,F,1323,105.45,204912,D,,,,,,
1671933,2021-11-17,TTD,GRANT JAY R,,0001209191-21-065250,2021-11-15,F,3425,105.45,58577,D,,,,,,
1671933,2021-11-17,TTD,Green Jeffrey Terry,,0001209191-21-065290,2021-11-15,F,6674,105.45,698672,D,,,,,,
1671933,2021-11-17,TTD,Green Jeffrey Terry,,0001209191-21-065290,2021-11-15,G,44030,0.0,698672,D,,,,,,
1671933,2021-11-17,TTD,Hulst Michelle,,0001209191-21-065252,2021-11-15,F,779,105.45,57589,D,,,,,,
1671933,2021-11-17,TTD,GRAYSON BLAKE JEFFREY,,0001209191-21-065305,2021-11-17,S,2072,111.38,201958,D,,,,,,
1671933,2021-11-17,TTD,Green Jeffrey Terry,,0001209191-21-065290,2021-11-15,M,26730,3.317,725402,D,,,,,,
1671933,2021-11-23,TTD,FALBERG KATHRYN E,,0001209191-21-066629,2021-11-19,S,80563,108.03,119437,I,,,,,,
1671933,2021-12-02,TTD,GRAYSON BLAKE JEFFREY,,0001209191-21-067654,2021-11-30,M,1270,74.637,201905,D,,,,,,
1671933,2021-12-02,TTD,GRAYSON BLAKE JEFFREY,,0001209191-21-067654,2021-11-30,S,1270,110.0,200635,D,,,,,,
1671933,2021-12-03,TTD,Pickles David Randall,,0001209191-21-067901,2021-12-01,F,25311,95.22,471693,D,,,,,,
1671933,2021-12-03,TTD,Paley Eric B,,0001209191-21-067996,2021-12-01,S,2302,98.36,123408,D,,,,,,
1671933,2021-12-14,TTD,Green Jeffrey Terry,,0001209191-21-069597,2021-12-10,C,403000,0.0,447030,I,,,,,,
1671933,2021-12-14,TTD,Green Jeffrey Terry,,0001209191-21-069597,2021-12-13,G,403000,0.0,44030,I,,,,,,
1671933,2021-12-20,TTD,GRAYSON BLAKE JEFFREY,,0001209191-21-070645,2021-12-16,S,4230,90.91,183914,D,,,,,,
1671933,2021-12-20,TTD,GRAYSON BLAKE JEFFREY,,0001209191-21-070645,2021-12-17,S,12540,84.83,170524,D,,,,,,
1671933,2021-12-20,TTD,GRAYSON BLAKE JEFFREY,,0001209191-21-070645,2021-12-16,F,12797,87.11,187838,D,,,,,,
1671933,2021-12-20,TTD,GRAYSON BLAKE JEFFREY,,0001209191-21-070645,2021-12-16,M,5080,27.235,188144,D,,,,,,
1671933,2022-01-06,TTD,Cunningham Andrea Lee,,0001209191-22-002264,2022-01-01,A,1341,0.0,1341,D,,,,,,
1671933,2022-01-20,TTD,GRAYSON BLAKE JEFFREY,,0001209191-22-004057,2022-01-18,S,282,72.82,169524,D,,,,,,
1671933,2022-01-20,TTD,GRAYSON BLAKE JEFFREY,,0001209191-22-004057,2022-01-18,M,282,27.235,169806,D,,,,,,
1671933,2022-01-25,TTD,Green Jeffrey Terry,,0001209191-22-004898,2022-01-21,G,1070070,0.0,698672,D,,,,,,
1671933,2022-01-25,TTD,Green Jeffrey Terry,,0001209191-22-004898,2022-01-21,M,110580,3.015,809252,D,,,,,,
1671933,2022-02-17,TTD,GRAYSON BLAKE JEFFREY,,0001209191-22-011051,2022-02-17,S,1397,78.31,153189,D,,,,,,
1671933,2022-02-17,TTD,Hulst Michelle,,0001209191-22-010969,2022-02-15,F,600,80.52,55878,D,,,,,,
1671933,2022-02-17,TTD,GRANT JAY R,,0001209191-22-010961,2022-02-15,F,710,80.52,56674,D,,,,,,
1671933,2022-02-17,TTD,GRAYSON BLAKE JEFFREY,,0001209191-22-011051,2022-02-16,S,1298,73.28,161355,D,,,,,,
1671933,2022-02-17,TTD,Pickles David Randall,,0001209191-22-010975,2022-02-15,F,1223,80.52,452417,D,,,,,,
1671933,2022-02-17,TTD,GRAYSON BLAKE JEFFREY,,0001209191-22-011051,2022-02-15,F,838,80.52,161916,D,,,,,,
1671933,2022-02-17,TTD,GRAYSON BLAKE JEFFREY,,0001209191-22-011051,2022-02-16,M,1298,27.235,162653,D,,,,,,
1671933,2022-02-24,TTD,Cunningham Andrea Lee,,0001209191-22-012849,2022-02-22,A,16,78.47,2107,D,,,,,,
1671933,2022-02-25,TTD,Green Jeffrey Terry,,0001209191-22-013398,2022-02-23,G,16104,0.0,498216,I,,,,,,
1671933,2022-03-03,TTD,Paley Eric B,,0001209191-22-015740,2022-03-01,S,2319,82.09,114411,D,,,,,,
1671933,2022-03-31,TTD,GRAYSON BLAKE JEFFREY,,0001209191-22-021760,2022-03-29,S,2314,72.5,153221,D,,,,,,
1671933,2022-03-31,TTD,GRAYSON BLAKE JEFFREY,,0001209191-22-021760,2022-03-29,M,2314,27.235,155535,D,,,,,,
1671933,2022-04-28,TTD,Pickles David Randall,,0001209191-22-026014,2022-04-26,A,51094,0.0,502756,D,,,,,,
1671933,2022-04-28,TTD,Hulst Michelle,,0001209191-22-026009,2022-04-26,A,51094,0.0,106217,D,,,,,,
1671933,2022-04-28,TTD,GRAYSON BLAKE JEFFREY,,0001209191-22-026003,2022-04-26,A,51094,0.0,202897,D,,,,,,
1671933,2022-04-28,TTD,GRANT JAY R,,0001209191-22-025996,2022-04-26,A,51094,0.0,106882,D,,,,,,
1671933,2022-05-12,TTD,Green Jeffrey Terry,,0001209191-22-028599,2022-05-10,G,91140,0.0,698672,D,,,,,,
1671933,2022-05-12,TTD,Green Jeffrey Terry,,0001209191-22-028599,2022-05-10,M,2320,15.67,700992,D,,,,,,
1671933,2022-05-17,TTD,Pickles David Randall,,0001209191-22-029641,2022-05-15,F,1666,51.92,501932,D,,,,,,
1671933,2022-05-17,TTD,Hulst Michelle,,0001209191-22-029629,2022-05-15,F,779,51.92,105931,D,,,,,,
1671933,2022-05-17,TTD,GRAYSON BLAKE JEFFREY,,0001209191-22-029616,2022-05-15,F,1323,51.92,202416,D,,,,,,
1671933,2022-05-17,TTD,GRANT JAY R,,0001209191-22-029603,2022-05-15,F,918,51.92,106519,D,,,,,,
1671933,2022-05-27,TTD,WELLS DAVID B,,0001209191-22-032678,2022-05-25,P,17500,45.81,106570,D,,,,,,
1671933,2022-05-31,TTD,Paley Eric B,,0001209191-22-032861,2022-05-26,A,4178,0.0,113408,D,,,,,,
1671933,2022-05-31,TTD,Buyer Lise J,,0001209191-22-032888,2022-05-26,A,4178,0.0,122958,D,,,,,,
1671933,2022-05-31,TTD,FALBERG KATHRYN E,,0001209191-22-032865,2022-05-26,A,4178,0.0,235588,D,,,,,,
1671933,2022-05-31,TTD,Rajaram Gokul,,0001209191-22-032882,2022-05-26,A,4178,0.0,77058,D,,,,,,
1671933,2022-05-31,TTD,Cunningham Andrea Lee,,0001209191-22-032894,2022-05-26,A,2089,0.0,4196,D,,,,,,
1671933,2022-08-02,TTD,Hulst Michelle,,0001209191-22-043957,2022-07-29,D,7850,0.0,96970,D,,,,,,
1671933,2022-08-12,TTD,GRAYSON BLAKE JEFFREY,,0001209191-22-045626,2022-08-10,S,3676,72.5,197858,D,,,,,,
1671933,2022-08-17,TTD,GRAYSON BLAKE JEFFREY,,0001209191-22-046387,2022-08-16,S,1137,74.96,193259,D,,,,,,
1671933,2022-08-17,TTD,GRANT JAY R,,0001209191-22-046383,2022-08-15,F,913,75.41,104367,D,,,,,,
1671933,2022-08-17,TTD,Pickles David Randall,,0001209191-22-046393,2022-08-15,F,1666,75.41,499155,D,,,,,,
1671933,2022-08-17,TTD,GRAYSON BLAKE JEFFREY,,0001209191-22-046387,2022-08-15,F,1323,75.41,196535,D,,,,,,
1671933,2022-11-17,TTD,GRAYSON BLAKE JEFFREY,,0001209191-22-057526,2022-11-15,F,1327,53.56,191932,D,,,,,,
1671933,2022-11-17,TTD,GRANT JAY R,,0001209191-22-057521,2022-11-15,F,918,53.56,100548,D,,,,,,
1671933,2022-11-17,TTD,Pickles David Randall,,0001209191-22-057534,2022-11-15,F,1671,53.56,494789,D,,,,,,
1671933,2022-12-05,TTD,Pickles David Randall,,0001209191-22-059653,2022-12-01,F,11548,51.91,480551,D,,,,,,
1671933,2022-12-15,TTD,Green Jeffrey Terry,,0001209191-22-061550,2022-12-13,C,210000,0.0,1419360,I,,,,,,
1671933,2022-12-15,TTD,Green Jeffrey Terry,,0001209191-22-061550,2022-12-13,M,4120,15.67,702792,D,,,,,,
1671933,2022-12-15,TTD,Green Jeffrey Terry,,0001209191-22-061550,2022-12-13,G,4120,0.0,698672,D,,,,,,
1671933,2022-12-16,TTD,Green Jeffrey Terry,,0001209191-22-061718,2022-12-16,G,210000,0.0,1209360,I,,,,,,
1671933,2022-12-20,TTD,GRAYSON BLAKE JEFFREY,,0001209191-22-062173,2022-12-16,F,12797,46.15,177000,D,,,,,,
1671933,2023-02-08,TTD,FALBERG KATHRYN E,,0001209191-23-007908,2023-02-06,D,21,59.83,236752,D,,,,,,
1671933,2023-02-17,TTD,GRAYSON BLAKE JEFFREY,,0001209191-23-010520,2023-02-15,F,871,66.3,171355,D,,,,,,
1671933,2023-02-17,TTD,GRANT JAY R,,0001209191-23-010507,2023-02-15,F,714,66.3,96834,D,,,,,,
1671933,2023-02-17,TTD,Pickles David Randall,,0001209191-23-010538,2023-02-15,F,1221,66.3,472810,D,,,,,,
1671933,2023-03-29,TTD,Pickles David Randall,,0001209191-23-021567,2023-03-27,M,17620,4.8,488550,D,,,,,,
1671933,2023-03-29,TTD,Pickles David Randall,,0001209191-23-021567,2023-03-27,S,17620,60.0,470930,D,,,,,,
1671933,2023-03-29,TTD,Pickles David Randall,,0001209191-23-021567,2023-03-27,C,336924,0.0,807854,D,,,,,,
1671933,2023-03-30,TTD,Rajaram Gokul,,0001209191-23-021613,2023-03-29,S,2999,59.4,74059,D,,,,,,
1671933,2023-04-03,TTD,Pickles David Randall,,0001209191-23-022434,2023-04-03,M,2050,26.334,472980,D,,,,,,
1671933,2023-04-03,TTD,Pickles David Randall,,0001209191-23-022434,2023-03-31,S,543547,60.64,606932,D,,,,,,
1671933,2023-04-03,TTD,Pickles David Randall,,0001209191-23-022434,2023-04-03,S,2050,60.0,470930,D,,,,,,
1671933,2023-04-03,TTD,Pickles David Randall,,0001209191-23-022434,2023-03-31,C,679549,0.0,1150479,D,,,,,,
1671933,2023-04-03,TTD,Pickles David Randall,,0001209191-23-022434,2023-03-30,S,459382,60.24,484995,D,,,,,,
1671933,2023-04-03,TTD,Pickles David Randall,,0001209191-23-022434,2023-03-30,C,473447,0.0,944377,D,,,,,,
1671933,2023-04-19,TTD,Pickles David Randall,,0001209191-23-024866,2023-04-17,M,2020,30.001,472950,D,,,,,,
1671933,2023-04-19,TTD,Pickles David Randall,,0001209191-23-024866,2023-04-17,S,2020,60.7,470930,D,,,,,,
1671933,2023-04-21,TTD,Rajaram Gokul,,0001209191-23-025169,2023-04-19,S,2999,60.93,71060,D,,,,,,
1671933,2023-04-26,TTD,Pickles David Randall,,0001209191-23-025683,2023-04-24,A,59665,0.0,530595,D,,,,,,
1671933,2023-04-26,TTD,GRANT JAY R,,0001209191-23-025676,2023-04-24,A,76713,0.0,171356,D,,,,,,
1671933,2023-04-26,TTD,GRAYSON BLAKE JEFFREY,,0001209191-23-025674,2023-04-24,A,93760,0.0,263791,D,,,,,,
1671933,2023-04-26,TTD,Green Jeffrey Terry,,0001209191-23-025672,2023-04-24,A,213092,0.0,911764,D,,,,,,
1671933,2023-05-03,TTD,Pickles David Randall,,0001209191-23-027105,2023-05-01,M,2060,26.334,532655,D,,,,,,
1671933,2023-05-03,TTD,Pickles David Randall,,0001209191-23-027105,2023-05-01,S,2060,63.67,530595,D,,,,,,
1671933,2023-05-17,TTD,GRANT JAY R,,0001209191-23-030263,2023-05-15,F,669,63.98,171052,D,,,,,,
1671933,2023-05-17,TTD,GRAYSON BLAKE JEFFREY,,0001209191-23-030272,2023-05-15,F,1027,63.98,263256,D,,,,,,
1671933,2023-05-17,TTD,Pickles David Randall,,0001209191-23-030275,2023-05-15,M,2020,30.001,533107,D,,,,,,
1671933,2023-05-17,TTD,Pickles David Randall,,0001209191-23-030275,2023-05-15,S,2020,62.27,531087,D,,,,,,
1671933,2023-05-17,TTD,Pickles David Randall,,0001209191-23-030275,2023-05-15,F,1671,63.98,529416,D,,,,,,
1671933,2023-05-30,TTD,Cunningham Andrea Lee,,0001209191-23-033033,2023-05-25,A,2119,0.0,7233,D,,,,,,
1671933,2023-05-30,TTD,Buyer Lise J,,0001209191-23-033031,2023-05-25,A,2119,0.0,125077,D,,,,,,
1671933,2023-05-30,TTD,FALBERG KATHRYN E,,0001209191-23-033035,2023-05-25,A,4238,0.0,241011,D,,,,,,
1671933,2023-05-30,TTD,WELLS DAVID B,,0001209191-23-033039,2023-05-30,S,20000,70.0,86570,D,,,,,,
1671933,2023-05-30,TTD,Rajaram Gokul,,0001209191-23-033037,2023-05-25,A,4238,0.0,75298,D,,,,,,
1671933,2023-05-30,TTD,Rajaram Gokul,,0001209191-23-033037,2023-05-30,S,2999,69.01,72299,D,,,,,,
1671933,2023-06-01,TTD,Pickles David Randall,,0001209191-23-033454,2023-06-01,M,2060,26.334,528781,D,,,,,,
1671933,2023-06-01,TTD,Pickles David Randall,,0001209191-23-033454,2023-05-30,M,22345,59.57,549066,D,,,,,,
1671933,2023-06-01,TTD,Pickles David Randall,,0001209191-23-033454,2023-06-01,S,200,70.21,528581,D,,,,,,
1671933,2023-06-01,TTD,Pickles David Randall,,0001209191-23-033454,2023-05-30,S,22345,70.0,526721,D,,,,,,
1671933,2023-06-01,TTD,GRAYSON BLAKE JEFFREY,,0001209191-23-033412,2023-05-31,D,32540,0.0,228577,D,,,,,,
1671933,2023-06-05,TTD,Schenkein Laura,,0001209191-23-034320,2023-06-01,A,31520,0.0,673707,D,,,,,,
1671933,2023-06-09,TTD,Cunningham Andrea Lee,,0001209191-23-035809,2023-06-07,S,1950,74.87,5729,D,,,,,,
1671933,2023-06-12,TTD,Buyer Lise J,,0001209191-23-036260,2023-06-08,S,10000,75.12,115077,D,,,,,,
1671933,2023-06-12,TTD,Buyer Lise J,,0001209191-23-036260,2023-06-09,S,10000,75.2,105077,D,,,,,,
1671933,2023-06-15,TTD,Buyer Lise J,,0001209191-23-037317,2023-06-13,S,4000,76.1,101077,D,,,,,,
1671933,2023-06-16,TTD,GRANT JAY R,,0001209191-23-038137,2023-06-15,S,5500,76.21,162898,D,,,,,,
1671933,2023-06-22,TTD,Rajaram Gokul,,0001209191-23-039152,2023-06-21,S,2999,75.97,69300,D,,,,,,
1671933,2023-07-13,TTD,WELLS DAVID B,,0001209191-23-042233,2023-07-13,S,5000,90.0,69070,D,,,,,,
1671933,2023-07-13,TTD,WELLS DAVID B,,0001209191-23-042233,2023-07-11,S,12500,80.0,74070,D,,,,,,
1671933,2023-07-17,TTD,Rajaram Gokul,,0001209191-23-042468,2023-07-13,S,11995,90.0,57305,D,,,,,,
1671933,2023-07-17,TTD,GRANT JAY R,,0001209191-23-042465,2023-07-13,M,21525,57.391,184423,D,,,,,,
1671933,2023-07-17,TTD,GRANT JAY R,,0001209191-23-042465,2023-07-13,S,21795,88.0,179813,D,,,,,,
1671933,2023-07-20,TTD,Rajaram Gokul,,0001209191-23-042951,2023-07-19,S,2999,87.65,54306,D,,,,,,
1671933,2023-08-17,TTD,Pickles David Randall,,0001209191-23-046411,2023-08-15,F,1666,73.69,525055,D,,,,,,
1671933,2023-08-17,TTD,Green Jeffrey Terry,,0001209191-23-046408,2023-08-15,G,26778,0.0,884986,D,,,,,,
1671933,2023-08-17,TTD,Rajaram Gokul,,0001209191-23-046421,2023-08-16,S,2999,73.74,51307,D,,,,,,
1671933,2023-08-17,TTD,Schenkein Laura,,0001209191-23-046416,2023-08-15,F,289,73.69,673418,D,,,,,,
1671933,2023-08-17,TTD,GRANT JAY R,,0001209191-23-046405,2023-08-15,F,913,73.69,161715,D,,,,,,
1671933,2023-08-24,TTD,GRANT JAY R,,0001209191-23-047205,2023-08-23,S,1427,75.03,154636,D,,,,,,
1671933,2023-08-30,TTD,Green Jeffrey Terry,,0001209191-23-047734,2023-08-28,G,606182,0.0,278804,D,,,,,,
1671933,2023-09-05,TTD,Schenkein Laura,,0001209191-23-048131,2023-08-31,S,3219,79.59,666915,D,,,,,,
1671933,2023-09-15,TTD,Cunningham Andrea Lee,,0001209191-23-049591,2023-09-13,S,2504,85.75,3225,D,,,,,,
1671933,2023-09-18,TTD,Green Jeffrey Terry,,0001209191-23-049807,2023-09-15,S,4325,85.06,1762995,I,,,,,,
1671933,2023-09-18,TTD,Green Jeffrey Terry,,0001209191-23-049807,2023-09-14,S,73900,84.79,1768420,I,,,,,,
1671933,2023-09-21,TTD,Rajaram Gokul,,0001209191-23-050314,2023-09-20,S,2999,79.2,48308,D,,,,,,
1671933,2023-10-02,TTD,Green Jeffrey Terry,,0001209191-23-051238,2023-10-02,S,47575,78.19,1565420,I,,,,,,
1671933,2023-10-02,TTD,Green Jeffrey Terry,,0001209191-23-051238,2023-09-29,S,71050,78.88,1616945,I,,,,,,
1671933,2023-10-02,TTD,Green Jeffrey Terry,,0001209191-23-051238,2023-09-28,S,75000,76.7,1687995,I,,,,,,
1671933,2023-10-03,TTD,Pickles David Randall,,0001209191-23-051715,2023-09-30,D,13160,0.0,507356,D,,,,,,
1671933,2023-10-13,TTD,Green Jeffrey Terry,,0001209191-23-052802,2023-10-13,S,25250,84.9,1362745,I,,,,,,
1671933,2023-10-13,TTD,Green Jeffrey Terry,,0001209191-23-052802,2023-10-11,S,56980,85.49,1481015,I,,,,,,
1671933,2023-10-13,TTD,Green Jeffrey Terry,,0001209191-23-052802,2023-10-12,S,75000,84.74,1387995,I,,,,,,
1671933,2023-10-20,TTD,Rajaram Gokul,,0001209191-23-053243,2023-10-18,S,2999,78.82,45309,D,,,,,,
1671933,2023-11-02,TTD,Green Jeffrey Terry,,0001209191-23-054253,2023-11-02,S,70699,74.91,1213522,I,,,,,,
1671933,2023-11-02,TTD,Green Jeffrey Terry,,0001209191-23-054253,2023-11-01,S,55520,71.06,1284221,I,,,,,,
1671933,2023-11-02,TTD,Green Jeffrey Terry,,0001209191-23-054253,2023-10-31,S,23004,71.01,1339741,I,,,,,,
1671933,2023-11-17,TTD,GRANT JAY R,,0001209191-23-055877,2023-11-15,F,918,68.05,153845,D,,,,,,
1671933,2023-11-17,TTD,Schenkein Laura,,0001209191-23-055864,2023-11-15,F,448,68.05,666501,D,,,,,,
1671933,2023-11-17,TTD,Schenkein Laura,,0001209191-23-055864,2023-11-17,S,2613,66.48,660009,D,,,,,,
1671933,2023-11-17,TTD,Green Jeffrey Terry,,0001209191-23-055856,2023-11-15,G,26778,0.0,252026,D,,,,,,
1671933,2023-11-17,TTD,Green Jeffrey Terry,,0001209191-23-055856,2023-11-16,M,70650,14.245,322676,D,,,,,,
1671933,2023-11-17,TTD,Green Jeffrey Terry,,0001209191-23-055856,2023-11-16,G,325560,0.0,252026,D,,,,,,
1671933,2023-11-17,TTD,Rajaram Gokul,,0001209191-23-055837,2023-11-15,S,2999,68.15,42310,D,,,,,,
1671933,2023-12-12,TTD,Green Jeffrey Terry,,0001209191-23-058386,2023-12-09,G,38650,0.0,213376,D,,,,,,
1671933,2023-12-18,TTD,GRANT JAY R,,0001209191-23-058953,2023-12-14,S,1427,75.0,146760,D,,,,,,
1671933,2023-12-18,TTD,Green Jeffrey Terry,,0001209191-23-059015,2023-12-14,C,117000,0.0,1717209,I,,,,,,
1671933,2023-12-18,TTD,Green Jeffrey Terry,,0001209191-23-059015,2023-12-14,G,117000,0.0,1600209,I,,,,,,
1671933,2023-12-21,TTD,Rajaram Gokul,,0001209191-23-059434,2023-12-20,S,2999,77.39,39311,D,,,,,,
1671933,2024-01-19,TTD,Rajaram Gokul,,0001671933-24-000006,2024-01-17,S,2999,62.76,36312,D,,,,,,
1671933,2024-02-20,TTD,Schenkein Laura,,0001671933-24-000018,2024-02-16,S,3391,89.53,653366,D,,,,,,
1671933,2024-02-20,TTD,GRANT JAY R,,0001671933-24-000019,2024-02-16,S,2136,89.53,139794,D,,,,,,
1671933,2024-02-20,TTD,GRANT JAY R,,0001671933-24-000019,2024-02-15,F,712,75.71,146048,D,,,,,,
1671933,2024-02-20,TTD,Green Jeffrey Terry,,0001671933-24-000020,2024-02-15,G,26778,0.0,186598,D,,,,,,
1671933,2024-02-20,TTD,Jacobson Samantha,,0001671933-24-000021,2024-02-20,M,510,77.151,59080,D,,,,,,
1671933,2024-02-20,TTD,Jacobson Samantha,,0001671933-24-000021,2024-02-15,F,182,75.71,59868,D,,,,,,
1671933,2024-02-20,TTD,Schenkein Laura,,0001671933-24-000018,2024-02-15,F,370,75.71,659639,D,,,,,,
1671933,2024-02-20,TTD,Jacobson Samantha,,0001671933-24-000021,2024-02-20,S,510,83.33,58570,D,,,,,,
1671933,2024-02-22,TTD,Rajaram Gokul,,0001671933-24-000022,2024-02-21,S,2996,81.22,33316,D,,,,,,
1671933,2024-02-23,TTD,Green Jeffrey Terry,,0001671933-24-000023,2024-02-23,S,53615,81.92,1423372,I,,,,,,
1671933,2024-02-23,TTD,Green Jeffrey Terry,,0001671933-24-000023,2024-02-22,S,75000,83.88,1476987,I,,,,,,
1671933,2024-02-23,TTD,Green Jeffrey Terry,,0001671933-24-000023,2024-02-21,S,75000,81.77,1551987,I,,,,,,
1671933,2024-03-12,TTD,FALBERG KATHRYN E,,0001671933-24-000024,2024-03-08,S,102935,81.9,242704,D,,,,,,
1671933,2024-03-12,TTD,Green Jeffrey Terry,,0001671933-24-000025,2024-03-08,S,59358,83.49,1342629,I,,,,,,
1671933,2024-03-12,TTD,FALBERG KATHRYN E,,0001671933-24-000024,2024-03-08,C,103030,1.803,345639,D,,,,,,
1671933,2024-03-25,TTD,Green Jeffrey Terry,,0001671933-24-000026,2024-03-21,S,75000,84.78,1267629,I,,,,,,
1671933,2024-03-25,TTD,Green Jeffrey Terry,,0001671933-24-000026,2024-03-22,S,75000,84.73,1192629,I,,,,,,
1671933,2024-03-25,TTD,Green Jeffrey Terry,,0001671933-24-000026,2024-03-25,S,75000,85.42,1117629,I,,,,,,
1671933,2024-04-05,TTD,Green Jeffrey Terry,,0001671933-24-000029,2024-04-03,S,66007,87.38,1051622,I,,,,,,
1671933,2024-04-05,TTD,Green Jeffrey Terry,,0001671933-24-000029,2024-04-04,S,74367,87.28,977255,I,,,,,,
1671933,2024-04-17,TTD,Green Jeffrey Terry,,0001671933-24-000039,2024-04-15,S,2600,86.41,974022,I,,,,,,
1671933,2024-04-25,TTD,GRANT JAY R,,0001671933-24-000042,2024-04-23,A,60074,0.0,199868,D,,,,,,
1671933,2024-04-25,TTD,Schenkein Laura,,0001671933-24-000041,2024-04-23,A,60074,0.0,713440,D,,,,,,
1671933,2024-04-25,TTD,Jacobson Samantha,,0001671933-24-000040,2024-04-23,A,60074,0.0,112461,D,,,,,,
1671933,2024-04-30,TTD,Green Jeffrey Terry,,0001671933-24-000043,2024-04-29,S,59069,84.35,839953,I,,,,,,
1671933,2024-04-30,TTD,Green Jeffrey Terry,,0001671933-24-000043,2024-04-30,S,55522,84.01,768500,I,,,,,,
1671933,2024-04-30,TTD,Green Jeffrey Terry,,0001671933-24-000043,2024-04-26,S,75000,85.13,899022,I,,,,,,
1671933,2024-05-17,TTD,GRANT JAY R,,0001671933-24-000063,2024-05-15,F,918,90.25,199441,D,,,,,,
1671933,2024-05-17,TTD,Schenkein Laura,,0001671933-24-000064,2024-05-15,F,448,90.25,713482,D,,,,,,
1671933,2024-05-17,TTD,Jacobson Samantha,,0001671933-24-000062,2024-05-15,F,154,90.25,112797,D,,,,,,
1671933,2024-05-17,TTD,Green Jeffrey Terry,,0001671933-24-000060,2024-05-15,G,26779,0.0,159819,D,,,,,,
1671933,2024-05-30,TTD,WELLS DAVID B,,0001671933-24-000071,2024-05-28,A,3155,0.0,72225,D,,,,,,
1671933,2024-05-30,TTD,Buyer Lise J,,0001671933-24-000074,2024-05-28,A,1577,0.0,102654,D,,,,,,
1671933,2024-05-30,TTD,Cunningham Andrea Lee,,0001671933-24-000075,2024-05-28,A,1577,0.0,4802,D,,,,,,
1671933,2024-05-30,TTD,Rajaram Gokul,,0001671933-24-000072,2024-05-28,A,3155,0.0,36471,D,,,,,,
1671933,2024-05-30,TTD,FALBERG KATHRYN E,,0001671933-24-000073,2024-05-28,A,3155,0.0,245764,D,,,,,,
1671933,2024-06-18,TTD,Schenkein Laura,,0001671933-24-000076,2024-06-14,M,37140,5.413,746743,D,,,,,,
1671933,2024-06-18,TTD,Schenkein Laura,,0001671933-24-000076,2024-06-14,S,37140,95.43,709603,D,,,,,,
1671933,2024-06-25,TTD,Rajaram Gokul,,0001671933-24-000077,2024-06-21,S,2415,97.92,34056,D,,,,,,
1671933,2024-07-02,TTD,GRANT JAY R,,0001671933-24-000078,2024-06-28,M,23565,57.391,217348,D,,,,,,
1671933,2024-07-02,TTD,GRANT JAY R,,0001671933-24-000078,2024-06-28,S,23565,96.4,193783,D,,,,,,
1671933,2024-07-11,TTD,Schenkein Laura,,0001671933-24-000079,2024-07-09,M,25000,5.413,728038,D,,,,,,
1671933,2024-07-11,TTD,Schenkein Laura,,0001671933-24-000079,2024-07-09,S,25000,100.43,703038,D,,,,,,
1671933,2024-07-24,TTD,Rajaram Gokul,,0001671933-24-000080,2024-07-22,S,1355,98.37,32701,D,,,,,,
1671933,2024-08-14,TTD,Jacobson Samantha,,0001671933-24-000091,2024-08-12,M,600,77.151,111621,D,,,,,,
1671933,2024-08-14,TTD,Jacobson Samantha,,0001671933-24-000091,2024-08-12,S,600,99.5,111021,D,,,,,,
1671933,2024-08-15,TTD,FALBERG KATHRYN E,,0001671933-24-000092,2024-08-13,S,150000,98.17,96910,D,,,,,,
1671933,2024-08-19,TTD,GRANT JAY R,,0001671933-24-000096,2024-08-15,F,913,100.5,187323,D,,,,,,
1671933,2024-08-19,TTD,Green Jeffrey Terry,,0001671933-24-000093,2024-08-15,G,13318,0.0,146501,D,,,,,,
1671933,2024-08-19,TTD,Schenkein Laura,,0001671933-24-000095,2024-08-15,F,122,100.5,702916,D,,,,,,
1671933,2024-08-19,TTD,Schenkein Laura,,0001671933-24-000095,2024-08-16,S,3130,99.33,693953,D,,,,,,
1671933,2024-08-19,TTD,Jacobson Samantha,,0001671933-24-000094,2024-08-16,S,4872,99.5,99374,D,,,,,,
1671933,2024-08-19,TTD,Cunningham Andrea Lee,,0001671933-24-000097,2024-08-15,S,1606,100.07,3516,D,,,,,,
1671933,2024-08-19,TTD,Jacobson Samantha,,0001671933-24-000094,2024-08-15,F,232,100.5,107807,D,,,,,,
1671933,2024-08-23,TTD,WELLS DAVID B,,0001671933-24-000098,2024-08-21,G,6500,0.0,66985,D,,,,,,
1671933,2024-08-26,TTD,Rajaram Gokul,,0001671933-24-000099,2024-08-22,S,1355,104.69,31346,D,,,,,,
1671933,2024-08-26,TTD,Green Jeffrey Terry,,0001671933-24-000100,2024-08-22,S,85199,103.53,714984,I,,,,,,
1671933,2024-08-26,TTD,Green Jeffrey Terry,,0001671933-24-000100,2024-08-26,S,225840,104.06,438421,I,,,,,,
1671933,2024-08-30,TTD,Green Jeffrey Terry,,0001671933-24-000101,2024-08-28,M,370,27.444,146871,D,,,,,,
1671933,2024-08-30,TTD,Green Jeffrey Terry,,0001671933-24-000101,2024-08-28,G,135380,0.0,146501,D,,,,,,
1671933,2024-09-24,TTD,Green Jeffrey Terry,,0001671933-24-000103,2024-09-20,M,428000,68.29,574501,D,,,,,,
1671933,2024-09-24,TTD,Green Jeffrey Terry,,0001671933-24-000103,2024-09-20,G,448968,0.0,146501,D,,,,,,
1671933,2024-09-24,TTD,Green Jeffrey Terry,,0001671933-24-000103,2024-09-20,S,115619,109.35,849561,I,,,,,,
1671933,2024-09-24,TTD,Green Jeffrey Terry,,0001671933-24-000103,2024-09-23,S,170693,108.58,594487,I,,,,,,
1671933,2024-09-26,TTD,Rajaram Gokul,,0001671933-24-000104,2024-09-24,S,1355,109.0,29991,D,,,,,,
1671933,2024-09-27,TTD,Green Jeffrey Terry,,0001671933-24-000105,2024-09-25,G,42150,0.0,146501,D,,,,,,
1671933,2024-09-27,TTD,Green Jeffrey Terry,,0001671933-24-000105,2024-09-26,S,83204,108.87,324126,I,,,,,,
1671933,2024-09-27,TTD,Green Jeffrey Terry,,0001671933-24-000105,2024-09-25,S,195255,110.53,369925,I,,,,,,
1671933,2024-09-27,TTD,Green Jeffrey Terry,,0001671933-24-000105,2024-09-25,M,42150,68.29,188651,D,,,,,,
1671933,2024-10-02,TTD,GRANT JAY R,,0001671933-24-000106,2024-09-30,M,3080,57.391,182670,D,,,,,,
1671933,2024-10-02,TTD,Green Jeffrey Terry,,0001671933-24-000107,2024-10-02,G,56649,0.0,146501,D,,,,,,
1671933,2024-10-02,TTD,GRANT JAY R,,0001671933-24-000106,2024-09-30,S,3080,108.2,179590,D,,,,,,
1671933,2024-10-02,TTD,Green Jeffrey Terry,,0001671933-24-000107,2024-09-30,G,224000,0.0,146501,D,,,,,,
1671933,2024-10-02,TTD,Green Jeffrey Terry,,0001671933-24-000107,2024-09-30,M,224000,68.29,370501,D,,,,,,
1671933,2024-10-02,TTD,Green Jeffrey Terry,,0001671933-24-000107,2024-10-02,M,56649,68.29,203150,D,,,,,,
1671933,2024-10-08,TTD,Green Jeffrey Terry,,0001671933-24-000108,2024-10-07,S,95032,111.75,192947,I,,,,,,
1671933,2024-10-08,TTD,Green Jeffrey Terry,,0001671933-24-000108,2024-10-04,S,57736,112.62,430243,I,,,,,,
1671933,2024-10-11,TTD,Green Jeffrey Terry,,0001671933-24-000110,2024-10-09,S,16812,114.91,71167,I,,,,,,
1671933,2024-10-11,TTD,Schenkein Laura,,0001671933-24-000109,2024-10-09,M,25000,5.413,718953,D,,,,,,
1671933,2024-10-11,TTD,Schenkein Laura,,0001671933-24-000109,2024-10-09,S,25000,115.43,693953,D,,,,,,
1671933,2024-10-23,TTD,Rajaram Gokul,,0001671933-24-000111,2024-10-21,S,1355,117.89,28636,D,,,,,,
1671933,2024-10-24,TTD,Schenkein Laura,,0001671933-24-000112,2024-10-22,S,25000,120.43,693953,D,,,,,,
1671933,2024-10-24,TTD,Schenkein Laura,,0001671933-24-000112,2024-10-22,M,25000,5.413,718953,D,,,,,,
1671933,2024-11-12,TTD,Schenkein Laura,,0001671933-24-000124,2024-11-07,S,27687,127.55,693953,D,,,,,,
1671933,2024-11-12,TTD,Schenkein Laura,,0001671933-24-000124,2024-11-07,M,27687,5.413,721640,D,,,,,,
1671933,2024-11-19,TTD,Green Jeffrey Terry,,0001671933-24-000126,2024-11-15,G,13318,0.0,133183,D,,,,,,
1671933,2024-11-19,TTD,Schenkein Laura,,0001671933-24-000127,2024-11-15,F,122,118.15,693831,D,,,,,,
1671933,2024-11-19,TTD,Jacobson Samantha,,0001671933-24-000129,2024-11-15,F,232,118.15,99142,D,,,,,,
1671933,2024-11-19,TTD,GRANT JAY R,,0001671933-24-000128,2024-11-15,F,918,118.15,177935,D,,,,,,
1671933,2024-11-19,TTD,Schenkein Laura,,0001671933-24-000127,2024-11-18,S,3131,117.97,684867,D,,,,,,
1671933,2024-12-03,TTD,Jacobson Samantha,,0001671933-24-000130,2024-11-29,S,400,127.89,95581,D,,,,,,
1671933,2024-12-03,TTD,Jacobson Samantha,,0001671933-24-000130,2024-11-29,M,400,77.151,95981,D,,,,,,
1671933,2024-12-20,TTD,Green Jeffrey Terry,,0001671933-24-000131,2024-12-18,G,700000,0.0,133183,D,,,,,,
1671933,2024-12-20,TTD,Green Jeffrey Terry,,0001671933-24-000131,2024-12-18,M,664051,68.29,797234,D,,,,,,
1671933,2025-01-02,TTD,Jacobson Samantha,,0001671933-25-000002,2024-12-30,M,100,77.151,90809,D,,,,,,
1671933,2025-01-02,TTD,Jacobson Samantha,,0001671933-25-000002,2024-12-30,S,100,118.75,90709,D,,,,,,
1671933,2025-01-02,TTD,GRANT JAY R,,0001671933-25-000001,2024-12-30,M,1030,57.391,171236,D,,,,,,
1671933,2025-01-02,TTD,GRANT JAY R,,0001671933-25-000001,2024-12-30,S,1030,118.6,170206,D,,,,,,
1671933,2025-01-10,TTD,Green Jeffrey Terry,,0001671933-25-000003,2025-01-07,S,12925,125.21,707723,I,,,,,,
1671933,2025-01-23,TTD,Green Jeffrey Terry,,0001671933-25-000005,2025-01-22,S,164166,120.86,207904,I,,,,,,
1671933,2025-01-23,TTD,Green Jeffrey Terry,,0001671933-25-000005,2025-01-22,C,128594,0.0,372070,I,,,,,,
1671933,2025-01-23,TTD,Green Jeffrey Terry,,0001671933-25-000005,2025-01-21,S,92540,123.96,611689,I,,,,,,
1671933,2025-01-30,TTD,Jacobson Samantha,,0001671933-25-000006,2025-01-28,M,100,77.151,90809,D,,,,,,
1671933,2025-01-30,TTD,Jacobson Samantha,,0001671933-25-000006,2025-01-28,S,100,117.88,90709,D,,,,,,
1671933,2025-02-03,TTD,Green Jeffrey Terry,,0001671933-25-000007,2025-01-30,C,127628,0.0,131328,I,,,,,,
1671933,2025-02-03,TTD,Green Jeffrey Terry,,0001671933-25-000007,2025-01-30,S,41546,120.28,89782,I,,,,,,
1671933,2025-02-13,TTD,Green Jeffrey Terry,,0001671933-25-000015,2025-02-11,C,360000,0.0,363700,I,,,,,,
1671933,2025-02-13,TTD,Green Jeffrey Terry,,0001671933-25-000015,2025-02-11,S,256075,120.47,107625,I,,,,,,
1671933,2025-02-19,TTD,Green Jeffrey Terry,,0001671933-25-000018,2025-02-15,G,13318,0.0,119865,D,,,,,,
1671933,2025-02-19,TTD,Schenkein Laura,,0001671933-25-000019,2025-02-15,F,101,80.16,684766,D,,,,,,
1671933,2025-02-19,TTD,Kayyal Alex,,0001671933-25-000023,2025-02-14,A,1202,0.0,1202,D,,,,,,
1671933,2025-02-19,TTD,Jacobson Samantha,,0001671933-25-000021,2025-02-15,F,153,80.16,90556,D,,,,,,
1671933,2025-02-19,TTD,GRANT JAY R,,0001671933-25-000020,2025-02-15,F,950,80.16,168514,D,,,,,,
1671933,2025-04-07,TTD,Kundra Vivek,,0001671933-25-000043,2025-04-03,A,82312,0.0,82312,D,,,,,,
1671933,2025-04-17,TTD,Schenkein Laura,,0001671933-25-000052,2025-04-15,A,82378,0.0,762855,D,,,,,,
1671933,2025-04-17,TTD,Green Jeffrey Terry,,0001671933-25-000051,2025-04-15,A,235367,0.0,355232,D,,,,,,
1671933,2025-04-17,TTD,GRANT JAY R,,0001671933-25-000053,2025-04-15,A,82378,0.0,245917,D,,,,,,
1671933,2025-04-17,TTD,FALBERG KATHRYN E,,0001671933-25-000055,2025-04-15,A,90,63.73,97000,D,,,,,,
1671933,2025-04-17,TTD,Jacobson Samantha,,0001671933-25-000054,2025-04-15,A,82378,0.0,170593,D,,,,,,
1671933,2025-05-13,TTD,Schenkein Laura,,0001671933-25-000063,2025-05-09,S,6374,70.0,756481,D,,,,,,
1671933,2025-05-14,TTD,Green Jeffrey Terry,,0001671933-25-000064,2025-05-13,C,2797,0.0,19815,I,,,,,,
1671933,2025-05-14,TTD,Green Jeffrey Terry,,0001671933-25-000064,2025-05-12,C,23945,0.0,40963,I,,,,,,
1671933,2025-05-14,TTD,Green Jeffrey Terry,,0001671933-25-000064,2025-05-12,S,23945,80.03,17018,I,,,,,,
1671933,2025-05-14,TTD,Green Jeffrey Terry,,0001671933-25-000064,2025-05-13,S,2797,80.06,17018,I,,,,,,
1671933,2025-05-15,TTD,WELLS DAVID B,,0001671933-25-000065,2025-05-13,S,28638,79.88,66985,D,,,,,,
1671933,2025-05-15,TTD,WELLS DAVID B,,0001671933-25-000065,2025-05-13,M,6990,58.458,73975,D,,,,,,
1671933,2025-05-19,TTD,Green Jeffrey Terry,,0001671933-25-000066,2025-05-15,G,13319,0.0,341913,D,,,,,,
1671933,2025-05-19,TTD,Schenkein Laura,,0001671933-25-000067,2025-05-16,S,4225,76.56,746486,D,,,,,,
1671933,2025-05-19,TTD,Jacobson Samantha,,0001671933-25-000071,2025-05-15,F,232,77.5,170751,D,,,,,,
1671933,2025-05-19,TTD,GRANT JAY R,,0001671933-25-000069,2025-05-15,F,1239,77.5,245068,D,,,,,,
1671933,2025-05-19,TTD,Schenkein Laura,,0001671933-25-000067,2025-05-15,F,122,77.5,756545,D,,,,,,
1671933,2025-05-29,TTD,Kayyal Alex,,0001671933-25-000079,2025-05-27,A,2450,0.0,4027,D,,,,,,
1671933,2025-05-29,TTD,Rajaram Gokul,,0001671933-25-000083,2025-05-27,A,4901,0.0,33537,D,,,,,,
1671933,2025-05-29,TTD,Buyer Lise J,,0001671933-25-000080,2025-05-27,A,4901,0.0,107555,D,,,,,,
1671933,2025-05-29,TTD,FALBERG KATHRYN E,,0001671933-25-000077,2025-05-27,A,4901,0.0,101901,D,,,,,,
1671933,2025-05-29,TTD,Cunningham Andrea Lee,,0001671933-25-000078,2025-05-27,A,2450,0.0,5966,D,,,,,,
1671933,2025-08-11,TTD,GRANT JAY R,,0001826731-25-000007,2025-08-07,M,5120,74.637,243693,D,,,,,,
1671933,2025-08-11,TTD,GRANT JAY R,,0001826731-25-000007,2025-08-07,S,5120,91.3,238573,D,,,,,,
1671933,2025-08-13,TTD,Tawakol Omar,,0001857556-25-000005,2025-08-11,A,3805,0.0,3805,D,,,,,,
1671933,2025-08-19,TTD,Jacobson Samantha,,0002008907-25-000006,2025-08-15,F,237,52.12,166952,D,,,,,,
1671933,2025-08-19,TTD,GRANT JAY R,,0001826731-25-000009,2025-08-15,F,1766,52.12,216480,D,,,,,,
1671933,2025-08-19,TTD,Schenkein Laura,,0001978197-25-000006,2025-08-15,F,562,52.12,745340,D,,,,,,
1671933,2025-08-19,TTD,Green Jeffrey Terry,,0001671445-25-000006,2025-08-15,G,28028,0.0,313885,D,,,,,,
1671933,2025-08-22,TTD,Kayyal Alex,,0002056310-25-000006,2025-08-20,D,1002,0.0,3447,D,,,,,,
1671933,2025-08-22,TTD,Kayyal Alex,,0002056310-25-000006,2025-08-21,A,102655,0.0,103947,D,,,,,,
1671933,2025-09-12,TTD,Cunningham Andrea Lee,,0001671933-25-000127,2025-09-10,S,1403,48.2,5035,D,,,,,,
1671933,2025-11-18,TTD,Green Jeffrey Terry,,0001671445-25-000008,2025-11-15,G,28028,0.0,285857,D,,,,,,
1671933,2025-11-18,TTD,Kundra Vivek,,0001867888-25-000006,2025-11-15,A,322,35.64,82634,D,,,,,,
1671933,2025-11-18,TTD,Jacobson Samantha,,0002008907-25-000008,2025-11-15,F,569,41.93,160569,D,,,,,,
1671933,2025-11-18,TTD,GRANT JAY R,,0001826731-25-000011,2025-11-15,F,1767,41.93,207137,D,,,,,,
1671933,2025-12-05,TTD,Green Jeffrey Terry,,0001671445-25-000010,2025-12-03,C,167307,0.0,253700,I,,,,,,
1671933,2025-12-05,TTD,Green Jeffrey Terry,,0001671445-25-000010,2025-12-03,G,250000,0.0,3700,I,,,,,,
1671933,2026-02-18,TTD,Davis Tahnil R.,,0002109272-26-000002,2026-02-15,F,603,25.81,93329,D,,,,,,
1671933,2026-02-18,TTD,Green Jeffrey Terry,,0001671445-26-000002,2026-02-15,G,28029,0.0,257828,D,,,,,,
1671933,2026-02-18,TTD,Jacobson Samantha,,0002008907-26-000002,2026-02-15,F,443,25.81,154881,D,,,,,,
1671933,2026-02-18,TTD,GRANT JAY R,,0001826731-26-000002,2026-02-15,F,1457,25.81,198104,D,,,,,,
1671933,2026-03-04,TTD,Green Jeffrey Terry,,0001671445-26-000004,2026-03-02,P,527324,23.49,527324,I,,,,,,
1671933,2026-03-04,TTD,Green Jeffrey Terry,,0001671445-26-000004,2026-03-03,P,1685696,24.97,3685696,I,,,,,,
1671933,2026-03-04,TTD,Green Jeffrey Terry,,0001671445-26-000004,2026-03-03,A,398089,0.0,655917,D,,,,,,
1671933,2026-03-04,TTD,Green Jeffrey Terry,,0001671445-26-000004,2026-03-04,P,2314304,25.08,6000000,I,,,,,,
1671933,2026-03-05,TTD,Kundra Vivek,,0001867888-26-000002,2026-03-03,A,167197,0.0,249831,D,,,,,,
1671933,2026-03-05,TTD,Jacobson Samantha,,0002008907-26-000004,2026-03-03,A,167197,0.0,318512,D,,,,,,
1671933,2026-03-05,TTD,Davis Tahnil R.,,0002109272-26-000004,2026-03-03,A,167197,0.0,257629,D,,,,,,
1671933,2026-03-05,TTD,GRANT JAY R,,0001826731-26-000004,2026-03-03,A,167197,0.0,359764,D,,,,,,
1671933,2026-03-09,TTD,FALBERG KATHRYN E,,0001206977-26-000002,2026-03-05,S,102828,30.45,1946,D,,,,,,
1671933,2026-03-25,TTD,FALBERG KATHRYN E,,0001206977-26-000004,2026-03-23,D,1226,0.0,720,D,,,,,,
1671933,2026-04-03,TTD,Cunningham Andrea Lee,,0001903152-26-000001,2026-04-01,A,17,25.79,5052,D,,,,,,
1671933,2026-04-03,TTD,Cunningham Andrea Lee,,0001903152-26-000001,2026-04-03,A,31,25.57,5083,D,,,,,,
1671933,2026-04-07,TTD,Vollero Andrew,,0001699294-26-000008,2026-04-03,A,11341,0.0,11341,D,,,,,,
1671933,2026-04-07,TTD,Rajaram Gokul,,0001589043-26-000004,2026-04-03,D,1226,0.0,2450,D,,,,,,
1671933,2026-05-06,TTD,Cunningham Andrea Lee,,0001903152-26-000003,2026-05-04,A,6110,0.0,11193,D,non_derivative,Class A Common Stock,,,,
1671933,2026-05-06,TTD,Cunningham Andrea Lee,,0001903152-26-000003,2026-05-04,A,6110,0.0,11193,D,,,,,,
1671933,2026-05-06,TTD,Tawakol Omar,,0001857556-26-000002,2026-05-04,A,12220,0.0,19038,D,,,,,,
1671933,2026-05-06,TTD,Vollero Andrew,,0001699294-26-000010,2026-05-04,A,12220,0.0,24524,D,non_derivative,Class A  Common Stock,,,,
1671933,2026-05-06,TTD,Cunningham Andrea Lee,,0001903152-26-000003,2026-05-04,A,11051,0.0,11051,D,derivative,Stock Option (Right to Buy),Class A  Common Stock,11051.0,24.1,2036-05-04
1671933,2026-05-06,TTD,Tawakol Omar,,0001857556-26-000002,2026-05-04,A,12220,0.0,19038,D,non_derivative,Class A  Common Stock,,,,
1671933,2026-05-06,TTD,Vollero Andrew,,0001699294-26-000010,2026-05-04,A,12220,0.0,24524,D,,,,,,
1671933,2026-05-19,TTD,Green Jeffrey Terry,,0001671445-26-000006,2026-05-15,G,52909,0.0,603008,D,,,,,,
1671933,2026-05-19,TTD,GRANT JAY R,,0001826731-26-000006,2026-05-15,F,1288,21.15,359097,D,,,,,,
1671933,2026-05-19,TTD,Davis Tahnil R.,,0002109272-26-000006,2026-05-15,F,262,21.15,257989,D,non_derivative,Class A  Common Stock,,,,
1671933,2026-05-19,TTD,Jacobson Samantha,,0002008907-26-000006,2026-05-18,D,9589,0.0,302872,D,,,,,,
1671933,2026-05-19,TTD,Green Jeffrey Terry,,0001671445-26-000006,2026-05-15,G,52909,0.0,603008,D,non_derivative,Class A Common Stock,,,,
1671933,2026-05-19,TTD,Kundra Vivek,,0001867888-26-000004,2026-05-15,F,6194,21.15,244259,D,,,,,,
1671933,2026-05-19,TTD,Jacobson Samantha,,0002008907-26-000006,2026-05-18,D,9589,0.0,302872,D,non_derivative,Class A  Common Stock,,,,
1671933,2026-05-19,TTD,Kundra Vivek,,0001867888-26-000004,2026-05-15,F,6194,21.15,244259,D,non_derivative,Class A  Common Stock,,,,
1671933,2026-05-19,TTD,Jacobson Samantha,,0002008907-26-000006,2026-05-15,F,197,21.15,318937,D,non_derivative,Class A  Common Stock,,,,
1671933,2026-05-19,TTD,Green Jeffrey Terry,,0001671445-26-000006,2026-04-29,E,1330,0.0,0,D,derivative,Employee Stock Option Exercise (Right to Buy),Class A Common Stock,1330.0,82.388,2026-04-29
1671933,2026-05-19,TTD,Davis Tahnil R.,,0002109272-26-000006,2026-05-15,F,262,21.15,257989,D,,,,,,
1671933,2026-05-19,TTD,GRANT JAY R,,0001826731-26-000006,2026-05-15,F,1288,21.15,359097,D,non_derivative,Class A Common Stock,,,,
1671933,2026-05-19,TTD,Jacobson Samantha,,0002008907-26-000006,2026-05-15,F,197,21.15,318937,D,,,,,,
1671933,2026-05-27,TTD,Jacobson Samantha,,0002008907-26-000008,2026-05-24,A,12477,0.0,66780,D,non_derivative,Class A  Common Stock,,,,
1671933,2026-06-01,TTD,Jacobson Samantha,,0002008907-26-000010,2026-05-28,S,53681,21.14,13099,D,non_derivative,Class A  Common Stock,,,,
1671933,2026-06-15,TTD,Haddad David Alan,,0002140040-26-000004,2026-06-11,A,13193,0.0,13193,D,non_derivative,Class A  Common Stock,,,,
1671933,2026-07-13,TTD,Olmstead Nathan,,0001776828-26-000008,2026-07-09,A,246062,0.0,246062,D,non_derivative,Class A  Common Stock,,,,
1671933,2026-07-13,TTD,Olmstead Nathan,,0001776828-26-000008,2026-07-09,A,439753,0.0,439753,D,derivative,Employee Stock Option (Right to Buy),Class A  Common Stock,439753.0,19.75,2036-07-09
1671933,2026-07-13,TTD,Price Penry W,,0001534034-26-000003,2026-07-09,A,25505,0.0,25505,D,derivative,Stock Option (Right to Buy),Class A  Common Stock,25505.0,19.75,2036-07-09
0001671933,2026-08-18,TTD,Davis Tahnil R.,,0002109272-26-000008,2026-08-15,F,1220,14.14,250449,D,non_derivative,Class A  Common Stock,,,,
0001671933,2026-08-18,TTD,GRANT JAY R,,0001826731-26-000008,2026-08-15,F,2652,14.14,345169,D,non_derivative,Class A Common Stock,,,,
0001671933,2026-08-18,TTD,Kundra Vivek,,0001867888-26-000006,2026-08-15,F,2320,14.14,238793,D,non_derivative,Class A  Common Stock,,,,
0001671933,2026-08-18,TTD,Green Jeffrey Terry,,0001671445-26-000008,2026-08-15,G,52910,0,550098,D,non_derivative,Class A Common Stock,,,,
