cik,filingDate,issuerTradingSymbol,reportingOwnerName,reportingOwnerRelationship,accessionNumber,transactionDate,transactionCode,transactionShares,transactionPricePerShare,sharesOwnedFollowingTransaction,directOrIndirectOwnership,transactionType,securityTitle,underlyingSecurityTitle,underlyingSecurityShares,exercisePrice,expirationDate
875320,2019-06-04,VRTX,YOUNG WILLIAM D,,0001209191-19-034251,2019-06-01,A,2381.0,0.0,9311.0,D,,,,,,
875320,2019-06-04,VRTX,SACHS BRUCE I,,0001209191-19-034242,2019-06-01,D,1801.0,,11210.0,D,,,,,,
875320,2019-06-04,VRTX,MCGLYNN MARGARET G,,0001209191-19-034236,2019-06-01,D,1801.0,,4124.0,D,,,,,,
875320,2019-06-04,VRTX,Lee Yuchun,,0001209191-19-034233,2019-06-01,D,1801.0,,4847.0,D,,,,,,
875320,2019-06-04,VRTX,Kearney Terrence C,,0001209191-19-034230,2019-06-01,A,2381.0,0.0,10811.0,D,,,,,,
875320,2019-06-04,VRTX,Garber Alan M,,0001209191-19-034223,2019-06-01,A,1191.0,0.0,5191.0,D,,,,,,
875320,2019-06-04,VRTX,Bhatia Sangeeta N.,,0001209191-19-034219,2019-06-01,A,2381.0,0.0,7260.0,D,,,,,,
875320,2019-06-04,VRTX,Bhatia Sangeeta N.,,0001209191-19-034219,2019-06-03,S,400.0,166.52,6860.0,D,,,,,,
875320,2019-06-20,VRTX,LEIDEN JEFFREY M,,0001209191-19-038237,2019-06-18,S,51781.0,175.33,110536.0,D,,,,,,
875320,2019-06-20,VRTX,LEIDEN JEFFREY M,,0001209191-19-038237,2019-06-18,M,56030.0,77.31,162317.0,D,,,,,,
875320,2019-06-20,VRTX,Arbuckle Stuart A,,0001209191-19-038251,2019-06-19,S,2125.0,181.89,33240.0,D,,,,,,
875320,2019-06-20,VRTX,Arbuckle Stuart A,,0001209191-19-038251,2019-06-19,M,2125.0,131.89,35365.0,D,,,,,,
875320,2019-07-09,VRTX,Parini Michael,,0001209191-19-041580,2019-07-05,M,4250.0,122.45,39253.0,D,,,,,,
875320,2019-07-09,VRTX,Parini Michael,,0001209191-19-041580,2019-07-05,S,2450.0,178.01,36803.0,D,,,,,,
875320,2019-07-15,VRTX,Parini Michael,,0001209191-19-042070,2019-07-12,S,1518.0,175.09,35610.0,D,,,,,,
875320,2019-07-15,VRTX,Parini Michael,,0001209191-19-042070,2019-07-12,M,2125.0,90.29,37128.0,D,,,,,,
875320,2019-08-06,VRTX,Arbuckle Stuart A,,0001209191-19-044833,2019-08-05,S,1553.0,176.44,32240.0,D,,,,,,
875320,2019-08-06,VRTX,Arbuckle Stuart A,,0001209191-19-044833,2019-08-05,M,1553.0,86.52,33793.0,D,,,,,,
875320,2019-08-06,VRTX,Arbuckle Stuart A,,0001209191-19-044833,2019-08-02,S,2155.0,177.78,32240.0,D,,,,,,
875320,2019-08-06,VRTX,Parini Michael,,0001209191-19-044837,2019-08-05,S,700.0,174.74,36633.0,D,,,,,,
875320,2019-08-06,VRTX,Parini Michael,,0001209191-19-044837,2019-08-05,M,2330.0,86.52,37333.0,D,,,,,,
875320,2019-08-06,VRTX,Arbuckle Stuart A,,0001209191-19-044833,2019-08-02,M,2155.0,91.05,34395.0,D,,,,,,
875320,2019-08-12,VRTX,Arbuckle Stuart A,,0001209191-19-045492,2019-08-08,S,2125.0,181.89,33240.0,D,,,,,,
875320,2019-08-12,VRTX,Arbuckle Stuart A,,0001209191-19-045492,2019-08-08,M,2125.0,131.89,35365.0,D,,,,,,
875320,2019-08-15,VRTX,MCGLYNN MARGARET G,,0001209191-19-046107,2019-08-13,M,10000.0,81.54,14124.0,D,,,,,,
875320,2019-08-15,VRTX,MCGLYNN MARGARET G,,0001209191-19-046107,2019-08-13,S,10000.0,185.0,4124.0,D,,,,,,
875320,2019-08-20,VRTX,ALTSHULER DAVID,,0001209191-19-046807,2019-08-19,M,4250.0,131.89,35803.0,D,,,,,,
875320,2019-08-20,VRTX,ALTSHULER DAVID,,0001209191-19-046807,2019-08-19,S,4250.0,186.37,31553.0,D,,,,,,
875320,2019-10-03,VRTX,Tatsis Ourania,,0001209191-19-052177,2019-10-01,S,188.0,169.11,7696.0,D,,,,,,
875320,2019-10-03,VRTX,Tatsis Ourania,,0001209191-19-052177,2019-10-02,S,444.0,167.69,7252.0,D,,,,,,
875320,2019-10-04,VRTX,Bhatia Sangeeta N.,,0001209191-19-052541,2019-10-02,M,1270.0,125.71,7810.0,D,,,,,,
875320,2019-10-04,VRTX,Bhatia Sangeeta N.,,0001209191-19-052541,2019-10-02,S,1960.0,166.08,11668.0,D,,,,,,
875320,2019-10-16,VRTX,Parini Michael,,0001209191-19-053284,2019-10-14,M,2125.0,90.29,37128.0,D,,,,,,
875320,2019-10-16,VRTX,Parini Michael,,0001209191-19-053284,2019-10-14,S,889.0,173.44,36239.0,D,,,,,,
875320,2019-10-21,VRTX,Parini Michael,,0001209191-19-053698,2019-10-17,S,4250.0,177.8,35003.0,D,,,,,,
875320,2019-10-21,VRTX,Parini Michael,,0001209191-19-053698,2019-10-17,M,4250.0,122.45,39253.0,D,,,,,,
875320,2019-10-24,VRTX,ALTSHULER DAVID,,0001209191-19-053923,2019-10-22,S,3669.0,194.37,31553.0,D,,,,,,
875320,2019-10-24,VRTX,MCGLYNN MARGARET G,,0001209191-19-053941,2019-10-22,S,20000.0,190.0,4124.0,D,,,,,,
875320,2019-10-24,VRTX,Sachdev Amit,,0001209191-19-053945,2019-10-22,M,3883.0,86.52,37299.0,D,,,,,,
875320,2019-10-24,VRTX,Sachdev Amit,,0001209191-19-053945,2019-10-22,S,3883.0,190.27,33416.0,D,,,,,,
875320,2019-10-24,VRTX,LEIDEN JEFFREY M,,0001209191-19-053936,2019-10-22,S,72420.0,190.0,106287.0,D,,,,,,
875320,2019-10-24,VRTX,ALTSHULER DAVID,,0001209191-19-053923,2019-10-22,M,3669.0,155.57,35222.0,D,,,,,,
875320,2019-10-24,VRTX,LEIDEN JEFFREY M,,0001209191-19-053936,2019-10-22,M,72420.0,109.14,178707.0,D,,,,,,
875320,2019-10-24,VRTX,Kewalramani Reshma,,0001209191-19-053925,2019-10-22,S,638.0,189.0,13098.0,D,,,,,,
875320,2019-10-24,VRTX,MCGLYNN MARGARET G,,0001209191-19-053941,2019-10-22,M,20000.0,72.14,24124.0,D,,,,,,
875320,2019-10-29,VRTX,Sachdev Amit,,0001209191-19-054333,2019-10-25,M,4311.0,91.05,37727.0,D,,,,,,
875320,2019-10-29,VRTX,Sachdev Amit,,0001209191-19-054333,2019-10-25,S,4311.0,195.01,33416.0,D,,,,,,
875320,2019-10-31,VRTX,Kewalramani Reshma,,0001209191-19-054635,2019-10-30,S,3057.0,199.0,13098.0,D,,,,,,
875320,2019-10-31,VRTX,Kewalramani Reshma,,0001209191-19-054635,2019-10-30,M,3057.0,155.57,16155.0,D,,,,,,
875320,2019-11-04,VRTX,Kearney Terrence C,,0001209191-19-054882,2019-11-01,M,20000.0,81.54,25811.0,D,,,,,,
875320,2019-11-04,VRTX,LEIDEN JEFFREY M,,0001209191-19-054876,2019-10-31,M,8879.0,131.89,115166.0,D,,,,,,
875320,2019-11-04,VRTX,Kearney Terrence C,,0001209191-19-054882,2019-10-31,S,1841.0,200.0,8970.0,D,,,,,,
875320,2019-11-04,VRTX,LEIDEN JEFFREY M,,0001209191-19-054876,2019-10-31,S,8879.0,200.0,106287.0,D,,,,,,
875320,2019-11-04,VRTX,LEIDEN JEFFREY M,,0001209191-19-054876,2019-11-01,S,70290.0,200.0,106287.0,D,,,,,,
875320,2019-11-04,VRTX,Bhatia Sangeeta N.,,0001209191-19-054871,2019-11-01,M,1291.0,152.74,6540.0,D,,,,,,
875320,2019-11-04,VRTX,Kearney Terrence C,,0001209191-19-054882,2019-11-01,S,3159.0,200.0,5811.0,D,,,,,,
875320,2019-11-04,VRTX,LEIDEN JEFFREY M,,0001209191-19-054876,2019-11-01,M,70290.0,109.14,176577.0,D,,,,,,
875320,2019-11-04,VRTX,Bhatia Sangeeta N.,,0001209191-19-054871,2019-11-01,S,1291.0,200.0,5249.0,D,,,,,,
875320,2019-11-06,VRTX,Arbuckle Stuart A,,0001209191-19-055468,2019-11-04,M,2155.0,91.05,35395.0,D,,,,,,
875320,2019-11-06,VRTX,Arbuckle Stuart A,,0001209191-19-055468,2019-11-04,S,2155.0,201.62,33240.0,D,,,,,,
875320,2019-11-06,VRTX,ALTSHULER DAVID,,0001209191-19-055467,2019-11-04,M,1796.0,91.05,33349.0,D,,,,,,
875320,2019-11-06,VRTX,Sachdev Amit,,0001209191-19-055470,2019-11-04,M,2155.0,91.05,35571.0,D,,,,,,
875320,2019-11-06,VRTX,Sachdev Amit,,0001209191-19-055470,2019-11-04,S,500.0,199.77,37013.0,D,,,,,,
875320,2019-11-06,VRTX,Parini Michael,,0001209191-19-055469,2019-11-04,M,2330.0,86.52,37333.0,D,,,,,,
875320,2019-11-06,VRTX,Parini Michael,,0001209191-19-055469,2019-11-04,S,1730.0,200.2,35603.0,D,,,,,,
875320,2019-11-06,VRTX,ALTSHULER DAVID,,0001209191-19-055467,2019-11-04,S,3326.0,200.26,32353.0,D,,,,,,
875320,2019-11-07,VRTX,ALTSHULER DAVID,,0001209191-19-055674,2019-11-06,S,243.0,196.08,32533.0,D,,,,,,
875320,2019-11-07,VRTX,ALTSHULER DAVID,,0001209191-19-055674,2019-11-06,M,1223.0,155.57,32776.0,D,,,,,,
875320,2019-11-13,VRTX,Kewalramani Reshma,,0001209191-19-056327,2019-11-08,M,509.0,155.57,13607.0,D,,,,,,
875320,2019-11-13,VRTX,Kewalramani Reshma,,0001209191-19-056327,2019-11-08,S,509.0,199.0,13098.0,D,,,,,,
875320,2019-11-15,VRTX,Tatsis Ourania,,0001209191-19-056713,2019-11-13,M,2853.0,155.57,10105.0,D,,,,,,
875320,2019-11-15,VRTX,Tatsis Ourania,,0001209191-19-056713,2019-11-13,S,2853.0,205.59,7252.0,D,,,,,,
875320,2019-11-15,VRTX,Parini Michael,,0001209191-19-056709,2019-11-13,M,4892.0,155.57,39895.0,D,,,,,,
875320,2019-11-15,VRTX,Parini Michael,,0001209191-19-056709,2019-11-13,S,4892.0,205.5,35003.0,D,,,,,,
875320,2019-11-15,VRTX,Arbuckle Stuart A,,0001209191-19-056706,2019-11-13,M,8560.0,155.57,41800.0,D,,,,,,
875320,2019-11-15,VRTX,Arbuckle Stuart A,,0001209191-19-056706,2019-11-13,S,8560.0,205.57,33240.0,D,,,,,,
875320,2019-11-19,VRTX,Tatsis Ourania,,0001209191-19-057152,2019-11-15,S,5.0,205.95,7252.0,D,,,,,,
875320,2019-11-19,VRTX,Sachdev Amit,,0001209191-19-057148,2019-11-15,S,57.0,205.95,33416.0,D,,,,,,
875320,2019-11-19,VRTX,Parini Michael,,0001209191-19-057142,2019-11-15,S,84.0,205.95,35003.0,D,,,,,,
875320,2019-11-19,VRTX,LEIDEN JEFFREY M,,0001209191-19-057137,2019-11-15,M,3317.0,109.14,109663.0,D,,,,,,
875320,2019-11-19,VRTX,LEIDEN JEFFREY M,,0001209191-19-057137,2019-11-15,S,3317.0,210.0,106346.0,D,,,,,,
875320,2019-11-19,VRTX,LEIDEN JEFFREY M,,0001209191-19-057137,2019-11-18,M,2941.0,109.14,109287.0,D,,,,,,
875320,2019-11-19,VRTX,LEIDEN JEFFREY M,,0001209191-19-057137,2019-11-18,S,2941.0,210.0,106346.0,D,,,,,,
875320,2019-11-19,VRTX,Kewalramani Reshma,,0001209191-19-057132,2019-11-15,S,61.0,205.95,13098.0,D,,,,,,
875320,2019-11-19,VRTX,Arbuckle Stuart A,,0001209191-19-057126,2019-11-15,S,19.0,205.95,33240.0,D,,,,,,
875320,2019-11-19,VRTX,ALTSHULER DAVID,,0001209191-19-057119,2019-11-15,S,60.0,205.95,31553.0,D,,,,,,
875320,2019-11-20,VRTX,MCGLYNN MARGARET G,,0001209191-19-057431,2019-11-18,G,239.0,0.0,3885.0,D,,,,,,
875320,2019-11-21,VRTX,LEIDEN JEFFREY M,,0001209191-19-057610,2019-11-19,M,64032.0,109.14,170378.0,D,,,,,,
875320,2019-11-21,VRTX,LEIDEN JEFFREY M,,0001209191-19-057610,2019-11-19,S,62886.0,210.41,139994.0,D,,,,,,
875320,2019-11-21,VRTX,Sachdev Amit,,0001209191-19-057609,2019-11-19,M,5000.0,109.14,38416.0,D,,,,,,
875320,2019-11-21,VRTX,Sachdev Amit,,0001209191-19-057609,2019-11-19,S,5000.0,215.0,33416.0,D,,,,,,
875320,2019-11-26,VRTX,Kewalramani Reshma,,0001209191-19-058099,2019-11-25,M,4692.0,187.53,17790.0,D,,,,,,
875320,2019-11-26,VRTX,Sachdev Amit,,0001209191-19-058101,2019-11-25,S,5000.0,220.0,33416.0,D,,,,,,
875320,2019-11-26,VRTX,Sachdev Amit,,0001209191-19-058101,2019-11-25,M,5000.0,109.14,38416.0,D,,,,,,
875320,2019-11-26,VRTX,ALTSHULER DAVID,,0001209191-19-058097,2019-11-25,S,3910.0,219.37,31553.0,D,,,,,,
875320,2019-11-26,VRTX,ALTSHULER DAVID,,0001209191-19-058097,2019-11-25,M,3910.0,187.53,35463.0,D,,,,,,
875320,2019-11-26,VRTX,Kewalramani Reshma,,0001209191-19-058099,2019-11-25,S,4692.0,219.37,13098.0,D,,,,,,
875320,2019-12-10,VRTX,Sachdev Amit,,0001209191-19-059883,2019-12-09,M,5000.0,109.14,38416.0,D,,,,,,
875320,2019-12-10,VRTX,Sachdev Amit,,0001209191-19-059883,2019-12-09,S,5000.0,225.0,33416.0,D,,,,,,
875320,2020-01-02,VRTX,YOUNG WILLIAM D,,0001209191-20-000298,2019-12-30,S,7402.0,218.05,31909.0,D,,,,,,
875320,2020-01-02,VRTX,YOUNG WILLIAM D,,0001209191-20-000298,2019-12-30,M,30000.0,65.65,39311.0,D,,,,,,
875320,2020-01-06,VRTX,YOUNG WILLIAM D,,0001209191-20-001775,2020-01-02,M,20000.0,72.14,29311.0,D,,,,,,
875320,2020-01-06,VRTX,YOUNG WILLIAM D,,0001209191-20-001775,2020-01-02,S,2500.0,217.72,26811.0,D,,,,,,
875320,2020-01-06,VRTX,Silva Paul M,,0001209191-20-001770,2020-01-02,M,16758.0,109.14,34517.0,D,,,,,,
875320,2020-01-06,VRTX,Silva Paul M,,0001209191-20-001770,2020-01-02,S,2842.0,217.68,40547.0,D,,,,,,
875320,2020-01-08,VRTX,Parini Michael,,0001209191-20-002501,2020-01-06,M,4250.0,122.45,39253.0,D,,,,,,
875320,2020-01-08,VRTX,Parini Michael,,0001209191-20-002501,2020-01-06,S,400.0,218.93,38853.0,D,,,,,,
875320,2020-01-10,VRTX,Tatsis Ourania,,0001209191-20-003055,2020-01-08,M,1675.0,187.53,8927.0,D,,,,,,
875320,2020-01-10,VRTX,Silva Paul M,,0001209191-20-003064,2020-01-08,S,13750.0,231.89,17759.0,D,,,,,,
875320,2020-01-10,VRTX,Tatsis Ourania,,0001209191-20-003055,2020-01-08,S,1675.0,227.53,7252.0,D,,,,,,
875320,2020-01-10,VRTX,Sachdev Amit,,0001209191-20-003079,2020-01-08,S,5000.0,230.0,36190.0,D,,,,,,
875320,2020-01-10,VRTX,Silva Paul M,,0001209191-20-003064,2020-01-08,M,13750.0,131.89,31509.0,D,,,,,,
875320,2020-01-10,VRTX,Sachdev Amit,,0001209191-20-003079,2020-01-08,M,5000.0,109.14,41190.0,D,,,,,,
875320,2020-01-15,VRTX,Silva Paul M,,0001209191-20-003458,2020-01-13,M,860.0,90.29,18619.0,D,,,,,,
875320,2020-01-15,VRTX,Silva Paul M,,0001209191-20-003458,2020-01-13,S,860.0,229.38,17759.0,D,,,,,,
875320,2020-01-15,VRTX,Parini Michael,,0001209191-20-003457,2020-01-13,M,2125.0,90.29,37128.0,D,,,,,,
875320,2020-01-15,VRTX,Parini Michael,,0001209191-20-003457,2020-01-13,S,300.0,225.27,36828.0,D,,,,,,
875320,2020-01-21,VRTX,Sachdev Amit,,0001209191-20-004251,2020-01-16,S,5000.0,235.0,36190.0,D,,,,,,
875320,2020-01-21,VRTX,Sachdev Amit,,0001209191-20-004251,2020-01-16,M,5000.0,109.14,41190.0,D,,,,,,
875320,2020-01-24,VRTX,Parini Michael,,0001209191-20-004809,2020-01-22,M,1.0,187.53,35004.0,D,,,,,,
875320,2020-01-24,VRTX,Parini Michael,,0001209191-20-004809,2020-01-22,S,1.0,237.5,35003.0,D,,,,,,
875320,2020-02-04,VRTX,Silva Paul M,,0001209191-20-006304,2020-01-31,M,1396.0,187.53,19155.0,D,,,,,,
875320,2020-02-04,VRTX,Silva Paul M,,0001209191-20-006304,2020-01-31,S,1396.0,238.65,17759.0,D,,,,,,
875320,2020-02-04,VRTX,SACHS BRUCE I,,0001209191-20-006298,2020-01-31,M,20000.0,53.85,31210.0,D,,,,,,
875320,2020-02-04,VRTX,SACHS BRUCE I,,0001209191-20-006298,2020-01-31,S,1700.0,224.02,29510.0,D,,,,,,
875320,2020-02-04,VRTX,Parini Michael,,0001209191-20-006289,2020-01-31,M,3909.0,187.53,38912.0,D,,,,,,
875320,2020-02-04,VRTX,Parini Michael,,0001209191-20-006289,2020-01-31,S,3909.0,238.65,35003.0,D,,,,,,
875320,2020-02-04,VRTX,Parini Michael,,0001209191-20-006289,2020-01-31,F,1344.0,231.21,33659.0,D,,,,,,
875320,2020-02-04,VRTX,Parini Michael,,0001209191-20-006289,2020-02-03,M,2330.0,86.52,35989.0,D,,,,,,
875320,2020-02-04,VRTX,Parini Michael,,0001209191-20-006289,2020-02-03,S,574.0,229.07,35415.0,D,,,,,,
875320,2020-02-04,VRTX,Lee Yuchun,,0001209191-20-006284,2020-01-31,S,200.0,224.03,4647.0,D,,,,,,
875320,2020-02-04,VRTX,Lee Yuchun,,0001209191-20-006284,2020-02-03,S,423.0,229.39,2424.0,D,,,,,,
875320,2020-02-04,VRTX,Arbuckle Stuart A,,0001209191-20-006279,2020-01-31,M,4692.0,187.53,37932.0,D,,,,,,
875320,2020-02-04,VRTX,Arbuckle Stuart A,,0001209191-20-006279,2020-01-31,S,4692.0,238.65,33240.0,D,,,,,,
875320,2020-02-04,VRTX,Arbuckle Stuart A,,0001209191-20-006279,2020-02-03,M,2156.0,91.05,35396.0,D,,,,,,
875320,2020-02-04,VRTX,Arbuckle Stuart A,,0001209191-20-006279,2020-02-03,S,440.0,228.9,36510.0,D,,,,,,
875320,2020-02-05,VRTX,Sachdev Amit,,0001209191-20-006956,2020-02-03,M,2156.0,91.05,38346.0,D,,,,,,
875320,2020-02-05,VRTX,Silva Paul M,,0001209191-20-006959,2020-02-03,M,1290.0,91.05,19049.0,D,,,,,,
875320,2020-02-05,VRTX,Silva Paul M,,0001209191-20-006959,2020-02-03,S,210.0,228.91,19648.0,D,,,,,,
875320,2020-02-05,VRTX,ALTSHULER DAVID,,0001209191-20-006950,2020-02-03,S,749.0,229.35,34930.0,D,,,,,,
875320,2020-02-05,VRTX,Sachdev Amit,,0001209191-20-006956,2020-02-03,S,500.0,228.89,39787.0,D,,,,,,
875320,2020-02-05,VRTX,ALTSHULER DAVID,,0001209191-20-006950,2020-02-03,M,1796.0,91.05,33349.0,D,,,,,,
875320,2020-02-06,VRTX,Lee Yuchun,,0001209191-20-007151,2020-02-04,M,3028.0,57.27,3875.0,D,,,,,,
875320,2020-02-06,VRTX,Lee Yuchun,,0001209191-20-007151,2020-02-04,S,115.0,235.15,3760.0,D,,,,,,
875320,2020-02-06,VRTX,Lee Yuchun,,0001209191-20-007151,2020-02-05,M,2000.0,57.27,3875.0,D,,,,,,
875320,2020-02-06,VRTX,Lee Yuchun,,0001209191-20-007151,2020-02-05,S,402.0,240.59,3473.0,D,,,,,,
875320,2020-02-07,VRTX,WAGNER CHARLES F JR,,0001209191-20-007528,2020-02-05,A,3698.0,0.0,7493.0,D,,,,,,
875320,2020-02-07,VRTX,Parini Michael,,0001209191-20-007505,2020-02-05,A,18204.0,0.0,49757.0,D,,,,,,
875320,2020-02-07,VRTX,Parini Michael,,0001209191-20-007505,2020-02-06,M,1303.0,187.53,69549.0,D,,,,,,
875320,2020-02-07,VRTX,Silva Paul M,,0001209191-20-007523,2020-02-06,S,343.0,238.73,30346.0,D,,,,,,
875320,2020-02-07,VRTX,Silva Paul M,,0001209191-20-007523,2020-02-05,A,6320.0,0.0,24079.0,D,,,,,,
875320,2020-02-07,VRTX,Sachdev Amit,,0001209191-20-007519,2020-02-05,A,15170.0,0.0,51360.0,D,,,,,,
875320,2020-02-07,VRTX,Tatsis Ourania,,0001209191-20-007525,2020-02-06,S,571.0,238.77,17342.0,D,,,,,,
875320,2020-02-07,VRTX,Tatsis Ourania,,0001209191-20-007525,2020-02-06,M,559.0,187.53,17505.0,D,,,,,,
875320,2020-02-07,VRTX,Parini Michael,,0001209191-20-007505,2020-02-06,S,1487.0,238.77,69285.0,D,,,,,,
875320,2020-02-07,VRTX,Silva Paul M,,0001209191-20-007523,2020-02-06,M,466.0,187.53,30689.0,D,,,,,,
875320,2020-02-07,VRTX,Tatsis Ourania,,0001209191-20-007525,2020-02-05,A,3500.0,0.0,10752.0,D,,,,,,
875320,2020-02-07,VRTX,ALTSHULER DAVID,,0001209191-20-007474,2020-02-06,M,1303.0,187.53,71613.0,D,,,,,,
875320,2020-02-07,VRTX,Arbuckle Stuart A,,0001209191-20-007477,2020-02-05,A,12136.0,0.0,45376.0,D,,,,,,
875320,2020-02-07,VRTX,Kewalramani Reshma,,0001209191-20-007485,2020-02-06,S,1251.0,238.76,36108.0,D,,,,,,
875320,2020-02-07,VRTX,ALTSHULER DAVID,,0001209191-20-007474,2020-02-06,S,1462.0,238.74,71374.0,D,,,,,,
875320,2020-02-07,VRTX,ALTSHULER DAVID,,0001209191-20-007474,2020-02-05,A,18204.0,0.0,49757.0,D,,,,,,
875320,2020-02-07,VRTX,Arbuckle Stuart A,,0001209191-20-007477,2020-02-06,S,1511.0,238.71,68839.0,D,,,,,,
875320,2020-02-07,VRTX,Kewalramani Reshma,,0001209191-20-007485,2020-02-06,M,1564.0,187.53,36849.0,D,,,,,,
875320,2020-02-07,VRTX,Arbuckle Stuart A,,0001209191-20-007477,2020-02-06,M,1564.0,187.53,69127.0,D,,,,,,
875320,2020-02-07,VRTX,Bozic Carmen,,0001209191-20-007481,2020-02-05,A,2098.0,0.0,4195.0,D,,,,,,
875320,2020-02-07,VRTX,LEIDEN JEFFREY M,,0001209191-20-007495,2019-02-05,A,50566.0,0.0,156912.0,D,,,,,,
875320,2020-02-07,VRTX,Kewalramani Reshma,,0001209191-20-007485,2020-02-05,A,9800.0,0.0,22898.0,D,,,,,,
875320,2020-02-10,VRTX,Lee Yuchun,,0001209191-20-007871,2020-02-06,M,2000.0,57.27,3875.0,D,,,,,,
875320,2020-02-10,VRTX,Lee Yuchun,,0001209191-20-007871,2020-02-06,S,1071.0,238.71,2804.0,D,,,,,,
875320,2020-02-11,VRTX,Lee Yuchun,,0001209191-20-008294,2020-02-07,M,2000.0,57.27,3875.0,D,,,,,,
875320,2020-02-11,VRTX,Lee Yuchun,,0001209191-20-008294,2020-02-07,S,300.0,234.84,3575.0,D,,,,,,
875320,2020-02-12,VRTX,Parini Michael,,0001209191-20-008882,2020-02-10,F,13458.0,240.95,54788.0,D,,,,,,
875320,2020-02-12,VRTX,Silva Paul M,,0001209191-20-008895,2020-02-11,S,380.0,243.59,25170.0,D,,,,,,
875320,2020-02-12,VRTX,Sachdev Amit,,0001209191-20-008889,2020-02-11,S,1000.0,243.53,58268.0,D,,,,,,
875320,2020-02-12,VRTX,Arbuckle Stuart A,,0001209191-20-008867,2020-02-10,F,8942.0,240.95,58621.0,D,,,,,,
875320,2020-02-12,VRTX,Parini Michael,,0001209191-20-008882,2020-02-11,S,922.0,243.42,53866.0,D,,,,,,
875320,2020-02-12,VRTX,Sachdev Amit,,0001209191-20-008889,2020-02-10,F,12215.0,240.95,59268.0,D,,,,,,
875320,2020-02-12,VRTX,Silva Paul M,,0001209191-20-008895,2020-02-10,F,4673.0,240.95,25550.0,D,,,,,,
875320,2020-02-12,VRTX,LEIDEN JEFFREY M,,0001209191-20-008878,2020-02-10,F,36755.0,240.95,180063.0,D,,,,,,
875320,2020-02-12,VRTX,LEIDEN JEFFREY M,,0001209191-20-008878,2020-02-11,S,2800.0,243.37,177263.0,D,,,,,,
875320,2020-02-12,VRTX,Lee Yuchun,,0001209191-20-008870,2020-02-10,M,1181.0,57.27,3056.0,D,,,,,,
875320,2020-02-12,VRTX,Lee Yuchun,,0001209191-20-008870,2020-02-10,S,120.0,240.04,2936.0,D,,,,,,
875320,2020-02-12,VRTX,ALTSHULER DAVID,,0001209191-20-008865,2020-02-11,S,1000.0,243.36,56002.0,D,,,,,,
875320,2020-02-12,VRTX,ALTSHULER DAVID,,0001209191-20-008865,2020-02-10,F,13308.0,240.95,57002.0,D,,,,,,
875320,2020-02-12,VRTX,Arbuckle Stuart A,,0001209191-20-008867,2020-02-11,S,930.0,243.76,57691.0,D,,,,,,
875320,2020-02-19,VRTX,Silva Paul M,,0001209191-20-010554,2020-02-18,S,240.0,241.95,18200.0,D,,,,,,
875320,2020-02-19,VRTX,Sachdev Amit,,0001209191-20-010550,2020-02-17,F,3262.0,241.5,42936.0,D,,,,,,
875320,2020-02-19,VRTX,Sachdev Amit,,0001209191-20-010550,2020-02-18,S,720.0,242.04,42216.0,D,,,,,,
875320,2020-02-19,VRTX,Parini Michael,,0001209191-20-010546,2020-02-18,S,360.0,241.75,35050.0,D,,,,,,
875320,2020-02-19,VRTX,Tatsis Ourania,,0001209191-20-010560,2020-02-17,F,597.0,241.5,16349.0,D,,,,,,
875320,2020-02-19,VRTX,Tatsis Ourania,,0001209191-20-010560,2020-02-18,S,160.0,241.82,16189.0,D,,,,,,
875320,2020-02-19,VRTX,Parini Michael,,0001209191-20-010546,2020-02-17,F,2496.0,241.5,35410.0,D,,,,,,
875320,2020-02-19,VRTX,Silva Paul M,,0001209191-20-010554,2020-02-17,F,1248.0,241.5,18440.0,D,,,,,,
875320,2020-02-19,VRTX,LEIDEN JEFFREY M,,0001209191-20-010544,2020-02-17,F,9314.0,241.5,123226.0,D,,,,,,
875320,2020-02-19,VRTX,Arbuckle Stuart A,,0001209191-20-010537,2020-02-18,S,760.0,242.08,44079.0,D,,,,,,
875320,2020-02-19,VRTX,ALTSHULER DAVID,,0001209191-20-010534,2020-02-17,F,2496.0,241.5,37474.0,D,,,,,,
875320,2020-02-19,VRTX,ALTSHULER DAVID,,0001209191-20-010534,2020-02-18,S,400.0,241.8,37074.0,D,,,,,,
875320,2020-02-19,VRTX,LEIDEN JEFFREY M,,0001209191-20-010544,2020-02-18,S,1680.0,241.78,121546.0,D,,,,,,
875320,2020-02-19,VRTX,Kewalramani Reshma,,0001209191-20-010541,2020-02-17,F,944.0,241.5,34341.0,D,,,,,,
875320,2020-02-19,VRTX,Kewalramani Reshma,,0001209191-20-010541,2020-02-18,S,120.0,241.71,34221.0,D,,,,,,
875320,2020-02-19,VRTX,Arbuckle Stuart A,,0001209191-20-010537,2020-02-17,F,2496.0,241.5,44839.0,D,,,,,,
875320,2020-02-26,VRTX,Silva Paul M,,0001209191-20-013037,2020-02-24,F,864.0,239.23,16012.0,D,,,,,,
875320,2020-02-26,VRTX,Sachdev Amit,,0001209191-20-013034,2020-02-25,S,953.0,230.0,35338.0,D,,,,,,
875320,2020-02-26,VRTX,Tatsis Ourania,,0001209191-20-013039,2020-02-24,F,1036.0,239.23,14034.0,D,,,,,,
875320,2020-02-26,VRTX,Sachdev Amit,,0001209191-20-013034,2020-02-24,F,3156.0,239.23,36291.0,D,,,,,,
875320,2020-02-26,VRTX,WAGNER CHARLES F JR,,0001209191-20-013040,2020-02-24,F,542.0,239.23,17274.0,D,,,,,,
875320,2020-02-26,VRTX,Tatsis Ourania,,0001209191-20-013039,2020-02-25,S,416.0,229.57,13618.0,D,,,,,,
875320,2020-02-26,VRTX,Parini Michael,,0001209191-20-013032,2020-02-24,F,2416.0,239.23,29866.0,D,,,,,,
875320,2020-02-26,VRTX,Parini Michael,,0001209191-20-013032,2020-02-25,S,938.0,230.07,28928.0,D,,,,,,
875320,2020-02-26,VRTX,Silva Paul M,,0001209191-20-013037,2020-02-25,S,283.0,229.66,15729.0,D,,,,,,
875320,2020-02-26,VRTX,LEIDEN JEFFREY M,,0001209191-20-013029,2020-02-25,S,2273.0,229.77,100858.0,D,,,,,,
875320,2020-02-26,VRTX,ALTSHULER DAVID,,0001209191-20-013016,2020-02-25,S,734.0,229.72,31196.0,D,,,,,,
875320,2020-02-26,VRTX,Arbuckle Stuart A,,0001209191-20-013020,2020-02-24,F,2898.0,239.23,38813.0,D,,,,,,
875320,2020-02-26,VRTX,ALTSHULER DAVID,,0001209191-20-013016,2020-02-24,F,2416.0,239.23,31930.0,D,,,,,,
875320,2020-02-26,VRTX,Arbuckle Stuart A,,0001209191-20-013020,2020-02-25,S,810.0,229.78,38003.0,D,,,,,,
875320,2020-02-26,VRTX,LEIDEN JEFFREY M,,0001209191-20-013029,2020-02-24,F,8410.0,239.23,103131.0,D,,,,,,
875320,2020-02-26,VRTX,Bozic Carmen,,0001209191-20-013023,2020-02-24,F,216.0,239.23,14302.0,D,,,,,,
875320,2020-02-26,VRTX,Kewalramani Reshma,,0001209191-20-013025,2020-02-25,S,893.0,229.72,29367.0,D,,,,,,
875320,2020-02-26,VRTX,Kewalramani Reshma,,0001209191-20-013025,2020-02-24,F,2898.0,239.23,30260.0,D,,,,,,
875320,2020-04-02,VRTX,LEIDEN JEFFREY M,,0001209191-20-022539,2020-03-31,F,40090.0,234.01,52491.0,D,,,,,,
875320,2020-04-08,VRTX,Silva Paul M,,0001209191-20-023914,2020-04-06,S,4891.0,255.57,14932.0,D,,,,,,
875320,2020-04-08,VRTX,Silva Paul M,,0001209191-20-023914,2020-04-06,M,4891.0,155.57,19823.0,D,,,,,,
875320,2020-04-15,VRTX,Silva Paul M,,0001209191-20-024476,2020-04-13,M,859.0,90.29,15791.0,D,,,,,,
875320,2020-04-15,VRTX,Silva Paul M,,0001209191-20-024476,2020-04-13,S,50.0,244.09,15741.0,D,,,,,,
875320,2020-04-22,VRTX,Lee Yuchun,,0001209191-20-025342,2020-04-20,M,2000.0,57.27,3875.0,D,,,,,,
875320,2020-04-22,VRTX,Lee Yuchun,,0001209191-20-025342,2020-04-20,S,100.0,269.97,3775.0,D,,,,,,
875320,2020-04-22,VRTX,Lee Yuchun,,0001209191-20-025342,2020-04-21,M,2000.0,57.27,3875.0,D,,,,,,
875320,2020-04-22,VRTX,Lee Yuchun,,0001209191-20-025342,2020-04-21,S,297.0,263.2,3578.0,D,,,,,,
875320,2020-04-24,VRTX,Lee Yuchun,,0001209191-20-025596,2020-04-22,S,300.0,265.16,3575.0,D,,,,,,
875320,2020-04-24,VRTX,Lee Yuchun,,0001209191-20-025596,2020-04-22,M,2000.0,57.27,3875.0,D,,,,,,
875320,2020-04-24,VRTX,Lee Yuchun,,0001209191-20-025596,2020-04-23,M,2000.0,57.27,3875.0,D,,,,,,
875320,2020-04-24,VRTX,Lee Yuchun,,0001209191-20-025596,2020-04-23,S,353.0,267.47,3522.0,D,,,,,,
875320,2020-04-28,VRTX,Lee Yuchun,,0001209191-20-025937,2020-04-24,M,2000.0,57.27,3875.0,D,,,,,,
875320,2020-04-28,VRTX,Lee Yuchun,,0001209191-20-025937,2020-04-24,S,890.0,267.23,2985.0,D,,,,,,
875320,2020-04-28,VRTX,Lee Yuchun,,0001209191-20-025937,2020-04-27,M,2000.0,57.27,3875.0,D,,,,,,
875320,2020-04-28,VRTX,Lee Yuchun,,0001209191-20-025937,2020-04-27,S,193.0,268.4,3682.0,D,,,,,,
875320,2020-04-29,VRTX,Lee Yuchun,,0001209191-20-026153,2020-04-28,M,1125.0,57.27,3000.0,D,,,,,,
875320,2020-04-29,VRTX,Lee Yuchun,,0001209191-20-026153,2020-04-28,S,200.0,254.81,2800.0,D,,,,,,
875320,2020-05-01,VRTX,Parini Michael,,0001209191-20-026529,2020-04-29,S,145.0,251.38,28818.0,D,,,,,,
875320,2020-05-01,VRTX,WAGNER CHARLES F JR,,0001209191-20-026538,2020-04-30,F,547.0,251.78,16727.0,D,,,,,,
875320,2020-05-01,VRTX,Parini Michael,,0001209191-20-026529,2020-04-29,M,2125.0,90.29,28963.0,D,,,,,,
875320,2020-05-06,VRTX,Sachdev Amit,,0001209191-20-027496,2020-05-05,S,100.0,265.72,48359.0,D,,,,,,
875320,2020-05-06,VRTX,Arbuckle Stuart A,,0001209191-20-027487,2020-05-04,M,1553.0,86.52,36732.0,D,,,,,,
875320,2020-05-06,VRTX,Arbuckle Stuart A,,0001209191-20-027487,2020-05-04,S,640.0,259.36,36092.0,D,,,,,,
875320,2020-05-06,VRTX,Sachdev Amit,,0001209191-20-027496,2020-05-04,S,1400.0,258.59,77455.0,D,,,,,,
875320,2020-05-06,VRTX,Sachdev Amit,,0001209191-20-027496,2020-05-04,M,32500.0,109.14,67603.0,D,,,,,,
875320,2020-05-06,VRTX,Sachdev Amit,,0001209191-20-027496,2020-05-05,M,13356.0,131.89,48459.0,D,,,,,,
875320,2020-05-06,VRTX,Parini Michael,,0001209191-20-027472,2020-05-04,S,700.0,259.19,28468.0,D,,,,,,
875320,2020-05-06,VRTX,ALTSHULER DAVID,,0001209191-20-027464,2020-05-04,S,700.0,259.18,30532.0,D,,,,,,
875320,2020-05-06,VRTX,Silva Paul M,,0001209191-20-027476,2020-05-04,M,809.0,86.52,15741.0,D,,,,,,
875320,2020-05-06,VRTX,ALTSHULER DAVID,,0001209191-20-027464,2020-05-04,M,2330.0,86.52,31232.0,D,,,,,,
875320,2020-05-06,VRTX,Silva Paul M,,0001209191-20-027476,2020-05-04,S,200.0,259.21,15541.0,D,,,,,,
875320,2020-05-06,VRTX,Parini Michael,,0001209191-20-027472,2020-05-04,M,2330.0,86.52,29168.0,D,,,,,,
875320,2020-05-07,VRTX,LEIDEN JEFFREY M,,0001209191-20-027672,2020-05-05,M,24216.0,187.53,76707.0,D,,,,,,
875320,2020-05-07,VRTX,LEIDEN JEFFREY M,,0001209191-20-027672,2020-05-05,S,4220.0,265.57,136808.0,D,,,,,,
875320,2020-05-08,VRTX,Silva Paul M,,0001209191-20-027904,2020-05-06,M,465.0,187.53,15397.0,D,,,,,,
875320,2020-05-08,VRTX,Silva Paul M,,0001209191-20-027904,2020-05-06,S,79.0,269.41,15929.0,D,,,,,,
875320,2020-05-08,VRTX,ALTSHULER DAVID,,0001209191-20-027880,2020-05-06,S,271.0,270.2,29853.0,D,,,,,,
875320,2020-05-08,VRTX,Tatsis Ourania,,0001209191-20-027906,2020-05-06,M,559.0,187.53,13297.0,D,,,,,,
875320,2020-05-08,VRTX,Kewalramani Reshma,,0001209191-20-027885,2020-05-06,S,416.0,270.35,28284.0,D,,,,,,
875320,2020-05-08,VRTX,SACHS BRUCE I,,0001209191-20-027901,2020-05-07,S,2600.0,267.5,53610.0,D,,,,,,
875320,2020-05-08,VRTX,SACHS BRUCE I,,0001209191-20-027901,2020-05-07,M,22500.0,59.55,33710.0,D,,,,,,
875320,2020-05-08,VRTX,Sachdev Amit,,0001209191-20-027897,2020-05-06,M,669.0,131.89,35772.0,D,,,,,,
875320,2020-05-08,VRTX,LEIDEN JEFFREY M,,0001209191-20-027890,2020-05-07,S,5892.0,267.52,129298.0,D,,,,,,
875320,2020-05-08,VRTX,Parini Michael,,0001209191-20-027894,2020-05-06,S,273.0,270.16,27787.0,D,,,,,,
875320,2020-05-08,VRTX,Parini Michael,,0001209191-20-027894,2020-05-06,M,1222.0,155.57,28060.0,D,,,,,,
875320,2020-05-08,VRTX,ALTSHULER DAVID,,0001209191-20-027880,2020-05-06,M,1222.0,155.57,30124.0,D,,,,,,
875320,2020-05-08,VRTX,Sachdev Amit,,0001209191-20-027897,2020-05-06,S,669.0,275.28,35103.0,D,,,,,,
875320,2020-05-08,VRTX,LEIDEN JEFFREY M,,0001209191-20-027890,2020-05-07,M,24216.0,187.53,70872.0,D,,,,,,
875320,2020-05-08,VRTX,Kewalramani Reshma,,0001209191-20-027885,2020-05-06,M,1564.0,187.53,28190.0,D,,,,,,
875320,2020-05-08,VRTX,Tatsis Ourania,,0001209191-20-027906,2020-05-06,S,43.0,268.8,13661.0,D,,,,,,
875320,2020-05-13,VRTX,Sachdev Amit,,0001209191-20-028801,2020-05-11,S,800.0,276.25,44968.0,D,,,,,,
875320,2020-05-13,VRTX,Sachdev Amit,,0001209191-20-028801,2020-05-11,M,10665.0,131.89,45768.0,D,,,,,,
875320,2020-05-13,VRTX,Parini Michael,,0001209191-20-028797,2020-05-11,S,1304.0,286.0,26838.0,D,,,,,,
875320,2020-05-13,VRTX,Parini Michael,,0001209191-20-028797,2020-05-11,M,1304.0,187.53,28142.0,D,,,,,,
875320,2020-05-14,VRTX,ALTSHULER DAVID,,0001209191-20-029183,2020-05-12,S,1304.0,287.33,28902.0,D,,,,,,
875320,2020-05-14,VRTX,ALTSHULER DAVID,,0001209191-20-029183,2020-05-12,M,1304.0,187.53,30206.0,D,,,,,,
875320,2020-05-14,VRTX,LEIDEN JEFFREY M,,0001209191-20-029186,2020-05-12,S,9015.0,277.14,120338.0,D,,,,,,
875320,2020-05-14,VRTX,LEIDEN JEFFREY M,,0001209191-20-029186,2020-05-12,M,24215.0,187.53,65036.0,D,,,,,,
875320,2020-05-19,VRTX,Arbuckle Stuart A,,0001209191-20-030466,2020-05-15,S,10.0,276.35,35282.0,D,,,,,,
875320,2020-05-19,VRTX,ALTSHULER DAVID,,0001209191-20-030464,2020-05-15,S,2.0,274.98,28982.0,D,,,,,,
875320,2020-05-19,VRTX,Parini Michael,,0001209191-20-030479,2020-05-15,S,1.0,273.91,26905.0,D,,,,,,
875320,2020-05-19,VRTX,Kewalramani Reshma,,0001209191-20-030498,2020-05-15,S,2.0,274.37,26723.0,D,,,,,,
875320,2020-05-19,VRTX,Silva Paul M,,0001209191-20-030487,2020-05-15,S,10.0,275.71,15073.0,D,,,,,,
875320,2020-05-19,VRTX,Sachdev Amit,,0001209191-20-030482,2020-05-15,S,1.0,274.67,35160.0,D,,,,,,
875320,2020-05-19,VRTX,Tatsis Ourania,,0001209191-20-030494,2020-05-15,S,10.0,276.35,12848.0,D,,,,,,
875320,2020-06-02,VRTX,Bozic Carmen,,0001209191-20-033493,2020-05-29,F,311.0,282.74,13991.0,D,,,,,,
875320,2020-06-03,VRTX,CARNEY LLOYD,,0001209191-20-034002,2020-06-01,A,1398.0,0.0,3559.0,D,,,,,,
875320,2020-06-03,VRTX,Garber Alan M,,0001209191-20-034012,2020-06-01,A,699.0,0.0,5890.0,D,,,,,,
875320,2020-06-03,VRTX,MCGLYNN MARGARET G,,0001209191-20-034048,2020-06-01,A,699.0,0.0,4584.0,D,,,,,,
875320,2020-06-03,VRTX,Bhatia Sangeeta N.,,0001209191-20-033993,2020-06-01,A,1398.0,0.0,6647.0,D,,,,,,
875320,2020-06-03,VRTX,Bhatia Sangeeta N.,,0001209191-20-033993,2020-06-02,S,50.0,279.52,6597.0,D,,,,,,
875320,2020-06-05,VRTX,MCKENZIE DIANA,,0001209191-20-034747,2020-06-03,A,1435.0,0.0,1435.0,D,,,,,,
875320,2020-07-02,VRTX,LEIDEN JEFFREY M,,0001209191-20-040271,2020-06-30,S,5801.0,284.14,29252.0,D,,,,,,
875320,2020-07-09,VRTX,Arbuckle Stuart A,,0001209191-20-041969,2020-07-07,M,1564.0,187.53,36743.0,D,,,,,,
875320,2020-07-09,VRTX,Arbuckle Stuart A,,0001209191-20-041969,2020-07-07,S,2786.0,300.0,35179.0,D,,,,,,
875320,2020-07-14,VRTX,WAGNER CHARLES F JR,,0001209191-20-042359,2020-07-10,S,40.0,291.19,16786.0,D,,,,,,
875320,2020-07-15,VRTX,Parini Michael,,0001209191-20-042488,2020-07-13,M,2125.0,90.29,28963.0,D,,,,,,
875320,2020-07-15,VRTX,Parini Michael,,0001209191-20-042488,2020-07-13,S,100.0,284.28,28863.0,D,,,,,,
875320,2020-07-15,VRTX,Silva Paul M,,0001209191-20-042492,2020-07-13,S,100.0,284.56,15692.0,D,,,,,,
875320,2020-07-15,VRTX,Silva Paul M,,0001209191-20-042492,2020-07-13,M,860.0,90.29,15792.0,D,,,,,,
875320,2020-08-05,VRTX,ALTSHULER DAVID,,0001209191-20-045095,2020-08-03,M,2330.0,86.52,31232.0,D,,,,,,
875320,2020-08-05,VRTX,Arbuckle Stuart A,,0001209191-20-045097,2020-08-03,M,1553.0,86.52,36732.0,D,,,,,,
875320,2020-08-05,VRTX,Arbuckle Stuart A,,0001209191-20-045097,2020-08-03,S,171.0,276.4,36561.0,D,,,,,,
875320,2020-08-05,VRTX,Parini Michael,,0001209191-20-045101,2020-08-03,S,500.0,276.98,28668.0,D,,,,,,
875320,2020-08-05,VRTX,ALTSHULER DAVID,,0001209191-20-045095,2020-08-03,S,458.0,276.84,30774.0,D,,,,,,
875320,2020-08-05,VRTX,Silva Paul M,,0001209191-20-045105,2020-08-03,S,51.0,276.0,15690.0,D,,,,,,
875320,2020-08-05,VRTX,Silva Paul M,,0001209191-20-045105,2020-08-03,M,809.0,86.52,15741.0,D,,,,,,
875320,2020-08-05,VRTX,Sachdev Amit,,0001209191-20-045145,2020-08-03,M,1941.0,86.52,37044.0,D,,,,,,
875320,2020-08-05,VRTX,Sachdev Amit,,0001209191-20-045145,2020-08-03,S,500.0,276.96,36544.0,D,,,,,,
875320,2020-08-05,VRTX,Parini Michael,,0001209191-20-045101,2020-08-03,M,2330.0,86.52,29168.0,D,,,,,,
875320,2020-08-10,VRTX,Kewalramani Reshma,,0001209191-20-045935,2020-08-06,S,152.0,269.11,28547.0,D,,,,,,
875320,2020-08-10,VRTX,Parini Michael,,0001209191-20-045939,2020-08-06,S,490.0,270.13,27571.0,D,,,,,,
875320,2020-08-10,VRTX,ALTSHULER DAVID,,0001209191-20-045930,2020-08-06,S,490.0,270.12,29635.0,D,,,,,,
875320,2020-08-10,VRTX,Kewalramani Reshma,,0001209191-20-045935,2020-08-06,M,1564.0,187.53,28190.0,D,,,,,,
875320,2020-08-10,VRTX,Parini Michael,,0001209191-20-045939,2020-08-06,M,1223.0,155.57,28061.0,D,,,,,,
875320,2020-08-10,VRTX,Silva Paul M,,0001209191-20-045942,2020-08-06,M,466.0,187.53,15398.0,D,,,,,,
875320,2020-08-10,VRTX,ALTSHULER DAVID,,0001209191-20-045930,2020-08-06,M,1223.0,155.57,30125.0,D,,,,,,
875320,2020-08-10,VRTX,Silva Paul M,,0001209191-20-045942,2020-08-06,S,420.0,270.12,15590.0,D,,,,,,
875320,2020-08-26,VRTX,MCGLYNN MARGARET G,,0001209191-20-048388,2020-08-25,G,3707.0,0.0,877.0,D,,,,,,
875320,2020-10-07,VRTX,Bhatia Sangeeta N.,,0001209191-20-054118,2020-10-05,M,8729.0,126.68,14424.0,D,,,,,,
875320,2020-10-07,VRTX,Bhatia Sangeeta N.,,0001209191-20-054118,2020-10-05,S,291.0,262.66,14133.0,D,,,,,,
875320,2020-11-05,VRTX,Arbuckle Stuart A,,0001209191-20-057126,2020-11-03,S,487.0,210.56,36245.0,D,,,,,,
875320,2020-11-05,VRTX,Arbuckle Stuart A,,0001209191-20-057126,2020-11-03,M,1553.0,86.52,36732.0,D,,,,,,
875320,2020-11-06,VRTX,Parini Michael,,0001209191-20-057275,2020-11-04,M,2330.0,86.52,29168.0,D,,,,,,
875320,2020-11-06,VRTX,Parini Michael,,0001209191-20-057275,2020-11-04,S,630.0,215.16,28538.0,D,,,,,,
875320,2020-11-12,VRTX,SACHS BRUCE I,,0001209191-20-057828,2020-11-10,P,6825.0,216.47,18035.0,D,,,,,,
875320,2020-11-18,VRTX,Arbuckle Stuart A,,0001209191-20-059055,2020-11-16,S,2.0,222.47,35184.0,D,,,,,,
875320,2020-11-18,VRTX,ALTSHULER DAVID,,0001209191-20-059051,2020-11-16,S,10.0,222.45,28930.0,D,,,,,,
875320,2020-11-18,VRTX,Sachdev Amit,,0001209191-20-059069,2020-11-16,S,12.0,222.5,35133.0,D,,,,,,
875320,2020-11-18,VRTX,Parini Michael,,0001209191-20-059059,2020-11-16,S,26.0,222.52,26903.0,D,,,,,,
875320,2021-02-05,VRTX,Arbuckle Stuart A,,0001209191-21-008101,2021-02-03,A,8438.0,0.0,43617.0,D,,,,,,
875320,2021-02-05,VRTX,WAGNER CHARLES F JR,,0001209191-21-008168,2021-02-03,A,10324.0,0.0,26511.0,D,,,,,,
875320,2021-02-05,VRTX,Tatsis Ourania,,0001209191-21-008154,2021-02-03,A,2814.0,0.0,15552.0,D,,,,,,
875320,2021-02-05,VRTX,Kewalramani Reshma,,0001209191-21-008121,2021-02-03,A,3516.0,0.0,30164.0,D,,,,,,
875320,2021-02-05,VRTX,Sanna Bastiano,,0001209191-21-008144,2021-02-03,A,9092.0,0.0,30267.0,D,,,,,,
875320,2021-02-05,VRTX,LEIDEN JEFFREY M,,0001209191-21-008126,2021-02-03,A,31498.0,0.0,33809.0,D,,,,,,
875320,2021-02-05,VRTX,Sachdev Amit,,0001209191-21-008136,2021-02-03,A,10126.0,0.0,48472.0,D,,,,,,
875320,2021-02-05,VRTX,Parini Michael,,0001209191-21-008132,2021-02-03,A,8438.0,0.0,35276.0,D,,,,,,
875320,2021-02-05,VRTX,Parini Michael,,0001209191-21-008132,2021-02-03,S,200.0,215.52,57427.0,D,,,,,,
875320,2021-02-05,VRTX,Arbuckle Stuart A,,0001209191-21-008101,2021-02-03,S,148.0,211.22,71363.0,D,,,,,,
875320,2021-02-05,VRTX,ALTSHULER DAVID,,0001209191-21-008093,2021-02-03,A,8438.0,0.0,37340.0,D,,,,,,
875320,2021-02-05,VRTX,Parini Michael,,0001209191-21-008132,2021-02-03,M,400.0,86.52,57627.0,D,,,,,,
875320,2021-02-05,VRTX,Sachdev Amit,,0001209191-21-008136,2020-12-08,G,3391.0,0.0,7368.0,I,,,,,,
875320,2021-02-05,VRTX,Bozic Carmen,,0001209191-21-008106,2021-02-03,A,10324.0,0.0,24315.0,D,,,,,,
875320,2021-02-05,VRTX,Silva Paul M,,0001209191-21-008149,2021-02-03,A,4220.0,0.0,19152.0,D,,,,,,
875320,2021-02-05,VRTX,LEIDEN JEFFREY M,,0001209191-21-008126,2021-02-03,F,8599.0,215.03,77600.0,D,,,,,,
875320,2021-02-05,VRTX,Arbuckle Stuart A,,0001209191-21-008101,2021-02-03,M,1554.0,86.52,71511.0,D,,,,,,
875320,2021-02-09,VRTX,Parini Michael,,0001209191-21-009033,2021-02-05,S,1930.0,215.0,57227.0,D,,,,,,
875320,2021-02-09,VRTX,Parini Michael,,0001209191-21-009033,2021-02-05,M,1930.0,86.52,59157.0,D,,,,,,
875320,2021-02-12,VRTX,Kewalramani Reshma,,0001209191-21-010098,2021-02-10,F,2962.0,214.16,68621.0,D,,,,,,
875320,2021-02-12,VRTX,Sachdev Amit,,0001209191-21-010115,2021-02-10,F,2421.0,214.16,68002.0,D,,,,,,
875320,2021-02-12,VRTX,Silva Paul M,,0001209191-21-010125,2021-02-10,F,651.0,214.16,25361.0,D,,,,,,
875320,2021-02-12,VRTX,LEIDEN JEFFREY M,,0001209191-21-010108,2021-02-10,F,13954.0,214.16,63646.0,D,,,,,,
875320,2021-02-12,VRTX,Bozic Carmen,,0001209191-21-010095,2021-02-10,F,2367.0,214.16,33575.0,D,,,,,,
875320,2021-02-12,VRTX,Arbuckle Stuart A,,0001209191-21-010092,2021-02-10,F,3101.0,214.16,66856.0,D,,,,,,
875320,2021-02-12,VRTX,ALTSHULER DAVID,,0001209191-21-010087,2021-02-10,F,2974.0,214.16,58381.0,D,,,,,,
875320,2021-02-12,VRTX,WAGNER CHARLES F JR,,0001209191-21-010133,2021-02-10,F,2365.0,214.16,35773.0,D,,,,,,
875320,2021-02-12,VRTX,Parini Michael,,0001209191-21-010112,2021-02-10,F,2563.0,214.16,54664.0,D,,,,,,
875320,2021-02-12,VRTX,Tatsis Ourania,,0001209191-21-010129,2021-02-10,F,1230.0,214.16,34468.0,D,,,,,,
875320,2021-02-12,VRTX,Sanna Bastiano,,0001209191-21-010118,2021-02-10,F,1344.0,214.16,40550.0,D,,,,,,
875320,2021-02-16,VRTX,Silva Paul M,,0001209191-21-010739,2021-02-11,S,1288.0,210.45,24073.0,D,,,,,,
875320,2021-02-16,VRTX,Sanna Bastiano,,0001209191-21-010733,2021-02-11,S,1469.0,210.44,39081.0,D,,,,,,
875320,2021-02-16,VRTX,Arbuckle Stuart A,,0001209191-21-010697,2021-02-11,S,4356.0,210.39,62500.0,D,,,,,,
875320,2021-02-16,VRTX,Sachdev Amit,,0001209191-21-010723,2021-02-11,S,3860.0,210.43,64142.0,D,,,,,,
875320,2021-02-16,VRTX,ALTSHULER DAVID,,0001209191-21-010691,2021-02-11,S,4783.0,210.42,53598.0,D,,,,,,
875320,2021-02-16,VRTX,Parini Michael,,0001209191-21-010703,2021-02-11,S,3818.0,210.43,50846.0,D,,,,,,
875320,2021-02-19,VRTX,Sachdev Amit,,0001209191-21-012352,2021-02-17,F,7613.0,211.75,55929.0,D,,,,,,
875320,2021-02-19,VRTX,Silva Paul M,,0001209191-21-012355,2021-02-17,F,2740.0,211.75,21123.0,D,,,,,,
875320,2021-02-19,VRTX,Arbuckle Stuart A,,0001209191-21-012328,2021-02-18,S,1022.0,210.05,54438.0,D,,,,,,
875320,2021-02-19,VRTX,Arbuckle Stuart A,,0001209191-21-012328,2021-02-17,F,6240.0,211.75,55460.0,D,,,,,,
875320,2021-02-19,VRTX,Sachdev Amit,,0001209191-21-012352,2021-02-18,S,1164.0,210.0,54765.0,D,,,,,,
875320,2021-02-19,VRTX,ALTSHULER DAVID,,0001209191-21-012320,2021-02-18,S,1079.0,210.11,45779.0,D,,,,,,
875320,2021-02-19,VRTX,LEIDEN JEFFREY M,,0001209191-21-012344,2021-02-17,F,13970.0,211.75,49676.0,D,,,,,,
875320,2021-02-19,VRTX,Tatsis Ourania,,0001209191-21-012360,2021-02-17,F,2000.0,211.75,32468.0,D,,,,,,
875320,2021-02-19,VRTX,Kewalramani Reshma,,0001209191-21-012334,2021-02-17,F,2080.0,211.75,66541.0,D,,,,,,
875320,2021-02-19,VRTX,Parini Michael,,0001209191-21-012347,2021-02-18,S,1007.0,210.08,43099.0,D,,,,,,
875320,2021-02-19,VRTX,Parini Michael,,0001209191-21-012347,2021-02-17,F,6240.0,211.75,44106.0,D,,,,,,
875320,2021-02-19,VRTX,ALTSHULER DAVID,,0001209191-21-012320,2021-02-17,F,6240.0,211.75,46858.0,D,,,,,,
875320,2021-02-19,VRTX,Silva Paul M,,0001209191-21-012355,2021-02-18,S,584.0,210.05,20539.0,D,,,,,,
875320,2021-02-26,VRTX,Parini Michael,,0001209191-21-014736,2021-02-25,S,646.0,211.58,33219.0,D,,,,,,
875320,2021-02-26,VRTX,ALTSHULER DAVID,,0001209191-21-014679,2021-02-25,S,646.0,211.58,35971.0,D,,,,,,
875320,2021-02-26,VRTX,ALTSHULER DAVID,,0001209191-21-014679,2021-02-24,F,2416.0,217.57,36617.0,D,,,,,,
875320,2021-02-26,VRTX,WAGNER CHARLES F JR,,0001209191-21-014759,2021-02-24,F,547.0,217.57,35226.0,D,,,,,,
875320,2021-02-26,VRTX,Silva Paul M,,0001209191-21-014749,2021-02-25,S,244.0,211.8,15720.0,D,,,,,,
875320,2021-02-26,VRTX,Silva Paul M,,0001209191-21-014749,2021-02-24,F,864.0,217.57,15964.0,D,,,,,,
875320,2021-02-26,VRTX,Arbuckle Stuart A,,0001209191-21-014690,2021-02-24,F,2898.0,217.57,44737.0,D,,,,,,
875320,2021-02-26,VRTX,Bozic Carmen,,0001209191-21-014713,2021-02-24,F,311.0,217.57,33264.0,D,,,,,,
875320,2021-02-26,VRTX,Arbuckle Stuart A,,0001209191-21-014690,2021-02-25,S,380.0,211.39,44357.0,D,,,,,,
875320,2021-02-26,VRTX,Sachdev Amit,,0001209191-21-014743,2021-02-24,F,2946.0,217.57,43719.0,D,,,,,,
875320,2021-02-26,VRTX,Kewalramani Reshma,,0001209191-21-014723,2021-02-24,F,2898.0,217.57,63643.0,D,,,,,,
875320,2021-02-26,VRTX,Tatsis Ourania,,0001209191-21-014752,2021-02-24,F,1036.0,217.57,31432.0,D,,,,,,
875320,2021-02-26,VRTX,Parini Michael,,0001209191-21-014736,2021-02-24,F,2416.0,217.57,33865.0,D,,,,,,
875320,2021-02-26,VRTX,Sachdev Amit,,0001209191-21-014743,2021-02-25,S,922.0,211.56,42797.0,D,,,,,,
875320,2021-03-02,VRTX,Silva Paul M,,0001209191-21-015849,2021-03-01,S,1026.0,210.13,11640.0,D,,,,,,
875320,2021-03-02,VRTX,Silva Paul M,,0001209191-21-015849,2021-02-26,F,2218.0,212.42,12666.0,D,,,,,,
875320,2021-03-08,VRTX,Liu Joy,,0001209191-21-018528,2021-03-05,S,1351.0,207.57,12043.0,D,,,,,,
875320,2021-04-05,VRTX,Sanna Bastiano,,0001209191-21-025105,2021-04-01,F,1344.0,214.16,37520.0,D,,,,,,
875320,2021-04-07,VRTX,Sanna Bastiano,,0001209191-21-025841,2021-04-05,S,1297.0,213.89,36223.0,D,,,,,,
875320,2021-04-29,VRTX,Sachdev Amit,,0001209191-21-028984,2021-04-27,M,3884.0,86.52,44017.0,D,,,,,,
875320,2021-04-29,VRTX,Sachdev Amit,,0001209191-21-028984,2021-04-27,S,2346.0,215.58,41671.0,D,,,,,,
875320,2021-05-04,VRTX,CARNEY LLOYD,,0001209191-21-029842,2021-05-01,A,1842.0,0.0,5401.0,D,,,,,,
875320,2021-05-04,VRTX,Bhatia Sangeeta N.,,0001209191-21-029837,2021-05-01,A,1842.0,0.0,5750.0,D,,,,,,
875320,2021-05-04,VRTX,MCGLYNN MARGARET G,,0001209191-21-029861,2021-05-01,A,921.0,0.0,1798.0,D,,,,,,
875320,2021-05-04,VRTX,MCKENZIE DIANA,,0001209191-21-029865,2021-05-01,A,1842.0,0.0,3277.0,D,,,,,,
875320,2021-05-05,VRTX,Sanna Bastiano,,0001209191-21-030522,2021-04-30,F,766.0,217.21,35068.0,D,,,,,,
875320,2021-05-05,VRTX,Sanna Bastiano,,0001209191-21-030522,2021-05-03,S,501.0,218.06,34567.0,D,,,,,,
875320,2021-05-05,VRTX,WAGNER CHARLES F JR,,0001209191-21-030524,2021-04-30,F,547.0,217.21,34679.0,D,,,,,,
875320,2021-05-19,VRTX,Sachdev Amit,,0001209191-21-033989,2021-05-17,S,8.0,215.59,40170.0,D,,,,,,
875320,2021-05-19,VRTX,Arbuckle Stuart A,,0001209191-21-033984,2021-05-17,S,7.0,215.33,41205.0,D,,,,,,
875320,2021-05-19,VRTX,Sanna Bastiano,,0001209191-21-033992,2021-05-17,S,65.0,215.95,34155.0,D,,,,,,
875320,2021-05-19,VRTX,ALTSHULER DAVID,,0001209191-21-033983,2021-05-17,S,8.0,215.31,33660.0,D,,,,,,
875320,2021-05-19,VRTX,Liu Joy,,0001209191-21-033986,2021-05-17,S,65.0,215.95,8300.0,D,,,,,,
875320,2021-06-02,VRTX,Bozic Carmen,,0001209191-21-037127,2021-05-28,F,311.0,210.04,32953.0,D,,,,,,
875320,2021-06-03,VRTX,MCGLYNN MARGARET G,,0001209191-21-037619,2021-06-01,D,699.0,,1099.0,D,,,,,,
875320,2021-06-04,VRTX,Bhatia Sangeeta N.,,0001209191-21-038182,2021-06-02,S,285.0,208.96,5465.0,D,,,,,,
875320,2021-08-03,VRTX,Sanna Bastiano,,0001209191-21-049288,2021-07-30,F,766.0,200.39,33342.0,D,,,,,,
875320,2021-08-04,VRTX,SACHS BRUCE I,,0001209191-21-049602,2021-08-02,P,15000.0,197.91,41210.0,D,,,,,,
875320,2021-08-23,VRTX,Kewalramani Reshma,,0001209191-21-052881,2021-08-19,P,5757.0,195.14,69511.0,D,,,,,,
875320,2021-11-03,VRTX,Sanna Bastiano,,0001209191-21-062676,2021-11-01,F,766.0,185.07,32576.0,D,,,,,,
875320,2021-11-16,VRTX,Arbuckle Stuart A,,0001209191-21-064738,2021-11-15,S,2.0,186.99,41104.0,D,,,,,,
875320,2021-11-16,VRTX,Sachdev Amit,,0001209191-21-064740,2021-11-15,S,21.0,186.78,31958.0,D,,,,,,
875320,2021-11-16,VRTX,ALTSHULER DAVID,,0001209191-21-064731,2021-11-15,S,14.0,186.8,33609.0,D,,,,,,
875320,2022-02-01,VRTX,MCGLYNN MARGARET G,,0001209191-22-005895,2022-01-28,S,1901.0,240.53,4198.0,D,,,,,,
875320,2022-02-01,VRTX,MCGLYNN MARGARET G,,0001209191-22-005895,2022-01-28,M,5000.0,127.54,6099.0,D,,,,,,
875320,2022-02-03,VRTX,Sachdev Amit,,0001209191-22-006788,2022-02-01,A,9800.0,0.0,41728.0,D,,,,,,
875320,2022-02-03,VRTX,LEIDEN JEFFREY M,,0001209191-22-006779,2022-02-01,A,28444.0,0.0,78232.0,D,,,,,,
875320,2022-02-03,VRTX,LEIDEN JEFFREY M,,0001209191-22-006779,2022-02-02,F,6279.0,243.63,110326.0,D,,,,,,
875320,2022-02-03,VRTX,Sanna Bastiano,,0001209191-22-006792,2022-02-01,A,11628.0,0.0,44204.0,D,,,,,,
875320,2022-02-03,VRTX,Sanna Bastiano,,0001209191-22-006792,2022-02-02,S,670.0,250.04,55322.0,D,,,,,,
875320,2022-02-03,VRTX,Tatsis Ourania,,0001209191-22-006794,2022-02-01,A,3500.0,0.0,35043.0,D,,,,,,
875320,2022-02-03,VRTX,Bozic Carmen,,0001209191-22-006770,2022-02-01,A,2098.0,0.0,35051.0,D,,,,,,
875320,2022-02-03,VRTX,ALTSHULER DAVID,,0001209191-22-006757,2022-02-02,S,500.0,247.73,69857.0,D,,,,,,
875320,2022-02-03,VRTX,WAGNER CHARLES F JR,,0001209191-22-006796,2022-02-01,A,3698.0,0.0,38489.0,D,,,,,,
875320,2022-02-03,VRTX,Ambrose Kristen,,0001209191-22-006761,2022-02-01,A,2566.0,0.0,3960.0,D,,,,,,
875320,2022-02-03,VRTX,Sanna Bastiano,,0001209191-22-006792,2022-02-01,F,526.0,243.64,55992.0,D,,,,,,
875320,2022-02-03,VRTX,ALTSHULER DAVID,,0001209191-22-006757,2022-02-02,M,4660.0,86.52,70357.0,D,,,,,,
875320,2022-02-03,VRTX,Arbuckle Stuart A,,0001209191-22-006767,2022-02-01,A,9800.0,0.0,50903.0,D,,,,,,
875320,2022-02-03,VRTX,Kewalramani Reshma,,0001209191-22-006775,2022-02-01,A,9800.0,0.0,83554.0,D,,,,,,
875320,2022-02-03,VRTX,Liu Joy,,0001209191-22-006786,2022-02-01,A,2100.0,0.0,10353.0,D,,,,,,
875320,2022-02-03,VRTX,ALTSHULER DAVID,,0001209191-22-006757,2022-02-01,A,8166.0,0.0,41755.0,D,,,,,,
875320,2022-02-03,VRTX,WAGNER CHARLES F JR,,0001209191-22-006796,2022-02-02,S,2944.0,250.07,57435.0,D,,,,,,
875320,2022-02-14,VRTX,Bozic Carmen,,0001209191-22-009234,2022-02-10,F,2437.0,237.74,54504.0,D,,,,,,
875320,2022-02-14,VRTX,Arbuckle Stuart A,,0001209191-22-009233,2022-02-10,F,3040.0,237.74,76438.0,D,,,,,,
875320,2022-02-14,VRTX,ALTSHULER DAVID,,0001209191-22-009232,2022-02-11,S,841.0,233.92,61338.0,D,,,,,,
875320,2022-02-14,VRTX,Kewalramani Reshma,,0001209191-22-009236,2022-02-10,F,3031.0,237.74,138672.0,D,,,,,,
875320,2022-02-14,VRTX,ALTSHULER DAVID,,0001209191-22-009232,2022-02-10,F,3518.0,237.74,62179.0,D,,,,,,
875320,2022-02-14,VRTX,Sanna Bastiano,,0001209191-22-009245,2022-02-10,F,979.0,237.74,53973.0,D,,,,,,
875320,2022-02-14,VRTX,Tatsis Ourania,,0001209191-22-009249,2022-02-10,F,1230.0,237.74,58027.0,D,,,,,,
875320,2022-02-14,VRTX,Liu Joy,,0001209191-22-009238,2022-02-10,F,474.0,237.74,16720.0,D,,,,,,
875320,2022-02-14,VRTX,Tatsis Ourania,,0001209191-22-009249,2022-02-11,S,100.0,233.92,57927.0,D,,,,,,
875320,2022-02-14,VRTX,WAGNER CHARLES F JR,,0001209191-22-009252,2022-02-10,F,2434.0,237.74,55001.0,D,,,,,,
875320,2022-02-14,VRTX,Sachdev Amit,,0001209191-22-009242,2022-02-10,F,2491.0,237.74,59075.0,D,,,,,,
875320,2022-02-16,VRTX,ALTSHULER DAVID,,0001209191-22-010175,2022-02-14,S,2444.0,232.02,57438.0,D,,,,,,
875320,2022-02-22,VRTX,Sanna Bastiano,,0000899243-22-007215,2022-02-17,F,3439.0,232.51,50534.0,D,,,,,,
875320,2022-02-22,VRTX,WAGNER CHARLES F JR,,0000899243-22-007217,2022-02-17,F,3439.0,232.51,51562.0,D,,,,,,
875320,2022-02-22,VRTX,Tatsis Ourania,,0000899243-22-007216,2022-02-17,F,4114.0,232.51,53623.0,D,,,,,,
875320,2022-02-22,VRTX,Tatsis Ourania,,0000899243-22-007216,2022-02-18,S,218.0,229.52,53405.0,D,,,,,,
875320,2022-02-22,VRTX,Liu Joy,,0000899243-22-007213,2022-02-17,F,712.0,232.51,16008.0,D,,,,,,
875320,2022-02-22,VRTX,Sachdev Amit,,0000899243-22-007214,2022-02-17,F,3497.0,232.51,55578.0,D,,,,,,
875320,2022-02-22,VRTX,ALTSHULER DAVID,,0000899243-22-007203,2022-02-17,F,3439.0,232.51,53999.0,D,,,,,,
875320,2022-02-22,VRTX,LEIDEN JEFFREY M,,0000899243-22-007209,2022-02-17,F,8236.0,232.51,102090.0,D,,,,,,
875320,2022-02-22,VRTX,Kewalramani Reshma,,0000899243-22-007208,2022-02-17,F,8584.0,232.51,130088.0,D,,,,,,
875320,2022-02-22,VRTX,Bozic Carmen,,0000899243-22-007206,2022-02-17,F,3439.0,232.51,51065.0,D,,,,,,
875320,2022-02-22,VRTX,Arbuckle Stuart A,,0000899243-22-007205,2022-02-17,F,4126.0,232.51,72312.0,D,,,,,,
875320,2022-02-22,VRTX,ALTSHULER DAVID,,0000899243-22-007203,2022-02-18,S,986.0,229.22,53013.0,D,,,,,,
875320,2022-02-28,VRTX,Kewalramani Reshma,,0000899243-22-008116,2022-02-24,F,7246.0,227.86,122842.0,D,,,,,,
875320,2022-02-28,VRTX,LEIDEN JEFFREY M,,0000899243-22-008119,2022-02-24,F,12141.0,227.86,89949.0,D,,,,,,
875320,2022-02-28,VRTX,WAGNER CHARLES F JR,,0000899243-22-008128,2022-02-24,F,2189.0,227.86,49373.0,D,,,,,,
875320,2022-02-28,VRTX,Tatsis Ourania,,0000899243-22-008123,2022-02-24,F,2590.0,227.86,50514.0,D,,,,,,
875320,2022-02-28,VRTX,Bozic Carmen,,0000899243-22-008112,2022-02-24,F,1242.0,227.86,49823.0,D,,,,,,
875320,2022-02-28,VRTX,Tatsis Ourania,,0000899243-22-008123,2022-02-25,S,28.0,228.88,50486.0,D,,,,,,
875320,2022-02-28,VRTX,Sachdev Amit,,0000899243-22-008121,2022-02-24,F,7368.0,227.86,48210.0,D,,,,,,
875320,2022-02-28,VRTX,Arbuckle Stuart A,,0000899243-22-008111,2022-02-24,F,7246.0,227.86,65066.0,D,,,,,,
875320,2022-02-28,VRTX,ALTSHULER DAVID,,0000899243-22-008109,2022-02-25,S,1040.0,229.41,42609.0,D,,,,,,
875320,2022-02-28,VRTX,Liu Joy,,0000899243-22-008120,2022-02-24,F,1554.0,227.86,14454.0,D,,,,,,
875320,2022-02-28,VRTX,ALTSHULER DAVID,,0000899243-22-008109,2022-02-24,F,6038.0,227.86,43649.0,D,,,,,,
875320,2022-03-21,VRTX,WAGNER CHARLES F JR,,0000899243-22-011703,2022-03-17,S,3110.0,250.13,46263.0,D,,,,,,
875320,2022-03-21,VRTX,Sanna Bastiano,,0000899243-22-011701,2022-03-17,S,2122.0,250.06,48412.0,D,,,,,,
875320,2022-03-21,VRTX,Tatsis Ourania,,0000899243-22-011705,2022-03-17,S,2799.0,250.1,47390.0,D,,,,,,
875320,2022-04-04,VRTX,MCGLYNN MARGARET G,,0000899243-22-013305,2022-03-31,S,1019.0,261.28,5080.0,D,,,,,,
875320,2022-04-04,VRTX,MCGLYNN MARGARET G,,0000899243-22-013305,2022-03-31,M,5000.0,127.54,6099.0,D,,,,,,
875320,2022-04-05,VRTX,WAGNER CHARLES F JR,,0000899243-22-013708,2022-04-01,S,300.0,261.42,45902.0,D,,,,,,
875320,2022-04-05,VRTX,Ambrose Kristen,,0000899243-22-013713,2022-04-01,F,137.0,263.09,3823.0,D,,,,,,
875320,2022-04-05,VRTX,Sanna Bastiano,,0000899243-22-013705,2022-04-01,F,1344.0,263.09,47068.0,D,,,,,,
875320,2022-04-06,VRTX,Lee Yuchun,,0000899243-22-014117,2022-04-05,M,2000.0,81.54,3875.0,D,,,,,,
875320,2022-04-06,VRTX,Lee Yuchun,,0000899243-22-014117,2022-04-05,S,17.0,268.3,3858.0,D,,,,,,
875320,2022-04-06,VRTX,Lee Yuchun,,0000899243-22-014117,2022-04-04,S,100.0,265.83,3775.0,D,,,,,,
875320,2022-04-06,VRTX,Sanna Bastiano,,0000899243-22-014120,2022-04-04,S,305.0,267.1,46763.0,D,,,,,,
875320,2022-04-06,VRTX,Sanna Bastiano,,0000899243-22-014120,2022-04-05,S,3163.0,275.23,43343.0,D,,,,,,
875320,2022-04-06,VRTX,Lee Yuchun,,0000899243-22-014117,2022-04-04,M,2000.0,81.54,3875.0,D,,,,,,
875320,2022-04-08,VRTX,Lee Yuchun,,0000899243-22-014367,2022-04-06,M,2000.0,81.54,3875.0,D,,,,,,
875320,2022-04-08,VRTX,Lee Yuchun,,0000899243-22-014367,2022-04-06,S,17.0,267.57,3858.0,D,,,,,,
875320,2022-04-08,VRTX,Lee Yuchun,,0000899243-22-014367,2022-04-07,M,2000.0,81.54,3875.0,D,,,,,,
875320,2022-04-08,VRTX,Lee Yuchun,,0000899243-22-014367,2022-04-07,S,417.0,272.76,3458.0,D,,,,,,
875320,2022-04-08,VRTX,Sanna Bastiano,,0000899243-22-014360,2022-04-07,S,204.0,275.71,43139.0,D,,,,,,
875320,2022-04-12,VRTX,Lee Yuchun,,0000899243-22-014551,2022-04-11,S,922.0,279.81,2953.0,D,,,,,,
875320,2022-04-12,VRTX,Lee Yuchun,,0000899243-22-014551,2022-04-11,M,2000.0,81.54,3875.0,D,,,,,,
875320,2022-04-12,VRTX,Lee Yuchun,,0000899243-22-014551,2022-04-08,M,2000.0,81.54,3875.0,D,,,,,,
875320,2022-04-12,VRTX,Lee Yuchun,,0000899243-22-014551,2022-04-08,S,418.0,276.62,3457.0,D,,,,,,
875320,2022-04-12,VRTX,Bhatia Sangeeta N.,,0000899243-22-014549,2022-04-08,M,1907.0,125.71,7098.0,D,,,,,,
875320,2022-04-12,VRTX,MCGLYNN MARGARET G,,0000899243-22-014548,2022-04-08,S,4900.0,280.19,1199.0,D,,,,,,
875320,2022-04-12,VRTX,MCGLYNN MARGARET G,,0000899243-22-014548,2022-04-08,M,5000.0,127.54,6099.0,D,,,,,,
875320,2022-04-12,VRTX,Bhatia Sangeeta N.,,0000899243-22-014549,2022-04-08,S,1907.0,280.2,5191.0,D,,,,,,
875320,2022-04-14,VRTX,Lee Yuchun,,0000899243-22-014804,2022-04-13,M,2000.0,81.54,3875.0,D,,,,,,
875320,2022-04-14,VRTX,Lee Yuchun,,0000899243-22-014804,2022-04-13,S,18.0,281.49,3857.0,D,,,,,,
875320,2022-04-14,VRTX,Lee Yuchun,,0000899243-22-014804,2022-04-12,M,2000.0,81.54,3875.0,D,,,,,,
875320,2022-04-14,VRTX,LEIDEN JEFFREY M,,0000899243-22-014805,2022-04-13,S,15789.0,289.04,74160.0,D,,,,,,
875320,2022-04-14,VRTX,Lee Yuchun,,0000899243-22-014804,2022-04-12,S,200.0,279.22,3675.0,D,,,,,,
875320,2022-04-18,VRTX,Lee Yuchun,,0000899243-22-014962,2022-04-14,S,948.0,287.87,2927.0,D,,,,,,
875320,2022-04-18,VRTX,Lee Yuchun,,0000899243-22-014962,2022-04-14,M,2000.0,81.54,3875.0,D,,,,,,
875320,2022-04-20,VRTX,Lee Yuchun,,0000899243-22-015163,2022-04-18,M,2000.0,81.54,3875.0,D,,,,,,
875320,2022-04-20,VRTX,Lee Yuchun,,0000899243-22-015163,2022-04-18,S,382.0,282.7,3493.0,D,,,,,,
875320,2022-04-27,VRTX,Ambrose Kristen,,0000899243-22-015762,2022-04-25,S,60.0,267.37,3763.0,D,,,,,,
875320,2022-05-03,VRTX,Liu Joy,,0000899243-22-016320,2022-04-29,S,17.0,273.37,14437.0,D,,,,,,
875320,2022-05-03,VRTX,Sanna Bastiano,,0000899243-22-016316,2022-04-29,F,766.0,276.17,42016.0,D,,,,,,
875320,2022-05-03,VRTX,Bhatia Sangeeta N.,,0000899243-22-016337,2022-05-01,A,1449.0,0.0,6640.0,D,,,,,,
875320,2022-05-03,VRTX,WAGNER CHARLES F JR,,0000899243-22-016318,2022-04-29,F,547.0,276.17,43073.0,D,,,,,,
875320,2022-05-03,VRTX,MCGLYNN MARGARET G,,0000899243-22-016336,2022-05-01,D,921.0,,178.0,D,,,,,,
875320,2022-05-03,VRTX,MCKENZIE DIANA,,0000899243-22-016338,2022-05-01,A,1449.0,0.0,2884.0,D,,,,,,
875320,2022-05-03,VRTX,CARNEY LLOYD,,0000899243-22-016332,2022-05-01,A,1449.0,0.0,6850.0,D,,,,,,
875320,2022-05-03,VRTX,MCKENZIE DIANA,,0000899243-22-016338,2022-05-01,D,1842.0,,1435.0,D,,,,,,
875320,2022-05-03,VRTX,Kearney Terrence C,,0000899243-22-016384,2022-05-01,A,725.0,0.0,6536.0,D,,,,,,
875320,2022-05-04,VRTX,Arbuckle Stuart A,,0000899243-22-016653,2022-05-02,S,306.0,263.98,64760.0,D,,,,,,
875320,2022-05-04,VRTX,Sanna Bastiano,,0000899243-22-016641,2022-05-02,S,20.0,255.47,41996.0,D,,,,,,
875320,2022-05-04,VRTX,Bhatia Sangeeta N.,,0000899243-22-016638,2022-05-02,S,40.0,255.4,6600.0,D,,,,,,
875320,2022-05-04,VRTX,WAGNER CHARLES F JR,,0000899243-22-016635,2022-05-02,S,20.0,254.87,43053.0,D,,,,,,
875320,2022-05-06,VRTX,Sanna Bastiano,,0000899243-22-017086,2022-05-04,S,36.0,275.09,41660.0,D,,,,,,
875320,2022-05-18,VRTX,Sanna Bastiano,,0000899243-22-018605,2022-05-16,S,7.0,250.56,41787.0,D,,,,,,
875320,2022-05-18,VRTX,Arbuckle Stuart A,,0000899243-22-018610,2022-05-16,S,11.0,246.21,64882.0,D,,,,,,
875320,2022-05-18,VRTX,Liu Joy,,0000899243-22-018604,2022-05-16,S,25.0,250.77,14442.0,D,,,,,,
875320,2022-05-19,VRTX,Upadhyay Suketu,,0000899243-22-018783,2022-05-18,A,1558.0,0.0,1558.0,D,,,,,,
875320,2022-06-02,VRTX,Bozic Carmen,,0000899243-22-020677,2022-05-31,F,311.0,271.24,49512.0,D,,,,,,
875320,2022-06-28,VRTX,Kewalramani Reshma,,0000899243-22-024385,2022-06-24,S,11689.0,291.3,111153.0,D,,,,,,
875320,2022-07-21,VRTX,ALTSHULER DAVID,,0000899243-22-026486,2022-07-19,S,963.0,286.72,52979.0,D,,,,,,
875320,2022-07-21,VRTX,ALTSHULER DAVID,,0000899243-22-026486,2022-07-19,M,10427.0,187.53,46604.0,D,,,,,,
875320,2022-07-27,VRTX,LEIDEN JEFFREY M,,0000899243-22-026840,2022-07-25,S,13869.0,279.44,120633.0,D,,,,,,
875320,2022-07-27,VRTX,LEIDEN JEFFREY M,,0000899243-22-026840,2022-07-25,M,60342.0,91.05,134502.0,D,,,,,,
875320,2022-08-02,VRTX,Bhatia Sangeeta N.,,0000899243-22-027386,2022-07-29,S,99.0,276.65,5804.0,D,,,,,,
875320,2022-08-03,VRTX,Sanna Bastiano,,0000899243-22-027571,2022-08-01,F,766.0,276.62,40983.0,D,,,,,,
875320,2022-08-10,VRTX,Arbuckle Stuart A,,0000899243-22-028244,2022-08-09,S,4790.0,300.53,61896.0,D,,,,,,
875320,2022-08-10,VRTX,ALTSHULER DAVID,,0000899243-22-028246,2022-08-08,S,222.0,290.32,37159.0,D,,,,,,
875320,2022-08-10,VRTX,ALTSHULER DAVID,,0000899243-22-028246,2022-08-08,M,1304.0,187.53,37381.0,D,,,,,,
875320,2022-08-10,VRTX,Liu Joy,,0000899243-22-028249,2022-08-09,S,946.0,300.0,13388.0,D,,,,,,
875320,2022-08-10,VRTX,Tatsis Ourania,,0000899243-22-028248,2022-08-09,S,292.0,297.54,47198.0,D,,,,,,
875320,2022-08-10,VRTX,Bhatia Sangeeta N.,,0000899243-22-028250,2022-08-08,S,45.0,290.18,5237.0,D,,,,,,
875320,2022-08-10,VRTX,Arbuckle Stuart A,,0000899243-22-028244,2022-08-09,M,1926.0,155.57,66686.0,D,,,,,,
875320,2022-08-12,VRTX,Arbuckle Stuart A,,0000899243-22-028474,2022-08-10,M,64.0,155.57,61060.0,D,,,,,,
875320,2022-08-12,VRTX,Arbuckle Stuart A,,0000899243-22-028474,2022-08-10,S,171.0,300.32,60889.0,D,,,,,,
875320,2022-08-12,VRTX,Liu Joy,,0000899243-22-028470,2022-08-10,S,36.0,300.32,13352.0,D,,,,,,
875320,2022-08-17,VRTX,Arbuckle Stuart A,,0000899243-22-029030,2022-08-15,S,1254.0,300.3,66197.0,D,,,,,,
875320,2022-08-17,VRTX,Arbuckle Stuart A,,0000899243-22-029030,2022-08-15,M,6571.0,155.57,67451.0,D,,,,,,
875320,2022-08-17,VRTX,Kewalramani Reshma,,0000899243-22-029032,2022-08-15,S,11689.0,305.06,99598.0,D,,,,,,
875320,2022-08-17,VRTX,Liu Joy,,0000899243-22-029023,2022-08-15,S,206.0,300.26,13146.0,D,,,,,,
875320,2022-09-21,VRTX,Biller Jonathan,,0000899243-22-031641,2022-09-19,A,5294.0,0.0,5294.0,D,,,,,,
875320,2022-10-20,VRTX,Sanna Bastiano,,0000899243-22-033880,2022-10-18,S,1503.0,300.02,39480.0,D,,,,,,
875320,2022-10-26,VRTX,Bhatia Sangeeta N.,,0000899243-22-034249,2022-10-24,S,621.0,310.0,4040.0,D,,,,,,
875320,2022-11-03,VRTX,Sanna Bastiano,,0000899243-22-034883,2022-11-02,S,56.0,310.1,38368.0,D,,,,,,
875320,2022-11-03,VRTX,Sanna Bastiano,,0000899243-22-034883,2022-11-01,F,768.0,312.84,38424.0,D,,,,,,
875320,2022-11-09,VRTX,ALTSHULER DAVID,,0000899243-22-035443,2022-11-07,S,140.0,299.72,37240.0,D,,,,,,
875320,2022-11-09,VRTX,ALTSHULER DAVID,,0000899243-22-035443,2022-11-07,M,1303.0,187.53,37380.0,D,,,,,,
875320,2022-11-17,VRTX,ALTSHULER DAVID,,0000899243-22-036184,2022-11-15,S,34.0,308.61,36077.0,D,,,,,,
875320,2022-12-08,VRTX,Arbuckle Stuart A,,0001209191-22-060339,2022-12-06,A,12753.0,0.0,58031.0,D,,,,,,
875320,2023-01-19,VRTX,Lee Yuchun,,0001209191-23-004005,2023-01-18,S,442.0,312.17,1875.0,D,,,,,,
875320,2023-01-19,VRTX,Lee Yuchun,,0001209191-23-004005,2023-01-18,M,442.0,72.14,2317.0,D,,,,,,
875320,2023-01-19,VRTX,Lee Yuchun,,0001209191-23-004005,2023-01-17,M,4000.0,72.14,5875.0,D,,,,,,
875320,2023-01-19,VRTX,Lee Yuchun,,0001209191-23-004005,2023-01-17,S,4000.0,312.03,1875.0,D,,,,,,
875320,2023-01-25,VRTX,Lee Yuchun,,0001209191-23-004816,2023-01-23,M,2129.0,72.14,4004.0,D,,,,,,
875320,2023-01-25,VRTX,Lee Yuchun,,0001209191-23-004816,2023-01-23,S,2129.0,312.02,1875.0,D,,,,,,
875320,2023-01-25,VRTX,Lee Yuchun,,0001209191-23-004816,2023-01-24,M,4000.0,72.14,5875.0,D,,,,,,
875320,2023-01-25,VRTX,Lee Yuchun,,0001209191-23-004816,2023-01-24,S,2511.0,312.29,3364.0,D,,,,,,
875320,2023-01-27,VRTX,Lee Yuchun,,0001209191-23-005234,2023-01-25,M,4000.0,72.14,5875.0,D,,,,,,
875320,2023-01-27,VRTX,Lee Yuchun,,0001209191-23-005234,2023-01-26,S,302.0,315.42,5573.0,D,,,,,,
875320,2023-01-27,VRTX,Lee Yuchun,,0001209191-23-005234,2023-01-26,M,4000.0,72.14,5875.0,D,,,,,,
875320,2023-01-27,VRTX,Lee Yuchun,,0001209191-23-005234,2023-01-25,S,800.0,312.8,5075.0,D,,,,,,
875320,2023-01-27,VRTX,Kewalramani Reshma,,0001209191-23-005219,2023-01-25,S,10000.0,315.05,89598.0,D,,,,,,
875320,2023-01-31,VRTX,Lee Yuchun,,0001209191-23-005712,2023-01-27,M,1429.0,72.14,3304.0,D,,,,,,
875320,2023-01-31,VRTX,Lee Yuchun,,0001209191-23-005712,2023-01-27,S,379.0,321.31,2925.0,D,,,,,,
875320,2023-01-31,VRTX,CARNEY LLOYD,,0001209191-23-005717,2023-01-30,S,1376.0,320.08,5474.0,D,,,,,,
875320,2023-02-02,VRTX,Sanna Bastiano,,0001209191-23-006215,2023-01-31,S,106.0,325.0,37998.0,D,,,,,,
875320,2023-02-02,VRTX,SACHS BRUCE I,,0001209191-23-006204,2023-01-31,M,1200.0,72.14,42410.0,D,,,,,,
875320,2023-02-02,VRTX,SACHS BRUCE I,,0001209191-23-006204,2023-01-31,S,1200.0,325.01,41210.0,D,,,,,,
875320,2023-02-03,VRTX,LEIDEN JEFFREY M,,0001209191-23-006958,2023-02-01,A,31462.0,0.0,33885.0,D,,,,,,
875320,2023-02-03,VRTX,Biller Jonathan,,0001209191-23-006913,2023-02-01,A,6293.0,0.0,11587.0,D,,,,,,
875320,2023-02-03,VRTX,Tatsis Ourania,,0001209191-23-006996,2023-02-01,A,6194.0,0.0,52284.0,D,,,,,,
875320,2023-02-03,VRTX,Sanna Bastiano,,0001209191-23-006980,2023-02-01,A,9092.0,0.0,47090.0,D,,,,,,
875320,2023-02-03,VRTX,LEIDEN JEFFREY M,,0001209191-23-006958,2023-02-02,F,3578.0,317.83,75423.0,D,,,,,,
875320,2023-02-03,VRTX,Sachdev Amit,,0001209191-23-006973,2023-02-01,A,10324.0,0.0,63676.0,D,,,,,,
875320,2023-02-03,VRTX,WAGNER CHARLES F JR,,0001209191-23-007012,2023-02-01,A,10324.0,0.0,53188.0,D,,,,,,
875320,2023-02-03,VRTX,ALTSHULER DAVID,,0001209191-23-006869,2023-02-01,A,12388.0,0.0,48465.0,D,,,,,,
875320,2023-02-03,VRTX,Arbuckle Stuart A,,0001209191-23-006894,2023-02-01,A,12388.0,0.0,70419.0,D,,,,,,
875320,2023-02-03,VRTX,Bozic Carmen,,0001209191-23-006934,2023-02-01,A,10324.0,0.0,59836.0,D,,,,,,
875320,2023-02-03,VRTX,Sachdev Amit,,0001209191-23-006973,2022-05-17,G,1672.0,0.0,11052.0,I,,,,,,
875320,2023-02-03,VRTX,Ambrose Kristen,,0001209191-23-006879,2023-02-01,A,2566.0,0.0,6062.0,D,,,,,,
875320,2023-02-03,VRTX,Kewalramani Reshma,,0001209191-23-006946,2023-02-01,A,12388.0,0.0,101986.0,D,,,,,,
875320,2023-02-08,VRTX,ALTSHULER DAVID,,0001209191-23-007827,2023-02-06,M,1304.0,187.53,69949.0,D,,,,,,
875320,2023-02-08,VRTX,ALTSHULER DAVID,,0001209191-23-007827,2023-02-06,S,12.0,300.39,69937.0,D,,,,,,
875320,2023-02-14,VRTX,Kewalramani Reshma,,0001209191-23-009198,2023-02-10,F,3372.0,294.33,154704.0,D,,,,,,
875320,2023-02-14,VRTX,Arbuckle Stuart A,,0001209191-23-009182,2023-02-10,F,3372.0,294.33,92880.0,D,,,,,,
875320,2023-02-14,VRTX,ALTSHULER DAVID,,0001209191-23-009174,2023-02-13,S,245.0,296.44,58949.0,D,,,,,,
875320,2023-02-14,VRTX,WAGNER CHARLES F JR,,0001209191-23-009243,2023-02-13,F,4992.0,298.26,65191.0,D,,,,,,
875320,2023-02-14,VRTX,Tatsis Ourania,,0001209191-23-009237,2023-02-10,F,1377.0,294.33,69035.0,D,,,,,,
875320,2023-02-14,VRTX,LEIDEN JEFFREY M,,0001209191-23-009211,2023-02-13,F,13344.0,298.26,62079.0,D,,,,,,
875320,2023-02-14,VRTX,Tatsis Ourania,,0001209191-23-009237,2023-02-13,S,2.0,295.84,66038.0,D,,,,,,
875320,2023-02-14,VRTX,Sanna Bastiano,,0001209191-23-009232,2023-02-10,F,902.0,294.33,66368.0,D,,,,,,
875320,2023-02-14,VRTX,Sanna Bastiano,,0001209191-23-009232,2023-02-13,S,113.0,300.39,61915.0,D,,,,,,
875320,2023-02-14,VRTX,WAGNER CHARLES F JR,,0001209191-23-009243,2023-02-10,F,2707.0,294.33,70183.0,D,,,,,,
875320,2023-02-14,VRTX,Kewalramani Reshma,,0001209191-23-009198,2023-02-13,F,5990.0,298.26,148714.0,D,,,,,,
875320,2023-02-14,VRTX,Bozic Carmen,,0001209191-23-009190,2023-02-10,F,2707.0,294.33,75257.0,D,,,,,,
875320,2023-02-14,VRTX,Bozic Carmen,,0001209191-23-009190,2023-02-13,F,4992.0,298.26,70265.0,D,,,,,,
875320,2023-02-14,VRTX,Sachdev Amit,,0001209191-23-009226,2023-02-13,F,4657.0,298.26,72484.0,D,,,,,,
875320,2023-02-14,VRTX,Arbuckle Stuart A,,0001209191-23-009182,2023-02-13,F,5990.0,298.26,86890.0,D,,,,,,
875320,2023-02-14,VRTX,Arbuckle Stuart A,,0001209191-23-009182,2023-02-13,S,245.0,296.44,86645.0,D,,,,,,
875320,2023-02-14,VRTX,Sanna Bastiano,,0001209191-23-009232,2023-02-13,F,4340.0,298.26,62028.0,D,,,,,,
875320,2023-02-14,VRTX,ALTSHULER DAVID,,0001209191-23-009174,2023-02-13,F,5990.0,298.26,59194.0,D,,,,,,
875320,2023-02-14,VRTX,Sachdev Amit,,0001209191-23-009226,2023-02-10,F,2611.0,294.33,77141.0,D,,,,,,
875320,2023-02-14,VRTX,Tatsis Ourania,,0001209191-23-009237,2023-02-13,F,2995.0,298.26,66040.0,D,,,,,,
875320,2023-02-14,VRTX,ALTSHULER DAVID,,0001209191-23-009174,2023-02-10,F,3461.0,294.33,65184.0,D,,,,,,
875320,2023-02-16,VRTX,Tatsis Ourania,,0001209191-23-010061,2023-02-14,S,71.0,295.89,65694.0,D,,,,,,
875320,2023-02-16,VRTX,Sanna Bastiano,,0001209191-23-010055,2023-02-14,S,1902.0,300.29,60013.0,D,,,,,,
875320,2023-02-16,VRTX,Arbuckle Stuart A,,0001209191-23-010050,2023-02-14,S,800.0,295.84,81203.0,D,,,,,,
875320,2023-02-16,VRTX,ALTSHULER DAVID,,0001209191-23-010045,2023-02-14,S,800.0,295.79,53596.0,D,,,,,,
875320,2023-02-22,VRTX,Sachdev Amit,,0001209191-23-011699,2023-02-17,F,3498.0,292.85,68986.0,D,,,,,,
875320,2023-02-22,VRTX,Kewalramani Reshma,,0001209191-23-011686,2023-02-17,F,9359.0,292.85,139355.0,D,,,,,,
875320,2023-02-22,VRTX,Arbuckle Stuart A,,0001209191-23-011665,2023-02-17,F,4498.0,292.85,71107.0,D,,,,,,
875320,2023-02-22,VRTX,Arbuckle Stuart A,,0001209191-23-011665,2023-02-21,S,21.0,291.01,71086.0,D,,,,,,
875320,2023-02-22,VRTX,Tatsis Ourania,,0001209191-23-011704,2023-02-17,F,4498.0,292.85,60947.0,D,,,,,,
875320,2023-02-22,VRTX,Bozic Carmen,,0001209191-23-011680,2023-02-17,F,3750.0,292.85,66515.0,D,,,,,,
875320,2023-02-22,VRTX,WAGNER CHARLES F JR,,0001209191-23-011707,2023-02-17,F,3750.0,292.85,61441.0,D,,,,,,
875320,2023-02-22,VRTX,Tatsis Ourania,,0001209191-23-011704,2023-02-21,S,4.0,291.01,60943.0,D,,,,,,
875320,2023-02-22,VRTX,ALTSHULER DAVID,,0001209191-23-011655,2023-02-17,F,3750.0,292.85,44248.0,D,,,,,,
875320,2023-02-22,VRTX,Sanna Bastiano,,0001209191-23-011701,2023-02-17,F,3750.0,292.85,55984.0,D,,,,,,
875320,2023-02-22,VRTX,ALTSHULER DAVID,,0001209191-23-011655,2023-02-21,S,36.0,291.01,44212.0,D,,,,,,
875320,2023-02-24,VRTX,Arbuckle Stuart A,,0001209191-23-012672,2023-02-22,S,129.0,291.84,68576.0,D,,,,,,
875320,2023-02-28,VRTX,Sachdev Amit,,0001209191-23-013744,2023-02-24,F,2468.0,289.12,66518.0,D,,,,,,
875320,2023-02-28,VRTX,Tatsis Ourania,,0001209191-23-013765,2023-02-24,F,3308.0,289.12,57159.0,D,,,,,,
875320,2023-02-28,VRTX,Sanna Bastiano,,0001209191-23-013757,2023-02-24,F,3970.0,289.12,52014.0,D,,,,,,
875320,2023-02-28,VRTX,WAGNER CHARLES F JR,,0001209191-23-013774,2023-02-24,F,3308.0,289.12,58133.0,D,,,,,,
875320,2023-02-28,VRTX,Tatsis Ourania,,0001209191-23-013765,2023-02-27,S,283.0,287.2,56876.0,D,,,,,,
875320,2023-02-28,VRTX,Kewalramani Reshma,,0001209191-23-013718,2023-02-24,F,9386.0,289.12,129969.0,D,,,,,,
875320,2023-02-28,VRTX,LEIDEN JEFFREY M,,0001209191-23-013728,2023-02-24,F,13730.0,289.12,48349.0,D,,,,,,
875320,2023-02-28,VRTX,Ambrose Kristen,,0001209191-23-013695,2023-02-24,F,502.0,289.12,8510.0,D,,,,,,
875320,2023-02-28,VRTX,Bozic Carmen,,0001209191-23-013713,2023-02-24,F,3308.0,289.12,63207.0,D,,,,,,
875320,2023-02-28,VRTX,ALTSHULER DAVID,,0001209191-23-013685,2023-02-24,F,3970.0,289.12,36276.0,D,,,,,,
875320,2023-02-28,VRTX,Arbuckle Stuart A,,0001209191-23-013708,2023-02-24,F,4714.0,289.12,61590.0,D,,,,,,
875320,2023-02-28,VRTX,Ambrose Kristen,,0001209191-23-013695,2023-02-27,S,982.0,287.25,7528.0,D,,,,,,
875320,2023-02-28,VRTX,Arbuckle Stuart A,,0001209191-23-013708,2023-02-27,S,3834.0,287.16,57756.0,D,,,,,,
875320,2023-02-28,VRTX,ALTSHULER DAVID,,0001209191-23-013685,2023-02-27,S,3636.0,287.23,32640.0,D,,,,,,
875320,2023-03-14,VRTX,WAGNER CHARLES F JR,,0001209191-23-018460,2023-03-10,S,361.0,286.64,57772.0,D,,,,,,
875320,2023-03-14,VRTX,WAGNER CHARLES F JR,,0001209191-23-018460,2023-03-13,S,24.0,288.31,56021.0,D,,,,,,
875320,2023-03-20,VRTX,Sanna Bastiano,,0001209191-23-020043,2023-03-16,S,2482.0,300.54,49532.0,D,,,,,,
875320,2023-03-21,VRTX,WAGNER CHARLES F JR,,0001209191-23-020244,2023-03-17,S,360.0,294.52,53019.0,D,,,,,,
875320,2023-03-28,VRTX,WAGNER CHARLES F JR,,0001209191-23-021394,2023-03-24,S,1768.0,305.38,49611.0,D,,,,,,
875320,2023-04-04,VRTX,Sanna Bastiano,,0001209191-23-022695,2023-03-31,F,1466.0,313.74,47802.0,D,,,,,,
875320,2023-04-04,VRTX,Ambrose Kristen,,0001209191-23-022689,2023-03-31,F,176.0,313.74,7127.0,D,,,,,,
875320,2023-04-06,VRTX,Sanna Bastiano,,0001209191-23-023588,2023-04-04,S,211.0,314.22,47591.0,D,,,,,,
875320,2023-04-14,VRTX,SACHS BRUCE I,,0001209191-23-024305,2023-04-12,S,2917.0,325.65,59593.0,D,,,,,,
875320,2023-04-14,VRTX,SACHS BRUCE I,,0001209191-23-024305,2023-04-13,G,1210.0,0.0,40000.0,D,,,,,,
875320,2023-04-14,VRTX,Sanna Bastiano,,0001209191-23-024312,2023-04-12,S,874.0,325.7,46406.0,D,,,,,,
875320,2023-04-14,VRTX,SACHS BRUCE I,,0001209191-23-024305,2023-04-12,M,21300.0,72.14,62510.0,D,,,,,,
875320,2023-05-01,VRTX,Kewalramani Reshma,,0001209191-23-026270,2023-04-27,S,1611.0,338.69,128358.0,D,,,,,,
875320,2023-05-03,VRTX,Upadhyay Suketu,,0001209191-23-027060,2023-05-01,A,1168.0,0.0,2726.0,D,,,,,,
875320,2023-05-03,VRTX,Garber Alan M,,0001209191-23-027015,2023-05-01,A,584.0,0.0,6474.0,D,,,,,,
875320,2023-05-03,VRTX,CARNEY LLOYD,,0001209191-23-027002,2023-05-01,A,1168.0,0.0,5318.0,D,,,,,,
875320,2023-05-03,VRTX,Bhatia Sangeeta N.,,0001209191-23-026991,2023-05-01,A,1168.0,0.0,5208.0,D,,,,,,
875320,2023-05-03,VRTX,MCKENZIE DIANA,,0001209191-23-027051,2023-05-01,A,1168.0,0.0,2603.0,D,,,,,,
875320,2023-05-03,VRTX,Bhatia Sangeeta N.,,0001209191-23-026991,2023-05-02,S,62.0,345.93,5146.0,D,,,,,,
875320,2023-05-03,VRTX,MCKENZIE DIANA,,0001209191-23-027051,2023-05-01,D,1449.0,,1435.0,D,,,,,,
875320,2023-05-04,VRTX,Sanna Bastiano,,0001209191-23-027374,2023-05-02,S,1411.0,350.32,38302.0,D,,,,,,
875320,2023-05-04,VRTX,Sanna Bastiano,,0001209191-23-027374,2023-05-03,S,2053.0,350.44,36038.0,D,,,,,,
875320,2023-05-04,VRTX,LEIDEN JEFFREY M,,0001209191-23-027372,2023-05-02,S,4645.0,349.48,43704.0,D,,,,,,
875320,2023-05-04,VRTX,LEIDEN JEFFREY M,,0001209191-23-027372,2023-05-03,S,2008.0,349.22,39891.0,D,,,,,,
875320,2023-05-09,VRTX,LEIDEN JEFFREY M,,0001209191-23-028240,2023-05-08,S,1125.0,349.0,35387.0,D,,,,,,
875320,2023-05-09,VRTX,LEIDEN JEFFREY M,,0001209191-23-028240,2023-05-05,S,708.0,349.38,36683.0,D,,,,,,
875320,2023-05-09,VRTX,Sanna Bastiano,,0001209191-23-028243,2023-05-05,S,422.0,350.03,34888.0,D,,,,,,
875320,2023-05-09,VRTX,Sanna Bastiano,,0001209191-23-028243,2023-05-08,S,2850.0,350.0,32038.0,D,,,,,,
875320,2023-06-01,VRTX,Arbuckle Stuart A,,0001209191-23-033321,2023-05-30,S,82.0,329.82,56556.0,D,,,,,,
875320,2023-06-01,VRTX,Ambrose Kristen,,0001209191-23-033312,2023-05-30,S,289.0,329.82,6838.0,D,,,,,,
875320,2023-06-20,VRTX,Arbuckle Stuart A,,0001209191-23-038343,2023-06-15,M,8603.0,187.53,65159.0,D,,,,,,
875320,2023-06-20,VRTX,Arbuckle Stuart A,,0001209191-23-038343,2023-06-15,S,8603.0,349.0,56556.0,D,,,,,,
875320,2023-07-18,VRTX,SACHS BRUCE I,,0001209191-23-042566,2023-07-17,M,11250.0,127.54,51250.0,D,,,,,,
875320,2023-07-18,VRTX,Kewalramani Reshma,,0001209191-23-042557,2023-07-17,S,7828.0,355.0,118906.0,D,,,,,,
875320,2023-07-18,VRTX,SACHS BRUCE I,,0001209191-23-042566,2023-07-17,S,1697.0,355.54,49553.0,D,,,,,,
875320,2023-08-11,VRTX,ALTSHULER DAVID,,0000899243-23-018044,2023-08-09,S,63.0,345.51,32038.0,D,,,,,,
875320,2023-08-11,VRTX,Bhatia Sangeeta N.,,0000899243-23-018043,2023-08-09,S,242.0,345.51,4386.0,D,,,,,,
875320,2023-08-14,VRTX,Tatsis Ourania,,0000899243-23-018112,2023-08-10,S,5750.0,345.79,51137.0,D,,,,,,
875320,2023-08-14,VRTX,Sachdev Amit,,0000899243-23-018109,2023-08-10,S,10031.0,350.0,58814.0,D,,,,,,
875320,2023-08-14,VRTX,Kearney Terrence C,,0000899243-23-018113,2023-08-10,M,10000.0,127.54,16536.0,D,,,,,,
875320,2023-08-14,VRTX,Kearney Terrence C,,0000899243-23-018113,2023-08-10,S,10000.0,350.0,6536.0,D,,,,,,
875320,2023-08-25,VRTX,Tatsis Ourania,,0001209191-23-047309,2023-08-23,S,2500.0,355.0,48637.0,D,,,,,,
875320,2023-09-07,VRTX,Bozic Carmen,,0001209191-23-048624,2023-09-05,S,5651.0,352.66,57556.0,D,,,,,,
875320,2023-09-21,VRTX,Bozic Carmen,,0001209191-23-050259,2023-09-19,S,5651.0,351.0,51905.0,D,,,,,,
875320,2023-10-03,VRTX,Biller Jonathan,,0001209191-23-051408,2023-10-02,S,610.0,346.76,10569.0,D,,,,,,
875320,2023-10-03,VRTX,Biller Jonathan,,0001209191-23-051408,2023-09-29,F,408.0,350.72,11179.0,D,,,,,,
875320,2023-10-05,VRTX,Bozic Carmen,,0001209191-23-052202,2023-10-03,S,5651.0,345.28,46254.0,D,,,,,,
875320,2023-10-10,VRTX,Lagarde Michel,,0001209191-23-052535,2023-10-05,A,1132.0,0.0,1132.0,D,,,,,,
875320,2023-10-11,VRTX,Bhatia Sangeeta N.,,0001209191-23-052622,2023-10-06,S,242.0,360.0,4144.0,D,,,,,,
875320,2023-10-18,VRTX,LEIDEN JEFFREY M,,0001209191-23-053073,2023-10-16,S,12962.0,374.0,22425.0,D,,,,,,
875320,2023-10-19,VRTX,Bozic Carmen,,0001209191-23-053178,2023-10-17,S,5651.0,373.25,40603.0,D,,,,,,
875320,2023-10-19,VRTX,Bhatia Sangeeta N.,,0001209191-23-053175,2023-10-17,S,243.0,375.0,3901.0,D,,,,,,
875320,2023-11-02,VRTX,Bozic Carmen,,0000875320-23-000025,2023-10-31,S,5651.0,355.92,34952.0,D,,,,,,
875320,2023-11-08,VRTX,SACHS BRUCE I,,0000875320-23-000033,2023-11-06,M,11250.0,127.54,51250.0,D,,,,,,
875320,2023-11-08,VRTX,SACHS BRUCE I,,0000875320-23-000033,2023-11-06,S,11250.0,385.0,40000.0,D,,,,,,
875320,2023-11-15,VRTX,Kewalramani Reshma,,0000875320-23-000035,2023-11-13,S,5097.0,377.0,113809.0,D,,,,,,
875320,2023-11-16,VRTX,Bozic Carmen,,0000875320-23-000037,2023-11-14,S,5650.0,380.82,29302.0,D,,,,,,
875320,2023-11-17,VRTX,ALTSHULER DAVID,,0000875320-23-000039,2023-11-15,S,19.0,369.92,32038.0,D,,,,,,
875320,2023-11-17,VRTX,Sachdev Amit,,0000875320-23-000041,2023-11-15,S,35.0,369.92,58814.0,D,,,,,,
875320,2023-11-21,VRTX,WAGNER CHARLES F JR,,0000875320-23-000043,2023-11-20,S,3000.0,349.88,46693.0,D,,,,,,
875320,2023-12-06,VRTX,Thornberry Nancy,,0000875320-23-000052,2023-12-05,A,1136.0,0.0,1136.0,D,,,,,,
875320,2023-12-15,VRTX,Arbuckle Stuart A,,0000875320-23-000056,2023-12-13,M,8603.0,187.53,65159.0,D,,,,,,
875320,2023-12-15,VRTX,Arbuckle Stuart A,,0000875320-23-000056,2023-12-13,S,8603.0,399.0,56556.0,D,,,,,,
875320,2023-12-15,VRTX,LEIDEN JEFFREY M,,0000875320-23-000060,2023-12-13,S,13254.0,399.41,9171.0,D,,,,,,
875320,2023-12-15,VRTX,Kewalramani Reshma,,0000875320-23-000058,2023-12-13,S,5098.0,397.0,108711.0,D,,,,,,
875320,2023-12-19,VRTX,Kewalramani Reshma,,0000875320-23-000062,2023-12-15,M,3058.0,155.57,111769.0,D,,,,,,
875320,2023-12-19,VRTX,Kewalramani Reshma,,0000875320-23-000062,2023-12-15,S,17135.0,407.0,108711.0,D,,,,,,
875320,2024-01-04,VRTX,WAGNER CHARLES F JR,,0000875320-24-000002,2024-01-02,S,3000.0,405.0,43693.0,D,,,,,,
875320,2024-01-10,VRTX,LEIDEN JEFFREY M,,0000875320-24-000004,2024-01-08,S,6648.0,419.07,2423.0,D,,,,,,
875320,2024-02-08,VRTX,LEIDEN JEFFREY M,,0000875320-24-000028,2024-02-07,A,7707.0,0.0,41046.0,D,,,,,,
875320,2024-02-08,VRTX,Tatsis Ourania,,0000875320-24-000032,2024-02-06,A,6976.0,0.0,55613.0,D,,,,,,
875320,2024-02-08,VRTX,WAGNER CHARLES F JR,,0000875320-24-000034,2024-02-07,A,7114.0,0.0,66061.0,D,,,,,,
875320,2024-02-08,VRTX,Sachdev Amit,,0000875320-24-000030,2024-02-07,A,7114.0,0.0,79608.0,D,,,,,,
875320,2024-02-08,VRTX,WAGNER CHARLES F JR,,0000875320-24-000034,2024-02-06,A,5814.0,0.0,49507.0,D,,,,,,
875320,2024-02-08,VRTX,Kewalramani Reshma,,0000875320-24-000026,2024-02-06,A,14516.0,0.0,123227.0,D,,,,,,
875320,2024-02-08,VRTX,LEIDEN JEFFREY M,,0000875320-24-000028,2024-02-06,A,10464.0,0.0,12887.0,D,,,,,,
875320,2024-02-08,VRTX,Kewalramani Reshma,,0000875320-24-000026,2024-02-07,A,20327.0,0.0,170526.0,D,,,,,,
875320,2024-02-08,VRTX,Bozic Carmen,,0000875320-24-000024,2024-02-06,A,5814.0,0.0,35116.0,D,,,,,,
875320,2024-02-08,VRTX,Sachdev Amit,,0000875320-24-000030,2024-02-06,A,5814.0,0.0,64628.0,D,,,,,,
875320,2024-02-08,VRTX,Tatsis Ourania,,0000875320-24-000032,2024-02-07,A,7114.0,0.0,70593.0,D,,,,,,
875320,2024-02-08,VRTX,Atkinson Edward Morrow III,,0000875320-24-000020,2024-02-06,A,2326.0,0.0,16205.0,D,,,,,,
875320,2024-02-08,VRTX,Bozic Carmen,,0000875320-24-000024,2024-02-07,A,5928.0,0.0,48910.0,D,,,,,,
875320,2024-02-08,VRTX,Atkinson Edward Morrow III,,0000875320-24-000020,2024-02-07,A,4743.0,0.0,24882.0,D,,,,,,
875320,2024-02-08,VRTX,Ambrose Kristen,,0000875320-24-000016,2024-02-06,A,2950.0,0.0,9788.0,D,,,,,,
875320,2024-02-08,VRTX,Biller Jonathan,,0000875320-24-000022,2024-02-07,A,4743.0,0.0,21606.0,D,,,,,,
875320,2024-02-08,VRTX,Ambrose Kristen,,0000875320-24-000016,2024-02-07,A,1853.0,0.0,11641.0,D,,,,,,
875320,2024-02-08,VRTX,ALTSHULER DAVID,,0000875320-24-000014,2024-02-06,A,5814.0,0.0,37852.0,D,,,,,,
875320,2024-02-08,VRTX,ALTSHULER DAVID,,0000875320-24-000014,2024-02-07,A,7114.0,0.0,52832.0,D,,,,,,
875320,2024-02-08,VRTX,Biller Jonathan,,0000875320-24-000022,2024-02-06,A,6294.0,0.0,16863.0,D,,,,,,
875320,2024-02-08,VRTX,Arbuckle Stuart A,,0000875320-24-000018,2024-02-07,A,8448.0,0.0,83190.0,D,,,,,,
875320,2024-02-08,VRTX,Arbuckle Stuart A,,0000875320-24-000018,2024-02-06,A,6976.0,0.0,63532.0,D,,,,,,
875320,2024-02-12,VRTX,LEIDEN JEFFREY M,,0000875320-24-000037,2024-02-08,F,2698.0,421.73,38348.0,D,,,,,,
875320,2024-02-12,VRTX,LEIDEN JEFFREY M,,0000875320-24-000037,2024-02-09,F,8048.0,422.74,30300.0,D,,,,,,
875320,2024-02-13,VRTX,Ambrose Kristen,,0000875320-24-000041,2024-02-12,S,1374.0,420.24,9676.0,D,,,,,,
875320,2024-02-13,VRTX,Sachdev Amit,,0000875320-24-000053,2024-02-12,S,3222.0,420.24,74364.0,D,,,,,,
875320,2024-02-13,VRTX,Biller Jonathan,,0000875320-24-000047,2024-02-09,F,1588.0,422.74,20018.0,D,,,,,,
875320,2024-02-13,VRTX,Kewalramani Reshma,,0000875320-24-000051,2024-02-09,F,8255.0,422.74,162271.0,D,,,,,,
875320,2024-02-13,VRTX,ALTSHULER DAVID,,0000875320-24-000039,2024-02-09,F,2099.0,422.74,50733.0,D,,,,,,
875320,2024-02-13,VRTX,Bozic Carmen,,0000875320-24-000049,2024-02-09,F,2100.0,422.74,46810.0,D,,,,,,
875320,2024-02-13,VRTX,ALTSHULER DAVID,,0000875320-24-000039,2024-02-12,S,3145.0,420.24,47588.0,D,,,,,,
875320,2024-02-13,VRTX,Atkinson Edward Morrow III,,0000875320-24-000045,2024-02-09,F,832.0,422.74,24050.0,D,,,,,,
875320,2024-02-13,VRTX,Tatsis Ourania,,0000875320-24-000055,2024-02-12,S,314.0,420.24,68179.0,D,,,,,,
875320,2024-02-13,VRTX,Biller Jonathan,,0000875320-24-000047,2024-02-12,S,1738.0,418.77,18280.0,D,,,,,,
875320,2024-02-13,VRTX,Ambrose Kristen,,0000875320-24-000041,2024-02-09,F,591.0,422.74,11050.0,D,,,,,,
875320,2024-02-13,VRTX,Tatsis Ourania,,0000875320-24-000055,2024-02-09,F,2100.0,422.74,68493.0,D,,,,,,
875320,2024-02-13,VRTX,Atkinson Edward Morrow III,,0000875320-24-000045,2024-02-12,S,913.0,420.24,23137.0,D,,,,,,
875320,2024-02-13,VRTX,Arbuckle Stuart A,,0000875320-24-000043,2024-02-09,F,3177.0,422.74,80013.0,D,,,,,,
875320,2024-02-13,VRTX,Sachdev Amit,,0000875320-24-000053,2024-02-09,F,2022.0,422.74,77586.0,D,,,,,,
875320,2024-02-13,VRTX,Arbuckle Stuart A,,0000875320-24-000043,2024-02-12,S,4295.0,420.24,75718.0,D,,,,,,
875320,2024-02-13,VRTX,WAGNER CHARLES F JR,,0000875320-24-000057,2024-02-09,F,2607.0,422.74,63454.0,D,,,,,,
875320,2024-02-14,VRTX,LEIDEN JEFFREY M,,0000875320-24-000059,2024-02-12,S,2009.0,419.22,28291.0,D,,,,,,
875320,2024-02-14,VRTX,LEIDEN JEFFREY M,,0000875320-24-000059,2024-02-13,S,737.0,419.13,26907.0,D,,,,,,
875320,2024-02-16,VRTX,LEIDEN JEFFREY M,,0000875320-24-000064,2024-02-14,S,4356.0,419.04,22551.0,D,,,,,,
875320,2024-02-16,VRTX,LEIDEN JEFFREY M,,0000875320-24-000064,2024-02-15,S,4655.0,419.16,17896.0,D,,,,,,
875320,2024-02-21,VRTX,Atkinson Edward Morrow III,,0000875320-24-000070,2024-02-20,F,1125.0,420.58,20511.0,D,,,,,,
875320,2024-02-21,VRTX,Atkinson Edward Morrow III,,0000875320-24-000070,2024-02-16,F,1501.0,424.01,21636.0,D,,,,,,
875320,2024-02-21,VRTX,Arbuckle Stuart A,,0000875320-24-000068,2024-02-20,F,3373.0,420.58,67846.0,D,,,,,,
875320,2024-02-21,VRTX,LEIDEN JEFFREY M,,0000875320-24-000076,2024-02-20,F,4118.0,420.58,13778.0,D,,,,,,
875320,2024-02-21,VRTX,WAGNER CHARLES F JR,,0000875320-24-000082,2024-02-16,F,3750.0,424.01,59704.0,D,,,,,,
875320,2024-02-21,VRTX,Kewalramani Reshma,,0000875320-24-000074,2024-02-20,F,7019.0,420.58,145893.0,D,,,,,,
875320,2024-02-21,VRTX,ALTSHULER DAVID,,0000875320-24-000066,2024-02-16,F,3750.0,424.01,43838.0,D,,,,,,
875320,2024-02-21,VRTX,ALTSHULER DAVID,,0000875320-24-000066,2024-02-20,S,4002.0,420.79,37024.0,D,,,,,,
875320,2024-02-21,VRTX,Tatsis Ourania,,0000875320-24-000080,2024-02-20,F,3373.0,420.58,60307.0,D,,,,,,
875320,2024-02-21,VRTX,Arbuckle Stuart A,,0000875320-24-000068,2024-02-16,F,4499.0,424.01,71219.0,D,,,,,,
875320,2024-02-21,VRTX,Sachdev Amit,,0000875320-24-000078,2024-02-20,F,2623.0,420.58,68243.0,D,,,,,,
875320,2024-02-21,VRTX,Atkinson Edward Morrow III,,0000875320-24-000070,2024-02-20,S,801.0,420.79,19710.0,D,,,,,,
875320,2024-02-21,VRTX,ALTSHULER DAVID,,0000875320-24-000066,2024-02-20,F,2812.0,420.58,41026.0,D,,,,,,
875320,2024-02-21,VRTX,Sachdev Amit,,0000875320-24-000078,2024-02-16,F,3498.0,424.01,70866.0,D,,,,,,
875320,2024-02-21,VRTX,Kewalramani Reshma,,0000875320-24-000074,2024-02-16,F,9359.0,424.01,152912.0,D,,,,,,
875320,2024-02-21,VRTX,Arbuckle Stuart A,,0000875320-24-000068,2024-02-20,S,4804.0,420.79,63042.0,D,,,,,,
875320,2024-02-21,VRTX,Bozic Carmen,,0000875320-24-000072,2024-02-16,F,3750.0,424.01,43060.0,D,,,,,,
875320,2024-02-21,VRTX,Bozic Carmen,,0000875320-24-000072,2024-02-20,F,2812.0,420.58,40248.0,D,,,,,,
875320,2024-02-21,VRTX,WAGNER CHARLES F JR,,0000875320-24-000082,2024-02-20,F,2812.0,420.58,56892.0,D,,,,,,
875320,2024-02-21,VRTX,Tatsis Ourania,,0000875320-24-000080,2024-02-16,F,4499.0,424.01,63680.0,D,,,,,,
875320,2024-02-21,VRTX,Sachdev Amit,,0000875320-24-000078,2024-02-20,S,4254.0,420.79,63989.0,D,,,,,,
875320,2024-02-21,VRTX,Tatsis Ourania,,0000875320-24-000080,2024-02-20,S,480.0,420.79,59827.0,D,,,,,,
875320,2024-02-23,VRTX,Sachdev Amit,,0000875320-24-000091,2024-02-21,S,3191.0,421.77,60798.0,D,,,,,,
875320,2024-02-23,VRTX,Tatsis Ourania,,0000875320-24-000093,2024-02-21,S,360.0,421.77,59467.0,D,,,,,,
875320,2024-02-23,VRTX,Atkinson Edward Morrow III,,0000875320-24-000089,2024-02-21,S,1201.0,421.77,18509.0,D,,,,,,
875320,2024-02-23,VRTX,ALTSHULER DAVID,,0000875320-24-000085,2024-02-21,S,3002.0,421.77,34022.0,D,,,,,,
875320,2024-02-23,VRTX,Arbuckle Stuart A,,0000875320-24-000087,2024-02-21,S,3603.0,421.77,59439.0,D,,,,,,
875320,2024-02-27,VRTX,Bozic Carmen,,0000875320-24-000103,2024-02-23,F,3309.0,431.79,36939.0,D,,,,,,
875320,2024-02-27,VRTX,Atkinson Edward Morrow III,,0000875320-24-000101,2024-02-23,F,1654.0,431.79,16855.0,D,,,,,,
875320,2024-02-27,VRTX,Tatsis Ourania,,0000875320-24-000109,2024-02-26,S,354.0,425.7,55804.0,D,,,,,,
875320,2024-02-27,VRTX,Arbuckle Stuart A,,0000875320-24-000099,2024-02-26,S,5034.0,425.7,49691.0,D,,,,,,
875320,2024-02-27,VRTX,ALTSHULER DAVID,,0000875320-24-000095,2024-02-23,F,3970.0,431.79,30052.0,D,,,,,,
875320,2024-02-27,VRTX,Sachdev Amit,,0000875320-24-000107,2024-02-26,S,3004.0,425.7,55325.0,D,,,,,,
875320,2024-02-27,VRTX,Tatsis Ourania,,0000875320-24-000109,2024-02-23,F,3309.0,431.79,56158.0,D,,,,,,
875320,2024-02-27,VRTX,Sachdev Amit,,0000875320-24-000107,2024-02-23,F,2469.0,431.79,58329.0,D,,,,,,
875320,2024-02-27,VRTX,Atkinson Edward Morrow III,,0000875320-24-000101,2024-02-26,S,883.0,425.7,15972.0,D,,,,,,
875320,2024-02-27,VRTX,ALTSHULER DAVID,,0000875320-24-000095,2024-02-26,S,4239.0,425.7,25813.0,D,,,,,,
875320,2024-02-27,VRTX,Ambrose Kristen,,0000875320-24-000097,2024-02-26,S,883.0,425.7,7965.0,D,,,,,,
875320,2024-02-27,VRTX,Kewalramani Reshma,,0000875320-24-000105,2024-02-23,F,9386.0,431.79,136507.0,D,,,,,,
875320,2024-02-27,VRTX,Ambrose Kristen,,0000875320-24-000097,2024-02-23,F,828.0,431.79,8848.0,D,,,,,,
875320,2024-02-27,VRTX,Arbuckle Stuart A,,0000875320-24-000099,2024-02-23,F,4714.0,431.79,54725.0,D,,,,,,
875320,2024-02-27,VRTX,WAGNER CHARLES F JR,,0000875320-24-000111,2024-02-23,F,3309.0,431.79,53583.0,D,,,,,,
875320,2024-04-03,VRTX,Ambrose Kristen,,0000875320-24-000113,2024-04-02,S,240.0,419.0,7500.0,D,,,,,,
875320,2024-04-03,VRTX,Ambrose Kristen,,0000875320-24-000113,2024-04-01,F,225.0,418.1,7740.0,D,,,,,,
875320,2024-05-03,VRTX,Bhatia Sangeeta N.,,0000875320-24-000117,2024-05-02,S,467.0,402.95,4435.0,D,,,,,,
875320,2024-05-03,VRTX,CARNEY LLOYD,,0000875320-24-000119,2024-05-01,A,1001.0,0.0,6319.0,D,,,,,,
875320,2024-05-03,VRTX,MCKENZIE DIANA,,0000875320-24-000127,2024-05-01,D,1168.0,,2436.0,D,,,,,,
875320,2024-05-03,VRTX,Bhatia Sangeeta N.,,0000875320-24-000117,2024-05-01,A,1001.0,0.0,4902.0,D,,,,,,
875320,2024-05-03,VRTX,Thornberry Nancy,,0000875320-24-000131,2024-05-01,A,501.0,0.0,1637.0,D,,,,,,
875320,2024-05-03,VRTX,Upadhyay Suketu,,0000875320-24-000133,2024-05-01,D,1168.0,,2559.0,D,,,,,,
875320,2024-05-03,VRTX,Upadhyay Suketu,,0000875320-24-000133,2024-05-01,A,1001.0,0.0,3727.0,D,,,,,,
875320,2024-05-03,VRTX,MCKENZIE DIANA,,0000875320-24-000127,2024-05-01,A,1001.0,0.0,3604.0,D,,,,,,
875320,2024-05-16,VRTX,Atkinson Edward Morrow III,,0000875320-24-000144,2024-05-14,A,14112.0,0.0,30084.0,D,,,,,,
875320,2024-05-17,VRTX,Sachdev Amit,,0000875320-24-000154,2024-05-15,S,32.0,430.93,55325.0,D,,,,,,
875320,2024-05-17,VRTX,Arbuckle Stuart A,,0000875320-24-000152,2024-05-15,S,69.0,430.93,49691.0,D,,,,,,
875320,2024-05-17,VRTX,ALTSHULER DAVID,,0000875320-24-000150,2024-05-15,S,54.0,430.93,25813.0,D,,,,,,
875320,2024-05-17,VRTX,Schneider Jennifer,,0000875320-24-000148,2024-05-15,A,922.0,0.0,922.0,D,,,,,,
875320,2024-05-22,VRTX,Kewalramani Reshma,,0000875320-24-000156,2024-05-20,S,15202.0,447.0,121374.0,D,,,,,,
875320,2024-05-24,VRTX,SACHS BRUCE I,,0000875320-24-000158,2024-05-22,S,7073.0,448.0,40000.0,D,,,,,,
875320,2024-05-24,VRTX,SACHS BRUCE I,,0000875320-24-000158,2024-05-22,M,7073.0,93.51,47073.0,D,,,,,,
875320,2024-05-29,VRTX,Kewalramani Reshma,,0000875320-24-000160,2024-05-24,M,1565.0,187.53,122939.0,D,,,,,,
875320,2024-05-29,VRTX,Kewalramani Reshma,,0000875320-24-000160,2024-05-24,S,1565.0,457.0,121374.0,D,,,,,,
875320,2024-05-30,VRTX,WAGNER CHARLES F JR,,0000875320-24-000162,2024-05-28,S,3250.0,454.79,50387.0,D,,,,,,
875320,2024-05-31,VRTX,Bozic Carmen,,0000875320-24-000164,2024-05-29,S,2280.0,445.56,34659.0,D,,,,,,
875320,2024-06-03,VRTX,Tatsis Ourania,,0000875320-24-000166,2024-05-30,S,2350.0,439.11,53523.0,D,,,,,,
875320,2024-06-03,VRTX,Tatsis Ourania,,0000875320-24-000166,2024-05-31,S,2250.0,445.0,51273.0,D,,,,,,
875320,2024-06-05,VRTX,Tatsis Ourania,,0000875320-24-000168,2024-06-03,S,2175.0,460.0,49098.0,D,,,,,,
875320,2024-06-05,VRTX,WAGNER CHARLES F JR,,0000875320-24-000170,2024-06-03,S,3250.0,460.0,47137.0,D,,,,,,
875320,2024-06-07,VRTX,Sachdev Amit,,0000875320-24-000172,2024-06-05,G,4600.0,0.0,0.0,I,,,,,,
875320,2024-06-13,VRTX,Atkinson Edward Morrow III,,0000875320-24-000174,2024-06-11,F,6824.0,481.96,23260.0,D,,,,,,
875320,2024-06-13,VRTX,Bozic Carmen,,0000875320-24-000176,2024-06-12,S,2280.0,478.0,32379.0,D,,,,,,
875320,2024-06-13,VRTX,Atkinson Edward Morrow III,,0000875320-24-000174,2024-06-12,S,7288.0,478.0,15972.0,D,,,,,,
875320,2024-06-28,VRTX,Bozic Carmen,,0000875320-24-000181,2024-06-26,S,2280.0,471.72,30099.0,D,,,,,,
875320,2024-07-12,VRTX,Bozic Carmen,,0000875320-24-000183,2024-07-10,S,2280.0,487.34,27819.0,D,,,,,,
875320,2024-07-24,VRTX,Kewalramani Reshma,,0000875320-24-000187,2024-07-22,S,15202.0,497.0,106172.0,D,,,,,,
875320,2024-07-25,VRTX,Bozic Carmen,,0000875320-24-000189,2024-07-24,S,2280.0,488.46,25539.0,D,,,,,,
875320,2024-08-01,VRTX,Kewalramani Reshma,,0000875320-24-000195,2024-07-30,S,15202.0,505.0,90970.0,D,,,,,,
875320,2024-08-02,VRTX,SACHS BRUCE I,,0000875320-24-000200,2024-08-01,S,5295.0,508.0,40000.0,D,,,,,,
875320,2024-08-02,VRTX,SACHS BRUCE I,,0000875320-24-000200,2024-08-01,M,5295.0,125.71,45295.0,D,,,,,,
875320,2024-08-08,VRTX,Bozic Carmen,,0000875320-24-000202,2024-08-07,S,2280.0,476.75,23259.0,D,,,,,,
875320,2024-08-12,VRTX,Bhatia Sangeeta N.,,0000875320-24-000204,2024-08-08,M,1292.0,152.74,5727.0,D,,,,,,
875320,2024-08-12,VRTX,Bhatia Sangeeta N.,,0000875320-24-000204,2024-08-08,S,1292.0,466.29,4435.0,D,,,,,,
875320,2024-09-04,VRTX,LEIDEN JEFFREY M,,0000875320-24-000212,2024-08-30,S,3784.0,499.0,9994.0,D,,,,,,
875320,2024-09-04,VRTX,Bhatia Sangeeta N.,,0000875320-24-000211,2024-08-30,M,646.0,152.74,5081.0,D,,,,,,
875320,2024-09-04,VRTX,Bhatia Sangeeta N.,,0000875320-24-000211,2024-08-30,S,646.0,500.0,4435.0,D,,,,,,
875320,2024-10-03,VRTX,Biller Jonathan,,0000875320-24-000214,2024-10-01,F,630.0,466.84,17650.0,D,,,,,,
875320,2024-10-03,VRTX,Biller Jonathan,,0000875320-24-000214,2024-10-02,S,999.0,461.66,16651.0,D,,,,,,
875320,2024-11-12,VRTX,Kewalramani Reshma,,0000875320-24-000225,2024-11-08,S,15198.0,515.0,75772.0,D,,,,,,
875320,2024-11-13,VRTX,WAGNER CHARLES F JR,,0000875320-24-000227,2024-11-11,S,3000.0,518.27,44137.0,D,,,,,,
875320,2024-11-19,VRTX,ALTSHULER DAVID,,0000875320-24-000229,2024-11-15,S,15.0,478.56,25813.0,D,,,,,,
875320,2025-02-06,VRTX,Atkinson Edward Morrow III,,0000875320-25-000011,2025-02-04,A,5132.0,0.0,21104.0,D,,,,,,
875320,2025-02-06,VRTX,Kewalramani Reshma,,0000875320-25-000018,2025-02-04,A,29118.0,0.0,104890.0,D,,,,,,
875320,2025-02-06,VRTX,ALTSHULER DAVID,,0000875320-25-000005,2025-02-04,A,12314.0,0.0,38127.0,D,,,,,,
875320,2025-02-06,VRTX,Arbuckle Stuart A,,0000875320-25-000009,2025-02-04,A,14624.0,0.0,64315.0,D,,,,,,
875320,2025-02-06,VRTX,Biller Jonathan,,0000875320-25-000014,2025-02-04,A,4744.0,0.0,21395.0,D,,,,,,
875320,2025-02-06,VRTX,WAGNER CHARLES F JR,,0000875320-25-000026,2025-02-04,A,10262.0,0.0,54414.0,D,,,,,,
875320,2025-02-06,VRTX,Ambrose Kristen,,0000875320-25-000007,2025-02-04,A,2566.0,0.0,10066.0,D,,,,,,
875320,2025-02-06,VRTX,Sachdev Amit,,0000875320-25-000022,2025-02-04,A,8210.0,0.0,65533.0,D,,,,,,
875320,2025-02-06,VRTX,LEIDEN JEFFREY M,,0000875320-25-000020,2025-02-04,A,15414.0,0.0,25408.0,D,,,,,,
875320,2025-02-06,VRTX,Tatsis Ourania,,0000875320-25-000024,2025-02-04,A,10262.0,0.0,59360.0,D,,,,,,
875320,2025-02-06,VRTX,Bozic Carmen,,0000875320-25-000016,2025-02-04,A,10262.0,0.0,33521.0,D,,,,,,
875320,2025-02-12,VRTX,Atkinson Edward Morrow III,,0000875320-25-000037,2025-02-10,F,876.0,467.98,24972.0,D,,,,,,
875320,2025-02-12,VRTX,Biller Jonathan,,0000875320-25-000039,2025-02-11,S,3433.0,459.87,16330.0,D,,,,,,
875320,2025-02-12,VRTX,Tatsis Ourania,,0000875320-25-000048,2025-02-10,F,2143.0,467.98,64331.0,D,,,,,,
875320,2025-02-12,VRTX,Bozic Carmen,,0000875320-25-000041,2025-02-10,F,2142.0,467.98,37307.0,D,,,,,,
875320,2025-02-12,VRTX,Ambrose Kristen,,0000875320-25-000033,2025-02-11,S,1376.0,459.83,9953.0,D,,,,,,
875320,2025-02-12,VRTX,ALTSHULER DAVID,,0000875320-25-000031,2025-02-10,F,2142.0,467.98,43099.0,D,,,,,,
875320,2025-02-12,VRTX,Sachdev Amit,,0000875320-25-000046,2025-02-10,F,2056.0,467.98,70591.0,D,,,,,,
875320,2025-02-12,VRTX,Biller Jonathan,,0000875320-25-000039,2025-02-10,F,1632.0,467.98,19763.0,D,,,,,,
875320,2025-02-12,VRTX,Kewalramani Reshma,,0000875320-25-000044,2025-02-10,F,8300.0,467.98,116918.0,D,,,,,,
875320,2025-02-12,VRTX,WAGNER CHARLES F JR,,0000875320-25-000050,2025-02-10,F,2649.0,467.98,58879.0,D,,,,,,
875320,2025-02-12,VRTX,Arbuckle Stuart A,,0000875320-25-000035,2025-02-10,F,3220.0,467.98,69543.0,D,,,,,,
875320,2025-02-12,VRTX,Ambrose Kristen,,0000875320-25-000033,2025-02-10,F,591.0,467.98,11329.0,D,,,,,,
875320,2025-02-12,VRTX,Atkinson Edward Morrow III,,0000875320-25-000037,2025-02-11,S,1747.0,459.83,23225.0,D,,,,,,
875320,2025-02-12,VRTX,Tatsis Ourania,,0000875320-25-000048,2025-02-11,S,310.0,459.83,64021.0,D,,,,,,
875320,2025-02-14,VRTX,Tatsis Ourania,,0000875320-25-000073,2025-02-12,A,6211.0,0.0,70232.0,D,,,,,,
875320,2025-02-14,VRTX,Sachdev Amit,,0000875320-25-000069,2025-02-12,A,6211.0,0.0,76802.0,D,,,,,,
875320,2025-02-14,VRTX,LEIDEN JEFFREY M,,0000875320-25-000071,2025-02-12,A,7209.0,0.0,32617.0,D,,,,,,
875320,2025-02-14,VRTX,LEIDEN JEFFREY M,,0000875320-25-000071,2025-02-13,F,2525.0,450.83,30092.0,D,,,,,,
875320,2025-02-14,VRTX,Kewalramani Reshma,,0000875320-25-000067,2025-02-12,A,19015.0,0.0,135933.0,D,,,,,,
875320,2025-02-14,VRTX,WAGNER CHARLES F JR,,0000875320-25-000075,2025-02-12,A,6655.0,0.0,65534.0,D,,,,,,
875320,2025-02-14,VRTX,Biller Jonathan,,0000875320-25-000063,2025-02-12,A,4437.0,0.0,20767.0,D,,,,,,
875320,2025-02-14,VRTX,Atkinson Edward Morrow III,,0000875320-25-000061,2025-02-12,A,6211.0,0.0,29436.0,D,,,,,,
875320,2025-02-14,VRTX,ALTSHULER DAVID,,0000875320-25-000055,2025-02-12,A,5324.0,0.0,48423.0,D,,,,,,
875320,2025-02-14,VRTX,Arbuckle Stuart A,,0000875320-25-000059,2025-02-12,A,7903.0,0.0,77446.0,D,,,,,,
875320,2025-02-14,VRTX,Bozic Carmen,,0000875320-25-000065,2025-02-12,A,5546.0,0.0,42853.0,D,,,,,,
875320,2025-02-14,VRTX,Ambrose Kristen,,0000875320-25-000057,2025-02-12,A,2080.0,0.0,12033.0,D,,,,,,
875320,2025-02-19,VRTX,Kewalramani Reshma,,0000875320-25-000089,2025-02-14,F,6553.0,463.46,129380.0,D,,,,,,
875320,2025-02-19,VRTX,LEIDEN JEFFREY M,,0000875320-25-000091,2025-02-14,F,6066.0,463.46,24026.0,D,,,,,,
875320,2025-02-19,VRTX,WAGNER CHARLES F JR,,0000875320-25-000097,2025-02-14,F,2293.0,463.46,63241.0,D,,,,,,
875320,2025-02-19,VRTX,ALTSHULER DAVID,,0000875320-25-000077,2025-02-14,F,2293.0,463.46,46130.0,D,,,,,,
875320,2025-02-19,VRTX,Tatsis Ourania,,0000875320-25-000095,2025-02-14,F,2293.0,463.46,67939.0,D,,,,,,
875320,2025-02-19,VRTX,Bozic Carmen,,0000875320-25-000087,2025-02-14,F,1912.0,463.46,40941.0,D,,,,,,
875320,2025-02-19,VRTX,Sachdev Amit,,0000875320-25-000093,2025-02-14,F,2139.0,463.46,74663.0,D,,,,,,
875320,2025-02-19,VRTX,Ambrose Kristen,,0000875320-25-000079,2025-02-18,S,671.0,455.06,10798.0,D,,,,,,
875320,2025-02-19,VRTX,Biller Jonathan,,0000875320-25-000085,2025-02-14,F,1504.0,463.46,19263.0,D,,,,,,
875320,2025-02-19,VRTX,Atkinson Edward Morrow III,,0000875320-25-000083,2025-02-14,F,1529.0,463.46,27907.0,D,,,,,,
875320,2025-02-19,VRTX,Arbuckle Stuart A,,0000875320-25-000081,2025-02-14,F,2724.0,463.46,74722.0,D,,,,,,
875320,2025-02-19,VRTX,Biller Jonathan,,0000875320-25-000085,2025-02-18,S,1657.0,455.06,17606.0,D,,,,,,
875320,2025-02-19,VRTX,Tatsis Ourania,,0000875320-25-000095,2025-02-18,S,244.0,455.06,67695.0,D,,,,,,
875320,2025-02-19,VRTX,Ambrose Kristen,,0000875320-25-000079,2025-02-14,F,564.0,463.46,11469.0,D,,,,,,
875320,2025-02-24,VRTX,ALTSHULER DAVID,,0000875320-25-000099,2025-02-20,S,1111.0,480.0,45019.0,D,,,,,,
875320,2025-02-26,VRTX,Tatsis Ourania,,0000875320-25-000115,2025-02-24,F,3310.0,483.28,64385.0,D,,,,,,
875320,2025-02-26,VRTX,WAGNER CHARLES F JR,,0000875320-25-000117,2025-02-24,F,3310.0,483.28,59931.0,D,,,,,,
875320,2025-02-26,VRTX,Sachdev Amit,,0000875320-25-000113,2025-02-24,F,2470.0,483.28,72193.0,D,,,,,,
875320,2025-02-26,VRTX,Atkinson Edward Morrow III,,0000875320-25-000107,2025-02-25,S,1767.0,480.95,24484.0,D,,,,,,
875320,2025-02-26,VRTX,Bozic Carmen,,0000875320-25-000109,2025-02-24,F,3310.0,483.28,37631.0,D,,,,,,
875320,2025-02-26,VRTX,Kewalramani Reshma,,0000875320-25-000111,2025-02-24,F,9386.0,483.28,119994.0,D,,,,,,
875320,2025-02-26,VRTX,ALTSHULER DAVID,,0000875320-25-000101,2025-02-24,F,3971.0,483.28,41048.0,D,,,,,,
875320,2025-02-26,VRTX,Atkinson Edward Morrow III,,0000875320-25-000107,2025-02-24,F,1656.0,483.28,26251.0,D,,,,,,
875320,2025-02-26,VRTX,Ambrose Kristen,,0000875320-25-000103,2025-02-24,F,828.0,483.28,9970.0,D,,,,,,
875320,2025-02-26,VRTX,Ambrose Kristen,,0000875320-25-000103,2025-02-25,S,884.0,480.95,9086.0,D,,,,,,
875320,2025-02-26,VRTX,Arbuckle Stuart A,,0000875320-25-000105,2025-02-24,F,4716.0,483.28,70006.0,D,,,,,,
875320,2025-02-26,VRTX,ALTSHULER DAVID,,0000875320-25-000101,2025-02-25,S,848.0,480.95,40200.0,D,,,,,,
875320,2025-02-26,VRTX,Tatsis Ourania,,0000875320-25-000115,2025-02-25,S,354.0,480.95,64031.0,D,,,,,,
875320,2025-02-28,VRTX,WAGNER CHARLES F JR,,0000875320-25-000137,2025-02-26,F,4962.0,479.61,54969.0,D,,,,,,
875320,2025-02-28,VRTX,Tatsis Ourania,,0000875320-25-000135,2025-02-27,S,530.0,475.34,58539.0,D,,,,,,
875320,2025-02-28,VRTX,ALTSHULER DAVID,,0000875320-25-000120,2025-02-27,S,1272.0,480.0,32974.0,D,,,,,,
875320,2025-02-28,VRTX,Kewalramani Reshma,,0000875320-25-000131,2025-02-26,F,14079.0,479.61,105915.0,D,,,,,,
875320,2025-02-28,VRTX,Bozic Carmen,,0000875320-25-000129,2025-02-26,F,4962.0,479.61,32669.0,D,,,,,,
875320,2025-02-28,VRTX,Tatsis Ourania,,0000875320-25-000135,2025-02-26,F,4962.0,479.61,59069.0,D,,,,,,
875320,2025-02-28,VRTX,Atkinson Edward Morrow III,,0000875320-25-000127,2025-02-26,F,2482.0,479.61,22002.0,D,,,,,,
875320,2025-02-28,VRTX,Arbuckle Stuart A,,0000875320-25-000124,2025-02-26,F,7071.0,479.61,62935.0,D,,,,,,
875320,2025-02-28,VRTX,Ambrose Kristen,,0000875320-25-000122,2025-02-26,F,1241.0,479.61,7845.0,D,,,,,,
875320,2025-02-28,VRTX,ALTSHULER DAVID,,0000875320-25-000120,2025-02-26,F,5954.0,479.61,34246.0,D,,,,,,
875320,2025-02-28,VRTX,Atkinson Edward Morrow III,,0000875320-25-000127,2025-02-27,S,2650.0,475.34,19352.0,D,,,,,,
875320,2025-02-28,VRTX,Sachdev Amit,,0000875320-25-000133,2025-02-26,F,3703.0,479.61,68490.0,D,,,,,,
875320,2025-03-05,VRTX,ALTSHULER DAVID,,0000875320-25-000139,2025-03-03,S,3231.0,490.0,29743.0,D,,,,,,
875320,2025-03-06,VRTX,Tatsis Ourania,,0000875320-25-000141,2025-03-04,S,4058.0,485.49,54481.0,D,,,,,,
875320,2025-03-12,VRTX,WAGNER CHARLES F JR,,0000875320-25-000148,2025-03-10,S,3298.0,500.0,51671.0,D,,,,,,
875320,2025-03-12,VRTX,Tatsis Ourania,,0000875320-25-000146,2025-03-10,S,3242.0,499.99,51239.0,D,,,,,,
875320,2025-03-12,VRTX,ALTSHULER DAVID,,0000875320-25-000144,2025-03-10,S,3231.0,500.0,26512.0,D,,,,,,
875320,2025-03-17,VRTX,ALTSHULER DAVID,,0000875320-25-000152,2025-03-13,S,3231.0,510.0,23281.0,D,,,,,,
875320,2025-05-05,VRTX,Schneider Jennifer,,0000875320-25-000186,2025-05-01,A,796.0,0.0,1718.0,D,,,,,,
875320,2025-05-05,VRTX,Thornberry Nancy,,0000875320-25-000188,2025-05-01,A,398.0,0.0,2035.0,D,,,,,,
875320,2025-05-05,VRTX,MCKENZIE DIANA,,0000875320-25-000182,2025-05-01,D,1001.0,,2231.0,D,,,,,,
875320,2025-05-05,VRTX,MCKENZIE DIANA,,0000875320-25-000182,2025-05-01,A,796.0,0.0,3232.0,D,,,,,,
875320,2025-05-05,VRTX,Upadhyay Suketu,,0000875320-25-000190,2025-05-01,D,1001.0,,2354.0,D,,,,,,
875320,2025-05-05,VRTX,Upadhyay Suketu,,0000875320-25-000190,2025-05-01,A,796.0,0.0,3355.0,D,,,,,,
875320,2025-05-05,VRTX,Garber Alan M,,0000875320-25-000177,2025-05-01,A,398.0,0.0,6872.0,D,,,,,,
875320,2025-05-05,VRTX,Bhatia Sangeeta N.,,0000875320-25-000173,2025-05-02,S,400.0,505.86,4831.0,D,,,,,,
875320,2025-05-05,VRTX,CARNEY LLOYD,,0000875320-25-000175,2025-05-01,A,796.0,0.0,7115.0,D,,,,,,
875320,2025-05-05,VRTX,Bhatia Sangeeta N.,,0000875320-25-000173,2025-05-01,A,796.0,0.0,5231.0,D,,,,,,
875320,2025-05-15,VRTX,Arbuckle Stuart A,,0000875320-25-000196,2025-05-13,A,37622.0,0.0,100611.0,D,,,,,,
875320,2025-05-19,VRTX,ALTSHULER DAVID,,0000875320-25-000201,2025-05-15,S,52.0,424.69,23281.0,D,,,,,,
875320,2025-07-02,VRTX,Arbuckle Stuart A,,0000875320-25-000204,2025-07-01,F,37243.0,450.23,63368.0,D,,,,,,
875320,2025-08-07,VRTX,SACHS BRUCE I,,0000875320-25-000218,2025-08-06,P,1634.0,389.36,41634.0,D,,,,,,
875320,2025-08-07,VRTX,Kewalramani Reshma,,0000875320-25-000220,2025-08-06,P,4290.0,389.08,110258.0,D,,,,,,
875320,2025-08-29,VRTX,Bhatia Sangeeta N.,,0000875320-25-000222,2025-08-27,S,266.0,386.69,4565.0,D,,,,,,
875320,2025-10-03,VRTX,Biller Jonathan,,0000875320-25-000224,2025-10-01,F,1259.0,400.0,16347.0,D,,,,,,
875320,2025-10-03,VRTX,Biller Jonathan,,0000875320-25-000224,2025-10-02,S,694.0,404.21,15653.0,D,,,,,,
875320,2025-11-17,VRTX,LEIDEN JEFFREY M,,0000875320-25-000234,2025-11-14,S,32234.0,440.3,45396.0,D,,,,,,
875320,2025-11-17,VRTX,LEIDEN JEFFREY M,,0000875320-25-000234,2025-11-14,M,13835.0,91.05,37861.0,D,,,,,,
875320,2025-11-17,VRTX,LEIDEN JEFFREY M,,0000875320-25-000234,2025-11-13,S,18528.0,440.22,25186.0,D,,,,,,
875320,2025-11-17,VRTX,LEIDEN JEFFREY M,,0000875320-25-000234,2025-11-13,M,19688.0,91.05,43714.0,D,,,,,,
875320,2025-11-19,VRTX,Atkinson Edward Morrow III,,0000875320-25-000236,2025-11-17,S,2500.0,434.58,16852.0,D,,,,,,
875320,2025-11-20,VRTX,CARNEY LLOYD,,0000875320-25-000238,2025-11-19,G,800.0,0.0,6315.0,D,,,,,,
875320,2025-12-05,VRTX,LEIDEN JEFFREY M,,0000875320-25-000242,2025-12-03,S,4469.0,440.4,83338.0,D,,,,,,
875320,2025-12-05,VRTX,LEIDEN JEFFREY M,,0000875320-25-000242,2025-12-04,M,1.0,91.05,24027.0,D,,,,,,
875320,2025-12-05,VRTX,Tatsis Ourania,,0000875320-25-000244,2025-12-03,S,4500.0,449.99,46793.0,D,,,,,,
875320,2025-12-05,VRTX,Biller Jonathan,,0000875320-25-000240,2025-12-03,S,347.0,449.0,15306.0,D,,,,,,
875320,2025-12-05,VRTX,LEIDEN JEFFREY M,,0000875320-25-000242,2025-12-03,M,63781.0,86.52,87807.0,D,,,,,,
875320,2025-12-05,VRTX,WAGNER CHARLES F JR,,0000875320-25-000247,2025-12-03,S,7000.0,451.0,44725.0,D,,,,,,
875320,2026-01-08,VRTX,WAGNER CHARLES F JR,,0000875320-26-000002,2026-01-06,S,9532.0,461.0,37725.0,D,,,,,,
875320,2026-01-08,VRTX,WAGNER CHARLES F JR,,0000875320-26-000002,2026-01-06,M,9532.0,189.38,47257.0,D,,,,,,
875320,2026-01-09,VRTX,Tatsis Ourania,,0000875320-26-000004,2026-01-07,S,4500.0,474.99,42293.0,D,,,,,,
875320,2026-01-26,VRTX,McKechnie Duncan,,0000875320-26-000022,2026-01-22,A,4720.0,0.0,20858.0,D,,,,,,
875320,2026-01-26,VRTX,WAGNER CHARLES F JR,,0000875320-26-000028,2026-01-22,A,9440.0,0.0,47165.0,D,,,,,,
875320,2026-01-26,VRTX,Ambrose Kristen,,0001856587-26-000002,2026-01-22,A,2950.0,0.0,10795.0,D,,,,,,
875320,2026-01-26,VRTX,Atkinson Edward Morrow III,,0000875320-26-000012,2026-01-22,A,3934.0,0.0,20786.0,D,,,,,,
875320,2026-01-26,VRTX,Tatsis Ourania,,0000875320-26-000026,2026-01-22,A,7866.0,0.0,50159.0,D,,,,,,
875320,2026-01-26,VRTX,Sachdev Amit,,0000875320-26-000024,2026-01-22,A,7866.0,0.0,67115.0,D,,,,,,
875320,2026-01-26,VRTX,Biller Jonathan,,0000875320-26-000014,2026-01-22,A,6294.0,0.0,21600.0,D,,,,,,
875320,2026-01-26,VRTX,ALTSHULER DAVID,,0000875320-26-000010,2026-01-22,A,7866.0,0.0,31149.0,D,,,,,,
875320,2026-01-26,VRTX,LEIDEN JEFFREY M,,0000875320-26-000020,2026-01-22,A,9012.0,0.0,33039.0,D,,,,,,
875320,2026-01-26,VRTX,Bozic Carmen,,0000875320-26-000016,2026-01-22,A,7866.0,0.0,40535.0,D,,,,,,
875320,2026-01-26,VRTX,Kewalramani Reshma,,0000875320-26-000018,2026-01-22,A,26972.0,0.0,142940.0,D,,,,,,
875320,2026-02-12,VRTX,Biller Jonathan,,0000875320-26-000040,2026-02-10,F,1630.0,468.41,22744.0,D,,,,,,
875320,2026-02-12,VRTX,WAGNER CHARLES F JR,,0000875320-26-000054,2026-02-10,F,3045.0,468.41,48280.0,D,,,,,,
875320,2026-02-12,VRTX,Atkinson Edward Morrow III,,0000875320-26-000038,2026-02-10,F,872.0,468.41,23797.0,D,,,,,,
875320,2026-02-12,VRTX,Bunnage Mark E.,,0000875320-26-000044,2026-02-11,S,2021.0,460.43,12914.0,D,,,,,,
875320,2026-02-12,VRTX,Kewalramani Reshma,,0000875320-26-000046,2026-02-10,F,8297.0,468.41,146528.0,D,,,,,,
875320,2026-02-12,VRTX,Tatsis Ourania,,0000875320-26-000052,2026-02-10,F,2140.0,468.41,51902.0,D,,,,,,
875320,2026-02-12,VRTX,Tatsis Ourania,,0000875320-26-000052,2026-02-11,S,466.0,460.43,51436.0,D,,,,,,
875320,2026-02-12,VRTX,Sachdev Amit,,0000875320-26-000050,2026-02-10,F,2057.0,468.41,68941.0,D,,,,,,
875320,2026-02-12,VRTX,Atkinson Edward Morrow III,,0000875320-26-000038,2026-02-11,S,1751.0,460.43,22046.0,D,,,,,,
875320,2026-02-12,VRTX,Bunnage Mark E.,,0000875320-26-000044,2026-02-10,F,1127.0,468.41,14935.0,D,,,,,,
875320,2026-02-12,VRTX,Ambrose Kristen,,0000875320-26-000036,2026-02-10,F,592.0,468.41,11503.0,D,,,,,,
875320,2026-02-12,VRTX,Bozic Carmen,,0000875320-26-000042,2026-02-10,F,2145.0,468.41,41857.0,D,,,,,,
875320,2026-02-12,VRTX,McKechnie Duncan,,0000875320-26-000048,2026-02-10,F,1127.0,468.41,21811.0,D,,,,,,
875320,2026-02-12,VRTX,Biller Jonathan,,0000875320-26-000040,2026-02-11,S,1925.0,460.43,20819.0,D,,,,,,
875320,2026-02-12,VRTX,Ambrose Kristen,,0000875320-26-000036,2026-02-11,S,1376.0,460.43,10127.0,D,,,,,,
875320,2026-02-18,VRTX,Bhatia Sangeeta N.,,0000875320-26-000062,2026-02-13,S,266.0,500.0,4299.0,D,,,,,,
875320,2026-02-18,VRTX,WAGNER CHARLES F JR,,0000875320-26-000078,2026-02-13,F,4565.0,487.76,43715.0,D,,,,,,
875320,2026-02-18,VRTX,Atkinson Edward Morrow III,,0000875320-26-000060,2026-02-13,F,1903.0,487.76,20143.0,D,,,,,,
875320,2026-02-18,VRTX,Bozic Carmen,,0000875320-26-000066,2026-02-13,F,3804.0,487.76,38053.0,D,,,,,,
875320,2026-02-18,VRTX,Tatsis Ourania,,0000875320-26-000076,2026-02-13,S,1500.0,499.99,46132.0,D,,,,,,
875320,2026-02-18,VRTX,Tatsis Ourania,,0000875320-26-000076,2026-02-13,F,3804.0,487.76,47632.0,D,,,,,,
875320,2026-02-18,VRTX,Ambrose Kristen,,0000875320-26-000058,2026-02-13,F,1393.0,487.76,8734.0,D,,,,,,
875320,2026-02-18,VRTX,Bunnage Mark E.,,0000875320-26-000068,2026-02-13,F,2283.0,487.76,10631.0,D,,,,,,
875320,2026-02-18,VRTX,Biller Jonathan,,0000875320-26-000064,2026-02-13,S,988.0,499.0,16838.0,D,,,,,,
875320,2026-02-18,VRTX,Sachdev Amit,,0000875320-26-000074,2026-02-13,F,3548.0,487.76,65393.0,D,,,,,,
875320,2026-02-18,VRTX,Kewalramani Reshma,,0000875320-26-000070,2026-02-13,F,13041.0,487.76,133487.0,D,,,,,,
875320,2026-02-18,VRTX,McKechnie Duncan,,0000875320-26-000072,2026-02-13,F,2283.0,487.76,19528.0,D,,,,,,
875320,2026-02-18,VRTX,Biller Jonathan,,0000875320-26-000064,2026-02-13,F,2993.0,487.76,17826.0,D,,,,,,
875320,2026-02-19,VRTX,Tatsis Ourania,,0000875320-26-000098,2026-02-17,F,2294.0,483.75,49627.0,D,,,,,,
875320,2026-02-19,VRTX,Bunnage Mark E.,,0000875320-26-000088,2026-02-17,A,2584.0,0.0,13215.0,D,,,,,,
875320,2026-02-19,VRTX,Kewalramani Reshma,,0000875320-26-000090,2026-02-17,F,6554.0,483.75,143259.0,D,,,,,,
875320,2026-02-19,VRTX,Atkinson Edward Morrow III,,0000875320-26-000082,2026-02-18,S,817.0,473.68,20727.0,D,,,,,,
875320,2026-02-19,VRTX,Ambrose Kristen,,0000875320-26-000080,2026-02-17,F,598.0,483.75,9945.0,D,,,,,,
875320,2026-02-19,VRTX,Ambrose Kristen,,0000875320-26-000080,2026-02-17,S,1557.0,489.46,8388.0,D,,,,,,
875320,2026-02-19,VRTX,LEIDEN JEFFREY M,,0000875320-26-000092,2026-02-17,A,8269.0,0.0,41308.0,D,,,,,,
875320,2026-02-19,VRTX,LEIDEN JEFFREY M,,0000875320-26-000092,2026-02-18,F,2964.0,483.75,38344.0,D,,,,,,
875320,2026-02-19,VRTX,Bunnage Mark E.,,0000875320-26-000088,2026-02-17,F,1110.0,483.75,12105.0,D,,,,,,
875320,2026-02-19,VRTX,McKechnie Duncan,,0000875320-26-000094,2026-02-17,A,4962.0,0.0,24490.0,D,,,,,,
875320,2026-02-19,VRTX,WAGNER CHARLES F JR,,0000875320-26-000100,2026-02-17,F,2294.0,483.75,48786.0,D,,,,,,
875320,2026-02-19,VRTX,Kewalramani Reshma,,0000875320-26-000090,2026-02-17,A,16326.0,0.0,149813.0,D,,,,,,
875320,2026-02-19,VRTX,Tatsis Ourania,,0000875320-26-000098,2026-02-17,A,5789.0,0.0,51921.0,D,,,,,,
875320,2026-02-19,VRTX,Sachdev Amit,,0000875320-26-000096,2026-02-17,F,2140.0,483.75,69042.0,D,,,,,,
875320,2026-02-19,VRTX,WAGNER CHARLES F JR,,0000875320-26-000100,2026-02-17,A,7365.0,0.0,51080.0,D,,,,,,
875320,2026-02-19,VRTX,Tatsis Ourania,,0000875320-26-000098,2026-02-18,S,368.0,473.68,48650.0,D,,,,,,
875320,2026-02-19,VRTX,Bunnage Mark E.,,0000875320-26-000088,2026-02-17,S,2437.0,489.46,9668.0,D,,,,,,
875320,2026-02-19,VRTX,Atkinson Edward Morrow III,,0000875320-26-000082,2026-02-17,F,1530.0,483.75,23575.0,D,,,,,,
875320,2026-02-19,VRTX,Atkinson Edward Morrow III,,0000875320-26-000082,2026-02-17,A,4962.0,0.0,25105.0,D,,,,,,
875320,2026-02-19,VRTX,Bozic Carmen,,0000875320-26-000086,2026-02-17,A,5375.0,0.0,43428.0,D,,,,,,
875320,2026-02-19,VRTX,Biller Jonathan,,0000875320-26-000084,2026-02-17,S,2476.0,489.46,16992.0,D,,,,,,
875320,2026-02-19,VRTX,Ambrose Kristen,,0000875320-26-000080,2026-02-18,S,638.0,473.68,7750.0,D,,,,,,
875320,2026-02-19,VRTX,Sachdev Amit,,0000875320-26-000096,2026-02-17,A,5789.0,0.0,71182.0,D,,,,,,
875320,2026-02-19,VRTX,Tatsis Ourania,,0000875320-26-000098,2026-02-17,S,609.0,489.46,49018.0,D,,,,,,
875320,2026-02-19,VRTX,Bozic Carmen,,0000875320-26-000086,2026-02-17,F,1912.0,483.75,41516.0,D,,,,,,
875320,2026-02-19,VRTX,McKechnie Duncan,,0000875320-26-000094,2026-02-17,F,1148.0,483.75,23342.0,D,,,,,,
875320,2026-02-19,VRTX,Biller Jonathan,,0000875320-26-000084,2026-02-17,F,1505.0,483.75,19468.0,D,,,,,,
875320,2026-02-19,VRTX,Ambrose Kristen,,0000875320-26-000080,2026-02-17,A,1809.0,0.0,10543.0,D,,,,,,
875320,2026-02-19,VRTX,Atkinson Edward Morrow III,,0000875320-26-000082,2026-02-17,S,2031.0,489.46,21544.0,D,,,,,,
875320,2026-02-19,VRTX,Biller Jonathan,,0000875320-26-000084,2026-02-17,A,4135.0,0.0,20973.0,D,,,,,,
875320,2026-02-19,VRTX,Bunnage Mark E.,,0000875320-26-000088,2026-02-18,S,1182.0,473.68,8486.0,D,,,,,,
875320,2026-02-19,VRTX,Biller Jonathan,,0000875320-26-000084,2026-02-18,S,1244.0,473.68,15748.0,D,,,,,,
875320,2026-02-23,VRTX,Sachdev Amit,,0000875320-26-000102,2026-02-19,S,920.0,463.91,116627.0,D,,,,,,
875320,2026-02-23,VRTX,Sachdev Amit,,0000875320-26-000102,2026-02-19,M,23479.0,155.57,92521.0,D,,,,,,
875320,2026-02-26,VRTX,Ambrose Kristen,,0000875320-26-000104,2026-02-25,S,223.0,486.35,6981.0,D,,,,,,
875320,2026-02-26,VRTX,Tatsis Ourania,,0000875320-26-000120,2026-02-24,F,1627.0,485.11,47023.0,D,,,,,,
875320,2026-02-26,VRTX,McKechnie Duncan,,0000875320-26-000116,2026-02-24,F,873.0,485.11,22469.0,D,,,,,,
875320,2026-02-26,VRTX,Ambrose Kristen,,0000875320-26-000104,2026-02-24,F,546.0,485.11,7204.0,D,,,,,,
875320,2026-02-26,VRTX,Bozic Carmen,,0000875320-26-000110,2026-02-24,F,1453.0,485.11,40063.0,D,,,,,,
875320,2026-02-26,VRTX,Bunnage Mark E.,,0000875320-26-000112,2026-02-24,F,582.0,485.11,7904.0,D,,,,,,
875320,2026-02-26,VRTX,Tatsis Ourania,,0000875320-26-000120,2026-02-25,S,260.0,486.35,46763.0,D,,,,,,
875320,2026-02-26,VRTX,LEIDEN JEFFREY M,,0001242825-26-000002,2026-02-24,F,3547.0,485.11,34797.0,D,,,,,,
875320,2026-02-26,VRTX,McKechnie Duncan,,0000875320-26-000116,2026-02-25,S,2500.0,486.35,19969.0,D,,,,,,
875320,2026-02-26,VRTX,Atkinson Edward Morrow III,,0000875320-26-000106,2026-02-24,F,1627.0,485.11,19100.0,D,,,,,,
875320,2026-02-26,VRTX,Kewalramani Reshma,,0000875320-26-000114,2026-02-24,F,4981.0,485.11,138278.0,D,,,,,,
875320,2026-02-26,VRTX,Biller Jonathan,,0000875320-26-000108,2026-02-25,S,945.0,486.35,13659.0,D,,,,,,
875320,2026-02-26,VRTX,Bunnage Mark E.,,0000875320-26-000112,2026-02-25,S,620.0,486.35,7284.0,D,,,,,,
875320,2026-02-26,VRTX,Atkinson Edward Morrow III,,0000875320-26-000106,2026-02-25,S,668.0,486.35,18432.0,D,,,,,,
875320,2026-02-26,VRTX,WAGNER CHARLES F JR,,0000875320-26-000122,2026-02-24,F,1744.0,485.11,47042.0,D,,,,,,
875320,2026-02-26,VRTX,Sachdev Amit,,0000875320-26-000118,2026-02-24,F,1518.0,485.11,57416.0,D,,,,,,
875320,2026-02-26,VRTX,Biller Jonathan,,0000875320-26-000108,2026-02-24,F,1144.0,485.11,14604.0,D,,,,,,
875320,2026-02-26,VRTX,Sachdev Amit,,0000875320-26-000118,2026-02-25,S,1846.0,486.35,55570.0,D,,,,,,
875320,2026-03-02,VRTX,Ambrose Kristen,,0000875320-26-000125,2026-02-26,S,357.0,483.36,6624.0,D,,,,,,
875320,2026-03-03,VRTX,Kewalramani Reshma,,0000875320-26-000129,2026-02-27,S,400.0,479.75,137878.0,D,,,,,,
875320,2026-03-03,VRTX,Bozic Carmen,,0000875320-26-000127,2026-02-27,S,2329.0,480.31,37734.0,D,,,,,,
875320,2026-03-04,VRTX,Liu Joy,,0000875320-26-000134,2026-03-02,S,892.0,495.96,22811.0,D,,,,,,
875320,2026-03-06,VRTX,McKechnie Duncan,,0000875320-26-000136,2026-03-04,S,2437.0,475.3,15122.0,D,,,,,,
875320,2026-03-13,VRTX,McKechnie Duncan,,0000875320-26-000138,2026-03-11,S,2633.0,498.42,12489.0,D,,,,,,
875320,2026-03-17,VRTX,Bozic Carmen,,0000875320-26-000140,2026-03-13,S,2329.0,481.79,35405.0,D,,,,,,
875320,2026-03-31,VRTX,Bozic Carmen,,0000875320-26-000149,2026-03-27,S,2329.0,450.95,33076.0,D,,,,,,
875320,2026-04-03,VRTX,Liu Joy,,0000875320-26-000157,2026-04-01,S,978.0,449.17,21833.0,D,,,,,,
875320,2026-05-05,VRTX,Liu Joy,,0000875320-26-000183,2026-05-01,S,1104.0,425.02,20729.0,D,non_derivative,Common Stock,,,,
875320,2026-05-05,VRTX,Upadhyay Suketu,,0000875320-26-000193,2026-05-01,A,2866.0,0.0,2866.0,D,derivative,Stock Option (Right to Buy),Common Stock,2866.0,424.45,2036-04-30
875320,2026-05-05,VRTX,CARNEY LLOYD,,0000875320-26-000177,2026-05-01,A,2866.0,0.0,2866.0,D,derivative,Stock Option (Right to Buy),Common Stock,2866.0,424.45,2036-04-30
875320,2026-05-05,VRTX,Upadhyay Suketu,,0000875320-26-000193,2026-05-01,D,796.0,,1558.0,D,,,,,,
875320,2026-05-05,VRTX,Liu Joy,,0000875320-26-000183,2026-05-01,S,1104.0,425.02,20729.0,D,,,,,,
875320,2026-05-05,VRTX,Upadhyay Suketu,,0000875320-26-000193,2026-05-01,A,796.0,,3595.156,D,derivative,Deferred Stock Units,Common Stock,796.0,,
875320,2026-05-05,VRTX,MCKENZIE DIANA,,0000875320-26-000185,2026-05-01,D,796.0,,2378.0,D,,,,,,
875320,2026-05-05,VRTX,Bhatia Sangeeta N.,,0000875320-26-000175,2026-05-01,A,943.0,0.0,5242.0,D,non_derivative,Common Stock,,,,
875320,2026-05-05,VRTX,Garber Alan M,,0000875320-26-000179,2026-05-01,A,1433.0,0.0,1433.0,D,derivative,Stock Option (Right to Buy),Common Stock,1433.0,424.45,2036-04-30
875320,2026-05-05,VRTX,Schneider Jennifer,,0000875320-26-000189,2026-05-01,A,796.0,,796.0,D,derivative,Deferred Stock Units,Common Stock,796.0,,
875320,2026-05-05,VRTX,Schneider Jennifer,,0000875320-26-000189,2026-05-01,A,1433.0,0.0,1433.0,D,derivative,Stock Option (Right to Buy),Common Stock,1433.0,424.45,2036-04-30
875320,2026-05-05,VRTX,Schneider Jennifer,,0000875320-26-000189,2026-05-01,D,796.0,,1394.0,D,,,,,,
875320,2026-05-05,VRTX,Garber Alan M,,0000875320-26-000179,2026-05-01,A,472.0,0.0,7344.0,D,,,,,,
875320,2026-05-05,VRTX,Thornberry Nancy,,0000875320-26-000191,2026-05-01,A,1433.0,0.0,1433.0,D,derivative,Stock Option (Right to Buy),Common Stock,1433.0,424.45,2036-04-30
875320,2026-05-05,VRTX,Thornberry Nancy,,0000875320-26-000191,2026-05-01,A,472.0,0.0,2507.0,D,non_derivative,Common Stock,,,,
875320,2026-05-05,VRTX,Bhatia Sangeeta N.,,0000875320-26-000175,2026-05-04,S,318.0,423.73,4924.0,D,non_derivative,Common Stock,,,,
875320,2026-05-05,VRTX,Lagarde Michel,,0000875320-26-000181,2026-05-01,A,2866.0,0.0,2866.0,D,derivative,Stock Option (Right to Buy),Common Stock,2866.0,424.45,2036-04-30
875320,2026-05-05,VRTX,MCKENZIE DIANA,,0000875320-26-000185,2026-05-01,A,943.0,0.0,3174.0,D,,,,,,
875320,2026-05-05,VRTX,Garber Alan M,,0000875320-26-000179,2026-05-01,A,472.0,0.0,7344.0,D,non_derivative,Common Stock,,,,
875320,2026-05-05,VRTX,MCKENZIE DIANA,,0000875320-26-000185,2026-05-01,A,943.0,0.0,3174.0,D,non_derivative,Common Stock,,,,
875320,2026-05-05,VRTX,Thornberry Nancy,,0000875320-26-000191,2026-05-01,A,472.0,0.0,2507.0,D,,,,,,
875320,2026-05-05,VRTX,Thornberry Nancy,,0000875320-26-000191,2026-05-01,D,398.0,,2109.0,D,non_derivative,Common Stock,,,,
875320,2026-05-05,VRTX,MCKENZIE DIANA,,0000875320-26-000185,2026-05-01,A,796.0,,7787.483,D,derivative,Deferred Stock Units,Common Stock,796.0,,
875320,2026-05-05,VRTX,MCKENZIE DIANA,,0000875320-26-000185,2026-05-01,D,796.0,,2378.0,D,non_derivative,Common Stock,,,,
875320,2026-05-05,VRTX,Schneider Jennifer,,0000875320-26-000189,2026-05-01,D,796.0,,1394.0,D,non_derivative,Common Stock,,,,
875320,2026-05-05,VRTX,Upadhyay Suketu,,0000875320-26-000193,2026-05-01,D,796.0,,1558.0,D,non_derivative,Common Stock,,,,
875320,2026-05-05,VRTX,SACHS BRUCE I,,0000875320-26-000187,2026-05-01,A,2866.0,0.0,2866.0,D,derivative,Stock Option (Right to Buy),Common Stock,2866.0,424.45,2036-04-30
875320,2026-05-05,VRTX,Schneider Jennifer,,0000875320-26-000189,2026-05-01,A,472.0,0.0,2190.0,D,,,,,,
875320,2026-05-05,VRTX,Thornberry Nancy,,0000875320-26-000191,2026-05-01,D,398.0,,2109.0,D,,,,,,
875320,2026-05-05,VRTX,Bhatia Sangeeta N.,,0000875320-26-000175,2026-05-01,A,943.0,0.0,5242.0,D,,,,,,
875320,2026-05-05,VRTX,Schneider Jennifer,,0000875320-26-000189,2026-05-01,A,472.0,0.0,2190.0,D,non_derivative,Common Stock,,,,
875320,2026-05-05,VRTX,Bhatia Sangeeta N.,,0000875320-26-000175,2026-05-04,S,318.0,423.73,4924.0,D,,,,,,
875320,2026-05-05,VRTX,Thornberry Nancy,,0000875320-26-000191,2026-05-01,A,398.0,,398.0,D,derivative,Deferred Stock Units,Common Stock,398.0,,
875320,2026-05-14,VRTX,Bozic Carmen,,0000875320-26-000222,2026-05-12,S,6988.0,450.0,26088.0,D,non_derivative,Common Stock,,,,
875320,2026-05-14,VRTX,Bozic Carmen,,0000875320-26-000222,2026-05-12,S,6988.0,450.0,26088.0,D,,,,,,
875320,2026-05-19,VRTX,Bunnage Mark E.,,0000875320-26-000226,2026-05-15,S,33.0,453.45,7284.0,D,non_derivative,Common Stock,,,,
875320,2026-05-19,VRTX,Bozic Carmen,,0000875320-26-000225,2026-05-15,S,1354.0,453.45,24734.0,D,,,,,,
875320,2026-05-19,VRTX,Bozic Carmen,,0000875320-26-000225,2026-05-15,S,1354.0,453.45,24734.0,D,non_derivative,Common Stock,,,,
875320,2026-05-19,VRTX,Bunnage Mark E.,,0000875320-26-000226,2026-05-15,S,33.0,453.45,7284.0,D,,,,,,
875320,2026-06-02,VRTX,Bozic Carmen,,0000875320-26-000228,2026-05-29,S,1974.0,450.0,22760.0,D,non_derivative,Common Stock,,,,
875320,2026-06-03,VRTX,Liu Joy,,0000875320-26-000230,2026-06-01,S,828.0,439.91,19959.0,D,non_derivative,Common Stock,,,,
875320,2026-06-09,VRTX,Bozic Carmen,,0000875320-26-000233,2026-06-05,S,1745.0,450.0,21015.0,D,non_derivative,Common Stock,,,,
875320,2026-06-17,VRTX,Bozic Carmen,,0000875320-26-000235,2026-06-15,S,4062.0,450.0,16953.0,D,non_derivative,Common Stock,,,,
875320,2026-06-23,VRTX,Bozic Carmen,,0000875320-26-000237,2026-06-18,S,1020.0,462.17,15933.0,D,non_derivative,Common Stock,,,,
875320,2026-06-30,VRTX,Bozic Carmen,,0000875320-26-000239,2026-06-26,S,596.0,482.5,15337.0,D,non_derivative,Common Stock,,,,
875320,2026-07-06,VRTX,Liu Joy,,0000875320-26-000241,2026-07-01,S,828.0,502.71,19131.0,D,non_derivative,Common Stock,,,,
875320,2026-07-07,VRTX,Tatsis Ourania,,0000875320-26-000245,2026-07-02,S,1500.0,524.99,45321.0,D,non_derivative,Common Stock,,,,
875320,2026-07-07,VRTX,McKechnie Duncan,,0000875320-26-000243,2026-07-02,S,1541.0,519.0,11001.0,D,non_derivative,Common Stock,,,,
875320,2026-07-17,VRTX,SACHS BRUCE I,,0000875320-26-000249,2026-07-15,A,99.941,475.28,15771.807,D,derivative,Deferred Stock Units,Common Stock,99.941,,
875320,2026-07-17,VRTX,Garber Alan M,,0000875320-26-000247,2026-07-15,A,31.56,475.28,65.458,D,derivative,Deferred Stock Units,Common Stock,31.56,,
875320,2026-07-23,VRTX,Tatsis Ourania,,0000875320-26-000253,2026-07-21,A,8251.0,0.0,53572.0,D,non_derivative,Common Stock,,,,
875320,2026-07-23,VRTX,Sachdev Amit,,0000875320-26-000251,2026-07-21,A,8251.0,0.0,66512.0,D,non_derivative,Common Stock,,,,
