cik,filingDate,issuerTradingSymbol,reportingOwnerName,reportingOwnerRelationship,accessionNumber,transactionDate,transactionCode,transactionShares,transactionPricePerShare,sharesOwnedFollowingTransaction,directOrIndirectOwnership,transactionType,securityTitle,underlyingSecurityTitle,underlyingSecurityShares,exercisePrice,expirationDate
732712,2016-05-31,VZ,SILLIMAN CRAIG L.,,0001611593-16-000482,2016-05-26,S,672.0,49.8,12542.0,D,non_derivative,Common Stock,,,,
732712,2016-06-06,VZ,Shammo Francis,,0001611593-16-000487,2016-06-02,A,105.138,14.49,1395.771,I,derivative,Phantom Stock (unitized),Common Stock,30.0,,
732712,2016-06-06,VZ,Gurnani Roger,,0001611593-16-000483,2016-06-02,A,69.296,14.49,31806.094,I,derivative,Phantom Stock (unitized),Common Stock,20.0,,
732712,2016-06-06,VZ,McAdam Lowell C,,0001611593-16-000484,2016-06-02,A,212.665,14.49,316421.188,I,derivative,Phantom Stock (unitized),Common Stock,61.0,,
732712,2016-06-06,VZ,REED MARC C,,0001611593-16-000485,2016-06-02,A,85.225,14.49,151663.042,I,derivative,Phantom Stock (unitized),Common Stock,24.0,,
732712,2016-06-06,VZ,Scotti Diego,,0001611593-16-000486,2016-06-02,A,45.4,14.49,6820.695,I,derivative,Phantom Stock (unitized),Common Stock,13.0,,
732712,2016-06-06,VZ,WALDEN MARNI M,,0001611593-16-000491,2016-06-02,A,101.155,14.49,188206.218,I,derivative,Phantom Stock (unitized),Common Stock,29.0,,
732712,2016-06-06,VZ,SILLIMAN CRAIG L.,,0001611593-16-000488,2016-06-02,A,106.732,14.49,60323.47,I,derivative,Phantom Stock (unitized),Common Stock,30.0,,
732712,2016-06-06,VZ,Skiadas Anthony T,,0001611593-16-000489,2016-06-02,A,29.47,14.49,44548.711,I,derivative,Phantom Stock (unitized),Common Stock,8.0,,
732712,2016-06-06,VZ,Stratton John G,,0001611593-16-000490,2016-06-02,A,101.155,14.49,111931.338,I,derivative,Phantom Stock (unitized),Common Stock,29.0,,
732712,2016-06-17,VZ,SILLIMAN CRAIG L.,,0001611593-16-000498,2016-06-16,A,101.398,15.25,60424.868,I,derivative,Phantom Stock (unitized),Common Stock,29.0,,
732712,2016-06-17,VZ,Stratton John G,,0001611593-16-000500,2016-06-16,A,96.1,15.25,112027.438,I,derivative,Phantom Stock (unitized),Common Stock,27.0,,
732712,2016-06-17,VZ,Gurnani Roger,,0001611593-16-000493,2016-06-16,A,65.832,15.25,31871.926,I,derivative,Phantom Stock (unitized),Common Stock,19.0,,
732712,2016-06-17,VZ,Skiadas Anthony T,,0001611593-16-000499,2016-06-16,A,27.997,15.25,44576.708,I,derivative,Phantom Stock (unitized),Common Stock,8.0,,
732712,2016-06-17,VZ,Shammo Francis,,0001611593-16-000497,2016-06-16,A,99.883,15.25,1495.654,I,derivative,Phantom Stock (unitized),Common Stock,28.0,,
732712,2016-06-17,VZ,WALDEN MARNI M,,0001611593-16-000501,2016-06-16,A,96.1,15.25,188302.318,I,derivative,Phantom Stock (unitized),Common Stock,27.0,,
732712,2016-06-17,VZ,Scotti Diego,,0001611593-16-000496,2016-06-16,A,43.131,15.25,6863.826,I,derivative,Phantom Stock (unitized),Common Stock,12.0,,
732712,2016-06-17,VZ,REED MARC C,,0001611593-16-000495,2016-06-16,A,80.966,15.25,151744.008,I,derivative,Phantom Stock (unitized),Common Stock,23.0,,
732712,2016-06-17,VZ,McAdam Lowell C,,0001611593-16-000494,2016-06-16,A,202.037,15.25,316623.225,I,derivative,Phantom Stock (unitized),Common Stock,58.0,,
732712,2016-06-28,VZ,SILLIMAN CRAIG L.,,0001611593-16-000502,2016-06-24,S,672.0,54.56,11870.0,D,non_derivative,Common Stock,,,,
732712,2016-07-05,VZ,Scotti Diego,,0001611593-16-000506,2016-06-30,A,41.304,15.92,6905.13,I,derivative,Phantom Stock (unitized),Common Stock,12.0,,
732712,2016-07-05,VZ,Gurnani Roger,,0001611593-16-000503,2016-06-30,A,63.043,15.92,31934.969,I,derivative,Phantom Stock (unitized),Common Stock,18.0,,
732712,2016-07-05,VZ,McAdam Lowell C,,0001611593-16-000504,2016-06-30,A,193.477,15.92,316816.702,I,derivative,Phantom Stock (unitized),Common Stock,55.0,,
732712,2016-07-05,VZ,Shammo Francis,,0001611593-16-000507,2016-06-30,A,95.652,15.92,1591.306,I,derivative,Phantom Stock (unitized),Common Stock,27.0,,
732712,2016-07-05,VZ,REED MARC C,,0001611593-16-000505,2016-06-30,A,77.536,15.92,151821.544,I,derivative,Phantom Stock (unitized),Common Stock,22.0,,
732712,2016-07-05,VZ,Skiadas Anthony T,,0001611593-16-000509,2016-06-30,A,26.811,15.92,44603.519,I,derivative,Phantom Stock (unitized),Common Stock,8.0,,
732712,2016-07-05,VZ,SILLIMAN CRAIG L.,,0001611593-16-000508,2016-06-30,A,97.102,15.92,60521.97,I,derivative,Phantom Stock (unitized),Common Stock,28.0,,
732712,2016-07-05,VZ,Stratton John G,,0001611593-16-000510,2016-06-30,A,92.028,15.92,112119.466,I,derivative,Phantom Stock (unitized),Common Stock,26.0,,
732712,2016-07-05,VZ,WALDEN MARNI M,,0001611593-16-000511,2016-06-30,A,92.028,15.92,188394.346,I,derivative,Phantom Stock (unitized),Common Stock,26.0,,
732712,2016-07-18,VZ,Stratton John G,,0001611593-16-000519,2016-07-14,A,92.031,15.92,112211.497,I,derivative,Phantom Stock (unitized),Common Stock,26.0,,
732712,2016-07-18,VZ,Scotti Diego,,0001611593-16-000515,2016-07-14,A,41.305,15.92,6946.435,I,derivative,Phantom Stock (unitized),Common Stock,12.0,,
732712,2016-07-18,VZ,REED MARC C,,0001611593-16-000514,2016-07-14,A,77.538,15.92,151899.082,I,derivative,Phantom Stock (unitized),Common Stock,22.0,,
732712,2016-07-18,VZ,Skiadas Anthony T,,0001611593-16-000518,2016-07-14,A,26.812,15.92,44630.331,I,derivative,Phantom Stock (unitized),Common Stock,8.0,,
732712,2016-07-18,VZ,Gurnani Roger,,0001611593-16-000512,2016-07-14,A,63.045,15.92,31998.014,I,derivative,Phantom Stock (unitized),Common Stock,18.0,,
732712,2016-07-18,VZ,WALDEN MARNI M,,0001611593-16-000520,2016-07-14,A,92.031,15.92,188486.377,I,derivative,Phantom Stock (unitized),Common Stock,26.0,,
732712,2016-07-18,VZ,SILLIMAN CRAIG L.,,0001611593-16-000517,2016-07-14,A,97.104,15.92,60619.074,I,derivative,Phantom Stock (unitized),Common Stock,28.0,,
732712,2016-07-18,VZ,Shammo Francis,,0001611593-16-000516,2016-07-14,A,95.654,15.92,1686.96,I,derivative,Phantom Stock (unitized),Common Stock,27.0,,
732712,2016-07-18,VZ,McAdam Lowell C,,0001611593-16-000513,2016-07-14,A,193.482,15.92,317010.184,I,derivative,Phantom Stock (unitized),Common Stock,55.0,,
732712,2016-07-29,VZ,SILLIMAN CRAIG L.,,0001611593-16-000521,2016-07-27,S,672.0,54.81,11198.0,D,non_derivative,Common Stock,,,,
732712,2016-08-01,VZ,McAdam Lowell C,,0001611593-16-000523,2016-07-28,A,196.933,15.64,317207.117,I,derivative,Phantom Stock (unitized),Common Stock,56.0,,
732712,2016-08-01,VZ,Skiadas Anthony T,,0001611593-16-000528,2016-07-28,A,27.29,15.64,44657.621,I,derivative,Phantom Stock (unitized),Common Stock,8.0,,
732712,2016-08-01,VZ,REED MARC C,,0001611593-16-000524,2016-07-28,A,78.921,15.64,151978.003,I,derivative,Phantom Stock (unitized),Common Stock,23.0,,
732712,2016-08-01,VZ,Shammo Francis,,0001611593-16-000526,2016-07-28,I,1784.32,15.64,0.0,I,derivative,Phantom Stock (unitized),Common Stock,509.0,,
732712,2016-08-01,VZ,SILLIMAN CRAIG L.,,0001611593-16-000527,2016-07-28,A,98.836,15.64,60717.91,I,derivative,Phantom Stock (unitized),Common Stock,28.0,,
732712,2016-08-01,VZ,Stratton John G,,0001611593-16-000529,2016-07-28,A,93.672,15.64,112305.169,I,derivative,Phantom Stock (unitized),Common Stock,27.0,,
732712,2016-08-01,VZ,Shammo Francis,,0001611593-16-000526,2016-07-28,A,97.36,15.64,1784.32,I,derivative,Phantom Stock (unitized),Common Stock,28.0,,
732712,2016-08-01,VZ,WALDEN MARNI M,,0001611593-16-000530,2016-07-28,A,93.672,15.64,188580.049,I,derivative,Phantom Stock (unitized),Common Stock,27.0,,
732712,2016-08-01,VZ,Shammo Francis,,0001611593-16-000526,2016-07-29,I,88.0,55.41,0.0,I,non_derivative,Common Stock,,,,
732712,2016-08-01,VZ,Gurnani Roger,,0001611593-16-000522,2016-07-28,A,64.169,15.64,32062.183,I,derivative,Phantom Stock (unitized),Common Stock,18.0,,
732712,2016-08-01,VZ,Scotti Diego,,0001611593-16-000525,2016-07-28,A,42.042,15.64,6988.477,I,derivative,Phantom Stock (unitized),Common Stock,12.0,,
732712,2016-08-15,VZ,Shammo Francis,,0001611593-16-000535,2016-08-11,A,99.166,15.36,115.539,I,derivative,Phantom Stock (unitized),Common Stock,28.0,,
732712,2016-08-15,VZ,Stratton John G,,0001611593-16-000538,2016-08-11,A,95.409,15.36,113554.158,I,derivative,Phantom Stock (unitized),Common Stock,27.0,,
732712,2016-08-15,VZ,Scotti Diego,,0001611593-16-000534,2016-08-11,A,42.821,15.36,7102.344,I,derivative,Phantom Stock (unitized),Common Stock,12.0,,
732712,2016-08-15,VZ,Gurnani Roger,,0001611593-16-000531,2016-08-11,A,65.359,15.36,32456.115,I,derivative,Phantom Stock (unitized),Common Stock,19.0,,
732712,2016-08-15,VZ,WALDEN MARNI M,,0001611593-16-000539,2016-08-11,A,95.409,15.36,190613.819,I,derivative,Phantom Stock (unitized),Common Stock,27.0,,
732712,2016-08-15,VZ,Skiadas Anthony T,,0001611593-16-000537,2016-08-11,A,27.796,15.36,45144.336,I,derivative,Phantom Stock (unitized),Common Stock,8.0,,
732712,2016-08-15,VZ,REED MARC C,,0001611593-16-000533,2016-08-11,A,80.384,15.36,153620.456,I,derivative,Phantom Stock (unitized),Common Stock,23.0,,
732712,2016-08-15,VZ,SILLIMAN CRAIG L.,,0001611593-16-000536,2016-08-11,A,100.668,15.36,61441.28,I,derivative,Phantom Stock (unitized),Common Stock,28.0,,
732712,2016-08-15,VZ,McAdam Lowell C,,0001611593-16-000532,2016-08-11,A,200.584,15.36,320667.38,I,derivative,Phantom Stock (unitized),Common Stock,57.0,,
732712,2016-08-29,VZ,WALDEN MARNI M,,0001611593-16-000548,2016-08-25,A,97.401,15.04,190711.22,I,derivative,Phantom Stock (unitized),Common Stock,28.0,,
732712,2016-08-29,VZ,McAdam Lowell C,,0001611593-16-000541,2016-08-25,A,204.773,15.04,320872.153,I,derivative,Phantom Stock (unitized),Common Stock,58.0,,
732712,2016-08-29,VZ,Scotti Diego,,0001611593-16-000543,2016-08-25,A,43.715,15.04,7146.059,I,derivative,Phantom Stock (unitized),Common Stock,12.0,,
732712,2016-08-29,VZ,Shammo Francis,,0001611593-16-000544,2016-08-25,A,101.236,15.04,216.775,I,derivative,Phantom Stock (unitized),Common Stock,29.0,,
732712,2016-08-29,VZ,REED MARC C,,0001611593-16-000542,2016-08-25,A,82.063,15.04,153702.519,I,derivative,Phantom Stock (unitized),Common Stock,23.0,,
732712,2016-08-29,VZ,Skiadas Anthony T,,0001611593-16-000546,2016-08-25,A,28.377,15.04,45172.713,I,derivative,Phantom Stock (unitized),Common Stock,8.0,,
732712,2016-08-29,VZ,Stratton John G,,0001611593-16-000547,2016-08-25,A,97.401,15.04,113651.559,I,derivative,Phantom Stock (unitized),Common Stock,28.0,,
732712,2016-08-29,VZ,Gurnani Roger,,0001611593-16-000540,2016-08-25,A,66.724,15.04,32522.839,I,derivative,Phantom Stock (unitized),Common Stock,19.0,,
732712,2016-08-29,VZ,SILLIMAN CRAIG L.,,0001611593-16-000545,2016-08-25,A,102.77,15.04,61544.05,I,derivative,Phantom Stock (unitized),Common Stock,30.0,,
732712,2016-08-30,VZ,SILLIMAN CRAIG L.,,0001611593-16-000549,2016-08-26,S,672.0,52.76,10526.0,D,non_derivative,Common Stock,,,,
732712,2016-09-01,VZ,REED MARC C,,0001611593-16-000550,2016-08-31,I,95211.0,14.93,58491.173,I,derivative,Phantom Stock (unitized),Common Stock,27157.0,,
732712,2016-09-01,VZ,REED MARC C,,0001611593-16-000550,2016-08-31,I,1237.0,52.33,0.0,I,derivative,Phantom Stock,Common Stock,1237.0,,
732712,2016-09-06,VZ,Skiadas Anthony T,,0001611593-16-000551,2016-09-01,A,38052.0,0.0,38052.0,D,derivative,Special Restricted Stock Units - 2016-2019 Award Cycle,Common Stock,38052.0,,
732712,2016-09-12,VZ,Shammo Francis,,0001611593-16-000556,2016-09-08,A,99.64,15.29,316.415,I,derivative,Phantom Stock (unitized),Common Stock,28.0,,
732712,2016-09-12,VZ,WALDEN MARNI M,,0001611593-16-000560,2016-09-08,A,95.865,15.29,190807.085,I,derivative,Phantom Stock (unitized),Common Stock,27.0,,
732712,2016-09-12,VZ,Scotti Diego,,0001611593-16-000555,2016-09-08,A,43.026,15.29,7189.085,I,derivative,Phantom Stock (unitized),Common Stock,12.0,,
732712,2016-09-12,VZ,McAdam Lowell C,,0001611593-16-000553,2016-09-09,F,253620.0,51.82,591713.0,D,non_derivative,Common Stock,,,,
732712,2016-09-12,VZ,Skiadas Anthony T,,0001611593-16-000558,2016-09-08,A,27.929,15.29,45200.642,I,derivative,Phantom Stock (unitized),Common Stock,8.0,,
732712,2016-09-12,VZ,McAdam Lowell C,,0001611593-16-000553,2016-09-09,M,489141.0,,845333.0,D,non_derivative,Common Stock,,,,
732712,2016-09-12,VZ,Stratton John G,,0001611593-16-000559,2016-09-08,A,95.865,15.29,113747.424,I,derivative,Phantom Stock (unitized),Common Stock,27.0,,
732712,2016-09-12,VZ,McAdam Lowell C,,0001611593-16-000553,2016-09-09,M,104816.0,,0.0,D,derivative,Restricted Stock Units - 2011-2016 Award Cycle,Common Stock,104816.0,,2016-09-09
732712,2016-09-12,VZ,SILLIMAN CRAIG L.,,0001611593-16-000557,2016-09-08,A,101.15,15.29,61645.2,I,derivative,Phantom Stock (unitized),Common Stock,28.0,,
732712,2016-09-12,VZ,REED MARC C,,0001611593-16-000554,2016-09-08,A,80.769,15.29,58571.942,I,derivative,Phantom Stock (unitized),Common Stock,23.0,,
732712,2016-09-12,VZ,McAdam Lowell C,,0001611593-16-000553,2016-09-08,A,201.544,15.29,321073.697,I,derivative,Phantom Stock (unitized),Common Stock,57.0,,
732712,2016-09-12,VZ,McAdam Lowell C,,0001611593-16-000553,2016-09-09,M,489141.0,,0.0,D,derivative,Performance Stock Units - 2011-2016 Award Cycle,Common Stock,489141.0,,2016-09-09
732712,2016-09-12,VZ,Gurnani Roger,,0001611593-16-000552,2016-09-08,A,65.672,15.29,32588.511,I,derivative,Phantom Stock (unitized),Common Stock,19.0,,
732712,2016-09-26,VZ,Scotti Diego,,0001611593-16-000564,2016-09-22,A,44.042,14.93,7233.127,I,derivative,Phantom Stock (unitized),Common Stock,13.0,,
732712,2016-09-26,VZ,REED MARC C,,0001611593-16-000563,2016-09-22,A,82.677,14.93,58654.619,I,derivative,Phantom Stock (unitized),Common Stock,24.0,,
732712,2016-09-26,VZ,Skiadas Anthony T,,0001611593-16-000567,2016-09-22,A,28.589,14.93,45229.231,I,derivative,Phantom Stock (unitized),Common Stock,8.0,,
732712,2016-09-26,VZ,WALDEN MARNI M,,0001611593-16-000569,2016-09-22,A,98.13,14.93,190905.215,I,derivative,Phantom Stock (unitized),Common Stock,28.0,,
732712,2016-09-26,VZ,Gurnani Roger,,0001611593-16-000561,2016-09-22,A,67.233,14.93,32655.734,I,derivative,Phantom Stock (unitized),Common Stock,19.0,,
732712,2016-09-26,VZ,McAdam Lowell C,,0001611593-16-000562,2016-09-22,A,206.305,14.93,321280.002,I,derivative,Phantom Stock (unitized),Common Stock,59.0,,
732712,2016-09-26,VZ,Shammo Francis,,0001611593-16-000565,2016-09-22,A,101.994,14.93,418.409,I,derivative,Phantom Stock (unitized),Common Stock,29.0,,
732712,2016-09-26,VZ,Stratton John G,,0001611593-16-000568,2016-09-22,A,98.13,14.93,113845.554,I,derivative,Phantom Stock (unitized),Common Stock,28.0,,
732712,2016-09-26,VZ,SILLIMAN CRAIG L.,,0001611593-16-000566,2016-09-22,A,103.54,14.93,61748.74,I,derivative,Phantom Stock (unitized),Common Stock,30.0,,
732712,2016-09-28,VZ,SILLIMAN CRAIG L.,,0001611593-16-000570,2016-09-26,S,672.0,52.4,9854.0,D,non_derivative,Common Stock,,,,
732712,2016-10-11,VZ,Skiadas Anthony T,,0001611593-16-000577,2016-10-06,A,29.769,14.34,45259.0,I,derivative,Phantom Stock (unitized),Common Stock,8.0,,
732712,2016-10-11,VZ,Stratton John G,,0001611593-16-000578,2016-10-06,A,102.181,14.34,113947.735,I,derivative,Phantom Stock (unitized),Common Stock,29.0,,
732712,2016-10-11,VZ,WALDEN MARNI M,,0001611593-16-000579,2016-10-06,A,102.181,14.34,191007.396,I,derivative,Phantom Stock (unitized),Common Stock,29.0,,
732712,2016-10-11,VZ,SILLIMAN CRAIG L.,,0001611593-16-000576,2016-10-06,A,107.814,14.34,61856.554,I,derivative,Phantom Stock (unitized),Common Stock,30.0,,
732712,2016-10-11,VZ,REED MARC C,,0001611593-16-000573,2016-10-06,A,86.09,14.34,58740.709,I,derivative,Phantom Stock (unitized),Common Stock,25.0,,
732712,2016-10-11,VZ,McAdam Lowell C,,0001611593-16-000572,2016-10-06,A,214.823,14.34,321494.825,I,derivative,Phantom Stock (unitized),Common Stock,61.0,,
732712,2016-10-11,VZ,Scotti Diego,,0001611593-16-000574,2016-10-06,A,45.861,14.34,7278.988,I,derivative,Phantom Stock (unitized),Common Stock,13.0,,
732712,2016-10-11,VZ,Shammo Francis,,0001611593-16-000575,2016-10-06,A,106.205,14.34,524.614,I,derivative,Phantom Stock (unitized),Common Stock,30.0,,
732712,2016-10-24,VZ,WALDEN MARNI M,,0001611593-16-000588,2016-10-20,A,104.495,14.02,191111.891,I,derivative,Phantom Stock (unitized),Common Stock,30.0,,
732712,2016-10-24,VZ,Stratton John G,,0001611593-16-000587,2016-10-20,A,104.495,14.02,114052.23,I,derivative,Phantom Stock (unitized),Common Stock,30.0,,
732712,2016-10-24,VZ,SILLIMAN CRAIG L.,,0001611593-16-000585,2016-10-20,A,110.256,14.02,61966.81,I,derivative,Phantom Stock (unitized),Common Stock,32.0,,
732712,2016-10-24,VZ,Skiadas Anthony T,,0001611593-16-000586,2016-10-20,A,30.443,14.02,45289.443,I,derivative,Phantom Stock (unitized),Common Stock,9.0,,
732712,2016-10-24,VZ,REED MARC C,,0001611593-16-000582,2016-10-20,A,88.04,14.02,58828.749,I,derivative,Phantom Stock (unitized),Common Stock,25.0,,
732712,2016-10-24,VZ,McAdam Lowell C,,0001611593-16-000581,2016-10-20,A,219.688,14.02,321714.513,I,derivative,Phantom Stock (unitized),Common Stock,63.0,,
732712,2016-10-24,VZ,Gurnani Roger,,0001611593-16-000580,2016-10-20,A,71.584,14.02,32797.317,I,derivative,Phantom Stock (unitized),Common Stock,20.0,,
732712,2016-10-24,VZ,Scotti Diego,,0001611593-16-000583,2016-10-20,A,46.899,14.02,7325.887,I,derivative,Phantom Stock (unitized),Common Stock,13.0,,
732712,2016-10-28,VZ,SILLIMAN CRAIG L.,,0001611593-16-000590,2016-10-26,S,672.0,47.76,9182.0,D,non_derivative,Common Stock,,,,
732712,2016-11-02,VZ,Ellis Matthew D.,,0001611593-16-000592,2016-11-01,A,3008.0,0.0,13784.0,D,derivative,Restricted Stock Units - 2016-2018 Award Cycle,Common Stock,3008.0,,
732712,2016-11-07,VZ,WALDEN MARNI M,,0001611593-16-000602,2016-11-03,A,109.53,13.38,193516.18,I,derivative,Phantom Stock (unitized),Common Stock,31.0,,
732712,2016-11-07,VZ,Stratton John G,,0001611593-16-000601,2016-11-03,A,109.53,13.38,115530.23,I,derivative,Phantom Stock (unitized),Common Stock,31.0,,
732712,2016-11-07,VZ,Skiadas Anthony T,,0001611593-16-000600,2016-11-03,A,31.91,13.38,45865.026,I,derivative,Phantom Stock (unitized),Common Stock,9.0,,
732712,2016-11-07,VZ,SILLIMAN CRAIG L.,,0001611593-16-000599,2016-11-03,A,115.568,13.38,62824.622,I,derivative,Phantom Stock (unitized),Common Stock,32.0,,
732712,2016-11-07,VZ,Scotti Diego,,0001611593-16-000598,2016-11-03,A,49.159,13.38,7461.991,I,derivative,Phantom Stock (unitized),Common Stock,14.0,,
732712,2016-11-07,VZ,McAdam Lowell C,,0001611593-16-000596,2016-11-03,A,230.273,13.38,325806.702,I,derivative,Phantom Stock (unitized),Common Stock,66.0,,
732712,2016-11-07,VZ,REED MARC C,,0001611593-16-000597,2016-11-03,A,92.282,13.38,59626.084,I,derivative,Phantom Stock (unitized),Common Stock,26.0,,
732712,2016-11-07,VZ,Gurnani Roger,,0001611593-16-000595,2016-11-03,A,75.033,13.38,33264.885,I,derivative,Phantom Stock (unitized),Common Stock,21.0,,
732712,2016-11-07,VZ,Ellis Matthew D.,,0001611593-16-000594,2016-11-03,A,49.159,13.38,7964.593,I,derivative,Phantom Stock (unitized),Common Stock,14.0,,
732712,2016-11-21,VZ,WALDEN MARNI M,,0001611593-16-000611,2016-11-17,A,107.326,13.65,193623.506,I,derivative,Phantom Stock (unitized),Common Stock,31.0,,
732712,2016-11-21,VZ,Gurnani Roger,,0001611593-16-000604,2016-11-17,A,73.523,13.65,33338.408,I,derivative,Phantom Stock (unitized),Common Stock,21.0,,
732712,2016-11-21,VZ,REED MARC C,,0001611593-16-000606,2016-11-17,A,90.425,13.65,59716.509,I,derivative,Phantom Stock (unitized),Common Stock,26.0,,
732712,2016-11-21,VZ,Ellis Matthew D.,,0001611593-16-000603,2016-11-17,A,73.523,13.65,8038.116,I,derivative,Phantom Stock (unitized),Common Stock,21.0,,
732712,2016-11-21,VZ,Scotti Diego,,0001611593-16-000607,2016-11-17,A,48.17,13.65,7510.161,I,derivative,Phantom Stock (unitized),Common Stock,14.0,,
732712,2016-11-21,VZ,McAdam Lowell C,,0001611593-16-000605,2016-11-17,A,225.64,13.65,326032.342,I,derivative,Phantom Stock (unitized),Common Stock,64.0,,
732712,2016-11-21,VZ,Skiadas Anthony T,,0001611593-16-000609,2016-11-17,A,31.268,13.65,45896.294,I,derivative,Phantom Stock (unitized),Common Stock,9.0,,
732712,2016-11-21,VZ,Stratton John G,,0001611593-16-000610,2016-11-17,A,107.326,13.65,115637.556,I,derivative,Phantom Stock (unitized),Common Stock,31.0,,
732712,2016-11-21,VZ,SILLIMAN CRAIG L.,,0001611593-16-000608,2016-11-17,A,113.242,13.65,62937.864,I,derivative,Phantom Stock (unitized),Common Stock,32.0,,
732712,2016-11-28,VZ,SILLIMAN CRAIG L.,,0001611593-16-000612,2016-11-22,S,668.0,49.29,5379.0,D,non_derivative,Common Stock,,,,
732712,2016-11-28,VZ,SILLIMAN CRAIG L.,,0001611593-16-000612,2016-11-21,G,3135.0,0.0,6047.0,D,non_derivative,Common Stock,,,,
732712,2016-12-05,VZ,Ellis Matthew D.,,0001611593-16-000613,2016-12-01,A,70.551,14.23,8108.667,I,derivative,Phantom Stock (unitized),Common Stock,20.0,,
732712,2016-12-05,VZ,McAdam Lowell C,,0001611593-16-000615,2016-12-01,A,216.517,14.23,326248.859,I,derivative,Phantom Stock (unitized),Common Stock,62.0,,
732712,2016-12-05,VZ,REED MARC C,,0001611593-16-000616,2016-12-01,A,86.769,14.23,59803.278,I,derivative,Phantom Stock (unitized),Common Stock,25.0,,
732712,2016-12-05,VZ,Scotti Diego,,0001611593-16-000617,2016-12-01,A,46.222,14.23,7556.383,I,derivative,Phantom Stock (unitized),Common Stock,13.0,,
732712,2016-12-05,VZ,Gurnani Roger,,0001611593-16-000614,2016-12-01,A,70.551,14.23,33408.959,I,derivative,Phantom Stock (unitized),Common Stock,20.0,,
732712,2016-12-05,VZ,Skiadas Anthony T,,0001611593-16-000619,2016-12-01,A,30.004,14.23,45926.298,I,derivative,Phantom Stock (unitized),Common Stock,9.0,,
732712,2016-12-05,VZ,Stratton John G,,0001611593-16-000620,2016-12-01,A,102.987,14.23,115740.543,I,derivative,Phantom Stock (unitized),Common Stock,29.0,,
732712,2016-12-05,VZ,WALDEN MARNI M,,0001611593-16-000621,2016-12-01,A,102.987,14.23,193726.493,I,derivative,Phantom Stock (unitized),Common Stock,29.0,,
732712,2016-12-05,VZ,SILLIMAN CRAIG L.,,0001611593-16-000618,2016-12-01,A,108.664,14.23,63046.528,I,derivative,Phantom Stock (unitized),Common Stock,32.0,,
732712,2016-12-14,VZ,WALDEN MARNI M,,0001611593-16-000622,2016-12-12,F,34735.0,51.76,44050.0,D,non_derivative,Common Stock,,,,
732712,2016-12-14,VZ,WALDEN MARNI M,,0001611593-16-000622,2016-12-12,M,66990.0,,0.0,D,derivative,Chairman's Restricted Stock Units - 2012-16 Award Cycle,Common Stock,66990.0,,2016-12-12
732712,2016-12-14,VZ,WALDEN MARNI M,,0001611593-16-000622,2016-12-12,M,66990.0,,78785.0,D,non_derivative,Common Stock,,,,
732712,2016-12-19,VZ,Gurnani Roger,,0001611593-16-000624,2016-12-15,A,67.923,14.78,33476.882,I,derivative,Phantom Stock (unitized),Common Stock,19.0,,
732712,2016-12-19,VZ,McAdam Lowell C,,0001611593-16-000625,2016-12-15,A,208.453,14.78,326457.312,I,derivative,Phantom Stock (unitized),Common Stock,59.0,,
732712,2016-12-19,VZ,REED MARC C,,0001611593-16-000626,2016-12-15,A,83.538,14.78,59886.816,I,derivative,Phantom Stock (unitized),Common Stock,24.0,,
732712,2016-12-19,VZ,Scotti Diego,,0001611593-16-000627,2016-12-15,A,44.501,14.78,7600.884,I,derivative,Phantom Stock (unitized),Common Stock,13.0,,
732712,2016-12-19,VZ,Stratton John G,,0001611593-16-000630,2016-12-15,A,99.152,14.78,115839.695,I,derivative,Phantom Stock (unitized),Common Stock,28.0,,
732712,2016-12-19,VZ,Skiadas Anthony T,,0001611593-16-000629,2016-12-15,A,28.887,14.78,45955.185,I,derivative,Phantom Stock (unitized),Common Stock,8.0,,
732712,2016-12-19,VZ,WALDEN MARNI M,,0001611593-16-000631,2016-12-15,A,99.152,14.78,193825.645,I,derivative,Phantom Stock (unitized),Common Stock,28.0,,
732712,2016-12-19,VZ,SILLIMAN CRAIG L.,,0001611593-16-000628,2016-12-15,A,104.618,14.78,63151.146,I,derivative,Phantom Stock (unitized),Common Stock,30.0,,
732712,2017-01-03,VZ,SILLIMAN CRAIG L.,,0001611593-17-000005,2016-12-29,A,100.886,15.33,63252.032,I,derivative,Phantom Stock (unitized),Common Stock,28.0,,
732712,2017-01-03,VZ,McAdam Lowell C,,0001611593-17-000009,2016-12-29,A,201.02,15.33,326658.332,I,derivative,Phantom Stock (unitized),Common Stock,57.0,,
732712,2017-01-03,VZ,Stratton John G,,0001611593-17-000007,2016-12-29,A,95.616,15.33,115935.311,I,derivative,Phantom Stock (unitized),Common Stock,27.0,,
732712,2017-01-03,VZ,Skiadas Anthony T,,0001611593-17-000006,2016-12-29,A,27.857,15.33,45983.042,I,derivative,Phantom Stock (unitized),Common Stock,8.0,,
732712,2017-01-03,VZ,McAdam Lowell C,,0001611593-17-000009,2016-12-16,G,325.0,0.0,641856.0,D,non_derivative,Common Stock,,,,
732712,2017-01-03,VZ,WALDEN MARNI M,,0001611593-17-000008,2016-12-29,A,95.616,15.33,193921.261,I,derivative,Phantom Stock (unitized),Common Stock,27.0,,
732712,2017-01-03,VZ,Scotti Diego,,0001611593-17-000004,2016-12-29,A,42.914,15.33,7643.798,I,derivative,Phantom Stock (unitized),Common Stock,12.0,,
732712,2017-01-03,VZ,Gurnani Roger,,0001611593-17-000002,2016-12-29,A,65.501,15.33,33542.383,I,derivative,Phantom Stock (unitized),Common Stock,19.0,,
732712,2017-01-03,VZ,Ellis Matthew D.,,0001611593-17-000001,2016-12-29,A,65.501,15.33,8242.091,I,derivative,Phantom Stock (unitized),Common Stock,19.0,,
732712,2017-01-03,VZ,REED MARC C,,0001611593-17-000003,2016-12-29,A,80.559,15.33,59967.375,I,derivative,Phantom Stock (unitized),Common Stock,23.0,,
732712,2017-01-17,VZ,Stratton John G,,0001611593-17-000017,2017-01-12,A,96.755,15.03,116032.066,I,derivative,Phantom Stock (unitized),Common Stock,28.0,,
732712,2017-01-17,VZ,Gurnani Roger,,0001611593-17-000011,2017-01-12,A,66.039,15.03,33608.422,I,derivative,Phantom Stock (unitized),Common Stock,19.0,,
732712,2017-01-17,VZ,McAdam Lowell C,,0001611593-17-000012,2017-01-12,A,204.26,15.03,326862.592,I,derivative,Phantom Stock (unitized),Common Stock,58.0,,
732712,2017-01-17,VZ,REED MARC C,,0001611593-17-000013,2017-01-12,A,81.397,15.03,60048.772,I,derivative,Phantom Stock (unitized),Common Stock,23.0,,
732712,2017-01-17,VZ,Ellis Matthew D.,,0001611593-17-000010,2017-01-12,A,66.039,15.03,8308.13,I,derivative,Phantom Stock (unitized),Common Stock,19.0,,
732712,2017-01-17,VZ,SILLIMAN CRAIG L.,,0001611593-17-000015,2017-01-12,A,101.362,15.03,63353.394,I,derivative,Phantom Stock (unitized),Common Stock,28.0,,
732712,2017-01-17,VZ,Skiadas Anthony T,,0001611593-17-000016,2017-01-12,A,27.644,15.03,46010.686,I,derivative,Phantom Stock (unitized),Common Stock,8.0,,
732712,2017-01-17,VZ,WALDEN MARNI M,,0001611593-17-000018,2017-01-12,A,96.755,15.03,194018.016,I,derivative,Phantom Stock (unitized),Common Stock,28.0,,
732712,2017-01-17,VZ,Scotti Diego,,0001611593-17-000019,2017-01-12,A,43.002,15.03,7686.8,I,derivative,Phantom Stock (unitized),Common Stock,12.0,,
732712,2017-01-17,VZ,REED MARC C,,0001611593-17-000014,2017-01-12,A,81.397,15.03,60048.772,I,derivative,Phantom Stock (unitized),Common Stock,23.0,,
732712,2017-01-30,VZ,Scotti Diego,,0001611593-17-000024,2017-01-26,A,46.098,14.02,7732.898,I,derivative,Phantom Stock (unitized),Common Stock,13.0,,
732712,2017-01-30,VZ,SILLIMAN CRAIG L.,,0001611593-17-000025,2017-01-26,A,108.66,14.02,63462.054,I,derivative,Phantom Stock (unitized),Common Stock,32.0,,
732712,2017-01-30,VZ,McAdam Lowell C,,0001611593-17-000022,2017-01-26,A,218.967,14.02,327081.559,I,derivative,Phantom Stock (unitized),Common Stock,62.0,,
732712,2017-01-30,VZ,WALDEN MARNI M,,0001611593-17-000028,2017-01-26,A,103.722,14.02,194121.738,I,derivative,Phantom Stock (unitized),Common Stock,30.0,,
732712,2017-01-30,VZ,Ellis Matthew D.,,0001611593-17-000020,2017-01-26,A,70.794,14.02,8378.924,I,derivative,Phantom Stock (unitized),Common Stock,20.0,,
732712,2017-01-30,VZ,Gurnani Roger,,0001611593-17-000021,2017-01-26,A,70.794,14.02,33679.216,I,derivative,Phantom Stock (unitized),Common Stock,20.0,,
732712,2017-01-30,VZ,REED MARC C,,0001611593-17-000023,2017-01-26,A,87.258,14.02,60136.03,I,derivative,Phantom Stock (unitized),Common Stock,25.0,,
732712,2017-01-30,VZ,Skiadas Anthony T,,0001611593-17-000026,2017-01-26,A,29.634,14.02,46040.32,I,derivative,Phantom Stock (unitized),Common Stock,8.0,,
732712,2017-01-30,VZ,Stratton John G,,0001611593-17-000027,2017-01-26,A,103.722,14.02,116135.788,I,derivative,Phantom Stock (unitized),Common Stock,30.0,,
732712,2017-02-07,VZ,Ellis Matthew D.,,0001611593-17-000029,2017-02-03,F,4328.0,48.58,13385.0,D,non_derivative,Common Stock,,,,
732712,2017-02-07,VZ,Ellis Matthew D.,,0001611593-17-000029,2017-02-03,M,11445.0,,17713.0,D,non_derivative,Common Stock,,,,
732712,2017-02-07,VZ,Skiadas Anthony T,,0001611593-17-000030,2017-02-03,M,11445.0,,0.0,D,derivative,Special Restricted Stock Units - 2014-2017 Award Cycle,Common Stock,11445.0,,2017-02-03
732712,2017-02-07,VZ,Skiadas Anthony T,,0001611593-17-000030,2017-02-03,M,11445.0,,27503.0,D,non_derivative,Common Stock,,,,
732712,2017-02-07,VZ,Ellis Matthew D.,,0001611593-17-000029,2017-02-03,M,11445.0,,0.0,D,derivative,Chairman's Restricted Stock Units - 2014-2017 Award Cycle,Common Stock,11445.0,,2017-02-03
732712,2017-02-07,VZ,Skiadas Anthony T,,0001611593-17-000030,2017-02-03,F,4350.0,48.58,23153.0,D,non_derivative,Common Stock,,,,
732712,2017-02-13,VZ,Stratton John G,,0001611593-17-000038,2017-02-09,A,104.4,13.93,117612.813,I,derivative,Phantom Stock (unitized),Common Stock,30.0,,
732712,2017-02-13,VZ,Skiadas Anthony T,,0001611593-17-000037,2017-02-09,A,29.828,13.93,46614.568,I,derivative,Phantom Stock (unitized),Common Stock,9.0,,
732712,2017-02-13,VZ,WALDEN MARNI M,,0001611593-17-000039,2017-02-09,A,104.4,13.93,196522.083,I,derivative,Phantom Stock (unitized),Common Stock,30.0,,
732712,2017-02-13,VZ,SILLIMAN CRAIG L.,,0001611593-17-000036,2017-02-09,A,109.372,13.93,64320.303,I,derivative,Phantom Stock (unitized),Common Stock,32.0,,
732712,2017-02-13,VZ,Scotti Diego,,0001611593-17-000035,2017-02-09,A,46.4,13.93,7869.798,I,derivative,Phantom Stock (unitized),Common Stock,13.0,,
732712,2017-02-13,VZ,REED MARC C,,0001611593-17-000034,2017-02-09,A,87.829,13.93,60933.848,I,derivative,Phantom Stock (unitized),Common Stock,25.0,,
732712,2017-02-13,VZ,McAdam Lowell C,,0001611593-17-000033,2017-02-09,A,220.4,13.93,331169.454,I,derivative,Phantom Stock (unitized),Common Stock,63.0,,
732712,2017-02-13,VZ,Gurnani Roger,,0001611593-17-000032,2017-02-09,A,71.257,13.93,34147.6,I,derivative,Phantom Stock (unitized),Common Stock,20.0,,
732712,2017-02-13,VZ,Ellis Matthew D.,,0001611593-17-000031,2017-02-09,A,71.257,13.93,8547.764,I,derivative,Phantom Stock (unitized),Common Stock,20.0,,
732712,2017-02-14,VZ,Gurnani Roger,,0001611593-17-000041,2017-02-10,F,15104.0,48.98,64181.0,D,non_derivative,Common Stock,,,,
732712,2017-02-14,VZ,Gurnani Roger,,0001611593-17-000041,2017-02-10,M,29129.0,,79285.0,D,non_derivative,Common Stock,,,,
732712,2017-02-14,VZ,McAdam Lowell C,,0001611593-17-000042,2017-02-10,M,116514.0,,0.0,D,derivative,Restricted Stock Units - 2014-16 Award Cycle,Common Stock,116514.0,,2017-02-10
732712,2017-02-14,VZ,REED MARC C,,0001611593-17-000043,2017-02-10,F,17621.0,48.98,80823.0,D,non_derivative,Common Stock,,,,
732712,2017-02-14,VZ,Ellis Matthew D.,,0001611593-17-000040,2017-02-10,M,10924.0,,0.0,D,derivative,Restricted Stock Units - 2014-2016 Award Cycle,Common Stock,10924.0,,2017-02-10
732712,2017-02-14,VZ,McAdam Lowell C,,0001611593-17-000042,2017-02-10,F,60413.0,48.98,697957.0,D,non_derivative,Common Stock,,,,
732712,2017-02-14,VZ,Scotti Diego,,0001611593-17-000044,2017-02-10,F,13253.0,48.98,11265.0,D,non_derivative,Common Stock,,,,
732712,2017-02-14,VZ,Scotti Diego,,0001611593-17-000044,2017-02-10,M,23681.0,,0.0,D,derivative,Restricted Stock Units - 2014-2016 Award Cycle,Common Stock,23681.0,,2017-02-10
732712,2017-02-14,VZ,REED MARC C,,0001611593-17-000043,2017-02-10,M,33984.0,,0.0,D,derivative,Restricted Stock Units - 2014-16 Award Cycle,Common Stock,33984.0,,2017-02-10
732712,2017-02-14,VZ,McAdam Lowell C,,0001611593-17-000042,2017-02-10,M,116514.0,,758370.0,D,non_derivative,Common Stock,,,,
732712,2017-02-14,VZ,Stratton John G,,0001611593-17-000047,2017-02-10,F,21145.0,48.98,92634.0,D,non_derivative,Common Stock,,,,
732712,2017-02-14,VZ,Stratton John G,,0001611593-17-000047,2017-02-10,M,40780.0,,0.0,D,derivative,Restricted Stock Units - 2014-16 Award Cycle,Common Stock,40780.0,,2017-02-10
732712,2017-02-14,VZ,Ellis Matthew D.,,0001611593-17-000040,2017-02-10,M,9286.0,,22671.0,D,non_derivative,Common Stock,,,,
732712,2017-02-14,VZ,SILLIMAN CRAIG L.,,0001611593-17-000045,2017-02-10,M,11215.0,,16594.0,D,non_derivative,Common Stock,,,,
732712,2017-02-14,VZ,Scotti Diego,,0001611593-17-000044,2017-02-10,M,23681.0,,24518.0,D,non_derivative,Common Stock,,,,
732712,2017-02-14,VZ,WALDEN MARNI M,,0001611593-17-000048,2017-02-10,M,33984.0,,78034.0,D,non_derivative,Common Stock,,,,
732712,2017-02-14,VZ,SILLIMAN CRAIG L.,,0001611593-17-000045,2017-02-10,F,5115.0,48.98,11479.0,D,non_derivative,Common Stock,,,,
732712,2017-02-14,VZ,WALDEN MARNI M,,0001611593-17-000048,2017-02-10,M,33984.0,,0.0,D,derivative,Restricted Stock Units - 2014-16 Award Cycle,Common Stock,33984.0,,2017-02-10
732712,2017-02-14,VZ,Stratton John G,,0001611593-17-000047,2017-02-10,M,40780.0,,113779.0,D,non_derivative,Common Stock,,,,
732712,2017-02-14,VZ,REED MARC C,,0001611593-17-000043,2017-02-10,M,33984.0,,98444.0,D,non_derivative,Common Stock,,,,
732712,2017-02-14,VZ,Gurnani Roger,,0001611593-17-000041,2017-02-10,M,29129.0,,0.0,D,derivative,Restricted Stock Units - 2014-16 Award Cycle,Common Stock,29129.0,,2017-02-10
732712,2017-02-14,VZ,Skiadas Anthony T,,0001611593-17-000046,2017-02-10,M,11215.0,,34368.0,D,non_derivative,Common Stock,,,,
732712,2017-02-14,VZ,WALDEN MARNI M,,0001611593-17-000048,2017-02-10,F,17621.0,48.98,60413.0,D,non_derivative,Common Stock,,,,
732712,2017-02-14,VZ,Skiadas Anthony T,,0001611593-17-000046,2017-02-10,F,5815.0,48.98,28553.0,D,non_derivative,Common Stock,,,,
732712,2017-02-14,VZ,Ellis Matthew D.,,0001611593-17-000040,2017-02-10,F,4815.0,48.98,17856.0,D,non_derivative,Common Stock,,,,
732712,2017-02-14,VZ,Skiadas Anthony T,,0001611593-17-000046,2017-02-10,M,11215.0,,0.0,D,derivative,Restricted Stock Units - 2014-16 Award Cycle,Common Stock,11215.0,,2017-02-10
732712,2017-02-14,VZ,SILLIMAN CRAIG L.,,0001611593-17-000045,2017-02-10,M,11215.0,,0.0,D,derivative,Restricted Stock Units - 2014-2016 Award Cycle,Common Stock,11215.0,,2017-02-10
732712,2017-02-16,VZ,Skiadas Anthony T,,0001611593-17-000050,2017-02-14,S,12495.0,48.27,16058.0,D,non_derivative,Common Stock,,,,
732712,2017-02-27,VZ,McAdam Lowell C,,0001611593-17-000053,2017-02-23,A,13592.661,14.35,344762.115,I,derivative,Phantom Stock (unitized),Common Stock,3877.0,,
732712,2017-02-27,VZ,Stratton John G,,0001611593-17-000058,2017-02-23,A,4616.649,14.35,122229.462,I,derivative,Phantom Stock (unitized),Common Stock,1317.0,,
732712,2017-02-27,VZ,Scotti Diego,,0001611593-17-000055,2017-02-23,A,2804.401,14.35,10674.199,I,derivative,Phantom Stock (unitized),Common Stock,800.0,,
732712,2017-02-27,VZ,REED MARC C,,0001611593-17-000054,2017-02-23,A,4098.864,14.35,65032.712,I,derivative,Phantom Stock (unitized),Common Stock,1169.0,,
732712,2017-02-27,VZ,SILLIMAN CRAIG L.,,0001611593-17-000056,2017-02-23,A,6126.588,14.35,70446.891,I,derivative,Phantom Stock (unitized),Common Stock,1748.0,,
732712,2017-02-27,VZ,Gurnani Roger,,0001611593-17-000052,2017-02-23,S,447.0,50.292,63734.0,D,non_derivative,Common Stock,,,,
732712,2017-02-27,VZ,Gurnani Roger,,0001611593-17-000052,2017-02-23,A,3581.078,14.35,37728.678,I,derivative,Phantom Stock (unitized),Common Stock,1022.0,,
732712,2017-02-27,VZ,Ellis Matthew D.,,0001611593-17-000051,2017-02-23,A,1783.303,14.35,10331.067,I,derivative,Phantom Stock (unitized),Common Stock,509.0,,
732712,2017-02-27,VZ,Skiadas Anthony T,,0001611593-17-000057,2017-02-23,A,1383.547,14.35,47998.115,I,derivative,Phantom Stock (unitized),Common Stock,395.0,,
732712,2017-02-27,VZ,WALDEN MARNI M,,0001611593-17-000059,2017-02-23,A,4616.649,14.35,201138.732,I,derivative,Phantom Stock (unitized),Common Stock,1317.0,,
732712,2017-03-01,VZ,SILLIMAN CRAIG L.,,0001611593-17-000060,2017-02-27,S,610.0,50.49,10869.0,D,non_derivative,Common Stock,,,,
732712,2017-03-01,VZ,WALDEN MARNI M,,0001611593-17-000061,2017-02-27,S,32254.0,49.92,28159.0,D,non_derivative,Common Stock,,,,
732712,2017-03-07,VZ,Keeth Martha Frances,,0001611593-17-000067,2017-03-03,A,3494.0,0.0,58014.0,I,derivative,Phantom Stock,Common Stock,3494.0,,
732712,2017-03-07,VZ,Healey Melanie,,0001611593-17-000066,2017-03-03,A,3494.0,0.0,26307.0,I,derivative,Phantom Stock,Common Stock,3494.0,,
732712,2017-03-07,VZ,Skiadas Anthony T,,0001611593-17-000080,2017-03-03,A,11140.0,0.0,11140.0,D,derivative,Restricted Stock Units - 2017-2020 Award Cycle,Common Stock,11140.0,,
732712,2017-03-07,VZ,WALDEN MARNI M,,0001611593-17-000082,2017-03-03,A,37932.0,0.0,37932.0,D,derivative,Restricted Stock Units - 2017-2020 Award Cycle,Common Stock,37932.0,,
732712,2017-03-07,VZ,SILLIMAN CRAIG L.,,0001611593-17-000079,2017-03-03,A,27950.0,0.0,27950.0,D,derivative,Restricted Stock Units - 2017-2020 Award Cycle,Common Stock,27950.0,,
732712,2017-03-07,VZ,Bertolini Mark T,,0001611593-17-000064,2017-03-03,A,3494.0,0.0,12925.0,I,derivative,Phantom Stock,Common Stock,3494.0,,
732712,2017-03-07,VZ,Ellis Matthew D.,,0001611593-17-000074,2017-03-03,A,29947.0,0.0,29947.0,D,derivative,Restricted Stock Units - 2017-2020 Award Cycle,Common Stock,29947.0,,
732712,2017-03-07,VZ,Stratton John G,,0001611593-17-000081,2017-03-03,A,39829.0,0.0,39829.0,D,derivative,Restricted Stock Units - 2017-2020 Award Cycle,Common Stock,39829.0,,
732712,2017-03-07,VZ,McAdam Lowell C,,0001611593-17-000076,2017-03-03,A,95828.0,0.0,95828.0,D,derivative,Restricted Stock Units - 2017-2020 Award Cycle,Common Stock,95828.0,,
732712,2017-03-07,VZ,Weaver Gregory G.,,0001611593-17-000073,2017-03-03,A,3494.0,0.0,10905.0,I,derivative,Phantom Stock,Common Stock,3494.0,,
732712,2017-03-07,VZ,SLATER RODNEY E,,0001611593-17-000070,2017-03-03,A,3494.0,0.0,36868.0,I,derivative,Phantom Stock,Common Stock,3494.0,,
732712,2017-03-07,VZ,CARRION RICHARD L,,0001611593-17-000065,2017-03-03,A,3494.0,0.0,114477.0,I,derivative,Phantom Stock,Common Stock,3494.0,,
732712,2017-03-07,VZ,Gurnani Roger,,0001611593-17-000075,2017-03-03,A,29947.0,0.0,29947.0,D,derivative,Restricted Stock Units - 2017-2020 Award Cycle,Common Stock,29947.0,,
732712,2017-03-07,VZ,Kley Karl-Ludwig,,0001611593-17-000068,2017-03-03,A,3494.0,0.0,10269.0,I,derivative,Phantom Stock,Common Stock,3494.0,,
732712,2017-03-07,VZ,Tesija Kathryn A,,0001611593-17-000071,2017-03-03,A,3494.0,0.0,21258.0,I,derivative,Phantom Stock,Common Stock,3494.0,,
732712,2017-03-07,VZ,OTIS CLARENCE JR,,0001611593-17-000069,2017-03-03,A,3494.0,0.0,65649.0,I,derivative,Phantom Stock,Common Stock,3494.0,,
732712,2017-03-07,VZ,ARCHAMBEAU SHELLYE L,,0001611593-17-000063,2017-03-03,A,3494.0,0.0,17331.0,I,derivative,Phantom Stock,Common Stock,3494.0,,
732712,2017-03-07,VZ,REED MARC C,,0001611593-17-000077,2017-03-03,A,31943.0,0.0,31943.0,D,derivative,Restricted Stock Units - 2017-2020 Award Cycle,Common Stock,31943.0,,
732712,2017-03-07,VZ,WASSON GREGORY D,,0001611593-17-000072,2017-03-03,A,3494.0,0.0,20338.0,I,derivative,Phantom Stock,Common Stock,3494.0,,
732712,2017-03-07,VZ,Scotti Diego,,0001611593-17-000078,2017-03-03,A,22959.0,0.0,22959.0,D,derivative,Restricted Stock Units - 2017-2020 Award Cycle,Common Stock,22959.0,,
732712,2017-03-13,VZ,Ellis Matthew D.,,0001611593-17-000083,2017-03-09,A,78.79,14.06,10409.857,I,derivative,Phantom Stock (unitized),Common Stock,22.0,,
732712,2017-03-13,VZ,WALDEN MARNI M,,0001611593-17-000091,2017-03-09,A,111.619,14.06,201250.351,I,derivative,Phantom Stock (unitized),Common Stock,32.0,,
732712,2017-03-13,VZ,Scotti Diego,,0001611593-17-000087,2017-03-09,A,50.065,14.06,10724.264,I,derivative,Phantom Stock (unitized),Common Stock,14.0,,
732712,2017-03-13,VZ,McAdam Lowell C,,0001611593-17-000085,2017-03-09,A,218.313,14.06,344980.428,I,derivative,Phantom Stock (unitized),Common Stock,62.0,,
732712,2017-03-13,VZ,Gurnani Roger,,0001611593-17-000084,2017-03-09,A,78.79,14.06,37807.468,I,derivative,Phantom Stock (unitized),Common Stock,22.0,,
732712,2017-03-13,VZ,SILLIMAN CRAIG L.,,0001611593-17-000088,2017-03-09,A,141.166,14.06,70588.057,I,derivative,Phantom Stock (unitized),Common Stock,40.0,,
732712,2017-03-13,VZ,Skiadas Anthony T,,0001611593-17-000089,2017-03-09,A,32.008,14.06,48030.123,I,derivative,Phantom Stock (unitized),Common Stock,9.0,,
732712,2017-03-13,VZ,REED MARC C,,0001611593-17-000086,2017-03-09,A,86.997,14.06,65119.709,I,derivative,Phantom Stock (unitized),Common Stock,25.0,,
732712,2017-03-13,VZ,Stratton John G,,0001611593-17-000090,2017-03-09,A,111.619,14.06,122341.081,I,derivative,Phantom Stock (unitized),Common Stock,32.0,,
732712,2017-03-27,VZ,Ellis Matthew D.,,0001611593-17-000092,2017-03-23,A,78.222,14.16,10488.079,I,derivative,Phantom Stock (unitized),Common Stock,22.0,,
732712,2017-03-27,VZ,WALDEN MARNI M,,0001611593-17-000100,2017-03-23,A,110.815,14.16,201361.166,I,derivative,Phantom Stock (unitized),Common Stock,32.0,,
732712,2017-03-27,VZ,Stratton John G,,0001611593-17-000099,2017-03-23,A,110.815,14.16,122451.896,I,derivative,Phantom Stock (unitized),Common Stock,32.0,,
732712,2017-03-27,VZ,Skiadas Anthony T,,0001611593-17-000098,2017-03-23,A,31.778,14.16,48061.901,I,derivative,Phantom Stock (unitized),Common Stock,9.0,,
732712,2017-03-27,VZ,SILLIMAN CRAIG L.,,0001611593-17-000097,2017-03-23,A,140.148,14.16,70728.205,I,derivative,Phantom Stock (unitized),Common Stock,40.0,,
732712,2017-03-27,VZ,Scotti Diego,,0001611593-17-000096,2017-03-23,A,49.704,14.16,10773.968,I,derivative,Phantom Stock (unitized),Common Stock,14.0,,
732712,2017-03-27,VZ,REED MARC C,,0001611593-17-000095,2017-03-23,A,86.371,14.16,65206.08,I,derivative,Phantom Stock (unitized),Common Stock,25.0,,
732712,2017-03-27,VZ,McAdam Lowell C,,0001611593-17-000094,2017-03-23,A,216.741,14.16,345197.169,I,derivative,Phantom Stock (unitized),Common Stock,62.0,,
732712,2017-03-27,VZ,Gurnani Roger,,0001611593-17-000093,2017-03-23,A,78.222,14.16,37885.69,I,derivative,Phantom Stock (unitized),Common Stock,22.0,,
732712,2017-03-29,VZ,SILLIMAN CRAIG L.,,0001611593-17-000101,2017-03-27,S,610.0,49.66,10259.0,D,non_derivative,Common Stock,,,,
732712,2017-03-30,VZ,WALDEN MARNI M,,0001611593-17-000110,2017-03-28,A,1381.959,14.06,202743.125,I,derivative,Phantom Stock (unitized),Common Stock,394.0,,
732712,2017-03-30,VZ,Ellis Matthew D.,,0001611593-17-000102,2017-03-28,A,430.846,14.06,10918.925,I,derivative,Phantom Stock (unitized),Common Stock,123.0,,
732712,2017-03-30,VZ,Stratton John G,,0001611593-17-000109,2017-03-28,A,1381.959,14.06,123833.855,I,derivative,Phantom Stock (unitized),Common Stock,394.0,,
732712,2017-03-30,VZ,Skiadas Anthony T,,0001611593-17-000108,2017-03-28,A,414.362,14.06,48476.263,I,derivative,Phantom Stock (unitized),Common Stock,118.0,,
732712,2017-03-30,VZ,SILLIMAN CRAIG L.,,0001611593-17-000107,2017-03-28,A,760.508,14.06,71488.713,I,derivative,Phantom Stock (unitized),Common Stock,217.0,,
732712,2017-03-30,VZ,Scotti Diego,,0001611593-17-000106,2017-03-28,A,936.483,14.06,11710.451,I,derivative,Phantom Stock (unitized),Common Stock,267.0,,
732712,2017-03-30,VZ,REED MARC C,,0001611593-17-000105,2017-03-28,A,1174.808,14.06,66380.888,I,derivative,Phantom Stock (unitized),Common Stock,335.0,,
732712,2017-03-30,VZ,McAdam Lowell C,,0001611593-17-000104,2017-03-28,A,3793.244,14.06,348990.413,I,derivative,Phantom Stock (unitized),Common Stock,1082.0,,
732712,2017-03-30,VZ,Gurnani Roger,,0001611593-17-000103,2017-03-28,A,997.056,14.06,38882.746,I,derivative,Phantom Stock (unitized),Common Stock,284.0,,
732712,2017-04-05,VZ,Vestberg Hans Erik,,0001611593-17-000112,2017-04-03,A,36601.0,0.0,36601.0,D,derivative,Restricted Stock Units - 2017 - 2020 Award Cycle,Common Stock,36601.0,,
732712,2017-04-10,VZ,McAdam Lowell C,,0001611593-17-000114,2017-04-06,A,222.12,13.82,349212.533,I,derivative,Phantom Stock (unitized),Common Stock,63.0,,
732712,2017-04-10,VZ,SILLIMAN CRAIG L.,,0001611593-17-000116,2017-04-06,A,143.626,13.82,71632.339,I,derivative,Phantom Stock (unitized),Common Stock,40.0,,
732712,2017-04-10,VZ,REED MARC C,,0001611593-17-000115,2017-04-06,A,88.514,13.82,66469.402,I,derivative,Phantom Stock (unitized),Common Stock,25.0,,
732712,2017-04-10,VZ,Skiadas Anthony T,,0001611593-17-000117,2017-04-06,A,32.566,13.82,48508.829,I,derivative,Phantom Stock (unitized),Common Stock,9.0,,
732712,2017-04-10,VZ,Ellis Matthew D.,,0001611593-17-000113,2017-04-06,A,80.163,13.82,10999.088,I,derivative,Phantom Stock (unitized),Common Stock,23.0,,
732712,2017-04-10,VZ,Stratton John G,,0001611593-17-000118,2017-04-06,A,113.565,13.82,123947.42,I,derivative,Phantom Stock (unitized),Common Stock,32.0,,
732712,2017-04-10,VZ,WALDEN MARNI M,,0001611593-17-000119,2017-04-06,A,113.565,13.82,202856.69,I,derivative,Phantom Stock (unitized),Common Stock,32.0,,
732712,2017-04-24,VZ,Ellis Matthew D.,,0001611593-17-000120,2017-04-20,A,80.197,13.81,11079.285,I,derivative,Phantom Stock (unitized),Common Stock,23.0,,
732712,2017-04-24,VZ,McAdam Lowell C,,0001611593-17-000121,2017-04-20,A,222.214,13.81,349434.747,I,derivative,Phantom Stock (unitized),Common Stock,63.0,,
732712,2017-04-24,VZ,REED MARC C,,0001611593-17-000122,2017-04-20,A,88.552,13.81,66557.954,I,derivative,Phantom Stock (unitized),Common Stock,25.0,,
732712,2017-04-24,VZ,WALDEN MARNI M,,0001611593-17-000126,2017-04-20,A,113.613,13.81,202970.303,I,derivative,Phantom Stock (unitized),Common Stock,32.0,,
732712,2017-04-24,VZ,Stratton John G,,0001611593-17-000125,2017-04-20,A,113.613,13.81,124061.033,I,derivative,Phantom Stock (unitized),Common Stock,32.0,,
732712,2017-04-24,VZ,SILLIMAN CRAIG L.,,0001611593-17-000123,2017-04-20,A,143.688,13.81,71776.027,I,derivative,Phantom Stock (unitized),Common Stock,40.0,,
732712,2017-04-24,VZ,Skiadas Anthony T,,0001611593-17-000124,2017-04-20,A,32.58,13.81,48541.409,I,derivative,Phantom Stock (unitized),Common Stock,9.0,,
732712,2017-05-01,VZ,SILLIMAN CRAIG L.,,0001611593-17-000127,2017-04-27,S,610.0,47.36,9649.0,D,non_derivative,Common Stock,,,,
732712,2017-05-03,VZ,WALDEN MARNI M,,0001611593-17-000128,2017-05-01,S,16362.0,46.08,11797.0,D,non_derivative,Common Stock,,,,
732712,2017-05-08,VZ,SILLIMAN CRAIG L.,,0001611593-17-000132,2017-05-04,A,151.612,13.09,72821.486,I,derivative,Phantom Stock (unitized),Common Stock,44.0,,
732712,2017-05-08,VZ,Skiadas Anthony T,,0001611593-17-000133,2017-05-04,A,34.377,13.09,49181.902,I,derivative,Phantom Stock (unitized),Common Stock,10.0,,
732712,2017-05-08,VZ,Ellis Matthew D.,,0001611593-17-000129,2017-05-04,A,84.62,13.09,11300.428,I,derivative,Phantom Stock (unitized),Common Stock,24.0,,
732712,2017-05-08,VZ,Stratton John G,,0001611593-17-000134,2017-05-04,A,119.878,13.09,125729.249,I,derivative,Phantom Stock (unitized),Common Stock,34.0,,
732712,2017-05-08,VZ,Vestberg Hans Erik,,0001611593-17-000135,2017-05-04,A,65388.0,0.0,65388.0,D,derivative,Special Restricted Stock Units - 2017 - 2020 Award Cycle,Common Stock,65388.0,,
732712,2017-05-08,VZ,McAdam Lowell C,,0001611593-17-000130,2017-05-04,A,234.468,13.09,354032.762,I,derivative,Phantom Stock (unitized),Common Stock,67.0,,
732712,2017-05-08,VZ,WALDEN MARNI M,,0001611593-17-000136,2017-05-04,A,119.878,13.09,205625.148,I,derivative,Phantom Stock (unitized),Common Stock,34.0,,
732712,2017-05-08,VZ,REED MARC C,,0001611593-17-000131,2017-05-04,A,93.435,13.09,67481.373,I,derivative,Phantom Stock (unitized),Common Stock,27.0,,
732712,2017-05-22,VZ,Stratton John G,,0001611593-17-000142,2017-05-18,A,122.106,12.85,125851.355,I,derivative,Phantom Stock (unitized),Common Stock,35.0,,
732712,2017-05-22,VZ,Skiadas Anthony T,,0001611593-17-000141,2017-05-18,A,35.016,12.85,49216.918,I,derivative,Phantom Stock (unitized),Common Stock,10.0,,
732712,2017-05-22,VZ,Ellis Matthew D.,,0001611593-17-000137,2017-05-18,A,86.193,12.85,11386.621,I,derivative,Phantom Stock (unitized),Common Stock,25.0,,
732712,2017-05-22,VZ,SILLIMAN CRAIG L.,,0001611593-17-000140,2017-05-18,A,154.43,12.85,72975.916,I,derivative,Phantom Stock (unitized),Common Stock,44.0,,
732712,2017-05-22,VZ,WALDEN MARNI M,,0001611593-17-000143,2017-05-18,A,122.106,12.85,205747.254,I,derivative,Phantom Stock (unitized),Common Stock,35.0,,
732712,2017-05-22,VZ,McAdam Lowell C,,0001611593-17-000138,2017-05-18,A,238.826,12.85,354271.588,I,derivative,Phantom Stock (unitized),Common Stock,68.0,,
732712,2017-05-22,VZ,REED MARC C,,0001611593-17-000139,2017-05-18,A,95.171,12.85,67576.544,I,derivative,Phantom Stock (unitized),Common Stock,27.0,,
732712,2017-06-01,VZ,SILLIMAN CRAIG L.,,0001611593-17-000144,2017-05-30,S,610.0,45.34,9039.0,D,non_derivative,Common Stock,,,,
732712,2017-06-05,VZ,McAdam Lowell C,,0001611593-17-000146,2017-06-01,A,231.324,13.27,354502.912,I,derivative,Phantom Stock (unitized),Common Stock,66.0,,
732712,2017-06-05,VZ,Stratton John G,,0001611593-17-000150,2017-06-01,A,118.271,13.27,125969.626,I,derivative,Phantom Stock (unitized),Common Stock,34.0,,
732712,2017-06-05,VZ,WALDEN MARNI M,,0001611593-17-000151,2017-06-01,A,118.271,13.27,205865.525,I,derivative,Phantom Stock (unitized),Common Stock,34.0,,
732712,2017-06-05,VZ,SILLIMAN CRAIG L.,,0001611593-17-000148,2017-06-01,A,149.578,13.27,73125.494,I,derivative,Phantom Stock (unitized),Common Stock,42.0,,
732712,2017-06-05,VZ,Skiadas Anthony T,,0001611593-17-000149,2017-06-01,A,33.916,13.27,49250.834,I,derivative,Phantom Stock (unitized),Common Stock,10.0,,
732712,2017-06-05,VZ,REED MARC C,,0001611593-17-000147,2017-06-01,A,92.182,13.27,67668.726,I,derivative,Phantom Stock (unitized),Common Stock,26.0,,
732712,2017-06-05,VZ,Ellis Matthew D.,,0001611593-17-000145,2017-06-01,A,83.485,13.27,11470.106,I,derivative,Phantom Stock (unitized),Common Stock,24.0,,
732712,2017-06-19,VZ,McAdam Lowell C,,0001611593-17-000153,2017-06-15,A,230.68,13.31,354733.592,I,derivative,Phantom Stock (unitized),Common Stock,66.0,,
732712,2017-06-19,VZ,Stratton John G,,0001611593-17-000157,2017-06-15,A,117.942,13.31,126087.568,I,derivative,Phantom Stock (unitized),Common Stock,34.0,,
732712,2017-06-19,VZ,REED MARC C,,0001611593-17-000154,2017-06-15,A,91.925,13.31,67760.651,I,derivative,Phantom Stock (unitized),Common Stock,26.0,,
732712,2017-06-19,VZ,SILLIMAN CRAIG L.,,0001611593-17-000155,2017-06-15,A,149.162,13.31,73274.656,I,derivative,Phantom Stock (unitized),Common Stock,42.0,,
732712,2017-06-19,VZ,Skiadas Anthony T,,0001611593-17-000156,2017-06-15,A,33.821,13.31,49284.655,I,derivative,Phantom Stock (unitized),Common Stock,10.0,,
732712,2017-06-19,VZ,Ellis Matthew D.,,0001611593-17-000152,2017-06-15,A,83.253,13.31,11553.359,I,derivative,Phantom Stock (unitized),Common Stock,24.0,,
732712,2017-06-19,VZ,WALDEN MARNI M,,0001611593-17-000158,2017-06-15,A,117.942,13.31,205983.467,I,derivative,Phantom Stock (unitized),Common Stock,34.0,,
732712,2017-06-29,VZ,SILLIMAN CRAIG L.,,0001611593-17-000159,2017-06-27,S,610.0,45.0,8429.0,D,non_derivative,Common Stock,,,,
732712,2017-07-03,VZ,McAdam Lowell C,,0001611593-17-000161,2017-06-29,A,242.188,12.67,354975.78,I,derivative,Phantom Stock (unitized),Common Stock,69.0,,
732712,2017-07-03,VZ,SILLIMAN CRAIG L.,,0001611593-17-000163,2017-06-29,A,156.604,12.67,73431.26,I,derivative,Phantom Stock (unitized),Common Stock,44.0,,
732712,2017-07-03,VZ,Stratton John G,,0001611593-17-000165,2017-06-29,A,123.826,12.67,126211.394,I,derivative,Phantom Stock (unitized),Common Stock,35.0,,
732712,2017-07-03,VZ,WALDEN MARNI M,,0001611593-17-000166,2017-06-29,A,123.826,12.67,206107.293,I,derivative,Phantom Stock (unitized),Common Stock,35.0,,
732712,2017-07-03,VZ,Ellis Matthew D.,,0001611593-17-000160,2017-06-29,A,87.406,12.67,11640.765,I,derivative,Phantom Stock (unitized),Common Stock,25.0,,
732712,2017-07-03,VZ,Skiadas Anthony T,,0001611593-17-000164,2017-06-29,A,35.509,12.67,49320.164,I,derivative,Phantom Stock (unitized),Common Stock,10.0,,
732712,2017-07-03,VZ,REED MARC C,,0001611593-17-000162,2017-06-29,A,96.511,12.67,67857.162,I,derivative,Phantom Stock (unitized),Common Stock,28.0,,
732712,2017-07-17,VZ,Skiadas Anthony T,,0001611593-17-000171,2017-07-13,A,36.255,12.41,49356.419,I,derivative,Phantom Stock (unitized),Common Stock,10.0,,
732712,2017-07-17,VZ,Stratton John G,,0001611593-17-000172,2017-07-13,A,126.426,12.41,126337.82,I,derivative,Phantom Stock (unitized),Common Stock,36.0,,
732712,2017-07-17,VZ,SILLIMAN CRAIG L.,,0001611593-17-000170,2017-07-13,A,159.892,12.41,73591.152,I,derivative,Phantom Stock (unitized),Common Stock,46.0,,
732712,2017-07-17,VZ,REED MARC C,,0001611593-17-000169,2017-07-13,A,98.539,12.41,67955.701,I,derivative,Phantom Stock (unitized),Common Stock,28.0,,
732712,2017-07-17,VZ,Ellis Matthew D.,,0001611593-17-000167,2017-07-13,A,89.242,12.41,11730.007,I,derivative,Phantom Stock (unitized),Common Stock,25.0,,
732712,2017-07-17,VZ,WALDEN MARNI M,,0001611593-17-000173,2017-07-13,A,126.426,12.41,206233.719,I,derivative,Phantom Stock (unitized),Common Stock,36.0,,
732712,2017-07-17,VZ,McAdam Lowell C,,0001611593-17-000168,2017-07-13,A,247.275,12.41,355223.055,I,derivative,Phantom Stock (unitized),Common Stock,71.0,,
732712,2017-07-31,VZ,Ellis Matthew D.,,0001611593-17-000174,2017-07-27,A,81.216,13.64,11811.223,I,derivative,Phantom Stock (unitized),Common Stock,23.0,,
732712,2017-07-31,VZ,WALDEN MARNI M,,0001611593-17-000180,2017-07-27,A,115.056,13.64,206348.775,I,derivative,Phantom Stock (unitized),Common Stock,33.0,,
732712,2017-07-31,VZ,Stratton John G,,0001611593-17-000179,2017-07-27,A,115.056,13.64,126452.876,I,derivative,Phantom Stock (unitized),Common Stock,33.0,,
732712,2017-07-31,VZ,Skiadas Anthony T,,0001611593-17-000178,2017-07-27,A,32.994,13.64,49389.413,I,derivative,Phantom Stock (unitized),Common Stock,9.0,,
732712,2017-07-31,VZ,SILLIMAN CRAIG L.,,0001611593-17-000177,2017-07-27,A,145.512,13.64,73736.664,I,derivative,Phantom Stock (unitized),Common Stock,42.0,,
732712,2017-07-31,VZ,REED MARC C,,0001611593-17-000176,2017-07-27,A,89.676,13.64,68045.377,I,derivative,Phantom Stock (unitized),Common Stock,26.0,,
732712,2017-07-31,VZ,McAdam Lowell C,,0001611593-17-000175,2017-07-27,A,225.036,13.64,355448.091,I,derivative,Phantom Stock (unitized),Common Stock,64.0,,
732712,2017-08-01,VZ,SILLIMAN CRAIG L.,,0001611593-17-000182,2017-07-28,S,610.0,47.74,7819.0,D,non_derivative,Common Stock,,,,
732712,2017-08-14,VZ,Stratton John G,,0001611593-17-000188,2017-08-10,A,114.52,13.7,128047.27,I,derivative,Phantom Stock (unitized),Common Stock,33.0,,
732712,2017-08-14,VZ,Ellis Matthew D.,,0001611593-17-000183,2017-08-10,A,80.838,13.7,12028.553,I,derivative,Phantom Stock (unitized),Common Stock,23.0,,
732712,2017-08-14,VZ,WALDEN MARNI M,,0001611593-17-000189,2017-08-10,A,114.52,13.7,208879.979,I,derivative,Phantom Stock (unitized),Common Stock,33.0,,
732712,2017-08-14,VZ,McAdam Lowell C,,0001611593-17-000184,2017-08-10,A,223.988,13.7,359834.3,I,derivative,Phantom Stock (unitized),Common Stock,64.0,,
732712,2017-08-14,VZ,SILLIMAN CRAIG L.,,0001611593-17-000186,2017-08-10,A,144.834,13.7,74742.507,I,derivative,Phantom Stock (unitized),Common Stock,42.0,,
732712,2017-08-14,VZ,Skiadas Anthony T,,0001611593-17-000187,2017-08-10,A,32.84,13.7,50000.55,I,derivative,Phantom Stock (unitized),Common Stock,9.0,,
732712,2017-08-14,VZ,REED MARC C,,0001611593-17-000185,2017-08-10,A,89.259,13.7,68930.286,I,derivative,Phantom Stock (unitized),Common Stock,25.0,,
732712,2017-08-28,VZ,REED MARC C,,0001611593-17-000192,2017-08-24,A,88.728,13.89,69019.014,I,derivative,Phantom Stock (unitized),Common Stock,25.0,,
732712,2017-08-28,VZ,Ellis Matthew D.,,0001611593-17-000190,2017-08-24,A,80.357,13.89,12108.91,I,derivative,Phantom Stock (unitized),Common Stock,23.0,,
732712,2017-08-28,VZ,McAdam Lowell C,,0001611593-17-000191,2017-08-24,A,222.655,13.89,360056.955,I,derivative,Phantom Stock (unitized),Common Stock,64.0,,
732712,2017-08-28,VZ,Skiadas Anthony T,,0001611593-17-000194,2017-08-24,A,32.645,13.89,50033.195,I,derivative,Phantom Stock (unitized),Common Stock,9.0,,
732712,2017-08-28,VZ,SILLIMAN CRAIG L.,,0001611593-17-000193,2017-08-24,A,143.974,13.89,74886.481,I,derivative,Phantom Stock (unitized),Common Stock,42.0,,
732712,2017-08-28,VZ,Stratton John G,,0001611593-17-000195,2017-08-24,A,113.839,13.89,128161.109,I,derivative,Phantom Stock (unitized),Common Stock,32.0,,
732712,2017-08-28,VZ,WALDEN MARNI M,,0001611593-17-000196,2017-08-24,A,113.839,13.89,208993.818,I,derivative,Phantom Stock (unitized),Common Stock,32.0,,
732712,2017-08-30,VZ,SILLIMAN CRAIG L.,,0001611593-17-000197,2017-08-28,S,610.0,48.65,7209.0,D,non_derivative,Common Stock,,,,
732712,2017-09-11,VZ,REED MARC C,,0001611593-17-000200,2017-09-07,A,92.754,13.19,69111.768,I,derivative,Phantom Stock (unitized),Common Stock,26.0,,
732712,2017-09-11,VZ,Ellis Matthew D.,,0001611593-17-000198,2017-09-07,A,84.003,13.19,12192.913,I,derivative,Phantom Stock (unitized),Common Stock,24.0,,
732712,2017-09-11,VZ,McAdam Lowell C,,0001611593-17-000199,2017-09-07,A,232.759,13.19,360289.714,I,derivative,Phantom Stock (unitized),Common Stock,66.0,,
732712,2017-09-11,VZ,SILLIMAN CRAIG L.,,0001611593-17-000201,2017-09-07,A,150.506,13.19,75036.987,I,derivative,Phantom Stock (unitized),Common Stock,42.0,,
732712,2017-09-11,VZ,WALDEN MARNI M,,0001611593-17-000204,2017-09-07,A,119.004,13.19,209112.822,I,derivative,Phantom Stock (unitized),Common Stock,34.0,,
732712,2017-09-11,VZ,Skiadas Anthony T,,0001611593-17-000202,2017-09-07,A,34.126,13.19,50067.321,I,derivative,Phantom Stock (unitized),Common Stock,10.0,,
732712,2017-09-11,VZ,Stratton John G,,0001611593-17-000203,2017-09-07,A,119.004,13.19,128280.113,I,derivative,Phantom Stock (unitized),Common Stock,34.0,,
732712,2017-09-25,VZ,SILLIMAN CRAIG L.,,0001611593-17-000208,2017-09-21,A,142.134,13.96,75179.121,I,derivative,Phantom Stock (unitized),Common Stock,40.0,,
732712,2017-09-25,VZ,Skiadas Anthony T,,0001611593-17-000209,2017-09-21,A,32.228,13.96,50099.549,I,derivative,Phantom Stock (unitized),Common Stock,9.0,,
732712,2017-09-25,VZ,Ellis Matthew D.,,0001611593-17-000205,2017-09-21,A,79.33,13.96,12272.243,I,derivative,Phantom Stock (unitized),Common Stock,23.0,,
732712,2017-09-25,VZ,Stratton John G,,0001611593-17-000210,2017-09-21,A,112.384,13.96,128392.497,I,derivative,Phantom Stock (unitized),Common Stock,32.0,,
732712,2017-09-25,VZ,WALDEN MARNI M,,0001611593-17-000211,2017-09-21,A,112.384,13.96,209225.206,I,derivative,Phantom Stock (unitized),Common Stock,32.0,,
732712,2017-09-25,VZ,REED MARC C,,0001611593-17-000207,2017-09-21,A,87.594,13.96,69199.362,I,derivative,Phantom Stock (unitized),Common Stock,25.0,,
732712,2017-09-25,VZ,McAdam Lowell C,,0001611593-17-000206,2017-09-21,A,219.81,13.96,360509.524,I,derivative,Phantom Stock (unitized),Common Stock,63.0,,
732712,2017-09-29,VZ,SILLIMAN CRAIG L.,,0001611593-17-000212,2017-09-27,S,610.0,49.23,6599.0,D,non_derivative,Common Stock,,,,
732712,2017-10-10,VZ,Ellis Matthew D.,,0001611593-17-000213,2017-10-05,A,78.016,14.2,12350.259,I,derivative,Phantom Stock (unitized),Common Stock,22.0,,
732712,2017-10-10,VZ,McAdam Lowell C,,0001611593-17-000214,2017-10-05,A,216.169,14.2,360725.693,I,derivative,Phantom Stock (unitized),Common Stock,62.0,,
732712,2017-10-10,VZ,Stratton John G,,0001611593-17-000218,2017-10-05,A,110.522,14.2,128503.019,I,derivative,Phantom Stock (unitized),Common Stock,32.0,,
732712,2017-10-10,VZ,SILLIMAN CRAIG L.,,0001611593-17-000216,2017-10-05,A,139.778,14.2,75318.899,I,derivative,Phantom Stock (unitized),Common Stock,40.0,,
732712,2017-10-10,VZ,Skiadas Anthony T,,0001611593-17-000217,2017-10-05,A,31.694,14.2,50131.243,I,derivative,Phantom Stock (unitized),Common Stock,9.0,,
732712,2017-10-10,VZ,WALDEN MARNI M,,0001611593-17-000219,2017-10-05,A,110.522,14.2,209335.728,I,derivative,Phantom Stock (unitized),Common Stock,32.0,,
732712,2017-10-10,VZ,REED MARC C,,0001611593-17-000215,2017-10-05,A,86.143,14.2,69285.505,I,derivative,Phantom Stock (unitized),Common Stock,25.0,,
732712,2017-10-23,VZ,McAdam Lowell C,,0001611593-17-000221,2017-10-19,A,218.609,14.04,360944.302,I,derivative,Phantom Stock (unitized),Common Stock,62.0,,
732712,2017-10-23,VZ,SILLIMAN CRAIG L.,,0001611593-17-000223,2017-10-19,A,141.356,14.04,75460.255,I,derivative,Phantom Stock (unitized),Common Stock,40.0,,
732712,2017-10-23,VZ,Skiadas Anthony T,,0001611593-17-000224,2017-10-19,A,32.052,14.04,50163.295,I,derivative,Phantom Stock (unitized),Common Stock,9.0,,
732712,2017-10-23,VZ,Ellis Matthew D.,,0001611593-17-000220,2017-10-19,A,78.896,14.04,12429.155,I,derivative,Phantom Stock (unitized),Common Stock,23.0,,
732712,2017-10-23,VZ,REED MARC C,,0001611593-17-000222,2017-10-19,A,87.115,14.04,69372.62,I,derivative,Phantom Stock (unitized),Common Stock,25.0,,
732712,2017-10-23,VZ,Stratton John G,,0001611593-17-000225,2017-10-19,A,111.77,14.04,128614.789,I,derivative,Phantom Stock (unitized),Common Stock,32.0,,
732712,2017-10-23,VZ,WALDEN MARNI M,,0001611593-17-000226,2017-10-19,A,111.77,14.04,209447.498,I,derivative,Phantom Stock (unitized),Common Stock,32.0,,
732712,2017-10-31,VZ,SILLIMAN CRAIG L.,,0001611593-17-000227,2017-10-27,S,610.0,48.62,5989.0,D,non_derivative,Common Stock,,,,
732712,2017-11-06,VZ,SILLIMAN CRAIG L.,,0001611593-17-000231,2017-11-02,A,146.556,13.54,76528.689,I,derivative,Phantom Stock (unitized),Common Stock,42.0,,
732712,2017-11-06,VZ,REED MARC C,,0001611593-17-000230,2017-11-02,A,90.32,13.54,70310.972,I,derivative,Phantom Stock (unitized),Common Stock,26.0,,
732712,2017-11-06,VZ,Skiadas Anthony T,,0001611593-17-000232,2017-11-02,A,33.231,13.54,50810.115,I,derivative,Phantom Stock (unitized),Common Stock,9.0,,
732712,2017-11-06,VZ,Stratton John G,,0001611593-17-000233,2017-11-02,A,115.882,13.54,130303.505,I,derivative,Phantom Stock (unitized),Common Stock,33.0,,
732712,2017-11-06,VZ,McAdam Lowell C,,0001611593-17-000229,2017-11-02,A,226.651,13.54,365586.116,I,derivative,Phantom Stock (unitized),Common Stock,65.0,,
732712,2017-11-06,VZ,WALDEN MARNI M,,0001611593-17-000234,2017-11-02,A,115.882,13.54,212125.58,I,derivative,Phantom Stock (unitized),Common Stock,33.0,,
732712,2017-11-06,VZ,SILLIMAN CRAIG L.,,0001611593-17-000231,2017-11-03,G,2110.0,0.0,3879.0,D,non_derivative,Common Stock,,,,
732712,2017-11-08,VZ,Qureshi Rima,,0001611593-17-000238,2017-11-06,A,76873.0,0.0,76873.0,D,derivative,Restricted Stock Units - 2017 - 2020 Award Cycle,Common Stock,76873.0,,
732712,2017-11-20,VZ,SILLIMAN CRAIG L.,,0001611593-17-000242,2017-11-16,A,155.296,12.78,76683.985,I,derivative,Phantom Stock (unitized),Common Stock,44.0,,
732712,2017-11-20,VZ,REED MARC C,,0001611593-17-000241,2017-11-16,A,95.705,12.78,70406.677,I,derivative,Phantom Stock (unitized),Common Stock,27.0,,
732712,2017-11-20,VZ,McAdam Lowell C,,0001611593-17-000240,2017-11-16,A,240.165,12.78,365826.281,I,derivative,Phantom Stock (unitized),Common Stock,69.0,,
732712,2017-11-20,VZ,WALDEN MARNI M,,0001611593-17-000245,2017-11-16,A,122.791,12.78,212248.371,I,derivative,Phantom Stock (unitized),Common Stock,35.0,,
732712,2017-11-20,VZ,Stratton John G,,0001611593-17-000244,2017-11-16,A,122.791,12.78,130426.296,I,derivative,Phantom Stock (unitized),Common Stock,35.0,,
732712,2017-11-20,VZ,Skiadas Anthony T,,0001611593-17-000243,2017-11-16,A,35.212,12.78,50845.327,I,derivative,Phantom Stock (unitized),Common Stock,10.0,,
732712,2017-11-20,VZ,Ellis Matthew D.,,0001611593-17-000239,2017-11-16,A,86.676,12.78,12748.793,I,derivative,Phantom Stock (unitized),Common Stock,25.0,,
732712,2017-11-29,VZ,SILLIMAN CRAIG L.,,0001611593-17-000246,2017-11-27,S,610.0,47.41,3269.0,D,non_derivative,Common Stock,,,,
732712,2017-11-29,VZ,WALDEN MARNI M,,0001611593-17-000247,2017-11-27,I,18384.756,13.6,193863.615,I,derivative,Phantom Stock (unitized),Common Stock,5245.0,,
732712,2017-12-04,VZ,SILLIMAN CRAIG L.,,0001611593-17-000251,2017-11-30,A,136.73,14.51,76820.715,I,derivative,Phantom Stock (unitized),Common Stock,38.0,,
732712,2017-12-04,VZ,Ellis Matthew D.,,0001611593-17-000248,2017-11-30,A,76.314,14.51,12825.107,I,derivative,Phantom Stock (unitized),Common Stock,22.0,,
732712,2017-12-04,VZ,Skiadas Anthony T,,0001611593-17-000252,2017-11-30,A,31.003,14.51,50876.33,I,derivative,Phantom Stock (unitized),Common Stock,9.0,,
732712,2017-12-04,VZ,WALDEN MARNI M,,0001611593-17-000254,2017-11-30,A,108.112,14.51,193971.727,I,derivative,Phantom Stock (unitized),Common Stock,31.0,,
732712,2017-12-04,VZ,McAdam Lowell C,,0001611593-17-000249,2017-11-30,A,211.455,14.51,366037.736,I,derivative,Phantom Stock (unitized),Common Stock,60.0,,
732712,2017-12-04,VZ,REED MARC C,,0001611593-17-000250,2017-11-30,A,84.264,14.51,70490.941,I,derivative,Phantom Stock (unitized),Common Stock,24.0,,
732712,2017-12-04,VZ,Stratton John G,,0001611593-17-000253,2017-11-30,A,108.112,14.51,130534.408,I,derivative,Phantom Stock (unitized),Common Stock,31.0,,
732712,2017-12-18,VZ,McAdam Lowell C,,0001611593-17-000256,2017-12-14,A,205.631,14.93,366243.367,I,derivative,Phantom Stock (unitized),Common Stock,59.0,,
732712,2017-12-18,VZ,WALDEN MARNI M,,0001611593-17-000261,2017-12-14,A,105.135,14.93,194076.862,I,derivative,Phantom Stock (unitized),Common Stock,30.0,,
732712,2017-12-18,VZ,Stratton John G,,0001611593-17-000260,2017-12-14,A,105.135,14.93,130639.543,I,derivative,Phantom Stock (unitized),Common Stock,30.0,,
732712,2017-12-18,VZ,Ellis Matthew D.,,0001611593-17-000255,2017-12-14,A,74.213,14.93,12899.32,I,derivative,Phantom Stock (unitized),Common Stock,21.0,,
732712,2017-12-18,VZ,SILLIMAN CRAIG L.,,0001611593-17-000258,2017-12-14,A,132.966,14.93,76953.681,I,derivative,Phantom Stock (unitized),Common Stock,38.0,,
732712,2017-12-18,VZ,REED MARC C,,0001611593-17-000257,2017-12-14,A,81.944,14.93,70572.885,I,derivative,Phantom Stock (unitized),Common Stock,23.0,,
732712,2017-12-18,VZ,McAdam Lowell C,,0001611593-17-000256,2017-11-21,G,175519.0,0.0,522438.0,D,non_derivative,Common Stock,,,,
732712,2017-12-18,VZ,Skiadas Anthony T,,0001611593-17-000259,2017-12-14,A,30.149,14.93,50906.479,I,derivative,Phantom Stock (unitized),Common Stock,9.0,,
732712,2018-01-02,VZ,Skiadas Anthony T,,0001611593-18-000005,2017-12-28,A,29.537,15.24,50936.016,I,derivative,Phantom Stock (unitized),Common Stock,8.0,,
732712,2018-01-02,VZ,Stratton John G,,0001611593-18-000006,2017-12-28,A,103.002,15.24,130742.545,I,derivative,Phantom Stock (unitized),Common Stock,29.0,,
732712,2018-01-02,VZ,WALDEN MARNI M,,0001611593-18-000007,2017-12-28,A,103.002,15.24,194179.864,I,derivative,Phantom Stock (unitized),Common Stock,29.0,,
732712,2018-01-02,VZ,SILLIMAN CRAIG L.,,0001611593-18-000004,2017-12-28,A,130.268,15.24,77083.949,I,derivative,Phantom Stock (unitized),Common Stock,38.0,,
732712,2018-01-02,VZ,McAdam Lowell C,,0001611593-18-000002,2017-12-18,G,400.0,0.0,522038.0,D,non_derivative,Common Stock,,,,
732712,2018-01-02,VZ,McAdam Lowell C,,0001611593-18-000002,2017-12-28,A,201.46,15.24,366444.827,I,derivative,Phantom Stock (unitized),Common Stock,57.0,,
732712,2018-01-02,VZ,REED MARC C,,0001611593-18-000003,2017-12-28,A,80.281,15.24,70653.166,I,derivative,Phantom Stock (unitized),Common Stock,23.0,,
732712,2018-01-02,VZ,Ellis Matthew D.,,0001611593-18-000001,2017-12-28,A,72.707,15.24,12972.027,I,derivative,Phantom Stock (unitized),Common Stock,21.0,,
732712,2018-01-16,VZ,Armstrong Timothy M,,0001611593-18-000010,2018-01-11,A,112.581,14.86,12373.703,I,derivative,Phantom Stock (unitized),Common Stock,32.0,,
732712,2018-01-16,VZ,McAdam Lowell C,,0001611593-18-000012,2018-01-11,A,205.75,14.86,366650.577,I,derivative,Phantom Stock (unitized),Common Stock,59.0,,
732712,2018-01-16,VZ,REED MARC C,,0001611593-18-000013,2018-01-11,A,81.524,14.86,70734.69,I,derivative,Phantom Stock (unitized),Common Stock,23.0,,
732712,2018-01-16,VZ,Ellis Matthew D.,,0001611593-18-000011,2018-01-11,A,73.759,14.86,13045.786,I,derivative,Phantom Stock (unitized),Common Stock,21.0,,
732712,2018-01-16,VZ,SILLIMAN CRAIG L.,,0001611593-18-000014,2018-01-11,A,131.992,14.86,77215.941,I,derivative,Phantom Stock (unitized),Common Stock,38.0,,
732712,2018-01-16,VZ,Skiadas Anthony T,,0001611593-18-000015,2018-01-11,A,37.709,14.86,50973.725,I,derivative,Phantom Stock (unitized),Common Stock,11.0,,
732712,2018-01-16,VZ,Stratton John G,,0001611593-18-000016,2018-01-11,A,104.816,14.86,130847.361,I,derivative,Phantom Stock (unitized),Common Stock,30.0,,
732712,2018-01-16,VZ,Vestberg Hans Erik,,0001611593-18-000017,2018-01-11,A,97.052,14.86,97.052,I,derivative,Phantom Stock (unitized),Common Stock,28.0,,
732712,2018-01-29,VZ,Armstrong Timothy M,,0001611593-18-000018,2018-01-25,A,108.084,15.48,12481.787,I,derivative,Phantom Stock (unitized),Common Stock,31.0,,
732712,2018-01-29,VZ,REED MARC C,,0001611593-18-000021,2018-01-25,A,78.268,15.48,70812.958,I,derivative,Phantom Stock (unitized),Common Stock,22.0,,
732712,2018-01-29,VZ,Ellis Matthew D.,,0001611593-18-000019,2018-01-25,A,70.813,15.48,13116.599,I,derivative,Phantom Stock (unitized),Common Stock,20.0,,
732712,2018-01-29,VZ,McAdam Lowell C,,0001611593-18-000020,2018-01-25,A,197.533,15.48,366848.11,I,derivative,Phantom Stock (unitized),Common Stock,56.0,,
732712,2018-01-29,VZ,Stratton John G,,0001611593-18-000024,2018-01-25,A,100.63,15.48,130947.991,I,derivative,Phantom Stock (unitized),Common Stock,29.0,,
732712,2018-01-29,VZ,Vestberg Hans Erik,,0001611593-18-000025,2018-01-25,A,93.176,15.48,190.228,I,derivative,Phantom Stock (unitized),Common Stock,27.0,,
732712,2018-01-29,VZ,SILLIMAN CRAIG L.,,0001611593-18-000022,2018-01-25,A,126.72,15.48,77342.661,I,derivative,Phantom Stock (unitized),Common Stock,36.0,,
732712,2018-01-29,VZ,Skiadas Anthony T,,0001611593-18-000023,2018-01-25,A,36.203,15.48,51009.928,I,derivative,Phantom Stock (unitized),Common Stock,10.0,,
732712,2018-02-12,VZ,McAdam Lowell C,,0001611593-18-000028,2018-02-08,A,218.521,13.99,371025.679,I,derivative,Phantom Stock (unitized),Common Stock,62.0,,
732712,2018-02-12,VZ,Armstrong Timothy M,,0001611593-18-000026,2018-02-08,A,119.568,13.99,12733.823,I,derivative,Phantom Stock (unitized),Common Stock,34.0,,
732712,2018-02-12,VZ,Ellis Matthew D.,,0001611593-18-000027,2018-02-08,A,78.337,13.99,13335.086,I,derivative,Phantom Stock (unitized),Common Stock,22.0,,
732712,2018-02-12,VZ,Vestberg Hans Erik,,0001611593-18-000033,2018-02-08,A,103.076,13.99,293.304,I,derivative,Phantom Stock (unitized),Common Stock,29.0,,
732712,2018-02-12,VZ,SILLIMAN CRAIG L.,,0001611593-18-000030,2018-02-08,A,140.184,13.99,78315.656,I,derivative,Phantom Stock (unitized),Common Stock,40.0,,
732712,2018-02-12,VZ,REED MARC C,,0001611593-18-000029,2018-02-08,A,86.584,13.99,71662.875,I,derivative,Phantom Stock (unitized),Common Stock,25.0,,
732712,2018-02-12,VZ,Skiadas Anthony T,,0001611593-18-000031,2018-02-08,A,40.05,13.99,51600.288,I,derivative,Phantom Stock (unitized),Common Stock,11.0,,
732712,2018-02-12,VZ,Stratton John G,,0001611593-18-000032,2018-02-08,A,111.322,13.99,132471.847,I,derivative,Phantom Stock (unitized),Common Stock,32.0,,
732712,2018-02-13,VZ,SILLIMAN CRAIG L.,,0001611593-18-000037,2018-02-09,M,23775.0,,0.0,D,derivative,Restricted Stock Units - 2015-2017 Award Cycle,Common Stock,23775.0,,2018-02-09
732712,2018-02-13,VZ,REED MARC C,,0001611593-18-000036,2018-02-09,F,17564.0,49.88,98921.0,D,non_derivative,Common Stock,,,,
732712,2018-02-13,VZ,Skiadas Anthony T,,0001611593-18-000038,2018-02-09,M,11412.0,,27470.0,D,non_derivative,Common Stock,,,,
732712,2018-02-13,VZ,REED MARC C,,0001611593-18-000036,2018-02-09,M,35662.0,,116485.0,D,non_derivative,Common Stock,,,,
732712,2018-02-13,VZ,Skiadas Anthony T,,0001611593-18-000038,2018-02-09,F,4444.0,49.88,23026.0,D,non_derivative,Common Stock,,,,
732712,2018-02-13,VZ,Stratton John G,,0001611593-18-000039,2018-02-09,M,43685.0,,0.0,D,derivative,Restricted Stock Units - 2015-2017 Award Cycle,Common Stock,43685.0,,2018-02-09
732712,2018-02-13,VZ,Stratton John G,,0001611593-18-000039,2018-02-09,F,21515.0,49.88,114804.0,D,non_derivative,Common Stock,,,,
732712,2018-02-13,VZ,Stratton John G,,0001611593-18-000039,2018-02-09,M,43685.0,,136319.0,D,non_derivative,Common Stock,,,,
732712,2018-02-13,VZ,Skiadas Anthony T,,0001611593-18-000038,2018-02-09,M,11412.0,,0.0,D,derivative,Restricted Stock Units - 2015-2017 Award Cycle,Common Stock,11412.0,,2018-02-09
732712,2018-02-13,VZ,Ellis Matthew D.,,0001611593-18-000034,2018-02-09,F,3281.0,49.88,24154.0,D,non_derivative,Common Stock,,,,
732712,2018-02-13,VZ,McAdam Lowell C,,0001611593-18-000035,2018-02-09,F,56202.0,49.88,579951.0,D,non_derivative,Common Stock,,,,
732712,2018-02-13,VZ,REED MARC C,,0001611593-18-000036,2018-02-09,M,35662.0,,0.0,D,derivative,Restricted Stock Units - 2015-2017 Award Cycle,Common Stock,35662.0,,2018-02-09
732712,2018-02-13,VZ,Ellis Matthew D.,,0001611593-18-000034,2018-02-09,M,9579.0,,27435.0,D,non_derivative,Common Stock,,,,
732712,2018-02-13,VZ,McAdam Lowell C,,0001611593-18-000035,2018-02-09,M,114115.0,,636153.0,D,non_derivative,Common Stock,,,,
732712,2018-02-13,VZ,Ellis Matthew D.,,0001611593-18-000034,2018-02-09,M,11269.0,,0.0,D,derivative,Restricted Stock Units - 2015-2017 Award Cycle,Common Stock,11269.0,,2018-02-09
732712,2018-02-13,VZ,McAdam Lowell C,,0001611593-18-000035,2018-02-09,M,114115.0,,0.0,D,derivative,Restricted Stock Units - 2015-2017 Award Cycle,Common Stock,114115.0,,2018-02-09
732712,2018-02-15,VZ,Skiadas Anthony T,,0001611593-18-000040,2018-02-13,S,6967.0,49.8,16059.0,D,non_derivative,Common Stock,,,,
732712,2018-02-26,VZ,McAdam Lowell C,,0001611593-18-000043,2018-02-22,A,16562.587,13.66,387588.266,I,derivative,Phantom Stock (unitized),Common Stock,4727.0,,
732712,2018-02-26,VZ,REED MARC C,,0001611593-18-000044,2018-02-22,A,4990.315,13.66,76653.19,I,derivative,Phantom Stock (unitized),Common Stock,1424.0,,
732712,2018-02-26,VZ,SILLIMAN CRAIG L.,,0001611593-18-000045,2018-02-22,A,8721.438,13.66,87037.094,I,derivative,Phantom Stock (unitized),Common Stock,2488.0,,
732712,2018-02-26,VZ,Armstrong Timothy M,,0001611593-18-000041,2018-02-22,A,122.473,13.66,12856.296,I,derivative,Phantom Stock (unitized),Common Stock,35.0,,
732712,2018-02-26,VZ,Ellis Matthew D.,,0001611593-18-000042,2018-02-22,A,4675.516,13.66,18010.602,I,derivative,Phantom Stock (unitized),Common Stock,1334.0,,
732712,2018-02-26,VZ,Vestberg Hans Erik,,0001611593-18-000048,2018-02-22,A,105.58,13.66,398.884,I,derivative,Phantom Stock (unitized),Common Stock,30.0,,
732712,2018-02-26,VZ,Stratton John G,,0001611593-18-000047,2018-02-22,A,5934.709,13.66,138406.556,I,derivative,Phantom Stock (unitized),Common Stock,1694.0,,
732712,2018-02-26,VZ,Skiadas Anthony T,,0001611593-18-000046,2018-02-22,A,1750.465,13.66,53350.753,I,derivative,Phantom Stock (unitized),Common Stock,500.0,,
732712,2018-03-06,VZ,Ellis Matthew D.,,0001611593-18-000050,2018-03-03,M,8896.0,,33050.0,D,non_derivative,Common Stock,,,,
732712,2018-03-06,VZ,REED MARC C,,0001611593-18-000052,2018-03-03,M,11163.0,,22328.0,D,derivative,Restricted Stock Units - 2017-2020 Award Cycle,Common Stock,11163.0,,
732712,2018-03-06,VZ,McAdam Lowell C,,0001611593-18-000051,2018-03-03,F,16494.0,48.26,596947.0,D,non_derivative,Common Stock,,,,
732712,2018-03-06,VZ,Skiadas Anthony T,,0001611593-18-000054,2018-03-03,M,3893.0,,7787.0,D,derivative,Restricted Stock Units - 2017-2020 Award Cycle,Common Stock,3893.0,,
732712,2018-03-06,VZ,McAdam Lowell C,,0001611593-18-000051,2018-03-03,M,33490.0,,613441.0,D,non_derivative,Common Stock,,,,
732712,2018-03-06,VZ,Skiadas Anthony T,,0001611593-18-000054,2018-03-03,M,3893.0,,19952.0,D,non_derivative,Common Stock,,,,
732712,2018-03-06,VZ,Armstrong Timothy M,,0001611593-18-000049,2018-03-03,M,8372.0,,8372.0,D,non_derivative,Common Stock,,,,
732712,2018-03-06,VZ,Skiadas Anthony T,,0001611593-18-000054,2018-03-03,F,1918.0,48.26,18034.0,D,non_derivative,Common Stock,,,,
732712,2018-03-06,VZ,REED MARC C,,0001611593-18-000052,2018-03-03,F,5498.0,48.26,104586.0,D,non_derivative,Common Stock,,,,
732712,2018-03-06,VZ,McAdam Lowell C,,0001611593-18-000051,2018-03-03,M,33490.0,,66982.0,D,derivative,Restricted Stock Units - 2017-2020 Award Cycle,Common Stock,33490.0,,
732712,2018-03-06,VZ,Armstrong Timothy M,,0001611593-18-000049,2018-03-03,F,4100.0,48.26,4272.0,D,non_derivative,Common Stock,,,,
732712,2018-03-06,VZ,REED MARC C,,0001611593-18-000052,2018-03-03,M,11163.0,,110084.0,D,non_derivative,Common Stock,,,,
732712,2018-03-06,VZ,SILLIMAN CRAIG L.,,0001611593-18-000053,2018-03-03,M,9767.0,,13036.0,D,non_derivative,Common Stock,,,,
732712,2018-03-06,VZ,Ellis Matthew D.,,0001611593-18-000050,2018-03-03,F,4382.0,48.26,28668.0,D,non_derivative,Common Stock,,,,
732712,2018-03-06,VZ,Armstrong Timothy M,,0001611593-18-000049,2018-03-03,M,8372.0,,16746.0,D,derivative,Restricted Stock Units - 2017-2020 Award Cycle,Common Stock,8372.0,,
732712,2018-03-06,VZ,Ellis Matthew D.,,0001611593-18-000050,2018-03-03,M,10466.0,,20932.0,D,derivative,Restricted Stock Units - 2017-2020 Award Cycle,Common Stock,10466.0,,
732712,2018-03-06,VZ,Stratton John G,,0001611593-18-000055,2018-03-03,M,13919.0,,27840.0,D,derivative,Restricted Stock Units - 2017-2020 Award Cycle,Common Stock,13919.0,,
732712,2018-03-06,VZ,SILLIMAN CRAIG L.,,0001611593-18-000053,2018-03-03,F,4811.0,48.26,8225.0,D,non_derivative,Common Stock,,,,
732712,2018-03-06,VZ,SILLIMAN CRAIG L.,,0001611593-18-000053,2018-03-03,M,9767.0,,19537.0,D,derivative,Restricted Stock Units - 2017-2020 Award Cycle,Common Stock,9767.0,,
732712,2018-03-08,VZ,SILLIMAN CRAIG L.,,0001611593-18-000072,2018-03-06,A,30682.0,0.0,30682.0,D,derivative,Restricted Stock Units - 2018-2021 Award Cycle,Common Stock,30682.0,,
732712,2018-03-08,VZ,Qureshi Rima,,0001611593-18-000070,2018-03-06,A,30682.0,0.0,30682.0,D,derivative,Restricted Stock Units - 2018-2021 Award Cycle,Common Stock,30682.0,,
732712,2018-03-08,VZ,Stratton John G,,0001611593-18-000074,2018-03-06,A,53999.0,0.0,53999.0,D,derivative,Restricted Stock Units - 2018-2021 Award Cycle,Common Stock,53999.0,,
732712,2018-03-08,VZ,WASSON GREGORY D,,0001611593-18-000065,2018-03-06,A,3579.0,0.0,24921.0,I,derivative,Phantom Stock,Common Stock,3579.0,,
732712,2018-03-08,VZ,Skiadas Anthony T,,0001611593-18-000073,2018-03-06,A,10592.0,0.0,10592.0,D,derivative,Restricted Stock Units - 2018-2021 Award Cycle,Common Stock,10592.0,,
732712,2018-03-08,VZ,Vestberg Hans Erik,,0001611593-18-000075,2018-03-06,A,53999.0,0.0,53999.0,D,derivative,Restricted Stock Units - 2018-2021 Award Cycle,Common Stock,53999.0,,
732712,2018-03-08,VZ,Ellis Matthew D.,,0001611593-18-000068,2018-03-06,A,39272.0,0.0,39272.0,D,derivative,Restricted Stock Units - 2018-2021 Award Cycle,Common Stock,39272.0,,
732712,2018-03-08,VZ,Armstrong Timothy M,,0001611593-18-000067,2018-03-06,A,25773.0,0.0,25773.0,D,derivative,Restricted Stock Units - 2018-2021 Award Cycle,Common Stock,25773.0,,
732712,2018-03-08,VZ,Bertolini Mark T,,0001611593-18-000057,2018-03-06,A,3579.0,0.0,17143.0,I,derivative,Phantom Stock,Common Stock,3579.0,,
732712,2018-03-08,VZ,Weaver Gregory G.,,0001611593-18-000066,2018-03-06,A,3579.0,0.0,15023.0,I,derivative,Phantom Stock,Common Stock,3579.0,,
732712,2018-03-08,VZ,Tesija Kathryn A,,0001611593-18-000064,2018-03-06,A,3579.0,0.0,25887.0,I,derivative,Phantom Stock,Common Stock,3579.0,,
732712,2018-03-08,VZ,CARRION RICHARD L,,0001611593-18-000058,2018-03-06,A,3579.0,0.0,123706.0,I,derivative,Phantom Stock,Common Stock,3579.0,,
732712,2018-03-08,VZ,REED MARC C,,0001611593-18-000071,2018-03-06,A,40500.0,0.0,40500.0,D,derivative,Restricted Stock Units - 2018-2021 Award Cycle,Common Stock,40500.0,,
732712,2018-03-08,VZ,OTIS CLARENCE JR,,0001611593-18-000062,2018-03-06,A,3579.0,0.0,72468.0,I,derivative,Phantom Stock,Common Stock,3579.0,,
732712,2018-03-08,VZ,SLATER RODNEY E,,0001611593-18-000063,2018-03-06,A,3579.0,0.0,42267.0,I,derivative,Phantom Stock,Common Stock,3579.0,,
732712,2018-03-08,VZ,McAdam Lowell C,,0001611593-18-000069,2018-03-06,A,98180.0,0.0,98180.0,D,derivative,Restricted Stock Units - 2018-2021 Award Cycle,Common Stock,98180.0,,
732712,2018-03-08,VZ,Healey Melanie,,0001611593-18-000059,2018-03-06,A,3579.0,0.0,31184.0,I,derivative,Phantom Stock,Common Stock,3579.0,,
732712,2018-03-08,VZ,ARCHAMBEAU SHELLYE L,,0001611593-18-000056,2018-03-06,A,3579.0,0.0,21766.0,I,derivative,Phantom Stock,Common Stock,3579.0,,
732712,2018-03-08,VZ,Kley Karl-Ludwig,,0001611593-18-000061,2018-03-06,A,3579.0,0.0,14355.0,I,derivative,Phantom Stock,Common Stock,3579.0,,
732712,2018-03-12,VZ,Vestberg Hans Erik,,0001611593-18-000083,2018-03-08,A,136.149,13.98,535.033,I,derivative,Phantom Stock (unitized),Common Stock,39.0,,
732712,2018-03-12,VZ,REED MARC C,,0001611593-18-000079,2018-03-08,A,90.766,13.98,76743.956,I,derivative,Phantom Stock (unitized),Common Stock,26.0,,
732712,2018-03-12,VZ,Stratton John G,,0001611593-18-000082,2018-03-08,A,136.149,13.98,138542.705,I,derivative,Phantom Stock (unitized),Common Stock,39.0,,
732712,2018-03-12,VZ,Skiadas Anthony T,,0001611593-18-000081,2018-03-08,A,40.076,13.98,53390.829,I,derivative,Phantom Stock (unitized),Common Stock,11.0,,
732712,2018-03-12,VZ,SILLIMAN CRAIG L.,,0001611593-18-000080,2018-03-08,A,156.776,13.98,87193.87,I,derivative,Phantom Stock (unitized),Common Stock,44.0,,
732712,2018-03-12,VZ,Ellis Matthew D.,,0001611593-18-000077,2018-03-08,A,86.64,13.98,18097.242,I,derivative,Phantom Stock (unitized),Common Stock,25.0,,
732712,2018-03-12,VZ,McAdam Lowell C,,0001611593-18-000078,2018-03-08,A,218.663,13.98,387806.929,I,derivative,Phantom Stock (unitized),Common Stock,62.0,,
732712,2018-03-12,VZ,Armstrong Timothy M,,0001611593-18-000076,2018-03-08,A,127.897,13.98,12984.193,I,derivative,Phantom Stock (unitized),Common Stock,36.0,,
732712,2018-03-26,VZ,Armstrong Timothy M,,0001611593-18-000084,2018-03-22,A,133.667,13.38,13117.86,I,derivative,Phantom Stock (unitized),Common Stock,38.0,,
732712,2018-03-26,VZ,Vestberg Hans Erik,,0001611593-18-000091,2018-03-22,A,142.291,13.38,677.324,I,derivative,Phantom Stock (unitized),Common Stock,41.0,,
732712,2018-03-26,VZ,McAdam Lowell C,,0001611593-18-000086,2018-03-22,A,228.528,13.38,388035.457,I,derivative,Phantom Stock (unitized),Common Stock,65.0,,
732712,2018-03-26,VZ,Ellis Matthew D.,,0001611593-18-000085,2018-03-22,A,90.549,13.38,18187.791,I,derivative,Phantom Stock (unitized),Common Stock,26.0,,
732712,2018-03-26,VZ,SILLIMAN CRAIG L.,,0001611593-18-000088,2018-03-22,A,163.85,13.38,87357.72,I,derivative,Phantom Stock (unitized),Common Stock,46.0,,
732712,2018-03-26,VZ,Skiadas Anthony T,,0001611593-18-000089,2018-03-22,A,41.884,13.38,53432.713,I,derivative,Phantom Stock (unitized),Common Stock,12.0,,
732712,2018-03-26,VZ,Stratton John G,,0001611593-18-000090,2018-03-22,A,142.291,13.38,138684.996,I,derivative,Phantom Stock (unitized),Common Stock,41.0,,
732712,2018-03-26,VZ,REED MARC C,,0001611593-18-000087,2018-03-22,A,94.861,13.38,76838.817,I,derivative,Phantom Stock (unitized),Common Stock,27.0,,
732712,2018-03-30,VZ,Skiadas Anthony T,,0001611593-18-000098,2018-03-28,A,565.823,13.7,53998.536,I,derivative,Phantom Stock (unitized),Common Stock,161.0,,
732712,2018-03-30,VZ,SILLIMAN CRAIG L.,,0001611593-18-000097,2018-03-28,A,1242.503,13.7,88600.223,I,derivative,Phantom Stock (unitized),Common Stock,355.0,,
732712,2018-03-30,VZ,McAdam Lowell C,,0001611593-18-000095,2018-03-28,A,4960.745,13.7,392996.202,I,derivative,Phantom Stock (unitized),Common Stock,1416.0,,
732712,2018-03-30,VZ,Stratton John G,,0001611593-18-000099,2018-03-28,A,1918.929,13.7,140603.925,I,derivative,Phantom Stock (unitized),Common Stock,548.0,,
732712,2018-03-30,VZ,Armstrong Timothy M,,0001611593-18-000093,2018-03-28,A,2551.553,13.7,15669.413,I,derivative,Phantom Stock (unitized),Common Stock,728.0,,
732712,2018-03-30,VZ,Ellis Matthew D.,,0001611593-18-000094,2018-03-28,A,966.204,13.7,19153.995,I,derivative,Phantom Stock (unitized),Common Stock,276.0,,
732712,2018-03-30,VZ,REED MARC C,,0001611593-18-000096,2018-03-28,A,1631.68,13.7,78470.497,I,derivative,Phantom Stock (unitized),Common Stock,466.0,,
732712,2018-04-05,VZ,Vestberg Hans Erik,,0001611593-18-000100,2018-04-03,F,6300.0,47.5,6491.0,D,non_derivative,Common Stock,,,,
732712,2018-04-05,VZ,Vestberg Hans Erik,,0001611593-18-000100,2018-04-03,M,12791.0,,12791.0,D,non_derivative,Common Stock,,,,
732712,2018-04-05,VZ,Vestberg Hans Erik,,0001611593-18-000100,2018-04-03,M,12791.0,,25583.0,D,derivative,Restricted Stock Units - 2017-2020 Award Cycle,Common Stock,12791.0,,
732712,2018-04-09,VZ,Ellis Matthew D.,,0001611593-18-000102,2018-04-05,A,88.013,13.77,19242.008,I,derivative,Phantom Stock (unitized),Common Stock,25.0,,
732712,2018-04-09,VZ,Armstrong Timothy M,,0001611593-18-000101,2018-04-05,A,129.924,13.77,15799.337,I,derivative,Phantom Stock (unitized),Common Stock,37.0,,
732712,2018-04-09,VZ,McAdam Lowell C,,0001611593-18-000103,2018-04-05,A,222.128,13.77,393218.33,I,derivative,Phantom Stock (unitized),Common Stock,63.0,,
732712,2018-04-09,VZ,SILLIMAN CRAIG L.,,0001611593-18-000105,2018-04-05,A,159.262,13.77,88759.485,I,derivative,Phantom Stock (unitized),Common Stock,46.0,,
732712,2018-04-09,VZ,Vestberg Hans Erik,,0001611593-18-000108,2018-04-05,A,138.307,13.77,815.631,I,derivative,Phantom Stock (unitized),Common Stock,39.0,,
732712,2018-04-09,VZ,Skiadas Anthony T,,0001611593-18-000106,2018-04-05,A,40.711,13.77,54039.247,I,derivative,Phantom Stock (unitized),Common Stock,12.0,,
732712,2018-04-09,VZ,REED MARC C,,0001611593-18-000104,2018-04-05,A,92.204,13.77,78562.701,I,derivative,Phantom Stock (unitized),Common Stock,26.0,,
732712,2018-04-09,VZ,Stratton John G,,0001611593-18-000107,2018-04-05,A,138.307,13.77,140742.232,I,derivative,Phantom Stock (unitized),Common Stock,39.0,,
732712,2018-04-23,VZ,Vestberg Hans Erik,,0001611593-18-000116,2018-04-19,A,137.761,13.82,953.392,I,derivative,Phantom Stock (unitized),Common Stock,39.0,,
732712,2018-04-23,VZ,Stratton John G,,0001611593-18-000115,2018-04-19,A,137.761,13.82,140879.993,I,derivative,Phantom Stock (unitized),Common Stock,39.0,,
732712,2018-04-23,VZ,Skiadas Anthony T,,0001611593-18-000114,2018-04-19,A,40.55,13.82,54079.797,I,derivative,Phantom Stock (unitized),Common Stock,12.0,,
732712,2018-04-23,VZ,SILLIMAN CRAIG L.,,0001611593-18-000113,2018-04-19,A,158.634,13.82,88918.119,I,derivative,Phantom Stock (unitized),Common Stock,46.0,,
732712,2018-04-23,VZ,REED MARC C,,0001611593-18-000112,2018-04-19,A,91.841,13.82,78654.542,I,derivative,Phantom Stock (unitized),Common Stock,26.0,,
732712,2018-04-23,VZ,Ellis Matthew D.,,0001611593-18-000110,2018-04-19,A,87.666,13.82,19329.674,I,derivative,Phantom Stock (unitized),Common Stock,25.0,,
732712,2018-04-23,VZ,McAdam Lowell C,,0001611593-18-000111,2018-04-19,A,221.253,13.82,393439.583,I,derivative,Phantom Stock (unitized),Common Stock,63.0,,
732712,2018-04-23,VZ,Armstrong Timothy M,,0001611593-18-000109,2018-04-19,A,129.412,13.82,15928.749,I,derivative,Phantom Stock (unitized),Common Stock,37.0,,
732712,2018-05-03,VZ,Skiadas Anthony T,,0001611593-18-000117,2018-05-01,S,1974.0,49.44,16060.0,D,non_derivative,Common Stock,,,,
732712,2018-05-07,VZ,SILLIMAN CRAIG L.,,0001611593-18-000122,2018-05-03,A,160.668,13.64,90143.375,I,derivative,Phantom Stock (unitized),Common Stock,46.0,,
732712,2018-05-07,VZ,Armstrong Timothy M,,0001611593-18-000118,2018-05-03,A,131.072,13.64,16249.319,I,derivative,Phantom Stock (unitized),Common Stock,37.0,,
732712,2018-05-07,VZ,Vestberg Hans Erik,,0001611593-18-000125,2018-05-03,A,139.529,13.64,1102.704,I,derivative,Phantom Stock (unitized),Common Stock,40.0,,
732712,2018-05-07,VZ,REED MARC C,,0001611593-18-000121,2018-05-03,A,93.019,13.64,79689.847,I,derivative,Phantom Stock (unitized),Common Stock,27.0,,
732712,2018-05-07,VZ,McAdam Lowell C,,0001611593-18-000120,2018-05-03,A,224.091,13.64,398379.961,I,derivative,Phantom Stock (unitized),Common Stock,64.0,,
732712,2018-05-07,VZ,Stratton John G,,0001611593-18-000124,2018-05-03,A,139.529,13.64,142707.594,I,derivative,Phantom Stock (unitized),Common Stock,40.0,,
732712,2018-05-07,VZ,Skiadas Anthony T,,0001611593-18-000123,2018-05-03,A,41.07,13.64,54769.017,I,derivative,Phantom Stock (unitized),Common Stock,12.0,,
732712,2018-05-07,VZ,Ellis Matthew D.,,0001611593-18-000119,2018-05-03,A,88.791,13.64,19649.255,I,derivative,Phantom Stock (unitized),Common Stock,25.0,,
732712,2018-05-21,VZ,Armstrong Timothy M,,0001611593-18-000126,2018-05-17,A,131.05,13.65,16380.369,I,derivative,Phantom Stock (unitized),Common Stock,37.0,,
732712,2018-05-21,VZ,McAdam Lowell C,,0001611593-18-000128,2018-05-17,A,224.054,13.65,398604.015,I,derivative,Phantom Stock (unitized),Common Stock,64.0,,
732712,2018-05-21,VZ,REED MARC C,,0001611593-18-000129,2018-05-17,A,93.004,13.65,79782.851,I,derivative,Phantom Stock (unitized),Common Stock,27.0,,
732712,2018-05-21,VZ,Ellis Matthew D.,,0001611593-18-000127,2018-05-17,A,88.776,13.65,19738.031,I,derivative,Phantom Stock (unitized),Common Stock,25.0,,
732712,2018-05-21,VZ,Skiadas Anthony T,,0001611593-18-000131,2018-05-17,A,41.064,13.65,54810.081,I,derivative,Phantom Stock (unitized),Common Stock,12.0,,
732712,2018-05-21,VZ,Stratton John G,,0001611593-18-000132,2018-05-17,A,139.506,13.65,142847.1,I,derivative,Phantom Stock (unitized),Common Stock,40.0,,
732712,2018-05-21,VZ,Vestberg Hans Erik,,0001611593-18-000133,2018-05-17,A,139.506,13.65,1242.21,I,derivative,Phantom Stock (unitized),Common Stock,40.0,,
732712,2018-05-21,VZ,SILLIMAN CRAIG L.,,0001611593-18-000130,2018-05-17,A,160.642,13.65,90304.017,I,derivative,Phantom Stock (unitized),Common Stock,46.0,,
732712,2018-05-31,VZ,SILLIMAN CRAIG L.,,0001611593-18-000134,2018-05-29,I,18186.924,13.75,108490.941,I,derivative,Phantom Stock (unitized),Common Stock,5187.0,,
732712,2018-06-04,VZ,Vestberg Hans Erik,,0001611593-18-000142,2018-05-31,A,140.028,13.6,1382.238,I,derivative,Phantom Stock (unitized),Common Stock,40.0,,
732712,2018-06-04,VZ,SILLIMAN CRAIG L.,,0001611593-18-000139,2018-05-31,A,161.244,13.6,108652.185,I,derivative,Phantom Stock (unitized),Common Stock,46.0,,
732712,2018-06-04,VZ,Skiadas Anthony T,,0001611593-18-000140,2018-05-31,A,41.217,13.6,54851.298,I,derivative,Phantom Stock (unitized),Common Stock,12.0,,
732712,2018-06-04,VZ,Stratton John G,,0001611593-18-000141,2018-05-31,A,140.028,13.6,142987.128,I,derivative,Phantom Stock (unitized),Common Stock,40.0,,
732712,2018-06-04,VZ,Armstrong Timothy M,,0001611593-18-000135,2018-05-31,A,131.541,13.6,16511.91,I,derivative,Phantom Stock (unitized),Common Stock,38.0,,
732712,2018-06-04,VZ,Ellis Matthew D.,,0001611593-18-000136,2018-05-31,A,89.109,13.6,19827.14,I,derivative,Phantom Stock (unitized),Common Stock,25.0,,
732712,2018-06-04,VZ,McAdam Lowell C,,0001611593-18-000137,2018-05-31,A,224.893,13.6,398828.908,I,derivative,Phantom Stock (unitized),Common Stock,64.0,,
732712,2018-06-04,VZ,REED MARC C,,0001611593-18-000138,2018-05-31,A,93.352,13.6,79876.203,I,derivative,Phantom Stock (unitized),Common Stock,27.0,,
732712,2018-06-18,VZ,Ellis Matthew D.,,0001611593-18-000144,2018-06-14,A,88.83,13.64,19915.97,I,derivative,Phantom Stock (unitized),Common Stock,25.0,,
732712,2018-06-18,VZ,Skiadas Anthony T,,0001611593-18-000148,2018-06-14,A,41.089,13.64,54892.387,I,derivative,Phantom Stock (unitized),Common Stock,12.0,,
732712,2018-06-18,VZ,SILLIMAN CRAIG L.,,0001611593-18-000147,2018-06-14,A,160.74,13.64,108812.925,I,derivative,Phantom Stock (unitized),Common Stock,46.0,,
732712,2018-06-18,VZ,Armstrong Timothy M,,0001611593-18-000143,2018-06-14,A,131.13,13.64,16643.04,I,derivative,Phantom Stock (unitized),Common Stock,37.0,,
732712,2018-06-18,VZ,Vestberg Hans Erik,,0001611593-18-000149,2018-06-14,A,139.591,13.64,1521.829,I,derivative,Phantom Stock (unitized),Common Stock,40.0,,
732712,2018-06-18,VZ,REED MARC C,,0001611593-18-000146,2018-06-14,A,93.06,13.64,79969.263,I,derivative,Phantom Stock (unitized),Common Stock,27.0,,
732712,2018-06-18,VZ,McAdam Lowell C,,0001611593-18-000145,2018-06-14,A,224.191,13.64,399053.099,I,derivative,Phantom Stock (unitized),Common Stock,64.0,,
732712,2018-07-02,VZ,Armstrong Timothy M,,0001611593-18-000150,2018-06-28,A,123.343,14.5,16766.383,I,derivative,Phantom Stock (unitized),Common Stock,35.0,,
732712,2018-07-02,VZ,Ellis Matthew D.,,0001611593-18-000151,2018-06-28,A,83.555,14.5,19999.525,I,derivative,Phantom Stock (unitized),Common Stock,24.0,,
732712,2018-07-02,VZ,SILLIMAN CRAIG L.,,0001611593-18-000154,2018-06-28,A,151.194,14.5,108964.119,I,derivative,Phantom Stock (unitized),Common Stock,44.0,,
732712,2018-07-02,VZ,REED MARC C,,0001611593-18-000153,2018-06-28,A,87.534,14.5,80056.797,I,derivative,Phantom Stock (unitized),Common Stock,25.0,,
732712,2018-07-02,VZ,Skiadas Anthony T,,0001611593-18-000155,2018-06-28,A,38.649,14.5,54931.036,I,derivative,Phantom Stock (unitized),Common Stock,11.0,,
732712,2018-07-02,VZ,Vestberg Hans Erik,,0001611593-18-000156,2018-06-28,A,131.301,14.5,1653.13,I,derivative,Phantom Stock (unitized),Common Stock,37.0,,
732712,2018-07-02,VZ,McAdam Lowell C,,0001611593-18-000152,2018-06-28,A,210.877,14.5,399263.976,I,derivative,Phantom Stock (unitized),Common Stock,60.0,,
732712,2018-07-16,VZ,Ellis Matthew D.,,0001611593-18-000158,2018-07-12,A,82.94,14.61,20082.465,I,derivative,Phantom Stock (unitized),Common Stock,24.0,,
732712,2018-07-16,VZ,McAdam Lowell C,,0001611593-18-000159,2018-07-12,A,209.323,14.61,399473.299,I,derivative,Phantom Stock (unitized),Common Stock,60.0,,
732712,2018-07-16,VZ,REED MARC C,,0001611593-18-000160,2018-07-12,A,86.889,14.61,80143.686,I,derivative,Phantom Stock (unitized),Common Stock,25.0,,
732712,2018-07-16,VZ,Skiadas Anthony T,,0001611593-18-000162,2018-07-12,A,38.364,14.61,54969.4,I,derivative,Phantom Stock (unitized),Common Stock,11.0,,
732712,2018-07-16,VZ,Vestberg Hans Erik,,0001611593-18-000163,2018-07-12,A,130.334,14.61,1783.464,I,derivative,Phantom Stock (unitized),Common Stock,37.0,,
732712,2018-07-16,VZ,SILLIMAN CRAIG L.,,0001611593-18-000161,2018-07-12,A,150.08,14.61,109114.199,I,derivative,Phantom Stock (unitized),Common Stock,42.0,,
732712,2018-07-30,VZ,Armstrong Timothy M,,0001611593-18-000164,2018-07-26,A,122.577,14.59,17011.394,I,derivative,Phantom Stock (unitized),Common Stock,35.0,,
732712,2018-07-30,VZ,Ellis Matthew D.,,0001611593-18-000165,2018-07-26,A,83.036,14.59,20165.501,I,derivative,Phantom Stock (unitized),Common Stock,24.0,,
732712,2018-07-30,VZ,McAdam Lowell C,,0001611593-18-000166,2018-07-26,A,209.568,14.59,399682.867,I,derivative,Phantom Stock (unitized),Common Stock,60.0,,
732712,2018-07-30,VZ,SILLIMAN CRAIG L.,,0001611593-18-000168,2018-07-26,A,150.256,14.59,109264.455,I,derivative,Phantom Stock (unitized),Common Stock,42.0,,
732712,2018-07-30,VZ,Vestberg Hans Erik,,0001611593-18-000170,2018-07-26,A,130.486,14.59,1913.95,I,derivative,Phantom Stock (unitized),Common Stock,37.0,,
732712,2018-07-30,VZ,REED MARC C,,0001611593-18-000167,2018-07-26,A,86.99,14.59,80230.676,I,derivative,Phantom Stock (unitized),Common Stock,25.0,,
732712,2018-07-30,VZ,Skiadas Anthony T,,0001611593-18-000169,2018-07-26,A,38.409,14.59,55007.809,I,derivative,Phantom Stock (unitized),Common Stock,11.0,,
732712,2018-08-01,VZ,SILLIMAN CRAIG L.,,0001611593-18-000171,2018-07-30,I,16709.7,14.96,125974.155,I,derivative,Phantom Stock (unitized),Common Stock,4763.0,,
732712,2018-08-13,VZ,Skiadas Anthony T,,0001611593-18-000179,2018-08-09,A,37.1,15.11,55666.921,I,derivative,Phantom Stock (unitized),Common Stock,11.0,,
732712,2018-08-13,VZ,McAdam Lowell C,,0001611593-18-000176,2018-08-09,A,202.425,15.11,404406.362,I,derivative,Phantom Stock (unitized),Common Stock,58.0,,
732712,2018-08-13,VZ,Ellis Matthew D.,,0001611593-18-000175,2018-08-09,A,80.206,15.11,20472.172,I,derivative,Phantom Stock (unitized),Common Stock,23.0,,
732712,2018-08-13,VZ,SILLIMAN CRAIG L.,,0001611593-18-000178,2018-08-09,A,145.134,15.11,127353.146,I,derivative,Phantom Stock (unitized),Common Stock,42.0,,
732712,2018-08-13,VZ,Armstrong Timothy M,,0001611593-18-000173,2018-08-09,A,118.4,15.11,17319.648,I,derivative,Phantom Stock (unitized),Common Stock,34.0,,
732712,2018-08-13,VZ,Dunne Ronan,,0001611593-18-000174,2018-08-09,A,87.845,15.11,17221.957,I,derivative,Phantom Stock (unitized),Common Stock,25.0,,
732712,2018-08-13,VZ,Vestberg Hans Erik,,0001611593-18-000180,2018-08-09,A,174.926,15.11,2107.595,I,derivative,Phantom Stock (unitized),Common Stock,50.0,,
732712,2018-08-13,VZ,REED MARC C,,0001611593-18-000177,2018-08-09,A,84.026,15.11,81221.227,I,derivative,Phantom Stock (unitized),Common Stock,24.0,,
732712,2018-08-27,VZ,Dunne Ronan,,0001611593-18-000182,2018-08-23,A,85.803,15.46,17307.76,I,derivative,Phantom Stock (unitized),Common Stock,24.0,,
732712,2018-08-27,VZ,Ellis Matthew D.,,0001611593-18-000183,2018-08-23,A,78.342,15.46,20550.514,I,derivative,Phantom Stock (unitized),Common Stock,22.0,,
732712,2018-08-27,VZ,Armstrong Timothy M,,0001611593-18-000181,2018-08-23,A,115.647,15.46,17435.295,I,derivative,Phantom Stock (unitized),Common Stock,33.0,,
732712,2018-08-27,VZ,SILLIMAN CRAIG L.,,0001611593-18-000186,2018-08-23,A,141.762,15.46,127494.908,I,derivative,Phantom Stock (unitized),Common Stock,40.0,,
732712,2018-08-27,VZ,Vestberg Hans Erik,,0001611593-18-000188,2018-08-23,A,182.798,15.46,2290.393,I,derivative,Phantom Stock (unitized),Common Stock,52.0,,
732712,2018-08-27,VZ,McAdam Lowell C,,0001611593-18-000184,2018-08-23,A,197.72,15.46,404604.082,I,derivative,Phantom Stock (unitized),Common Stock,56.0,,
732712,2018-08-27,VZ,Skiadas Anthony T,,0001611593-18-000187,2018-08-23,A,36.237,15.46,55703.158,I,derivative,Phantom Stock (unitized),Common Stock,10.0,,
732712,2018-09-10,VZ,SILLIMAN CRAIG L.,,0001611593-18-000196,2018-09-06,A,141.738,15.47,127636.646,I,derivative,Phantom Stock (unitized),Common Stock,40.0,,
732712,2018-09-10,VZ,Vestberg Hans Erik,,0001611593-18-000198,2018-09-06,A,182.768,15.47,2473.161,I,derivative,Phantom Stock (unitized),Common Stock,52.0,,
732712,2018-09-10,VZ,Skiadas Anthony T,,0001611593-18-000197,2018-09-06,A,36.231,15.47,55739.389,I,derivative,Phantom Stock (unitized),Common Stock,10.0,,
732712,2018-09-10,VZ,SCHULMAN DANIEL H,,0001611593-18-000190,2018-09-06,A,4074.477,54.29,4074.477,I,derivative,Phantom Stock,Common Stock,4074.477,,
732712,2018-09-10,VZ,Armstrong Timothy M,,0001611593-18-000191,2018-09-06,A,115.629,15.47,17550.924,I,derivative,Phantom Stock (unitized),Common Stock,33.0,,
732712,2018-09-10,VZ,Dunne Ronan,,0001611593-18-000192,2018-09-06,A,85.789,15.47,17393.549,I,derivative,Phantom Stock (unitized),Common Stock,24.0,,
732712,2018-09-10,VZ,Ellis Matthew D.,,0001611593-18-000193,2018-09-06,A,78.329,15.47,20628.843,I,derivative,Phantom Stock (unitized),Common Stock,22.0,,
732712,2018-09-10,VZ,McAdam Lowell C,,0001611593-18-000194,2018-09-06,A,197.688,15.47,404801.77,I,derivative,Phantom Stock (unitized),Common Stock,56.0,,
732712,2018-09-10,VZ,REED MARC C,,0001611593-18-000195,2018-09-06,A,82.059,15.47,81385.358,I,derivative,Phantom Stock (unitized),Common Stock,23.0,,
732712,2018-09-21,VZ,Dunne Ronan,,0001611593-18-000199,2018-09-19,M,28196.0,,28195.0,D,derivative,Restricted Stock Units - 2016-2018 Award Cycle,Common Stock,28196.0,,
732712,2018-09-21,VZ,Dunne Ronan,,0001611593-18-000199,2018-09-19,D,14309.0,53.5,4382.0,D,non_derivative,Common Stock,,,,
732712,2018-09-21,VZ,Dunne Ronan,,0001611593-18-000199,2018-09-19,F,13886.0,53.5,18691.0,D,non_derivative,Common Stock,,,,
732712,2018-09-21,VZ,Dunne Ronan,,0001611593-18-000199,2018-09-19,M,28196.0,,32577.0,D,non_derivative,Common Stock,,,,
732712,2018-09-24,VZ,Armstrong Timothy M,,0001611593-18-000200,2018-09-20,A,116.357,15.37,17667.281,I,derivative,Phantom Stock (unitized),Common Stock,33.0,,
732712,2018-09-24,VZ,Dunne Ronan,,0001611593-18-000201,2018-09-20,A,86.329,15.37,17479.878,I,derivative,Phantom Stock (unitized),Common Stock,25.0,,
732712,2018-09-24,VZ,REED MARC C,,0001611593-18-000204,2018-09-20,A,82.576,15.37,81467.934,I,derivative,Phantom Stock (unitized),Common Stock,24.0,,
732712,2018-09-24,VZ,Ellis Matthew D.,,0001611593-18-000202,2018-09-20,A,78.823,15.37,20707.666,I,derivative,Phantom Stock (unitized),Common Stock,22.0,,
732712,2018-09-24,VZ,McAdam Lowell C,,0001611593-18-000203,2018-09-20,A,198.933,15.37,405000.703,I,derivative,Phantom Stock (unitized),Common Stock,57.0,,
732712,2018-09-24,VZ,Skiadas Anthony T,,0001611593-18-000206,2018-09-20,A,36.46,15.37,55775.849,I,derivative,Phantom Stock (unitized),Common Stock,10.0,,
732712,2018-09-24,VZ,Vestberg Hans Erik,,0001611593-18-000207,2018-09-20,A,183.919,15.37,2657.08,I,derivative,Phantom Stock (unitized),Common Stock,52.0,,
732712,2018-09-24,VZ,SILLIMAN CRAIG L.,,0001611593-18-000205,2018-09-20,A,142.63,15.37,127779.276,I,derivative,Phantom Stock (unitized),Common Stock,40.0,,
732712,2018-09-26,VZ,SILLIMAN CRAIG L.,,0001611593-18-000208,2018-09-24,I,16388.79,15.25,144168.066,I,derivative,Phantom Stock (unitized),Common Stock,4669.0,,
732712,2018-10-09,VZ,REED MARC C,,0001611593-18-000213,2018-10-04,A,80.981,15.67,81548.915,I,derivative,Phantom Stock (unitized),Common Stock,23.0,,
732712,2018-10-09,VZ,SILLIMAN CRAIG L.,,0001611593-18-000214,2018-10-04,A,139.876,15.67,144307.942,I,derivative,Phantom Stock (unitized),Common Stock,40.0,,
732712,2018-10-09,VZ,Vestberg Hans Erik,,0001611593-18-000216,2018-10-04,A,180.366,15.67,2837.446,I,derivative,Phantom Stock (unitized),Common Stock,51.0,,
732712,2018-10-09,VZ,McAdam Lowell C,,0001611593-18-000212,2018-10-04,A,195.09,15.67,405195.793,I,derivative,Phantom Stock (unitized),Common Stock,56.0,,
732712,2018-10-09,VZ,Skiadas Anthony T,,0001611593-18-000215,2018-10-04,A,35.755,15.67,55811.604,I,derivative,Phantom Stock (unitized),Common Stock,10.0,,
732712,2018-10-09,VZ,Ellis Matthew D.,,0001611593-18-000211,2018-10-04,A,77.3,15.67,20784.966,I,derivative,Phantom Stock (unitized),Common Stock,22.0,,
732712,2018-10-09,VZ,Dunne Ronan,,0001611593-18-000210,2018-10-04,A,84.661,15.67,17564.539,I,derivative,Phantom Stock (unitized),Common Stock,24.0,,
732712,2018-10-22,VZ,REED MARC C,,0001611593-18-000222,2018-10-18,A,81.527,15.57,81630.442,I,derivative,Phantom Stock (unitized),Common Stock,23.0,,
732712,2018-10-22,VZ,McAdam Lowell C,,0001611593-18-000221,2018-10-18,A,196.406,15.57,405392.199,I,derivative,Phantom Stock (unitized),Common Stock,56.0,,
732712,2018-10-22,VZ,Gowrappan Kumara Guru,,0001611593-18-000220,2018-10-18,A,85.233,15.57,1075.196,I,derivative,Phantom Stock (unitized),Common Stock,24.0,,
732712,2018-10-22,VZ,Ellis Matthew D.,,0001611593-18-000219,2018-10-18,A,77.822,15.57,20862.788,I,derivative,Phantom Stock (unitized),Common Stock,22.0,,
732712,2018-10-22,VZ,Vestberg Hans Erik,,0001611593-18-000225,2018-10-18,A,181.583,15.57,3019.029,I,derivative,Phantom Stock (unitized),Common Stock,52.0,,
732712,2018-10-22,VZ,Skiadas Anthony T,,0001611593-18-000224,2018-10-18,A,35.997,15.57,55847.601,I,derivative,Phantom Stock (unitized),Common Stock,10.0,,
732712,2018-10-22,VZ,SILLIMAN CRAIG L.,,0001611593-18-000223,2018-10-18,A,140.82,15.57,144448.762,I,derivative,Phantom Stock (unitized),Common Stock,40.0,,
732712,2018-10-22,VZ,Dunne Ronan,,0001611593-18-000218,2018-10-18,A,85.233,15.57,17649.772,I,derivative,Phantom Stock (unitized),Common Stock,24.0,,
732712,2018-11-05,VZ,SILLIMAN CRAIG L.,,0001611593-18-000231,2018-11-01,A,137.368,15.96,146123.908,I,derivative,Phantom Stock (unitized),Common Stock,40.0,,
732712,2018-11-05,VZ,McAdam Lowell C,,0001611593-18-000229,2018-11-01,A,191.594,15.96,409901.653,I,derivative,Phantom Stock (unitized),Common Stock,55.0,,
732712,2018-11-05,VZ,REED MARC C,,0001611593-18-000230,2018-11-01,A,79.53,15.96,82578.976,I,derivative,Phantom Stock (unitized),Common Stock,23.0,,
732712,2018-11-05,VZ,Ellis Matthew D.,,0001611593-18-000227,2018-11-01,A,75.915,15.96,21160.193,I,derivative,Phantom Stock (unitized),Common Stock,22.0,,
732712,2018-11-05,VZ,Skiadas Anthony T,,0001611593-18-000232,2018-11-01,A,35.115,15.96,56477.457,I,derivative,Phantom Stock (unitized),Common Stock,10.0,,
732712,2018-11-05,VZ,Vestberg Hans Erik,,0001611593-18-000233,2018-11-01,A,177.134,15.96,3226.399,I,derivative,Phantom Stock (unitized),Common Stock,50.0,,
732712,2018-11-05,VZ,Gowrappan Kumara Guru,,0001611593-18-000228,2018-11-01,A,83.144,15.96,1168.889,I,derivative,Phantom Stock (unitized),Common Stock,24.0,,
732712,2018-11-08,VZ,Qureshi Rima,,0001611593-18-000234,2018-11-06,M,26799.0,,53600.0,D,derivative,Restricted Stock Units - 2017 - 2020 Award Cycle,Common Stock,26799.0,,
732712,2018-11-08,VZ,Qureshi Rima,,0001611593-18-000234,2018-11-06,M,26799.0,,26799.0,D,non_derivative,Common Stock,,,,
732712,2018-11-08,VZ,Qureshi Rima,,0001611593-18-000234,2018-11-06,F,14976.0,57.21,11824.0,D,non_derivative,Common Stock,,,,
732712,2018-11-08,VZ,Qureshi Rima,,0001611593-18-000234,2018-11-06,D,11824.0,57.21,0.0,D,non_derivative,Common Stock,,,,
732712,2018-11-19,VZ,Gowrappan Kumara Guru,,0001611593-18-000237,2018-11-15,A,78.91,16.82,1247.799,I,derivative,Phantom Stock (unitized),Common Stock,22.0,,
732712,2018-11-19,VZ,McAdam Lowell C,,0001611593-18-000238,2018-11-15,A,181.837,16.82,410083.49,I,derivative,Phantom Stock (unitized),Common Stock,52.0,,
732712,2018-11-19,VZ,Ellis Matthew D.,,0001611593-18-000236,2018-11-15,A,72.049,16.82,21232.242,I,derivative,Phantom Stock (unitized),Common Stock,21.0,,
732712,2018-11-19,VZ,Dunne Ronan,,0001611593-18-000235,2018-11-15,A,78.91,16.82,17998.998,I,derivative,Phantom Stock (unitized),Common Stock,22.0,,
732712,2018-11-19,VZ,REED MARC C,,0001611593-18-000239,2018-11-15,A,75.48,16.82,82654.456,I,derivative,Phantom Stock (unitized),Common Stock,21.0,,
732712,2018-11-19,VZ,SILLIMAN CRAIG L.,,0001611593-18-000240,2018-11-15,A,130.374,16.82,146254.282,I,derivative,Phantom Stock (unitized),Common Stock,38.0,,
732712,2018-11-19,VZ,Vestberg Hans Erik,,0001611593-18-000242,2018-11-15,A,168.114,16.82,3394.513,I,derivative,Phantom Stock (unitized),Common Stock,48.0,,
732712,2018-11-19,VZ,Skiadas Anthony T,,0001611593-18-000241,2018-11-15,A,33.326,16.82,56510.783,I,derivative,Phantom Stock (unitized),Common Stock,9.0,,
732712,2018-11-28,VZ,SILLIMAN CRAIG L.,,0001611593-18-000243,2018-11-26,I,14844.831,16.84,161099.113,I,derivative,Phantom Stock (unitized),Common Stock,4225.0,,
732712,2018-12-03,VZ,McAdam Lowell C,,0001611593-18-000247,2018-11-29,A,180.719,16.92,410264.209,I,derivative,Phantom Stock (unitized),Common Stock,51.0,,
732712,2018-12-03,VZ,Dunne Ronan,,0001611593-18-000244,2018-11-29,A,78.425,16.92,18077.423,I,derivative,Phantom Stock (unitized),Common Stock,22.0,,
732712,2018-12-03,VZ,Gowrappan Kumara Guru,,0001611593-18-000246,2018-11-29,A,78.425,16.92,1326.224,I,derivative,Phantom Stock (unitized),Common Stock,22.0,,
732712,2018-12-03,VZ,Vestberg Hans Erik,,0001611593-18-000251,2018-11-29,A,167.08,16.92,3561.593,I,derivative,Phantom Stock (unitized),Common Stock,48.0,,
732712,2018-12-03,VZ,SILLIMAN CRAIG L.,,0001611593-18-000249,2018-11-29,A,129.572,16.92,161228.685,I,derivative,Phantom Stock (unitized),Common Stock,36.0,,
732712,2018-12-03,VZ,Ellis Matthew D.,,0001611593-18-000245,2018-11-29,A,71.606,16.92,21303.848,I,derivative,Phantom Stock (unitized),Common Stock,20.0,,
732712,2018-12-03,VZ,REED MARC C,,0001611593-18-000248,2018-11-29,A,75.015,16.92,82729.471,I,derivative,Phantom Stock (unitized),Common Stock,21.0,,
732712,2018-12-03,VZ,Skiadas Anthony T,,0001611593-18-000250,2018-11-29,A,33.121,16.92,56543.904,I,derivative,Phantom Stock (unitized),Common Stock,9.0,,
732712,2018-12-17,VZ,Dunne Ronan,,0001611593-18-000252,2018-12-13,A,81.645,16.25,18159.068,I,derivative,Phantom Stock (unitized),Common Stock,23.0,,
732712,2018-12-17,VZ,McAdam Lowell C,,0001611593-18-000255,2018-12-13,A,188.138,16.25,410452.347,I,derivative,Phantom Stock (unitized),Common Stock,54.0,,
732712,2018-12-17,VZ,Gowrappan Kumara Guru,,0001611593-18-000254,2018-12-13,A,81.645,16.25,1407.869,I,derivative,Phantom Stock (unitized),Common Stock,23.0,,
732712,2018-12-17,VZ,Ellis Matthew D.,,0001611593-18-000253,2018-12-13,A,74.545,16.25,21378.393,I,derivative,Phantom Stock (unitized),Common Stock,21.0,,
732712,2018-12-17,VZ,McAdam Lowell C,,0001611593-18-000255,2018-12-14,G,420.0,0.0,596527.0,D,non_derivative,Common Stock,,,,
732712,2018-12-17,VZ,REED MARC C,,0001611593-18-000256,2018-12-13,A,78.095,16.25,82807.566,I,derivative,Phantom Stock (unitized),Common Stock,22.0,,
732712,2018-12-17,VZ,Vestberg Hans Erik,,0001611593-18-000259,2018-12-13,A,173.939,16.25,3735.532,I,derivative,Phantom Stock (unitized),Common Stock,50.0,,
732712,2018-12-17,VZ,Skiadas Anthony T,,0001611593-18-000258,2018-12-13,A,34.481,16.25,56578.385,I,derivative,Phantom Stock (unitized),Common Stock,10.0,,
732712,2018-12-17,VZ,SILLIMAN CRAIG L.,,0001611593-18-000257,2018-12-13,A,134.892,16.25,161363.577,I,derivative,Phantom Stock (unitized),Common Stock,38.0,,
732712,2018-12-31,VZ,Vestberg Hans Erik,,0001611593-18-000267,2018-12-27,A,180.013,15.7,3915.545,I,derivative,Phantom Stock (unitized),Common Stock,51.0,,
732712,2018-12-31,VZ,SILLIMAN CRAIG L.,,0001611593-18-000265,2018-12-27,A,139.602,15.7,161503.179,I,derivative,Phantom Stock (unitized),Common Stock,40.0,,
732712,2018-12-31,VZ,Skiadas Anthony T,,0001611593-18-000266,2018-12-27,A,35.685,15.7,56614.07,I,derivative,Phantom Stock (unitized),Common Stock,10.0,,
732712,2018-12-31,VZ,REED MARC C,,0001611593-18-000264,2018-12-27,A,80.822,15.7,82888.388,I,derivative,Phantom Stock (unitized),Common Stock,23.0,,
732712,2018-12-31,VZ,McAdam Lowell C,,0001611593-18-000263,2018-12-27,A,194.708,15.7,410647.055,I,derivative,Phantom Stock (unitized),Common Stock,55.0,,
732712,2018-12-31,VZ,Dunne Ronan,,0001611593-18-000260,2018-12-27,A,84.496,15.7,18243.564,I,derivative,Phantom Stock (unitized),Common Stock,24.0,,
732712,2018-12-31,VZ,Ellis Matthew D.,,0001611593-18-000261,2018-12-27,A,77.148,15.7,21455.541,I,derivative,Phantom Stock (unitized),Common Stock,22.0,,
732712,2018-12-31,VZ,Gowrappan Kumara Guru,,0001611593-18-000262,2018-12-27,A,84.496,15.7,1492.365,I,derivative,Phantom Stock (unitized),Common Stock,24.0,,
732712,2019-01-14,VZ,Ellis Matthew D.,,0001611593-19-000005,2019-01-10,A,94.298,16.4,21549.839,I,derivative,Phantom Stock (unitized),Common Stock,27.0,,
732712,2019-01-14,VZ,REED MARC C,,0001611593-19-000009,2019-01-10,A,76.705,16.4,82965.093,I,derivative,Phantom Stock (unitized),Common Stock,22.0,,
732712,2019-01-14,VZ,Gowrappan Kumara Guru,,0001611593-19-000007,2019-01-10,A,80.223,16.4,1572.588,I,derivative,Phantom Stock (unitized),Common Stock,23.0,,
732712,2019-01-14,VZ,SILLIMAN CRAIG L.,,0001611593-19-000010,2019-01-10,A,139.336,16.4,161642.515,I,derivative,Phantom Stock (unitized),Common Stock,40.0,,
732712,2019-01-14,VZ,Malady Kyle,,0001611593-19-000008,2019-01-10,A,59.112,16.4,58777.611,I,derivative,Phantom Stock (unitized),Common Stock,17.0,,
732712,2019-01-14,VZ,Dunne Ronan,,0001611593-19-000004,2019-01-10,A,101.335,16.4,18344.899,I,derivative,Phantom Stock (unitized),Common Stock,29.0,,
732712,2019-01-14,VZ,Vestberg Hans Erik,,0001611593-19-000012,2019-01-10,A,171.707,16.4,4087.252,I,derivative,Phantom Stock (unitized),Common Stock,49.0,,
732712,2019-01-14,VZ,Erwin Tami A.,,0001611593-19-000006,2019-01-10,A,80.223,16.4,16819.629,I,derivative,Phantom Stock (unitized),Common Stock,23.0,,
732712,2019-01-14,VZ,Skiadas Anthony T,,0001611593-19-000011,2019-01-10,A,38.001,16.4,56652.071,I,derivative,Phantom Stock (unitized),Common Stock,11.0,,
732712,2019-01-28,VZ,Vestberg Hans Erik,,0001611593-19-000021,2019-01-24,A,173.294,16.25,4260.546,I,derivative,Phantom Stock (unitized),Common Stock,49.0,,
732712,2019-01-28,VZ,Skiadas Anthony T,,0001611593-19-000020,2019-01-24,A,38.352,16.25,56690.423,I,derivative,Phantom Stock (unitized),Common Stock,11.0,,
732712,2019-01-28,VZ,REED MARC C,,0001611593-19-000018,2019-01-24,A,77.414,16.25,83042.507,I,derivative,Phantom Stock (unitized),Common Stock,22.0,,
732712,2019-01-28,VZ,Erwin Tami A.,,0001611593-19-000015,2019-01-24,A,80.965,16.25,16900.594,I,derivative,Phantom Stock (unitized),Common Stock,23.0,,
732712,2019-01-28,VZ,Ellis Matthew D.,,0001611593-19-000014,2019-01-24,A,95.17,16.25,21645.009,I,derivative,Phantom Stock (unitized),Common Stock,27.0,,
732712,2019-01-28,VZ,Malady Kyle,,0001611593-19-000017,2019-01-24,A,59.659,16.25,58837.27,I,derivative,Phantom Stock (unitized),Common Stock,17.0,,
732712,2019-01-28,VZ,Dunne Ronan,,0001611593-19-000013,2019-01-24,A,102.272,16.25,18447.171,I,derivative,Phantom Stock (unitized),Common Stock,29.0,,
732712,2019-01-28,VZ,Gowrappan Kumara Guru,,0001611593-19-000016,2019-01-24,A,80.965,16.25,1653.553,I,derivative,Phantom Stock (unitized),Common Stock,23.0,,
732712,2019-01-28,VZ,SILLIMAN CRAIG L.,,0001611593-19-000019,2019-01-24,A,140.624,16.25,161783.139,I,derivative,Phantom Stock (unitized),Common Stock,40.0,,
732712,2019-02-11,VZ,Skiadas Anthony T,,0001611593-19-000029,2019-02-07,A,40.832,15.26,57351.804,I,derivative,Phantom Stock (unitized),Common Stock,12.0,,
732712,2019-02-11,VZ,SILLIMAN CRAIG L.,,0001611593-19-000028,2019-02-07,A,149.718,15.26,163703.102,I,derivative,Phantom Stock (unitized),Common Stock,42.0,,
732712,2019-02-11,VZ,Malady Kyle,,0001611593-19-000026,2019-02-07,A,63.516,15.26,59544.403,I,derivative,Phantom Stock (unitized),Common Stock,18.0,,
732712,2019-02-11,VZ,Gowrappan Kumara Guru,,0001611593-19-000025,2019-02-07,A,86.2,15.26,1756.111,I,derivative,Phantom Stock (unitized),Common Stock,25.0,,
732712,2019-02-11,VZ,REED MARC C,,0001611593-19-000027,2019-02-07,A,82.42,15.26,84033.471,I,derivative,Phantom Stock (unitized),Common Stock,23.0,,
732712,2019-02-11,VZ,Dunne Ronan,,0001611593-19-000022,2019-02-07,A,108.885,15.26,18756.025,I,derivative,Phantom Stock (unitized),Common Stock,31.0,,
732712,2019-02-11,VZ,Erwin Tami A.,,0001611593-19-000024,2019-02-07,A,86.2,15.26,17170.276,I,derivative,Phantom Stock (unitized),Common Stock,25.0,,
732712,2019-02-11,VZ,Ellis Matthew D.,,0001611593-19-000023,2019-02-07,A,101.323,15.26,21981.507,I,derivative,Phantom Stock (unitized),Common Stock,29.0,,
732712,2019-02-11,VZ,Vestberg Hans Erik,,0001611593-19-000030,2019-02-07,A,184.5,15.26,4487.964,I,derivative,Phantom Stock (unitized),Common Stock,53.0,,
732712,2019-02-25,VZ,Erwin Tami A.,,0001611593-19-000033,2019-02-21,A,4223.506,15.99,21393.782,I,derivative,Phantom Stock (unitized),Common Stock,1203.0,,
732712,2019-02-25,VZ,SILLIMAN CRAIG L.,,0001611593-19-000037,2019-02-21,A,9345.64,15.99,173048.742,I,derivative,Phantom Stock (unitized),Common Stock,2662.0,,
732712,2019-02-25,VZ,REED MARC C,,0001611593-19-000036,2019-02-21,A,5140.173,15.99,89173.644,I,derivative,Phantom Stock (unitized),Common Stock,1464.0,,
732712,2019-02-25,VZ,Dunne Ronan,,0001611593-19-000031,2019-02-21,A,5318.81,15.99,24074.835,I,derivative,Phantom Stock (unitized),Common Stock,1515.0,,
732712,2019-02-25,VZ,Vestberg Hans Erik,,0001611593-19-000039,2019-02-21,A,10503.615,15.99,14991.579,I,derivative,Phantom Stock (unitized),Common Stock,2991.0,,
732712,2019-02-25,VZ,Ellis Matthew D.,,0001611593-19-000032,2019-02-21,A,5004.834,15.99,26986.341,I,derivative,Phantom Stock (unitized),Common Stock,1425.0,,
732712,2019-02-25,VZ,Gowrappan Kumara Guru,,0001611593-19-000034,2019-02-21,A,3909.711,15.99,5665.822,I,derivative,Phantom Stock (unitized),Common Stock,1113.0,,
732712,2019-02-25,VZ,Skiadas Anthony T,,0001611593-19-000038,2019-02-21,A,1945.193,15.99,59296.997,I,derivative,Phantom Stock (unitized),Common Stock,554.0,,
732712,2019-02-25,VZ,Malady Kyle,,0001611593-19-000035,2019-02-21,A,3090.446,15.99,62634.849,I,derivative,Phantom Stock (unitized),Common Stock,880.0,,
732712,2019-02-26,VZ,Ellis Matthew D.,,0001611593-19-000041,2019-02-22,M,13003.0,,41671.0,D,non_derivative,Common Stock,,,,
732712,2019-02-26,VZ,Skiadas Anthony T,,0001611593-19-000046,2019-02-22,M,11960.0,,28019.0,D,non_derivative,Common Stock,,,,
732712,2019-02-26,VZ,Skiadas Anthony T,,0001611593-19-000046,2019-02-22,F,5825.0,56.92,22194.0,D,non_derivative,Common Stock,,,,
732712,2019-02-26,VZ,McAdam Lowell C,,0001611593-19-000040,2019-02-22,M,106305.0,,702832.0,D,non_derivative,Common Stock,,,,
732712,2019-02-26,VZ,SILLIMAN CRAIG L.,,0001611593-19-000045,2019-02-22,M,26577.0,,34802.0,D,non_derivative,Common Stock,,,,
732712,2019-02-26,VZ,SILLIMAN CRAIG L.,,0001611593-19-000045,2019-02-22,M,26577.0,,0.0,D,derivative,Restricted Stock Units - 2016-2018 Award Cycle,Common Stock,26577.0,,2019-02-22
732712,2019-02-26,VZ,SILLIMAN CRAIG L.,,0001611593-19-000045,2019-02-22,F,13089.0,56.92,21713.0,D,non_derivative,Common Stock,,,,
732712,2019-02-26,VZ,REED MARC C,,0001611593-19-000044,2019-02-22,M,35436.0,,140022.0,D,non_derivative,Common Stock,,,,
732712,2019-02-26,VZ,Malady Kyle,,0001611593-19-000043,2019-02-22,F,1673.0,56.92,3210.0,D,non_derivative,Common Stock,,,,
732712,2019-02-26,VZ,McAdam Lowell C,,0001611593-19-000040,2019-02-22,M,106305.0,,0.0,D,derivative,Restricted Stock Units - 2016-2018 Award Cycle,Common Stock,106305.0,,2019-02-22
732712,2019-02-26,VZ,Skiadas Anthony T,,0001611593-19-000046,2019-02-22,M,11960.0,,0.0,D,derivative,Restricted Stock Units - 2016-2018 Award Cycle,Common Stock,11960.0,,2019-02-22
732712,2019-02-26,VZ,Malady Kyle,,0001611593-19-000043,2019-02-22,M,4883.0,,4883.0,D,non_derivative,Common Stock,,,,
732712,2019-02-26,VZ,Ellis Matthew D.,,0001611593-19-000041,2019-02-22,M,15298.0,,0.0,D,derivative,Restricted Stock Units - 2016-2018 Award Cycle,Common Stock,15298.0,,2019-02-22
732712,2019-02-26,VZ,Malady Kyle,,0001611593-19-000043,2019-02-22,M,6976.0,,0.0,D,derivative,Restricted Stock Units - 2016-2018 Award Cycle,Common Stock,6976.0,,2019-02-22
732712,2019-02-26,VZ,McAdam Lowell C,,0001611593-19-000040,2019-02-22,F,53912.0,56.92,648920.0,D,non_derivative,Common Stock,,,,
732712,2019-02-26,VZ,REED MARC C,,0001611593-19-000044,2019-02-22,F,17537.0,56.92,122485.0,D,non_derivative,Common Stock,,,,
732712,2019-02-26,VZ,REED MARC C,,0001611593-19-000044,2019-02-22,M,35436.0,,0.0,D,derivative,Restricted Stock Units - 2016-2018 Award Cycle,Common Stock,35436.0,,2019-02-22
732712,2019-02-26,VZ,Ellis Matthew D.,,0001611593-19-000041,2019-02-22,F,6405.0,56.92,35266.0,D,non_derivative,Common Stock,,,,
732712,2019-02-28,VZ,McAdam Lowell C,,0001611593-19-000047,2019-02-26,S,285988.0,56.72,362932.0,D,non_derivative,Common Stock,,,,
732712,2019-03-05,VZ,SILLIMAN CRAIG L.,,0001611593-19-000054,2019-03-03,F,5033.0,56.96,26898.0,D,non_derivative,Common Stock,,,,
732712,2019-03-05,VZ,REED MARC C,,0001611593-19-000053,2019-03-03,M,11678.0,,11678.0,D,derivative,Restricted Stock Units - 2017-2020 Award Cycle,Common Stock,11678.0,,
732712,2019-03-05,VZ,Skiadas Anthony T,,0001611593-19-000055,2019-03-03,M,4072.0,,26266.0,D,non_derivative,Common Stock,,,,
732712,2019-03-05,VZ,Skiadas Anthony T,,0001611593-19-000055,2019-03-03,M,4072.0,,4073.0,D,derivative,Restricted Stock Units - 2017-2020 Award Cycle,Common Stock,4072.0,,
732712,2019-03-05,VZ,SILLIMAN CRAIG L.,,0001611593-19-000054,2019-03-03,M,10218.0,,31931.0,D,non_derivative,Common Stock,,,,
732712,2019-03-05,VZ,Ellis Matthew D.,,0001611593-19-000050,2019-03-03,M,10948.0,,10949.0,D,derivative,Restricted Stock Units - 2017-2020 Award Cycle,Common Stock,10948.0,,
732712,2019-03-05,VZ,REED MARC C,,0001611593-19-000053,2019-03-03,F,5974.0,56.96,128189.0,D,non_derivative,Common Stock,,,,
732712,2019-03-05,VZ,Malady Kyle,,0001611593-19-000052,2019-03-03,M,2277.0,,5487.0,D,non_derivative,Common Stock,,,,
732712,2019-03-05,VZ,Malady Kyle,,0001611593-19-000052,2019-03-03,F,926.0,56.96,4561.0,D,non_derivative,Common Stock,,,,
732712,2019-03-05,VZ,SILLIMAN CRAIG L.,,0001611593-19-000054,2019-03-03,M,10218.0,,10218.0,D,derivative,Restricted Stock Units - 2017-2020 Award Cycle,Common Stock,10218.0,,
732712,2019-03-05,VZ,REED MARC C,,0001611593-19-000053,2019-03-03,M,11678.0,,134163.0,D,non_derivative,Common Stock,,,,
732712,2019-03-05,VZ,Skiadas Anthony T,,0001611593-19-000055,2019-03-03,F,2006.0,56.96,24260.0,D,non_derivative,Common Stock,,,,
732712,2019-03-05,VZ,Ellis Matthew D.,,0001611593-19-000050,2019-03-03,M,9306.0,,44572.0,D,non_derivative,Common Stock,,,,
732712,2019-03-05,VZ,Dunne Ronan,,0001611593-19-000049,2019-03-03,F,4449.0,56.96,8964.0,D,non_derivative,Common Stock,,,,
732712,2019-03-05,VZ,Dunne Ronan,,0001611593-19-000049,2019-03-03,M,9032.0,,13413.0,D,non_derivative,Common Stock,,,,
732712,2019-03-05,VZ,Ellis Matthew D.,,0001611593-19-000050,2019-03-03,F,4584.0,56.96,39988.0,D,non_derivative,Common Stock,,,,
732712,2019-03-05,VZ,Erwin Tami A.,,0001611593-19-000051,2019-03-03,F,4134.0,56.96,12967.0,D,non_derivative,Common Stock,,,,
732712,2019-03-05,VZ,Erwin Tami A.,,0001611593-19-000051,2019-03-03,M,8393.0,,8393.0,D,derivative,Restricted Stock Units - 2017-2020 Award Cycle,Common Stock,8393.0,,
732712,2019-03-05,VZ,Erwin Tami A.,,0001611593-19-000051,2019-03-03,M,8393.0,,17101.0,D,non_derivative,Common Stock,,,,
732712,2019-03-05,VZ,Dunne Ronan,,0001611593-19-000049,2019-03-03,M,12042.0,,12043.0,D,derivative,Restricted Stock Units - 2017-2020 Award Cycle,Common Stock,12042.0,,
732712,2019-03-05,VZ,McAdam Lowell C,,0001611593-19-000048,2019-03-03,M,35033.0,,397965.0,D,non_derivative,Common Stock,,,,
732712,2019-03-05,VZ,McAdam Lowell C,,0001611593-19-000048,2019-03-03,M,35033.0,,35033.0,D,derivative,Restricted Stock Units - 2017-2020 Award Cycle,Common Stock,35033.0,,
732712,2019-03-05,VZ,McAdam Lowell C,,0001611593-19-000048,2019-03-03,F,17783.0,56.96,380182.0,D,non_derivative,Common Stock,,,,
732712,2019-03-05,VZ,Malady Kyle,,0001611593-19-000052,2019-03-03,M,3503.0,,3504.0,D,derivative,Restricted Stock Units - 2017-2020 Award Cycle,Common Stock,3503.0,,
732712,2019-03-06,VZ,SILLIMAN CRAIG L.,,0001611593-19-000056,2019-03-04,S,1349.0,57.12,25549.0,D,non_derivative,Common Stock,,,,
732712,2019-03-08,VZ,Vestberg Hans Erik,,0001611593-19-000066,2019-03-06,M,18828.0,,25319.0,D,non_derivative,Common Stock,,,,
732712,2019-03-08,VZ,Skiadas Anthony T,,0001611593-19-000065,2019-03-06,F,1819.0,55.68,26134.0,D,non_derivative,Common Stock,,,,
732712,2019-03-08,VZ,REED MARC C,,0001611593-19-000063,2019-03-06,F,7224.0,55.68,135087.0,D,non_derivative,Common Stock,,,,
732712,2019-03-08,VZ,Vestberg Hans Erik,,0001611593-19-000066,2019-03-06,M,18828.0,,37658.0,D,derivative,Restricted Stock Units - 2018-2021 Award Cycle,Common Stock,18828.0,,
732712,2019-03-08,VZ,Skiadas Anthony T,,0001611593-19-000065,2019-03-06,M,3693.0,,7387.0,D,derivative,Restricted Stock Units - 2018-2021 Award Cycle,Common Stock,3693.0,,
732712,2019-03-08,VZ,Qureshi Rima,,0001611593-19-000062,2019-03-06,M,10698.0,,10698.0,D,non_derivative,Common Stock,,,,
732712,2019-03-08,VZ,REED MARC C,,0001611593-19-000063,2019-03-06,M,14122.0,,142311.0,D,non_derivative,Common Stock,,,,
732712,2019-03-08,VZ,SILLIMAN CRAIG L.,,0001611593-19-000064,2019-03-06,M,10698.0,,21397.0,D,derivative,Restricted Stock Units - 2018-2021 Award Cycle,Common Stock,10698.0,,
732712,2019-03-08,VZ,SILLIMAN CRAIG L.,,0001611593-19-000064,2019-03-06,M,10698.0,,36247.0,D,non_derivative,Common Stock,,,,
732712,2019-03-08,VZ,SILLIMAN CRAIG L.,,0001611593-19-000064,2019-03-06,F,5473.0,55.68,30774.0,D,non_derivative,Common Stock,,,,
732712,2019-03-08,VZ,Vestberg Hans Erik,,0001611593-19-000066,2019-03-06,F,9273.0,55.68,16046.0,D,non_derivative,Common Stock,,,,
732712,2019-03-08,VZ,Skiadas Anthony T,,0001611593-19-000065,2019-03-06,M,3693.0,,27953.0,D,non_derivative,Common Stock,,,,
732712,2019-03-08,VZ,REED MARC C,,0001611593-19-000063,2019-03-06,M,14122.0,,28244.0,D,derivative,Restricted Stock Units - 2018-2021 Award Cycle,Common Stock,14122.0,,
732712,2019-03-08,VZ,Qureshi Rima,,0001611593-19-000062,2019-03-06,F,5979.0,55.68,4719.0,D,non_derivative,Common Stock,,,,
732712,2019-03-08,VZ,McAdam Lowell C,,0001611593-19-000061,2019-03-06,M,34233.0,,414415.0,D,non_derivative,Common Stock,,,,
732712,2019-03-08,VZ,Ellis Matthew D.,,0001611593-19-000058,2019-03-06,F,6744.0,55.68,46937.0,D,non_derivative,Common Stock,,,,
732712,2019-03-08,VZ,McAdam Lowell C,,0001611593-19-000061,2019-03-06,F,17384.0,55.68,397031.0,D,non_derivative,Common Stock,,,,
732712,2019-03-08,VZ,Qureshi Rima,,0001611593-19-000062,2019-03-06,M,10698.0,,21397.0,D,derivative,Restricted Stock Units - 2018-2021 Award Cycle,Common Stock,10698.0,,
732712,2019-03-08,VZ,Dunne Ronan,,0001611593-19-000057,2019-03-06,F,5971.0,55.68,15117.0,D,non_derivative,Common Stock,,,,
732712,2019-03-08,VZ,Ellis Matthew D.,,0001611593-19-000058,2019-03-06,M,13693.0,,27388.0,D,derivative,Restricted Stock Units - 2018-2021 Award Cycle,Common Stock,13693.0,,
732712,2019-03-08,VZ,Erwin Tami A.,,0001611593-19-000059,2019-03-06,M,9628.0,,19258.0,D,derivative,Restricted Stock Units - 2018-2021 Award Cycle,Common Stock,9628.0,,
732712,2019-03-08,VZ,McAdam Lowell C,,0001611593-19-000061,2019-03-06,M,34233.0,,68469.0,D,derivative,Restricted Stock Units - 2018-2021 Award Cycle,Common Stock,34233.0,,
732712,2019-03-08,VZ,Malady Kyle,,0001611593-19-000060,2019-03-06,F,2108.0,55.68,6732.0,D,non_derivative,Common Stock,,,,
732712,2019-03-08,VZ,Malady Kyle,,0001611593-19-000060,2019-03-06,M,4279.0,,8559.0,D,derivative,Restricted Stock Units - 2018-2021 Award Cycle,Common Stock,4279.0,,
732712,2019-03-08,VZ,Ellis Matthew D.,,0001611593-19-000058,2019-03-06,M,13693.0,,53681.0,D,non_derivative,Common Stock,,,,
732712,2019-03-08,VZ,Dunne Ronan,,0001611593-19-000057,2019-03-06,M,12124.0,,24250.0,D,derivative,Restricted Stock Units - 2018-2021 Award Cycle,Common Stock,12124.0,,
732712,2019-03-08,VZ,Erwin Tami A.,,0001611593-19-000059,2019-03-06,M,9628.0,,22595.0,D,non_derivative,Common Stock,,,,
732712,2019-03-08,VZ,Malady Kyle,,0001611593-19-000060,2019-03-06,M,4279.0,,8840.0,D,non_derivative,Common Stock,,,,
732712,2019-03-08,VZ,Dunne Ronan,,0001611593-19-000057,2019-03-06,M,12124.0,,21088.0,D,non_derivative,Common Stock,,,,
732712,2019-03-08,VZ,Erwin Tami A.,,0001611593-19-000059,2019-03-06,F,4742.0,55.68,17853.0,D,non_derivative,Common Stock,,,,
732712,2019-03-11,VZ,SILLIMAN CRAIG L.,,0001611593-19-000073,2019-03-07,A,142.508,16.03,173191.25,I,derivative,Phantom Stock (unitized),Common Stock,40.0,,
732712,2019-03-11,VZ,Vestberg Hans Erik,,0001611593-19-000075,2019-03-07,A,175.616,16.03,15167.195,I,derivative,Phantom Stock (unitized),Common Stock,50.0,,
732712,2019-03-11,VZ,Malady Kyle,,0001611593-19-000071,2019-03-07,A,60.458,16.03,62695.307,I,derivative,Phantom Stock (unitized),Common Stock,17.0,,
732712,2019-03-11,VZ,Skiadas Anthony T,,0001611593-19-000074,2019-03-07,A,38.866,16.03,59335.863,I,derivative,Phantom Stock (unitized),Common Stock,11.0,,
732712,2019-03-11,VZ,Erwin Tami A.,,0001611593-19-000069,2019-03-07,A,82.05,16.03,21475.832,I,derivative,Phantom Stock (unitized),Common Stock,23.0,,
732712,2019-03-11,VZ,Dunne Ronan,,0001611593-19-000067,2019-03-07,A,103.643,16.03,24178.478,I,derivative,Phantom Stock (unitized),Common Stock,30.0,,
732712,2019-03-11,VZ,Ellis Matthew D.,,0001611593-19-000068,2019-03-07,A,96.445,16.03,27082.786,I,derivative,Phantom Stock (unitized),Common Stock,27.0,,
732712,2019-03-11,VZ,REED MARC C,,0001611593-19-000072,2019-03-07,A,78.451,16.03,89252.095,I,derivative,Phantom Stock (unitized),Common Stock,22.0,,
732712,2019-03-11,VZ,Gowrappan Kumara Guru,,0001611593-19-000070,2019-03-07,A,82.05,16.03,5747.872,I,derivative,Phantom Stock (unitized),Common Stock,23.0,,
732712,2019-03-12,VZ,Vestberg Hans Erik,,0001611593-19-000087,2019-03-08,A,84911.0,0.0,84911.0,D,derivative,Restricted Stock Units - 2019-2022 Award Cycle,Common Stock,84911.0,,
732712,2019-03-12,VZ,Weaver Gregory G.,,0001611593-19-000086,2019-03-08,A,3096.0,0.0,18811.0,I,derivative,Phantom Stock,Common Stock,3096.0,,
732712,2019-03-12,VZ,Skiadas Anthony T,,0001611593-19-000096,2019-03-08,A,11676.0,0.0,11676.0,D,derivative,Restricted Stock Units - 2019-2022 Award Cycle,Common Stock,11676.0,,
732712,2019-03-12,VZ,ARCHAMBEAU SHELLYE L,,0001611593-19-000076,2019-03-08,A,3096.0,0.0,25865.0,I,derivative,Phantom Stock,Common Stock,3096.0,,
732712,2019-03-12,VZ,SLATER RODNEY E,,0001611593-19-000084,2019-03-08,A,3096.0,0.0,47310.0,I,derivative,Phantom Stock,Common Stock,3096.0,,
732712,2019-03-12,VZ,Erwin Tami A.,,0001611593-19-000090,2019-03-08,A,36088.0,0.0,36088.0,D,derivative,Restricted Stock Units - 2019-2022 Award Cycle,Common Stock,36088.0,,
732712,2019-03-12,VZ,Gowrappan Kumara Guru,,0001611593-19-000091,2019-03-08,A,36088.0,0.0,36088.0,D,derivative,Restricted Stock Units - 2019-2022 Award Cycle,Common Stock,36088.0,,
732712,2019-03-12,VZ,Ellis Matthew D.,,0001611593-19-000089,2019-03-08,A,40333.0,0.0,40333.0,D,derivative,Restricted Stock Units - 2019-2022 Award Cycle,Common Stock,40333.0,,
732712,2019-03-12,VZ,Dunne Ronan,,0001611593-19-000088,2019-03-08,A,42456.0,0.0,42456.0,D,derivative,Restricted Stock Units - 2019-2022 Award Cycle,Common Stock,42456.0,,
732712,2019-03-12,VZ,SCHULMAN DANIEL H,,0001611593-19-000083,2019-03-08,A,3096.0,0.0,7259.0,I,derivative,Phantom Stock,Common Stock,3096.0,,
732712,2019-03-12,VZ,SILLIMAN CRAIG L.,,0001611593-19-000093,2019-03-08,A,28791.0,0.0,28791.0,D,derivative,Restricted Stock Units - 2019-2022 Award Cycle,Common Stock,28791.0,,
732712,2019-03-12,VZ,Tesija Kathryn A,,0001611593-19-000085,2019-03-08,A,3096.0,0.0,30175.0,I,derivative,Phantom Stock,Common Stock,3096.0,,
732712,2019-03-12,VZ,Keeth Martha Frances,,0001611593-19-000080,2019-03-08,A,3096.0,0.0,70522.0,I,derivative,Phantom Stock,Common Stock,3096.0,,
732712,2019-03-12,VZ,Healey Melanie,,0001611593-19-000079,2019-03-08,A,3096.0,0.0,35717.0,I,derivative,Phantom Stock,Common Stock,3096.0,,
732712,2019-03-12,VZ,CARRION RICHARD L,,0001611593-19-000078,2019-03-08,A,3096.0,0.0,132500.0,I,derivative,Phantom Stock,Common Stock,3096.0,,
732712,2019-03-12,VZ,Bertolini Mark T,,0001611593-19-000077,2019-03-08,A,3096.0,0.0,21028.0,I,derivative,Phantom Stock,Common Stock,3096.0,,
732712,2019-03-12,VZ,REED MARC C,,0001611593-19-000092,2019-03-08,A,35026.0,0.0,35026.0,D,derivative,Restricted Stock Units - 2019-2022 Award Cycle,Common Stock,35026.0,,
732712,2019-03-12,VZ,Qureshi Rima,,0001611593-19-000094,2019-03-08,A,28791.0,0.0,28791.0,D,derivative,Restricted Stock Units - 2019-2022 Award Cycle,Common Stock,28791.0,,
732712,2019-03-12,VZ,OTIS CLARENCE JR,,0001611593-19-000082,2019-03-08,A,3096.0,0.0,78902.0,I,derivative,Phantom Stock,Common Stock,3096.0,,
732712,2019-03-12,VZ,McAdam Lowell C,,0001611593-19-000081,2019-03-08,A,3096.0,0.0,3096.0,I,derivative,Phantom Stock,Common Stock,3096.0,,
732712,2019-03-12,VZ,Malady Kyle,,0001611593-19-000095,2019-03-08,A,24766.0,0.0,24766.0,D,derivative,Restricted Stock Units - 2019-2022 Award Cycle,Common Stock,24766.0,,
732712,2019-03-25,VZ,Gowrappan Kumara Guru,,0001611593-19-000100,2019-03-21,A,79.268,16.59,5827.14,I,derivative,Phantom Stock (unitized),Common Stock,23.0,,
732712,2019-03-25,VZ,Ellis Matthew D.,,0001611593-19-000098,2019-03-21,A,93.175,16.59,27175.961,I,derivative,Phantom Stock (unitized),Common Stock,27.0,,
732712,2019-03-25,VZ,Erwin Tami A.,,0001611593-19-000099,2019-03-21,A,79.268,16.59,21555.1,I,derivative,Phantom Stock (unitized),Common Stock,23.0,,
732712,2019-03-25,VZ,Malady Kyle,,0001611593-19-000101,2019-03-21,A,58.408,16.59,62753.715,I,derivative,Phantom Stock (unitized),Common Stock,17.0,,
732712,2019-03-25,VZ,REED MARC C,,0001611593-19-000102,2019-03-21,A,75.791,16.59,89327.886,I,derivative,Phantom Stock (unitized),Common Stock,22.0,,
732712,2019-03-25,VZ,SILLIMAN CRAIG L.,,0001611593-19-000103,2019-03-21,A,137.676,16.59,173328.926,I,derivative,Phantom Stock (unitized),Common Stock,40.0,,
732712,2019-03-25,VZ,Skiadas Anthony T,,0001611593-19-000104,2019-03-21,A,37.548,16.59,59373.411,I,derivative,Phantom Stock (unitized),Common Stock,11.0,,
732712,2019-03-25,VZ,Vestberg Hans Erik,,0001611593-19-000105,2019-03-21,A,169.662,16.59,15336.857,I,derivative,Phantom Stock (unitized),Common Stock,48.0,,
732712,2019-03-25,VZ,Dunne Ronan,,0001611593-19-000097,2019-03-21,A,100.128,16.59,24278.606,I,derivative,Phantom Stock (unitized),Common Stock,29.0,,
732712,2019-03-28,VZ,SILLIMAN CRAIG L.,,0001611593-19-000106,2019-03-26,S,1349.0,60.3,29426.0,D,non_derivative,Common Stock,,,,
732712,2019-03-29,VZ,Erwin Tami A.,,0001611593-19-000109,2019-03-27,A,2054.816,17.33,23609.916,I,derivative,Phantom Stock (unitized),Common Stock,585.0,,
732712,2019-03-29,VZ,Gowrappan Kumara Guru,,0001611593-19-000110,2019-03-27,A,568.7,17.33,6395.84,I,derivative,Phantom Stock (unitized),Common Stock,162.0,,
732712,2019-03-29,VZ,Malady Kyle,,0001611593-19-000111,2019-03-27,A,1199.156,17.33,63952.871,I,derivative,Phantom Stock (unitized),Common Stock,341.0,,
732712,2019-03-29,VZ,SILLIMAN CRAIG L.,,0001611593-19-000114,2019-03-27,A,2499.922,17.33,175828.848,I,derivative,Phantom Stock (unitized),Common Stock,711.0,,
732712,2019-03-29,VZ,Dunne Ronan,,0001611593-19-000107,2019-03-27,A,2981.657,17.33,27260.263,I,derivative,Phantom Stock (unitized),Common Stock,849.0,,
732712,2019-03-29,VZ,Vestberg Hans Erik,,0001611593-19-000116,2019-03-27,A,3836.757,17.33,19173.614,I,derivative,Phantom Stock (unitized),Common Stock,1092.0,,
732712,2019-03-29,VZ,Ellis Matthew D.,,0001611593-19-000108,2019-03-27,A,2707.266,17.33,29883.227,I,derivative,Phantom Stock (unitized),Common Stock,770.0,,
732712,2019-03-29,VZ,REED MARC C,,0001611593-19-000113,2019-03-27,A,2877.984,17.33,92205.87,I,derivative,Phantom Stock (unitized),Common Stock,819.0,,
732712,2019-03-29,VZ,Qureshi Rima,,0001611593-19-000112,2019-03-27,A,2499.922,17.33,2499.922,I,derivative,Phanton Stock (unitized),Common Stock,711.0,,
732712,2019-03-29,VZ,Skiadas Anthony T,,0001611593-19-000115,2019-03-27,A,1094.374,17.33,60467.785,I,derivative,Phantom Stock (unitized),Common Stock,311.0,,
732712,2019-04-05,VZ,Vestberg Hans Erik,,0001611593-19-000117,2019-04-03,M,13380.0,,29426.0,D,non_derivative,Common Stock,,,,
732712,2019-04-05,VZ,Vestberg Hans Erik,,0001611593-19-000117,2019-04-03,M,13380.0,,13381.0,D,derivative,Restricted Stock Units - 2017-2020 Award Cycle,Common Stock,13380.0,,
732712,2019-04-05,VZ,Vestberg Hans Erik,,0001611593-19-000117,2019-04-03,F,6845.0,58.87,22581.0,D,non_derivative,Common Stock,,,,
732712,2019-04-08,VZ,Vestberg Hans Erik,,0001611593-19-000126,2019-04-04,A,167.65,16.79,19341.264,I,derivative,Phantom Stock (unitized),Common Stock,48.0,,
732712,2019-04-08,VZ,Skiadas Anthony T,,0001611593-19-000125,2019-04-04,A,37.103,16.79,60504.888,I,derivative,Phantom Stock (unitized),Common Stock,11.0,,
732712,2019-04-08,VZ,REED MARC C,,0001611593-19-000123,2019-04-04,A,74.893,16.79,92280.763,I,derivative,Phantom Stock (unitized),Common Stock,21.0,,
732712,2019-04-08,VZ,SILLIMAN CRAIG L.,,0001611593-19-000124,2019-04-04,A,136.044,16.79,175964.892,I,derivative,Phantom Stock (unitized),Common Stock,38.0,,
732712,2019-04-08,VZ,Gowrappan Kumara Guru,,0001611593-19-000121,2019-04-04,A,78.328,16.79,6474.168,I,derivative,Phantom Stock (unitized),Common Stock,22.0,,
732712,2019-04-08,VZ,Ellis Matthew D.,,0001611593-19-000119,2019-04-04,A,92.07,16.79,29975.297,I,derivative,Phantom Stock (unitized),Common Stock,26.0,,
732712,2019-04-08,VZ,Erwin Tami A.,,0001611593-19-000120,2019-04-04,A,78.328,16.79,23688.244,I,derivative,Phantom Stock (unitized),Common Stock,22.0,,
732712,2019-04-08,VZ,Dunne Ronan,,0001611593-19-000118,2019-04-04,A,98.941,16.79,27359.204,I,derivative,Phantom Stock (unitized),Common Stock,28.0,,
732712,2019-04-08,VZ,Malady Kyle,,0001611593-19-000122,2019-04-04,A,57.716,16.79,64010.587,I,derivative,Phantom Stock (unitized),Common Stock,16.0,,
732712,2019-04-11,VZ,Gowrappan Kumara Guru,,0001611593-19-000127,2019-04-09,M,37901.0,,37901.0,D,non_derivative,Common Stock,,,,
732712,2019-04-11,VZ,Gowrappan Kumara Guru,,0001611593-19-000127,2019-04-09,F,18693.0,58.4,19208.0,D,non_derivative,Common Stock,,,,
732712,2019-04-11,VZ,Gowrappan Kumara Guru,,0001611593-19-000127,2019-04-09,D,19208.0,58.4,0.0,D,non_derivative,Common Stock,,,,
732712,2019-04-11,VZ,Gowrappan Kumara Guru,,0001611593-19-000127,2019-04-09,M,37901.0,,75802.0,D,derivative,Restricted Stock Units - 2018 - 2021 Award Cycle,Common Stock,37901.0,,
732712,2019-04-22,VZ,Vestberg Hans Erik,,0001611593-19-000136,2019-04-18,A,170.37,16.53,19511.634,I,derivative,Phantom Stock (unitized),Common Stock,49.0,,
732712,2019-04-22,VZ,Gowrappan Kumara Guru,,0001611593-19-000131,2019-04-18,A,79.599,16.53,6553.767,I,derivative,Phantom Stock (unitized),Common Stock,23.0,,
732712,2019-04-22,VZ,Ellis Matthew D.,,0001611593-19-000129,2019-04-18,A,93.564,16.53,30068.861,I,derivative,Phantom Stock (unitized),Common Stock,27.0,,
732712,2019-04-22,VZ,Erwin Tami A.,,0001611593-19-000130,2019-04-18,A,79.599,16.53,23767.843,I,derivative,Phantom Stock (unitized),Common Stock,23.0,,
732712,2019-04-22,VZ,Skiadas Anthony T,,0001611593-19-000135,2019-04-18,A,37.705,16.53,60542.593,I,derivative,Phantom Stock (unitized),Common Stock,11.0,,
732712,2019-04-22,VZ,Dunne Ronan,,0001611593-19-000128,2019-04-18,A,100.546,16.53,27459.75,I,derivative,Phantom Stock (unitized),Common Stock,29.0,,
732712,2019-04-22,VZ,SILLIMAN CRAIG L.,,0001611593-19-000134,2019-04-18,A,138.252,16.53,176103.144,I,derivative,Phantom Stock (unitized),Common Stock,40.0,,
732712,2019-04-22,VZ,Malady Kyle,,0001611593-19-000132,2019-04-18,A,58.652,16.53,64069.239,I,derivative,Phantom Stock (unitized),Common Stock,17.0,,
732712,2019-04-22,VZ,REED MARC C,,0001611593-19-000133,2019-04-18,A,76.108,16.53,92356.871,I,derivative,Phantom Stock (unitized),Common Stock,22.0,,
732712,2019-04-30,VZ,SILLIMAN CRAIG L.,,0001611593-19-000137,2019-04-26,S,1349.0,56.06,28077.0,D,non_derivative,Common Stock,,,,
732712,2019-05-03,VZ,Skiadas Anthony T,,0001611593-19-000138,2019-05-01,S,6134.0,57.11,20000.0,D,non_derivative,Common Stock,,,,
732712,2019-05-06,VZ,SILLIMAN CRAIG L.,,0001611593-19-000147,2019-05-02,A,140.794,16.23,178101.811,I,derivative,Phantom Stock (unitized),Common Stock,40.0,,
732712,2019-05-06,VZ,Vestberg Hans Erik,,0001611593-19-000149,2019-05-02,A,173.503,16.23,19889.347,I,derivative,Phantom Stock (unitized),Common Stock,49.0,,
732712,2019-05-06,VZ,Ellis Matthew D.,,0001611593-19-000142,2019-05-02,A,95.284,16.23,30480.631,I,derivative,Phantom Stock (unitized),Common Stock,27.0,,
732712,2019-05-06,VZ,Skiadas Anthony T,,0001611593-19-000148,2019-05-02,A,38.398,16.23,61219.813,I,derivative,Phantom Stock (unitized),Common Stock,11.0,,
732712,2019-05-06,VZ,REED MARC C,,0001611593-19-000146,2019-05-02,A,77.507,16.23,93408.697,I,derivative,Phantom Stock (unitized),Common Stock,22.0,,
732712,2019-05-06,VZ,Erwin Tami A.,,0001611593-19-000143,2019-05-02,A,81.063,16.23,24099.012,I,derivative,Phantom Stock (unitized),Common Stock,23.0,,
732712,2019-05-06,VZ,Gowrappan Kumara Guru,,0001611593-19-000144,2019-05-02,A,81.063,16.23,6703.185,I,derivative,Phantom Stock (unitized),Common Stock,23.0,,
732712,2019-05-06,VZ,Dunne Ronan,,0001611593-19-000141,2019-05-02,A,102.395,16.23,27851.008,I,derivative,Phantom Stock (unitized),Common Stock,29.0,,
732712,2019-05-06,VZ,Malady Kyle,,0001611593-19-000145,2019-05-02,A,59.731,16.23,64804.806,I,derivative,Phantom Stock (unitized),Common Stock,17.0,,
732712,2019-05-06,VZ,Colao Vittorio,,0001611593-19-000140,2019-05-02,A,5047.0,56.99,5047.0,I,derivative,Phantom Stock,Common Stock,5047.0,,
732712,2019-05-17,VZ,Dunne Ronan,,0001611593-19-000151,2019-05-16,A,101.706,16.34,27952.714,I,derivative,Phantom Stock (unitized),Common Stock,29.0,,
732712,2019-05-17,VZ,Gowrappan Kumara Guru,,0001611593-19-000154,2019-05-16,A,80.517,16.34,6783.702,I,derivative,Phantom Stock (unitized),Common Stock,23.0,,
732712,2019-05-17,VZ,Erwin Tami A.,,0001611593-19-000153,2019-05-16,A,80.517,16.34,24179.529,I,derivative,Phantom Stock (unitized),Common Stock,23.0,,
732712,2019-05-17,VZ,Malady Kyle,,0001611593-19-000155,2019-05-16,A,59.328,16.34,64864.134,I,derivative,Phantom Stock (unitized),Common Stock,17.0,,
732712,2019-05-17,VZ,Vestberg Hans Erik,,0001611593-19-000159,2019-05-16,A,172.334,16.34,20061.681,I,derivative,Phantom Stock (unitized),Common Stock,49.0,,
732712,2019-05-17,VZ,REED MARC C,,0001611593-19-000156,2019-05-16,A,76.985,16.34,93485.682,I,derivative,Phantom Stock (unitized),Common Stock,22.0,,
732712,2019-05-17,VZ,SILLIMAN CRAIG L.,,0001611593-19-000157,2019-05-16,A,139.846,16.34,178241.657,I,derivative,Phantom Stock (unitized),Common Stock,40.0,,
732712,2019-05-17,VZ,Skiadas Anthony T,,0001611593-19-000158,2019-05-16,A,38.14,16.34,61257.953,I,derivative,Phantom Stock (unitized),Common Stock,11.0,,
732712,2019-05-17,VZ,Ellis Matthew D.,,0001611593-19-000152,2019-05-16,A,94.643,16.34,30575.274,I,derivative,Phantom Stock (unitized),Common Stock,27.0,,
732712,2019-05-30,VZ,SILLIMAN CRAIG L.,,0001611593-19-000161,2019-05-28,S,1349.0,59.2,26728.0,D,non_derivative,Common Stock,,,,
732712,2019-06-03,VZ,SILLIMAN CRAIG L.,,0001611593-19-000168,2019-05-30,A,141.19,16.18,178382.847,I,derivative,Phantom Stock (unitized),Common Stock,40.0,,
732712,2019-06-03,VZ,Dunne Ronan,,0001611593-19-000162,2019-05-30,A,102.683,16.18,28055.397,I,derivative,Phantom Stock (unitized),Common Stock,29.0,,
732712,2019-06-03,VZ,Malady Kyle,,0001611593-19-000166,2019-05-30,A,59.899,16.18,64924.033,I,derivative,Phantom Stock (unitized),Common Stock,17.0,,
732712,2019-06-03,VZ,REED MARC C,,0001611593-19-000167,2019-05-30,A,77.725,16.18,93563.407,I,derivative,Phantom Stock (unitized),Common Stock,22.0,,
732712,2019-06-03,VZ,Erwin Tami A.,,0001611593-19-000164,2019-05-30,A,81.291,16.18,24260.82,I,derivative,Phantom Stock (unitized),Common Stock,23.0,,
732712,2019-06-03,VZ,Skiadas Anthony T,,0001611593-19-000169,2019-05-30,A,38.506,16.18,61296.459,I,derivative,Phantom Stock (unitized),Common Stock,11.0,,
732712,2019-06-03,VZ,Ellis Matthew D.,,0001611593-19-000163,2019-05-30,A,95.552,16.18,30670.826,I,derivative,Phantom Stock (unitized),Common Stock,27.0,,
732712,2019-06-03,VZ,Vestberg Hans Erik,,0001611593-19-000170,2019-05-30,A,173.991,16.18,20235.672,I,derivative,Phantom Stock (unitized),Common Stock,50.0,,
732712,2019-06-03,VZ,Gowrappan Kumara Guru,,0001611593-19-000165,2019-05-30,A,81.291,16.18,6864.993,I,derivative,Phantom Stock (unitized),Common Stock,23.0,,
732712,2019-06-17,VZ,Malady Kyle,,0001611593-19-000175,2019-06-13,A,73.149,16.4,64997.182,I,derivative,Phantom Stock (unitized),Common Stock,21.0,,
732712,2019-06-17,VZ,Dunne Ronan,,0001611593-19-000171,2019-06-13,A,101.284,16.4,28156.681,I,derivative,Phantom Stock (unitized),Common Stock,29.0,,
732712,2019-06-17,VZ,SILLIMAN CRAIG L.,,0001611593-19-000177,2019-06-13,A,153.332,16.4,178536.179,I,derivative,Phantom Stock (unitized),Common Stock,44.0,,
732712,2019-06-17,VZ,Vestberg Hans Erik,,0001611593-19-000179,2019-06-13,A,171.619,16.4,20407.291,I,derivative,Phantom Stock (unitized),Common Stock,49.0,,
732712,2019-06-17,VZ,Ellis Matthew D.,,0001611593-19-000172,2019-06-13,A,94.25,16.4,30765.076,I,derivative,Phantom Stock (unitized),Common Stock,27.0,,
732712,2019-06-17,VZ,Gowrappan Kumara Guru,,0001611593-19-000174,2019-06-13,A,80.183,16.4,6945.176,I,derivative,Phantom Stock (unitized),Common Stock,23.0,,
732712,2019-06-17,VZ,Erwin Tami A.,,0001611593-19-000173,2019-06-13,A,80.183,16.4,24341.003,I,derivative,Phantom Stock (unitized),Common Stock,23.0,,
732712,2019-06-17,VZ,Skiadas Anthony T,,0001611593-19-000178,2019-06-13,A,37.982,16.4,61334.441,I,derivative,Phantom Stock (unitized),Common Stock,11.0,,
732712,2019-06-17,VZ,REED MARC C,,0001611593-19-000176,2019-06-13,A,76.666,16.4,93640.073,I,derivative,Phantom Stock (unitized),Common Stock,22.0,,
732712,2019-06-28,VZ,SILLIMAN CRAIG L.,,0001611593-19-000180,2019-06-26,S,1349.0,58.15,25379.0,D,non_derivative,Common Stock,,,,
732712,2019-07-01,VZ,Skiadas Anthony T,,0001611593-19-000188,2019-06-27,A,38.226,16.3,61372.667,I,derivative,Phantom Stock (unitized),Common Stock,11.0,,
732712,2019-07-01,VZ,Vestberg Hans Erik,,0001611593-19-000189,2019-06-27,A,172.722,16.3,20580.013,I,derivative,Phantom Stock (unitized),Common Stock,49.0,,
732712,2019-07-01,VZ,SILLIMAN CRAIG L.,,0001611593-19-000187,2019-06-27,A,154.318,16.3,178690.497,I,derivative,Phantom Stock (unitized),Common Stock,44.0,,
732712,2019-07-01,VZ,Dunne Ronan,,0001611593-19-000181,2019-06-27,A,101.935,16.3,28258.616,I,derivative,Phantom Stock (unitized),Common Stock,29.0,,
732712,2019-07-01,VZ,REED MARC C,,0001611593-19-000186,2019-06-27,A,77.159,16.3,93717.232,I,derivative,Phantom Stock (unitized),Common Stock,22.0,,
732712,2019-07-01,VZ,Gowrappan Kumara Guru,,0001611593-19-000184,2019-06-27,A,80.698,16.3,7025.874,I,derivative,Phantom Stock (unitized),Common Stock,23.0,,
732712,2019-07-01,VZ,Malady Kyle,,0001611593-19-000185,2019-06-27,A,73.62,16.3,65070.802,I,derivative,Phantom Stock (unitized),Common Stock,21.0,,
732712,2019-07-01,VZ,Ellis Matthew D.,,0001611593-19-000182,2019-06-27,A,94.856,16.3,30859.932,I,derivative,Phantom Stock (unitized),Common Stock,27.0,,
732712,2019-07-01,VZ,Erwin Tami A.,,0001611593-19-000183,2019-06-27,A,80.698,16.3,24421.701,I,derivative,Phantom Stock (unitized),Common Stock,23.0,,
732712,2019-07-10,VZ,Pambianchi Christine M,,0001611593-19-000192,2019-07-08,A,91553.0,0.0,91553.0,D,derivative,Restricted Stock Units - 2019-2022 Award Cycle,Common Stock,91553.0,,
732712,2019-07-15,VZ,Vestberg Hans Erik,,0001611593-19-000200,2019-07-11,A,173.724,16.21,20753.737,I,derivative,Phantom Stock (unitized),Common Stock,49.0,,
732712,2019-07-15,VZ,Erwin Tami A.,,0001611593-19-000195,2019-07-11,A,81.166,16.21,24502.867,I,derivative,Phantom Stock (unitized),Common Stock,23.0,,
732712,2019-07-15,VZ,Gowrappan Kumara Guru,,0001611593-19-000196,2019-07-11,A,81.166,16.21,7107.04,I,derivative,Phantom Stock (unitized),Common Stock,23.0,,
732712,2019-07-15,VZ,Dunne Ronan,,0001611593-19-000193,2019-07-11,A,102.526,16.21,28361.142,I,derivative,Phantom Stock (unitized),Common Stock,29.0,,
732712,2019-07-15,VZ,SILLIMAN CRAIG L.,,0001611593-19-000198,2019-07-11,A,155.212,16.21,178845.709,I,derivative,Phantom Stock (unitized),Common Stock,44.0,,
732712,2019-07-15,VZ,Skiadas Anthony T,,0001611593-19-000199,2019-07-11,A,38.447,16.21,61411.114,I,derivative,Phantom Stock (unitized),Common Stock,11.0,,
732712,2019-07-15,VZ,Ellis Matthew D.,,0001611593-19-000194,2019-07-11,A,95.405,16.21,30955.337,I,derivative,Phantom Stock (unitized),Common Stock,27.0,,
732712,2019-07-15,VZ,Malady Kyle,,0001611593-19-000197,2019-07-11,A,74.046,16.21,65144.848,I,derivative,Phantom Stock (unitized),Common Stock,21.0,,
732712,2019-07-29,VZ,Skiadas Anthony T,,0001611593-19-000207,2019-07-25,A,38.828,16.05,61449.942,I,derivative,Phantom Stock (unitized),Common Stock,11.0,,
732712,2019-07-29,VZ,Malady Kyle,,0001611593-19-000205,2019-07-25,A,74.78,16.05,65219.628,I,derivative,Phantom Stock (unitized),Common Stock,21.0,,
732712,2019-07-29,VZ,Vestberg Hans Erik,,0001611593-19-000208,2019-07-25,A,175.445,16.05,20929.182,I,derivative,Phantom Stock (unitized),Common Stock,50.0,,
732712,2019-07-29,VZ,SILLIMAN CRAIG L.,,0001611593-19-000206,2019-07-25,A,156.75,16.05,179002.459,I,derivative,Phantom Stock (unitized),Common Stock,44.0,,
732712,2019-07-29,VZ,Erwin Tami A.,,0001611593-19-000203,2019-07-25,A,81.97,16.05,24584.837,I,derivative,Phantom Stock (unitized),Common Stock,23.0,,
732712,2019-07-29,VZ,Dunne Ronan,,0001611593-19-000201,2019-07-25,A,103.541,16.05,28464.683,I,derivative,Phantom Stock (unitized),Common Stock,29.0,,
732712,2019-07-29,VZ,Ellis Matthew D.,,0001611593-19-000202,2019-07-25,A,96.351,16.05,31051.688,I,derivative,Phantom Stock (unitized),Common Stock,27.0,,
732712,2019-07-29,VZ,Gowrappan Kumara Guru,,0001611593-19-000204,2019-07-25,A,81.97,16.05,7189.01,I,derivative,Phantom Stock (unitized),Common Stock,23.0,,
732712,2019-08-02,VZ,SILLIMAN CRAIG L.,,0001611593-19-000209,2019-07-31,S,1349.0,56.55,24030.0,D,non_derivative,Common Stock,,,,
732712,2019-08-12,VZ,Vestberg Hans Erik,,0001611593-19-000218,2019-08-08,A,177.189,15.89,21329.087,I,derivative,Phantom Stock (unitized),Common Stock,50.0,,
732712,2019-08-12,VZ,Malady Kyle,,0001611593-19-000214,2019-08-08,A,75.523,15.89,65999.342,I,derivative,Phantom Stock (unitized),Common Stock,21.0,,
732712,2019-08-12,VZ,SILLIMAN CRAIG L.,,0001611593-19-000216,2019-08-08,A,158.308,15.89,181094.543,I,derivative,Phantom Stock (unitized),Common Stock,46.0,,
732712,2019-08-12,VZ,Skiadas Anthony T,,0001611593-19-000217,2019-08-08,A,39.214,15.89,62153.326,I,derivative,Phantom Stock (unitized),Common Stock,11.0,,
732712,2019-08-12,VZ,Gowrappan Kumara Guru,,0001611593-19-000213,2019-08-08,A,82.785,15.89,7347.828,I,derivative,Phantom Stock (unitized),Common Stock,24.0,,
732712,2019-08-12,VZ,Ellis Matthew D.,,0001611593-19-000211,2019-08-08,A,97.308,15.89,31482.96,I,derivative,Phantom Stock (unitized),Common Stock,28.0,,
732712,2019-08-12,VZ,Erwin Tami A.,,0001611593-19-000212,2019-08-08,A,82.785,15.89,24931.912,I,derivative,Phantom Stock (unitized),Common Stock,24.0,,
732712,2019-08-12,VZ,Pambianchi Christine M,,0001611593-19-000215,2019-08-08,A,65.356,15.89,65.356,I,derivative,Phanton Stock (unitized),Common Stock,19.0,,
732712,2019-08-12,VZ,Dunne Ronan,,0001611593-19-000210,2019-08-08,A,104.571,15.89,28875.066,I,derivative,Phantom Stock (unitized),Common Stock,30.0,,
732712,2019-08-26,VZ,SILLIMAN CRAIG L.,,0001611593-19-000225,2019-08-22,A,155.65,16.16,181250.193,I,derivative,Phantom Stock (unitized),Common Stock,44.0,,
732712,2019-08-26,VZ,Erwin Tami A.,,0001611593-19-000221,2019-08-22,A,81.395,16.16,25013.307,I,derivative,Phantom Stock (unitized),Common Stock,23.0,,
732712,2019-08-26,VZ,Malady Kyle,,0001611593-19-000223,2019-08-22,A,74.256,16.16,66073.598,I,derivative,Phantom Stock (unitized),Common Stock,21.0,,
732712,2019-08-26,VZ,Ellis Matthew D.,,0001611593-19-000220,2019-08-22,A,95.675,16.16,31578.635,I,derivative,Phantom Stock (unitized),Common Stock,27.0,,
732712,2019-08-26,VZ,Gowrappan Kumara Guru,,0001611593-19-000222,2019-08-22,A,81.395,16.16,7429.223,I,derivative,Phantom Stock (unitized),Common Stock,23.0,,
732712,2019-08-26,VZ,Skiadas Anthony T,,0001611593-19-000226,2019-08-22,A,38.556,16.16,62191.882,I,derivative,Phantom Stock (unitized),Common Stock,11.0,,
732712,2019-08-26,VZ,Dunne Ronan,,0001611593-19-000219,2019-08-22,A,102.816,16.16,28977.882,I,derivative,Phantom Stock (unitized),Common Stock,29.0,,
732712,2019-08-26,VZ,Pambianchi Christine M,,0001611593-19-000224,2019-08-22,A,64.26,16.16,129.616,I,derivative,Phanton Stock (unitized),Common Stock,18.0,,
732712,2019-08-26,VZ,Vestberg Hans Erik,,0001611593-19-000227,2019-08-22,A,174.215,16.16,21503.302,I,derivative,Phantom Stock (unitized),Common Stock,50.0,,
732712,2019-08-28,VZ,SILLIMAN CRAIG L.,,0001611593-19-000228,2019-08-26,S,1349.0,56.01,22681.0,D,non_derivative,Common Stock,,,,
732712,2019-09-03,VZ,Erwin Tami A.,,0001611593-19-000229,2019-08-29,S,17000.0,57.75,853.0,D,non_derivative,Common Stock,,,,
732712,2019-09-09,VZ,Vestberg Hans Erik,,0001611593-19-000238,2019-09-05,A,168.867,16.67,21672.169,I,derivative,Phantom Stock (unitized),Common Stock,48.0,,
732712,2019-09-09,VZ,Gowrappan Kumara Guru,,0001611593-19-000233,2019-09-05,A,118.345,16.67,7547.568,I,derivative,Phantom Stock (unitized),Common Stock,34.0,,
732712,2019-09-09,VZ,Pambianchi Christine M,,0001611593-19-000235,2019-09-05,A,62.287,16.67,191.903,I,derivative,Phanton Stock (unitized),Common Stock,18.0,,
732712,2019-09-09,VZ,Ellis Matthew D.,,0001611593-19-000231,2019-09-05,A,92.738,16.67,31671.373,I,derivative,Phantom Stock (unitized),Common Stock,26.0,,
732712,2019-09-09,VZ,SILLIMAN CRAIG L.,,0001611593-19-000236,2019-09-05,A,150.872,16.67,181401.065,I,derivative,Phantom Stock (unitized),Common Stock,42.0,,
732712,2019-09-09,VZ,Dunne Ronan,,0001611593-19-000230,2019-09-05,A,99.659,16.67,29077.541,I,derivative,Phantom Stock (unitized),Common Stock,28.0,,
732712,2019-09-09,VZ,Malady Kyle,,0001611593-19-000234,2019-09-05,A,71.976,16.67,66145.574,I,derivative,Phantom Stock (unitized),Common Stock,20.0,,
732712,2019-09-09,VZ,Skiadas Anthony T,,0001611593-19-000237,2019-09-05,A,37.372,16.67,62229.254,I,derivative,Phantom Stock (unitized),Common Stock,11.0,,
732712,2019-09-09,VZ,Erwin Tami A.,,0001611593-19-000232,2019-09-05,A,78.897,16.67,25092.204,I,derivative,Phantom Stock (unitized),Common Stock,22.0,,
732712,2019-09-23,VZ,Erwin Tami A.,,0001611593-19-000241,2019-09-19,A,77.08,17.07,25169.284,I,derivative,Phantom Stock (unitized),Common Stock,22.0,,
732712,2019-09-23,VZ,SILLIMAN CRAIG L.,,0001611593-19-000245,2019-09-19,A,147.4,17.07,181548.465,I,derivative,Phantom Stock (unitized),Common Stock,42.0,,
732712,2019-09-23,VZ,Dunne Ronan,,0001611593-19-000239,2019-09-19,M,29438.0,,0.0,D,derivative,Restricted Stock Units - 2016-2018 Award Cycle,Common Stock,29438.0,,
732712,2019-09-23,VZ,Skiadas Anthony T,,0001611593-19-000246,2019-09-19,A,36.512,17.07,62265.766,I,derivative,Phantom Stock (unitized),Common Stock,10.0,,
732712,2019-09-23,VZ,Ellis Matthew D.,,0001611593-19-000240,2019-09-19,A,90.603,17.07,31761.976,I,derivative,Phantom Stock (unitized),Common Stock,26.0,,
732712,2019-09-23,VZ,Gowrappan Kumara Guru,,0001611593-19-000242,2019-09-19,A,77.08,17.07,7624.648,I,derivative,Phantom Stock (unitized),Common Stock,22.0,,
732712,2019-09-23,VZ,Dunne Ronan,,0001611593-19-000239,2019-09-19,M,29438.0,,44555.0,D,non_derivative,Common Stock,,,,
732712,2019-09-23,VZ,Malady Kyle,,0001611593-19-000243,2019-09-19,A,70.319,17.07,66215.893,I,derivative,Phantom Stock (unitized),Common Stock,20.0,,
732712,2019-09-23,VZ,Dunne Ronan,,0001611593-19-000239,2019-09-19,F,14498.0,59.98,30057.0,D,non_derivative,Common Stock,,,,
732712,2019-09-23,VZ,Vestberg Hans Erik,,0001611593-19-000247,2019-09-19,A,164.979,17.07,21837.148,I,derivative,Phantom Stock (unitized),Common Stock,47.0,,
732712,2019-09-23,VZ,Dunne Ronan,,0001611593-19-000239,2019-09-19,A,97.365,17.07,29174.906,I,derivative,Phantom Stock (unitized),Common Stock,28.0,,
732712,2019-09-23,VZ,Dunne Ronan,,0001611593-19-000239,2019-09-19,D,14940.0,59.98,15117.0,D,non_derivative,Common Stock,,,,
732712,2019-09-23,VZ,Pambianchi Christine M,,0001611593-19-000244,2019-09-19,A,60.853,17.07,252.756,I,derivative,Phantom Stock (unitized),Common Stock,17.0,,
732712,2019-09-30,VZ,SILLIMAN CRAIG L.,,0001611593-19-000248,2019-09-26,S,1349.0,60.14,21332.0,D,non_derivative,Common Stock,,,,
732712,2019-10-07,VZ,Gowrappan Kumara Guru,,0001611593-19-000252,2019-10-03,A,78.339,16.79,7702.987,I,derivative,Phantom Stock (unitized),Common Stock,22.0,,
732712,2019-10-07,VZ,Ellis Matthew D.,,0001611593-19-000250,2019-10-03,A,92.083,16.79,31854.059,I,derivative,Phantom Stock (unitized),Common Stock,26.0,,
732712,2019-10-07,VZ,Malady Kyle,,0001611593-19-000253,2019-10-03,A,71.467,16.79,66287.36,I,derivative,Phantom Stock (unitized),Common Stock,20.0,,
732712,2019-10-07,VZ,Skiadas Anthony T,,0001611593-19-000256,2019-10-03,A,37.108,16.79,62302.874,I,derivative,Phantom Stock (unitized),Common Stock,11.0,,
732712,2019-10-07,VZ,SILLIMAN CRAIG L.,,0001611593-19-000255,2019-10-03,A,149.806,16.79,181698.271,I,derivative,Phantom Stock (unitized),Common Stock,42.0,,
732712,2019-10-07,VZ,Dunne Ronan,,0001611593-19-000249,2019-10-03,A,98.955,16.79,29273.861,I,derivative,Phantom Stock (unitized),Common Stock,28.0,,
732712,2019-10-07,VZ,Vestberg Hans Erik,,0001611593-19-000257,2019-10-03,A,167.673,16.79,22004.821,I,derivative,Phantom Stock (unitized),Common Stock,48.0,,
732712,2019-10-07,VZ,Pambianchi Christine M,,0001611593-19-000254,2019-10-03,A,61.847,16.79,314.603,I,derivative,Phanton Stock (unitized),Common Stock,18.0,,
732712,2019-10-07,VZ,Erwin Tami A.,,0001611593-19-000251,2019-10-03,A,78.339,16.79,25247.623,I,derivative,Phantom Stock (unitized),Common Stock,22.0,,
732712,2019-10-21,VZ,Vestberg Hans Erik,,0001611593-19-000266,2019-10-17,A,163.821,17.19,22168.642,I,derivative,Phantom Stock (unitized),Common Stock,47.0,,
732712,2019-10-21,VZ,Skiadas Anthony T,,0001611593-19-000265,2019-10-17,A,36.256,17.19,62339.13,I,derivative,Phantom Stock (unitized),Common Stock,10.0,,
732712,2019-10-21,VZ,SILLIMAN CRAIG L.,,0001611593-19-000264,2019-10-17,A,146.366,17.19,181844.637,I,derivative,Phantom Stock (unitized),Common Stock,42.0,,
732712,2019-10-21,VZ,Malady Kyle,,0001611593-19-000262,2019-10-17,A,69.826,17.19,66357.186,I,derivative,Phantom Stock (unitized),Common Stock,20.0,,
732712,2019-10-21,VZ,Gowrappan Kumara Guru,,0001611593-19-000261,2019-10-17,A,76.539,17.19,7779.526,I,derivative,Phantom Stock (unitized),Common Stock,22.0,,
732712,2019-10-21,VZ,Erwin Tami A.,,0001611593-19-000260,2019-10-17,A,76.539,17.19,25324.162,I,derivative,Phantom Stock (unitized),Common Stock,22.0,,
732712,2019-10-21,VZ,Ellis Matthew D.,,0001611593-19-000259,2019-10-17,A,89.967,17.19,31944.026,I,derivative,Phantom Stock (unitized),Common Stock,26.0,,
732712,2019-10-21,VZ,Dunne Ronan,,0001611593-19-000258,2019-10-17,A,96.682,17.19,29370.543,I,derivative,Phantom Stock (unitized),Common Stock,28.0,,
732712,2019-10-21,VZ,Pambianchi Christine M,,0001611593-19-000263,2019-10-17,A,60.426,17.19,375.029,I,derivative,Phantom Stock (unitized),Common Stock,17.0,,
732712,2019-10-30,VZ,SILLIMAN CRAIG L.,,0001611593-19-000267,2019-10-28,S,1349.0,60.42,19983.0,D,non_derivative,Common Stock,,,,
732712,2019-11-04,VZ,Malady Kyle,,0001611593-19-000272,2019-10-31,A,69.762,17.2,66426.948,I,derivative,Phantom Stock (unitized),Common Stock,20.0,,
732712,2019-11-04,VZ,Erwin Tami A.,,0001611593-19-000270,2019-10-31,A,76.469,17.2,25400.631,I,derivative,Phantom Stock (unitized),Common Stock,22.0,,
732712,2019-11-04,VZ,Ellis Matthew D.,,0001611593-19-000269,2019-10-31,A,89.885,17.2,32033.911,I,derivative,Phantom Stock (unitized),Common Stock,26.0,,
732712,2019-11-04,VZ,Dunne Ronan,,0001611593-19-000268,2019-10-31,A,96.593,17.2,29467.136,I,derivative,Phantom Stock (unitized),Common Stock,27.0,,
732712,2019-11-04,VZ,Vestberg Hans Erik,,0001611593-19-000276,2019-10-31,A,163.672,17.2,22332.314,I,derivative,Phantom Stock (unitized),Common Stock,47.0,,
732712,2019-11-04,VZ,Pambianchi Christine M,,0001611593-19-000273,2019-10-31,A,60.371,17.2,435.4,I,derivative,Phantom Stock (unitized),Common Stock,17.0,,
732712,2019-11-04,VZ,SILLIMAN CRAIG L.,,0001611593-19-000274,2019-10-31,A,146.232,17.2,181990.869,I,derivative,Phantom Stock (unitized),Common Stock,42.0,,
732712,2019-11-04,VZ,Skiadas Anthony T,,0001611593-19-000275,2019-10-31,A,36.223,17.2,62375.353,I,derivative,Phantom Stock (unitized),Common Stock,10.0,,
732712,2019-11-04,VZ,Gowrappan Kumara Guru,,0001611593-19-000271,2019-10-31,A,76.469,17.2,7855.995,I,derivative,Phantom Stock (unitized),Common Stock,22.0,,
732712,2019-11-08,VZ,Qureshi Rima,,0001611593-19-000277,2019-11-06,D,12338.0,60.13,4719.0,D,non_derivative,Common Stock,,,,
732712,2019-11-08,VZ,Qureshi Rima,,0001611593-19-000277,2019-11-06,M,27965.0,,27966.0,D,derivative,Restricted Stock Units - 2017 - 2020 Award Cycle,Common Stock,27965.0,,
732712,2019-11-08,VZ,Qureshi Rima,,0001611593-19-000277,2019-11-06,F,15627.0,60.13,17057.0,D,non_derivative,Common Stock,,,,
732712,2019-11-08,VZ,Qureshi Rima,,0001611593-19-000277,2019-11-06,M,27965.0,,32684.0,D,non_derivative,Common Stock,,,,
732712,2019-11-18,VZ,Dunne Ronan,,0001611593-19-000278,2019-11-14,A,98.421,16.88,29861.585,I,derivative,Phantom Stock (unitized),Common Stock,28.0,,
732712,2019-11-18,VZ,Gowrappan Kumara Guru,,0001611593-19-000281,2019-11-14,A,77.916,16.88,8011.807,I,derivative,Phantom Stock (unitized),Common Stock,22.0,,
732712,2019-11-18,VZ,Ellis Matthew D.,,0001611593-19-000279,2019-11-14,A,91.586,16.88,32447.617,I,derivative,Phantom Stock (unitized),Common Stock,26.0,,
732712,2019-11-18,VZ,SILLIMAN CRAIG L.,,0001611593-19-000284,2019-11-14,A,148.998,16.88,183977.265,I,derivative,Phantom Stock (unitized),Common Stock,42.0,,
732712,2019-11-18,VZ,Vestberg Hans Erik,,0001611593-19-000286,2019-11-14,A,166.768,16.88,22721.602,I,derivative,Phantom Stock (unitized),Common Stock,47.0,,
732712,2019-11-18,VZ,Skiadas Anthony T,,0001611593-19-000285,2019-11-14,A,36.908,16.88,63042.29,I,derivative,Phantom Stock (unitized),Common Stock,11.0,,
732712,2019-11-18,VZ,Pambianchi Christine M,,0001611593-19-000283,2019-11-14,A,61.513,16.88,500.095,I,derivative,Phantom Stock (unitized),Common Stock,18.0,,
732712,2019-11-18,VZ,Erwin Tami A.,,0001611593-19-000280,2019-11-14,A,77.916,16.88,25733.86,I,derivative,Phantom Stock (unitized),Common Stock,22.0,,
732712,2019-11-18,VZ,Malady Kyle,,0001611593-19-000282,2019-11-14,A,71.082,16.88,67168.352,I,derivative,Phantom Stock (unitized),Common Stock,20.0,,
732712,2019-11-27,VZ,SILLIMAN CRAIG L.,,0001611593-19-000287,2019-11-26,S,1346.0,59.55,18637.0,D,non_derivative,Common Stock,,,,
732712,2019-12-02,VZ,Vestberg Hans Erik,,0001611593-19-000296,2019-11-27,A,164.674,17.1,22886.276,I,derivative,Phantom Stock (unitized),Common Stock,47.0,,
732712,2019-12-02,VZ,Erwin Tami A.,,0001611593-19-000290,2019-11-27,A,76.938,17.1,25810.798,I,derivative,Phantom Stock (unitized),Common Stock,22.0,,
732712,2019-12-02,VZ,Dunne Ronan,,0001611593-19-000288,2019-11-27,A,97.185,17.1,29958.77,I,derivative,Phantom Stock (unitized),Common Stock,28.0,,
732712,2019-12-02,VZ,Ellis Matthew D.,,0001611593-19-000289,2019-11-27,A,90.435,17.1,32538.052,I,derivative,Phantom Stock (unitized),Common Stock,26.0,,
732712,2019-12-02,VZ,Malady Kyle,,0001611593-19-000292,2019-11-27,A,70.189,17.1,67238.541,I,derivative,Phantom Stock (unitized),Common Stock,20.0,,
732712,2019-12-02,VZ,Skiadas Anthony T,,0001611593-19-000295,2019-11-27,A,36.444,17.1,63078.734,I,derivative,Phantom Stock (unitized),Common Stock,10.0,,
732712,2019-12-02,VZ,Pambianchi Christine M,,0001611593-19-000293,2019-11-27,A,60.74,17.1,560.835,I,derivative,Phantom Stock (unitized),Common Stock,17.0,,
732712,2019-12-02,VZ,SILLIMAN CRAIG L.,,0001611593-19-000294,2019-11-27,A,147.126,17.1,184124.391,I,derivative,Phantom Stock (unitized),Common Stock,42.0,,
732712,2019-12-02,VZ,Gowrappan Kumara Guru,,0001611593-19-000291,2019-11-27,A,76.938,17.1,8088.745,I,derivative,Phantom Stock (unitized),Common Stock,22.0,,
732712,2019-12-16,VZ,Skiadas Anthony T,,0001611593-19-000304,2019-12-12,A,35.811,17.4,63114.545,I,derivative,Phantom Stock (unitized),Common Stock,10.0,,
732712,2019-12-16,VZ,Vestberg Hans Erik,,0001611593-19-000305,2019-12-12,A,161.813,17.4,23048.089,I,derivative,Phantom Stock (unitized),Common Stock,46.0,,
732712,2019-12-16,VZ,Malady Kyle,,0001611593-19-000301,2019-12-12,A,68.97,17.4,67307.511,I,derivative,Phantom Stock (unitized),Common Stock,20.0,,
732712,2019-12-16,VZ,SILLIMAN CRAIG L.,,0001611593-19-000303,2019-12-12,A,144.572,17.4,184268.963,I,derivative,Phantom Stock (unitized),Common Stock,42.0,,
732712,2019-12-16,VZ,Dunne Ronan,,0001611593-19-000297,2019-12-12,A,95.497,17.4,30054.267,I,derivative,Phantom Stock (unitized),Common Stock,27.0,,
732712,2019-12-16,VZ,Erwin Tami A.,,0001611593-19-000299,2019-12-12,A,75.601,17.4,25886.399,I,derivative,Phantom Stock (unitized),Common Stock,22.0,,
732712,2019-12-16,VZ,Ellis Matthew D.,,0001611593-19-000298,2019-12-12,A,88.865,17.4,32626.917,I,derivative,Phantom Stock (unitized),Common Stock,25.0,,
732712,2019-12-16,VZ,Gowrappan Kumara Guru,,0001611593-19-000300,2019-12-12,A,75.601,17.4,8164.346,I,derivative,Phantom Stock (unitized),Common Stock,22.0,,
732712,2019-12-16,VZ,Pambianchi Christine M,,0001611593-19-000302,2019-12-12,A,59.685,17.4,620.52,I,derivative,Phantom Stock (unitized),Common Stock,17.0,,
732712,2019-12-30,VZ,Erwin Tami A.,,0001611593-19-000308,2019-12-26,A,75.458,17.43,25961.857,I,derivative,Phantom Stock (unitized),Common Stock,21.0,,
732712,2019-12-30,VZ,Ellis Matthew D.,,0001611593-19-000307,2019-12-26,A,88.696,17.43,32715.613,I,derivative,Phantom Stock (unitized),Common Stock,25.0,,
732712,2019-12-30,VZ,Dunne Ronan,,0001611593-19-000306,2019-12-26,A,95.315,17.43,30149.582,I,derivative,Phantom Stock (unitized),Common Stock,27.0,,
732712,2019-12-30,VZ,Pambianchi Christine M,,0001611593-19-000311,2019-12-26,A,59.572,17.43,680.092,I,derivative,Phantom Stock (unitized),Common Stock,17.0,,
732712,2019-12-30,VZ,Malady Kyle,,0001611593-19-000310,2019-12-26,A,68.839,17.43,67376.35,I,derivative,Phantom Stock (unitized),Common Stock,20.0,,
732712,2019-12-30,VZ,Gowrappan Kumara Guru,,0001611593-19-000309,2019-12-26,A,75.458,17.43,8239.804,I,derivative,Phantom Stock (unitized),Common Stock,21.0,,
732712,2019-12-30,VZ,Vestberg Hans Erik,,0001611593-19-000314,2019-12-26,A,161.506,17.43,23209.595,I,derivative,Phantom Stock (unitized),Common Stock,46.0,,
732712,2019-12-30,VZ,SILLIMAN CRAIG L.,,0001611593-19-000312,2019-12-26,A,144.296,17.43,184413.259,I,derivative,Phantom Stock (unitized),Common Stock,42.0,,
732712,2019-12-30,VZ,Skiadas Anthony T,,0001611593-19-000313,2019-12-26,A,35.743,17.43,63150.288,I,derivative,Phantom Stock (unitized),Common Stock,10.0,,
732712,2020-01-03,VZ,Skiadas Anthony T,,0001611593-20-000001,2019-12-31,F,22565.0,61.4,41550.0,D,non_derivative,Common Stock,,,,
732712,2020-01-03,VZ,Skiadas Anthony T,,0001611593-20-000001,2019-12-31,M,44115.0,,0.0,D,derivative,Special Restricted Stock Units - 2016-2019 Award Cycle,Common Stock,44115.0,,2019-12-31
732712,2020-01-03,VZ,Skiadas Anthony T,,0001611593-20-000001,2019-12-31,M,44115.0,,64115.0,D,non_derivative,Common Stock,,,,
732712,2020-01-03,VZ,TOME CAROL B,,0001611593-20-000004,2020-01-01,A,3000.0,61.05,3000.0,I,derivative,Phantom Stock,Common Stock,3000.0,,
732712,2020-01-13,VZ,Gowrappan Kumara Guru,,0001611593-20-000008,2020-01-09,A,77.872,16.74,8317.676,I,derivative,Phantom Stock (unitized),Common Stock,22.0,,
732712,2020-01-13,VZ,Vestberg Hans Erik,,0001611593-20-000013,2020-01-09,A,167.459,16.74,23377.054,I,derivative,Phantom Stock (unitized),Common Stock,48.0,,
732712,2020-01-13,VZ,Pambianchi Christine M,,0001611593-20-000010,2020-01-09,A,61.332,16.74,741.424,I,derivative,Phantom Stock (unitized),Common Stock,17.0,,
732712,2020-01-13,VZ,Malady Kyle,,0001611593-20-000009,2020-01-09,A,70.98,16.74,67447.33,I,derivative,Phantom Stock (unitized),Common Stock,20.0,,
732712,2020-01-13,VZ,Erwin Tami A.,,0001611593-20-000007,2020-01-09,A,77.872,16.74,26039.729,I,derivative,Phantom Stock (unitized),Common Stock,22.0,,
732712,2020-01-13,VZ,Ellis Matthew D.,,0001611593-20-000006,2020-01-09,A,91.655,16.74,32807.268,I,derivative,Phantom Stock (unitized),Common Stock,26.0,,
732712,2020-01-13,VZ,Skiadas Anthony T,,0001611593-20-000012,2020-01-09,A,39.28,16.74,63189.568,I,derivative,Phantom Stock (unitized),Common Stock,11.0,,
732712,2020-01-13,VZ,SILLIMAN CRAIG L.,,0001611593-20-000011,2020-01-09,A,148.852,16.74,184562.111,I,derivative,Phantom Stock (unitized),Common Stock,42.0,,
732712,2020-01-13,VZ,Dunne Ronan,,0001611593-20-000005,2020-01-09,A,98.546,16.74,30248.128,I,derivative,Phantom Stock (unitized),Common Stock,28.0,,
732712,2020-01-27,VZ,Erwin Tami A.,,0001611593-20-000016,2020-01-23,A,75.75,17.21,26115.479,I,derivative,Phantom Stock (unitized),Common Stock,22.0,,
732712,2020-01-27,VZ,Dunne Ronan,,0001611593-20-000014,2020-01-23,A,95.861,17.21,30343.989,I,derivative,Phantom Stock (unitized),Common Stock,27.0,,
732712,2020-01-27,VZ,Ellis Matthew D.,,0001611593-20-000015,2020-01-23,A,89.158,17.21,32896.426,I,derivative,Phantom Stock (unitized),Common Stock,25.0,,
732712,2020-01-27,VZ,Vestberg Hans Erik,,0001611593-20-000022,2020-01-23,A,162.897,17.21,23539.951,I,derivative,Phantom Stock (unitized),Common Stock,46.0,,
732712,2020-01-27,VZ,Malady Kyle,,0001611593-20-000018,2020-01-23,A,69.046,17.21,67516.376,I,derivative,Phantom Stock (unitized),Common Stock,20.0,,
732712,2020-01-27,VZ,Pambianchi Christine M,,0001611593-20-000019,2020-01-23,A,59.661,17.21,801.085,I,derivative,Phantom Stock (unitized),Common Stock,17.0,,
732712,2020-01-27,VZ,SILLIMAN CRAIG L.,,0001611593-20-000020,2020-01-23,A,144.796,17.21,184706.907,I,derivative,Phantom Stock (unitized),Common Stock,42.0,,
732712,2020-01-27,VZ,Skiadas Anthony T,,0001611593-20-000021,2020-01-23,A,38.21,17.21,63227.778,I,derivative,Phantom Stock (unitized),Common Stock,11.0,,
732712,2020-01-27,VZ,Gowrappan Kumara Guru,,0001611593-20-000017,2020-01-23,A,75.75,17.21,8393.426,I,derivative,Phantom Stock (unitized),Common Stock,22.0,,
732712,2020-02-10,VZ,Vestberg Hans Erik,,0001611593-20-000031,2020-02-06,A,165.827,16.91,23949.514,I,derivative,Phantom Stock (unitized),Common Stock,47.0,,
732712,2020-02-10,VZ,SILLIMAN CRAIG L.,,0001611593-20-000029,2020-02-06,A,147.402,16.91,186790.927,I,derivative,Phantom Stock (unitized),Common Stock,42.0,,
732712,2020-02-10,VZ,Pambianchi Christine M,,0001611593-20-000028,2020-02-06,A,60.735,16.91,868.961,I,derivative,Phantom Stock (unitized),Common Stock,17.0,,
732712,2020-02-10,VZ,Skiadas Anthony T,,0001611593-20-000030,2020-02-06,A,38.898,16.91,63929.851,I,derivative,Phantom Stock (unitized),Common Stock,11.0,,
732712,2020-02-10,VZ,Erwin Tami A.,,0001611593-20-000025,2020-02-06,A,77.113,16.91,26465.231,I,derivative,Phantom Stock (unitized),Common Stock,22.0,,
732712,2020-02-10,VZ,Malady Kyle,,0001611593-20-000027,2020-02-06,A,70.289,16.91,68294.218,I,derivative,Phantom Stock (unitized),Common Stock,20.0,,
732712,2020-02-10,VZ,Gowrappan Kumara Guru,,0001611593-20-000026,2020-02-06,A,77.113,16.91,8557.069,I,derivative,Phantom Stock (unitized),Common Stock,22.0,,
732712,2020-02-10,VZ,Ellis Matthew D.,,0001611593-20-000024,2020-02-06,A,90.762,16.91,33330.751,I,derivative,Phantom Stock (unitized),Common Stock,26.0,,
732712,2020-02-10,VZ,Dunne Ronan,,0001611593-20-000023,2020-02-06,A,97.586,16.91,30758.191,I,derivative,Phantom Stock (unitized),Common Stock,28.0,,
732712,2020-02-24,VZ,Gowrappan Kumara Guru,,0001611593-20-000035,2020-02-20,A,5170.786,16.53,13727.855,I,derivative,Phantom Stock (unitized),Common Stock,1471.0,,
732712,2020-02-24,VZ,Pambianchi Christine M,,0001611593-20-000037,2020-02-20,A,3762.399,16.53,4631.36,I,derivative,Phantom Stock (unitized),Common Stock,1070.0,,
732712,2020-02-24,VZ,Erwin Tami A.,,0001611593-20-000034,2020-02-20,A,5170.786,16.53,31636.017,I,derivative,Phantom Stock (unitized),Common Stock,1471.0,,
732712,2020-02-24,VZ,Ellis Matthew D.,,0001611593-20-000033,2020-02-20,A,5783.795,16.53,39114.546,I,derivative,Phantom Stock (unitized),Common Stock,1645.0,,
732712,2020-02-24,VZ,Skiadas Anthony T,,0001611593-20-000039,2020-02-20,A,2016.648,16.53,65946.499,I,derivative,Phantom Stock (unitized),Common Stock,574.0,,
732712,2020-02-24,VZ,Vestberg Hans Erik,,0001611593-20-000040,2020-02-20,A,15145.807,16.53,39095.321,I,derivative,Phantom Stock (unitized),Common Stock,4309.0,,
732712,2020-02-24,VZ,Dunne Ronan,,0001611593-20-000032,2020-02-20,A,6090.3,16.53,36848.491,I,derivative,Phantom Stock (unitized),Common Stock,1733.0,,
732712,2020-02-24,VZ,Malady Kyle,,0001611593-20-000036,2020-02-20,A,4864.28,16.53,73158.498,I,derivative,Phantom Stock (unitized),Common Stock,1384.0,,
732712,2020-02-24,VZ,SILLIMAN CRAIG L.,,0001611593-20-000038,2020-02-20,A,10035.066,16.53,196825.993,I,derivative,Phantom Stock (unitized),Common Stock,2854.0,,
732712,2020-02-27,VZ,Skiadas Anthony T,,0001611593-20-000041,2020-02-25,S,6195.0,57.32,35355.0,D,non_derivative,Common Stock,,,,
732712,2020-03-03,VZ,Dunne Ronan,,0001611593-20-000042,2020-02-28,P,18839.0,53.47,33956.0,D,non_derivative,Common Stock,,,,
732712,2020-03-04,VZ,Dunne Ronan,,0001611593-20-000054,2020-03-02,A,47104.0,0.0,47104.0,D,derivative,Restricted Stock Units - 2020 Award,Common Stock,47104.0,,
732712,2020-03-04,VZ,Gowrappan Kumara Guru,,0001611593-20-000057,2020-03-02,A,40126.0,0.0,40126.0,D,derivative,Restricted Stock Units - 2020 Award,Common Stock,40126.0,,
732712,2020-03-04,VZ,Bertolini Mark T,,0001611593-20-000044,2020-03-02,A,3053.0,0.0,24986.0,I,derivative,Phantom Stock,Common Stock,3053.0,,
732712,2020-03-04,VZ,Qureshi Rima,,0001611593-20-000060,2020-03-02,A,31403.0,0.0,31403.0,D,derivative,Restricted Stock Units - 2020 Award,Common Stock,31403.0,,
732712,2020-03-04,VZ,SILLIMAN CRAIG L.,,0001611593-20-000061,2020-03-02,A,33148.0,0.0,33148.0,D,derivative,Restricted Stock Units - 2020 Award,Common Stock,33148.0,,
732712,2020-03-04,VZ,Erwin Tami A.,,0001611593-20-000056,2020-03-02,A,40126.0,0.0,40126.0,D,derivative,Restricted Stock Units - 2020 Award,Common Stock,40126.0,,
732712,2020-03-04,VZ,Pambianchi Christine M,,0001611593-20-000059,2020-03-02,A,28612.0,0.0,28612.0,D,derivative,Restricted Stock Units - 2020 Award,Common Stock,28612.0,,
732712,2020-03-04,VZ,Weaver Gregory G.,,0001611593-20-000052,2020-03-02,A,3053.0,0.0,22673.0,I,derivative,Phantom Stock,Common Stock,3053.0,,
732712,2020-03-04,VZ,Malady Kyle,,0001611593-20-000058,2020-03-02,A,31403.0,0.0,31403.0,D,derivative,Restricted Stock Units - 2020 Award,Common Stock,31403.0,,
732712,2020-03-04,VZ,SCHULMAN DANIEL H,,0001611593-20-000048,2020-03-02,A,3053.0,0.0,10625.0,I,derivative,Phantom Stock,Common Stock,3053.0,,
732712,2020-03-04,VZ,Tesija Kathryn A,,0001611593-20-000050,2020-03-02,A,3053.0,0.0,34526.0,I,derivative,Phantom Stock,Common Stock,3053.0,,
732712,2020-03-04,VZ,Ellis Matthew D.,,0001611593-20-000055,2020-03-02,A,43615.0,0.0,43615.0,D,derivative,Restricted Stock Units - 2020 Award,Common Stock,43615.0,,
732712,2020-03-04,VZ,Vestberg Hans Erik,,0001611593-20-000053,2020-03-02,A,92813.0,0.0,92813.0,D,derivative,Restricted Stock Units - 2020 Award,Common Stock,92813.0,,
732712,2020-03-04,VZ,TOME CAROL B,,0001611593-20-000051,2020-03-02,A,3053.0,0.0,6085.0,I,derivative,Phantom Stock,Common Stock,3053.0,,
732712,2020-03-04,VZ,Healey Melanie,,0001611593-20-000046,2020-03-02,A,3053.0,0.0,40306.0,I,derivative,Phantom Stock,Common Stock,3053.0,,
732712,2020-03-04,VZ,OTIS CLARENCE JR,,0001611593-20-000047,2020-03-02,A,3053.0,0.0,85349.0,I,derivative,Phantom Stock,Common Stock,3053.0,,
732712,2020-03-04,VZ,SLATER RODNEY E,,0001611593-20-000049,2020-03-02,A,3053.0,0.0,52398.0,I,derivative,Phantom Stock,Common Stock,3053.0,,
732712,2020-03-04,VZ,Skiadas Anthony T,,0001611593-20-000062,2020-03-02,A,13922.0,0.0,13922.0,D,derivative,Restricted Stock Units - 2020 Award,Common Stock,13922.0,,
732712,2020-03-04,VZ,Colao Vittorio,,0001611593-20-000045,2020-03-02,A,3053.0,0.0,8262.0,I,derivative,Phantom Stock,Common Stock,3053.0,,
732712,2020-03-04,VZ,ARCHAMBEAU SHELLYE L,,0001611593-20-000043,2020-03-02,A,3053.0,0.0,30030.0,I,derivative,Phantom Stock,Common Stock,3053.0,,
732712,2020-03-05,VZ,Ellis Matthew D.,,0001611593-20-000064,2020-03-03,M,11420.0,,0.0,D,derivative,Restricted Stock Units - 2017-2020 Award Cycle,Common Stock,11420.0,,
732712,2020-03-05,VZ,Malady Kyle,,0001611593-20-000066,2020-03-03,M,2376.0,,9108.0,D,non_derivative,Common Stock,,,,
732712,2020-03-05,VZ,Erwin Tami A.,,0001611593-20-000065,2020-03-03,F,4312.0,55.7,5295.0,D,non_derivative,Common Stock,,,,
732712,2020-03-05,VZ,Erwin Tami A.,,0001611593-20-000065,2020-03-03,M,8754.0,,0.0,D,derivative,Restricted Stock Units - 2017-2020 Award Cycle,Common Stock,8754.0,,
732712,2020-03-05,VZ,Ellis Matthew D.,,0001611593-20-000064,2020-03-03,M,9707.0,,56644.0,D,non_derivative,Common Stock,,,,
732712,2020-03-05,VZ,Ellis Matthew D.,,0001611593-20-000064,2020-03-03,F,4966.0,55.7,51678.0,D,non_derivative,Common Stock,,,,
732712,2020-03-05,VZ,Dunne Ronan,,0001611593-20-000063,2020-03-03,F,4819.0,55.7,38558.0,D,non_derivative,Common Stock,,,,
732712,2020-03-05,VZ,Skiadas Anthony T,,0001611593-20-000068,2020-03-03,M,4249.0,,0.0,D,derivative,Restricted Stock Units - 2017-2020 Award Cycle,Common Stock,4249.0,,
732712,2020-03-05,VZ,Malady Kyle,,0001611593-20-000066,2020-03-03,F,1171.0,55.7,7937.0,D,non_derivative,Common Stock,,,,
732712,2020-03-05,VZ,Dunne Ronan,,0001611593-20-000063,2020-03-03,M,9421.0,,43377.0,D,non_derivative,Common Stock,,,,
732712,2020-03-05,VZ,Skiadas Anthony T,,0001611593-20-000068,2020-03-03,F,2093.0,55.7,32931.0,D,non_derivative,Common Stock,,,,
732712,2020-03-05,VZ,Dunne Ronan,,0001611593-20-000063,2020-03-03,M,12561.0,,0.0,D,derivative,Restricted Stock Units - 2017-2020 Award Cycle,Common Stock,12561.0,,
732712,2020-03-05,VZ,SILLIMAN CRAIG L.,,0001611593-20-000067,2020-03-03,M,10658.0,,29295.0,D,non_derivative,Common Stock,,,,
732712,2020-03-05,VZ,Skiadas Anthony T,,0001611593-20-000068,2020-03-03,M,4249.0,,35024.0,D,non_derivative,Common Stock,,,,
732712,2020-03-05,VZ,Malady Kyle,,0001611593-20-000066,2020-03-03,M,3655.0,,0.0,D,derivative,Restricted Stock Units - 2017-2020 Award Cycle,Common Stock,3655.0,,
732712,2020-03-05,VZ,SILLIMAN CRAIG L.,,0001611593-20-000067,2020-03-03,M,10658.0,,0.0,D,derivative,Restricted Stock Units - 2017-2020 Award Cycle,Common Stock,10658.0,,
732712,2020-03-05,VZ,SILLIMAN CRAIG L.,,0001611593-20-000067,2020-03-03,F,5452.0,55.7,23843.0,D,non_derivative,Common Stock,,,,
732712,2020-03-05,VZ,Erwin Tami A.,,0001611593-20-000065,2020-03-03,M,8754.0,,9607.0,D,non_derivative,Common Stock,,,,
732712,2020-03-09,VZ,Erwin Tami A.,,0001611593-20-000071,2020-03-05,A,80.171,16.26,31716.188,I,derivative,Phantom Stock (unitized),Common Stock,23.0,,
732712,2020-03-09,VZ,Skiadas Anthony T,,0001611593-20-000076,2020-03-05,A,40.44,16.26,65986.939,I,derivative,Phantom Stock (unitized),Common Stock,12.0,,
732712,2020-03-09,VZ,Dunne Ronan,,0001611593-20-000069,2020-03-05,A,101.455,16.26,36949.946,I,derivative,Phantom Stock (unitized),Common Stock,29.0,,
732712,2020-03-09,VZ,SILLIMAN CRAIG L.,,0001611593-20-000075,2020-03-05,A,153.246,16.26,196979.239,I,derivative,Phantom Stock (unitized),Common Stock,44.0,,
732712,2020-03-09,VZ,Pambianchi Christine M,,0001611593-20-000074,2020-03-05,A,63.143,16.26,4694.503,I,derivative,Phantom Stock (unitized),Common Stock,18.0,,
732712,2020-03-09,VZ,Vestberg Hans Erik,,0001611593-20-000077,2020-03-05,A,172.403,16.26,39267.724,I,derivative,Phantom Stock (unitized),Common Stock,49.0,,
732712,2020-03-09,VZ,Ellis Matthew D.,,0001611593-20-000070,2020-03-05,A,94.36,16.26,39208.906,I,derivative,Phantom Stock (unitized),Common Stock,27.0,,
732712,2020-03-09,VZ,Malady Kyle,,0001611593-20-000073,2020-03-05,A,73.076,16.26,73231.574,I,derivative,Phantom Stock (unitized),Common Stock,21.0,,
732712,2020-03-09,VZ,Gowrappan Kumara Guru,,0001611593-20-000072,2020-03-05,A,80.171,16.26,13808.026,I,derivative,Phantom Stock (unitized),Common Stock,23.0,,
732712,2020-03-10,VZ,Skiadas Anthony T,,0001611593-20-000086,2020-03-08,M,4059.0,,8119.0,D,derivative,Restricted Stock Units - 2019-2022 Award Cycle,Common Stock,4059.0,,
732712,2020-03-10,VZ,SILLIMAN CRAIG L.,,0001611593-20-000085,2020-03-08,M,10010.0,,20020.0,D,derivative,Restricted Stock Units - 2019-2022 Award Cycle,Common Stock,10010.0,,
732712,2020-03-10,VZ,SILLIMAN CRAIG L.,,0001611593-20-000085,2020-03-08,F,5121.0,56.87,34182.0,D,non_derivative,Common Stock,,,,
732712,2020-03-10,VZ,Qureshi Rima,,0001611593-20-000084,2020-03-08,M,10010.0,,20391.0,D,non_derivative,Common Stock,,,,
732712,2020-03-10,VZ,Dunne Ronan,,0001611593-20-000079,2020-03-08,M,14761.0,,29522.0,D,derivative,Restricted Stock Units - 2019-2022 Award Cycle,Common Stock,14761.0,,
732712,2020-03-10,VZ,Erwin Tami A.,,0001611593-20-000081,2020-03-06,M,10043.0,,10043.0,D,derivative,Restricted Stock Units - 2018-2021 Award Cycle,Common Stock,10043.0,,
732712,2020-03-10,VZ,SILLIMAN CRAIG L.,,0001611593-20-000085,2020-03-06,F,5708.0,56.87,29293.0,D,non_derivative,Common Stock,,,,
732712,2020-03-10,VZ,Qureshi Rima,,0001611593-20-000084,2020-03-08,F,4930.0,56.87,15461.0,D,non_derivative,Common Stock,,,,
732712,2020-03-10,VZ,Vestberg Hans Erik,,0001611593-20-000078,2020-03-06,M,19639.0,,42220.0,D,non_derivative,Common Stock,,,,
732712,2020-03-10,VZ,Vestberg Hans Erik,,0001611593-20-000078,2020-03-06,F,10046.0,56.87,32174.0,D,non_derivative,Common Stock,,,,
732712,2020-03-10,VZ,Skiadas Anthony T,,0001611593-20-000086,2020-03-06,M,3853.0,,3853.0,D,derivative,Restricted Stock Units - 2018-2021 Award Cycle,Common Stock,3853.0,,
732712,2020-03-10,VZ,Gowrappan Kumara Guru,,0001611593-20-000082,2020-03-08,F,6693.0,56.87,5854.0,D,non_derivative,Common Stock,,,,
732712,2020-03-10,VZ,Malady Kyle,,0001611593-20-000083,2020-03-08,M,8610.0,,17221.0,D,derivative,Restricted Stock Units - 2019-2022 Award Cycle,Common Stock,8610.0,,
732712,2020-03-10,VZ,SILLIMAN CRAIG L.,,0001611593-20-000085,2020-03-06,M,11158.0,,11159.0,D,derivative,Restricted Stock Units - 2018-2021 Award Cycle,Common Stock,11158.0,,
732712,2020-03-10,VZ,Qureshi Rima,,0001611593-20-000084,2020-03-06,M,11158.0,,15877.0,D,non_derivative,Common Stock,,,,
732712,2020-03-10,VZ,Skiadas Anthony T,,0001611593-20-000086,2020-03-06,M,3853.0,,36784.0,D,non_derivative,Common Stock,,,,
732712,2020-03-10,VZ,Malady Kyle,,0001611593-20-000083,2020-03-06,F,2199.0,56.87,10202.0,D,non_derivative,Common Stock,,,,
732712,2020-03-10,VZ,Malady Kyle,,0001611593-20-000083,2020-03-08,F,4241.0,56.87,14571.0,D,non_derivative,Common Stock,,,,
732712,2020-03-10,VZ,Malady Kyle,,0001611593-20-000083,2020-03-06,M,4464.0,,4464.0,D,derivative,Restricted Stock Units - 2018-2021 Award Cycle,Common Stock,4464.0,,
732712,2020-03-10,VZ,Erwin Tami A.,,0001611593-20-000081,2020-03-08,M,12547.0,,22747.0,D,non_derivative,Common Stock,,,,
732712,2020-03-10,VZ,Qureshi Rima,,0001611593-20-000084,2020-03-08,M,10010.0,,20020.0,D,derivative,Restricted Stock Units - 2019-2022 Award Cycle,Common Stock,10010.0,,
732712,2020-03-10,VZ,Skiadas Anthony T,,0001611593-20-000086,2020-03-08,M,4059.0,,38945.0,D,non_derivative,Common Stock,,,,
732712,2020-03-10,VZ,Skiadas Anthony T,,0001611593-20-000086,2020-03-06,F,1898.0,56.87,34886.0,D,non_derivative,Common Stock,,,,
732712,2020-03-10,VZ,Qureshi Rima,,0001611593-20-000084,2020-03-06,F,5496.0,56.87,10381.0,D,non_derivative,Common Stock,,,,
732712,2020-03-10,VZ,Dunne Ronan,,0001611593-20-000079,2020-03-08,M,14761.0,,59497.0,D,non_derivative,Common Stock,,,,
732712,2020-03-10,VZ,Gowrappan Kumara Guru,,0001611593-20-000082,2020-03-08,M,12547.0,,12547.0,D,non_derivative,Common Stock,,,,
732712,2020-03-10,VZ,Malady Kyle,,0001611593-20-000083,2020-03-06,M,4464.0,,12401.0,D,non_derivative,Common Stock,,,,
732712,2020-03-10,VZ,Ellis Matthew D.,,0001611593-20-000080,2020-03-06,F,7306.0,56.87,58655.0,D,non_derivative,Common Stock,,,,
732712,2020-03-10,VZ,Erwin Tami A.,,0001611593-20-000081,2020-03-08,M,12547.0,,25094.0,D,derivative,Restricted Stock Units - 2019-2022 Award Cycle,Common Stock,12547.0,,
732712,2020-03-10,VZ,SILLIMAN CRAIG L.,,0001611593-20-000085,2020-03-06,M,11158.0,,35001.0,D,non_derivative,Common Stock,,,,
732712,2020-03-10,VZ,Dunne Ronan,,0001611593-20-000079,2020-03-06,F,6469.0,56.87,44736.0,D,non_derivative,Common Stock,,,,
732712,2020-03-10,VZ,SILLIMAN CRAIG L.,,0001611593-20-000085,2020-03-08,M,10010.0,,39303.0,D,non_derivative,Common Stock,,,,
732712,2020-03-10,VZ,Erwin Tami A.,,0001611593-20-000081,2020-03-06,F,5138.0,56.87,10200.0,D,non_derivative,Common Stock,,,,
732712,2020-03-10,VZ,Dunne Ronan,,0001611593-20-000079,2020-03-06,M,12647.0,,51205.0,D,non_derivative,Common Stock,,,,
732712,2020-03-10,VZ,Gowrappan Kumara Guru,,0001611593-20-000082,2020-03-08,M,12547.0,,25094.0,D,derivative,Restricted Stock Units - 2019-2022 Award Cycle,Common Stock,12547.0,,
732712,2020-03-10,VZ,Dunne Ronan,,0001611593-20-000079,2020-03-06,M,12647.0,,12646.0,D,derivative,Restricted Stock Units - 2018-2021 Award Cycle,Common Stock,12647.0,,
732712,2020-03-10,VZ,Ellis Matthew D.,,0001611593-20-000080,2020-03-08,F,7173.0,56.87,65504.0,D,non_derivative,Common Stock,,,,
732712,2020-03-10,VZ,Malady Kyle,,0001611593-20-000083,2020-03-08,M,8610.0,,18812.0,D,non_derivative,Common Stock,,,,
732712,2020-03-10,VZ,Qureshi Rima,,0001611593-20-000084,2020-03-06,M,11158.0,,11159.0,D,derivative,Restricted Stock Units - 2018-2021 Award Cycle,Common Stock,11158.0,,
732712,2020-03-10,VZ,Erwin Tami A.,,0001611593-20-000081,2020-03-08,F,6418.0,56.87,16329.0,D,non_derivative,Common Stock,,,,
732712,2020-03-10,VZ,Ellis Matthew D.,,0001611593-20-000080,2020-03-08,M,14022.0,,28046.0,D,derivative,Restricted Stock Units - 2019-2022 Award Cycle,Common Stock,14022.0,,
732712,2020-03-10,VZ,Erwin Tami A.,,0001611593-20-000081,2020-03-06,M,10043.0,,15338.0,D,non_derivative,Common Stock,,,,
732712,2020-03-10,VZ,Skiadas Anthony T,,0001611593-20-000086,2020-03-08,F,2000.0,56.87,36945.0,D,non_derivative,Common Stock,,,,
732712,2020-03-10,VZ,Vestberg Hans Erik,,0001611593-20-000078,2020-03-08,F,15100.0,56.87,46595.0,D,non_derivative,Common Stock,,,,
732712,2020-03-10,VZ,Vestberg Hans Erik,,0001611593-20-000078,2020-03-08,M,29521.0,,61695.0,D,non_derivative,Common Stock,,,,
732712,2020-03-10,VZ,Dunne Ronan,,0001611593-20-000079,2020-03-08,F,7551.0,56.87,51946.0,D,non_derivative,Common Stock,,,,
732712,2020-03-10,VZ,Vestberg Hans Erik,,0001611593-20-000078,2020-03-06,M,19639.0,,19639.0,D,derivative,Restricted Stock Units - 2018-2021 Award Cycle,Common Stock,19639.0,,
732712,2020-03-10,VZ,Ellis Matthew D.,,0001611593-20-000080,2020-03-06,M,14283.0,,14283.0,D,derivative,Restricted Stock Units - 2018-2021 Award Cycle,Common Stock,14283.0,,
732712,2020-03-10,VZ,Ellis Matthew D.,,0001611593-20-000080,2020-03-08,M,14022.0,,72677.0,D,non_derivative,Common Stock,,,,
732712,2020-03-10,VZ,Ellis Matthew D.,,0001611593-20-000080,2020-03-06,M,14283.0,,65961.0,D,non_derivative,Common Stock,,,,
732712,2020-03-10,VZ,Vestberg Hans Erik,,0001611593-20-000078,2020-03-08,M,29521.0,,59043.0,D,derivative,Restricted Stock Units - 2019-2022 Award Cycle,Common Stock,29521.0,,
732712,2020-03-23,VZ,Erwin Tami A.,,0001611593-20-000089,2020-03-19,A,85.422,15.26,31801.61,I,derivative,Phantom Stock (unitized),Common Stock,24.0,,
732712,2020-03-23,VZ,Dunne Ronan,,0001611593-20-000087,2020-03-19,A,108.101,15.26,37058.047,I,derivative,Phantom Stock (unitized),Common Stock,31.0,,
732712,2020-03-23,VZ,Ellis Matthew D.,,0001611593-20-000088,2020-03-19,A,100.541,15.26,39309.447,I,derivative,Phantom Stock (unitized),Common Stock,29.0,,
732712,2020-03-23,VZ,Malady Kyle,,0001611593-20-000091,2020-03-19,A,77.863,15.26,73309.437,I,derivative,Phantom Stock (unitized),Common Stock,22.0,,
732712,2020-03-23,VZ,Gowrappan Kumara Guru,,0001611593-20-000090,2020-03-19,A,85.422,15.26,13893.448,I,derivative,Phantom Stock (unitized),Common Stock,24.0,,
732712,2020-03-23,VZ,Skiadas Anthony T,,0001611593-20-000094,2020-03-19,A,43.089,15.26,66030.028,I,derivative,Phantom Stock (unitized),Common Stock,12.0,,
732712,2020-03-23,VZ,SILLIMAN CRAIG L.,,0001611593-20-000093,2020-03-19,A,163.284,15.26,197142.523,I,derivative,Phantom Stock (unitized),Common Stock,46.0,,
732712,2020-03-23,VZ,Pambianchi Christine M,,0001611593-20-000092,2020-03-06,L,13.0,56.64,100.0,D,non_derivative,Common Stock,,,,
732712,2020-03-23,VZ,Pambianchi Christine M,,0001611593-20-000092,2020-03-19,A,67.279,15.26,4761.782,I,derivative,Phantom Stock (unitized),Common Stock,19.0,,
732712,2020-03-23,VZ,Vestberg Hans Erik,,0001611593-20-000095,2020-03-19,A,183.696,15.26,39451.42,I,derivative,Phantom Stock (unitized),Common Stock,52.0,,
732712,2020-03-26,VZ,Pambianchi Christine M,,0001611593-20-000101,2020-03-24,A,112.13,14.24,4873.912,I,derivative,Phantom Stock (unitized),Common Stock,32.0,,
732712,2020-03-26,VZ,Erwin Tami A.,,0001611593-20-000098,2020-03-24,A,2644.594,14.24,34446.204,I,derivative,Phantom Stock (unitized),Common Stock,753.0,,
732712,2020-03-26,VZ,Gowrappan Kumara Guru,,0001611593-20-000099,2020-03-24,A,2543.448,14.24,16436.896,I,derivative,Phantom Stock (unitized),Common Stock,724.0,,
732712,2020-03-26,VZ,Malady Kyle,,0001611593-20-000100,2020-03-24,A,2030.711,14.24,75340.148,I,derivative,Phantom Stock (unitized),Common Stock,578.0,,
732712,2020-03-26,VZ,Dunne Ronan,,0001611593-20-000096,2020-03-24,A,3333.742,14.24,40391.789,I,derivative,Phantom Stock (unitized),Common Stock,950.0,,
732712,2020-03-26,VZ,Vestberg Hans Erik,,0001611593-20-000105,2020-03-24,A,6276.789,14.24,45728.209,I,derivative,Phantom Stock (unitized),Common Stock,1788.0,,
732712,2020-03-26,VZ,Qureshi Rima,,0001611593-20-000102,2020-03-24,A,2719.85,14.24,5326.419,I,derivative,Phantom Stock (unitized),Common Stock,775.0,,
732712,2020-03-26,VZ,SILLIMAN CRAIG L.,,0001611593-20-000103,2020-03-24,A,2765.431,14.24,199907.954,I,derivative,Phantom Stock (unitized),Common Stock,788.0,,
732712,2020-03-26,VZ,Skiadas Anthony T,,0001611593-20-000104,2020-03-24,A,1229.368,14.24,67259.396,I,derivative,Phantom Stock (unitized),Common Stock,350.0,,
732712,2020-04-06,VZ,Gowrappan Kumara Guru,,0001611593-20-000109,2020-04-02,A,82.914,15.73,16519.81,I,derivative,Phantom Stock (unitized),Common Stock,24.0,,
732712,2020-04-06,VZ,Pambianchi Christine M,,0001611593-20-000111,2020-04-02,A,65.303,15.73,4939.215,I,derivative,Phantom Stock (unitized),Common Stock,19.0,,
732712,2020-04-06,VZ,Malady Kyle,,0001611593-20-000110,2020-04-02,A,75.576,15.73,75415.724,I,derivative,Phantom Stock (unitized),Common Stock,22.0,,
732712,2020-04-06,VZ,Erwin Tami A.,,0001611593-20-000108,2020-04-02,A,82.914,15.73,34529.118,I,derivative,Phantom Stock (unitized),Common Stock,24.0,,
732712,2020-04-06,VZ,SILLIMAN CRAIG L.,,0001611593-20-000112,2020-04-02,A,158.49,15.73,200066.444,I,derivative,Phantom Stock (unitized),Common Stock,46.0,,
732712,2020-04-06,VZ,Dunne Ronan,,0001611593-20-000106,2020-04-02,A,104.926,15.73,40496.715,I,derivative,Phantom Stock (unitized),Common Stock,30.0,,
732712,2020-04-06,VZ,Vestberg Hans Erik,,0001611593-20-000114,2020-04-02,A,178.301,15.73,45906.51,I,derivative,Phantom Stock (unitized),Common Stock,51.0,,
732712,2020-04-06,VZ,Skiadas Anthony T,,0001611593-20-000113,2020-04-02,A,41.824,15.73,67301.22,I,derivative,Phantom Stock (unitized),Common Stock,12.0,,
732712,2020-04-06,VZ,Ellis Matthew D.,,0001611593-20-000107,2020-04-02,A,97.589,15.73,42532.591,I,derivative,Phantom Stock (unitized),Common Stock,28.0,,
732712,2020-04-07,VZ,Vestberg Hans Erik,,0001611593-20-000115,2020-04-03,F,7140.0,54.7,53412.0,D,non_derivative,Common Stock,,,,
732712,2020-04-07,VZ,Vestberg Hans Erik,,0001611593-20-000115,2020-04-03,M,13957.0,,0.0,D,derivative,Restricted Stock Units - 2017-2020 Award Cycle,Common Stock,13957.0,,
732712,2020-04-07,VZ,Vestberg Hans Erik,,0001611593-20-000115,2020-04-03,M,13957.0,,60552.0,D,non_derivative,Common Stock,,,,
732712,2020-04-13,VZ,Gowrappan Kumara Guru,,0001611593-20-000116,2020-04-09,D,18374.0,57.44,5854.0,D,non_derivative,Common Stock,,,,
732712,2020-04-13,VZ,Gowrappan Kumara Guru,,0001611593-20-000116,2020-04-09,M,39531.0,,39531.0,D,derivative,Restricted Stock Units - 2018 - 2021 Award Cycle,Common Stock,39531.0,,
732712,2020-04-13,VZ,Gowrappan Kumara Guru,,0001611593-20-000116,2020-04-09,M,39531.0,,45385.0,D,non_derivative,Common Stock,,,,
732712,2020-04-13,VZ,Gowrappan Kumara Guru,,0001611593-20-000116,2020-04-09,F,21157.0,57.44,24228.0,D,non_derivative,Common Stock,,,,
732712,2020-04-20,VZ,Ellis Matthew D.,,0001611593-20-000118,2020-04-16,A,93.535,16.41,42626.126,I,derivative,Phantom Stock (unitized),Common Stock,27.0,,
732712,2020-04-20,VZ,Malady Kyle,,0001611593-20-000121,2020-04-16,A,72.437,16.41,75488.161,I,derivative,Phantom Stock (unitized),Common Stock,21.0,,
732712,2020-04-20,VZ,Dunne Ronan,,0001611593-20-000117,2020-04-16,A,100.568,16.41,40597.283,I,derivative,Phantom Stock (unitized),Common Stock,29.0,,
732712,2020-04-20,VZ,Erwin Tami A.,,0001611593-20-000119,2020-04-16,A,79.47,16.41,34608.588,I,derivative,Phantom Stock (unitized),Common Stock,23.0,,
732712,2020-04-20,VZ,Pambianchi Christine M,,0001611593-20-000122,2020-04-16,A,62.591,16.41,5001.806,I,derivative,Phantom Stock (unitized),Common Stock,18.0,,
732712,2020-04-20,VZ,SILLIMAN CRAIG L.,,0001611593-20-000123,2020-04-16,A,151.906,16.41,200218.35,I,derivative,Phantom Stock (unitized),Common Stock,44.0,,
732712,2020-04-20,VZ,Gowrappan Kumara Guru,,0001611593-20-000120,2020-04-16,A,79.47,16.41,16599.28,I,derivative,Phantom Stock (unitized),Common Stock,23.0,,
732712,2020-04-20,VZ,Vestberg Hans Erik,,0001611593-20-000125,2020-04-16,A,170.895,16.41,46077.405,I,derivative,Phantom Stock (unitized),Common Stock,49.0,,
732712,2020-04-20,VZ,Skiadas Anthony T,,0001611593-20-000124,2020-04-16,A,40.086,16.41,67341.306,I,derivative,Phantom Stock (unitized),Common Stock,11.0,,
732712,2020-05-04,VZ,Skiadas Anthony T,,0001611593-20-000133,2020-04-30,A,40.241,16.34,67381.547,I,derivative,Phantom Stock (unitized),Common Stock,11.0,,
732712,2020-05-04,VZ,Erwin Tami A.,,0001611593-20-000128,2020-04-30,A,79.776,16.34,34688.364,I,derivative,Phantom Stock (unitized),Common Stock,23.0,,
732712,2020-05-04,VZ,Dunne Ronan,,0001611593-20-000126,2020-04-30,A,100.955,16.34,40698.238,I,derivative,Phantom Stock (unitized),Common Stock,29.0,,
732712,2020-05-04,VZ,Gowrappan Kumara Guru,,0001611593-20-000129,2020-04-30,A,79.776,16.34,16679.056,I,derivative,Phantom Stock (unitized),Common Stock,23.0,,
732712,2020-05-04,VZ,Ellis Matthew D.,,0001611593-20-000127,2020-04-30,A,93.895,16.34,42720.021,I,derivative,Phantom Stock (unitized),Common Stock,27.0,,
732712,2020-05-04,VZ,Vestberg Hans Erik,,0001611593-20-000134,2020-04-30,A,171.553,16.34,46248.958,I,derivative,Phantom Stock (unitized),Common Stock,49.0,,
732712,2020-05-04,VZ,Malady Kyle,,0001611593-20-000130,2020-04-30,A,72.716,16.34,75560.877,I,derivative,Phantom Stock (unitized),Common Stock,21.0,,
732712,2020-05-04,VZ,Pambianchi Christine M,,0001611593-20-000131,2020-04-30,A,62.832,16.34,5064.638,I,derivative,Phantom Stock (unitized),Common Stock,18.0,,
732712,2020-05-04,VZ,SILLIMAN CRAIG L.,,0001611593-20-000132,2020-04-30,A,152.49,16.34,200370.84,I,derivative,Phantom Stock (unitized),Common Stock,44.0,,
732712,2020-05-05,VZ,Skiadas Anthony T,,0001611593-20-000135,2020-05-01,S,9444.0,57.02,27501.0,D,non_derivative,Common Stock,,,,
732712,2020-05-06,VZ,Vestberg Hans Erik,,0001611593-20-000136,2020-05-04,F,38194.0,56.24,89887.0,D,non_derivative,Common Stock,,,,
732712,2020-05-06,VZ,Vestberg Hans Erik,,0001611593-20-000136,2020-05-04,M,74669.0,,0.0,D,derivative,Special Restricted Stock Units - 2017-2020 Award Cycle,Common Stock,74669.0,,2020-05-04
732712,2020-05-06,VZ,Vestberg Hans Erik,,0001611593-20-000136,2020-05-04,M,74669.0,,128081.0,D,non_derivative,Common Stock,,,,
732712,2020-05-18,VZ,Gowrappan Kumara Guru,,0001611593-20-000140,2020-05-14,A,83.444,15.63,16939.943,I,derivative,Phantom Stock (unitized),Common Stock,24.0,,
732712,2020-05-18,VZ,Pambianchi Christine M,,0001611593-20-000142,2020-05-14,A,65.721,15.63,5183.412,I,derivative,Phantom Stock (unitized),Common Stock,19.0,,
732712,2020-05-18,VZ,Dunne Ronan,,0001611593-20-000137,2020-05-14,A,105.596,15.63,41238.817,I,derivative,Phantom Stock (unitized),Common Stock,30.0,,
732712,2020-05-18,VZ,Malady Kyle,,0001611593-20-000141,2020-05-14,A,76.059,15.63,76446.991,I,derivative,Phantom Stock (unitized),Common Stock,22.0,,
732712,2020-05-18,VZ,Vestberg Hans Erik,,0001611593-20-000145,2020-05-14,A,179.44,15.63,46921.489,I,derivative,Phantom Stock (unitized),Common Stock,51.0,,
732712,2020-05-18,VZ,SILLIMAN CRAIG L.,,0001611593-20-000143,2020-05-14,A,159.502,15.63,202679.295,I,derivative,Phantom Stock (unitized),Common Stock,46.0,,
732712,2020-05-18,VZ,Erwin Tami A.,,0001611593-20-000139,2020-05-14,A,83.444,15.63,35142.692,I,derivative,Phantom Stock (unitized),Common Stock,24.0,,
732712,2020-05-18,VZ,Ellis Matthew D.,,0001611593-20-000138,2020-05-14,A,98.212,15.63,43275.083,I,derivative,Phantom Stock (unitized),Common Stock,28.0,,
732712,2020-05-18,VZ,Skiadas Anthony T,,0001611593-20-000144,2020-05-14,A,42.091,15.63,68146.533,I,derivative,Phantom Stock (unitized),Common Stock,12.0,,
732712,2020-06-01,VZ,Malady Kyle,,0001611593-20-000150,2020-05-28,A,74.961,15.85,76521.952,I,derivative,Phantom Stock (unitized),Common Stock,21.0,,
732712,2020-06-01,VZ,Erwin Tami A.,,0001611593-20-000148,2020-05-28,A,82.239,15.85,35224.931,I,derivative,Phantom Stock (unitized),Common Stock,23.0,,
732712,2020-06-01,VZ,Pambianchi Christine M,,0001611593-20-000151,2020-05-28,A,64.772,15.85,5248.184,I,derivative,Phantom Stock (unitized),Common Stock,18.0,,
732712,2020-06-01,VZ,Gowrappan Kumara Guru,,0001611593-20-000149,2020-05-28,A,82.239,15.85,17022.182,I,derivative,Phantom Stock (unitized),Common Stock,23.0,,
732712,2020-06-01,VZ,Skiadas Anthony T,,0001611593-20-000153,2020-05-28,A,41.483,15.85,68188.016,I,derivative,Phantom Stock (unitized),Common Stock,12.0,,
732712,2020-06-01,VZ,SILLIMAN CRAIG L.,,0001611593-20-000152,2020-05-28,A,157.2,15.85,202836.495,I,derivative,Phantom Stock (unitized),Common Stock,44.0,,
732712,2020-06-01,VZ,Vestberg Hans Erik,,0001611593-20-000154,2020-05-28,A,176.851,15.85,47098.34,I,derivative,Phantom Stock (unitized),Common Stock,50.0,,
732712,2020-06-01,VZ,Ellis Matthew D.,,0001611593-20-000147,2020-05-28,A,96.795,15.85,43371.878,I,derivative,Phantom Stock (unitized),Common Stock,28.0,,
732712,2020-06-01,VZ,Dunne Ronan,,0001611593-20-000146,2020-05-28,A,104.073,15.85,41342.89,I,derivative,Phantom Stock (unitized),Common Stock,30.0,,
732712,2020-06-15,VZ,Vestberg Hans Erik,,0001611593-20-000163,2020-06-11,A,174.587,16.06,47272.927,I,derivative,Phantom Stock (unitized),Common Stock,50.0,,
732712,2020-06-15,VZ,Skiadas Anthony T,,0001611593-20-000162,2020-06-11,A,43.409,16.06,68231.425,I,derivative,Phantom Stock (unitized),Common Stock,12.0,,
732712,2020-06-15,VZ,Pambianchi Christine M,,0001611593-20-000160,2020-06-11,A,63.943,16.06,5312.127,I,derivative,Phantom Stock (unitized),Common Stock,18.0,,
732712,2020-06-15,VZ,Dunne Ronan,,0001611593-20-000155,2020-06-11,A,102.74,16.06,41445.63,I,derivative,Phantom Stock (unitized),Common Stock,29.0,,
732712,2020-06-15,VZ,Ellis Matthew D.,,0001611593-20-000156,2020-06-11,A,95.556,16.06,43467.434,I,derivative,Phantom Stock (unitized),Common Stock,27.0,,
732712,2020-06-15,VZ,SILLIMAN CRAIG L.,,0001611593-20-000161,2020-06-11,A,155.188,16.06,202991.683,I,derivative,Phantom Stock (unitized),Common Stock,44.0,,
732712,2020-06-15,VZ,Malady Kyle,,0001611593-20-000159,2020-06-11,A,74.002,16.06,76595.954,I,derivative,Phantom Stock (unitized),Common Stock,21.0,,
732712,2020-06-15,VZ,Gowrappan Kumara Guru,,0001611593-20-000158,2020-06-11,A,81.187,16.06,17103.369,I,derivative,Phantom Stock (unitized),Common Stock,23.0,,
732712,2020-06-15,VZ,Erwin Tami A.,,0001611593-20-000157,2020-06-11,A,81.187,16.06,35306.118,I,derivative,Phantom Stock (unitized),Common Stock,23.0,,
732712,2020-06-29,VZ,Erwin Tami A.,,0001611593-20-000176,2020-06-25,A,84.409,15.45,35390.527,I,derivative,Phantom Stock (unitized),Common Stock,24.0,,
732712,2020-06-29,VZ,Vestberg Hans Erik,,0001611593-20-000182,2020-06-25,A,181.517,15.45,47454.444,I,derivative,Phantom Stock (unitized),Common Stock,52.0,,
732712,2020-06-29,VZ,Skiadas Anthony T,,0001611593-20-000181,2020-06-25,A,45.132,15.45,68276.557,I,derivative,Phantom Stock (unitized),Common Stock,13.0,,
732712,2020-06-29,VZ,Malady Kyle,,0001611593-20-000178,2020-06-25,A,76.939,15.45,76672.893,I,derivative,Phantom Stock (unitized),Common Stock,22.0,,
732712,2020-06-29,VZ,Pambianchi Christine M,,0001611593-20-000179,2020-06-25,A,66.481,15.45,5378.608,I,derivative,Phantom Stock (unitized),Common Stock,19.0,,
732712,2020-06-29,VZ,Gowrappan Kumara Guru,,0001611593-20-000177,2020-06-25,A,84.409,15.45,17187.778,I,derivative,Phantom Stock (unitized),Common Stock,24.0,,
732712,2020-06-29,VZ,SILLIMAN CRAIG L.,,0001611593-20-000180,2020-06-25,A,161.348,15.45,203153.031,I,derivative,Phantom Stock (unitized),Common Stock,46.0,,
732712,2020-06-29,VZ,Ellis Matthew D.,,0001611593-20-000175,2020-06-25,A,99.349,15.45,43566.783,I,derivative,Phantom Stock (unitized),Common Stock,28.0,,
732712,2020-06-29,VZ,Dunne Ronan,,0001611593-20-000174,2020-06-25,A,106.818,15.45,41552.448,I,derivative,Phantom Stock (unitized),Common Stock,30.0,,
732712,2020-07-10,VZ,Pambianchi Christine M,,0001611593-20-000184,2020-07-08,M,31835.0,,31935.0,D,non_derivative,Common Stock,,,,
732712,2020-07-10,VZ,Pambianchi Christine M,,0001611593-20-000184,2020-07-08,M,31835.0,,63672.0,D,derivative,Restricted Stock Units - 2019-2022 Award Cycle,Common Stock,31835.0,,
732712,2020-07-10,VZ,Pambianchi Christine M,,0001611593-20-000184,2020-07-08,F,15679.0,55.38,16256.0,D,non_derivative,Common Stock,,,,
732712,2020-07-13,VZ,Skiadas Anthony T,,0001611593-20-000192,2020-07-09,A,45.416,15.35,68321.973,I,derivative,Phantom Stock (unitized),Common Stock,13.0,,
732712,2020-07-13,VZ,SILLIMAN CRAIG L.,,0001611593-20-000191,2020-07-09,A,162.36,15.35,203315.391,I,derivative,Phantom Stock (unitized),Common Stock,46.0,,
732712,2020-07-13,VZ,Erwin Tami A.,,0001611593-20-000187,2020-07-09,A,84.939,15.35,35475.466,I,derivative,Phantom Stock (unitized),Common Stock,24.0,,
732712,2020-07-13,VZ,Vestberg Hans Erik,,0001611593-20-000193,2020-07-09,A,182.656,15.35,47637.1,I,derivative,Phantom Stock (unitized),Common Stock,52.0,,
732712,2020-07-13,VZ,Dunne Ronan,,0001611593-20-000185,2020-07-09,A,107.489,15.35,41659.937,I,derivative,Phantom Stock (unitized),Common Stock,31.0,,
732712,2020-07-13,VZ,Ellis Matthew D.,,0001611593-20-000186,2020-07-09,A,99.972,15.35,43666.755,I,derivative,Phantom Stock (unitized),Common Stock,28.0,,
732712,2020-07-13,VZ,Malady Kyle,,0001611593-20-000189,2020-07-09,A,77.422,15.35,76750.315,I,derivative,Phantom Stock (unitized),Common Stock,22.0,,
732712,2020-07-13,VZ,Pambianchi Christine M,,0001611593-20-000190,2020-07-09,A,66.898,15.35,5445.506,I,derivative,Phantom Stock (unitized),Common Stock,19.0,,
732712,2020-07-27,VZ,Skiadas Anthony T,,0001611593-20-000201,2020-07-23,A,43.873,15.89,68365.846,I,derivative,Phantom Stock (unitized),Common Stock,12.0,,
732712,2020-07-27,VZ,SILLIMAN CRAIG L.,,0001611593-20-000200,2020-07-23,A,156.844,15.89,203472.235,I,derivative,Phantom Stock (unitized),Common Stock,44.0,,
732712,2020-07-27,VZ,Pambianchi Christine M,,0001611593-20-000199,2020-07-23,A,64.625,15.89,5510.131,I,derivative,Phantom Stock (unitized),Common Stock,18.0,,
732712,2020-07-27,VZ,Vestberg Hans Erik,,0001611593-20-000202,2020-07-23,A,176.45,15.89,47813.55,I,derivative,Phantom Stock (unitized),Common Stock,50.0,,
732712,2020-07-27,VZ,Ellis Matthew D.,,0001611593-20-000203,2020-07-23,A,96.576,15.89,43763.331,I,derivative,Phantom Stock (unitized),Common Stock,27.0,,
732712,2020-07-27,VZ,Malady Kyle,,0001611593-20-000198,2020-07-23,A,74.791,15.89,76825.106,I,derivative,Phantom Stock (unitized),Common Stock,21.0,,
732712,2020-07-27,VZ,Gowrappan Kumara Guru,,0001611593-20-000197,2020-07-23,A,82.053,15.89,17354.77,I,derivative,Phantom Stock (unitized),Common Stock,23.0,,
732712,2020-07-27,VZ,Erwin Tami A.,,0001611593-20-000195,2020-07-23,A,82.053,15.89,35557.519,I,derivative,Phantom Stock (unitized),Common Stock,23.0,,
732712,2020-07-27,VZ,Erwin Tami A.,,0001611593-20-000196,2020-07-23,A,82.053,15.89,35557.519,I,derivative,Phantom Stock (unitized),Common Stock,23.0,,
732712,2020-07-27,VZ,Dunne Ronan,,0001611593-20-000194,2020-07-23,A,103.837,15.89,41763.774,I,derivative,Phantom Stock (unitized),Common Stock,30.0,,
732712,2020-08-10,VZ,Erwin Tami A.,,0001611593-20-000206,2020-08-06,A,79.266,16.45,36014.877,I,derivative,Phantom Stock (unitized),Common Stock,23.0,,
732712,2020-08-10,VZ,SILLIMAN CRAIG L.,,0001611593-20-000210,2020-08-06,A,151.518,16.45,205794.132,I,derivative,Phantom Stock (unitized),Common Stock,44.0,,
732712,2020-08-10,VZ,Ellis Matthew D.,,0001611593-20-000205,2020-08-06,A,93.296,16.45,44322.072,I,derivative,Phantom Stock (unitized),Common Stock,27.0,,
732712,2020-08-10,VZ,Vestberg Hans Erik,,0001611593-20-000212,2020-08-06,A,170.458,16.45,48490.986,I,derivative,Phantom Stock (unitized),Common Stock,48.0,,
732712,2020-08-10,VZ,Pambianchi Christine M,,0001611593-20-000209,2020-08-06,A,62.431,16.45,5630.024,I,derivative,Phantom Stock (unitized),Common Stock,18.0,,
732712,2020-08-10,VZ,Dunne Ronan,,0001611593-20-000204,2020-08-06,A,100.31,16.45,42308.009,I,derivative,Phantom Stock (unitized),Common Stock,29.0,,
732712,2020-08-10,VZ,Malady Kyle,,0001611593-20-000208,2020-08-06,A,72.251,16.45,77716.489,I,derivative,Phantom Stock (unitized),Common Stock,21.0,,
732712,2020-08-10,VZ,Skiadas Anthony T,,0001611593-20-000211,2020-08-06,A,42.383,16.45,69137.659,I,derivative,Phantom Stock (unitized),Common Stock,12.0,,
732712,2020-08-10,VZ,Gowrappan Kumara Guru,,0001611593-20-000207,2020-08-06,A,79.266,16.45,17617.661,I,derivative,Phantom Stock (unitized),Common Stock,23.0,,
732712,2020-08-24,VZ,Erwin Tami A.,,0001611593-20-000215,2020-08-20,A,77.759,16.77,36092.636,I,derivative,Phantom Stock (unitized),Common Stock,22.0,,
732712,2020-08-24,VZ,Vestberg Hans Erik,,0001611593-20-000221,2020-08-20,A,167.215,16.77,48658.201,I,derivative,Phantom Stock (unitized),Common Stock,48.0,,
732712,2020-08-24,VZ,Skiadas Anthony T,,0001611593-20-000220,2020-08-20,A,41.576,16.77,69179235.0,I,derivative,Phantom Stock (unitized),Common Stock,12.0,,
732712,2020-08-24,VZ,SILLIMAN CRAIG L.,,0001611593-20-000219,2020-08-20,A,148.636,16.77,205942.768,I,derivative,Phantom Stock (unitized),Common Stock,42.0,,
732712,2020-08-24,VZ,Malady Kyle,,0001611593-20-000217,2020-08-20,A,70.877,16.77,77787.366,I,derivative,Phantom Stock (unitized),Common Stock,20.0,,
732712,2020-08-24,VZ,Ellis Matthew D.,,0001611593-20-000214,2020-08-20,A,91.521,16.77,44413.593,I,derivative,Phantom Stock (unitized),Common Stock,26.0,,
732712,2020-08-24,VZ,Dunne Ronan,,0001611593-20-000213,2020-08-20,A,98.402,16.77,42406.411,I,derivative,Phantom Stock (unitized),Common Stock,28.0,,
732712,2020-08-24,VZ,Pambianchi Christine M,,0001611593-20-000218,2020-08-20,A,61.243,16.77,5691.267,I,derivative,Phantom Stock (unitized),Common Stock,17.0,,
732712,2020-08-24,VZ,Gowrappan Kumara Guru,,0001611593-20-000216,2020-08-20,A,77.759,16.77,17695.42,I,derivative,Phantom Stock (unitized),Common Stock,22.0,,
732712,2020-09-08,VZ,Malady Kyle,,0001611593-20-000226,2020-09-03,A,68.962,17.23,77856.328,I,derivative,Phantom Stock (unitized),Common Stock,20.0,,
732712,2020-09-08,VZ,Ellis Matthew D.,,0001611593-20-000223,2020-09-03,A,89.048,17.23,44502.641,I,derivative,Phantom Stock (unitized),Common Stock,25.0,,
732712,2020-09-08,VZ,SILLIMAN CRAIG L.,,0001611593-20-000228,2020-09-03,A,144.618,17.23,206087.386,I,derivative,Phantom Stock (unitized),Common Stock,42.0,,
732712,2020-09-08,VZ,Dunne Ronan,,0001611593-20-000222,2020-09-03,A,95.743,17.23,42502.154,I,derivative,Phantom Stock (unitized),Common Stock,27.0,,
732712,2020-09-08,VZ,Pambianchi Christine M,,0001611593-20-000227,2020-09-03,A,59.588,17.23,5750.855,I,derivative,Phantom Stock (unitized),Common Stock,17.0,,
732712,2020-09-08,VZ,Skiadas Anthony T,,0001611593-20-000229,2020-09-03,A,40.453,17.23,69219.688,I,derivative,Phantom Stock (unitized),Common Stock,12.0,,
732712,2020-09-08,VZ,Vestberg Hans Erik,,0001611593-20-000230,2020-09-03,A,162.696,17.23,48820.897,I,derivative,Phantom Stock (unitized),Common Stock,46.0,,
732712,2020-09-08,VZ,Erwin Tami A.,,0001611593-20-000224,2020-09-03,A,75.657,17.23,36168.293,I,derivative,Phantom Stock (unitized),Common Stock,22.0,,
732712,2020-09-08,VZ,Gowrappan Kumara Guru,,0001611593-20-000225,2020-09-03,A,75.657,17.23,17771.077,I,derivative,Phantom Stock (unitized),Common Stock,22.0,,
732712,2020-09-21,VZ,Dunne Ronan,,0001611593-20-000231,2020-09-17,A,95.774,17.23,42597.928,I,derivative,Phantom Stock (unitized),Common Stock,27.0,,
732712,2020-09-21,VZ,Skiadas Anthony T,,0001611593-20-000238,2020-09-17,A,40.466,17.23,69260.154,I,derivative,Phantom Stock (unitized),Common Stock,12.0,,
732712,2020-09-21,VZ,Pambianchi Christine M,,0001611593-20-000236,2020-09-17,A,59.608,17.23,5810.463,I,derivative,Phantom Stock (unitized),Common Stock,17.0,,
732712,2020-09-21,VZ,Gowrappan Kumara Guru,,0001611593-20-000234,2020-09-17,A,75.682,17.23,17846.759,I,derivative,Phantom Stock (unitized),Common Stock,22.0,,
732712,2020-09-21,VZ,Erwin Tami A.,,0001611593-20-000233,2020-09-17,A,75.682,17.23,36243.975,I,derivative,Phantom Stock (unitized),Common Stock,22.0,,
732712,2020-09-21,VZ,Ellis Matthew D.,,0001611593-20-000232,2020-09-17,A,89.077,17.23,44591.718,I,derivative,Phantom Stock (unitized),Common Stock,25.0,,
732712,2020-09-21,VZ,Vestberg Hans Erik,,0001611593-20-000239,2020-09-17,A,162.749,17.23,48983.646,I,derivative,Phantom Stock (unitized),Common Stock,46.0,,
732712,2020-09-21,VZ,SILLIMAN CRAIG L.,,0001611593-20-000237,2020-09-17,A,144.666,17.23,206232.052,I,derivative,Phantom Stock (unitized),Common Stock,42.0,,
732712,2020-09-21,VZ,Malady Kyle,,0001611593-20-000235,2020-09-17,A,68.984,17.23,77925.312,I,derivative,Phantom Stock (unitized),Common Stock,20.0,,
732712,2020-10-05,VZ,SILLIMAN CRAIG L.,,0001611593-20-000246,2020-10-01,A,147.416,16.91,206379.468,I,derivative,Phantom Stock (unitized),Common Stock,42.0,,
732712,2020-10-05,VZ,Pambianchi Christine M,,0001611593-20-000245,2020-10-01,A,60.741,16.91,5871.204,I,derivative,Phantom Stock (unitized),Common Stock,17.0,,
732712,2020-10-05,VZ,Malady Kyle,,0001611593-20-000244,2020-10-01,A,70.296,16.91,77995.608,I,derivative,Phantom Stock (unitized),Common Stock,20.0,,
732712,2020-10-05,VZ,Vestberg Hans Erik,,0001611593-20-000248,2020-10-01,A,165.845,16.91,49149.491,I,derivative,Phantom Stock (unitized),Common Stock,47.0,,
732712,2020-10-05,VZ,Gowrappan Kumara Guru,,0001611593-20-000243,2020-10-01,A,77.121,16.91,17923.88,I,derivative,Phantom Stock (unitized),Common Stock,22.0,,
732712,2020-10-05,VZ,Dunne Ronan,,0001611593-20-000240,2020-10-01,A,97.596,16.91,42695.524,I,derivative,Phantom Stock (unitized),Common Stock,28.0,,
732712,2020-10-05,VZ,Ellis Matthew D.,,0001611593-20-000241,2020-10-01,A,90.771,16.91,44682.489,I,derivative,Phantom Stock (unitized),Common Stock,26.0,,
732712,2020-10-05,VZ,Erwin Tami A.,,0001611593-20-000242,2020-10-01,A,77.121,16.91,36321.096,I,derivative,Phantom Stock (unitized),Common Stock,22.0,,
732712,2020-10-06,VZ,AUSTIN ROXANNE S,,0001611593-20-000250,2020-10-02,A,3739.0,59.24,3739.0,I,derivative,Phantom Stock,Common Stock,3739.0,,
732712,2020-10-19,VZ,Ellis Matthew D.,,0001062993-20-004979,2020-10-15,A,92.773,16.54,44775.262,I,derivative,Phantom Stock (unitized),Common Stock,26.0,,
732712,2020-10-19,VZ,SILLIMAN CRAIG L.,,0001062993-20-004984,2020-10-15,A,150.668,16.54,206530.136,I,derivative,Phantom Stock (unitized),Common Stock,42.0,,
732712,2020-10-19,VZ,Skiadas Anthony T,,0001062993-20-004985,2020-10-15,A,42.145,16.54,69343.535,I,derivative,Phantom Stock (unitized),Common Stock,12.0,,
732712,2020-10-19,VZ,Gowrappan Kumara Guru,,0001062993-20-004981,2020-10-15,A,78.822,16.54,18002.702,I,derivative,Phantom Stock (unitized),Common Stock,22.0,,
732712,2020-10-19,VZ,Erwin Tami A.,,0001062993-20-004980,2020-10-15,A,78.822,16.54,36399.918,I,derivative,Phantom Stock (unitized),Common Stock,22.0,,
732712,2020-10-19,VZ,Dunne Ronan,,0001062993-20-004978,2020-10-15,A,99.748,16.54,42795.272,I,derivative,Phantom Stock (unitized),Common Stock,28.0,,
732712,2020-10-19,VZ,Pambianchi Christine M,,0001062993-20-004983,2020-10-15,A,62.08,16.54,5933.284,I,derivative,Phantom Stock (unitized),Common Stock,18.0,,
732712,2020-10-19,VZ,Vestberg Hans Erik,,0001062993-20-004977,2020-10-15,A,169.501,16.54,49318.992,I,derivative,Phantom Stock (unitized),Common Stock,48.0,,
732712,2020-10-19,VZ,Malady Kyle,,0001062993-20-004982,2020-10-15,A,71.846,16.54,78067.454,I,derivative,Phantom Stock (unitized),Common Stock,20.0,,
732712,2020-11-02,VZ,Skiadas Anthony T,,0001062993-20-005297,2020-10-29,A,43.177,16.15,69386.712,I,derivative,Phantom Stock (unitized),Common Stock,12.0,,
732712,2020-11-02,VZ,Pambianchi Christine M,,0001062993-20-005295,2020-10-29,A,63.601,16.15,5996.885,I,derivative,Phantom Stock (unitized),Common Stock,18.0,,
732712,2020-11-02,VZ,Malady Kyle,,0001062993-20-005294,2020-10-29,A,73.606,16.15,78141.06,I,derivative,Phantom Stock (unitized),Common Stock,21.0,,
732712,2020-11-02,VZ,Vestberg Hans Erik,,0001062993-20-005298,2020-10-29,A,173.652,16.15,49492.644,I,derivative,Phantom Stock (unitized),Common Stock,49.0,,
732712,2020-11-02,VZ,Dunne Ronan,,0001062993-20-005290,2020-10-29,A,102.19,16.15,42897.462,I,derivative,Phantom Stock (unitized),Common Stock,29.0,,
732712,2020-11-02,VZ,SILLIMAN CRAIG L.,,0001062993-20-005296,2020-10-29,A,154.356,16.15,206684.492,I,derivative,Phantom Stock (unitized),Common Stock,44.0,,
732712,2020-11-02,VZ,Gowrappan Kumara Guru,,0001062993-20-005293,2020-10-29,A,80.752,16.15,18083.454,I,derivative,Phantom Stock (unitized),Common Stock,23.0,,
732712,2020-11-02,VZ,Ellis Matthew D.,,0001062993-20-005291,2020-10-29,A,95.044,16.15,44870.306,I,derivative,Phantom Stock (unitized),Common Stock,27.0,,
732712,2020-11-02,VZ,Erwin Tami A.,,0001062993-20-005292,2020-10-29,A,80.752,16.15,36480.67,I,derivative,Phantom Stock (unitized),Common Stock,23.0,,
732712,2020-11-03,VZ,SILLIMAN CRAIG L.,,0001062993-20-005356,2020-11-02,S,10411.0,57.73,23771.0,D,non_derivative,Common Stock,,,,
732712,2020-11-10,VZ,Qureshi Rima,,0001062993-20-005474,2020-11-06,D,11486.0,58.53,15461.0,D,non_derivative,Common Stock,,,,
732712,2020-11-10,VZ,Qureshi Rima,,0001062993-20-005474,2020-11-06,F,17703.0,58.53,26947.0,D,non_derivative,Common Stock,,,,
732712,2020-11-10,VZ,Qureshi Rima,,0001062993-20-005474,2020-11-06,M,29189.0,,0.0,D,derivative,Restricted Stock Units - 2017 - 2020 Award Cycle,Common Stock,29189.0,,
732712,2020-11-10,VZ,Qureshi Rima,,0001062993-20-005474,2020-11-06,M,29189.0,,44650.0,D,non_derivative,Common Stock,,,,
732712,2020-11-16,VZ,Pambianchi Christine M,,0001062993-20-005669,2020-11-12,A,59.398,17.29,6119.544,I,derivative,Phantom Stock (unitized),Common Stock,17.0,,
732712,2020-11-16,VZ,Gowrappan Kumara Guru,,0001062993-20-005667,2020-11-12,A,75.416,17.29,18351.995,I,derivative,Phantom Stock (unitized),Common Stock,21.0,,
732712,2020-11-16,VZ,Erwin Tami A.,,0001062993-20-005666,2020-11-12,A,75.416,17.29,36947.437,I,derivative,Phantom Stock (unitized),Common Stock,21.0,,
732712,2020-11-16,VZ,Vestberg Hans Erik,,0001062993-20-005672,2020-11-12,A,162.178,17.29,50184.395,I,derivative,Phantom Stock (unitized),Common Stock,46.0,,
732712,2020-11-16,VZ,SILLIMAN CRAIG L.,,0001062993-20-005670,2020-11-12,A,144.158,17.29,209052.333,I,derivative,Phantom Stock (unitized),Common Stock,40.0,,
732712,2020-11-16,VZ,Dunne Ronan,,0001062993-20-005664,2020-11-12,A,95.438,17.29,43452.933,I,derivative,Phantom Stock (unitized),Common Stock,27.0,,
732712,2020-11-16,VZ,Skiadas Anthony T,,0001062993-20-005671,2020-11-12,A,40.324,17.29,70173.74,I,derivative,Phantom Stock (unitized),Common Stock,11.0,,
732712,2020-11-16,VZ,Malady Kyle,,0001062993-20-005668,2020-11-12,A,68.742,17.29,79050.184,I,derivative,Phantom Stock (unitized),Common Stock,20.0,,
732712,2020-11-16,VZ,Ellis Matthew D.,,0001062993-20-005665,2020-11-12,A,88.764,17.29,45440.512,I,derivative,Phantom Stock (unitized),Common Stock,25.0,,
732712,2020-11-25,VZ,Gowrappan Kumara Guru,,0001062993-20-005903,2020-11-24,A,75.602,17.25,18427.597,I,derivative,Phantom Stock (unitized),Common Stock,22.0,,
732712,2020-11-25,VZ,Skiadas Anthony T,,0001062993-20-005907,2020-11-24,A,40.423,17.25,70214.163,I,derivative,Phantom Stock (unitized),Common Stock,11.0,,
732712,2020-11-25,VZ,Pambianchi Christine M,,0001062993-20-005905,2020-11-24,A,59.545,17.25,6179.089,I,derivative,Phantom Stock (unitized),Common Stock,17.0,,
732712,2020-11-25,VZ,SILLIMAN CRAIG L.,,0001062993-20-005906,2020-11-24,A,144.512,17.25,209196.845,I,derivative,Phantom Stock (unitized),Common Stock,42.0,,
732712,2020-11-25,VZ,Malady Kyle,,0001062993-20-005904,2020-11-24,A,68.911,17.25,79119.095,I,derivative,Phantom Stock (unitized),Common Stock,20.0,,
732712,2020-11-25,VZ,Ellis Matthew D.,,0001062993-20-005901,2020-11-24,A,88.983,17.25,45529.495,I,derivative,Phantom Stock (unitized),Common Stock,25.0,,
732712,2020-11-25,VZ,Vestberg Hans Erik,,0001062993-20-005908,2020-11-24,A,162.578,17.25,50346.973,I,derivative,Phantom Stock (unitized),Common Stock,46.0,,
732712,2020-11-25,VZ,Erwin Tami A.,,0001062993-20-005902,2020-11-24,A,75.602,17.25,37023.039,I,derivative,Phantom Stock (unitized),Common Stock,22.0,,
732712,2020-11-25,VZ,Dunne Ronan,,0001062993-20-005900,2020-11-24,A,95.673,17.25,43548.606,I,derivative,Phantom Stock (unitized),Common Stock,27.0,,
732712,2020-12-14,VZ,SILLIMAN CRAIG L.,,0001062993-20-006283,2020-12-10,A,144.82,17.21,209341.665,I,derivative,Phantom Stock (unitized),Common Stock,42.0,,
732712,2020-12-14,VZ,Erwin Tami A.,,0001062993-20-006279,2020-12-10,A,75.763,17.21,37098.802,I,derivative,Phantom Stock (unitized),Common Stock,22.0,,
732712,2020-12-14,VZ,Ellis Matthew D.,,0001062993-20-006278,2020-12-10,A,89.173,17.21,45618.668,I,derivative,Phantom Stock (unitized),Common Stock,25.0,,
732712,2020-12-14,VZ,Vestberg Hans Erik,,0001062993-20-006285,2020-12-10,A,162.924,17.21,50509.897,I,derivative,Phantom Stock (unitized),Common Stock,46.0,,
732712,2020-12-14,VZ,Gowrappan Kumara Guru,,0001062993-20-006280,2020-12-10,A,75.763,17.21,18503.36,I,derivative,Phantom Stock (unitized),Common Stock,22.0,,
732712,2020-12-14,VZ,Pambianchi Christine M,,0001062993-20-006282,2020-12-10,A,59.672,17.21,6238.761,I,derivative,Phantom Stock (unitized),Common Stock,17.0,,
732712,2020-12-14,VZ,Skiadas Anthony T,,0001062993-20-006284,2020-12-10,A,40.51,17.21,70254.673,I,derivative,Phantom Stock (unitized),Common Stock,12.0,,
732712,2020-12-14,VZ,Malady Kyle,,0001062993-20-006281,2020-12-10,A,69.058,17.21,79188.153,I,derivative,Phantom Stock (unitized),Common Stock,20.0,,
732712,2020-12-14,VZ,Dunne Ronan,,0001062993-20-006277,2020-12-10,A,95.877,17.21,43644.483,I,derivative,Phantom Stock (unitized),Common Stock,27.0,,
732712,2020-12-23,VZ,Malady Kyle,,0001062993-20-006560,2020-12-22,A,70.826,16.78,79258.979,I,derivative,Phantom Stock (unitized),Common Stock,20.0,,
732712,2020-12-23,VZ,Gowrappan Kumara Guru,,0001062993-20-006559,2020-12-22,A,77.702,16.78,18581.062,I,derivative,Phantom Stock (unitized),Common Stock,22.0,,
732712,2020-12-23,VZ,Vestberg Hans Erik,,0001062993-20-006564,2020-12-22,A,167.094,16.78,50676.991,I,derivative,Phantom Stock (unitized),Common Stock,48.0,,
732712,2020-12-23,VZ,Skiadas Anthony T,,0001062993-20-006563,2020-12-22,A,41.546,16.78,70296.219,I,derivative,Phantom Stock (unitized),Common Stock,12.0,,
732712,2020-12-23,VZ,Ellis Matthew D.,,0001062993-20-006557,2020-12-22,A,91.455,16.78,45710.123,I,derivative,Phantom Stock (unitized),Common Stock,26.0,,
732712,2020-12-23,VZ,SILLIMAN CRAIG L.,,0001062993-20-006562,2020-12-22,A,148.528,16.78,209490.193,I,derivative,Phantom Stock (unitized),Common Stock,42.0,,
732712,2020-12-23,VZ,Erwin Tami A.,,0001062993-20-006558,2020-12-22,A,77.702,16.78,37176.504,I,derivative,Phantom Stock (unitized),Common Stock,22.0,,
732712,2020-12-23,VZ,Dunne Ronan,,0001062993-20-006556,2020-12-22,A,98.331,16.78,43742.814,I,derivative,Phantom Stock (unitized),Common Stock,28.0,,
732712,2020-12-23,VZ,Pambianchi Christine M,,0001062993-20-006561,2020-12-22,A,61.199,16.78,6299.96,I,derivative,Phantom Stock (unitized),Common Stock,17.0,,
732712,2021-01-11,VZ,Skiadas Anthony T,,0001062993-21-000254,2021-01-07,A,41.179,16.65,70337.398,I,derivative,Phantom Stock (unitized),Common Stock,12.0,,
732712,2021-01-11,VZ,Ellis Matthew D.,,0001062993-21-000246,2021-01-07,A,91.478,16.65,45801.601,I,derivative,Phantom Stock (unitized),Common Stock,26.0,,
732712,2021-01-11,VZ,Dunne Ronan,,0001062993-21-000245,2021-01-07,A,98.407,16.65,43841.221,I,derivative,Phantom Stock (unitized),Common Stock,28.0,,
732712,2021-01-11,VZ,Pambianchi Christine M,,0001062993-21-000251,2021-01-07,A,60.985,16.65,6360.945,I,derivative,Phantom Stock (unitized),Common Stock,17.0,,
732712,2021-01-11,VZ,Vestberg Hans Erik,,0001062993-21-000256,2021-01-07,A,167.709,16.65,50844.7,I,derivative,Phantom Stock (unitized),Common Stock,48.0,,
732712,2021-01-11,VZ,SILLIMAN CRAIG L.,,0001062993-21-000253,2021-01-07,A,197.739,16.65,206612.568,I,derivative,Phantom Stock (unitized),Common Stock,56.0,,
732712,2021-01-11,VZ,Erwin Tami A.,,0001062993-21-000247,2021-01-07,A,77.617,16.65,37254.121,I,derivative,Phantom Stock (unitized),Common Stock,22.0,,
732712,2021-01-11,VZ,SILLIMAN CRAIG L.,,0001062993-21-000253,2021-01-05,I,3075.365,16.66,206414.829,I,derivative,Phantom Stock (unitized),Common Stock,875.0,,
732712,2021-01-11,VZ,Qureshi Rima,,0001062993-21-000252,2021-01-07,A,67.222,16.65,5566.997,I,derivative,Phantom Stock (unitized),Common Stock,19.0,,
732712,2021-01-11,VZ,Malady Kyle,,0001062993-21-000250,2021-01-07,A,70.687,16.65,79329.666,I,derivative,Phantom Stock (unitized),Common Stock,20.0,,
732712,2021-01-11,VZ,Gowrappan Kumara Guru,,0001062993-21-000248,2021-01-07,A,77.617,16.65,18658.679,I,derivative,Phantom Stock (unitized),Common Stock,22.0,,
732712,2021-01-25,VZ,Gowrappan Kumara Guru,,0001062993-21-000583,2021-01-21,A,79.312,16.29,18737.991,I,derivative,Phantom Stock (unitized),Common Stock,23.0,,
732712,2021-01-25,VZ,SILLIMAN CRAIG L.,,0001062993-21-000587,2021-01-21,A,202.056,16.29,206814.624,I,derivative,Phantom Stock (unitized),Common Stock,58.0,,
732712,2021-01-25,VZ,Dunne Ronan,,0001062993-21-000580,2021-01-21,A,100.556,16.29,43941.777,I,derivative,Phantom Stock (unitized),Common Stock,29.0,,
732712,2021-01-25,VZ,Erwin Tami A.,,0001062993-21-000582,2021-01-21,A,79.312,16.29,37333.433,I,derivative,Phantom Stock (unitized),Common Stock,23.0,,
732712,2021-01-25,VZ,Ellis Matthew D.,,0001062993-21-000581,2021-01-21,A,93.475,16.29,45895.076,I,derivative,Phantom Stock (unitized),Common Stock,27.0,,
732712,2021-01-25,VZ,Skiadas Anthony T,,0001062993-21-000588,2021-01-21,A,42.078,16.29,70379.476,I,derivative,Phantom Stock (unitized),Common Stock,12.0,,
732712,2021-01-25,VZ,Qureshi Rima,,0001062993-21-000590,2021-01-21,A,68.69,16.29,5635.687,I,derivative,Phantom Stock (unitized),Common Stock,20.0,,
732712,2021-01-25,VZ,Pambianchi Christine M,,0001062993-21-000585,2021-01-21,A,62.316,16.29,6423.261,I,derivative,Phantom Stock (unitized),Common Stock,18.0,,
732712,2021-01-25,VZ,Vestberg Hans Erik,,0001062993-21-000589,2021-01-21,A,171.37,16.29,51016.07,I,derivative,Phantom Stock (unitized),Common Stock,49.0,,
732712,2021-01-25,VZ,Malady Kyle,,0001062993-21-000584,2021-01-21,A,72.23,16.29,79401.896,I,derivative,Phantom Stock (unitized),Common Stock,21.0,,
732712,2021-02-08,VZ,Pambianchi Christine M,,0001062993-21-000944,2021-02-04,A,64.727,15.69,6560.235,I,derivative,Phantom Stock (unitized),Common Stock,18.0,,
732712,2021-02-08,VZ,Qureshi Rima,,0001062993-21-000945,2021-02-04,A,71.347,15.69,5770.106,I,derivative,Phantom Stock (unitized),Common Stock,20.0,,
732712,2021-02-08,VZ,SILLIMAN CRAIG L.,,0001062993-21-000946,2021-02-04,A,209.873,15.69,209391.656,I,derivative,Phantom Stock (unitized),Common Stock,59.0,,
732712,2021-02-08,VZ,Vestberg Hans Erik,,0001062993-21-000948,2021-02-04,A,178.0,15.69,51775.233,I,derivative,Phantom Stock (unitized),Common Stock,51.0,,
732712,2021-02-08,VZ,Malady Kyle,,0001062993-21-000943,2021-02-04,A,75.024,15.69,80385.859,I,derivative,Phantom Stock (unitized),Common Stock,21.0,,
732712,2021-02-08,VZ,Skiadas Anthony T,,0001062993-21-000947,2021-02-04,A,43.706,15.69,71229.337,I,derivative,Phantom Stock (unitized),Common Stock,12.0,,
732712,2021-02-08,VZ,Gowrappan Kumara Guru,,0001062993-21-000942,2021-02-04,A,82.38,15.69,19033.458,I,derivative,Phantom Stock (unitized),Common Stock,23.0,,
732712,2021-02-08,VZ,Ellis Matthew D.,,0001062993-21-000940,2021-02-04,A,97.091,15.69,46516.369,I,derivative,Phantom Stock (unitized),Common Stock,28.0,,
732712,2021-02-08,VZ,Dunne Ronan,,0001062993-21-000939,2021-02-04,A,104.446,15.69,44547.864,I,derivative,Phantom Stock (unitized),Common Stock,30.0,,
732712,2021-02-08,VZ,Erwin Tami A.,,0001062993-21-000941,2021-02-04,A,82.38,15.69,37842.152,I,derivative,Phantom Stock (unitized),Common Stock,23.0,,
732712,2021-02-10,VZ,Dunne Ronan,,0001062993-21-001120,2021-02-08,M,45706.0,,97652.0,D,non_derivative,Common Stock,,,,
732712,2021-02-10,VZ,Erwin Tami A.,,0001062993-21-001121,2021-02-08,M,45706.0,,0.0,D,derivative,Special Restricted Stock Units - 2017-2020 Award Cycle,Common Stock,45706.0,,2021-02-08
732712,2021-02-10,VZ,Erwin Tami A.,,0001062993-21-001121,2021-02-08,F,20689.0,55.05,41346.0,D,non_derivative,Common Stock,,,,
732712,2021-02-10,VZ,Erwin Tami A.,,0001062993-21-001121,2021-02-08,M,45706.0,,62035.0,D,non_derivative,Common Stock,,,,
732712,2021-02-10,VZ,Dunne Ronan,,0001062993-21-001120,2021-02-08,M,45706.0,,0.0,D,derivative,Special Restricted Stock Units - 2017-2020 Award Cycle,Common Stock,45706.0,,2021-02-08
732712,2021-02-10,VZ,Dunne Ronan,,0001062993-21-001120,2021-02-08,F,20671.0,55.05,76981.0,D,non_derivative,Common Stock,,,,
732712,2021-02-22,VZ,Qureshi Rima,,0001062993-21-001799,2021-02-18,A,69.055,16.21,5839.161,I,derivative,Phantom Stock (unitized),Common Stock,20.0,,
732712,2021-02-22,VZ,Malady Kyle,,0001062993-21-001797,2021-02-18,A,98.243,16.21,80484.102,I,derivative,Phantom Stock (unitized),Common Stock,28.0,,
732712,2021-02-22,VZ,Skiadas Anthony T,,0001062993-21-001801,2021-02-18,A,48.913,16.21,71278.25,I,derivative,Phantom Stock (unitized),Common Stock,14.0,,
732712,2021-02-22,VZ,SILLIMAN CRAIG L.,,0001062993-21-001800,2021-02-18,A,203.13,16.21,209594.786,I,derivative,Phantom Stock (unitized),Common Stock,58.0,,
732712,2021-02-22,VZ,Pambianchi Christine M,,0001062993-21-001798,2021-02-18,A,85.713,16.21,6645.948,I,derivative,Phantom Stock (unitized),Common Stock,24.0,,
732712,2021-02-22,VZ,Vestberg Hans Erik,,0001062993-21-001792,2021-02-18,A,172.281,16.21,51947.514,I,derivative,Phantom Stock (unitized),Common Stock,49.0,,
732712,2021-02-22,VZ,Ellis Matthew D.,,0001062993-21-001794,2021-02-18,A,93.972,16.21,46610.341,I,derivative,Phantom Stock (unitized),Common Stock,27.0,,
732712,2021-02-22,VZ,Dunne Ronan,,0001062993-21-001793,2021-02-18,A,126.72,16.21,44674.584,I,derivative,Phantom Stock (unitized),Common Stock,36.0,,
732712,2021-02-22,VZ,Gowrappan Kumara Guru,,0001062993-21-001796,2021-02-18,A,79.734,16.21,19113.192,I,derivative,Phantom Stock (unitized),Common Stock,23.0,,
732712,2021-02-22,VZ,Erwin Tami A.,,0001062993-21-001795,2021-02-18,A,130.991,16.21,37973.143,I,derivative,Phantom Stock (unitized),Common Stock,37.0,,
732712,2021-03-01,VZ,Vestberg Hans Erik,,0001062993-21-002045,2021-02-25,A,13579.247,16.07,65526.761,I,derivative,Phantom Stock (unitized),Common Stock,3863.0,,
732712,2021-03-01,VZ,Gowrappan Kumara Guru,,0001062993-21-002049,2021-02-25,A,3855.386,16.07,22968.578,I,derivative,Phantom Stock (unitized),Common Stock,1097.0,,
732712,2021-03-01,VZ,Pambianchi Christine M,,0001062993-21-002051,2021-02-25,A,3965.14,16.07,10611.088,I,derivative,Phantom Stock (unitized),Common Stock,1128.0,,
732712,2021-03-01,VZ,Ellis Matthew D.,,0001062993-21-002047,2021-02-25,A,5160.114,16.07,51770.455,I,derivative,Phantom Stock (unitized),Common Stock,1468.0,,
732712,2021-03-01,VZ,SILLIMAN CRAIG L.,,0001062993-21-002052,2021-02-25,A,8962.302,16.07,218557.088,I,derivative,Phantom Stock (unitized),Common Stock,2550.0,,
732712,2021-03-01,VZ,Skiadas Anthony T,,0001062993-21-002053,2021-02-25,A,1913.369,16.07,73191.619,I,derivative,Phantom Stock (unitized),Common Stock,544.0,,
732712,2021-03-01,VZ,Erwin Tami A.,,0001062993-21-002048,2021-02-25,A,5092.918,16.07,43066.061,I,derivative,Phantom Stock (unitized),Common Stock,1449.0,,
732712,2021-03-01,VZ,Dunne Ronan,,0001062993-21-002046,2021-02-25,A,4423.755,16.07,49098.339,I,derivative,Phantom Stock (unitized),Common Stock,1258.0,,
732712,2021-03-01,VZ,Malady Kyle,,0001062993-21-002050,2021-02-25,A,4255.764,16.07,84739.866,I,derivative,Phantom Stock (unitized),Common Stock,1211.0,,
732712,2021-03-03,VZ,SILLIMAN CRAIG L.,,0001062993-21-002259,2021-03-01,A,36128.0,0.0,36128.0,D,derivative,Restricted Stock Units - 2021 Award,Common Stock,36128.0,,
732712,2021-03-03,VZ,Qureshi Rima,,0001062993-21-002258,2021-03-01,A,34863.0,0.0,34863.0,D,derivative,Restricted Stock Units - 2021 Award,Common Stock,34863.0,,
732712,2021-03-03,VZ,Ellis Matthew D.,,0001062993-21-002253,2021-03-01,A,47146.0,0.0,47146.0,D,derivative,Restricted Stock Units - 2021 Award,Common Stock,47146.0,,
732712,2021-03-03,VZ,OTIS CLARENCE JR,,0001062993-21-002247,2021-03-01,A,3161.0,0.0,92328.0,I,derivative,Phantom Stock,Common Stock,3161.0,,
732712,2021-03-03,VZ,Dunne Ronan,,0001062993-21-002252,2021-03-01,A,57804.0,0.0,57804.0,D,derivative,Restricted Stock Units - 2021 Award,Common Stock,57804.0,,
732712,2021-03-03,VZ,Malady Kyle,,0001062993-21-002256,2021-03-01,A,37934.0,0.0,37934.0,D,derivative,Restricted Stock Units - 2021 Award,Common Stock,37934.0,,
732712,2021-03-03,VZ,Erwin Tami A.,,0001062993-21-002254,2021-03-01,A,47146.0,0.0,47146.0,D,derivative,Restricted Stock Units - 2021 Award,Common Stock,47146.0,,
732712,2021-03-03,VZ,Gowrappan Kumara Guru,,0001062993-21-002255,2021-03-01,A,45159.0,0.0,45159.0,D,derivative,Restricted Stock Units - 2021 Award,Common Stock,45159.0,,
732712,2021-03-03,VZ,Pambianchi Christine M,,0001062993-21-002257,2021-03-01,A,32515.0,0.0,32515.0,D,derivative,Restricted Stock Units - 2021 Award,Common Stock,32515.0,,
732712,2021-03-03,VZ,SCHULMAN DANIEL H,,0001062993-21-002248,2021-03-01,A,3161.0,0.0,14261.0,I,derivative,Phantom Stock,Common Stock,3161.0,,
732712,2021-03-03,VZ,Skiadas Anthony T,,0001062993-21-002260,2021-03-01,A,15174.0,0.0,15174.0,D,derivative,Restricted Stock Units - 2021 Award,Common Stock,15174.0,,
732712,2021-03-03,VZ,Vestberg Hans Erik,,0001062993-21-002251,2021-03-01,A,104769.0,0.0,104769.0,D,derivative,Restricted Stock Units - 2021 Award,Common Stock,104769.0,,
732712,2021-03-03,VZ,ARCHAMBEAU SHELLYE L,,0001062993-21-002243,2021-03-01,A,3161.0,0.0,34535.0,I,derivative,Phantom Stock,Common Stock,3161.0,,
732712,2021-03-03,VZ,Healey Melanie,,0001062993-21-002246,2021-03-01,A,3161.0,0.0,45270.0,I,derivative,Phantom Stock,Common Stock,3161.0,,
732712,2021-03-03,VZ,SLATER RODNEY E,,0001062993-21-002249,2021-03-01,A,3161.0,0.0,57903.0,I,derivative,Phantom Stock,Common Stock,3161.0,,
732712,2021-03-03,VZ,AUSTIN ROXANNE S,,0001062993-21-002244,2021-03-01,A,3161.0,0.0,6984.0,I,derivative,Phantom Stock,Common Stock,3161.0,,
732712,2021-03-03,VZ,Weaver Gregory G.,,0001062993-21-002250,2021-03-01,A,3161.0,0.0,26848.0,I,derivative,Phantom Stock,Common Stock,3161.0,,
732712,2021-03-03,VZ,Bertolini Mark T,,0001062993-21-002245,2021-03-01,A,3161.0,0.0,29265.0,I,derivative,Phantom Stock,Common Stock,3161.0,,
732712,2021-03-04,VZ,Gowrappan Kumara Guru,,0001062993-21-002354,2021-03-02,M,13973.0,,19827.0,D,non_derivative,Common Stock,,,,
732712,2021-03-04,VZ,Gowrappan Kumara Guru,,0001062993-21-002354,2021-03-02,F,6642.0,54.98,13185.0,D,non_derivative,Common Stock,,,,
732712,2021-03-04,VZ,Ellis Matthew D.,,0001062993-21-002352,2021-03-02,F,7769.0,54.98,72923.0,D,non_derivative,Common Stock,,,,
732712,2021-03-04,VZ,Vestberg Hans Erik,,0001062993-21-002349,2021-03-02,F,16533.0,54.98,105675.0,D,non_derivative,Common Stock,,,,
732712,2021-03-04,VZ,Dunne Ronan,,0001062993-21-002350,2021-03-02,M,16403.0,,32808.0,D,derivative,Restricted Stock Units - 2020 Award,Common Stock,16403.0,,
732712,2021-03-04,VZ,Ellis Matthew D.,,0001062993-21-002352,2021-03-02,M,15188.0,,30378.0,D,derivative,Restricted Stock Units - 2020 Award,Common Stock,15188.0,,
732712,2021-03-04,VZ,Erwin Tami A.,,0001062993-21-002353,2021-03-02,M,13973.0,,27948.0,D,derivative,Restricted Stock Units - 2020 Award,Common Stock,13973.0,,
732712,2021-03-04,VZ,Erwin Tami A.,,0001062993-21-002353,2021-03-02,M,13973.0,,55319.0,D,non_derivative,Common Stock,,,,
732712,2021-03-04,VZ,Dunne Ronan,,0001062993-21-002350,2021-03-02,F,8391.0,54.98,84993.0,D,non_derivative,Common Stock,,,,
732712,2021-03-04,VZ,Vestberg Hans Erik,,0001062993-21-002349,2021-03-02,M,32321.0,,122208.0,D,non_derivative,Common Stock,,,,
732712,2021-03-04,VZ,Ellis Matthew D.,,0001062993-21-002352,2021-03-02,M,15188.0,,80692.0,D,non_derivative,Common Stock,,,,
732712,2021-03-04,VZ,Gowrappan Kumara Guru,,0001062993-21-002354,2021-03-02,M,13973.0,,27948.0,D,derivative,Restricted Stock Units - 2020 Award,Common Stock,13973.0,,
732712,2021-03-04,VZ,Malady Kyle,,0001062993-21-002355,2021-03-02,M,10935.0,,25506.0,D,non_derivative,Common Stock,,,,
732712,2021-03-04,VZ,Dunne Ronan,,0001062993-21-002350,2021-03-02,M,16403.0,,93384.0,D,non_derivative,Common Stock,,,,
732712,2021-03-04,VZ,Erwin Tami A.,,0001062993-21-002353,2021-03-02,F,7872.0,54.98,47447.0,D,non_derivative,Common Stock,,,,
732712,2021-03-04,VZ,Vestberg Hans Erik,,0001062993-21-002349,2021-03-02,M,32321.0,,64644.0,D,derivative,Restricted Stock Units - 2020 Award,Common Stock,32321.0,,
732712,2021-03-04,VZ,SILLIMAN CRAIG L.,,0001062993-21-002359,2021-03-02,M,11543.0,,23088.0,D,derivative,Restricted Stock Units - 2020 Award,Common Stock,11543.0,,
732712,2021-03-04,VZ,Pambianchi Christine M,,0001062993-21-002356,2021-03-02,M,9964.0,,26220.0,D,non_derivative,Common Stock,,,,
732712,2021-03-04,VZ,SILLIMAN CRAIG L.,,0001062993-21-002359,2021-03-02,F,6503.0,54.98,28811.0,D,non_derivative,Common Stock,,,,
732712,2021-03-04,VZ,Malady Kyle,,0001062993-21-002355,2021-03-02,F,6161.0,54.98,19345.0,D,non_derivative,Common Stock,,,,
732712,2021-03-04,VZ,SILLIMAN CRAIG L.,,0001062993-21-002359,2021-03-02,M,11543.0,,35314.0,D,non_derivative,Common Stock,,,,
732712,2021-03-04,VZ,Skiadas Anthony T,,0001062993-21-002360,2021-03-02,M,4847.0,,9697.0,D,derivative,Restricted Stock Units - 2020 Award,Common Stock,4847.0,,
732712,2021-03-04,VZ,Malady Kyle,,0001062993-21-002355,2021-03-02,M,10935.0,,21873.0,D,derivative,Restricted Stock Units - 2020 Award,Common Stock,10935.0,,
732712,2021-03-04,VZ,Skiadas Anthony T,,0001062993-21-002360,2021-03-02,F,2731.0,54.98,28317.0,D,non_derivative,Common Stock,,,,
732712,2021-03-04,VZ,Pambianchi Christine M,,0001062993-21-002356,2021-03-02,F,5097.0,54.98,21123.0,D,non_derivative,Common Stock,,,,
732712,2021-03-04,VZ,Qureshi Rima,,0001062993-21-002357,2021-03-02,M,10935.0,,21873.0,D,derivative,Restricted Stock Units - 2020 Award,Common Stock,10935.0,,
732712,2021-03-04,VZ,Qureshi Rima,,0001062993-21-002357,2021-03-02,M,10935.0,,26396.0,D,non_derivative,Common Stock,,,,
732712,2021-03-04,VZ,Pambianchi Christine M,,0001062993-21-002356,2021-03-02,M,9964.0,,19928.0,D,derivative,Restricted Stock Units - 2020 Award,Common Stock,9964.0,,
732712,2021-03-04,VZ,Qureshi Rima,,0001062993-21-002357,2021-03-02,F,5594.0,54.98,20802.0,D,non_derivative,Common Stock,,,,
732712,2021-03-04,VZ,Skiadas Anthony T,,0001062993-21-002360,2021-03-02,M,4847.0,,31048.0,D,non_derivative,Common Stock,,,,
732712,2021-03-08,VZ,Qureshi Rima,,0001062993-21-002443,2021-03-04,A,71.78,15.59,5910.941,I,derivative,Phantom Stock (unitized),Common Stock,20.0,,
732712,2021-03-08,VZ,Erwin Tami A.,,0001062993-21-002439,2021-03-04,A,97.681,15.59,43163.742,I,derivative,Phantom Stock (unitized),Common Stock,28.0,,
732712,2021-03-08,VZ,Ellis Matthew D.,,0001062993-21-002438,2021-03-04,A,97.681,15.59,51868.136,I,derivative,Phantom Stock (unitized),Common Stock,28.0,,
732712,2021-03-08,VZ,Skiadas Anthony T,,0001062993-21-002445,2021-03-04,A,45.88,15.59,73237.499,I,derivative,Phantom Stock (unitized),Common Stock,13.0,,
732712,2021-03-08,VZ,Vestberg Hans Erik,,0001062993-21-002436,2021-03-04,A,179.081,15.59,65705.842,I,derivative,Phantom Stock (unitized),Common Stock,51.0,,
732712,2021-03-08,VZ,Dunne Ronan,,0001062993-21-002437,2021-03-04,A,112.481,15.59,49210.82,I,derivative,Phantom Stock (unitized),Common Stock,32.0,,
732712,2021-03-08,VZ,Malady Kyle,,0001062993-21-002441,2021-03-04,A,82.881,15.59,84822.747,I,derivative,Phantom Stock (unitized),Common Stock,24.0,,
732712,2021-03-08,VZ,Pambianchi Christine M,,0001062993-21-002442,2021-03-04,A,71.78,15.59,10682.868,I,derivative,Phantom Stock (unitized),Common Stock,20.0,,
732712,2021-03-08,VZ,Gowrappan Kumara Guru,,0001062993-21-002440,2021-03-04,A,82.881,15.59,23051.459,I,derivative,Phantom Stock (unitized),Common Stock,24.0,,
732712,2021-03-08,VZ,SILLIMAN CRAIG L.,,0001062993-21-002444,2021-03-04,S,1555.0,55.6,27256.0,D,non_derivative,Common Stock,,,,
732712,2021-03-08,VZ,SILLIMAN CRAIG L.,,0001062993-21-002444,2021-03-04,A,211.148,15.59,218768.236,I,derivative,Phantom Stock (unitized),Common Stock,61.0,,
732712,2021-03-09,VZ,Qureshi Rima,,0001062993-21-002488,2021-03-06,M,11659.0,,32461.0,D,non_derivative,Common Stock,,,,
732712,2021-03-09,VZ,SILLIMAN CRAIG L.,,0001062993-21-002489,2021-03-06,M,11659.0,,0.0,D,derivative,Restricted Stock Units - 2018-2021 Award Cycle,Common Stock,11659.0,,
732712,2021-03-09,VZ,Skiadas Anthony T,,0001062993-21-002490,2021-03-06,F,2059.0,56.0,30283.0,D,non_derivative,Common Stock,,,,
732712,2021-03-09,VZ,Qureshi Rima,,0001062993-21-002488,2021-03-06,M,11659.0,,0.0,D,derivative,Restricted Stock Units - 2018-2021 Award Cycle,Common Stock,11659.0,,
732712,2021-03-09,VZ,Erwin Tami A.,,0001062993-21-002486,2021-03-06,M,10493.0,,57940.0,D,non_derivative,Common Stock,,,,
732712,2021-03-09,VZ,Malady Kyle,,0001062993-21-002487,2021-03-06,F,2386.0,56.0,21622.0,D,non_derivative,Common Stock,,,,
732712,2021-03-09,VZ,SILLIMAN CRAIG L.,,0001062993-21-002489,2021-03-06,M,11659.0,,38915.0,D,non_derivative,Common Stock,,,,
732712,2021-03-09,VZ,Skiadas Anthony T,,0001062993-21-002490,2021-03-06,M,4025.0,,32342.0,D,non_derivative,Common Stock,,,,
732712,2021-03-09,VZ,Qureshi Rima,,0001062993-21-002488,2021-03-06,F,5964.0,56.0,26497.0,D,non_derivative,Common Stock,,,,
732712,2021-03-09,VZ,SILLIMAN CRAIG L.,,0001062993-21-002489,2021-03-06,F,5964.0,56.0,32951.0,D,non_derivative,Common Stock,,,,
732712,2021-03-09,VZ,Skiadas Anthony T,,0001062993-21-002490,2021-03-06,M,4025.0,,0.0,D,derivative,Restricted Stock Units - 2018-2021 Award Cycle,Common Stock,4025.0,,
732712,2021-03-09,VZ,Malady Kyle,,0001062993-21-002487,2021-03-06,M,4663.0,,24008.0,D,non_derivative,Common Stock,,,,
732712,2021-03-09,VZ,Dunne Ronan,,0001062993-21-002484,2021-03-06,F,6759.0,56.0,91446.0,D,non_derivative,Common Stock,,,,
732712,2021-03-09,VZ,Dunne Ronan,,0001062993-21-002484,2021-03-06,M,13212.0,,98205.0,D,non_derivative,Common Stock,,,,
732712,2021-03-09,VZ,Vestberg Hans Erik,,0001062993-21-002483,2021-03-06,F,10495.0,56.0,115698.0,D,non_derivative,Common Stock,,,,
732712,2021-03-09,VZ,Vestberg Hans Erik,,0001062993-21-002483,2021-03-06,M,20518.0,,0.0,D,derivative,Restricted Stock Units - 2018-2021 Award Cycle,Common Stock,20518.0,,
732712,2021-03-09,VZ,Erwin Tami A.,,0001062993-21-002486,2021-03-06,F,5367.0,56.0,52573.0,D,non_derivative,Common Stock,,,,
732712,2021-03-09,VZ,Malady Kyle,,0001062993-21-002487,2021-03-06,M,4663.0,,0.0,D,derivative,Restricted Stock Units - 2018-2021 Award Cycle,Common Stock,4663.0,,
732712,2021-03-09,VZ,Erwin Tami A.,,0001062993-21-002486,2021-03-06,M,10493.0,,0.0,D,derivative,Restricted Stock Units - 2018-2021 Award Cycle,Common Stock,10493.0,,
732712,2021-03-09,VZ,Ellis Matthew D.,,0001062993-21-002485,2021-03-06,M,14922.0,,87845.0,D,non_derivative,Common Stock,,,,
732712,2021-03-09,VZ,Ellis Matthew D.,,0001062993-21-002485,2021-03-06,F,7633.0,56.0,80212.0,D,non_derivative,Common Stock,,,,
732712,2021-03-09,VZ,Vestberg Hans Erik,,0001062993-21-002483,2021-03-06,M,20518.0,,126193.0,D,non_derivative,Common Stock,,,,
732712,2021-03-09,VZ,Ellis Matthew D.,,0001062993-21-002485,2021-03-06,M,14922.0,,0.0,D,derivative,Restricted Stock Units - 2018-2021 Award Cycle,Common Stock,14922.0,,
732712,2021-03-09,VZ,Dunne Ronan,,0001062993-21-002484,2021-03-06,M,13212.0,,0.0,D,derivative,Restricted Stock Units - 2018-2021 Award Cycle,Common Stock,13212.0,,
732712,2021-03-10,VZ,Gowrappan Kumara Guru,,0001062993-21-002545,2021-03-08,M,13108.0,,13109.0,D,derivative,Restricted Stock Units - 2019-2022 Award Cycle,Common Stock,13108.0,,
732712,2021-03-10,VZ,Erwin Tami A.,,0001062993-21-002544,2021-03-08,M,13108.0,,65681.0,D,non_derivative,Common Stock,,,,
732712,2021-03-10,VZ,Vestberg Hans Erik,,0001062993-21-002541,2021-03-08,M,30842.0,,30842.0,D,derivative,Restricted Stock Units - 2019-2022 Award Cycle,Common Stock,30842.0,,
732712,2021-03-10,VZ,Vestberg Hans Erik,,0001062993-21-002541,2021-03-08,F,15776.0,56.79,130764.0,D,non_derivative,Common Stock,,,,
732712,2021-03-10,VZ,Vestberg Hans Erik,,0001062993-21-002541,2021-03-08,M,30842.0,,146540.0,D,non_derivative,Common Stock,,,,
732712,2021-03-10,VZ,Ellis Matthew D.,,0001062993-21-002543,2021-03-08,M,14650.0,,14651.0,D,derivative,Restricted Stock Units - 2019-2022 Award Cycle,Common Stock,14650.0,,
732712,2021-03-10,VZ,Skiadas Anthony T,,0001062993-21-002549,2021-03-08,F,2276.0,56.79,32248.0,D,non_derivative,Common Stock,,,,
732712,2021-03-10,VZ,Dunne Ronan,,0001062993-21-002542,2021-03-08,M,15421.0,,106867.0,D,non_derivative,Common Stock,,,,
732712,2021-03-10,VZ,Malady Kyle,,0001062993-21-002546,2021-03-08,M,8995.0,,8996.0,D,derivative,Restricted Stock Units - 2019-2022 Award Cycle,Common Stock,8995.0,,
732712,2021-03-10,VZ,Erwin Tami A.,,0001062993-21-002544,2021-03-08,M,13108.0,,13109.0,D,derivative,Restricted Stock Units - 2019-2022 Award Cycle,Common Stock,13108.0,,
732712,2021-03-10,VZ,Malady Kyle,,0001062993-21-002546,2021-03-08,M,8995.0,,30617.0,D,non_derivative,Common Stock,,,,
732712,2021-03-10,VZ,Skiadas Anthony T,,0001062993-21-002549,2021-03-08,M,4241.0,,4241.0,D,derivative,Restricted Stock Units - 2019-2022 Award Cycle,Common Stock,4241.0,,
732712,2021-03-10,VZ,Qureshi Rima,,0001062993-21-002547,2021-03-08,F,5350.0,56.79,31605.0,D,non_derivative,Common Stock,,,,
732712,2021-03-10,VZ,Gowrappan Kumara Guru,,0001062993-21-002545,2021-03-08,M,13108.0,,26293.0,D,non_derivative,Common Stock,,,,
732712,2021-03-10,VZ,Gowrappan Kumara Guru,,0001062993-21-002545,2021-03-08,F,6364.0,56.79,19929.0,D,non_derivative,Common Stock,,,,
732712,2021-03-10,VZ,Dunne Ronan,,0001062993-21-002542,2021-03-08,F,7888.0,56.79,98979.0,D,non_derivative,Common Stock,,,,
732712,2021-03-10,VZ,Dunne Ronan,,0001062993-21-002542,2021-03-08,M,15421.0,,15421.0,D,derivative,Restricted Stock Units - 2019-2022 Award Cycle,Common Stock,15421.0,,
732712,2021-03-10,VZ,Malady Kyle,,0001062993-21-002546,2021-03-08,F,4828.0,56.79,25789.0,D,non_derivative,Common Stock,,,,
732712,2021-03-10,VZ,Skiadas Anthony T,,0001062993-21-002549,2021-03-08,M,4241.0,,34524.0,D,non_derivative,Common Stock,,,,
732712,2021-03-10,VZ,SILLIMAN CRAIG L.,,0001062993-21-002548,2021-03-08,F,5612.0,56.79,37797.0,D,non_derivative,Common Stock,,,,
732712,2021-03-10,VZ,Qureshi Rima,,0001062993-21-002547,2021-03-08,M,10458.0,,36955.0,D,non_derivative,Common Stock,,,,
732712,2021-03-10,VZ,Erwin Tami A.,,0001062993-21-002544,2021-03-08,F,7034.0,56.79,58647.0,D,non_derivative,Common Stock,,,,
732712,2021-03-10,VZ,SILLIMAN CRAIG L.,,0001062993-21-002548,2021-03-08,M,10458.0,,43409.0,D,non_derivative,Common Stock,,,,
732712,2021-03-10,VZ,Qureshi Rima,,0001062993-21-002547,2021-03-08,M,10458.0,,10458.0,D,derivative,Restricted Stock Units - 2019-2022 Award Cycle,Common Stock,10458.0,,
732712,2021-03-10,VZ,SILLIMAN CRAIG L.,,0001062993-21-002548,2021-03-08,M,10458.0,,10458.0,D,derivative,Restricted Stock Units - 2019-2022 Award Cycle,Common Stock,10458.0,,
732712,2021-03-10,VZ,Ellis Matthew D.,,0001062993-21-002543,2021-03-08,M,14650.0,,94862.0,D,non_derivative,Common Stock,,,,
732712,2021-03-10,VZ,Ellis Matthew D.,,0001062993-21-002543,2021-03-08,F,7494.0,56.79,87368.0,D,non_derivative,Common Stock,,,,
732712,2021-03-22,VZ,Malady Kyle,,0001062993-21-002881,2021-03-18,A,80.675,16.02,84903.422,I,derivative,Phantom Stock (unitized),Common Stock,23.0,,
732712,2021-03-22,VZ,Skiadas Anthony T,,0001062993-21-002885,2021-03-18,A,44.659,16.02,73282.158,I,derivative,Phantom Stock (unitized),Common Stock,13.0,,
732712,2021-03-22,VZ,Qureshi Rima,,0001062993-21-002883,2021-03-18,A,69.87,16.02,5980.811,I,derivative,Phantom Stock (unitized),Common Stock,20.0,,
732712,2021-03-22,VZ,SILLIMAN CRAIG L.,,0001062993-21-002884,2021-03-18,A,205.53,16.02,218973.766,I,derivative,Phantom Stock (unitized),Common Stock,59.0,,
732712,2021-03-22,VZ,Pambianchi Christine M,,0001062993-21-002882,2021-03-18,A,69.87,16.02,10752.738,I,derivative,Phantom Stock (unitized),Common Stock,20.0,,
732712,2021-03-22,VZ,Vestberg Hans Erik,,0001062993-21-002876,2021-03-18,A,174.316,16.02,65880.158,I,derivative,Phantom Stock (unitized),Common Stock,50.0,,
732712,2021-03-22,VZ,Gowrappan Kumara Guru,,0001062993-21-002880,2021-03-18,A,80.675,16.02,23132.134,I,derivative,Phantom Stock (unitized),Common Stock,23.0,,
732712,2021-03-22,VZ,Erwin Tami A.,,0001062993-21-002879,2021-03-18,A,95.082,16.02,43258.824,I,derivative,Phantom Stock (unitized),Common Stock,27.0,,
732712,2021-03-22,VZ,Dunne Ronan,,0001062993-21-002877,2021-03-18,A,109.488,16.02,49320.308,I,derivative,Phantom Stock (unitized),Common Stock,31.0,,
732712,2021-03-22,VZ,Ellis Matthew D.,,0001062993-21-002878,2021-03-18,A,95.082,16.02,51963.218,I,derivative,Phantom Stock (unitized),Common Stock,27.0,,
732712,2021-04-05,VZ,Pambianchi Christine M,,0001611593-21-000017,2021-04-01,A,67.502,16.58,10820.24,I,derivative,Phantom Stock (unitized),Common Stock,19.0,,
732712,2021-04-05,VZ,SILLIMAN CRAIG L.,,0001611593-21-000019,2021-04-01,A,198.562,16.58,219172.328,I,derivative,Phantom Stock (unitized),Common Stock,56.0,,
732712,2021-04-05,VZ,Ellis Matthew D.,,0001611593-21-000013,2021-04-01,A,91.858,16.58,52055.076,I,derivative,Phantom Stock (unitized),Common Stock,26.0,,
732712,2021-04-05,VZ,Erwin Tami A.,,0001611593-21-000014,2021-04-01,A,91.858,16.58,43350.682,I,derivative,Phantom Stock (unitized),Common Stock,26.0,,
732712,2021-04-05,VZ,Gowrappan Kumara Guru,,0001611593-21-000015,2021-04-01,A,77.94,16.58,23210.074,I,derivative,Phantom Stock (unitized),Common Stock,22.0,,
732712,2021-04-05,VZ,Malady Kyle,,0001611593-21-000016,2021-04-01,A,77.94,16.58,84981.362,I,derivative,Phantom Stock (unitized),Common Stock,22.0,,
732712,2021-04-05,VZ,Dunne Ronan,,0001611593-21-000012,2021-04-01,A,105.776,16.58,49426.084,I,derivative,Phantom Stock (unitized),Common Stock,30.0,,
732712,2021-04-05,VZ,Vestberg Hans Erik,,0001611593-21-000011,2021-04-01,A,168.406,16.58,66048.564,I,derivative,Phantom Stock (unitized),Common Stock,48.0,,
732712,2021-04-05,VZ,Qureshi Rima,,0001611593-21-000018,2021-04-01,A,67.502,16.58,6048.313,I,derivative,Phantom Stock (unitized),Common Stock,19.0,,
732712,2021-04-07,VZ,SILLIMAN CRAIG L.,,0001062993-21-003463,2021-04-05,S,1555.0,58.53,36242.0,D,non_derivative,Common Stock,,,,
732712,2021-04-13,VZ,Gowrappan Kumara Guru,,0001062993-21-003590,2021-04-09,F,20114.0,57.49,41115.0,D,non_derivative,Common Stock,,,,
732712,2021-04-13,VZ,Gowrappan Kumara Guru,,0001062993-21-003590,2021-04-09,M,72882.0,,0.0,D,derivative,Special Restricted Stock Units - 2018 - 2021 Award Cycle,Common Stock,72882.0,,2021-04-09
732712,2021-04-13,VZ,Gowrappan Kumara Guru,,0001062993-21-003590,2021-04-09,M,41300.0,,0.0,D,derivative,Restricted Stock Units - 2018 - 2021 Award Cycle,Common Stock,41300.0,,
732712,2021-04-13,VZ,Gowrappan Kumara Guru,,0001062993-21-003590,2021-04-09,D,21186.0,57.49,19929.0,D,non_derivative,Common Stock,,,,
732712,2021-04-13,VZ,Gowrappan Kumara Guru,,0001062993-21-003590,2021-04-09,M,41300.0,,61229.0,D,non_derivative,Common Stock,,,,
732712,2021-04-19,VZ,Ellis Matthew D.,,0001062993-21-003706,2021-04-15,A,92.805,16.41,52147.881,I,derivative,Phantom Stock (unitized),Common Stock,26.0,,
732712,2021-04-19,VZ,Vestberg Hans Erik,,0001062993-21-003704,2021-04-15,A,170.142,16.41,66218.706,I,derivative,Phantom Stock (unitized),Common Stock,48.0,,
732712,2021-04-19,VZ,Dunne Ronan,,0001062993-21-003705,2021-04-15,A,106.866,16.41,49532.95,I,derivative,Phantom Stock (unitized),Common Stock,30.0,,
732712,2021-04-19,VZ,Skiadas Anthony T,,0001062993-21-003713,2021-04-15,A,43.59,16.41,73368.893,I,derivative,Phantom Stock (unitized),Common Stock,12.0,,
732712,2021-04-19,VZ,Erwin Tami A.,,0001062993-21-003707,2021-04-15,A,92.805,16.41,43443.487,I,derivative,Phantom Stock (unitized),Common Stock,26.0,,
732712,2021-04-19,VZ,Qureshi Rima,,0001062993-21-003711,2021-04-15,A,68.197,16.41,6116.51,I,derivative,Phantom Stock (unitized),Common Stock,19.0,,
732712,2021-04-19,VZ,Gowrappan Kumara Guru,,0001062993-21-003708,2021-04-15,A,78.744,16.41,23288.818,I,derivative,Phantom Stock (unitized),Common Stock,22.0,,
732712,2021-04-19,VZ,SILLIMAN CRAIG L.,,0001062993-21-003712,2021-04-15,A,200.608,16.41,219372.936,I,derivative,Phantom Stock (unitized),Common Stock,57.0,,
732712,2021-04-19,VZ,Malady Kyle,,0001062993-21-003709,2021-04-15,A,78.744,16.41,85060.106,I,derivative,Phantom Stock (unitized),Common Stock,22.0,,
732712,2021-04-19,VZ,Pambianchi Christine M,,0001062993-21-003710,2021-04-15,A,68.197,16.41,10888.437,I,derivative,Phantom Stock (unitized),Common Stock,19.0,,
732712,2021-05-03,VZ,SILLIMAN CRAIG L.,,0001062993-21-004004,2021-04-29,A,201.933,16.3,219574.869,I,derivative,Phantom Stock (unitized),Common Stock,58.0,,
732712,2021-05-03,VZ,Malady Kyle,,0001062993-21-004001,2021-04-29,A,79.264,16.3,85139.37,I,derivative,Phantom Stock (unitized),Common Stock,23.0,,
732712,2021-05-03,VZ,Skiadas Anthony T,,0001062993-21-004005,2021-04-29,A,43.878,16.3,73412.771,I,derivative,Phantom Stock (unitized),Common Stock,12.0,,
732712,2021-05-03,VZ,Gowrappan Kumara Guru,,0001062993-21-004000,2021-04-29,A,79.264,16.3,23368.082,I,derivative,Phantom Stock (unitized),Common Stock,23.0,,
732712,2021-05-03,VZ,Pambianchi Christine M,,0001062993-21-004002,2021-04-29,A,68.648,16.3,10957.085,I,derivative,Phantom Stock (unitized),Common Stock,20.0,,
732712,2021-05-03,VZ,Ellis Matthew D.,,0001062993-21-003998,2021-04-29,A,93.418,16.3,52241.299,I,derivative,Phantom Stock (unitized),Common Stock,27.0,,
732712,2021-05-03,VZ,Erwin Tami A.,,0001062993-21-003999,2021-04-29,A,93.418,16.3,43536.905,I,derivative,Phantom Stock (unitized),Common Stock,27.0,,
732712,2021-05-03,VZ,Dunne Ronan,,0001062993-21-003997,2021-04-29,A,107.572,16.3,49640.522,I,derivative,Phantom Stock (unitized),Common Stock,31.0,,
732712,2021-05-03,VZ,Vestberg Hans Erik,,0001062993-21-003996,2021-04-29,A,171.266,16.3,66389.972,I,derivative,Phantom Stock (unitized),Common Stock,49.0,,
732712,2021-05-03,VZ,Qureshi Rima,,0001062993-21-004003,2021-04-29,A,68.648,16.3,6185.158,I,derivative,Phantom Stock (unitized),Common Stock,20.0,,
732712,2021-05-05,VZ,Erwin Tami A.,,0001062993-21-004126,2021-05-03,S,35000.0,58.26,23647.0,D,non_derivative,Common Stock,,,,
732712,2021-05-06,VZ,SILLIMAN CRAIG L.,,0001062993-21-004187,2021-05-04,S,1555.0,57.98,34687.0,D,non_derivative,Common Stock,,,,
732712,2021-05-12,VZ,Gowrappan Kumara Guru,,0001062993-21-004423,2021-05-10,S,43238.0,59.42,14077.0,D,non_derivative,Common Stock,,,,
732712,2021-05-17,VZ,Qureshi Rima,,0001062993-21-004655,2021-05-13,A,66.911,16.73,6317.029,I,derivative,Phantom Stock (unitized),Common Stock,19.0,,
732712,2021-05-17,VZ,SILLIMAN CRAIG L.,,0001062993-21-004656,2021-05-13,A,196.826,16.73,222125.652,I,derivative,Phantom Stock (unitized),Common Stock,56.0,,
732712,2021-05-17,VZ,Pambianchi Christine M,,0001062993-21-004654,2021-05-13,A,66.911,16.73,11140.208,I,derivative,Phantom Stock (unitized),Common Stock,19.0,,
732712,2021-05-17,VZ,Malady Kyle,,0001062993-21-004653,2021-05-13,A,77.259,16.73,86129.347,I,derivative,Phantom Stock (unitized),Common Stock,22.0,,
732712,2021-05-17,VZ,Erwin Tami A.,,0001062993-21-004651,2021-05-13,A,91.055,16.73,44093.556,I,derivative,Phantom Stock (unitized),Common Stock,26.0,,
732712,2021-05-17,VZ,Vestberg Hans Erik,,0001062993-21-004648,2021-05-13,A,166.934,16.73,67266.282,I,derivative,Phantom Stock (unitized),Common Stock,47.0,,
732712,2021-05-17,VZ,Dunne Ronan,,0001062993-21-004649,2021-05-13,A,104.851,16.73,50276.22,I,derivative,Phantom Stock (unitized),Common Stock,30.0,,
732712,2021-05-17,VZ,Skiadas Anthony T,,0001062993-21-004657,2021-05-13,A,42.768,16.73,74243.067,I,derivative,Phantom Stock (unitized),Common Stock,12.0,,
732712,2021-05-17,VZ,Ellis Matthew D.,,0001062993-21-004650,2021-05-13,A,91.055,16.73,52891.436,I,derivative,Phantom Stock (unitized),Common Stock,26.0,,
732712,2021-05-17,VZ,Gowrappan Kumara Guru,,0001062993-21-004652,2021-05-13,A,77.259,16.73,23694.622,I,derivative,Phantom Stock (unitized),Common Stock,22.0,,
732712,2021-06-01,VZ,Ellis Matthew D.,,0001062993-21-005150,2021-05-27,A,95.103,16.02,52986.539,I,derivative,Phantom Stock (unitized),Common Stock,27.0,,
732712,2021-06-01,VZ,Skiadas Anthony T,,0001062993-21-005157,2021-05-27,A,44.669,16.02,74287.736,I,derivative,Phantom Stock (unitized),Common Stock,13.0,,
732712,2021-06-01,VZ,Dunne Ronan,,0001062993-21-005149,2021-05-27,A,109.513,16.02,50385.733,I,derivative,Phantom Stock (unitized),Common Stock,31.0,,
732712,2021-06-01,VZ,Gowrappan Kumara Guru,,0001062993-21-005152,2021-05-27,A,80.694,16.02,23775.316,I,derivative,Phantom Stock (unitized),Common Stock,23.0,,
732712,2021-06-01,VZ,Vestberg Hans Erik,,0001062993-21-005148,2021-05-27,A,174.356,16.02,67440.638,I,derivative,Phantom Stock (unitized),Common Stock,50.0,,
732712,2021-06-01,VZ,Erwin Tami A.,,0001062993-21-005151,2021-05-27,A,95.103,16.02,44188.659,I,derivative,Phantom Stock (unitized),Common Stock,27.0,,
732712,2021-06-01,VZ,Pambianchi Christine M,,0001062993-21-005154,2021-05-27,A,69.886,16.02,11210.094,I,derivative,Phantom Stock (unitized),Common Stock,20.0,,
732712,2021-06-01,VZ,SILLIMAN CRAIG L.,,0001062993-21-005156,2021-05-27,A,205.576,16.02,222331.228,I,derivative,Phantom Stock (unitized),Common Stock,59.0,,
732712,2021-06-01,VZ,Qureshi Rima,,0001062993-21-005155,2021-05-27,A,69.886,16.02,6386.915,I,derivative,Phantom Stock (unitized),Common Stock,20.0,,
732712,2021-06-01,VZ,Malady Kyle,,0001062993-21-005153,2021-05-27,A,80.694,16.02,86210.041,I,derivative,Phantom Stock (unitized),Common Stock,23.0,,
732712,2021-06-08,VZ,SILLIMAN CRAIG L.,,0001062993-21-005439,2021-06-04,S,1555.0,56.9,33132.0,D,non_derivative,Common Stock,,,,
732712,2021-06-14,VZ,Qureshi Rima,,0001062993-21-005661,2021-06-10,A,68.616,16.31,6455.531,I,derivative,Phantom Stock (unitized),Common Stock,20.0,,
732712,2021-06-14,VZ,SILLIMAN CRAIG L.,,0001062993-21-005662,2021-06-10,A,201.84,16.31,222533.068,I,derivative,Phantom Stock (unitized),Common Stock,58.0,,
732712,2021-06-14,VZ,Pambianchi Christine M,,0001062993-21-005660,2021-06-10,A,68.616,16.31,11278.71,I,derivative,Phantom Stock (unitized),Common Stock,20.0,,
732712,2021-06-14,VZ,Malady Kyle,,0001062993-21-005659,2021-06-10,A,79.227,16.31,86289.268,I,derivative,Phantom Stock (unitized),Common Stock,23.0,,
732712,2021-06-14,VZ,Skiadas Anthony T,,0001062993-21-005663,2021-06-10,A,43.857,16.31,74331.593,I,derivative,Phantom Stock (unitized),Common Stock,12.0,,
732712,2021-06-14,VZ,Ellis Matthew D.,,0001062993-21-005656,2021-06-10,A,93.375,16.31,53079.914,I,derivative,Phantom Stock (unitized),Common Stock,27.0,,
732712,2021-06-14,VZ,Erwin Tami A.,,0001062993-21-005657,2021-06-10,A,93.375,16.31,44282.034,I,derivative,Phantom Stock (unitized),Common Stock,27.0,,
732712,2021-06-14,VZ,Dunne Ronan,,0001062993-21-005655,2021-06-10,A,107.522,16.31,50493.255,I,derivative,Phantom Stock (unitized),Common Stock,31.0,,
732712,2021-06-14,VZ,Gowrappan Kumara Guru,,0001062993-21-005658,2021-06-10,A,79.227,16.31,23854.543,I,derivative,Phantom Stock (unitized),Common Stock,23.0,,
732712,2021-06-14,VZ,Vestberg Hans Erik,,0001062993-21-005654,2021-06-10,A,171.187,16.31,67611.825,I,derivative,Phantom Stock (unitized),Common Stock,49.0,,
732712,2021-06-28,VZ,Qureshi Rima,,0001062993-21-006014,2021-06-24,A,69.787,16.04,6525.318,I,derivative,Phantom Stock (unitized),Common Stock,20.0,,
732712,2021-06-28,VZ,Pambianchi Christine M,,0001062993-21-006013,2021-06-24,A,69.787,16.04,11348.497,I,derivative,Phantom Stock (unitized),Common Stock,20.0,,
732712,2021-06-28,VZ,Malady Kyle,,0001062993-21-006012,2021-06-24,A,80.58,16.04,86369.848,I,derivative,Phantom Stock (unitized),Common Stock,23.0,,
732712,2021-06-28,VZ,SILLIMAN CRAIG L.,,0001062993-21-006015,2021-06-24,A,205.285,16.04,222738.353,I,derivative,Phantom Stock (unitized),Common Stock,59.0,,
732712,2021-06-28,VZ,Skiadas Anthony T,,0001062993-21-006016,2021-06-24,A,44.606,16.04,74376.199,I,derivative,Phantom Stock (unitized),Common Stock,13.0,,
732712,2021-06-28,VZ,Ellis Matthew D.,,0001062993-21-006009,2021-06-24,A,94.969,16.04,53174.883,I,derivative,Phantom Stock (unitized),Common Stock,27.0,,
732712,2021-06-28,VZ,Dunne Ronan,,0001062993-21-006008,2021-06-24,A,109.358,16.04,50602.613,I,derivative,Phantom Stock (unitized),Common Stock,31.0,,
732712,2021-06-28,VZ,Vestberg Hans Erik,,0001062993-21-006007,2021-06-24,A,174.109,16.04,67785.934,I,derivative,Phantom Stock (unitized),Common Stock,50.0,,
732712,2021-06-28,VZ,Gowrappan Kumara Guru,,0001062993-21-006011,2021-06-24,A,80.58,16.04,23935.123,I,derivative,Phantom Stock (unitized),Common Stock,23.0,,
732712,2021-06-28,VZ,Erwin Tami A.,,0001062993-21-006010,2021-06-24,A,94.969,16.04,44377.003,I,derivative,Phantom Stock (unitized),Common Stock,27.0,,
732712,2021-07-06,VZ,Narasimhan Laxman,,0001062993-21-006321,2021-07-01,A,4554.0,56.29,4554.0,I,derivative,Phantom Stock,Common Stock,4554.0,,
732712,2021-07-08,VZ,SILLIMAN CRAIG L.,,0001062993-21-006394,2021-07-06,S,1555.0,56.45,31577.0,D,non_derivative,Common Stock,,,,
732712,2021-07-12,VZ,Gowrappan Kumara Guru,,0001062993-21-006444,2021-07-08,A,81.573,15.84,24016.696,I,derivative,Phantom Stock (unitized),Common Stock,23.0,,
732712,2021-07-12,VZ,Pambianchi Christine M,,0001062993-21-006446,2021-07-08,A,70.648,15.84,11419.145,I,derivative,Phantom Stock (unitized),Common Stock,20.0,,
732712,2021-07-12,VZ,Erwin Tami A.,,0001062993-21-006443,2021-07-08,A,96.139,15.84,44473.142,I,derivative,Phantom Stock (unitized),Common Stock,27.0,,
732712,2021-07-12,VZ,Pambianchi Christine M,,0001062993-21-006446,2021-07-08,M,33261.0,,54384.0,D,non_derivative,Common Stock,,,,
732712,2021-07-12,VZ,SILLIMAN CRAIG L.,,0001062993-21-006448,2021-07-08,A,207.816,15.84,222946.169,I,derivative,Phantom Stock (unitized),Common Stock,59.0,,
732712,2021-07-12,VZ,Malady Kyle,,0001062993-21-006445,2021-07-08,A,81.573,15.84,86451.421,I,derivative,Phantom Stock (unitized),Common Stock,23.0,,
732712,2021-07-12,VZ,Ellis Matthew D.,,0001062993-21-006442,2021-07-08,A,96.139,15.84,53271.022,I,derivative,Phantom Stock (unitized),Common Stock,27.0,,
732712,2021-07-12,VZ,Qureshi Rima,,0001062993-21-006447,2021-07-08,A,70.648,15.84,6595.966,I,derivative,Phantom Stock (unitized),Common Stock,20.0,,
732712,2021-07-12,VZ,Skiadas Anthony T,,0001062993-21-006449,2021-07-08,A,45.156,15.84,74421.355,I,derivative,Phantom Stock (unitized),Common Stock,13.0,,
732712,2021-07-12,VZ,Pambianchi Christine M,,0001062993-21-006446,2021-07-08,F,17013.0,55.68,37371.0,D,non_derivative,Common Stock,,,,
732712,2021-07-12,VZ,Pambianchi Christine M,,0001062993-21-006446,2021-07-08,M,33261.0,,33261.0,D,derivative,Restricted Stock Units - 2019-2022 Award Cycle,Common Stock,33261.0,,
732712,2021-07-12,VZ,Vestberg Hans Erik,,0001062993-21-006440,2021-07-08,A,176.255,15.84,67962.189,I,derivative,Phantom Stock (unitized),Common Stock,50.0,,
732712,2021-07-12,VZ,Dunne Ronan,,0001062993-21-006441,2021-07-08,A,110.706,15.84,50713.319,I,derivative,Phantom Stock (unitized),Common Stock,31.0,,
732712,2021-07-26,VZ,Pambianchi Christine M,,0001062993-21-006717,2021-07-22,A,70.309,15.92,11489.454,I,derivative,Phantom Stock (unitized),Common Stock,20.0,,
732712,2021-07-26,VZ,Malady Kyle,,0001062993-21-006716,2021-07-22,A,81.182,15.92,86532.603,I,derivative,Phantom Stock (unitized),Common Stock,23.0,,
732712,2021-07-26,VZ,Qureshi Rima,,0001062993-21-006718,2021-07-22,A,70.309,15.92,6666.275,I,derivative,Phantom Stock (unitized),Common Stock,20.0,,
732712,2021-07-26,VZ,SILLIMAN CRAIG L.,,0001062993-21-006719,2021-07-22,A,206.821,15.92,223152.99,I,derivative,Phantom Stock (unitized),Common Stock,59.0,,
732712,2021-07-26,VZ,Skiadas Anthony T,,0001062993-21-006720,2021-07-22,A,44.94,15.92,74466.295,I,derivative,Phantom Stock (unitized),Common Stock,13.0,,
732712,2021-07-26,VZ,Dunne Ronan,,0001062993-21-006712,2021-07-22,A,110.176,15.92,50823.495,I,derivative,Phantom Stock (unitized),Common Stock,31.0,,
732712,2021-07-26,VZ,Vestberg Hans Erik,,0001062993-21-006711,2021-07-22,A,175.412,15.92,68137.601,I,derivative,Phantom Stock (unitized),Common Stock,50.0,,
732712,2021-07-26,VZ,Erwin Tami A.,,0001062993-21-006714,2021-07-22,A,95.679,15.92,44568.821,I,derivative,Phantom Stock (unitized),Common Stock,27.0,,
732712,2021-07-26,VZ,Gowrappan Kumara Guru,,0001062993-21-006715,2021-07-22,A,81.182,15.92,24097.878,I,derivative,Phantom Stock (unitized),Common Stock,23.0,,
732712,2021-07-26,VZ,Ellis Matthew D.,,0001062993-21-006713,2021-07-22,A,95.679,15.92,53366.701,I,derivative,Phantom Stock (unitized),Common Stock,27.0,,
732712,2021-08-06,VZ,SILLIMAN CRAIG L.,,0001062993-21-007095,2021-08-04,S,1554.0,55.57,30023.0,D,non_derivative,Common Stock,,,,
732712,2021-08-09,VZ,Dunne Ronan,,0001062993-21-007152,2021-08-05,A,111.469,15.73,51501.357,I,derivative,Phantom Stock (unitized),Common Stock,32.0,,
732712,2021-08-09,VZ,Ellis Matthew D.,,0001062993-21-007153,2021-08-05,A,96.802,15.73,54058.688,I,derivative,Phantom Stock (unitized),Common Stock,28.0,,
732712,2021-08-09,VZ,Erwin Tami A.,,0001062993-21-007154,2021-08-05,A,96.802,15.73,45162.334,I,derivative,Phantom Stock (unitized),Common Stock,28.0,,
732712,2021-08-09,VZ,Skiadas Anthony T,,0001062993-21-007160,2021-08-05,A,45.467,15.73,75344.253,I,derivative,Phantom Stock (unitized),Common Stock,13.0,,
732712,2021-08-09,VZ,Vestberg Hans Erik,,0001062993-21-007151,2021-08-05,A,177.469,15.73,69073.797,I,derivative,Phantom Stock (unitized),Common Stock,50.0,,
732712,2021-08-09,VZ,Pambianchi Christine M,,0001062993-21-007157,2021-08-05,A,71.134,15.73,11687.612,I,derivative,Phantom Stock (unitized),Common Stock,20.0,,
732712,2021-08-09,VZ,Qureshi Rima,,0001062993-21-007158,2021-08-05,A,71.134,15.73,6810.447,I,derivative,Phantom Stock (unitized),Common Stock,20.0,,
732712,2021-08-09,VZ,Gowrappan Kumara Guru,,0001062993-21-007155,2021-08-05,A,82.135,15.73,24447.918,I,derivative,Phantom Stock (unitized),Common Stock,23.0,,
732712,2021-08-09,VZ,SILLIMAN CRAIG L.,,0001062993-21-007159,2021-08-05,A,209.248,15.73,225855.344,I,derivative,Phantom Stock (unitized),Common Stock,59.0,,
732712,2021-08-09,VZ,Malady Kyle,,0001062993-21-007156,2021-08-05,A,82.135,15.73,87581.474,I,derivative,Phantom Stock (unitized),Common Stock,23.0,,
732712,2021-08-13,VZ,Gowrappan Kumara Guru,,0001062993-21-007444,2021-08-11,S,14077.0,55.56,0.0,D,non_derivative,Common Stock,,,,
732712,2021-08-23,VZ,Vestberg Hans Erik,,0001062993-21-007871,2021-08-19,A,177.248,15.75,69251.045,I,derivative,Phantom Stock (unitized),Common Stock,50.0,,
732712,2021-08-23,VZ,Qureshi Rima,,0001062993-21-007877,2021-08-19,A,71.046,15.75,6881.493,I,derivative,Phantom Stock (unitized),Common Stock,20.0,,
732712,2021-08-23,VZ,Erwin Tami A.,,0001062993-21-007874,2021-08-19,A,96.681,15.75,45259.015,I,derivative,Phantom Stock (unitized),Common Stock,28.0,,
732712,2021-08-23,VZ,Dunne Ronan,,0001062993-21-007872,2021-08-19,A,111.33,15.75,51612.687,I,derivative,Phantom Stock (unitized),Common Stock,32.0,,
732712,2021-08-23,VZ,Malady Kyle,,0001062993-21-007876,2021-08-19,A,82.032,15.75,87663.506,I,derivative,Phantom Stock (unitized),Common Stock,23.0,,
732712,2021-08-23,VZ,SILLIMAN CRAIG L.,,0001062993-21-007878,2021-08-19,A,208.986,15.75,226064.33,I,derivative,Phantom Stock (unitized),Common Stock,59.0,,
732712,2021-08-23,VZ,Gowrappan Kumara Guru,,0001062993-21-007875,2021-08-19,A,82.032,15.75,24529.95,I,derivative,Phantom Stock (unitized),Common Stock,23.0,,
732712,2021-08-23,VZ,Skiadas Anthony T,,0001062993-21-007879,2021-08-19,A,45.41,15.75,75389.663,I,derivative,Phantom Stock (unitized),Common Stock,13.0,,
732712,2021-08-23,VZ,Ellis Matthew D.,,0001062993-21-007873,2021-08-19,A,96.681,15.75,54155.369,I,derivative,Phantom Stock (unitized),Common Stock,28.0,,
732712,2021-09-03,VZ,TOME CAROL B,,0001062993-21-008208,2021-09-01,A,1062.0,54.94,1062.0,I,derivative,Phantom Stock,Common Stock,1062.0,,
732712,2021-09-07,VZ,Vestberg Hans Erik,,0001062993-21-008301,2021-09-02,A,177.503,15.73,69428.548,I,derivative,Phantom Stock (unitized),Common Stock,51.0,,
732712,2021-09-07,VZ,Skiadas Anthony T,,0001062993-21-008308,2021-09-02,A,45.476,15.73,75435.139,I,derivative,Phantom Stock (unitized),Common Stock,13.0,,
732712,2021-09-07,VZ,Dunne Ronan,,0001062993-21-008302,2021-09-02,A,111.49,15.73,51724.177,I,derivative,Phantom Stock (unitized),Common Stock,32.0,,
732712,2021-09-07,VZ,SILLIMAN CRAIG L.,,0001062993-21-008307,2021-09-02,A,209.288,15.73,226273.618,I,derivative,Phantom Stock (unitized),Common Stock,59.0,,
732712,2021-09-07,VZ,Qureshi Rima,,0001062993-21-008306,2021-09-02,A,71.148,15.73,6952.641,I,derivative,Phantom Stock (unitized),Common Stock,20.0,,
732712,2021-09-07,VZ,Ellis Matthew D.,,0001062993-21-008303,2021-09-02,A,96.82,15.73,54252.189,I,derivative,Phantom Stock (unitized),Common Stock,28.0,,
732712,2021-09-07,VZ,Erwin Tami A.,,0001062993-21-008304,2021-09-02,A,96.82,15.73,45355.835,I,derivative,Phantom Stock (unitized),Common Stock,28.0,,
732712,2021-09-07,VZ,Malady Kyle,,0001062993-21-008305,2021-09-02,A,82.15,15.73,87745.656,I,derivative,Phantom Stock (unitized),Common Stock,23.0,,
732712,2021-09-09,VZ,SILLIMAN CRAIG L.,,0001062993-21-008408,2021-09-07,S,1554.0,55.38,28469.0,D,non_derivative,Common Stock,,,,
732712,2021-09-20,VZ,Erwin Tami A.,,0001062993-21-008770,2021-09-16,A,98.341,15.49,45454.176,I,derivative,Phantom Stock (unitized),Common Stock,28.0,,
732712,2021-09-20,VZ,Skiadas Anthony T,,0001062993-21-008774,2021-09-16,A,46.19,15.49,75481.329,I,derivative,Phantom Stock (unitized),Common Stock,13.0,,
732712,2021-09-20,VZ,SILLIMAN CRAIG L.,,0001062993-21-008773,2021-09-16,A,225.488,15.49,226499.106,I,derivative,Phantom Stock (unitized),Common Stock,64.0,,
732712,2021-09-20,VZ,Qureshi Rima,,0001062993-21-008772,2021-09-16,A,72.265,15.49,7024.906,I,derivative,Phantom Stock (unitized),Common Stock,21.0,,
732712,2021-09-20,VZ,Vestberg Hans Erik,,0001062993-21-008767,2021-09-16,A,180.291,15.49,69608.839,I,derivative,Phantom Stock (unitized),Common Stock,51.0,,
732712,2021-09-20,VZ,Dunne Ronan,,0001062993-21-008768,2021-09-16,A,113.241,15.49,51837.418,I,derivative,Phantom Stock (unitized),Common Stock,32.0,,
732712,2021-09-20,VZ,Ellis Matthew D.,,0001062993-21-008769,2021-09-16,A,98.341,15.49,54350.53,I,derivative,Phantom Stock (unitized),Common Stock,28.0,,
732712,2021-09-20,VZ,Malady Kyle,,0001062993-21-008771,2021-09-16,A,83.441,15.49,87829.097,I,derivative,Phantom Stock (unitized),Common Stock,24.0,,
732712,2021-10-04,VZ,Malady Kyle,,0001062993-21-009122,2021-09-30,A,84.085,15.37,87913.182,I,derivative,Phantom Stock (unitized),Common Stock,24.0,,
732712,2021-10-04,VZ,Dunne Ronan,,0001062993-21-009119,2021-09-30,A,114.115,15.37,51951.533,I,derivative,Phantom Stock (unitized),Common Stock,32.0,,
732712,2021-10-04,VZ,Ellis Matthew D.,,0001062993-21-009120,2021-09-30,A,99.1,15.37,54449.63,I,derivative,Phantom Stock (unitized),Common Stock,28.0,,
732712,2021-10-04,VZ,Vestberg Hans Erik,,0001062993-21-009118,2021-09-30,A,181.683,15.37,69790.522,I,derivative,Phantom Stock (unitized),Common Stock,52.0,,
732712,2021-10-04,VZ,Skiadas Anthony T,,0001062993-21-009125,2021-09-30,A,46.546,15.37,75527.875,I,derivative,Phantom Stock (unitized),Common Stock,13.0,,
732712,2021-10-04,VZ,Qureshi Rima,,0001062993-21-009123,2021-09-30,A,72.823,15.37,7097.729,I,derivative,Phantom Stock (unitized),Common Stock,21.0,,
732712,2021-10-04,VZ,Erwin Tami A.,,0001062993-21-009121,2021-09-30,A,99.1,15.37,45553.276,I,derivative,Phantom Stock (unitized),Common Stock,28.0,,
732712,2021-10-04,VZ,SILLIMAN CRAIG L.,,0001062993-21-009124,2021-09-30,A,224.226,15.37,226723.332,I,derivative,Phantom Stock (unitized),Common Stock,64.0,,
732712,2021-10-06,VZ,SILLIMAN CRAIG L.,,0001062993-21-009240,2021-10-04,S,1554.0,54.45,26915.0,D,non_derivative,Common Stock,,,,
732712,2021-10-18,VZ,Dunne Ronan,,0001062993-21-009604,2021-10-14,A,118.666,14.78,52070.199,I,derivative,Phantom Stock (unitized),Common Stock,34.0,,
732712,2021-10-18,VZ,Erwin Tami A.,,0001062993-21-009606,2021-10-14,A,103.052,14.78,45656.328,I,derivative,Phantom Stock (unitized),Common Stock,29.0,,
732712,2021-10-18,VZ,Vestberg Hans Erik,,0001062993-21-009603,2021-10-14,A,188.928,14.78,69979.45,I,derivative,Phantom Stock (unitized),Common Stock,54.0,,
732712,2021-10-18,VZ,Ellis Matthew D.,,0001062993-21-009605,2021-10-14,A,103.052,14.78,54552.682,I,derivative,Phantom Stock (unitized),Common Stock,29.0,,
732712,2021-10-18,VZ,SILLIMAN CRAIG L.,,0001062993-21-009609,2021-10-14,A,233.168,14.78,226956.5,I,derivative,Phantom Stock (unitized),Common Stock,66.0,,
732712,2021-10-18,VZ,Skiadas Anthony T,,0001062993-21-009610,2021-10-14,A,48.403,14.78,75576.278,I,derivative,Phantom Stock (unitized),Common Stock,14.0,,
732712,2021-10-18,VZ,Malady Kyle,,0001062993-21-009607,2021-10-14,A,87.438,14.78,88000.62,I,derivative,Phantom Stock (unitized),Common Stock,25.0,,
732712,2021-10-18,VZ,Qureshi Rima,,0001062993-21-009608,2021-10-14,A,75.727,14.78,7173.456,I,derivative,Phantom Stock (unitized),Common Stock,22.0,,
732712,2021-11-01,VZ,Erwin Tami A.,,0001062993-21-010012,2021-10-28,A,101.346,15.03,45757.674,I,derivative,Phantom Stock (unitized),Common Stock,29.0,,
732712,2021-11-01,VZ,Vestberg Hans Erik,,0001062993-21-010009,2021-10-28,A,185.801,15.03,70165.251,I,derivative,Phantom Stock (unitized),Common Stock,53.0,,
732712,2021-11-01,VZ,Skiadas Anthony T,,0001062993-21-010016,2021-10-28,A,47.602,15.03,75623.88,I,derivative,Phantom Stock (unitized),Common Stock,14.0,,
732712,2021-11-01,VZ,SILLIMAN CRAIG L.,,0001062993-21-010015,2021-10-28,A,229.309,15.03,227185.809,I,derivative,Phantom Stock (unitized),Common Stock,65.0,,
732712,2021-11-01,VZ,Qureshi Rima,,0001062993-21-010014,2021-10-28,A,74.474,15.03,7247.93,I,derivative,Phantom Stock (unitized),Common Stock,21.0,,
732712,2021-11-01,VZ,Dunne Ronan,,0001062993-21-010010,2021-10-28,A,116.702,15.03,52186.901,I,derivative,Phantom Stock (unitized),Common Stock,33.0,,
732712,2021-11-01,VZ,Ellis Matthew D.,,0001062993-21-010011,2021-10-28,A,101.346,15.03,54654.028,I,derivative,Phantom Stock (unitized),Common Stock,29.0,,
732712,2021-11-01,VZ,Malady Kyle,,0001062993-21-010013,2021-10-28,A,85.991,15.03,88086.611,I,derivative,Phantom Stock (unitized),Common Stock,24.0,,
732712,2021-11-02,VZ,Skiadas Anthony T,,0001062993-21-010087,2021-10-29,A,21514.0,0.0,21514.0,D,derivative,Special Restricted Stock Units - 2021 Award,Common Stock,21514.0,,
732712,2021-11-08,VZ,SILLIMAN CRAIG L.,,0001062993-21-010335,2021-11-04,S,1554.0,52.91,25361.0,D,non_derivative,Common Stock,,,,
732712,2021-11-15,VZ,Vestberg Hans Erik,,0001062993-21-010792,2021-11-11,A,187.033,14.93,71188.396,I,derivative,Phantom Stock (unitized),Common Stock,53.0,,
732712,2021-11-15,VZ,Dunne Ronan,,0001062993-21-010793,2021-11-11,A,117.475,14.93,52926.771,I,derivative,Phantom Stock (unitized),Common Stock,33.0,,
732712,2021-11-15,VZ,Erwin Tami A.,,0001062993-21-010796,2021-11-11,A,102.018,14.93,46405.434,I,derivative,Phantom Stock (unitized),Common Stock,29.0,,
732712,2021-11-15,VZ,Qureshi Rima,,0001062993-21-010798,2021-11-11,A,74.968,14.93,7407.931,I,derivative,Phantom Stock (unitized),Common Stock,21.0,,
732712,2021-11-15,VZ,SILLIMAN CRAIG L.,,0001062993-21-010799,2021-11-11,A,230.829,14.93,230132.851,I,derivative,Phantom Stock (unitized),Common Stock,66.0,,
732712,2021-11-15,VZ,Ellis Matthew D.,,0001062993-21-010795,2021-11-11,A,102.018,14.93,55408.369,I,derivative,Phantom Stock (unitized),Common Stock,29.0,,
732712,2021-11-15,VZ,Skiadas Anthony T,,0001062993-21-010800,2021-11-11,A,47.917,14.93,76576.644,I,derivative,Phantom Stock (unitized),Common Stock,14.0,,
732712,2021-11-15,VZ,Malady Kyle,,0001062993-21-010797,2021-11-11,A,86.561,14.93,89226.398,I,derivative,Phantom Stock (unitized),Common Stock,25.0,,
732712,2021-11-24,VZ,Vestberg Hans Erik,,0001062993-21-011547,2021-11-23,A,189.545,14.73,71377.941,I,derivative,Phantom Stock (unitized),Common Stock,54.0,,
732712,2021-11-24,VZ,Dunne Ronan,,0001062993-21-011548,2021-11-23,A,119.053,14.73,53045.824,I,derivative,Phantom Stock (unitized),Common Stock,34.0,,
732712,2021-11-24,VZ,Erwin Tami A.,,0001062993-21-011550,2021-11-23,A,103.388,14.73,46508.822,I,derivative,Phantom Stock (unitized),Common Stock,29.0,,
732712,2021-11-24,VZ,Ellis Matthew D.,,0001062993-21-011549,2021-11-23,A,103.388,14.73,55511.757,I,derivative,Phantom Stock (unitized),Common Stock,29.0,,
732712,2021-11-24,VZ,Malady Kyle,,0001062993-21-011551,2021-11-23,A,87.724,14.73,89314.122,I,derivative,Phantom Stock (unitized),Common Stock,25.0,,
732712,2021-11-24,VZ,Skiadas Anthony T,,0001062993-21-011554,2021-11-23,A,48.561,14.73,76625.205,I,derivative,Phantom Stock (unitized),Common Stock,14.0,,
732712,2021-11-24,VZ,Qureshi Rima,,0001062993-21-011552,2021-11-23,A,75.975,14.73,7483.906,I,derivative,Phantom Stock (unitized),Common Stock,22.0,,
732712,2021-11-24,VZ,SILLIMAN CRAIG L.,,0001062993-21-011553,2021-11-23,A,233.93,14.73,230366.781,I,derivative,Phantom Stock (unitized),Common Stock,67.0,,
732712,2021-12-03,VZ,Hammock Samantha,,0001062993-21-012080,2021-12-01,A,1541.0,0.0,6774.0,D,derivative,Restricted Stock Units - 2021 Award,Common Stock,1541.0,,
732712,2021-12-13,VZ,Erwin Tami A.,,0001062993-21-012711,2021-12-09,A,106.641,14.28,46615.463,I,derivative,Phantom Stock (unitized),Common Stock,30.0,,
732712,2021-12-13,VZ,Vestberg Hans Erik,,0001062993-21-012708,2021-12-09,A,195.509,14.28,71573.45,I,derivative,Phantom Stock (unitized),Common Stock,56.0,,
732712,2021-12-13,VZ,Hammock Samantha,,0001062993-21-012713,2021-12-09,A,42.01,14.28,1424.247,I,derivative,Phantom Stock (unitized),Common Stock,12.0,,
732712,2021-12-13,VZ,Dunne Ronan,,0001062993-21-012709,2021-12-09,A,122.799,14.28,53168.623,I,derivative,Phantom Stock (unitized),Common Stock,35.0,,
732712,2021-12-13,VZ,Qureshi Rima,,0001062993-21-012714,2021-12-09,A,78.365,14.28,7562.271,I,derivative,Phantom Stock (unitized),Common Stock,22.0,,
732712,2021-12-13,VZ,Malady Kyle,,0001062993-21-012712,2021-12-09,A,90.484,14.28,89404.606,I,derivative,Phantom Stock (unitized),Common Stock,26.0,,
732712,2021-12-13,VZ,Ellis Matthew D.,,0001062993-21-012710,2021-12-09,A,106.641,14.28,55618.398,I,derivative,Phantom Stock (unitized),Common Stock,30.0,,
732712,2021-12-13,VZ,Skiadas Anthony T,,0001062993-21-012716,2021-12-09,A,50.089,14.28,76675.294,I,derivative,Phantom Stock (unitized),Common Stock,14.0,,
732712,2021-12-13,VZ,Silliman Craig L.,,0001062993-21-012715,2021-12-09,A,241.29,14.28,230608.071,I,derivative,Phantom Stock (unitized),Common Stock,69.0,,
732712,2021-12-17,VZ,Silliman Craig L.,,0001062993-21-013081,2021-12-16,S,1554.0,52.0,23807.0,D,non_derivative,Common Stock,,,,
732712,2021-12-27,VZ,Erwin Tami A.,,0001062993-21-013549,2021-12-22,A,101.4,15.02,46716.863,I,derivative,Phantom Stock (unitized),Common Stock,29.0,,
732712,2021-12-27,VZ,Hammock Samantha,,0001062993-21-013550,2021-12-22,A,39.945,15.02,1464.192,I,derivative,Phantom Stock (unitized),Common Stock,11.0,,
732712,2021-12-27,VZ,Dunne Ronan,,0001062993-21-013547,2021-12-22,A,116.763,15.02,53285.386,I,derivative,Phantom Stock (unitized),Common Stock,33.0,,
732712,2021-12-27,VZ,Ellis Matthew D.,,0001062993-21-013548,2021-12-22,A,101.4,15.02,55719.798,I,derivative,Phantom Stock (unitized),Common Stock,29.0,,
732712,2021-12-27,VZ,Vestberg Hans Erik,,0001062993-21-013546,2021-12-22,A,185.899,15.02,71759.349,I,derivative,Phantom Stock (unitized),Common Stock,53.0,,
732712,2021-12-27,VZ,Qureshi Rima,,0001062993-21-013552,2021-12-22,A,74.513,15.02,7636.784,I,derivative,Phantom Stock (unitized),Common Stock,21.0,,
732712,2021-12-27,VZ,Malady Kyle,,0001062993-21-013551,2021-12-22,A,86.036,15.02,89490.642,I,derivative,Phantom Stock (unitized),Common Stock,24.0,,
732712,2021-12-27,VZ,Skiadas Anthony T,,0001062993-21-013554,2021-12-22,A,47.627,15.02,76722.921,I,derivative,Phantom Stock (unitized),Common Stock,14.0,,
732712,2021-12-27,VZ,Silliman Craig L.,,0001062993-21-013553,2021-12-22,A,229.429,15.02,230837.5,I,derivative,Phantom Stock (unitized),Common Stock,65.0,,
732712,2022-01-06,VZ,Hammock Samantha,,0001062993-22-000702,2022-01-04,M,4149.0,,8299.0,D,derivative,Special Restricted Stock Units - 2021 Award,Common Stock,4149.0,,
732712,2022-01-06,VZ,Hammock Samantha,,0001062993-22-000702,2022-01-04,M,4149.0,,4149.0,D,non_derivative,Common Stock,,,,
732712,2022-01-06,VZ,Hammock Samantha,,0001062993-22-000702,2022-01-04,F,1339.0,53.47,2810.0,D,non_derivative,Common Stock,,,,
732712,2022-01-10,VZ,Ellis Matthew D.,,0001062993-22-000834,2022-01-06,A,97.281,15.3,55817.079,I,derivative,Phantom Stock (unitized),Common Stock,28.0,,
732712,2022-01-10,VZ,Qureshi Rima,,0001062993-22-000838,2022-01-06,A,70.887,15.3,7707.671,I,derivative,Phantom Stock (unitized),Common Stock,20.0,,
732712,2022-01-10,VZ,Erwin Tami A.,,0001062993-22-000835,2022-01-06,A,97.281,15.3,46814.144,I,derivative,Phantom Stock (unitized),Common Stock,28.0,,
732712,2022-01-10,VZ,Skiadas Anthony T,,0001062993-22-000840,2022-01-06,A,44.493,15.3,76767.414,I,derivative,Phantom Stock (unitized),Common Stock,13.0,,
732712,2022-01-10,VZ,Silliman Craig L.,,0001062993-22-000839,2022-01-06,A,219.195,15.3,231056.695,I,derivative,Phantom Stock (unitized),Common Stock,62.0,,
732712,2022-01-10,VZ,Malady Kyle,,0001062993-22-000837,2022-01-06,A,82.198,15.3,89572.84,I,derivative,Phantom Stock (unitized),Common Stock,23.0,,
732712,2022-01-10,VZ,Vestberg Hans Erik,,0001062993-22-000833,2022-01-06,A,180.233,15.3,71939.582,I,derivative,Phantom Stock (unitized),Common Stock,51.0,,
732712,2022-01-10,VZ,Hammock Samantha,,0001062993-22-000836,2022-01-06,A,36.951,15.3,1501.143,I,derivative,Phantom Stock (unitized),Common Stock,11.0,,
732712,2022-01-24,VZ,Ellis Matthew D.,,0001062993-22-001454,2022-01-20,A,97.934,15.2,55915.013,I,derivative,Phantom Stock (unitized),Common Stock,28.0,,
732712,2022-01-24,VZ,Vestberg Hans Erik,,0001062993-22-001453,2022-01-20,A,181.444,15.2,72121.026,I,derivative,Phantom Stock (unitized),Common Stock,52.0,,
732712,2022-01-24,VZ,Silliman Craig L.,,0001062993-22-001459,2022-01-20,A,220.669,15.2,231277.364,I,derivative,Phantom Stock (unitized),Common Stock,63.0,,
732712,2022-01-24,VZ,Malady Kyle,,0001062993-22-001457,2022-01-20,A,82.751,15.2,89655.591,I,derivative,Phantom Stock (unitized),Common Stock,24.0,,
732712,2022-01-24,VZ,Skiadas Anthony T,,0001062993-22-001460,2022-01-20,A,44.792,15.2,76812.206,I,derivative,Phantom Stock (unitized),Common Stock,13.0,,
732712,2022-01-24,VZ,Erwin Tami A.,,0001062993-22-001455,2022-01-20,A,97.934,15.2,46912.078,I,derivative,Phantom Stock (unitized),Common Stock,28.0,,
732712,2022-01-24,VZ,Hammock Samantha,,0001062993-22-001456,2022-01-20,A,37.2,15.2,1538.343,I,derivative,Phantom Stock (unitized),Common Stock,11.0,,
732712,2022-01-24,VZ,Qureshi Rima,,0001062993-22-001458,2022-01-20,A,71.363,15.2,7779.034,I,derivative,Phantom Stock (unitized),Common Stock,20.0,,
732712,2022-02-04,VZ,Silliman Craig L.,,0001062993-22-002618,2022-02-02,A,18588.0,0.0,18588.0,D,derivative,Special Restricted Stock Units - 2022 Award,Common Stock,18588.0,,
732712,2022-02-04,VZ,Qureshi Rima,,0001062993-22-002617,2022-02-02,A,18588.0,0.0,18588.0,D,derivative,Special Restricted Stock Units - 2022 Award,Common Stock,18588.0,,
732712,2022-02-07,VZ,Silliman Craig L.,,0001062993-22-002760,2022-02-03,A,219.03,15.31,234251.602,I,derivative,Phantom Stock (unitized),Common Stock,62.0,,
732712,2022-02-07,VZ,Erwin Tami A.,,0001062993-22-002756,2022-02-03,A,97.207,15.31,47567.515,I,derivative,Phantom Stock (unitized),Common Stock,28.0,,
732712,2022-02-07,VZ,Malady Kyle,,0001062993-22-002758,2022-02-03,A,82.136,15.31,90805.827,I,derivative,Phantom Stock (unitized),Common Stock,23.0,,
732712,2022-02-07,VZ,Qureshi Rima,,0001062993-22-002759,2022-02-03,A,70.834,15.31,7941.778,I,derivative,Phantom Stock (unitized),Common Stock,20.0,,
732712,2022-02-07,VZ,Hammock Samantha,,0001062993-22-002757,2022-02-03,A,36.923,15.31,1593.166,I,derivative,Phantom Stock (unitized),Common Stock,11.0,,
732712,2022-02-07,VZ,Skiadas Anthony T,,0001062993-22-002761,2022-02-03,A,44.459,15.31,77772.069,I,derivative,Phantom Stock (unitized),Common Stock,13.0,,
732712,2022-02-07,VZ,Vestberg Hans Erik,,0001062993-22-002754,2022-02-03,A,180.097,15.31,73158.958,I,derivative,Phantom Stock (unitized),Common Stock,51.0,,
732712,2022-02-07,VZ,Ellis Matthew D.,,0001062993-22-002755,2022-02-03,A,97.207,15.31,56677.804,I,derivative,Phantom Stock (unitized),Common Stock,28.0,,
732712,2022-02-22,VZ,Malady Kyle,,0001062993-22-005035,2022-02-17,A,108.931,15.25,90914.758,I,derivative,Phantom Stock (unitized),Common Stock,31.0,,
732712,2022-02-22,VZ,Qureshi Rima,,0001062993-22-005036,2022-02-17,A,84.346,15.25,8026.124,I,derivative,Phantom Stock (unitized),Common Stock,24.0,,
732712,2022-02-22,VZ,Ellis Matthew D.,,0001062993-22-005032,2022-02-17,A,97.584,15.25,56775.388,I,derivative,Phantom Stock (unitized),Common Stock,28.0,,
732712,2022-02-22,VZ,Erwin Tami A.,,0001062993-22-005033,2022-02-17,A,97.584,15.25,47665.099,I,derivative,Phantom Stock (unitized),Common Stock,28.0,,
732712,2022-02-22,VZ,Vestberg Hans Erik,,0001062993-22-005031,2022-02-17,A,180.795,15.25,73339.753,I,derivative,Phantom Stock (unitized),Common Stock,51.0,,
732712,2022-02-22,VZ,Hammock Samantha,,0001062993-22-005034,2022-02-17,A,37.067,15.25,1630.233,I,derivative,Phantom Stock (unitized),Common Stock,11.0,,
732712,2022-02-22,VZ,Skiadas Anthony T,,0001062993-22-005038,2022-02-17,A,57.87,15.25,77829.939,I,derivative,Phantom Stock (unitized),Common Stock,16.0,,
732712,2022-02-22,VZ,Silliman Craig L.,,0001062993-22-005037,2022-02-17,A,219.88,15.25,234471.482,I,derivative,Phantom Stock (unitized),Common Stock,62.0,,
732712,2022-02-28,VZ,Hammock Samantha,,0001062993-22-005814,2022-02-24,A,1405.034,14.97,3035.267,I,derivative,Phantom Stock (unitized),Common Stock,400.0,,
732712,2022-02-28,VZ,Vestberg Hans Erik,,0001062993-22-005811,2022-02-24,A,15327.641,14.97,88667.394,I,derivative,Phantom Stock (unitized),Common Stock,4364.0,,
732712,2022-02-28,VZ,Ellis Matthew D.,,0001062993-22-005812,2022-02-24,A,5824.504,14.97,62599.892,I,derivative,Phantom Stock (unitized),Common Stock,1658.0,,
732712,2022-02-28,VZ,Erwin Tami A.,,0001062993-22-005813,2022-02-24,A,4748.331,14.97,52413.43,I,derivative,Phantom Stock (unitized),Common Stock,1352.0,,
732712,2022-02-28,VZ,Malady Kyle,,0001062993-22-005815,2022-02-24,A,5620.135,14.97,96534.893,I,derivative,Phantom Stock (unitized),Common Stock,1600.0,,
732712,2022-02-28,VZ,Silliman Craig L.,,0001062993-22-005817,2022-02-24,A,18239.893,14.97,252711.375,I,derivative,Phantom Stock (unitized),Common Stock,5193.0,,
732712,2022-02-28,VZ,Skiadas Anthony T,,0001062993-22-005818,2022-02-24,A,2207.18,14.97,80037.119,I,derivative,Phantom Stock (unitized),Common Stock,628.0,,
732712,2022-02-28,VZ,Qureshi Rima,,0001062993-22-005816,2022-02-24,A,4751.569,14.97,12777.693,I,derivative,Phantom Stock (unitized),Common Stock,1353.0,,
732712,2022-03-03,VZ,Vestberg Hans Erik,,0001062993-22-006566,2022-03-01,M,36565.0,,73130.0,D,derivative,Restricted Stock Units - 2021 Award,Common Stock,36565.0,,
732712,2022-03-03,VZ,Hammock Samantha,,0001062993-22-006557,2022-03-01,F,784.0,53.61,4310.0,D,non_derivative,Common Stock,,,,
732712,2022-03-03,VZ,Qureshi Rima,,0001062993-22-006561,2022-03-01,A,37307.0,0.0,37307.0,D,derivative,Restricted Stock Units - 2022 Award,Common Stock,37307.0,,
732712,2022-03-03,VZ,Narasimhan Laxman,,0001062993-22-006537,2022-03-01,A,3264.0,0.0,7982.0,I,derivative,Phantom Stock,Common Stock,3264.0,,
732712,2022-03-03,VZ,Hammock Samantha,,0001062993-22-006557,2022-03-01,M,2284.0,,5094.0,D,non_derivative,Common Stock,,,,
732712,2022-03-03,VZ,Skiadas Anthony T,,0001062993-22-006564,2022-03-01,M,5296.0,,10592.0,D,derivative,Restricted Stock Units - 2021 Award,Common Stock,5296.0,,
732712,2022-03-03,VZ,Bertolini Mark T,,0001062993-22-006535,2022-03-01,A,3264.0,0.0,33905.0,I,derivative,Phantom Stock,Common Stock,3264.0,,
732712,2022-03-03,VZ,Healey Melanie,,0001062993-22-006536,2022-03-01,A,3264.0,0.0,50663.0,I,derivative,Phantom Stock,Common Stock,3264.0,,
732712,2022-03-03,VZ,SCHULMAN DANIEL H,,0001062993-22-006539,2022-03-01,A,3264.0,0.0,18196.0,I,derivative,Phantom Stock,Common Stock,3264.0,,
732712,2022-03-03,VZ,Malady Kyle,,0001062993-22-006559,2022-03-01,M,13238.0,,39027.0,D,non_derivative,Common Stock,,,,
732712,2022-03-03,VZ,Skiadas Anthony T,,0001062993-22-006564,2022-03-01,A,16415.0,0.0,16415.0,D,derivative,Restricted Stock Units - 2022 Award,Common Stock,16415.0,,
732712,2022-03-03,VZ,Ellis Matthew D.,,0001062993-22-006554,2022-03-01,M,16454.0,,32909.0,D,derivative,Restricted Stock Units - 2021 Award,Common Stock,16454.0,,
732712,2022-03-03,VZ,Skiadas Anthony T,,0001062993-22-006564,2022-03-01,M,5296.0,,37544.0,D,non_derivative,Common Stock,,,,
732712,2022-03-03,VZ,Silliman Craig L.,,0001062993-22-006562,2022-03-01,M,12608.0,,36415.0,D,non_derivative,Common Stock,,,,
732712,2022-03-03,VZ,Hammock Samantha,,0001062993-22-006557,2022-03-01,A,22384.0,0.0,22384.0,D,derivative,Restricted Stock Units - 2022 Award,Common Stock,22384.0,,
732712,2022-03-03,VZ,SLATER RODNEY E,,0001062993-22-006540,2022-03-01,A,3264.0,0.0,63889.0,I,derivative,Phantom Stock,Common Stock,3264.0,,
732712,2022-03-03,VZ,AUSTIN ROXANNE S,,0001062993-22-006534,2022-03-01,A,3264.0,0.0,10577.0,I,derivative,Phantom Stock,Common Stock,3264.0,,
732712,2022-03-03,VZ,ARCHAMBEAU SHELLYE L,,0001062993-22-006533,2022-03-01,A,3264.0,0.0,39423.0,I,derivative,Phantom Stock,Common Stock,3264.0,,
732712,2022-03-03,VZ,Weaver Gregory G.,,0001062993-22-006542,2022-03-01,A,3264.0,0.0,31375.0,I,derivative,Phantom Stock,Common Stock,3264.0,,
732712,2022-03-03,VZ,Ellis Matthew D.,,0001062993-22-006554,2022-03-01,F,8417.0,53.61,95405.0,D,non_derivative,Common Stock,,,,
732712,2022-03-03,VZ,TOME CAROL B,,0001062993-22-006541,2022-03-01,A,3264.0,0.0,4352.0,I,derivative,Phantom Stock,Common Stock,3264.0,,
732712,2022-03-03,VZ,Erwin Tami A.,,0001062993-22-006556,2022-03-01,F,9154.0,53.61,30947.0,D,non_derivative,Common Stock,,,,
732712,2022-03-03,VZ,Ellis Matthew D.,,0001062993-22-006554,2022-03-01,M,16454.0,,103822.0,D,non_derivative,Common Stock,,,,
732712,2022-03-03,VZ,Malady Kyle,,0001062993-22-006559,2022-03-01,F,7365.0,53.61,31662.0,D,non_derivative,Common Stock,,,,
732712,2022-03-03,VZ,Malady Kyle,,0001062993-22-006559,2022-03-01,M,13238.0,,26479.0,D,derivative,Restricted Stock Units - 2021 Award,Common Stock,13238.0,,
732712,2022-03-03,VZ,Erwin Tami A.,,0001062993-22-006556,2022-03-01,M,16454.0,,40101.0,D,non_derivative,Common Stock,,,,
732712,2022-03-03,VZ,Erwin Tami A.,,0001062993-22-006556,2022-03-01,M,16454.0,,32909.0,D,derivative,Restricted Stock Units - 2021 Award,Common Stock,16454.0,,
732712,2022-03-03,VZ,Skiadas Anthony T,,0001062993-22-006564,2022-03-01,F,2947.0,53.61,34597.0,D,non_derivative,Common Stock,,,,
732712,2022-03-03,VZ,Vestberg Hans Erik,,0001062993-22-006566,2022-03-01,A,108189.0,0.0,108189.0,D,derivative,Restricted Stock Units - 2022 Award,Common Stock,108189.0,,
732712,2022-03-03,VZ,Malady Kyle,,0001062993-22-006559,2022-03-01,A,48499.0,0.0,48499.0,D,derivative,Restricted Stock Units - 2022 Award,Common Stock,48499.0,,
732712,2022-03-03,VZ,Vestberg Hans Erik,,0001062993-22-006566,2022-03-01,F,20246.0,53.61,166083.0,D,non_derivative,Common Stock,,,,
732712,2022-03-03,VZ,Silliman Craig L.,,0001062993-22-006562,2022-03-01,F,7015.0,53.61,29400.0,D,non_derivative,Common Stock,,,,
732712,2022-03-03,VZ,Vestberg Hans Erik,,0001062993-22-006566,2022-03-01,M,36565.0,,186329.0,D,non_derivative,Common Stock,,,,
732712,2022-03-03,VZ,Ellis Matthew D.,,0001062993-22-006554,2022-03-01,A,52230.0,0.0,52230.0,D,derivative,Restricted Stock Units - 2022 Award,Common Stock,52230.0,,
732712,2022-03-03,VZ,Erwin Tami A.,,0001062993-22-006556,2022-03-01,A,52230.0,0.0,52230.0,D,derivative,Restricted Stock Units - 2022 Award,Common Stock,52230.0,,
732712,2022-03-03,VZ,Qureshi Rima,,0001062993-22-006561,2022-03-01,F,6224.0,53.61,37548.0,D,non_derivative,Common Stock,,,,
732712,2022-03-03,VZ,Qureshi Rima,,0001062993-22-006561,2022-03-01,M,12167.0,,24335.0,D,derivative,Restricted Stock Units - 2021 Award,Common Stock,12167.0,,
732712,2022-03-03,VZ,OTIS CLARENCE JR,,0001062993-22-006538,2022-03-01,A,3264.0,0.0,99933.0,I,derivative,Phantom Stock,Common Stock,3264.0,,
732712,2022-03-03,VZ,Qureshi Rima,,0001062993-22-006561,2022-03-01,M,12167.0,,43772.0,D,non_derivative,Common Stock,,,,
732712,2022-03-03,VZ,Hammock Samantha,,0001062993-22-006557,2022-03-01,M,2284.0,,4571.0,D,derivative,Restricted Stock Units - 2021 Award,Common Stock,2284.0,,
732712,2022-03-03,VZ,Silliman Craig L.,,0001062993-22-006562,2022-03-01,A,41038.0,0.0,41038.0,D,derivative,Restricted Stock Units - 2022 Award,Common Stock,41038.0,,
732712,2022-03-03,VZ,Silliman Craig L.,,0001062993-22-006562,2022-03-01,M,12608.0,,25218.0,D,derivative,Restricted Stock Units - 2021 Award,Common Stock,12608.0,,
732712,2022-03-03,VZ,Brouillette Manon,,0001062993-22-006553,2022-03-01,A,52230.0,0.0,52230.0,D,derivative,Restricted Stock Units - 2022 Award,Common Stock,52230.0,,
732712,2022-03-04,VZ,Silliman Craig L.,,0001062993-22-006787,2022-03-02,M,12086.0,,41486.0,D,non_derivative,Common Stock,,,,
732712,2022-03-04,VZ,Malady Kyle,,0001062993-22-006785,2022-03-02,M,11450.0,,43112.0,D,non_derivative,Common Stock,,,,
732712,2022-03-04,VZ,Malady Kyle,,0001062993-22-006785,2022-03-02,M,11450.0,,11450.0,D,derivative,Restricted Stock Units - 2020 Award,Common Stock,11450.0,,
732712,2022-03-04,VZ,Vestberg Hans Erik,,0001062993-22-006782,2022-03-02,F,18741.0,54.14,181183.0,D,non_derivative,Common Stock,,,,
732712,2022-03-04,VZ,Silliman Craig L.,,0001062993-22-006787,2022-03-02,M,12086.0,,12087.0,D,derivative,Restricted Stock Units - 2020 Award,Common Stock,12086.0,,
732712,2022-03-04,VZ,Skiadas Anthony T,,0001062993-22-006788,2022-03-02,F,2478.0,54.14,37196.0,D,non_derivative,Common Stock,,,,
732712,2022-03-04,VZ,Ellis Matthew D.,,0001062993-22-006783,2022-03-02,F,8135.0,54.14,103172.0,D,non_derivative,Common Stock,,,,
732712,2022-03-04,VZ,Malady Kyle,,0001062993-22-006785,2022-03-02,F,5588.0,54.14,37524.0,D,non_derivative,Common Stock,,,,
732712,2022-03-04,VZ,Skiadas Anthony T,,0001062993-22-006788,2022-03-02,M,5077.0,,39674.0,D,non_derivative,Common Stock,,,,
732712,2022-03-04,VZ,Qureshi Rima,,0001062993-22-006786,2022-03-02,F,5857.0,54.14,43141.0,D,non_derivative,Common Stock,,,,
732712,2022-03-04,VZ,Skiadas Anthony T,,0001062993-22-006788,2022-03-02,M,5077.0,,5077.0,D,derivative,Restricted Stock Units - 2020 Award,Common Stock,5077.0,,
732712,2022-03-04,VZ,Erwin Tami A.,,0001062993-22-006784,2022-03-02,M,14630.0,,45577.0,D,non_derivative,Common Stock,,,,
732712,2022-03-04,VZ,Qureshi Rima,,0001062993-22-006786,2022-03-02,M,11450.0,,11450.0,D,derivative,Restricted Stock Units - 2020 Award,Common Stock,11450.0,,
732712,2022-03-04,VZ,Qureshi Rima,,0001062993-22-006786,2022-03-02,M,11450.0,,48998.0,D,non_derivative,Common Stock,,,,
732712,2022-03-04,VZ,Erwin Tami A.,,0001062993-22-006784,2022-03-02,M,14630.0,,14631.0,D,derivative,Restricted Stock Units - 2020 Award,Common Stock,14630.0,,
732712,2022-03-04,VZ,Silliman Craig L.,,0001062993-22-006787,2022-03-02,F,5898.0,54.14,35588.0,D,non_derivative,Common Stock,,,,
732712,2022-03-04,VZ,Ellis Matthew D.,,0001062993-22-006783,2022-03-02,M,15902.0,,111307.0,D,non_derivative,Common Stock,,,,
732712,2022-03-04,VZ,Erwin Tami A.,,0001062993-22-006784,2022-03-02,F,7140.0,54.14,38437.0,D,non_derivative,Common Stock,,,,
732712,2022-03-04,VZ,Vestberg Hans Erik,,0001062993-22-006782,2022-03-02,M,33841.0,,33841.0,D,derivative,Restricted Stock Units - 2020 Award,Common Stock,33841.0,,
732712,2022-03-04,VZ,Vestberg Hans Erik,,0001062993-22-006782,2022-03-02,M,33841.0,,199924.0,D,non_derivative,Common Stock,,,,
732712,2022-03-04,VZ,Ellis Matthew D.,,0001062993-22-006783,2022-03-02,M,15902.0,,15903.0,D,derivative,Restricted Stock Units - 2020 Award,Common Stock,15902.0,,
732712,2022-03-07,VZ,Silliman Craig L.,,0001062993-22-006940,2022-03-03,A,215.589,15.56,252926.964,I,derivative,Phantom Stock (unitized),Common Stock,61.0,,
732712,2022-03-07,VZ,Ellis Matthew D.,,0001062993-22-006935,2022-03-03,A,95.68,15.56,62695.572,I,derivative,Phantom Stock (unitized),Common Stock,27.0,,
732712,2022-03-07,VZ,Malady Kyle,,0001062993-22-006938,2022-03-03,A,88.263,15.56,96623.156,I,derivative,Phantom Stock (unitized),Common Stock,25.0,,
732712,2022-03-07,VZ,Qureshi Rima,,0001062993-22-006939,2022-03-03,A,73.429,15.56,12851.122,I,derivative,Phantom Stock (unitized),Common Stock,21.0,,
732712,2022-03-07,VZ,Hammock Samantha,,0001062993-22-006937,2022-03-03,A,36.343,15.56,3071.61,I,derivative,Phantom Stock (unitized),Common Stock,10.0,,
732712,2022-03-07,VZ,Skiadas Anthony T,,0001062993-22-006941,2022-03-03,A,47.469,15.56,80084.588,I,derivative,Phantom Stock (unitized),Common Stock,14.0,,
732712,2022-03-07,VZ,Erwin Tami A.,,0001062993-22-006936,2022-03-03,A,95.68,15.56,52509.11,I,derivative,Phantom Stock (unitized),Common Stock,27.0,,
732712,2022-03-07,VZ,Vestberg Hans Erik,,0001062993-22-006934,2022-03-03,A,177.267,15.56,88844.661,I,derivative,Phantom Stock (unitized),Common Stock,50.0,,
732712,2022-03-07,VZ,Silliman Craig L.,,0001062993-22-006940,2022-03-03,S,1558.0,54.48,34030.0,D,non_derivative,Common Stock,,,,
732712,2022-03-10,VZ,Malady Kyle,,0001062993-22-007263,2022-03-08,F,4597.0,53.25,42346.0,D,non_derivative,Common Stock,,,,
732712,2022-03-10,VZ,Silliman Craig L.,,0001062993-22-007265,2022-03-08,F,5344.0,53.25,39635.0,D,non_derivative,Common Stock,,,,
732712,2022-03-10,VZ,Ellis Matthew D.,,0001062993-22-007261,2022-03-08,M,15339.0,,0.0,D,derivative,Restricted Stock Units - 2019-2022 Award Cycle,Common Stock,15339.0,,
732712,2022-03-10,VZ,Skiadas Anthony T,,0001062993-22-007266,2022-03-08,M,4440.0,,0.0,D,derivative,Restricted Stock Units - 2019-2022 Award Cycle,Common Stock,4440.0,,
732712,2022-03-10,VZ,Erwin Tami A.,,0001062993-22-007262,2022-03-08,M,13725.0,,0.0,D,derivative,Restricted Stock Units - 2019-2022 Award Cycle,Common Stock,13725.0,,
732712,2022-03-10,VZ,Ellis Matthew D.,,0001062993-22-007261,2022-03-08,M,15339.0,,118511.0,D,non_derivative,Common Stock,,,,
732712,2022-03-10,VZ,Qureshi Rima,,0001062993-22-007264,2022-03-08,M,10949.0,,0.0,D,derivative,Restricted Stock Units - 2019-2022 Award Cycle,Common Stock,10949.0,,
732712,2022-03-10,VZ,Vestberg Hans Erik,,0001062993-22-007260,2022-03-08,F,17884.0,53.25,195591.0,D,non_derivative,Common Stock,,,,
732712,2022-03-10,VZ,Skiadas Anthony T,,0001062993-22-007266,2022-03-08,F,2167.0,53.25,39469.0,D,non_derivative,Common Stock,,,,
732712,2022-03-10,VZ,Skiadas Anthony T,,0001062993-22-007266,2022-03-08,M,4440.0,,41636.0,D,non_derivative,Common Stock,,,,
732712,2022-03-10,VZ,Erwin Tami A.,,0001062993-22-007262,2022-03-08,F,6698.0,53.25,45464.0,D,non_derivative,Common Stock,,,,
732712,2022-03-10,VZ,Qureshi Rima,,0001062993-22-007264,2022-03-08,M,10949.0,,54090.0,D,non_derivative,Common Stock,,,,
732712,2022-03-10,VZ,Erwin Tami A.,,0001062993-22-007262,2022-03-08,M,13725.0,,52162.0,D,non_derivative,Common Stock,,,,
732712,2022-03-10,VZ,Ellis Matthew D.,,0001062993-22-007261,2022-03-08,F,7847.0,53.25,110664.0,D,non_derivative,Common Stock,,,,
732712,2022-03-10,VZ,Malady Kyle,,0001062993-22-007263,2022-03-08,M,9419.0,,46943.0,D,non_derivative,Common Stock,,,,
732712,2022-03-10,VZ,Silliman Craig L.,,0001062993-22-007265,2022-03-08,M,10949.0,,0.0,D,derivative,Restricted Stock Units - 2019-2022 Award Cycle,Common Stock,10949.0,,
732712,2022-03-10,VZ,Silliman Craig L.,,0001062993-22-007265,2022-03-08,M,10949.0,,44979.0,D,non_derivative,Common Stock,,,,
732712,2022-03-10,VZ,Qureshi Rima,,0001062993-22-007264,2022-03-08,F,5601.0,53.25,48489.0,D,non_derivative,Common Stock,,,,
732712,2022-03-10,VZ,Vestberg Hans Erik,,0001062993-22-007260,2022-03-08,M,32292.0,,0.0,D,derivative,Restricted Stock Units - 2019-2022 Award Cycle,Common Stock,32292.0,,
732712,2022-03-10,VZ,Vestberg Hans Erik,,0001062993-22-007260,2022-03-08,M,32292.0,,213475.0,D,non_derivative,Common Stock,,,,
732712,2022-03-10,VZ,Malady Kyle,,0001062993-22-007263,2022-03-08,M,9419.0,,0.0,D,derivative,Restricted Stock Units - 2019-2022 Award Cycle,Common Stock,9419.0,,
732712,2022-03-21,VZ,Vestberg Hans Erik,,0001062993-22-008167,2022-03-17,A,184.999,14.91,89029.66,I,derivative,Phantom Stock (unitized),Common Stock,53.0,,
732712,2022-03-21,VZ,Skiadas Anthony T,,0001062993-22-008174,2022-03-17,A,49.539,14.91,80134.127,I,derivative,Phantom Stock (unitized),Common Stock,14.0,,
732712,2022-03-21,VZ,Erwin Tami A.,,0001062993-22-008169,2022-03-17,A,99.853,14.91,52608.963,I,derivative,Phantom Stock (unitized),Common Stock,28.0,,
732712,2022-03-21,VZ,Ellis Matthew D.,,0001062993-22-008168,2022-03-17,A,99.853,14.91,62795.425,I,derivative,Phantom Stock (unitized),Common Stock,28.0,,
732712,2022-03-21,VZ,Qureshi Rima,,0001062993-22-008172,2022-03-17,A,76.632,14.91,12927.754,I,derivative,Phantom Stock (unitized),Common Stock,22.0,,
732712,2022-03-21,VZ,Malady Kyle,,0001062993-22-008171,2022-03-17,A,92.113,14.91,96715.269,I,derivative,Phantom Stock (unitized),Common Stock,26.0,,
732712,2022-03-21,VZ,Hammock Samantha,,0001062993-22-008170,2022-03-17,A,37.928,14.91,3109.538,I,derivative,Phantom Stock (unitized),Common Stock,11.0,,
732712,2022-03-21,VZ,Silliman Craig L.,,0001062993-22-008173,2022-03-17,A,224.992,14.91,253151.956,I,derivative,Phantom Stock (unitized),Common Stock,64.0,,
732712,2022-04-04,VZ,Ellis Matthew D.,,0001062993-22-009265,2022-03-31,A,102.612,14.51,62898.037,I,derivative,Phantom Stock (unitized),Common Stock,29.0,,
732712,2022-04-04,VZ,Vestberg Hans Erik,,0001062993-22-009264,2022-03-31,A,190.111,14.51,89219.771,I,derivative,Phantom Stock (unitized),Common Stock,54.0,,
732712,2022-04-04,VZ,Erwin Tami A.,,0001062993-22-009266,2022-03-31,A,102.612,14.51,52711.575,I,derivative,Phantom Stock (unitized),Common Stock,29.0,,
732712,2022-04-04,VZ,Qureshi Rima,,0001062993-22-009269,2022-03-31,A,78.749,14.51,13006.503,I,derivative,Phantom Stock (unitized),Common Stock,22.0,,
732712,2022-04-04,VZ,Hammock Samantha,,0001062993-22-009267,2022-03-31,A,38.976,14.51,3148.514,I,derivative,Phantom Stock (unitized),Common Stock,11.0,,
732712,2022-04-04,VZ,Malady Kyle,,0001062993-22-009268,2022-03-31,A,94.658,14.51,96809.927,I,derivative,Phantom Stock (unitized),Common Stock,27.0,,
732712,2022-04-04,VZ,Silliman Craig L.,,0001062993-22-009270,2022-03-31,A,231.208,14.51,253383.164,I,derivative,Phantom Stock (unitized),Common Stock,66.0,,
732712,2022-04-04,VZ,Skiadas Anthony T,,0001062993-22-009271,2022-03-31,A,50.908,14.51,80185.035,I,derivative,Phantom Stock (unitized),Common Stock,14.0,,
732712,2022-04-06,VZ,Silliman Craig L.,,0001062993-22-009840,2022-04-04,S,1558.0,52.0,38077.0,D,non_derivative,Common Stock,,,,
732712,2022-04-18,VZ,Malady Kyle,,0001062993-22-010361,2022-04-14,A,89.612,15.32,96899.539,I,derivative,Phantom Stock (unitized),Common Stock,26.0,,
732712,2022-04-18,VZ,Silliman Craig L.,,0001062993-22-010363,2022-04-14,A,218.883,15.32,253602.047,I,derivative,Phantom Stock (unitized),Common Stock,62.0,,
732712,2022-04-18,VZ,Qureshi Rima,,0001062993-22-010362,2022-04-14,A,74.551,15.32,13081.054,I,derivative,Phantom Stock (unitized),Common Stock,21.0,,
732712,2022-04-18,VZ,Skiadas Anthony T,,0001062993-22-010364,2022-04-14,A,48.194,15.32,80233.229,I,derivative,Phantom Stock (unitized),Common Stock,14.0,,
732712,2022-04-18,VZ,Hammock Samantha,,0001062993-22-010360,2022-04-14,A,36.899,15.32,3185.413,I,derivative,Phantom Stock (unitized),Common Stock,11.0,,
732712,2022-04-18,VZ,Ellis Matthew D.,,0001062993-22-010358,2022-04-14,A,97.142,15.32,62995.179,I,derivative,Phantom Stock (unitized),Common Stock,28.0,,
732712,2022-04-18,VZ,Vestberg Hans Erik,,0001062993-22-010357,2022-04-14,A,179.976,15.32,89399.747,I,derivative,Phantom Stock (unitized),Common Stock,51.0,,
732712,2022-04-18,VZ,Erwin Tami A.,,0001062993-22-010359,2022-04-14,A,97.142,15.32,52808.717,I,derivative,Phantom Stock (unitized),Common Stock,28.0,,
732712,2022-04-28,VZ,Erwin Tami A.,,0001062993-22-010914,2022-04-26,S,23647.0,49.77,21817.0,D,non_derivative,Common Stock,,,,
732712,2022-05-02,VZ,Qureshi Rima,,0001062993-22-011142,2022-04-28,A,82.848,13.79,13163.902,I,derivative,Phantom Stock (unitized),Common Stock,24.0,,
732712,2022-05-02,VZ,Erwin Tami A.,,0001062993-22-011139,2022-04-28,A,107.953,13.79,52916.67,I,derivative,Phantom Stock (unitized),Common Stock,31.0,,
732712,2022-05-02,VZ,Skiadas Anthony T,,0001062993-22-011144,2022-04-28,A,53.558,13.79,80286.787,I,derivative,Phantom Stock (unitized),Common Stock,15.0,,
732712,2022-05-02,VZ,Ellis Matthew D.,,0001062993-22-011138,2022-04-28,A,107.953,13.79,63103.132,I,derivative,Phantom Stock (unitized),Common Stock,31.0,,
732712,2022-05-02,VZ,Silliman Craig L.,,0001062993-22-011143,2022-04-28,A,243.242,13.79,253845.289,I,derivative,Phantom Stock (unitized),Common Stock,69.0,,
732712,2022-05-02,VZ,Vestberg Hans Erik,,0001062993-22-011137,2022-04-28,A,200.006,13.79,89599.753,I,derivative,Phantom Stock (unitized),Common Stock,57.0,,
732712,2022-05-02,VZ,Malady Kyle,,0001062993-22-011141,2022-04-28,A,99.585,13.79,96999.124,I,derivative,Phantom Stock (unitized),Common Stock,28.0,,
732712,2022-05-02,VZ,Hammock Samantha,,0001062993-22-011140,2022-04-28,A,41.005,13.79,3226.418,I,derivative,Phantom Stock (unitized),Common Stock,12.0,,
732712,2022-05-16,VZ,Qureshi Rima,,0001062993-22-012464,2022-05-12,A,83.48,13.68,13426.095,I,derivative,Phantom Stock (unitized),Common Stock,24.0,,
732712,2022-05-16,VZ,Vestberg Hans Erik,,0001062993-22-012459,2022-05-12,A,201.533,13.68,91027.196,I,derivative,Phantom Stock (unitized),Common Stock,57.0,,
732712,2022-05-16,VZ,Ellis Matthew D.,,0001062993-22-012460,2022-05-12,A,108.777,13.68,64076.149,I,derivative,Phantom Stock (unitized),Common Stock,31.0,,
732712,2022-05-16,VZ,Skiadas Anthony T,,0001062993-22-012466,2022-05-12,A,53.967,13.68,81442.524,I,derivative,Phantom Stock (unitized),Common Stock,15.0,,
732712,2022-05-16,VZ,Hammock Samantha,,0001062993-22-012462,2022-05-12,A,41.318,13.68,3310.997,I,derivative,Phantom Stock (unitized),Common Stock,12.0,,
732712,2022-05-16,VZ,Erwin Tami A.,,0001062993-22-012461,2022-05-12,A,108.777,13.68,53749.722,I,derivative,Phantom Stock (unitized),Common Stock,31.0,,
732712,2022-05-16,VZ,Silliman Craig L.,,0001062993-22-012465,2022-05-12,A,245.099,13.68,257571.959,I,derivative,Phantom Stock (unitized),Common Stock,70.0,,
732712,2022-05-16,VZ,Malady Kyle,,0001062993-22-012463,2022-05-12,A,100.345,13.68,98429.671,I,derivative,Phantom Stock (unitized),Common Stock,29.0,,
732712,2022-05-25,VZ,Silliman Craig L.,,0001062993-22-013439,2022-05-23,S,1558.0,50.0,36519.0,D,non_derivative,Common Stock,,,,
732712,2022-05-31,VZ,Ellis Matthew D.,,0001062993-22-013789,2022-05-26,A,102.568,14.51,64178.717,I,derivative,Phantom Stock (unitized),Common Stock,29.0,,
732712,2022-05-31,VZ,Erwin Tami A.,,0001062993-22-013790,2022-05-26,A,102.568,14.51,53852.29,I,derivative,Phantom Stock (unitized),Common Stock,29.0,,
732712,2022-05-31,VZ,Vestberg Hans Erik,,0001062993-22-013788,2022-05-26,A,190.03,14.51,91217.226,I,derivative,Phantom Stock (unitized),Common Stock,54.0,,
732712,2022-05-31,VZ,Skiadas Anthony T,,0001062993-22-013795,2022-05-26,A,50.887,14.51,81493.411,I,derivative,Phantom Stock (unitized),Common Stock,14.0,,
732712,2022-05-31,VZ,Qureshi Rima,,0001062993-22-013793,2022-05-26,A,78.716,14.51,13504.811,I,derivative,Phantom Stock (unitized),Common Stock,22.0,,
732712,2022-05-31,VZ,Silliman Craig L.,,0001062993-22-013794,2022-05-26,A,231.11,14.51,257797.968,I,derivative,Phantom Stock (unitized),Common Stock,66.0,,
732712,2022-05-31,VZ,Malady Kyle,,0001062993-22-013792,2022-05-26,A,94.618,14.51,98524.289,I,derivative,Phantom Stock (unitized),Common Stock,27.0,,
732712,2022-05-31,VZ,Hammock Samantha,,0001062993-22-013791,2022-05-26,A,38.96,14.51,3349.957,I,derivative,Phantom Stock (unitized),Common Stock,11.0,,
732712,2022-06-07,VZ,Silliman Craig L.,,0001062993-22-014431,2022-06-03,S,1558.0,50.94,34961.0,D,non_derivative,Common Stock,,,,
732712,2022-06-13,VZ,Vestberg Hans Erik,,0001062993-22-014707,2022-06-09,A,190.219,14.5,91407.445,I,derivative,Phantom Stock (unitized),Common Stock,54.0,,
732712,2022-06-13,VZ,Erwin Tami A.,,0001062993-22-014709,2022-06-09,A,102.67,14.5,53954.96,I,derivative,Phantom Stock (unitized),Common Stock,29.0,,
732712,2022-06-13,VZ,Hammock Samantha,,0001062993-22-014710,2022-06-09,A,38.999,14.5,3388.956,I,derivative,Phantom Stock (unitized),Common Stock,11.0,,
732712,2022-06-13,VZ,Ellis Matthew D.,,0001062993-22-014708,2022-06-09,A,102.67,14.5,64281.387,I,derivative,Phantom Stock (unitized),Common Stock,29.0,,
732712,2022-06-13,VZ,Qureshi Rima,,0001062993-22-014712,2022-06-09,A,78.794,14.5,13583.605,I,derivative,Phantom Stock (unitized),Common Stock,22.0,,
732712,2022-06-13,VZ,Silliman Craig L.,,0001062993-22-014713,2022-06-09,A,231.339,14.5,258029.307,I,derivative,Phantom Stock (unitized),Common Stock,66.0,,
732712,2022-06-13,VZ,Malady Kyle,,0001062993-22-014711,2022-06-09,A,94.712,14.5,98619.001,I,derivative,Phantom Stock (unitized),Common Stock,27.0,,
732712,2022-06-13,VZ,Skiadas Anthony T,,0001062993-22-014714,2022-06-09,A,50.937,14.5,81544.348,I,derivative,Phantom Stock (unitized),Common Stock,14.0,,
732712,2022-06-27,VZ,Malady Kyle,,0001062993-22-015445,2022-06-23,A,92.625,14.82,98711.626,I,derivative,Phantom Stock (unitized),Common Stock,26.0,,
732712,2022-06-27,VZ,Silliman Craig L.,,0001062993-22-015447,2022-06-23,A,226.243,14.82,258255.55,I,derivative,Phantom Stock (unitized),Common Stock,64.0,,
732712,2022-06-27,VZ,Skiadas Anthony T,,0001062993-22-015448,2022-06-23,A,49.815,14.82,81594.163,I,derivative,Phantom Stock (unitized),Common Stock,14.0,,
732712,2022-06-27,VZ,Qureshi Rima,,0001062993-22-015446,2022-06-23,A,77.058,14.82,13660.663,I,derivative,Phantom Stock (unitized),Common Stock,22.0,,
732712,2022-06-27,VZ,Erwin Tami A.,,0001062993-22-015443,2022-06-23,A,100.409,14.82,54055.369,I,derivative,Phantom Stock (unitized),Common Stock,29.0,,
732712,2022-06-27,VZ,Ellis Matthew D.,,0001062993-22-015442,2022-06-23,A,100.409,14.82,64381.796,I,derivative,Phantom Stock (unitized),Common Stock,29.0,,
732712,2022-06-27,VZ,Vestberg Hans Erik,,0001062993-22-015441,2022-06-23,A,186.028,14.82,91593.473,I,derivative,Phantom Stock (unitized),Common Stock,53.0,,
732712,2022-06-27,VZ,Hammock Samantha,,0001062993-22-015444,2022-06-23,A,38.139,14.82,3427.095,I,derivative,Phantom Stock (unitized),Common Stock,11.0,,
732712,2022-07-06,VZ,Sampath Sowmyanarayan,,0001062993-22-015986,2022-07-01,A,30984.0,0.0,53678.0,D,derivative,Restricted Stock Units - 2022 Award,Common Stock,30984.0,,
732712,2022-07-07,VZ,Silliman Craig L.,,0001062993-22-016119,2022-07-05,S,1558.0,51.42,33403.0,D,non_derivative,Common Stock,,,,
732712,2022-07-11,VZ,Ellis Matthew D.,,0001062993-22-016184,2022-07-07,A,103.121,14.43,64484.917,I,derivative,Phantom Stock (unitized),Common Stock,29.0,,
732712,2022-07-11,VZ,Malady Kyle,,0001062993-22-016186,2022-07-07,A,95.127,14.43,98806.753,I,derivative,Phantom Stock (unitized),Common Stock,27.0,,
732712,2022-07-11,VZ,Vestberg Hans Erik,,0001062993-22-016183,2022-07-07,A,191.053,14.43,91784.526,I,derivative,Phantom Stock (unitized),Common Stock,54.0,,
732712,2022-07-11,VZ,Hammock Samantha,,0001062993-22-016185,2022-07-07,A,39.17,14.43,3466.265,I,derivative,Phantom Stock (unitized),Common Stock,11.0,,
732712,2022-07-11,VZ,Qureshi Rima,,0001062993-22-016187,2022-07-07,A,79.139,14.43,13739.802,I,derivative,Phantom Stock (unitized),Common Stock,23.0,,
732712,2022-07-11,VZ,Silliman Craig L.,,0001062993-22-016189,2022-07-07,A,232.354,14.43,258487.904,I,derivative,Phantom Stock (unitized),Common Stock,66.0,,
732712,2022-07-11,VZ,Skiadas Anthony T,,0001062993-22-016190,2022-07-07,A,51.161,14.43,81645.324,I,derivative,Phantom Stock (unitized),Common Stock,15.0,,
732712,2022-07-11,VZ,Sampath Sowmyanarayan,,0001062993-22-016188,2022-07-07,A,67.148,14.43,74815.542,I,derivative,Phantom Stock (unitized),Common Stock,19.0,,
732712,2022-07-22,VZ,Ellis Matthew D.,,0001062993-22-016655,2022-07-21,A,109.673,13.57,64594.59,I,derivative,Phantom Stock (unitized),Common Stock,31.0,,
732712,2022-07-22,VZ,Qureshi Rima,,0001062993-22-016658,2022-07-21,A,84.168,13.57,13823.97,I,derivative,Phantom Stock (unitized),Common Stock,24.0,,
732712,2022-07-22,VZ,Vestberg Hans Erik,,0001062993-22-016654,2022-07-21,A,203.193,13.57,91987.719,I,derivative,Phantom Stock (unitized),Common Stock,58.0,,
732712,2022-07-22,VZ,Hammock Samantha,,0001062993-22-016656,2022-07-21,A,41.658,13.57,3507.923,I,derivative,Phantom Stock (unitized),Common Stock,12.0,,
732712,2022-07-22,VZ,Skiadas Anthony T,,0001062993-22-016661,2022-07-21,A,54.411,13.57,81699.735,I,derivative,Phantom Stock (unitized),Common Stock,15.0,,
732712,2022-07-22,VZ,Sampath Sowmyanarayan,,0001062993-22-016659,2022-07-21,A,105.422,13.57,74920.964,I,derivative,Phantom Stock (unitized),Common Stock,30.0,,
732712,2022-07-22,VZ,Malady Kyle,,0001062993-22-016657,2022-07-21,A,101.172,13.57,98907.925,I,derivative,Phantom Stock (unitized),Common Stock,29.0,,
732712,2022-07-22,VZ,Silliman Craig L.,,0001062993-22-016660,2022-07-21,A,247.118,13.57,258735.022,I,derivative,Phantom Stock (unitized),Common Stock,70.0,,
732712,2022-08-04,VZ,Brouillette Manon,,0001062993-22-017231,2022-08-02,M,37762.0,,37762.0,D,non_derivative,Common Stock,,,,
732712,2022-08-04,VZ,Brouillette Manon,,0001062993-22-017231,2022-08-02,M,37762.0,,75525.0,D,derivative,Restricted Stock Units - 2021 Award,Common Stock,37762.0,,
732712,2022-08-04,VZ,Brouillette Manon,,0001062993-22-017231,2022-08-02,F,20902.0,45.34,16860.0,D,non_derivative,Common Stock,,,,
732712,2022-08-08,VZ,Vestberg Hans Erik,,0001062993-22-017425,2022-08-04,A,217.77,12.66,93460.883,I,derivative,Phantom Stock (unitized),Common Stock,62.0,,
732712,2022-08-08,VZ,Malady Kyle,,0001062993-22-017428,2022-08-04,A,108.43,12.66,100369.312,I,derivative,Phantom Stock (unitized),Common Stock,31.0,,
732712,2022-08-08,VZ,Ellis Matthew D.,,0001062993-22-017426,2022-08-04,A,117.541,12.66,65594.558,I,derivative,Phantom Stock (unitized),Common Stock,34.0,,
732712,2022-08-08,VZ,Hammock Samantha,,0001062993-22-017427,2022-08-04,A,44.647,12.66,3599.542,I,derivative,Phantom Stock (unitized),Common Stock,13.0,,
732712,2022-08-08,VZ,Silliman Craig L.,,0001062993-22-017431,2022-08-04,A,264.848,12.66,262539.561,I,derivative,Phantom Stock (unitized),Common Stock,75.0,,
732712,2022-08-08,VZ,Qureshi Rima,,0001062993-22-017429,2022-08-04,A,90.206,12.66,14101.412,I,derivative,Phantom Stock (unitized),Common Stock,26.0,,
732712,2022-08-08,VZ,Skiadas Anthony T,,0001062993-22-017432,2022-08-04,A,58.315,12.66,82876.391,I,derivative,Phantom Stock (unitized),Common Stock,17.0,,
732712,2022-08-08,VZ,Sampath Sowmyanarayan,,0001062993-22-017430,2022-08-04,A,99.318,12.66,76044.795,I,derivative,Phantom Stock (unitized),Common Stock,28.0,,
732712,2022-08-22,VZ,Silliman Craig L.,,0001062993-22-018541,2022-08-18,A,266.275,12.6,262805.836,I,derivative,Phantom Stock (unitized),Common Stock,75.0,,
732712,2022-08-22,VZ,Hammock Samantha,,0001062993-22-018537,2022-08-18,A,44.888,12.6,3644.43,I,derivative,Phantom Stock (unitized),Common Stock,13.0,,
732712,2022-08-22,VZ,Ellis Matthew D.,,0001062993-22-018536,2022-08-18,A,118.175,12.6,65712.733,I,derivative,Phantom Stock (unitized),Common Stock,34.0,,
732712,2022-08-22,VZ,Qureshi Rima,,0001062993-22-018539,2022-08-18,A,90.693,12.6,14192.105,I,derivative,Phantom Stock (unitized),Common Stock,26.0,,
732712,2022-08-22,VZ,Sampath Sowmyanarayan,,0001062993-22-018540,2022-08-18,A,99.853,12.6,76144.648,I,derivative,Phantom Stock (unitized),Common Stock,28.0,,
732712,2022-08-22,VZ,Malady Kyle,,0001062993-22-018538,2022-08-18,A,109.015,12.6,100478.327,I,derivative,Phantom Stock (unitized),Common Stock,31.0,,
732712,2022-08-22,VZ,Skiadas Anthony T,,0001062993-22-018542,2022-08-18,A,58.629,12.6,82935.02,I,derivative,Phantom Stock (unitized),Common Stock,17.0,,
732712,2022-08-22,VZ,Vestberg Hans Erik,,0001062993-22-018535,2022-08-18,A,218.945,12.6,93679.828,I,derivative,Phantom Stock (unitized),Common Stock,62.0,,
732712,2022-09-06,VZ,Sampath Sowmyanarayan,,0001062993-22-019168,2022-09-01,A,105.492,11.92,76250.14,I,derivative,Phantom Stock (unitized),Common Stock,30.0,,
732712,2022-09-06,VZ,Silliman Craig L.,,0001062993-22-019169,2022-09-01,A,281.312,11.92,263087.148,I,derivative,Phantom Stock (unitized),Common Stock,80.0,,
732712,2022-09-06,VZ,Qureshi Rima,,0001062993-22-019167,2022-09-01,A,95.814,11.92,14287.919,I,derivative,Phantom Stock (unitized),Common Stock,27.0,,
732712,2022-09-06,VZ,Vestberg Hans Erik,,0001062993-22-019163,2022-09-01,A,231.308,11.92,93911.136,I,derivative,Phantom Stock (unitized),Common Stock,66.0,,
732712,2022-09-06,VZ,Hammock Samantha,,0001062993-22-019165,2022-09-01,A,47.423,11.92,3691.853,I,derivative,Phantom Stock (unitized),Common Stock,14.0,,
732712,2022-09-06,VZ,Malady Kyle,,0001062993-22-019166,2022-09-01,A,115.171,11.92,100593.498,I,derivative,Phantom Stock (unitized),Common Stock,33.0,,
732712,2022-09-06,VZ,Skiadas Anthony T,,0001062993-22-019170,2022-09-01,A,61.94,11.92,82996.96,I,derivative,Phantom Stock (unitized),Common Stock,18.0,,
732712,2022-09-06,VZ,Ellis Matthew D.,,0001062993-22-019164,2022-09-01,A,124.848,11.92,65837.581,I,derivative,Phantom Stock (unitized),Common Stock,36.0,,
732712,2022-09-19,VZ,Vestberg Hans Erik,,0001062993-22-019655,2022-09-15,A,235.668,11.7,94146.804,I,derivative,Phantom Stock (unitized),Common Stock,67.0,,
732712,2022-09-19,VZ,Malady Kyle,,0001062993-22-019658,2022-09-15,A,117.341,11.7,100710.839,I,derivative,Phantom Stock (unitized),Common Stock,33.0,,
732712,2022-09-19,VZ,Ellis Matthew D.,,0001062993-22-019656,2022-09-15,A,127.202,11.7,65964.783,I,derivative,Phantom Stock (unitized),Common Stock,36.0,,
732712,2022-09-19,VZ,Hammock Samantha,,0001062993-22-019657,2022-09-15,A,48.317,11.7,3740.17,I,derivative,Phantom Stock (unitized),Common Stock,14.0,,
732712,2022-09-19,VZ,Silliman Craig L.,,0001062993-22-019661,2022-09-15,A,286.614,11.7,263373.762,I,derivative,Phantom Stock (unitized),Common Stock,82.0,,
732712,2022-09-19,VZ,Sampath Sowmyanarayan,,0001062993-22-019660,2022-09-15,A,107.48,11.7,76357.62,I,derivative,Phantom Stock (unitized),Common Stock,31.0,,
732712,2022-09-19,VZ,Skiadas Anthony T,,0001062993-22-019662,2022-09-15,A,63.108,11.7,83060.068,I,derivative,Phantom Stock (unitized),Common Stock,18.0,,
732712,2022-09-19,VZ,Qureshi Rima,,0001062993-22-019659,2022-09-15,A,97.62,11.7,14385.539,I,derivative,Phantom Stock (unitized),Common Stock,28.0,,
732712,2022-09-20,VZ,Sampath Sowmyanarayan,,0001062993-22-019755,2022-09-17,M,23968.0,,23968.0,D,non_derivative,Common Stock,,,,
732712,2022-09-20,VZ,Sampath Sowmyanarayan,,0001062993-22-019755,2022-09-17,F,12260.0,41.25,11708.0,D,non_derivative,Common Stock,,,,
732712,2022-09-20,VZ,Sampath Sowmyanarayan,,0001062993-22-019755,2022-09-17,M,23968.0,,0.0,D,derivative,Special Restricted Stock Units - 2018 Award,Common Stock,23968.0,,2022-09-17
732712,2022-09-30,VZ,Skiadas Anthony T,,0001062993-22-020089,2022-09-29,A,66.983,11.02,83127.051,I,derivative,Phantom Stock (unitized),Common Stock,19.0,,
732712,2022-09-30,VZ,Silliman Craig L.,,0001062993-22-020088,2022-09-29,A,304.213,11.02,263677.975,I,derivative,Phantom Stock (unitized),Common Stock,87.0,,
732712,2022-09-30,VZ,Qureshi Rima,,0001062993-22-020086,2022-09-29,A,103.614,11.02,14489.153,I,derivative,Phantom Stock (unitized),Common Stock,30.0,,
732712,2022-09-30,VZ,Sampath Sowmyanarayan,,0001062993-22-020087,2022-09-29,A,114.08,11.02,76471.7,I,derivative,Phantom Stock (unitized),Common Stock,33.0,,
732712,2022-09-30,VZ,Ellis Matthew D.,,0001062993-22-020083,2022-09-29,A,135.012,11.02,66099.795,I,derivative,Phantom Stock (unitized),Common Stock,39.0,,
732712,2022-09-30,VZ,Hammock Samantha,,0001062993-22-020084,2022-09-29,A,51.283,11.02,3791.453,I,derivative,Phantom Stock (unitized),Common Stock,15.0,,
732712,2022-09-30,VZ,Malady Kyle,,0001062993-22-020085,2022-09-29,A,124.547,11.02,100835.386,I,derivative,Phantom Stock (unitized),Common Stock,36.0,,
732712,2022-09-30,VZ,Vestberg Hans Erik,,0001062993-22-020082,2022-09-29,A,250.139,11.02,94396.943,I,derivative,Phantom Stock (unitized),Common Stock,71.0,,
732712,2022-10-17,VZ,Qureshi Rima,,0001062993-22-020832,2022-10-13,A,109.932,10.39,14599.085,I,derivative,Phantom Stock (unitized),Common Stock,31.0,,
732712,2022-10-17,VZ,Venkatesh Vandana,,0001062993-22-020836,2022-10-13,A,34.423,10.39,21035.127,I,derivative,Phantom Stock (unitized),Common Stock,10.0,,
732712,2022-10-17,VZ,Silliman Craig L.,,0001062993-22-020834,2022-10-13,A,322.763,10.39,264000.738,I,derivative,Phantom Stock (unitized),Common Stock,93.0,,
732712,2022-10-17,VZ,Hammock Samantha,,0001062993-22-020830,2022-10-13,A,54.41,10.39,3845.863,I,derivative,Phantom Stock (unitized),Common Stock,16.0,,
732712,2022-10-17,VZ,Malady Kyle,,0001062993-22-020831,2022-10-13,A,132.141,10.39,100967.527,I,derivative,Phantom Stock (unitized),Common Stock,38.0,,
732712,2022-10-17,VZ,Sampath Sowmyanarayan,,0001062993-22-020833,2022-10-13,A,121.036,10.39,76592.736,I,derivative,Phantom Stock (unitized),Common Stock,35.0,,
732712,2022-10-17,VZ,Vestberg Hans Erik,,0001062993-22-020828,2022-10-13,A,265.391,10.39,94662.334,I,derivative,Phantom Stock (unitized),Common Stock,76.0,,
732712,2022-10-17,VZ,Skiadas Anthony T,,0001062993-22-020835,2022-10-13,A,71.067,10.39,83198.118,I,derivative,Phantom Stock (unitized),Common Stock,20.0,,
732712,2022-10-17,VZ,Ellis Matthew D.,,0001062993-22-020829,2022-10-13,A,143.245,10.39,66243.04,I,derivative,Phantom Stock (unitized),Common Stock,41.0,,
732712,2022-10-31,VZ,Malady Kyle,,0001062993-22-021238,2022-10-27,A,132.938,10.33,101100.465,I,derivative,Phantom Stock (unitized),Common Stock,38.0,,
732712,2022-10-31,VZ,Qureshi Rima,,0001062993-22-021239,2022-10-27,A,110.596,10.33,14709.681,I,derivative,Phantom Stock (unitized),Common Stock,32.0,,
732712,2022-10-31,VZ,Skiadas Anthony T,,0001062993-22-021242,2022-10-27,A,71.496,10.33,83269.614,I,derivative,Phantom Stock (unitized),Common Stock,20.0,,
732712,2022-10-31,VZ,Venkatesh Vandana,,0001062993-22-021243,2022-10-27,A,94.062,10.33,21129.189,I,derivative,Phantom Stock (unitized),Common Stock,27.0,,
732712,2022-10-31,VZ,Sampath Sowmyanarayan,,0001062993-22-021240,2022-10-27,A,121.766,10.33,76714.502,I,derivative,Phantom Stock (unitized),Common Stock,35.0,,
732712,2022-10-31,VZ,Ellis Matthew D.,,0001062993-22-021236,2022-10-27,A,144.109,10.33,66387.149,I,derivative,Phantom Stock (unitized),Common Stock,41.0,,
732712,2022-10-31,VZ,Hammock Samantha,,0001062993-22-021237,2022-10-27,A,54.739,10.33,3900.602,I,derivative,Phantom Stock (unitized),Common Stock,16.0,,
732712,2022-10-31,VZ,Vestberg Hans Erik,,0001062993-22-021235,2022-10-27,A,266.993,10.33,94929.327,I,derivative,Phantom Stock (unitized),Common Stock,76.0,,
732712,2022-10-31,VZ,Silliman Craig L.,,0001062993-22-021241,2022-10-27,A,324.71,10.33,264325.448,I,derivative,Phantom Stock (unitized),Common Stock,93.0,,
732712,2022-11-03,VZ,Venkatesh Vandana,,0001062993-22-021463,2022-11-01,A,5874.0,0.0,12156.0,D,derivative,Restricted Stock Units - 2022 Award,Common Stock,5874.0,,
732712,2022-11-08,VZ,Colao Vittorio,,0001062993-22-021700,2022-11-04,A,783.0,37.24,783.0,I,derivative,Phantom Stock,Common Stock,783.0,,
732712,2022-11-14,VZ,Qureshi Rima,,0001062993-22-021901,2022-11-09,A,106.405,10.74,15067.051,I,derivative,Phantom Stock (unitized),Common Stock,30.0,,
732712,2022-11-14,VZ,Hammock Samantha,,0001062993-22-021899,2022-11-09,A,52.664,10.74,4018.938,I,derivative,Phantom Stock (unitized),Common Stock,15.0,,
732712,2022-11-14,VZ,Venkatesh Vandana,,0001062993-22-021905,2022-11-09,A,74.16,10.74,21567.1,I,derivative,Phantom Stock (unitized),Common Stock,21.0,,
732712,2022-11-14,VZ,Silliman Craig L.,,0001062993-22-021903,2022-11-09,A,312.406,10.74,269204.997,I,derivative,Phantom Stock (unitized),Common Stock,89.0,,
732712,2022-11-14,VZ,Ellis Matthew D.,,0001062993-22-021898,2022-11-09,A,138.648,10.74,67670.705,I,derivative,Phantom Stock (unitized),Common Stock,40.0,,
732712,2022-11-14,VZ,Skiadas Anthony T,,0001062993-22-021904,2022-11-09,A,68.787,10.74,84778.237,I,derivative,Phantom Stock (unitized),Common Stock,20.0,,
732712,2022-11-14,VZ,Malady Kyle,,0001062993-22-021900,2022-11-09,A,127.901,10.74,102974.926,I,derivative,Phantom Stock (unitized),Common Stock,36.0,,
732712,2022-11-14,VZ,Vestberg Hans Erik,,0001062993-22-021897,2022-11-09,A,256.875,10.74,96821.243,I,derivative,Phantom Stock (unitized),Common Stock,73.0,,
732712,2022-11-14,VZ,Sampath Sowmyanarayan,,0001062993-22-021902,2022-11-09,A,117.152,10.74,78156.214,I,derivative,Phantom Stock (unitized),Common Stock,33.0,,
732712,2022-11-23,VZ,Malady Kyle,,0001062993-22-022707,2022-11-22,A,122.783,11.18,103097.709,I,derivative,Phantom Stock (unitized),Common Stock,35.0,,
732712,2022-11-23,VZ,Sampath Sowmyanarayan,,0001062993-22-022709,2022-11-22,A,112.464,11.18,78268.678,I,derivative,Phantom Stock (unitized),Common Stock,32.0,,
732712,2022-11-23,VZ,Vestberg Hans Erik,,0001062993-22-022704,2022-11-22,A,246.596,11.18,97067.839,I,derivative,Phantom Stock (unitized),Common Stock,70.0,,
732712,2022-11-23,VZ,Venkatesh Vandana,,0001062993-22-022712,2022-11-22,A,71.193,11.18,21638.293,I,derivative,Phantom Stock (unitized),Common Stock,20.0,,
732712,2022-11-23,VZ,Silliman Craig L.,,0001062993-22-022710,2022-11-22,A,299.904,11.18,269504.901,I,derivative,Phantom Stock (unitized),Common Stock,85.0,,
732712,2022-11-23,VZ,Qureshi Rima,,0001062993-22-022708,2022-11-22,A,102.147,11.18,15169.198,I,derivative,Phantom Stock (unitized),Common Stock,29.0,,
732712,2022-11-23,VZ,Hammock Samantha,,0001062993-22-022706,2022-11-22,A,50.557,11.18,4069.495,I,derivative,Phantom Stock (unitized),Common Stock,14.0,,
732712,2022-11-23,VZ,Ellis Matthew D.,,0001062993-22-022705,2022-11-22,A,133.1,11.18,67803.805,I,derivative,Phantom Stock (unitized),Common Stock,38.0,,
732712,2022-11-23,VZ,Skiadas Anthony T,,0001062993-22-022711,2022-11-22,A,66.034,11.18,84844.271,I,derivative,Phantom Stock (unitized),Common Stock,19.0,,
732712,2022-12-12,VZ,Skiadas Anthony T,,0001062993-22-023679,2022-12-08,A,69.747,10.59,84914.018,I,derivative,Phantom Stock (unitized),Common Stock,20.0,,
732712,2022-12-12,VZ,Qureshi Rima,,0001062993-22-023676,2022-12-08,A,107.891,10.59,15277.089,I,derivative,Phantom Stock (unitized),Common Stock,31.0,,
732712,2022-12-12,VZ,Malady Kyle,,0001062993-22-023675,2022-12-08,A,129.687,10.59,103227.396,I,derivative,Phantom Stock (unitized),Common Stock,37.0,,
732712,2022-12-12,VZ,Venkatesh Vandana,,0001062993-22-023680,2022-12-08,A,75.196,10.59,21713.489,I,derivative,Phantom Stock (unitized),Common Stock,21.0,,
732712,2022-12-12,VZ,Hammock Samantha,,0001062993-22-023674,2022-12-08,A,53.4,10.59,4122.895,I,derivative,Phantom Stock (unitized),Common Stock,15.0,,
732712,2022-12-12,VZ,Vestberg Hans Erik,,0001062993-22-023672,2022-12-08,A,260.464,10.59,97328.303,I,derivative,Phantom Stock (unitized),Common Stock,74.0,,
732712,2022-12-12,VZ,Sampath Sowmyanarayan,,0001062993-22-023677,2022-12-08,A,118.789,10.59,78387.467,I,derivative,Phantom Stock (unitized),Common Stock,34.0,,
732712,2022-12-12,VZ,Ellis Matthew D.,,0001062993-22-023673,2022-12-08,A,140.585,10.59,67944.39,I,derivative,Phantom Stock (unitized),Common Stock,40.0,,
732712,2022-12-12,VZ,Silliman Craig L.,,0001062993-22-023678,2022-12-08,A,316.77,10.59,269821.671,I,derivative,Phantom Stock (unitized),Common Stock,91.0,,
732712,2022-12-23,VZ,Qureshi Rima,,0001062993-22-024457,2022-12-22,A,104.508,10.93,15381.597,I,derivative,Phantom Stock (unitized),Common Stock,30.0,,
732712,2022-12-23,VZ,Skiadas Anthony T,,0001062993-22-024460,2022-12-22,A,67.561,10.93,84981.579,I,derivative,Phantom Stock (unitized),Common Stock,19.0,,
732712,2022-12-23,VZ,Malady Kyle,,0001062993-22-024456,2022-12-22,A,125.621,10.93,103353.017,I,derivative,Phantom Stock (unitized),Common Stock,36.0,,
732712,2022-12-23,VZ,Venkatesh Vandana,,0001062993-22-024461,2022-12-22,A,72.838,10.93,21786.327,I,derivative,Phantom Stock (unitized),Common Stock,21.0,,
732712,2022-12-23,VZ,Sampath Sowmyanarayan,,0001062993-22-024458,2022-12-22,A,115.064,10.93,78502.531,I,derivative,Phantom Stock (unitized),Common Stock,33.0,,
732712,2022-12-23,VZ,Silliman Craig L.,,0001062993-22-024459,2022-12-22,A,306.837,10.93,270128.508,I,derivative,Phantom Stock (unitized),Common Stock,88.0,,
732712,2022-12-23,VZ,Vestberg Hans Erik,,0001062993-22-024453,2022-12-22,A,252.297,10.93,97580.6,I,derivative,Phantom Stock (unitized),Common Stock,72.0,,
732712,2022-12-23,VZ,Ellis Matthew D.,,0001062993-22-024454,2022-12-22,A,136.177,10.93,68080.567,I,derivative,Phantom Stock (unitized),Common Stock,39.0,,
732712,2023-01-06,VZ,Hammock Samantha,,0001062993-23-000558,2023-01-04,M,4392.0,,8702.0,D,non_derivative,Common Stock,,,,
732712,2023-01-06,VZ,Hammock Samantha,,0001062993-23-000558,2023-01-04,F,1708.0,41.13,6994.0,D,non_derivative,Common Stock,,,,
732712,2023-01-06,VZ,Hammock Samantha,,0001062993-23-000558,2023-01-04,M,4392.0,,4392.0,D,derivative,Special Restricted Stock Units - 2021 Award,Common Stock,4392.0,,
732712,2023-01-09,VZ,Qureshi Rima,,0001062993-23-000678,2023-01-05,A,91.215,11.89,15472.812,I,derivative,Phantom Stock (unitized),Common Stock,26.0,,
732712,2023-01-09,VZ,Malady Kyle,,0001062993-23-000677,2023-01-05,A,110.622,11.89,103463.639,I,derivative,Phantom Stock (unitized),Common Stock,32.0,,
732712,2023-01-09,VZ,Vestberg Hans Erik,,0001062993-23-000674,2023-01-05,A,227.067,11.89,97807.667,I,derivative,Phantom Stock (unitized),Common Stock,65.0,,
732712,2023-01-09,VZ,Sampath Sowmyanarayan,,0001062993-23-000679,2023-01-05,A,100.919,11.89,78603.45,I,derivative,Phantom Stock (unitized),Common Stock,29.0,,
732712,2023-01-09,VZ,Silliman Craig L.,,0001062993-23-000680,2023-01-05,A,201.838,11.89,270330.346,I,derivative,Phantom Stock (unitized),Common Stock,58.0,,
732712,2023-01-09,VZ,Ellis Matthew D.,,0001062993-23-000675,2023-01-05,A,120.326,11.89,68200.893,I,derivative,Phantom Stock (unitized),Common Stock,34.0,,
732712,2023-01-09,VZ,Hammock Samantha,,0001062993-23-000676,2023-01-05,A,42.696,11.89,4217.317,I,derivative,Phantom Stock (unitized),Common Stock,12.0,,
732712,2023-01-09,VZ,Venkatesh Vandana,,0001062993-23-000682,2023-01-05,A,62.104,11.89,21848.431,I,derivative,Phantom Stock (unitized),Common Stock,18.0,,
732712,2023-01-23,VZ,Malady Kyle,,0001062993-23-001241,2023-01-19,A,115.125,11.43,103578.764,I,derivative,Phantom Stock (unitized),Common Stock,33.0,,
732712,2023-01-23,VZ,Hammock Samantha,,0001062993-23-001240,2023-01-19,A,44.434,11.43,4261.751,I,derivative,Phantom Stock (unitized),Common Stock,13.0,,
732712,2023-01-23,VZ,Silliman Craig L.,,0001062993-23-001244,2023-01-19,A,210.054,11.43,270540.4,I,derivative,Phantom Stock (unitized),Common Stock,60.0,,
732712,2023-01-23,VZ,Vestberg Hans Erik,,0001062993-23-001238,2023-01-19,A,236.311,11.43,98043.978,I,derivative,Phantom Stock (unitized),Common Stock,67.0,,
732712,2023-01-23,VZ,Skiadas Anthony T,,0001062993-23-001245,2023-01-19,A,59.583,11.43,85098.414,I,derivative,Phantom Stock (unitized),Common Stock,17.0,,
732712,2023-01-23,VZ,Qureshi Rima,,0001062993-23-001242,2023-01-19,A,94.929,11.43,15567.741,I,derivative,Phantom Stock (unitized),Common Stock,27.0,,
732712,2023-01-23,VZ,Ellis Matthew D.,,0001062993-23-001239,2023-01-19,A,125.225,11.43,68326.118,I,derivative,Phantom Stock (unitized),Common Stock,36.0,,
732712,2023-01-23,VZ,Sampath Sowmyanarayan,,0001062993-23-001243,2023-01-19,A,105.027,11.43,78708.477,I,derivative,Phantom Stock (unitized),Common Stock,30.0,,
732712,2023-01-23,VZ,Venkatesh Vandana,,0001062993-23-001246,2023-01-19,A,64.632,11.43,21913.063,I,derivative,Phantom Stock (unitized),Common Stock,18.0,,
732712,2023-02-06,VZ,Venkatesh Vandana,,0001062993-23-002194,2023-02-02,A,61.9,11.93,22314.272,I,derivative,Phantom Stock (unitized),Common Stock,18.0,,
732712,2023-02-06,VZ,Ellis Matthew D.,,0001062993-23-002187,2023-02-02,A,119.932,11.93,69505.223,I,derivative,Phantom Stock (unitized),Common Stock,34.0,,
732712,2023-02-06,VZ,Silliman Craig L.,,0001062993-23-002192,2023-02-02,A,201.176,11.93,274939.855,I,derivative,Phantom Stock (unitized),Common Stock,58.0,,
732712,2023-02-06,VZ,Qureshi Rima,,0001062993-23-002190,2023-02-02,A,90.917,11.93,15898.953,I,derivative,Phantom Stock (unitized),Common Stock,26.0,,
732712,2023-02-06,VZ,Skiadas Anthony T,,0001062993-23-002193,2023-02-02,A,57.065,11.93,86476.148,I,derivative,Phantom Stock (unitized),Common Stock,16.0,,
732712,2023-02-06,VZ,Malady Kyle,,0001062993-23-002189,2023-02-02,A,110.26,11.93,105295.833,I,derivative,Phantom Stock (unitized),Common Stock,31.0,,
732712,2023-02-06,VZ,Hammock Samantha,,0001062993-23-002188,2023-02-02,A,42.556,11.93,4369.804,I,derivative,Phantom Stock (unitized),Common Stock,12.0,,
732712,2023-02-06,VZ,Vestberg Hans Erik,,0001062993-23-002186,2023-02-02,A,226.324,11.93,99789.273,I,derivative,Phantom Stock (unitized),Common Stock,65.0,,
732712,2023-02-06,VZ,Sampath Sowmyanarayan,,0001062993-23-002191,2023-02-02,A,100.588,11.93,80029.791,I,derivative,Phantom Stock (unitized),Common Stock,29.0,,
732712,2023-02-14,VZ,Sampath Sowmyanarayan,,0001062993-23-003148,2023-02-10,M,19288.0,,31388.0,D,non_derivative,Common Stock,,,,
732712,2023-02-14,VZ,Sampath Sowmyanarayan,,0001062993-23-003148,2023-02-10,F,6674.0,40.01,24714.0,D,non_derivative,Common Stock,,,,
732712,2023-02-14,VZ,Sampath Sowmyanarayan,,0001062993-23-003148,2023-02-10,M,19288.0,,0.0,D,derivative,Special Restricted Stock Units - 2020 Award,Common Stock,19288.0,,2023-02-10
732712,2023-02-17,VZ,Sampath Sowmyanarayan,,0001062993-23-003898,2023-02-15,F,10766.0,40.38,36636.0,D,non_derivative,Common Stock,,,,
732712,2023-02-17,VZ,Skiadas Anthony T,,0001062993-23-003900,2023-02-15,A,19895.0,,59364.0,D,non_derivative,Common Stock,,,,
732712,2023-02-17,VZ,Silliman Craig L.,,0001062993-23-003899,2023-02-15,F,20891.0,40.38,59883.0,D,non_derivative,Common Stock,,,,
732712,2023-02-17,VZ,Silliman Craig L.,,0001062993-23-003899,2023-02-15,A,47371.0,,80774.0,D,non_derivative,Common Stock,,,,
732712,2023-02-17,VZ,Vestberg Hans Erik,,0001062993-23-003894,2023-02-15,A,132638.0,,328229.0,D,non_derivative,Common Stock,,,,
732712,2023-02-17,VZ,Venkatesh Vandana,,0001062993-23-003901,2023-02-15,A,7973.0,,11934.0,D,non_derivative,Common Stock,,,,
732712,2023-02-17,VZ,Venkatesh Vandana,,0001062993-23-003901,2023-02-15,F,2798.0,40.38,9136.0,D,non_derivative,Common Stock,,,,
732712,2023-02-17,VZ,Skiadas Anthony T,,0001062993-23-003900,2023-02-15,F,7265.0,40.38,52099.0,D,non_derivative,Common Stock,,,,
732712,2023-02-17,VZ,Sampath Sowmyanarayan,,0001062993-23-003898,2023-02-15,A,22688.0,,47402.0,D,non_derivative,Common Stock,,,,
732712,2023-02-17,VZ,Qureshi Rima,,0001062993-23-003897,2023-02-15,F,19275.0,40.38,74092.0,D,non_derivative,Common Stock,,,,
732712,2023-02-17,VZ,Ellis Matthew D.,,0001062993-23-003895,2023-02-15,F,28176.0,40.38,144819.0,D,non_derivative,Common Stock,,,,
732712,2023-02-17,VZ,Vestberg Hans Erik,,0001062993-23-003894,2023-02-15,F,69728.0,40.38,258501.0,D,non_derivative,Common Stock,,,,
732712,2023-02-17,VZ,Malady Kyle,,0001062993-23-003896,2023-02-15,A,44878.0,,87224.0,D,non_derivative,Common Stock,,,,
732712,2023-02-17,VZ,Ellis Matthew D.,,0001062993-23-003895,2023-02-15,A,62331.0,,172995.0,D,non_derivative,Common Stock,,,,
732712,2023-02-17,VZ,Qureshi Rima,,0001062993-23-003897,2023-02-15,A,44878.0,,93367.0,D,non_derivative,Common Stock,,,,
732712,2023-02-17,VZ,Malady Kyle,,0001062993-23-003896,2023-02-15,F,19261.0,40.38,67963.0,D,non_derivative,Common Stock,,,,
732712,2023-02-21,VZ,Ellis Matthew D.,,0001062993-23-004115,2023-02-16,A,125.882,11.37,69631.105,I,derivative,Phantom Stock (unitized),Common Stock,36.0,,
732712,2023-02-21,VZ,Silliman Craig L.,,0001062993-23-004120,2023-02-16,A,282.22,11.37,275222.075,I,derivative,Phantom Stock (unitized),Common Stock,80.0,,
732712,2023-02-21,VZ,Sampath Sowmyanarayan,,0001062993-23-004119,2023-02-16,A,105.579,11.37,80135.37,I,derivative,Phantom Stock (unitized),Common Stock,30.0,,
732712,2023-02-21,VZ,Venkatesh Vandana,,0001062993-23-004122,2023-02-16,A,64.971,11.37,22379.243,I,derivative,Phantom Stock (unitized),Common Stock,19.0,,
732712,2023-02-21,VZ,Malady Kyle,,0001062993-23-004117,2023-02-16,A,115.73,11.37,105411.563,I,derivative,Phantom Stock (unitized),Common Stock,33.0,,
732712,2023-02-21,VZ,Qureshi Rima,,0001062993-23-004118,2023-02-16,A,95.427,11.37,15994.38,I,derivative,Phantom Stock (unitized),Common Stock,27.0,,
732712,2023-02-21,VZ,Skiadas Anthony T,,0001062993-23-004121,2023-02-16,A,59.896,11.37,86536.044,I,derivative,Phantom Stock (unitized),Common Stock,17.0,,
732712,2023-02-21,VZ,Vestberg Hans Erik,,0001062993-23-004113,2023-02-16,A,237.552,11.37,100026.825,I,derivative,Phantom Stock (unitized),Common Stock,68.0,,
732712,2023-02-21,VZ,Hammock Samantha,,0001062993-23-004116,2023-02-16,A,151.261,11.37,4521.065,I,derivative,Phantom Stock (unitized),Common Stock,43.0,,
732712,2023-02-27,VZ,Sampath Sowmyanarayan,,0001062993-23-004923,2023-02-23,A,4575.394,11.0,84710.764,I,derivative,Phantom Stock (unitized),Common Stock,1306.0,,
732712,2023-02-27,VZ,Ellis Matthew D.,,0001062993-23-004918,2023-02-23,A,6765.169,11.0,76396.274,I,derivative,Phantom Stock (unitized),Common Stock,1931.0,,
732712,2023-02-27,VZ,Silliman Craig L.,,0001062993-23-004925,2023-02-23,A,26229.867,11.0,301451.942,I,derivative,Phantom Stock (unitized),Common Stock,7485.0,,
732712,2023-02-27,VZ,Skiadas Anthony T,,0001062993-23-004926,2023-02-23,A,2670.462,11.0,89206.506,I,derivative,Phantom Stock (unitized),Common Stock,762.0,,
732712,2023-02-27,VZ,Hammock Samantha,,0001062993-23-004919,2023-02-23,A,3916.677,11.0,8437.742,I,derivative,Phantom Stock (unitized),Common Stock,1118.0,,
732712,2023-02-27,VZ,Qureshi Rima,,0001062993-23-004922,2023-02-23,A,5696.985,11.0,21691.365,I,derivative,Phantom Stock (unitized),Common Stock,1626.0,,
732712,2023-02-27,VZ,Vestberg Hans Erik,,0001062993-23-004917,2023-02-23,A,17803.077,11.0,117829.902,I,derivative,Phantom Stock (unitized),Common Stock,5080.0,,
732712,2023-02-27,VZ,Venkatesh Vandana,,0001062993-23-004927,2023-02-23,A,2328.097,11.0,24707.34,I,derivative,Phantom Stock (unitized),Common Stock,664.0,,
732712,2023-02-27,VZ,Malady Kyle,,0001062993-23-004921,2023-02-23,A,6409.108,11.0,111820.671,I,derivative,Phantom Stock (unitized),Common Stock,1829.0,,
732712,2023-03-03,VZ,Sampath Sowmyanarayan,,0001062993-23-005777,2023-03-01,M,7500.0,,7500.0,D,derivative,Restricted Stock Units - 2021 Award,Common Stock,7500.0,,
732712,2023-03-03,VZ,Venkatesh Vandana,,0001062993-23-005780,2023-03-01,M,4115.0,,8231.0,D,derivative,Restricted Stock Units - 2022 Award,Common Stock,4115.0,,
732712,2023-03-03,VZ,Malady Kyle,,0001062993-23-005775,2023-03-01,F,6863.0,38.3,75163.0,D,non_derivative,Common Stock,,,,
732712,2023-03-03,VZ,Ellis Matthew D.,,0001062993-23-005773,2023-03-01,M,18493.0,,36985.0,D,derivative,Restricted Stock Units - 2022 Award,Common Stock,18493.0,,
732712,2023-03-03,VZ,Qureshi Rima,,0001062993-23-005776,2023-03-01,M,13208.0,,26419.0,D,derivative,Restricted Stock Units - 2022 Award,Common Stock,13208.0,,
732712,2023-03-03,VZ,Sampath Sowmyanarayan,,0001062993-23-005777,2023-03-01,A,83551.0,0.0,83551.0,D,derivative,Restricted Stock Units - 2023 Award,Common Stock,83551.0,,
732712,2023-03-03,VZ,Bertolini Mark T,,0001062993-23-005707,2023-03-01,A,5483.0,0.0,41496.0,I,derivative,Phantom Stock,Common Stock,5483.0,,
732712,2023-03-03,VZ,SCHULMAN DANIEL H,,0001062993-23-005712,2023-03-01,A,5483.0,0.0,24811.0,I,derivative,Phantom Stock,Common Stock,5483.0,,
732712,2023-03-03,VZ,Malady Kyle,,0001062993-23-005775,2023-03-01,M,17172.0,,34344.0,D,derivative,Restricted Stock Units - 2022 Award,Common Stock,17172.0,,
732712,2023-03-03,VZ,Qureshi Rima,,0001062993-23-005776,2023-03-01,M,12924.0,,12924.0,D,derivative,Restricted Stock Units - 2021 Award,Common Stock,12924.0,,
732712,2023-03-03,VZ,Ellis Matthew D.,,0001062993-23-005773,2022-03-01,M,17477.0,,162296.0,D,non_derivative,Common Stock,,,,
732712,2023-03-03,VZ,Silliman Craig L.,,0001062993-23-005778,2023-03-01,M,13393.0,,73276.0,D,non_derivative,Common Stock,,,,
732712,2023-03-03,VZ,Skiadas Anthony T,,0001062993-23-005779,2023-03-01,M,5811.0,,11625.0,D,derivative,Restricted Stock Units - 2022 Award,Common Stock,5811.0,,
732712,2023-03-03,VZ,Malady Kyle,,0001062993-23-005775,2023-03-01,M,14063.0,,14063.0,D,derivative,Restricted Stock Units - 2021 Award,Common Stock,14063.0,,
732712,2023-03-03,VZ,AUSTIN ROXANNE S,,0001062993-23-005706,2023-03-01,A,5483.0,0.0,16717.0,I,derivative,Phantom Stock,Common Stock,5483.0,,
732712,2023-03-03,VZ,Colao Vittorio,,0001062993-23-005708,2023-03-01,A,5483.0,0.0,6278.0,I,derivative,Phantom Stock,Common Stock,5483.0,,
732712,2023-03-03,VZ,Vestberg Hans Erik,,0001062993-23-005772,2023-03-01,M,38839.0,,297340.0,D,non_derivative,Common Stock,,,,
732712,2023-03-03,VZ,Ellis Matthew D.,,0001062993-23-005773,2023-03-01,M,18493.0,,171849.0,D,non_derivative,Common Stock,,,,
732712,2023-03-03,VZ,TOME CAROL B,,0001062993-23-005714,2023-03-01,A,5483.0,0.0,10105.0,I,derivative,Phantom Stock,Common Stock,5483.0,,
732712,2023-03-03,VZ,Healey Melanie,,0001062993-23-005709,2023-03-01,A,5483.0,0.0,59296.0,I,derivative,Phantom Stock,Common Stock,5483.0,,
732712,2023-03-03,VZ,Skiadas Anthony T,,0001062993-23-005779,2023-03-01,A,40209.0,0.0,40209.0,D,derivative,Restricted Stock Units - 2023 Award,Common Stock,40209.0,,
732712,2023-03-03,VZ,Weaver Gregory G.,,0001062993-23-005715,2023-03-01,A,5483.0,0.0,38809.0,I,derivative,Phantom Stock,Common Stock,5483.0,,
732712,2023-03-03,VZ,Qureshi Rima,,0001062993-23-005776,2023-03-01,M,12924.0,,87016.0,D,non_derivative,Common Stock,,,,
732712,2023-03-03,VZ,Hammock Samantha,,0001062993-23-005774,2023-03-01,M,2428.0,,2428.0,D,derivative,Restricted Stock Units - 2021 Award,Common Stock,2428.0,,
732712,2023-03-03,VZ,Sampath Sowmyanarayan,,0001062993-23-005777,2023-03-01,F,3837.0,38.3,40299.0,D,non_derivative,Common Stock,,,,
732712,2023-03-03,VZ,Vestberg Hans Erik,,0001062993-23-005772,2023-03-01,F,21498.0,38.3,275842.0,D,non_derivative,Common Stock,,,,
732712,2023-03-03,VZ,Skiadas Anthony T,,0001062993-23-005779,2023-03-01,F,2746.0,38.3,54978.0,D,non_derivative,Common Stock,,,,
732712,2023-03-03,VZ,Hammock Samantha,,0001062993-23-005774,2023-03-01,M,2428.0,,9422.0,D,non_derivative,Common Stock,,,,
732712,2023-03-03,VZ,ARCHAMBEAU SHELLYE L,,0001062993-23-005705,2023-03-01,A,5483.0,0.0,47357.0,I,derivative,Phantom Stock,Common Stock,5483.0,,
732712,2023-03-03,VZ,Vestberg Hans Erik,,0001062993-23-005772,2023-03-01,M,38839.0,,38839.0,D,derivative,Restricted Stock Units - 2021 Award,Common Stock,38839.0,,
732712,2023-03-03,VZ,Narasimhan Laxman,,0001062993-23-005710,2023-03-01,A,5483.0,0.0,13961.0,I,derivative,Phantom Stock,Common Stock,5483.0,,
732712,2023-03-03,VZ,Skiadas Anthony T,,0001062993-23-005779,2023-03-01,M,5625.0,,57724.0,D,non_derivative,Common Stock,,,,
732712,2023-03-03,VZ,Vestberg Hans Erik,,0001062993-23-005772,2023-03-01,A,151437.0,0.0,151437.0,D,derivative,Restricted Stock Units - 2023 Award,Common Stock,151437.0,,
732712,2023-03-03,VZ,Silliman Craig L.,,0001062993-23-005778,2023-03-01,A,78329.0,0.0,78329.0,D,derivative,Restricted Stock Units - 2023 Award,Common Stock,78329.0,,
732712,2023-03-03,VZ,Venkatesh Vandana,,0001062993-23-005780,2023-03-01,M,2287.0,,2287.0,D,derivative,Restricted Stock Units - 2021 Award,Common Stock,2287.0,,
732712,2023-03-03,VZ,Malady Kyle,,0001062993-23-005775,2023-03-01,M,17172.0,,92335.0,D,non_derivative,Common  Stock,,,,
732712,2023-03-03,VZ,Venkatesh Vandana,,0001062993-23-005780,2023-03-01,A,36554.0,0.0,36554.0,D,derivative,Restricted Stock Units - 2023 Award,Common Stock,36554.0,,
732712,2023-03-03,VZ,Malady Kyle,,0001062993-23-005775,2023-03-01,M,14063.0,,82026.0,D,non_derivative,Common Stock,,,,
732712,2023-03-03,VZ,Qureshi Rima,,0001062993-23-005776,2023-03-01,A,57442.0,0.0,57442.0,D,derivative,Restricted Stock Units - 2023 Award,Common Stock,57442.0,,
732712,2023-03-03,VZ,Ellis Matthew D.,,0001062993-23-005773,2023-03-01,F,9459.0,38.3,162390.0,D,non_derivative,Common Stock,,,,
732712,2023-03-03,VZ,Skiadas Anthony T,,0001062993-23-005779,2023-03-01,M,5625.0,,5625.0,D,derivative,Restricted Stock Units - 2021 Award,Common Stock,5625.0,,
732712,2023-03-03,VZ,Venkatesh Vandana,,0001062993-23-005780,2023-03-01,M,2287.0,,11423.0,D,non_derivative,Common Stock,,,,
732712,2023-03-03,VZ,Ellis Matthew D.,,0001062993-23-005773,2022-03-01,F,8940.0,38.3,153356.0,D,non_derivative,Common Stock,,,,
732712,2023-03-03,VZ,Ellis Matthew D.,,0001062993-23-005773,2023-03-01,A,73108.0,0.0,73108.0,D,derivative,Restricted Stock Units - 2023 Award,Common Stock,73108.0,,
732712,2023-03-03,VZ,Malady Kyle,,0001062993-23-005775,2023-03-01,A,83551.0,0.0,83551.0,D,derivative,Restricted Stock Units - 2023 Award,Common Stock,83551.0,,
732712,2023-03-03,VZ,Sampath Sowmyanarayan,,0001062993-23-005777,2023-03-01,M,7500.0,,44136.0,D,non_derivative,Common Stock,,,,
732712,2023-03-03,VZ,Silliman Craig L.,,0001062993-23-005778,2023-03-01,M,13393.0,,13393.0,D,derivative,Restricted Stock Units - 2021 Award,Common Stock,13393.0,,
732712,2023-03-03,VZ,Hammock Samantha,,0001062993-23-005774,2023-03-01,F,878.0,38.3,8544.0,D,non_derivative,Common Stock,,,,
732712,2023-03-03,VZ,Silliman Craig L.,,0001062993-23-005778,2023-03-01,M,14530.0,,29060.0,D,derivative,Restricted Stock Units - 2022 Award,Common Stock,14530.0,,
732712,2023-03-03,VZ,Sampath Sowmyanarayan,,0001062993-23-005777,2023-03-01,M,18746.0,,37492.0,D,derivative,Restricted Stock Units - 2022 Award,Common Stock,18746.0,,
732712,2023-03-03,VZ,SLATER RODNEY E,,0001062993-23-005713,2023-03-01,A,5483.0,0.0,73345.0,I,derivative,Phantom Stock,Common Stock,5483.0,,
732712,2023-03-03,VZ,OTIS CLARENCE JR,,0001062993-23-005711,2023-03-01,A,5483.0,0.0,111631.0,I,derivative,Phantom Stock,Common Stock,5483.0,,
732712,2023-03-03,VZ,Venkatesh Vandana,,0001062993-23-005780,2023-03-01,F,784.0,38.3,10639.0,D,non_derivative,Common Stock,,,,
732712,2023-03-03,VZ,Hammock Samantha,,0001062993-23-005774,2023-03-01,A,41776.0,0.0,41776.0,D,derivative,Restricted Stock Units - 2023 Award,Common Stock,41776.0,,
732712,2023-03-03,VZ,Qureshi Rima,,0001062993-23-005776,2023-03-01,F,6611.0,38.3,80405.0,D,non_derivative,Common Stock,,,,
732712,2023-03-03,VZ,Hammock Samantha,,0001062993-23-005774,2023-03-01,M,7925.0,,15851.0,D,derivative,Restricted Stock Units - 2022 Award,Common Stock,7925.0,,
732712,2023-03-03,VZ,Vestberg Hans Erik,,0001062993-23-005772,2023-03-01,M,38306.0,,76611.0,D,derivative,Restricted Stock Units - 2022 Award,Common Stock,38306.0,,
732712,2023-03-03,VZ,Ellis Matthew D.,,0001062993-23-005773,2023-03-01,M,17477.0,,17478.0,D,derivative,Restricted Stock Units - 2021 Award,Common Stock,17477.0,,
732712,2023-03-03,VZ,Silliman Craig L.,,0001062993-23-005778,2023-03-01,F,6536.0,38.3,66740.0,D,non_derivative,Common Stock,,,,
732712,2023-03-06,VZ,Silliman Craig L.,,0001062993-23-006019,2023-03-02,A,240.002,10.96,301691.944,I,derivative,Phantom Stock (unitized),Common Stock,68.0,,
732712,2023-03-06,VZ,Malady Kyle,,0001062993-23-006016,2023-03-02,F,5936.0,38.41,88937.0,D,,,,,,
732712,2023-03-06,VZ,Sampath Sowmyanarayan,,0001062993-23-006018,2023-03-02,A,109.475,10.96,84820.239,I,derivative,Phantom Stock (unitized),Common Stock,31.0,,
732712,2023-03-06,VZ,Ellis Matthew D.,,0001062993-23-006014,2023-03-02,A,130.528,10.96,76526.802,I,derivative,Phantom Stock (unitized),Common Stock,37.0,,
732712,2023-03-06,VZ,Vestberg Hans Erik,,0001062993-23-006013,2023-03-02,M,35946.0,,328898.0,D,non_derivative,Common Stock,,,,
732712,2023-03-06,VZ,Venkatesh Vandana,,0001062993-23-006021,2023-03-02,F,989.0,38.41,14438.0,D,non_derivative,Common Stock,,,,
732712,2023-03-06,VZ,Skiadas Anthony T,,0001062993-23-006020,2023-03-02,A,62.106,10.96,89268.612,I,derivative,Phantom Stock (unitized),Common Stock,18.0,,
732712,2023-03-06,VZ,Silliman Craig L.,,0001062993-23-006019,2023-03-02,F,6266.0,38.41,79697.0,D,non_derivative,Common Stock,,,,
732712,2023-03-06,VZ,Malady Kyle,,0001062993-23-006016,2023-03-02,F,5936.0,38.41,88937.0,D,non_derivative,Common Stock,,,,
732712,2023-03-06,VZ,Venkatesh Vandana,,0001062993-23-006021,2023-03-02,F,989.0,38.41,14438.0,D,,,,,,
732712,2023-03-06,VZ,Qureshi Rima,,0001062993-23-006017,2023-03-02,F,6222.0,38.41,92797.0,D,non_derivative,Common Stock,,,,
732712,2023-03-06,VZ,Silliman Craig L.,,0001062993-23-006019,2023-03-02,F,6266.0,38.41,79697.0,D,,,,,,
732712,2023-03-06,VZ,Sampath Sowmyanarayan,,0001062993-23-006018,2023-03-02,F,3146.0,38.41,52459.0,D,,,,,,
732712,2023-03-06,VZ,Silliman Craig L.,,0001062993-23-006019,2023-03-02,M,12838.0,,85963.0,D,non_derivative,Common Stock,,,,
732712,2023-03-06,VZ,Venkatesh Vandana,,0001062993-23-006021,2023-03-02,M,2161.0,,15427.0,D,non_derivative,Common Stock,,,,
732712,2023-03-06,VZ,Sampath Sowmyanarayan,,0001062993-23-006018,2023-03-02,M,6149.0,,55605.0,D,non_derivative,Common Stock,,,,
732712,2023-03-06,VZ,Skiadas Anthony T,,0001062993-23-006020,2023-03-02,M,5392.0,,62923.0,D,non_derivative,Common Stock,,,,
732712,2023-03-06,VZ,Qureshi Rima,,0001062993-23-006017,2023-03-02,A,98.949,10.96,21790.314,I,derivative,Phantom Stock (unitized),Common Stock,28.0,,
732712,2023-03-06,VZ,Russo Joseph J.,,0001062993-23-006044,2023-03-02,A,22911.0,0.0,46671.0,D,derivative,Restricted Stock Units - 2023 Award,Common Stock,22911.0,,
732712,2023-03-06,VZ,Ellis Matthew D.,,0001062993-23-006014,2023-03-02,M,16892.0,,179282.0,D,,,,,,
732712,2023-03-06,VZ,Malady Kyle,,0001062993-23-006016,2023-03-02,M,12163.0,,94873.0,D,,,,,,
732712,2023-03-06,VZ,Venkatesh Vandana,,0001062993-23-006021,2023-03-02,M,2161.0,,0.0,D,derivative,Restricted Stock Units - 2020 Award,Common Stock,2161.0,,
732712,2023-03-06,VZ,Qureshi Rima,,0001062993-23-006017,2023-03-02,F,6222.0,38.41,92797.0,D,,,,,,
732712,2023-03-06,VZ,Ellis Matthew D.,,0001062993-23-006014,2023-03-02,M,16892.0,,179282.0,D,non_derivative,Common Stock,,,,
732712,2023-03-06,VZ,Silliman Craig L.,,0001062993-23-006019,2023-03-02,M,12838.0,,85963.0,D,,,,,,
732712,2023-03-06,VZ,Russo Joseph J.,,0001062993-23-006044,2023-03-02,F,591.0,38.41,15896.0,D,non_derivative,Common Stock,,,,
732712,2023-03-06,VZ,Venkatesh Vandana,,0001062993-23-006021,2023-03-02,M,2161.0,,15427.0,D,,,,,,
732712,2023-03-06,VZ,Malady Kyle,,0001062993-23-006016,2023-03-02,A,120.001,10.96,111940.672,I,derivative,Phantom Stock (unitized),Common Stock,34.0,,
732712,2023-03-06,VZ,Qureshi Rima,,0001062993-23-006017,2023-03-02,M,12163.0,,99019.0,D,non_derivative,Common Stock,,,,
732712,2023-03-06,VZ,Ellis Matthew D.,,0001062993-23-006014,2023-03-02,F,8641.0,38.41,170641.0,D,,,,,,
732712,2023-03-06,VZ,Skiadas Anthony T,,0001062993-23-006020,2023-03-02,M,5392.0,,0.0,D,derivative,Restricted Stock Units - 2020 Award,Common Stock,5392.0,,
732712,2023-03-06,VZ,Vestberg Hans Erik,,0001062993-23-006013,2023-03-02,F,19901.0,38.41,308997.0,D,non_derivative,Common Stock,,,,
732712,2023-03-06,VZ,Vestberg Hans Erik,,0001062993-23-006013,2023-03-02,F,19901.0,38.41,308997.0,D,,,,,,
732712,2023-03-06,VZ,Russo Joseph J.,,0001062993-23-006044,2023-03-02,M,1851.0,,16487.0,D,non_derivative,Common Stock,,,,
732712,2023-03-06,VZ,Malady Kyle,,0001062993-23-006016,2023-03-02,M,12163.0,,94873.0,D,non_derivative,Common Stock,,,,
732712,2023-03-06,VZ,Skiadas Anthony T,,0001062993-23-006020,2023-03-02,F,2632.0,38.41,60291.0,D,,,,,,
732712,2023-03-06,VZ,Skiadas Anthony T,,0001062993-23-006020,2023-03-02,F,2632.0,38.41,60291.0,D,non_derivative,Common Stock,,,,
732712,2023-03-06,VZ,Malady Kyle,,0001062993-23-006016,2023-03-02,M,12163.0,,0.0,D,derivative,Restricted Stock Units - 2020 Award,Common Stock,12163.0,,
732712,2023-03-06,VZ,Vestberg Hans Erik,,0001062993-23-006013,2023-03-02,A,246.319,10.96,118076.221,I,derivative,Phantom Stock (unitized),Common Stock,70.0,,
732712,2023-03-06,VZ,Venkatesh Vandana,,0001062993-23-006021,2023-03-02,A,67.369,10.96,24774.709,I,derivative,Phantom Stock (unitized),Common Stock,19.0,,
732712,2023-03-06,VZ,Ellis Matthew D.,,0001062993-23-006014,2023-03-02,M,16892.0,,0.0,D,derivative,Restricted Stock Units - 2020 Award,Common Stock,16892.0,,
732712,2023-03-06,VZ,Vestberg Hans Erik,,0001062993-23-006013,2023-03-02,M,35946.0,,328898.0,D,,,,,,
732712,2023-03-06,VZ,Russo Joseph J.,,0001062993-23-006044,2023-03-02,M,1851.0,,0.0,D,derivative,Restricted Stock Units - 2020 Award,Common Stock,1851.0,,
732712,2023-03-06,VZ,Sampath Sowmyanarayan,,0001062993-23-006018,2023-03-02,M,6149.0,,55605.0,D,,,,,,
732712,2023-03-06,VZ,Sampath Sowmyanarayan,,0001062993-23-006018,2023-03-02,M,6149.0,,0.0,D,derivative,Restricted Stock Units - 2020 Award,Common Stock,6149.0,,
732712,2023-03-06,VZ,Skiadas Anthony T,,0001062993-23-006020,2023-03-02,M,5392.0,,62923.0,D,,,,,,
732712,2023-03-06,VZ,Sampath Sowmyanarayan,,0001062993-23-006018,2023-03-02,F,3146.0,38.41,52459.0,D,non_derivative,Common Stock,,,,
732712,2023-03-06,VZ,Silliman Craig L.,,0001062993-23-006019,2023-03-02,M,12838.0,,0.0,D,derivative,Restricted Stock Units - 2020 Award,Common Stock,12838.0,,
732712,2023-03-06,VZ,Russo Joseph J.,,0001062993-23-006044,2023-03-02,A,25.263,10.96,33149.165,I,derivative,Phantom Stock (unitized),Common Stock,7.0,,
732712,2023-03-06,VZ,Qureshi Rima,,0001062993-23-006017,2023-03-02,M,12163.0,,99019.0,D,,,,,,
732712,2023-03-06,VZ,Hammock Samantha,,0001062993-23-006015,2023-03-02,A,77.896,10.96,8515.638,I,derivative,Phantom Stock (unitized),Common Stock,22.0,,
732712,2023-03-06,VZ,Vestberg Hans Erik,,0001062993-23-006013,2023-03-02,M,35946.0,,0.0,D,derivative,Restricted Stock Units - 2020 Award,Common Stock,35946.0,,
732712,2023-03-06,VZ,Qureshi Rima,,0001062993-23-006017,2023-03-02,M,12163.0,,0.0,D,derivative,Restricted Stock Units - 2020 Award,Common Stock,12163.0,,
732712,2023-03-06,VZ,Ellis Matthew D.,,0001062993-23-006014,2023-03-02,F,8641.0,38.41,170641.0,D,non_derivative,Common Stock,,,,
732712,2023-03-06,VZ,Sampath Sowmyanarayan,,0001062993-23-006018,2023-03-02,A,5207.0,0.0,88758.0,D,derivative,Restricted Stock Units - 2023 Award,Common Stock,5207.0,,
732712,2023-03-06,VZ,Russo Joseph J.,,0001062993-23-006044,2023-03-02,M,1851.0,,16487.0,D,,,,,,
732712,2023-03-06,VZ,Russo Joseph J.,,0001062993-23-006044,2023-03-02,F,591.0,38.41,15896.0,D,,,,,,
732712,2023-03-15,VZ,Malady Kyle,,0001062993-23-006889,2023-03-14,S,7546.0,36.74,74192.0,D,,,,,,
732712,2023-03-15,VZ,Malady Kyle,,0001062993-23-006889,2023-03-14,S,7546.0,36.74,74192.0,D,non_derivative,Common Stock,,,,
732712,2023-03-15,VZ,Malady Kyle,,0001062993-23-006889,2023-03-13,S,7199.0,36.5,81738.0,D,,,,,,
732712,2023-03-15,VZ,Malady Kyle,,0001062993-23-006889,2023-03-13,S,7199.0,36.5,81738.0,D,non_derivative,Common Stock,,,,
732712,2023-03-17,VZ,Malady Kyle,,0001062993-23-007117,2023-03-15,S,6226.0,36.69,67966.0,D,non_derivative,Common Stock,,,,
732712,2023-03-17,VZ,Malady Kyle,,0001062993-23-007117,2023-03-15,S,6226.0,36.69,67966.0,D,,,,,,
732712,2023-03-20,VZ,Silliman Craig L.,,0001062993-23-007264,2023-03-16,A,251.922,10.44,301943.866,I,derivative,Phantom Stock (unitized),Common Stock,72.0,,
732712,2023-03-20,VZ,Skiadas Anthony T,,0001062993-23-007265,2023-03-16,A,65.191,10.44,89333.803,I,derivative,Phantom Stock (unitized),Common Stock,19.0,,
732712,2023-03-20,VZ,Malady Kyle,,0001062993-23-007267,2023-03-16,A,152.48,10.44,112093.152,I,derivative,Phantom Stock (unitized),Common Stock,44.0,,
732712,2023-03-20,VZ,Venkatesh Vandana,,0001062993-23-007266,2023-03-16,A,70.715,10.44,24845.424,I,derivative,Phantom Stock (unitized),Common Stock,20.0,,
732712,2023-03-20,VZ,Qureshi Rima,,0001062993-23-007268,2023-03-16,A,103.863,10.44,21894.177,I,derivative,Phantom Stock (unitized),Common Stock,30.0,,
732712,2023-03-20,VZ,Vestberg Hans Erik,,0001062993-23-007257,2023-03-16,A,258.552,10.44,118334.773,I,derivative,Phantom Stock (unitized),Common Stock,74.0,,
732712,2023-03-20,VZ,Sampath Sowmyanarayan,,0001062993-23-007263,2023-03-16,A,167.949,10.44,84988.188,I,derivative,Phantom Stock (unitized),Common Stock,48.0,,
732712,2023-03-20,VZ,Russo Joseph J.,,0001062993-23-007262,2023-03-16,A,79.555,10.44,33228.72,I,derivative,Phantom Stock (unitized),Common Stock,23.0,,
732712,2023-03-20,VZ,Ellis Matthew D.,,0001062993-23-007258,2023-03-16,A,137.011,10.44,76663.813,I,derivative,Phantom Stock (unitized),Common Stock,39.0,,
732712,2023-03-20,VZ,Hammock Samantha,,0001062993-23-007259,2023-03-16,A,81.765,10.44,8597.403,I,derivative,Phantom Stock (unitized),Common Stock,23.0,,
732712,2023-03-29,VZ,Silliman Craig L.,,0001062993-23-007986,2023-03-27,S,3342.0,38.0,76355.0,D,non_derivative,Common Stock,,,,
732712,2023-03-29,VZ,Silliman Craig L.,,0001062993-23-007986,2023-03-27,S,3342.0,38.0,76355.0,D,,,,,,
732712,2023-04-03,VZ,Venkatesh Vandana,,0001062993-23-008266,2023-03-30,A,66.934,11.03,24912.358,I,derivative,Phantom Stock (unitized),Common Stock,19.0,,
732712,2023-04-03,VZ,Malady Kyle,,0001062993-23-008260,2023-03-30,A,140.143,11.03,112233.295,I,derivative,Phantom Stock (unitized),Common Stock,40.0,,
732712,2023-04-03,VZ,Vestberg Hans Erik,,0001062993-23-008257,2023-03-30,A,244.728,11.03,118579.501,I,derivative,Phantom Stock (unitized),Common Stock,70.0,,
732712,2023-04-03,VZ,Hammock Samantha,,0001062993-23-008259,2023-03-30,A,77.393,11.03,8674.796,I,derivative,Phantom Stock (unitized),Common Stock,22.0,,
732712,2023-04-03,VZ,Ellis Matthew D.,,0001062993-23-008258,2023-03-30,A,129.685,11.03,76793.498,I,derivative,Phantom Stock (unitized),Common Stock,37.0,,
732712,2023-04-03,VZ,Russo Joseph J.,,0001062993-23-008262,2023-03-30,A,66.934,11.03,33295.654,I,derivative,Phantom Stock (unitized),Common Stock,19.0,,
732712,2023-04-03,VZ,Sampath Sowmyanarayan,,0001062993-23-008263,2023-03-30,A,150.602,11.03,85138.79,I,derivative,Phantom Stock (unitized),Common Stock,43.0,,
732712,2023-04-03,VZ,Qureshi Rima,,0001062993-23-008261,2023-03-30,A,98.31,11.03,21992.487,I,derivative,Phantom Stock (unitized),Common Stock,28.0,,
732712,2023-04-03,VZ,Skiadas Anthony T,,0001062993-23-008265,2023-03-30,A,61.705,11.03,89395.508,I,derivative,Phantom Stock (unitized),Common Stock,18.0,,
732712,2023-04-03,VZ,Silliman Craig L.,,0001062993-23-008264,2023-03-30,A,238.452,11.03,302182.318,I,derivative,Phantom Stock (unitized),Common Stock,68.0,,
732712,2023-04-12,VZ,Silliman Craig L.,,0001062993-23-009047,2023-04-10,S,3340.0,39.21,73015.0,D,non_derivative,Common Stock,,,,
732712,2023-04-12,VZ,Silliman Craig L.,,0001062993-23-009047,2023-04-10,S,3340.0,39.21,73015.0,D,,,,,,
732712,2023-04-17,VZ,Sampath Sowmyanarayan,,0001062993-23-009221,2023-04-13,A,148.089,11.22,85286.879,I,derivative,Phantom Stock (unitized),Common Stock,42.0,,
732712,2023-04-17,VZ,Russo Joseph J.,,0001062993-23-009220,2023-04-13,A,65.817,11.22,33361.471,I,derivative,Phantom Stock (unitized),Common Stock,19.0,,
732712,2023-04-17,VZ,Skiadas Anthony T,,0001062993-23-009223,2023-04-13,A,60.675,11.22,89456.183,I,derivative,Phantom Stock (unitized),Common Stock,17.0,,
732712,2023-04-17,VZ,Silliman Craig L.,,0001062993-23-009222,2023-04-13,A,234.474,11.22,302416.792,I,derivative,Phantom Stock (unitized),Common Stock,66.0,,
732712,2023-04-17,VZ,Qureshi Rima,,0001062993-23-009219,2023-04-13,A,96.67,11.22,22089.157,I,derivative,Phantom Stock (unitized),Common Stock,28.0,,
732712,2023-04-17,VZ,Venkatesh Vandana,,0001062993-23-009224,2023-04-13,A,65.817,11.22,24978.175,I,derivative,Phantom Stock (unitized),Common Stock,19.0,,
732712,2023-04-17,VZ,Malady Kyle,,0001062993-23-009218,2023-04-13,A,137.805,11.22,112371.1,I,derivative,Phantom Stock (unitized),Common Stock,39.0,,
732712,2023-04-17,VZ,Ellis Matthew D.,,0001062993-23-009216,2023-04-13,A,127.521,11.22,76921.019,I,derivative,Phantom Stock (unitized),Common Stock,36.0,,
732712,2023-04-17,VZ,Hammock Samantha,,0001062993-23-009217,2023-04-13,A,76.102,11.22,8750.898,I,derivative,Phantom Stock (unitized),Common Stock,22.0,,
732712,2023-04-17,VZ,Vestberg Hans Erik,,0001062993-23-009215,2023-04-13,A,240.645,11.22,118820.146,I,derivative,Phantom Stock (unitized),Common Stock,69.0,,
732712,2023-05-01,VZ,Venkatesh Vandana,,0001062993-23-009736,2023-04-27,A,66.711,11.07,25044.886,I,derivative,Phantom Stock (unitized),Common Stock,19.0,,
732712,2023-05-01,VZ,Silliman Craig L.,,0001062993-23-009734,2023-04-27,A,237.656,11.07,302654.448,I,derivative,Phantom Stock (unitized),Common Stock,68.0,,
732712,2023-05-01,VZ,Malady Kyle,,0001062993-23-009730,2023-04-27,A,139.675,11.07,112510.775,I,derivative,Phantom Stock (unitized),Common Stock,40.0,,
732712,2023-05-01,VZ,Qureshi Rima,,0001062993-23-009731,2023-04-27,A,97.982,11.07,22187.139,I,derivative,Phantom Stock (unitized),Common Stock,28.0,,
732712,2023-05-01,VZ,Russo Joseph J.,,0001062993-23-009732,2023-04-27,A,66.711,11.07,33428.182,I,derivative,Phantom Stock (unitized),Common Stock,19.0,,
732712,2023-05-01,VZ,Skiadas Anthony T,,0001062993-23-009735,2023-04-27,A,61.499,11.07,89517.682,I,derivative,Phantom Stock (unitized),Common Stock,18.0,,
732712,2023-05-01,VZ,Sampath Sowmyanarayan,,0001062993-23-009733,2023-04-27,A,150.099,11.07,85436.978,I,derivative,Phantom Stock (unitized),Common Stock,43.0,,
732712,2023-05-01,VZ,Vestberg Hans Erik,,0001062993-23-009727,2023-04-27,A,243.911,11.07,119064.057,I,derivative,Phantom Stock (unitized),Common Stock,70.0,,
732712,2023-05-01,VZ,Hammock Samantha,,0001062993-23-009729,2023-04-27,A,77.135,11.07,8828.033,I,derivative,Phantom Stock (unitized),Common Stock,22.0,,
732712,2023-05-01,VZ,Ellis Matthew D.,,0001062993-23-009728,2023-04-27,A,129.252,11.07,77050.271,I,derivative,Phantom Stock (unitized),Common Stock,37.0,,
732712,2023-05-03,VZ,Skiadas Anthony T,,0001062993-23-009998,2023-05-01,A,49600.0,0.0,90487.0,D,derivative,Restricted Stock Units - 2023 Award,Common Stock,49600.0,,
732712,2023-05-03,VZ,Stillwell Mary-Lee,,0001062993-23-010000,2023-05-01,A,10850.0,0.0,23594.0,D,derivative,Restricted Stock Units - 2023 Award,Common Stock,10850.0,,
732712,2023-05-15,VZ,Malady Kyle,,0001062993-23-011016,2023-05-11,A,144.049,10.73,114532.97,I,derivative,Phantom Stock (unitized),Common Stock,41.0,,
732712,2023-05-15,VZ,Vestberg Hans Erik,,0001062993-23-011014,2023-05-11,A,251.549,10.73,121299.953,I,derivative,Phantom Stock (unitized),Common Stock,72.0,,
732712,2023-05-15,VZ,Sampath Sowmyanarayan,,0001062993-23-011019,2023-05-11,A,154.799,10.73,87016.516,I,derivative,Phantom Stock (unitized),Common Stock,44.0,,
732712,2023-05-15,VZ,Silliman Craig L.,,0001062993-23-011020,2023-05-11,A,245.098,10.73,307956.358,I,derivative,Phantom Stock (unitized),Common Stock,70.0,,
732712,2023-05-15,VZ,Stillwell Mary-Lee,,0001062993-23-011022,2023-05-11,A,41.925,10.73,3765.23,I,derivative,Phantom Stock (unitized),Common Stock,12.0,,
732712,2023-05-15,VZ,Skiadas Anthony T,,0001062993-23-011021,2023-05-11,A,101.05,10.73,91114.702,I,derivative,Phantom Stock (unitized),Common Stock,29.0,,
732712,2023-05-15,VZ,Russo Joseph J.,,0001062993-23-011018,2023-05-11,A,68.799,10.73,34054.162,I,derivative,Phantom Stock (unitized),Common Stock,20.0,,
732712,2023-05-15,VZ,Venkatesh Vandana,,0001062993-23-011023,2023-05-11,A,68.799,10.73,25530.575,I,derivative,Phantom Stock (unitized),Common Stock,20.0,,
732712,2023-05-15,VZ,Hammock Samantha,,0001062993-23-011015,2023-05-11,A,79.55,10.73,9052.749,I,derivative,Phantom Stock (unitized),Common Stock,23.0,,
732712,2023-05-25,VZ,Russo Joseph J.,,0001062993-23-012121,2023-05-23,S,7585.0,36.3,8582.0,D,non_derivative,Common Stock,,,,
732712,2023-05-25,VZ,Russo Joseph J.,,0001062993-23-012121,2023-05-23,S,7585.0,36.3,8582.0,D,,,,,,
732712,2023-05-30,VZ,Skiadas Anthony T,,0001062993-23-012399,2023-05-25,A,109.057,9.95,91223.759,I,derivative,Phantom Stock (unitized),Common Stock,31.0,,
732712,2023-05-30,VZ,Malady Kyle,,0001062993-23-012394,2023-05-25,A,155.463,9.95,114688.433,I,derivative,Phantom Stock (unitized),Common Stock,44.0,,
732712,2023-05-30,VZ,Hammock Samantha,,0001062993-23-012393,2023-05-25,A,85.853,9.95,9138.602,I,derivative,Phantom Stock (unitized),Common Stock,25.0,,
732712,2023-05-30,VZ,Vestberg Hans Erik,,0001062993-23-012392,2023-05-25,A,271.481,9.95,121571.434,I,derivative,Phantom Stock (unitized),Common Stock,78.0,,
732712,2023-05-30,VZ,Sampath Sowmyanarayan,,0001062993-23-012397,2023-05-25,A,167.065,9.95,87183.581,I,derivative,Phantom Stock (unitized),Common Stock,48.0,,
732712,2023-05-30,VZ,Stillwell Mary-Lee,,0001062993-23-012400,2023-05-25,A,45.247,9.95,3810.477,I,derivative,Phantom Stock (unitized),Common Stock,13.0,,
732712,2023-05-30,VZ,Venkatesh Vandana,,0001062993-23-012401,2023-05-25,A,74.251,9.95,25604.826,I,derivative,Phantom Stock (unitized),Common Stock,21.0,,
732712,2023-05-30,VZ,Silliman Craig L.,,0001062993-23-012398,2023-05-25,A,264.518,9.95,308220.876,I,derivative,Phantom Stock (unitized),Common Stock,76.0,,
732712,2023-05-30,VZ,Russo Joseph J.,,0001062993-23-012396,2023-05-25,A,74.251,9.95,34128.413,I,derivative,Phantom Stock (unitized),Common Stock,21.0,,
732712,2023-05-30,VZ,Qureshi Rima,,0001062993-23-012395,2023-05-25,A,109.057,9.95,22765.275,I,derivative,Phantom Stock (unitized),Common Stock,31.0,,
732712,2023-06-12,VZ,Russo Joseph J.,,0001062993-23-013317,2023-06-08,A,72.979,10.12,34201.392,I,derivative,Phantom Stock (unitized),Common Stock,21.0,,
732712,2023-06-12,VZ,Malady Kyle,,0001062993-23-013315,2023-06-08,A,152.8,10.12,114841.233,I,derivative,Phantom Stock (unitized),Common Stock,44.0,,
732712,2023-06-12,VZ,Skiadas Anthony T,,0001062993-23-013320,2023-06-08,A,107.189,10.12,91330.948,I,derivative,Phantom Stock (unitized),Common Stock,31.0,,
732712,2023-06-12,VZ,Sampath Sowmyanarayan,,0001062993-23-013318,2023-06-08,A,164.204,10.12,87347.785,I,derivative,Phantom Stock (unitized),Common Stock,47.0,,
732712,2023-06-12,VZ,Stillwell Mary-Lee,,0001062993-23-013321,2023-06-08,A,44.472,10.12,3854.949,I,derivative,Phantom Stock (unitized),Common Stock,13.0,,
732712,2023-06-12,VZ,Venkatesh Vandana,,0001062993-23-013322,2023-06-08,A,72.979,10.12,25677.805,I,derivative,Phantom Stock (unitized),Common Stock,21.0,,
732712,2023-06-12,VZ,Hammock Samantha,,0001062993-23-013314,2023-06-08,A,84.383,10.12,9222.985,I,derivative,Phantom Stock (unitized),Common Stock,24.0,,
732712,2023-06-12,VZ,Silliman Craig L.,,0001062993-23-013319,2023-06-08,A,259.988,10.12,308480.864,I,derivative,Phantom Stock (unitized),Common Stock,74.0,,
732712,2023-06-12,VZ,Vestberg Hans Erik,,0001062993-23-013313,2023-06-08,A,266.831,10.12,121838.265,I,derivative,Phantom Stock (unitized),Common Stock,76.0,,
732712,2023-06-12,VZ,Qureshi Rima,,0001062993-23-013316,2023-06-08,A,107.189,10.12,22872.464,I,derivative,Phantom Stock (unitized),Common Stock,31.0,,
732712,2023-06-26,VZ,Stillwell Mary-Lee,,0001062993-23-014018,2023-06-22,A,43.953,10.24,3898.902,I,derivative,Phantom Stock (unitized),Common Stock,13.0,,
732712,2023-06-26,VZ,Russo Joseph J.,,0001062993-23-014014,2023-06-22,A,72.128,10.24,34273.52,I,derivative,Phantom Stock (unitized),Common Stock,21.0,,
732712,2023-06-26,VZ,Venkatesh Vandana,,0001062993-23-014019,2023-06-22,A,72.128,10.24,25749.933,I,derivative,Phantom Stock (unitized),Common Stock,21.0,,
732712,2023-06-26,VZ,Silliman Craig L.,,0001062993-23-014016,2023-06-22,A,256.956,10.24,308737.82,I,derivative,Phantom Stock (unitized),Common Stock,74.0,,
732712,2023-06-26,VZ,Skiadas Anthony T,,0001062993-23-014017,2023-06-22,A,105.939,10.24,91436.887,I,derivative,Phantom Stock (unitized),Common Stock,30.0,,
732712,2023-06-26,VZ,Hammock Samantha,,0001062993-23-014011,2023-06-22,A,83.399,10.24,9306.384,I,derivative,Phantom Stock (unitized),Common Stock,24.0,,
732712,2023-06-26,VZ,Vestberg Hans Erik,,0001062993-23-014010,2023-06-22,A,263.72,10.24,122101.985,I,derivative,Phantom Stock (unitized),Common Stock,75.0,,
732712,2023-06-26,VZ,Qureshi Rima,,0001062993-23-014013,2023-06-22,A,105.939,10.24,22978.403,I,derivative,Phantom Stock (unitized),Common Stock,30.0,,
732712,2023-06-26,VZ,Malady Kyle,,0001062993-23-014012,2023-06-22,A,151.018,10.24,114992.251,I,derivative,Phantom Stock (unitized),Common Stock,43.0,,
732712,2023-06-26,VZ,Sampath Sowmyanarayan,,0001062993-23-014015,2023-06-22,A,162.289,10.24,87510.074,I,derivative,Phantom Stock (unitized),Common Stock,46.0,,
732712,2023-07-10,VZ,Malady Kyle,,0001062993-23-014763,2023-07-06,A,145.849,10.6,115138.1,I,derivative,Phantom Stock (unitized),Common Stock,42.0,,
732712,2023-07-10,VZ,Qureshi Rima,,0001062993-23-014764,2023-07-06,A,102.313,10.6,23080.716,I,derivative,Phantom Stock (unitized),Common Stock,29.0,,
732712,2023-07-10,VZ,Vestberg Hans Erik,,0001062993-23-014761,2023-07-06,A,254.692,10.6,122356.677,I,derivative,Phantom Stock (unitized),Common Stock,73.0,,
732712,2023-07-10,VZ,Russo Joseph J.,,0001062993-23-014765,2023-07-06,A,69.659,10.6,34343.179,I,derivative,Phantom Stock (unitized),Common Stock,20.0,,
732712,2023-07-10,VZ,Stillwell Mary-Lee,,0001062993-23-014769,2023-07-06,A,42.449,10.6,3941.351,I,derivative,Phantom Stock (unitized),Common Stock,12.0,,
732712,2023-07-10,VZ,Sampath Sowmyanarayan,,0001062993-23-014766,2023-07-06,A,156.734,10.6,87666.808,I,derivative,Phantom Stock (unitized),Common Stock,45.0,,
732712,2023-07-10,VZ,Skiadas Anthony T,,0001062993-23-014768,2023-07-06,A,102.313,10.6,91539.2,I,derivative,Phantom Stock (unitized),Common Stock,29.0,,
732712,2023-07-10,VZ,Hammock Samantha,,0001062993-23-014762,2023-07-06,A,80.544,10.6,9386.928,I,derivative,Phantom Stock (unitized),Common Stock,23.0,,
732712,2023-07-10,VZ,Venkatesh Vandana,,0001062993-23-014770,2023-07-06,A,69.659,10.6,25819.592,I,derivative,Phantom Stock (unitized),Common Stock,20.0,,
732712,2023-07-24,VZ,Russo Joseph J.,,0001062993-23-015221,2023-07-20,A,76.829,9.61,34420.008,I,derivative,Phantom Stock (unitized),Common Stock,22.0,,
732712,2023-07-24,VZ,Venkatesh Vandana,,0001062993-23-015226,2023-07-20,A,76.829,9.61,25896.421,I,derivative,Phantom Stock (unitized),Common Stock,22.0,,
732712,2023-07-24,VZ,Sampath Sowmyanarayan,,0001062993-23-015222,2023-07-20,A,172.865,9.61,87839.673,I,derivative,Phantom Stock (unitized),Common Stock,49.0,,
732712,2023-07-24,VZ,Stillwell Mary-Lee,,0001062993-23-015225,2023-07-20,A,46.818,9.61,3988.169,I,derivative,Phantom Stock (unitized),Common Stock,13.0,,
732712,2023-07-24,VZ,Skiadas Anthony T,,0001062993-23-015224,2023-07-20,A,112.843,9.61,91652.043,I,derivative,Phantom Stock (unitized),Common Stock,32.0,,
732712,2023-07-24,VZ,Silliman Craig L.,,0001062993-23-015223,2023-07-20,A,273.702,9.61,309259.682,I,derivative,Phantom Stock (unitized),Common Stock,78.0,,
732712,2023-07-24,VZ,Hammock Samantha,,0001062993-23-015218,2023-07-20,A,88.834,9.61,9475.762,I,derivative,Phantom Stock (unitized),Common Stock,25.0,,
732712,2023-07-24,VZ,Vestberg Hans Erik,,0001062993-23-015217,2023-07-20,A,280.906,9.61,122637.583,I,derivative,Phantom Stock (unitized),Common Stock,80.0,,
732712,2023-07-24,VZ,Qureshi Rima,,0001062993-23-015220,2023-07-20,A,112.843,9.61,23193.559,I,derivative,Phantom Stock (unitized),Common Stock,32.0,,
732712,2023-07-24,VZ,Malady Kyle,,0001062993-23-015219,2023-07-20,A,160.86,9.61,115298.96,I,derivative,Phantom Stock (unitized),Common Stock,46.0,,
732712,2023-08-07,VZ,Skiadas Anthony T,,0001062993-23-015904,2023-08-03,A,114.85,9.44,93538.137,I,derivative,Phantom Stock (unitized),Common Stock,33.0,,
732712,2023-08-07,VZ,Venkatesh Vandana,,0001062993-23-015906,2023-08-03,A,78.195,9.44,26474.213,I,derivative,Phantom Stock (unitized),Common Stock,22.0,,
732712,2023-08-07,VZ,Silliman Craig L.,,0001062993-23-015903,2023-08-03,A,278.57,9.44,315516.996,I,derivative,Phantom Stock (unitized),Common Stock,80.0,,
732712,2023-08-07,VZ,Sampath Sowmyanarayan,,0001062993-23-015902,2023-08-03,A,175.94,9.44,89711.929,I,derivative,Phantom Stock (unitized),Common Stock,50.0,,
732712,2023-08-07,VZ,Stillwell Mary-Lee,,0001062993-23-015905,2023-08-03,A,47.65,9.44,4112.082,I,derivative,Phantom Stock (unitized),Common Stock,14.0,,
732712,2023-08-07,VZ,Malady Kyle,,0001062993-23-015899,2023-08-03,A,163.721,9.44,117690.554,I,derivative,Phantom Stock (unitized),Common Stock,47.0,,
732712,2023-08-07,VZ,Hammock Samantha,,0001062993-23-015898,2023-08-03,A,90.414,9.44,9747.809,I,derivative,Phantom Stock (unitized),Common Stock,26.0,,
732712,2023-08-07,VZ,Qureshi Rima,,0001062993-23-015900,2023-08-03,A,114.85,9.44,23755.01,I,derivative,Phantom Stock (unitized),Common Stock,33.0,,
732712,2023-08-07,VZ,Vestberg Hans Erik,,0001062993-23-015897,2023-08-03,A,285.902,9.44,125291.033,I,derivative,Phantom Stock (unitized),Common Stock,82.0,,
732712,2023-08-07,VZ,Russo Joseph J.,,0001062993-23-015901,2023-08-03,A,78.195,9.44,35162.73,I,derivative,Phantom Stock (unitized),Common Stock,22.0,,
732712,2023-08-15,VZ,Hammock Samantha,,0001062993-23-016488,2023-08-11,S,12557.0,33.29,0.0,D,,,,,,
732712,2023-08-15,VZ,Hammock Samantha,,0001062993-23-016488,2023-08-11,S,12557.0,33.29,0.0,D,non_derivative,Common Stock,,,,
732712,2023-08-21,VZ,Stillwell Mary-Lee,,0001062993-23-016893,2023-08-17,A,47.649,9.44,4159.731,I,derivative,Phantom Stock (unitized),Common Stock,14.0,,
732712,2023-08-21,VZ,Skiadas Anthony T,,0001062993-23-016892,2023-08-17,A,114.847,9.44,93652.984,I,derivative,Phantom Stock (unitized),Common Stock,33.0,,
732712,2023-08-21,VZ,Malady Kyle,,0001062993-23-016887,2023-08-17,A,163.717,9.44,117854.271,I,derivative,Phantom Stock (unitized),Common Stock,47.0,,
732712,2023-08-21,VZ,Vestberg Hans Erik,,0001062993-23-016885,2023-08-17,A,285.894,9.44,125576.927,I,derivative,Phantom Stock (unitized),Common Stock,82.0,,
732712,2023-08-21,VZ,Hammock Samantha,,0001062993-23-016886,2023-08-17,A,90.411,9.44,9838.22,I,derivative,Phantom Stock (unitized),Common Stock,26.0,,
732712,2023-08-21,VZ,Sampath Sowmyanarayan,,0001062993-23-016890,2023-08-17,A,175.935,9.44,89887.864,I,derivative,Phantom Stock (unitized),Common Stock,50.0,,
732712,2023-08-21,VZ,Silliman Craig L.,,0001062993-23-016891,2023-08-17,A,278.562,9.44,315795.558,I,derivative,Phantom Stock (unitized),Common Stock,80.0,,
732712,2023-08-21,VZ,Russo Joseph J.,,0001062993-23-016889,2023-08-17,A,78.193,9.44,35240.923,I,derivative,Phantom Stock (unitized),Common Stock,22.0,,
732712,2023-08-21,VZ,Qureshi Rima,,0001062993-23-016888,2023-08-17,A,114.847,9.44,23869.857,I,derivative,Phantom Stock (unitized),Common Stock,33.0,,
732712,2023-08-21,VZ,Venkatesh Vandana,,0001062993-23-016894,2023-08-17,A,78.193,9.44,26552.406,I,derivative,Phantom Stock (unitized),Common Stock,22.0,,
732712,2023-09-05,VZ,Hammock Samantha,,0001062993-23-017459,2023-08-31,A,85.479,9.99,9923.699,I,derivative,Phantom Stock (unitized),Common Stock,24.0,,
732712,2023-09-05,VZ,Sampath Sowmyanarayan,,0001062993-23-017463,2023-08-31,A,166.337,9.99,90054.201,I,derivative,Phantom Stock (unitized),Common Stock,47.0,,
732712,2023-09-05,VZ,Venkatesh Vandana,,0001062993-23-017467,2023-08-31,A,73.927,9.99,26626.333,I,derivative,Phantom Stock (unitized),Common Stock,21.0,,
732712,2023-09-05,VZ,Russo Joseph J.,,0001062993-23-017462,2023-08-31,A,73.927,9.99,35314.85,I,derivative,Phantom Stock (unitized),Common Stock,21.0,,
732712,2023-09-05,VZ,Malady Kyle,,0001062993-23-017460,2023-08-31,A,154.785,9.99,118009.056,I,derivative,Phantom Stock (unitized),Common Stock,44.0,,
732712,2023-09-05,VZ,Malady Kyle,,0001062993-23-017460,2023-08-31,I,200220.436,9.99,318229.492,I,derivative,Phantom Stock (unitized),Common Stock,57176.0,,
732712,2023-09-05,VZ,Stillwell Mary-Lee,,0001062993-23-017466,2023-08-31,A,45.05,9.99,4204.781,I,derivative,Phantom Stock (unitized),Common Stock,13.0,,
732712,2023-09-05,VZ,Vestberg Hans Erik,,0001062993-23-017458,2023-08-31,A,270.298,9.99,125847.225,I,derivative,Phantom Stock (unitized),Common Stock,77.0,,
732712,2023-09-05,VZ,Skiadas Anthony T,,0001062993-23-017465,2023-08-31,A,108.582,9.99,93761.566,I,derivative,Phantom Stock (unitized),Common Stock,31.0,,
732712,2023-09-05,VZ,Silliman Craig L.,,0001062993-23-017464,2023-08-31,A,263.366,9.99,316058.924,I,derivative,Phantom Stock (unitized),Common Stock,76.0,,
732712,2023-09-05,VZ,Qureshi Rima,,0001062993-23-017461,2023-08-31,A,108.582,9.99,23978.439,I,derivative,Phantom Stock (unitized),Common Stock,31.0,,
732712,2023-09-06,VZ,Stillwell Mary-Lee,,0001062993-23-017618,2023-09-01,M,2392.0,,0.0,D,derivative,Restricted Stock Units - 2020 Award,Common Stock,2392.0,,
732712,2023-09-06,VZ,Stillwell Mary-Lee,,0001062993-23-017618,2023-09-01,M,2392.0,,7788.0,D,non_derivative,Common Stock,,,,
732712,2023-09-06,VZ,Stillwell Mary-Lee,,0001062993-23-017618,2023-09-01,F,621.0,34.86,7167.0,D,non_derivative,Common Stock,,,,
732712,2023-09-06,VZ,Stillwell Mary-Lee,,0001062993-23-017618,2023-09-01,M,2392.0,,7788.0,D,,,,,,
732712,2023-09-06,VZ,Stillwell Mary-Lee,,0001062993-23-017618,2023-09-01,F,621.0,34.86,7167.0,D,,,,,,
732712,2023-09-18,VZ,Hammock Samantha,,0001062993-23-018116,2023-09-14,A,87.821,9.72,10011.52,I,derivative,Phantom Stock (unitized),Common Stock,25.0,,
732712,2023-09-18,VZ,Vestberg Hans Erik,,0001062993-23-018115,2023-09-14,A,277.704,9.72,126124.929,I,derivative,Phantom Stock (unitized),Common Stock,79.0,,
732712,2023-09-18,VZ,Sampath Sowmyanarayan,,0001062993-23-018120,2023-09-14,A,170.895,9.72,90225.096,I,derivative,Phantom Stock (unitized),Common Stock,49.0,,
732712,2023-09-18,VZ,Malady Kyle,,0001062993-23-018117,2023-09-14,A,159.027,9.72,318388.519,I,derivative,Phantom Stock (unitized),Common Stock,45.0,,
732712,2023-09-18,VZ,Skiadas Anthony T,,0001062993-23-018122,2023-09-14,A,111.557,9.72,93873.123,I,derivative,Phantom Stock (unitized),Common Stock,32.0,,
732712,2023-09-18,VZ,Qureshi Rima,,0001062993-23-018118,2023-09-14,A,111.557,9.72,24089.996,I,derivative,Phantom Stock (unitized),Common Stock,32.0,,
732712,2023-09-18,VZ,Venkatesh Vandana,,0001062993-23-018124,2023-09-14,A,75.953,9.72,26702.286,I,derivative,Phantom Stock (unitized),Common Stock,22.0,,
732712,2023-09-18,VZ,Russo Joseph J.,,0001062993-23-018119,2023-09-14,A,75.953,9.72,35390.803,I,derivative,Phantom Stock (unitized),Common Stock,22.0,,
732712,2023-09-18,VZ,Silliman Craig L.,,0001062993-23-018121,2023-09-14,A,270.582,9.72,316329.506,I,derivative,Phantom Stock (unitized),Common Stock,78.0,,
732712,2023-09-18,VZ,Stillwell Mary-Lee,,0001062993-23-018123,2023-09-14,A,46.284,9.72,4251.065,I,derivative,Phantom Stock (unitized),Common Stock,13.0,,
732712,2023-10-02,VZ,Qureshi Rima,,0001062993-23-018675,2023-09-28,A,116.628,9.3,24206.624,I,derivative,Phantom Stock (unitized),Common Stock,33.0,,
732712,2023-10-02,VZ,Malady Kyle,,0001062993-23-018674,2023-09-28,A,166.256,9.3,318554.775,I,derivative,Phantom Stock (unitized),Common Stock,48.0,,
732712,2023-10-02,VZ,Vestberg Hans Erik,,0001062993-23-018672,2023-09-29,A,248186.0,,326183.0,D,non_derivative,Common Stock,,,,
732712,2023-10-02,VZ,Hammock Samantha,,0001062993-23-018673,2023-09-28,A,91.814,9.3,10103.334,I,derivative,Phantom Stock (unitized),Common Stock,26.0,,
732712,2023-10-02,VZ,Vestberg Hans Erik,,0001062993-23-018672,2023-09-29,F,137416.0,32.41,188767.0,D,non_derivative,Common Stock,,,,
732712,2023-10-02,VZ,Sampath Sowmyanarayan,,0001062993-23-018678,2023-09-28,A,178.664,9.3,90403.76,I,derivative,Phantom Stock (unitized),Common Stock,51.0,,
732712,2023-10-02,VZ,Russo Joseph J.,,0001062993-23-018676,2023-09-28,A,79.406,9.3,35470.209,I,derivative,Phantom Stock (unitized),Common Stock,23.0,,
732712,2023-10-02,VZ,Skiadas Anthony T,,0001062993-23-018680,2023-09-28,A,116.628,9.3,93989.751,I,derivative,Phantom Stock (unitized),Common Stock,33.0,,
732712,2023-10-02,VZ,Vestberg Hans Erik,,0001062993-23-018672,2023-09-28,A,290.329,9.3,126415.258,I,derivative,Phantom Stock (unitized),Common Stock,83.0,,
732712,2023-10-02,VZ,Vestberg Hans Erik,,0001062993-23-018672,2023-09-29,F,137416.0,32.41,188767.0,D,,,,,,
732712,2023-10-02,VZ,Venkatesh Vandana,,0001062993-23-018682,2023-09-28,A,79.406,9.3,26781.692,I,derivative,Phantom Stock (unitized),Common Stock,23.0,,
732712,2023-10-02,VZ,Vestberg Hans Erik,,0001062993-23-018672,2023-09-29,A,248186.0,,326183.0,D,,,,,,
732712,2023-10-02,VZ,Stillwell Mary-Lee,,0001062993-23-018681,2023-09-28,A,48.388,9.3,4299.453,I,derivative,Phantom Stock (unitized),Common Stock,14.0,,
732712,2023-10-02,VZ,Silliman Craig L.,,0001062993-23-018679,2023-09-28,A,282.884,9.3,316612.39,I,derivative,Phantom Stock (unitized),Common Stock,80.0,,
732712,2023-10-16,VZ,Vestberg Hans Erik,,0001062993-23-019359,2023-10-12,A,305.623,8.83,126720.881,I,derivative,Phantom Stock (unitized),Common Stock,87.0,,
732712,2023-10-16,VZ,Hammock Samantha,,0001062993-23-019360,2023-10-12,A,96.651,8.83,10199.985,I,derivative,Phantom Stock (unitized),Common Stock,28.0,,
732712,2023-10-16,VZ,Qureshi Rima,,0001062993-23-019362,2023-10-12,A,122.772,8.83,24329.396,I,derivative,Phantom Stock (unitized),Common Stock,35.0,,
732712,2023-10-16,VZ,Russo Joseph J.,,0001062993-23-019363,2023-10-12,A,83.589,8.83,35553.798,I,derivative,Phantom Stock (unitized),Common Stock,24.0,,
732712,2023-10-16,VZ,Malady Kyle,,0001062993-23-019361,2023-10-12,A,175.015,8.83,318729.79,I,derivative,Phantom Stock (unitized),Common Stock,50.0,,
732712,2023-10-16,VZ,Sampath Sowmyanarayan,,0001062993-23-019364,2023-10-12,A,188.076,8.83,90591.836,I,derivative,Phantom Stock (unitized),Common Stock,54.0,,
732712,2023-10-16,VZ,Silliman Craig L.,,0001062993-23-019365,2023-10-12,A,297.786,8.83,316910.176,I,derivative,Phantom Stock (unitized),Common Stock,86.0,,
732712,2023-10-16,VZ,Stillwell Mary-Lee,,0001062993-23-019367,2023-10-12,A,50.937,8.83,4350.39,I,derivative,Phantom Stock (unitized),Common Stock,15.0,,
732712,2023-10-16,VZ,Venkatesh Vandana,,0001062993-23-019368,2023-10-12,A,83.589,8.83,26865.281,I,derivative,Phantom Stock (unitized),Common Stock,24.0,,
732712,2023-10-16,VZ,Skiadas Anthony T,,0001062993-23-019366,2023-10-12,A,122.772,8.83,94112.523,I,derivative,Phantom Stock (unitized),Common Stock,35.0,,
732712,2023-10-30,VZ,Hammock Samantha,,0001062993-23-019790,2023-10-26,A,86.727,9.85,10286.712,I,derivative,Phantom Stock (unitized),Common Stock,25.0,,
732712,2023-10-30,VZ,Malady Kyle,,0001062993-23-019791,2023-10-26,A,157.045,9.85,318886.835,I,derivative,Phantom Stock (unitized),Common Stock,45.0,,
732712,2023-10-30,VZ,Vestberg Hans Erik,,0001062993-23-019789,2023-10-26,A,274.243,9.85,126995.124,I,derivative,Phantom Stock (unitized),Common Stock,78.0,,
732712,2023-10-30,VZ,Skiadas Anthony T,,0001062993-23-019796,2023-10-26,A,110.166,9.85,94222.689,I,derivative,Phantom Stock (unitized),Common Stock,31.0,,
732712,2023-10-30,VZ,Qureshi Rima,,0001062993-23-019792,2023-10-26,A,110.166,9.85,24439.562,I,derivative,Phantom Stock (unitized),Common Stock,31.0,,
732712,2023-10-30,VZ,Russo Joseph J.,,0001062993-23-019793,2023-10-26,A,75.007,9.85,35628.805,I,derivative,Phantom Stock (unitized),Common Stock,21.0,,
732712,2023-10-30,VZ,Sampath Sowmyanarayan,,0001062993-23-019794,2023-10-26,A,168.765,9.85,90760.601,I,derivative,Phantom Stock (unitized),Common Stock,48.0,,
732712,2023-10-30,VZ,Venkatesh Vandana,,0001062993-23-019798,2023-10-26,A,75.007,9.85,26940.288,I,derivative,Phantom Stock (unitized),Common Stock,21.0,,
732712,2023-10-30,VZ,Stillwell Mary-Lee,,0001062993-23-019797,2023-10-26,A,45.707,9.85,4396.097,I,derivative,Phantom Stock (unitized),Common Stock,13.0,,
732712,2023-10-30,VZ,Silliman Craig L.,,0001062993-23-019795,2023-10-26,A,267.21,9.85,317177.386,I,derivative,Phantom Stock (unitized),Common Stock,76.0,,
732712,2023-11-06,VZ,Venkatesh Vandana,,0001062993-23-020153,2023-11-02,D,8060.0,33.44,14438.0,D,,,,,,
732712,2023-11-06,VZ,Sampath Sowmyanarayan,,0001062993-23-020150,2023-11-02,F,14576.0,33.44,69342.0,D,non_derivative,Common Stock,,,,
732712,2023-11-06,VZ,Venkatesh Vandana,,0001062993-23-020153,2023-11-02,M,16499.0,,30937.0,D,,,,,,
732712,2023-11-06,VZ,Sampath Sowmyanarayan,,0001062993-23-020150,2023-11-02,M,28497.0,,0.0,D,derivative,Special Restricted Stock Units - 2021 Award,Common Stock,28497.0,,2023-11-02
732712,2023-11-06,VZ,Skiadas Anthony T,,0001062993-23-020151,2023-11-02,M,24426.0,,0.0,D,derivative,Special Restricted Stock Units - 2021 Award,Common Stock,24426.0,,2023-11-02
732712,2023-11-06,VZ,Venkatesh Vandana,,0001062993-23-020153,2023-11-02,F,8439.0,33.44,22498.0,D,,,,,,
732712,2023-11-06,VZ,Sampath Sowmyanarayan,,0001062993-23-020150,2023-11-02,M,28497.0,,83918.0,D,non_derivative,Common Stock,,,,
732712,2023-11-06,VZ,Venkatesh Vandana,,0001062993-23-020153,2023-11-02,D,8060.0,33.44,14438.0,D,non_derivative,Common Stock,,,,
732712,2023-11-06,VZ,Venkatesh Vandana,,0001062993-23-020153,2023-11-02,M,16499.0,,0.0,D,derivative,Special Restricted Stock Units - 2021 Award,Common Stock,16499.0,,2023-11-02
732712,2023-11-06,VZ,Stillwell Mary-Lee,,0001062993-23-020152,2023-11-02,D,8504.0,33.44,7167.0,D,non_derivative,Common Stock,,,,
732712,2023-11-06,VZ,Russo Joseph J.,,0001062993-23-020149,2023-11-02,F,7346.0,33.44,16942.0,D,non_derivative,Common Stock,,,,
732712,2023-11-06,VZ,Skiadas Anthony T,,0001062993-23-020151,2023-11-02,M,24426.0,,84717.0,D,non_derivative,Common Stock,,,,
732712,2023-11-06,VZ,Stillwell Mary-Lee,,0001062993-23-020152,2023-11-02,M,11892.0,,19059.0,D,non_derivative,Common Stock,,,,
732712,2023-11-06,VZ,Hammock Samantha,,0001062993-23-020148,2023-11-02,M,14999.0,,0.0,D,derivative,Special Restricted Stock Units - 2021 Award,Common Stock,14999.0,,2023-11-02
732712,2023-11-06,VZ,Sampath Sowmyanarayan,,0001062993-23-020150,2023-11-02,D,13921.0,33.44,55421.0,D,non_derivative,Common Stock,,,,
732712,2023-11-06,VZ,Skiadas Anthony T,,0001062993-23-020151,2023-11-02,D,11932.0,33.44,60291.0,D,non_derivative,Common Stock,,,,
732712,2023-11-06,VZ,Stillwell Mary-Lee,,0001062993-23-020152,2023-11-02,F,3388.0,33.44,15671.0,D,non_derivative,Common Stock,,,,
732712,2023-11-06,VZ,Russo Joseph J.,,0001062993-23-020149,2023-11-02,M,15374.0,,24288.0,D,non_derivative,Common Stock,,,,
732712,2023-11-06,VZ,Stillwell Mary-Lee,,0001062993-23-020152,2023-11-02,M,11892.0,,0.0,D,derivative,Special Restricted Stock Units - 2021 Award,Common Stock,11892.0,,2023-11-02
732712,2023-11-06,VZ,Venkatesh Vandana,,0001062993-23-020153,2023-11-02,M,16499.0,,30937.0,D,non_derivative,Common Stock,,,,
732712,2023-11-06,VZ,Stillwell Mary-Lee,,0001062993-23-020152,2023-11-02,M,11892.0,,19059.0,D,,,,,,
732712,2023-11-06,VZ,Hammock Samantha,,0001062993-23-020148,2023-11-02,F,7672.0,33.44,7327.0,D,non_derivative,Common Stock,,,,
732712,2023-11-06,VZ,Stillwell Mary-Lee,,0001062993-23-020152,2023-11-02,D,8504.0,33.44,7167.0,D,,,,,,
732712,2023-11-06,VZ,Skiadas Anthony T,,0001062993-23-020151,2023-11-02,M,24426.0,,84717.0,D,,,,,,
732712,2023-11-06,VZ,Skiadas Anthony T,,0001062993-23-020151,2023-11-02,F,12494.0,33.44,72223.0,D,non_derivative,Common Stock,,,,
732712,2023-11-06,VZ,Russo Joseph J.,,0001062993-23-020149,2023-11-02,D,8028.0,33.44,8914.0,D,,,,,,
732712,2023-11-06,VZ,Hammock Samantha,,0001062993-23-020148,2023-11-02,M,14999.0,,14999.0,D,non_derivative,Common Stock,,,,
732712,2023-11-06,VZ,Hammock Samantha,,0001062993-23-020148,2023-11-02,D,7327.0,33.44,0.0,D,non_derivative,Common Stock,,,,
732712,2023-11-06,VZ,Russo Joseph J.,,0001062993-23-020149,2023-11-02,D,8028.0,33.44,8914.0,D,non_derivative,Common Stock,,,,
732712,2023-11-06,VZ,Venkatesh Vandana,,0001062993-23-020153,2023-11-02,F,8439.0,33.44,22498.0,D,non_derivative,Common Stock,,,,
732712,2023-11-06,VZ,Hammock Samantha,,0001062993-23-020148,2023-11-02,D,7327.0,33.44,0.0,D,,,,,,
732712,2023-11-06,VZ,Sampath Sowmyanarayan,,0001062993-23-020150,2023-11-02,F,14576.0,33.44,69342.0,D,,,,,,
732712,2023-11-06,VZ,Russo Joseph J.,,0001062993-23-020149,2023-11-02,M,15374.0,,0.0,D,derivative,Special Restricted Stock Units - 2021 Award,Common Stock,15374.0,,2023-11-02
732712,2023-11-06,VZ,Sampath Sowmyanarayan,,0001062993-23-020150,2023-11-02,M,28497.0,,83918.0,D,,,,,,
732712,2023-11-06,VZ,Stillwell Mary-Lee,,0001062993-23-020152,2023-11-02,F,3388.0,33.44,15671.0,D,,,,,,
732712,2023-11-06,VZ,Sampath Sowmyanarayan,,0001062993-23-020150,2023-11-02,D,13921.0,33.44,55421.0,D,,,,,,
732712,2023-11-06,VZ,Hammock Samantha,,0001062993-23-020148,2023-11-02,M,14999.0,,14999.0,D,,,,,,
732712,2023-11-06,VZ,Russo Joseph J.,,0001062993-23-020149,2023-11-02,M,15374.0,,24288.0,D,,,,,,
732712,2023-11-06,VZ,Hammock Samantha,,0001062993-23-020148,2023-11-02,F,7672.0,33.44,7327.0,D,,,,,,
732712,2023-11-06,VZ,Skiadas Anthony T,,0001062993-23-020151,2023-11-02,F,12494.0,33.44,72223.0,D,,,,,,
732712,2023-11-06,VZ,Russo Joseph J.,,0001062993-23-020149,2023-11-02,F,7346.0,33.44,16942.0,D,,,,,,
732712,2023-11-06,VZ,Skiadas Anthony T,,0001062993-23-020151,2023-11-02,D,11932.0,33.44,60291.0,D,,,,,,
732712,2023-11-13,VZ,Russo Joseph J.,,0001062993-23-020499,2023-11-09,A,72.569,10.18,36363.004,I,derivative,Phantom Stock (unitized),Common Stock,21.0,,
732712,2023-11-13,VZ,Vestberg Hans Erik,,0001062993-23-020495,2023-11-09,A,265.331,10.18,129618.497,I,derivative,Phantom Stock (unitized),Common Stock,76.0,,
732712,2023-11-13,VZ,Malady Kyle,,0001062993-23-020497,2023-11-09,A,151.941,10.18,324980.824,I,derivative,Phantom Stock (unitized),Common Stock,43.0,,
732712,2023-11-13,VZ,Hammock Samantha,,0001062993-23-020496,2023-11-09,A,83.908,10.18,10559.079,I,derivative,Phantom Stock (unitized),Common Stock,24.0,,
732712,2023-11-13,VZ,Sampath Sowmyanarayan,,0001062993-23-020500,2023-11-09,A,163.281,10.18,92610.196,I,derivative,Phantom Stock (unitized),Common Stock,47.0,,
732712,2023-11-13,VZ,Qureshi Rima,,0001062993-23-020498,2023-11-09,A,106.586,10.18,24997.677,I,derivative,Phantom Stock (unitized),Common Stock,30.0,,
732712,2023-11-13,VZ,Silliman Craig L.,,0001062993-23-020507,2023-11-09,A,258.526,10.18,323341.728,I,derivative,Phantom Stock (unitized),Common Stock,74.0,,
732712,2023-11-13,VZ,Stillwell Mary-Lee,,0001062993-23-020503,2023-11-09,A,44.222,10.18,4520.518,I,derivative,Phantom Stock (unitized),Common Stock,13.0,,
732712,2023-11-13,VZ,Venkatesh Vandana,,0001062993-23-020504,2023-11-09,A,72.569,10.18,27512.42,I,derivative,Phantom Stock (unitized),Common Stock,21.0,,
732712,2023-11-13,VZ,Skiadas Anthony T,,0001062993-23-020508,2023-11-09,A,106.586,10.18,96082.479,I,derivative,Phantom Stock (unitized),Common Stock,30.0,,
732712,2023-11-22,VZ,Russo Joseph J.,,0001062993-23-021350,2023-11-21,A,69.412,10.64,36432.416,I,derivative,Phantom Stock (unitized),Common Stock,20.0,,
732712,2023-11-22,VZ,Venkatesh Vandana,,0001062993-23-021355,2023-11-21,A,69.412,10.64,27581.832,I,derivative,Phantom Stock (unitized),Common Stock,20.0,,
732712,2023-11-22,VZ,Skiadas Anthony T,,0001062993-23-021353,2023-11-21,A,101.95,10.64,96184.429,I,derivative,Phantom Stock (unitized),Common Stock,29.0,,
732712,2023-11-22,VZ,Silliman Craig L.,,0001062993-23-021352,2023-11-21,A,247.28,10.64,323589.008,I,derivative,Phantom Stock (unitized),Common Stock,70.0,,
732712,2023-11-22,VZ,Sampath Sowmyanarayan,,0001062993-23-021351,2023-11-21,A,156.178,10.64,92766.374,I,derivative,Phantom Stock (unitized),Common Stock,45.0,,
732712,2023-11-22,VZ,Qureshi Rima,,0001062993-23-021349,2023-11-21,A,101.95,10.64,25099.627,I,derivative,Phantom Stock (unitized),Common Stock,29.0,,
732712,2023-11-22,VZ,Malady Kyle,,0001062993-23-021348,2023-11-21,A,145.332,10.64,325126.156,I,derivative,Phantom Stock (unitized),Common Stock,42.0,,
732712,2023-11-22,VZ,Vestberg Hans Erik,,0001062993-23-021346,2023-11-21,A,253.789,10.64,129872.286,I,derivative,Phantom Stock (unitized),Common Stock,72.0,,
732712,2023-11-22,VZ,Hammock Samantha,,0001062993-23-021347,2023-11-21,A,80.258,10.64,10639.337,I,derivative,Phantom Stock (unitized),Common Stock,23.0,,
732712,2023-11-22,VZ,Stillwell Mary-Lee,,0001062993-23-021354,2023-11-21,A,42.298,10.64,4562.816,I,derivative,Phantom Stock (unitized),Common Stock,12.0,,
732712,2023-12-04,VZ,Silliman Craig L.,,0001062993-23-021756,2023-11-30,S,23380.0,38.0,49635.0,D,non_derivative,Common Stock,,,,
732712,2023-12-04,VZ,Silliman Craig L.,,0001062993-23-021756,2023-11-30,S,23380.0,38.0,49635.0,D,,,,,,
732712,2023-12-05,VZ,Russo Joseph J.,,0001062993-23-021865,2023-12-01,M,5941.0,,14855.0,D,non_derivative,Common Stock,,,,
732712,2023-12-05,VZ,Russo Joseph J.,,0001062993-23-021865,2023-12-01,F,3039.0,38.58,11816.0,D,non_derivative,Common Stock,,,,
732712,2023-12-05,VZ,Russo Joseph J.,,0001062993-23-021865,2023-12-01,M,5941.0,,0.0,D,derivative,Special Restricted Stock Units - 2020 Award,Common Stock,5941.0,,
732712,2023-12-05,VZ,Russo Joseph J.,,0001062993-23-021865,2023-12-01,F,3039.0,38.58,11816.0,D,,,,,,
732712,2023-12-05,VZ,Russo Joseph J.,,0001062993-23-021865,2023-12-01,M,5941.0,,14855.0,D,,,,,,
732712,2023-12-11,VZ,Venkatesh Vandana,,0001062993-23-022275,2023-12-07,A,66.912,11.04,27648.744,I,derivative,Phantom Stock (unitized),Common Stock,19.0,,
732712,2023-12-11,VZ,Vestberg Hans Erik,,0001062993-23-022266,2023-12-07,A,244.648,11.04,130116.934,I,derivative,Phantom Stock (unitized),Common Stock,70.0,,
732712,2023-12-11,VZ,Silliman Craig L.,,0001062993-23-022272,2023-12-07,A,238.374,11.04,323827.382,I,derivative,Phantom Stock (unitized),Common Stock,68.0,,
732712,2023-12-11,VZ,Russo Joseph J.,,0001062993-23-022270,2023-12-07,A,66.912,11.04,36499.328,I,derivative,Phantom Stock (unitized),Common Stock,19.0,,
732712,2023-12-11,VZ,Sampath Sowmyanarayan,,0001062993-23-022271,2023-12-07,A,150.553,11.04,92916.927,I,derivative,Phantom Stock (unitized),Common Stock,43.0,,
732712,2023-12-11,VZ,Malady Kyle,,0001062993-23-022268,2023-12-07,A,140.097,11.04,325266.253,I,derivative,Phantom Stock (unitized),Common Stock,40.0,,
732712,2023-12-11,VZ,Stillwell Mary-Lee,,0001062993-23-022274,2023-12-07,A,40.775,11.04,4603.591,I,derivative,Phantom Stock (unitized),Common Stock,12.0,,
732712,2023-12-11,VZ,Hammock Samantha,,0001062993-23-022267,2023-12-07,A,77.368,11.04,10716.705,I,derivative,Phantom Stock (unitized),Common Stock,22.0,,
732712,2023-12-11,VZ,Skiadas Anthony T,,0001062993-23-022273,2023-12-07,A,98.278,11.04,96282.707,I,derivative,Phantom Stock (unitized),Common Stock,28.0,,
732712,2023-12-11,VZ,Qureshi Rima,,0001062993-23-022269,2023-12-07,A,98.278,11.04,25197.905,I,derivative,Phantom Stock (unitized),Common Stock,28.0,,
732712,2023-12-13,VZ,Silliman Craig L.,,0001062993-23-022499,2023-12-11,S,3340.0,38.29,46295.0,D,,,,,,
732712,2023-12-13,VZ,Silliman Craig L.,,0001062993-23-022499,2023-12-11,S,3340.0,38.29,46295.0,D,non_derivative,Common Stock,,,,
732712,2023-12-26,VZ,Silliman Craig L.,,0001062993-23-023179,2023-12-21,A,246.072,10.69,324073.454,I,derivative,Phantom Stock (unitized),Common Stock,70.0,,
732712,2023-12-26,VZ,Stillwell Mary-Lee,,0001062993-23-023181,2023-12-21,A,42.091,10.69,4645.682,I,derivative,Phantom Stock (unitized),Common Stock,12.0,,
732712,2023-12-26,VZ,Skiadas Anthony T,,0001062993-23-023180,2023-12-21,A,101.451,10.69,96384.158,I,derivative,Phantom Stock (unitized),Common Stock,29.0,,
732712,2023-12-26,VZ,Russo Joseph J.,,0001062993-23-023177,2023-12-21,A,69.073,10.69,36568.401,I,derivative,Phantom Stock (unitized),Common Stock,20.0,,
732712,2023-12-26,VZ,Venkatesh Vandana,,0001062993-23-023182,2023-12-21,A,69.073,10.69,27717.817,I,derivative,Phantom Stock (unitized),Common Stock,20.0,,
732712,2023-12-26,VZ,Vestberg Hans Erik,,0001062993-23-023173,2023-12-21,A,252.548,10.69,130369.482,I,derivative,Phantom Stock (unitized),Common Stock,72.0,,
732712,2023-12-26,VZ,Hammock Samantha,,0001062993-23-023174,2023-12-21,A,79.866,10.69,10796.571,I,derivative,Phantom Stock (unitized),Common Stock,23.0,,
732712,2023-12-26,VZ,Qureshi Rima,,0001062993-23-023176,2023-12-21,A,101.451,10.69,25299.356,I,derivative,Phantom Stock (unitized),Common Stock,29.0,,
732712,2023-12-26,VZ,Malady Kyle,,0001062993-23-023175,2023-12-21,A,144.621,10.69,325410.874,I,derivative,Phantom Stock (unitized),Common Stock,41.0,,
732712,2023-12-26,VZ,Sampath Sowmyanarayan,,0001062993-23-023178,2023-12-21,A,155.415,10.69,93072.342,I,derivative,Phantom Stock (unitized),Common Stock,44.0,,
732712,2024-01-08,VZ,Sampath Sowmyanarayan,,0001062993-24-000584,2024-01-04,A,144.726,11.24,93217.068,I,derivative,Phantom Stock (unitized),Common Stock,41.0,,
732712,2024-01-08,VZ,Venkatesh Vandana,,0001062993-24-000588,2024-01-04,A,62.612,11.24,27780.429,I,derivative,Phantom Stock (unitized),Common Stock,18.0,,
732712,2024-01-08,VZ,Silliman Craig L.,,0001062993-24-000585,2024-01-04,A,227.866,11.24,324301.32,I,derivative,Phantom Stock (unitized),Common Stock,66.0,,
732712,2024-01-08,VZ,Skiadas Anthony T,,0001062993-24-000586,2024-01-04,A,93.405,11.24,96477.563,I,derivative,Phantom Stock (unitized),Common Stock,27.0,,
732712,2024-01-08,VZ,Hammock Samantha,,0001062993-24-000581,2024-01-04,M,4711.0,,4711.0,D,,,,,,
732712,2024-01-08,VZ,Stillwell Mary-Lee,,0001062993-24-000587,2024-01-04,A,36.951,11.24,4682.633,I,derivative,Phantom Stock (unitized),Common Stock,11.0,,
732712,2024-01-08,VZ,Hammock Samantha,,0001062993-24-000581,2024-01-04,F,1804.0,39.37,2907.0,D,,,,,,
732712,2024-01-08,VZ,Vestberg Hans Erik,,0001062993-24-000580,2024-01-04,A,237.104,11.24,130606.586,I,derivative,Phantom Stock (unitized),Common Stock,68.0,,
732712,2024-01-08,VZ,Hammock Samantha,,0001062993-24-000581,2024-01-04,A,72.876,11.24,10869.447,I,derivative,Phantom Stock (unitized),Common Stock,21.0,,
732712,2024-01-08,VZ,Malady Kyle,,0001062993-24-000582,2024-01-04,A,134.462,11.24,325545.336,I,derivative,Phantom Stock (unitized),Common Stock,38.0,,
732712,2024-01-08,VZ,Russo Joseph J.,,0001062993-24-000583,2024-01-04,A,62.612,11.24,36631.013,I,derivative,Phantom Stock (unitized),Common Stock,18.0,,
732712,2024-01-08,VZ,Hammock Samantha,,0001062993-24-000581,2024-01-04,F,1804.0,39.37,2907.0,D,non_derivative,Common Stock,,,,
732712,2024-01-08,VZ,Hammock Samantha,,0001062993-24-000581,2024-01-04,M,4711.0,,4711.0,D,non_derivative,Common Stock,,,,
732712,2024-01-08,VZ,Hammock Samantha,,0001062993-24-000581,2024-01-04,M,4711.0,,0.0,D,derivative,Special Restricted Stock Units - 2021 Award,Common Stock,4711.0,,
732712,2024-01-22,VZ,Hammock Samantha,,0001062993-24-001107,2024-01-18,A,73.676,11.12,10943.123,I,derivative,Phantom Stock (unitized),Common Stock,21.0,,
732712,2024-01-22,VZ,Sampath Sowmyanarayan,,0001062993-24-001110,2024-01-18,A,146.314,11.12,93363.382,I,derivative,Phantom Stock (unitized),Common Stock,42.0,,
732712,2024-01-22,VZ,Russo Joseph J.,,0001062993-24-001109,2024-01-18,A,63.299,11.12,36694.312,I,derivative,Phantom Stock (unitized),Common Stock,18.0,,
732712,2024-01-22,VZ,Skiadas Anthony T,,0001062993-24-001112,2024-01-18,A,94.43,11.12,96571.993,I,derivative,Phantom Stock (unitized),Common Stock,27.0,,
732712,2024-01-22,VZ,Silliman Craig L.,,0001062993-24-001111,2024-01-18,A,115.183,11.12,324416.503,I,derivative,Phantom Stock (unitized),Common Stock,33.0,,
732712,2024-01-22,VZ,Vestberg Hans Erik,,0001062993-24-001106,2024-01-18,A,239.706,11.12,130846.292,I,derivative,Phantom Stock (unitized),Common Stock,68.0,,
732712,2024-01-22,VZ,Malady Kyle,,0001062993-24-001108,2024-01-18,A,135.937,11.12,325681.273,I,derivative,Phantom Stock (unitized),Common Stock,39.0,,
732712,2024-01-22,VZ,Stillwell Mary-Lee,,0001062993-24-001113,2024-01-18,A,37.356,11.12,4719.989,I,derivative,Phantom Stock (unitized),Common Stock,11.0,,
732712,2024-01-22,VZ,Venkatesh Vandana,,0001062993-24-001114,2024-01-18,A,63.299,11.12,27843.728,I,derivative,Phantom Stock (unitized),Common Stock,18.0,,
732712,2024-02-05,VZ,Vestberg Hans Erik,,0001062993-24-001894,2024-02-01,A,219.8,12.13,133097.71,I,derivative,Phantom Stock (unitized),Common Stock,63.0,,
732712,2024-02-05,VZ,Malady Kyle,,0001062993-24-001896,2024-02-01,A,124.649,12.13,330869.86,I,derivative,Phantom Stock (unitized),Common Stock,36.0,,
732712,2024-02-05,VZ,Skiadas Anthony T,,0001062993-24-001900,2024-02-01,A,86.588,12.13,98159.314,I,derivative,Phantom Stock (unitized),Common Stock,25.0,,
732712,2024-02-05,VZ,Venkatesh Vandana,,0001062993-24-001902,2024-02-01,A,58.043,12.13,28333.902,I,derivative,Phantom Stock (unitized),Common Stock,17.0,,
732712,2024-02-05,VZ,Russo Joseph J.,,0001062993-24-001897,2024-02-01,A,58.043,12.13,37322.159,I,derivative,Phantom Stock (unitized),Common Stock,17.0,,
732712,2024-02-05,VZ,Stillwell Mary-Lee,,0001062993-24-001901,2024-02-01,A,34.254,12.13,4827.083,I,derivative,Phantom Stock (unitized),Common Stock,10.0,,
732712,2024-02-05,VZ,Hammock Samantha,,0001062993-24-001895,2024-02-01,A,67.558,12.13,11179.757,I,derivative,Phantom Stock (unitized),Common Stock,19.0,,
732712,2024-02-05,VZ,Sampath Sowmyanarayan,,0001062993-24-001898,2024-02-01,A,134.164,12.13,94947.56,I,derivative,Phantom Stock (unitized),Common Stock,38.0,,
732712,2024-02-05,VZ,Silliman Craig L.,,0001062993-24-001899,2024-02-01,A,105.618,12.13,329566.708,I,derivative,Phantom Stock (unitized),Common Stock,30.0,,
732712,2024-02-06,VZ,Silliman Craig L.,,0001062993-24-002027,2024-02-02,F,7324.0,42.13,60150.0,D,,,,,,
732712,2024-02-06,VZ,Silliman Craig L.,,0001062993-24-002027,2024-02-02,M,21179.0,,67474.0,D,non_derivative,Common Stock,,,,
732712,2024-02-06,VZ,Silliman Craig L.,,0001062993-24-002027,2024-02-02,F,7324.0,42.13,60150.0,D,non_derivative,Common Stock,,,,
732712,2024-02-06,VZ,Silliman Craig L.,,0001062993-24-002027,2024-02-02,M,21179.0,,0.0,D,derivative,Special Restricted Stock Units - 2022 Award,Common Stock,21179.0,,2024-02-02
732712,2024-02-06,VZ,Silliman Craig L.,,0001062993-24-002027,2024-02-02,M,21179.0,,67474.0,D,,,,,,
732712,2024-02-16,VZ,Russo Joseph J.,,0001062993-24-003377,2024-02-14,M,4639.0,,16641.0,D,non_derivative,Common Stock,,,,
732712,2024-02-16,VZ,Malady Kyle,,0001062993-24-003376,2024-02-14,A,9503.0,,77469.0,D,non_derivative,Common Stock,,,,
732712,2024-02-16,VZ,Silliman Craig L.,,0001062993-24-003379,2024-02-14,F,4613.0,40.15,64588.0,D,non_derivative,Common Stock,,,,
732712,2024-02-16,VZ,Vestberg Hans Erik,,0001062993-24-003374,2024-02-14,A,26247.0,,215014.0,D,,,,,,
732712,2024-02-16,VZ,Skiadas Anthony T,,0001062993-24-003380,2024-02-14,F,1350.0,40.15,62743.0,D,non_derivative,Common Stock,,,,
732712,2024-02-16,VZ,Stillwell Mary-Lee,,0001062993-24-003381,2024-02-14,M,2392.0,,9559.0,D,,,,,,
732712,2024-02-16,VZ,Venkatesh Vandana,,0001062993-24-003382,2024-02-14,A,1545.0,,15983.0,D,,,,,,
732712,2024-02-16,VZ,Venkatesh Vandana,,0001062993-24-003382,2024-02-14,F,613.0,40.15,15370.0,D,,,,,,
732712,2024-02-16,VZ,Russo Joseph J.,,0001062993-24-003377,2024-02-14,M,4639.0,,16641.0,D,,,,,,
732712,2024-02-16,VZ,Sampath Sowmyanarayan,,0001062993-24-003378,2024-02-14,F,1729.0,40.15,58760.0,D,,,,,,
732712,2024-02-16,VZ,Malady Kyle,,0001062993-24-003376,2024-02-14,A,9503.0,,77469.0,D,,,,,,
732712,2024-02-16,VZ,Hammock Samantha,,0001062993-24-003375,2024-02-14,A,1640.0,,4547.0,D,,,,,,
732712,2024-02-16,VZ,Hammock Samantha,,0001062993-24-003375,2024-02-14,F,564.0,40.15,3983.0,D,,,,,,
732712,2024-02-16,VZ,Skiadas Anthony T,,0001062993-24-003380,2024-02-14,F,1350.0,40.15,62743.0,D,,,,,,
732712,2024-02-16,VZ,Stillwell Mary-Lee,,0001062993-24-003381,2024-02-14,F,793.0,40.15,8766.0,D,,,,,,
732712,2024-02-16,VZ,Malady Kyle,,0001062993-24-003376,2024-02-14,F,3268.0,40.15,74201.0,D,,,,,,
732712,2024-02-16,VZ,Vestberg Hans Erik,,0001062993-24-003374,2024-02-14,F,10786.0,40.15,204228.0,D,,,,,,
732712,2024-02-16,VZ,Vestberg Hans Erik,,0001062993-24-003374,2024-02-14,A,26247.0,,215014.0,D,non_derivative,Common Stock,,,,
732712,2024-02-16,VZ,Skiadas Anthony T,,0001062993-24-003380,2024-02-14,A,3802.0,,64093.0,D,,,,,,
732712,2024-02-16,VZ,Sampath Sowmyanarayan,,0001062993-24-003378,2024-02-14,A,5068.0,,60489.0,D,,,,,,
732712,2024-02-16,VZ,Silliman Craig L.,,0001062993-24-003379,2024-02-14,F,4613.0,40.15,64588.0,D,,,,,,
732712,2024-02-16,VZ,Stillwell Mary-Lee,,0001062993-24-003381,2024-02-14,M,2392.0,,9559.0,D,non_derivative,Common Stock,,,,
732712,2024-02-16,VZ,Hammock Samantha,,0001062993-24-003375,2024-02-14,F,564.0,40.15,3983.0,D,non_derivative,Common Stock,,,,
732712,2024-02-16,VZ,Venkatesh Vandana,,0001062993-24-003382,2024-02-14,F,613.0,40.15,15370.0,D,non_derivative,Common Stock,,,,
732712,2024-02-16,VZ,Vestberg Hans Erik,,0001062993-24-003374,2024-02-14,F,10786.0,40.15,204228.0,D,non_derivative,Common Stock,,,,
732712,2024-02-16,VZ,Malady Kyle,,0001062993-24-003376,2024-02-14,F,3268.0,40.15,74201.0,D,non_derivative,Common Stock,,,,
732712,2024-02-16,VZ,Hammock Samantha,,0001062993-24-003375,2024-02-14,A,1640.0,,4547.0,D,non_derivative,Common Stock,,,,
732712,2024-02-16,VZ,Skiadas Anthony T,,0001062993-24-003380,2024-02-14,A,3802.0,,64093.0,D,non_derivative,Common Stock,,,,
732712,2024-02-16,VZ,Silliman Craig L.,,0001062993-24-003379,2024-02-14,A,9051.0,,69201.0,D,,,,,,
732712,2024-02-16,VZ,Sampath Sowmyanarayan,,0001062993-24-003378,2024-02-14,F,1729.0,40.15,58760.0,D,non_derivative,Common Stock,,,,
732712,2024-02-16,VZ,Sampath Sowmyanarayan,,0001062993-24-003378,2024-02-14,A,5068.0,,60489.0,D,non_derivative,Common Stock,,,,
732712,2024-02-16,VZ,Russo Joseph J.,,0001062993-24-003377,2024-02-14,M,4639.0,,0.0,D,derivative,Performance Stock Units - 2021 Award,Common Stock,4639.0,,2024-02-14
732712,2024-02-16,VZ,Stillwell Mary-Lee,,0001062993-24-003381,2024-02-14,M,2392.0,,0.0,D,derivative,Performance Stock Units - 2021 Award,Common Stock,2392.0,,2024-02-14
732712,2024-02-16,VZ,Russo Joseph J.,,0001062993-24-003377,2024-02-14,F,1672.0,40.15,14969.0,D,,,,,,
732712,2024-02-16,VZ,Russo Joseph J.,,0001062993-24-003377,2024-02-14,F,1672.0,40.15,14969.0,D,non_derivative,Common Stock,,,,
732712,2024-02-16,VZ,Silliman Craig L.,,0001062993-24-003379,2024-02-14,A,9051.0,,69201.0,D,non_derivative,Common Stock,,,,
732712,2024-02-16,VZ,Stillwell Mary-Lee,,0001062993-24-003381,2024-02-14,F,793.0,40.15,8766.0,D,non_derivative,Common Stock,,,,
732712,2024-02-16,VZ,Venkatesh Vandana,,0001062993-24-003382,2024-02-14,A,1545.0,,15983.0,D,non_derivative,Common Stock,,,,
732712,2024-02-20,VZ,Venkatesh Vandana,,0001062993-24-003531,2024-02-15,A,60.741,11.59,28394.643,I,derivative,Phantom Stock (unitized),Common Stock,17.0,,
732712,2024-02-20,VZ,Russo Joseph J.,,0001062993-24-003526,2024-02-15,A,60.741,11.59,37382.9,I,derivative,Phantom Stock (unitized),Common Stock,17.0,,
732712,2024-02-20,VZ,Malady Kyle,,0001062993-24-003525,2024-02-15,S,15000.0,40.33,59201.0,D,,,,,,
732712,2024-02-20,VZ,Hammock Samantha,,0001062993-24-003524,2024-02-15,A,70.698,11.59,11250.455,I,derivative,Phantom Stock (unitized),Common Stock,20.0,,
732712,2024-02-20,VZ,Malady Kyle,,0001062993-24-003525,2024-02-15,S,15000.0,40.33,59201.0,D,non_derivative,Common Stock,,,,
732712,2024-02-20,VZ,Silliman Craig L.,,0001062993-24-003528,2024-02-15,A,110.528,11.59,329677.236,I,derivative,Phantom Stock (unitized),Common Stock,32.0,,
732712,2024-02-20,VZ,Stillwell Mary-Lee,,0001062993-24-003530,2024-02-15,A,35.847,11.59,4862.93,I,derivative,Phantom Stock (unitized),Common Stock,10.0,,
732712,2024-02-20,VZ,Malady Kyle,,0001062993-24-003525,2024-02-15,A,130.443,11.59,331000.303,I,derivative,Phantom Stock (unitized),Common Stock,37.0,,
732712,2024-02-20,VZ,Skiadas Anthony T,,0001062993-24-003529,2024-02-15,A,90.613,11.59,98249.927,I,derivative,Phantom Stock (unitized),Common Stock,26.0,,
732712,2024-02-20,VZ,Sampath Sowmyanarayan,,0001062993-24-003527,2024-02-15,A,140.4,11.59,95087.96,I,derivative,Phantom Stock (unitized),Common Stock,40.0,,
732712,2024-02-26,VZ,Skiadas Anthony T,,0001062993-24-004367,2024-02-22,A,5554.294,11.63,103804.221,I,derivative,Phantom Stock (unitized),Common Stock,1586.0,,
732712,2024-02-26,VZ,Russo Joseph J.,,0001062993-24-004364,2024-02-22,A,9899.298,11.63,47282.198,I,derivative,Phantom Stock (unitized),Common Stock,2826.0,,
732712,2024-02-26,VZ,Hammock Samantha,,0001062993-24-004362,2024-02-22,A,5905.832,11.63,17156.287,I,derivative,Phantom Stock (unitized),Common Stock,1686.0,,
732712,2024-02-26,VZ,Venkatesh Vandana,,0001062993-24-004369,2024-02-22,A,5483.987,11.63,33878.63,I,derivative,Phantom Stock (unitized),Common Stock,1566.0,,
732712,2024-02-26,VZ,Silliman Craig L.,,0001062993-24-004366,2024-02-22,A,7593.212,11.63,337270.448,I,derivative,Phantom Stock (unitized),Common Stock,2168.0,,
732712,2024-02-26,VZ,Sampath Sowmyanarayan,,0001062993-24-004365,2024-02-22,A,8858.748,11.63,103946.708,I,derivative,Phantom Stock (unitized),Common Stock,2529.0,,
732712,2024-02-26,VZ,Stillwell Mary-Lee,,0001062993-24-004368,2024-02-22,A,2170.157,11.63,7033.087,I,derivative,Phantom Stock (unitized),Common Stock,620.0,,
732712,2024-02-26,VZ,Vestberg Hans Erik,,0001062993-24-004361,2024-02-22,A,21092.256,11.63,154419.983,I,derivative,Phantom Stock (unitized),Common Stock,6021.0,,
732712,2024-02-26,VZ,Malady Kyle,,0001062993-24-004363,2024-02-22,S,24000.0,40.8,35201.0,D,,,,,,
732712,2024-02-26,VZ,Malady Kyle,,0001062993-24-004363,2024-02-22,A,8436.903,11.63,339437.206,I,derivative,Phantom Stock (unitized),Common Stock,2409.0,,
732712,2024-02-26,VZ,Malady Kyle,,0001062993-24-004363,2024-02-22,S,24000.0,40.8,35201.0,D,non_derivative,Common Stock,,,,
732712,2024-03-04,VZ,Russo Joseph J.,,0001062993-24-005151,2024-02-29,A,152.48,11.43,47434.678,I,derivative,Phantom Stock (unitized),Common Stock,44.0,,
732712,2024-03-04,VZ,Vestberg Hans Erik,,0001062993-24-005148,2024-02-29,A,233.263,11.43,154653.246,I,derivative,Phantom Stock (unitized),Common Stock,67.0,,
732712,2024-03-04,VZ,Stillwell Mary-Lee,,0001062993-24-005155,2024-02-29,A,59.073,11.43,7092.16,I,derivative,Phantom Stock (unitized),Common Stock,17.0,,
732712,2024-03-04,VZ,Hammock Samantha,,0001062993-24-005149,2024-02-29,A,117.137,11.43,17273.424,I,derivative,Phantom Stock (unitized),Common Stock,33.0,,
732712,2024-03-04,VZ,Skiadas Anthony T,,0001062993-24-005154,2024-02-29,A,273.656,11.43,104077.877,I,derivative,Phantom Stock (unitized),Common Stock,78.0,,
732712,2024-03-04,VZ,Sampath Sowmyanarayan,,0001062993-24-005152,2024-02-29,A,278.705,11.43,104225.413,I,derivative,Phantom Stock (unitized),Common Stock,80.0,,
732712,2024-03-04,VZ,Venkatesh Vandana,,0001062993-24-005156,2024-02-29,A,107.039,11.43,33985.669,I,derivative,Phantom Stock (unitized),Common Stock,31.0,,
732712,2024-03-04,VZ,Silliman Craig L.,,0001062993-24-005153,2024-02-29,A,134.808,11.43,337405.256,I,derivative,Phantom Stock (unitized),Common Stock,38.0,,
732712,2024-03-04,VZ,Malady Kyle,,0001062993-24-005150,2024-02-29,A,223.166,11.43,339660.372,I,derivative,Phantom Stock (unitized),Common Stock,64.0,,
732712,2024-03-05,VZ,Vestberg Hans Erik,,0001062993-24-005347,2024-03-01,F,23058.0,40.2,222832.0,D,non_derivative,Common Stock,,,,
732712,2024-03-05,VZ,Silliman Craig L.,,0001062993-24-005353,2024-03-01,F,7012.0,40.2,71943.0,D,,,,,,
732712,2024-03-05,VZ,Vestberg Hans Erik,,0001062993-24-005347,2024-03-01,M,54149.0,,108298.0,D,derivative,Restricted Stock Units - 2023 Award,Common Stock,54149.0,,
732712,2024-03-05,VZ,Hammock Samantha,,0001062993-24-005348,2024-03-01,F,1333.0,40.2,5254.0,D,non_derivative,Common Stock,,,,
732712,2024-03-05,VZ,Skiadas Anthony T,,0001062993-24-005354,2024-03-01,M,6034.0,,68777.0,D,,,,,,
732712,2024-03-05,VZ,Stillwell Mary-Lee,,0001062993-24-005355,2024-03-01,F,303.0,40.2,9527.0,D,non_derivative,Common Stock,,,,
732712,2024-03-05,VZ,Stillwell Mary-Lee,,0001062993-24-005355,2024-03-01,A,26120.0,0.0,26120.0,D,derivative,Restricted Stock Units - 2024 Award,Common Stock,26120.0,,
732712,2024-03-05,VZ,Stillwell Mary-Lee,,0001062993-24-005355,2024-03-01,M,1064.0,,9830.0,D,non_derivative,Common Stock,,,,
732712,2024-03-05,VZ,Vestberg Hans Erik,,0001062993-24-005347,2024-03-01,M,41091.0,,41091.0,D,derivative,Restricted Stock Units - 2022 Award,Common Stock,41091.0,,
732712,2024-03-05,VZ,Hammock Samantha,,0001062993-24-005348,2024-03-01,A,42289.0,0.0,42289.0,D,derivative,Restricted Stock Units - 2024 Award,Common Stock,42289.0,,
732712,2024-03-05,VZ,Venkatesh Vandana,,0001062993-24-005356,2024-03-01,A,44777.0,0.0,44777.0,D,derivative,Restricted Stock Units - 2024 Award,Common Stock,44777.0,,
732712,2024-03-05,VZ,Silliman Craig L.,,0001062993-24-005353,2024-03-01,M,14367.0,,78955.0,D,,,,,,
732712,2024-03-05,VZ,Stillwell Mary-Lee,,0001062993-24-005355,2024-03-01,F,303.0,40.2,9527.0,D,,,,,,
732712,2024-03-05,VZ,Russo Joseph J.,,0001062993-24-005351,2024-03-01,F,1007.0,40.2,16024.0,D,,,,,,
732712,2024-03-05,VZ,Venkatesh Vandana,,0001062993-24-005356,2024-03-01,M,13070.0,,26142.0,D,derivative,Restricted Stock Units - 2023 Award,Common Stock,13070.0,,
732712,2024-03-05,VZ,Hammock Samantha,,0001062993-24-005348,2024-03-01,M,2604.0,,6587.0,D,,,,,,
732712,2024-03-05,VZ,Malady Kyle,,0001062993-24-005350,2024-03-01,M,15085.0,,50286.0,D,,,,,,
732712,2024-03-05,VZ,ARCHAMBEAU SHELLYE L,,0001062993-24-005388,2024-03-01,A,5224.0,0.0,56024.0,I,derivative,Phantom Stock,Common Stock,5224.0,,
732712,2024-03-05,VZ,Hammock Samantha,,0001062993-24-005348,2024-03-01,M,14938.0,,29876.0,D,derivative,Restricted Stock Units - 2023 Award,Common Stock,14938.0,,
732712,2024-03-05,VZ,Hammock Samantha,,0001062993-24-005348,2024-03-01,M,2604.0,,0.0,D,derivative,Restricted Stock Units - 2021 Award,Common Stock,2604.0,,
732712,2024-03-05,VZ,Vestberg Hans Erik,,0001062993-24-005347,2024-03-01,A,144279.0,0.0,144279.0,D,derivative,Restricted Stock Units - 2024 Award,Common Stock,144279.0,,
732712,2024-03-05,VZ,Hammock Samantha,,0001062993-24-005348,2024-03-01,F,1333.0,40.2,5254.0,D,,,,,,
732712,2024-03-05,VZ,Hammock Samantha,,0001062993-24-005348,2024-03-01,M,2604.0,,6587.0,D,non_derivative,Common Stock,,,,
732712,2024-03-05,VZ,Skiadas Anthony T,,0001062993-24-005354,2024-03-01,M,6034.0,,68777.0,D,non_derivative,Common Stock,,,,
732712,2024-03-05,VZ,Skiadas Anthony T,,0001062993-24-005354,2024-03-01,M,6034.0,,0.0,D,derivative,Restricted Stock Units - 2021 Award,Common Stock,6034.0,,
732712,2024-03-05,VZ,Stillwell Mary-Lee,,0001062993-24-005355,2024-03-01,M,1064.0,,0.0,D,derivative,Restricted Stock Units - 2021 Award,Common Stock,1064.0,,
732712,2024-03-05,VZ,Malady Kyle,,0001062993-24-005350,2024-03-01,F,7362.0,40.2,42924.0,D,,,,,,
732712,2024-03-05,VZ,Skiadas Anthony T,,0001062993-24-005354,2024-03-01,F,2945.0,40.2,65832.0,D,,,,,,
732712,2024-03-05,VZ,Vestberg Hans Erik,,0001062993-24-005347,2024-03-01,M,41662.0,,0.0,D,derivative,Restricted Stock Units - 2021 Award,Common Stock,41662.0,,
732712,2024-03-05,VZ,Hammock Samantha,,0001062993-24-005348,2024-03-01,M,8501.0,,8502.0,D,derivative,Restricted Stock Units - 2022 Award,Common Stock,8501.0,,
732712,2024-03-05,VZ,Venkatesh Vandana,,0001062993-24-005356,2024-03-01,M,2453.0,,17823.0,D,,,,,,
732712,2024-03-05,VZ,Stillwell Mary-Lee,,0001062993-24-005355,2024-03-01,M,8295.0,,16595.0,D,derivative,Restricted Stock Units - 2023 Award,Common Stock,8295.0,,
732712,2024-03-05,VZ,Stillwell Mary-Lee,,0001062993-24-005355,2024-03-01,M,1064.0,,9830.0,D,,,,,,
732712,2024-03-05,VZ,Vestberg Hans Erik,,0001062993-24-005347,2024-03-01,M,41662.0,,245890.0,D,non_derivative,Common Stock,,,,
732712,2024-03-05,VZ,Vestberg Hans Erik,,0001062993-24-005347,2024-03-01,F,23058.0,40.2,222832.0,D,,,,,,
732712,2024-03-05,VZ,Sampath Sowmyanarayan,,0001062993-24-005352,2024-03-01,F,4116.0,40.2,62689.0,D,,,,,,
732712,2024-03-05,VZ,Russo Joseph J.,,0001062993-24-005351,2024-03-01,M,2063.0,,17031.0,D,,,,,,
732712,2024-03-05,VZ,Sampath Sowmyanarayan,,0001062993-24-005352,2024-03-01,M,8045.0,,66805.0,D,,,,,,
732712,2024-03-05,VZ,Malady Kyle,,0001062993-24-005350,2024-03-01,A,92040.0,0.0,92040.0,D,derivative,Restricted Stock Units - 2024 Award,Common Stock,92040.0,,
732712,2024-03-05,VZ,Venkatesh Vandana,,0001062993-24-005356,2024-03-01,F,1255.0,40.2,16568.0,D,,,,,,
732712,2024-03-05,VZ,Stillwell Mary-Lee,,0001062993-24-005355,2024-03-01,M,1364.0,,1364.0,D,derivative,Restricted Stock Units - 2022 Award,Common Stock,1364.0,,
732712,2024-03-05,VZ,Vestberg Hans Erik,,0001062993-24-005347,2024-03-01,M,41662.0,,245890.0,D,,,,,,
732712,2024-03-05,VZ,Silliman Craig L.,,0001062993-24-005353,2024-03-01,F,7012.0,40.2,71943.0,D,non_derivative,Common Stock,,,,
732712,2024-03-05,VZ,TOME CAROL B,,0001062993-24-005397,2024-03-01,A,5224.0,0.0,16064.0,I,derivative,Phantom Stock,Common Stock,5224.0,,
732712,2024-03-05,VZ,Weaver Gregory G.,,0001062993-24-005398,2024-03-01,A,5224.0,0.0,46855.0,I,derivative,Phantom Stock,Common Stock,5224.0,,
732712,2024-03-05,VZ,Russo Joseph J.,,0001062993-24-005351,2024-03-01,M,2063.0,,17031.0,D,non_derivative,Common Stock,,,,
732712,2024-03-05,VZ,Russo Joseph J.,,0001062993-24-005351,2024-03-01,M,2063.0,,0.0,D,derivative,Restricted Stock Units - 2021 Award,Common Stock,2063.0,,
732712,2024-03-05,VZ,Russo Joseph J.,,0001062993-24-005351,2024-03-01,M,16688.0,,33376.0,D,derivative,Restricted Stock Units - 2023 Award,Common Stock,16688.0,,
732712,2024-03-05,VZ,Russo Joseph J.,,0001062993-24-005351,2024-03-01,M,3543.0,,3542.0,D,derivative,Restricted Stock Units - 2022 Award,Common Stock,3543.0,,
732712,2024-03-05,VZ,Malady Kyle,,0001062993-24-005350,2024-03-01,F,7362.0,40.2,42924.0,D,non_derivative,Common Stock,,,,
732712,2024-03-05,VZ,Silliman Craig L.,,0001062993-24-005353,2024-03-01,M,14367.0,,78955.0,D,non_derivative,Common Stock,,,,
732712,2024-03-05,VZ,Sampath Sowmyanarayan,,0001062993-24-005352,2024-03-01,F,4116.0,40.2,62689.0,D,non_derivative,Common Stock,,,,
732712,2024-03-05,VZ,Narasimhan Laxman,,0001062993-24-005393,2024-03-01,A,5224.0,0.0,20200.0,I,derivative,Phantom Stock,Common Stock,5224.0,,
732712,2024-03-05,VZ,Malady Kyle,,0001062993-24-005350,2024-03-01,M,15085.0,,50286.0,D,non_derivative,Common Stock,,,,
732712,2024-03-05,VZ,Sampath Sowmyanarayan,,0001062993-24-005352,2024-03-01,M,8045.0,,66805.0,D,non_derivative,Common Stock,,,,
732712,2024-03-05,VZ,Malady Kyle,,0001062993-24-005350,2024-03-01,M,29875.0,,59751.0,D,derivative,Restricted Stock Units - 2023 Award,Common Stock,29875.0,,
732712,2024-03-05,VZ,Silliman Craig L.,,0001062993-24-005353,2024-03-01,M,28007.0,,56017.0,D,derivative,Restricted Stock Units - 2023 Award,Common Stock,28007.0,,
732712,2024-03-05,VZ,AUSTIN ROXANNE S,,0001062993-24-005389,2024-03-01,A,5224.0,0.0,23157.0,I,derivative,Phantom Stock,Common Stock,5224.0,,
732712,2024-03-05,VZ,Sampath Sowmyanarayan,,0001062993-24-005352,2024-03-01,M,31736.0,,63475.0,D,derivative,Restricted Stock Units - 2023 Award,Common Stock,31736.0,,
732712,2024-03-05,VZ,SCHULMAN DANIEL H,,0001062993-24-005395,2024-03-01,A,5224.0,0.0,31838.0,I,derivative,Phantom Stock,Common Stock,5224.0,,
732712,2024-03-05,VZ,Malady Kyle,,0001062993-24-005350,2024-03-01,M,18420.0,,18421.0,D,derivative,Restricted Stock Units - 2022 Award,Common Stock,18420.0,,
732712,2024-03-05,VZ,Venkatesh Vandana,,0001062993-24-005356,2024-03-01,F,1255.0,40.2,16568.0,D,non_derivative,Common Stock,,,,
732712,2024-03-05,VZ,Skiadas Anthony T,,0001062993-24-005354,2024-03-01,A,84578.0,0.0,84578.0,D,derivative,Restricted Stock Units - 2024 Award,Common Stock,84578.0,,
732712,2024-03-05,VZ,Sampath Sowmyanarayan,,0001062993-24-005352,2024-03-01,A,99503.0,0.0,99503.0,D,derivative,Restricted Stock Units - 2024 Award,Common Stock,99503.0,,
732712,2024-03-05,VZ,Silliman Craig L.,,0001062993-24-005353,2024-03-01,M,14367.0,,0.0,D,derivative,Restricted Stock Units - 2021 Award,Common Stock,14367.0,,
732712,2024-03-05,VZ,SLATER RODNEY E,,0001062993-24-005396,2024-03-01,A,5224.0,0.0,83902.0,I,derivative,Phantom Stock,Common Stock,5224.0,,
732712,2024-03-05,VZ,Skiadas Anthony T,,0001062993-24-005354,2024-03-01,M,6235.0,,6235.0,D,derivative,Restricted Stock Units - 2022 Award,Common Stock,6235.0,,
732712,2024-03-05,VZ,Venkatesh Vandana,,0001062993-24-005356,2024-03-01,M,2453.0,,17823.0,D,non_derivative,Common Stock,,,,
732712,2024-03-05,VZ,Russo Joseph J.,,0001062993-24-005351,2024-03-01,F,1007.0,40.2,16024.0,D,non_derivative,Common Stock,,,,
732712,2024-03-05,VZ,Russo Joseph J.,,0001062993-24-005351,2024-03-01,A,42289.0,0.0,42289.0,D,derivative,Restricted Stock Units - 2024 Award,Common Stock,42289.0,,
732712,2024-03-05,VZ,Sampath Sowmyanarayan,,0001062993-24-005352,2024-03-01,M,8045.0,,0.0,D,derivative,Restricted Stock Units - 2021 Award,Common Stock,8045.0,,
732712,2024-03-05,VZ,Malady Kyle,,0001062993-24-005350,2024-03-01,M,18420.0,,61344.0,D,non_derivative,Common  Stock,,,,
732712,2024-03-05,VZ,Sampath Sowmyanarayan,,0001062993-24-005352,2024-03-01,M,20108.0,,20110.0,D,derivative,Restricted Stock Units - 2022 Award,Common Stock,20108.0,,
732712,2024-03-05,VZ,OTIS CLARENCE JR,,0001062993-24-005394,2024-03-01,A,5224.0,0.0,124971.0,I,derivative,Phantom Stock,Common Stock,5224.0,,
732712,2024-03-05,VZ,Skiadas Anthony T,,0001062993-24-005354,2024-03-01,F,2945.0,40.2,65832.0,D,non_derivative,Common Stock,,,,
732712,2024-03-05,VZ,Bertolini Mark T,,0001062993-24-005390,2024-03-01,A,5224.0,0.0,49737.0,I,derivative,Phantom Stock,Common Stock,5224.0,,
732712,2024-03-05,VZ,Silliman Craig L.,,0001062993-24-005353,2024-03-01,M,15586.0,,15587.0,D,derivative,Restricted Stock Units - 2022 Award,Common Stock,15586.0,,
732712,2024-03-05,VZ,Silliman Craig L.,,0001062993-24-005353,2024-03-01,A,77115.0,0.0,77115.0,D,derivative,Restricted Stock Units - 2024 Award,Common Stock,77115.0,,
732712,2024-03-05,VZ,Colao Vittorio,,0001062993-24-005391,2024-03-01,A,5224.0,0.0,11959.0,I,derivative,Phantom Stock,Common Stock,5224.0,,
732712,2024-03-05,VZ,Healey Melanie,,0001062993-24-005392,2024-03-01,A,5224.0,0.0,68832.0,I,derivative,Phantom Stock,Common Stock,5224.0,,
732712,2024-03-05,VZ,Skiadas Anthony T,,0001062993-24-005354,2024-03-01,M,31818.0,,63638.0,D,derivative,Restricted Stock Units - 2023 Award,Common Stock,31818.0,,
732712,2024-03-05,VZ,Venkatesh Vandana,,0001062993-24-005356,2024-03-01,M,4414.0,,4416.0,D,derivative,Restricted Stock Units - 2022 Award,Common Stock,4414.0,,
732712,2024-03-05,VZ,Venkatesh Vandana,,0001062993-24-005356,2024-03-01,M,2453.0,,0.0,D,derivative,Restricted Stock Units - 2021 Award,Common Stock,2453.0,,
732712,2024-03-05,VZ,Malady Kyle,,0001062993-24-005350,2024-03-01,M,15085.0,,0.0,D,derivative,Restricted Stock Units - 2021 Award,Common Stock,15085.0,,
732712,2024-03-18,VZ,Russo Joseph J.,,0001062993-24-006591,2024-03-14,A,82.305,11.36,47516.983,I,derivative,Phantom Stock (unitized),Common Stock,24.0,,
732712,2024-03-18,VZ,Malady Kyle,,0001062993-24-006590,2024-03-14,A,153.432,11.36,339813.804,I,derivative,Phantom Stock (unitized),Common Stock,44.0,,
732712,2024-03-18,VZ,Vestberg Hans Erik,,0001062993-24-006588,2024-03-14,A,234.72,11.36,154887.966,I,derivative,Phantom Stock (unitized),Common Stock,67.0,,
732712,2024-03-18,VZ,Stillwell Mary-Lee,,0001062993-24-006595,2024-03-14,A,41.661,11.36,7133.821,I,derivative,Phantom Stock (unitized),Common Stock,12.0,,
732712,2024-03-18,VZ,Silliman Craig L.,,0001062993-24-006593,2024-03-14,A,117.868,11.36,337523.124,I,derivative,Phantom Stock (unitized),Common Stock,34.0,,
732712,2024-03-18,VZ,Venkatesh Vandana,,0001062993-24-006596,2024-03-14,A,72.144,11.36,34057.813,I,derivative,Phantom Stock (unitized),Common Stock,21.0,,
732712,2024-03-18,VZ,Skiadas Anthony T,,0001062993-24-006594,2024-03-14,A,133.11,11.36,104210.987,I,derivative,Phantom Stock (unitized),Common Stock,38.0,,
732712,2024-03-18,VZ,Sampath Sowmyanarayan,,0001062993-24-006592,2024-03-14,A,173.755,11.36,104399.168,I,derivative,Phantom Stock (unitized),Common Stock,50.0,,
732712,2024-03-18,VZ,Hammock Samantha,,0001062993-24-006589,2024-03-14,A,82.305,11.36,17355.729,I,derivative,Phantom Stock (unitized),Common Stock,24.0,,
732712,2024-04-01,VZ,Malady Kyle,,0001062993-24-007482,2024-03-28,A,145.475,11.98,339959.279,I,derivative,Phantom Stock (unitized),Common Stock,42.0,,
732712,2024-04-01,VZ,Sampath Sowmyanarayan,,0001062993-24-007484,2024-03-28,A,164.743,11.98,104563.911,I,derivative,Phantom Stock (unitized),Common Stock,47.0,,
732712,2024-04-01,VZ,Hammock Samantha,,0001062993-24-007481,2024-03-28,A,78.037,11.98,17433.766,I,derivative,Phantom Stock (unitized),Common Stock,22.0,,
732712,2024-04-01,VZ,Venkatesh Vandana,,0001062993-24-007488,2024-03-28,A,68.402,11.98,34126.215,I,derivative,Phantom Stock (unitized),Common Stock,20.0,,
732712,2024-04-01,VZ,Silliman Craig L.,,0001062993-24-007485,2024-03-28,A,111.755,11.98,337634.879,I,derivative,Phantom Stock (unitized),Common Stock,32.0,,
732712,2024-04-01,VZ,Stillwell Mary-Lee,,0001062993-24-007487,2024-03-28,A,39.5,11.98,7173.321,I,derivative,Phantom Stock (unitized),Common Stock,11.0,,
732712,2024-04-01,VZ,Russo Joseph J.,,0001062993-24-007483,2024-03-28,A,78.037,11.98,47595.02,I,derivative,Phantom Stock (unitized),Common Stock,22.0,,
732712,2024-04-01,VZ,Skiadas Anthony T,,0001062993-24-007486,2024-03-28,A,126.207,11.98,104337.194,I,derivative,Phantom Stock (unitized),Common Stock,36.0,,
732712,2024-04-01,VZ,Vestberg Hans Erik,,0001062993-24-007480,2024-03-28,A,222.547,11.98,155110.513,I,derivative,Phantom Stock (unitized),Common Stock,64.0,,
732712,2024-04-15,VZ,Skiadas Anthony T,,0001062993-24-008395,2024-04-11,A,131.818,11.47,104469.012,I,derivative,Phantom Stock (unitized),Common Stock,38.0,,
732712,2024-04-15,VZ,Hammock Samantha,,0001062993-24-008390,2024-04-11,A,81.506,11.47,17515.272,I,derivative,Phantom Stock (unitized),Common Stock,23.0,,
732712,2024-04-15,VZ,Vestberg Hans Erik,,0001062993-24-008389,2024-04-11,A,232.441,11.47,155342.954,I,derivative,Phantom Stock (unitized),Common Stock,66.0,,
732712,2024-04-15,VZ,Stillwell Mary-Lee,,0001062993-24-008396,2024-04-11,A,41.256,11.47,7214.577,I,derivative,Phantom Stock (unitized),Common Stock,12.0,,
732712,2024-04-15,VZ,Sampath Sowmyanarayan,,0001062993-24-008393,2024-04-11,A,172.067,11.47,104735.978,I,derivative,Phantom Stock (unitized),Common Stock,49.0,,
732712,2024-04-15,VZ,Venkatesh Vandana,,0001062993-24-008397,2024-04-11,A,71.443,11.47,34197.658,I,derivative,Phantom Stock (unitized),Common Stock,20.0,,
732712,2024-04-15,VZ,Malady Kyle,,0001062993-24-008391,2024-04-11,A,151.942,11.47,340111.221,I,derivative,Phantom Stock (unitized),Common Stock,43.0,,
732712,2024-04-15,VZ,Russo Joseph J.,,0001062993-24-008392,2024-04-11,A,81.506,11.47,47676.526,I,derivative,Phantom Stock (unitized),Common Stock,23.0,,
732712,2024-04-15,VZ,Silliman Craig L.,,0001062993-24-008394,2024-04-11,A,116.724,11.47,337751.603,I,derivative,Phantom Stock (unitized),Common Stock,33.0,,
732712,2024-04-29,VZ,Skiadas Anthony T,,0001062993-24-008960,2024-04-25,A,134.964,11.2,104603.976,I,derivative,Phantom Stock (unitized),Common Stock,39.0,,
732712,2024-04-29,VZ,Sampath Sowmyanarayan,,0001062993-24-008958,2024-04-25,A,176.175,11.2,104912.153,I,derivative,Phantom Stock (unitized),Common Stock,50.0,,
732712,2024-04-29,VZ,Venkatesh Vandana,,0001062993-24-008962,2024-04-25,A,73.148,11.2,34270.806,I,derivative,Phantom Stock (unitized),Common Stock,21.0,,
732712,2024-04-29,VZ,Silliman Craig L.,,0001062993-24-008959,2024-04-25,A,119.51,11.2,337871.113,I,derivative,Phantom Stock (unitized),Common Stock,34.0,,
732712,2024-04-29,VZ,Hammock Samantha,,0001062993-24-008955,2024-04-25,A,83.452,11.2,17598.724,I,derivative,Phantom Stock (unitized),Common Stock,24.0,,
732712,2024-04-29,VZ,Stillwell Mary-Lee,,0001062993-24-008961,2024-04-25,A,42.241,11.2,7256.818,I,derivative,Phantom Stock (unitized),Common Stock,12.0,,
732712,2024-04-29,VZ,Malady Kyle,,0001062993-24-008956,2024-04-25,A,155.57,11.2,340266.791,I,derivative,Phantom Stock (unitized),Common Stock,44.0,,
732712,2024-04-29,VZ,Vestberg Hans Erik,,0001062993-24-008954,2024-04-25,A,237.99,11.2,155580.944,I,derivative,Phantom Stock (unitized),Common Stock,68.0,,
732712,2024-04-29,VZ,Russo Joseph J.,,0001062993-24-008957,2024-04-25,A,83.452,11.2,47759.978,I,derivative,Phantom Stock (unitized),Common Stock,24.0,,
732712,2024-05-13,VZ,Silliman Craig L.,,0001062993-24-009977,2024-05-09,A,117.868,11.36,343675.165,I,derivative,Phantom Stock (unitized),Common Stock,34.0,,
732712,2024-05-13,VZ,Venkatesh Vandana,,0001062993-24-009980,2024-05-09,A,72.143,11.36,34917.676,I,derivative,Phantom Stock (unitized),Common Stock,21.0,,
732712,2024-05-13,VZ,Malady Kyle,,0001062993-24-009974,2024-05-09,A,153.432,11.36,346145.554,I,derivative,Phantom Stock (unitized),Common Stock,44.0,,
732712,2024-05-13,VZ,Hammock Samantha,,0001062993-24-009973,2024-05-09,A,82.305,11.36,17974.636,I,derivative,Phantom Stock (unitized),Common Stock,23.0,,
732712,2024-05-13,VZ,Sampath Sowmyanarayan,,0001062993-24-009976,2024-05-09,A,173.754,11.36,106846.891,I,derivative,Phantom Stock (unitized),Common Stock,50.0,,
732712,2024-05-13,VZ,Stillwell Mary-Lee,,0001062993-24-009979,2024-05-09,A,41.66,11.36,7419.286,I,derivative,Phantom Stock (unitized),Common Stock,12.0,,
732712,2024-05-13,VZ,Vestberg Hans Erik,,0001062993-24-009972,2024-05-09,A,234.719,11.36,158427.914,I,derivative,Phantom Stock (unitized),Common Stock,67.0,,
732712,2024-05-13,VZ,Russo Joseph J.,,0001062993-24-009975,2024-05-09,A,82.305,11.36,48643.84,I,derivative,Phantom Stock (unitized),Common Stock,23.0,,
732712,2024-05-13,VZ,Skiadas Anthony T,,0001062993-24-009978,2024-05-09,A,133.109,11.36,106494.25,I,derivative,Phantom Stock (unitized),Common Stock,38.0,,
732712,2024-05-28,VZ,Skiadas Anthony T,,0001062993-24-011306,2024-05-23,A,134.321,11.25,106628.571,I,derivative,Phantom Stock (unitized),Common Stock,38.0,,
732712,2024-05-28,VZ,Vestberg Hans Erik,,0001062993-24-011300,2024-05-23,A,236.856,11.25,158664.77,I,derivative,Phantom Stock (unitized),Common Stock,68.0,,
732712,2024-05-28,VZ,Stillwell Mary-Lee,,0001062993-24-011307,2024-05-23,A,42.04,11.25,7461.326,I,derivative,Phantom Stock (unitized),Common Stock,12.0,,
732712,2024-05-28,VZ,Silliman Craig L.,,0001062993-24-011305,2024-05-23,A,118.94,11.25,343794.105,I,derivative,Phantom Stock (unitized),Common Stock,34.0,,
732712,2024-05-28,VZ,Venkatesh Vandana,,0001062993-24-011308,2024-05-23,A,72.8,11.25,34990.476,I,derivative,Phantom Stock (unitized),Common Stock,21.0,,
732712,2024-05-28,VZ,Russo Joseph J.,,0001062993-24-011303,2024-05-23,A,83.054,11.25,48726.894,I,derivative,Phantom Stock (unitized),Common Stock,24.0,,
732712,2024-05-28,VZ,Hammock Samantha,,0001062993-24-011301,2024-05-23,A,83.054,11.25,18057.69,I,derivative,Phantom Stock (unitized),Common Stock,24.0,,
732712,2024-05-28,VZ,Sampath Sowmyanarayan,,0001062993-24-011304,2024-05-23,A,175.335,11.25,107022.226,I,derivative,Phantom Stock (unitized),Common Stock,50.0,,
732712,2024-05-28,VZ,Malady Kyle,,0001062993-24-011302,2024-05-23,A,154.828,11.25,346300.382,I,derivative,Phantom Stock (unitized),Common Stock,44.0,,
732712,2024-05-29,VZ,Silliman Craig L.,,0001062993-24-011394,2024-05-24,I,26452.811,11.34,317341.294,I,derivative,Phantom Stock (unitized),Common Stock,7549.0,,
732712,2024-05-30,VZ,Silliman Craig L.,,0001062993-24-011467,2024-05-28,I,26706.071,11.23,290635.223,I,derivative,Phantom Stock (unitized),Common Stock,7622.0,,
732712,2024-05-31,VZ,Silliman Craig L.,,0001062993-24-011530,2024-05-29,I,26882.324,11.16,263752.899,I,derivative,Phantom Stock (unitized),Common Stock,7673.0,,
732712,2024-06-03,VZ,Silliman Craig L.,,0001062993-24-011601,2024-05-30,I,26068.048,11.51,237684.851,I,derivative,Phantom Stock (unitized),Common Stock,7439.0,,
732712,2024-06-04,VZ,Silliman Craig L.,,0001062993-24-011692,2024-05-31,I,25551.811,11.74,212133.04,I,derivative,Phantom Stock (unitized),Common Stock,7290.0,,
732712,2024-06-10,VZ,Hammock Samantha,,0001062993-24-012282,2024-06-06,A,79.26,11.79,18136.95,I,derivative,Phantom Stock (unitized),Common Stock,23.0,,
732712,2024-06-10,VZ,Stillwell Mary-Lee,,0001062993-24-012291,2024-06-06,A,40.119,11.79,7501.445,I,derivative,Phantom Stock (unitized),Common Stock,11.0,,
732712,2024-06-10,VZ,Venkatesh Vandana,,0001062993-24-012293,2024-06-06,A,69.474,11.79,35059.95,I,derivative,Phantom Stock (unitized),Common Stock,20.0,,
732712,2024-06-10,VZ,Skiadas Anthony T,,0001062993-24-012290,2024-06-06,A,128.185,11.79,106756.756,I,derivative,Phantom Stock (unitized),Common Stock,37.0,,
732712,2024-06-10,VZ,Malady Kyle,,0001062993-24-012284,2024-06-06,A,147.755,11.79,346448.137,I,derivative,Phantom Stock (unitized),Common Stock,42.0,,
732712,2024-06-10,VZ,Vestberg Hans Erik,,0001062993-24-012281,2024-06-06,A,226.036,11.79,158890.806,I,derivative,Phantom Stock (unitized),Common Stock,64.0,,
732712,2024-06-10,VZ,Sampath Sowmyanarayan,,0001062993-24-012286,2024-06-06,A,167.326,11.79,107189.552,I,derivative,Phantom Stock (unitized),Common Stock,48.0,,
732712,2024-06-10,VZ,Russo Joseph J.,,0001062993-24-012285,2024-06-06,A,79.26,11.79,48806.154,I,derivative,Phantom Stock (unitized),Common Stock,23.0,,
732712,2024-06-10,VZ,Silliman Craig L.,,0001062993-24-012287,2024-06-06,A,113.507,11.79,212246.547,I,derivative,Phantom Stock (unitized),Common Stock,32.0,,
732712,2024-06-24,VZ,Venkatesh Vandana,,0001062993-24-012938,2024-06-20,A,71.342,11.48,35131.292,I,derivative,Phantom Stock (unitized),Common Stock,20.0,,
732712,2024-06-24,VZ,Silliman Craig L.,,0001062993-24-012935,2024-06-20,A,116.558,11.48,212363.105,I,derivative,Phantom Stock (unitized),Common Stock,33.0,,
732712,2024-06-24,VZ,Russo Joseph J.,,0001062993-24-012933,2024-06-20,A,81.39,11.48,48887.544,I,derivative,Phantom Stock (unitized),Common Stock,23.0,,
732712,2024-06-24,VZ,Stillwell Mary-Lee,,0001062993-24-012937,2024-06-20,A,41.198,11.48,7542.643,I,derivative,Phantom Stock (unitized),Common Stock,12.0,,
732712,2024-06-24,VZ,Vestberg Hans Erik,,0001062993-24-012930,2024-06-20,A,232.111,11.48,159122.917,I,derivative,Phantom Stock (unitized),Common Stock,66.0,,
732712,2024-06-24,VZ,Hammock Samantha,,0001062993-24-012931,2024-06-20,A,81.39,11.48,18218.34,I,derivative,Phantom Stock (unitized),Common Stock,23.0,,
732712,2024-06-24,VZ,Skiadas Anthony T,,0001062993-24-012936,2024-06-20,A,131.631,11.48,106888.387,I,derivative,Phantom Stock (unitized),Common Stock,38.0,,
732712,2024-06-24,VZ,Malady Kyle,,0001062993-24-012932,2024-06-20,A,151.727,11.48,346599.864,I,derivative,Phantom Stock (unitized),Common Stock,43.0,,
732712,2024-06-24,VZ,Sampath Sowmyanarayan,,0001062993-24-012934,2024-06-20,A,171.823,11.48,107361.375,I,derivative,Phantom Stock (unitized),Common Stock,49.0,,
732712,2024-07-03,VZ,Arumugavelu Shankar,,0001062993-24-013387,2024-07-01,A,33541.0,0.0,79583.0,D,derivative,Restricted Stock Units - 2024 Award,Common Stock,33541.0,,
732712,2024-07-08,VZ,Stillwell Mary-Lee,,0001062993-24-013494,2024-07-03,A,40.321,11.73,7582.964,I,derivative,Phantom Stock (unitized),Common Stock,12.0,,
732712,2024-07-08,VZ,Sampath Sowmyanarayan,,0001062993-24-013492,2024-07-03,A,168.167,11.73,107529.542,I,derivative,Phantom Stock (unitized),Common Stock,48.0,,
732712,2024-07-08,VZ,Vestberg Hans Erik,,0001062993-24-013487,2024-07-03,A,227.172,11.73,159350.089,I,derivative,Phantom Stock (unitized),Common Stock,65.0,,
732712,2024-07-08,VZ,Venkatesh Vandana,,0001062993-24-013495,2024-07-03,A,69.824,11.73,35201.116,I,derivative,Phantom Stock (unitized),Common Stock,20.0,,
732712,2024-07-08,VZ,Skiadas Anthony T,,0001062993-24-013493,2024-07-03,A,128.83,11.73,107017.217,I,derivative,Phantom Stock (unitized),Common Stock,37.0,,
732712,2024-07-08,VZ,Hammock Samantha,,0001062993-24-013489,2024-07-03,A,79.658,11.73,18297.998,I,derivative,Phantom Stock (unitized),Common Stock,23.0,,
732712,2024-07-08,VZ,Russo Joseph J.,,0001062993-24-013491,2024-07-03,A,79.658,11.73,48967.202,I,derivative,Phantom Stock (unitized),Common Stock,23.0,,
732712,2024-07-08,VZ,Malady Kyle,,0001062993-24-013490,2024-07-03,A,148.498,11.73,346748.362,I,derivative,Phantom Stock (unitized),Common Stock,42.0,,
732712,2024-07-08,VZ,Arumugavelu Shankar,,0001062993-24-013488,2024-07-03,A,155.382,11.73,197639.96,I,derivative,Phantom Stock (unitized),Common Stock,44.0,,
732712,2024-07-22,VZ,Sampath Sowmyanarayan,,0001062993-24-013976,2024-07-18,A,164.398,12.0,107693.94,I,derivative,Phantom Stock (unitized),Common Stock,47.0,,
732712,2024-07-22,VZ,Skiadas Anthony T,,0001062993-24-013977,2024-07-18,A,125.943,12.0,107143.16,I,derivative,Phantom Stock (unitized),Common Stock,36.0,,
732712,2024-07-22,VZ,Stillwell Mary-Lee,,0001062993-24-013978,2024-07-18,A,39.417,12.0,7622.381,I,derivative,Phantom Stock (unitized),Common Stock,11.0,,
732712,2024-07-22,VZ,Venkatesh Vandana,,0001062993-24-013979,2024-07-18,A,68.259,12.0,35269.375,I,derivative,Phantom Stock (unitized),Common Stock,19.0,,
732712,2024-07-22,VZ,Hammock Samantha,,0001062993-24-013973,2024-07-18,A,77.873,12.0,18375.871,I,derivative,Phantom Stock (unitized),Common Stock,22.0,,
732712,2024-07-22,VZ,Malady Kyle,,0001062993-24-013974,2024-07-18,A,145.17,12.0,346893.532,I,derivative,Phantom Stock (unitized),Common Stock,41.0,,
732712,2024-07-22,VZ,Vestberg Hans Erik,,0001062993-24-013972,2024-07-18,A,222.081,12.0,159572.17,I,derivative,Phantom Stock (unitized),Common Stock,63.0,,
732712,2024-07-22,VZ,Russo Joseph J.,,0001062993-24-013975,2024-07-18,A,77.873,12.0,49045.075,I,derivative,Phantom Stock (unitized),Common Stock,22.0,,
732712,2024-08-05,VZ,Sampath Sowmyanarayan,,0001062993-24-014416,2024-08-01,A,169.246,11.66,109604.816,I,derivative,Phantom Stock (unitized),Common Stock,48.0,,
732712,2024-08-05,VZ,Vestberg Hans Erik,,0001062993-24-014412,2024-08-01,A,228.63,11.66,162381.756,I,derivative,Phantom Stock (unitized),Common Stock,65.0,,
732712,2024-08-05,VZ,Hammock Samantha,,0001062993-24-014413,2024-08-01,A,80.169,11.66,18752.409,I,derivative,Phantom Stock (unitized),Common Stock,23.0,,
732712,2024-08-05,VZ,Malady Kyle,,0001062993-24-014414,2024-08-01,A,149.451,11.66,352659.185,I,derivative,Phantom Stock (unitized),Common Stock,43.0,,
732712,2024-08-05,VZ,Skiadas Anthony T,,0001062993-24-014417,2024-08-01,A,129.656,11.66,109006.149,I,derivative,Phantom Stock (unitized),Common Stock,37.0,,
732712,2024-08-05,VZ,Stillwell Mary-Lee,,0001062993-24-014418,2024-08-01,A,40.58,11.66,7785.781,I,derivative,Phantom Stock (unitized),Common Stock,12.0,,
732712,2024-08-05,VZ,Venkatesh Vandana,,0001062993-24-014419,2024-08-01,A,70.271,11.66,35909.791,I,derivative,Phantom Stock (unitized),Common Stock,20.0,,
732712,2024-08-05,VZ,Russo Joseph J.,,0001062993-24-014415,2024-08-01,A,80.169,11.66,49918.354,I,derivative,Phantom Stock (unitized),Common Stock,23.0,,
732712,2024-08-19,VZ,Vestberg Hans Erik,,0001062993-24-015326,2024-08-15,A,233.229,11.43,162614.985,I,derivative,Phantom Stock (unitized),Common Stock,67.0,,
732712,2024-08-19,VZ,Hammock Samantha,,0001062993-24-015327,2024-08-15,A,81.782,11.43,18834.191,I,derivative,Phantom Stock (unitized),Common Stock,23.0,,
732712,2024-08-19,VZ,Skiadas Anthony T,,0001062993-24-015331,2024-08-15,A,132.264,11.43,109138.413,I,derivative,Phantom Stock (unitized),Common Stock,38.0,,
732712,2024-08-19,VZ,Malady Kyle,,0001062993-24-015328,2024-08-15,A,152.457,11.43,352811.642,I,derivative,Phantom Stock (unitized),Common Stock,44.0,,
732712,2024-08-19,VZ,Russo Joseph J.,,0001062993-24-015329,2024-08-15,A,81.782,11.43,50000.136,I,derivative,Phantom Stock (unitized),Common Stock,23.0,,
732712,2024-08-19,VZ,Venkatesh Vandana,,0001062993-24-015333,2024-08-15,A,71.685,11.43,35981.476,I,derivative,Phantom Stock (unitized),Common Stock,20.0,,
732712,2024-08-19,VZ,Sampath Sowmyanarayan,,0001062993-24-015330,2024-08-15,A,172.65,11.43,109777.466,I,derivative,Phantom Stock (unitized),Common Stock,49.0,,
732712,2024-08-19,VZ,Stillwell Mary-Lee,,0001062993-24-015332,2024-08-15,A,41.396,11.43,7827.177,I,derivative,Phantom Stock (unitized),Common Stock,12.0,,
732712,2024-09-03,VZ,Russo Joseph J.,,0001062993-24-015968,2024-08-29,A,79.402,11.77,50079.538,I,derivative,Phantom Stock (unitized),Common Stock,23.0,,
732712,2024-09-03,VZ,Sampath Sowmyanarayan,,0001062993-24-015969,2024-08-29,A,167.625,11.77,109945.091,I,derivative,Phantom Stock (unitized),Common Stock,48.0,,
732712,2024-09-03,VZ,Malady Kyle,,0001062993-24-015967,2024-08-29,A,148.02,11.77,352959.662,I,derivative,Phantom Stock (unitized),Common Stock,42.0,,
732712,2024-09-03,VZ,Stillwell Mary-Lee,,0001062993-24-015971,2024-08-29,A,40.191,11.77,7867.368,I,derivative,Phantom Stock (unitized),Common Stock,11.0,,
732712,2024-09-03,VZ,Hammock Samantha,,0001062993-24-015966,2024-08-29,A,79.402,11.77,18913.593,I,derivative,Phantom Stock (unitized),Common Stock,23.0,,
732712,2024-09-03,VZ,Venkatesh Vandana,,0001062993-24-015972,2024-08-29,A,69.598,11.77,36051.074,I,derivative,Phantom Stock (unitized),Common Stock,20.0,,
732712,2024-09-03,VZ,Vestberg Hans Erik,,0001062993-24-015965,2024-08-29,A,226.44,11.77,162841.425,I,derivative,Phantom Stock (unitized),Common Stock,65.0,,
732712,2024-09-03,VZ,Skiadas Anthony T,,0001062993-24-015970,2024-08-29,A,128.414,11.77,109266.827,I,derivative,Phantom Stock (unitized),Common Stock,37.0,,
732712,2024-09-16,VZ,Hammock Samantha,,0001062993-24-016621,2024-09-12,A,74.707,12.51,18988.3,I,derivative,Phantom Stock (unitized),Common Stock,21.0,,
732712,2024-09-16,VZ,Skiadas Anthony T,,0001062993-24-016625,2024-09-12,A,120.823,12.51,109387.65,I,derivative,Phantom Stock (unitized),Common Stock,34.0,,
732712,2024-09-16,VZ,Venkatesh Vandana,,0001062993-24-016627,2024-09-12,A,65.484,12.51,36116.558,I,derivative,Phantom Stock (unitized),Common Stock,19.0,,
732712,2024-09-16,VZ,Malady Kyle,,0001062993-24-016622,2024-09-12,A,139.269,12.51,353098.931,I,derivative,Phantom Stock (unitized),Common Stock,40.0,,
732712,2024-09-16,VZ,Vestberg Hans Erik,,0001062993-24-016620,2024-09-12,A,213.053,12.51,163054.478,I,derivative,Phantom Stock (unitized),Common Stock,61.0,,
732712,2024-09-16,VZ,Sampath Sowmyanarayan,,0001062993-24-016624,2024-09-12,A,157.715,12.51,110102.806,I,derivative,Phantom Stock (unitized),Common Stock,45.0,,
732712,2024-09-16,VZ,Stillwell Mary-Lee,,0001062993-24-016626,2024-09-12,A,37.815,12.51,7905.183,I,derivative,Phantom Stock (unitized),Common Stock,11.0,,
732712,2024-09-16,VZ,Russo Joseph J.,,0001062993-24-016623,2024-09-12,A,74.707,12.51,50154.245,I,derivative,Phantom Stock (unitized),Common Stock,21.0,,
732712,2024-09-30,VZ,Malady Kyle,,0001062993-24-017044,2024-09-26,A,136.915,12.73,353235.846,I,derivative,Phantom Stock (unitized),Common Stock,39.0,,
732712,2024-09-30,VZ,Hammock Samantha,,0001062993-24-017043,2024-09-26,A,73.445,12.73,19061.745,I,derivative,Phantom Stock (unitized),Common Stock,21.0,,
732712,2024-09-30,VZ,Vestberg Hans Erik,,0001062993-24-017042,2024-09-26,A,209.452,12.73,163263.93,I,derivative,Phantom Stock (unitized),Common Stock,60.0,,
732712,2024-09-30,VZ,Venkatesh Vandana,,0001062993-24-017049,2024-09-26,A,64.377,12.73,36180.935,I,derivative,Phantom Stock (unitized),Common Stock,18.0,,
732712,2024-09-30,VZ,Stillwell Mary-Lee,,0001062993-24-017048,2024-09-26,A,37.176,12.73,7942.359,I,derivative,Phantom Stock (unitized),Common Stock,11.0,,
732712,2024-09-30,VZ,Sampath Sowmyanarayan,,0001062993-24-017046,2024-09-26,A,155.049,12.73,110257.855,I,derivative,Phantom Stock (unitized),Common Stock,44.0,,
732712,2024-09-30,VZ,Russo Joseph J.,,0001062993-24-017045,2024-09-26,A,73.445,12.73,50227.69,I,derivative,Phantom Stock (unitized),Common Stock,21.0,,
732712,2024-09-30,VZ,Skiadas Anthony T,,0001062993-24-017047,2024-09-26,A,118.78,12.73,109506.43,I,derivative,Phantom Stock (unitized),Common Stock,34.0,,
732712,2024-10-03,VZ,Litchfield Caroline,,0001062993-24-017352,2024-10-01,A,1161.0,45.21,1161.0,I,derivative,Phantom Stock,Common Stock,1161.0,,
732712,2024-10-15,VZ,Malady Kyle,,0001062993-24-017652,2024-10-10,A,142.206,12.25,353378.052,I,derivative,Phantom Stock (unitized),Common Stock,41.0,,
732712,2024-10-15,VZ,Skiadas Anthony T,,0001062993-24-017655,2024-10-10,A,123.37,12.25,109629.8,I,derivative,Phantom Stock (unitized),Common Stock,35.0,,
732712,2024-10-15,VZ,Russo Joseph J.,,0001062993-24-017653,2024-10-10,A,76.283,12.25,50303.973,I,derivative,Phantom Stock (unitized),Common Stock,22.0,,
732712,2024-10-15,VZ,Sampath Sowmyanarayan,,0001062993-24-017654,2024-10-10,A,161.041,12.25,110418.896,I,derivative,Phantom Stock (unitized),Common Stock,46.0,,
732712,2024-10-15,VZ,Stillwell Mary-Lee,,0001062993-24-017656,2024-10-10,A,38.612,12.25,7980.971,I,derivative,Phantom Stock (unitized),Common Stock,11.0,,
732712,2024-10-15,VZ,Hammock Samantha,,0001062993-24-017651,2024-10-10,A,76.283,12.25,19138.028,I,derivative,Phantom Stock (unitized),Common Stock,22.0,,
732712,2024-10-15,VZ,Venkatesh Vandana,,0001062993-24-017657,2024-10-10,A,66.865,12.25,36247.8,I,derivative,Phantom Stock (unitized),Common Stock,19.0,,
732712,2024-10-15,VZ,Vestberg Hans Erik,,0001062993-24-017650,2024-10-10,A,217.546,12.25,163481.476,I,derivative,Phantom Stock (unitized),Common Stock,62.0,,
732712,2024-10-28,VZ,Skiadas Anthony T,,0001062993-24-017991,2024-10-24,A,126.562,11.94,109756.362,I,derivative,Phantom Stock (unitized),Common Stock,36.0,,
732712,2024-10-28,VZ,Stillwell Mary-Lee,,0001062993-24-017992,2024-10-24,A,39.611,11.94,8020.582,I,derivative,Phantom Stock (unitized),Common Stock,11.0,,
732712,2024-10-28,VZ,Sampath Sowmyanarayan,,0001062993-24-017990,2024-10-24,A,165.207,11.94,110584.103,I,derivative,Phantom Stock (unitized),Common Stock,47.0,,
732712,2024-10-28,VZ,Vestberg Hans Erik,,0001062993-24-017986,2024-10-24,A,223.173,11.94,163704.649,I,derivative,Phantom Stock (unitized),Common Stock,64.0,,
732712,2024-10-28,VZ,Malady Kyle,,0001062993-24-017988,2024-10-24,A,145.884,11.94,353523.936,I,derivative,Phantom Stock (unitized),Common Stock,42.0,,
732712,2024-10-28,VZ,Hammock Samantha,,0001062993-24-017987,2024-10-24,A,78.256,11.94,19216.284,I,derivative,Phantom Stock (unitized),Common Stock,22.0,,
732712,2024-10-28,VZ,Russo Joseph J.,,0001062993-24-017989,2024-10-24,A,78.256,11.94,50382.229,I,derivative,Phantom Stock (unitized),Common Stock,22.0,,
732712,2024-10-28,VZ,Venkatesh Vandana,,0001062993-24-017993,2024-10-24,A,68.594,11.94,36316.394,I,derivative,Phantom Stock (unitized),Common Stock,20.0,,
732712,2024-11-12,VZ,Venkatesh Vandana,,0001062993-24-018792,2024-11-07,A,70.782,11.57,36976.377,I,derivative,Phantom Stock (unitized),Common Stock,20.0,,
732712,2024-11-12,VZ,Malady Kyle,,0001062993-24-018787,2024-11-07,A,150.538,11.57,359426.866,I,derivative,Phantom Stock (unitized),Common Stock,43.0,,
732712,2024-11-12,VZ,Skiadas Anthony T,,0001062993-24-018790,2024-11-07,A,130.599,11.57,111670.256,I,derivative,Phantom Stock (unitized),Common Stock,37.0,,
732712,2024-11-12,VZ,Stillwell Mary-Lee,,0001062993-24-018791,2024-11-07,A,40.875,11.57,8190.796,I,derivative,Phantom Stock (unitized),Common Stock,12.0,,
732712,2024-11-12,VZ,Sampath Sowmyanarayan,,0001062993-24-018789,2024-11-07,A,170.476,11.57,112550.111,I,derivative,Phantom Stock (unitized),Common Stock,49.0,,
732712,2024-11-12,VZ,Vestberg Hans Erik,,0001062993-24-018785,2024-11-07,A,230.292,11.57,166593.669,I,derivative,Phantom Stock (unitized),Common Stock,66.0,,
732712,2024-11-12,VZ,Russo Joseph J.,,0001062993-24-018788,2024-11-07,A,80.752,11.57,51280.931,I,derivative,Phantom Stock (unitized),Common Stock,23.0,,
732712,2024-11-12,VZ,Hammock Samantha,,0001062993-24-018786,2024-11-07,A,80.752,11.57,19607.453,I,derivative,Phantom Stock (unitized),Common Stock,23.0,,
732712,2024-11-25,VZ,Russo Joseph J.,,0001062993-24-019601,2024-11-21,A,77.109,12.12,51358.04,I,derivative,Phantom Stock (unitized),Common Stock,22.0,,
732712,2024-11-25,VZ,Hammock Samantha,,0001062993-24-019598,2024-11-21,A,77.109,12.12,19684.562,I,derivative,Phantom Stock (unitized),Common Stock,22.0,,
732712,2024-11-25,VZ,Malady Kyle,,0001062993-24-019599,2024-11-21,A,143.747,12.12,359570.613,I,derivative,Phantom Stock (unitized),Common Stock,41.0,,
732712,2024-11-25,VZ,Sampath Sowmyanarayan,,0001062993-24-019603,2024-11-21,A,162.786,12.12,112712.897,I,derivative,Phantom Stock (unitized),Common Stock,46.0,,
732712,2024-11-25,VZ,Venkatesh Vandana,,0001062993-24-019606,2024-11-21,A,67.589,12.12,37043.966,I,derivative,Phantom Stock (unitized),Common Stock,19.0,,
732712,2024-11-25,VZ,Stillwell Mary-Lee,,0001062993-24-019605,2024-11-21,A,39.031,12.12,8229.827,I,derivative,Phantom Stock (unitized),Common Stock,11.0,,
732712,2024-11-25,VZ,Skiadas Anthony T,,0001062993-24-019604,2024-11-21,A,124.707,12.12,111794.963,I,derivative,Phantom Stock (unitized),Common Stock,36.0,,
732712,2024-11-25,VZ,Vestberg Hans Erik,,0001062993-24-019597,2024-11-21,A,219.903,12.12,166813.572,I,derivative,Phantom Stock (unitized),Common Stock,63.0,,
732712,2024-12-09,VZ,Skiadas Anthony T,,0001062993-24-020235,2024-12-05,A,124.553,12.14,111919.516,I,derivative,Phantom Stock (unitized),Common Stock,36.0,,
732712,2024-12-09,VZ,Venkatesh Vandana,,0001062993-24-020237,2024-12-05,A,67.506,12.14,37111.472,I,derivative,Phantom Stock (unitized),Common Stock,19.0,,
732712,2024-12-09,VZ,Stillwell Mary-Lee,,0001062993-24-020236,2024-12-05,A,38.983,12.14,8268.81,I,derivative,Phantom Stock (unitized),Common Stock,11.0,,
732712,2024-12-09,VZ,Malady Kyle,,0001062993-24-020232,2024-12-05,A,143.569,12.14,359714.182,I,derivative,Phantom Stock (unitized),Common Stock,41.0,,
732712,2024-12-09,VZ,Vestberg Hans Erik,,0001062993-24-020230,2024-12-05,A,219.632,12.14,167033.204,I,derivative,Phantom Stock (unitized),Common Stock,63.0,,
732712,2024-12-09,VZ,Sampath Sowmyanarayan,,0001062993-24-020234,2024-12-05,A,162.585,12.14,112875.482,I,derivative,Phantom Stock (unitized),Common Stock,46.0,,
732712,2024-12-09,VZ,Hammock Samantha,,0001062993-24-020231,2024-12-05,A,77.014,12.14,19761.576,I,derivative,Phantom Stock (unitized),Common Stock,22.0,,
732712,2024-12-09,VZ,Russo Joseph J.,,0001062993-24-020233,2024-12-05,A,77.014,12.14,51435.054,I,derivative,Phantom Stock (unitized),Common Stock,22.0,,
732712,2024-12-20,VZ,Vestberg Hans Erik,,0001062993-24-021081,2024-12-19,A,233.69,11.41,167266.894,I,derivative,Phantom Stock (unitized),Common Stock,67.0,,
732712,2024-12-20,VZ,Skiadas Anthony T,,0001062993-24-021077,2024-12-19,A,132.526,11.41,112052.042,I,derivative,Phantom Stock (unitized),Common Stock,38.0,,
732712,2024-12-20,VZ,Russo Joseph J.,,0001062993-24-021075,2024-12-19,A,81.944,11.41,51516.998,I,derivative,Phantom Stock (unitized),Common Stock,23.0,,
732712,2024-12-20,VZ,Venkatesh Vandana,,0001062993-24-021079,2024-12-19,A,71.827,11.41,37183.299,I,derivative,Phantom Stock (unitized),Common Stock,20.0,,
732712,2024-12-20,VZ,Hammock Samantha,,0001062993-24-021071,2024-12-19,A,81.944,11.41,19843.52,I,derivative,Phantom Stock (unitized),Common Stock,23.0,,
732712,2024-12-20,VZ,Sampath Sowmyanarayan,,0001062993-24-021069,2024-12-19,A,172.992,11.41,113048.474,I,derivative,Phantom Stock (unitized),Common Stock,49.0,,
732712,2024-12-20,VZ,Malady Kyle,,0001062993-24-021073,2024-12-19,A,152.759,11.41,359866.941,I,derivative,Phantom Stock (unitized),Common Stock,44.0,,
732712,2024-12-20,VZ,Stillwell Mary-Lee,,0001062993-24-021061,2024-12-19,A,41.478,11.41,8310.288,I,derivative,Phantom Stock (unitized),Common Stock,12.0,,
732712,2025-01-06,VZ,Vestberg Hans Erik,,0001062993-25-000321,2025-01-02,A,231.301,11.47,167498.195,I,derivative,Phantom Stock (unitized),Common Stock,66.0,,
732712,2025-01-06,VZ,Venkatesh Vandana,,0001062993-25-000330,2025-01-02,A,70.396,11.47,37253.695,I,derivative,Phantom Stock (unitized),Common Stock,20.0,,
732712,2025-01-06,VZ,Skiadas Anthony T,,0001062993-25-000327,2025-01-02,A,130.735,11.47,112182.777,I,derivative,Phantom Stock (unitized),Common Stock,37.0,,
732712,2025-01-06,VZ,Sampath Sowmyanarayan,,0001062993-25-000326,2025-01-02,A,170.962,11.47,113219.436,I,derivative,Phantom Stock (unitized),Common Stock,49.0,,
732712,2025-01-06,VZ,Russo Joseph J.,,0001062993-25-000325,2025-01-02,A,80.453,11.47,51597.451,I,derivative,Phantom Stock (unitized),Common Stock,23.0,,
732712,2025-01-06,VZ,Malady Kyle,,0001062993-25-000323,2025-01-02,A,150.848,11.47,360017.789,I,derivative,Phantom Stock (unitized),Common Stock,43.0,,
732712,2025-01-06,VZ,Stillwell Mary-Lee,,0001062993-25-000328,2025-01-02,A,40.226,11.47,8350.514,I,derivative,Phantom Stock (unitized),Common Stock,11.0,,
732712,2025-01-06,VZ,Hammock Samantha,,0001062993-25-000322,2025-01-02,A,80.453,11.47,19923.973,I,derivative,Phantom Stock (unitized),Common Stock,23.0,,
732712,2025-01-17,VZ,Hammock Samantha,,0001062993-25-000874,2025-01-16,A,84.346,10.94,20008.319,I,derivative,Phantom Stock (unitized),Common Stock,24.0,,
732712,2025-01-17,VZ,Malady Kyle,,0001062993-25-000875,2025-01-16,A,158.149,10.94,360175.938,I,derivative,Phantom Stock (unitized),Common Stock,45.0,,
732712,2025-01-17,VZ,Venkatesh Vandana,,0001062993-25-000880,2025-01-16,A,73.803,10.94,37327.498,I,derivative,Phantom Stock (unitized),Common Stock,21.0,,
732712,2025-01-17,VZ,Russo Joseph J.,,0001062993-25-000876,2025-01-16,A,84.346,10.94,51681.797,I,derivative,Phantom Stock (unitized),Common Stock,24.0,,
732712,2025-01-17,VZ,Vestberg Hans Erik,,0001062993-25-000873,2025-01-16,A,242.496,10.94,167740.691,I,derivative,Phantom Stock (unitized),Common Stock,69.0,,
732712,2025-01-17,VZ,Sampath Sowmyanarayan,,0001062993-25-000877,2025-01-16,A,179.236,10.94,113398.672,I,derivative,Phantom Stock (unitized),Common Stock,51.0,,
732712,2025-01-17,VZ,Skiadas Anthony T,,0001062993-25-000878,2025-01-16,A,137.063,10.94,112319.84,I,derivative,Phantom Stock (unitized),Common Stock,39.0,,
732712,2025-01-17,VZ,Stillwell Mary-Lee,,0001062993-25-000879,2025-01-16,A,42.173,10.94,8392.687,I,derivative,Phantom Stock (unitized),Common Stock,12.0,,
732712,2025-01-29,VZ,Malady Kyle,,0001062993-25-001225,2025-01-27,S,20000.0,40.54,45675.0,D,non_derivative,Common Stock,,,,
732712,2025-01-29,VZ,Malady Kyle,,0001062993-25-001225,2025-01-27,S,20000.0,40.54,45675.0,D,,,,,,
732712,2025-01-30,VZ,Malady Kyle,,0001062993-25-001263,2025-01-28,S,20000.0,40.49,25675.0,D,non_derivative,Common Stock,,,,
732712,2025-01-30,VZ,Malady Kyle,,0001062993-25-001263,2025-01-28,S,20000.0,40.49,25675.0,D,,,,,,
732712,2025-01-31,VZ,Malady Kyle,,0001062993-25-001353,2025-01-29,S,11085.0,40.88,14590.0,D,non_derivative,Common Stock,,,,
732712,2025-01-31,VZ,Malady Kyle,,0001062993-25-001353,2025-01-29,S,11085.0,40.88,14590.0,D,,,,,,
732712,2025-02-03,VZ,Venkatesh Vandana,,0001062993-25-001452,2025-01-30,A,71.698,11.27,37399.196,I,derivative,Phantom Stock (unitized),Common Stock,20.0,,
732712,2025-02-03,VZ,Sampath Sowmyanarayan,,0001062993-25-001449,2025-01-30,A,174.125,11.27,113572.797,I,derivative,Phantom Stock (unitized),Common Stock,50.0,,
732712,2025-02-03,VZ,Russo Joseph J.,,0001062993-25-001448,2025-01-30,A,81.942,11.27,51763.739,I,derivative,Phantom Stock (unitized),Common Stock,23.0,,
732712,2025-02-03,VZ,Malady Kyle,,0001062993-25-001447,2025-01-30,A,153.64,11.27,360329.578,I,derivative,Phantom Stock (unitized),Common Stock,44.0,,
732712,2025-02-03,VZ,Stillwell Mary-Lee,,0001062993-25-001451,2025-01-30,A,40.971,11.27,8433.658,I,derivative,Phantom Stock (unitized),Common Stock,12.0,,
732712,2025-02-03,VZ,Vestberg Hans Erik,,0001062993-25-001445,2025-01-30,A,235.582,11.27,167976.273,I,derivative,Phantom Stock (unitized),Common Stock,67.0,,
732712,2025-02-03,VZ,Hammock Samantha,,0001062993-25-001446,2025-01-30,A,81.942,11.27,20090.261,I,derivative,Phantom Stock (unitized),Common Stock,23.0,,
732712,2025-02-03,VZ,Skiadas Anthony T,,0001062993-25-001450,2025-01-30,A,133.155,11.27,112452.995,I,derivative,Phantom Stock (unitized),Common Stock,38.0,,
732712,2025-02-05,VZ,Malady Kyle,,0001062993-25-001701,2025-02-03,S,8000.0,39.885,6590.0,D,,,,,,
732712,2025-02-05,VZ,Malady Kyle,,0001062993-25-001701,2025-02-03,S,8000.0,39.885,6590.0,D,non_derivative,Common Stock,,,,
732712,2025-02-06,VZ,Malady Kyle,,0001062993-25-001791,2025-02-04,S,6590.0,39.7,0.0,D,,,,,,
732712,2025-02-06,VZ,Malady Kyle,,0001062993-25-001791,2025-02-04,S,6590.0,39.7,0.0,D,non_derivative,Common Stock,,,,
732712,2025-02-14,VZ,Stillwell Mary-Lee,,0001062993-25-002469,2025-02-12,F,1050.0,40.53,18668.0,D,,,,,,
732712,2025-02-14,VZ,Stillwell Mary-Lee,,0001062993-25-002469,2025-02-12,F,1050.0,40.53,18668.0,D,non_derivative,Common Stock,,,,
732712,2025-02-14,VZ,Vestberg Hans Erik,,0001062993-25-002584,2025-02-13,A,226.592,11.71,171021.126,I,derivative,Phantom Stock (unitized),Common Stock,65.0,,
732712,2025-02-14,VZ,Hammock Samantha,,0001062993-25-002588,2025-02-13,A,78.815,11.71,20504.31,I,derivative,Phantom Stock (unitized),Common Stock,22.0,,
732712,2025-02-14,VZ,Russo Joseph J.,,0001062993-25-002496,2025-02-12,M,8514.0,,0.0,D,derivative,Performance Stock Units - 2022 Award,Common Stock,8514.0,,2025-02-12
732712,2025-02-14,VZ,Stillwell Mary-Lee,,0001062993-25-002469,2025-02-12,M,3279.0,,19718.0,D,non_derivative,Common Stock,,,,
732712,2025-02-14,VZ,Malady Kyle,,0001062993-25-002590,2025-02-13,A,147.777,11.71,366534.877,I,derivative,Phantom Stock (unitized),Common Stock,42.0,,
732712,2025-02-14,VZ,Russo Joseph J.,,0001062993-25-002496,2025-02-12,M,8514.0,,35503.0,D,non_derivative,Common Stock,,,,
732712,2025-02-14,VZ,Stillwell Mary-Lee,,0001062993-25-002469,2025-02-12,M,3279.0,,0.0,D,derivative,Performance Stock Units - 2022 Award,Common Stock,3279.0,,2025-02-12
732712,2025-02-14,VZ,Sampath Sowmyanarayan,,0001062993-25-002599,2025-02-13,A,167.481,11.71,115645.265,I,derivative,Phantom Stock (unitized),Common Stock,48.0,,
732712,2025-02-14,VZ,Stillwell Mary-Lee,,0001062993-25-002469,2025-02-12,M,3279.0,,19718.0,D,,,,,,
732712,2025-02-14,VZ,Skiadas Anthony T,,0001062993-25-002600,2025-02-13,A,128.074,11.71,114468.612,I,derivative,Phantom Stock (unitized),Common Stock,37.0,,
732712,2025-02-14,VZ,Russo Joseph J.,,0001062993-25-002598,2025-02-13,A,78.815,11.71,52710.712,I,derivative,Phantom Stock (unitized),Common Stock,22.0,,
732712,2025-02-14,VZ,Russo Joseph J.,,0001062993-25-002496,2025-02-12,F,2993.0,40.53,32510.0,D,,,,,,
732712,2025-02-14,VZ,Stillwell Mary-Lee,,0001062993-25-002601,2025-02-13,A,39.407,11.71,8613.567,I,derivative,Phantom Stock (unitized),Common Stock,11.0,,
732712,2025-02-14,VZ,Venkatesh Vandana,,0001062993-25-002602,2025-02-13,A,68.963,11.71,38094.976,I,derivative,Phantom Stock (unitized),Common Stock,20.0,,
732712,2025-02-14,VZ,Russo Joseph J.,,0001062993-25-002496,2025-02-12,F,2993.0,40.53,32510.0,D,non_derivative,Common Stock,,,,
732712,2025-02-14,VZ,Russo Joseph J.,,0001062993-25-002496,2025-02-12,M,8514.0,,35503.0,D,,,,,,
732712,2025-02-27,VZ,Venkatesh Vandana,,0001062993-25-003773,2025-02-25,S,2800.0,43.791,21659.0,D,,,,,,
732712,2025-02-27,VZ,Venkatesh Vandana,,0001062993-25-003773,2025-02-25,S,2800.0,43.791,21659.0,D,non_derivative,Common Stock,,,,
732712,2025-02-28,VZ,Venkatesh Vandana,,0001062993-25-003952,2025-02-27,A,5359.571,12.34,43454.547,I,derivative,Phantom Stock (unitized),Common Stock,1529.0,,
732712,2025-02-28,VZ,Stillwell Mary-Lee,,0001062993-25-003949,2025-02-27,A,2800.271,12.34,11413.838,I,derivative,Phantom Stock (unitized),Common Stock,799.0,,
732712,2025-02-28,VZ,Skiadas Anthony T,,0001062993-25-003948,2025-02-27,A,7649.852,12.34,122118.464,I,derivative,Phantom Stock (unitized),Common Stock,2182.0,,
732712,2025-02-28,VZ,Sampath Sowmyanarayan,,0001062993-25-003955,2025-02-27,A,9170.476,12.34,124815.741,I,derivative,Phantom Stock (unitized),Common Stock,2616.0,,
732712,2025-02-28,VZ,Vestberg Hans Erik,,0001062993-25-003943,2025-02-27,A,18989.095,12.34,190010.221,I,derivative,Phantom Stock (unitized),Common Stock,5417.0,,
732712,2025-02-28,VZ,Malady Kyle,,0001062993-25-003946,2025-02-27,A,8400.816,12.34,374935.693,I,derivative,Phantom Stock (unitized),Common Stock,2397.0,,
732712,2025-02-28,VZ,Russo Joseph J.,,0001062993-25-003947,2025-02-27,A,11353.263,12.34,64063.975,I,derivative,Phantom Stock (unitized),Common Stock,3239.0,,
732712,2025-02-28,VZ,Hammock Samantha,,0001062993-25-003944,2025-02-27,A,5711.684,12.34,26215.994,I,derivative,Phantom Stock (unitized),Common Stock,1629.0,,
732712,2025-03-04,VZ,Hammock Samantha,,0001062993-25-004304,2025-03-01,M,15058.0,,30117.0,D,derivative,Restricted Stock Units - 2024 Award,Common Stock,15058.0,,
732712,2025-03-04,VZ,Hammock Samantha,,0001062993-25-004304,2025-03-01,M,9083.0,,25786.0,D,non_derivative,Common Stock,,,,
732712,2025-03-04,VZ,Stillwell Mary-Lee,,0001062993-25-004311,2025-03-01,M,8864.0,,8864.0,D,derivative,Restricted Stock Units - 2023 Award,Common Stock,8864.0,,
732712,2025-03-04,VZ,Malady Kyle,,0001062993-25-004305,2025-03-01,F,9146.0,43.1,10532.0,D,non_derivative,Common Stock,,,,
732712,2025-03-04,VZ,Hammock Samantha,,0001062993-25-004304,2025-03-01,M,9083.0,,0.0,D,derivative,Restricted Stock Units - 2022 Award,Common Stock,9083.0,,
732712,2025-03-04,VZ,Venkatesh Vandana,,0001062993-25-004323,2025-03-01,M,4717.0,,0.0,D,derivative,Restricted Stock Units - 2022 Award,Common Stock,4717.0,,
732712,2025-03-04,VZ,Venkatesh Vandana,,0001062993-25-004323,2025-03-01,M,4717.0,,19176.0,D,,,,,,
732712,2025-03-04,VZ,Malady Kyle,,0001062993-25-004305,2025-03-01,M,31914.0,,31915.0,D,derivative,Restricted Stock Units - 2023 Award,Common Stock,31914.0,,
732712,2025-03-04,VZ,Sampath Sowmyanarayan,,0001062993-25-004307,2025-03-01,F,10989.0,43.1,98506.0,D,non_derivative,Common Stock,,,,
732712,2025-03-04,VZ,Vestberg Hans Erik,,0001062993-25-004302,2025-03-01,M,57845.0,,57845.0,D,derivative,Restricted Stock Units - 2023 Award,Common Stock,57845.0,,
732712,2025-03-04,VZ,Russo Joseph J.,,0001062993-25-004306,2025-03-01,M,3784.0,,36294.0,D,non_derivative,Common Stock,,,,
732712,2025-03-04,VZ,Skiadas Anthony T,,0001062993-25-004309,2025-03-01,M,33990.0,,33991.0,D,derivative,Restricted Stock Units - 2023 Award,Common Stock,33990.0,,
732712,2025-03-04,VZ,Malady Kyle,,0001062993-25-004305,2025-03-01,M,19678.0,,19678.0,D,,,,,,
732712,2025-03-04,VZ,Russo Joseph J.,,0001062993-25-004306,2025-03-01,F,1847.0,43.1,34447.0,D,non_derivative,Common Stock,,,,
732712,2025-03-04,VZ,Russo Joseph J.,,0001062993-25-004306,2025-03-01,M,3784.0,,36294.0,D,,,,,,
732712,2025-03-04,VZ,Sampath Sowmyanarayan,,0001062993-25-004307,2025-03-01,M,35431.0,,70863.0,D,derivative,Restricted Stock Units - 2024 Award,Common Stock,35431.0,,
732712,2025-03-04,VZ,Hammock Samantha,,0001062993-25-004304,2025-03-01,M,15957.0,,15958.0,D,derivative,Restricted Stock Units - 2023 Award,Common Stock,15957.0,,
732712,2025-03-04,VZ,Stillwell Mary-Lee,,0001062993-25-004311,2025-03-01,F,415.0,43.1,19710.0,D,,,,,,
732712,2025-03-04,VZ,Russo Joseph J.,,0001062993-25-004306,2025-03-01,M,15058.0,,30117.0,D,derivative,Restricted Stock Units - 2024 Award,Common Stock,15058.0,,
732712,2025-03-04,VZ,Vestberg Hans Erik,,0001062993-25-004302,2025-03-01,M,43895.0,,190105.0,D,non_derivative,Common Stock,,,,
732712,2025-03-04,VZ,Sampath Sowmyanarayan,,0001062993-25-004307,2025-03-01,M,33903.0,,33904.0,D,derivative,Restricted Stock Units - 2023 Award,Common Stock,33903.0,,
732712,2025-03-04,VZ,Vestberg Hans Erik,,0001062993-25-004302,2025-03-01,M,43895.0,,0.0,D,derivative,Restricted Stock Units - 2022 Award,Common Stock,43895.0,,
732712,2025-03-04,VZ,Skiadas Anthony T,,0001062993-25-004309,2025-03-01,M,6661.0,,89871.0,D,,,,,,
732712,2025-03-04,VZ,Malady Kyle,,0001062993-25-004305,2025-03-01,M,32774.0,,65548.0,D,derivative,Restricted Stock Units - 2024 Award,Common Stock,32774.0,,
732712,2025-03-04,VZ,Malady Kyle,,0001062993-25-004305,2025-03-01,F,9146.0,43.1,10532.0,D,,,,,,
732712,2025-03-04,VZ,Russo Joseph J.,,0001062993-25-004306,2025-03-01,M,3784.0,,0.0,D,derivative,Restricted Stock Units - 2022 Award,Common Stock,3784.0,,
732712,2025-03-04,VZ,Sampath Sowmyanarayan,,0001062993-25-004307,2025-03-01,M,21483.0,,109495.0,D,non_derivative,Common Stock,,,,
732712,2025-03-04,VZ,Malady Kyle,,0001062993-25-004305,2025-03-01,M,19678.0,,0.0,D,derivative,Restricted Stock Units - 2022 Award,Common Stock,19678.0,,
732712,2025-03-04,VZ,Venkatesh Vandana,,0001062993-25-004323,2025-03-01,M,4717.0,,19176.0,D,non_derivative,Common Stock,,,,
732712,2025-03-04,VZ,Russo Joseph J.,,0001062993-25-004306,2025-03-01,F,1847.0,43.1,34447.0,D,,,,,,
732712,2025-03-04,VZ,Skiadas Anthony T,,0001062993-25-004309,2025-03-01,F,3251.0,43.1,86620.0,D,non_derivative,Common Stock,,,,
732712,2025-03-04,VZ,Vestberg Hans Erik,,0001062993-25-004302,2025-03-01,M,43895.0,,190105.0,D,,,,,,
732712,2025-03-04,VZ,Skiadas Anthony T,,0001062993-25-004309,2025-03-01,M,6661.0,,0.0,D,derivative,Restricted Stock Units - 2022 Award,Common Stock,6661.0,,
732712,2025-03-04,VZ,Stillwell Mary-Lee,,0001062993-25-004311,2025-03-01,F,415.0,43.1,19710.0,D,non_derivative,Common Stock,,,,
732712,2025-03-04,VZ,Hammock Samantha,,0001062993-25-004304,2025-03-01,M,9083.0,,25786.0,D,,,,,,
732712,2025-03-04,VZ,Russo Joseph J.,,0001062993-25-004306,2025-03-01,M,17827.0,,17827.0,D,derivative,Restricted Stock Units - 2023 Award,Common Stock,17827.0,,
732712,2025-03-04,VZ,Stillwell Mary-Lee,,0001062993-25-004311,2025-03-01,M,1457.0,,20125.0,D,,,,,,
732712,2025-03-04,VZ,Venkatesh Vandana,,0001062993-25-004323,2025-03-01,F,2303.0,43.1,16873.0,D,non_derivative,Common Stock,,,,
732712,2025-03-04,VZ,Malady Kyle,,0001062993-25-004305,2025-03-01,M,31914.0,,42446.0,D,non_derivative,Common  Stock,,,,
732712,2025-03-04,VZ,Venkatesh Vandana,,0001062993-25-004323,2025-03-01,M,15943.0,,31889.0,D,derivative,Restricted Stock Units - 2024 Award,Common Stock,15943.0,,
732712,2025-03-04,VZ,Stillwell Mary-Lee,,0001062993-25-004311,2025-03-01,M,1457.0,,20125.0,D,non_derivative,Common Stock,,,,
732712,2025-03-04,VZ,Stillwell Mary-Lee,,0001062993-25-004311,2025-03-01,M,1457.0,,0.0,D,derivative,Restricted Stock Units - 2022 Award,Common Stock,1457.0,,
732712,2025-03-04,VZ,Skiadas Anthony T,,0001062993-25-004309,2025-03-01,M,30116.0,,60234.0,D,derivative,Restricted Stock Units - 2024 Award,Common Stock,30116.0,,
732712,2025-03-04,VZ,Sampath Sowmyanarayan,,0001062993-25-004307,2025-03-01,M,21483.0,,109495.0,D,,,,,,
732712,2025-03-04,VZ,Vestberg Hans Erik,,0001062993-25-004302,2025-03-01,F,24287.0,43.1,165818.0,D,non_derivative,Common Stock,,,,
732712,2025-03-04,VZ,Sampath Sowmyanarayan,,0001062993-25-004307,2025-03-01,M,21483.0,,0.0,D,derivative,Restricted Stock Units - 2022 Award,Common Stock,21483.0,,
732712,2025-03-04,VZ,Hammock Samantha,,0001062993-25-004304,2025-03-01,F,4646.0,43.1,21140.0,D,,,,,,
732712,2025-03-04,VZ,Skiadas Anthony T,,0001062993-25-004309,2025-03-01,F,3251.0,43.1,86620.0,D,,,,,,
732712,2025-03-04,VZ,Malady Kyle,,0001062993-25-004305,2025-03-01,M,19678.0,,19678.0,D,non_derivative,Common Stock,,,,
732712,2025-03-04,VZ,Vestberg Hans Erik,,0001062993-25-004302,2025-03-01,M,51376.0,,102751.0,D,derivative,Restricted Stock Units - 2024 Award,Common Stock,51376.0,,
732712,2025-03-04,VZ,Venkatesh Vandana,,0001062993-25-004323,2025-03-01,M,13963.0,,13963.0,D,derivative,Restricted Stock Units - 2023 Award,Common Stock,13963.0,,
732712,2025-03-04,VZ,Sampath Sowmyanarayan,,0001062993-25-004307,2025-03-01,F,10989.0,43.1,98506.0,D,,,,,,
732712,2025-03-04,VZ,Venkatesh Vandana,,0001062993-25-004323,2025-03-01,F,2303.0,43.1,16873.0,D,,,,,,
732712,2025-03-04,VZ,Skiadas Anthony T,,0001062993-25-004309,2025-03-01,M,6661.0,,89871.0,D,non_derivative,Common Stock,,,,
732712,2025-03-04,VZ,Stillwell Mary-Lee,,0001062993-25-004311,2025-03-01,M,9300.0,,18603.0,D,derivative,Restricted Stock Units - 2024 Award,Common Stock,9300.0,,
732712,2025-03-04,VZ,Vestberg Hans Erik,,0001062993-25-004302,2025-03-01,F,24287.0,43.1,165818.0,D,,,,,,
732712,2025-03-04,VZ,Hammock Samantha,,0001062993-25-004304,2025-03-01,F,4646.0,43.1,21140.0,D,non_derivative,Common Stock,,,,
732712,2025-03-14,VZ,Hammock Samantha,,0001062993-25-005463,2025-03-13,A,93.915,12.47,26309.909,I,derivative,Phantom Stock (unitized),Common Stock,27.0,,
732712,2025-03-14,VZ,Russo Joseph J.,,0001062993-25-005465,2025-03-13,A,133.702,12.47,64197.677,I,derivative,Phantom Stock (unitized),Common Stock,38.0,,
732712,2025-03-14,VZ,Malady Kyle,,0001062993-25-005464,2025-03-13,A,138.791,12.47,375074.484,I,derivative,Phantom Stock (unitized),Common Stock,40.0,,
732712,2025-03-14,VZ,Vestberg Hans Erik,,0001062993-25-005462,2025-03-13,A,212.813,12.47,190223.034,I,derivative,Phantom Stock (unitized),Common Stock,61.0,,
732712,2025-03-14,VZ,Skiadas Anthony T,,0001062993-25-005469,2025-03-13,A,199.859,12.47,122318.323,I,derivative,Phantom Stock (unitized),Common Stock,57.0,,
732712,2025-03-14,VZ,Sampath Sowmyanarayan,,0001062993-25-005467,2025-03-13,A,157.297,12.47,124973.038,I,derivative,Phantom Stock (unitized),Common Stock,45.0,,
732712,2025-03-14,VZ,Venkatesh Vandana,,0001062993-25-005474,2025-03-13,A,223.916,12.47,43678.463,I,derivative,Phantom Stock (unitized),Common Stock,64.0,,
732712,2025-03-14,VZ,Stillwell Mary-Lee,,0001062993-25-005471,2025-03-13,A,76.798,12.47,11490.636,I,derivative,Phantom Stock (unitized),Common Stock,22.0,,
732712,2025-03-20,VZ,Stillwell Mary-Lee,,0001062993-25-006001,2025-03-18,A,25323.0,0.0,25323.0,D,derivative,Restricted Stock Units - 2025 Award,Common Stock,25323.0,,
732712,2025-03-20,VZ,Russo Joseph J.,,0001062993-25-005985,2025-03-18,A,38436.0,0.0,38436.0,D,derivative,Restricted Stock Units - 2025 Award,Common Stock,38436.0,,
732712,2025-03-20,VZ,Malady Kyle,,0001062993-25-005983,2025-03-18,A,88176.0,0.0,88176.0,D,derivative,Restricted Stock Units - 2025 Award,Common Stock,88176.0,,
732712,2025-03-20,VZ,Narasimhan Laxman,,0001062993-25-005975,2025-03-18,A,4748.0,0.0,26327.0,I,derivative,Phantom Stock,Common Stock,4748.0,,
732712,2025-03-20,VZ,Sampath Sowmyanarayan,,0001062993-25-005989,2025-03-18,A,99480.0,0.0,99480.0,D,derivative,Restricted Stock Units - 2025 Award,Common Stock,99480.0,,
732712,2025-03-20,VZ,Skiadas Anthony T,,0001062993-25-005992,2025-03-18,A,81393.0,0.0,81393.0,D,derivative,Restricted Stock Units - 2025 Award,Common Stock,81393.0,,
732712,2025-03-20,VZ,Hammock Samantha,,0001062993-25-005981,2025-03-18,A,38436.0,0.0,38436.0,D,derivative,Restricted Stock Units - 2025 Award,Common Stock,38436.0,,
732712,2025-03-20,VZ,TOME CAROL B,,0001062993-25-005977,2025-03-18,A,4748.0,0.0,21908.0,I,derivative,Phantom Stock,Common Stock,4748.0,,
732712,2025-03-20,VZ,Vestberg Hans Erik,,0001062993-25-005979,2025-03-18,A,186525.0,0.0,186525.0,D,derivative,Restricted Stock Units - 2025 Award,Common Stock,186525.0,,
732712,2025-03-20,VZ,ARCHAMBEAU SHELLYE L,,0001062993-25-005968,2025-03-18,A,4748.0,0.0,64596.0,I,derivative,Phantom Stock,Common Stock,4748.0,,
732712,2025-03-20,VZ,SLATER RODNEY E,,0001062993-25-005976,2025-03-18,A,4748.0,0.0,94376.0,I,derivative,Phantom Stock,Common Stock,4748.0,,
732712,2025-03-20,VZ,Venkatesh Vandana,,0001062993-25-005998,2025-03-18,A,45219.0,0.0,45219.0,D,derivative,Restricted Stock Units - 2025 Award,Common Stock,45219.0,,
732712,2025-03-20,VZ,Litchfield Caroline,,0001062993-25-005972,2025-03-18,A,4748.0,0.0,5948.0,I,derivative,Phantom Stock,Common Stock,4748.0,,
732712,2025-03-20,VZ,Colao Vittorio,,0001062993-25-005971,2025-03-18,A,4748.0,0.0,17523.0,I,derivative,Phantom Stock,Common Stock,4748.0,,
732712,2025-03-20,VZ,SCHULMAN DANIEL H,,0001062993-25-005974,2025-03-18,A,4748.0,0.0,38759.0,I,derivative,Phantom Stock,Common Stock,4748.0,,
732712,2025-03-20,VZ,Bertolini Mark T,,0001062993-25-005970,2025-03-18,A,4748.0,0.0,57880.0,I,derivative,Phantom Stock,Common Stock,4748.0,,
732712,2025-03-20,VZ,AUSTIN ROXANNE S,,0001062993-25-005969,2025-03-18,A,4748.0,0.0,29485.0,I,derivative,Phantom Stock,Common Stock,4748.0,,
732712,2025-03-20,VZ,OTIS CLARENCE JR,,0001062993-25-005973,2025-03-18,A,4748.0,0.0,138248.0,I,derivative,Phantom Stock,Common Stock,4748.0,,
732712,2025-03-28,VZ,Hammock Samantha,,0001062993-25-006463,2025-03-27,A,76.476,12.82,26386.385,I,derivative,Phantom Stock (unitized),Common Stock,22.0,,
732712,2025-03-28,VZ,Malady Kyle,,0001062993-25-006464,2025-03-27,A,134.958,12.82,375209.442,I,derivative,Phantom Stock (unitized),Common Stock,38.0,,
732712,2025-03-28,VZ,Vestberg Hans Erik,,0001062993-25-006462,2025-03-27,A,206.936,12.82,190429.97,I,derivative,Phantom Stock (unitized),Common Stock,59.0,,
732712,2025-03-28,VZ,Venkatesh Vandana,,0001062993-25-006475,2025-03-27,A,98.969,12.82,43777.432,I,derivative,Phantom Stock (unitized),Common Stock,28.0,,
732712,2025-03-28,VZ,Sampath Sowmyanarayan,,0001062993-25-006474,2025-03-27,A,152.953,12.82,125125.991,I,derivative,Phantom Stock (unitized),Common Stock,44.0,,
732712,2025-03-28,VZ,Stillwell Mary-Lee,,0001062993-25-006470,2025-03-27,A,44.986,12.82,11535.622,I,derivative,Phantom Stock (unitized),Common Stock,13.0,,
732712,2025-03-28,VZ,Russo Joseph J.,,0001062993-25-006465,2025-03-27,A,85.473,12.82,64283.15,I,derivative,Phantom Stock (unitized),Common Stock,24.0,,
732712,2025-03-28,VZ,Skiadas Anthony T,,0001062993-25-006469,2025-03-27,A,134.958,12.82,122453.281,I,derivative,Phantom Stock (unitized),Common Stock,38.0,,
732712,2025-04-11,VZ,Russo Joseph J.,,0001062993-25-007358,2025-04-10,A,89.5,12.25,64372.65,I,derivative,Phantom Stock (unitized),Common Stock,26.0,,
732712,2025-04-11,VZ,Skiadas Anthony T,,0001062993-25-007360,2025-04-10,A,141.316,12.25,122594.597,I,derivative,Phantom Stock (unitized),Common Stock,40.0,,
732712,2025-04-11,VZ,Sampath Sowmyanarayan,,0001062993-25-007359,2025-04-10,A,160.158,12.25,125286.149,I,derivative,Phantom Stock (unitized),Common Stock,46.0,,
732712,2025-04-11,VZ,Hammock Samantha,,0001062993-25-007356,2025-04-10,A,80.079,12.25,26466.464,I,derivative,Phantom Stock (unitized),Common Stock,23.0,,
732712,2025-04-11,VZ,Vestberg Hans Erik,,0001062993-25-007355,2025-04-10,A,216.685,12.25,190646.655,I,derivative,Phantom Stock (unitized),Common Stock,62.0,,
732712,2025-04-11,VZ,Malady Kyle,,0001062993-25-007357,2025-04-10,A,141.316,12.25,375350.758,I,derivative,Phantom Stock (unitized),Common Stock,40.0,,
732712,2025-04-11,VZ,Venkatesh Vandana,,0001062993-25-007362,2025-04-10,A,103.632,12.25,43881.064,I,derivative,Phantom Stock (unitized),Common Stock,30.0,,
732712,2025-04-11,VZ,Stillwell Mary-Lee,,0001062993-25-007361,2025-04-10,A,47.105,12.25,11582.727,I,derivative,Phantom Stock (unitized),Common Stock,13.0,,
732712,2025-04-24,VZ,Malady Kyle,,0001062993-25-007882,2025-04-23,S,5000.0,42.485,36508.0,D,,,,,,
732712,2025-04-24,VZ,Malady Kyle,,0001062993-25-007882,2025-04-23,S,5000.0,42.485,36508.0,D,non_derivative,Common Stock,,,,
732712,2025-04-25,VZ,Skiadas Anthony T,,0001062993-25-008036,2025-04-24,A,141.671,12.22,122736.268,I,derivative,Phantom Stock (unitized),Common Stock,40.0,,
732712,2025-04-25,VZ,Vestberg Hans Erik,,0001062993-25-008024,2025-04-24,A,217.228,12.22,190863.883,I,derivative,Phantom Stock (unitized),Common Stock,62.0,,
732712,2025-04-25,VZ,Hammock Samantha,,0001062993-25-008026,2025-04-24,A,80.28,12.22,26546.744,I,derivative,Phantom Stock (unitized),Common Stock,23.0,,
732712,2025-04-25,VZ,Malady Kyle,,0001062993-25-008027,2025-04-24,A,141.671,12.22,375492.429,I,derivative,Phantom Stock (unitized),Common Stock,40.0,,
732712,2025-04-25,VZ,Malady Kyle,,0001062993-25-008027,2025-04-24,S,10000.0,43.024,26508.0,D,,,,,,
732712,2025-04-25,VZ,Venkatesh Vandana,,0001062993-25-008035,2025-04-24,A,103.892,12.22,43984.956,I,derivative,Phantom Stock (unitized),Common Stock,30.0,,
732712,2025-04-25,VZ,Malady Kyle,,0001062993-25-008027,2025-04-24,S,10000.0,43.024,26508.0,D,non_derivative,Common Stock,,,,
732712,2025-04-25,VZ,Stillwell Mary-Lee,,0001062993-25-008032,2025-04-24,A,47.223,12.22,11629.95,I,derivative,Phantom Stock (unitized),Common Stock,13.0,,
732712,2025-04-25,VZ,Russo Joseph J.,,0001062993-25-008029,2025-04-24,A,89.724,12.22,64462.374,I,derivative,Phantom Stock (unitized),Common Stock,26.0,,
732712,2025-04-25,VZ,Sampath Sowmyanarayan,,0001062993-25-008031,2025-04-24,A,160.56,12.22,125446.709,I,derivative,Phantom Stock (unitized),Common Stock,46.0,,
732712,2025-05-01,VZ,Malady Kyle,,0001062993-25-008301,2025-04-30,S,7500.0,43.875,19008.0,D,non_derivative,Common Stock,,,,
732712,2025-05-01,VZ,Malady Kyle,,0001062993-25-008301,2025-04-30,S,7500.0,43.875,19008.0,D,,,,,,
732712,2025-05-08,VZ,Malady Kyle,,0001062993-25-008915,2025-05-07,S,9000.0,44.1,10008.0,D,,,,,,
732712,2025-05-08,VZ,Malady Kyle,,0001062993-25-008915,2025-05-07,S,9000.0,44.1,10008.0,D,non_derivative,Common Stock,,,,
732712,2025-05-09,VZ,Hammock Samantha,,0001062993-25-008986,2025-05-08,A,78.828,12.44,27035.587,I,derivative,Phantom Stock (unitized),Common Stock,22.0,,
732712,2025-05-09,VZ,Vestberg Hans Erik,,0001062993-25-008985,2025-05-08,A,213.299,12.44,194036.25,I,derivative,Phantom Stock (unitized),Common Stock,61.0,,
732712,2025-05-09,VZ,Malady Kyle,,0001062993-25-008987,2025-05-08,S,9701.0,43.81,307.0,D,non_derivative,Common Stock,,,,
732712,2025-05-09,VZ,Skiadas Anthony T,,0001062993-25-008990,2025-05-08,A,139.108,12.44,124778.164,I,derivative,Phantom Stock (unitized),Common Stock,40.0,,
732712,2025-05-09,VZ,Stillwell Mary-Lee,,0001062993-25-008991,2025-05-08,A,46.369,12.44,11855.569,I,derivative,Phantom Stock (unitized),Common Stock,13.0,,
732712,2025-05-09,VZ,Russo Joseph J.,,0001062993-25-008988,2025-05-08,A,88.101,12.44,65549.364,I,derivative,Phantom Stock (unitized),Common Stock,25.0,,
732712,2025-05-09,VZ,Venkatesh Vandana,,0001062993-25-008993,2025-05-08,A,102.012,12.44,44767.22,I,derivative,Phantom Stock (unitized),Common Stock,29.0,,
732712,2025-05-09,VZ,Malady Kyle,,0001062993-25-008987,2025-05-08,S,9701.0,43.81,307.0,D,,,,,,
732712,2025-05-09,VZ,Malady Kyle,,0001062993-25-008987,2025-05-08,A,139.108,12.44,381461.872,I,derivative,Phantom Stock (unitized),Common Stock,40.0,,
732712,2025-05-09,VZ,Sampath Sowmyanarayan,,0001062993-25-008989,2025-05-08,A,157.656,12.44,127548.682,I,derivative,Phantom Stock (unitized),Common Stock,45.0,,
732712,2025-05-23,VZ,Stillwell Mary-Lee,,0001062993-25-010216,2025-05-22,A,46.881,12.31,11902.45,I,derivative,Phantom Stock (unitized),Common Stock,13.0,,
732712,2025-05-23,VZ,Skiadas Anthony T,,0001062993-25-010217,2025-05-22,A,140.645,12.31,124918.809,I,derivative,Phantom Stock (unitized),Common Stock,40.0,,
732712,2025-05-23,VZ,Sampath Sowmyanarayan,,0001062993-25-010215,2025-05-22,A,159.397,12.31,127708.079,I,derivative,Phantom Stock (unitized),Common Stock,45.0,,
732712,2025-05-23,VZ,Venkatesh Vandana,,0001062993-25-010218,2025-05-22,A,103.139,12.31,44870.359,I,derivative,Phantom Stock (unitized),Common Stock,29.0,,
732712,2025-05-23,VZ,Hammock Samantha,,0001062993-25-010212,2025-05-22,A,79.699,12.31,27115.286,I,derivative,Phantom Stock (unitized),Common Stock,23.0,,
732712,2025-05-23,VZ,Vestberg Hans Erik,,0001062993-25-010211,2025-05-22,A,215.655,12.31,194251.905,I,derivative,Phantom Stock (unitized),Common Stock,62.0,,
732712,2025-05-23,VZ,Russo Joseph J.,,0001062993-25-010214,2025-05-22,A,89.075,12.31,65638.439,I,derivative,Phantom Stock (unitized),Common Stock,25.0,,
732712,2025-05-23,VZ,Malady Kyle,,0001062993-25-010213,2025-05-22,A,140.645,12.31,381602.517,I,derivative,Phantom Stock (unitized),Common Stock,40.0,,
732712,2025-05-28,VZ,Vestberg Hans Erik,,0001062993-25-010435,2025-05-23,G,18789.0,0.0,334785.0,I,,,,,,
732712,2025-05-28,VZ,Vestberg Hans Erik,,0001062993-25-010435,2025-05-23,G,18789.0,0.0,334785.0,I,non_derivative,Common Stock,,,,
732712,2025-06-09,VZ,Vestberg Hans Erik,,0001062993-25-011196,2025-06-05,A,214.815,12.35,194466.72,I,derivative,Phantom Stock (unitized),Common Stock,61.0,,
732712,2025-06-09,VZ,Hammock Samantha,,0001062993-25-011198,2025-06-05,A,79.388,12.35,27194.674,I,derivative,Phantom Stock (unitized),Common Stock,23.0,,
732712,2025-06-09,VZ,Malady Kyle,,0001062993-25-011199,2025-06-05,A,140.097,12.35,381742.614,I,derivative,Phantom Stock (unitized),Common Stock,40.0,,
732712,2025-06-09,VZ,Venkatesh Vandana,,0001062993-25-011204,2025-06-05,A,102.737,12.35,44973.096,I,derivative,Phantom Stock (unitized),Common Stock,29.0,,
732712,2025-06-09,VZ,Skiadas Anthony T,,0001062993-25-011203,2025-06-05,A,140.097,12.35,125058.906,I,derivative,Phantom Stock (unitized),Common Stock,40.0,,
732712,2025-06-09,VZ,Stillwell Mary-Lee,,0001062993-25-011202,2025-06-05,A,46.699,12.35,11949.149,I,derivative,Phantom Stock (unitized),Common Stock,13.0,,
732712,2025-06-09,VZ,Sampath Sowmyanarayan,,0001062993-25-011201,2025-06-05,A,158.776,12.35,127866.855,I,derivative,Phantom Stock (unitized),Common Stock,45.0,,
732712,2025-06-09,VZ,Russo Joseph J.,,0001062993-25-011200,2025-06-05,A,88.727,12.35,65727.166,I,derivative,Phantom Stock (unitized),Common Stock,25.0,,
732712,2025-06-20,VZ,Hammock Samantha,,0001062993-25-011978,2025-06-18,A,82.466,11.89,27277.14,I,derivative,Phantom Stock (unitized),Common Stock,24.0,,
732712,2025-06-20,VZ,Stillwell Mary-Lee,,0001062993-25-011983,2025-06-18,A,48.509,11.89,11997.658,I,derivative,Phantom Stock (unitized),Common Stock,14.0,,
732712,2025-06-20,VZ,Malady Kyle,,0001062993-25-011981,2025-06-18,A,145.529,11.89,381888.143,I,derivative,Phantom Stock (unitized),Common Stock,42.0,,
732712,2025-06-20,VZ,Venkatesh Vandana,,0001062993-25-011979,2025-06-18,A,106.721,11.89,45079.817,I,derivative,Phantom Stock (unitized),Common Stock,30.0,,
732712,2025-06-20,VZ,Sampath Sowmyanarayan,,0001062993-25-011977,2025-06-18,A,164.933,11.89,128031.788,I,derivative,Phantom Stock (unitized),Common Stock,47.0,,
732712,2025-06-20,VZ,Russo Joseph J.,,0001062993-25-011976,2025-06-18,A,92.168,11.89,65819.334,I,derivative,Phantom Stock (unitized),Common Stock,26.0,,
732712,2025-06-20,VZ,Vestberg Hans Erik,,0001062993-25-011972,2025-06-18,A,223.145,11.89,194689.865,I,derivative,Phantom Stock (unitized),Common Stock,64.0,,
732712,2025-06-20,VZ,Skiadas Anthony T,,0001062993-25-011984,2025-06-18,A,145.529,11.89,125204.435,I,derivative,Phantom Stock (unitized),Common Stock,42.0,,
732712,2025-07-07,VZ,Vestberg Hans Erik,,0000732712-25-000051,2025-07-02,A,213.383,12.44,194903.248,I,derivative,Phantom Stock (unitized),Common Stock,61.0,,
732712,2025-07-07,VZ,Hammock Samantha,,0000732712-25-000053,2025-07-02,A,78.859,12.44,27355.999,I,derivative,Phantom Stock (unitized),Common Stock,22.0,,
732712,2025-07-07,VZ,Stillwell Mary-Lee,,0000732712-25-000049,2025-07-02,A,46.387,12.44,12044.045,I,derivative,Phantom Stock (unitized),Common Stock,13.0,,
732712,2025-07-07,VZ,Malady Kyle,,0000732712-25-000055,2025-07-02,A,139.163,12.44,382027.306,I,derivative,Phantom Stock (unitized),Common Stock,40.0,,
732712,2025-07-07,VZ,Skiadas Anthony T,,0000732712-25-000061,2025-07-02,A,139.163,12.44,125343.598,I,derivative,Phantom Stock (unitized),Common Stock,40.0,,
732712,2025-07-07,VZ,Sampath Sowmyanarayan,,0000732712-25-000059,2025-07-02,A,157.718,12.44,128189.506,I,derivative,Phantom Stock (unitized),Common Stock,45.0,,
732712,2025-07-07,VZ,Russo Joseph J.,,0000732712-25-000057,2025-07-02,A,88.136,12.44,65907.47,I,derivative,Phantom Stock (unitized),Common Stock,25.0,,
732712,2025-07-07,VZ,Venkatesh Vandana,,0000732712-25-000063,2025-07-02,A,102.052,12.44,45181.869,I,derivative,Phantom Stock (unitized),Common Stock,29.0,,
732712,2025-07-18,VZ,Vestberg Hans Erik,,0000732712-25-000068,2025-07-17,A,227.017,11.69,195130.265,I,derivative,Phantom Stock (unitized),Common Stock,65.0,,
732712,2025-07-18,VZ,Sampath Sowmyanarayan,,0000732712-25-000075,2025-07-17,A,167.795,11.69,128357.301,I,derivative,Phantom Stock (unitized),Common Stock,48.0,,
732712,2025-07-18,VZ,Venkatesh Vandana,,0000732712-25-000081,2025-07-17,A,108.573,11.69,45290.442,I,derivative,Phantom Stock (unitized),Common Stock,31.0,,
732712,2025-07-18,VZ,Hammock Samantha,,0000732712-25-000070,2025-07-17,A,83.897,11.69,27439.896,I,derivative,Phantom Stock (unitized),Common Stock,24.0,,
732712,2025-07-18,VZ,Malady Kyle,,0000732712-25-000077,2025-07-17,A,148.054,11.69,382175.36,I,derivative,Phantom Stock (unitized),Common Stock,42.0,,
732712,2025-07-18,VZ,Stillwell Mary-Lee,,0000732712-25-000066,2025-07-17,A,49.351,11.69,12093.396,I,derivative,Phantom Stock (unitized),Common Stock,14.0,,
732712,2025-07-18,VZ,Russo Joseph J.,,0000732712-25-000073,2025-07-17,A,93.767,11.69,66001.237,I,derivative,Phantom Stock (unitized),Common Stock,27.0,,
732712,2025-07-18,VZ,Skiadas Anthony T,,0000732712-25-000079,2025-07-17,A,148.054,11.69,125491.652,I,derivative,Phantom Stock (unitized),Common Stock,42.0,,
732712,2025-08-01,VZ,Malady Kyle,,0000732712-25-000092,2025-07-31,A,141.835,12.2,382317.195,I,derivative,Phantom Stock (unitized),Common Stock,40.0,,
732712,2025-08-01,VZ,Vestberg Hans Erik,,0000732712-25-000088,2025-07-31,A,217.48,12.2,195347.745,I,derivative,Phantom Stock (unitized),Common Stock,62.0,,
732712,2025-08-01,VZ,Hammock Samantha,,0000732712-25-000090,2025-07-31,A,80.373,12.2,27520.269,I,derivative,Phantom Stock (unitized),Common Stock,23.0,,
732712,2025-08-01,VZ,Sampath Sowmyanarayan,,0000732712-25-000096,2025-07-31,A,160.746,12.2,128518.047,I,derivative,Phantom Stock (unitized),Common Stock,46.0,,
732712,2025-08-01,VZ,Russo Joseph J.,,0000732712-25-000094,2025-07-31,A,89.828,12.2,66091.065,I,derivative,Phantom Stock (unitized),Common Stock,26.0,,
732712,2025-08-01,VZ,Skiadas Anthony T,,0000732712-25-000098,2025-07-31,A,141.835,12.2,125633.487,I,derivative,Phantom Stock (unitized),Common Stock,40.0,,
732712,2025-08-01,VZ,Stillwell Mary-Lee,,0000732712-25-000100,2025-07-31,A,47.278,12.2,12140.674,I,derivative,Phantom Stock (unitized),Common Stock,13.0,,
732712,2025-08-01,VZ,Venkatesh Vandana,,0000732712-25-000102,2025-07-31,A,104.012,12.2,45394.454,I,derivative,Phantom Stock (unitized),Common Stock,30.0,,
732712,2025-08-15,VZ,Vestberg Hans Erik,,0001702684-25-000006,2025-08-14,A,213.803,12.41,198615.606,I,derivative,Phantom Stock (unitized),Common Stock,61.0,,
732712,2025-08-15,VZ,Hammock Samantha,,0001896468-25-000008,2025-08-14,A,79.014,12.41,28027.942,I,derivative,Phantom Stock (unitized),Common Stock,23.0,,
732712,2025-08-15,VZ,Malady Kyle,,0001760581-25-000006,2025-08-14,A,139.437,12.41,388442.851,I,derivative,Phantom Stock (unitized),Common Stock,40.0,,
732712,2025-08-15,VZ,Venkatesh Vandana,,0001950027-25-000007,2025-08-14,A,102.253,12.41,46204.689,I,derivative,Phantom Stock (unitized),Common Stock,29.0,,
732712,2025-08-15,VZ,Sampath Sowmyanarayan,,0001934923-25-000006,2025-08-14,A,158.028,12.41,130684.755,I,derivative,Phantom Stock (unitized),Common Stock,45.0,,
732712,2025-08-15,VZ,Stillwell Mary-Lee,,0001750052-25-000008,2025-08-14,A,46.479,12.41,12375.879,I,derivative,Phantom Stock (unitized),Common Stock,13.0,,
732712,2025-08-15,VZ,Skiadas Anthony T,,0001578926-25-000007,2025-08-14,A,139.437,12.41,127737.009,I,derivative,Phantom Stock (unitized),Common Stock,40.0,,
732712,2025-08-15,VZ,Russo Joseph J.,,0001968243-25-000007,2025-08-14,A,88.31,12.41,67212.119,I,derivative,Phantom Stock (unitized),Common Stock,25.0,,
732712,2025-08-20,VZ,Vestberg Hans Erik,,0001702684-25-000009,2025-08-18,G,32258.0,0.0,345885.0,I,,,,,,
732712,2025-08-20,VZ,Vestberg Hans Erik,,0001702684-25-000009,2025-08-18,G,32258.0,0.0,345885.0,I,non_derivative,Common Stock,,,,
732712,2025-08-26,VZ,MANN JENNIFER K,,0000732712-25-000107,2025-08-25,A,1978.0,0.0,1978.0,I,derivative,Phantom Stock,Common  Stock,1978.0,,
732712,2025-08-29,VZ,Vestberg Hans Erik,,0001702684-25-000011,2025-08-28,A,211.724,12.53,198827.33,I,derivative,Phantom Stock (unitized),Common Stock,60.0,,
732712,2025-08-29,VZ,Sampath Sowmyanarayan,,0001934923-25-000008,2025-08-28,A,156.492,12.53,130841.247,I,derivative,Phantom Stock (unitized),Common Stock,45.0,,
732712,2025-08-29,VZ,Russo Joseph J.,,0001968243-25-000009,2025-08-28,A,87.451,12.53,67299.57,I,derivative,Phantom Stock (unitized),Common Stock,25.0,,
732712,2025-08-29,VZ,Malady Kyle,,0001760581-25-000008,2025-08-28,A,138.081,12.53,388580.932,I,derivative,Phantom Stock (unitized),Common Stock,39.0,,
732712,2025-08-29,VZ,Hammock Samantha,,0001896468-25-000010,2025-08-28,A,78.246,12.53,28106.188,I,derivative,Phantom Stock (unitized),Common Stock,22.0,,
732712,2025-08-29,VZ,Stillwell Mary-Lee,,0001750052-25-000010,2025-08-28,A,46.027,12.53,12421.906,I,derivative,Phantom Stock (unitized),Common Stock,13.0,,
732712,2025-08-29,VZ,Venkatesh Vandana,,0001950027-25-000009,2025-08-28,A,101.259,12.53,46305.948,I,derivative,Phantom Stock (unitized),Common Stock,29.0,,
732712,2025-08-29,VZ,Skiadas Anthony T,,0001578926-25-000009,2025-08-28,A,138.081,12.53,127875.09,I,derivative,Phantom Stock (unitized),Common Stock,39.0,,
732712,2025-09-12,VZ,Skiadas Anthony T,,0001578926-25-000013,2025-09-11,A,137.429,12.59,128012.519,I,derivative,Phantom Stock (unitized),Common Stock,39.0,,
732712,2025-09-12,VZ,Russo Joseph J.,,0001968243-25-000013,2025-09-11,A,87.038,12.59,67386.608,I,derivative,Phantom Stock (unitized),Common Stock,25.0,,
732712,2025-09-12,VZ,Venkatesh Vandana,,0001950027-25-000013,2025-09-11,A,100.781,12.59,46406.729,I,derivative,Phantom Stock (unitized),Common Stock,29.0,,
732712,2025-09-12,VZ,Sampath Sowmyanarayan,,0001934923-25-000012,2025-09-11,A,155.753,12.59,130997.0,I,derivative,Phantom Stock (unitized),Common Stock,44.0,,
732712,2025-09-12,VZ,Hammock Samantha,,0001896468-25-000014,2025-09-11,A,77.876,12.59,28184.064,I,derivative,Phantom Stock (unitized),Common Stock,22.0,,
732712,2025-09-12,VZ,Stillwell Mary-Lee,,0001750052-25-000014,2025-09-11,A,45.809,12.59,12467.715,I,derivative,Phantom Stock (unitized),Common Stock,13.0,,
732712,2025-09-12,VZ,Vestberg Hans Erik,,0001702684-25-000015,2025-09-11,A,210.724,12.59,199038.054,I,derivative,Phantom Stock (unitized),Common Stock,60.0,,
732712,2025-09-12,VZ,Malady Kyle,,0001760581-25-000012,2025-09-11,A,137.429,12.59,388718.361,I,derivative,Phantom Stock (unitized),Common Stock,39.0,,
732712,2025-09-26,VZ,Malady Kyle,,0001760581-25-000014,2025-09-25,A,139.915,12.37,388858.276,I,derivative,Phantom Stock (unitized),Common Stock,40.0,,
732712,2025-09-26,VZ,Vestberg Hans Erik,,0001702684-25-000017,2025-09-25,A,214.537,12.37,199252.591,I,derivative,Phantom Stock (unitized),Common Stock,61.0,,
732712,2025-09-26,VZ,Russo Joseph J.,,0001968243-25-000015,2025-09-25,A,88.613,12.37,67475.221,I,derivative,Phantom Stock (unitized),Common Stock,25.0,,
732712,2025-09-26,VZ,Hammock Samantha,,0001896468-25-000016,2025-09-25,A,79.285,12.37,28263.349,I,derivative,Phantom Stock (unitized),Common Stock,23.0,,
732712,2025-09-26,VZ,Skiadas Anthony T,,0001578926-25-000015,2025-09-25,A,139.915,12.37,128152.434,I,derivative,Phantom Stock (unitized),Common Stock,40.0,,
732712,2025-09-26,VZ,Sampath Sowmyanarayan,,0001934923-25-000014,2025-09-25,A,158.571,12.37,131155.571,I,derivative,Phantom Stock (unitized),Common Stock,45.0,,
732712,2025-09-26,VZ,Stillwell Mary-Lee,,0001750052-25-000016,2025-09-25,A,46.638,12.37,12514.353,I,derivative,Phantom Stock (unitized),Common Stock,13.0,,
732712,2025-09-26,VZ,Venkatesh Vandana,,0001950027-25-000015,2025-09-25,A,102.605,12.37,46509.334,I,derivative,Phantom Stock (unitized),Common Stock,29.0,,
732712,2025-10-10,VZ,Vestberg Hans Erik,,0001702684-25-000019,2025-10-09,A,227.68,11.66,199480.271,I,derivative,Phantom Stock (unitized),Common Stock,65.0,,
732712,2025-10-10,VZ,Hammock Samantha,,0001896468-25-000018,2025-10-09,A,84.142,11.66,28347.491,I,derivative,Phantom Stock (unitized),Common Stock,24.0,,
732712,2025-10-10,VZ,Russo Joseph J.,,0001968243-25-000017,2025-10-09,A,94.041,11.66,67569.262,I,derivative,Phantom Stock (unitized),Common Stock,27.0,,
732712,2025-10-10,VZ,Sampath Sowmyanarayan,,0001934923-25-000016,2025-10-09,A,168.285,11.66,131323.856,I,derivative,Phantom Stock (unitized),Common Stock,48.0,,
732712,2025-10-10,VZ,Malady Kyle,,0001760581-25-000016,2025-10-09,A,148.487,11.66,389006.763,I,derivative,Phantom Stock (unitized),Common Stock,42.0,,
732712,2025-10-10,VZ,Venkatesh Vandana,,0001950027-25-000017,2025-10-09,A,108.89,11.66,46618.224,I,derivative,Phantom Stock (unitized),Common Stock,31.0,,
732712,2025-10-10,VZ,Skiadas Anthony T,,0001578926-25-000017,2025-10-09,A,148.487,11.66,128300.921,I,derivative,Phantom Stock (unitized),Common Stock,42.0,,
732712,2025-10-10,VZ,Stillwell Mary-Lee,,0001750052-25-000018,2025-10-09,A,49.495,11.66,12563.848,I,derivative,Phantom Stock (unitized),Common Stock,14.0,,
732712,2025-10-20,VZ,Skiadas Anthony T,,0001578926-25-000019,2025-10-17,A,98644.0,0.0,98644.0,D,derivative,Special Restricted Stock Units - 2025 Award,Common  Stock,98644.0,,
732712,2025-10-20,VZ,Sampath Sowmyanarayan,,0001934923-25-000018,2025-10-17,A,98644.0,0.0,98644.0,D,derivative,Special Restricted Stock Units - 2025 Award,Common  Stock,98644.0,,
732712,2025-10-21,VZ,SCHULMAN DANIEL H,,0001215315-25-000009,2025-10-17,A,225868.0,0.0,225868.0,D,derivative,Restricted Stock Units - Make Whole  Award,Common  Stock,225868.0,,
732712,2025-10-21,VZ,SCHULMAN DANIEL H,,0001215315-25-000009,2025-10-17,A,222222.0,0.0,222222.0,D,derivative,Performance Stock Units - 2025 Supplemental Award,Common  Stock,222222.0,,
732712,2025-10-21,VZ,SCHULMAN DANIEL H,,0001215315-25-000009,2025-10-17,A,475512.0,0.0,475512.0,D,derivative,Restricted Stock Units - 2025 CEO Award,Common  Stock,475512.0,,
732712,2025-10-24,VZ,Venkatesh Vandana,,0001950027-25-000019,2025-10-23,A,115.73,10.97,46733.954,I,derivative,Phantom Stock (unitized),Common Stock,33.0,,
732712,2025-10-24,VZ,Sampath Sowmyanarayan,,0001934923-25-000020,2025-10-23,A,178.855,10.97,131502.711,I,derivative,Phantom Stock (unitized),Common Stock,51.0,,
732712,2025-10-24,VZ,Stillwell Mary-Lee,,0001750052-25-000020,2025-10-23,A,52.604,10.97,12616.452,I,derivative,Phantom Stock (unitized),Common Stock,15.0,,
732712,2025-10-24,VZ,SCHULMAN DANIEL H,,0001215315-25-000011,2025-10-23,A,362.97,10.97,362.97,I,derivative,Phantom Stock (unitized),Common  Stock,104.0,,
732712,2025-10-24,VZ,Malady Kyle,,0001760581-25-000018,2025-10-23,A,157.813,10.97,389164.576,I,derivative,Phantom Stock (unitized),Common Stock,45.0,,
732712,2025-10-24,VZ,Vestberg Hans Erik,,0001702684-25-000021,2025-10-23,A,241.981,10.97,199722.252,I,derivative,Phantom Stock (unitized),Common Stock,69.0,,
732712,2025-10-24,VZ,Russo Joseph J.,,0001968243-25-000019,2025-10-23,A,99.948,10.97,67669.21,I,derivative,Phantom Stock (unitized),Common Stock,29.0,,
732712,2025-10-24,VZ,Hammock Samantha,,0001896468-25-000020,2025-10-23,A,89.428,10.97,28436.919,I,derivative,Phantom Stock (unitized),Common Stock,26.0,,
732712,2025-10-24,VZ,Skiadas Anthony T,,0001578926-25-000021,2025-10-23,A,157.813,10.97,128458.734,I,derivative,Phantom Stock (unitized),Common Stock,45.0,,
732712,2025-11-07,VZ,Malady Kyle,,0001760581-25-000020,2025-11-06,A,152.235,11.37,396057.461,I,derivative,Phantom Stock (unitized),Common Stock,43.0,,
732712,2025-11-07,VZ,Skiadas Anthony T,,0001578926-25-000023,2025-11-06,A,152.235,11.37,130834.148,I,derivative,Phantom Stock (unitized),Common Stock,43.0,,
732712,2025-11-07,VZ,Sampath Sowmyanarayan,,0001934923-25-000022,2025-11-06,A,172.533,11.37,133950.803,I,derivative,Phantom Stock (unitized),Common Stock,49.0,,
732712,2025-11-07,VZ,Hammock Samantha,,0001896468-25-000022,2025-11-06,A,86.267,11.37,29014.387,I,derivative,Phantom Stock (unitized),Common Stock,25.0,,
732712,2025-11-07,VZ,Vestberg Hans Erik,,0001702684-25-000023,2025-11-06,A,233.427,11.37,203412.242,I,derivative,Phantom Stock (unitized),Common Stock,67.0,,
732712,2025-11-07,VZ,Stillwell Mary-Lee,,0001750052-25-000022,2025-11-06,A,50.745,11.37,12884.901,I,derivative,Phantom Stock (unitized),Common Stock,14.0,,
732712,2025-11-07,VZ,Venkatesh Vandana,,0001950027-25-000021,2025-11-06,A,111.639,11.37,47653.386,I,derivative,Phantom Stock (unitized),Common Stock,32.0,,
732712,2025-11-07,VZ,Russo Joseph J.,,0001968243-25-000021,2025-11-06,A,96.415,11.37,68936.455,I,derivative,Phantom Stock (unitized),Common Stock,28.0,,
732712,2025-11-07,VZ,SCHULMAN DANIEL H,,0001215315-25-000013,2025-11-06,A,233.427,11.37,596.397,I,derivative,Phantom Stock (unitized),Common  Stock,67.0,,
732712,2025-11-21,VZ,Hammock Samantha,,0001896468-25-000024,2025-11-20,A,84.289,11.64,29098.676,I,derivative,Phantom Stock (unitized),Common Stock,24.0,,
732712,2025-11-21,VZ,Vestberg Hans Erik,,0001702684-25-000025,2025-11-20,A,228.077,11.64,203640.319,I,derivative,Phantom Stock (unitized),Common Stock,65.0,,
732712,2025-11-21,VZ,SCHULMAN DANIEL H,,0001215315-25-000015,2025-11-20,A,228.077,11.64,824.474,I,derivative,Phantom Stock (unitized),Common  Stock,65.0,,
732712,2025-11-21,VZ,Skiadas Anthony T,,0001578926-25-000025,2025-11-20,A,148.746,11.64,130982.894,I,derivative,Phantom Stock (unitized),Common Stock,42.0,,
732712,2025-11-21,VZ,Stillwell Mary-Lee,,0001750052-25-000024,2025-11-20,A,49.582,11.64,12934.483,I,derivative,Phantom Stock (unitized),Common Stock,14.0,,
732712,2025-11-21,VZ,Russo Joseph J.,,0001968243-25-000023,2025-11-20,A,94.205,11.64,69030.66,I,derivative,Phantom Stock (unitized),Common Stock,27.0,,
732712,2025-11-21,VZ,Sampath Sowmyanarayan,,0001934923-25-000024,2025-11-20,A,168.579,11.64,134119.382,I,derivative,Phantom Stock (unitized),Common Stock,48.0,,
732712,2025-11-21,VZ,Venkatesh Vandana,,0001950027-25-000023,2025-11-20,A,109.08,11.64,47762.466,I,derivative,Phantom Stock (unitized),Common Stock,31.0,,
732712,2025-11-21,VZ,Malady Kyle,,0001760581-25-000022,2025-11-20,A,148.746,11.64,396206.207,I,derivative,Phantom Stock (unitized),Common Stock,42.0,,
732712,2025-12-05,VZ,Hammock Samantha,,0001896468-25-000026,2025-12-04,A,83.277,11.78,29181.953,I,derivative,Phantom Stock (unitized),Common Stock,24.0,,
732712,2025-12-05,VZ,Malady Kyle,,0001760581-25-000024,2025-12-04,A,146.959,11.78,396353.166,I,derivative,Phantom Stock (unitized),Common Stock,42.0,,
732712,2025-12-05,VZ,SCHULMAN DANIEL H,,0001215315-25-000017,2025-12-04,A,225.337,11.78,1049.811,I,derivative,Phantom Stock (unitized),Common  Stock,64.0,,
732712,2025-12-05,VZ,Sampath Sowmyanarayan,,0001934923-25-000026,2025-12-04,A,166.553,11.78,134285.935,I,derivative,Phantom Stock (unitized),Common Stock,48.0,,
732712,2025-12-05,VZ,Russo Joseph J.,,0001968243-25-000025,2025-12-04,A,93.074,11.78,69123.734,I,derivative,Phantom Stock (unitized),Common Stock,27.0,,
732712,2025-12-05,VZ,Venkatesh Vandana,,0001950027-25-000025,2025-12-04,A,107.77,11.78,47870.236,I,derivative,Phantom Stock (unitized),Common Stock,31.0,,
732712,2025-12-05,VZ,Skiadas Anthony T,,0001578926-25-000027,2025-12-04,A,146.959,11.78,131129.853,I,derivative,Phantom Stock (unitized),Common Stock,42.0,,
732712,2025-12-05,VZ,Stillwell Mary-Lee,,0001750052-25-000026,2025-12-04,A,48.986,11.78,12983.469,I,derivative,Phantom Stock (unitized),Common Stock,14.0,,
732712,2025-12-05,VZ,Vestberg Hans Erik,,0001702684-25-000027,2025-12-04,A,225.337,11.78,203865.656,I,derivative,Phantom Stock (unitized),Common Stock,64.0,,
732712,2025-12-19,VZ,Stillwell Mary-Lee,,0001750052-25-000028,2025-12-18,A,50.01,11.54,13033.479,I,derivative,Phantom Stock (unitized),Common Stock,14.0,,
732712,2025-12-19,VZ,Venkatesh Vandana,,0001950027-25-000027,2025-12-18,A,110.022,11.54,47980.258,I,derivative,Phantom Stock (unitized),Common Stock,31.0,,
732712,2025-12-19,VZ,SCHULMAN DANIEL H,,0001215315-25-000019,2025-12-18,A,230.047,11.54,1279.858,I,derivative,Phantom Stock (unitized),Common  Stock,66.0,,
732712,2025-12-19,VZ,Hammock Samantha,,0001896468-25-000028,2025-12-18,A,85.017,11.54,29266.97,I,derivative,Phantom Stock (unitized),Common Stock,24.0,,
732712,2025-12-19,VZ,Sampath Sowmyanarayan,,0001934923-25-000028,2025-12-18,A,170.035,11.54,134455.97,I,derivative,Phantom Stock (unitized),Common Stock,49.0,,
732712,2025-12-19,VZ,Skiadas Anthony T,,0001578926-25-000029,2025-12-18,A,150.031,11.54,131279.884,I,derivative,Phantom Stock (unitized),Common Stock,43.0,,
732712,2025-12-19,VZ,Russo Joseph J.,,0001968243-25-000027,2025-12-18,A,95.019,11.54,69218.753,I,derivative,Phantom Stock (unitized),Common Stock,27.0,,
732712,2025-12-19,VZ,Vestberg Hans Erik,,0001702684-25-000029,2025-12-18,A,230.047,11.54,204095.703,I,derivative,Phantom Stock (unitized),Common Stock,66.0,,
732712,2025-12-19,VZ,Malady Kyle,,0001760581-25-000026,2025-12-18,A,150.031,11.54,396503.197,I,derivative,Phantom Stock (unitized),Common Stock,43.0,,
732712,2026-01-02,VZ,Malady Kyle,,0001760581-26-000002,2025-12-31,A,149.514,11.63,396652.711,I,derivative,Phantom Stock (unitized),Common Stock,43.0,,
732712,2026-01-02,VZ,Stillwell Mary-Lee,,0001750052-26-000002,2025-12-31,A,50.279,11.63,13083.758,I,derivative,Phantom Stock (unitized),Common Stock,14.0,,
732712,2026-01-02,VZ,Hammock Samantha,,0001896468-26-000002,2025-12-31,A,85.011,11.63,29351.981,I,derivative,Phantom Stock (unitized),Common Stock,24.0,,
732712,2026-01-02,VZ,SCHULMAN DANIEL H,,0001215315-26-000002,2025-12-31,A,228.902,11.63,1508.76,I,derivative,Phantom Stock (unitized),Common  Stock,65.0,,
732712,2026-01-02,VZ,Skiadas Anthony T,,0001578926-26-000002,2025-12-31,A,149.514,11.63,131429.398,I,derivative,Phantom Stock (unitized),Common Stock,43.0,,
732712,2026-01-02,VZ,Russo Joseph J.,,0001968243-26-000002,2025-12-31,A,94.935,11.63,69313.688,I,derivative,Phantom Stock (unitized),Common Stock,27.0,,
732712,2026-01-02,VZ,Sampath Sowmyanarayan,,0001934923-26-000002,2025-12-31,A,169.361,11.63,134625.331,I,derivative,Phantom Stock (unitized),Common Stock,48.0,,
732712,2026-01-02,VZ,Venkatesh Vandana,,0001950027-26-000002,2025-12-31,A,109.82,11.63,48090.078,I,derivative,Phantom Stock (unitized),Common Stock,31.0,,
732712,2026-01-02,VZ,Vestberg Hans Erik,,0001702684-26-000002,2025-12-31,A,228.902,11.63,204324.605,I,derivative,Phantom Stock (unitized),Common Stock,65.0,,
732712,2026-01-16,VZ,SCHULMAN DANIEL H,,0001215315-26-000004,2026-01-15,A,236.81,11.24,1745.57,I,derivative,Phantom Stock (unitized),Common  Stock,68.0,,
732712,2026-01-16,VZ,Malady Kyle,,0001760581-26-000004,2026-01-15,A,154.679,11.24,396807.39,I,derivative,Phantom Stock (unitized),Common Stock,44.0,,
732712,2026-01-16,VZ,Stillwell Mary-Lee,,0001750052-26-000004,2026-01-15,A,52.016,11.24,13135.774,I,derivative,Phantom Stock (unitized),Common Stock,15.0,,
732712,2026-01-16,VZ,Sampath Sowmyanarayan,,0001934923-26-000004,2026-01-15,A,175.212,11.24,134800.543,I,derivative,Phantom Stock (unitized),Common Stock,50.0,,
732712,2026-01-16,VZ,Skiadas Anthony T,,0001578926-26-000004,2026-01-15,A,154.679,11.24,131584.077,I,derivative,Phantom Stock (unitized),Common Stock,44.0,,
732712,2026-01-16,VZ,Venkatesh Vandana,,0001950027-26-000004,2026-01-15,A,113.614,11.24,48203.692,I,derivative,Phantom Stock (unitized),Common Stock,32.0,,
732712,2026-01-16,VZ,Vestberg Hans Erik,,0001702684-26-000004,2026-01-15,A,236.81,11.24,204561.415,I,derivative,Phantom Stock (unitized),Common Stock,68.0,,
732712,2026-01-16,VZ,Russo Joseph J.,,0001968243-26-000004,2026-01-15,A,98.215,11.24,69411.903,I,derivative,Phantom Stock (unitized),Common Stock,28.0,,
732712,2026-01-16,VZ,Hammock Samantha,,0001896468-26-000004,2026-01-15,A,87.948,11.24,29439.929,I,derivative,Phantom Stock (unitized),Common Stock,25.0,,
732712,2026-01-30,VZ,SCHULMAN DANIEL H,,0001215315-26-000006,2026-01-29,A,234.151,11.37,1979.721,I,derivative,Phantom Stock (unitized),Common  Stock,67.0,,
732712,2026-01-30,VZ,Sampath Sowmyanarayan,,0001934923-26-000006,2026-01-29,A,173.244,11.37,134973.787,I,derivative,Phantom Stock (unitized),Common Stock,49.0,,
732712,2026-01-30,VZ,Stillwell Mary-Lee,,0001750052-26-000006,2026-01-29,A,51.432,11.37,13187.206,I,derivative,Phantom Stock (unitized),Common Stock,15.0,,
732712,2026-01-30,VZ,Venkatesh Vandana,,0001950027-26-000006,2026-01-29,A,112.338,11.37,48316.03,I,derivative,Phantom Stock (unitized),Common Stock,32.0,,
732712,2026-01-30,VZ,Malady Kyle,,0001760581-26-000006,2026-01-29,A,152.942,11.37,396960.332,I,derivative,Phantom Stock (unitized),Common Stock,44.0,,
732712,2026-01-30,VZ,Russo Joseph J.,,0001968243-26-000006,2026-01-29,A,97.112,11.37,69509.015,I,derivative,Phantom Stock (unitized),Common Stock,28.0,,
732712,2026-01-30,VZ,Skiadas Anthony T,,0001578926-26-000006,2026-01-29,A,152.942,11.37,131737.019,I,derivative,Phantom Stock (unitized),Common Stock,44.0,,
732712,2026-01-30,VZ,Hammock Samantha,,0001896468-26-000006,2026-01-29,A,86.96,11.37,29526.889,I,derivative,Phantom Stock (unitized),Common Stock,25.0,,
732712,2026-01-30,VZ,Vestberg Hans Erik,,0001702684-26-000006,2026-01-29,A,234.151,11.37,204795.566,I,derivative,Phantom Stock (unitized),Common Stock,67.0,,
732712,2026-02-03,VZ,Russo Joseph J.,,0001968243-26-000008,2026-02-02,S,9579.0,44.88,44045.0,D,non_derivative,Common Stock,,,,
732712,2026-02-03,VZ,Russo Joseph J.,,0001968243-26-000008,2026-02-02,S,9579.0,44.88,44045.0,D,,,,,,
732712,2026-02-06,VZ,Venkatesh Vandana,,0001950027-26-000008,2026-02-04,A,84926.0,0.0,84926.0,D,derivative,Special Restricted Stock Units - 2026 Award,Common  Stock,84926.0,,
732712,2026-02-06,VZ,Hammock Samantha,,0001896468-26-000008,2026-02-04,A,84926.0,0.0,84926.0,D,derivative,Special Restricted Stock Units - 2026 Award,Common Stock,84926.0,,
732712,2026-02-06,VZ,Malady Kyle,,0001760581-26-000008,2026-02-04,A,84926.0,0.0,84926.0,D,derivative,Special Restricted Stock Units - 2026 Award,Common Stock,84926.0,,
732712,2026-02-06,VZ,Russo Joseph J.,,0001968243-26-000010,2026-02-04,A,84926.0,0.0,84926.0,D,derivative,Special Restricted Stock Units - 2026 Award,Common  Stock,84926.0,,
732712,2026-02-13,VZ,Hammock Samantha,,0001896468-26-000010,2026-02-11,A,59705.0,,95995.0,D,non_derivative,Common Stock,,,,
732712,2026-02-13,VZ,Hammock Samantha,,0001896468-26-000010,2026-02-11,A,59705.0,,95995.0,D,,,,,,
732712,2026-02-13,VZ,Russo Joseph J.,,0001968243-26-000012,2026-02-11,A,42446.0,,86491.0,D,,,,,,
732712,2026-02-13,VZ,Hammock Samantha,,0001896468-26-000010,2026-02-11,F,29525.0,48.97,66470.0,D,,,,,,
732712,2026-02-13,VZ,Hammock Samantha,,0001896468-26-000010,2026-02-11,F,29525.0,48.97,66470.0,D,non_derivative,Common Stock,,,,
732712,2026-02-13,VZ,Skiadas Anthony T,,0001578926-26-000008,2026-02-11,F,42378.0,48.97,161223.0,D,non_derivative,Common Stock,,,,
732712,2026-02-13,VZ,Malady Kyle,,0001760581-26-000010,2026-02-11,F,58030.0,48.97,61387.0,D,non_derivative,Common Stock,,,,
732712,2026-02-13,VZ,Skiadas Anthony T,,0001578926-26-000008,2026-02-11,F,42378.0,48.97,161223.0,D,,,,,,
732712,2026-02-13,VZ,Malady Kyle,,0001760581-26-000010,2026-02-11,A,119409.0,,119417.0,D,,,,,,
732712,2026-02-13,VZ,Russo Joseph J.,,0001968243-26-000012,2026-02-11,A,42446.0,,86491.0,D,non_derivative,Common Stock,,,,
732712,2026-02-13,VZ,Malady Kyle,,0001760581-26-000010,2026-02-11,F,58030.0,48.97,61387.0,D,,,,,,
732712,2026-02-13,VZ,Venkatesh Vandana,,0001950027-26-000010,2026-02-11,A,52242.0,,83383.0,D,,,,,,
732712,2026-02-13,VZ,Russo Joseph J.,,0001968243-26-000012,2026-02-11,F,18529.0,48.97,67962.0,D,,,,,,
732712,2026-02-13,VZ,Skiadas Anthony T,,0001578926-26-000008,2026-02-11,A,86131.0,,203601.0,D,,,,,,
732712,2026-02-13,VZ,Russo Joseph J.,,0001968243-26-000012,2026-02-11,F,18529.0,48.97,67962.0,D,non_derivative,Common Stock,,,,
732712,2026-02-13,VZ,Vestberg Hans Erik,,0001702684-26-000008,2026-02-11,A,303497.0,,509928.0,D,,,,,,
732712,2026-02-13,VZ,Stillwell Mary-Lee,,0001750052-26-000008,2026-02-11,F,2187.0,48.97,36083.0,D,non_derivative,Common Stock,,,,
732712,2026-02-13,VZ,Vestberg Hans Erik,,0001702684-26-000008,2026-02-11,F,164859.0,48.97,345069.0,D,,,,,,
732712,2026-02-13,VZ,Skiadas Anthony T,,0001578926-26-000008,2026-02-11,A,86131.0,,203601.0,D,non_derivative,Common Stock,,,,
732712,2026-02-13,VZ,Venkatesh Vandana,,0001950027-26-000010,2026-02-11,F,23710.0,48.97,59673.0,D,non_derivative,Common Stock,,,,
732712,2026-02-13,VZ,Stillwell Mary-Lee,,0001750052-26-000008,2026-02-11,F,2187.0,48.97,36083.0,D,,,,,,
732712,2026-02-13,VZ,Stillwell Mary-Lee,,0001750052-26-000008,2026-02-11,A,7343.0,,38270.0,D,non_derivative,Common Stock,,,,
732712,2026-02-13,VZ,Venkatesh Vandana,,0001950027-26-000010,2026-02-11,F,23710.0,48.97,59673.0,D,,,,,,
732712,2026-02-13,VZ,Stillwell Mary-Lee,,0001750052-26-000008,2026-02-11,A,7343.0,,38270.0,D,,,,,,
732712,2026-02-13,VZ,Vestberg Hans Erik,,0001702684-26-000008,2026-02-11,A,303497.0,,509928.0,D,non_derivative,Common Stock,,,,
732712,2026-02-13,VZ,Malady Kyle,,0001760581-26-000010,2026-02-11,A,119409.0,,119417.0,D,non_derivative,Common Stock,,,,
732712,2026-02-13,VZ,Venkatesh Vandana,,0001950027-26-000010,2026-02-11,A,52242.0,,83383.0,D,non_derivative,Common Stock,,,,
732712,2026-02-13,VZ,Vestberg Hans Erik,,0001702684-26-000008,2026-02-11,F,164859.0,48.97,345069.0,D,non_derivative,Common Stock,,,,
732712,2026-02-17,VZ,Skiadas Anthony T,,0001578926-26-000010,2026-02-12,A,123.227,14.11,133879.671,I,derivative,Phantom Stock (unitized),Common Stock,35.0,,
732712,2026-02-17,VZ,Venkatesh Vandana,,0001950027-26-000012,2026-02-12,A,90.512,14.11,49145.451,I,derivative,Phantom Stock (unitized),Common Stock,26.0,,
732712,2026-02-17,VZ,Russo Joseph J.,,0001968243-26-000014,2026-02-12,A,78.244,14.11,70652.269,I,derivative,Phantom Stock (unitized),Common Stock,22.0,,
732712,2026-02-17,VZ,Hammock Samantha,,0001896468-26-000012,2026-02-12,A,70.065,14.11,30047.95,I,derivative,Phantom Stock (unitized),Common Stock,20.0,,
732712,2026-02-17,VZ,Malady Kyle,,0001760581-26-000012,2026-02-12,A,123.227,14.11,403178.163,I,derivative,Phantom Stock (unitized),Common Stock,35.0,,
732712,2026-02-17,VZ,Villanueva Rodriguez Alfonso,,0002111103-26-000005,2026-02-12,A,74.154,14.11,549.463,I,derivative,Phantom Stock (unitized),Common Stock,21.0,,
732712,2026-02-17,VZ,Stillwell Mary-Lee,,0001750052-26-000010,2026-02-12,A,41.44,14.11,13429.679,I,derivative,Phantom Stock (unitized),Common Stock,12.0,,
732712,2026-02-17,VZ,Vestberg Hans Erik,,0001702684-26-000010,2026-02-12,A,188.658,14.11,208123.691,I,derivative,Phantom Stock (unitized),Common Stock,54.0,,
732712,2026-02-17,VZ,SCHULMAN DANIEL H,,0001215315-26-000008,2026-02-12,A,188.658,14.11,2191.561,I,derivative,Phantom Stock (unitized),Common  Stock,54.0,,
732712,2026-02-25,VZ,Vestberg Hans Erik,,0001702684-26-000012,2026-02-24,S,200000.0,49.614,145069.0,D,non_derivative,Common Stock,,,,
732712,2026-02-25,VZ,Vestberg Hans Erik,,0001702684-26-000012,2026-02-24,S,200000.0,49.614,145069.0,D,,,,,,
732712,2026-02-27,VZ,Skiadas Anthony T,,0001578926-26-000012,2026-02-26,A,7222.922,13.95,141102.593,I,derivative,Phantom Stock (unitized),Common Stock,2061.0,,
732712,2026-02-27,VZ,Russo Joseph J.,,0001968243-26-000016,2026-02-26,A,10726.558,13.95,81378.827,I,derivative,Phantom Stock (unitized),Common Stock,3060.0,,
732712,2026-02-27,VZ,SCHULMAN DANIEL H,,0001215315-26-000010,2026-02-26,A,4223.943,13.95,6415.504,I,derivative,Phantom Stock (unitized),Common  Stock,1205.0,,
732712,2026-02-27,VZ,Villanueva Rodriguez Alfonso,,0002111103-26-000007,2026-02-26,A,5237.391,13.95,5786.854,I,derivative,Phantom Stock (unitized),Common Stock,1494.0,,
732712,2026-02-27,VZ,Hammock Samantha,,0001896468-26-000014,2026-02-26,A,5071.93,13.95,35119.88,I,derivative,Phantom Stock (unitized),Common Stock,1447.0,,
732712,2026-02-27,VZ,Vestberg Hans Erik,,0001702684-26-000014,2026-02-26,A,16323.276,13.95,224446.967,I,derivative,Phantom Stock (unitized),Common Stock,4657.0,,
732712,2026-02-27,VZ,Stillwell Mary-Lee,,0001750052-26-000012,2026-02-26,A,2623.108,13.95,16052.787,I,derivative,Phantom Stock (unitized),Common Stock,748.0,,
732712,2026-02-27,VZ,Malady Kyle,,0001760581-26-000014,2026-02-26,A,7222.922,13.95,410401.085,I,derivative,Phantom Stock (unitized),Common Stock,2061.0,,
732712,2026-02-27,VZ,Venkatesh Vandana,,0001950027-26-000014,2026-02-26,A,5899.235,13.95,55044.686,I,derivative,Phantom Stock (unitized),Common Stock,1683.0,,
732712,2026-03-03,VZ,Stillwell Mary-Lee,,0001750052-26-000014,2026-02-27,M,9915.0,,9915.0,D,derivative,Restricted Stock Units - 2024 Award,Common Stock,9915.0,,
732712,2026-03-03,VZ,Hammock Samantha,,0001896468-26-000016,2026-02-27,M,17011.0,,83481.0,D,non_derivative,Common Stock,,,,
732712,2026-03-03,VZ,Venkatesh Vandana,,0001950027-26-000016,2026-02-27,F,7264.0,50.14,67293.0,D,non_derivative,Common Stock,,,,
732712,2026-03-03,VZ,Hammock Samantha,,0001896468-26-000016,2026-02-27,M,13657.0,,27314.0,D,derivative,Restricted Stock Units - 2025 Award,Common Stock,13657.0,,
732712,2026-03-03,VZ,Russo Joseph J.,,0001968243-26-000018,2026-02-27,M,13657.0,,27314.0,D,derivative,Restricted Stock Units - 2025 Award,Common Stock,13657.0,,
732712,2026-03-03,VZ,Stillwell Mary-Lee,,0001750052-26-000016,2026-03-02,S,8569.0,50.0,43782.0,D,non_derivative,Common Stock,,,,
732712,2026-03-03,VZ,Stillwell Mary-Lee,,0001750052-26-000014,2026-02-27,F,3880.0,50.14,41651.0,D,non_derivative,Common Stock,,,,
732712,2026-03-03,VZ,Russo Joseph J.,,0001968243-26-000018,2026-02-27,M,16051.0,,16053.0,D,derivative,Restricted Stock Units - 2024 Award,Common Stock,16051.0,,
732712,2026-03-03,VZ,Russo Joseph J.,,0001968243-26-000018,2026-02-27,M,19003.0,,86965.0,D,,,,,,
732712,2026-03-03,VZ,Vestberg Hans Erik,,0001702684-26-000016,2026-02-27,F,34114.0,50.14,172616.0,D,non_derivative,Common Stock,,,,
732712,2026-03-03,VZ,Malady Kyle,,0001760581-26-000016,2026-02-27,F,16602.0,50.14,78805.0,D,non_derivative,Common Stock,,,,
732712,2026-03-03,VZ,Vestberg Hans Erik,,0001702684-26-000016,2026-02-27,M,54764.0,,54764.0,D,derivative,Restricted Stock Units - 2024 Award,Common Stock,54764.0,,
732712,2026-03-03,VZ,Venkatesh Vandana,,0001950027-26-000016,2026-02-27,M,16067.0,,32135.0,D,derivative,Restricted Stock Units - 2025 Award,Common Stock,16067.0,,
732712,2026-03-03,VZ,Vestberg Hans Erik,,0001702684-26-000016,2026-02-27,M,66276.0,,132553.0,D,derivative,Restricted Stock Units - 2025 Award,Common Stock,66276.0,,
732712,2026-03-03,VZ,Skiadas Anthony T,,0001578926-26-000014,2026-02-27,M,36234.0,,197457.0,D,,,,,,
732712,2026-03-03,VZ,Russo Joseph J.,,0001968243-26-000018,2026-02-27,F,9275.0,50.14,77690.0,D,,,,,,
732712,2026-03-03,VZ,Venkatesh Vandana,,0001950027-26-000016,2026-02-27,M,14884.0,,74557.0,D,,,,,,
732712,2026-03-03,VZ,Malady Kyle,,0001760581-26-000016,2026-02-27,M,34936.0,,34936.0,D,derivative,Restricted Stock Units - 2024 Award,Common Stock,34936.0,,
732712,2026-03-03,VZ,Stillwell Mary-Lee,,0001750052-26-000014,2026-02-27,M,9448.0,,0.0,D,derivative,Restricted Stock Units - 2023 Award,Common Stock,9448.0,,
732712,2026-03-03,VZ,Skiadas Anthony T,,0001578926-26-000014,2026-02-27,M,36234.0,,0.0,D,derivative,Restricted Stock Units - 2023 Award,Common Stock,36234.0,,
732712,2026-03-03,VZ,Hammock Samantha,,0001896468-26-000016,2026-02-27,F,8702.0,50.14,74779.0,D,non_derivative,Common Stock,,,,
732712,2026-03-03,VZ,Malady Kyle,,0001760581-26-000016,2026-02-27,M,34020.0,,95407.0,D,,,,,,
732712,2026-03-03,VZ,Malady Kyle,,0001760581-26-000016,2026-02-27,M,34020.0,,95407.0,D,non_derivative,Common Stock,,,,
732712,2026-03-03,VZ,Vestberg Hans Erik,,0001702684-26-000016,2026-02-27,F,34114.0,50.14,172616.0,D,,,,,,
732712,2026-03-03,VZ,Skiadas Anthony T,,0001578926-26-000014,2026-02-27,M,28921.0,,57841.0,D,derivative,Restricted Stock Units - 2025 Award,Common Stock,28921.0,,
732712,2026-03-03,VZ,Russo Joseph J.,,0001968243-26-000018,2026-02-27,M,19003.0,,0.0,D,derivative,Restricted Stock Units - 2023 Award,Common Stock,19003.0,,
732712,2026-03-03,VZ,Venkatesh Vandana,,0001950027-26-000016,2026-02-27,M,14884.0,,74557.0,D,non_derivative,Common Stock,,,,
732712,2026-03-03,VZ,Hammock Samantha,,0001896468-26-000016,2026-02-27,M,17011.0,,0.0,D,derivative,Restricted Stock Units - 2023 Award,Common Stock,17011.0,,
732712,2026-03-03,VZ,Vestberg Hans Erik,,0001702684-26-000016,2026-02-27,M,61661.0,,206730.0,D,non_derivative,Common Stock,,,,
732712,2026-03-03,VZ,Stillwell Mary-Lee,,0001750052-26-000014,2026-02-27,M,8998.0,,17996.0,D,derivative,Restricted Stock Units - 2025 Award,Common Stock,8998.0,,
732712,2026-03-03,VZ,Malady Kyle,,0001760581-26-000016,2026-02-27,M,34020.0,,0.0,D,derivative,Restricted Stock Units - 2023 Award,Common Stock,34020.0,,
732712,2026-03-03,VZ,Hammock Samantha,,0001896468-26-000016,2026-02-27,F,8702.0,50.14,74779.0,D,,,,,,
732712,2026-03-03,VZ,Venkatesh Vandana,,0001950027-26-000016,2026-02-27,M,14884.0,,0.0,D,derivative,Restricted Stock Units - 2023 Award,Common Stock,14884.0,,
732712,2026-03-03,VZ,Skiadas Anthony T,,0001578926-26-000014,2026-02-27,F,17683.0,50.14,179774.0,D,non_derivative,Common Stock,,,,
732712,2026-03-03,VZ,Malady Kyle,,0001760581-26-000016,2026-02-27,M,31331.0,,62662.0,D,derivative,Restricted Stock Units - 2025 Award,Common Stock,31331.0,,
732712,2026-03-03,VZ,Stillwell Mary-Lee,,0001750052-26-000014,2026-02-27,M,9448.0,,45531.0,D,,,,,,
732712,2026-03-03,VZ,Vestberg Hans Erik,,0001702684-26-000016,2026-02-27,M,61661.0,,206730.0,D,,,,,,
732712,2026-03-03,VZ,Skiadas Anthony T,,0001578926-26-000014,2026-02-27,M,36234.0,,197457.0,D,non_derivative,Common Stock,,,,
732712,2026-03-03,VZ,Stillwell Mary-Lee,,0001750052-26-000016,2026-03-02,S,8569.0,50.0,43782.0,D,,,,,,
732712,2026-03-03,VZ,Venkatesh Vandana,,0001950027-26-000016,2026-02-27,M,16997.0,,16996.0,D,derivative,Restricted Stock Units - 2024 Award,Common Stock,16997.0,,
732712,2026-03-03,VZ,Skiadas Anthony T,,0001578926-26-000014,2026-02-27,M,32104.0,,32104.0,D,derivative,Restricted Stock Units - 2024 Award,Common Stock,32104.0,,
732712,2026-03-03,VZ,Venkatesh Vandana,,0001950027-26-000016,2026-02-27,F,7264.0,50.14,67293.0,D,,,,,,
732712,2026-03-03,VZ,Stillwell Mary-Lee,,0001750052-26-000014,2026-02-27,F,3880.0,50.14,41651.0,D,,,,,,
732712,2026-03-03,VZ,Vestberg Hans Erik,,0001702684-26-000016,2026-02-27,M,61661.0,,0.0,D,derivative,Restricted Stock Units - 2023 Award,Common Stock,61661.0,,
732712,2026-03-03,VZ,Hammock Samantha,,0001896468-26-000016,2026-02-27,M,17011.0,,83481.0,D,,,,,,
732712,2026-03-03,VZ,Skiadas Anthony T,,0001578926-26-000014,2026-02-27,F,17683.0,50.14,179774.0,D,,,,,,
732712,2026-03-03,VZ,Stillwell Mary-Lee,,0001750052-26-000014,2026-02-27,M,9448.0,,45531.0,D,non_derivative,Common Stock,,,,
732712,2026-03-03,VZ,Russo Joseph J.,,0001968243-26-000018,2026-02-27,M,19003.0,,86965.0,D,non_derivative,Common Stock,,,,
732712,2026-03-03,VZ,Malady Kyle,,0001760581-26-000016,2026-02-27,F,16602.0,50.14,78805.0,D,,,,,,
732712,2026-03-03,VZ,Hammock Samantha,,0001896468-26-000016,2026-02-27,M,16051.0,,16053.0,D,derivative,Restricted Stock Units - 2024 Award,Common Stock,16051.0,,
732712,2026-03-03,VZ,Russo Joseph J.,,0001968243-26-000018,2026-02-27,F,9275.0,50.14,77690.0,D,non_derivative,Common Stock,,,,
732712,2026-03-13,VZ,SCHULMAN DANIEL H,,0001215315-26-000014,2026-03-12,A,184.325,14.44,6599.829,I,derivative,Phantom Stock (unitized),Common  Stock,53.0,,
732712,2026-03-13,VZ,Villanueva Rodriguez Alfonso,,0002111103-26-000009,2026-03-12,A,72.451,14.44,5859.305,I,derivative,Phantom Stock (unitized),Common Stock,21.0,,
732712,2026-03-13,VZ,Vestberg Hans Erik,,0001702684-26-000018,2026-03-12,A,184.325,14.44,224631.292,I,derivative,Phantom Stock (unitized),Common Stock,53.0,,
732712,2026-03-13,VZ,Hammock Samantha,,0001896468-26-000018,2026-03-12,A,68.456,14.44,35188.336,I,derivative,Phantom Stock (unitized),Common Stock,20.0,,
732712,2026-03-13,VZ,Malady Kyle,,0001760581-26-000018,2026-03-12,A,120.397,14.44,410521.482,I,derivative,Phantom Stock (unitized),Common Stock,34.0,,
732712,2026-03-13,VZ,Stillwell Mary-Lee,,0001750052-26-000018,2026-03-12,A,40.488,14.44,16093.275,I,derivative,Phantom Stock (unitized),Common Stock,12.0,,
732712,2026-03-13,VZ,Venkatesh Vandana,,0001950027-26-000018,2026-03-12,A,88.433,14.44,55133.119,I,derivative,Phantom Stock (unitized),Common Stock,25.0,,
732712,2026-03-13,VZ,Russo Joseph J.,,0001968243-26-000020,2026-03-12,A,76.447,14.44,81455.274,I,derivative,Phantom Stock (unitized),Common Stock,22.0,,
732712,2026-03-13,VZ,Skiadas Anthony T,,0001578926-26-000016,2026-03-12,A,120.397,14.44,141222.99,I,derivative,Phantom Stock (unitized),Common Stock,34.0,,
732712,2026-03-30,VZ,Villanueva Rodriguez Alfonso,,0002111103-26-000011,2026-03-26,A,72.297,14.47,5931.602,I,derivative,Phantom Stock (unitized),Common Stock,21.0,,
732712,2026-03-30,VZ,SCHULMAN DANIEL H,,0001215315-26-000016,2026-03-26,A,183.933,14.47,6783.762,I,derivative,Phantom Stock (unitized),Common  Stock,52.0,,
732712,2026-03-30,VZ,Vestberg Hans Erik,,0001702684-26-000020,2026-03-26,A,183.933,14.47,224815.225,I,derivative,Phantom Stock (unitized),Common Stock,52.0,,
732712,2026-03-30,VZ,Russo Joseph J.,,0001968243-26-000022,2026-03-26,A,76.285,14.47,81531.559,I,derivative,Phantom Stock (unitized),Common Stock,22.0,,
732712,2026-03-30,VZ,Stillwell Mary-Lee,,0001750052-26-000020,2026-03-26,A,40.402,14.47,16133.677,I,derivative,Phantom Stock (unitized),Common Stock,12.0,,
732712,2026-03-30,VZ,Malady Kyle,,0001760581-26-000020,2026-03-26,A,120.141,14.47,410641.623,I,derivative,Phantom Stock (unitized),Common Stock,34.0,,
732712,2026-03-30,VZ,Hammock Samantha,,0001896468-26-000020,2026-03-26,A,68.31,14.47,35256.646,I,derivative,Phantom Stock (unitized),Common Stock,19.0,,
732712,2026-03-30,VZ,Venkatesh Vandana,,0001950027-26-000020,2026-03-26,A,88.245,14.47,55221.364,I,derivative,Phantom Stock (unitized),Common Stock,25.0,,
732712,2026-03-30,VZ,Skiadas Anthony T,,0001578926-26-000018,2026-03-26,A,120.141,14.47,141343.131,I,derivative,Phantom Stock (unitized),Common Stock,34.0,,
732712,2026-04-02,VZ,Skiadas Anthony T,,0001578926-26-000020,2026-04-01,A,72890.0,0.0,72890.0,D,derivative,Restricted Stock Units - 2026 Award,Common Stock,72890.0,,
732712,2026-04-02,VZ,Stillwell Mary-Lee,,0001750052-26-000022,2026-04-01,A,24803.0,0.0,24803.0,D,derivative,Restricted Stock Units - 2026 Award,Common  Stock,24803.0,,
732712,2026-04-02,VZ,MANN JENNIFER K,,0001703557-26-000002,2026-04-01,A,5062.0,0.0,7106.0,I,derivative,Phantom Stock,Common  Stock,5062.0,,
732712,2026-04-02,VZ,TOME CAROL B,,0001195044-26-000002,2026-04-01,A,5062.0,0.0,28415.0,I,derivative,Phantom Stock,Common Stock,5062.0,,
732712,2026-04-02,VZ,Narasimhan Laxman,,0001620455-26-000002,2026-04-01,A,5062.0,0.0,33125.0,I,derivative,Phantom Stock,Common Stock,5062.0,,
732712,2026-04-02,VZ,Russo Joseph J.,,0001968243-26-000024,2026-04-01,A,44544.0,0.0,44544.0,D,derivative,Restricted Stock Units - 2026 Award,Common Stock,44544.0,,
732712,2026-04-02,VZ,OTIS CLARENCE JR,,0001018572-26-000002,2026-04-01,A,5062.0,0.0,152430.0,I,derivative,Phantom Stock,Common Stock,5062.0,,
732712,2026-04-02,VZ,Malady Kyle,,0001760581-26-000022,2026-04-01,A,89087.0,0.0,89087.0,D,derivative,Restricted Stock Units - 2026 Award,Common Stock,89087.0,,
732712,2026-04-02,VZ,Colao Vittorio,,0001774942-26-000002,2026-04-01,A,5062.0,0.0,23741.0,I,derivative,Phantom Stock,Common Stock,5062.0,,
732712,2026-04-02,VZ,Litchfield Caroline,,0001854928-26-000002,2026-04-01,A,5062.0,0.0,11402.0,I,derivative,Phantom Stock,Common Stock,5062.0,,
732712,2026-04-02,VZ,Venkatesh Vandana,,0001950027-26-000022,2026-04-01,A,48593.0,0.0,48593.0,D,derivative,Restricted Stock Units - 2026 Award,Common Stock,48593.0,,
732712,2026-04-02,VZ,AUSTIN ROXANNE S,,0001061632-26-000002,2026-04-01,A,5062.0,0.0,36492.0,I,derivative,Phantom Stock,Common Stock,5062.0,,
732712,2026-04-02,VZ,ARCHAMBEAU SHELLYE L,,0001191713-26-000002,2026-04-01,A,5062.0,0.0,73919.0,I,derivative,Phantom Stock,Common Stock,5062.0,,
732712,2026-04-02,VZ,Hammock Samantha,,0001896468-26-000022,2026-04-01,A,40495.0,0.0,40495.0,D,derivative,Restricted Stock Units - 2026 Award,Common Stock,40495.0,,
732712,2026-04-02,VZ,Bertolini Mark T,,0001352552-26-000004,2026-04-01,A,5062.0,0.0,66759.0,I,derivative,Phantom Stock,Common Stock,5062.0,,
732712,2026-04-10,VZ,Hammock Samantha,,0001896468-26-000024,2026-04-09,A,72.511,13.63,35329.157,I,derivative,Phantom Stock (unitized),Common Stock,21.0,,
732712,2026-04-10,VZ,Villanueva Rodriguez Alfonso,,0002111103-26-000013,2026-04-09,A,76.743,13.63,6008.345,I,derivative,Phantom Stock (unitized),Common Stock,22.0,,
732712,2026-04-10,VZ,SCHULMAN DANIEL H,,0001215315-26-000018,2026-04-09,A,195.245,13.63,6979.007,I,derivative,Phantom Stock (unitized),Common  Stock,56.0,,
732712,2026-04-10,VZ,Vestberg Hans Erik,,0001702684-26-000022,2026-04-09,A,195.245,13.63,225010.47,I,derivative,Phantom Stock (unitized),Common Stock,56.0,,
732712,2026-04-10,VZ,Stillwell Mary-Lee,,0001750052-26-000024,2026-04-09,A,42.887,13.63,16176.564,I,derivative,Phantom Stock (unitized),Common Stock,12.0,,
732712,2026-04-10,VZ,Malady Kyle,,0001760581-26-000024,2026-04-09,A,127.53,13.63,410769.153,I,derivative,Phantom Stock (unitized),Common Stock,36.0,,
732712,2026-04-10,VZ,Skiadas Anthony T,,0001578926-26-000022,2026-04-09,A,127.53,13.63,141470.661,I,derivative,Phantom Stock (unitized),Common Stock,36.0,,
732712,2026-04-10,VZ,Russo Joseph J.,,0001968243-26-000026,2026-04-09,A,80.976,13.63,81612.535,I,derivative,Phantom Stock (unitized),Common Stock,23.0,,
732712,2026-04-10,VZ,Venkatesh Vandana,,0001950027-26-000024,2026-04-09,A,93.672,13.63,55315.036,I,derivative,Phantom Stock (unitized),Common Stock,27.0,,
732712,2026-04-24,VZ,SCHULMAN DANIEL H,,0001215315-26-000020,2026-04-23,A,197.535,13.47,7176.542,I,derivative,Phantom Stock (unitized),Common  Stock,56.0,,
732712,2026-04-24,VZ,Villanueva Rodriguez Alfonso,,0002111103-26-000015,2026-04-23,A,77.643,13.47,6085.988,I,derivative,Phantom Stock (unitized),Common Stock,22.0,,
732712,2026-04-24,VZ,Venkatesh Vandana,,0001950027-26-000026,2026-04-23,A,94.771,13.47,55409.807,I,derivative,Phantom Stock (unitized),Common Stock,27.0,,
732712,2026-04-24,VZ,Hammock Samantha,,0001896468-26-000026,2026-04-23,A,73.362,13.47,35402.519,I,derivative,Phantom Stock (unitized),Common Stock,21.0,,
732712,2026-04-24,VZ,Stillwell Mary-Lee,,0001750052-26-000026,2026-04-23,A,43.389,13.47,16219.953,I,derivative,Phantom Stock (unitized),Common Stock,12.0,,
732712,2026-04-24,VZ,Malady Kyle,,0001760581-26-000026,2026-04-23,A,129.025,13.47,410898.178,I,derivative,Phantom Stock (unitized),Common Stock,37.0,,
732712,2026-04-24,VZ,Russo Joseph J.,,0001968243-26-000028,2026-04-23,A,81.926,13.47,81694.461,I,derivative,Phantom Stock (unitized),Common Stock,23.0,,
732712,2026-04-24,VZ,Vestberg Hans Erik,,0001702684-26-000024,2026-04-23,A,197.535,13.47,225208.005,I,derivative,Phantom Stock (unitized),Common Stock,56.0,,
732712,2026-04-24,VZ,Skiadas Anthony T,,0001578926-26-000024,2026-04-23,A,129.025,13.47,141599.686,I,derivative,Phantom Stock (unitized),Common Stock,37.0,,
732712,2026-05-11,VZ,SCHULMAN DANIEL H,,0001215315-26-000022,2026-05-07,A,198.052,13.44,7476.339,I,derivative,Phantom Stock (unitized),Common  Stock,57.0,,
732712,2026-05-11,VZ,Malady Kyle,,0001760581-26-000028,2026-05-07,A,129.363,13.44,417016.011,I,derivative,Phantom Stock (unitized),Common Stock,37.0,,
732712,2026-05-11,VZ,Villanueva Rodriguez Alfonso,,0002111103-26-000017,2026-05-07,A,77.847,13.44,6251.429,I,derivative,Phantom Stock (unitized),Common Stock,22.0,,
732712,2026-05-11,VZ,Hammock Samantha,,0001896468-26-000028,2026-05-07,A,73.554,13.44,35991.125,I,derivative,Phantom Stock (unitized),Common Stock,21.0,,
732712,2026-05-11,VZ,Venkatesh Vandana,,0001950027-26-000028,2026-05-07,A,95.019,13.44,56311.246,I,derivative,Phantom Stock (unitized),Common Stock,27.0,,
732712,2026-05-11,VZ,Vestberg Hans Erik,,0001702684-26-000026,2026-05-07,A,198.052,13.44,228686.412,I,derivative,Phantom Stock (unitized),Common Stock,57.0,,
732712,2026-05-11,VZ,Stillwell Mary-Lee,,0001750052-26-000028,2026-05-07,A,43.503,13.44,16499.288,I,derivative,Phantom Stock (unitized),Common Stock,12.0,,
732712,2026-05-11,VZ,Russo Joseph J.,,0001968243-26-000030,2026-05-07,A,82.14,13.44,82966.403,I,derivative,Phantom Stock (unitized),Common Stock,23.0,,
732712,2026-05-11,VZ,Skiadas Anthony T,,0001578926-26-000026,2026-05-07,A,129.363,13.44,143791.504,I,derivative,Phantom Stock (unitized),Common Stock,37.0,,
732712,2026-05-26,VZ,Russo Joseph J.,,0001968243-26-000032,2026-05-21,A,80.144,13.77,83046.547,I,derivative,Phantom Stock (unitized),Common Stock,23.0,,
732712,2026-05-26,VZ,Vestberg Hans Erik,,0001702684-26-000028,2026-05-21,A,193.239,13.77,228879.651,I,derivative,Phantom Stock (unitized),Common Stock,55.0,,
732712,2026-05-26,VZ,Villanueva Rodriguez Alfonso,,0002111103-26-000019,2026-05-21,A,75.955,13.77,6327.384,I,derivative,Phantom Stock (unitized),Common Stock,22.0,,
732712,2026-05-26,VZ,SCHULMAN DANIEL H,,0001215315-26-000024,2026-05-21,A,193.239,13.77,7669.578,I,derivative,Phantom Stock (unitized),Common  Stock,55.0,,
732712,2026-05-26,VZ,Stillwell Mary-Lee,,0001750052-26-000030,2026-05-21,A,42.446,13.77,16541.734,I,derivative,Phantom Stock (unitized),Common Stock,12.0,,
732712,2026-05-26,VZ,Malady Kyle,,0001760581-26-000030,2026-05-21,A,126.219,13.77,417142.23,I,derivative,Phantom Stock (unitized),Common Stock,36.0,,
732712,2026-05-26,VZ,Venkatesh Vandana,,0001950027-26-000030,2026-05-21,A,92.71,13.77,56403.956,I,derivative,Phantom Stock (unitized),Common Stock,26.0,,
732712,2026-05-26,VZ,Hammock Samantha,,0001896468-26-000030,2026-05-21,A,71.766,13.77,36062.891,I,derivative,Phantom Stock (unitized),Common Stock,20.0,,
732712,2026-05-26,VZ,Skiadas Anthony T,,0001578926-26-000028,2026-05-21,A,126.219,13.77,143917.723,I,derivative,Phantom Stock (unitized),Common Stock,36.0,,
732712,2026-06-02,VZ,Hammock Samantha,,0001896468-26-000032,2026-05-29,S,73069.0,47.832,16221.0,D,non_derivative,Common Stock,,,,
732712,2026-06-05,VZ,Stillwell Mary-Lee,,0001750052-26-000032,2026-06-04,A,45.639,12.81,16587.373,I,derivative,Phantom Stock (unitized),Common Stock,13.0,,
732712,2026-06-05,VZ,Hammock Samantha,,0001896468-26-000034,2026-06-04,A,77.165,12.81,36140.056,I,derivative,Phantom Stock (unitized),Common Stock,22.0,,
732712,2026-06-05,VZ,Venkatesh Vandana,,0001950027-26-000032,2026-06-04,A,99.684,12.81,56503.64,I,derivative,Phantom Stock (unitized),Common Stock,28.0,,
732712,2026-06-05,VZ,Villanueva Rodriguez Alfonso,,0002111103-26-000021,2026-06-04,A,81.669,12.81,6409.053,I,derivative,Phantom Stock (unitized),Common Stock,23.0,,
732712,2026-06-05,VZ,Skiadas Anthony T,,0001578926-26-000030,2026-06-04,A,135.715,12.81,144053.438,I,derivative,Phantom Stock (unitized),Common Stock,39.0,,
732712,2026-06-05,VZ,SCHULMAN DANIEL H,,0001215315-26-000026,2026-06-04,A,207.776,12.81,7877.354,I,derivative,Phantom Stock (unitized),Common  Stock,59.0,,
732712,2026-06-05,VZ,Russo Joseph J.,,0001968243-26-000034,2026-06-04,A,86.173,12.81,83132.72,I,derivative,Phantom Stock (unitized),Common Stock,25.0,,
732712,2026-06-05,VZ,Malady Kyle,,0001760581-26-000032,2026-06-04,A,135.715,12.81,417277.945,I,derivative,Phantom Stock (unitized),Common Stock,39.0,,
732712,2026-06-18,VZ,Malady Kyle,,0001760581-26-000034,2026-06-17,A,132.86,13.08,417410.805,I,derivative,Phantom Stock (unitized),Common Stock,38.0,,
732712,2026-06-18,VZ,Skiadas Anthony T,,0001578926-26-000032,2026-06-17,A,132.86,13.08,144186.298,I,derivative,Phantom Stock (unitized),Common Stock,38.0,,
732712,2026-06-18,VZ,Russo Joseph J.,,0001968243-26-000036,2026-06-17,A,84.361,13.08,83217.081,I,derivative,Phantom Stock (unitized),Common Stock,24.0,,
732712,2026-06-18,VZ,Hammock Samantha,,0001896468-26-000036,2026-06-17,A,75.542,13.08,36215.598,I,derivative,Phantom Stock (unitized),Common Stock,22.0,,
732712,2026-06-18,VZ,Villanueva Rodriguez Alfonso,,0002111103-26-000023,2026-06-17,A,79.951,13.08,6489.004,I,derivative,Phantom Stock (unitized),Common Stock,23.0,,
732712,2026-06-18,VZ,Venkatesh Vandana,,0001950027-26-000034,2026-06-17,A,97.587,13.08,56601.227,I,derivative,Phantom Stock (unitized),Common Stock,28.0,,
732712,2026-06-18,VZ,Stillwell Mary-Lee,,0001750052-26-000034,2026-06-17,A,44.679,13.08,16632.052,I,derivative,Phantom Stock (unitized),Common Stock,13.0,,
732712,2026-06-18,VZ,SCHULMAN DANIEL H,,0001215315-26-000028,2026-06-17,A,203.406,13.08,8080.76,I,derivative,Phantom Stock (unitized),Common  Stock,58.0,,
732712,2026-07-06,VZ,Stillwell Mary-Lee,,0001750052-26-000036,2026-07-01,A,48.742,11.99,16680.794,I,derivative,Phantom Stock (unitized),Common Stock,14.0,,
732712,2026-07-06,VZ,Villanueva Rodriguez Alfonso,,0002111103-26-000025,2026-07-01,A,87.222,11.99,6576.226,I,derivative,Phantom Stock (unitized),Common Stock,25.0,,
732712,2026-07-06,VZ,Venkatesh Vandana,,0001950027-26-000036,2026-07-01,A,106.463,11.99,56707.69,I,derivative,Phantom Stock (unitized),Common Stock,30.0,,
732712,2026-07-06,VZ,SCHULMAN DANIEL H,,0001215315-26-000030,2026-07-01,A,221.905,11.99,8302.665,I,derivative,Phantom Stock (unitized),Common  Stock,63.0,,
732712,2026-07-06,VZ,Malady Kyle,,0001760581-26-000036,2026-07-01,A,144.943,11.99,417555.748,I,derivative,Phantom Stock (unitized),Common Stock,41.0,,
732712,2026-07-06,VZ,Russo Joseph J.,,0001968243-26-000038,2026-07-01,A,92.033,11.99,83309.114,I,derivative,Phantom Stock (unitized),Common Stock,26.0,,
732712,2026-07-06,VZ,Hammock Samantha,,0001896468-26-000038,2026-07-01,A,65.93,11.99,36281.528,I,derivative,Phantom Stock (unitized),Common Stock,19.0,,
732712,2026-07-06,VZ,Skiadas Anthony T,,0001578926-26-000034,2026-07-01,A,144.943,11.99,144331.241,I,derivative,Phantom Stock (unitized),Common Stock,41.0,,
732712,2026-07-09,VZ,Villanueva Rodriguez Alfonso,,0002111103-26-000027,2026-07-07,A,47754.0,0.0,47754.0,D,derivative,Restricted Stock Units - 2026 Supplemental Award,Common  Stock,47754.0,,
732712,2026-07-17,VZ,Skiadas Anthony T,,0001578926-26-000036,2026-07-16,A,138.74,12.53,144469.981,I,derivative,Phantom Stock (unitized),Common Stock,40.0,,
732712,2026-07-17,VZ,Stillwell Mary-Lee,,0001750052-26-000038,2026-07-16,A,46.656,12.53,16727.45,I,derivative,Phantom Stock (unitized),Common Stock,13.0,,
732712,2026-07-17,VZ,Russo Joseph J.,,0001968243-26-000040,2026-07-16,A,88.094,12.53,83397.208,I,derivative,Phantom Stock (unitized),Common Stock,25.0,,
732712,2026-07-17,VZ,Villanueva Rodriguez Alfonso,,0002111103-26-000029,2026-07-16,A,83.489,12.53,6659.715,I,derivative,Phantom Stock (unitized),Common Stock,24.0,,
732712,2026-07-17,VZ,SCHULMAN DANIEL H,,0001215315-26-000032,2026-07-16,A,212.408,12.53,8515.073,I,derivative,Phantom Stock (unitized),Common  Stock,61.0,,
732712,2026-07-17,VZ,Malady Kyle,,0001760581-26-000038,2026-07-16,A,138.74,12.53,417694.488,I,derivative,Phantom Stock (unitized),Common Stock,40.0,,
732712,2026-07-17,VZ,Venkatesh Vandana,,0001950027-26-000038,2026-07-16,A,101.906,12.53,56809.596,I,derivative,Phantom Stock (unitized),Common Stock,29.0,,
732712,2026-08-03,VZ,SCHULMAN DANIEL H,,0001215315-26-000034,2026-07-30,A,202.199,13.16,8717.272,I,derivative,Phantom Stock (unitized),Common  Stock,58.0,,
732712,2026-08-03,VZ,Stillwell Mary-Lee,,0001750052-26-000040,2026-07-30,A,44.414,13.16,16771.864,I,derivative,Phantom Stock (unitized),Common Stock,13.0,,
732712,2026-08-03,VZ,Skiadas Anthony T,,0001578926-26-000038,2026-07-30,A,132.072,13.16,144602.053,I,derivative,Phantom Stock (unitized),Common Stock,38.0,,
732712,2026-08-03,VZ,Venkatesh Vandana,,0001950027-26-000040,2026-07-30,A,97.008,13.16,56906.604,I,derivative,Phantom Stock (unitized),Common Stock,28.0,,
732712,2026-08-03,VZ,Russo Joseph J.,,0001968243-26-000042,2026-07-30,A,83.86,13.16,83481.068,I,derivative,Phantom Stock (unitized),Common Stock,24.0,,
732712,2026-08-03,VZ,Villanueva Rodriguez Alfonso,,0002111103-26-000031,2026-07-30,A,79.477,13.16,6739.192,I,derivative,Phantom Stock (unitized),Common Stock,23.0,,
732712,2026-08-03,VZ,Malady Kyle,,0001760581-26-000040,2026-07-30,A,132.072,13.16,417826.56,I,derivative,Phantom Stock (unitized),Common Stock,38.0,,
732712,2026-08-14,VZ,Venkatesh Vandana,,0001950027-26-000043,2026-08-13,A,92.776,13.76,57839.445,I,derivative,Phantom Stock (unitized),Common Stock,26.0,,
732712,2026-08-14,VZ,Stillwell Mary-Lee,,0001750052-26-000042,2026-08-13,A,42.476,13.76,17061.448,I,derivative,Phantom Stock (unitized),Common Stock,12.0,,
732712,2026-08-14,VZ,Skiadas Anthony T,,0001578926-26-000040,2026-08-13,A,126.31,13.76,146866.479,I,derivative,Phantom Stock (unitized),Common Stock,36.0,,
732712,2026-08-14,VZ,Malady Kyle,,0001760581-26-000042,2026-08-13,A,126.31,13.76,424138.517,I,derivative,Phantom Stock (unitized),Common Stock,36.0,,
732712,2026-08-14,VZ,Villanueva Rodriguez Alfonso,,0002111103-26-000033,2026-08-13,A,126.31,13.76,6962.921,I,derivative,Phantom Stock (unitized),Common Stock,36.0,,
732712,2026-08-14,VZ,Russo Joseph J.,,0001968243-26-000044,2026-08-13,A,80.201,13.76,84795.406,I,derivative,Phantom Stock (unitized),Common Stock,23.0,,
732712,2026-08-14,VZ,SCHULMAN DANIEL H,,0001215315-26-000036,2026-08-13,A,193.377,13.76,9033.644,I,derivative,Phantom Stock (unitized),Common  Stock,55.0,,
