cik,filingDate,issuerTradingSymbol,reportingOwnerName,reportingOwnerRelationship,accessionNumber,transactionDate,transactionCode,transactionShares,transactionPricePerShare,sharesOwnedFollowingTransaction,directOrIndirectOwnership,transactionType,securityTitle,underlyingSecurityTitle,underlyingSecurityShares,exercisePrice,expirationDate
823768,2016-02-22,WM,TREVATHAN JAMES E JR,,0001225208-16-027355,2016-02-18,A,45013.0,54.945,316349.7192,D,,,,,,
823768,2016-02-22,WM,Harris Jeff M,,0001225208-16-027353,2016-02-18,F,15130.0,54.945,26552.0,D,,,,,,
823768,2016-02-22,WM,Bhasin Puneet,,0001225208-16-027350,2016-02-18,A,18004.0,54.945,49990.0,D,,,,,,
823768,2016-02-22,WM,Fish James C Jr,,0001225208-16-027351,2016-02-18,A,42023.0,54.945,95603.6487,D,,,,,,
823768,2016-02-22,WM,STEINER DAVID P,,0001225208-16-027352,2016-02-18,A,216063.0,54.945,644879.411,D,,,,,,
823768,2016-02-22,WM,Morris John J,,0001225208-16-027354,2016-02-18,A,31222.0,54.945,59635.0,D,,,,,,
823768,2016-02-22,WM,Harris Jeff M,,0001225208-16-027353,2016-02-18,A,38422.0,54.945,41682.0,D,,,,,,
823768,2016-02-22,WM,Morris John J,,0001225208-16-027354,2016-02-18,F,10478.0,54.945,49157.0,D,,,,,,
823768,2016-02-22,WM,TREVATHAN JAMES E JR,,0001225208-16-027355,2016-02-18,F,16254.0,54.945,300095.7192,D,,,,,,
823768,2016-02-22,WM,Bhasin Puneet,,0001225208-16-027350,2016-02-18,F,4971.0,54.945,45019.0,D,,,,,,
823768,2016-02-22,WM,Rankin Devina A,,0001225208-16-027348,2016-02-18,F,1092.0,54.945,9762.951,D,,,,,,
823768,2016-02-22,WM,Bhasin Puneet,,0001225208-16-027350,2016-02-19,S,2693.0,55.64,42326.0,D,,,,,,
823768,2016-02-22,WM,CALDWELL BARRY H,,0001225208-16-027349,2016-02-18,F,4192.0,54.945,51430.7859,D,,,,,,
823768,2016-02-22,WM,Carpenter Don P,,0001225208-16-027346,2016-02-19,S,978.0,55.5669,23758.0,D,,,,,,
823768,2016-02-22,WM,CALDWELL BARRY H,,0001225208-16-027349,2016-02-18,A,15164.0,54.945,55622.7859,D,,,,,,
823768,2016-02-22,WM,Carpenter Don P,,0001225208-16-027346,2016-02-18,A,6537.0,54.945,26588.0,D,,,,,,
823768,2016-02-22,WM,Schwartz Mark E.,,0001225208-16-027347,2016-02-19,S,2268.0,55.64,40061.687,D,,,,,,
823768,2016-02-22,WM,Carpenter Don P,,0001225208-16-027346,2016-02-18,F,1852.0,54.945,24736.0,D,,,,,,
823768,2016-02-22,WM,Schwartz Mark E.,,0001225208-16-027347,2016-02-18,A,15164.0,54.945,46532.687,D,,,,,,
823768,2016-02-22,WM,Rankin Devina A,,0001225208-16-027348,2016-02-19,S,561.0,55.66,9201.951,D,,,,,,
823768,2016-02-22,WM,Rankin Devina A,,0001225208-16-027348,2016-02-18,A,3740.0,54.945,10854.951,D,,,,,,
823768,2016-02-22,WM,Schwartz Mark E.,,0001225208-16-027347,2016-02-18,F,4203.0,54.945,42329.687,D,,,,,,
823768,2016-02-23,WM,Harris Jeff M,,0001225208-16-027637,2016-02-19,S,2722.0,55.56,23830.0,D,,,,,,
823768,2016-02-23,WM,Harris Jeff M,,0001225208-16-027637,2016-02-22,S,1000.0,55.91,85350.133,I,,,,,,
823768,2016-02-23,WM,TREVATHAN JAMES E JR,,0001225208-16-027640,2016-02-19,S,2722.0,55.5596,297373.7192,D,,,,,,
823768,2016-02-23,WM,CALDWELL BARRY H,,0001225208-16-027639,2016-02-22,S,907.0,55.9601,50523.7859,D,,,,,,
823768,2016-02-23,WM,Morris John J,,0001225208-16-027638,2016-02-19,S,2723.0,55.5603,46434.0,D,,,,,,
823768,2016-02-23,WM,Morris John J,,0001225208-16-027638,2016-02-22,S,4000.0,55.8505,42434.0,D,,,,,,
823768,2016-02-26,WM,CALDWELL BARRY H,,0001225208-16-028367,2016-02-24,S,12785.0,56.0157,36399.7859,D,,,,,,
823768,2016-02-26,WM,CALDWELL BARRY H,,0001225208-16-028367,2016-02-25,G,2500.0,0.0,33899.7859,D,,,,,,
823768,2016-03-01,WM,Rankin Devina A,,0001225208-16-028770,2016-02-26,A,759.0,0.0,9960.951,D,,,,,,
823768,2016-03-01,WM,Carpenter Don P,,0001225208-16-028769,2016-02-26,A,896.0,0.0,24654.0,D,,,,,,
823768,2016-03-10,WM,Fish James C Jr,,0001225208-16-029627,2016-03-09,M,55000.0,36.885,150603.6487,D,,,,,,
823768,2016-03-10,WM,Fish James C Jr,,0001225208-16-029627,2016-03-09,S,562.0,57.7601,150041.6487,D,,,,,,
823768,2016-03-10,WM,Fish James C Jr,,0001225208-16-029627,2016-03-09,F,43027.0,57.44,107014.6487,D,,,,,,
823768,2016-03-10,WM,Rankin Devina A,,0001225208-16-029626,2016-03-08,F,208.0,57.005,9752.951,D,,,,,,
823768,2016-03-10,WM,Rankin Devina A,,0001225208-16-029626,2016-03-09,M,3262.0,36.885,13014.951,D,,,,,,
823768,2016-03-10,WM,Rankin Devina A,,0001225208-16-029626,2016-03-09,S,88.0,57.7301,15004.951,D,,,,,,
823768,2016-03-10,WM,Rankin Devina A,,0001225208-16-029626,2016-03-09,F,4070.0,57.44,10758.951,D,,,,,,
823768,2016-03-10,WM,Rankin Devina A,,0001225208-16-029626,2016-03-10,S,114.0,57.78,10644.951,D,,,,,,
823768,2016-03-10,WM,Carpenter Don P,,0001225208-16-029625,2016-03-08,F,363.0,54.005,24291.0,D,,,,,,
823768,2016-03-10,WM,Carpenter Don P,,0001225208-16-029625,2016-03-09,M,5703.0,36.885,29994.0,D,,,,,,
823768,2016-03-10,WM,Carpenter Don P,,0001225208-16-029625,2016-03-09,S,115.0,57.725,32598.0,D,,,,,,
823768,2016-03-10,WM,Carpenter Don P,,0001225208-16-029625,2016-03-09,F,6388.0,57.44,25904.0,D,,,,,,
823768,2016-03-10,WM,Carpenter Don P,,0001225208-16-029625,2016-03-10,S,198.0,57.78,25706.0,D,,,,,,
823768,2016-05-04,WM,Morris John J,,0001225208-16-032531,2016-05-02,M,20431.0,36.885,62865.0,D,,,,,,
823768,2016-05-04,WM,Carpenter Don P,,0001225208-16-032532,2016-05-02,S,2000.0,59.557,23706.0,D,,,,,,
823768,2016-05-04,WM,Carpenter Don P,,0001225208-16-032532,2016-05-02,G,2500.0,0.0,21206.0,D,,,,,,
823768,2016-05-04,WM,Bhasin Puneet,,0001225208-16-032530,2016-05-02,M,23565.0,36.885,65891.0,D,,,,,,
823768,2016-05-04,WM,Bhasin Puneet,,0001225208-16-032530,2016-05-02,S,23565.0,59.5877,42326.0,D,,,,,,
823768,2016-05-04,WM,Morris John J,,0001225208-16-032531,2016-05-02,S,13483.0,59.55,62865.0,D,,,,,,
823768,2016-05-06,WM,Harris Jeff M,,0001225208-16-032741,2016-05-04,M,50287.0,36.885,74117.0,D,,,,,,
823768,2016-05-06,WM,Harris Jeff M,,0001225208-16-032741,2016-05-04,S,62927.0,60.0748,38156.0,D,,,,,,
823768,2016-05-16,WM,Harris Jeff M,,0001225208-16-033314,2016-05-12,S,0.133,61.3,64410.0,I,,,,,,
823768,2016-05-17,WM,CALDWELL BARRY H,,0001225208-16-033480,2016-05-13,M,9922.0,36.885,43821.7859,D,,,,,,
823768,2016-05-17,WM,CALDWELL BARRY H,,0001225208-16-033480,2016-05-13,S,15234.0,62.0,38049.7859,D,,,,,,
823768,2016-05-23,WM,Carpenter Don P,,0001225208-16-033769,2016-05-23,S,1200.0,60.6052,20006.0,D,,,,,,
823768,2016-05-26,WM,Harris Jeff M,,0001225208-16-034068,2016-05-24,G,38156.0,0.0,0.0,D,,,,,,
823768,2016-05-26,WM,Harris Jeff M,,0001225208-16-034068,2016-05-25,S,4674.0,61.036,97892.0,I,,,,,,
823768,2016-05-26,WM,Harris Jeff M,,0001225208-16-034068,2016-05-26,S,11126.0,61.0395,86766.0,I,,,,,,
823768,2016-06-02,WM,Schwartz Mark E.,,0001225208-16-034430,2016-05-20,S,0.687,60.76,40061.0,D,,,,,,
823768,2016-06-13,WM,STEINER DAVID P,,0001225208-16-034946,2016-06-09,M,331008.0,33.49,975887.411,D,,,,,,
823768,2016-06-13,WM,STEINER DAVID P,,0001225208-16-034946,2016-06-09,F,241819.0,62.5,734068.411,D,,,,,,
823768,2016-07-06,WM,STEINER DAVID P,,0001225208-16-036324,2016-07-05,M,583333.0,37.185,1317401.411,D,,,,,,
823768,2016-07-06,WM,STEINER DAVID P,,0001225208-16-036324,2016-07-05,F,432644.0,67.0,884757.411,D,,,,,,
823768,2016-07-19,WM,REUM W ROBERT,,0001225208-16-036883,2016-07-18,S,771.0,67.5835,34423.0,D,,,,,,
823768,2016-07-19,WM,POPE JOHN C,,0001225208-16-036882,2016-07-15,A,1035.0,67.635,50307.0,D,,,,,,
823768,2016-07-19,WM,POPE JOHN C,,0001225208-16-036882,2016-07-18,S,449.0,67.2139,49858.0,D,,,,,,
823768,2016-07-19,WM,MAZZARELLA KATHLEEN M,,0001225208-16-036881,2016-07-15,A,1035.0,67.635,3094.0,I,,,,,,
823768,2016-07-19,WM,WEIDEMEYER THOMAS H,,0001225208-16-036884,2016-07-15,A,1035.0,67.635,24383.0,D,,,,,,
823768,2016-07-19,WM,WEIDEMEYER THOMAS H,,0001225208-16-036884,2016-07-19,S,449.0,67.58,23934.0,D,,,,,,
823768,2016-07-19,WM,REUM W ROBERT,,0001225208-16-036883,2016-07-15,A,1774.0,67.635,35194.0,D,,,,,,
823768,2016-07-19,WM,CLARK FRANK M,,0001225208-16-036877,2016-07-15,A,1035.0,67.635,29084.0,D,,,,,,
823768,2016-07-19,WM,CLARK FRANK M,,0001225208-16-036877,2016-07-18,S,449.0,67.2123,28635.0,D,,,,,,
823768,2016-07-19,WM,ANDERSON BRADBURY H,,0001225208-16-036876,2016-07-15,A,1035.0,67.635,18548.0,D,,,,,,
823768,2016-07-19,WM,HOLT VICTORIA M,,0001225208-16-036880,2016-07-15,A,1035.0,67.635,11284.0,D,,,,,,
823768,2016-07-19,WM,GROSS PATRICK W,,0001225208-16-036879,2016-07-15,A,1035.0,67.635,22125.0,D,,,,,,
823768,2016-07-19,WM,GROSS PATRICK W,,0001225208-16-036879,2016-07-18,S,482.0,67.194,21643.0,D,,,,,,
823768,2016-07-19,WM,Gluski Andres,,0001225208-16-036878,2016-07-15,A,1035.0,67.635,5182.0,D,,,,,,
823768,2016-08-01,WM,Carpenter Don P,,0001225208-16-037206,2016-07-29,S,141.0,66.1239,19865.0,D,,,,,,
823768,2016-08-04,WM,TREVATHAN JAMES E JR,,0001225208-16-037487,2016-08-03,S,0.769,66.11,297665.3342,D,,,,,,
823768,2016-08-08,WM,Schwartz Mark E.,,0001225208-16-037601,2016-08-04,M,27056.0,32.185,67117.0,D,,,,,,
823768,2016-08-08,WM,Schwartz Mark E.,,0001225208-16-037601,2016-08-04,S,70496.0,65.8878,40061.0,D,,,,,,
823768,2016-08-09,WM,Fish James C Jr,,0001225208-16-037655,2016-08-05,M,33708.0,41.37,140722.6487,D,,,,,,
823768,2016-08-09,WM,Fish James C Jr,,0001225208-16-037655,2016-08-05,S,33708.0,65.9073,107014.6487,D,,,,,,
823768,2016-08-11,WM,Bhasin Puneet,,0001225208-16-037733,2016-08-09,M,2105.0,41.37,44431.0,D,,,,,,
823768,2016-08-11,WM,Bhasin Puneet,,0001225208-16-037733,2016-08-09,S,2105.0,65.8412,42326.0,D,,,,,,
823768,2016-08-11,WM,Bhasin Puneet,,0001225208-16-037733,2016-08-10,M,9131.0,41.37,51457.0,D,,,,,,
823768,2016-08-11,WM,Bhasin Puneet,,0001225208-16-037733,2016-08-10,S,9131.0,65.8085,42326.0,D,,,,,,
823768,2016-08-12,WM,Fish James C Jr,,0001225208-16-037798,2016-08-11,S,7400.0,66.5932,99614.6487,D,,,,,,
823768,2016-08-16,WM,TREVATHAN JAMES E JR,,0001225208-16-037917,2016-08-12,S,0.331,66.82,297665.0,D,,,,,,
823768,2016-08-16,WM,Morris John J,,0001225208-16-037916,2016-08-12,S,12738.0,66.7544,29696.0,D,,,,,,
823768,2016-08-24,WM,Harris Jeff M,,0001225208-16-038309,2016-08-22,S,23798.0,65.5,62968.0,I,,,,,,
823768,2016-11-02,WM,Morris John J,,0001225208-16-040977,2015-08-13,P,123.0,52.13,28982.152,D,,,,,,
823768,2016-11-02,WM,Morris John J,,0001225208-16-040977,2016-06-28,P,31.0,63.7,42588.0,D,,,,,,
823768,2016-11-15,WM,Fish James C Jr,,0001225208-16-041764,2016-11-11,A,15625.0,0.0,115239.6487,D,,,,,,
823768,2017-01-05,WM,Carpenter Don P,,0001225208-17-000585,2016-12-31,F,508.0,71.085,17899.0,D,,,,,,
823768,2017-01-19,WM,REUM W ROBERT,,0001225208-17-001388,2017-01-15,A,1714.0,70.005,36137.0,D,,,,,,
823768,2017-01-19,WM,REUM W ROBERT,,0001225208-17-001388,2017-01-17,S,50.0,69.521,36087.0,D,,,,,,
823768,2017-01-19,WM,MAZZARELLA KATHLEEN M,,0001225208-17-001387,2017-01-15,A,1000.0,70.005,4094.0,I,,,,,,
823768,2017-01-19,WM,HOLT VICTORIA M,,0001225208-17-001386,2017-01-15,A,1000.0,70.005,12284.0,D,,,,,,
823768,2017-01-19,WM,Gluski Andres,,0001225208-17-001385,2017-01-15,A,1000.0,70.005,6182.0,D,,,,,,
823768,2017-01-19,WM,POPE JOHN C,,0001225208-17-001383,2017-01-15,A,1000.0,70.005,50858.0,D,,,,,,
823768,2017-01-19,WM,ANDERSON BRADBURY H,,0001225208-17-001384,2017-01-15,A,1000.0,70.005,19548.0,D,,,,,,
823768,2017-01-19,WM,GROSS PATRICK W,,0001225208-17-001380,2017-01-19,S,466.0,69.26,22177.0,D,,,,,,
823768,2017-01-19,WM,CLARK FRANK M,,0001225208-17-001382,2017-01-15,A,1000.0,70.005,29635.0,D,,,,,,
823768,2017-01-19,WM,CLARK FRANK M,,0001225208-17-001382,2017-01-18,S,433.0,69.5948,29202.0,D,,,,,,
823768,2017-01-19,WM,WEIDEMEYER THOMAS H,,0001225208-17-001381,2017-01-15,A,1000.0,70.005,24934.0,D,,,,,,
823768,2017-01-19,WM,WEIDEMEYER THOMAS H,,0001225208-17-001381,2017-01-19,S,100.0,69.57,24834.0,D,,,,,,
823768,2017-01-19,WM,GROSS PATRICK W,,0001225208-17-001380,2017-01-15,A,1000.0,70.005,22643.0,D,,,,,,
823768,2017-01-19,WM,POPE JOHN C,,0001225208-17-001383,2017-01-17,S,433.0,69.415,50425.0,D,,,,,,
823768,2017-02-21,WM,Morris John J,,0001225208-17-003948,2017-02-16,A,44652.0,70.39,74502.0,D,,,,,,
823768,2017-02-21,WM,TREVATHAN JAMES E JR,,0001225208-17-003950,2017-02-16,A,55816.0,70.39,353481.0,D,,,,,,
823768,2017-02-21,WM,TREVATHAN JAMES E JR,,0001225208-17-003950,2017-02-16,F,21370.0,70.39,332111.0,D,,,,,,
823768,2017-02-21,WM,Rankin Devina A,,0001225208-17-003949,2017-02-16,A,5164.0,70.39,16089.457,D,,,,,,
823768,2017-02-21,WM,Rankin Devina A,,0001225208-17-003949,2017-02-16,F,1436.0,70.39,14653.457,D,,,,,,
823768,2017-02-21,WM,Rankin Devina A,,0001225208-17-003949,2017-02-17,S,769.0,72.15,13884.457,D,,,,,,
823768,2017-02-21,WM,Morris John J,,0001225208-17-003948,2017-02-16,F,16693.0,70.39,57809.0,D,,,,,,
823768,2017-02-21,WM,Morris John J,,0001225208-17-003948,2017-02-17,S,6645.0,72.15,51164.0,D,,,,,,
823768,2017-02-21,WM,Harris Jeff M,,0001225208-17-003947,2017-02-16,A,44652.0,70.39,44652.0,D,,,,,,
823768,2017-02-21,WM,Fish James C Jr,,0001225208-17-003946,2017-02-16,A,55816.0,70.39,171055.6487,D,,,,,,
823768,2017-02-21,WM,Harris Jeff M,,0001225208-17-003947,2017-02-17,S,6645.0,72.15,19418.0,D,,,,,,
823768,2017-02-21,WM,Fish James C Jr,,0001225208-17-003946,2017-02-16,F,21342.0,70.39,149713.6487,D,,,,,,
823768,2017-02-21,WM,CALDWELL BARRY H,,0001225208-17-003945,2017-02-16,A,15668.0,70.39,53717.7859,D,,,,,,
823768,2017-02-21,WM,CALDWELL BARRY H,,0001225208-17-003945,2017-02-16,F,4541.0,70.39,49176.7859,D,,,,,,
823768,2017-02-21,WM,CALDWELL BARRY H,,0001225208-17-003945,2017-02-17,S,2332.0,72.15,46844.7859,D,,,,,,
823768,2017-02-21,WM,Harris Jeff M,,0001225208-17-003947,2017-02-16,F,18589.0,70.39,26063.0,D,,,,,,
823768,2017-02-24,WM,Rankin Devina A,,0001225208-17-004458,2017-02-23,S,2070.0,72.7327,11814.457,D,,,,,,
823768,2017-02-24,WM,Morris John J,,0001225208-17-004457,2017-02-22,S,20000.0,72.7,31164.0,D,,,,,,
823768,2017-02-24,WM,Harris Jeff M,,0001225208-17-004456,2017-02-22,S,28490.0,72.76,34478.0,I,,,,,,
823768,2017-03-01,WM,Morris John J,,0001225208-17-005097,2017-02-27,M,25218.0,54.635,56382.897,D,,,,,,
823768,2017-03-01,WM,Morris John J,,0001225208-17-005097,2017-02-27,S,154.897,73.28,67910.0,D,,,,,,
823768,2017-03-01,WM,ANDERSON BRADBURY H,,0001225208-17-005096,2017-02-28,A,511.0,73.335,20059.0,D,,,,,,
823768,2017-03-02,WM,Shade Darren K,,0001225208-17-005330,2017-02-28,A,430.0,0.0,2669.0,D,,,,,,
823768,2017-03-02,WM,Harris Jeff M,,0001225208-17-005322,2017-02-28,M,25218.0,54.635,44636.0,D,,,,,,
823768,2017-03-02,WM,Harris Jeff M,,0001225208-17-005322,2017-02-28,S,10232.0,73.39,46086.0,D,,,,,,
823768,2017-03-07,WM,TREVATHAN JAMES E JR,,0001225208-17-005762,2017-03-03,M,29594.0,41.37,361705.0,D,,,,,,
823768,2017-03-07,WM,TREVATHAN JAMES E JR,,0001225208-17-005762,2017-03-03,S,20998.0,73.1019,370164.0,D,,,,,,
823768,2017-03-07,WM,TREVATHAN JAMES E JR,,0001225208-17-005762,2017-03-06,M,4114.0,41.37,349049.0,D,,,,,,
823768,2017-03-07,WM,TREVATHAN JAMES E JR,,0001225208-17-005762,2017-03-06,S,3087.0,72.7801,345962.0,D,,,,,,
823768,2017-03-09,WM,CALDWELL BARRY H,,0001225208-17-005950,2017-03-07,M,9462.0,41.37,56306.7859,D,,,,,,
823768,2017-03-09,WM,CALDWELL BARRY H,,0001225208-17-005950,2017-03-07,S,2980.0,72.8167,53326.7859,D,,,,,,
823768,2017-03-09,WM,Harris Jeff M,,0001225208-17-005949,2017-03-07,M,26967.0,41.37,51275.0,D,,,,,,
823768,2017-03-09,WM,Harris Jeff M,,0001225208-17-005949,2017-03-07,S,20704.0,72.9394,30571.0,D,,,,,,
823768,2017-03-09,WM,Fish James C Jr,,0001225208-17-005948,2017-03-07,M,33708.0,41.37,183421.6487,D,,,,,,
823768,2017-03-09,WM,Fish James C Jr,,0001225208-17-005948,2017-03-07,S,25260.0,72.9356,158161.6487,D,,,,,,
823768,2017-03-09,WM,Morris John J,,0001225208-17-005947,2017-03-07,M,26967.0,41.37,57977.0,D,,,,,,
823768,2017-03-09,WM,Morris John J,,0001225208-17-005947,2017-03-07,S,20206.0,73.0216,37771.0,D,,,,,,
823768,2017-03-09,WM,Rankin Devina A,,0001225208-17-005946,2017-03-07,F,236.0,72.97,11578.457,D,,,,,,
823768,2017-03-09,WM,Rankin Devina A,,0001225208-17-005946,2017-03-08,S,131.0,72.42,11447.457,D,,,,,,
823768,2017-04-11,WM,CALDWELL BARRY H,,0001225208-17-007968,2017-04-07,S,400.0,73.51,48812.7859,D,,,,,,
823768,2017-04-18,WM,CALDWELL BARRY H,,0001225208-17-008112,2017-04-13,G,2055.0,0.0,44057.7859,D,,,,,,
823768,2017-04-25,WM,CALDWELL BARRY H,,0001225208-17-008318,2017-04-21,S,8142.0,73.5161,35915.7859,D,,,,,,
823768,2017-05-17,WM,Fish James C Jr,,0001225208-17-009962,2017-05-15,S,3500.0,72.245,154661.6487,D,,,,,,
823768,2017-06-01,WM,Fish James C Jr,,0001225208-17-010682,2017-05-30,S,3500.0,72.1907,151161.6487,D,,,,,,
823768,2017-07-18,WM,WEIDEMEYER THOMAS H,,0001225208-17-012713,2017-07-15,A,1045.0,74.155,25523.0,D,,,,,,
823768,2017-07-18,WM,WEIDEMEYER THOMAS H,,0001225208-17-012713,2017-07-18,S,477.0,74.8,25046.0,D,,,,,,
823768,2017-07-18,WM,CLARK FRANK M,,0001225208-17-012712,2017-07-15,A,1045.0,74.155,30247.0,D,,,,,,
823768,2017-07-18,WM,CLARK FRANK M,,0001225208-17-012712,2017-07-18,S,453.0,74.6,29794.0,D,,,,,,
823768,2017-07-18,WM,GROSS PATRICK W,,0001225208-17-012711,2017-07-15,A,1045.0,74.155,23222.0,D,,,,,,
823768,2017-07-18,WM,GROSS PATRICK W,,0001225208-17-012711,2017-07-18,S,487.0,74.679,22735.0,D,,,,,,
823768,2017-07-18,WM,POPE JOHN C,,0001225208-17-012710,2017-07-15,A,1045.0,74.155,51470.0,D,,,,,,
823768,2017-07-18,WM,POPE JOHN C,,0001225208-17-012710,2017-07-17,S,153.0,74.38,51317.0,D,,,,,,
823768,2017-07-18,WM,MAZZARELLA KATHLEEN M,,0001225208-17-012709,2017-07-15,A,1045.0,74.155,5139.0,I,,,,,,
823768,2017-07-18,WM,HOLT VICTORIA M,,0001225208-17-012708,2017-07-15,A,1045.0,74.155,13329.0,D,,,,,,
823768,2017-07-18,WM,Gluski Andres,,0001225208-17-012707,2017-07-15,A,1045.0,74.155,7227.0,D,,,,,,
823768,2017-07-18,WM,ANDERSON BRADBURY H,,0001225208-17-012706,2017-07-15,A,1713.0,74.155,21772.0,D,,,,,,
823768,2017-07-20,WM,CALDWELL BARRY H,,0001225208-17-012775,2017-07-19,M,13134.0,54.635,49049.7859,D,,,,,,
823768,2017-07-20,WM,CALDWELL BARRY H,,0001225208-17-012775,2017-07-19,F,11063.0,75.0,37986.7859,D,,,,,,
823768,2017-07-27,WM,Fish James C Jr,,0001225208-17-012944,2017-07-26,M,30210.0,54.635,181371.6487,D,,,,,,
823768,2017-07-27,WM,Fish James C Jr,,0001225208-17-012944,2017-07-26,F,25279.0,76.0,156092.6487,D,,,,,,
823768,2017-10-30,WM,Fish James C Jr,,0001225208-17-016647,2017-10-26,M,13629.0,56.235,169721.6487,D,,,,,,
823768,2017-10-30,WM,Fish James C Jr,,0001225208-17-016647,2017-10-26,F,11278.0,80.0,158443.6487,D,,,,,,
823768,2017-11-08,WM,Sjoqvist Nikolaj H,,0001225208-17-017067,2017-11-07,A,1899.0,0.0,16742.74,D,,,,,,
823768,2017-11-14,WM,Fish James C Jr,,0001225208-17-017294,2017-11-11,F,2186.0,81.305,156257.6487,D,,,,,,
823768,2017-11-30,WM,CALDWELL BARRY H,,0001225208-17-017774,2017-11-28,S,1650.0,81.1,36336.7859,D,,,,,,
823768,2017-11-30,WM,CALDWELL BARRY H,,0001225208-17-017774,2017-11-28,G,2500.0,0.0,33836.7859,D,,,,,,
823768,2017-12-07,WM,Nagy Leslie K,,0001225208-17-018354,2017-12-05,A,2744.0,0.0,2744.0,D,,,,,,
823768,2018-01-18,WM,GROSS PATRICK W,,0001225208-18-001221,2018-01-15,A,879.0,88.175,23614.0,D,,,,,,
823768,2018-01-18,WM,GROSS PATRICK W,,0001225208-18-001221,2018-01-17,S,387.0,88.304,23227.0,D,,,,,,
823768,2018-01-18,WM,MAZZARELLA KATHLEEN M,,0001225208-18-001218,2018-01-15,A,879.0,88.175,6018.0,I,,,,,,
823768,2018-01-18,WM,POPE JOHN C,,0001225208-18-001219,2018-01-15,A,879.0,88.175,51896.0,D,,,,,,
823768,2018-01-18,WM,POPE JOHN C,,0001225208-18-001219,2018-01-16,S,358.0,88.4014,51538.0,D,,,,,,
823768,2018-01-18,WM,ANDERSON BRADBURY H,,0001225208-18-001214,2018-01-15,A,1446.0,88.175,23218.0,D,,,,,,
823768,2018-01-18,WM,HOLT VICTORIA M,,0001225208-18-001217,2018-01-15,A,879.0,88.175,14208.0,D,,,,,,
823768,2018-01-18,WM,Gluski Andres,,0001225208-18-001216,2018-01-15,A,879.0,88.175,8106.0,D,,,,,,
823768,2018-01-18,WM,CLARK FRANK M,,0001225208-18-001215,2018-01-15,A,879.0,88.175,30673.0,D,,,,,,
823768,2018-01-18,WM,CLARK FRANK M,,0001225208-18-001215,2018-01-16,S,358.0,88.3915,30315.0,D,,,,,,
823768,2018-01-18,WM,WEIDEMEYER THOMAS H,,0001225208-18-001220,2018-01-15,A,879.0,88.175,25925.0,I,,,,,,
823768,2018-02-20,WM,TREVATHAN JAMES E JR,,0001225208-18-003285,2018-02-15,A,52076.0,85.395,398038.0,D,,,,,,
823768,2018-02-20,WM,Sjoqvist Nikolaj H,,0001225208-18-003284,2018-02-15,A,5176.0,85.395,21992.74,D,,,,,,
823768,2018-02-20,WM,Sjoqvist Nikolaj H,,0001225208-18-003284,2018-02-15,F,1303.0,85.395,20689.74,D,,,,,,
823768,2018-02-20,WM,Sjoqvist Nikolaj H,,0001225208-18-003284,2018-02-16,S,814.0,84.11,19875.74,D,,,,,,
823768,2018-02-20,WM,Rankin Devina A,,0001225208-18-003283,2018-02-15,A,4640.0,85.395,16393.457,D,,,,,,
823768,2018-02-20,WM,Rankin Devina A,,0001225208-18-003283,2018-02-15,F,1167.0,85.395,15226.457,D,,,,,,
823768,2018-02-20,WM,Rankin Devina A,,0001225208-18-003283,2018-02-16,S,856.0,84.11,14370.457,D,,,,,,
823768,2018-02-20,WM,Morris John J,,0001225208-18-003282,2018-02-15,A,43472.0,85.395,81266.0,D,,,,,,
823768,2018-02-20,WM,CALDWELL BARRY H,,0001225208-18-003278,2018-02-16,S,1840.0,84.0964,47450.7859,D,,,,,,
823768,2018-02-20,WM,Morris John J,,0001225208-18-003282,2018-02-16,S,1840.0,84.1004,64048.0,D,,,,,,
823768,2018-02-20,WM,Hmmer Tara J.,,0001225208-18-003281,2018-02-16,S,679.0,84.11,12547.0,D,,,,,,
823768,2018-02-20,WM,Hmmer Tara J.,,0001225208-18-003281,2018-02-15,F,1094.0,85.395,13226.0,D,,,,,,
823768,2018-02-20,WM,Hmmer Tara J.,,0001225208-18-003281,2018-02-15,A,4316.0,85.395,14320.0,D,,,,,,
823768,2018-02-20,WM,Harris Jeff M,,0001225208-18-003280,2018-02-15,A,43472.0,85.395,74043.0,D,,,,,,
823768,2018-02-20,WM,Harris Jeff M,,0001225208-18-003280,2018-02-15,F,17220.0,85.395,56823.0,D,,,,,,
823768,2018-02-20,WM,Harris Jeff M,,0001225208-18-003280,2018-02-16,S,1840.0,84.0908,54983.0,D,,,,,,
823768,2018-02-20,WM,Fish James C Jr,,0001225208-18-003279,2018-02-15,A,52076.0,85.395,208333.6487,D,,,,,,
823768,2018-02-20,WM,Fish James C Jr,,0001225208-18-003279,2018-02-15,F,18733.0,85.395,189600.6487,D,,,,,,
823768,2018-02-20,WM,Fish James C Jr,,0001225208-18-003279,2018-02-16,S,2159.0,84.0777,187441.6487,D,,,,,,
823768,2018-02-20,WM,CALDWELL BARRY H,,0001225208-18-003278,2018-02-15,A,22640.0,85.395,56476.7859,D,,,,,,
823768,2018-02-20,WM,CALDWELL BARRY H,,0001225208-18-003278,2018-02-15,F,7186.0,85.395,49290.7859,D,,,,,,
823768,2018-02-20,WM,Morris John J,,0001225208-18-003282,2018-02-15,F,15378.0,85.395,65888.0,D,,,,,,
823768,2018-02-22,WM,Morris John J,,0001225208-18-003844,2018-02-22,S,10544.0,84.5478,45794.0,D,,,,,,
823768,2018-02-22,WM,Nagy Leslie K,,0001225208-18-003848,2018-02-20,A,448.0,0.0,3192.0,D,,,,,,
823768,2018-02-22,WM,Morris John J,,0001225208-18-003844,2018-02-21,S,7710.0,85.2256,56338.0,D,,,,,,
823768,2018-02-27,WM,CALDWELL BARRY H,,0001225208-18-004378,2018-02-23,S,13614.0,85.0814,33836.7859,D,,,,,,
823768,2018-02-27,WM,Rankin Devina A,,0001225208-18-004376,2018-02-26,S,140.0,85.72,14230.457,D,,,,,,
823768,2018-02-27,WM,Rankin Devina A,,0001225208-18-004376,2018-02-26,F,189.0,84.91,14041.457,D,,,,,,
823768,2018-02-27,WM,Sjoqvist Nikolaj H,,0001225208-18-004377,2018-02-26,S,133.0,85.72,19742.74,D,,,,,,
823768,2018-02-27,WM,Sjoqvist Nikolaj H,,0001225208-18-004377,2018-02-26,F,211.0,84.91,19531.74,D,,,,,,
823768,2018-02-27,WM,Hmmer Tara J.,,0001225208-18-004375,2018-02-26,S,111.0,85.72,12436.0,D,,,,,,
823768,2018-02-27,WM,Hmmer Tara J.,,0001225208-18-004375,2018-02-26,F,176.0,84.91,12260.0,D,,,,,,
823768,2018-02-28,WM,Harris Jeff M,,0001225208-18-004629,2018-02-28,M,9715.0,73.335,72174.0,D,,,,,,
823768,2018-02-28,WM,Harris Jeff M,,0001225208-18-004629,2018-02-28,S,8820.0,87.795,63354.0,D,,,,,,
823768,2018-02-28,WM,Harris Jeff M,,0001225208-18-004629,2018-02-26,M,25220.0,54.635,80203.0,D,,,,,,
823768,2018-02-28,WM,Harris Jeff M,,0001225208-18-004629,2018-02-26,S,9399.0,86.4381,82486.0,D,,,,,,
823768,2018-03-01,WM,CALDWELL BARRY H,,0001225208-18-005003,2018-02-27,G,1200.0,0.0,32636.7859,D,,,,,,
823768,2018-03-01,WM,Morris John J,,0001225208-18-005004,2018-02-28,M,25220.0,54.635,71014.0,D,,,,,,
823768,2018-03-01,WM,Morris John J,,0001225208-18-005004,2018-02-28,S,22363.0,88.0,48651.0,D,,,,,,
823768,2018-04-10,WM,Sjoqvist Nikolaj H,,0001225208-18-007597,2018-04-07,F,776.0,84.7013,18755.74,D,,,,,,
823768,2018-04-10,WM,Sjoqvist Nikolaj H,,0001225208-18-007597,2018-04-09,S,307.0,84.7566,18448.74,D,,,,,,
823768,2018-05-08,WM,CALDWELL BARRY H,,0001225208-18-008875,2018-05-04,G,1190.0,0.0,31446.7859,D,,,,,,
823768,2018-05-08,WM,CALDWELL BARRY H,,0001225208-18-008875,2018-05-04,S,10844.0,84.0,20602.7859,D,,,,,,
823768,2018-05-15,WM,WEIDEMEYER THOMAS H,,0001225208-18-009336,2018-05-14,A,201.0,82.835,26126.0,I,,,,,,
823768,2018-07-18,WM,POPE JOHN C,,0001225208-18-011829,2018-07-16,A,922.0,84.0,52460.0,D,,,,,,
823768,2018-07-18,WM,MAZZARELLA KATHLEEN M,,0001225208-18-011831,2018-07-16,A,922.0,84.0,6940.0,I,,,,,,
823768,2018-07-18,WM,WEIDEMEYER THOMAS H,,0001225208-18-011830,2018-07-16,A,1518.0,84.0,27644.0,I,,,,,,
823768,2018-07-18,WM,GROSS PATRICK W,,0001225208-18-011825,2018-07-16,A,922.0,84.0,24149.0,D,,,,,,
823768,2018-07-18,WM,POPE JOHN C,,0001225208-18-011829,2018-07-17,S,76.0,83.633,52384.0,D,,,,,,
823768,2018-07-18,WM,CLARK FRANK M,,0001225208-18-011826,2018-07-16,A,922.0,84.0,31237.0,D,,,,,,
823768,2018-07-18,WM,CLARK FRANK M,,0001225208-18-011826,2018-07-17,S,376.0,82.6521,30861.0,D,,,,,,
823768,2018-07-18,WM,Gluski Andres,,0001225208-18-011827,2018-07-16,A,922.0,84.0,9028.0,D,,,,,,
823768,2018-07-18,WM,HOLT VICTORIA M,,0001225208-18-011828,2018-07-16,A,922.0,84.0,15130.0,D,,,,,,
823768,2018-07-18,WM,GROSS PATRICK W,,0001225208-18-011825,2018-07-18,S,406.0,83.22,23743.0,D,,,,,,
823768,2018-09-11,WM,Morris John J,,0001225208-18-013319,2018-09-07,M,11682.0,56.235,60333.0,D,,,,,,
823768,2018-09-11,WM,Morris John J,,0001225208-18-013319,2018-09-07,F,8927.0,92.0,51406.0,D,,,,,,
823768,2018-11-02,WM,Fish James C Jr,,0001225208-18-015119,2018-10-31,M,32383.0,73.335,219824.6487,D,,,,,,
823768,2018-11-02,WM,Fish James C Jr,,0001225208-18-015119,2018-10-31,F,62283.0,90.0,201380.6487,D,,,,,,
823768,2018-11-02,WM,Harris Jeff M,,0001225208-18-015118,2018-11-02,G,63354.0,0.0,0.0,D,,,,,,
823768,2018-11-08,WM,Harris Jeff M,,0001225208-18-015321,2018-11-08,S,24500.0,90.0007,51490.0,I,,,,,,
823768,2018-11-13,WM,Fish James C Jr,,0001225208-18-015443,2018-11-12,F,2050.0,90.225,199330.6487,D,,,,,,
823768,2018-11-27,WM,POPE JOHN C,,0001225208-18-015885,2018-11-26,G,145.0,0.0,52229.0,D,,,,,,
823768,2018-12-06,WM,Rankin Devina A,,0001225208-18-016265,2018-12-04,M,7180.0,54.635,21373.457,D,,,,,,
823768,2018-12-06,WM,Rankin Devina A,,0001225208-18-016265,2018-12-04,S,8107.0,94.4119,17427.457,D,,,,,,
823768,2018-12-10,WM,Fish James C Jr,,0001225208-18-016427,2018-12-07,G,646.0,0.0,198684.6487,D,,,,,,
823768,2019-01-03,WM,POPE JOHN C,,0001225208-19-000260,2018-12-31,G,290.0,0.0,0.0,I,,,,,,
823768,2019-01-17,WM,CLARK FRANK M,,0001225208-19-000976,2019-01-15,A,829.0,93.5311,31690.0,D,,,,,,
823768,2019-01-17,WM,CLARK FRANK M,,0001225208-19-000976,2019-01-17,S,338.0,93.085,31352.0,D,,,,,,
823768,2019-01-17,WM,GROSS PATRICK W,,0001225208-19-000975,2019-01-15,A,829.0,93.5311,24572.0,D,,,,,,
823768,2019-01-17,WM,GROSS PATRICK W,,0001225208-19-000975,2019-01-17,S,365.0,93.034,24207.0,D,,,,,,
823768,2019-01-17,WM,WEIDEMEYER THOMAS H,,0001225208-19-000974,2019-01-15,A,1363.0,93.5311,29007.0,I,,,,,,
823768,2019-01-17,WM,POPE JOHN C,,0001225208-19-000973,2019-01-15,A,829.0,93.5311,53058.0,D,,,,,,
823768,2019-01-17,WM,POPE JOHN C,,0001225208-19-000973,2019-01-16,S,338.0,93.78,52720.0,D,,,,,,
823768,2019-01-17,WM,MAZZARELLA KATHLEEN M,,0001225208-19-000972,2019-01-15,A,829.0,93.5311,7769.0,I,,,,,,
823768,2019-01-17,WM,HOLT VICTORIA M,,0001225208-19-000971,2019-01-15,A,829.0,93.5311,15959.0,D,,,,,,
823768,2019-01-17,WM,Gluski Andres,,0001225208-19-000970,2019-01-15,A,829.0,93.5311,9857.0,D,,,,,,
823768,2019-02-19,WM,Rankin Devina A,,0001225208-19-002887,2019-02-14,A,4556.0,98.61,22128.457,D,,,,,,
823768,2019-02-19,WM,Fish James C Jr,,0001225208-19-002890,2019-02-14,A,51852.0,98.61,250536.6487,D,,,,,,
823768,2019-02-19,WM,Watson Michael J.,,0001225208-19-002889,2019-02-14,A,4656.0,98.61,11963.0,D,,,,,,
823768,2019-02-19,WM,Watson Michael J.,,0001225208-19-002889,2019-02-14,F,1130.0,98.61,10833.0,D,,,,,,
823768,2019-02-19,WM,Watson Michael J.,,0001225208-19-002889,2019-02-15,S,707.0,98.7788,10126.0,D,,,,,,
823768,2019-02-19,WM,Sjoqvist Nikolaj H,,0001225208-19-002888,2019-02-14,A,4656.0,98.61,23395.158,D,,,,,,
823768,2019-02-19,WM,Sjoqvist Nikolaj H,,0001225208-19-002888,2019-02-14,F,1150.0,98.61,22245.158,D,,,,,,
823768,2019-02-19,WM,Sjoqvist Nikolaj H,,0001225208-19-002888,2019-02-15,S,707.0,98.82,21538.158,D,,,,,,
823768,2019-02-19,WM,Rankin Devina A,,0001225208-19-002887,2019-02-14,F,1117.0,98.61,21011.457,D,,,,,,
823768,2019-02-19,WM,Rankin Devina A,,0001225208-19-002887,2019-02-15,S,692.0,98.7956,20319.457,D,,,,,,
823768,2019-02-19,WM,Morris John J,,0001225208-19-002886,2019-02-14,A,44444.0,98.61,95827.0,D,,,,,,
823768,2019-02-19,WM,Morris John J,,0001225208-19-002886,2019-02-15,S,1540.0,98.8228,77955.0,D,,,,,,
823768,2019-02-19,WM,Hmmer Tara J.,,0001225208-19-002885,2019-02-14,A,4656.0,98.61,17208.0,D,,,,,,
823768,2019-02-19,WM,Hmmer Tara J.,,0001225208-19-002885,2019-02-14,F,1143.0,98.61,16065.0,D,,,,,,
823768,2019-02-19,WM,Hmmer Tara J.,,0001225208-19-002885,2019-02-15,S,472.0,98.8077,15593.0,D,,,,,,
823768,2019-02-19,WM,Batchelor Steve,,0001225208-19-002884,2019-02-14,A,4656.0,98.61,22142.484,D,,,,,,
823768,2019-02-19,WM,Batchelor Steve,,0001225208-19-002884,2019-02-14,F,1143.0,98.61,20999.484,D,,,,,,
823768,2019-02-19,WM,Batchelor Steve,,0001225208-19-002884,2019-02-15,S,707.0,98.8271,20292.484,D,,,,,,
823768,2019-02-19,WM,Morris John J,,0001225208-19-002886,2019-02-14,F,16332.0,98.61,79495.0,D,,,,,,
823768,2019-02-21,WM,Nagy Leslie K,,0001225208-19-003216,2019-02-19,A,484.0,0.0,3716.0,D,,,,,,
823768,2019-02-28,WM,Watson Michael J.,,0001225208-19-003932,2019-02-26,F,189.0,99.59,9937.0,D,,,,,,
823768,2019-02-28,WM,Watson Michael J.,,0001225208-19-003932,2019-02-27,S,119.0,100.14,9818.0,D,,,,,,
823768,2019-02-28,WM,Sjoqvist Nikolaj H,,0001225208-19-003931,2019-02-26,F,189.0,99.59,21349.158,D,,,,,,
823768,2019-02-28,WM,Sjoqvist Nikolaj H,,0001225208-19-003931,2019-02-27,S,119.0,100.125,21230.158,D,,,,,,
823768,2019-02-28,WM,Rankin Devina A,,0001225208-19-003930,2019-02-26,F,185.0,99.59,20134.457,D,,,,,,
823768,2019-02-28,WM,Rankin Devina A,,0001225208-19-003930,2019-02-27,S,117.0,100.095,20017.457,D,,,,,,
823768,2019-02-28,WM,Hmmer Tara J.,,0001225208-19-003929,2019-02-26,F,189.0,99.59,15404.0,D,,,,,,
823768,2019-02-28,WM,Hmmer Tara J.,,0001225208-19-003929,2019-02-27,S,80.0,100.09,15324.0,D,,,,,,
823768,2019-02-28,WM,Batchelor Steve,,0001225208-19-003928,2019-02-26,F,172.0,99.59,20120.484,D,,,,,,
823768,2019-02-28,WM,Batchelor Steve,,0001225208-19-003928,2019-02-27,S,119.0,100.075,20001.484,D,,,,,,
823768,2019-05-01,WM,Morris John J,,0001225208-19-007405,2019-04-29,M,23365.0,56.235,101332.0,D,,,,,,
823768,2019-05-01,WM,Morris John J,,0001225208-19-007405,2019-04-29,S,42795.0,106.3799,77967.0,D,,,,,,
823768,2019-05-09,WM,Watson Michael J.,,0001223203-19-000025,2019-05-07,S,300.0,104.5456,9518.0,D,,,,,,
823768,2019-07-10,WM,Fish James C Jr,,0001225208-19-010174,2019-07-08,M,32384.0,73.335,282920.6487,D,,,,,,
823768,2019-07-10,WM,Fish James C Jr,,0001225208-19-010174,2019-07-08,S,84314.0,116.5099,250536.6487,D,,,,,,
823768,2019-07-17,WM,CLARK FRANK M,,0001225208-19-010304,2019-07-15,A,658.0,117.8125,32010.0,D,,,,,,
823768,2019-07-17,WM,CLARK FRANK M,,0001225208-19-010304,2019-07-16,S,268.0,118.072,31742.0,D,,,,,,
823768,2019-07-17,WM,GROSS PATRICK W,,0001225208-19-010303,2019-07-15,A,658.0,117.8125,24865.0,D,,,,,,
823768,2019-07-17,WM,GROSS PATRICK W,,0001225208-19-010303,2019-07-17,S,289.0,118.61,24576.0,D,,,,,,
823768,2019-07-17,WM,POPE JOHN C,,0001225208-19-010301,2019-07-15,A,658.0,117.8125,53378.0,D,,,,,,
823768,2019-07-17,WM,MAZZARELLA KATHLEEN M,,0001225208-19-010300,2019-07-15,A,658.0,117.8125,8427.0,I,,,,,,
823768,2019-07-17,WM,POPE JOHN C,,0001225208-19-010301,2019-07-16,S,268.0,118.3,53110.0,D,,,,,,
823768,2019-07-17,WM,WEIDEMEYER THOMAS H,,0001225208-19-010302,2019-07-15,A,1082.0,117.8125,30089.0,I,,,,,,
823768,2019-07-17,WM,HOLT VICTORIA M,,0001225208-19-010299,2019-07-15,A,658.0,117.8125,16617.0,D,,,,,,
823768,2019-07-17,WM,Gluski Andres,,0001225208-19-010298,2019-07-15,A,658.0,117.8125,10515.0,D,,,,,,
823768,2019-08-28,WM,PLUMMER WILLIAM B,,0001225208-19-011955,2019-08-27,A,532.0,118.005,532.0,D,,,,,,
823768,2019-09-05,WM,Watson Michael J.,,0001225208-19-012181,2019-09-03,M,7865.0,41.37,17254.0,D,,,,,,
823768,2019-09-05,WM,Watson Michael J.,,0001225208-19-012181,2019-09-03,S,8019.0,119.4046,14857.0,D,,,,,,
823768,2019-09-11,WM,Hmmer Tara J.,,0001225208-19-012307,2019-09-09,M,7865.0,41.37,23470.0,D,,,,,,
823768,2019-09-11,WM,Hmmer Tara J.,,0001225208-19-012307,2019-09-09,S,4739.0,118.0382,18731.0,D,,,,,,
823768,2019-10-08,WM,Boettcher Charles C,,0001225208-19-013244,2019-10-04,F,952.0,116.225,3147.0,D,,,,,,
823768,2019-10-08,WM,Boettcher Charles C,,0001225208-19-013244,2019-10-07,S,589.0,115.95,2558.0,D,,,,,,
823768,2019-11-13,WM,Fish James C Jr,,0001225208-19-014467,2019-11-11,F,2050.0,110.66,248486.6487,D,,,,,,
823768,2019-11-15,WM,Batchelor Steve,,0001225208-19-014523,2019-11-14,G,1350.0,0.0,18932.484,D,,,,,,
823768,2019-11-15,WM,Fish James C Jr,,0001225208-19-014522,2019-11-14,S,3158.0,110.97,245328.6487,D,,,,,,
823768,2019-11-21,WM,Watson Michael J.,,0001225208-19-014735,2019-11-21,S,1000.0,112.0,13857.0,D,,,,,,
823768,2019-11-27,WM,Hmmer Tara J.,,0001225208-19-015002,2019-11-26,M,6674.0,54.635,25405.0,D,,,,,,
823768,2019-11-27,WM,Hmmer Tara J.,,0001225208-19-015002,2019-11-26,S,4639.0,110.36,20766.0,D,,,,,,
823768,2019-12-09,WM,Fish James C Jr,,0001225208-19-015420,2019-12-05,G,530.0,0.0,244798.6487,D,,,,,,
823768,2020-01-17,WM,PLUMMER WILLIAM B,,0001225208-20-000902,2020-01-15,A,654.0,118.5025,1186.0,D,,,,,,
823768,2020-01-17,WM,GROSS PATRICK W,,0001225208-20-000899,2020-01-15,A,654.0,118.5025,25230.0,D,,,,,,
823768,2020-01-17,WM,POPE JOHN C,,0001225208-20-000903,2020-01-15,A,654.0,118.5025,53764.0,D,,,,,,
823768,2020-01-17,WM,POPE JOHN C,,0001225208-20-000903,2020-01-16,S,267.0,118.5904,53497.0,D,,,,,,
823768,2020-01-17,WM,CLARK FRANK M,,0001225208-20-000905,2020-01-15,A,654.0,118.5025,32396.0,D,,,,,,
823768,2020-01-17,WM,Gluski Andres,,0001225208-20-000898,2020-01-15,A,654.0,118.5025,11169.0,D,,,,,,
823768,2020-01-17,WM,HOLT VICTORIA M,,0001225208-20-000900,2020-01-15,A,654.0,118.5025,17271.0,D,,,,,,
823768,2020-01-17,WM,WEIDEMEYER THOMAS H,,0001225208-20-000904,2020-01-15,A,1076.0,118.5025,31165.0,I,,,,,,
823768,2020-01-17,WM,CLARK FRANK M,,0001225208-20-000905,2020-01-17,S,267.0,119.69,32129.0,D,,,,,,
823768,2020-01-17,WM,MAZZARELLA KATHLEEN M,,0001225208-20-000901,2020-01-15,A,654.0,118.5025,9081.0,I,,,,,,
823768,2020-01-17,WM,GROSS PATRICK W,,0001225208-20-000899,2020-01-17,S,288.0,120.125,24942.0,D,,,,,,
823768,2020-02-18,WM,Boettcher Charles C,,0001225208-20-002634,2020-02-13,F,8443.0,124.06,18643.0,D,,,,,,
823768,2020-02-18,WM,Sjoqvist Nikolaj H,,0001225208-20-002636,2020-02-13,A,3505.0,124.06,25016.158,D,,,,,,
823768,2020-02-18,WM,Sjoqvist Nikolaj H,,0001225208-20-002636,2020-02-13,F,886.0,124.06,24130.158,D,,,,,,
823768,2020-02-18,WM,Rankin Devina A,,0001225208-20-002635,2020-02-14,S,1216.0,125.1009,33473.457,D,,,,,,
823768,2020-02-18,WM,Sjoqvist Nikolaj H,,0001225208-20-002636,2020-02-14,S,529.0,125.1376,23601.158,D,,,,,,
823768,2020-02-18,WM,Batchelor Steve,,0001225208-20-002633,2020-02-14,S,530.0,124.9551,21025.484,D,,,,,,
823768,2020-02-18,WM,Watson Michael J.,,0001225208-20-002637,2020-02-13,A,3505.0,124.06,17416.0,D,,,,,,
823768,2020-02-18,WM,Rankin Devina A,,0001225208-20-002635,2020-02-13,A,22237.0,124.06,42254.457,D,,,,,,
823768,2020-02-18,WM,Morris John J,,0001225208-20-002632,2020-02-18,S,13535.0,125.6206,84635.0,D,,,,,,
823768,2020-02-18,WM,Boettcher Charles C,,0001225208-20-002634,2020-02-13,A,24460.0,124.06,27086.0,D,,,,,,
823768,2020-02-18,WM,Batchelor Steve,,0001225208-20-002633,2020-02-13,A,3505.0,124.06,22437.484,D,,,,,,
823768,2020-02-18,WM,Morris John J,,0001225208-20-002632,2020-02-13,F,11937.0,124.06,99386.0,D,,,,,,
823768,2020-02-18,WM,Watson Michael J.,,0001225208-20-002637,2020-02-14,S,529.0,125.0615,16000.0,D,,,,,,
823768,2020-02-18,WM,Morris John J,,0001225208-20-002632,2020-02-14,S,1216.0,125.1226,98170.0,D,,,,,,
823768,2020-02-18,WM,Hmmer Tara J.,,0001225208-20-002630,2020-02-18,S,1684.0,125.74,21635.0,D,,,,,,
823768,2020-02-18,WM,Batchelor Steve,,0001225208-20-002633,2020-02-13,F,882.0,124.06,21555.484,D,,,,,,
823768,2020-02-18,WM,Fish James C Jr,,0001225208-20-002631,2020-02-18,S,67425.0,125.7891,244798.6487,D,,,,,,
823768,2020-02-18,WM,Fish James C Jr,,0001225208-20-002631,2020-02-13,F,42541.0,124.06,313440.6487,D,,,,,,
823768,2020-02-18,WM,Watson Michael J.,,0001225208-20-002637,2020-02-13,F,887.0,124.06,16529.0,D,,,,,,
823768,2020-02-18,WM,Fish James C Jr,,0001225208-20-002631,2020-02-14,S,1217.0,125.0917,312223.6487,D,,,,,,
823768,2020-02-18,WM,Hmmer Tara J.,,0001225208-20-002630,2020-02-13,A,3821.0,124.06,24587.0,D,,,,,,
823768,2020-02-18,WM,Hmmer Tara J.,,0001225208-20-002630,2020-02-14,S,309.0,125.1301,23319.0,D,,,,,,
823768,2020-02-18,WM,Hmmer Tara J.,,0001225208-20-002630,2020-02-13,F,959.0,124.06,23628.0,D,,,,,,
823768,2020-02-18,WM,Fish James C Jr,,0001225208-20-002631,2020-02-13,A,111183.0,124.06,355981.6487,D,,,,,,
823768,2020-02-18,WM,Morris John J,,0001225208-20-002632,2020-02-13,A,33356.0,124.06,111323.0,D,,,,,,
823768,2020-02-18,WM,Boettcher Charles C,,0001225208-20-002634,2020-02-14,S,1217.0,124.9926,17426.0,D,,,,,,
823768,2020-02-18,WM,Rankin Devina A,,0001225208-20-002635,2020-02-13,F,7565.0,124.06,34689.457,D,,,,,,
823768,2020-02-21,WM,Batchelor Steve,,0001225208-20-003061,2020-02-20,S,41463.0,123.7102,20845.484,D,,,,,,
823768,2020-02-21,WM,Nagy Leslie K,,0001225208-20-003070,2020-02-19,A,380.0,0.0,4166.0,D,,,,,,
823768,2020-02-21,WM,Batchelor Steve,,0001225208-20-003061,2020-02-20,M,10442.0,36.885,31467.484,D,,,,,,
823768,2020-02-25,WM,Nagy Leslie K,,0001225208-20-003380,2020-02-21,M,1603.0,85.34,5769.0,D,,,,,,
823768,2020-02-25,WM,Nagy Leslie K,,0001225208-20-003380,2020-02-21,S,145.0,124.661,5624.0,D,,,,,,
823768,2020-02-27,WM,Rankin Devina A,,0001225208-20-003677,2020-02-25,S,8000.0,125.1406,25473.457,D,,,,,,
823768,2020-02-27,WM,Nagy Leslie K,,0001225208-20-003676,2020-02-25,M,941.0,98.898,5253.0,D,,,,,,
823768,2020-02-27,WM,Nagy Leslie K,,0001225208-20-003676,2020-02-25,S,50.0,122.7677,5203.0,D,,,,,,
823768,2020-03-03,WM,Batchelor Steve,,0001225208-20-004127,2020-02-28,F,220.0,109.2945,20805.484,D,,,,,,
823768,2020-03-03,WM,Hmmer Tara J.,,0001225208-20-004128,2020-03-02,S,52.0,113.0892,21425.0,D,,,,,,
823768,2020-03-03,WM,Hmmer Tara J.,,0001225208-20-004128,2020-02-28,F,158.0,109.2945,21477.0,D,,,,,,
823768,2020-03-03,WM,Sjoqvist Nikolaj H,,0001225208-20-004129,2020-03-02,S,87.0,113.4401,23369.158,D,,,,,,
823768,2020-03-03,WM,Batchelor Steve,,0001225208-20-004127,2020-03-02,S,88.0,113.2269,20717.484,D,,,,,,
823768,2020-03-03,WM,Watson Michael J.,,0001225208-20-004130,2020-03-02,S,88.0,113.6537,15767.0,D,,,,,,
823768,2020-03-03,WM,Sjoqvist Nikolaj H,,0001225208-20-004129,2020-02-28,F,145.0,109.2945,23456.158,D,,,,,,
823768,2020-03-03,WM,Watson Michael J.,,0001225208-20-004130,2020-02-28,F,145.0,109.2945,15855.0,D,,,,,,
823768,2020-03-03,WM,Morris John J,,0001225208-20-004131,2020-03-02,S,3330.0,113.2149,100735.0,D,,,,,,
823768,2020-03-03,WM,Morris John J,,0001225208-20-004131,2020-03-02,M,19430.0,73.335,104065.0,D,,,,,,
823768,2020-03-05,WM,Fish James C Jr,,0001225208-20-004413,2020-03-04,S,50320.0,118.3988,259245.6487,D,,,,,,
823768,2020-03-05,WM,Fish James C Jr,,0001225208-20-004413,2020-03-04,M,64767.0,73.335,309565.6487,D,,,,,,
823768,2020-05-05,WM,Hmmer Tara J.,,0001225208-20-007062,2020-05-02,F,270.0,97.87,21155.0,D,,,,,,
823768,2020-07-17,WM,CLARK FRANK M,,0001225208-20-009843,2020-07-15,A,772.0,106.83,32901.0,D,,,,,,
823768,2020-07-17,WM,PLUMMER WILLIAM B,,0001225208-20-009847,2020-07-15,A,772.0,106.83,1958.0,D,,,,,,
823768,2020-07-17,WM,WEIDEMEYER THOMAS H,,0001225208-20-009849,2020-07-15,A,1240.0,106.83,32405.0,I,,,,,,
823768,2020-07-17,WM,POPE JOHN C,,0001225208-20-009848,2020-07-16,S,315.0,106.8746,53954.0,D,,,,,,
823768,2020-07-17,WM,POPE JOHN C,,0001225208-20-009848,2020-07-15,A,772.0,106.83,54269.0,D,,,,,,
823768,2020-07-17,WM,Gluski Andres,,0001225208-20-009844,2020-07-15,A,772.0,106.83,11941.0,D,,,,,,
823768,2020-07-17,WM,MAZZARELLA KATHLEEN M,,0001225208-20-009846,2020-07-15,A,772.0,106.83,9853.0,I,,,,,,
823768,2020-07-17,WM,HOLT VICTORIA M,,0001225208-20-009845,2020-07-15,A,772.0,106.83,18043.0,D,,,,,,
823768,2020-07-20,WM,CLARK FRANK M,,0001225208-20-009864,2020-07-20,S,315.0,106.95,32586.0,D,,,,,,
823768,2020-08-06,WM,Sjoqvist Nikolaj H,,0001225208-20-010357,2020-08-04,M,8009.0,54.635,31378.158,D,,,,,,
823768,2020-08-06,WM,Sjoqvist Nikolaj H,,0001225208-20-010357,2020-08-04,S,31076.0,108.4829,23369.158,D,,,,,,
823768,2020-11-05,WM,Morris John J,,0001225208-20-013136,2020-11-04,M,14802.0,85.34,99437.0,D,,,,,,
823768,2020-11-05,WM,Morris John J,,0001225208-20-013136,2020-11-04,S,23803.0,116.5887,84635.0,D,,,,,,
823768,2020-11-05,WM,Watson Michael J.,,0001225208-20-013137,2020-11-04,S,9442.0,117.4317,15953.7744,D,,,,,,
823768,2020-11-05,WM,Watson Michael J.,,0001225208-20-013137,2020-11-04,M,7342.0,54.635,23295.7744,D,,,,,,
823768,2020-11-09,WM,Boettcher Charles C,,0001225208-20-013231,2020-11-06,S,2558.0,120.0,15038.7247,D,,,,,,
823768,2020-11-10,WM,Sjoqvist Nikolaj H,,0001225208-20-013291,2020-11-07,F,748.0,119.635,22626.001,D,,,,,,
823768,2020-11-12,WM,Fish James C Jr,,0001225208-20-013416,2020-11-10,S,24671.0,123.0879,259245.6487,D,,,,,,
823768,2020-11-12,WM,Fish James C Jr,,0001225208-20-013416,2020-11-10,M,24671.0,85.34,283916.6487,D,,,,,,
823768,2020-11-12,WM,Hmmer Tara J.,,0001225208-20-013415,2020-11-09,M,6530.0,56.235,27903.8758,D,,,,,,
823768,2020-11-12,WM,Hmmer Tara J.,,0001225208-20-013415,2020-11-09,S,8852.0,123.848,24989.8758,D,,,,,,
823768,2020-12-03,WM,Rankin Devina A,,0001225208-20-014192,2020-12-01,M,25907.0,73.335,51380.457,D,,,,,,
823768,2020-12-03,WM,Rankin Devina A,,0001225208-20-014192,2020-12-01,S,32293.0,119.75,25473.457,D,,,,,,
823768,2020-12-08,WM,Nagy Leslie K,,0001225208-20-014345,2020-12-05,F,669.0,117.235,3764.6771,D,,,,,,
823768,2020-12-08,WM,Nagy Leslie K,,0001225208-20-014345,2020-12-07,S,414.0,117.39,3350.6771,D,,,,,,
823768,2020-12-11,WM,Nagy Leslie K,,0001225208-20-014549,2020-12-10,S,1037.0,116.14,2313.6771,D,,,,,,
823768,2020-12-21,WM,Fish James C Jr,,0001225208-20-014916,2020-12-17,G,516.0,0.0,258729.6487,D,,,,,,
823768,2020-12-23,WM,Fish James C Jr,,0001225208-20-015042,2020-12-22,G,15000.0,0.0,243729.6487,D,,,,,,
823768,2020-12-31,WM,Fish James C Jr,,0001225208-20-015141,2020-12-30,G,17000.0,0.0,226729.6487,D,,,,,,
823768,2021-01-20,WM,MAZZARELLA KATHLEEN M,,0001225208-21-000935,2021-01-15,A,719.0,114.8,10572.0,I,,,,,,
823768,2021-01-20,WM,POPE JOHN C,,0001225208-21-000936,2021-01-19,S,301.0,115.8029,54372.0,D,,,,,,
823768,2021-01-20,WM,PLUMMER WILLIAM B,,0001225208-21-000938,2021-01-15,A,719.0,114.8,2677.0,D,,,,,,
823768,2021-01-20,WM,WEIDEMEYER THOMAS H,,0001225208-21-000937,2021-01-15,A,1154.0,114.8,33559.0,I,,,,,,
823768,2021-01-20,WM,Gluski Andres,,0001225208-21-000933,2021-01-15,A,719.0,114.8,12660.0,D,,,,,,
823768,2021-01-20,WM,CLARK FRANK M,,0001225208-21-000932,2021-01-15,A,719.0,114.8,33305.0,D,,,,,,
823768,2021-01-20,WM,HOLT VICTORIA M,,0001225208-21-000934,2021-01-15,A,719.0,114.8,18762.0,D,,,,,,
823768,2021-01-20,WM,POPE JOHN C,,0001225208-21-000936,2021-01-15,A,719.0,114.8,54673.0,D,,,,,,
823768,2021-01-21,WM,CLARK FRANK M,,0001225208-21-000993,2021-01-21,S,301.0,114.1371,33004.0,D,,,,,,
823768,2021-02-22,WM,Sjoqvist Nikolaj H,,0001225208-21-003367,2021-02-18,F,5441.0,112.365,34328.001,D,,,,,,
823768,2021-02-22,WM,Fish James C Jr,,0001225208-21-003363,2021-02-18,F,39137.0,112.365,290444.6487,D,,,,,,
823768,2021-02-22,WM,Batchelor Steve,,0001225208-21-003368,2021-02-18,F,722.0,112.365,23092.3598,D,,,,,,
823768,2021-02-22,WM,Rankin Devina A,,0001225208-21-003366,2021-02-18,A,29141.0,112.365,54614.457,D,,,,,,
823768,2021-02-22,WM,Batchelor Steve,,0001225208-21-003368,2021-02-19,S,450.0,111.3661,22642.3598,D,,,,,,
823768,2021-02-22,WM,Batchelor Steve,,0001225208-21-003368,2021-02-18,A,2878.0,112.365,23814.3598,D,,,,,,
823768,2021-02-22,WM,Nagy Leslie K,,0001225208-21-003365,2021-02-19,S,392.0,111.325,3849.441,D,,,,,,
823768,2021-02-22,WM,Nagy Leslie K,,0001225208-21-003365,2021-02-18,A,2505.0,112.365,4891.441,D,,,,,,
823768,2021-02-22,WM,Morris John J,,0001225208-21-003364,2021-02-18,F,10819.0,112.365,104672.0,D,,,,,,
823768,2021-02-22,WM,Batchelor Steve,,0001225208-21-003368,2021-02-20,F,114.0,112.205,22528.3598,D,,,,,,
823768,2021-02-22,WM,Boettcher Charles C,,0001225208-21-003362,2021-02-19,S,1391.0,111.3934,26660.0591,D,,,,,,
823768,2021-02-22,WM,Watson Michael J.,,0001225208-21-003369,2021-02-18,F,700.0,112.365,18047.6647,D,,,,,,
823768,2021-02-22,WM,Morris John J,,0001225208-21-003364,2021-02-18,A,30856.0,112.365,115491.0,D,,,,,,
823768,2021-02-22,WM,Fish James C Jr,,0001225208-21-003363,2021-02-19,S,1391.0,111.395,289053.6487,D,,,,,,
823768,2021-02-22,WM,Watson Michael J.,,0001225208-21-003369,2021-02-20,F,121.0,112.205,17494.6647,D,,,,,,
823768,2021-02-22,WM,Sjoqvist Nikolaj H,,0001225208-21-003367,2021-02-18,A,17143.0,112.365,39769.001,D,,,,,,
823768,2021-02-22,WM,Hmmer Tara J.,,0001225208-21-003361,2021-02-19,S,1391.0,111.2808,35308.8758,D,,,,,,
823768,2021-02-22,WM,Rankin Devina A,,0001225208-21-003366,2021-02-19,S,1391.0,111.4021,43076.457,D,,,,,,
823768,2021-02-22,WM,Fish James C Jr,,0001225208-21-003363,2021-02-18,A,102852.0,112.365,329581.6487,D,,,,,,
823768,2021-02-22,WM,Rankin Devina A,,0001225208-21-003366,2021-02-18,F,10147.0,112.365,44467.457,D,,,,,,
823768,2021-02-22,WM,Boettcher Charles C,,0001225208-21-003362,2021-02-18,F,6238.0,112.365,28051.0591,D,,,,,,
823768,2021-02-22,WM,Hmmer Tara J.,,0001225208-21-003361,2021-02-18,A,17143.0,112.365,42132.8758,D,,,,,,
823768,2021-02-22,WM,Watson Michael J.,,0001225208-21-003369,2021-02-19,S,432.0,111.29,17615.6647,D,,,,,,
823768,2021-02-22,WM,Boettcher Charles C,,0001225208-21-003362,2021-02-18,A,19198.0,112.365,34289.0591,D,,,,,,
823768,2021-02-22,WM,Watson Michael J.,,0001225208-21-003369,2021-02-18,A,2759.0,112.365,18747.6647,D,,,,,,
823768,2021-02-22,WM,Morris John J,,0001225208-21-003364,2021-02-19,S,1391.0,111.4901,103281.0,D,,,,,,
823768,2021-02-22,WM,Nagy Leslie K,,0001225208-21-003365,2021-02-20,F,110.0,112.205,3739.441,D,,,,,,
823768,2021-02-22,WM,Nagy Leslie K,,0001225208-21-003365,2021-02-18,F,650.0,112.365,4241.441,D,,,,,,
823768,2021-02-22,WM,Sjoqvist Nikolaj H,,0001225208-21-003367,2021-02-19,S,1391.0,111.505,32937.001,D,,,,,,
823768,2021-02-22,WM,Hmmer Tara J.,,0001225208-21-003361,2021-02-18,F,5433.0,112.365,36699.8758,D,,,,,,
823768,2021-02-24,WM,Fish James C Jr,,0001225208-21-003613,2021-02-22,S,62324.0,110.0831,226729.6487,D,,,,,,
823768,2021-02-24,WM,Morris John J,,0001225208-21-003612,2021-02-22,M,14803.0,85.34,118084.0,D,,,,,,
823768,2021-02-24,WM,Hmmer Tara J.,,0001225208-21-003611,2021-02-22,S,6810.0,110.4423,28498.8758,D,,,,,,
823768,2021-02-24,WM,Morris John J,,0001225208-21-003612,2021-02-22,S,7430.0,111.1352,110654.0,D,,,,,,
823768,2021-02-24,WM,Watson Michael J.,,0001225208-21-003610,2021-02-22,S,78.0,109.7034,17416.6647,D,,,,,,
823768,2021-02-24,WM,Nagy Leslie K,,0001225208-21-003609,2021-02-22,S,71.0,109.96,3668.441,D,,,,,,
823768,2021-02-24,WM,Nagy Leslie K,,0001225208-21-003609,2021-02-23,S,169.0,111.27,2768.441,D,,,,,,
823768,2021-02-24,WM,Batchelor Steve,,0001225208-21-003608,2021-02-22,S,82.0,109.675,22446.3598,D,,,,,,
823768,2021-02-25,WM,Boettcher Charles C,,0001225208-21-003829,2021-02-23,A,4386.0,0.0,31046.0591,D,,,,,,
823768,2021-02-25,WM,Nagy Leslie K,,0001225208-21-003830,2021-02-23,A,404.0,0.0,3341.441,D,,,,,,
823768,2021-03-05,WM,Rankin Devina A,,0001225208-21-004776,2021-03-04,S,17603.0,115.0,25473.457,D,,,,,,
823768,2021-03-09,WM,Boettcher Charles C,,0001225208-21-004896,2021-03-08,S,2891.0,120.0,28155.0591,D,,,,,,
823768,2021-03-22,WM,Sylvester Maryrose,,0001225208-21-005718,2021-03-19,A,452.0,121.7775,452.0,D,,,,,,
823768,2021-03-22,WM,MENKE SEAN E,,0001225208-21-005717,2021-03-19,A,452.0,121.7775,452.0,D,,,,,,
823768,2021-03-25,WM,Boettcher Charles C,,0001225208-21-005860,2021-03-24,S,2891.0,125.0,25264.0591,D,,,,,,
823768,2021-03-30,WM,Batchelor Steve,,0001225208-21-006064,2021-03-30,G,970.0,0.0,21476.3598,D,,,,,,
823768,2021-03-30,WM,Boettcher Charles C,,0001225208-21-006065,2021-03-29,S,2891.0,130.0,22373.0591,D,,,,,,
823768,2021-05-05,WM,Watson Michael J.,,0001225208-21-007630,2021-05-04,M,4430.0,56.235,21846.6647,D,,,,,,
823768,2021-05-05,WM,Watson Michael J.,,0001225208-21-007630,2021-05-04,S,4430.0,140.5496,17416.6647,D,,,,,,
823768,2021-05-19,WM,Fish James C Jr,,0001225208-21-008293,2021-05-17,S,0.6487,141.48,226729.0,D,,,,,,
823768,2021-06-03,WM,Rankin Devina A,,0001225208-21-008929,2021-06-02,S,0.457,140.52,25473.0,D,,,,,,
823768,2021-06-03,WM,Fish James C Jr,,0001225208-21-008869,2021-06-01,M,57283.0,98.898,284012.0,D,,,,,,
823768,2021-06-03,WM,Fish James C Jr,,0001225208-21-008869,2021-06-01,S,131625.0,140.5012,201729.0,D,,,,,,
823768,2021-06-10,WM,Fish James C Jr,,0001225208-21-009201,2021-06-09,G,76885.0,0.0,124844.0,D,,,,,,
823768,2021-06-29,WM,Nagy Leslie K,,0001225208-21-009637,2021-06-28,S,2006.0,139.06,3711.441,D,,,,,,
823768,2021-06-29,WM,Nagy Leslie K,,0001225208-21-009637,2021-06-28,M,1604.0,85.34,4776.441,D,,,,,,
823768,2021-07-01,WM,Nagy Leslie K,,0001225208-21-009981,2021-07-01,S,269.0,141.7,3442.441,D,,,,,,
823768,2021-07-19,WM,MAZZARELLA KATHLEEN M,,0001225208-21-010768,2021-07-15,A,571.0,144.48,11143.0,I,,,,,,
823768,2021-07-19,WM,MENKE SEAN E,,0001225208-21-010769,2021-07-15,A,571.0,144.48,1023.0,D,,,,,,
823768,2021-07-19,WM,HOLT VICTORIA M,,0001225208-21-010767,2021-07-15,A,571.0,144.48,19333.0,D,,,,,,
823768,2021-07-19,WM,PLUMMER WILLIAM B,,0001225208-21-010770,2021-07-15,A,571.0,144.48,3248.0,D,,,,,,
823768,2021-07-19,WM,Gluski Andres,,0001225208-21-010766,2021-07-15,A,571.0,144.48,13231.0,D,,,,,,
823768,2021-07-19,WM,POPE JOHN C,,0001225208-21-010771,2021-07-16,S,211.0,145.9,54732.0,D,,,,,,
823768,2021-07-19,WM,POPE JOHN C,,0001225208-21-010771,2021-07-15,A,571.0,144.48,54943.0,D,,,,,,
823768,2021-07-19,WM,Boettcher Charles C,,0001225208-21-010774,2021-07-15,S,3500.0,145.0,19090.7622,D,,,,,,
823768,2021-07-19,WM,Sylvester Maryrose,,0001225208-21-010772,2021-07-15,A,571.0,144.48,1023.0,D,,,,,,
823768,2021-07-19,WM,WEIDEMEYER THOMAS H,,0001225208-21-010773,2021-07-15,A,917.0,144.48,34476.0,I,,,,,,
823768,2021-07-28,WM,Boettcher Charles C,,0001225208-21-010904,2021-07-26,M,400.0,73.335,19490.7622,D,,,,,,
823768,2021-07-28,WM,Boettcher Charles C,,0001225208-21-010904,2021-07-26,S,400.0,147.0025,19090.7622,D,,,,,,
823768,2021-07-28,WM,Boettcher Charles C,,0001225208-21-010904,2021-07-27,S,28097.0,148.6063,19090.7622,D,,,,,,
823768,2021-07-28,WM,Boettcher Charles C,,0001225208-21-010904,2021-07-27,M,28097.0,73.335,47187.7622,D,,,,,,
823768,2021-08-04,WM,HOLT VICTORIA M,,0001225208-21-011097,2021-08-02,S,604.0,146.9087,18729.0,D,,,,,,
823768,2021-08-13,WM,Boettcher Charles C,,0001225208-21-011453,2021-08-12,M,18421.0,85.34,37511.7622,D,,,,,,
823768,2021-08-13,WM,Boettcher Charles C,,0001225208-21-011453,2021-08-12,S,13613.0,149.9973,23898.7622,D,,,,,,
823768,2021-09-01,WM,Rankin Devina A,,0001225208-21-011881,2021-08-31,M,27961.0,85.34,53434.0,D,,,,,,
823768,2021-09-01,WM,Rankin Devina A,,0001225208-21-011881,2021-08-31,S,33115.0,155.1802,36685.0,D,,,,,,
823768,2021-10-05,WM,Hemmer Tara J.,,0001225208-21-012833,2021-10-01,M,16447.0,85.34,45163.5789,D,,,,,,
823768,2021-10-05,WM,Hemmer Tara J.,,0001225208-21-012833,2021-10-01,S,12186.0,149.0675,32977.5789,D,,,,,,
823768,2022-01-03,WM,Rankin Devina A,,0001225208-22-000067,2021-12-30,G,6000.0,0.0,30685.0,D,,,,,,
823768,2022-01-18,WM,PLUMMER WILLIAM B,,0001225208-22-000795,2022-01-15,A,528.0,156.2685,3776.0,D,,,,,,
823768,2022-01-18,WM,Gluski Andres,,0001225208-22-000791,2022-01-15,A,528.0,156.2685,13759.0,D,,,,,,
823768,2022-01-18,WM,POPE JOHN C,,0001225208-22-000796,2022-01-15,A,528.0,156.2685,55260.0,D,,,,,,
823768,2022-01-18,WM,Sylvester Maryrose,,0001225208-22-000798,2022-01-15,A,528.0,156.2685,1551.0,D,,,,,,
823768,2022-01-18,WM,WEIDEMEYER THOMAS H,,0001225208-22-000797,2022-01-15,A,848.0,156.2685,35324.0,I,,,,,,
823768,2022-01-18,WM,MENKE SEAN E,,0001225208-22-000794,2022-01-15,A,528.0,156.2685,1551.0,D,,,,,,
823768,2022-01-18,WM,MAZZARELLA KATHLEEN M,,0001225208-22-000793,2022-01-15,A,528.0,156.2685,11671.0,I,,,,,,
823768,2022-01-18,WM,POPE JOHN C,,0001225208-22-000796,2022-01-18,S,195.0,155.41,55065.0,D,,,,,,
823768,2022-01-18,WM,HOLT VICTORIA M,,0001225208-22-000792,2022-01-15,A,528.0,156.2685,19257.0,D,,,,,,
823768,2022-02-17,WM,Nagy Leslie K,,0001225208-22-002529,2022-02-16,S,412.0,141.815,5546.7907,D,,,,,,
823768,2022-02-17,WM,Rankin Devina A,,0001225208-22-002531,2022-02-15,F,11148.0,142.6157,50508.0,D,,,,,,
823768,2022-02-17,WM,Nagy Leslie K,,0001225208-22-002529,2022-02-15,A,2670.0,142.6157,6641.7907,D,,,,,,
823768,2022-02-17,WM,Hemmer Tara J.,,0001225208-22-002527,2022-02-16,S,1080.0,141.73,48426.5789,D,,,,,,
823768,2022-02-17,WM,Fish James C Jr,,0001225208-22-002526,2022-02-15,A,108399.0,142.6157,218243.0,D,,,,,,
823768,2022-02-17,WM,Nagy Leslie K,,0001225208-22-002529,2022-02-15,F,683.0,142.6157,5958.7907,D,,,,,,
823768,2022-02-17,WM,Morris John J,,0001225208-22-002528,2022-02-15,F,12365.0,142.6157,106337.0,D,,,,,,
823768,2022-02-17,WM,Sjoqvist Nikolaj H,,0001225208-22-002532,2022-02-16,S,1080.0,141.92,42277.001,D,,,,,,
823768,2022-02-17,WM,Sjoqvist Nikolaj H,,0001225208-22-002532,2022-02-15,A,15487.0,142.6157,48424.001,D,,,,,,
823768,2022-02-17,WM,Rankin Devina A,,0001225208-22-002531,2022-02-15,A,30971.0,142.6157,61656.0,D,,,,,,
823768,2022-02-17,WM,Hemmer Tara J.,,0001225208-22-002527,2022-02-15,A,25550.0,142.6157,58527.5789,D,,,,,,
823768,2022-02-17,WM,Sjoqvist Nikolaj H,,0001225208-22-002532,2022-02-15,F,5067.0,142.6157,43357.001,D,,,,,,
823768,2022-02-17,WM,Rankin Devina A,,0001225208-22-002531,2022-02-16,S,1080.0,141.9,49428.0,D,,,,,,
823768,2022-02-17,WM,Hemmer Tara J.,,0001225208-22-002527,2022-02-15,F,9021.0,142.6157,49506.5789,D,,,,,,
823768,2022-02-17,WM,Morris John J,,0001225208-22-002528,2022-02-16,S,1080.0,141.668,105257.0,D,,,,,,
823768,2022-02-17,WM,Morris John J,,0001225208-22-002528,2022-02-15,A,34067.0,142.6157,118702.0,D,,,,,,
823768,2022-02-17,WM,Oates-Forney Tamla,,0001225208-22-002530,2022-02-15,F,5063.0,142.6157,10424.0,D,,,,,,
823768,2022-02-17,WM,Boettcher Charles C,,0001225208-22-002524,2022-02-16,S,1080.0,141.8709,36065.7622,D,,,,,,
823768,2022-02-17,WM,Batchelor Steve,,0001225208-22-002523,2022-02-16,S,1080.0,141.6602,37144.0629,D,,,,,,
823768,2022-02-17,WM,Boettcher Charles C,,0001225208-22-002524,2022-02-15,F,6885.0,142.6157,37145.7622,D,,,,,,
823768,2022-02-17,WM,Batchelor Steve,,0001225208-22-002523,2022-02-15,A,25550.0,142.6157,47244.0629,D,,,,,,
823768,2022-02-17,WM,Watson Michael J.,,0001225208-22-002533,2022-02-16,S,1080.0,141.9123,26970.4434,D,,,,,,
823768,2022-02-17,WM,Oates-Forney Tamla,,0001225208-22-002530,2022-02-15,A,15487.0,142.6157,15487.0,D,,,,,,
823768,2022-02-17,WM,Batchelor Steve,,0001225208-22-002523,2022-02-15,F,9020.0,142.6157,38224.0629,D,,,,,,
823768,2022-02-17,WM,Watson Michael J.,,0001225208-22-002533,2022-02-15,F,5065.0,142.6157,28050.4434,D,,,,,,
823768,2022-02-17,WM,Carrasco Rafael,,0001225208-22-002525,2022-02-16,S,358.0,141.8,8121.522,D,,,,,,
823768,2022-02-17,WM,Carrasco Rafael,,0001225208-22-002525,2022-02-15,F,587.0,142.6157,8479.522,D,,,,,,
823768,2022-02-17,WM,Fish James C Jr,,0001225208-22-002526,2022-02-15,F,41603.0,142.6157,176640.0,D,,,,,,
823768,2022-02-17,WM,Boettcher Charles C,,0001225208-22-002524,2022-02-15,A,20132.0,142.6157,44030.7622,D,,,,,,
823768,2022-02-17,WM,Watson Michael J.,,0001225208-22-002533,2022-02-15,A,15487.0,142.6157,33115.4434,D,,,,,,
823768,2022-02-17,WM,Carrasco Rafael,,0001225208-22-002525,2022-02-15,A,2324.0,142.6157,9066.522,D,,,,,,
823768,2022-02-22,WM,Hemmer Tara J.,,0001225208-22-002862,2022-02-17,S,10910.0,142.1531,37516.5789,D,,,,,,
823768,2022-02-23,WM,Carrasco Rafael,,0001225208-22-003019,2022-02-19,F,103.0,143.03,8018.522,D,,,,,,
823768,2022-02-23,WM,Carrasco Rafael,,0001225208-22-003019,2022-02-22,S,66.0,141.334,7952.522,D,,,,,,
823768,2022-02-23,WM,Nagy Leslie K,,0001225208-22-003018,2022-02-19,F,118.0,143.03,5428.7907,D,,,,,,
823768,2022-02-23,WM,Nagy Leslie K,,0001225208-22-003018,2022-02-22,S,76.0,141.652,5352.7907,D,,,,,,
823768,2022-03-03,WM,Nagy Leslie K,,0001225208-22-004128,2022-03-01,A,313.0,0.0,5665.7907,D,,,,,,
823768,2022-03-03,WM,Oates-Forney Tamla,,0001225208-22-004127,2022-03-01,A,6803.0,0.0,17227.0,D,,,,,,
823768,2022-03-03,WM,Carrasco Rafael,,0001225208-22-004123,2022-03-01,A,3061.0,0.0,11013.522,D,,,,,,
823768,2022-03-03,WM,Sjoqvist Nikolaj H,,0001225208-22-004130,2022-03-01,A,6803.0,0.0,49080.001,D,,,,,,
823768,2022-03-03,WM,Hemmer Tara J.,,0001225208-22-004125,2022-03-01,A,5102.0,0.0,42618.5789,D,,,,,,
823768,2022-03-03,WM,Watson Michael J.,,0001225208-22-004131,2022-03-01,A,5102.0,0.0,32072.4434,D,,,,,,
823768,2022-03-03,WM,Morris John J,,0001225208-22-004126,2022-03-01,A,10204.0,0.0,115461.0,D,,,,,,
823768,2022-03-03,WM,Rankin Devina A,,0001225208-22-004129,2022-03-01,A,6803.0,0.0,56231.0,D,,,,,,
823768,2022-03-03,WM,Batchelor Steve,,0001225208-22-004121,2022-03-01,A,5102.0,0.0,42246.0629,D,,,,,,
823768,2022-03-08,WM,Fish James C Jr,,0001225208-22-004353,2022-03-04,S,6413.0,158.0,170227.0,D,,,,,,
823768,2022-03-08,WM,Fish James C Jr,,0001225208-22-004353,2022-03-07,S,24659.0,158.121,145568.0,D,,,,,,
823768,2022-03-30,WM,Fish James C Jr,,0001225208-22-005224,2022-03-28,S,28976.0,158.0488,116592.0,D,,,,,,
823768,2022-03-30,WM,Fish James C Jr,,0001225208-22-005224,2022-03-29,S,6748.0,158.8819,109844.0,D,,,,,,
823768,2022-04-07,WM,Oates-Forney Tamla,,0001225208-22-005664,2022-04-05,A,3268.0,0.0,20495.0,D,,,,,,
823768,2022-04-29,WM,Morris John J,,0001225208-22-006273,2022-04-28,S,47006.0,168.0988,95461.0,D,,,,,,
823768,2022-04-29,WM,Nagy Leslie K,,0001225208-22-006272,2022-04-28,M,1882.0,98.898,7547.7907,D,,,,,,
823768,2022-04-29,WM,Sjoqvist Nikolaj H,,0001225208-22-006274,2022-04-28,S,10311.0,166.5671,38769.001,D,,,,,,
823768,2022-04-29,WM,Morris John J,,0001225208-22-006273,2022-04-28,M,27006.0,98.898,142467.0,D,,,,,,
823768,2022-04-29,WM,Nagy Leslie K,,0001225208-22-006272,2022-04-28,S,2668.0,169.7231,4879.7907,D,,,,,,
823768,2022-05-02,WM,Fish James C Jr,,0001225208-22-006314,2022-04-29,G,15000.0,0.0,94844.0,D,,,,,,
823768,2022-07-19,WM,WEIDEMEYER THOMAS H,,0001225208-22-008857,2022-07-15,A,922.0,151.7825,36246.0,I,,,,,,
823768,2022-07-19,WM,Sylvester Maryrose,,0001225208-22-008856,2022-07-15,A,593.0,151.7825,2144.0,D,,,,,,
823768,2022-07-19,WM,POPE JOHN C,,0001225208-22-008855,2022-07-15,A,593.0,151.7825,55658.0,D,,,,,,
823768,2022-07-19,WM,POPE JOHN C,,0001225208-22-008855,2022-07-18,S,219.0,152.19,55439.0,D,,,,,,
823768,2022-07-19,WM,PLUMMER WILLIAM B,,0001225208-22-008854,2022-07-15,A,593.0,151.7825,4369.0,D,,,,,,
823768,2022-07-19,WM,MENKE SEAN E,,0001225208-22-008853,2022-07-15,A,593.0,151.7825,2144.0,D,,,,,,
823768,2022-07-19,WM,MAZZARELLA KATHLEEN M,,0001225208-22-008852,2022-07-15,A,593.0,151.7825,12264.0,I,,,,,,
823768,2022-07-19,WM,HOLT VICTORIA M,,0001225208-22-008851,2022-07-15,A,593.0,151.7825,19850.0,D,,,,,,
823768,2022-07-19,WM,Gluski Andres,,0001225208-22-008850,2022-07-15,A,593.0,151.7825,14352.0,D,,,,,,
823768,2022-08-02,WM,Fish James C Jr,,0001225208-22-009125,2022-07-29,M,57283.0,98.898,152127.0,D,,,,,,
823768,2022-08-02,WM,Fish James C Jr,,0001225208-22-009125,2022-07-29,F,69671.0,165.0,115307.0,D,,,,,,
823768,2022-08-09,WM,Boettcher Charles C,,0001225208-22-009376,2022-08-05,S,5000.0,169.5,31219.3814,D,,,,,,
823768,2022-08-10,WM,Morris John J,,0001225208-22-009414,2022-08-09,M,13906.0,126.005,109367.0,D,,,,,,
823768,2022-08-10,WM,Morris John J,,0001225208-22-009414,2022-08-09,S,22795.0,169.8247,95461.0,D,,,,,,
823768,2022-08-12,WM,Watson Michael J.,,0001225208-22-009468,2022-08-11,M,5443.0,73.335,37663.9634,D,,,,,,
823768,2022-08-12,WM,Watson Michael J.,,0001225208-22-009468,2022-08-11,S,8971.0,169.8274,32220.9634,D,,,,,,
823768,2022-08-18,WM,Rankin Devina A,,0001225208-22-009654,2022-08-16,M,16367.0,98.898,72598.0,D,,,,,,
823768,2022-08-18,WM,Rankin Devina A,,0001225208-22-009654,2022-08-16,S,22082.0,175.0,50516.0,D,,,,,,
823768,2022-08-19,WM,Fish James C Jr,,0001225208-22-009677,2022-08-17,M,50569.0,126.005,165876.0,D,,,,,,
823768,2022-08-19,WM,Fish James C Jr,,0001225208-22-009677,2022-08-17,F,41982.0,175.0,123894.0,D,,,,,,
823768,2022-09-07,WM,Rooney Kelly C.,,0001225208-22-010113,2022-09-06,A,296.0,0.0,1612.0,D,,,,,,
823768,2022-12-22,WM,Fish James C Jr,,0001225208-22-012959,2022-12-21,G,400.0,0.0,123494.0,D,,,,,,
823768,2023-01-10,WM,Rooney Kelly C.,,0001225208-23-000527,2023-01-07,F,132.0,157.5836,1480.0,D,,,,,,
823768,2023-01-10,WM,Rooney Kelly C.,,0001225208-23-000527,2023-01-09,S,66.0,160.0301,1414.0,D,,,,,,
823768,2023-01-17,WM,HOLT VICTORIA M,,0001225208-23-000665,2023-01-15,A,588.0,153.055,20438.0,D,,,,,,
823768,2023-01-17,WM,MENKE SEAN E,,0001225208-23-000667,2023-01-15,A,588.0,153.055,2732.0,D,,,,,,
823768,2023-01-17,WM,Sylvester Maryrose,,0001225208-23-000669,2023-01-15,A,588.0,153.055,2732.0,D,,,,,,
823768,2023-01-17,WM,POPE JOHN C,,0001225208-23-000668,2023-01-17,S,218.0,154.76,55809.0,D,,,,,,
823768,2023-01-17,WM,POPE JOHN C,,0001225208-23-000668,2023-01-15,A,588.0,153.055,56027.0,D,,,,,,
823768,2023-01-17,WM,MAZZARELLA KATHLEEN M,,0001225208-23-000666,2023-01-15,A,588.0,153.055,12852.0,I,,,,,,
823768,2023-01-17,WM,Gluski Andres,,0001225208-23-000664,2023-01-15,A,588.0,153.055,14940.0,D,,,,,,
823768,2023-01-17,WM,WEIDEMEYER THOMAS H,,0001225208-23-000670,2023-01-15,A,915.0,153.055,37161.0,I,,,,,,
823768,2023-01-18,WM,PLUMMER WILLIAM B,,0001225208-23-000710,2023-01-15,A,588.0,153.055,588.0,I,,,,,,
823768,2023-02-03,WM,Rooney Kelly C.,,0001225208-23-001304,2023-02-01,F,127.0,152.105,1763.0,D,,,,,,
823768,2023-02-03,WM,Rooney Kelly C.,,0001225208-23-001304,2023-02-01,M,476.0,152.105,1890.0,D,,,,,,
823768,2023-02-03,WM,Nagy Leslie K,,0001225208-23-001302,2023-02-01,M,1996.0,152.105,6990.79,D,,,,,,
823768,2023-02-03,WM,Rooney Kelly C.,,0001225208-23-001304,2023-02-02,S,73.0,151.55,1690.0,D,,,,,,
823768,2023-02-03,WM,Rankin Devina A,,0001225208-23-001303,2023-02-02,S,1005.0,151.29,64517.0,D,,,,,,
823768,2023-02-03,WM,Nagy Leslie K,,0001225208-23-001302,2023-02-01,F,525.0,152.105,6465.79,D,,,,,,
823768,2023-02-03,WM,Rankin Devina A,,0001225208-23-001303,2023-02-01,M,23156.0,152.105,73672.0,D,,,,,,
823768,2023-02-03,WM,Smith Donald J,,0001225208-23-001305,2023-02-01,M,1692.0,152.105,4357.0,D,,,,,,
823768,2023-02-03,WM,Watson Michael J.,,0001225208-23-001306,2023-02-02,S,1005.0,151.6701,39198.2949,D,,,,,,
823768,2023-02-03,WM,Watson Michael J.,,0001225208-23-001306,2023-02-01,F,3601.0,152.105,40203.2949,D,,,,,,
823768,2023-02-03,WM,Watson Michael J.,,0001225208-23-001306,2023-02-01,M,11578.0,152.105,43804.2949,D,,,,,,
823768,2023-02-03,WM,Rankin Devina A,,0001225208-23-001303,2023-02-01,F,8150.0,152.105,65522.0,D,,,,,,
823768,2023-02-03,WM,Nagy Leslie K,,0001225208-23-001302,2023-02-02,S,302.0,151.4913,6163.79,D,,,,,,
823768,2023-02-03,WM,Morris John J,,0001225208-23-001301,2023-02-01,F,9061.0,152.105,111871.0,D,,,,,,
823768,2023-02-03,WM,Morris John J,,0001225208-23-001301,2023-02-01,M,25471.0,152.105,120932.0,D,,,,,,
823768,2023-02-03,WM,Carrasco Rafael,,0001225208-23-001298,2023-02-01,M,1825.0,152.105,12994.1177,D,,,,,,
823768,2023-02-03,WM,Boettcher Charles C,,0001225208-23-001297,2023-02-02,S,1007.0,149.9686,40300.3814,D,,,,,,
823768,2023-02-03,WM,Boettcher Charles C,,0001225208-23-001297,2023-02-01,F,4964.0,152.105,41307.3814,D,,,,,,
823768,2023-02-03,WM,Boettcher Charles C,,0001225208-23-001297,2023-02-01,M,15052.0,152.105,46271.3814,D,,,,,,
823768,2023-02-03,WM,Carrasco Rafael,,0001225208-23-001298,2023-02-02,S,79.0,151.35,12440.1177,D,,,,,,
823768,2023-02-03,WM,Carrasco Rafael,,0001225208-23-001298,2023-02-01,F,475.0,152.105,12519.1177,D,,,,,,
823768,2023-02-03,WM,Morris John J,,0001225208-23-001301,2023-02-02,S,1006.0,151.1333,110865.0,D,,,,,,
823768,2023-02-03,WM,Hemmer Tara J.,,0001225208-23-001299,2023-02-02,S,1006.0,150.9135,54156.5789,D,,,,,,
823768,2023-02-03,WM,Fish James C Jr,,0001225208-23-001300,2023-02-01,F,35462.0,152.105,180649.0,D,,,,,,
823768,2023-02-03,WM,Fish James C Jr,,0001225208-23-001300,2023-02-01,M,92617.0,152.105,216111.0,D,,,,,,
823768,2023-02-03,WM,Hemmer Tara J.,,0001225208-23-001299,2023-02-01,F,6560.0,152.105,55162.5789,D,,,,,,
823768,2023-02-03,WM,Hemmer Tara J.,,0001225208-23-001299,2023-02-01,M,19104.0,152.105,61722.5789,D,,,,,,
823768,2023-02-14,WM,Chinn Bruce E.,,0001225208-23-001835,2023-02-10,A,461.0,151.88,461.0,I,,,,,,
823768,2023-02-15,WM,Morris John J,,0001225208-23-001981,2023-02-13,S,200.0,155.0,110665.0,D,,,,,,
823768,2023-02-15,WM,Hemmer Tara J.,,0001225208-23-001980,2023-02-13,S,100.0,155.0,54056.5789,D,,,,,,
823768,2023-02-15,WM,Rankin Devina A,,0001225208-23-001982,2023-02-13,S,200.0,155.0,64317.0,D,,,,,,
823768,2023-02-21,WM,Rankin Devina A,,0001225208-23-002338,2023-02-17,S,6800.0,155.0031,57517.0,D,,,,,,
823768,2023-02-21,WM,Hemmer Tara J.,,0001225208-23-002336,2023-02-17,S,7515.0,155.0038,46541.5789,D,,,,,,
823768,2023-02-21,WM,Morris John J,,0001225208-23-002337,2023-02-17,S,15204.0,155.0263,95461.0,D,,,,,,
823768,2023-02-23,WM,Rooney Kelly C.,,0001225208-23-002629,2023-02-19,F,23.0,153.6275,1666.0,D,,,,,,
823768,2023-02-23,WM,Rooney Kelly C.,,0001225208-23-002629,2023-02-21,S,15.0,153.6567,1651.0,D,,,,,,
823768,2023-02-23,WM,Carrasco Rafael,,0001225208-23-002628,2023-02-19,F,85.0,153.6275,12155.1177,D,,,,,,
823768,2023-02-23,WM,Carrasco Rafael,,0001225208-23-002628,2023-02-21,S,55.0,153.8,12100.1177,D,,,,,,
823768,2023-02-23,WM,Nagy Leslie K,,0001225208-23-002627,2023-02-19,F,93.0,153.6275,6069.79,D,,,,,,
823768,2023-02-23,WM,Nagy Leslie K,,0001225208-23-002627,2023-02-21,S,60.0,153.3994,6009.79,D,,,,,,
823768,2023-02-23,WM,Smith Donald J,,0001225208-23-002630,2023-02-19,F,72.0,153.6275,4285.0,D,,,,,,
823768,2023-02-23,WM,Smith Donald J,,0001225208-23-002630,2023-02-21,S,49.0,153.5001,4236.0,D,,,,,,
823768,2023-02-28,WM,Nagy Leslie K,,0001225208-23-002937,2023-02-24,S,800.0,151.1105,5209.79,D,,,,,,
823768,2023-03-09,WM,Carroll John A.,,0001225208-23-003641,2023-03-07,A,303.0,0.0,5565.5841,D,,,,,,
823768,2023-03-09,WM,Nagy Leslie K,,0001225208-23-003640,2023-03-07,A,303.0,0.0,5512.79,D,,,,,,
823768,2023-04-28,WM,Nagy Leslie K,,0001225208-23-005134,2022-02-16,P,2.0,141.63,5960.7907,D,,,,,,
823768,2023-04-28,WM,Nagy Leslie K,,0001225208-23-005134,2022-02-17,P,3.0,143.26,5551.7907,D,,,,,,
823768,2023-04-28,WM,Nagy Leslie K,,0001225208-23-005134,2022-02-22,P,2.0,141.17,5435.7907,D,,,,,,
823768,2023-04-28,WM,Nagy Leslie K,,0001225208-23-005134,2022-02-24,P,2.0,140.04,5361.7907,D,,,,,,
823768,2023-04-28,WM,Nagy Leslie K,,0001225208-23-005134,2022-02-25,P,2.0,144.49,5363.7907,D,,,,,,
823768,2023-04-28,WM,Nagy Leslie K,,0001225208-23-005134,2022-09-21,P,2.0,171.53,4949.5436,D,,,,,,
823768,2023-05-09,WM,MAZZARELLA KATHLEEN M,,0001225208-23-005601,2023-05-08,A,111.0,169.11,12963.0,I,,,,,,
823768,2023-07-18,WM,MENKE SEAN E,,0001225208-23-007566,2023-07-15,A,536.0,167.9205,3268.0,D,,,,,,
823768,2023-07-18,WM,MAZZARELLA KATHLEEN M,,0001225208-23-007565,2023-07-15,A,834.0,167.9205,13797.0,I,,,,,,
823768,2023-07-18,WM,Gluski Andres,,0001225208-23-007563,2023-07-15,A,536.0,167.9205,15476.0,D,,,,,,
823768,2023-07-18,WM,Chinn Bruce E.,,0001225208-23-007562,2023-07-15,A,533.0,167.9205,994.0,I,,,,,,
823768,2023-07-18,WM,HOLT VICTORIA M,,0001225208-23-007564,2023-07-15,A,536.0,167.9205,20974.0,D,,,,,,
823768,2023-07-18,WM,POPE JOHN C,,0001225208-23-007567,2023-07-15,A,536.0,167.9205,56345.0,D,,,,,,
823768,2023-07-18,WM,Sylvester Maryrose,,0001225208-23-007568,2023-07-15,A,536.0,167.9205,3268.0,D,,,,,,
823768,2023-07-18,WM,POPE JOHN C,,0001225208-23-007567,2023-07-17,S,198.0,168.4,56147.0,D,,,,,,
823768,2023-07-18,WM,PLUMMER WILLIAM B,,0001225208-23-007569,2023-07-15,A,536.0,167.9205,1124.0,I,,,,,,
823768,2023-08-16,WM,Chinn Bruce E.,,0001225208-23-008255,2023-08-15,S,172.0,159.445,822.0,I,,,,,,
823768,2023-09-05,WM,Fish James C Jr,,0001225208-23-008632,2023-08-31,G,12615.0,0.0,168033.0,D,,,,,,
823768,2023-11-01,WM,Fish James C Jr,,0001225208-23-009861,2023-10-30,M,50569.0,126.005,218602.0,D,,,,,,
823768,2023-11-01,WM,Fish James C Jr,,0001225208-23-009861,2023-10-30,F,69964.0,163.5,181488.0,D,,,,,,
823768,2023-11-14,WM,Fish James C Jr,,0001225208-23-010224,2023-11-10,S,4167.0,172.0,177321.0,D,,,,,,
823768,2023-11-14,WM,Fish James C Jr,,0001225208-23-010224,2023-11-13,S,5383.0,172.0,171938.0,D,,,,,,
823768,2023-11-21,WM,Watson Michael J.,,0001225208-23-010336,2023-11-20,M,16367.0,98.898,55715.845,D,,,,,,
823768,2023-11-21,WM,Watson Michael J.,,0001225208-23-010336,2023-11-20,S,14288.0,170.4428,41427.845,D,,,,,,
823768,2023-11-28,WM,Hemmer Tara J.,,0001225208-23-010477,2023-11-27,M,13505.0,98.898,60046.5789,D,,,,,,
823768,2023-11-28,WM,Hemmer Tara J.,,0001225208-23-010477,2023-11-27,G,900.0,0.0,59146.5789,D,,,,,,
823768,2023-11-28,WM,Hemmer Tara J.,,0001225208-23-010477,2023-11-27,S,10048.0,171.1907,49098.5789,D,,,,,,
823768,2023-12-05,WM,Morris John J,,0001225208-23-010745,2023-12-04,S,8889.0,173.1108,95461.0,D,,,,,,
823768,2023-12-05,WM,Morris John J,,0001225208-23-010745,2023-12-04,M,8889.0,110.81,104350.0,D,,,,,,
823768,2023-12-05,WM,Hemmer Tara J.,,0001225208-23-010744,2023-12-01,M,13500.0,98.898,62598.5789,D,,,,,,
823768,2023-12-05,WM,Hemmer Tara J.,,0001225208-23-010744,2023-12-01,S,10009.0,172.5391,52589.5789,D,,,,,,
823768,2023-12-05,WM,Boettcher Charles C,,0001225208-23-010743,2023-12-05,S,2500.0,174.5,37958.5866,D,,,,,,
823768,2023-12-14,WM,Fish James C Jr,,0001225208-23-011079,2023-12-13,S,9550.0,177.0,162388.0,D,,,,,,
823768,2023-12-18,WM,Boettcher Charles C,,0001225208-23-011191,2023-12-14,S,129.0,179.5,37829.5866,D,,,,,,
823768,2023-12-19,WM,Carroll John A.,,0001225208-23-011261,2023-12-15,F,52.0,174.26,5637.9377,D,,,,,,
823768,2023-12-19,WM,Carroll John A.,,0001225208-23-011261,2023-12-18,S,33.0,175.74,5604.9377,D,,,,,,
823768,2024-01-02,WM,Boettcher Charles C,,0001225208-24-000023,2023-12-29,S,2371.0,179.5,35458.5866,D,,,,,,
823768,2024-01-17,WM,MENKE SEAN E,,0001225208-24-000968,2024-01-15,A,499.0,180.29,3767.0,D,,,,,,
823768,2024-01-17,WM,HOLT VICTORIA M,,0001225208-24-000966,2024-01-15,A,499.0,180.29,21473.0,D,,,,,,
823768,2024-01-17,WM,MAZZARELLA KATHLEEN M,,0001225208-24-000967,2024-01-15,A,777.0,180.29,14574.0,I,,,,,,
823768,2024-01-17,WM,Sylvester Maryrose,,0001225208-24-000971,2024-01-15,A,499.0,180.29,3767.0,D,,,,,,
823768,2024-01-17,WM,PLUMMER WILLIAM B,,0001225208-24-000969,2024-01-15,A,499.0,180.29,1623.0,I,,,,,,
823768,2024-01-17,WM,Fish James C Jr,,0001225208-24-000963,2024-01-17,S,9550.0,182.0,152838.0,D,,,,,,
823768,2024-01-17,WM,Chinn Bruce E.,,0001225208-24-000964,2024-01-15,A,499.0,180.29,1321.0,I,,,,,,
823768,2024-01-17,WM,POPE JOHN C,,0001225208-24-000970,2024-01-16,S,185.0,181.0,56461.0,D,,,,,,
823768,2024-01-17,WM,POPE JOHN C,,0001225208-24-000970,2024-01-15,A,499.0,180.29,56646.0,D,,,,,,
823768,2024-01-17,WM,Gluski Andres,,0001225208-24-000965,2024-01-15,A,499.0,180.29,15975.0,D,,,,,,
823768,2024-01-22,WM,Boettcher Charles C,,0001225208-24-001045,2024-01-19,S,2500.0,184.5,32958.5866,D,,,,,,
823768,2024-02-07,WM,Boettcher Charles C,,0001225208-24-001662,2024-02-06,S,2500.0,189.5,30458.5866,D,,,,,,
823768,2024-02-13,WM,Boettcher Charles C,,0001225208-24-001925,2024-02-13,S,2500.0,197.79,27958.5866,D,,,,,,
823768,2024-02-15,WM,Smith Donald J,,0001225208-24-002163,2024-02-14,S,329.0,198.555,5522.0,D,,,,,,
823768,2024-02-15,WM,Rooney Kelly C.,,0001225208-24-002161,2024-02-13,A,1104.0,196.845,2755.0,D,,,,,,
823768,2024-02-15,WM,Morris John J,,0001225208-24-002162,2024-02-14,S,775.0,199.2501,114835.0,D,,,,,,
823768,2024-02-15,WM,Morris John J,,0001225208-24-002162,2024-02-13,F,12131.0,196.845,115610.0,D,,,,,,
823768,2024-02-15,WM,Fish James C Jr,,0001225208-24-002172,2024-02-13,A,119300.0,196.845,272138.0,D,,,,,,
823768,2024-02-15,WM,Hemmer Tara J.,,0001225208-24-002168,2024-02-13,F,8768.0,196.845,67681.5789,D,,,,,,
823768,2024-02-15,WM,DeSantis Christopher P.,,0001225208-24-002167,2024-02-14,S,346.0,199.6392,8218.075,D,,,,,,
823768,2024-02-15,WM,DeSantis Christopher P.,,0001225208-24-002167,2024-02-13,F,679.0,196.845,8564.075,D,,,,,,
823768,2024-02-15,WM,DeSantis Christopher P.,,0001225208-24-002167,2024-02-13,A,2264.0,196.845,9243.075,D,,,,,,
823768,2024-02-15,WM,Rankin Devina A,,0001225208-24-002169,2024-02-13,F,11009.0,196.845,75979.0,D,,,,,,
823768,2024-02-15,WM,Hemmer Tara J.,,0001225208-24-002168,2024-02-14,S,775.0,199.2518,66906.5789,D,,,,,,
823768,2024-02-15,WM,Hemmer Tara J.,,0001225208-24-002168,2024-02-13,A,23860.0,196.845,76449.5789,D,,,,,,
823768,2024-02-15,WM,Varkey Johnson,,0001225208-24-002164,2024-02-13,A,6316.0,196.845,9779.348,D,,,,,,
823768,2024-02-15,WM,Carrasco Rafael,,0001225208-24-002170,2024-02-13,F,527.0,196.845,13832.742,D,,,,,,
823768,2024-02-15,WM,Watson Michael J.,,0001225208-24-002165,2024-02-13,F,4844.0,196.845,50626.8583,D,,,,,,
823768,2024-02-15,WM,Rooney Kelly C.,,0001225208-24-002161,2024-02-14,S,169.0,198.685,2294.0,D,,,,,,
823768,2024-02-15,WM,Morris John J,,0001225208-24-002162,2024-02-13,A,32280.0,196.845,127741.0,D,,,,,,
823768,2024-02-15,WM,Rankin Devina A,,0001225208-24-002169,2024-02-13,A,29472.0,196.845,86988.0,D,,,,,,
823768,2024-02-15,WM,Varkey Johnson,,0001225208-24-002164,2024-02-14,S,775.0,198.565,7232.348,D,,,,,,
823768,2024-02-15,WM,Carrasco Rafael,,0001225208-24-002170,2024-02-14,S,321.0,199.3568,13511.742,D,,,,,,
823768,2024-02-15,WM,Boettcher Charles C,,0001225208-24-002171,2024-02-14,S,775.0,199.4375,38902.5866,D,,,,,,
823768,2024-02-15,WM,Boettcher Charles C,,0001225208-24-002171,2024-02-13,F,6525.0,196.845,39677.5866,D,,,,,,
823768,2024-02-15,WM,Boettcher Charles C,,0001225208-24-002171,2024-02-13,A,18244.0,196.845,48702.5866,D,,,,,,
823768,2024-02-15,WM,Smith Donald J,,0001225208-24-002163,2024-02-13,F,541.0,196.845,5851.0,D,,,,,,
823768,2024-02-15,WM,Carrasco Rafael,,0001225208-24-002170,2024-02-13,A,2104.0,196.845,14359.742,D,,,,,,
823768,2024-02-15,WM,Carroll John A.,,0001225208-24-002166,2024-02-13,A,2212.0,196.845,7863.6494,D,,,,,,
823768,2024-02-15,WM,Varkey Johnson,,0001225208-24-002164,2024-02-13,F,1772.0,196.845,8007.348,D,,,,,,
823768,2024-02-15,WM,Watson Michael J.,,0001225208-24-002165,2024-02-14,S,775.0,198.625,49851.8583,D,,,,,,
823768,2024-02-15,WM,Fish James C Jr,,0001225208-24-002172,2024-02-13,F,46884.0,196.845,225254.0,D,,,,,,
823768,2024-02-15,WM,Rooney Kelly C.,,0001225208-24-002161,2024-02-13,F,292.0,196.845,2463.0,D,,,,,,
823768,2024-02-15,WM,Smith Donald J,,0001225208-24-002163,2024-02-13,A,2156.0,196.845,6392.0,D,,,,,,
823768,2024-02-15,WM,Rankin Devina A,,0001225208-24-002169,2024-02-14,S,775.0,198.5795,75204.0,D,,,,,,
823768,2024-02-15,WM,Watson Michael J.,,0001225208-24-002165,2024-02-13,A,14036.0,196.845,55470.8583,D,,,,,,
823768,2024-02-21,WM,Hemmer Tara J.,,0001225208-24-002634,2024-02-20,S,9534.0,203.2441,57372.5789,D,,,,,,
823768,2024-02-21,WM,Carrasco Rafael,,0001225208-24-002633,2024-02-21,S,335.0,202.41,15057.742,D,,,,,,
823768,2024-02-21,WM,Morris John J,,0001225208-24-002635,2024-02-20,S,19374.0,202.7485,95461.0,D,,,,,,
823768,2024-02-21,WM,Boettcher Charles C,,0001225208-24-002632,2024-02-20,S,2500.0,204.5,33902.5866,D,,,,,,
823768,2024-02-21,WM,Carrasco Rafael,,0001225208-24-002633,2024-02-20,M,3207.0,85.34,16718.742,D,,,,,,
823768,2024-02-21,WM,Carrasco Rafael,,0001225208-24-002633,2024-02-20,S,2326.0,202.664,15392.742,D,,,,,,
823768,2024-02-21,WM,Rankin Devina A,,0001225208-24-002636,2024-02-20,S,9231.0,202.9581,65973.0,D,,,,,,
823768,2024-02-26,WM,Morris John J,,0001225208-24-002888,2024-02-23,M,8889.0,110.81,104350.0,D,,,,,,
823768,2024-02-26,WM,Morris John J,,0001225208-24-002888,2024-02-23,S,8889.0,207.4561,95461.0,D,,,,,,
823768,2024-02-26,WM,Hemmer Tara J.,,0001225208-24-002887,2024-02-22,S,1782.0,204.23,55590.5789,D,,,,,,
823768,2024-02-27,WM,Fish James C Jr,,0001225208-24-003107,2024-02-23,M,32850.0,110.81,258104.0,D,,,,,,
823768,2024-02-27,WM,Fish James C Jr,,0001225208-24-003107,2024-02-23,F,23552.0,207.76,234552.0,D,,,,,,
823768,2024-02-27,WM,DeSantis Christopher P.,,0001225208-24-003058,2024-02-26,S,59.0,208.0128,8057.075,D,,,,,,
823768,2024-02-27,WM,Carroll John A.,,0001225208-24-003064,2024-02-23,F,90.0,207.76,7773.6494,D,,,,,,
823768,2024-02-27,WM,Carroll John A.,,0001225208-24-003064,2024-02-26,S,56.0,208.04,7717.6494,D,,,,,,
823768,2024-02-27,WM,Boettcher Charles C,,0001225208-24-003062,2024-02-23,F,1726.0,207.76,32176.5866,D,,,,,,
823768,2024-02-27,WM,Carrasco Rafael,,0001225208-24-003061,2024-02-23,F,96.0,207.76,14961.742,D,,,,,,
823768,2024-02-27,WM,Smith Donald J,,0001225208-24-003059,2024-02-23,F,80.0,207.76,5442.0,D,,,,,,
823768,2024-02-27,WM,Smith Donald J,,0001225208-24-003059,2024-02-26,S,56.0,207.7819,5386.0,D,,,,,,
823768,2024-02-27,WM,DeSantis Christopher P.,,0001225208-24-003058,2024-02-23,F,102.0,207.76,8116.075,D,,,,,,
823768,2024-02-27,WM,Carrasco Rafael,,0001225208-24-003061,2024-02-26,S,55.0,207.98,14906.742,D,,,,,,
823768,2024-02-27,WM,Rooney Kelly C.,,0001225208-24-003060,2024-02-23,F,45.0,207.76,2249.0,D,,,,,,
823768,2024-02-27,WM,Rooney Kelly C.,,0001225208-24-003060,2024-02-26,S,29.0,207.835,2220.0,D,,,,,,
823768,2024-02-27,WM,Varkey Johnson,,0001225208-24-003065,2024-02-23,F,415.0,207.76,6817.348,D,,,,,,
823768,2024-02-29,WM,Boettcher Charles C,,0001225208-24-003248,2024-02-28,S,2500.0,209.5,29676.5866,D,,,,,,
823768,2024-03-04,WM,Bene Thomas,,0001225208-24-003447,2024-03-01,A,331.0,204.7585,579.0,I,,,,,,
823768,2024-03-04,WM,HOLT VICTORIA M,,0001225208-24-003446,2024-03-01,G,21473.0,0.0,0.0,D,,,,,,
823768,2024-03-04,WM,Carrasco Rafael,,0001225208-24-003445,2024-03-01,S,840.0,204.86,14066.742,D,,,,,,
823768,2024-03-04,WM,Fish James C Jr,,0001225208-24-003444,2024-03-01,S,36207.0,204.43,198345.0,D,,,,,,
823768,2024-03-05,WM,Carroll John A.,,0001225208-24-003567,2024-03-01,A,412.0,0.0,8129.6494,D,,,,,,
823768,2024-06-10,WM,Watson Michael J.,,0001225208-24-006736,2024-06-06,S,2104.0,204.5,47747.8583,D,,,,,,
823768,2024-07-16,WM,MAZZARELLA KATHLEEN M,,0001225208-24-007451,2024-07-15,A,651.0,215.065,15225.0,I,,,,,,
823768,2024-07-16,WM,Gluski Andres,,0001225208-24-007450,2024-07-15,A,418.0,215.065,16393.0,D,,,,,,
823768,2024-07-16,WM,Chinn Bruce E.,,0001225208-24-007449,2024-07-15,A,418.0,215.065,1739.0,I,,,,,,
823768,2024-07-16,WM,Bene Thomas,,0001225208-24-007448,2024-07-15,A,418.0,215.065,997.0,I,,,,,,
823768,2024-07-16,WM,Watson Michael J.,,0001225208-24-007456,2024-07-16,S,1500.0,220.0,44143.8583,D,,,,,,
823768,2024-07-16,WM,PLUMMER WILLIAM B,,0001225208-24-007454,2024-07-15,A,418.0,215.065,2041.0,I,,,,,,
823768,2024-07-16,WM,Sylvester Maryrose,,0001225208-24-007453,2024-07-15,A,418.0,215.065,4185.0,D,,,,,,
823768,2024-07-16,WM,MENKE SEAN E,,0001225208-24-007452,2024-07-15,A,418.0,215.065,4185.0,D,,,,,,
823768,2024-07-17,WM,HOLT VICTORIA M,,0001104659-24-080528,2024-07-15,A,418.0,215.065,21891.0,I,,,,,,
823768,2024-07-22,WM,Boettcher Charles C,,0001225208-24-007512,2024-07-18,M,5319.0,98.898,34995.5866,D,,,,,,
823768,2024-07-22,WM,Boettcher Charles C,,0001225208-24-007512,2024-07-18,F,3513.0,224.5,31482.5866,D,,,,,,
823768,2024-09-04,WM,Stith Kimberly G.,,0001225208-24-008374,2024-09-03,A,2885.0,0.0,3860.7948,D,,,,,,
823768,2024-11-05,WM,Sylvester Maryrose,,0001225208-24-009616,2024-11-05,S,310.0,215.47,3875.0,D,,,,,,
823768,2024-11-07,WM,Fish James C Jr,,0001225208-24-009703,2024-11-05,M,44125.0,145.67,242470.0,D,,,,,,
823768,2024-11-07,WM,Fish James C Jr,,0001225208-24-009703,2024-11-05,F,35495.0,215.0,206975.0,D,,,,,,
823768,2024-11-12,WM,Carrasco Rafael,,0001225208-24-009827,2024-11-08,M,2455.0,98.898,16521.742,D,,,,,,
823768,2024-11-12,WM,Carrasco Rafael,,0001225208-24-009827,2024-11-08,D,2455.0,225.7492,14066.742,D,,,,,,
823768,2024-11-12,WM,Boettcher Charles C,,0001225208-24-009825,2024-11-08,M,7500.0,98.898,39101.1484,D,,,,,,
823768,2024-11-12,WM,Boettcher Charles C,,0001225208-24-009825,2024-11-08,F,4941.0,226.0,34160.1484,D,,,,,,
823768,2024-11-22,WM,Morris John J,,0001225208-24-010099,2024-11-21,M,13907.0,126.005,109368.0,D,,,,,,
823768,2024-11-22,WM,Morris John J,,0001225208-24-010099,2024-11-21,D,13907.0,221.7069,95461.0,D,,,,,,
823768,2024-11-27,WM,Fish James C Jr,,0001225208-24-010237,2024-11-26,M,19805.0,150.115,226780.0,D,,,,,,
823768,2024-11-27,WM,Fish James C Jr,,0001225208-24-010237,2024-11-26,F,15719.0,227.5,211061.0,D,,,,,,
823768,2024-12-02,WM,Boettcher Charles C,,0001225208-24-010277,2024-11-27,M,8458.0,98.898,42618.1484,D,,,,,,
823768,2024-12-02,WM,Boettcher Charles C,,0001225208-24-010277,2024-11-27,F,5541.0,229.25,37077.1484,D,,,,,,
823768,2024-12-06,WM,Rankin Devina A,,0001225208-24-010627,2024-12-05,G,1670.0,0.0,64303.0,D,,,,,,
823768,2024-12-06,WM,Hemmer Tara J.,,0001225208-24-010621,2024-12-05,G,714.0,0.0,54876.5789,D,,,,,,
823768,2025-01-16,WM,Gluski Andres,,0001225208-25-000675,2025-01-15,A,433.0,207.775,16826.0,D,,,,,,
823768,2025-01-16,WM,MAZZARELLA KATHLEEN M,,0001225208-25-000676,2025-01-15,A,674.0,207.775,15899.0,I,,,,,,
823768,2025-01-16,WM,PLUMMER WILLIAM B,,0001225208-25-000678,2025-01-15,A,433.0,207.775,2474.0,I,,,,,,
823768,2025-01-16,WM,Sylvester Maryrose,,0001225208-25-000679,2025-01-15,A,433.0,207.775,4308.0,D,,,,,,
823768,2025-01-16,WM,Chinn Bruce E.,,0001225208-25-000674,2025-01-15,A,433.0,207.775,2172.0,I,,,,,,
823768,2025-01-16,WM,Bene Thomas,,0001225208-25-000673,2025-01-15,A,433.0,207.775,1430.0,I,,,,,,
823768,2025-01-16,WM,HOLT VICTORIA M,,0001225208-25-000680,2025-01-15,A,433.0,207.775,22324.0,I,,,,,,
823768,2025-01-16,WM,MENKE SEAN E,,0001225208-25-000677,2025-01-15,A,433.0,207.775,4618.0,D,,,,,,
823768,2025-02-03,WM,Smith Donald J,,0001225208-25-001040,2025-01-30,F,332.0,218.724,6320.0,D,,,,,,
823768,2025-02-03,WM,Carrasco Rafael,,0001225208-25-001044,2025-01-30,F,4850.0,218.724,23223.742,D,,,,,,
823768,2025-02-03,WM,Rankin Devina A,,0001225208-25-001042,2025-01-30,F,6467.0,218.724,75961.0,D,,,,,,
823768,2025-02-03,WM,Boettcher Charles C,,0001225208-25-001045,2025-01-30,A,14007.0,218.724,51084.1484,D,,,,,,
823768,2025-02-03,WM,Morris John J,,0001225208-25-001043,2025-01-31,S,693.0,220.59,108426.0,D,,,,,,
823768,2025-02-03,WM,Rankin Devina A,,0001225208-25-001042,2025-01-30,A,18125.0,218.724,82428.0,D,,,,,,
823768,2025-02-03,WM,Varkey Johnson,,0001225208-25-001047,2025-01-30,A,3706.0,218.724,10640.5312,D,,,,,,
823768,2025-02-03,WM,Morris John J,,0001225208-25-001043,2025-01-30,F,7764.0,218.724,109119.0,D,,,,,,
823768,2025-02-03,WM,Fish James C Jr,,0001225208-25-001035,2025-01-30,F,27687.0,218.724,255466.0,D,,,,,,
823768,2025-02-03,WM,Smith Donald J,,0001225208-25-001040,2025-01-31,S,191.0,220.22,6129.0,D,,,,,,
823768,2025-02-03,WM,Morris John J,,0001225208-25-001043,2025-01-30,A,21422.0,218.724,116883.0,D,,,,,,
823768,2025-02-03,WM,Watson Michael J.,,0001225208-25-001039,2025-01-31,S,693.0,220.245,49725.0414,D,,,,,,
823768,2025-02-03,WM,Smith Donald J,,0001225208-25-001040,2025-01-30,A,1266.0,218.724,6652.0,D,,,,,,
823768,2025-02-03,WM,Carrasco Rafael,,0001225208-25-001044,2025-01-31,S,693.0,220.4297,22530.742,D,,,,,,
823768,2025-02-03,WM,Stith Kimberly G.,,0001225208-25-001041,2025-01-30,F,327.0,218.724,4787.4609,D,,,,,,
823768,2025-02-03,WM,Carrasco Rafael,,0001225208-25-001044,2025-01-30,A,14007.0,218.724,28073.742,D,,,,,,
823768,2025-02-03,WM,Boettcher Charles C,,0001225208-25-001045,2025-01-31,S,693.0,220.5921,45542.1484,D,,,,,,
823768,2025-02-03,WM,Carroll John A.,,0001225208-25-001046,2025-01-30,F,370.0,218.724,9274.9838,D,,,,,,
823768,2025-02-03,WM,Fish James C Jr,,0001225208-25-001035,2025-01-30,A,72092.0,218.724,283153.0,D,,,,,,
823768,2025-02-03,WM,Rankin Devina A,,0001225208-25-001042,2025-01-31,S,693.0,220.57,75268.0,D,,,,,,
823768,2025-02-03,WM,Watson Michael J.,,0001225208-25-001039,2025-01-30,F,2905.0,218.724,50418.0414,D,,,,,,
823768,2025-02-03,WM,Varkey Johnson,,0001225208-25-001047,2025-01-31,S,560.0,220.1068,9151.5312,D,,,,,,
823768,2025-02-03,WM,DeSantis Christopher P.,,0001225208-25-001037,2025-01-30,F,453.0,218.724,9050.2582,D,,,,,,
823768,2025-02-03,WM,Hemmer Tara J.,,0001225208-25-001038,2025-01-30,F,4850.0,218.724,64033.5789,D,,,,,,
823768,2025-02-03,WM,Hemmer Tara J.,,0001225208-25-001038,2025-01-31,S,693.0,220.4091,63340.5789,D,,,,,,
823768,2025-02-03,WM,Stith Kimberly G.,,0001225208-25-001041,2025-01-31,S,187.0,220.0357,4600.4609,D,,,,,,
823768,2025-02-03,WM,Varkey Johnson,,0001225208-25-001047,2025-01-30,F,929.0,218.724,9711.5312,D,,,,,,
823768,2025-02-03,WM,DeSantis Christopher P.,,0001225208-25-001037,2025-01-30,A,1329.0,218.724,9503.2582,D,,,,,,
823768,2025-02-03,WM,Boettcher Charles C,,0001225208-25-001045,2025-01-30,F,4849.0,218.724,46235.1484,D,,,,,,
823768,2025-02-03,WM,Stith Kimberly G.,,0001225208-25-001041,2025-01-30,A,1235.0,218.724,5114.4609,D,,,,,,
823768,2025-02-03,WM,DeSantis Christopher P.,,0001225208-25-001037,2025-01-31,S,200.0,220.36,8850.2582,D,,,,,,
823768,2025-02-03,WM,Carroll John A.,,0001225208-25-001046,2025-01-31,S,209.0,220.55,9065.9838,D,,,,,,
823768,2025-02-03,WM,Hemmer Tara J.,,0001225208-25-001038,2025-01-30,A,14007.0,218.724,68883.5789,D,,,,,,
823768,2025-02-03,WM,Carroll John A.,,0001225208-25-001046,2025-01-30,A,1390.0,218.724,9644.9838,D,,,,,,
823768,2025-02-03,WM,Watson Michael J.,,0001225208-25-001039,2025-01-30,A,9062.0,218.724,53323.0414,D,,,,,,
823768,2025-02-04,WM,Varkey Johnson,,0001225208-25-001146,2025-02-04,S,318.0,222.93,8833.5312,D,,,,,,
823768,2025-02-04,WM,Hemmer Tara J.,,0001225208-25-001211,2025-02-04,S,4576.0,222.12,58764.5789,D,,,,,,
823768,2025-02-04,WM,Rankin Devina A,,0001225208-25-001210,2025-02-04,S,5826.0,222.12,69442.0,D,,,,,,
823768,2025-02-07,WM,Carrasco Rafael,,0001225208-25-001387,2025-02-07,S,4000.0,225.8905,18530.742,D,,,,,,
823768,2025-02-24,WM,Fish James C Jr,,0001225208-25-002338,2025-02-24,S,44405.0,228.4342,211061.0,D,,,,,,
823768,2025-02-25,WM,Watson Michael J.,,0001225208-25-002388,2025-02-24,F,7995.0,227.1313,47592.0414,D,,,,,,
823768,2025-02-25,WM,Watson Michael J.,,0001225208-25-002388,2025-02-24,M,11594.0,110.81,61319.0414,D,,,,,,
823768,2025-02-25,WM,Watson Michael J.,,0001225208-25-002388,2025-02-24,S,5732.0,227.5119,55587.0414,D,,,,,,
823768,2025-02-27,WM,Carroll John A.,,0001225208-25-002564,2025-02-25,A,727.0,0.0,9792.9838,D,,,,,,
823768,2025-03-04,WM,Fish James C Jr,,0001225208-25-002789,2025-03-03,M,22063.0,145.67,233124.0,D,,,,,,
823768,2025-03-04,WM,Fish James C Jr,,0001225208-25-002789,2025-03-03,F,17184.0,229.25,215940.0,D,,,,,,
823768,2025-03-04,WM,Varkey Johnson,,0001225208-25-002769,2025-03-01,F,219.0,231.37,8614.5312,D,,,,,,
823768,2025-03-04,WM,Varkey Johnson,,0001225208-25-002769,2025-03-03,S,124.0,234.955,8490.5312,D,,,,,,
823768,2025-03-04,WM,Smith Donald J,,0001225208-25-002768,2025-03-01,F,62.0,231.37,6067.0,D,,,,,,
823768,2025-03-04,WM,Smith Donald J,,0001225208-25-002768,2025-03-03,S,43.0,234.8063,6024.0,D,,,,,,
823768,2025-03-04,WM,Rankin Devina A,,0001225208-25-002760,2025-03-01,F,2677.0,231.37,66765.0,D,,,,,,
823768,2025-03-04,WM,Carroll John A.,,0001225208-25-002767,2025-03-01,F,75.0,231.37,9717.9838,D,,,,,,
823768,2025-03-04,WM,Hemmer Tara J.,,0001225208-25-002761,2025-03-01,F,2008.0,231.37,56756.5789,D,,,,,,
823768,2025-03-04,WM,Carrasco Rafael,,0001225208-25-002766,2025-03-01,F,1205.0,231.37,17325.742,D,,,,,,
823768,2025-03-04,WM,Morris John J,,0001225208-25-002765,2025-03-01,F,4016.0,231.37,104410.0,D,,,,,,
823768,2025-03-04,WM,Stith Kimberly G.,,0001225208-25-002764,2025-03-01,F,34.0,231.37,4566.4609,D,,,,,,
823768,2025-03-04,WM,Stith Kimberly G.,,0001225208-25-002764,2025-03-03,S,62.0,234.7705,4444.4609,D,,,,,,
823768,2025-03-04,WM,DeSantis Christopher P.,,0001225208-25-002763,2025-03-03,S,45.0,234.83,8714.2582,D,,,,,,
823768,2025-03-04,WM,Watson Michael J.,,0001225208-25-002762,2025-03-01,F,2008.0,231.37,45584.0414,D,,,,,,
823768,2025-03-04,WM,Carroll John A.,,0001225208-25-002767,2025-03-03,S,47.0,234.76,9670.9838,D,,,,,,
823768,2025-03-04,WM,DeSantis Christopher P.,,0001225208-25-002763,2025-03-01,F,91.0,231.37,8759.2582,D,,,,,,
823768,2025-03-05,WM,Rankin Devina A,,0001225208-25-003047,2025-03-05,S,4126.0,228.11,62639.0,D,,,,,,
823768,2025-03-05,WM,Watson Michael J.,,0001225208-25-003045,2025-03-05,S,1547.0,228.11,44037.0414,D,,,,,,
823768,2025-03-05,WM,Hemmer Tara J.,,0001225208-25-003046,2025-03-05,S,3094.0,228.11,53662.5789,D,,,,,,
823768,2025-03-07,WM,Carrasco Rafael,,0001225208-25-003141,2025-03-06,S,928.0,229.03,16397.742,D,,,,,,
823768,2025-03-10,WM,Fish James C Jr,,0001225208-25-003178,2025-03-07,M,19805.0,150.115,235745.0,D,,,,,,
823768,2025-03-10,WM,Fish James C Jr,,0001225208-25-003178,2025-03-07,F,15658.0,229.25,220087.0,D,,,,,,
823768,2025-03-10,WM,Morris John J,,0001225208-25-003177,2025-03-07,S,19153.0,224.7113,85257.0,D,,,,,,
823768,2025-03-10,WM,Carroll John A.,,0001225208-25-003176,2025-03-07,S,1251.0,225.92,8419.9838,D,,,,,,
823768,2025-05-05,WM,Morris John J,,0001225208-25-004646,2025-05-02,M,19667.0,145.67,104924.0,D,,,,,,
823768,2025-05-05,WM,Morris John J,,0001225208-25-004646,2025-05-02,S,23795.0,233.3204,92098.0,D,,,,,,
823768,2025-05-21,WM,Hemmer Tara J.,,0001225208-25-005334,2025-05-20,F,9915.0,234.0,97176.5789,D,,,,,,
823768,2025-05-21,WM,Hemmer Tara J.,,0001225208-25-005334,2025-05-20,M,20860.0,126.005,74522.5789,D,,,,,,
823768,2025-05-21,WM,Morris John J,,0001225208-25-005332,2025-05-20,A,4585.0,0.0,96683.0,D,,,,,,
823768,2025-05-28,WM,Rankin Devina A,,0001225208-25-005492,2025-05-27,S,57888.0,237.3623,83934.0,D,,,,,,
823768,2025-05-28,WM,Rankin Devina A,,0001225208-25-005492,2025-05-27,M,25284.0,126.005,87923.0,D,,,,,,
823768,2025-05-28,WM,Carrasco Rafael,,0001225208-25-005490,2025-05-27,S,265.0,236.81,16950.742,D,,,,,,
823768,2025-05-28,WM,Carrasco Rafael,,0001225208-25-005490,2025-05-27,M,409.0,98.898,17215.742,D,,,,,,
823768,2025-06-02,WM,Carrasco Rafael,,0001225208-25-005593,2025-05-30,M,1160.0,110.81,17701.742,D,,,,,,
823768,2025-06-02,WM,Boettcher Charles C,,0001225208-25-005630,2025-05-30,M,15072.0,110.81,60614.1484,D,,,,,,
823768,2025-06-02,WM,Boettcher Charles C,,0001225208-25-005630,2025-05-30,F,5066.0,241.0,55548.1484,D,,,,,,
823768,2025-06-02,WM,Carrasco Rafael,,0001225208-25-005593,2025-05-30,S,782.0,240.0,18078.742,D,,,,,,
823768,2025-07-16,WM,MENKE SEAN E,,0001225208-25-006679,2025-07-15,A,696.0,227.445,5314.0,D,,,,,,
823768,2025-07-16,WM,MAZZARELLA KATHLEEN M,,0001225208-25-006684,2025-07-15,A,1063.0,227.445,16962.0,I,,,,,,
823768,2025-07-16,WM,Sylvester Maryrose,,0001225208-25-006681,2025-07-15,A,696.0,227.445,5004.0,D,,,,,,
823768,2025-07-16,WM,PLUMMER WILLIAM B,,0001225208-25-006680,2025-07-15,A,696.0,227.445,3170.0,I,,,,,,
823768,2025-07-16,WM,Chinn Bruce E.,,0001225208-25-006674,2025-07-15,A,696.0,227.445,2868.0,I,,,,,,
823768,2025-07-16,WM,HOLT VICTORIA M,,0001225208-25-006676,2025-07-15,A,696.0,227.445,23020.0,I,,,,,,
823768,2025-07-16,WM,Bene Thomas,,0001225208-25-006675,2025-07-15,A,696.0,227.445,2126.0,I,,,,,,
823768,2025-07-16,WM,Gluski Andres,,0001225208-25-006678,2025-07-15,A,696.0,227.445,17522.0,D,,,,,,
823768,2025-09-04,WM,Stith Kimberly G.,,0001225208-25-007758,2025-09-03,F,255.0,224.6025,4189.4609,D,,,,,,
823768,2025-09-04,WM,Stith Kimberly G.,,0001225208-25-007758,2025-09-04,S,100.0,225.195,4089.4609,D,,,,,,
823768,2025-09-04,WM,Hemmer Tara J.,,0001225208-25-007752,2025-09-02,A,9130.0,0.0,77815.5789,D,,,,,,
823768,2025-11-04,WM,Reed David L.,,0001225208-25-008903,2025-11-03,A,2628.0,0.0,7839.6057,D,,,,,,
823768,2025-11-04,WM,MENKE SEAN E,,0001225208-25-008904,2025-11-03,P,2000.0,196.4201,7314.0,I,,,,,,
823768,2025-11-21,WM,Carrasco Rafael,,0001225208-25-009320,2025-11-20,S,1380.0,217.06,15539.742,D,,,,,,
823768,2025-11-26,WM,Hemmer Tara J.,,0001225208-25-009472,2025-11-25,G,693.0,0.0,77122.5789,D,,,,,,
823768,2026-02-02,WM,Carroll John A.,,0001225208-26-001104,2026-01-29,F,371.0,226.41,9550.3039,D,,,,,,
823768,2026-02-02,WM,Smith Donald J,,0001225208-26-001111,2026-01-29,A,12208.0,226.41,18232.0,D,,,,,,
823768,2026-02-02,WM,DeSantis Christopher P.,,0001225208-26-001114,2026-01-30,S,215.0,218.8501,9560.87,D,,,,,,
823768,2026-02-02,WM,DeSantis Christopher P.,,0001225208-26-001114,2026-01-29,A,1373.0,226.41,10205.87,D,,,,,,
823768,2026-02-02,WM,Boettcher Charles C,,0001225208-26-001106,2026-01-29,F,4107.0,226.41,56848.4029,D,,,,,,
823768,2026-02-02,WM,Boettcher Charles C,,0001225208-26-001106,2026-01-30,S,689.0,219.32,56159.4029,D,,,,,,
823768,2026-02-02,WM,Fish James C Jr,,0001225208-26-001109,2026-01-29,A,59516.0,226.41,279603.0,D,,,,,,
823768,2026-02-02,WM,Watson Michael J.,,0001225208-26-001112,2026-01-29,F,3372.0,226.41,49442.2959,D,,,,,,
823768,2026-02-02,WM,Fish James C Jr,,0001225208-26-001109,2026-01-29,F,22763.0,226.41,256840.0,D,,,,,,
823768,2026-02-02,WM,Hemmer Tara J.,,0001225208-26-001113,2026-01-29,A,10988.0,226.41,88110.5789,D,,,,,,
823768,2026-02-02,WM,Watson Michael J.,,0001225208-26-001112,2026-01-30,S,687.0,219.79,48755.2959,D,,,,,,
823768,2026-02-02,WM,Reed David L.,,0001225208-26-001105,2026-01-29,A,1717.0,226.41,9556.6057,D,,,,,,
823768,2026-02-02,WM,Morris John J,,0001225208-26-001108,2026-01-30,S,690.0,219.485,106635.0,D,,,,,,
823768,2026-02-02,WM,Reed David L.,,0001225208-26-001105,2026-01-30,S,270.0,218.6233,8842.6057,D,,,,,,
823768,2026-02-02,WM,DeSantis Christopher P.,,0001225208-26-001114,2026-01-29,F,430.0,226.41,9775.87,D,,,,,,
823768,2026-02-02,WM,Morris John J,,0001225208-26-001108,2026-01-29,A,16481.0,226.41,113164.0,D,,,,,,
823768,2026-02-02,WM,Carroll John A.,,0001225208-26-001104,2026-01-30,S,220.0,219.571,9330.3039,D,,,,,,
823768,2026-02-02,WM,Stith Kimberly G.,,0001225208-26-001110,2026-01-29,F,272.0,226.41,4932.7154,D,,,,,,
823768,2026-02-02,WM,Morris John J,,0001225208-26-001108,2026-01-29,F,5839.0,226.41,107325.0,D,,,,,,
823768,2026-02-02,WM,Reed David L.,,0001225208-26-001105,2026-01-29,F,444.0,226.41,9112.6057,D,,,,,,
823768,2026-02-02,WM,Carrasco Rafael,,0001225208-26-001107,2026-01-30,S,690.0,219.0054,22891.742,D,,,,,,
823768,2026-02-02,WM,Varkey Johnson,,0001225208-26-001103,2026-01-29,A,2746.0,226.41,11345.7856,D,,,,,,
823768,2026-02-02,WM,Hemmer Tara J.,,0001225208-26-001113,2026-01-30,S,690.0,219.705,83735.5789,D,,,,,,
823768,2026-02-02,WM,Watson Michael J.,,0001225208-26-001112,2026-01-29,A,8668.0,226.41,52814.2959,D,,,,,,
823768,2026-02-02,WM,Stith Kimberly G.,,0001225208-26-001110,2026-01-29,A,1006.0,226.41,5204.7154,D,,,,,,
823768,2026-02-02,WM,Varkey Johnson,,0001225208-26-001103,2026-01-29,F,694.0,226.41,10651.7856,D,,,,,,
823768,2026-02-02,WM,Carrasco Rafael,,0001225208-26-001107,2026-01-29,A,12208.0,226.41,27747.742,D,,,,,,
823768,2026-02-02,WM,Carroll John A.,,0001225208-26-001104,2026-01-29,A,1053.0,226.41,9582.3039,D,,,,,,
823768,2026-02-02,WM,Stith Kimberly G.,,0001225208-26-001110,2026-01-30,S,157.0,219.652,4775.7154,D,,,,,,
823768,2026-02-02,WM,Boettcher Charles C,,0001225208-26-001106,2026-01-29,A,10378.0,226.41,60955.4029,D,,,,,,
823768,2026-02-02,WM,Varkey Johnson,,0001225208-26-001103,2026-01-30,S,428.0,219.635,10223.7856,D,,,,,,
823768,2026-02-02,WM,Hemmer Tara J.,,0001225208-26-001113,2026-01-29,F,3685.0,226.41,84425.5789,D,,,,,,
823768,2026-02-02,WM,Smith Donald J,,0001225208-26-001111,2026-01-30,S,690.0,219.585,13376.0,D,,,,,,
823768,2026-02-02,WM,Carrasco Rafael,,0001225208-26-001107,2026-01-29,F,4166.0,226.41,23581.742,D,,,,,,
823768,2026-02-02,WM,Smith Donald J,,0001225208-26-001111,2026-01-29,F,4166.0,226.41,14066.0,D,,,,,,
823768,2026-02-10,WM,Fish James C Jr,,0001225208-26-001556,2026-02-09,S,30390.0,230.363,225793.0,D,,,,,,
823768,2026-02-10,WM,Fish James C Jr,,0001225208-26-001556,2026-02-10,S,5706.0,230.865,220087.0,D,,,,,,
823768,2026-02-10,WM,Fish James C Jr,,0001225208-26-001556,2026-02-06,S,657.0,230.0,256183.0,D,,,,,,
823768,2026-02-12,WM,Carroll John A.,,0001225208-26-001719,2026-02-11,S,1021.0,234.7052,8309.3039,D,,,,,,
823768,2026-02-17,WM,Smith Donald J,,0001225208-26-001943,2026-02-17,M,2465.0,126.005,15841.0,D,,,,,,
823768,2026-02-17,WM,Smith Donald J,,0001225208-26-001943,2026-02-17,S,4842.0,233.48,13376.0,D,,,,,,
823768,2026-02-17,WM,Carrasco Rafael,,0001225208-26-001917,2026-02-13,S,7352.0,234.5011,15539.742,D,,,,,,
823768,2026-02-27,WM,Carroll John A.,,0001225208-26-002727,2026-02-26,S,37.0,229.475,8212.3039,D,,,,,,
823768,2026-02-27,WM,Carroll John A.,,0001225208-26-002727,2026-02-25,F,60.0,228.48,8249.3039,D,,,,,,
823768,2026-02-27,WM,Reed David L.,,0001225208-26-002728,2026-02-26,S,37.0,229.6728,8745.6057,D,,,,,,
823768,2026-02-27,WM,Reed David L.,,0001225208-26-002728,2026-02-25,F,60.0,228.48,8782.6057,D,,,,,,
823768,2026-03-03,WM,Reed David L.,,0001225208-26-002948,2026-03-01,F,31.0,238.21,8714.6057,D,,,,,,
823768,2026-03-03,WM,Reed David L.,,0001225208-26-002948,2026-03-02,S,21.0,242.65,8693.6057,D,,,,,,
823768,2026-03-03,WM,Stith Kimberly G.,,0001225208-26-002939,2026-03-01,F,31.0,238.21,4744.7154,D,,,,,,
823768,2026-03-03,WM,Watson Michael J.,,0001225208-26-002933,2026-03-02,M,12642.0,126.005,61397.2959,D,,,,,,
823768,2026-03-03,WM,Watson Michael J.,,0001225208-26-002933,2026-03-02,S,4609.0,241.83,56788.2959,D,,,,,,
823768,2026-03-03,WM,Hemmer Tara J.,,0001225208-26-002931,2026-03-02,S,4818.0,241.83,78917.5789,D,,,,,,
823768,2026-03-03,WM,Stith Kimberly G.,,0001225208-26-002939,2026-03-02,S,21.0,243.1284,4723.7154,D,,,,,,
823768,2026-03-04,WM,Varkey Johnson,,0001225208-26-003103,2026-03-03,S,617.0,244.13,9606.7856,D,,,,,,
823768,2026-03-05,WM,Carroll John A.,,0001225208-26-003246,2026-03-03,A,892.0,0.0,9104.3039,D,,,,,,
823768,2026-03-09,WM,Morris John J,,0001225208-26-003398,2026-03-06,S,7979.0,245.07,98656.0,D,,,,,,
823768,2026-03-10,WM,Morris John J,,0001225208-26-003457,2026-03-09,S,4211.0,243.3775,99929.0,D,,,,,,
823768,2026-03-10,WM,Varkey Johnson,,0001225208-26-003456,2026-03-07,F,193.0,246.31,9413.7856,D,,,,,,
823768,2026-03-10,WM,Reed David L.,,0001225208-26-003472,2026-03-09,S,75.0,245.26,8494.6057,D,,,,,,
823768,2026-03-10,WM,Reed David L.,,0001225208-26-003472,2026-03-07,F,121.0,246.31,8569.6057,D,,,,,,
823768,2026-03-10,WM,Morris John J,,0001225208-26-003457,2026-03-09,M,5484.0,150.115,104140.0,D,,,,,,
823768,2026-03-10,WM,Carroll John A.,,0001225208-26-003455,2026-03-07,F,74.0,246.31,9030.3039,D,,,,,,
823768,2026-03-10,WM,DeSantis Christopher P.,,0001225208-26-003454,2026-03-09,S,61.0,245.5,9392.87,D,,,,,,
823768,2026-03-10,WM,Varkey Johnson,,0001225208-26-003456,2026-03-09,S,121.0,245.2679,9292.7856,D,,,,,,
823768,2026-03-10,WM,DeSantis Christopher P.,,0001225208-26-003454,2026-03-07,F,107.0,246.31,9453.87,D,,,,,,
823768,2026-03-10,WM,Carroll John A.,,0001225208-26-003455,2026-03-09,S,47.0,245.3001,8983.3039,D,,,,,,
823768,2026-04-07,WM,Varkey Johnson,,0001225208-26-004426,2026-04-04,F,192.0,233.935,9100.7856,D,,,,,,
823768,2026-05-18,WM,Gluski Andres,,0001225208-26-005438,2026-05-15,A,861.0,220.71,18383.0,D,non_derivative,Common Stock,,,,
823768,2026-05-18,WM,Gluski Andres,,0001225208-26-005438,2026-05-15,A,861.0,220.71,18383.0,D,,,,,,
823768,2026-05-18,WM,PLUMMER WILLIAM B,,0001225208-26-005444,2026-05-15,A,861.0,220.71,4031.0,I,,,,,,
823768,2026-05-18,WM,Chinn Bruce E.,,0001225208-26-005437,2026-05-15,A,861.0,220.71,3729.0,I,,,,,,
823768,2026-05-18,WM,MENKE SEAN E,,0001225208-26-005443,2026-05-15,A,861.0,220.71,861.0,I,,,,,,
823768,2026-05-18,WM,MAZZARELLA KATHLEEN M,,0001225208-26-005440,2026-05-15,A,1314.0,220.71,18276.0,I,,,,,,
823768,2026-05-18,WM,HOLT VICTORIA M,,0001225208-26-005439,2026-05-15,A,861.0,220.71,23881.0,I,,,,,,
823768,2026-05-18,WM,Sylvester Maryrose,,0001225208-26-005442,2026-05-15,A,861.0,220.71,5865.0,D,,,,,,
823768,2026-05-18,WM,MAZZARELLA KATHLEEN M,,0001225208-26-005440,2026-05-15,A,1314.0,220.71,18276.0,I,non_derivative,Common Stock,,,,
823768,2026-05-18,WM,Chinn Bruce E.,,0001225208-26-005437,2026-05-15,A,861.0,220.71,3729.0,I,non_derivative,Common Stock,,,,
823768,2026-05-18,WM,Bene Thomas,,0001225208-26-005436,2026-05-15,A,861.0,220.71,2987.0,I,,,,,,
823768,2026-05-18,WM,Bene Thomas,,0001225208-26-005436,2026-05-15,A,861.0,220.71,2987.0,I,non_derivative,Common Stock,,,,
823768,2026-05-18,WM,Sylvester Maryrose,,0001225208-26-005442,2026-05-15,A,861.0,220.71,5865.0,D,non_derivative,Common Stock,,,,
823768,2026-05-18,WM,HOLT VICTORIA M,,0001225208-26-005439,2026-05-15,A,861.0,220.71,23881.0,I,non_derivative,Common Stock,,,,
823768,2026-05-18,WM,PLUMMER WILLIAM B,,0001225208-26-005444,2026-05-15,A,861.0,220.71,4031.0,I,non_derivative,Common Stock,,,,
823768,2026-05-18,WM,MENKE SEAN E,,0001225208-26-005443,2026-05-15,A,861.0,220.71,861.0,I,non_derivative,Common Stock,,,,
823768,2026-05-21,WM,Morris John J,,0001225208-26-005523,2026-05-20,F,566.0,220.49,99363.0,D,non_derivative,Common Stock,,,,
823768,2026-05-21,WM,Dalby Marcel,,0001225208-26-005525,2026-05-20,A,2257.0,0.0,5866.7289,D,non_derivative,Common Stock,,,,
823768,2026-05-21,WM,Hemmer Tara J.,,0001225208-26-005524,2026-05-20,A,2544.0,0.0,81461.5789,D,non_derivative,Common Stock,,,,
823768,2026-05-21,WM,Hemmer Tara J.,,0001225208-26-005524,2026-05-20,A,2544.0,0.0,81461.5789,D,,,,,,
823768,2026-05-21,WM,Dalby Marcel,,0001225208-26-005525,2026-05-20,A,2257.0,0.0,5866.7289,D,,,,,,
823768,2026-05-21,WM,Morris John J,,0001225208-26-005523,2026-05-20,F,566.0,220.49,99363.0,D,,,,,,
823768,2026-06-08,WM,Carrasco Rafael,,0001225208-26-005876,2026-06-05,S,2655.0,220.465,15539.742,D,non_derivative,Common Stock,,,,
823768,2026-06-08,WM,Carrasco Rafael,,0001225208-26-005876,2026-06-05,M,2655.0,126.005,0.0,D,derivative,Stock Option (Right to Buy),Common Stock,2655.0,126.005,2030-02-19
823768,2026-06-08,WM,Carrasco Rafael,,0001225208-26-005876,2026-06-05,M,2655.0,126.005,18194.742,D,non_derivative,Common Stock,,,,
823768,2026-08-10,WM,Reed David L.,,0001225208-26-007051,2026-08-07,G,5357.168,0.0,3136.832,D,non_derivative,Common Stock,,,,
